track_key	file_accession	experiment	model_accession	model	track_type	format	assay	target	biosample	tissue	organ	system	strand	score_type	qc_flag
ENCFF426QKH	ENCFF426QKH	ENCSR932KWJ	ENCSR030TAD	ChromBPNet	observed signal profile	bigWig	DNase-seq	none	A172	cell-line	cell-line	cell-line	none	none	passed
ENCFF010MHS	ENCFF010MHS	ENCSR032RGS	ENCSR394KFZ	ChromBPNet	observed signal profile	bigWig	ATAC-seq	none	A549	cell-line	cell-line	cell-line	none	none	passed
ENCFF216UUB	ENCFF216UUB	ENCSR220ASC	ENCSR311VBG	ChromBPNet	observed signal profile	bigWig	ATAC-seq	none	A549	cell-line	cell-line	cell-line	none	none	passed
ENCFF893PPI	ENCFF893PPI	ENCSR000ELW	ENCSR422EZD	ChromBPNet	observed signal profile	bigWig	DNase-seq	none	A549	cell-line	cell-line	cell-line	none	none	passed
ENCFF534LOC	ENCFF534LOC	ENCSR346JWH	ENCSR457MEO	ChromBPNet	observed signal profile	bigWig	DNase-seq	none	A673	cell-line	cell-line	cell-line	none	none	passed
ENCFF801EJJ	ENCFF801EJJ	ENCSR257BGZ	ENCSR490SYH	ChromBPNet	observed signal profile	bigWig	DNase-seq	none	ACHN	cell-line	cell-line	cell-line	none	none	passed
ENCFF603TIQ	ENCFF603TIQ	ENCSR000ELX	ENCSR550YQU	ChromBPNet	observed signal profile	bigWig	DNase-seq	none	AG04449	cell-line	cell-line	cell-line	none	none	passed
ENCFF611DNA	ENCFF611DNA	ENCSR000ELY	ENCSR979PXO	ChromBPNet	observed signal profile	bigWig	DNase-seq	none	AG04450	cell-line	cell-line	cell-line	none	none	passed
ENCFF458ODC	ENCFF458ODC	ENCSR000EMA	ENCSR532BKE	ChromBPNet	observed signal profile	bigWig	DNase-seq	none	AG09319	cell-line	cell-line	cell-line	none	none	passed
ENCFF632XTS	ENCFF632XTS	ENCSR000EMB	ENCSR552FQJ	ChromBPNet	observed signal profile	bigWig	DNase-seq	none	AG10803	cell-line	cell-line	cell-line	none	none	passed
ENCFF967ZTG	ENCFF967ZTG	ENCSR584LUZ	ENCSR463EBH	ChromBPNet	observed signal profile	bigWig	DNase-seq	none	Ammon's-horn	ammon	brain	central-nervous-system	none	none	passed
ENCFF969NAE	ENCFF969NAE	ENCSR603LVR	ENCSR843FCA	ChromBPNet	observed signal profile	bigWig	ATAC-seq	none	B-cell	b-cell	immune	immune-system	none	none	passed
ENCFF009JGF	ENCFF009JGF	ENCSR247IUJ	ENCSR757NHR	ChromBPNet	observed signal profile	bigWig	DNase-seq	none	B-cell	b-cell	immune	immune-system	none	none	passed
ENCFF133WVD	ENCFF133WVD	ENCSR381PXW	ENCSR797RDX	ChromBPNet	observed signal profile	bigWig	DNase-seq	none	B-cell	b-cell	immune	immune-system	none	none	passed
ENCFF551UTK	ENCFF551UTK	ENCSR000EMJ	ENCSR442QCU	ChromBPNet	observed signal profile	bigWig	DNase-seq	none	B-cell	b-cell	immune	immune-system	none	none	passed
ENCFF580LPC	ENCFF580LPC	ENCSR891VOV	ENCSR994ABS	ChromBPNet	observed signal profile	bigWig	DNase-seq	none	B-cell	b-cell	immune	immune-system	none	none	passed
ENCFF802PTA	ENCFF802PTA	ENCSR468AKF	ENCSR264VFS	ChromBPNet	observed signal profile	bigWig	DNase-seq	none	B-cell	b-cell	immune	immune-system	none	none	passed
ENCFF238CVV	ENCFF238CVV	ENCSR009KWQ	ENCSR620CIC	ChromBPNet	observed signal profile	bigWig	DNase-seq	none	BE2C	cell-line	cell-line	cell-line	none	none	passed
ENCFF511RBT	ENCFF511RBT	ENCSR000EMD	ENCSR723PKD	ChromBPNet	observed signal profile	bigWig	DNase-seq	none	BE2C	cell-line	cell-line	cell-line	none	none	passed
ENCFF824CAS	ENCFF824CAS	ENCSR000EME	ENCSR035HVD	ChromBPNet	observed signal profile	bigWig	DNase-seq	none	BJ	cell-line	cell-line	cell-line	none	none	passed
ENCFF034BGQ	ENCFF034BGQ	ENCSR000EPK	ENCSR216WTI	ChromBPNet	observed signal profile	bigWig	DNase-seq	none	CD14-positive-monocyte	cd	immune	immune-system	none	none	passed
ENCFF377KFT	ENCFF377KFT	ENCSR695AUY	ENCSR576XND	ChromBPNet	observed signal profile	bigWig	DNase-seq	none	CD14-positive-monocyte	cd	immune	immune-system	none	none	passed
ENCFF888OUA	ENCFF888OUA	ENCSR452DCM	ENCSR209OIH	ChromBPNet	observed signal profile	bigWig	DNase-seq	none	CD14-positive-monocyte	cd	immune	immune-system	none	none	passed
ENCFF996HIK	ENCFF996HIK	ENCSR674JIL	ENCSR279GNT	ChromBPNet	observed signal profile	bigWig	DNase-seq	none	CD14-positive-monocyte	cd	immune	immune-system	none	none	passed
ENCFF375MRC	ENCFF375MRC	ENCSR373BIX	ENCSR258MDW	ChromBPNet	observed signal profile	bigWig	DNase-seq	none	CD1c-positive-myeloid-dendritic-cell	dendritic	immune	immune-system	none	none	passed
ENCFF461LOV	ENCFF461LOV	ENCSR504OUW	ENCSR655LFC	ChromBPNet	observed signal profile	bigWig	ATAC-seq	none	CD4-positive,-CD25-positive,-alpha-beta-regulatory-T-cell	t-cell	immune	immune-system	none	none	passed
ENCFF949IFW	ENCFF949IFW	ENCSR159GFS	ENCSR490DKY	ChromBPNet	observed signal profile	bigWig	ATAC-seq	none	CD4-positive,-CD25-positive,-alpha-beta-regulatory-T-cell	t-cell	immune	immune-system	none	none	passed
ENCFF084VMN	ENCFF084VMN	ENCSR000EQJ	ENCSR332VOK	ChromBPNet	observed signal profile	bigWig	DNase-seq	none	CD4-positive,-CD25-positive,-alpha-beta-regulatory-T-cell	t-cell	immune	immune-system	none	none	passed
ENCFF427BWA	ENCFF427BWA	ENCSR000EQK	ENCSR409YWQ	ChromBPNet	observed signal profile	bigWig	DNase-seq	none	CD4-positive,-CD25-positive,-alpha-beta-regulatory-T-cell	t-cell	immune	immune-system	none	none	passed
ENCFF432ENY	ENCFF432ENY	ENCSR042WQA	ENCSR089ESP	ChromBPNet	observed signal profile	bigWig	DNase-seq	none	CD4-positive,-CD25-positive,-alpha-beta-regulatory-T-cell	t-cell	immune	immune-system	none	none	passed
ENCFF845FEJ	ENCFF845FEJ	ENCSR398CXD	ENCSR350GNA	ChromBPNet	observed signal profile	bigWig	DNase-seq	none	CD4-positive,-CD25-positive,-alpha-beta-regulatory-T-cell	t-cell	immune	immune-system	none	none	passed
ENCFF785NOV	ENCFF785NOV	ENCSR841LHT	ENCSR830MQP	ChromBPNet	observed signal profile	bigWig	ATAC-seq	none	CD4-positive,-alpha-beta-T-cell	t-cell	immune	immune-system	none	none	passed
ENCFF072XYF	ENCFF072XYF	ENCSR572FSS	ENCSR229BTC	ChromBPNet	observed signal profile	bigWig	DNase-seq	none	CD4-positive,-alpha-beta-T-cell	t-cell	immune	immune-system	none	none	passed
ENCFF080WQH	ENCFF080WQH	ENCSR832IQN	ENCSR604TTC	ChromBPNet	observed signal profile	bigWig	DNase-seq	none	CD4-positive,-alpha-beta-T-cell	t-cell	immune	immune-system	none	none	passed
ENCFF136VNB	ENCFF136VNB	ENCSR408GYQ	ENCSR558IEO	ChromBPNet	observed signal profile	bigWig	DNase-seq	none	CD4-positive,-alpha-beta-T-cell	t-cell	immune	immune-system	none	none	passed
ENCFF145KXX	ENCFF145KXX	ENCSR036ELY	ENCSR361DCS	ChromBPNet	observed signal profile	bigWig	DNase-seq	none	CD4-positive,-alpha-beta-T-cell	t-cell	immune	immune-system	none	none	passed
ENCFF164OUX	ENCFF164OUX	ENCSR314IOV	ENCSR163HRT	ChromBPNet	observed signal profile	bigWig	DNase-seq	none	CD4-positive,-alpha-beta-T-cell	t-cell	immune	immune-system	none	none	passed
ENCFF167KEH	ENCFF167KEH	ENCSR155NBS	ENCSR811XVY	ChromBPNet	observed signal profile	bigWig	DNase-seq	none	CD4-positive,-alpha-beta-T-cell	t-cell	immune	immune-system	none	none	passed
ENCFF251SBZ	ENCFF251SBZ	ENCSR388NOI	ENCSR272DSY	ChromBPNet	observed signal profile	bigWig	DNase-seq	none	CD4-positive,-alpha-beta-T-cell	t-cell	immune	immune-system	none	none	passed
ENCFF262TPI	ENCFF262TPI	ENCSR163QXS	ENCSR845NEQ	ChromBPNet	observed signal profile	bigWig	DNase-seq	none	CD4-positive,-alpha-beta-T-cell	t-cell	immune	immune-system	none	none	passed
ENCFF292VBC	ENCFF292VBC	ENCSR167JFX	ENCSR141XLS	ChromBPNet	observed signal profile	bigWig	DNase-seq	none	CD4-positive,-alpha-beta-T-cell	t-cell	immune	immune-system	none	none	passed
ENCFF302OMC	ENCFF302OMC	ENCSR250GDW	ENCSR623XYP	ChromBPNet	observed signal profile	bigWig	DNase-seq	none	CD4-positive,-alpha-beta-T-cell	t-cell	immune	immune-system	none	none	passed
ENCFF371TGC	ENCFF371TGC	ENCSR376DAE	ENCSR182DEK	ChromBPNet	observed signal profile	bigWig	DNase-seq	none	CD4-positive,-alpha-beta-T-cell	t-cell	immune	immune-system	none	none	passed
ENCFF404TWY	ENCFF404TWY	ENCSR515DVK	ENCSR198OGA	ChromBPNet	observed signal profile	bigWig	DNase-seq	none	CD4-positive,-alpha-beta-T-cell	t-cell	immune	immune-system	none	none	passed
ENCFF415SVF	ENCFF415SVF	ENCSR824YLD	ENCSR216EFF	ChromBPNet	observed signal profile	bigWig	DNase-seq	none	CD4-positive,-alpha-beta-T-cell	t-cell	immune	immune-system	none	none	passed
ENCFF444WXG	ENCFF444WXG	ENCSR324OTS	ENCSR095QWC	ChromBPNet	observed signal profile	bigWig	DNase-seq	none	CD4-positive,-alpha-beta-T-cell	t-cell	immune	immune-system	none	none	passed
ENCFF450ADV	ENCFF450ADV	ENCSR129GCL	ENCSR165LWU	ChromBPNet	observed signal profile	bigWig	DNase-seq	none	CD4-positive,-alpha-beta-T-cell	t-cell	immune	immune-system	none	none	passed
ENCFF452UII	ENCFF452UII	ENCSR769OIG	ENCSR430VKQ	ChromBPNet	observed signal profile	bigWig	DNase-seq	none	CD4-positive,-alpha-beta-T-cell	t-cell	immune	immune-system	none	none	passed
ENCFF498IIN	ENCFF498IIN	ENCSR060ZXQ	ENCSR599AWD	ChromBPNet	observed signal profile	bigWig	DNase-seq	none	CD4-positive,-alpha-beta-T-cell	t-cell	immune	immune-system	none	none	passed
ENCFF514VKY	ENCFF514VKY	ENCSR424MWH	ENCSR701MMD	ChromBPNet	observed signal profile	bigWig	DNase-seq	none	CD4-positive,-alpha-beta-T-cell	t-cell	immune	immune-system	none	none	passed
ENCFF517EIH	ENCFF517EIH	ENCSR134BSY	ENCSR721RIF	ChromBPNet	observed signal profile	bigWig	DNase-seq	none	CD4-positive,-alpha-beta-T-cell	t-cell	immune	immune-system	none	none	passed
ENCFF551BKV	ENCFF551BKV	ENCSR635VQU	ENCSR694JQH	ChromBPNet	observed signal profile	bigWig	DNase-seq	none	CD4-positive,-alpha-beta-T-cell	t-cell	immune	immune-system	none	none	passed
ENCFF565TTO	ENCFF565TTO	ENCSR904GDU	ENCSR681MBL	ChromBPNet	observed signal profile	bigWig	DNase-seq	none	CD4-positive,-alpha-beta-T-cell	t-cell	immune	immune-system	none	none	passed
ENCFF570EXK	ENCFF570EXK	ENCSR930USX	ENCSR295EEC	ChromBPNet	observed signal profile	bigWig	DNase-seq	none	CD4-positive,-alpha-beta-T-cell	t-cell	immune	immune-system	none	none	passed
ENCFF581USZ	ENCFF581USZ	ENCSR111WTE	ENCSR490GMC	ChromBPNet	observed signal profile	bigWig	DNase-seq	none	CD4-positive,-alpha-beta-T-cell	t-cell	immune	immune-system	none	none	passed
ENCFF619XEN	ENCFF619XEN	ENCSR883WDW	ENCSR377EST	ChromBPNet	observed signal profile	bigWig	DNase-seq	none	CD4-positive,-alpha-beta-T-cell	t-cell	immune	immune-system	none	none	passed
ENCFF623NNM	ENCFF623NNM	ENCSR654WXX	ENCSR574UUC	ChromBPNet	observed signal profile	bigWig	DNase-seq	none	CD4-positive,-alpha-beta-T-cell	t-cell	immune	immune-system	none	none	passed
ENCFF686JBP	ENCFF686JBP	ENCSR289GZQ	ENCSR773NUG	ChromBPNet	observed signal profile	bigWig	DNase-seq	none	CD4-positive,-alpha-beta-T-cell	t-cell	immune	immune-system	none	none	passed
ENCFF695GCN	ENCFF695GCN	ENCSR697FME	ENCSR101JBQ	ChromBPNet	observed signal profile	bigWig	DNase-seq	none	CD4-positive,-alpha-beta-T-cell	t-cell	immune	immune-system	none	none	passed
ENCFF707UNS	ENCFF707UNS	ENCSR567IWT	ENCSR206BGH	ChromBPNet	observed signal profile	bigWig	DNase-seq	none	CD4-positive,-alpha-beta-T-cell	t-cell	immune	immune-system	none	none	passed
ENCFF708DMW	ENCFF708DMW	ENCSR240TZG	ENCSR792HAG	ChromBPNet	observed signal profile	bigWig	DNase-seq	none	CD4-positive,-alpha-beta-T-cell	t-cell	immune	immune-system	none	none	passed
ENCFF731HEV	ENCFF731HEV	ENCSR346GIP	ENCSR783NVB	ChromBPNet	observed signal profile	bigWig	DNase-seq	none	CD4-positive,-alpha-beta-T-cell	t-cell	immune	immune-system	none	none	passed
ENCFF735JCR	ENCFF735JCR	ENCSR546FUC	ENCSR684NGU	ChromBPNet	observed signal profile	bigWig	DNase-seq	none	CD4-positive,-alpha-beta-T-cell	t-cell	immune	immune-system	none	none	passed
ENCFF766WAB	ENCFF766WAB	ENCSR206KJN	ENCSR912RWV	ChromBPNet	observed signal profile	bigWig	DNase-seq	none	CD4-positive,-alpha-beta-T-cell	t-cell	immune	immune-system	none	none	passed
ENCFF789HTZ	ENCFF789HTZ	ENCSR642BXP	ENCSR329EAO	ChromBPNet	observed signal profile	bigWig	DNase-seq	none	CD4-positive,-alpha-beta-T-cell	t-cell	immune	immune-system	none	none	passed
ENCFF798IAK	ENCFF798IAK	ENCSR126EVX	ENCSR808PEA	ChromBPNet	observed signal profile	bigWig	DNase-seq	none	CD4-positive,-alpha-beta-T-cell	t-cell	immune	immune-system	none	none	passed
ENCFF803IOD	ENCFF803IOD	ENCSR389BWT	ENCSR506RGL	ChromBPNet	observed signal profile	bigWig	DNase-seq	none	CD4-positive,-alpha-beta-T-cell	t-cell	immune	immune-system	none	none	passed
ENCFF810VRD	ENCFF810VRD	ENCSR152FWD	ENCSR265TNV	ChromBPNet	observed signal profile	bigWig	DNase-seq	none	CD4-positive,-alpha-beta-T-cell	t-cell	immune	immune-system	none	none	passed
ENCFF875NUE	ENCFF875NUE	ENCSR336QAO	ENCSR398VFI	ChromBPNet	observed signal profile	bigWig	DNase-seq	none	CD4-positive,-alpha-beta-T-cell	t-cell	immune	immune-system	none	none	passed
ENCFF883EDR	ENCFF883EDR	ENCSR363LUK	ENCSR563YZV	ChromBPNet	observed signal profile	bigWig	DNase-seq	none	CD4-positive,-alpha-beta-T-cell	t-cell	immune	immune-system	none	none	passed
ENCFF917XZD	ENCFF917XZD	ENCSR683QJJ	ENCSR608KBM	ChromBPNet	observed signal profile	bigWig	DNase-seq	none	CD4-positive,-alpha-beta-T-cell	t-cell	immune	immune-system	none	none	passed
ENCFF925QPW	ENCFF925QPW	ENCSR366KPR	ENCSR886YTD	ChromBPNet	observed signal profile	bigWig	DNase-seq	none	CD4-positive,-alpha-beta-T-cell	t-cell	immune	immune-system	none	none	passed
ENCFF940HUE	ENCFF940HUE	ENCSR452RAX	ENCSR473ZKP	ChromBPNet	observed signal profile	bigWig	DNase-seq	none	CD4-positive,-alpha-beta-T-cell	t-cell	immune	immune-system	none	none	passed
ENCFF959DGY	ENCFF959DGY	ENCSR498FCF	ENCSR960ASG	ChromBPNet	observed signal profile	bigWig	DNase-seq	none	CD4-positive,-alpha-beta-T-cell	t-cell	immune	immune-system	none	none	passed
ENCFF814BWS	ENCFF814BWS	ENCSR239XNU	ENCSR475ZXC	ChromBPNet	observed signal profile	bigWig	DNase-seq	none	CD4-positive,-alpha-beta-memory-T-cell	t-cell	immune	immune-system	none	none	passed
ENCFF454KHK	ENCFF454KHK	ENCSR476VJY	ENCSR339PPY	ChromBPNet	observed signal profile	bigWig	ATAC-seq	none	CD8-positive,-alpha-beta-T-cell	t-cell	immune	immune-system	none	none	passed
ENCFF022FSR	ENCFF022FSR	ENCSR086FTP	ENCSR637TRV	ChromBPNet	observed signal profile	bigWig	DNase-seq	none	CD8-positive,-alpha-beta-T-cell	t-cell	immune	immune-system	none	none	passed
ENCFF070SNM	ENCFF070SNM	ENCSR020LUD	ENCSR842ZPS	ChromBPNet	observed signal profile	bigWig	DNase-seq	none	CD8-positive,-alpha-beta-T-cell	t-cell	immune	immune-system	none	none	passed
ENCFF090PAR	ENCFF090PAR	ENCSR129HDK	ENCSR734ERU	ChromBPNet	observed signal profile	bigWig	DNase-seq	none	CD8-positive,-alpha-beta-T-cell	t-cell	immune	immune-system	none	none	passed
ENCFF122PTB	ENCFF122PTB	ENCSR984HIY	ENCSR412RAW	ChromBPNet	observed signal profile	bigWig	DNase-seq	none	CD8-positive,-alpha-beta-T-cell	t-cell	immune	immune-system	none	none	passed
ENCFF248IYQ	ENCFF248IYQ	ENCSR744UQK	ENCSR620MLQ	ChromBPNet	observed signal profile	bigWig	DNase-seq	none	CD8-positive,-alpha-beta-T-cell	t-cell	immune	immune-system	none	none	passed
ENCFF293UAN	ENCFF293UAN	ENCSR609DDQ	ENCSR330BZY	ChromBPNet	observed signal profile	bigWig	DNase-seq	none	CD8-positive,-alpha-beta-T-cell	t-cell	immune	immune-system	none	none	passed
ENCFF356DHB	ENCFF356DHB	ENCSR316UDN	ENCSR004IEV	ChromBPNet	observed signal profile	bigWig	DNase-seq	none	CD8-positive,-alpha-beta-T-cell	t-cell	immune	immune-system	none	none	passed
ENCFF430ZZU	ENCFF430ZZU	ENCSR649XRC	ENCSR953AXC	ChromBPNet	observed signal profile	bigWig	DNase-seq	none	CD8-positive,-alpha-beta-T-cell	t-cell	immune	immune-system	none	none	passed
ENCFF468QTG	ENCFF468QTG	ENCSR235OZX	ENCSR809MEH	ChromBPNet	observed signal profile	bigWig	DNase-seq	none	CD8-positive,-alpha-beta-T-cell	t-cell	immune	immune-system	none	none	passed
ENCFF507XGA	ENCFF507XGA	ENCSR097AMI	ENCSR503WCY	ChromBPNet	observed signal profile	bigWig	DNase-seq	none	CD8-positive,-alpha-beta-T-cell	t-cell	immune	immune-system	none	none	passed
ENCFF577RRR	ENCFF577RRR	ENCSR162JNV	ENCSR284ELP	ChromBPNet	observed signal profile	bigWig	DNase-seq	none	CD8-positive,-alpha-beta-T-cell	t-cell	immune	immune-system	none	none	passed
ENCFF687KTS	ENCFF687KTS	ENCSR254BCA	ENCSR538ZAV	ChromBPNet	observed signal profile	bigWig	DNase-seq	none	CD8-positive,-alpha-beta-T-cell	t-cell	immune	immune-system	none	none	passed
ENCFF730RCM	ENCFF730RCM	ENCSR662IRS	ENCSR184UEO	ChromBPNet	observed signal profile	bigWig	DNase-seq	none	CD8-positive,-alpha-beta-T-cell	t-cell	immune	immune-system	none	none	passed
ENCFF781XRJ	ENCFF781XRJ	ENCSR363BTB	ENCSR299DBR	ChromBPNet	observed signal profile	bigWig	DNase-seq	none	CD8-positive,-alpha-beta-T-cell	t-cell	immune	immune-system	none	none	passed
ENCFF791ZSM	ENCFF791ZSM	ENCSR133QZB	ENCSR851ICD	ChromBPNet	observed signal profile	bigWig	DNase-seq	none	CD8-positive,-alpha-beta-T-cell	t-cell	immune	immune-system	none	none	passed
ENCFF811OHY	ENCFF811OHY	ENCSR946BPA	ENCSR139FZM	ChromBPNet	observed signal profile	bigWig	DNase-seq	none	CD8-positive,-alpha-beta-T-cell	t-cell	immune	immune-system	none	none	passed
ENCFF887HAT	ENCFF887HAT	ENCSR840TVG	ENCSR080IFT	ChromBPNet	observed signal profile	bigWig	DNase-seq	none	CD8-positive,-alpha-beta-T-cell	t-cell	immune	immune-system	none	none	passed
ENCFF950YQD	ENCFF950YQD	ENCSR842VTJ	ENCSR114IJD	ChromBPNet	observed signal profile	bigWig	DNase-seq	none	CD8-positive,-alpha-beta-T-cell	t-cell	immune	immune-system	none	none	passed
ENCFF976ROR	ENCFF976ROR	ENCSR321KUC	ENCSR248PZF	ChromBPNet	observed signal profile	bigWig	DNase-seq	none	CD8-positive,-alpha-beta-T-cell	t-cell	immune	immune-system	none	none	passed
ENCFF025LWJ	ENCFF025LWJ	ENCSR625WLB	ENCSR801SWT	ChromBPNet	observed signal profile	bigWig	DNase-seq	none	CD8-positive,-alpha-beta-memory-T-cell	t-cell	immune	immune-system	none	none	passed
ENCFF506CBL	ENCFF506CBL	ENCSR705GCU	ENCSR699GVT	ChromBPNet	observed signal profile	bigWig	DNase-seq	none	CD8-positive,-alpha-beta-memory-T-cell	t-cell	immune	immune-system	none	none	passed
ENCFF879TYP	ENCFF879TYP	ENCSR025BWH	ENCSR543PFF	ChromBPNet	observed signal profile	bigWig	DNase-seq	none	CD8-positive,-alpha-beta-memory-T-cell	t-cell	immune	immune-system	none	none	passed
ENCFF998IXU	ENCFF998IXU	ENCSR000EMN	ENCSR137UTN	ChromBPNet	observed signal profile	bigWig	DNase-seq	none	CMK	cell-line	cell-line	cell-line	none	none	passed
ENCFF555WJF	ENCFF555WJF	ENCSR030HFV	ENCSR931LMD	ChromBPNet	observed signal profile	bigWig	DNase-seq	none	Caco-2	cell-line	cell-line	cell-line	none	none	passed
ENCFF962AWK	ENCFF962AWK	ENCSR000EMI	ENCSR970OZO	ChromBPNet	observed signal profile	bigWig	DNase-seq	none	Caco-2	cell-line	cell-line	cell-line	none	none	passed
ENCFF008OXU	ENCFF008OXU	ENCSR515EWI	ENCSR282JGE	ChromBPNet	observed signal profile	bigWig	DNase-seq	none	Caki2	cell-line	cell-line	cell-line	none	none	passed
ENCFF762QUA	ENCFF762QUA	ENCSR660WSB	ENCSR808PZL	ChromBPNet	observed signal profile	bigWig	ATAC-seq	none	DND-41	cell-line	cell-line	cell-line	none	none	passed
ENCFF492IQG	ENCFF492IQG	ENCSR903SKE	ENCSR986OXA	ChromBPNet	observed signal profile	bigWig	DNase-seq	none	DND-41	cell-line	cell-line	cell-line	none	none	passed
ENCFF454OYZ	ENCFF454OYZ	ENCSR346IHH	ENCSR290FSX	ChromBPNet	observed signal profile	bigWig	DNase-seq	none	Daoy	cell-line	cell-line	cell-line	none	none	passed
ENCFF738SVG	ENCFF738SVG	ENCSR548MMD	ENCSR842TKW	ChromBPNet	observed signal profile	bigWig	DNase-seq	none	EH	cell-line	cell-line	cell-line	none	none	passed
ENCFF215GWY	ENCFF215GWY	ENCSR691MQJ	ENCSR371QKA	ChromBPNet	observed signal profile	bigWig	DNase-seq	none	EL	cell-line	cell-line	cell-line	none	none	passed
ENCFF609AUM	ENCFF609AUM	ENCSR678ILN	ENCSR639NDH	ChromBPNet	observed signal profile	bigWig	DNase-seq	none	ELF-1	cell-line	cell-line	cell-line	none	none	passed
ENCFF348DBZ	ENCFF348DBZ	ENCSR240TPI	ENCSR487CXD	ChromBPNet	observed signal profile	bigWig	DNase-seq	none	ELR	cell-line	cell-line	cell-line	none	none	passed
ENCFF008GZR	ENCFF008GZR	ENCSR269SIA	ENCSR937RAQ	ChromBPNet	observed signal profile	bigWig	DNase-seq	none	G401	cell-line	cell-line	cell-line	none	none	passed
ENCFF779CPV	ENCFF779CPV	ENCSR000EMO	ENCSR349PIJ	ChromBPNet	observed signal profile	bigWig	DNase-seq	none	GM04503	cell-line	cell-line	cell-line	none	none	passed
ENCFF829QAO	ENCFF829QAO	ENCSR000EMP	ENCSR050OKX	ChromBPNet	observed signal profile	bigWig	DNase-seq	none	GM04504	cell-line	cell-line	cell-line	none	none	passed
ENCFF034JXC	ENCFF034JXC	ENCSR000EMQ	ENCSR267GLX	ChromBPNet	observed signal profile	bigWig	DNase-seq	none	GM06990	cell-line	cell-line	cell-line	none	none	passed
ENCFF398FTI	ENCFF398FTI	ENCSR000EMR	ENCSR473GBP	ChromBPNet	observed signal profile	bigWig	DNase-seq	none	GM12864	cell-line	cell-line	cell-line	none	none	passed
ENCFF720HUQ	ENCFF720HUQ	ENCSR000EMS	ENCSR430QYB	ChromBPNet	observed signal profile	bigWig	DNase-seq	none	GM12865	cell-line	cell-line	cell-line	none	none	passed
ENCFF210DYT	ENCFF210DYT	ENCSR095QNB	ENCSR067KBX	ChromBPNet	observed signal profile	bigWig	ATAC-seq	none	GM12878	cell-line	cell-line	cell-line	none	none	passed
ENCFF834FMD	ENCFF834FMD	ENCSR924SDV	ENCSR124DAF	ChromBPNet	observed signal profile	bigWig	ATAC-seq	none	GM18498	cell-line	cell-line	cell-line	none	none	passed
ENCFF326VVI	ENCFF326VVI	ENCSR700HPA	ENCSR248SEV	ChromBPNet	observed signal profile	bigWig	ATAC-seq	none	GM18499	cell-line	cell-line	cell-line	none	none	passed
ENCFF280ENN	ENCFF280ENN	ENCSR241VGH	ENCSR926DJN	ChromBPNet	observed signal profile	bigWig	ATAC-seq	none	GM18502	cell-line	cell-line	cell-line	none	none	passed
ENCFF984GKS	ENCFF984GKS	ENCSR084FHK	ENCSR178PRM	ChromBPNet	observed signal profile	bigWig	ATAC-seq	none	GM18505	cell-line	cell-line	cell-line	none	none	passed
ENCFF397JQK	ENCFF397JQK	ENCSR357WQH	ENCSR121WUP	ChromBPNet	observed signal profile	bigWig	ATAC-seq	none	GM18508	cell-line	cell-line	cell-line	none	none	passed
ENCFF464CHM	ENCFF464CHM	ENCSR253QLW	ENCSR610JIY	ChromBPNet	observed signal profile	bigWig	ATAC-seq	none	GM18511	cell-line	cell-line	cell-line	none	none	passed
ENCFF214LRC	ENCFF214LRC	ENCSR442OAV	ENCSR586WFC	ChromBPNet	observed signal profile	bigWig	ATAC-seq	none	GM18517	cell-line	cell-line	cell-line	none	none	passed
ENCFF449NYR	ENCFF449NYR	ENCSR312UCH	ENCSR714DLQ	ChromBPNet	observed signal profile	bigWig	ATAC-seq	none	GM18519	cell-line	cell-line	cell-line	none	none	passed
ENCFF907GLK	ENCFF907GLK	ENCSR762YFD	ENCSR461KSW	ChromBPNet	observed signal profile	bigWig	ATAC-seq	none	GM18520	cell-line	cell-line	cell-line	none	none	passed
ENCFF526IXH	ENCFF526IXH	ENCSR011NJP	ENCSR379AWE	ChromBPNet	observed signal profile	bigWig	ATAC-seq	none	GM18858	cell-line	cell-line	cell-line	none	none	passed
ENCFF653NLM	ENCFF653NLM	ENCSR628PLS	ENCSR370TTM	ChromBPNet	observed signal profile	bigWig	ATAC-seq	none	GM18861	cell-line	cell-line	cell-line	none	none	passed
ENCFF309DTV	ENCFF309DTV	ENCSR492FJO	ENCSR060QUG	ChromBPNet	observed signal profile	bigWig	ATAC-seq	none	GM18867	cell-line	cell-line	cell-line	none	none	passed
ENCFF871DGX	ENCFF871DGX	ENCSR580JBA	ENCSR777VRB	ChromBPNet	observed signal profile	bigWig	ATAC-seq	none	GM18868	cell-line	cell-line	cell-line	none	none	passed
ENCFF745DCO	ENCFF745DCO	ENCSR684KUG	ENCSR923IXX	ChromBPNet	observed signal profile	bigWig	ATAC-seq	none	GM18870	cell-line	cell-line	cell-line	none	none	passed
ENCFF487SXK	ENCFF487SXK	ENCSR304ZDQ	ENCSR210KZN	ChromBPNet	observed signal profile	bigWig	ATAC-seq	none	GM18873	cell-line	cell-line	cell-line	none	none	passed
ENCFF717MYG	ENCFF717MYG	ENCSR487QSB	ENCSR074UXK	ChromBPNet	observed signal profile	bigWig	ATAC-seq	none	GM18907	cell-line	cell-line	cell-line	none	none	passed
ENCFF971CNU	ENCFF971CNU	ENCSR917WJS	ENCSR731VRA	ChromBPNet	observed signal profile	bigWig	ATAC-seq	none	GM18909	cell-line	cell-line	cell-line	none	none	passed
ENCFF944ETK	ENCFF944ETK	ENCSR512FHU	ENCSR978KVO	ChromBPNet	observed signal profile	bigWig	ATAC-seq	none	GM19023	cell-line	cell-line	cell-line	none	none	passed
ENCFF541OCH	ENCFF541OCH	ENCSR419UYY	ENCSR079ORC	ChromBPNet	observed signal profile	bigWig	ATAC-seq	none	GM19025	cell-line	cell-line	cell-line	none	none	passed
ENCFF124VSM	ENCFF124VSM	ENCSR637MUF	ENCSR904MSH	ChromBPNet	observed signal profile	bigWig	ATAC-seq	none	GM19035	cell-line	cell-line	cell-line	none	none	passed
ENCFF200AHN	ENCFF200AHN	ENCSR409YCK	ENCSR903NIW	ChromBPNet	observed signal profile	bigWig	ATAC-seq	none	GM19043	cell-line	cell-line	cell-line	none	none	passed
ENCFF183STJ	ENCFF183STJ	ENCSR425WQW	ENCSR239XHL	ChromBPNet	observed signal profile	bigWig	ATAC-seq	none	GM19324	cell-line	cell-line	cell-line	none	none	passed
ENCFF465XWC	ENCFF465XWC	ENCSR383RDZ	ENCSR609EOM	ChromBPNet	observed signal profile	bigWig	ATAC-seq	none	GM19328	cell-line	cell-line	cell-line	none	none	passed
ENCFF426IPQ	ENCFF426IPQ	ENCSR231BZU	ENCSR683XSR	ChromBPNet	observed signal profile	bigWig	ATAC-seq	none	GM19351	cell-line	cell-line	cell-line	none	none	passed
ENCFF066LVV	ENCFF066LVV	ENCSR335JVB	ENCSR769XEI	ChromBPNet	observed signal profile	bigWig	ATAC-seq	none	GM19372	cell-line	cell-line	cell-line	none	none	passed
ENCFF442GIN	ENCFF442GIN	ENCSR372IGW	ENCSR165KAD	ChromBPNet	observed signal profile	bigWig	ATAC-seq	none	GM19395	cell-line	cell-line	cell-line	none	none	passed
ENCFF391FCK	ENCFF391FCK	ENCSR839IAD	ENCSR608VHS	ChromBPNet	observed signal profile	bigWig	ATAC-seq	none	GM19397	cell-line	cell-line	cell-line	none	none	passed
ENCFF840SVJ	ENCFF840SVJ	ENCSR134OSR	ENCSR505PUV	ChromBPNet	observed signal profile	bigWig	ATAC-seq	none	GM19438	cell-line	cell-line	cell-line	none	none	passed
ENCFF168PAL	ENCFF168PAL	ENCSR454UTH	ENCSR317ONA	ChromBPNet	observed signal profile	bigWig	ATAC-seq	none	GM19452	cell-line	cell-line	cell-line	none	none	passed
ENCFF010SUI	ENCFF010SUI	ENCSR706GDQ	ENCSR586TXI	ChromBPNet	observed signal profile	bigWig	ATAC-seq	none	GM19455	cell-line	cell-line	cell-line	none	none	passed
ENCFF603EZI	ENCFF603EZI	ENCSR712ZRY	ENCSR161MFO	ChromBPNet	observed signal profile	bigWig	ATAC-seq	none	GM19463	cell-line	cell-line	cell-line	none	none	passed
ENCFF849MLS	ENCFF849MLS	ENCSR635CAC	ENCSR921EDJ	ChromBPNet	observed signal profile	bigWig	ATAC-seq	none	GM19467	cell-line	cell-line	cell-line	none	none	passed
ENCFF110UZK	ENCFF110UZK	ENCSR635AIF	ENCSR692YYD	ChromBPNet	observed signal profile	bigWig	ATAC-seq	none	GM19468	cell-line	cell-line	cell-line	none	none	passed
ENCFF339WWF	ENCFF339WWF	ENCSR105SCQ	ENCSR185PHM	ChromBPNet	observed signal profile	bigWig	ATAC-seq	none	GM21360	cell-line	cell-line	cell-line	none	none	passed
ENCFF404CQV	ENCFF404CQV	ENCSR509JPT	ENCSR168OLJ	ChromBPNet	observed signal profile	bigWig	ATAC-seq	none	GM21367	cell-line	cell-line	cell-line	none	none	passed
ENCFF582MTA	ENCFF582MTA	ENCSR512YXO	ENCSR282RKE	ChromBPNet	observed signal profile	bigWig	ATAC-seq	none	GM21381	cell-line	cell-line	cell-line	none	none	passed
ENCFF831KZT	ENCFF831KZT	ENCSR024WOD	ENCSR310ESW	ChromBPNet	observed signal profile	bigWig	ATAC-seq	none	GM21390	cell-line	cell-line	cell-line	none	none	passed
ENCFF518ZVE	ENCFF518ZVE	ENCSR902CFR	ENCSR780HLI	ChromBPNet	observed signal profile	bigWig	ATAC-seq	none	GM21423	cell-line	cell-line	cell-line	none	none	passed
ENCFF786VTC	ENCFF786VTC	ENCSR424KQH	ENCSR050VGU	ChromBPNet	observed signal profile	bigWig	ATAC-seq	none	GM21447	cell-line	cell-line	cell-line	none	none	passed
ENCFF015MML	ENCFF015MML	ENCSR960KGO	ENCSR576OPE	ChromBPNet	observed signal profile	bigWig	ATAC-seq	none	GM21515	cell-line	cell-line	cell-line	none	none	passed
ENCFF791LJO	ENCFF791LJO	ENCSR408IVU	ENCSR134EDE	ChromBPNet	observed signal profile	bigWig	ATAC-seq	none	GM21526	cell-line	cell-line	cell-line	none	none	passed
ENCFF995EFU	ENCFF995EFU	ENCSR939EVW	ENCSR637GED	ChromBPNet	observed signal profile	bigWig	ATAC-seq	none	GM21528	cell-line	cell-line	cell-line	none	none	passed
ENCFF917NSB	ENCFF917NSB	ENCSR954BDA	ENCSR985TLT	ChromBPNet	observed signal profile	bigWig	ATAC-seq	none	GM21529	cell-line	cell-line	cell-line	none	none	passed
ENCFF356BCC	ENCFF356BCC	ENCSR122NDR	ENCSR318EBC	ChromBPNet	observed signal profile	bigWig	ATAC-seq	none	GM21576	cell-line	cell-line	cell-line	none	none	passed
ENCFF291EHJ	ENCFF291EHJ	ENCSR214EIV	ENCSR281GJA	ChromBPNet	observed signal profile	bigWig	ATAC-seq	none	GM21619	cell-line	cell-line	cell-line	none	none	passed
ENCFF951NWN	ENCFF951NWN	ENCSR422RPD	ENCSR280VKC	ChromBPNet	observed signal profile	bigWig	ATAC-seq	none	GM21717	cell-line	cell-line	cell-line	none	none	passed
ENCFF701WLB	ENCFF701WLB	ENCSR233HSC	ENCSR615NIB	ChromBPNet	observed signal profile	bigWig	ATAC-seq	none	GM21723	cell-line	cell-line	cell-line	none	none	passed
ENCFF030HMN	ENCFF030HMN	ENCSR315QWI	ENCSR578BCV	ChromBPNet	observed signal profile	bigWig	ATAC-seq	none	GM21737	cell-line	cell-line	cell-line	none	none	passed
ENCFF339WNQ	ENCFF339WNQ	ENCSR275LCF	ENCSR592QHK	ChromBPNet	observed signal profile	bigWig	ATAC-seq	none	GM21786	cell-line	cell-line	cell-line	none	none	passed
ENCFF712DMW	ENCFF712DMW	ENCSR641KNU	ENCSR896WEM	ChromBPNet	observed signal profile	bigWig	ATAC-seq	none	GM21825	cell-line	cell-line	cell-line	none	none	passed
ENCFF961ISL	ENCFF961ISL	ENCSR217TAW	ENCSR174HCP	ChromBPNet	observed signal profile	bigWig	DNase-seq	none	GM23248	cell-line	cell-line	cell-line	none	none	passed
ENCFF955VHK	ENCFF955VHK	ENCSR485TLP	ENCSR686RDV	ChromBPNet	observed signal profile	bigWig	ATAC-seq	none	GM23338	cell-line	cell-line	cell-line	none	none	passed
ENCFF532OLQ	ENCFF532OLQ	ENCSR108PUO	ENCSR871HMB	ChromBPNet	observed signal profile	bigWig	DNase-seq	none	GM23338	cell-line	cell-line	cell-line	none	none	passed
ENCFF624CYH	ENCFF624CYH	ENCSR004SUL	ENCSR397BXY	ChromBPNet	observed signal profile	bigWig	DNase-seq	none	GM23338	cell-line	cell-line	cell-line	none	none	passed
ENCFF845XYX	ENCFF845XYX	ENCSR809CEA	ENCSR043HVG	ChromBPNet	observed signal profile	bigWig	DNase-seq	none	H4	cell-line	cell-line	cell-line	none	none	passed
ENCFF166ONC	ENCFF166ONC	ENCSR000EMZ	ENCSR989KYH	ChromBPNet	observed signal profile	bigWig	DNase-seq	none	H7	cell-line	cell-line	cell-line	none	none	passed
ENCFF133VSI	ENCFF133VSI	ENCSR754LIN	ENCSR071OAC	ChromBPNet	observed signal profile	bigWig	DNase-seq	none	H9	cell-line	cell-line	cell-line	none	none	passed
ENCFF165VIS	ENCFF165VIS	ENCSR017OZH	ENCSR085BHC	ChromBPNet	observed signal profile	bigWig	DNase-seq	none	H9	cell-line	cell-line	cell-line	none	none	passed
ENCFF509FEO	ENCFF509FEO	ENCSR275ICP	ENCSR048BTS	ChromBPNet	observed signal profile	bigWig	DNase-seq	none	H9	cell-line	cell-line	cell-line	none	none	passed
ENCFF512VYB	ENCFF512VYB	ENCSR964WHY	ENCSR878NYN	ChromBPNet	observed signal profile	bigWig	DNase-seq	none	H9	cell-line	cell-line	cell-line	none	none	passed
ENCFF671MHM	ENCFF671MHM	ENCSR943SYS	ENCSR319BRN	ChromBPNet	observed signal profile	bigWig	DNase-seq	none	H9	cell-line	cell-line	cell-line	none	none	passed
ENCFF870XOC	ENCFF870XOC	ENCSR662RIZ	ENCSR493ORC	ChromBPNet	observed signal profile	bigWig	DNase-seq	none	H9	cell-line	cell-line	cell-line	none	none	passed
ENCFF063KLA	ENCFF063KLA	ENCSR620QNS	ENCSR189QVD	ChromBPNet	observed signal profile	bigWig	DNase-seq	none	HAP-1	cell-line	cell-line	cell-line	none	none	passed
ENCFF373QLZ	ENCFF373QLZ	ENCSR895KTN	ENCSR516FBL	ChromBPNet	observed signal profile	bigWig	DNase-seq	none	HAP-1	cell-line	cell-line	cell-line	none	none	passed
ENCFF635FWG	ENCFF635FWG	ENCSR038XTK	ENCSR297JWM	ChromBPNet	observed signal profile	bigWig	DNase-seq	none	HCEC-1CT	cell-line	cell-line	cell-line	none	none	passed
ENCFF977JQR	ENCFF977JQR	ENCSR872WGW	ENCSR799MEK	ChromBPNet	observed signal profile	bigWig	ATAC-seq	none	HCT116	cell-line	cell-line	cell-line	none	none	passed
ENCFF360JCW	ENCFF360JCW	ENCSR000ENM	ENCSR038BXQ	ChromBPNet	observed signal profile	bigWig	DNase-seq	none	HCT116	cell-line	cell-line	cell-line	none	none	passed
ENCFF301RSY	ENCFF301RSY	ENCSR000ENR	ENCSR893IIV	ChromBPNet	observed signal profile	bigWig	DNase-seq	none	HFF-Myc	cell-line	cell-line	cell-line	none	none	passed
ENCFF815QLJ	ENCFF815QLJ	ENCSR672EWY	ENCSR431UBV	ChromBPNet	observed signal profile	bigWig	DNase-seq	none	HFFc6	cell-line	cell-line	cell-line	none	none	passed
ENCFF282KDP	ENCFF282KDP	ENCSR400ISH	ENCSR998AJO	ChromBPNet	observed signal profile	bigWig	ATAC-seq	none	HG02571	cell-line	cell-line	cell-line	none	none	passed
ENCFF765PNF	ENCFF765PNF	ENCSR189VFC	ENCSR903YIU	ChromBPNet	observed signal profile	bigWig	ATAC-seq	none	HG02588	cell-line	cell-line	cell-line	none	none	passed
ENCFF939SJZ	ENCFF939SJZ	ENCSR905PWV	ENCSR627LHW	ChromBPNet	observed signal profile	bigWig	ATAC-seq	none	HG02610	cell-line	cell-line	cell-line	none	none	passed
ENCFF884GLN	ENCFF884GLN	ENCSR821JHD	ENCSR033SUK	ChromBPNet	observed signal profile	bigWig	ATAC-seq	none	HG02623	cell-line	cell-line	cell-line	none	none	passed
ENCFF493LUD	ENCFF493LUD	ENCSR821QHC	ENCSR435SFV	ChromBPNet	observed signal profile	bigWig	ATAC-seq	none	HG02642	cell-line	cell-line	cell-line	none	none	passed
ENCFF888XOD	ENCFF888XOD	ENCSR180HEL	ENCSR536GOE	ChromBPNet	observed signal profile	bigWig	ATAC-seq	none	HG02678	cell-line	cell-line	cell-line	none	none	passed
ENCFF369VCS	ENCFF369VCS	ENCSR144ZXR	ENCSR266KYY	ChromBPNet	observed signal profile	bigWig	ATAC-seq	none	HG02759	cell-line	cell-line	cell-line	none	none	passed
ENCFF381MJW	ENCFF381MJW	ENCSR404OEO	ENCSR092LQB	ChromBPNet	observed signal profile	bigWig	ATAC-seq	none	HG02763	cell-line	cell-line	cell-line	none	none	passed
ENCFF076YVK	ENCFF076YVK	ENCSR524CPZ	ENCSR220HBM	ChromBPNet	observed signal profile	bigWig	ATAC-seq	none	HG02798	cell-line	cell-line	cell-line	none	none	passed
ENCFF657WIZ	ENCFF657WIZ	ENCSR854ZBA	ENCSR916ARE	ChromBPNet	observed signal profile	bigWig	ATAC-seq	none	HG02840	cell-line	cell-line	cell-line	none	none	passed
ENCFF795MHD	ENCFF795MHD	ENCSR368FYV	ENCSR551XEC	ChromBPNet	observed signal profile	bigWig	ATAC-seq	none	HG02852	cell-line	cell-line	cell-line	none	none	passed
ENCFF858QJU	ENCFF858QJU	ENCSR420RVW	ENCSR385TLV	ChromBPNet	observed signal profile	bigWig	ATAC-seq	none	HG02870	cell-line	cell-line	cell-line	none	none	passed
ENCFF118YHG	ENCFF118YHG	ENCSR604YEQ	ENCSR323AXJ	ChromBPNet	observed signal profile	bigWig	ATAC-seq	none	HG02884	cell-line	cell-line	cell-line	none	none	passed
ENCFF355QRZ	ENCFF355QRZ	ENCSR621JYI	ENCSR266ITU	ChromBPNet	observed signal profile	bigWig	ATAC-seq	none	HG02885	cell-line	cell-line	cell-line	none	none	passed
ENCFF875ITC	ENCFF875ITC	ENCSR920FQJ	ENCSR672WKH	ChromBPNet	observed signal profile	bigWig	ATAC-seq	none	HG02938	cell-line	cell-line	cell-line	none	none	passed
ENCFF830RWF	ENCFF830RWF	ENCSR123WME	ENCSR427BPQ	ChromBPNet	observed signal profile	bigWig	ATAC-seq	none	HG02943	cell-line	cell-line	cell-line	none	none	passed
ENCFF865BDK	ENCFF865BDK	ENCSR857MCZ	ENCSR275WXY	ChromBPNet	observed signal profile	bigWig	ATAC-seq	none	HG02970	cell-line	cell-line	cell-line	none	none	passed
ENCFF966HJU	ENCFF966HJU	ENCSR038WVV	ENCSR667UVH	ChromBPNet	observed signal profile	bigWig	ATAC-seq	none	HG02973	cell-line	cell-line	cell-line	none	none	passed
ENCFF018ARL	ENCFF018ARL	ENCSR208HAP	ENCSR301ZZA	ChromBPNet	observed signal profile	bigWig	ATAC-seq	none	HG02981	cell-line	cell-line	cell-line	none	none	passed
ENCFF503YRJ	ENCFF503YRJ	ENCSR673ZMQ	ENCSR591YNV	ChromBPNet	observed signal profile	bigWig	ATAC-seq	none	HG03025	cell-line	cell-line	cell-line	none	none	passed
ENCFF572ZVB	ENCFF572ZVB	ENCSR381LJX	ENCSR649BNO	ChromBPNet	observed signal profile	bigWig	ATAC-seq	none	HG03039	cell-line	cell-line	cell-line	none	none	passed
ENCFF588LKP	ENCFF588LKP	ENCSR249FXU	ENCSR660MNT	ChromBPNet	observed signal profile	bigWig	ATAC-seq	none	HG03045	cell-line	cell-line	cell-line	none	none	passed
ENCFF367ILE	ENCFF367ILE	ENCSR470ZNM	ENCSR150XDG	ChromBPNet	observed signal profile	bigWig	ATAC-seq	none	HG03060	cell-line	cell-line	cell-line	none	none	passed
ENCFF617JXJ	ENCFF617JXJ	ENCSR487SOP	ENCSR459IBO	ChromBPNet	observed signal profile	bigWig	ATAC-seq	none	HG03064	cell-line	cell-line	cell-line	none	none	passed
ENCFF612FBC	ENCFF612FBC	ENCSR040PBN	ENCSR166OAU	ChromBPNet	observed signal profile	bigWig	ATAC-seq	none	HG03066	cell-line	cell-line	cell-line	none	none	passed
ENCFF351AYU	ENCFF351AYU	ENCSR359HFH	ENCSR553FAH	ChromBPNet	observed signal profile	bigWig	ATAC-seq	none	HG03095	cell-line	cell-line	cell-line	none	none	passed
ENCFF277DNX	ENCFF277DNX	ENCSR608KJD	ENCSR371COC	ChromBPNet	observed signal profile	bigWig	ATAC-seq	none	HG03097	cell-line	cell-line	cell-line	none	none	passed
ENCFF336IJM	ENCFF336IJM	ENCSR833ACP	ENCSR180LMS	ChromBPNet	observed signal profile	bigWig	ATAC-seq	none	HG03103	cell-line	cell-line	cell-line	none	none	passed
ENCFF415KBT	ENCFF415KBT	ENCSR962ITF	ENCSR232YHY	ChromBPNet	observed signal profile	bigWig	ATAC-seq	none	HG03108	cell-line	cell-line	cell-line	none	none	passed
ENCFF501SZO	ENCFF501SZO	ENCSR096VEO	ENCSR819NPJ	ChromBPNet	observed signal profile	bigWig	ATAC-seq	none	HG03135	cell-line	cell-line	cell-line	none	none	passed
ENCFF841MYD	ENCFF841MYD	ENCSR615YIL	ENCSR887IVZ	ChromBPNet	observed signal profile	bigWig	ATAC-seq	none	HG03139	cell-line	cell-line	cell-line	none	none	passed
ENCFF123JOI	ENCFF123JOI	ENCSR940YDN	ENCSR166TNL	ChromBPNet	observed signal profile	bigWig	ATAC-seq	none	HG03159	cell-line	cell-line	cell-line	none	none	passed
ENCFF387NOK	ENCFF387NOK	ENCSR305XRF	ENCSR090OOJ	ChromBPNet	observed signal profile	bigWig	ATAC-seq	none	HG03175	cell-line	cell-line	cell-line	none	none	passed
ENCFF192RSZ	ENCFF192RSZ	ENCSR063UNG	ENCSR357FCL	ChromBPNet	observed signal profile	bigWig	ATAC-seq	none	HG03196	cell-line	cell-line	cell-line	none	none	passed
ENCFF670JYU	ENCFF670JYU	ENCSR554WGQ	ENCSR845EWD	ChromBPNet	observed signal profile	bigWig	ATAC-seq	none	HG03280	cell-line	cell-line	cell-line	none	none	passed
ENCFF245PLY	ENCFF245PLY	ENCSR528YDD	ENCSR188AGI	ChromBPNet	observed signal profile	bigWig	ATAC-seq	none	HG03342	cell-line	cell-line	cell-line	none	none	passed
ENCFF301JKY	ENCFF301JKY	ENCSR025MEO	ENCSR658PPY	ChromBPNet	observed signal profile	bigWig	ATAC-seq	none	HG03354	cell-line	cell-line	cell-line	none	none	passed
ENCFF290VYG	ENCFF290VYG	ENCSR824DUE	ENCSR414LUN	ChromBPNet	observed signal profile	bigWig	ATAC-seq	none	HG03378	cell-line	cell-line	cell-line	none	none	passed
ENCFF539BHD	ENCFF539BHD	ENCSR839UOB	ENCSR809YVS	ChromBPNet	observed signal profile	bigWig	ATAC-seq	none	HG03432	cell-line	cell-line	cell-line	none	none	passed
ENCFF924ITC	ENCFF924ITC	ENCSR376YMU	ENCSR987LMB	ChromBPNet	observed signal profile	bigWig	ATAC-seq	none	HG03439	cell-line	cell-line	cell-line	none	none	passed
ENCFF283KPY	ENCFF283KPY	ENCSR858GTE	ENCSR509OSN	ChromBPNet	observed signal profile	bigWig	ATAC-seq	none	HG03442	cell-line	cell-line	cell-line	none	none	passed
ENCFF552PBS	ENCFF552PBS	ENCSR322SBN	ENCSR637NUL	ChromBPNet	observed signal profile	bigWig	ATAC-seq	none	HG03457	cell-line	cell-line	cell-line	none	none	passed
ENCFF261MBN	ENCFF261MBN	ENCSR345NVR	ENCSR987QAP	ChromBPNet	observed signal profile	bigWig	ATAC-seq	none	HG03460	cell-line	cell-line	cell-line	none	none	passed
ENCFF595FZS	ENCFF595FZS	ENCSR163KRG	ENCSR694IPL	ChromBPNet	observed signal profile	bigWig	ATAC-seq	none	HG03469	cell-line	cell-line	cell-line	none	none	passed
ENCFF372FVO	ENCFF372FVO	ENCSR624CTU	ENCSR001QFX	ChromBPNet	observed signal profile	bigWig	ATAC-seq	none	HG03520	cell-line	cell-line	cell-line	none	none	passed
ENCFF863SSN	ENCFF863SSN	ENCSR594TMY	ENCSR949GNF	ChromBPNet	observed signal profile	bigWig	ATAC-seq	none	HG03521	cell-line	cell-line	cell-line	none	none	passed
ENCFF812AQP	ENCFF812AQP	ENCSR278JWM	ENCSR170RXX	ChromBPNet	observed signal profile	bigWig	ATAC-seq	none	HG03558	cell-line	cell-line	cell-line	none	none	passed
ENCFF449YEO	ENCFF449YEO	ENCSR835WBW	ENCSR061TSC	ChromBPNet	observed signal profile	bigWig	ATAC-seq	none	HG03565	cell-line	cell-line	cell-line	none	none	passed
ENCFF041BGO	ENCFF041BGO	ENCSR000RBT	ENCSR716EMN	ChromBPNet	observed signal profile	bigWig	ATAC-seq	none	HG03571	cell-line	cell-line	cell-line	none	none	passed
ENCFF595CSM	ENCFF595CSM	ENCSR331JFZ	ENCSR519GLH	ChromBPNet	observed signal profile	bigWig	ATAC-seq	none	HG03575	cell-line	cell-line	cell-line	none	none	passed
ENCFF030URW	ENCFF030URW	ENCSR634YVQ	ENCSR972KYQ	ChromBPNet	observed signal profile	bigWig	DNase-seq	none	HK-2	cell-line	cell-line	cell-line	none	none	passed
ENCFF692LBG	ENCFF692LBG	ENCSR889WKL	ENCSR849AMW	ChromBPNet	observed signal profile	bigWig	DNase-seq	none	HL-60	cell-line	cell-line	cell-line	none	none	passed
ENCFF989RWB	ENCFF989RWB	ENCSR000ENU	ENCSR662EPX	ChromBPNet	observed signal profile	bigWig	DNase-seq	none	HL-60	cell-line	cell-line	cell-line	none	none	passed
ENCFF305RCF	ENCFF305RCF	ENCSR000EMF	ENCSR862EQC	ChromBPNet	observed signal profile	bigWig	DNase-seq	none	HS-27A	cell-line	cell-line	cell-line	none	none	passed
ENCFF370AQR	ENCFF370AQR	ENCSR000EMG	ENCSR295UGZ	ChromBPNet	observed signal profile	bigWig	DNase-seq	none	HS-5	cell-line	cell-line	cell-line	none	none	passed
ENCFF436KBP	ENCFF436KBP	ENCSR814KRX	ENCSR824NOI	ChromBPNet	observed signal profile	bigWig	DNase-seq	none	HT-29	cell-line	cell-line	cell-line	none	none	passed
ENCFF897DZH	ENCFF897DZH	ENCSR000FDI	ENCSR700ULB	ChromBPNet	observed signal profile	bigWig	DNase-seq	none	HT1080	cell-line	cell-line	cell-line	none	none	passed
ENCFF481TVB	ENCFF481TVB	ENCSR959ZXU	ENCSR098ONJ	ChromBPNet	observed signal profile	bigWig	DNase-seq	none	HeLa-S3	cell-line	cell-line	cell-line	none	none	passed
ENCFF722MOS	ENCFF722MOS	ENCSR000ENO	ENCSR231LNG	ChromBPNet	observed signal profile	bigWig	DNase-seq	none	HeLa-S3	cell-line	cell-line	cell-line	none	none	passed
ENCFF446WDR	ENCFF446WDR	ENCSR042AWH	ENCSR616TYK	ChromBPNet	observed signal profile	bigWig	ATAC-seq	none	HepG2	cell-line	cell-line	cell-line	none	none	passed
ENCFF810UJI	ENCFF810UJI	ENCSR000EOS	ENCSR460RDN	ChromBPNet	observed signal profile	bigWig	DNase-seq	none	Jurkat,-Clone-E6-1	cell-line	cell-line	cell-line	none	none	passed
ENCFF063IFJ	ENCFF063IFJ	ENCSR859USB	ENCSR049OFB	ChromBPNet	observed signal profile	bigWig	ATAC-seq	none	K562	cell-line	cell-line	cell-line	none	none	passed
ENCFF380HEF	ENCFF380HEF	ENCSR956DNB	ENCSR939RXI	ChromBPNet	observed signal profile	bigWig	ATAC-seq	none	K562	cell-line	cell-line	cell-line	none	none	passed
ENCFF973ISJ	ENCFF973ISJ	ENCSR483RKN	ENCSR780QKO	ChromBPNet	observed signal profile	bigWig	ATAC-seq	none	K562	cell-line	cell-line	cell-line	none	none	passed
ENCFF524LTA	ENCFF524LTA	ENCSR426IEA	ENCSR933HJE	ChromBPNet	observed signal profile	bigWig	DNase-seq	none	KBM-7	cell-line	cell-line	cell-line	none	none	passed
ENCFF901BES	ENCFF901BES	ENCSR019JDO	ENCSR625YHF	ChromBPNet	observed signal profile	bigWig	DNase-seq	none	Karpas-422	cell-line	cell-line	cell-line	none	none	passed
ENCFF963TSW	ENCFF963TSW	ENCSR314EZY	ENCSR134TII	ChromBPNet	observed signal profile	bigWig	DNase-seq	none	L1-S8	cell-line	cell-line	cell-line	none	none	passed
ENCFF988XHT	ENCFF988XHT	ENCSR746ZPP	ENCSR291GSN	ChromBPNet	observed signal profile	bigWig	DNase-seq	none	L1-S8R	cell-line	cell-line	cell-line	none	none	passed
ENCFF886GIK	ENCFF886GIK	ENCSR000EPE	ENCSR606CFD	ChromBPNet	observed signal profile	bigWig	DNase-seq	none	LHCN-M2	cell-line	cell-line	cell-line	none	none	passed
ENCFF815GXH	ENCFF815GXH	ENCSR503BEM	ENCSR389YJP	ChromBPNet	observed signal profile	bigWig	DNase-seq	none	LoVo	cell-line	cell-line	cell-line	none	none	passed
ENCFF014JPQ	ENCFF014JPQ	ENCSR789VGQ	ENCSR658SZR	ChromBPNet	observed signal profile	bigWig	DNase-seq	none	MCF-10A	cell-line	cell-line	cell-line	none	none	passed
ENCFF678CVJ	ENCFF678CVJ	ENCSR385SZQ	ENCSR655RGE	ChromBPNet	observed signal profile	bigWig	DNase-seq	none	MCF-10A	cell-line	cell-line	cell-line	none	none	passed
ENCFF861HMT	ENCFF861HMT	ENCSR752EPH	ENCSR197CZL	ChromBPNet	observed signal profile	bigWig	DNase-seq	none	MCF-10A	cell-line	cell-line	cell-line	none	none	passed
ENCFF572AFM	ENCFF572AFM	ENCSR422SUG	ENCSR881JYD	ChromBPNet	observed signal profile	bigWig	ATAC-seq	none	MCF-7	cell-line	cell-line	cell-line	none	none	passed
ENCFF732OWD	ENCFF732OWD	ENCSR000EPH	ENCSR006EOX	ChromBPNet	observed signal profile	bigWig	DNase-seq	none	MCF-7	cell-line	cell-line	cell-line	none	none	passed
ENCFF270IZI	ENCFF270IZI	ENCSR083STA	ENCSR054YZQ	ChromBPNet	observed signal profile	bigWig	DNase-seq	none	MG63	cell-line	cell-line	cell-line	none	none	passed
ENCFF465WVN	ENCFF465WVN	ENCSR443YJP	ENCSR912CFD	ChromBPNet	observed signal profile	bigWig	DNase-seq	none	MG63	cell-line	cell-line	cell-line	none	none	passed
ENCFF622VUP	ENCFF622VUP	ENCSR458LIB	ENCSR347CFU	ChromBPNet	observed signal profile	bigWig	DNase-seq	none	MM.1S	cell-line	cell-line	cell-line	none	none	passed
ENCFF587FEV	ENCFF587FEV	ENCSR662HMO	ENCSR794LQK	ChromBPNet	observed signal profile	bigWig	DNase-seq	none	NAMALWA	cell-line	cell-line	cell-line	none	none	passed
ENCFF364QIE	ENCFF364QIE	ENCSR000EPL	ENCSR451VFP	ChromBPNet	observed signal profile	bigWig	DNase-seq	none	NB4	cell-line	cell-line	cell-line	none	none	passed
ENCFF302BJQ	ENCFF302BJQ	ENCSR265TEK	ENCSR104PLC	ChromBPNet	observed signal profile	bigWig	DNase-seq	none	NCI-H226	cell-line	cell-line	cell-line	none	none	passed
ENCFF474BIS	ENCFF474BIS	ENCSR000FJH	ENCSR738EET	ChromBPNet	observed signal profile	bigWig	DNase-seq	none	NCI-H460	cell-line	cell-line	cell-line	none	none	passed
ENCFF832VMD	ENCFF832VMD	ENCSR382LBS	ENCSR546DOB	ChromBPNet	observed signal profile	bigWig	ATAC-seq	none	NCI-H929	cell-line	cell-line	cell-line	none	none	passed
ENCFF575HIF	ENCFF575HIF	ENCSR090SMP	ENCSR088BTM	ChromBPNet	observed signal profile	bigWig	DNase-seq	none	NCI-H929	cell-line	cell-line	cell-line	none	none	passed
ENCFF533DUP	ENCFF533DUP	ENCSR000EPS	ENCSR054YHV	ChromBPNet	observed signal profile	bigWig	DNase-seq	none	NT2/D1	cell-line	cell-line	cell-line	none	none	passed
ENCFF218VLK	ENCFF218VLK	ENCSR489NAM	ENCSR431YCA	ChromBPNet	observed signal profile	bigWig	DNase-seq	none	OCI-LY7	cell-line	cell-line	cell-line	none	none	passed
ENCFF983ZLW	ENCFF983ZLW	ENCSR499ASS	ENCSR356JWZ	ChromBPNet	observed signal profile	bigWig	ATAC-seq	none	PC-3	cell-line	cell-line	cell-line	none	none	passed
ENCFF304ZRW	ENCFF304ZRW	ENCSR052AWE	ENCSR930FRZ	ChromBPNet	observed signal profile	bigWig	DNase-seq	none	PC-3	cell-line	cell-line	cell-line	none	none	passed
ENCFF422VFU	ENCFF422VFU	ENCSR940NLN	ENCSR425NGQ	ChromBPNet	observed signal profile	bigWig	DNase-seq	none	PC-9	cell-line	cell-line	cell-line	none	none	passed
ENCFF536CUD	ENCFF536CUD	ENCSR591PIX	ENCSR910DII	ChromBPNet	observed signal profile	bigWig	ATAC-seq	none	Panc1	cell-line	cell-line	cell-line	none	none	passed
ENCFF092XAC	ENCFF092XAC	ENCSR000EPT	ENCSR819AEB	ChromBPNet	observed signal profile	bigWig	DNase-seq	none	Panc1	cell-line	cell-line	cell-line	none	none	passed
ENCFF915QFJ	ENCFF915QFJ	ENCSR017RQC	ENCSR646MBL	ChromBPNet	observed signal profile	bigWig	ATAC-seq	none	Peyer's-patch	eye	eye	sensory-system	none	none	passed
ENCFF006PYP	ENCFF006PYP	ENCSR261RWJ	ENCSR978KFQ	ChromBPNet	observed signal profile	bigWig	DNase-seq	none	Peyer's-patch	eye	eye	sensory-system	none	none	passed
ENCFF060XUA	ENCFF060XUA	ENCSR455GUW	ENCSR379ZWN	ChromBPNet	observed signal profile	bigWig	DNase-seq	none	Peyer's-patch	eye	eye	sensory-system	none	none	passed
ENCFF844HPU	ENCFF844HPU	ENCSR954AJK	ENCSR767EVI	ChromBPNet	observed signal profile	bigWig	DNase-seq	none	Peyer's-patch	eye	eye	sensory-system	none	none	passed
ENCFF907ZRZ	ENCFF907ZRZ	ENCSR689DSM	ENCSR627YMG	ChromBPNet	observed signal profile	bigWig	DNase-seq	none	Peyer's-patch	eye	eye	sensory-system	none	none	passed
ENCFF734AEG	ENCFF734AEG	ENCSR337IRF	ENCSR844ZPF	ChromBPNet	observed signal profile	bigWig	DNase-seq	none	RCC	cell-line	cell-line	cell-line	none	none	passed
ENCFF888CLQ	ENCFF888CLQ	ENCSR037PGI	ENCSR409AOK	ChromBPNet	observed signal profile	bigWig	DNase-seq	none	RCC-7860	cell-line	cell-line	cell-line	none	none	passed
ENCFF025RCU	ENCFF025RCU	ENCSR429RHR	ENCSR316RNO	ChromBPNet	observed signal profile	bigWig	DNase-seq	none	RKO	cell-line	cell-line	cell-line	none	none	passed
ENCFF795RYC	ENCFF795RYC	ENCSR000EPV	ENCSR700YXD	ChromBPNet	observed signal profile	bigWig	DNase-seq	none	RPMI7951	cell-line	cell-line	cell-line	none	none	passed
ENCFF772RPD	ENCFF772RPD	ENCSR594NOE	ENCSR639ILE	ChromBPNet	observed signal profile	bigWig	DNase-seq	none	RPMI8226	cell-line	cell-line	cell-line	none	none	passed
ENCFF261YYR	ENCFF261YYR	ENCSR080SNF	ENCSR781DEJ	ChromBPNet	observed signal profile	bigWig	ATAC-seq	none	RWPE2	cell-line	cell-line	cell-line	none	none	passed
ENCFF164NRR	ENCFF164NRR	ENCSR306BHE	ENCSR828XVB	ChromBPNet	observed signal profile	bigWig	DNase-seq	none	RWPE2	cell-line	cell-line	cell-line	none	none	passed
ENCFF697QCS	ENCFF697QCS	ENCSR855BMI	ENCSR597PKN	ChromBPNet	observed signal profile	bigWig	ATAC-seq	none	Right-ventricle-myocardium-inferior	ventricle	heart	circulatory-system	none	none	passed
ENCFF869TXT	ENCFF869TXT	ENCSR085MZL	ENCSR142UYP	ChromBPNet	observed signal profile	bigWig	DNase-seq	none	Right-ventricle-myocardium-inferior	ventricle	heart	circulatory-system	none	none	passed
ENCFF675LQJ	ENCFF675LQJ	ENCSR074WMH	ENCSR272XKK	ChromBPNet	observed signal profile	bigWig	ATAC-seq	none	Right-ventricle-myocardium-superior	ventricle	heart	circulatory-system	none	none	passed
ENCFF871ELO	ENCFF871ELO	ENCSR895GSY	ENCSR778ZGF	ChromBPNet	observed signal profile	bigWig	DNase-seq	none	Right-ventricle-myocardium-superior	ventricle	heart	circulatory-system	none	none	passed
ENCFF272IIQ	ENCFF272IIQ	ENCSR000FFJ	ENCSR504BSY	ChromBPNet	observed signal profile	bigWig	DNase-seq	none	SJCRH30	cell-line	cell-line	cell-line	none	none	passed
ENCFF074VEE	ENCFF074VEE	ENCSR620WAR	ENCSR779JEB	ChromBPNet	observed signal profile	bigWig	DNase-seq	none	SJSA1	cell-line	cell-line	cell-line	none	none	passed
ENCFF098JOD	ENCFF098JOD	ENCSR520WTV	ENCSR832RLE	ChromBPNet	observed signal profile	bigWig	DNase-seq	none	SJSA1	cell-line	cell-line	cell-line	none	none	passed
ENCFF771GKG	ENCFF771GKG	ENCSR000FEK	ENCSR086YUE	ChromBPNet	observed signal profile	bigWig	DNase-seq	none	SK-MEL-5	cell-line	cell-line	cell-line	none	none	passed
ENCFF378OFE	ENCFF378OFE	ENCSR946MVP	ENCSR822RPX	ChromBPNet	observed signal profile	bigWig	DNase-seq	none	SK-N-DZ	cell-line	cell-line	cell-line	none	none	passed
ENCFF831CHO	ENCFF831CHO	ENCSR000EPY	ENCSR737BDV	ChromBPNet	observed signal profile	bigWig	DNase-seq	none	SK-N-MC	cell-line	cell-line	cell-line	none	none	passed
ENCFF263IAC	ENCFF263IAC	ENCSR587TRP	ENCSR733OLQ	ChromBPNet	observed signal profile	bigWig	ATAC-seq	none	SK-N-SH	cell-line	cell-line	cell-line	none	none	passed
ENCFF265IAJ	ENCFF265IAJ	ENCSR217SET	ENCSR684CFS	ChromBPNet	observed signal profile	bigWig	DNase-seq	none	SW480	cell-line	cell-line	cell-line	none	none	passed
ENCFF036ADT	ENCFF036ADT	ENCSR258RSH	ENCSR726OHR	ChromBPNet	observed signal profile	bigWig	ATAC-seq	none	T-cell	t-cell	immune	immune-system	none	none	passed
ENCFF351SCV	ENCFF351SCV	ENCSR934AWQ	ENCSR628AUQ	ChromBPNet	observed signal profile	bigWig	ATAC-seq	none	T-cell	t-cell	immune	immune-system	none	none	passed
ENCFF405WEK	ENCFF405WEK	ENCSR032MEH	ENCSR429ZUZ	ChromBPNet	observed signal profile	bigWig	ATAC-seq	none	T-cell	t-cell	immune	immune-system	none	none	passed
ENCFF485BLG	ENCFF485BLG	ENCSR977LVI	ENCSR289OHF	ChromBPNet	observed signal profile	bigWig	ATAC-seq	none	T-cell	t-cell	immune	immune-system	none	none	passed
ENCFF593WPW	ENCFF593WPW	ENCSR102RXG	ENCSR752EUR	ChromBPNet	observed signal profile	bigWig	ATAC-seq	none	T-cell	t-cell	immune	immune-system	none	none	passed
ENCFF841BTC	ENCFF841BTC	ENCSR299LSN	ENCSR429GFB	ChromBPNet	observed signal profile	bigWig	ATAC-seq	none	T-cell	t-cell	immune	immune-system	none	none	passed
ENCFF004XAB	ENCFF004XAB	ENCSR051CYH	ENCSR446UCG	ChromBPNet	observed signal profile	bigWig	DNase-seq	none	T-cell	t-cell	immune	immune-system	none	none	passed
ENCFF055MUP	ENCFF055MUP	ENCSR420HOT	ENCSR387VOB	ChromBPNet	observed signal profile	bigWig	DNase-seq	none	T-cell	t-cell	immune	immune-system	none	none	passed
ENCFF178NIK	ENCFF178NIK	ENCSR785RIM	ENCSR941BIE	ChromBPNet	observed signal profile	bigWig	DNase-seq	none	T-cell	t-cell	immune	immune-system	none	none	passed
ENCFF187HBZ	ENCFF187HBZ	ENCSR878ITC	ENCSR249YMW	ChromBPNet	observed signal profile	bigWig	DNase-seq	none	T-cell	t-cell	immune	immune-system	none	none	passed
ENCFF187UXD	ENCFF187UXD	ENCSR627QIA	ENCSR144UFY	ChromBPNet	observed signal profile	bigWig	DNase-seq	none	T-cell	t-cell	immune	immune-system	none	none	passed
ENCFF193XMX	ENCFF193XMX	ENCSR299BQG	ENCSR870KZC	ChromBPNet	observed signal profile	bigWig	DNase-seq	none	T-cell	t-cell	immune	immune-system	none	none	passed
ENCFF209HMH	ENCFF209HMH	ENCSR213WNV	ENCSR838QAY	ChromBPNet	observed signal profile	bigWig	DNase-seq	none	T-cell	t-cell	immune	immune-system	none	none	passed
ENCFF215LFI	ENCFF215LFI	ENCSR496UER	ENCSR064YIE	ChromBPNet	observed signal profile	bigWig	DNase-seq	none	T-cell	t-cell	immune	immune-system	none	none	passed
ENCFF216APP	ENCFF216APP	ENCSR863LZT	ENCSR794QQS	ChromBPNet	observed signal profile	bigWig	DNase-seq	none	T-cell	t-cell	immune	immune-system	none	none	passed
ENCFF252MNA	ENCFF252MNA	ENCSR025EYJ	ENCSR716TYV	ChromBPNet	observed signal profile	bigWig	DNase-seq	none	T-cell	t-cell	immune	immune-system	none	none	passed
ENCFF278OMA	ENCFF278OMA	ENCSR389IHS	ENCSR240EVS	ChromBPNet	observed signal profile	bigWig	DNase-seq	none	T-cell	t-cell	immune	immune-system	none	none	passed
ENCFF298ASH	ENCFF298ASH	ENCSR198UKY	ENCSR221HAB	ChromBPNet	observed signal profile	bigWig	DNase-seq	none	T-cell	t-cell	immune	immune-system	none	none	passed
ENCFF314YZW	ENCFF314YZW	ENCSR815DWW	ENCSR556NMJ	ChromBPNet	observed signal profile	bigWig	DNase-seq	none	T-cell	t-cell	immune	immune-system	none	none	passed
ENCFF316AIF	ENCFF316AIF	ENCSR497NLU	ENCSR964WTY	ChromBPNet	observed signal profile	bigWig	DNase-seq	none	T-cell	t-cell	immune	immune-system	none	none	passed
ENCFF327HJI	ENCFF327HJI	ENCSR837ZSS	ENCSR969SZL	ChromBPNet	observed signal profile	bigWig	DNase-seq	none	T-cell	t-cell	immune	immune-system	none	none	passed
ENCFF331ICX	ENCFF331ICX	ENCSR140KPO	ENCSR428ISQ	ChromBPNet	observed signal profile	bigWig	DNase-seq	none	T-cell	t-cell	immune	immune-system	none	none	passed
ENCFF414KPM	ENCFF414KPM	ENCSR784RMA	ENCSR152AFM	ChromBPNet	observed signal profile	bigWig	DNase-seq	none	T-cell	t-cell	immune	immune-system	none	none	passed
ENCFF416RWG	ENCFF416RWG	ENCSR926SNI	ENCSR653ROL	ChromBPNet	observed signal profile	bigWig	DNase-seq	none	T-cell	t-cell	immune	immune-system	none	none	passed
ENCFF447AMO	ENCFF447AMO	ENCSR040DGJ	ENCSR164ICL	ChromBPNet	observed signal profile	bigWig	DNase-seq	none	T-cell	t-cell	immune	immune-system	none	none	passed
ENCFF497JKU	ENCFF497JKU	ENCSR410IYF	ENCSR308BEP	ChromBPNet	observed signal profile	bigWig	DNase-seq	none	T-cell	t-cell	immune	immune-system	none	none	passed
ENCFF498SGM	ENCFF498SGM	ENCSR552TPH	ENCSR153FUR	ChromBPNet	observed signal profile	bigWig	DNase-seq	none	T-cell	t-cell	immune	immune-system	none	none	passed
ENCFF499XBA	ENCFF499XBA	ENCSR354SDH	ENCSR440BZZ	ChromBPNet	observed signal profile	bigWig	DNase-seq	none	T-cell	t-cell	immune	immune-system	none	none	passed
ENCFF514OUW	ENCFF514OUW	ENCSR581RSO	ENCSR471LVE	ChromBPNet	observed signal profile	bigWig	DNase-seq	none	T-cell	t-cell	immune	immune-system	none	none	passed
ENCFF518XJR	ENCFF518XJR	ENCSR803JVQ	ENCSR321CRM	ChromBPNet	observed signal profile	bigWig	DNase-seq	none	T-cell	t-cell	immune	immune-system	none	none	passed
ENCFF539WPC	ENCFF539WPC	ENCSR627UDJ	ENCSR806CDG	ChromBPNet	observed signal profile	bigWig	DNase-seq	none	T-cell	t-cell	immune	immune-system	none	none	passed
ENCFF558GRM	ENCFF558GRM	ENCSR041PCL	ENCSR338IJV	ChromBPNet	observed signal profile	bigWig	DNase-seq	none	T-cell	t-cell	immune	immune-system	none	none	passed
ENCFF560OUT	ENCFF560OUT	ENCSR934IKS	ENCSR695TIK	ChromBPNet	observed signal profile	bigWig	DNase-seq	none	T-cell	t-cell	immune	immune-system	none	none	passed
ENCFF575LON	ENCFF575LON	ENCSR270JQK	ENCSR065RIH	ChromBPNet	observed signal profile	bigWig	DNase-seq	none	T-cell	t-cell	immune	immune-system	none	none	passed
ENCFF579UHU	ENCFF579UHU	ENCSR186NTL	ENCSR801GOY	ChromBPNet	observed signal profile	bigWig	DNase-seq	none	T-cell	t-cell	immune	immune-system	none	none	passed
ENCFF585HZY	ENCFF585HZY	ENCSR305WLF	ENCSR171OHS	ChromBPNet	observed signal profile	bigWig	DNase-seq	none	T-cell	t-cell	immune	immune-system	none	none	passed
ENCFF591VLB	ENCFF591VLB	ENCSR467MSP	ENCSR507ABN	ChromBPNet	observed signal profile	bigWig	DNase-seq	none	T-cell	t-cell	immune	immune-system	none	none	passed
ENCFF617TRZ	ENCFF617TRZ	ENCSR218FJD	ENCSR190HNX	ChromBPNet	observed signal profile	bigWig	DNase-seq	none	T-cell	t-cell	immune	immune-system	none	none	passed
ENCFF670TVL	ENCFF670TVL	ENCSR111LTT	ENCSR025EMG	ChromBPNet	observed signal profile	bigWig	DNase-seq	none	T-cell	t-cell	immune	immune-system	none	none	passed
ENCFF683FCI	ENCFF683FCI	ENCSR540VTN	ENCSR309XZW	ChromBPNet	observed signal profile	bigWig	DNase-seq	none	T-cell	t-cell	immune	immune-system	none	none	passed
ENCFF696MDR	ENCFF696MDR	ENCSR217PZP	ENCSR232CBY	ChromBPNet	observed signal profile	bigWig	DNase-seq	none	T-cell	t-cell	immune	immune-system	none	none	passed
ENCFF705OLQ	ENCFF705OLQ	ENCSR473LSX	ENCSR092BCK	ChromBPNet	observed signal profile	bigWig	DNase-seq	none	T-cell	t-cell	immune	immune-system	none	none	passed
ENCFF706XEC	ENCFF706XEC	ENCSR788SKJ	ENCSR757BQE	ChromBPNet	observed signal profile	bigWig	DNase-seq	none	T-cell	t-cell	immune	immune-system	none	none	passed
ENCFF710YNX	ENCFF710YNX	ENCSR561ZLY	ENCSR643LQA	ChromBPNet	observed signal profile	bigWig	DNase-seq	none	T-cell	t-cell	immune	immune-system	none	none	passed
ENCFF723WLU	ENCFF723WLU	ENCSR507XBY	ENCSR137QZB	ChromBPNet	observed signal profile	bigWig	DNase-seq	none	T-cell	t-cell	immune	immune-system	none	none	passed
ENCFF752SZG	ENCFF752SZG	ENCSR419OAR	ENCSR187FBN	ChromBPNet	observed signal profile	bigWig	DNase-seq	none	T-cell	t-cell	immune	immune-system	none	none	passed
ENCFF758CSY	ENCFF758CSY	ENCSR635URJ	ENCSR361VKP	ChromBPNet	observed signal profile	bigWig	DNase-seq	none	T-cell	t-cell	immune	immune-system	none	none	passed
ENCFF762IBI	ENCFF762IBI	ENCSR715TMH	ENCSR448PBW	ChromBPNet	observed signal profile	bigWig	DNase-seq	none	T-cell	t-cell	immune	immune-system	none	none	passed
ENCFF762PSV	ENCFF762PSV	ENCSR457RVC	ENCSR210DXU	ChromBPNet	observed signal profile	bigWig	DNase-seq	none	T-cell	t-cell	immune	immune-system	none	none	passed
ENCFF766BTO	ENCFF766BTO	ENCSR251INE	ENCSR358NNZ	ChromBPNet	observed signal profile	bigWig	DNase-seq	none	T-cell	t-cell	immune	immune-system	none	none	passed
ENCFF789ZJU	ENCFF789ZJU	ENCSR290NGL	ENCSR298UAA	ChromBPNet	observed signal profile	bigWig	DNase-seq	none	T-cell	t-cell	immune	immune-system	none	none	passed
ENCFF791GZF	ENCFF791GZF	ENCSR965JHW	ENCSR748RMU	ChromBPNet	observed signal profile	bigWig	DNase-seq	none	T-cell	t-cell	immune	immune-system	none	none	passed
ENCFF822BGM	ENCFF822BGM	ENCSR396ZIN	ENCSR151PKI	ChromBPNet	observed signal profile	bigWig	DNase-seq	none	T-cell	t-cell	immune	immune-system	none	none	passed
ENCFF847HOH	ENCFF847HOH	ENCSR283MZJ	ENCSR428RDY	ChromBPNet	observed signal profile	bigWig	DNase-seq	none	T-cell	t-cell	immune	immune-system	none	none	passed
ENCFF879IAR	ENCFF879IAR	ENCSR597URK	ENCSR962EIH	ChromBPNet	observed signal profile	bigWig	DNase-seq	none	T-cell	t-cell	immune	immune-system	none	none	passed
ENCFF913ZLF	ENCFF913ZLF	ENCSR541PUY	ENCSR099KJG	ChromBPNet	observed signal profile	bigWig	DNase-seq	none	T-cell	t-cell	immune	immune-system	none	none	passed
ENCFF921WMB	ENCFF921WMB	ENCSR310ZGQ	ENCSR917EWE	ChromBPNet	observed signal profile	bigWig	DNase-seq	none	T-cell	t-cell	immune	immune-system	none	none	passed
ENCFF938REQ	ENCFF938REQ	ENCSR366YTD	ENCSR618VNH	ChromBPNet	observed signal profile	bigWig	DNase-seq	none	T-cell	t-cell	immune	immune-system	none	none	passed
ENCFF939ITY	ENCFF939ITY	ENCSR342OGI	ENCSR971QTW	ChromBPNet	observed signal profile	bigWig	DNase-seq	none	T-cell	t-cell	immune	immune-system	none	none	passed
ENCFF952BQU	ENCFF952BQU	ENCSR628IRM	ENCSR147PTU	ChromBPNet	observed signal profile	bigWig	DNase-seq	none	T-cell	t-cell	immune	immune-system	none	none	passed
ENCFF991GDC	ENCFF991GDC	ENCSR442GKD	ENCSR046WWS	ChromBPNet	observed signal profile	bigWig	DNase-seq	none	T-cell	t-cell	immune	immune-system	none	none	passed
ENCFF998ASP	ENCFF998ASP	ENCSR385XHV	ENCSR335WRL	ChromBPNet	observed signal profile	bigWig	DNase-seq	none	T-cell	t-cell	immune	immune-system	none	none	passed
ENCFF998YFX	ENCFF998YFX	ENCSR630XDN	ENCSR188NOD	ChromBPNet	observed signal profile	bigWig	DNase-seq	none	T-cell	t-cell	immune	immune-system	none	none	passed
ENCFF045PQR	ENCFF045PQR	ENCSR453RFW	ENCSR739ULY	ChromBPNet	observed signal profile	bigWig	DNase-seq	none	T-helper-1-cell	t-helper	immune	immune-system	none	none	passed
ENCFF067TDD	ENCFF067TDD	ENCSR035SZE	ENCSR908PMT	ChromBPNet	observed signal profile	bigWig	DNase-seq	none	T-helper-1-cell	t-helper	immune	immune-system	none	none	passed
ENCFF225SBH	ENCFF225SBH	ENCSR000EQE	ENCSR909XUO	ChromBPNet	observed signal profile	bigWig	DNase-seq	none	T-helper-1-cell	t-helper	immune	immune-system	none	none	passed
ENCFF374ZIX	ENCFF374ZIX	ENCSR384GGJ	ENCSR653VWJ	ChromBPNet	observed signal profile	bigWig	DNase-seq	none	T-helper-1-cell	t-helper	immune	immune-system	none	none	passed
ENCFF478FIQ	ENCFF478FIQ	ENCSR000EQD	ENCSR207XFF	ChromBPNet	observed signal profile	bigWig	DNase-seq	none	T-helper-1-cell	t-helper	immune	immune-system	none	none	passed
ENCFF493BVO	ENCFF493BVO	ENCSR260UJJ	ENCSR752DQB	ChromBPNet	observed signal profile	bigWig	DNase-seq	none	T-helper-1-cell	t-helper	immune	immune-system	none	none	passed
ENCFF879XCS	ENCFF879XCS	ENCSR058ELM	ENCSR914TFI	ChromBPNet	observed signal profile	bigWig	DNase-seq	none	T-helper-1-cell	t-helper	immune	immune-system	none	none	passed
ENCFF061SJR	ENCFF061SJR	ENCSR611BQR	ENCSR647OGN	ChromBPNet	observed signal profile	bigWig	ATAC-seq	none	T-helper-17-cell	t-helper	immune	immune-system	none	none	passed
ENCFF453ZFH	ENCFF453ZFH	ENCSR803FKU	ENCSR251ZLN	ChromBPNet	observed signal profile	bigWig	ATAC-seq	none	T-helper-17-cell	t-helper	immune	immune-system	none	none	passed
ENCFF822CVH	ENCFF822CVH	ENCSR248ZAC	ENCSR710TZU	ChromBPNet	observed signal profile	bigWig	ATAC-seq	none	T-helper-17-cell	t-helper	immune	immune-system	none	none	passed
ENCFF056NMG	ENCFF056NMG	ENCSR000EQF	ENCSR255EPH	ChromBPNet	observed signal profile	bigWig	DNase-seq	none	T-helper-17-cell	t-helper	immune	immune-system	none	none	passed
ENCFF250AWB	ENCFF250AWB	ENCSR537TXP	ENCSR700DMS	ChromBPNet	observed signal profile	bigWig	DNase-seq	none	T-helper-17-cell	t-helper	immune	immune-system	none	none	passed
ENCFF457AIU	ENCFF457AIU	ENCSR709YRE	ENCSR347TOO	ChromBPNet	observed signal profile	bigWig	DNase-seq	none	T-helper-17-cell	t-helper	immune	immune-system	none	none	passed
ENCFF807GIG	ENCFF807GIG	ENCSR731KDL	ENCSR526ELA	ChromBPNet	observed signal profile	bigWig	DNase-seq	none	T-helper-17-cell	t-helper	immune	immune-system	none	none	passed
ENCFF823TQX	ENCFF823TQX	ENCSR623PVB	ENCSR625NZK	ChromBPNet	observed signal profile	bigWig	DNase-seq	none	T-helper-17-cell	t-helper	immune	immune-system	none	none	passed
ENCFF991QRS	ENCFF991QRS	ENCSR747RGR	ENCSR574LGV	ChromBPNet	observed signal profile	bigWig	DNase-seq	none	T-helper-17-cell	t-helper	immune	immune-system	none	none	passed
ENCFF174RZD	ENCFF174RZD	ENCSR197ZNW	ENCSR971VHE	ChromBPNet	observed signal profile	bigWig	DNase-seq	none	T-helper-2-cell	t-helper	immune	immune-system	none	none	passed
ENCFF221NPP	ENCFF221NPP	ENCSR872IXQ	ENCSR775SOJ	ChromBPNet	observed signal profile	bigWig	DNase-seq	none	T-helper-2-cell	t-helper	immune	immune-system	none	none	passed
ENCFF256TZT	ENCFF256TZT	ENCSR000EQI	ENCSR745WFF	ChromBPNet	observed signal profile	bigWig	DNase-seq	none	T-helper-2-cell	t-helper	immune	immune-system	none	none	passed
ENCFF515HWF	ENCFF515HWF	ENCSR000EQH	ENCSR486TDW	ChromBPNet	observed signal profile	bigWig	DNase-seq	none	T-helper-2-cell	t-helper	immune	immune-system	none	none	passed
ENCFF586JTE	ENCFF586JTE	ENCSR869JYO	ENCSR134SAX	ChromBPNet	observed signal profile	bigWig	DNase-seq	none	T-helper-2-cell	t-helper	immune	immune-system	none	none	passed
ENCFF672CCB	ENCFF672CCB	ENCSR943KMD	ENCSR126JGP	ChromBPNet	observed signal profile	bigWig	DNase-seq	none	T-helper-2-cell	t-helper	immune	immune-system	none	none	passed
ENCFF929YUX	ENCFF929YUX	ENCSR223XND	ENCSR980WLK	ChromBPNet	observed signal profile	bigWig	DNase-seq	none	T-helper-2-cell	t-helper	immune	immune-system	none	none	passed
ENCFF175ONH	ENCFF175ONH	ENCSR000EQB	ENCSR233KPU	ChromBPNet	observed signal profile	bigWig	DNase-seq	none	T47D	cell-line	cell-line	cell-line	none	none	passed
ENCFF222MYZ	ENCFF222MYZ	ENCSR000EQL	ENCSR466RMK	ChromBPNet	observed signal profile	bigWig	DNase-seq	none	WERI-Rb-1	cell-line	cell-line	cell-line	none	none	passed
ENCFF795KNR	ENCFF795KNR	ENCSR218FSP	ENCSR993TVH	ChromBPNet	observed signal profile	bigWig	DNase-seq	none	WERI-Rb-1	cell-line	cell-line	cell-line	none	none	passed
ENCFF651LLJ	ENCFF651LLJ	ENCSR000EQM	ENCSR456VRU	ChromBPNet	observed signal profile	bigWig	DNase-seq	none	WI38	cell-line	cell-line	cell-line	none	none	passed
ENCFF653QTD	ENCFF653QTD	ENCSR000EQN	ENCSR972HRO	ChromBPNet	observed signal profile	bigWig	DNase-seq	none	WI38	cell-line	cell-line	cell-line	none	none	passed
ENCFF236XGI	ENCFF236XGI	ENCSR541KFY	ENCSR631EWP	ChromBPNet	observed signal profile	bigWig	ATAC-seq	none	WTC11	cell-line	cell-line	cell-line	none	none	passed
ENCFF495XGY	ENCFF495XGY	ENCSR785ZUI	ENCSR751ECR	ChromBPNet	observed signal profile	bigWig	DNase-seq	none	WTC11	cell-line	cell-line	cell-line	none	none	passed
ENCFF902QLR	ENCFF902QLR	ENCSR659SFK	ENCSR927SNZ	ChromBPNet	observed signal profile	bigWig	ATAC-seq	none	activated-B-cell	b-cell	immune	immune-system	none	none	passed
ENCFF363TNY	ENCFF363TNY	ENCSR109DTU	ENCSR215IBY	ChromBPNet	observed signal profile	bigWig	DNase-seq	none	activated-B-cell	b-cell	immune	immune-system	none	none	passed
ENCFF400MYP	ENCFF400MYP	ENCSR094QFZ	ENCSR294ULE	ChromBPNet	observed signal profile	bigWig	ATAC-seq	none	activated-CD4-positive,-CD25-positive,-alpha-beta-regulatory-T-cell	t-cell	immune	immune-system	none	none	passed
ENCFF871RIW	ENCFF871RIW	ENCSR261PWP	ENCSR866REJ	ChromBPNet	observed signal profile	bigWig	ATAC-seq	none	activated-CD4-positive,-CD25-positive,-alpha-beta-regulatory-T-cell	t-cell	immune	immune-system	none	none	passed
ENCFF930EJI	ENCFF930EJI	ENCSR133OSO	ENCSR382VVU	ChromBPNet	observed signal profile	bigWig	DNase-seq	none	activated-CD4-positive,-CD25-positive,-alpha-beta-regulatory-T-cell	t-cell	immune	immune-system	none	none	passed
ENCFF989GSQ	ENCFF989GSQ	ENCSR242CLA	ENCSR151JCL	ChromBPNet	observed signal profile	bigWig	DNase-seq	none	activated-CD4-positive,-CD25-positive,-alpha-beta-regulatory-T-cell	t-cell	immune	immune-system	none	none	passed
ENCFF868AZI	ENCFF868AZI	ENCSR991PBP	ENCSR559OBX	ChromBPNet	observed signal profile	bigWig	ATAC-seq	none	activated-CD4-positive,-alpha-beta-T-cell	t-cell	immune	immune-system	none	none	passed
ENCFF031NWM	ENCFF031NWM	ENCSR312ZTS	ENCSR478IVZ	ChromBPNet	observed signal profile	bigWig	DNase-seq	none	activated-CD4-positive,-alpha-beta-T-cell	t-cell	immune	immune-system	none	none	passed
ENCFF034IAL	ENCFF034IAL	ENCSR698VDM	ENCSR764UTK	ChromBPNet	observed signal profile	bigWig	DNase-seq	none	activated-CD4-positive,-alpha-beta-T-cell	t-cell	immune	immune-system	none	none	passed
ENCFF034ROW	ENCFF034ROW	ENCSR801VSK	ENCSR420JER	ChromBPNet	observed signal profile	bigWig	DNase-seq	none	activated-CD4-positive,-alpha-beta-T-cell	t-cell	immune	immune-system	none	none	passed
ENCFF042LSH	ENCFF042LSH	ENCSR173HPQ	ENCSR884EKY	ChromBPNet	observed signal profile	bigWig	DNase-seq	none	activated-CD4-positive,-alpha-beta-T-cell	t-cell	immune	immune-system	none	none	passed
ENCFF124DXB	ENCFF124DXB	ENCSR935HEI	ENCSR476LJY	ChromBPNet	observed signal profile	bigWig	DNase-seq	none	activated-CD4-positive,-alpha-beta-T-cell	t-cell	immune	immune-system	none	none	passed
ENCFF136DKN	ENCFF136DKN	ENCSR121BSW	ENCSR090UGL	ChromBPNet	observed signal profile	bigWig	DNase-seq	none	activated-CD4-positive,-alpha-beta-T-cell	t-cell	immune	immune-system	none	none	passed
ENCFF170CPH	ENCFF170CPH	ENCSR604FER	ENCSR429MAD	ChromBPNet	observed signal profile	bigWig	DNase-seq	none	activated-CD4-positive,-alpha-beta-T-cell	t-cell	immune	immune-system	none	none	passed
ENCFF178YON	ENCFF178YON	ENCSR144NXI	ENCSR820GUH	ChromBPNet	observed signal profile	bigWig	DNase-seq	none	activated-CD4-positive,-alpha-beta-T-cell	t-cell	immune	immune-system	none	none	passed
ENCFF215OLY	ENCFF215OLY	ENCSR841UCZ	ENCSR158YLN	ChromBPNet	observed signal profile	bigWig	DNase-seq	none	activated-CD4-positive,-alpha-beta-T-cell	t-cell	immune	immune-system	none	none	passed
ENCFF223EYF	ENCFF223EYF	ENCSR740DJQ	ENCSR751LNJ	ChromBPNet	observed signal profile	bigWig	DNase-seq	none	activated-CD4-positive,-alpha-beta-T-cell	t-cell	immune	immune-system	none	none	passed
ENCFF237QFJ	ENCFF237QFJ	ENCSR252NVI	ENCSR599MKA	ChromBPNet	observed signal profile	bigWig	DNase-seq	none	activated-CD4-positive,-alpha-beta-T-cell	t-cell	immune	immune-system	none	none	passed
ENCFF275EFX	ENCFF275EFX	ENCSR139PLJ	ENCSR224FSJ	ChromBPNet	observed signal profile	bigWig	DNase-seq	none	activated-CD4-positive,-alpha-beta-T-cell	t-cell	immune	immune-system	none	none	passed
ENCFF410NGX	ENCFF410NGX	ENCSR799MVH	ENCSR342SVJ	ChromBPNet	observed signal profile	bigWig	DNase-seq	none	activated-CD4-positive,-alpha-beta-T-cell	t-cell	immune	immune-system	none	none	passed
ENCFF522ORI	ENCFF522ORI	ENCSR679EFH	ENCSR434QWM	ChromBPNet	observed signal profile	bigWig	DNase-seq	none	activated-CD4-positive,-alpha-beta-T-cell	t-cell	immune	immune-system	none	none	passed
ENCFF569PDQ	ENCFF569PDQ	ENCSR457JOG	ENCSR562WIA	ChromBPNet	observed signal profile	bigWig	DNase-seq	none	activated-CD4-positive,-alpha-beta-T-cell	t-cell	immune	immune-system	none	none	passed
ENCFF634YRA	ENCFF634YRA	ENCSR124PXN	ENCSR763BIV	ChromBPNet	observed signal profile	bigWig	DNase-seq	none	activated-CD4-positive,-alpha-beta-T-cell	t-cell	immune	immune-system	none	none	passed
ENCFF634ZKU	ENCFF634ZKU	ENCSR180KMR	ENCSR782KPZ	ChromBPNet	observed signal profile	bigWig	DNase-seq	none	activated-CD4-positive,-alpha-beta-T-cell	t-cell	immune	immune-system	none	none	passed
ENCFF769CYP	ENCFF769CYP	ENCSR323LVJ	ENCSR594QMF	ChromBPNet	observed signal profile	bigWig	DNase-seq	none	activated-CD4-positive,-alpha-beta-T-cell	t-cell	immune	immune-system	none	none	passed
ENCFF804TUP	ENCFF804TUP	ENCSR273USD	ENCSR753CMU	ChromBPNet	observed signal profile	bigWig	DNase-seq	none	activated-CD4-positive,-alpha-beta-T-cell	t-cell	immune	immune-system	none	none	passed
ENCFF810JAL	ENCFF810JAL	ENCSR768AWY	ENCSR897WWX	ChromBPNet	observed signal profile	bigWig	DNase-seq	none	activated-CD4-positive,-alpha-beta-T-cell	t-cell	immune	immune-system	none	none	passed
ENCFF822PRE	ENCFF822PRE	ENCSR874DUP	ENCSR708KHR	ChromBPNet	observed signal profile	bigWig	DNase-seq	none	activated-CD4-positive,-alpha-beta-T-cell	t-cell	immune	immune-system	none	none	passed
ENCFF885YXD	ENCFF885YXD	ENCSR154NOT	ENCSR114ZKF	ChromBPNet	observed signal profile	bigWig	DNase-seq	none	activated-CD4-positive,-alpha-beta-T-cell	t-cell	immune	immune-system	none	none	passed
ENCFF953BIE	ENCFF953BIE	ENCSR436JRE	ENCSR901DXM	ChromBPNet	observed signal profile	bigWig	DNase-seq	none	activated-CD4-positive,-alpha-beta-T-cell	t-cell	immune	immune-system	none	none	passed
ENCFF990YWG	ENCFF990YWG	ENCSR493IQY	ENCSR422POB	ChromBPNet	observed signal profile	bigWig	DNase-seq	none	activated-CD4-positive,-alpha-beta-T-cell	t-cell	immune	immune-system	none	none	passed
ENCFF544UOM	ENCFF544UOM	ENCSR021YFW	ENCSR301LCS	ChromBPNet	observed signal profile	bigWig	DNase-seq	none	activated-CD4-positive,-alpha-beta-memory-T-cell	t-cell	immune	immune-system	none	none	passed
ENCFF737AXP	ENCFF737AXP	ENCSR718HWW	ENCSR522GVK	ChromBPNet	observed signal profile	bigWig	ATAC-seq	none	activated-CD8-positive,-alpha-beta-T-cell	t-cell	immune	immune-system	none	none	passed
ENCFF773VTO	ENCFF773VTO	ENCSR545UJP	ENCSR698SZY	ChromBPNet	observed signal profile	bigWig	ATAC-seq	none	activated-CD8-positive,-alpha-beta-T-cell	t-cell	immune	immune-system	none	none	passed
ENCFF359UCE	ENCFF359UCE	ENCSR294YEJ	ENCSR881ZKT	ChromBPNet	observed signal profile	bigWig	DNase-seq	none	activated-CD8-positive,-alpha-beta-T-cell	t-cell	immune	immune-system	none	none	passed
ENCFF811BHZ	ENCFF811BHZ	ENCSR776BTO	ENCSR838UZA	ChromBPNet	observed signal profile	bigWig	DNase-seq	none	activated-CD8-positive,-alpha-beta-T-cell	t-cell	immune	immune-system	none	none	passed
ENCFF038DPP	ENCFF038DPP	ENCSR915MTG	ENCSR740TJF	ChromBPNet	observed signal profile	bigWig	ATAC-seq	none	activated-CD8-positive,-alpha-beta-memory-T-cell	t-cell	immune	immune-system	none	none	passed
ENCFF089JNN	ENCFF089JNN	ENCSR274XTS	ENCSR839SCD	ChromBPNet	observed signal profile	bigWig	DNase-seq	none	activated-CD8-positive,-alpha-beta-memory-T-cell	t-cell	immune	immune-system	none	none	passed
ENCFF119JFX	ENCFF119JFX	ENCSR171APM	ENCSR102OSF	ChromBPNet	observed signal profile	bigWig	DNase-seq	none	activated-CD8-positive,-alpha-beta-memory-T-cell	t-cell	immune	immune-system	none	none	passed
ENCFF166RFN	ENCFF166RFN	ENCSR653ISV	ENCSR001PBZ	ChromBPNet	observed signal profile	bigWig	DNase-seq	none	activated-CD8-positive,-alpha-beta-memory-T-cell	t-cell	immune	immune-system	none	none	passed
ENCFF190FMF	ENCFF190FMF	ENCSR950YTI	ENCSR234XNV	ChromBPNet	observed signal profile	bigWig	DNase-seq	none	activated-CD8-positive,-alpha-beta-memory-T-cell	t-cell	immune	immune-system	none	none	passed
ENCFF272CCY	ENCFF272CCY	ENCSR971MMF	ENCSR854AOU	ChromBPNet	observed signal profile	bigWig	DNase-seq	none	activated-CD8-positive,-alpha-beta-memory-T-cell	t-cell	immune	immune-system	none	none	passed
ENCFF389QEV	ENCFF389QEV	ENCSR951MYM	ENCSR955CKY	ChromBPNet	observed signal profile	bigWig	DNase-seq	none	activated-CD8-positive,-alpha-beta-memory-T-cell	t-cell	immune	immune-system	none	none	passed
ENCFF484CAA	ENCFF484CAA	ENCSR175OHT	ENCSR282COW	ChromBPNet	observed signal profile	bigWig	DNase-seq	none	activated-CD8-positive,-alpha-beta-memory-T-cell	t-cell	immune	immune-system	none	none	passed
ENCFF509NZR	ENCFF509NZR	ENCSR534OJE	ENCSR014DCO	ChromBPNet	observed signal profile	bigWig	DNase-seq	none	activated-CD8-positive,-alpha-beta-memory-T-cell	t-cell	immune	immune-system	none	none	passed
ENCFF784PWH	ENCFF784PWH	ENCSR141RSN	ENCSR645BWU	ChromBPNet	observed signal profile	bigWig	DNase-seq	none	activated-CD8-positive,-alpha-beta-memory-T-cell	t-cell	immune	immune-system	none	none	passed
ENCFF788SGO	ENCFF788SGO	ENCSR134CIY	ENCSR741OGV	ChromBPNet	observed signal profile	bigWig	DNase-seq	none	activated-CD8-positive,-alpha-beta-memory-T-cell	t-cell	immune	immune-system	none	none	passed
ENCFF917IFD	ENCFF917IFD	ENCSR860IDO	ENCSR145FGL	ChromBPNet	observed signal profile	bigWig	DNase-seq	none	activated-CD8-positive,-alpha-beta-memory-T-cell	t-cell	immune	immune-system	none	none	passed
ENCFF948LOQ	ENCFF948LOQ	ENCSR933VOY	ENCSR821ABU	ChromBPNet	observed signal profile	bigWig	DNase-seq	none	activated-CD8-positive,-alpha-beta-memory-T-cell	t-cell	immune	immune-system	none	none	passed
ENCFF985VYO	ENCFF985VYO	ENCSR442SDV	ENCSR696EMG	ChromBPNet	observed signal profile	bigWig	DNase-seq	none	activated-CD8-positive,-alpha-beta-memory-T-cell	t-cell	immune	immune-system	none	none	passed
ENCFF132EUF	ENCFF132EUF	ENCSR092SRS	ENCSR586AZX	ChromBPNet	observed signal profile	bigWig	ATAC-seq	none	activated-T-cell	t-cell	immune	immune-system	none	none	passed
ENCFF293KXA	ENCFF293KXA	ENCSR558ZSN	ENCSR559GAM	ChromBPNet	observed signal profile	bigWig	ATAC-seq	none	activated-T-cell	t-cell	immune	immune-system	none	none	passed
ENCFF448KAG	ENCFF448KAG	ENCSR411NFB	ENCSR958JWD	ChromBPNet	observed signal profile	bigWig	ATAC-seq	none	activated-T-cell	t-cell	immune	immune-system	none	none	passed
ENCFF451RXE	ENCFF451RXE	ENCSR993XED	ENCSR658XDN	ChromBPNet	observed signal profile	bigWig	ATAC-seq	none	activated-T-cell	t-cell	immune	immune-system	none	none	passed
ENCFF667FMM	ENCFF667FMM	ENCSR830ALP	ENCSR657WDG	ChromBPNet	observed signal profile	bigWig	ATAC-seq	none	activated-T-cell	t-cell	immune	immune-system	none	none	passed
ENCFF742TFG	ENCFF742TFG	ENCSR775KMA	ENCSR281IMH	ChromBPNet	observed signal profile	bigWig	ATAC-seq	none	activated-T-cell	t-cell	immune	immune-system	none	none	passed
ENCFF012RWE	ENCFF012RWE	ENCSR343MCI	ENCSR385FDN	ChromBPNet	observed signal profile	bigWig	DNase-seq	none	activated-T-cell	t-cell	immune	immune-system	none	none	passed
ENCFF246VZV	ENCFF246VZV	ENCSR038POV	ENCSR165ZRY	ChromBPNet	observed signal profile	bigWig	DNase-seq	none	activated-T-cell	t-cell	immune	immune-system	none	none	passed
ENCFF297BZU	ENCFF297BZU	ENCSR810CTB	ENCSR711QEP	ChromBPNet	observed signal profile	bigWig	DNase-seq	none	activated-T-cell	t-cell	immune	immune-system	none	none	passed
ENCFF385EAZ	ENCFF385EAZ	ENCSR223KKX	ENCSR024GLL	ChromBPNet	observed signal profile	bigWig	DNase-seq	none	activated-T-cell	t-cell	immune	immune-system	none	none	passed
ENCFF426LBV	ENCFF426LBV	ENCSR660FSU	ENCSR779VYF	ChromBPNet	observed signal profile	bigWig	DNase-seq	none	activated-T-cell	t-cell	immune	immune-system	none	none	passed
ENCFF527KXR	ENCFF527KXR	ENCSR416QNA	ENCSR204XYH	ChromBPNet	observed signal profile	bigWig	DNase-seq	none	activated-T-cell	t-cell	immune	immune-system	none	none	passed
ENCFF544XOS	ENCFF544XOS	ENCSR303JDG	ENCSR912VHI	ChromBPNet	observed signal profile	bigWig	DNase-seq	none	activated-T-cell	t-cell	immune	immune-system	none	none	passed
ENCFF727EMG	ENCFF727EMG	ENCSR466SUZ	ENCSR248QWZ	ChromBPNet	observed signal profile	bigWig	DNase-seq	none	activated-T-cell	t-cell	immune	immune-system	none	none	passed
ENCFF729ZZG	ENCFF729ZZG	ENCSR617NTY	ENCSR122JYD	ChromBPNet	observed signal profile	bigWig	DNase-seq	none	activated-T-cell	t-cell	immune	immune-system	none	none	passed
ENCFF793BVY	ENCFF793BVY	ENCSR273GCF	ENCSR753AZU	ChromBPNet	observed signal profile	bigWig	DNase-seq	none	activated-T-cell	t-cell	immune	immune-system	none	none	passed
ENCFF849IQN	ENCFF849IQN	ENCSR219KTW	ENCSR431GRV	ChromBPNet	observed signal profile	bigWig	DNase-seq	none	activated-T-cell	t-cell	immune	immune-system	none	none	passed
ENCFF911RMB	ENCFF911RMB	ENCSR312INU	ENCSR221IMW	ChromBPNet	observed signal profile	bigWig	DNase-seq	none	activated-T-cell	t-cell	immune	immune-system	none	none	passed
ENCFF959OIK	ENCFF959OIK	ENCSR771JQH	ENCSR673OVY	ChromBPNet	observed signal profile	bigWig	DNase-seq	none	activated-T-cell	t-cell	immune	immune-system	none	none	passed
ENCFF971PXC	ENCFF971PXC	ENCSR636DIR	ENCSR025USQ	ChromBPNet	observed signal profile	bigWig	DNase-seq	none	activated-T-helper-1-cell	t-helper	immune	immune-system	none	none	passed
ENCFF915WLN	ENCFF915WLN	ENCSR115OIV	ENCSR643BHE	ChromBPNet	observed signal profile	bigWig	ATAC-seq	none	activated-T-helper-17-cell	t-helper	immune	immune-system	none	none	passed
ENCFF350GUO	ENCFF350GUO	ENCSR780ABS	ENCSR165GRK	ChromBPNet	observed signal profile	bigWig	DNase-seq	none	activated-T-helper-2-cell	t-helper	immune	immune-system	none	none	passed
ENCFF160RHF	ENCFF160RHF	ENCSR174SUM	ENCSR982XXE	ChromBPNet	observed signal profile	bigWig	ATAC-seq	none	activated-naive-CD4-positive,-alpha-beta-T-cell	t-cell	immune	immune-system	none	none	passed
ENCFF939PDQ	ENCFF939PDQ	ENCSR373NFA	ENCSR572FSB	ChromBPNet	observed signal profile	bigWig	ATAC-seq	none	activated-naive-CD4-positive,-alpha-beta-T-cell	t-cell	immune	immune-system	none	none	passed
ENCFF098TXO	ENCFF098TXO	ENCSR593OUE	ENCSR755EAD	ChromBPNet	observed signal profile	bigWig	DNase-seq	none	activated-naive-CD4-positive,-alpha-beta-T-cell	t-cell	immune	immune-system	none	none	passed
ENCFF391FNV	ENCFF391FNV	ENCSR386BOX	ENCSR976MJM	ChromBPNet	observed signal profile	bigWig	DNase-seq	none	activated-naive-CD4-positive,-alpha-beta-T-cell	t-cell	immune	immune-system	none	none	passed
ENCFF587ACH	ENCFF587ACH	ENCSR778DWG	ENCSR872HWV	ChromBPNet	observed signal profile	bigWig	DNase-seq	none	activated-naive-CD4-positive,-alpha-beta-T-cell	t-cell	immune	immune-system	none	none	passed
ENCFF693RHD	ENCFF693RHD	ENCSR478SWA	ENCSR789FJA	ChromBPNet	observed signal profile	bigWig	DNase-seq	none	activated-naive-CD4-positive,-alpha-beta-T-cell	t-cell	immune	immune-system	none	none	passed
ENCFF739NRO	ENCFF739NRO	ENCSR515PDV	ENCSR836WUG	ChromBPNet	observed signal profile	bigWig	DNase-seq	none	activated-naive-CD4-positive,-alpha-beta-T-cell	t-cell	immune	immune-system	none	none	passed
ENCFF794PUR	ENCFF794PUR	ENCSR396EWH	ENCSR031MEP	ChromBPNet	observed signal profile	bigWig	DNase-seq	none	activated-naive-CD4-positive,-alpha-beta-T-cell	t-cell	immune	immune-system	none	none	passed
ENCFF805UIH	ENCFF805UIH	ENCSR100OSB	ENCSR549FXP	ChromBPNet	observed signal profile	bigWig	DNase-seq	none	activated-naive-CD4-positive,-alpha-beta-T-cell	t-cell	immune	immune-system	none	none	passed
ENCFF277ZXH	ENCFF277ZXH	ENCSR983HXF	ENCSR772JLL	ChromBPNet	observed signal profile	bigWig	ATAC-seq	none	activated-naive-CD8-positive,-alpha-beta-T-cell	t-cell	immune	immune-system	none	none	passed
ENCFF820FMV	ENCFF820FMV	ENCSR477YSU	ENCSR405VMI	ChromBPNet	observed signal profile	bigWig	ATAC-seq	none	activated-naive-CD8-positive,-alpha-beta-T-cell	t-cell	immune	immune-system	none	none	passed
ENCFF187POQ	ENCFF187POQ	ENCSR518YYX	ENCSR900QIE	ChromBPNet	observed signal profile	bigWig	DNase-seq	none	activated-naive-CD8-positive,-alpha-beta-T-cell	t-cell	immune	immune-system	none	none	passed
ENCFF266JSE	ENCFF266JSE	ENCSR009MDC	ENCSR794YME	ChromBPNet	observed signal profile	bigWig	DNase-seq	none	activated-naive-CD8-positive,-alpha-beta-T-cell	t-cell	immune	immune-system	none	none	passed
ENCFF304JTM	ENCFF304JTM	ENCSR572HUG	ENCSR608HZF	ChromBPNet	observed signal profile	bigWig	DNase-seq	none	activated-naive-CD8-positive,-alpha-beta-T-cell	t-cell	immune	immune-system	none	none	passed
ENCFF712BVQ	ENCFF712BVQ	ENCSR044JIR	ENCSR246MCM	ChromBPNet	observed signal profile	bigWig	DNase-seq	none	activated-naive-CD8-positive,-alpha-beta-T-cell	t-cell	immune	immune-system	none	none	passed
ENCFF571LKG	ENCFF571LKG	ENCSR405TXU	ENCSR264LKG	ChromBPNet	observed signal profile	bigWig	DNase-seq	none	adipocyte	adipocyte	skin	integumental-system	none	none	passed
ENCFF310VZK	ENCFF310VZK	ENCSR651SOJ	ENCSR256SRN	ChromBPNet	observed signal profile	bigWig	ATAC-seq	none	adrenal-gland	renal	kidney	excretory-system	none	none	passed
ENCFF419ROQ	ENCFF419ROQ	ENCSR548KIL	ENCSR581CTF	ChromBPNet	observed signal profile	bigWig	ATAC-seq	none	adrenal-gland	renal	kidney	excretory-system	none	none	passed
ENCFF659HTX	ENCFF659HTX	ENCSR241OBO	ENCSR371OUD	ChromBPNet	observed signal profile	bigWig	ATAC-seq	none	adrenal-gland	renal	kidney	excretory-system	none	none	passed
ENCFF673TRL	ENCFF673TRL	ENCSR414DVK	ENCSR547VLW	ChromBPNet	observed signal profile	bigWig	ATAC-seq	none	adrenal-gland	renal	kidney	excretory-system	none	none	passed
ENCFF675OFM	ENCFF675OFM	ENCSR864ADD	ENCSR335XYY	ChromBPNet	observed signal profile	bigWig	ATAC-seq	none	adrenal-gland	renal	kidney	excretory-system	none	none	passed
ENCFF679IKU	ENCFF679IKU	ENCSR113MBR	ENCSR086JKR	ChromBPNet	observed signal profile	bigWig	ATAC-seq	none	adrenal-gland	renal	kidney	excretory-system	none	none	passed
ENCFF812OAG	ENCFF812OAG	ENCSR553LAZ	ENCSR906OGG	ChromBPNet	observed signal profile	bigWig	ATAC-seq	none	adrenal-gland	renal	kidney	excretory-system	none	none	passed
ENCFF848SUE	ENCFF848SUE	ENCSR542RNG	ENCSR594HLA	ChromBPNet	observed signal profile	bigWig	ATAC-seq	none	adrenal-gland	renal	kidney	excretory-system	none	none	passed
ENCFF042EUX	ENCFF042EUX	ENCSR325FWM	ENCSR929GDD	ChromBPNet	observed signal profile	bigWig	DNase-seq	none	adrenal-gland	renal	kidney	excretory-system	none	none	passed
ENCFF222CBP	ENCFF222CBP	ENCSR458AOS	ENCSR682XOG	ChromBPNet	observed signal profile	bigWig	DNase-seq	none	adrenal-gland	renal	kidney	excretory-system	none	none	passed
ENCFF242IMH	ENCFF242IMH	ENCSR419MZH	ENCSR892BZF	ChromBPNet	observed signal profile	bigWig	DNase-seq	none	adrenal-gland	renal	kidney	excretory-system	none	none	passed
ENCFF277AZC	ENCFF277AZC	ENCSR962VJO	ENCSR810FNZ	ChromBPNet	observed signal profile	bigWig	DNase-seq	none	adrenal-gland	renal	kidney	excretory-system	none	none	passed
ENCFF334OGQ	ENCFF334OGQ	ENCSR696XSJ	ENCSR588WNH	ChromBPNet	observed signal profile	bigWig	DNase-seq	none	adrenal-gland	renal	kidney	excretory-system	none	none	passed
ENCFF385YOA	ENCFF385YOA	ENCSR259GYP	ENCSR786XHR	ChromBPNet	observed signal profile	bigWig	DNase-seq	none	adrenal-gland	renal	kidney	excretory-system	none	none	passed
ENCFF400THG	ENCFF400THG	ENCSR080PZL	ENCSR362GHU	ChromBPNet	observed signal profile	bigWig	DNase-seq	none	adrenal-gland	renal	kidney	excretory-system	none	none	passed
ENCFF473GQA	ENCFF473GQA	ENCSR060BFU	ENCSR430YSE	ChromBPNet	observed signal profile	bigWig	DNase-seq	none	adrenal-gland	renal	kidney	excretory-system	none	none	passed
ENCFF565DYF	ENCFF565DYF	ENCSR277KRY	ENCSR167VCE	ChromBPNet	observed signal profile	bigWig	DNase-seq	none	adrenal-gland	renal	kidney	excretory-system	none	none	passed
ENCFF702NNO	ENCFF702NNO	ENCSR541JMK	ENCSR210OQR	ChromBPNet	observed signal profile	bigWig	DNase-seq	none	adrenal-gland	renal	kidney	excretory-system	none	none	passed
ENCFF725COX	ENCFF725COX	ENCSR866RCY	ENCSR648APH	ChromBPNet	observed signal profile	bigWig	DNase-seq	none	adrenal-gland	renal	kidney	excretory-system	none	none	passed
ENCFF732RFP	ENCFF732RFP	ENCSR053ZKP	ENCSR967OBH	ChromBPNet	observed signal profile	bigWig	DNase-seq	none	adrenal-gland	renal	kidney	excretory-system	none	none	passed
ENCFF838SOK	ENCFF838SOK	ENCSR728BAD	ENCSR315ADW	ChromBPNet	observed signal profile	bigWig	DNase-seq	none	adrenal-gland	renal	kidney	excretory-system	none	none	passed
ENCFF951XMH	ENCFF951XMH	ENCSR856QJX	ENCSR879UIA	ChromBPNet	observed signal profile	bigWig	DNase-seq	none	adrenal-gland	renal	kidney	excretory-system	none	none	passed
ENCFF777HSR	ENCFF777HSR	ENCSR207TUX	ENCSR010APK	ChromBPNet	observed signal profile	bigWig	DNase-seq	none	amniotic-stem-cell	stem-cell	stem-cell	developmental-system	none	none	passed
ENCFF111MSU	ENCFF111MSU	ENCSR295TFY	ENCSR757IZS	ChromBPNet	observed signal profile	bigWig	ATAC-seq	none	aorta	aorta	blood-vessel	circulatory-system	none	none	passed
ENCFF678ODJ	ENCFF678ODJ	ENCSR713KNQ	ENCSR022DFT	ChromBPNet	observed signal profile	bigWig	DNase-seq	none	aorta	aorta	blood-vessel	circulatory-system	none	none	passed
ENCFF833GSI	ENCFF833GSI	ENCSR595DQM	ENCSR306FXM	ChromBPNet	observed signal profile	bigWig	DNase-seq	none	aorta	aorta	blood-vessel	circulatory-system	none	none	passed
ENCFF718IEK	ENCFF718IEK	ENCSR422IIZ	ENCSR041YVR	ChromBPNet	observed signal profile	bigWig	DNase-seq	none	ascending-aorta	aorta	blood-vessel	circulatory-system	none	none	passed
ENCFF813SFB	ENCFF813SFB	ENCSR968TPO	ENCSR635FUD	ChromBPNet	observed signal profile	bigWig	DNase-seq	none	ascending-aorta	aorta	blood-vessel	circulatory-system	none	none	passed
ENCFF058HEC	ENCFF058HEC	ENCSR146KFX	ENCSR997CWD	ChromBPNet	observed signal profile	bigWig	DNase-seq	none	astrocyte	astrocyte	nerve	central-nervous-system	none	none	passed
ENCFF974LFK	ENCFF974LFK	ENCSR000EPM	ENCSR840BKO	ChromBPNet	observed signal profile	bigWig	DNase-seq	none	astrocyte	astrocyte	nerve	central-nervous-system	none	none	passed
ENCFF110RWJ	ENCFF110RWJ	ENCSR000ENC	ENCSR448SEA	ChromBPNet	observed signal profile	bigWig	DNase-seq	none	astrocyte-of-the-cerebellum	cerebell	brain	central-nervous-system	none	none	passed
ENCFF943QQZ	ENCFF943QQZ	ENCSR000ENA	ENCSR420HYN	ChromBPNet	observed signal profile	bigWig	DNase-seq	none	astrocyte-of-the-hippocampus	hippocampus	brain	central-nervous-system	none	none	passed
ENCFF830WFQ	ENCFF830WFQ	ENCSR000ENB	ENCSR850BLY	ChromBPNet	observed signal profile	bigWig	DNase-seq	none	astrocyte-of-the-spinal-cord	spinal	CNS	central-nervous-system	none	none	passed
ENCFF387WIE	ENCFF387WIE	ENCSR174MLD	ENCSR052YOP	ChromBPNet	observed signal profile	bigWig	ATAC-seq	none	bile-duct	bile	gallbladder	digestive-system	none	none	passed
ENCFF654KWF	ENCFF654KWF	ENCSR653ZWW	ENCSR545REK	ChromBPNet	observed signal profile	bigWig	ATAC-seq	none	bile-duct	bile	gallbladder	digestive-system	none	none	passed
ENCFF750QNO	ENCFF750QNO	ENCSR325NFE	ENCSR983ILK	ChromBPNet	observed signal profile	bigWig	ATAC-seq	none	bile-duct	bile	gallbladder	digestive-system	none	none	passed
ENCFF106YLK	ENCFF106YLK	ENCSR765MXG	ENCSR044DSU	ChromBPNet	observed signal profile	bigWig	ATAC-seq	none	body-of-pancreas	pancreas	pancreas	digestive-system	none	none	passed
ENCFF118KSS	ENCFF118KSS	ENCSR515CDW	ENCSR512UQA	ChromBPNet	observed signal profile	bigWig	ATAC-seq	none	body-of-pancreas	pancreas	pancreas	digestive-system	none	none	passed
ENCFF737IAL	ENCFF737IAL	ENCSR152PSA	ENCSR907MIU	ChromBPNet	observed signal profile	bigWig	ATAC-seq	none	body-of-pancreas	pancreas	pancreas	digestive-system	none	none	passed
ENCFF860ZMO	ENCFF860ZMO	ENCSR773USD	ENCSR175MRS	ChromBPNet	observed signal profile	bigWig	ATAC-seq	none	body-of-pancreas	pancreas	pancreas	digestive-system	none	none	passed
ENCFF201ONJ	ENCFF201ONJ	ENCSR405YLV	ENCSR186WEO	ChromBPNet	observed signal profile	bigWig	DNase-seq	none	body-of-pancreas	pancreas	pancreas	digestive-system	none	none	passed
ENCFF515IWT	ENCFF515IWT	ENCSR828FVZ	ENCSR168TWU	ChromBPNet	observed signal profile	bigWig	DNase-seq	none	body-of-pancreas	pancreas	pancreas	digestive-system	none	none	passed
ENCFF858XXM	ENCFF858XXM	ENCSR539WBA	ENCSR355YJZ	ChromBPNet	observed signal profile	bigWig	DNase-seq	none	body-of-pancreas	pancreas	pancreas	digestive-system	none	none	passed
ENCFF982QVY	ENCFF982QVY	ENCSR464TKV	ENCSR790UKO	ChromBPNet	observed signal profile	bigWig	DNase-seq	none	body-of-pancreas	pancreas	pancreas	digestive-system	none	none	passed
ENCFF281WVH	ENCFF281WVH	ENCSR820XRX	ENCSR242KXL	ChromBPNet	observed signal profile	bigWig	DNase-seq	none	brain	brain	brain	central-nervous-system	none	none	passed
ENCFF309WVM	ENCFF309WVM	ENCSR475VQD	ENCSR893WKR	ChromBPNet	observed signal profile	bigWig	DNase-seq	none	brain	brain	brain	central-nervous-system	none	none	passed
ENCFF330QCN	ENCFF330QCN	ENCSR507GFJ	ENCSR439LTF	ChromBPNet	observed signal profile	bigWig	DNase-seq	none	brain	brain	brain	central-nervous-system	none	none	passed
ENCFF442CDB	ENCFF442CDB	ENCSR344FLH	ENCSR993KJR	ChromBPNet	observed signal profile	bigWig	DNase-seq	none	brain	brain	brain	central-nervous-system	none	none	passed
ENCFF517BLP	ENCFF517BLP	ENCSR420RWU	ENCSR211QSL	ChromBPNet	observed signal profile	bigWig	DNase-seq	none	brain	brain	brain	central-nervous-system	none	none	passed
ENCFF610HLB	ENCFF610HLB	ENCSR026EOM	ENCSR835QBO	ChromBPNet	observed signal profile	bigWig	DNase-seq	none	brain	brain	brain	central-nervous-system	none	none	passed
ENCFF635JYL	ENCFF635JYL	ENCSR572LDG	ENCSR403LFF	ChromBPNet	observed signal profile	bigWig	DNase-seq	none	brain	brain	brain	central-nervous-system	none	none	passed
ENCFF662XJO	ENCFF662XJO	ENCSR330JXM	ENCSR192ORZ	ChromBPNet	observed signal profile	bigWig	DNase-seq	none	brain	brain	brain	central-nervous-system	none	none	passed
ENCFF800PCI	ENCFF800PCI	ENCSR187PYY	ENCSR945HCY	ChromBPNet	observed signal profile	bigWig	DNase-seq	none	brain	brain	brain	central-nervous-system	none	none	passed
ENCFF863TMT	ENCFF863TMT	ENCSR947POC	ENCSR089PXQ	ChromBPNet	observed signal profile	bigWig	DNase-seq	none	brain	brain	brain	central-nervous-system	none	none	passed
ENCFF964LRM	ENCFF964LRM	ENCSR118WIQ	ENCSR209CVI	ChromBPNet	observed signal profile	bigWig	DNase-seq	none	brain	brain	brain	central-nervous-system	none	none	passed
ENCFF969AJS	ENCFF969AJS	ENCSR595CSH	ENCSR113JAA	ChromBPNet	observed signal profile	bigWig	DNase-seq	none	brain	brain	brain	central-nervous-system	none	none	passed
ENCFF979HFG	ENCFF979HFG	ENCSR309FOO	ENCSR233IXC	ChromBPNet	observed signal profile	bigWig	DNase-seq	none	brain	brain	brain	central-nervous-system	none	none	passed
ENCFF603NWO	ENCFF603NWO	ENCSR000ENE	ENCSR323JJT	ChromBPNet	observed signal profile	bigWig	DNase-seq	none	brain-microvascular-endothelial-cell	brain	brain	central-nervous-system	none	none	passed
ENCFF084HTK	ENCFF084HTK	ENCSR000ENF	ENCSR630WHT	ChromBPNet	observed signal profile	bigWig	DNase-seq	none	brain-pericyte	brain	brain	central-nervous-system	none	none	passed
ENCFF695TXT	ENCFF695TXT	ENCSR846ZBX	ENCSR412FNW	ChromBPNet	observed signal profile	bigWig	ATAC-seq	none	breast-epithelium	breast	breast	integumental-system	none	none	passed
ENCFF713PDE	ENCFF713PDE	ENCSR955JSO	ENCSR710ZXE	ChromBPNet	observed signal profile	bigWig	ATAC-seq	none	breast-epithelium	breast	breast	integumental-system	none	none	passed
ENCFF886PTG	ENCFF886PTG	ENCSR654UYP	ENCSR930HKW	ChromBPNet	observed signal profile	bigWig	ATAC-seq	none	breast-epithelium	breast	breast	integumental-system	none	none	passed
ENCFF429XFC	ENCFF429XFC	ENCSR859LTL	ENCSR602TUI	ChromBPNet	observed signal profile	bigWig	DNase-seq	none	breast-epithelium	breast	breast	integumental-system	none	none	passed
ENCFF432NXL	ENCFF432NXL	ENCSR000ENI	ENCSR713VSO	ChromBPNet	observed signal profile	bigWig	DNase-seq	none	cardiac-fibroblast	fibroblast	fibroblast	integumental-system	none	none	passed
ENCFF613LWD	ENCFF613LWD	ENCSR856NXV	ENCSR933BIZ	ChromBPNet	observed signal profile	bigWig	DNase-seq	none	cardiac-fibroblast	fibroblast	fibroblast	integumental-system	none	none	passed
ENCFF621QWG	ENCFF621QWG	ENCSR842KCP	ENCSR293JHJ	ChromBPNet	observed signal profile	bigWig	DNase-seq	none	cardiac-muscle-cell	muscle	muscle	musculature	none	none	passed
ENCFF023ADV	ENCFF023ADV	ENCSR167SYF	ENCSR130CJC	ChromBPNet	observed signal profile	bigWig	ATAC-seq	none	cardiac-septum	cardiac	heart	circulatory-system	none	none	passed
ENCFF397NJB	ENCFF397NJB	ENCSR524QBS	ENCSR336YZW	ChromBPNet	observed signal profile	bigWig	DNase-seq	none	cardiac-septum	cardiac	heart	circulatory-system	none	none	passed
ENCFF317RCC	ENCFF317RCC	ENCSR015BGH	ENCSR535UXH	ChromBPNet	observed signal profile	bigWig	DNase-seq	none	caudate-nucleus	caudate	brain	central-nervous-system	none	none	passed
ENCFF991RGB	ENCFF991RGB	ENCSR165FYY	ENCSR017RWH	ChromBPNet	observed signal profile	bigWig	ATAC-seq	none	central-memory-CD8-positive,-alpha-beta-T-cell	t-cell	immune	immune-system	none	none	passed
ENCFF937XFZ	ENCFF937XFZ	ENCSR503HIB	ENCSR392HTQ	ChromBPNet	observed signal profile	bigWig	DNase-seq	none	cerebellar-cortex	cerebell	brain	central-nervous-system	none	none	passed
ENCFF465QUV	ENCFF465QUV	ENCSR802GEV	ENCSR660JXI	ChromBPNet	observed signal profile	bigWig	ATAC-seq	none	cerebellum	cerebell	brain	central-nervous-system	none	none	passed
ENCFF663BYV	ENCFF663BYV	ENCSR970UNF	ENCSR425JQH	ChromBPNet	observed signal profile	bigWig	ATAC-seq	none	colonic-mucosa	colon	large-intestine	digestive-system	none	none	passed
ENCFF184EGS	ENCFF184EGS	ENCSR994KTY	ENCSR049DXG	ChromBPNet	observed signal profile	bigWig	DNase-seq	none	colonic-mucosa	colon	large-intestine	digestive-system	none	none	passed
ENCFF863OMW	ENCFF863OMW	ENCSR576UAF	ENCSR235RGV	ChromBPNet	observed signal profile	bigWig	DNase-seq	none	colonic-mucosa	colon	large-intestine	digestive-system	none	none	passed
ENCFF109ENQ	ENCFF109ENQ	ENCSR772HUG	ENCSR941WQE	ChromBPNet	observed signal profile	bigWig	DNase-seq	none	common-myeloid-progenitor,-CD34-positive	cd	immune	immune-system	none	none	passed
ENCFF153IFX	ENCFF153IFX	ENCSR271QSV	ENCSR728PKQ	ChromBPNet	observed signal profile	bigWig	DNase-seq	none	common-myeloid-progenitor,-CD34-positive	cd	immune	immune-system	none	none	passed
ENCFF172NYP	ENCFF172NYP	ENCSR639ZJI	ENCSR259LWN	ChromBPNet	observed signal profile	bigWig	DNase-seq	none	common-myeloid-progenitor,-CD34-positive	cd	immune	immune-system	none	none	passed
ENCFF310BNF	ENCFF310BNF	ENCSR564TUY	ENCSR600JMG	ChromBPNet	observed signal profile	bigWig	DNase-seq	none	common-myeloid-progenitor,-CD34-positive	cd	immune	immune-system	none	none	passed
ENCFF368UTK	ENCFF368UTK	ENCSR453EVC	ENCSR331SRC	ChromBPNet	observed signal profile	bigWig	DNase-seq	none	common-myeloid-progenitor,-CD34-positive	cd	immune	immune-system	none	none	passed
ENCFF373XKW	ENCFF373XKW	ENCSR320TUJ	ENCSR844LSP	ChromBPNet	observed signal profile	bigWig	DNase-seq	none	common-myeloid-progenitor,-CD34-positive	cd	immune	immune-system	none	none	passed
ENCFF563LEC	ENCFF563LEC	ENCSR191EII	ENCSR120EUO	ChromBPNet	observed signal profile	bigWig	DNase-seq	none	common-myeloid-progenitor,-CD34-positive	cd	immune	immune-system	none	none	passed
ENCFF909ROS	ENCFF909ROS	ENCSR495INQ	ENCSR343SBB	ChromBPNet	observed signal profile	bigWig	DNase-seq	none	common-myeloid-progenitor,-CD34-positive	cd	immune	immune-system	none	none	passed
ENCFF931JTM	ENCFF931JTM	ENCSR122VUW	ENCSR785ONZ	ChromBPNet	observed signal profile	bigWig	DNase-seq	none	common-myeloid-progenitor,-CD34-positive	cd	immune	immune-system	none	none	passed
ENCFF982AZR	ENCFF982AZR	ENCSR281HBB	ENCSR324XWQ	ChromBPNet	observed signal profile	bigWig	DNase-seq	none	common-myeloid-progenitor,-CD34-positive	cd	immune	immune-system	none	none	passed
ENCFF999VPW	ENCFF999VPW	ENCSR735BIM	ENCSR880XSD	ChromBPNet	observed signal profile	bigWig	DNase-seq	none	common-myeloid-progenitor,-CD34-positive	cd	immune	immune-system	none	none	passed
ENCFF875BVK	ENCFF875BVK	ENCSR584AXZ	ENCSR267ORB	ChromBPNet	observed signal profile	bigWig	ATAC-seq	none	coronary-artery	artery	blood-vessel	circulatory-system	none	none	passed
ENCFF809JEF	ENCFF809JEF	ENCSR820WLP	ENCSR001WKX	ChromBPNet	observed signal profile	bigWig	DNase-seq	none	dedifferentiated-amniotic-fluid-mesenchymal-stem-cell	stem-cell	stem-cell	developmental-system	none	none	passed
ENCFF018CDI	ENCFF018CDI	ENCSR329XFZ	ENCSR005GZQ	ChromBPNet	observed signal profile	bigWig	ATAC-seq	none	dendritic-cell	dendritic	immune	immune-system	none	none	passed
ENCFF029OJK	ENCFF029OJK	ENCSR204FCV	ENCSR211DNX	ChromBPNet	observed signal profile	bigWig	ATAC-seq	none	dendritic-cell	dendritic	immune	immune-system	none	none	passed
ENCFF048OAZ	ENCFF048OAZ	ENCSR237VSF	ENCSR201RNX	ChromBPNet	observed signal profile	bigWig	ATAC-seq	none	dendritic-cell	dendritic	immune	immune-system	none	none	passed
ENCFF084NMQ	ENCFF084NMQ	ENCSR940QJU	ENCSR966GIS	ChromBPNet	observed signal profile	bigWig	ATAC-seq	none	dendritic-cell	dendritic	immune	immune-system	none	none	passed
ENCFF085QNV	ENCFF085QNV	ENCSR131CHJ	ENCSR720OXB	ChromBPNet	observed signal profile	bigWig	ATAC-seq	none	dendritic-cell	dendritic	immune	immune-system	none	none	passed
ENCFF144DDE	ENCFF144DDE	ENCSR059IHA	ENCSR383KJB	ChromBPNet	observed signal profile	bigWig	ATAC-seq	none	dendritic-cell	dendritic	immune	immune-system	none	none	passed
ENCFF201BMQ	ENCFF201BMQ	ENCSR156FDX	ENCSR775URO	ChromBPNet	observed signal profile	bigWig	ATAC-seq	none	dendritic-cell	dendritic	immune	immune-system	none	none	passed
ENCFF263OAY	ENCFF263OAY	ENCSR290AUK	ENCSR930QQL	ChromBPNet	observed signal profile	bigWig	ATAC-seq	none	dendritic-cell	dendritic	immune	immune-system	none	none	passed
ENCFF299GQH	ENCFF299GQH	ENCSR605EGR	ENCSR271FFV	ChromBPNet	observed signal profile	bigWig	ATAC-seq	none	dendritic-cell	dendritic	immune	immune-system	none	none	passed
ENCFF303NJL	ENCFF303NJL	ENCSR459AYS	ENCSR494NGO	ChromBPNet	observed signal profile	bigWig	ATAC-seq	none	dendritic-cell	dendritic	immune	immune-system	none	none	passed
ENCFF311DYR	ENCFF311DYR	ENCSR679NRJ	ENCSR835SKI	ChromBPNet	observed signal profile	bigWig	ATAC-seq	none	dendritic-cell	dendritic	immune	immune-system	none	none	passed
ENCFF338UVR	ENCFF338UVR	ENCSR544YXV	ENCSR447FVJ	ChromBPNet	observed signal profile	bigWig	ATAC-seq	none	dendritic-cell	dendritic	immune	immune-system	none	none	passed
ENCFF350KPW	ENCFF350KPW	ENCSR628SXX	ENCSR375CWA	ChromBPNet	observed signal profile	bigWig	ATAC-seq	none	dendritic-cell	dendritic	immune	immune-system	none	none	passed
ENCFF386SBN	ENCFF386SBN	ENCSR535NOD	ENCSR744ZJP	ChromBPNet	observed signal profile	bigWig	ATAC-seq	none	dendritic-cell	dendritic	immune	immune-system	none	none	passed
ENCFF425ZQN	ENCFF425ZQN	ENCSR370QWN	ENCSR602OYM	ChromBPNet	observed signal profile	bigWig	ATAC-seq	none	dendritic-cell	dendritic	immune	immune-system	none	none	passed
ENCFF483BRL	ENCFF483BRL	ENCSR904UKR	ENCSR337TNB	ChromBPNet	observed signal profile	bigWig	ATAC-seq	none	dendritic-cell	dendritic	immune	immune-system	none	none	passed
ENCFF538HQF	ENCFF538HQF	ENCSR926GDT	ENCSR861JCR	ChromBPNet	observed signal profile	bigWig	ATAC-seq	none	dendritic-cell	dendritic	immune	immune-system	none	none	passed
ENCFF609ORX	ENCFF609ORX	ENCSR208NBF	ENCSR842VHJ	ChromBPNet	observed signal profile	bigWig	ATAC-seq	none	dendritic-cell	dendritic	immune	immune-system	none	none	passed
ENCFF684OHX	ENCFF684OHX	ENCSR589ROM	ENCSR146GBX	ChromBPNet	observed signal profile	bigWig	ATAC-seq	none	dendritic-cell	dendritic	immune	immune-system	none	none	passed
ENCFF772DFI	ENCFF772DFI	ENCSR926TFY	ENCSR657PZC	ChromBPNet	observed signal profile	bigWig	ATAC-seq	none	dendritic-cell	dendritic	immune	immune-system	none	none	passed
ENCFF855QCS	ENCFF855QCS	ENCSR566LZT	ENCSR818WFA	ChromBPNet	observed signal profile	bigWig	ATAC-seq	none	dendritic-cell	dendritic	immune	immune-system	none	none	passed
ENCFF925LAL	ENCFF925LAL	ENCSR648JJT	ENCSR261RRH	ChromBPNet	observed signal profile	bigWig	ATAC-seq	none	dendritic-cell	dendritic	immune	immune-system	none	none	passed
ENCFF937GLU	ENCFF937GLU	ENCSR901IEQ	ENCSR955LBO	ChromBPNet	observed signal profile	bigWig	ATAC-seq	none	dendritic-cell	dendritic	immune	immune-system	none	none	passed
ENCFF965KXF	ENCFF965KXF	ENCSR222SCA	ENCSR026FFL	ChromBPNet	observed signal profile	bigWig	ATAC-seq	none	dendritic-cell	dendritic	immune	immune-system	none	none	passed
ENCFF050TSV	ENCFF050TSV	ENCSR000ENZ	ENCSR221QDT	ChromBPNet	observed signal profile	bigWig	DNase-seq	none	dermis-blood-vessel-endothelial-cell	blood	blood	circulatory-system	none	none	passed
ENCFF297SFJ	ENCFF297SFJ	ENCSR000ENY	ENCSR884VBU	ChromBPNet	observed signal profile	bigWig	DNase-seq	none	dermis-blood-vessel-endothelial-cell	blood	blood	circulatory-system	none	none	passed
ENCFF895YSU	ENCFF895YSU	ENCSR000ENX	ENCSR911KKG	ChromBPNet	observed signal profile	bigWig	DNase-seq	none	dermis-blood-vessel-endothelial-cell	blood	blood	circulatory-system	none	none	passed
ENCFF284GLX	ENCFF284GLX	ENCSR000EOB	ENCSR980UZA	ChromBPNet	observed signal profile	bigWig	DNase-seq	none	dermis-microvascular-lymphatic-vessel-endothelial-cell	lymph	lymph	immune-system	none	none	passed
ENCFF987UFJ	ENCFF987UFJ	ENCSR000EOA	ENCSR778UOK	ChromBPNet	observed signal profile	bigWig	DNase-seq	none	dermis-microvascular-lymphatic-vessel-endothelial-cell	lymph	lymph	immune-system	none	none	passed
ENCFF036SGS	ENCFF036SGS	ENCSR498RLX	ENCSR261LIM	ChromBPNet	observed signal profile	bigWig	DNase-seq	none	dorsolateral-prefrontal-cortex	prefrontal	brain	central-nervous-system	none	none	passed
ENCFF052ILL	ENCFF052ILL	ENCSR617SVO	ENCSR867GZJ	ChromBPNet	observed signal profile	bigWig	DNase-seq	none	dorsolateral-prefrontal-cortex	prefrontal	brain	central-nervous-system	none	none	passed
ENCFF124TVV	ENCFF124TVV	ENCSR805RJA	ENCSR022HSN	ChromBPNet	observed signal profile	bigWig	DNase-seq	none	dorsolateral-prefrontal-cortex	prefrontal	brain	central-nervous-system	none	none	passed
ENCFF125BCD	ENCFF125BCD	ENCSR928PKL	ENCSR180LWS	ChromBPNet	observed signal profile	bigWig	DNase-seq	none	dorsolateral-prefrontal-cortex	prefrontal	brain	central-nervous-system	none	none	passed
ENCFF128XKS	ENCFF128XKS	ENCSR386XPD	ENCSR694SDG	ChromBPNet	observed signal profile	bigWig	DNase-seq	none	dorsolateral-prefrontal-cortex	prefrontal	brain	central-nervous-system	none	none	passed
ENCFF133NHP	ENCFF133NHP	ENCSR645HET	ENCSR131DAY	ChromBPNet	observed signal profile	bigWig	DNase-seq	none	dorsolateral-prefrontal-cortex	prefrontal	brain	central-nervous-system	none	none	passed
ENCFF143ZMZ	ENCFF143ZMZ	ENCSR839RAJ	ENCSR309NTI	ChromBPNet	observed signal profile	bigWig	DNase-seq	none	dorsolateral-prefrontal-cortex	prefrontal	brain	central-nervous-system	none	none	passed
ENCFF158EVM	ENCFF158EVM	ENCSR532DBH	ENCSR997KIT	ChromBPNet	observed signal profile	bigWig	DNase-seq	none	dorsolateral-prefrontal-cortex	prefrontal	brain	central-nervous-system	none	none	passed
ENCFF173QGO	ENCFF173QGO	ENCSR490UQP	ENCSR154JQI	ChromBPNet	observed signal profile	bigWig	DNase-seq	none	dorsolateral-prefrontal-cortex	prefrontal	brain	central-nervous-system	none	none	passed
ENCFF202UFQ	ENCFF202UFQ	ENCSR849WGE	ENCSR355TZK	ChromBPNet	observed signal profile	bigWig	DNase-seq	none	dorsolateral-prefrontal-cortex	prefrontal	brain	central-nervous-system	none	none	passed
ENCFF203WKR	ENCFF203WKR	ENCSR819GAF	ENCSR421KYK	ChromBPNet	observed signal profile	bigWig	DNase-seq	none	dorsolateral-prefrontal-cortex	prefrontal	brain	central-nervous-system	none	none	passed
ENCFF226MVV	ENCFF226MVV	ENCSR006MAW	ENCSR653LBE	ChromBPNet	observed signal profile	bigWig	DNase-seq	none	dorsolateral-prefrontal-cortex	prefrontal	brain	central-nervous-system	none	none	passed
ENCFF251TSL	ENCFF251TSL	ENCSR329FAP	ENCSR946QXD	ChromBPNet	observed signal profile	bigWig	DNase-seq	none	dorsolateral-prefrontal-cortex	prefrontal	brain	central-nervous-system	none	none	passed
ENCFF308OFY	ENCFF308OFY	ENCSR401UZL	ENCSR187CII	ChromBPNet	observed signal profile	bigWig	DNase-seq	none	dorsolateral-prefrontal-cortex	prefrontal	brain	central-nervous-system	none	none	passed
ENCFF325MUR	ENCFF325MUR	ENCSR879XUH	ENCSR355GMV	ChromBPNet	observed signal profile	bigWig	DNase-seq	none	dorsolateral-prefrontal-cortex	prefrontal	brain	central-nervous-system	none	none	passed
ENCFF336QXC	ENCFF336QXC	ENCSR606QDB	ENCSR834WHJ	ChromBPNet	observed signal profile	bigWig	DNase-seq	none	dorsolateral-prefrontal-cortex	prefrontal	brain	central-nervous-system	none	none	passed
ENCFF347GRE	ENCFF347GRE	ENCSR904LMG	ENCSR095YZQ	ChromBPNet	observed signal profile	bigWig	DNase-seq	none	dorsolateral-prefrontal-cortex	prefrontal	brain	central-nervous-system	none	none	passed
ENCFF382UKJ	ENCFF382UKJ	ENCSR221ROM	ENCSR954WIR	ChromBPNet	observed signal profile	bigWig	DNase-seq	none	dorsolateral-prefrontal-cortex	prefrontal	brain	central-nervous-system	none	none	passed
ENCFF394SCJ	ENCFF394SCJ	ENCSR570BWW	ENCSR317UTQ	ChromBPNet	observed signal profile	bigWig	DNase-seq	none	dorsolateral-prefrontal-cortex	prefrontal	brain	central-nervous-system	none	none	passed
ENCFF398FUY	ENCFF398FUY	ENCSR351FWN	ENCSR316BOA	ChromBPNet	observed signal profile	bigWig	DNase-seq	none	dorsolateral-prefrontal-cortex	prefrontal	brain	central-nervous-system	none	none	passed
ENCFF429PNY	ENCFF429PNY	ENCSR060MJY	ENCSR377KWB	ChromBPNet	observed signal profile	bigWig	DNase-seq	none	dorsolateral-prefrontal-cortex	prefrontal	brain	central-nervous-system	none	none	passed
ENCFF475PNM	ENCFF475PNM	ENCSR306LNA	ENCSR950QGN	ChromBPNet	observed signal profile	bigWig	DNase-seq	none	dorsolateral-prefrontal-cortex	prefrontal	brain	central-nervous-system	none	none	passed
ENCFF494OHH	ENCFF494OHH	ENCSR014GTH	ENCSR794JFO	ChromBPNet	observed signal profile	bigWig	DNase-seq	none	dorsolateral-prefrontal-cortex	prefrontal	brain	central-nervous-system	none	none	passed
ENCFF519JQI	ENCFF519JQI	ENCSR124IMM	ENCSR413YAP	ChromBPNet	observed signal profile	bigWig	DNase-seq	none	dorsolateral-prefrontal-cortex	prefrontal	brain	central-nervous-system	none	none	passed
ENCFF553MWY	ENCFF553MWY	ENCSR001QTZ	ENCSR673LHA	ChromBPNet	observed signal profile	bigWig	DNase-seq	none	dorsolateral-prefrontal-cortex	prefrontal	brain	central-nervous-system	none	none	passed
ENCFF568KJD	ENCFF568KJD	ENCSR571CJM	ENCSR262FCJ	ChromBPNet	observed signal profile	bigWig	DNase-seq	none	dorsolateral-prefrontal-cortex	prefrontal	brain	central-nervous-system	none	none	passed
ENCFF570FOM	ENCFF570FOM	ENCSR428ZCP	ENCSR835NKB	ChromBPNet	observed signal profile	bigWig	DNase-seq	none	dorsolateral-prefrontal-cortex	prefrontal	brain	central-nervous-system	none	none	passed
ENCFF579CAP	ENCFF579CAP	ENCSR785MXI	ENCSR476OZB	ChromBPNet	observed signal profile	bigWig	DNase-seq	none	dorsolateral-prefrontal-cortex	prefrontal	brain	central-nervous-system	none	none	passed
ENCFF585HGI	ENCFF585HGI	ENCSR800MBE	ENCSR286DZK	ChromBPNet	observed signal profile	bigWig	DNase-seq	none	dorsolateral-prefrontal-cortex	prefrontal	brain	central-nervous-system	none	none	passed
ENCFF598BTU	ENCFF598BTU	ENCSR022UVL	ENCSR405IYL	ChromBPNet	observed signal profile	bigWig	DNase-seq	none	dorsolateral-prefrontal-cortex	prefrontal	brain	central-nervous-system	none	none	passed
ENCFF608ONY	ENCFF608ONY	ENCSR800KVI	ENCSR152IAX	ChromBPNet	observed signal profile	bigWig	DNase-seq	none	dorsolateral-prefrontal-cortex	prefrontal	brain	central-nervous-system	none	none	passed
ENCFF623VMQ	ENCFF623VMQ	ENCSR796YOJ	ENCSR692SGA	ChromBPNet	observed signal profile	bigWig	DNase-seq	none	dorsolateral-prefrontal-cortex	prefrontal	brain	central-nervous-system	none	none	passed
ENCFF671MXM	ENCFF671MXM	ENCSR749WVO	ENCSR780JVF	ChromBPNet	observed signal profile	bigWig	DNase-seq	none	dorsolateral-prefrontal-cortex	prefrontal	brain	central-nervous-system	none	none	passed
ENCFF693QHW	ENCFF693QHW	ENCSR670BGI	ENCSR731MTZ	ChromBPNet	observed signal profile	bigWig	DNase-seq	none	dorsolateral-prefrontal-cortex	prefrontal	brain	central-nervous-system	none	none	passed
ENCFF768GIN	ENCFF768GIN	ENCSR426KLJ	ENCSR968WVY	ChromBPNet	observed signal profile	bigWig	DNase-seq	none	dorsolateral-prefrontal-cortex	prefrontal	brain	central-nervous-system	none	none	passed
ENCFF798GOD	ENCFF798GOD	ENCSR215DXT	ENCSR541ABF	ChromBPNet	observed signal profile	bigWig	DNase-seq	none	dorsolateral-prefrontal-cortex	prefrontal	brain	central-nervous-system	none	none	passed
ENCFF821VEY	ENCFF821VEY	ENCSR921PPJ	ENCSR828GVT	ChromBPNet	observed signal profile	bigWig	DNase-seq	none	dorsolateral-prefrontal-cortex	prefrontal	brain	central-nervous-system	none	none	passed
ENCFF823ROE	ENCFF823ROE	ENCSR865CYW	ENCSR708JEN	ChromBPNet	observed signal profile	bigWig	DNase-seq	none	dorsolateral-prefrontal-cortex	prefrontal	brain	central-nervous-system	none	none	passed
ENCFF848XTW	ENCFF848XTW	ENCSR059NIN	ENCSR686YEI	ChromBPNet	observed signal profile	bigWig	DNase-seq	none	dorsolateral-prefrontal-cortex	prefrontal	brain	central-nervous-system	none	none	passed
ENCFF854CDR	ENCFF854CDR	ENCSR686LOE	ENCSR654MGS	ChromBPNet	observed signal profile	bigWig	DNase-seq	none	dorsolateral-prefrontal-cortex	prefrontal	brain	central-nervous-system	none	none	passed
ENCFF874APW	ENCFF874APW	ENCSR880CUB	ENCSR425DRZ	ChromBPNet	observed signal profile	bigWig	DNase-seq	none	dorsolateral-prefrontal-cortex	prefrontal	brain	central-nervous-system	none	none	passed
ENCFF894WHT	ENCFF894WHT	ENCSR832XVZ	ENCSR514NIZ	ChromBPNet	observed signal profile	bigWig	DNase-seq	none	dorsolateral-prefrontal-cortex	prefrontal	brain	central-nervous-system	none	none	passed
ENCFF907GVW	ENCFF907GVW	ENCSR209ECO	ENCSR537KZP	ChromBPNet	observed signal profile	bigWig	DNase-seq	none	dorsolateral-prefrontal-cortex	prefrontal	brain	central-nervous-system	none	none	passed
ENCFF928DDL	ENCFF928DDL	ENCSR173YSO	ENCSR142NSU	ChromBPNet	observed signal profile	bigWig	DNase-seq	none	dorsolateral-prefrontal-cortex	prefrontal	brain	central-nervous-system	none	none	passed
ENCFF942FVH	ENCFF942FVH	ENCSR811OUF	ENCSR682NOF	ChromBPNet	observed signal profile	bigWig	DNase-seq	none	dorsolateral-prefrontal-cortex	prefrontal	brain	central-nervous-system	none	none	passed
ENCFF949STW	ENCFF949STW	ENCSR340XQX	ENCSR073RCM	ChromBPNet	observed signal profile	bigWig	DNase-seq	none	dorsolateral-prefrontal-cortex	prefrontal	brain	central-nervous-system	none	none	passed
ENCFF967KBO	ENCFF967KBO	ENCSR210ESN	ENCSR626SYC	ChromBPNet	observed signal profile	bigWig	DNase-seq	none	dorsolateral-prefrontal-cortex	prefrontal	brain	central-nervous-system	none	none	passed
ENCFF980SPA	ENCFF980SPA	ENCSR518WRP	ENCSR243NFZ	ChromBPNet	observed signal profile	bigWig	DNase-seq	none	dorsolateral-prefrontal-cortex	prefrontal	brain	central-nervous-system	none	none	passed
ENCFF989SAK	ENCFF989SAK	ENCSR661AMM	ENCSR430WUE	ChromBPNet	observed signal profile	bigWig	DNase-seq	none	dorsolateral-prefrontal-cortex	prefrontal	brain	central-nervous-system	none	none	passed
ENCFF034DEZ	ENCFF034DEZ	ENCSR360XIS	ENCSR384XMQ	ChromBPNet	observed signal profile	bigWig	DNase-seq	none	ecto-neural-progenitor-cell	neural	nerve	central-nervous-system	none	none	passed
ENCFF343HOF	ENCFF343HOF	ENCSR607EJV	ENCSR985UCJ	ChromBPNet	observed signal profile	bigWig	DNase-seq	none	effector-memory-CD4-positive,-alpha-beta-T-cell	t-cell	immune	immune-system	none	none	passed
ENCFF402WJL	ENCFF402WJL	ENCSR724INK	ENCSR869TPR	ChromBPNet	observed signal profile	bigWig	DNase-seq	none	effector-memory-CD4-positive,-alpha-beta-T-cell	t-cell	immune	immune-system	none	none	passed
ENCFF445FMP	ENCFF445FMP	ENCSR582QEW	ENCSR560YXB	ChromBPNet	observed signal profile	bigWig	DNase-seq	none	effector-memory-CD4-positive,-alpha-beta-T-cell	t-cell	immune	immune-system	none	none	passed
ENCFF265CWE	ENCFF265CWE	ENCSR392YGP	ENCSR338IET	ChromBPNet	observed signal profile	bigWig	ATAC-seq	none	effector-memory-CD8-positive,-alpha-beta-T-cell	t-cell	immune	immune-system	none	none	passed
ENCFF585KCX	ENCFF585KCX	ENCSR019XCN	ENCSR564YQY	ChromBPNet	observed signal profile	bigWig	ATAC-seq	none	effector-memory-CD8-positive,-alpha-beta-T-cell	t-cell	immune	immune-system	none	none	passed
ENCFF797LZN	ENCFF797LZN	ENCSR435NHO	ENCSR665XRD	ChromBPNet	observed signal profile	bigWig	DNase-seq	none	embryonic-facial-prominence	embryonic	stem-cell	developmental-system	none	none	passed
ENCFF236EUW	ENCFF236EUW	ENCSR940CXU	ENCSR025YKH	ChromBPNet	observed signal profile	bigWig	DNase-seq	none	endodermal-cell	endoderm	endodermal	developmental-system	none	none	passed
ENCFF845DAL	ENCFF845DAL	ENCSR166KPV	ENCSR878LZM	ChromBPNet	observed signal profile	bigWig	DNase-seq	none	endodermal-cell	endoderm	endodermal	developmental-system	none	none	passed
ENCFF368BPI	ENCFF368BPI	ENCSR541IET	ENCSR042WJQ	ChromBPNet	observed signal profile	bigWig	DNase-seq	none	endothelial-cell	endothelial	blood-vessel	circulatory-system	none	none	passed
ENCFF771NKR	ENCFF771NKR	ENCSR000EOQ	ENCSR646VRX	ChromBPNet	observed signal profile	bigWig	DNase-seq	none	endothelial-cell-of-umbilical-vein	endothelial	blood-vessel	circulatory-system	none	none	passed
ENCFF173YDE	ENCFF173YDE	ENCSR000EPU	ENCSR308JFW	ChromBPNet	observed signal profile	bigWig	DNase-seq	none	epithelial-cell-of-prostate	epithelial	epithelial	integumental-system	none	none	passed
ENCFF762NJL	ENCFF762NJL	ENCSR303PWB	ENCSR014REV	ChromBPNet	observed signal profile	bigWig	ATAC-seq	none	esophagus-mucosa	esophag	stomach	digestive-system	none	none	passed
ENCFF916IVN	ENCFF916IVN	ENCSR609GST	ENCSR819FQP	ChromBPNet	observed signal profile	bigWig	ATAC-seq	none	esophagus-muscularis-mucosa	esophag	stomach	digestive-system	none	none	passed
ENCFF645CXZ	ENCFF645CXZ	ENCSR096BPX	ENCSR008JSY	ChromBPNet	observed signal profile	bigWig	ATAC-seq	none	esophagus-squamous-epithelium	esophag	stomach	digestive-system	none	none	passed
ENCFF221FXI	ENCFF221FXI	ENCSR127PWK	ENCSR471AVR	ChromBPNet	observed signal profile	bigWig	DNase-seq	none	eye	eye	eye	sensory-system	none	none	passed
ENCFF252DND	ENCFF252DND	ENCSR238VHV	ENCSR520YSU	ChromBPNet	observed signal profile	bigWig	ATAC-seq	none	fallopian-tube	fallopian	ovary	reproductive-system	none	none	passed
ENCFF539IPH	ENCFF539IPH	ENCSR565DSD	ENCSR370PQR	ChromBPNet	observed signal profile	bigWig	ATAC-seq	none	fallopian-tube	fallopian	ovary	reproductive-system	none	none	passed
ENCFF678XRJ	ENCFF678XRJ	ENCSR212LAZ	ENCSR870FAP	ChromBPNet	observed signal profile	bigWig	ATAC-seq	none	fallopian-tube	fallopian	ovary	reproductive-system	none	none	passed
ENCFF169TTQ	ENCFF169TTQ	ENCSR805XIF	ENCSR685CQX	ChromBPNet	observed signal profile	bigWig	DNase-seq	none	femur	femur	bone	skeletal-system	none	none	passed
ENCFF208WQF	ENCFF208WQF	ENCSR000ENS	ENCSR539QSE	ChromBPNet	observed signal profile	bigWig	DNase-seq	none	fibroblast-of-gingiva	fibroblast	fibroblast	integumental-system	none	none	passed
ENCFF765MQQ	ENCFF765MQQ	ENCSR000EOJ	ENCSR350ZBB	ChromBPNet	observed signal profile	bigWig	DNase-seq	none	fibroblast-of-lung	fibroblast	fibroblast	integumental-system	none	none	passed
ENCFF207ODY	ENCFF207ODY	ENCSR000ENW	ENCSR396YBJ	ChromBPNet	observed signal profile	bigWig	DNase-seq	none	fibroblast-of-mammary-gland	fibroblast	fibroblast	integumental-system	none	none	passed
ENCFF961WLA	ENCFF961WLA	ENCSR000EOH	ENCSR008KMQ	ChromBPNet	observed signal profile	bigWig	DNase-seq	none	fibroblast-of-pulmonary-artery	fibroblast	fibroblast	integumental-system	none	none	passed
ENCFF042DTR	ENCFF042DTR	ENCSR622TWS	ENCSR651HIG	ChromBPNet	observed signal profile	bigWig	DNase-seq	none	fibroblast-of-skin-of-abdomen	fibroblast	fibroblast	integumental-system	none	none	passed
ENCFF058WTA	ENCFF058WTA	ENCSR176KYD	ENCSR214ZOR	ChromBPNet	observed signal profile	bigWig	DNase-seq	none	fibroblast-of-skin-of-abdomen	fibroblast	fibroblast	integumental-system	none	none	passed
ENCFF475KWG	ENCFF475KWG	ENCSR184LMY	ENCSR517LPY	ChromBPNet	observed signal profile	bigWig	DNase-seq	none	fibroblast-of-skin-of-back	fibroblast	fibroblast	integumental-system	none	none	passed
ENCFF184NNR	ENCFF184NNR	ENCSR562ACY	ENCSR271ZXE	ChromBPNet	observed signal profile	bigWig	DNase-seq	none	fibroblast-of-skin-of-left-biceps	fibroblast	fibroblast	integumental-system	none	none	passed
ENCFF271GWL	ENCFF271GWL	ENCSR648GDP	ENCSR299KST	ChromBPNet	observed signal profile	bigWig	DNase-seq	none	fibroblast-of-skin-of-left-biceps	fibroblast	fibroblast	integumental-system	none	none	passed
ENCFF018MRW	ENCFF018MRW	ENCSR555TFE	ENCSR779CZR	ChromBPNet	observed signal profile	bigWig	DNase-seq	none	fibroblast-of-skin-of-left-quadriceps	fibroblast	fibroblast	integumental-system	none	none	passed
ENCFF363YQK	ENCFF363YQK	ENCSR371KRY	ENCSR239BBH	ChromBPNet	observed signal profile	bigWig	DNase-seq	none	fibroblast-of-skin-of-left-quadriceps	fibroblast	fibroblast	integumental-system	none	none	passed
ENCFF583WWK	ENCFF583WWK	ENCSR383BLX	ENCSR722JCB	ChromBPNet	observed signal profile	bigWig	DNase-seq	none	fibroblast-of-skin-of-right-biceps	fibroblast	fibroblast	integumental-system	none	none	passed
ENCFF358MHV	ENCFF358MHV	ENCSR217RVH	ENCSR823PNJ	ChromBPNet	observed signal profile	bigWig	DNase-seq	none	fibroblast-of-skin-of-right-quadriceps	fibroblast	fibroblast	integumental-system	none	none	passed
ENCFF251YPQ	ENCFF251YPQ	ENCSR770DEN	ENCSR699TFI	ChromBPNet	observed signal profile	bigWig	DNase-seq	none	fibroblast-of-skin-of-scalp	fibroblast	fibroblast	integumental-system	none	none	passed
ENCFF482BYS	ENCFF482BYS	ENCSR360LBD	ENCSR254QIH	ChromBPNet	observed signal profile	bigWig	DNase-seq	none	fibroblast-of-skin-of-scalp	fibroblast	fibroblast	integumental-system	none	none	passed
ENCFF067TKB	ENCFF067TKB	ENCSR000ENK	ENCSR180SFJ	ChromBPNet	observed signal profile	bigWig	DNase-seq	none	fibroblast-of-the-conjunctiva	fibroblast	fibroblast	integumental-system	none	none	passed
ENCFF444ANV	ENCFF444ANV	ENCSR325LYJ	ENCSR105QNI	ChromBPNet	observed signal profile	bigWig	DNase-seq	none	fibroblast-of-upper-back-skin	fibroblast	fibroblast	integumental-system	none	none	passed
ENCFF444ZNA	ENCFF444ZNA	ENCSR670VQZ	ENCSR699HYM	ChromBPNet	observed signal profile	bigWig	DNase-seq	none	fibroblast-of-upper-back-skin	fibroblast	fibroblast	integumental-system	none	none	passed
ENCFF287MCX	ENCFF287MCX	ENCSR000EOR	ENCSR918KKY	ChromBPNet	observed signal profile	bigWig	DNase-seq	none	fibroblast-of-villous-mesenchyme	fibroblast	fibroblast	integumental-system	none	none	passed
ENCFF322EBG	ENCFF322EBG	ENCSR166TEE	ENCSR193XJI	ChromBPNet	observed signal profile	bigWig	DNase-seq	none	forelimb-muscle	limb	limb	skeletal-system	none	none	passed
ENCFF050AAU	ENCFF050AAU	ENCSR153LHP	ENCSR869YPU	ChromBPNet	observed signal profile	bigWig	DNase-seq	none	foreskin-fibroblast	fibroblast	fibroblast	integumental-system	none	none	passed
ENCFF166VSG	ENCFF166VSG	ENCSR000ENQ	ENCSR999AEB	ChromBPNet	observed signal profile	bigWig	DNase-seq	none	foreskin-fibroblast	fibroblast	fibroblast	integumental-system	none	none	passed
ENCFF584HHB	ENCFF584HHB	ENCSR251UPG	ENCSR205CAI	ChromBPNet	observed signal profile	bigWig	DNase-seq	none	foreskin-fibroblast	fibroblast	fibroblast	integumental-system	none	none	passed
ENCFF875BOV	ENCFF875BOV	ENCSR356KRQ	ENCSR280GJX	ChromBPNet	observed signal profile	bigWig	ATAC-seq	none	foreskin-keratinocyte	skin	skin	integumental-system	none	none	passed
ENCFF106TWV	ENCFF106TWV	ENCSR724CND	ENCSR208XNH	ChromBPNet	observed signal profile	bigWig	DNase-seq	none	foreskin-keratinocyte	skin	skin	integumental-system	none	none	passed
ENCFF033CNP	ENCFF033CNP	ENCSR434OBM	ENCSR097YNL	ChromBPNet	observed signal profile	bigWig	DNase-seq	none	foreskin-melanocyte	skin	skin	integumental-system	none	none	passed
ENCFF223XDE	ENCFF223XDE	ENCSR518JGY	ENCSR986BUJ	ChromBPNet	observed signal profile	bigWig	DNase-seq	none	foreskin-melanocyte	skin	skin	integumental-system	none	none	passed
ENCFF010DPL	ENCFF010DPL	ENCSR258JCL	ENCSR328JBY	ChromBPNet	observed signal profile	bigWig	ATAC-seq	none	gastrocnemius-medialis	medialis	muscle	musculature	none	none	passed
ENCFF270MUQ	ENCFF270MUQ	ENCSR308HPZ	ENCSR905YHT	ChromBPNet	observed signal profile	bigWig	ATAC-seq	none	gastrocnemius-medialis	medialis	muscle	musculature	none	none	passed
ENCFF332JQC	ENCFF332JQC	ENCSR689SDA	ENCSR972MFI	ChromBPNet	observed signal profile	bigWig	ATAC-seq	none	gastrocnemius-medialis	medialis	muscle	musculature	none	none	passed
ENCFF770FCV	ENCFF770FCV	ENCSR823ZCR	ENCSR261SKQ	ChromBPNet	observed signal profile	bigWig	ATAC-seq	none	gastrocnemius-medialis	medialis	muscle	musculature	none	none	passed
ENCFF127KYS	ENCFF127KYS	ENCSR791BHE	ENCSR906QLN	ChromBPNet	observed signal profile	bigWig	DNase-seq	none	gastrocnemius-medialis	medialis	muscle	musculature	none	none	passed
ENCFF276AHK	ENCFF276AHK	ENCSR520BAD	ENCSR037PCU	ChromBPNet	observed signal profile	bigWig	DNase-seq	none	gastrocnemius-medialis	medialis	muscle	musculature	none	none	passed
ENCFF389LCL	ENCFF389LCL	ENCSR686WJL	ENCSR048SMK	ChromBPNet	observed signal profile	bigWig	DNase-seq	none	gastrocnemius-medialis	medialis	muscle	musculature	none	none	passed
ENCFF847PIB	ENCFF847PIB	ENCSR171ADO	ENCSR968OAS	ChromBPNet	observed signal profile	bigWig	DNase-seq	none	gastrocnemius-medialis	medialis	muscle	musculature	none	none	passed
ENCFF892LSR	ENCFF892LSR	ENCSR670REK	ENCSR306DOD	ChromBPNet	observed signal profile	bigWig	ATAC-seq	none	gastroesophageal-sphincter	esophag	stomach	digestive-system	none	none	passed
ENCFF922WRJ	ENCFF922WRJ	ENCSR260ZIV	ENCSR200XHH	ChromBPNet	observed signal profile	bigWig	ATAC-seq	none	gastroesophageal-sphincter	esophag	stomach	digestive-system	none	none	passed
ENCFF767TRQ	ENCFF767TRQ	ENCSR771DAX	ENCSR741ZJG	ChromBPNet	observed signal profile	bigWig	DNase-seq	none	globus-pallidus	pallidus	brain	central-nervous-system	none	none	passed
ENCFF881YSG	ENCFF881YSG	ENCSR000EOM	ENCSR405OPV	ChromBPNet	observed signal profile	bigWig	DNase-seq	none	glomerular-endothelial-cell	endothelial	blood-vessel	circulatory-system	none	none	passed
ENCFF598CNJ	ENCFF598CNJ	ENCSR109RIQ	ENCSR369ZTD	ChromBPNet	observed signal profile	bigWig	DNase-seq	none	glutamatergic-neuron	neuron	nerve	central-nervous-system	none	none	passed
ENCFF006JUZ	ENCFF006JUZ	ENCSR496UJY	ENCSR519YRN	ChromBPNet	observed signal profile	bigWig	DNase-seq	none	head-of-caudate-nucleus	caudate	brain	central-nervous-system	none	none	passed
ENCFF022SOO	ENCFF022SOO	ENCSR305WAA	ENCSR822LTO	ChromBPNet	observed signal profile	bigWig	DNase-seq	none	head-of-caudate-nucleus	caudate	brain	central-nervous-system	none	none	passed
ENCFF063RJZ	ENCFF063RJZ	ENCSR010SZN	ENCSR757EAI	ChromBPNet	observed signal profile	bigWig	DNase-seq	none	head-of-caudate-nucleus	caudate	brain	central-nervous-system	none	none	passed
ENCFF063WHC	ENCFF063WHC	ENCSR271QID	ENCSR010NWV	ChromBPNet	observed signal profile	bigWig	DNase-seq	none	head-of-caudate-nucleus	caudate	brain	central-nervous-system	none	none	passed
ENCFF096LZT	ENCFF096LZT	ENCSR042DVU	ENCSR162JGS	ChromBPNet	observed signal profile	bigWig	DNase-seq	none	head-of-caudate-nucleus	caudate	brain	central-nervous-system	none	none	passed
ENCFF130DHY	ENCFF130DHY	ENCSR802NBC	ENCSR292VYW	ChromBPNet	observed signal profile	bigWig	DNase-seq	none	head-of-caudate-nucleus	caudate	brain	central-nervous-system	none	none	passed
ENCFF130VBA	ENCFF130VBA	ENCSR856XGY	ENCSR336IJK	ChromBPNet	observed signal profile	bigWig	DNase-seq	none	head-of-caudate-nucleus	caudate	brain	central-nervous-system	none	none	passed
ENCFF131YSB	ENCFF131YSB	ENCSR663MNQ	ENCSR959KZO	ChromBPNet	observed signal profile	bigWig	DNase-seq	none	head-of-caudate-nucleus	caudate	brain	central-nervous-system	none	none	passed
ENCFF144PIF	ENCFF144PIF	ENCSR637ZLM	ENCSR493SMX	ChromBPNet	observed signal profile	bigWig	DNase-seq	none	head-of-caudate-nucleus	caudate	brain	central-nervous-system	none	none	passed
ENCFF151SVM	ENCFF151SVM	ENCSR984SDD	ENCSR650BIB	ChromBPNet	observed signal profile	bigWig	DNase-seq	none	head-of-caudate-nucleus	caudate	brain	central-nervous-system	none	none	passed
ENCFF156GMU	ENCFF156GMU	ENCSR839GHA	ENCSR746AUT	ChromBPNet	observed signal profile	bigWig	DNase-seq	none	head-of-caudate-nucleus	caudate	brain	central-nervous-system	none	none	passed
ENCFF162MMK	ENCFF162MMK	ENCSR217OHA	ENCSR237BVP	ChromBPNet	observed signal profile	bigWig	DNase-seq	none	head-of-caudate-nucleus	caudate	brain	central-nervous-system	none	none	passed
ENCFF178PUT	ENCFF178PUT	ENCSR511PFY	ENCSR085VMC	ChromBPNet	observed signal profile	bigWig	DNase-seq	none	head-of-caudate-nucleus	caudate	brain	central-nervous-system	none	none	passed
ENCFF181BPQ	ENCFF181BPQ	ENCSR002IHL	ENCSR035ROF	ChromBPNet	observed signal profile	bigWig	DNase-seq	none	head-of-caudate-nucleus	caudate	brain	central-nervous-system	none	none	passed
ENCFF195SVT	ENCFF195SVT	ENCSR432QFU	ENCSR668KQQ	ChromBPNet	observed signal profile	bigWig	DNase-seq	none	head-of-caudate-nucleus	caudate	brain	central-nervous-system	none	none	passed
ENCFF222VFI	ENCFF222VFI	ENCSR024BXN	ENCSR593KEP	ChromBPNet	observed signal profile	bigWig	DNase-seq	none	head-of-caudate-nucleus	caudate	brain	central-nervous-system	none	none	passed
ENCFF228WHC	ENCFF228WHC	ENCSR797FIM	ENCSR907PZQ	ChromBPNet	observed signal profile	bigWig	DNase-seq	none	head-of-caudate-nucleus	caudate	brain	central-nervous-system	none	none	passed
ENCFF235OIZ	ENCFF235OIZ	ENCSR101HFF	ENCSR672VAW	ChromBPNet	observed signal profile	bigWig	DNase-seq	none	head-of-caudate-nucleus	caudate	brain	central-nervous-system	none	none	passed
ENCFF237XMR	ENCFF237XMR	ENCSR659JPP	ENCSR265GDY	ChromBPNet	observed signal profile	bigWig	DNase-seq	none	head-of-caudate-nucleus	caudate	brain	central-nervous-system	none	none	passed
ENCFF248YSP	ENCFF248YSP	ENCSR400MOP	ENCSR486XFF	ChromBPNet	observed signal profile	bigWig	DNase-seq	none	head-of-caudate-nucleus	caudate	brain	central-nervous-system	none	none	passed
ENCFF255YZX	ENCFF255YZX	ENCSR274FZD	ENCSR371SHG	ChromBPNet	observed signal profile	bigWig	DNase-seq	none	head-of-caudate-nucleus	caudate	brain	central-nervous-system	none	none	passed
ENCFF281IYV	ENCFF281IYV	ENCSR916MHX	ENCSR064HTM	ChromBPNet	observed signal profile	bigWig	DNase-seq	none	head-of-caudate-nucleus	caudate	brain	central-nervous-system	none	none	passed
ENCFF284FIQ	ENCFF284FIQ	ENCSR057GPV	ENCSR553KHP	ChromBPNet	observed signal profile	bigWig	DNase-seq	none	head-of-caudate-nucleus	caudate	brain	central-nervous-system	none	none	passed
ENCFF299IWW	ENCFF299IWW	ENCSR814DYF	ENCSR471RJZ	ChromBPNet	observed signal profile	bigWig	DNase-seq	none	head-of-caudate-nucleus	caudate	brain	central-nervous-system	none	none	passed
ENCFF300FNG	ENCFF300FNG	ENCSR297WRG	ENCSR419MGR	ChromBPNet	observed signal profile	bigWig	DNase-seq	none	head-of-caudate-nucleus	caudate	brain	central-nervous-system	none	none	passed
ENCFF320PYB	ENCFF320PYB	ENCSR496PSH	ENCSR624PXS	ChromBPNet	observed signal profile	bigWig	DNase-seq	none	head-of-caudate-nucleus	caudate	brain	central-nervous-system	none	none	passed
ENCFF325GWC	ENCFF325GWC	ENCSR849CYU	ENCSR157PLP	ChromBPNet	observed signal profile	bigWig	DNase-seq	none	head-of-caudate-nucleus	caudate	brain	central-nervous-system	none	none	passed
ENCFF338NRM	ENCFF338NRM	ENCSR677XGD	ENCSR159VOX	ChromBPNet	observed signal profile	bigWig	DNase-seq	none	head-of-caudate-nucleus	caudate	brain	central-nervous-system	none	none	passed
ENCFF343NGK	ENCFF343NGK	ENCSR717BBR	ENCSR883PJQ	ChromBPNet	observed signal profile	bigWig	DNase-seq	none	head-of-caudate-nucleus	caudate	brain	central-nervous-system	none	none	passed
ENCFF352XDD	ENCFF352XDD	ENCSR639VTO	ENCSR986SSJ	ChromBPNet	observed signal profile	bigWig	DNase-seq	none	head-of-caudate-nucleus	caudate	brain	central-nervous-system	none	none	passed
ENCFF359JBL	ENCFF359JBL	ENCSR688AWP	ENCSR136YYL	ChromBPNet	observed signal profile	bigWig	DNase-seq	none	head-of-caudate-nucleus	caudate	brain	central-nervous-system	none	none	passed
ENCFF360WFF	ENCFF360WFF	ENCSR134IUJ	ENCSR022LQT	ChromBPNet	observed signal profile	bigWig	DNase-seq	none	head-of-caudate-nucleus	caudate	brain	central-nervous-system	none	none	passed
ENCFF363PCM	ENCFF363PCM	ENCSR239MQN	ENCSR841SNB	ChromBPNet	observed signal profile	bigWig	DNase-seq	none	head-of-caudate-nucleus	caudate	brain	central-nervous-system	none	none	passed
ENCFF374TJU	ENCFF374TJU	ENCSR587SZC	ENCSR779WBU	ChromBPNet	observed signal profile	bigWig	DNase-seq	none	head-of-caudate-nucleus	caudate	brain	central-nervous-system	none	none	passed
ENCFF375HKF	ENCFF375HKF	ENCSR895TUV	ENCSR191ZIX	ChromBPNet	observed signal profile	bigWig	DNase-seq	none	head-of-caudate-nucleus	caudate	brain	central-nervous-system	none	none	passed
ENCFF403ZYE	ENCFF403ZYE	ENCSR721DFB	ENCSR138CJH	ChromBPNet	observed signal profile	bigWig	DNase-seq	none	head-of-caudate-nucleus	caudate	brain	central-nervous-system	none	none	passed
ENCFF416HCA	ENCFF416HCA	ENCSR742HBK	ENCSR831KWY	ChromBPNet	observed signal profile	bigWig	DNase-seq	none	head-of-caudate-nucleus	caudate	brain	central-nervous-system	none	none	passed
ENCFF422FNO	ENCFF422FNO	ENCSR417LPB	ENCSR518EHF	ChromBPNet	observed signal profile	bigWig	DNase-seq	none	head-of-caudate-nucleus	caudate	brain	central-nervous-system	none	none	passed
ENCFF461VSO	ENCFF461VSO	ENCSR116UQH	ENCSR677HLH	ChromBPNet	observed signal profile	bigWig	DNase-seq	none	head-of-caudate-nucleus	caudate	brain	central-nervous-system	none	none	passed
ENCFF467SBV	ENCFF467SBV	ENCSR775KLH	ENCSR749LTJ	ChromBPNet	observed signal profile	bigWig	DNase-seq	none	head-of-caudate-nucleus	caudate	brain	central-nervous-system	none	none	passed
ENCFF472KNW	ENCFF472KNW	ENCSR756FQD	ENCSR292TVD	ChromBPNet	observed signal profile	bigWig	DNase-seq	none	head-of-caudate-nucleus	caudate	brain	central-nervous-system	none	none	passed
ENCFF502ONI	ENCFF502ONI	ENCSR984HJW	ENCSR689OMC	ChromBPNet	observed signal profile	bigWig	DNase-seq	none	head-of-caudate-nucleus	caudate	brain	central-nervous-system	none	none	passed
ENCFF525FSG	ENCFF525FSG	ENCSR161ZGA	ENCSR280QLY	ChromBPNet	observed signal profile	bigWig	DNase-seq	none	head-of-caudate-nucleus	caudate	brain	central-nervous-system	none	none	passed
ENCFF529OII	ENCFF529OII	ENCSR879EVD	ENCSR745SQE	ChromBPNet	observed signal profile	bigWig	DNase-seq	none	head-of-caudate-nucleus	caudate	brain	central-nervous-system	none	none	passed
ENCFF531SKB	ENCFF531SKB	ENCSR682ZZT	ENCSR774OVA	ChromBPNet	observed signal profile	bigWig	DNase-seq	none	head-of-caudate-nucleus	caudate	brain	central-nervous-system	none	none	passed
ENCFF538SOK	ENCFF538SOK	ENCSR268GBM	ENCSR328OBR	ChromBPNet	observed signal profile	bigWig	DNase-seq	none	head-of-caudate-nucleus	caudate	brain	central-nervous-system	none	none	passed
ENCFF567DLN	ENCFF567DLN	ENCSR923BEY	ENCSR972TWU	ChromBPNet	observed signal profile	bigWig	DNase-seq	none	head-of-caudate-nucleus	caudate	brain	central-nervous-system	none	none	passed
ENCFF584YYG	ENCFF584YYG	ENCSR122NRV	ENCSR504GBE	ChromBPNet	observed signal profile	bigWig	DNase-seq	none	head-of-caudate-nucleus	caudate	brain	central-nervous-system	none	none	passed
ENCFF591IPT	ENCFF591IPT	ENCSR885WWJ	ENCSR224PQP	ChromBPNet	observed signal profile	bigWig	DNase-seq	none	head-of-caudate-nucleus	caudate	brain	central-nervous-system	none	none	passed
ENCFF618RMK	ENCFF618RMK	ENCSR176BPJ	ENCSR600CTA	ChromBPNet	observed signal profile	bigWig	DNase-seq	none	head-of-caudate-nucleus	caudate	brain	central-nervous-system	none	none	passed
ENCFF627UNA	ENCFF627UNA	ENCSR085XKS	ENCSR158HIK	ChromBPNet	observed signal profile	bigWig	DNase-seq	none	head-of-caudate-nucleus	caudate	brain	central-nervous-system	none	none	passed
ENCFF646IAL	ENCFF646IAL	ENCSR558SUT	ENCSR719IKX	ChromBPNet	observed signal profile	bigWig	DNase-seq	none	head-of-caudate-nucleus	caudate	brain	central-nervous-system	none	none	passed
ENCFF647FBZ	ENCFF647FBZ	ENCSR671YPX	ENCSR134LVT	ChromBPNet	observed signal profile	bigWig	DNase-seq	none	head-of-caudate-nucleus	caudate	brain	central-nervous-system	none	none	passed
ENCFF654RAU	ENCFF654RAU	ENCSR598RRF	ENCSR778MOH	ChromBPNet	observed signal profile	bigWig	DNase-seq	none	head-of-caudate-nucleus	caudate	brain	central-nervous-system	none	none	passed
ENCFF659RUL	ENCFF659RUL	ENCSR646JBR	ENCSR191HRN	ChromBPNet	observed signal profile	bigWig	DNase-seq	none	head-of-caudate-nucleus	caudate	brain	central-nervous-system	none	none	passed
ENCFF664LIZ	ENCFF664LIZ	ENCSR137FWW	ENCSR174PGN	ChromBPNet	observed signal profile	bigWig	DNase-seq	none	head-of-caudate-nucleus	caudate	brain	central-nervous-system	none	none	passed
ENCFF693FHS	ENCFF693FHS	ENCSR410MFU	ENCSR361PFW	ChromBPNet	observed signal profile	bigWig	DNase-seq	none	head-of-caudate-nucleus	caudate	brain	central-nervous-system	none	none	passed
ENCFF695FXH	ENCFF695FXH	ENCSR339TVH	ENCSR362TQA	ChromBPNet	observed signal profile	bigWig	DNase-seq	none	head-of-caudate-nucleus	caudate	brain	central-nervous-system	none	none	passed
ENCFF695OAA	ENCFF695OAA	ENCSR373TLU	ENCSR111AGB	ChromBPNet	observed signal profile	bigWig	DNase-seq	none	head-of-caudate-nucleus	caudate	brain	central-nervous-system	none	none	passed
ENCFF700ETU	ENCFF700ETU	ENCSR113DHB	ENCSR505WFL	ChromBPNet	observed signal profile	bigWig	DNase-seq	none	head-of-caudate-nucleus	caudate	brain	central-nervous-system	none	none	passed
ENCFF703MBI	ENCFF703MBI	ENCSR516RTV	ENCSR647COV	ChromBPNet	observed signal profile	bigWig	DNase-seq	none	head-of-caudate-nucleus	caudate	brain	central-nervous-system	none	none	passed
ENCFF704GDA	ENCFF704GDA	ENCSR334MDJ	ENCSR470GQU	ChromBPNet	observed signal profile	bigWig	DNase-seq	none	head-of-caudate-nucleus	caudate	brain	central-nervous-system	none	none	passed
ENCFF722GJD	ENCFF722GJD	ENCSR862SQC	ENCSR631LRH	ChromBPNet	observed signal profile	bigWig	DNase-seq	none	head-of-caudate-nucleus	caudate	brain	central-nervous-system	none	none	passed
ENCFF734WMY	ENCFF734WMY	ENCSR635GDW	ENCSR534EAD	ChromBPNet	observed signal profile	bigWig	DNase-seq	none	head-of-caudate-nucleus	caudate	brain	central-nervous-system	none	none	passed
ENCFF741LCM	ENCFF741LCM	ENCSR881FBS	ENCSR842PBG	ChromBPNet	observed signal profile	bigWig	DNase-seq	none	head-of-caudate-nucleus	caudate	brain	central-nervous-system	none	none	passed
ENCFF746ILU	ENCFF746ILU	ENCSR233DFT	ENCSR745PGS	ChromBPNet	observed signal profile	bigWig	DNase-seq	none	head-of-caudate-nucleus	caudate	brain	central-nervous-system	none	none	passed
ENCFF754OMM	ENCFF754OMM	ENCSR173NHL	ENCSR849LXO	ChromBPNet	observed signal profile	bigWig	DNase-seq	none	head-of-caudate-nucleus	caudate	brain	central-nervous-system	none	none	passed
ENCFF758WIK	ENCFF758WIK	ENCSR234VLI	ENCSR377XPU	ChromBPNet	observed signal profile	bigWig	DNase-seq	none	head-of-caudate-nucleus	caudate	brain	central-nervous-system	none	none	passed
ENCFF769GMT	ENCFF769GMT	ENCSR311EEL	ENCSR278XXC	ChromBPNet	observed signal profile	bigWig	DNase-seq	none	head-of-caudate-nucleus	caudate	brain	central-nervous-system	none	none	passed
ENCFF785TZZ	ENCFF785TZZ	ENCSR649MJI	ENCSR994FMN	ChromBPNet	observed signal profile	bigWig	DNase-seq	none	head-of-caudate-nucleus	caudate	brain	central-nervous-system	none	none	passed
ENCFF801RRR	ENCFF801RRR	ENCSR888ZIZ	ENCSR724WPU	ChromBPNet	observed signal profile	bigWig	DNase-seq	none	head-of-caudate-nucleus	caudate	brain	central-nervous-system	none	none	passed
ENCFF803KIG	ENCFF803KIG	ENCSR483HUW	ENCSR459DVB	ChromBPNet	observed signal profile	bigWig	DNase-seq	none	head-of-caudate-nucleus	caudate	brain	central-nervous-system	none	none	passed
ENCFF823ECD	ENCFF823ECD	ENCSR860UTH	ENCSR778HSA	ChromBPNet	observed signal profile	bigWig	DNase-seq	none	head-of-caudate-nucleus	caudate	brain	central-nervous-system	none	none	passed
ENCFF829POV	ENCFF829POV	ENCSR276MDV	ENCSR525CNU	ChromBPNet	observed signal profile	bigWig	DNase-seq	none	head-of-caudate-nucleus	caudate	brain	central-nervous-system	none	none	passed
ENCFF829PRJ	ENCFF829PRJ	ENCSR440BPA	ENCSR750RJR	ChromBPNet	observed signal profile	bigWig	DNase-seq	none	head-of-caudate-nucleus	caudate	brain	central-nervous-system	none	none	passed
ENCFF850CQX	ENCFF850CQX	ENCSR650TZF	ENCSR030ERX	ChromBPNet	observed signal profile	bigWig	DNase-seq	none	head-of-caudate-nucleus	caudate	brain	central-nervous-system	none	none	passed
ENCFF887HGK	ENCFF887HGK	ENCSR524QPZ	ENCSR422CSI	ChromBPNet	observed signal profile	bigWig	DNase-seq	none	head-of-caudate-nucleus	caudate	brain	central-nervous-system	none	none	passed
ENCFF928TCD	ENCFF928TCD	ENCSR333BUP	ENCSR573HMQ	ChromBPNet	observed signal profile	bigWig	DNase-seq	none	head-of-caudate-nucleus	caudate	brain	central-nervous-system	none	none	passed
ENCFF933DCV	ENCFF933DCV	ENCSR638PZJ	ENCSR332IES	ChromBPNet	observed signal profile	bigWig	DNase-seq	none	head-of-caudate-nucleus	caudate	brain	central-nervous-system	none	none	passed
ENCFF955VFD	ENCFF955VFD	ENCSR722HJG	ENCSR160HBG	ChromBPNet	observed signal profile	bigWig	DNase-seq	none	head-of-caudate-nucleus	caudate	brain	central-nervous-system	none	none	passed
ENCFF971QCE	ENCFF971QCE	ENCSR163BSC	ENCSR484FNH	ChromBPNet	observed signal profile	bigWig	DNase-seq	none	head-of-caudate-nucleus	caudate	brain	central-nervous-system	none	none	passed
ENCFF977LPC	ENCFF977LPC	ENCSR163GMC	ENCSR280PSS	ChromBPNet	observed signal profile	bigWig	DNase-seq	none	head-of-caudate-nucleus	caudate	brain	central-nervous-system	none	none	passed
ENCFF987KRS	ENCFF987KRS	ENCSR563HBG	ENCSR038VEO	ChromBPNet	observed signal profile	bigWig	DNase-seq	none	head-of-caudate-nucleus	caudate	brain	central-nervous-system	none	none	passed
ENCFF028OAP	ENCFF028OAP	ENCSR749BWV	ENCSR943VHN	ChromBPNet	observed signal profile	bigWig	DNase-seq	none	heart	heart	heart	circulatory-system	none	none	passed
ENCFF126QXX	ENCFF126QXX	ENCSR705CNJ	ENCSR773FDM	ChromBPNet	observed signal profile	bigWig	DNase-seq	none	heart	heart	heart	circulatory-system	none	none	passed
ENCFF142ZQO	ENCFF142ZQO	ENCSR911LTI	ENCSR657JGJ	ChromBPNet	observed signal profile	bigWig	DNase-seq	none	heart	heart	heart	circulatory-system	none	none	passed
ENCFF181SUB	ENCFF181SUB	ENCSR804RSI	ENCSR104ZZD	ChromBPNet	observed signal profile	bigWig	DNase-seq	none	heart	heart	heart	circulatory-system	none	none	passed
ENCFF401YSW	ENCFF401YSW	ENCSR154ZNQ	ENCSR304HOZ	ChromBPNet	observed signal profile	bigWig	DNase-seq	none	heart	heart	heart	circulatory-system	none	none	passed
ENCFF406BBA	ENCFF406BBA	ENCSR064GBK	ENCSR278NRX	ChromBPNet	observed signal profile	bigWig	DNase-seq	none	heart	heart	heart	circulatory-system	none	none	passed
ENCFF409PCN	ENCFF409PCN	ENCSR366EGE	ENCSR266HWM	ChromBPNet	observed signal profile	bigWig	DNase-seq	none	heart	heart	heart	circulatory-system	none	none	passed
ENCFF466RGS	ENCFF466RGS	ENCSR311LLZ	ENCSR183OLA	ChromBPNet	observed signal profile	bigWig	DNase-seq	none	heart	heart	heart	circulatory-system	none	none	passed
ENCFF553XAD	ENCFF553XAD	ENCSR174JMM	ENCSR294MBS	ChromBPNet	observed signal profile	bigWig	DNase-seq	none	heart	heart	heart	circulatory-system	none	none	passed
ENCFF559QFB	ENCFF559QFB	ENCSR305UJX	ENCSR315XQO	ChromBPNet	observed signal profile	bigWig	DNase-seq	none	heart	heart	heart	circulatory-system	none	none	passed
ENCFF625DHQ	ENCFF625DHQ	ENCSR914DOH	ENCSR333JBA	ChromBPNet	observed signal profile	bigWig	DNase-seq	none	heart	heart	heart	circulatory-system	none	none	passed
ENCFF669XAX	ENCFF669XAX	ENCSR664PKM	ENCSR864YYM	ChromBPNet	observed signal profile	bigWig	DNase-seq	none	heart	heart	heart	circulatory-system	none	none	passed
ENCFF684MRG	ENCFF684MRG	ENCSR392GCE	ENCSR104QYD	ChromBPNet	observed signal profile	bigWig	DNase-seq	none	heart	heart	heart	circulatory-system	none	none	passed
ENCFF746OXT	ENCFF746OXT	ENCSR536NGW	ENCSR152TIL	ChromBPNet	observed signal profile	bigWig	DNase-seq	none	heart	heart	heart	circulatory-system	none	none	passed
ENCFF787QEI	ENCFF787QEI	ENCSR320PGJ	ENCSR576EMK	ChromBPNet	observed signal profile	bigWig	DNase-seq	none	heart	heart	heart	circulatory-system	none	none	passed
ENCFF791WMC	ENCFF791WMC	ENCSR533VAF	ENCSR170IUO	ChromBPNet	observed signal profile	bigWig	DNase-seq	none	heart	heart	heart	circulatory-system	none	none	passed
ENCFF007VCI	ENCFF007VCI	ENCSR399OSE	ENCSR228EHT	ChromBPNet	observed signal profile	bigWig	ATAC-seq	none	heart-left-ventricle	heart	heart	circulatory-system	none	none	passed
ENCFF031ANP	ENCFF031ANP	ENCSR745CGG	ENCSR302PTC	ChromBPNet	observed signal profile	bigWig	ATAC-seq	none	heart-left-ventricle	heart	heart	circulatory-system	none	none	passed
ENCFF050HGA	ENCFF050HGA	ENCSR925LGW	ENCSR923QPG	ChromBPNet	observed signal profile	bigWig	ATAC-seq	none	heart-left-ventricle	heart	heart	circulatory-system	none	none	passed
ENCFF232KLC	ENCFF232KLC	ENCSR593YFB	ENCSR155LWZ	ChromBPNet	observed signal profile	bigWig	ATAC-seq	none	heart-left-ventricle	heart	heart	circulatory-system	none	none	passed
ENCFF245HLH	ENCFF245HLH	ENCSR769DGC	ENCSR748OQR	ChromBPNet	observed signal profile	bigWig	ATAC-seq	none	heart-left-ventricle	heart	heart	circulatory-system	none	none	passed
ENCFF335YBU	ENCFF335YBU	ENCSR851EBF	ENCSR346KKN	ChromBPNet	observed signal profile	bigWig	ATAC-seq	none	heart-left-ventricle	heart	heart	circulatory-system	none	none	passed
ENCFF396FBH	ENCFF396FBH	ENCSR848TMJ	ENCSR413PRR	ChromBPNet	observed signal profile	bigWig	ATAC-seq	none	heart-left-ventricle	heart	heart	circulatory-system	none	none	passed
ENCFF426YBA	ENCFF426YBA	ENCSR451JSB	ENCSR785LJQ	ChromBPNet	observed signal profile	bigWig	ATAC-seq	none	heart-left-ventricle	heart	heart	circulatory-system	none	none	passed
ENCFF574OMW	ENCFF574OMW	ENCSR286STX	ENCSR718IML	ChromBPNet	observed signal profile	bigWig	ATAC-seq	none	heart-left-ventricle	heart	heart	circulatory-system	none	none	passed
ENCFF616XOZ	ENCFF616XOZ	ENCSR117PYB	ENCSR313GPN	ChromBPNet	observed signal profile	bigWig	ATAC-seq	none	heart-left-ventricle	heart	heart	circulatory-system	none	none	passed
ENCFF656PKN	ENCFF656PKN	ENCSR204PZT	ENCSR139CRO	ChromBPNet	observed signal profile	bigWig	ATAC-seq	none	heart-left-ventricle	heart	heart	circulatory-system	none	none	passed
ENCFF700BHG	ENCFF700BHG	ENCSR899YEP	ENCSR012HQM	ChromBPNet	observed signal profile	bigWig	ATAC-seq	none	heart-left-ventricle	heart	heart	circulatory-system	none	none	passed
ENCFF723FWR	ENCFF723FWR	ENCSR846VPV	ENCSR176HAX	ChromBPNet	observed signal profile	bigWig	ATAC-seq	none	heart-left-ventricle	heart	heart	circulatory-system	none	none	passed
ENCFF769DPW	ENCFF769DPW	ENCSR310RJN	ENCSR071VIV	ChromBPNet	observed signal profile	bigWig	ATAC-seq	none	heart-left-ventricle	heart	heart	circulatory-system	none	none	passed
ENCFF970VCR	ENCFF970VCR	ENCSR225FZH	ENCSR523OKV	ChromBPNet	observed signal profile	bigWig	ATAC-seq	none	heart-left-ventricle	heart	heart	circulatory-system	none	none	passed
ENCFF037DQT	ENCFF037DQT	ENCSR735NTV	ENCSR381GGK	ChromBPNet	observed signal profile	bigWig	DNase-seq	none	heart-left-ventricle	heart	heart	circulatory-system	none	none	passed
ENCFF092BOI	ENCFF092BOI	ENCSR805EGZ	ENCSR390RSF	ChromBPNet	observed signal profile	bigWig	DNase-seq	none	heart-left-ventricle	heart	heart	circulatory-system	none	none	passed
ENCFF145DWC	ENCFF145DWC	ENCSR598RVJ	ENCSR120SCC	ChromBPNet	observed signal profile	bigWig	DNase-seq	none	heart-left-ventricle	heart	heart	circulatory-system	none	none	passed
ENCFF151UIE	ENCFF151UIE	ENCSR395HAE	ENCSR624LJH	ChromBPNet	observed signal profile	bigWig	DNase-seq	none	heart-left-ventricle	heart	heart	circulatory-system	none	none	passed
ENCFF154FVS	ENCFF154FVS	ENCSR501FWC	ENCSR827EDQ	ChromBPNet	observed signal profile	bigWig	DNase-seq	none	heart-left-ventricle	heart	heart	circulatory-system	none	none	passed
ENCFF248UPF	ENCFF248UPF	ENCSR070CMW	ENCSR958WFK	ChromBPNet	observed signal profile	bigWig	DNase-seq	none	heart-left-ventricle	heart	heart	circulatory-system	none	none	passed
ENCFF387IUX	ENCFF387IUX	ENCSR747SEU	ENCSR892ZTM	ChromBPNet	observed signal profile	bigWig	DNase-seq	none	heart-left-ventricle	heart	heart	circulatory-system	none	none	passed
ENCFF559RVX	ENCFF559RVX	ENCSR946DXB	ENCSR047GHL	ChromBPNet	observed signal profile	bigWig	DNase-seq	none	heart-left-ventricle	heart	heart	circulatory-system	none	none	passed
ENCFF563WDU	ENCFF563WDU	ENCSR222CLC	ENCSR830ING	ChromBPNet	observed signal profile	bigWig	DNase-seq	none	heart-left-ventricle	heart	heart	circulatory-system	none	none	passed
ENCFF585PAI	ENCFF585PAI	ENCSR299QGI	ENCSR763XQQ	ChromBPNet	observed signal profile	bigWig	DNase-seq	none	heart-left-ventricle	heart	heart	circulatory-system	none	none	passed
ENCFF070KQS	ENCFF070KQS	ENCSR374ZRW	ENCSR669BKH	ChromBPNet	observed signal profile	bigWig	ATAC-seq	none	heart-right-ventricle	heart	heart	circulatory-system	none	none	passed
ENCFF285VWJ	ENCFF285VWJ	ENCSR157OSO	ENCSR849TOG	ChromBPNet	observed signal profile	bigWig	ATAC-seq	none	heart-right-ventricle	heart	heart	circulatory-system	none	none	passed
ENCFF309KYK	ENCFF309KYK	ENCSR327DCG	ENCSR380WHO	ChromBPNet	observed signal profile	bigWig	ATAC-seq	none	heart-right-ventricle	heart	heart	circulatory-system	none	none	passed
ENCFF330SGH	ENCFF330SGH	ENCSR491VKV	ENCSR839CXN	ChromBPNet	observed signal profile	bigWig	ATAC-seq	none	heart-right-ventricle	heart	heart	circulatory-system	none	none	passed
ENCFF379WZT	ENCFF379WZT	ENCSR403GBR	ENCSR311LQE	ChromBPNet	observed signal profile	bigWig	ATAC-seq	none	heart-right-ventricle	heart	heart	circulatory-system	none	none	passed
ENCFF456LWZ	ENCFF456LWZ	ENCSR710SMN	ENCSR348BTG	ChromBPNet	observed signal profile	bigWig	ATAC-seq	none	heart-right-ventricle	heart	heart	circulatory-system	none	none	passed
ENCFF463RWW	ENCFF463RWW	ENCSR522FGI	ENCSR473RMF	ChromBPNet	observed signal profile	bigWig	ATAC-seq	none	heart-right-ventricle	heart	heart	circulatory-system	none	none	passed
ENCFF472QWX	ENCFF472QWX	ENCSR212LYK	ENCSR886DNL	ChromBPNet	observed signal profile	bigWig	ATAC-seq	none	heart-right-ventricle	heart	heart	circulatory-system	none	none	passed
ENCFF492EMZ	ENCFF492EMZ	ENCSR437OOJ	ENCSR487NMI	ChromBPNet	observed signal profile	bigWig	ATAC-seq	none	heart-right-ventricle	heart	heart	circulatory-system	none	none	passed
ENCFF584HOA	ENCFF584HOA	ENCSR439TZT	ENCSR992KED	ChromBPNet	observed signal profile	bigWig	ATAC-seq	none	heart-right-ventricle	heart	heart	circulatory-system	none	none	passed
ENCFF681FZA	ENCFF681FZA	ENCSR133CMC	ENCSR624URV	ChromBPNet	observed signal profile	bigWig	ATAC-seq	none	heart-right-ventricle	heart	heart	circulatory-system	none	none	passed
ENCFF809SRU	ENCFF809SRU	ENCSR204SMO	ENCSR999ETQ	ChromBPNet	observed signal profile	bigWig	ATAC-seq	none	heart-right-ventricle	heart	heart	circulatory-system	none	none	passed
ENCFF904BKX	ENCFF904BKX	ENCSR563ZNI	ENCSR662DNR	ChromBPNet	observed signal profile	bigWig	ATAC-seq	none	heart-right-ventricle	heart	heart	circulatory-system	none	none	passed
ENCFF905DGE	ENCFF905DGE	ENCSR053SGP	ENCSR716THJ	ChromBPNet	observed signal profile	bigWig	ATAC-seq	none	heart-right-ventricle	heart	heart	circulatory-system	none	none	passed
ENCFF021CCJ	ENCFF021CCJ	ENCSR356RNZ	ENCSR340RCH	ChromBPNet	observed signal profile	bigWig	DNase-seq	none	heart-right-ventricle	heart	heart	circulatory-system	none	none	passed
ENCFF067QYC	ENCFF067QYC	ENCSR211SUT	ENCSR215KHF	ChromBPNet	observed signal profile	bigWig	DNase-seq	none	heart-right-ventricle	heart	heart	circulatory-system	none	none	passed
ENCFF091TGA	ENCFF091TGA	ENCSR214NLQ	ENCSR836KXF	ChromBPNet	observed signal profile	bigWig	DNase-seq	none	heart-right-ventricle	heart	heart	circulatory-system	none	none	passed
ENCFF093RNK	ENCFF093RNK	ENCSR928WMU	ENCSR126YHP	ChromBPNet	observed signal profile	bigWig	DNase-seq	none	heart-right-ventricle	heart	heart	circulatory-system	none	none	passed
ENCFF354TLE	ENCFF354TLE	ENCSR746RDJ	ENCSR135HTA	ChromBPNet	observed signal profile	bigWig	DNase-seq	none	heart-right-ventricle	heart	heart	circulatory-system	none	none	passed
ENCFF404LPH	ENCFF404LPH	ENCSR246VSO	ENCSR184TFG	ChromBPNet	observed signal profile	bigWig	DNase-seq	none	heart-right-ventricle	heart	heart	circulatory-system	none	none	passed
ENCFF451OSI	ENCFF451OSI	ENCSR238FMP	ENCSR161GHW	ChromBPNet	observed signal profile	bigWig	DNase-seq	none	heart-right-ventricle	heart	heart	circulatory-system	none	none	passed
ENCFF473TCG	ENCFF473TCG	ENCSR298OIK	ENCSR092YZN	ChromBPNet	observed signal profile	bigWig	DNase-seq	none	heart-right-ventricle	heart	heart	circulatory-system	none	none	passed
ENCFF783KVE	ENCFF783KVE	ENCSR694LFE	ENCSR257DRO	ChromBPNet	observed signal profile	bigWig	DNase-seq	none	heart-right-ventricle	heart	heart	circulatory-system	none	none	passed
ENCFF845XQF	ENCFF845XQF	ENCSR792QQE	ENCSR932NSW	ChromBPNet	observed signal profile	bigWig	DNase-seq	none	heart-right-ventricle	heart	heart	circulatory-system	none	none	passed
ENCFF173YEV	ENCFF173YEV	ENCSR098PTC	ENCSR036PUG	ChromBPNet	observed signal profile	bigWig	DNase-seq	none	hematopoietic-multipotent-progenitor-cell	hematopoietic	blood	circulatory-system	none	none	passed
ENCFF215FDC	ENCFF215FDC	ENCSR420NOA	ENCSR336TDN	ChromBPNet	observed signal profile	bigWig	DNase-seq	none	hematopoietic-multipotent-progenitor-cell	hematopoietic	blood	circulatory-system	none	none	passed
ENCFF259KWP	ENCFF259KWP	ENCSR564JUY	ENCSR214COF	ChromBPNet	observed signal profile	bigWig	DNase-seq	none	hematopoietic-multipotent-progenitor-cell	hematopoietic	blood	circulatory-system	none	none	passed
ENCFF279KTY	ENCFF279KTY	ENCSR855FOP	ENCSR912ACC	ChromBPNet	observed signal profile	bigWig	DNase-seq	none	hematopoietic-multipotent-progenitor-cell	hematopoietic	blood	circulatory-system	none	none	passed
ENCFF603ZVS	ENCFF603ZVS	ENCSR148VUP	ENCSR116YIV	ChromBPNet	observed signal profile	bigWig	DNase-seq	none	hematopoietic-multipotent-progenitor-cell	hematopoietic	blood	circulatory-system	none	none	passed
ENCFF630ZVT	ENCFF630ZVT	ENCSR000EMK	ENCSR816AQM	ChromBPNet	observed signal profile	bigWig	DNase-seq	none	hematopoietic-multipotent-progenitor-cell	hematopoietic	blood	circulatory-system	none	none	passed
ENCFF702TNL	ENCFF702TNL	ENCSR937UWI	ENCSR024KJU	ChromBPNet	observed signal profile	bigWig	DNase-seq	none	hematopoietic-multipotent-progenitor-cell	hematopoietic	blood	circulatory-system	none	none	passed
ENCFF793UYU	ENCFF793UYU	ENCSR362JSZ	ENCSR426ANZ	ChromBPNet	observed signal profile	bigWig	DNase-seq	none	hematopoietic-multipotent-progenitor-cell	hematopoietic	blood	circulatory-system	none	none	passed
ENCFF802WCJ	ENCFF802WCJ	ENCSR115YPI	ENCSR771YUP	ChromBPNet	observed signal profile	bigWig	DNase-seq	none	hematopoietic-multipotent-progenitor-cell	hematopoietic	blood	circulatory-system	none	none	passed
ENCFF903ARJ	ENCFF903ARJ	ENCSR845CFB	ENCSR954EWB	ChromBPNet	observed signal profile	bigWig	DNase-seq	none	hematopoietic-multipotent-progenitor-cell	hematopoietic	blood	circulatory-system	none	none	passed
ENCFF947TFA	ENCFF947TFA	ENCSR328UMC	ENCSR966XZN	ChromBPNet	observed signal profile	bigWig	DNase-seq	none	hematopoietic-multipotent-progenitor-cell	hematopoietic	blood	circulatory-system	none	none	passed
ENCFF951TDE	ENCFF951TDE	ENCSR493IAY	ENCSR672ZIV	ChromBPNet	observed signal profile	bigWig	DNase-seq	none	hematopoietic-multipotent-progenitor-cell	hematopoietic	blood	circulatory-system	none	none	passed
ENCFF541MLW	ENCFF541MLW	ENCSR364MFN	ENCSR829DOW	ChromBPNet	observed signal profile	bigWig	DNase-seq	none	hepatocyte	hepato	liver	digestive-system	none	none	passed
ENCFF733KIB	ENCFF733KIB	ENCSR385AMY	ENCSR003PKQ	ChromBPNet	observed signal profile	bigWig	DNase-seq	none	hindlimb-muscle	limb	limb	skeletal-system	none	none	passed
ENCFF395CXF	ENCFF395CXF	ENCSR383SNM	ENCSR820XEK	ChromBPNet	observed signal profile	bigWig	DNase-seq	none	iPS-DF-19.11	cell-line	cell-line	cell-line	none	none	passed
ENCFF233OJY	ENCFF233OJY	ENCSR440QMR	ENCSR436DKQ	ChromBPNet	observed signal profile	bigWig	DNase-seq	none	iPS-DF-19.7	cell-line	cell-line	cell-line	none	none	passed
ENCFF364KAT	ENCFF364KAT	ENCSR014FPY	ENCSR932JUJ	ChromBPNet	observed signal profile	bigWig	DNase-seq	none	iPS-DF-4.7	cell-line	cell-line	cell-line	none	none	passed
ENCFF218AFB	ENCFF218AFB	ENCSR261SMF	ENCSR416KDN	ChromBPNet	observed signal profile	bigWig	DNase-seq	none	iPS-DF-6.9	cell-line	cell-line	cell-line	none	none	passed
ENCFF215TNM	ENCFF215TNM	ENCSR986YWZ	ENCSR487SME	ChromBPNet	observed signal profile	bigWig	DNase-seq	none	inferior-parietal-cortex	parietal	brain	central-nervous-system	none	none	passed
ENCFF409YSJ	ENCFF409YSJ	ENCSR224FOA	ENCSR446RRY	ChromBPNet	observed signal profile	bigWig	DNase-seq	none	islet-precursor-cell	islet	pancreas	digestive-system	none	none	passed
ENCFF883GDK	ENCFF883GDK	ENCSR415LEB	ENCSR441VJW	ChromBPNet	observed signal profile	bigWig	ATAC-seq	none	jejunum	jejunum	small-intestine	digestive-system	none	none	passed
ENCFF114YPJ	ENCFF114YPJ	ENCSR000EPQ	ENCSR855OSM	ChromBPNet	observed signal profile	bigWig	DNase-seq	none	keratinocyte	keratinocyte	skin	integumental-system	none	none	passed
ENCFF968WCF	ENCFF968WCF	ENCSR297VGU	ENCSR794TEU	ChromBPNet	observed signal profile	bigWig	ATAC-seq	none	kidney	kidney	kidney	excretory-system	none	none	passed
ENCFF020LSG	ENCFF020LSG	ENCSR873ANE	ENCSR388LLM	ChromBPNet	observed signal profile	bigWig	DNase-seq	none	kidney	kidney	kidney	excretory-system	none	none	passed
ENCFF041KKE	ENCFF041KKE	ENCSR206OJJ	ENCSR591SYJ	ChromBPNet	observed signal profile	bigWig	DNase-seq	none	kidney	kidney	kidney	excretory-system	none	none	passed
ENCFF108INQ	ENCFF108INQ	ENCSR082JCE	ENCSR544DAU	ChromBPNet	observed signal profile	bigWig	DNase-seq	none	kidney	kidney	kidney	excretory-system	none	none	passed
ENCFF131SQK	ENCFF131SQK	ENCSR941DTJ	ENCSR275GLV	ChromBPNet	observed signal profile	bigWig	DNase-seq	none	kidney	kidney	kidney	excretory-system	none	none	passed
ENCFF189OUV	ENCFF189OUV	ENCSR792ZXA	ENCSR547BDK	ChromBPNet	observed signal profile	bigWig	DNase-seq	none	kidney	kidney	kidney	excretory-system	none	none	passed
ENCFF294OTN	ENCFF294OTN	ENCSR953JVX	ENCSR041ZFF	ChromBPNet	observed signal profile	bigWig	DNase-seq	none	kidney	kidney	kidney	excretory-system	none	none	passed
ENCFF319KLX	ENCFF319KLX	ENCSR106OKX	ENCSR409SRV	ChromBPNet	observed signal profile	bigWig	DNase-seq	none	kidney	kidney	kidney	excretory-system	none	none	passed
ENCFF463GIJ	ENCFF463GIJ	ENCSR066WZJ	ENCSR323YJT	ChromBPNet	observed signal profile	bigWig	DNase-seq	none	kidney	kidney	kidney	excretory-system	none	none	passed
ENCFF601PTR	ENCFF601PTR	ENCSR757EPJ	ENCSR400JGH	ChromBPNet	observed signal profile	bigWig	DNase-seq	none	kidney	kidney	kidney	excretory-system	none	none	passed
ENCFF625QYY	ENCFF625QYY	ENCSR437KLY	ENCSR950QAL	ChromBPNet	observed signal profile	bigWig	DNase-seq	none	kidney	kidney	kidney	excretory-system	none	none	passed
ENCFF698UJB	ENCFF698UJB	ENCSR645GJD	ENCSR100KOK	ChromBPNet	observed signal profile	bigWig	DNase-seq	none	kidney	kidney	kidney	excretory-system	none	none	passed
ENCFF792OMA	ENCFF792OMA	ENCSR499PZA	ENCSR252ZMF	ChromBPNet	observed signal profile	bigWig	DNase-seq	none	kidney	kidney	kidney	excretory-system	none	none	passed
ENCFF842WHP	ENCFF842WHP	ENCSR262QJC	ENCSR619SQW	ChromBPNet	observed signal profile	bigWig	DNase-seq	none	kidney	kidney	kidney	excretory-system	none	none	passed
ENCFF957FHH	ENCFF957FHH	ENCSR774RCO	ENCSR480JMB	ChromBPNet	observed signal profile	bigWig	DNase-seq	none	kidney	kidney	kidney	excretory-system	none	none	passed
ENCFF664FOZ	ENCFF664FOZ	ENCSR988YKR	ENCSR875FPK	ChromBPNet	observed signal profile	bigWig	DNase-seq	none	kidney-capillary-endothelial-cell	endothelial	blood-vessel	circulatory-system	none	none	passed
ENCFF750CTT	ENCFF750CTT	ENCSR136KEL	ENCSR120AAX	ChromBPNet	observed signal profile	bigWig	DNase-seq	none	kidney-glomerular-epithelial-cell	epithelial	epithelial	integumental-system	none	none	passed
ENCFF073KWU	ENCFF073KWU	ENCSR857AEB	ENCSR276XFY	ChromBPNet	observed signal profile	bigWig	DNase-seq	none	large-intestine	large-intestine	large-intestine	digestive-system	none	none	passed
ENCFF288BVM	ENCFF288BVM	ENCSR133SPH	ENCSR814ZUK	ChromBPNet	observed signal profile	bigWig	DNase-seq	none	large-intestine	large-intestine	large-intestine	digestive-system	none	none	passed
ENCFF347BBC	ENCFF347BBC	ENCSR214QEO	ENCSR568PUY	ChromBPNet	observed signal profile	bigWig	DNase-seq	none	large-intestine	large-intestine	large-intestine	digestive-system	none	none	passed
ENCFF379JGA	ENCFF379JGA	ENCSR874CAK	ENCSR400GLH	ChromBPNet	observed signal profile	bigWig	DNase-seq	none	large-intestine	large-intestine	large-intestine	digestive-system	none	none	passed
ENCFF551PIV	ENCFF551PIV	ENCSR531HPD	ENCSR654WMG	ChromBPNet	observed signal profile	bigWig	DNase-seq	none	large-intestine	large-intestine	large-intestine	digestive-system	none	none	passed
ENCFF576JCV	ENCFF576JCV	ENCSR800QGE	ENCSR060FTQ	ChromBPNet	observed signal profile	bigWig	DNase-seq	none	large-intestine	large-intestine	large-intestine	digestive-system	none	none	passed
ENCFF579DAA	ENCFF579DAA	ENCSR154YPL	ENCSR306KBB	ChromBPNet	observed signal profile	bigWig	DNase-seq	none	large-intestine	large-intestine	large-intestine	digestive-system	none	none	passed
ENCFF596MCX	ENCFF596MCX	ENCSR444VTC	ENCSR482OFD	ChromBPNet	observed signal profile	bigWig	DNase-seq	none	large-intestine	large-intestine	large-intestine	digestive-system	none	none	passed
ENCFF612NVV	ENCFF612NVV	ENCSR366EQH	ENCSR113FPW	ChromBPNet	observed signal profile	bigWig	DNase-seq	none	large-intestine	large-intestine	large-intestine	digestive-system	none	none	passed
ENCFF676ECY	ENCFF676ECY	ENCSR796SJV	ENCSR693EVI	ChromBPNet	observed signal profile	bigWig	DNase-seq	none	large-intestine	large-intestine	large-intestine	digestive-system	none	none	passed
ENCFF730URA	ENCFF730URA	ENCSR047FNH	ENCSR304TXH	ChromBPNet	observed signal profile	bigWig	DNase-seq	none	large-intestine	large-intestine	large-intestine	digestive-system	none	none	passed
ENCFF768HMR	ENCFF768HMR	ENCSR563XRP	ENCSR947WWP	ChromBPNet	observed signal profile	bigWig	DNase-seq	none	large-intestine	large-intestine	large-intestine	digestive-system	none	none	passed
ENCFF816LFD	ENCFF816LFD	ENCSR762FCX	ENCSR534WZW	ChromBPNet	observed signal profile	bigWig	DNase-seq	none	large-intestine	large-intestine	large-intestine	digestive-system	none	none	passed
ENCFF836NVQ	ENCFF836NVQ	ENCSR666YVE	ENCSR208SZX	ChromBPNet	observed signal profile	bigWig	DNase-seq	none	large-intestine	large-intestine	large-intestine	digestive-system	none	none	passed
ENCFF102OES	ENCFF102OES	ENCSR736CIN	ENCSR803VRT	ChromBPNet	observed signal profile	bigWig	ATAC-seq	none	left-cardiac-atrium	cardiac	heart	circulatory-system	none	none	passed
ENCFF270VPY	ENCFF270VPY	ENCSR390SLL	ENCSR426WAU	ChromBPNet	observed signal profile	bigWig	ATAC-seq	none	left-cardiac-atrium	cardiac	heart	circulatory-system	none	none	passed
ENCFF629SON	ENCFF629SON	ENCSR731ODJ	ENCSR872ONH	ChromBPNet	observed signal profile	bigWig	ATAC-seq	none	left-cardiac-atrium	cardiac	heart	circulatory-system	none	none	passed
ENCFF663PXU	ENCFF663PXU	ENCSR310UDW	ENCSR343DVA	ChromBPNet	observed signal profile	bigWig	ATAC-seq	none	left-cardiac-atrium	cardiac	heart	circulatory-system	none	none	passed
ENCFF862ZVQ	ENCFF862ZVQ	ENCSR330WUK	ENCSR533NOY	ChromBPNet	observed signal profile	bigWig	ATAC-seq	none	left-cardiac-atrium	cardiac	heart	circulatory-system	none	none	passed
ENCFF595MMD	ENCFF595MMD	ENCSR032NNU	ENCSR021QEF	ChromBPNet	observed signal profile	bigWig	DNase-seq	none	left-cardiac-atrium	cardiac	heart	circulatory-system	none	none	passed
ENCFF768JMJ	ENCFF768JMJ	ENCSR600ZHS	ENCSR241IGX	ChromBPNet	observed signal profile	bigWig	ATAC-seq	none	left-colon	colon	large-intestine	digestive-system	none	none	passed
ENCFF207DCX	ENCFF207DCX	ENCSR279SXQ	ENCSR878HAK	ChromBPNet	observed signal profile	bigWig	DNase-seq	none	left-colon	colon	large-intestine	digestive-system	none	none	passed
ENCFF486ADR	ENCFF486ADR	ENCSR867XFA	ENCSR482CSE	ChromBPNet	observed signal profile	bigWig	DNase-seq	none	left-colon	colon	large-intestine	digestive-system	none	none	passed
ENCFF086HLJ	ENCFF086HLJ	ENCSR976XOY	ENCSR930IPA	ChromBPNet	observed signal profile	bigWig	DNase-seq	none	left-forelimb	limb	limb	skeletal-system	none	none	passed
ENCFF882KBI	ENCFF882KBI	ENCSR431UEM	ENCSR105NZG	ChromBPNet	observed signal profile	bigWig	DNase-seq	none	left-hindlimb	limb	limb	skeletal-system	none	none	passed
ENCFF204ZBQ	ENCFF204ZBQ	ENCSR422PVL	ENCSR844BAV	ChromBPNet	observed signal profile	bigWig	DNase-seq	none	left-kidney	kidney	kidney	excretory-system	none	none	passed
ENCFF560QUA	ENCFF560QUA	ENCSR097BWW	ENCSR707BUL	ChromBPNet	observed signal profile	bigWig	DNase-seq	none	left-kidney	kidney	kidney	excretory-system	none	none	passed
ENCFF588ZCP	ENCFF588ZCP	ENCSR953XJU	ENCSR347CFZ	ChromBPNet	observed signal profile	bigWig	DNase-seq	none	left-kidney	kidney	kidney	excretory-system	none	none	passed
ENCFF707NXD	ENCFF707NXD	ENCSR543YPH	ENCSR244ZMB	ChromBPNet	observed signal profile	bigWig	DNase-seq	none	left-kidney	kidney	kidney	excretory-system	none	none	passed
ENCFF747PDE	ENCFF747PDE	ENCSR974TXT	ENCSR303DZH	ChromBPNet	observed signal profile	bigWig	DNase-seq	none	left-kidney	kidney	kidney	excretory-system	none	none	passed
ENCFF839CTY	ENCFF839CTY	ENCSR184DFF	ENCSR342VPM	ChromBPNet	observed signal profile	bigWig	DNase-seq	none	left-kidney	kidney	kidney	excretory-system	none	none	passed
ENCFF879RQB	ENCFF879RQB	ENCSR295DUI	ENCSR162OQQ	ChromBPNet	observed signal profile	bigWig	DNase-seq	none	left-kidney	kidney	kidney	excretory-system	none	none	passed
ENCFF931ELW	ENCFF931ELW	ENCSR120LVW	ENCSR237JRU	ChromBPNet	observed signal profile	bigWig	DNase-seq	none	left-kidney	kidney	kidney	excretory-system	none	none	passed
ENCFF969WKZ	ENCFF969WKZ	ENCSR600RAA	ENCSR314VYG	ChromBPNet	observed signal profile	bigWig	DNase-seq	none	left-kidney	kidney	kidney	excretory-system	none	none	passed
ENCFF382DHA	ENCFF382DHA	ENCSR624ODL	ENCSR764RSP	ChromBPNet	observed signal profile	bigWig	ATAC-seq	none	left-lobe-of-liver	liver	liver	digestive-system	none	none	passed
ENCFF477SNS	ENCFF477SNS	ENCSR802ZYE	ENCSR149JWI	ChromBPNet	observed signal profile	bigWig	DNase-seq	none	left-lobe-of-liver	liver	liver	digestive-system	none	none	passed
ENCFF970QWU	ENCFF970QWU	ENCSR682ETE	ENCSR290BAB	ChromBPNet	observed signal profile	bigWig	ATAC-seq	none	left-lung	lung	lung	respiratory-system	none	none	passed
ENCFF035ZNH	ENCFF035ZNH	ENCSR006XED	ENCSR166DMK	ChromBPNet	observed signal profile	bigWig	DNase-seq	none	left-lung	lung	lung	respiratory-system	none	none	passed
ENCFF172FYX	ENCFF172FYX	ENCSR441OGH	ENCSR085UWX	ChromBPNet	observed signal profile	bigWig	DNase-seq	none	left-lung	lung	lung	respiratory-system	none	none	passed
ENCFF227TOQ	ENCFF227TOQ	ENCSR953WJO	ENCSR084DDJ	ChromBPNet	observed signal profile	bigWig	DNase-seq	none	left-lung	lung	lung	respiratory-system	none	none	passed
ENCFF390YCB	ENCFF390YCB	ENCSR488PHT	ENCSR319KPJ	ChromBPNet	observed signal profile	bigWig	DNase-seq	none	left-lung	lung	lung	respiratory-system	none	none	passed
ENCFF448PHT	ENCFF448PHT	ENCSR803VCR	ENCSR587DJD	ChromBPNet	observed signal profile	bigWig	DNase-seq	none	left-lung	lung	lung	respiratory-system	none	none	passed
ENCFF613VVE	ENCFF613VVE	ENCSR960EJV	ENCSR775OWR	ChromBPNet	observed signal profile	bigWig	DNase-seq	none	left-lung	lung	lung	respiratory-system	none	none	passed
ENCFF689CYI	ENCFF689CYI	ENCSR680SDS	ENCSR750HIY	ChromBPNet	observed signal profile	bigWig	DNase-seq	none	left-lung	lung	lung	respiratory-system	none	none	passed
ENCFF747WQM	ENCFF747WQM	ENCSR456KDF	ENCSR936GKS	ChromBPNet	observed signal profile	bigWig	DNase-seq	none	left-lung	lung	lung	respiratory-system	none	none	passed
ENCFF888XBE	ENCFF888XBE	ENCSR510ITB	ENCSR892FMX	ChromBPNet	observed signal profile	bigWig	DNase-seq	none	left-lung	lung	lung	respiratory-system	none	none	passed
ENCFF900VMZ	ENCFF900VMZ	ENCSR935EVZ	ENCSR775HQN	ChromBPNet	observed signal profile	bigWig	DNase-seq	none	left-lung	lung	lung	respiratory-system	none	none	passed
ENCFF926FGI	ENCFF926FGI	ENCSR658UBE	ENCSR773MZG	ChromBPNet	observed signal profile	bigWig	DNase-seq	none	left-lung	lung	lung	respiratory-system	none	none	passed
ENCFF133KVQ	ENCFF133KVQ	ENCSR039ZVQ	ENCSR972EGH	ChromBPNet	observed signal profile	bigWig	DNase-seq	none	left-renal-cortex-interstitium	renal	kidney	excretory-system	none	none	passed
ENCFF834OIH	ENCFF834OIH	ENCSR092WMD	ENCSR806RQQ	ChromBPNet	observed signal profile	bigWig	DNase-seq	none	left-renal-cortex-interstitium	renal	kidney	excretory-system	none	none	passed
ENCFF850XNY	ENCFF850XNY	ENCSR928SYE	ENCSR819BCH	ChromBPNet	observed signal profile	bigWig	DNase-seq	none	left-renal-cortex-interstitium	renal	kidney	excretory-system	none	none	passed
ENCFF866DRV	ENCFF866DRV	ENCSR588JXI	ENCSR868XDI	ChromBPNet	observed signal profile	bigWig	DNase-seq	none	left-renal-cortex-interstitium	renal	kidney	excretory-system	none	none	passed
ENCFF276KVS	ENCFF276KVS	ENCSR318JAA	ENCSR912CMN	ChromBPNet	observed signal profile	bigWig	DNase-seq	none	left-renal-pelvis	renal	kidney	excretory-system	none	none	passed
ENCFF667LEO	ENCFF667LEO	ENCSR320SVK	ENCSR943DPF	ChromBPNet	observed signal profile	bigWig	DNase-seq	none	left-renal-pelvis	renal	kidney	excretory-system	none	none	passed
ENCFF810XEG	ENCFF810XEG	ENCSR016THC	ENCSR394XWN	ChromBPNet	observed signal profile	bigWig	DNase-seq	none	left-renal-pelvis	renal	kidney	excretory-system	none	none	passed
ENCFF851EVV	ENCFF851EVV	ENCSR258IBL	ENCSR910NEW	ChromBPNet	observed signal profile	bigWig	DNase-seq	none	left-renal-pelvis	renal	kidney	excretory-system	none	none	passed
ENCFF116NJC	ENCFF116NJC	ENCSR946MAI	ENCSR446PUF	ChromBPNet	observed signal profile	bigWig	ATAC-seq	none	left-ventricle-myocardium-inferior	ventricle	heart	circulatory-system	none	none	passed
ENCFF427AVE	ENCFF427AVE	ENCSR770OTB	ENCSR057XMV	ChromBPNet	observed signal profile	bigWig	DNase-seq	none	left-ventricle-myocardium-inferior	ventricle	heart	circulatory-system	none	none	passed
ENCFF758IKB	ENCFF758IKB	ENCSR133WJY	ENCSR317GGQ	ChromBPNet	observed signal profile	bigWig	ATAC-seq	none	left-ventricle-myocardium-superior	ventricle	heart	circulatory-system	none	none	passed
ENCFF946JPU	ENCFF946JPU	ENCSR355WAJ	ENCSR462CFV	ChromBPNet	observed signal profile	bigWig	DNase-seq	none	left-ventricle-myocardium-superior	ventricle	heart	circulatory-system	none	none	passed
ENCFF819WUF	ENCFF819WUF	ENCSR818JGZ	ENCSR138OCE	ChromBPNet	observed signal profile	bigWig	DNase-seq	none	limb	limb	limb	skeletal-system	none	none	passed
ENCFF852EMP	ENCFF852EMP	ENCSR532CRI	ENCSR858EVI	ChromBPNet	observed signal profile	bigWig	DNase-seq	none	limb	limb	limb	skeletal-system	none	none	passed
ENCFF202MDL	ENCFF202MDL	ENCSR124NNL	ENCSR236XBM	ChromBPNet	observed signal profile	bigWig	ATAC-seq	none	liver	liver	liver	digestive-system	none	none	passed
ENCFF021XNH	ENCFF021XNH	ENCSR158YXM	ENCSR603COG	ChromBPNet	observed signal profile	bigWig	DNase-seq	none	liver	liver	liver	digestive-system	none	none	passed
ENCFF644UHQ	ENCFF644UHQ	ENCSR562FNN	ENCSR399FII	ChromBPNet	observed signal profile	bigWig	DNase-seq	none	liver	liver	liver	digestive-system	none	none	passed
ENCFF643KCJ	ENCFF643KCJ	ENCSR361DND	ENCSR405UQT	ChromBPNet	observed signal profile	bigWig	DNase-seq	none	lower-leg-skin	skin	skin	integumental-system	none	none	passed
ENCFF395KQN	ENCFF395KQN	ENCSR555ZDH	ENCSR980GNO	ChromBPNet	observed signal profile	bigWig	ATAC-seq	none	lower-lobe-of-left-lung	lung	lung	respiratory-system	none	none	passed
ENCFF033KMY	ENCFF033KMY	ENCSR757NJT	ENCSR390HOR	ChromBPNet	observed signal profile	bigWig	DNase-seq	none	lower-lobe-of-left-lung	lung	lung	respiratory-system	none	none	passed
ENCFF351UXN	ENCFF351UXN	ENCSR632ONQ	ENCSR034LAG	ChromBPNet	observed signal profile	bigWig	DNase-seq	none	lower-lobe-of-left-lung	lung	lung	respiratory-system	none	none	passed
ENCFF355MQG	ENCFF355MQG	ENCSR923VTG	ENCSR609WOB	ChromBPNet	observed signal profile	bigWig	ATAC-seq	none	lower-lobe-of-right-lung	lung	lung	respiratory-system	none	none	passed
ENCFF360EKV	ENCFF360EKV	ENCSR948MQC	ENCSR507JRS	ChromBPNet	observed signal profile	bigWig	ATAC-seq	none	lower-lobe-of-right-lung	lung	lung	respiratory-system	none	none	passed
ENCFF488SLH	ENCFF488SLH	ENCSR785JXR	ENCSR034ERV	ChromBPNet	observed signal profile	bigWig	DNase-seq	none	lower-lobe-of-right-lung	lung	lung	respiratory-system	none	none	passed
ENCFF398UFW	ENCFF398UFW	ENCSR647AOY	ENCSR936INA	ChromBPNet	observed signal profile	bigWig	ATAC-seq	none	lung	lung	lung	respiratory-system	none	none	passed
ENCFF016CVB	ENCFF016CVB	ENCSR587HPR	ENCSR195ZBJ	ChromBPNet	observed signal profile	bigWig	DNase-seq	none	lung	lung	lung	respiratory-system	none	none	passed
ENCFF057FQT	ENCFF057FQT	ENCSR986XLW	ENCSR735RRA	ChromBPNet	observed signal profile	bigWig	DNase-seq	none	lung	lung	lung	respiratory-system	none	none	passed
ENCFF081PRM	ENCFF081PRM	ENCSR318WOD	ENCSR013BTY	ChromBPNet	observed signal profile	bigWig	DNase-seq	none	lung	lung	lung	respiratory-system	none	none	passed
ENCFF280DVL	ENCFF280DVL	ENCSR582IPV	ENCSR692PPT	ChromBPNet	observed signal profile	bigWig	DNase-seq	none	lung	lung	lung	respiratory-system	none	none	passed
ENCFF295FBR	ENCFF295FBR	ENCSR141IUS	ENCSR092FZS	ChromBPNet	observed signal profile	bigWig	DNase-seq	none	lung	lung	lung	respiratory-system	none	none	passed
ENCFF331DXV	ENCFF331DXV	ENCSR627NIF	ENCSR443LVM	ChromBPNet	observed signal profile	bigWig	DNase-seq	none	lung	lung	lung	respiratory-system	none	none	passed
ENCFF545TYC	ENCFF545TYC	ENCSR945JJB	ENCSR376IJB	ChromBPNet	observed signal profile	bigWig	DNase-seq	none	lung	lung	lung	respiratory-system	none	none	passed
ENCFF703ZSD	ENCFF703ZSD	ENCSR076YBB	ENCSR760EMJ	ChromBPNet	observed signal profile	bigWig	DNase-seq	none	lung	lung	lung	respiratory-system	none	none	passed
ENCFF944ZIF	ENCFF944ZIF	ENCSR006IJP	ENCSR481HGO	ChromBPNet	observed signal profile	bigWig	DNase-seq	none	lung	lung	lung	respiratory-system	none	none	passed
ENCFF948HUV	ENCFF948HUV	ENCSR214XJO	ENCSR577VHS	ChromBPNet	observed signal profile	bigWig	DNase-seq	none	lung	lung	lung	respiratory-system	none	none	passed
ENCFF973JKR	ENCFF973JKR	ENCSR504KZE	ENCSR430JNN	ChromBPNet	observed signal profile	bigWig	DNase-seq	none	lung	lung	lung	respiratory-system	none	none	passed
ENCFF840BNM	ENCFF840BNM	ENCSR000EOD	ENCSR213BXO	ChromBPNet	observed signal profile	bigWig	DNase-seq	none	lung-microvascular-endothelial-cell	endothelial	blood-vessel	circulatory-system	none	none	passed
ENCFF939HZP	ENCFF939HZP	ENCSR000EOE	ENCSR501LUY	ChromBPNet	observed signal profile	bigWig	DNase-seq	none	lung-microvascular-endothelial-cell	endothelial	blood-vessel	circulatory-system	none	none	passed
ENCFF686TIY	ENCFF686TIY	ENCSR000ENV	ENCSR499STU	ChromBPNet	observed signal profile	bigWig	DNase-seq	none	mammary-epithelial-cell	epithelial	epithelial	integumental-system	none	none	passed
ENCFF845RFM	ENCFF845RFM	ENCSR817ALC	ENCSR496IHH	ChromBPNet	observed signal profile	bigWig	DNase-seq	none	mammary-epithelial-cell	epithelial	epithelial	integumental-system	none	none	passed
ENCFF786APJ	ENCFF786APJ	ENCSR224IYD	ENCSR409CJJ	ChromBPNet	observed signal profile	bigWig	DNase-seq	none	medulla-oblongata	medulla	brain	central-nervous-system	none	none	passed
ENCFF996WKG	ENCFF996WKG	ENCSR610AQP	ENCSR775HRI	ChromBPNet	observed signal profile	bigWig	ATAC-seq	none	memory-B-cell	b-cell	immune	immune-system	none	none	passed
ENCFF254HSK	ENCFF254HSK	ENCSR229BGG	ENCSR772VTJ	ChromBPNet	observed signal profile	bigWig	DNase-seq	none	memory-B-cell	b-cell	immune	immune-system	none	none	passed
ENCFF537PGL	ENCFF537PGL	ENCSR736VVP	ENCSR676BXL	ChromBPNet	observed signal profile	bigWig	DNase-seq	none	memory-B-cell	b-cell	immune	immune-system	none	none	passed
ENCFF255STG	ENCFF255STG	ENCSR731QLJ	ENCSR125NZI	ChromBPNet	observed signal profile	bigWig	DNase-seq	none	mesenchymal-stem-cell	stem-cell	stem-cell	developmental-system	none	none	passed
ENCFF737KEW	ENCFF737KEW	ENCSR714DIF	ENCSR375YWK	ChromBPNet	observed signal profile	bigWig	DNase-seq	none	mesendoderm	endoderm	endodermal	developmental-system	none	none	passed
ENCFF556SZC	ENCFF556SZC	ENCSR551CSY	ENCSR982HSG	ChromBPNet	observed signal profile	bigWig	ATAC-seq	none	mesenteric-fat-pad	fat	skin	integumental-system	none	none	passed
ENCFF087GPY	ENCFF087GPY	ENCSR945KSP	ENCSR211GRM	ChromBPNet	observed signal profile	bigWig	DNase-seq	none	mesothelial-cell-of-epicardium	epicardium	heart	circulatory-system	none	none	passed
ENCFF489ZRA	ENCFF489ZRA	ENCSR706IDL	ENCSR978NMB	ChromBPNet	observed signal profile	bigWig	DNase-seq	none	midbrain	brain	brain	central-nervous-system	none	none	passed
ENCFF636QZP	ENCFF636QZP	ENCSR318PRQ	ENCSR365UQB	ChromBPNet	observed signal profile	bigWig	DNase-seq	none	middle-frontal-gyrus	gyrus	brain	central-nervous-system	none	none	passed
ENCFF203PBO	ENCFF203PBO	ENCSR709QRD	ENCSR391QZM	ChromBPNet	observed signal profile	bigWig	ATAC-seq	none	motor-neuron	neuron	nerve	central-nervous-system	none	none	passed
ENCFF354JBB	ENCFF354JBB	ENCSR516YAD	ENCSR564RRF	ChromBPNet	observed signal profile	bigWig	ATAC-seq	none	motor-neuron	neuron	nerve	central-nervous-system	none	none	passed
ENCFF443CCB	ENCFF443CCB	ENCSR065CER	ENCSR308SWU	ChromBPNet	observed signal profile	bigWig	ATAC-seq	none	motor-neuron	neuron	nerve	central-nervous-system	none	none	passed
ENCFF444GRA	ENCFF444GRA	ENCSR704VZY	ENCSR992JTX	ChromBPNet	observed signal profile	bigWig	ATAC-seq	none	motor-neuron	neuron	nerve	central-nervous-system	none	none	passed
ENCFF482EET	ENCFF482EET	ENCSR410DWV	ENCSR098BDH	ChromBPNet	observed signal profile	bigWig	ATAC-seq	none	motor-neuron	neuron	nerve	central-nervous-system	none	none	passed
ENCFF718DAL	ENCFF718DAL	ENCSR459PVP	ENCSR860FGK	ChromBPNet	observed signal profile	bigWig	ATAC-seq	none	motor-neuron	neuron	nerve	central-nervous-system	none	none	passed
ENCFF748VQZ	ENCFF748VQZ	ENCSR812ZKP	ENCSR293UQL	ChromBPNet	observed signal profile	bigWig	ATAC-seq	none	motor-neuron	neuron	nerve	central-nervous-system	none	none	passed
ENCFF761QTT	ENCFF761QTT	ENCSR131HOY	ENCSR843NKK	ChromBPNet	observed signal profile	bigWig	ATAC-seq	none	motor-neuron	neuron	nerve	central-nervous-system	none	none	passed
ENCFF802YBZ	ENCFF802YBZ	ENCSR913OWV	ENCSR667CJC	ChromBPNet	observed signal profile	bigWig	ATAC-seq	none	motor-neuron	neuron	nerve	central-nervous-system	none	none	passed
ENCFF803SMY	ENCFF803SMY	ENCSR634WYX	ENCSR108WVW	ChromBPNet	observed signal profile	bigWig	ATAC-seq	none	motor-neuron	neuron	nerve	central-nervous-system	none	none	passed
ENCFF539CNN	ENCFF539CNN	ENCSR496PPU	ENCSR588VNU	ChromBPNet	observed signal profile	bigWig	ATAC-seq	none	mucosa-of-descending-colon	colon	large-intestine	digestive-system	none	none	passed
ENCFF894WYQ	ENCFF894WYQ	ENCSR491VXJ	ENCSR413TKV	ChromBPNet	observed signal profile	bigWig	ATAC-seq	none	mucosa-of-descending-colon	colon	large-intestine	digestive-system	none	none	passed
ENCFF636BMQ	ENCFF636BMQ	ENCSR612CTW	ENCSR722YBR	ChromBPNet	observed signal profile	bigWig	DNase-seq	none	mucosa-of-descending-colon	colon	large-intestine	digestive-system	none	none	passed
ENCFF770JIX	ENCFF770JIX	ENCSR404TSP	ENCSR317GLC	ChromBPNet	observed signal profile	bigWig	DNase-seq	none	mucosa-of-descending-colon	colon	large-intestine	digestive-system	none	none	passed
ENCFF791UDQ	ENCFF791UDQ	ENCSR507DQC	ENCSR759ERC	ChromBPNet	observed signal profile	bigWig	DNase-seq	none	mucosa-of-descending-colon	colon	large-intestine	digestive-system	none	none	passed
ENCFF868WWT	ENCFF868WWT	ENCSR695FLC	ENCSR649LBS	ChromBPNet	observed signal profile	bigWig	ATAC-seq	none	mucosa-of-gallbladder	bladder	bladder	excretory-system	none	none	passed
ENCFF844QIJ	ENCFF844QIJ	ENCSR011SAG	ENCSR493ZPF	ChromBPNet	observed signal profile	bigWig	DNase-seq	none	mucosa-of-gallbladder	bladder	bladder	excretory-system	none	none	passed
ENCFF033POX	ENCFF033POX	ENCSR548SSP	ENCSR034VPK	ChromBPNet	observed signal profile	bigWig	ATAC-seq	none	mucosa-of-urinary-bladder	bladder	bladder	excretory-system	none	none	passed
ENCFF734MUQ	ENCFF734MUQ	ENCSR153IUB	ENCSR872ETC	ChromBPNet	observed signal profile	bigWig	ATAC-seq	none	mucosa-of-urinary-bladder	bladder	bladder	excretory-system	none	none	passed
ENCFF074QDR	ENCFF074QDR	ENCSR888GBS	ENCSR297AUU	ChromBPNet	observed signal profile	bigWig	DNase-seq	none	muscle-of-arm	muscle	muscle	musculature	none	none	passed
ENCFF090CPP	ENCFF090CPP	ENCSR951XEN	ENCSR784LHF	ChromBPNet	observed signal profile	bigWig	DNase-seq	none	muscle-of-arm	muscle	muscle	musculature	none	none	passed
ENCFF402WTT	ENCFF402WTT	ENCSR452EGE	ENCSR767FMQ	ChromBPNet	observed signal profile	bigWig	DNase-seq	none	muscle-of-arm	muscle	muscle	musculature	none	none	passed
ENCFF453LUU	ENCFF453LUU	ENCSR619BNL	ENCSR084NFS	ChromBPNet	observed signal profile	bigWig	DNase-seq	none	muscle-of-arm	muscle	muscle	musculature	none	none	passed
ENCFF504IUK	ENCFF504IUK	ENCSR826ERZ	ENCSR204UTL	ChromBPNet	observed signal profile	bigWig	DNase-seq	none	muscle-of-arm	muscle	muscle	musculature	none	none	passed
ENCFF530BGE	ENCFF530BGE	ENCSR517NHP	ENCSR439BOP	ChromBPNet	observed signal profile	bigWig	DNase-seq	none	muscle-of-arm	muscle	muscle	musculature	none	none	passed
ENCFF579UQS	ENCFF579UQS	ENCSR270LZE	ENCSR667FJR	ChromBPNet	observed signal profile	bigWig	DNase-seq	none	muscle-of-arm	muscle	muscle	musculature	none	none	passed
ENCFF624UPC	ENCFF624UPC	ENCSR753QKD	ENCSR723QGH	ChromBPNet	observed signal profile	bigWig	DNase-seq	none	muscle-of-arm	muscle	muscle	musculature	none	none	passed
ENCFF787DLY	ENCFF787DLY	ENCSR303YII	ENCSR701ZAN	ChromBPNet	observed signal profile	bigWig	DNase-seq	none	muscle-of-arm	muscle	muscle	musculature	none	none	passed
ENCFF794ULO	ENCFF794ULO	ENCSR062DXC	ENCSR669LKG	ChromBPNet	observed signal profile	bigWig	DNase-seq	none	muscle-of-arm	muscle	muscle	musculature	none	none	passed
ENCFF870VPJ	ENCFF870VPJ	ENCSR357PMV	ENCSR997OAD	ChromBPNet	observed signal profile	bigWig	DNase-seq	none	muscle-of-arm	muscle	muscle	musculature	none	none	passed
ENCFF893NXR	ENCFF893NXR	ENCSR949JYS	ENCSR451NQD	ChromBPNet	observed signal profile	bigWig	DNase-seq	none	muscle-of-arm	muscle	muscle	musculature	none	none	passed
ENCFF931XMM	ENCFF931XMM	ENCSR956NOL	ENCSR132ZIL	ChromBPNet	observed signal profile	bigWig	DNase-seq	none	muscle-of-arm	muscle	muscle	musculature	none	none	passed
ENCFF955DSA	ENCFF955DSA	ENCSR356QCD	ENCSR260XZC	ChromBPNet	observed signal profile	bigWig	DNase-seq	none	muscle-of-arm	muscle	muscle	musculature	none	none	passed
ENCFF988FWR	ENCFF988FWR	ENCSR649PJN	ENCSR099UWX	ChromBPNet	observed signal profile	bigWig	DNase-seq	none	muscle-of-arm	muscle	muscle	musculature	none	none	passed
ENCFF006JUS	ENCFF006JUS	ENCSR698CUE	ENCSR436KLL	ChromBPNet	observed signal profile	bigWig	DNase-seq	none	muscle-of-back	muscle	muscle	musculature	none	none	passed
ENCFF045KEF	ENCFF045KEF	ENCSR106RBR	ENCSR246WUN	ChromBPNet	observed signal profile	bigWig	DNase-seq	none	muscle-of-back	muscle	muscle	musculature	none	none	passed
ENCFF158LQC	ENCFF158LQC	ENCSR295ELC	ENCSR941HRR	ChromBPNet	observed signal profile	bigWig	DNase-seq	none	muscle-of-back	muscle	muscle	musculature	none	none	passed
ENCFF244DBO	ENCFF244DBO	ENCSR141NSQ	ENCSR071YMB	ChromBPNet	observed signal profile	bigWig	DNase-seq	none	muscle-of-back	muscle	muscle	musculature	none	none	passed
ENCFF285QZH	ENCFF285QZH	ENCSR438TWI	ENCSR467GZH	ChromBPNet	observed signal profile	bigWig	DNase-seq	none	muscle-of-back	muscle	muscle	musculature	none	none	passed
ENCFF335WQB	ENCFF335WQB	ENCSR476SDZ	ENCSR604WIO	ChromBPNet	observed signal profile	bigWig	DNase-seq	none	muscle-of-back	muscle	muscle	musculature	none	none	passed
ENCFF514XVG	ENCFF514XVG	ENCSR010ZMK	ENCSR793EFR	ChromBPNet	observed signal profile	bigWig	DNase-seq	none	muscle-of-back	muscle	muscle	musculature	none	none	passed
ENCFF565CUI	ENCFF565CUI	ENCSR193LYA	ENCSR006WBH	ChromBPNet	observed signal profile	bigWig	DNase-seq	none	muscle-of-back	muscle	muscle	musculature	none	none	passed
ENCFF611IQO	ENCFF611IQO	ENCSR033STL	ENCSR147DMQ	ChromBPNet	observed signal profile	bigWig	DNase-seq	none	muscle-of-back	muscle	muscle	musculature	none	none	passed
ENCFF619TUQ	ENCFF619TUQ	ENCSR072NBR	ENCSR338CYP	ChromBPNet	observed signal profile	bigWig	DNase-seq	none	muscle-of-back	muscle	muscle	musculature	none	none	passed
ENCFF644XIN	ENCFF644XIN	ENCSR786FWF	ENCSR347XBH	ChromBPNet	observed signal profile	bigWig	DNase-seq	none	muscle-of-back	muscle	muscle	musculature	none	none	passed
ENCFF745OOD	ENCFF745OOD	ENCSR585CGU	ENCSR704MNS	ChromBPNet	observed signal profile	bigWig	DNase-seq	none	muscle-of-back	muscle	muscle	musculature	none	none	passed
ENCFF997JWX	ENCFF997JWX	ENCSR174GXG	ENCSR037WSC	ChromBPNet	observed signal profile	bigWig	DNase-seq	none	muscle-of-back	muscle	muscle	musculature	none	none	passed
ENCFF063XDW	ENCFF063XDW	ENCSR198JXW	ENCSR915HQH	ChromBPNet	observed signal profile	bigWig	DNase-seq	none	muscle-of-leg	muscle	muscle	musculature	none	none	passed
ENCFF064PDN	ENCFF064PDN	ENCSR167XSQ	ENCSR951VPU	ChromBPNet	observed signal profile	bigWig	DNase-seq	none	muscle-of-leg	muscle	muscle	musculature	none	none	passed
ENCFF099ACL	ENCFF099ACL	ENCSR059LXL	ENCSR771RUL	ChromBPNet	observed signal profile	bigWig	DNase-seq	none	muscle-of-leg	muscle	muscle	musculature	none	none	passed
ENCFF109GOS	ENCFF109GOS	ENCSR294QCR	ENCSR146ZYL	ChromBPNet	observed signal profile	bigWig	DNase-seq	none	muscle-of-leg	muscle	muscle	musculature	none	none	passed
ENCFF152OTW	ENCFF152OTW	ENCSR272RQX	ENCSR084ZVM	ChromBPNet	observed signal profile	bigWig	DNase-seq	none	muscle-of-leg	muscle	muscle	musculature	none	none	passed
ENCFF340RAV	ENCFF340RAV	ENCSR622CAH	ENCSR887XQO	ChromBPNet	observed signal profile	bigWig	DNase-seq	none	muscle-of-leg	muscle	muscle	musculature	none	none	passed
ENCFF438ZZF	ENCFF438ZZF	ENCSR033DQS	ENCSR023VRN	ChromBPNet	observed signal profile	bigWig	DNase-seq	none	muscle-of-leg	muscle	muscle	musculature	none	none	passed
ENCFF544OEF	ENCFF544OEF	ENCSR937RVN	ENCSR544GNB	ChromBPNet	observed signal profile	bigWig	DNase-seq	none	muscle-of-leg	muscle	muscle	musculature	none	none	passed
ENCFF563CAQ	ENCFF563CAQ	ENCSR297ORG	ENCSR127GFJ	ChromBPNet	observed signal profile	bigWig	DNase-seq	none	muscle-of-leg	muscle	muscle	musculature	none	none	passed
ENCFF929KKH	ENCFF929KKH	ENCSR938UOR	ENCSR642UBP	ChromBPNet	observed signal profile	bigWig	DNase-seq	none	muscle-of-leg	muscle	muscle	musculature	none	none	passed
ENCFF981UJU	ENCFF981UJU	ENCSR861NUH	ENCSR944QXV	ChromBPNet	observed signal profile	bigWig	DNase-seq	none	muscle-of-leg	muscle	muscle	musculature	none	none	passed
ENCFF999WOI	ENCFF999WOI	ENCSR286WIA	ENCSR563QIN	ChromBPNet	observed signal profile	bigWig	DNase-seq	none	muscle-of-leg	muscle	muscle	musculature	none	none	passed
ENCFF160GCM	ENCFF160GCM	ENCSR440FZS	ENCSR038BQY	ChromBPNet	observed signal profile	bigWig	DNase-seq	none	muscle-of-trunk	muscle	muscle	musculature	none	none	passed
ENCFF334GEM	ENCFF334GEM	ENCSR217YRJ	ENCSR183INL	ChromBPNet	observed signal profile	bigWig	DNase-seq	none	muscle-of-trunk	muscle	muscle	musculature	none	none	passed
ENCFF359FHU	ENCFF359FHU	ENCSR411MGY	ENCSR276ZAN	ChromBPNet	observed signal profile	bigWig	DNase-seq	none	muscle-of-trunk	muscle	muscle	musculature	none	none	passed
ENCFF354RTO	ENCFF354RTO	ENCSR000EPD	ENCSR838EIU	ChromBPNet	observed signal profile	bigWig	DNase-seq	none	myocyte	myocyte	muscle	musculature	none	none	passed
ENCFF300QSN	ENCFF300QSN	ENCSR000EOP	ENCSR523GUI	ChromBPNet	observed signal profile	bigWig	DNase-seq	none	myotube	myotube	muscle	musculature	none	none	passed
ENCFF126FUJ	ENCFF126FUJ	ENCSR903WVU	ENCSR993ADC	ChromBPNet	observed signal profile	bigWig	ATAC-seq	none	naive-B-cell	b-cell	immune	immune-system	none	none	passed
ENCFF576HTN	ENCFF576HTN	ENCSR685OFR	ENCSR479HKQ	ChromBPNet	observed signal profile	bigWig	ATAC-seq	none	naive-B-cell	b-cell	immune	immune-system	none	none	passed
ENCFF184IUE	ENCFF184IUE	ENCSR739VKY	ENCSR167ROT	ChromBPNet	observed signal profile	bigWig	DNase-seq	none	naive-B-cell	b-cell	immune	immune-system	none	none	passed
ENCFF447ONB	ENCFF447ONB	ENCSR480SNC	ENCSR365UQV	ChromBPNet	observed signal profile	bigWig	DNase-seq	none	naive-B-cell	b-cell	immune	immune-system	none	none	passed
ENCFF051LTE	ENCFF051LTE	ENCSR452COS	ENCSR021MKA	ChromBPNet	observed signal profile	bigWig	ATAC-seq	none	naive-thymus-derived-CD4-positive,-alpha-beta-T-cell	t-cell	immune	immune-system	none	none	passed
ENCFF583HTI	ENCFF583HTI	ENCSR260LAN	ENCSR973ELB	ChromBPNet	observed signal profile	bigWig	ATAC-seq	none	naive-thymus-derived-CD4-positive,-alpha-beta-T-cell	t-cell	immune	immune-system	none	none	passed
ENCFF004BNA	ENCFF004BNA	ENCSR000EML	ENCSR792XWI	ChromBPNet	observed signal profile	bigWig	DNase-seq	none	naive-thymus-derived-CD4-positive,-alpha-beta-T-cell	t-cell	immune	immune-system	none	none	passed
ENCFF141BVL	ENCFF141BVL	ENCSR969QKG	ENCSR000SWL	ChromBPNet	observed signal profile	bigWig	DNase-seq	none	naive-thymus-derived-CD4-positive,-alpha-beta-T-cell	t-cell	immune	immune-system	none	none	passed
ENCFF199GNZ	ENCFF199GNZ	ENCSR387EYA	ENCSR410LHN	ChromBPNet	observed signal profile	bigWig	DNase-seq	none	naive-thymus-derived-CD4-positive,-alpha-beta-T-cell	t-cell	immune	immune-system	none	none	passed
ENCFF241HZC	ENCFF241HZC	ENCSR531AYV	ENCSR264EXC	ChromBPNet	observed signal profile	bigWig	DNase-seq	none	naive-thymus-derived-CD4-positive,-alpha-beta-T-cell	t-cell	immune	immune-system	none	none	passed
ENCFF283KMY	ENCFF283KMY	ENCSR232NLA	ENCSR490VKT	ChromBPNet	observed signal profile	bigWig	DNase-seq	none	naive-thymus-derived-CD4-positive,-alpha-beta-T-cell	t-cell	immune	immune-system	none	none	passed
ENCFF474SUO	ENCFF474SUO	ENCSR000EMM	ENCSR955XIL	ChromBPNet	observed signal profile	bigWig	DNase-seq	none	naive-thymus-derived-CD4-positive,-alpha-beta-T-cell	t-cell	immune	immune-system	none	none	passed
ENCFF662ZMK	ENCFF662ZMK	ENCSR125OEJ	ENCSR777DQL	ChromBPNet	observed signal profile	bigWig	DNase-seq	none	naive-thymus-derived-CD4-positive,-alpha-beta-T-cell	t-cell	immune	immune-system	none	none	passed
ENCFF395UDW	ENCFF395UDW	ENCSR283LPH	ENCSR035TEW	ChromBPNet	observed signal profile	bigWig	ATAC-seq	none	naive-thymus-derived-CD8-positive,-alpha-beta-T-cell	t-cell	immune	immune-system	none	none	passed
ENCFF637IGQ	ENCFF637IGQ	ENCSR614JAG	ENCSR996BEY	ChromBPNet	observed signal profile	bigWig	ATAC-seq	none	naive-thymus-derived-CD8-positive,-alpha-beta-T-cell	t-cell	immune	immune-system	none	none	passed
ENCFF927NMO	ENCFF927NMO	ENCSR513EVP	ENCSR531ENM	ChromBPNet	observed signal profile	bigWig	ATAC-seq	none	naive-thymus-derived-CD8-positive,-alpha-beta-T-cell	t-cell	immune	immune-system	none	none	passed
ENCFF074JYZ	ENCFF074JYZ	ENCSR445QDZ	ENCSR650ORE	ChromBPNet	observed signal profile	bigWig	DNase-seq	none	naive-thymus-derived-CD8-positive,-alpha-beta-T-cell	t-cell	immune	immune-system	none	none	passed
ENCFF140ONW	ENCFF140ONW	ENCSR703VGI	ENCSR929NKA	ChromBPNet	observed signal profile	bigWig	DNase-seq	none	naive-thymus-derived-CD8-positive,-alpha-beta-T-cell	t-cell	immune	immune-system	none	none	passed
ENCFF445DOJ	ENCFF445DOJ	ENCSR237BOF	ENCSR554LKW	ChromBPNet	observed signal profile	bigWig	DNase-seq	none	naive-thymus-derived-CD8-positive,-alpha-beta-T-cell	t-cell	immune	immune-system	none	none	passed
ENCFF454JAM	ENCFF454JAM	ENCSR332HAD	ENCSR132JVG	ChromBPNet	observed signal profile	bigWig	DNase-seq	none	naive-thymus-derived-CD8-positive,-alpha-beta-T-cell	t-cell	immune	immune-system	none	none	passed
ENCFF506VHT	ENCFF506VHT	ENCSR889ONK	ENCSR668QCT	ChromBPNet	observed signal profile	bigWig	DNase-seq	none	naive-thymus-derived-CD8-positive,-alpha-beta-T-cell	t-cell	immune	immune-system	none	none	passed
ENCFF555XQF	ENCFF555XQF	ENCSR296TFH	ENCSR868BMM	ChromBPNet	observed signal profile	bigWig	DNase-seq	none	naive-thymus-derived-CD8-positive,-alpha-beta-T-cell	t-cell	immune	immune-system	none	none	passed
ENCFF626CWF	ENCFF626CWF	ENCSR283TME	ENCSR399CMA	ChromBPNet	observed signal profile	bigWig	DNase-seq	none	naive-thymus-derived-CD8-positive,-alpha-beta-T-cell	t-cell	immune	immune-system	none	none	passed
ENCFF909SAK	ENCFF909SAK	ENCSR367WVH	ENCSR709FWR	ChromBPNet	observed signal profile	bigWig	DNase-seq	none	naive-thymus-derived-CD8-positive,-alpha-beta-T-cell	t-cell	immune	immune-system	none	none	passed
ENCFF136CJH	ENCFF136CJH	ENCSR305QTE	ENCSR015SXE	ChromBPNet	observed signal profile	bigWig	ATAC-seq	none	natural-killer-cell	killer	immune	immune-system	none	none	passed
ENCFF442RMW	ENCFF442RMW	ENCSR373GMM	ENCSR629AOL	ChromBPNet	observed signal profile	bigWig	ATAC-seq	none	natural-killer-cell	killer	immune	immune-system	none	none	passed
ENCFF493YHE	ENCFF493YHE	ENCSR044ATC	ENCSR038PBG	ChromBPNet	observed signal profile	bigWig	ATAC-seq	none	natural-killer-cell	killer	immune	immune-system	none	none	passed
ENCFF589FLO	ENCFF589FLO	ENCSR854TTM	ENCSR360EPT	ChromBPNet	observed signal profile	bigWig	ATAC-seq	none	natural-killer-cell	killer	immune	immune-system	none	none	passed
ENCFF911OJY	ENCFF911OJY	ENCSR808HWS	ENCSR364XYG	ChromBPNet	observed signal profile	bigWig	ATAC-seq	none	natural-killer-cell	killer	immune	immune-system	none	none	passed
ENCFF039IBG	ENCFF039IBG	ENCSR704HNG	ENCSR294YZE	ChromBPNet	observed signal profile	bigWig	DNase-seq	none	natural-killer-cell	killer	immune	immune-system	none	none	passed
ENCFF300RYU	ENCFF300RYU	ENCSR975LGK	ENCSR877QBD	ChromBPNet	observed signal profile	bigWig	DNase-seq	none	natural-killer-cell	killer	immune	immune-system	none	none	passed
ENCFF537TVG	ENCFF537TVG	ENCSR723JLG	ENCSR494GOI	ChromBPNet	observed signal profile	bigWig	DNase-seq	none	natural-killer-cell	killer	immune	immune-system	none	none	passed
ENCFF568BVS	ENCFF568BVS	ENCSR407WGG	ENCSR373EGC	ChromBPNet	observed signal profile	bigWig	DNase-seq	none	natural-killer-cell	killer	immune	immune-system	none	none	passed
ENCFF801RTV	ENCFF801RTV	ENCSR409ZBD	ENCSR614AIX	ChromBPNet	observed signal profile	bigWig	DNase-seq	none	natural-killer-cell	killer	immune	immune-system	none	none	passed
ENCFF922MLO	ENCFF922MLO	ENCSR718AAB	ENCSR937NLZ	ChromBPNet	observed signal profile	bigWig	DNase-seq	none	natural-killer-cell	killer	immune	immune-system	none	none	passed
ENCFF928AWT	ENCFF928AWT	ENCSR794TLA	ENCSR375KAT	ChromBPNet	observed signal profile	bigWig	DNase-seq	none	natural-killer-cell	killer	immune	immune-system	none	none	passed
ENCFF122UBK	ENCFF122UBK	ENCSR503UNA	ENCSR071WOZ	ChromBPNet	observed signal profile	bigWig	DNase-seq	none	nephron-progenitor-cell	nephron	kidney	excretory-system	none	none	passed
ENCFF388RKR	ENCFF388RKR	ENCSR826URD	ENCSR595VCF	ChromBPNet	observed signal profile	bigWig	DNase-seq	none	neural-crest-cell	neural	nerve	central-nervous-system	none	none	passed
ENCFF352VPL	ENCFF352VPL	ENCSR963ALV	ENCSR648YLB	ChromBPNet	observed signal profile	bigWig	DNase-seq	none	neural-progenitor-cell	neural	nerve	central-nervous-system	none	none	passed
ENCFF058LTH	ENCFF058LTH	ENCSR278FVO	ENCSR127MYY	ChromBPNet	observed signal profile	bigWig	DNase-seq	none	neuronal-stem-cell	stem-cell	stem-cell	developmental-system	none	none	passed
ENCFF762VGW	ENCFF762VGW	ENCSR788TRR	ENCSR095QNL	ChromBPNet	observed signal profile	bigWig	ATAC-seq	none	omental-fat-pad	fat	skin	integumental-system	none	none	passed
ENCFF378OMI	ENCFF378OMI	ENCSR693UHT	ENCSR299WQM	ChromBPNet	observed signal profile	bigWig	DNase-seq	none	omental-fat-pad	fat	skin	integumental-system	none	none	passed
ENCFF902FTE	ENCFF902FTE	ENCSR818HHN	ENCSR062CWJ	ChromBPNet	observed signal profile	bigWig	DNase-seq	none	osteocyte	osteocyte	bone	skeletal-system	none	none	passed
ENCFF029JFA	ENCFF029JFA	ENCSR872MAO	ENCSR757ROR	ChromBPNet	observed signal profile	bigWig	ATAC-seq	none	ovary	ovary	ovary	reproductive-system	none	none	passed
ENCFF050PZN	ENCFF050PZN	ENCSR476WNA	ENCSR629AVX	ChromBPNet	observed signal profile	bigWig	ATAC-seq	none	ovary	ovary	ovary	reproductive-system	none	none	passed
ENCFF066OLQ	ENCFF066OLQ	ENCSR227FVE	ENCSR340JVJ	ChromBPNet	observed signal profile	bigWig	ATAC-seq	none	ovary	ovary	ovary	reproductive-system	none	none	passed
ENCFF350CRU	ENCFF350CRU	ENCSR571JFO	ENCSR331CJJ	ChromBPNet	observed signal profile	bigWig	ATAC-seq	none	ovary	ovary	ovary	reproductive-system	none	none	passed
ENCFF376ZAM	ENCFF376ZAM	ENCSR996ZCR	ENCSR886QCR	ChromBPNet	observed signal profile	bigWig	ATAC-seq	none	ovary	ovary	ovary	reproductive-system	none	none	passed
ENCFF501OOM	ENCFF501OOM	ENCSR392UJM	ENCSR543CFL	ChromBPNet	observed signal profile	bigWig	ATAC-seq	none	ovary	ovary	ovary	reproductive-system	none	none	passed
ENCFF745DEQ	ENCFF745DEQ	ENCSR490MSG	ENCSR121QXN	ChromBPNet	observed signal profile	bigWig	ATAC-seq	none	ovary	ovary	ovary	reproductive-system	none	none	passed
ENCFF119KBD	ENCFF119KBD	ENCSR712PYJ	ENCSR377QSX	ChromBPNet	observed signal profile	bigWig	DNase-seq	none	ovary	ovary	ovary	reproductive-system	none	none	passed
ENCFF127LDH	ENCFF127LDH	ENCSR428XAX	ENCSR941ZNH	ChromBPNet	observed signal profile	bigWig	DNase-seq	none	ovary	ovary	ovary	reproductive-system	none	none	passed
ENCFF295TJP	ENCFF295TJP	ENCSR330ZBO	ENCSR176QSI	ChromBPNet	observed signal profile	bigWig	DNase-seq	none	ovary	ovary	ovary	reproductive-system	none	none	passed
ENCFF301EQG	ENCFF301EQG	ENCSR365NDK	ENCSR064VAE	ChromBPNet	observed signal profile	bigWig	DNase-seq	none	ovary	ovary	ovary	reproductive-system	none	none	passed
ENCFF302WHH	ENCFF302WHH	ENCSR798XLO	ENCSR399QPF	ChromBPNet	observed signal profile	bigWig	DNase-seq	none	ovary	ovary	ovary	reproductive-system	none	none	passed
ENCFF654UYK	ENCFF654UYK	ENCSR732RIC	ENCSR932WJY	ChromBPNet	observed signal profile	bigWig	DNase-seq	none	ovary	ovary	ovary	reproductive-system	none	none	passed
ENCFF658BCW	ENCFF658BCW	ENCSR872DUY	ENCSR544UHC	ChromBPNet	observed signal profile	bigWig	DNase-seq	none	ovary	ovary	ovary	reproductive-system	none	none	passed
ENCFF957AKT	ENCFF957AKT	ENCSR930PDT	ENCSR566KYS	ChromBPNet	observed signal profile	bigWig	DNase-seq	none	ovary	ovary	ovary	reproductive-system	none	none	passed
ENCFF977NAT	ENCFF977NAT	ENCSR138UGH	ENCSR909JOK	ChromBPNet	observed signal profile	bigWig	DNase-seq	none	ovary	ovary	ovary	reproductive-system	none	none	passed
ENCFF222BQP	ENCFF222BQP	ENCSR808ZMK	ENCSR413MSV	ChromBPNet	observed signal profile	bigWig	ATAC-seq	none	pancreas	pancreas	pancreas	digestive-system	none	none	passed
ENCFF431SXY	ENCFF431SXY	ENCSR251POP	ENCSR720FMM	ChromBPNet	observed signal profile	bigWig	ATAC-seq	none	pancreas	pancreas	pancreas	digestive-system	none	none	passed
ENCFF474DMG	ENCFF474DMG	ENCSR705KEB	ENCSR305AHO	ChromBPNet	observed signal profile	bigWig	ATAC-seq	none	pancreas	pancreas	pancreas	digestive-system	none	none	passed
ENCFF846JSP	ENCFF846JSP	ENCSR918TVE	ENCSR170MMS	ChromBPNet	observed signal profile	bigWig	ATAC-seq	none	pancreas	pancreas	pancreas	digestive-system	none	none	passed
ENCFF913NQX	ENCFF913NQX	ENCSR530XBF	ENCSR114HVO	ChromBPNet	observed signal profile	bigWig	ATAC-seq	none	pancreas	pancreas	pancreas	digestive-system	none	none	passed
ENCFF210YYB	ENCFF210YYB	ENCSR236KPK	ENCSR025GTZ	ChromBPNet	observed signal profile	bigWig	DNase-seq	none	pancreas	pancreas	pancreas	digestive-system	none	none	passed
ENCFF449JWI	ENCFF449JWI	ENCSR242RPQ	ENCSR075BMD	ChromBPNet	observed signal profile	bigWig	DNase-seq	none	pancreas	pancreas	pancreas	digestive-system	none	none	passed
ENCFF653PIR	ENCFF653PIR	ENCSR999VDH	ENCSR855ANC	ChromBPNet	observed signal profile	bigWig	DNase-seq	none	pancreas	pancreas	pancreas	digestive-system	none	none	passed
ENCFF721YPP	ENCFF721YPP	ENCSR338NEI	ENCSR601UXA	ChromBPNet	observed signal profile	bigWig	DNase-seq	none	pancreas	pancreas	pancreas	digestive-system	none	none	passed
ENCFF863LRO	ENCFF863LRO	ENCSR178JBL	ENCSR627VXK	ChromBPNet	observed signal profile	bigWig	DNase-seq	none	pancreas	pancreas	pancreas	digestive-system	none	none	passed
ENCFF880URC	ENCFF880URC	ENCSR595HZQ	ENCSR265WLZ	ChromBPNet	observed signal profile	bigWig	DNase-seq	none	pancreas	pancreas	pancreas	digestive-system	none	none	passed
ENCFF895KUD	ENCFF895KUD	ENCSR056PFI	ENCSR473DPG	ChromBPNet	observed signal profile	bigWig	DNase-seq	none	pancreas	pancreas	pancreas	digestive-system	none	none	passed
ENCFF123IGV	ENCFF123IGV	ENCSR503RWO	ENCSR732YAH	ChromBPNet	observed signal profile	bigWig	DNase-seq	none	placenta	placenta	placenta	reproductive-system	none	none	passed
ENCFF124YLB	ENCFF124YLB	ENCSR656KLT	ENCSR027FLL	ChromBPNet	observed signal profile	bigWig	DNase-seq	none	placenta	placenta	placenta	reproductive-system	none	none	passed
ENCFF149CPZ	ENCFF149CPZ	ENCSR685PCS	ENCSR197HKB	ChromBPNet	observed signal profile	bigWig	DNase-seq	none	placenta	placenta	placenta	reproductive-system	none	none	passed
ENCFF198YNQ	ENCFF198YNQ	ENCSR212VEN	ENCSR965KKV	ChromBPNet	observed signal profile	bigWig	DNase-seq	none	placenta	placenta	placenta	reproductive-system	none	none	passed
ENCFF228PLG	ENCFF228PLG	ENCSR831QMZ	ENCSR398EUE	ChromBPNet	observed signal profile	bigWig	DNase-seq	none	placenta	placenta	placenta	reproductive-system	none	none	passed
ENCFF260RYE	ENCFF260RYE	ENCSR552RKI	ENCSR917FYG	ChromBPNet	observed signal profile	bigWig	DNase-seq	none	placenta	placenta	placenta	reproductive-system	none	none	passed
ENCFF272GWG	ENCFF272GWG	ENCSR336RGT	ENCSR823CJN	ChromBPNet	observed signal profile	bigWig	DNase-seq	none	placenta	placenta	placenta	reproductive-system	none	none	passed
ENCFF285MYS	ENCFF285MYS	ENCSR566VAK	ENCSR178HDU	ChromBPNet	observed signal profile	bigWig	DNase-seq	none	placenta	placenta	placenta	reproductive-system	none	none	passed
ENCFF346DWS	ENCFF346DWS	ENCSR129TSG	ENCSR331GAY	ChromBPNet	observed signal profile	bigWig	DNase-seq	none	placenta	placenta	placenta	reproductive-system	none	none	passed
ENCFF347LOF	ENCFF347LOF	ENCSR126EVK	ENCSR283EJN	ChromBPNet	observed signal profile	bigWig	DNase-seq	none	placenta	placenta	placenta	reproductive-system	none	none	passed
ENCFF420TGQ	ENCFF420TGQ	ENCSR499IFY	ENCSR320MUC	ChromBPNet	observed signal profile	bigWig	DNase-seq	none	placenta	placenta	placenta	reproductive-system	none	none	passed
ENCFF465GLC	ENCFF465GLC	ENCSR395EZY	ENCSR215BSD	ChromBPNet	observed signal profile	bigWig	DNase-seq	none	placenta	placenta	placenta	reproductive-system	none	none	passed
ENCFF482HCZ	ENCFF482HCZ	ENCSR989YIV	ENCSR638CZD	ChromBPNet	observed signal profile	bigWig	DNase-seq	none	placenta	placenta	placenta	reproductive-system	none	none	passed
ENCFF521RPC	ENCFF521RPC	ENCSR689FYA	ENCSR416VPY	ChromBPNet	observed signal profile	bigWig	DNase-seq	none	placenta	placenta	placenta	reproductive-system	none	none	passed
ENCFF538WXJ	ENCFF538WXJ	ENCSR552XJI	ENCSR786QPI	ChromBPNet	observed signal profile	bigWig	DNase-seq	none	placenta	placenta	placenta	reproductive-system	none	none	passed
ENCFF568EJE	ENCFF568EJE	ENCSR575VMI	ENCSR900IMX	ChromBPNet	observed signal profile	bigWig	DNase-seq	none	placenta	placenta	placenta	reproductive-system	none	none	passed
ENCFF686FPN	ENCFF686FPN	ENCSR648RAX	ENCSR603HZX	ChromBPNet	observed signal profile	bigWig	DNase-seq	none	placenta	placenta	placenta	reproductive-system	none	none	passed
ENCFF701PJJ	ENCFF701PJJ	ENCSR545KQR	ENCSR670KSX	ChromBPNet	observed signal profile	bigWig	DNase-seq	none	placenta	placenta	placenta	reproductive-system	none	none	passed
ENCFF861WLO	ENCFF861WLO	ENCSR802AJE	ENCSR699KFI	ChromBPNet	observed signal profile	bigWig	DNase-seq	none	placenta	placenta	placenta	reproductive-system	none	none	passed
ENCFF864ACN	ENCFF864ACN	ENCSR035QHH	ENCSR238VPR	ChromBPNet	observed signal profile	bigWig	DNase-seq	none	placenta	placenta	placenta	reproductive-system	none	none	passed
ENCFF968MDX	ENCFF968MDX	ENCSR267UFM	ENCSR086ALK	ChromBPNet	observed signal profile	bigWig	DNase-seq	none	placenta	placenta	placenta	reproductive-system	none	none	passed
ENCFF988RYR	ENCFF988RYR	ENCSR922YEW	ENCSR620JGM	ChromBPNet	observed signal profile	bigWig	DNase-seq	none	placenta	placenta	placenta	reproductive-system	none	none	passed
ENCFF824ATO	ENCFF824ATO	ENCSR829MXU	ENCSR321NZH	ChromBPNet	observed signal profile	bigWig	DNase-seq	none	pons	cell-line	cell-line	cell-line	none	none	passed
ENCFF185BWD	ENCFF185BWD	ENCSR729FNL	ENCSR763OVZ	ChromBPNet	observed signal profile	bigWig	ATAC-seq	none	posterior-cingulate-cortex	cingulate	brain	central-nervous-system	none	none	passed
ENCFF063VEI	ENCFF063VEI	ENCSR060UPU	ENCSR739OZZ	ChromBPNet	observed signal profile	bigWig	DNase-seq	none	posterior-cingulate-gyrus	gyrus	brain	central-nervous-system	none	none	passed
ENCFF099XQK	ENCFF099XQK	ENCSR581LHW	ENCSR770IPC	ChromBPNet	observed signal profile	bigWig	DNase-seq	none	posterior-cingulate-gyrus	gyrus	brain	central-nervous-system	none	none	passed
ENCFF101QEY	ENCFF101QEY	ENCSR037PIU	ENCSR025VNG	ChromBPNet	observed signal profile	bigWig	DNase-seq	none	posterior-cingulate-gyrus	gyrus	brain	central-nervous-system	none	none	passed
ENCFF104DKS	ENCFF104DKS	ENCSR510GRY	ENCSR747VAH	ChromBPNet	observed signal profile	bigWig	DNase-seq	none	posterior-cingulate-gyrus	gyrus	brain	central-nervous-system	none	none	passed
ENCFF125VQV	ENCFF125VQV	ENCSR330LFP	ENCSR416SYF	ChromBPNet	observed signal profile	bigWig	DNase-seq	none	posterior-cingulate-gyrus	gyrus	brain	central-nervous-system	none	none	passed
ENCFF153LXY	ENCFF153LXY	ENCSR908MUU	ENCSR634QJR	ChromBPNet	observed signal profile	bigWig	DNase-seq	none	posterior-cingulate-gyrus	gyrus	brain	central-nervous-system	none	none	passed
ENCFF155MMA	ENCFF155MMA	ENCSR502FPR	ENCSR638JQB	ChromBPNet	observed signal profile	bigWig	DNase-seq	none	posterior-cingulate-gyrus	gyrus	brain	central-nervous-system	none	none	passed
ENCFF155SVA	ENCFF155SVA	ENCSR652IZW	ENCSR232HGF	ChromBPNet	observed signal profile	bigWig	DNase-seq	none	posterior-cingulate-gyrus	gyrus	brain	central-nervous-system	none	none	passed
ENCFF160ZNS	ENCFF160ZNS	ENCSR729TYE	ENCSR873ZRY	ChromBPNet	observed signal profile	bigWig	DNase-seq	none	posterior-cingulate-gyrus	gyrus	brain	central-nervous-system	none	none	passed
ENCFF169QZM	ENCFF169QZM	ENCSR924IHU	ENCSR810GRE	ChromBPNet	observed signal profile	bigWig	DNase-seq	none	posterior-cingulate-gyrus	gyrus	brain	central-nervous-system	none	none	passed
ENCFF208VXM	ENCFF208VXM	ENCSR086PIL	ENCSR607BQJ	ChromBPNet	observed signal profile	bigWig	DNase-seq	none	posterior-cingulate-gyrus	gyrus	brain	central-nervous-system	none	none	passed
ENCFF218GIP	ENCFF218GIP	ENCSR859HEW	ENCSR836HQP	ChromBPNet	observed signal profile	bigWig	DNase-seq	none	posterior-cingulate-gyrus	gyrus	brain	central-nervous-system	none	none	passed
ENCFF225EQZ	ENCFF225EQZ	ENCSR709PZI	ENCSR934EQZ	ChromBPNet	observed signal profile	bigWig	DNase-seq	none	posterior-cingulate-gyrus	gyrus	brain	central-nervous-system	none	none	passed
ENCFF227JYH	ENCFF227JYH	ENCSR770JCP	ENCSR284XOX	ChromBPNet	observed signal profile	bigWig	DNase-seq	none	posterior-cingulate-gyrus	gyrus	brain	central-nervous-system	none	none	passed
ENCFF269QBT	ENCFF269QBT	ENCSR563CZB	ENCSR536OGN	ChromBPNet	observed signal profile	bigWig	DNase-seq	none	posterior-cingulate-gyrus	gyrus	brain	central-nervous-system	none	none	passed
ENCFF272QHJ	ENCFF272QHJ	ENCSR789FJF	ENCSR932TFQ	ChromBPNet	observed signal profile	bigWig	DNase-seq	none	posterior-cingulate-gyrus	gyrus	brain	central-nervous-system	none	none	passed
ENCFF361ABT	ENCFF361ABT	ENCSR690CVL	ENCSR436PSQ	ChromBPNet	observed signal profile	bigWig	DNase-seq	none	posterior-cingulate-gyrus	gyrus	brain	central-nervous-system	none	none	passed
ENCFF361PAG	ENCFF361PAG	ENCSR730IHD	ENCSR427IHY	ChromBPNet	observed signal profile	bigWig	DNase-seq	none	posterior-cingulate-gyrus	gyrus	brain	central-nervous-system	none	none	passed
ENCFF419MGT	ENCFF419MGT	ENCSR006XFA	ENCSR876CEU	ChromBPNet	observed signal profile	bigWig	DNase-seq	none	posterior-cingulate-gyrus	gyrus	brain	central-nervous-system	none	none	passed
ENCFF426QJQ	ENCFF426QJQ	ENCSR612IKQ	ENCSR279PMA	ChromBPNet	observed signal profile	bigWig	DNase-seq	none	posterior-cingulate-gyrus	gyrus	brain	central-nervous-system	none	none	passed
ENCFF428BJG	ENCFF428BJG	ENCSR579RVI	ENCSR272TWH	ChromBPNet	observed signal profile	bigWig	DNase-seq	none	posterior-cingulate-gyrus	gyrus	brain	central-nervous-system	none	none	passed
ENCFF437YYG	ENCFF437YYG	ENCSR628GQE	ENCSR571ZLT	ChromBPNet	observed signal profile	bigWig	DNase-seq	none	posterior-cingulate-gyrus	gyrus	brain	central-nervous-system	none	none	passed
ENCFF488ZAI	ENCFF488ZAI	ENCSR822GDF	ENCSR356SEV	ChromBPNet	observed signal profile	bigWig	DNase-seq	none	posterior-cingulate-gyrus	gyrus	brain	central-nervous-system	none	none	passed
ENCFF515MUZ	ENCFF515MUZ	ENCSR112AKE	ENCSR637GYM	ChromBPNet	observed signal profile	bigWig	DNase-seq	none	posterior-cingulate-gyrus	gyrus	brain	central-nervous-system	none	none	passed
ENCFF537QNR	ENCFF537QNR	ENCSR258POP	ENCSR274UQO	ChromBPNet	observed signal profile	bigWig	DNase-seq	none	posterior-cingulate-gyrus	gyrus	brain	central-nervous-system	none	none	passed
ENCFF549OZX	ENCFF549OZX	ENCSR694DOX	ENCSR206FDN	ChromBPNet	observed signal profile	bigWig	DNase-seq	none	posterior-cingulate-gyrus	gyrus	brain	central-nervous-system	none	none	passed
ENCFF612LUM	ENCFF612LUM	ENCSR555DLG	ENCSR200CIY	ChromBPNet	observed signal profile	bigWig	DNase-seq	none	posterior-cingulate-gyrus	gyrus	brain	central-nervous-system	none	none	passed
ENCFF636ADR	ENCFF636ADR	ENCSR846VGZ	ENCSR642MZG	ChromBPNet	observed signal profile	bigWig	DNase-seq	none	posterior-cingulate-gyrus	gyrus	brain	central-nervous-system	none	none	passed
ENCFF646ZTT	ENCFF646ZTT	ENCSR059ETS	ENCSR439IID	ChromBPNet	observed signal profile	bigWig	DNase-seq	none	posterior-cingulate-gyrus	gyrus	brain	central-nervous-system	none	none	passed
ENCFF658ZPC	ENCFF658ZPC	ENCSR577QZP	ENCSR012UEW	ChromBPNet	observed signal profile	bigWig	DNase-seq	none	posterior-cingulate-gyrus	gyrus	brain	central-nervous-system	none	none	passed
ENCFF665YXM	ENCFF665YXM	ENCSR887VUC	ENCSR907WJT	ChromBPNet	observed signal profile	bigWig	DNase-seq	none	posterior-cingulate-gyrus	gyrus	brain	central-nervous-system	none	none	passed
ENCFF677PDT	ENCFF677PDT	ENCSR654GSG	ENCSR725JHA	ChromBPNet	observed signal profile	bigWig	DNase-seq	none	posterior-cingulate-gyrus	gyrus	brain	central-nervous-system	none	none	passed
ENCFF692WNI	ENCFF692WNI	ENCSR943MRO	ENCSR882VUI	ChromBPNet	observed signal profile	bigWig	DNase-seq	none	posterior-cingulate-gyrus	gyrus	brain	central-nervous-system	none	none	passed
ENCFF743PAV	ENCFF743PAV	ENCSR503UFM	ENCSR545CXX	ChromBPNet	observed signal profile	bigWig	DNase-seq	none	posterior-cingulate-gyrus	gyrus	brain	central-nervous-system	none	none	passed
ENCFF743UBB	ENCFF743UBB	ENCSR885ZBV	ENCSR877WHN	ChromBPNet	observed signal profile	bigWig	DNase-seq	none	posterior-cingulate-gyrus	gyrus	brain	central-nervous-system	none	none	passed
ENCFF787UXG	ENCFF787UXG	ENCSR433NEX	ENCSR150BEX	ChromBPNet	observed signal profile	bigWig	DNase-seq	none	posterior-cingulate-gyrus	gyrus	brain	central-nervous-system	none	none	passed
ENCFF844GQB	ENCFF844GQB	ENCSR365FVU	ENCSR725IHL	ChromBPNet	observed signal profile	bigWig	DNase-seq	none	posterior-cingulate-gyrus	gyrus	brain	central-nervous-system	none	none	passed
ENCFF888XXK	ENCFF888XXK	ENCSR098ISE	ENCSR250BPU	ChromBPNet	observed signal profile	bigWig	DNase-seq	none	posterior-cingulate-gyrus	gyrus	brain	central-nervous-system	none	none	passed
ENCFF900UKB	ENCFF900UKB	ENCSR195GUK	ENCSR755WII	ChromBPNet	observed signal profile	bigWig	DNase-seq	none	posterior-cingulate-gyrus	gyrus	brain	central-nervous-system	none	none	passed
ENCFF902CDU	ENCFF902CDU	ENCSR599JZA	ENCSR006UIC	ChromBPNet	observed signal profile	bigWig	DNase-seq	none	posterior-cingulate-gyrus	gyrus	brain	central-nervous-system	none	none	passed
ENCFF905KXK	ENCFF905KXK	ENCSR784GVR	ENCSR440TNT	ChromBPNet	observed signal profile	bigWig	DNase-seq	none	posterior-cingulate-gyrus	gyrus	brain	central-nervous-system	none	none	passed
ENCFF912SBD	ENCFF912SBD	ENCSR987CQN	ENCSR197OKX	ChromBPNet	observed signal profile	bigWig	DNase-seq	none	posterior-cingulate-gyrus	gyrus	brain	central-nervous-system	none	none	passed
ENCFF934GCV	ENCFF934GCV	ENCSR590EFT	ENCSR122RRZ	ChromBPNet	observed signal profile	bigWig	DNase-seq	none	posterior-cingulate-gyrus	gyrus	brain	central-nervous-system	none	none	passed
ENCFF214AAW	ENCFF214AAW	ENCSR552QUA	ENCSR006QRD	ChromBPNet	observed signal profile	bigWig	ATAC-seq	none	posterior-vena-cava	vena-cava	heart	circulatory-system	none	none	passed
ENCFF676FQK	ENCFF676FQK	ENCSR213DBU	ENCSR914RTI	ChromBPNet	observed signal profile	bigWig	ATAC-seq	none	posterior-vena-cava	vena-cava	heart	circulatory-system	none	none	passed
ENCFF925WJC	ENCFF925WJC	ENCSR913FZQ	ENCSR114CMC	ChromBPNet	observed signal profile	bigWig	ATAC-seq	none	posterior-vena-cava	vena-cava	heart	circulatory-system	none	none	passed
ENCFF356DLU	ENCFF356DLU	ENCSR324NVG	ENCSR729AQD	ChromBPNet	observed signal profile	bigWig	DNase-seq	none	posterior-vena-cava	vena-cava	heart	circulatory-system	none	none	passed
ENCFF721LKJ	ENCFF721LKJ	ENCSR169KNO	ENCSR863BVZ	ChromBPNet	observed signal profile	bigWig	DNase-seq	none	progenitor-cell-of-endocrine-pancreas	pancreas	pancreas	digestive-system	none	none	passed
ENCFF256NCB	ENCFF256NCB	ENCSR999NKW	ENCSR429DQO	ChromBPNet	observed signal profile	bigWig	ATAC-seq	none	prostate-gland	prostate	testis	reproductive-system	none	none	passed
ENCFF809YTG	ENCFF809YTG	ENCSR564FZH	ENCSR973CMW	ChromBPNet	observed signal profile	bigWig	DNase-seq	none	prostate-gland	prostate	testis	reproductive-system	none	none	passed
ENCFF243YMQ	ENCFF243YMQ	ENCSR040DJK	ENCSR258FIF	ChromBPNet	observed signal profile	bigWig	ATAC-seq	none	psoas-muscle	muscle	muscle	musculature	none	none	passed
ENCFF344NXX	ENCFF344NXX	ENCSR890DWH	ENCSR056ZAE	ChromBPNet	observed signal profile	bigWig	ATAC-seq	none	psoas-muscle	muscle	muscle	musculature	none	none	passed
ENCFF495ANZ	ENCFF495ANZ	ENCSR774NXA	ENCSR312SIF	ChromBPNet	observed signal profile	bigWig	ATAC-seq	none	psoas-muscle	muscle	muscle	musculature	none	none	passed
ENCFF835APK	ENCFF835APK	ENCSR886VCC	ENCSR629ZQZ	ChromBPNet	observed signal profile	bigWig	ATAC-seq	none	psoas-muscle	muscle	muscle	musculature	none	none	passed
ENCFF993DDZ	ENCFF993DDZ	ENCSR154UWN	ENCSR504WYI	ChromBPNet	observed signal profile	bigWig	ATAC-seq	none	psoas-muscle	muscle	muscle	musculature	none	none	passed
ENCFF128PLQ	ENCFF128PLQ	ENCSR082PDJ	ENCSR530WDD	ChromBPNet	observed signal profile	bigWig	DNase-seq	none	psoas-muscle	muscle	muscle	musculature	none	none	passed
ENCFF422KJA	ENCFF422KJA	ENCSR426TPQ	ENCSR005MRB	ChromBPNet	observed signal profile	bigWig	DNase-seq	none	psoas-muscle	muscle	muscle	musculature	none	none	passed
ENCFF703VPF	ENCFF703VPF	ENCSR108SYM	ENCSR705JPE	ChromBPNet	observed signal profile	bigWig	DNase-seq	none	psoas-muscle	muscle	muscle	musculature	none	none	passed
ENCFF923PBA	ENCFF923PBA	ENCSR388DHS	ENCSR754PIB	ChromBPNet	observed signal profile	bigWig	DNase-seq	none	psoas-muscle	muscle	muscle	musculature	none	none	passed
ENCFF685YEH	ENCFF685YEH	ENCSR000EOG	ENCSR313RDW	ChromBPNet	observed signal profile	bigWig	DNase-seq	none	pulmonary-artery-endothelial-cell	artery	blood-vessel	circulatory-system	none	none	passed
ENCFF093VHH	ENCFF093VHH	ENCSR493VDS	ENCSR390LSY	ChromBPNet	observed signal profile	bigWig	DNase-seq	none	putamen	putamen	brain	central-nervous-system	none	none	passed
ENCFF002LEI	ENCFF002LEI	ENCSR656QYL	ENCSR696LFL	ChromBPNet	observed signal profile	bigWig	DNase-seq	none	renal-cortex-interstitium	renal	kidney	excretory-system	none	none	passed
ENCFF323AJE	ENCFF323AJE	ENCSR022ECC	ENCSR670AUO	ChromBPNet	observed signal profile	bigWig	DNase-seq	none	renal-cortex-interstitium	renal	kidney	excretory-system	none	none	passed
ENCFF379LYI	ENCFF379LYI	ENCSR129KIV	ENCSR828UUI	ChromBPNet	observed signal profile	bigWig	DNase-seq	none	renal-cortex-interstitium	renal	kidney	excretory-system	none	none	passed
ENCFF495DPV	ENCFF495DPV	ENCSR851ZFT	ENCSR634EAJ	ChromBPNet	observed signal profile	bigWig	DNase-seq	none	renal-cortex-interstitium	renal	kidney	excretory-system	none	none	passed
ENCFF602JET	ENCFF602JET	ENCSR254AGA	ENCSR615RQE	ChromBPNet	observed signal profile	bigWig	DNase-seq	none	renal-cortex-interstitium	renal	kidney	excretory-system	none	none	passed
ENCFF666EPY	ENCFF666EPY	ENCSR155NPL	ENCSR596EZJ	ChromBPNet	observed signal profile	bigWig	DNase-seq	none	renal-cortex-interstitium	renal	kidney	excretory-system	none	none	passed
ENCFF678ZBI	ENCFF678ZBI	ENCSR849OKE	ENCSR428GNJ	ChromBPNet	observed signal profile	bigWig	DNase-seq	none	renal-cortex-interstitium	renal	kidney	excretory-system	none	none	passed
ENCFF777CZU	ENCFF777CZU	ENCSR932DHT	ENCSR093WSI	ChromBPNet	observed signal profile	bigWig	DNase-seq	none	renal-cortex-interstitium	renal	kidney	excretory-system	none	none	passed
ENCFF829DQY	ENCFF829DQY	ENCSR550UWM	ENCSR100RQO	ChromBPNet	observed signal profile	bigWig	DNase-seq	none	renal-cortex-interstitium	renal	kidney	excretory-system	none	none	passed
ENCFF851WBO	ENCFF851WBO	ENCSR828RNY	ENCSR286LMR	ChromBPNet	observed signal profile	bigWig	DNase-seq	none	renal-cortex-interstitium	renal	kidney	excretory-system	none	none	passed
ENCFF943WUJ	ENCFF943WUJ	ENCSR524DWS	ENCSR606XWT	ChromBPNet	observed signal profile	bigWig	DNase-seq	none	renal-cortex-interstitium	renal	kidney	excretory-system	none	none	passed
ENCFF777OTQ	ENCFF777OTQ	ENCSR000EOK	ENCSR884QAZ	ChromBPNet	observed signal profile	bigWig	DNase-seq	none	renal-cortical-epithelial-cell	epithelial	epithelial	integumental-system	none	none	passed
ENCFF128JXD	ENCFF128JXD	ENCSR619DRM	ENCSR270KMO	ChromBPNet	observed signal profile	bigWig	DNase-seq	none	renal-pelvis	renal	kidney	excretory-system	none	none	passed
ENCFF147USO	ENCFF147USO	ENCSR141DMX	ENCSR938RWM	ChromBPNet	observed signal profile	bigWig	DNase-seq	none	renal-pelvis	renal	kidney	excretory-system	none	none	passed
ENCFF289PIV	ENCFF289PIV	ENCSR301RCD	ENCSR771GLY	ChromBPNet	observed signal profile	bigWig	DNase-seq	none	renal-pelvis	renal	kidney	excretory-system	none	none	passed
ENCFF346JIL	ENCFF346JIL	ENCSR606UAR	ENCSR717YBA	ChromBPNet	observed signal profile	bigWig	DNase-seq	none	renal-pelvis	renal	kidney	excretory-system	none	none	passed
ENCFF390POS	ENCFF390POS	ENCSR554WUJ	ENCSR696FIH	ChromBPNet	observed signal profile	bigWig	DNase-seq	none	renal-pelvis	renal	kidney	excretory-system	none	none	passed
ENCFF550RXC	ENCFF550RXC	ENCSR913NYL	ENCSR843IAZ	ChromBPNet	observed signal profile	bigWig	DNase-seq	none	renal-pelvis	renal	kidney	excretory-system	none	none	passed
ENCFF732RSZ	ENCFF732RSZ	ENCSR364TKL	ENCSR302PCL	ChromBPNet	observed signal profile	bigWig	DNase-seq	none	renal-pelvis	renal	kidney	excretory-system	none	none	passed
ENCFF764FJG	ENCFF764FJG	ENCSR956ZHU	ENCSR551OOY	ChromBPNet	observed signal profile	bigWig	DNase-seq	none	renal-pelvis	renal	kidney	excretory-system	none	none	passed
ENCFF864EIR	ENCFF864EIR	ENCSR911YVV	ENCSR607WVP	ChromBPNet	observed signal profile	bigWig	DNase-seq	none	renal-pelvis	renal	kidney	excretory-system	none	none	passed
ENCFF914WQA	ENCFF914WQA	ENCSR580OAH	ENCSR245HRL	ChromBPNet	observed signal profile	bigWig	DNase-seq	none	renal-pelvis	renal	kidney	excretory-system	none	none	passed
ENCFF488DCP	ENCFF488DCP	ENCSR474GZQ	ENCSR297VLK	ChromBPNet	observed signal profile	bigWig	DNase-seq	none	retina	retina	eye	sensory-system	none	none	passed
ENCFF592SUC	ENCFF592SUC	ENCSR820ICX	ENCSR844KBU	ChromBPNet	observed signal profile	bigWig	DNase-seq	none	retina	retina	eye	sensory-system	none	none	passed
ENCFF672IYP	ENCFF672IYP	ENCSR621ENC	ENCSR889CEX	ChromBPNet	observed signal profile	bigWig	DNase-seq	none	retina	retina	eye	sensory-system	none	none	passed
ENCFF226XMM	ENCFF226XMM	ENCSR062SVK	ENCSR400SCB	ChromBPNet	observed signal profile	bigWig	ATAC-seq	none	right-atrium-auricular-region	atrium	heart	circulatory-system	none	none	passed
ENCFF749BDK	ENCFF749BDK	ENCSR984SQJ	ENCSR158MHO	ChromBPNet	observed signal profile	bigWig	DNase-seq	none	right-atrium-auricular-region	atrium	heart	circulatory-system	none	none	passed
ENCFF142EYV	ENCFF142EYV	ENCSR452OSK	ENCSR940IWU	ChromBPNet	observed signal profile	bigWig	ATAC-seq	none	right-cardiac-atrium	cardiac	heart	circulatory-system	none	none	passed
ENCFF399RTQ	ENCFF399RTQ	ENCSR213YPO	ENCSR934UQV	ChromBPNet	observed signal profile	bigWig	ATAC-seq	none	right-cardiac-atrium	cardiac	heart	circulatory-system	none	none	passed
ENCFF578IRD	ENCFF578IRD	ENCSR177JWR	ENCSR848OXW	ChromBPNet	observed signal profile	bigWig	ATAC-seq	none	right-cardiac-atrium	cardiac	heart	circulatory-system	none	none	passed
ENCFF857XMQ	ENCFF857XMQ	ENCSR822BAD	ENCSR811MAY	ChromBPNet	observed signal profile	bigWig	ATAC-seq	none	right-cardiac-atrium	cardiac	heart	circulatory-system	none	none	passed
ENCFF020TZF	ENCFF020TZF	ENCSR622HTS	ENCSR193CJS	ChromBPNet	observed signal profile	bigWig	DNase-seq	none	right-cardiac-atrium	cardiac	heart	circulatory-system	none	none	passed
ENCFF068MOB	ENCFF068MOB	ENCSR374VQC	ENCSR067AYU	ChromBPNet	observed signal profile	bigWig	DNase-seq	none	right-cardiac-atrium	cardiac	heart	circulatory-system	none	none	passed
ENCFF798GRF	ENCFF798GRF	ENCSR485UQY	ENCSR613NVS	ChromBPNet	observed signal profile	bigWig	DNase-seq	none	right-cardiac-atrium	cardiac	heart	circulatory-system	none	none	passed
ENCFF011UPO	ENCFF011UPO	ENCSR274SDO	ENCSR279CNN	ChromBPNet	observed signal profile	bigWig	DNase-seq	none	right-forelimb	limb	limb	skeletal-system	none	none	passed
ENCFF742SIW	ENCFF742SIW	ENCSR449HOQ	ENCSR380NKC	ChromBPNet	observed signal profile	bigWig	DNase-seq	none	right-hindlimb	limb	limb	skeletal-system	none	none	passed
ENCFF038GZC	ENCFF038GZC	ENCSR670ZSA	ENCSR152FUS	ChromBPNet	observed signal profile	bigWig	DNase-seq	none	right-kidney	kidney	kidney	excretory-system	none	none	passed
ENCFF046GXT	ENCFF046GXT	ENCSR017TFH	ENCSR034ZHI	ChromBPNet	observed signal profile	bigWig	DNase-seq	none	right-kidney	kidney	kidney	excretory-system	none	none	passed
ENCFF129GEA	ENCFF129GEA	ENCSR765BSU	ENCSR353QCK	ChromBPNet	observed signal profile	bigWig	DNase-seq	none	right-kidney	kidney	kidney	excretory-system	none	none	passed
ENCFF182GWO	ENCFF182GWO	ENCSR332BSB	ENCSR074ZCZ	ChromBPNet	observed signal profile	bigWig	DNase-seq	none	right-kidney	kidney	kidney	excretory-system	none	none	passed
ENCFF233PYA	ENCFF233PYA	ENCSR414ZUA	ENCSR193BUT	ChromBPNet	observed signal profile	bigWig	DNase-seq	none	right-kidney	kidney	kidney	excretory-system	none	none	passed
ENCFF369IVI	ENCFF369IVI	ENCSR990XXC	ENCSR325LOW	ChromBPNet	observed signal profile	bigWig	DNase-seq	none	right-kidney	kidney	kidney	excretory-system	none	none	passed
ENCFF417TEE	ENCFF417TEE	ENCSR884MCZ	ENCSR226CPF	ChromBPNet	observed signal profile	bigWig	DNase-seq	none	right-kidney	kidney	kidney	excretory-system	none	none	passed
ENCFF418VOJ	ENCFF418VOJ	ENCSR768OLL	ENCSR096EYF	ChromBPNet	observed signal profile	bigWig	DNase-seq	none	right-kidney	kidney	kidney	excretory-system	none	none	passed
ENCFF548WMA	ENCFF548WMA	ENCSR871APX	ENCSR132IOD	ChromBPNet	observed signal profile	bigWig	DNase-seq	none	right-kidney	kidney	kidney	excretory-system	none	none	passed
ENCFF584UDH	ENCFF584UDH	ENCSR036VRV	ENCSR731AJS	ChromBPNet	observed signal profile	bigWig	DNase-seq	none	right-kidney	kidney	kidney	excretory-system	none	none	passed
ENCFF358QRW	ENCFF358QRW	ENCSR607BTF	ENCSR792VQM	ChromBPNet	observed signal profile	bigWig	ATAC-seq	none	right-lobe-of-liver	liver	liver	digestive-system	none	none	passed
ENCFF438ZUH	ENCFF438ZUH	ENCSR836FIL	ENCSR424OMB	ChromBPNet	observed signal profile	bigWig	ATAC-seq	none	right-lobe-of-liver	liver	liver	digestive-system	none	none	passed
ENCFF441RQJ	ENCFF441RQJ	ENCSR516CPW	ENCSR338RWJ	ChromBPNet	observed signal profile	bigWig	ATAC-seq	none	right-lobe-of-liver	liver	liver	digestive-system	none	none	passed
ENCFF588LWH	ENCFF588LWH	ENCSR952SPO	ENCSR059XGM	ChromBPNet	observed signal profile	bigWig	ATAC-seq	none	right-lobe-of-liver	liver	liver	digestive-system	none	none	passed
ENCFF723IQA	ENCFF723IQA	ENCSR685ZMP	ENCSR078CVS	ChromBPNet	observed signal profile	bigWig	ATAC-seq	none	right-lobe-of-liver	liver	liver	digestive-system	none	none	passed
ENCFF737CUP	ENCFF737CUP	ENCSR373TDL	ENCSR492VQG	ChromBPNet	observed signal profile	bigWig	ATAC-seq	none	right-lobe-of-liver	liver	liver	digestive-system	none	none	passed
ENCFF545ZAT	ENCFF545ZAT	ENCSR608NWP	ENCSR475GDI	ChromBPNet	observed signal profile	bigWig	DNase-seq	none	right-lobe-of-liver	liver	liver	digestive-system	none	none	passed
ENCFF632GRM	ENCFF632GRM	ENCSR933GMM	ENCSR836SEK	ChromBPNet	observed signal profile	bigWig	DNase-seq	none	right-lobe-of-liver	liver	liver	digestive-system	none	none	passed
ENCFF637GSI	ENCFF637GSI	ENCSR164TBP	ENCSR149LGO	ChromBPNet	observed signal profile	bigWig	DNase-seq	none	right-lobe-of-liver	liver	liver	digestive-system	none	none	passed
ENCFF850ZML	ENCFF850ZML	ENCSR628NEA	ENCSR889XMX	ChromBPNet	observed signal profile	bigWig	DNase-seq	none	right-lobe-of-liver	liver	liver	digestive-system	none	none	passed
ENCFF993LPL	ENCFF993LPL	ENCSR909HFI	ENCSR688GFI	ChromBPNet	observed signal profile	bigWig	DNase-seq	none	right-lobe-of-liver	liver	liver	digestive-system	none	none	passed
ENCFF063VPZ	ENCFF063VPZ	ENCSR947VPG	ENCSR013SFC	ChromBPNet	observed signal profile	bigWig	DNase-seq	none	right-lung	lung	lung	respiratory-system	none	none	passed
ENCFF066ETF	ENCFF066ETF	ENCSR445XYW	ENCSR314DCI	ChromBPNet	observed signal profile	bigWig	DNase-seq	none	right-lung	lung	lung	respiratory-system	none	none	passed
ENCFF323NIT	ENCFF323NIT	ENCSR299INS	ENCSR624DIU	ChromBPNet	observed signal profile	bigWig	DNase-seq	none	right-lung	lung	lung	respiratory-system	none	none	passed
ENCFF655LPL	ENCFF655LPL	ENCSR263IGU	ENCSR557PGT	ChromBPNet	observed signal profile	bigWig	DNase-seq	none	right-lung	lung	lung	respiratory-system	none	none	passed
ENCFF836TQP	ENCFF836TQP	ENCSR859KGQ	ENCSR228QKN	ChromBPNet	observed signal profile	bigWig	DNase-seq	none	right-lung	lung	lung	respiratory-system	none	none	passed
ENCFF849IQV	ENCFF849IQV	ENCSR441MMO	ENCSR894UGP	ChromBPNet	observed signal profile	bigWig	DNase-seq	none	right-lung	lung	lung	respiratory-system	none	none	passed
ENCFF902LTL	ENCFF902LTL	ENCSR964VVW	ENCSR701VLP	ChromBPNet	observed signal profile	bigWig	DNase-seq	none	right-lung	lung	lung	respiratory-system	none	none	passed
ENCFF287SWO	ENCFF287SWO	ENCSR887BNC	ENCSR452KFX	ChromBPNet	observed signal profile	bigWig	DNase-seq	none	right-renal-cortex-interstitium	renal	kidney	excretory-system	none	none	passed
ENCFF544JUV	ENCFF544JUV	ENCSR268QCH	ENCSR122DAC	ChromBPNet	observed signal profile	bigWig	DNase-seq	none	right-renal-cortex-interstitium	renal	kidney	excretory-system	none	none	passed
ENCFF942RCQ	ENCFF942RCQ	ENCSR014VAC	ENCSR892XHO	ChromBPNet	observed signal profile	bigWig	DNase-seq	none	right-renal-cortex-interstitium	renal	kidney	excretory-system	none	none	passed
ENCFF121OUJ	ENCFF121OUJ	ENCSR761ZFA	ENCSR530GKW	ChromBPNet	observed signal profile	bigWig	DNase-seq	none	right-renal-pelvis	renal	kidney	excretory-system	none	none	passed
ENCFF295MKE	ENCFF295MKE	ENCSR540PVZ	ENCSR848TND	ChromBPNet	observed signal profile	bigWig	DNase-seq	none	right-renal-pelvis	renal	kidney	excretory-system	none	none	passed
ENCFF648LNL	ENCFF648LNL	ENCSR986HEN	ENCSR654ONT	ChromBPNet	observed signal profile	bigWig	DNase-seq	none	right-renal-pelvis	renal	kidney	excretory-system	none	none	passed
ENCFF732CAB	ENCFF732CAB	ENCSR752NTF	ENCSR338TSY	ChromBPNet	observed signal profile	bigWig	DNase-seq	none	right-renal-pelvis	renal	kidney	excretory-system	none	none	passed
ENCFF373NBJ	ENCFF373NBJ	ENCSR072UYN	ENCSR929CYE	ChromBPNet	observed signal profile	bigWig	ATAC-seq	none	sciatic-nerve	nerve	nerve	peripheral-nervous-system	none	none	passed
ENCFF381NLQ	ENCFF381NLQ	ENCSR533WFB	ENCSR404ICA	ChromBPNet	observed signal profile	bigWig	ATAC-seq	none	sciatic-nerve	nerve	nerve	peripheral-nervous-system	none	none	passed
ENCFF424HEC	ENCFF424HEC	ENCSR120MOY	ENCSR092SQC	ChromBPNet	observed signal profile	bigWig	ATAC-seq	none	sciatic-nerve	nerve	nerve	peripheral-nervous-system	none	none	passed
ENCFF611ADI	ENCFF611ADI	ENCSR619LHF	ENCSR463ATK	ChromBPNet	observed signal profile	bigWig	ATAC-seq	none	sciatic-nerve	nerve	nerve	peripheral-nervous-system	none	none	passed
ENCFF869KNO	ENCFF869KNO	ENCSR672MOG	ENCSR903LXC	ChromBPNet	observed signal profile	bigWig	DNase-seq	none	sciatic-nerve	nerve	nerve	peripheral-nervous-system	none	none	passed
ENCFF326FMD	ENCFF326FMD	ENCSR548QCP	ENCSR878ZYG	ChromBPNet	observed signal profile	bigWig	ATAC-seq	none	sigmoid-colon	colon	large-intestine	digestive-system	none	none	passed
ENCFF476CYY	ENCFF476CYY	ENCSR846VLJ	ENCSR869SLC	ChromBPNet	observed signal profile	bigWig	ATAC-seq	none	sigmoid-colon	colon	large-intestine	digestive-system	none	none	passed
ENCFF690RJC	ENCFF690RJC	ENCSR355SGJ	ENCSR751NJF	ChromBPNet	observed signal profile	bigWig	ATAC-seq	none	sigmoid-colon	colon	large-intestine	digestive-system	none	none	passed
ENCFF865OXU	ENCFF865OXU	ENCSR086OGH	ENCSR916WZI	ChromBPNet	observed signal profile	bigWig	ATAC-seq	none	sigmoid-colon	colon	large-intestine	digestive-system	none	none	passed
ENCFF663ENM	ENCFF663ENM	ENCSR276ITP	ENCSR428VXG	ChromBPNet	observed signal profile	bigWig	DNase-seq	none	sigmoid-colon	colon	large-intestine	digestive-system	none	none	passed
ENCFF306EOL	ENCFF306EOL	ENCSR000EQA	ENCSR321ROO	ChromBPNet	observed signal profile	bigWig	DNase-seq	none	skeletal-muscle-cell	muscle	muscle	musculature	none	none	passed
ENCFF322TMZ	ENCFF322TMZ	ENCSR000EOO	ENCSR233FQG	ChromBPNet	observed signal profile	bigWig	DNase-seq	none	skeletal-muscle-myoblast	muscle	muscle	musculature	none	none	passed
ENCFF992CTP	ENCFF992CTP	ENCSR092OFK	ENCSR430OJL	ChromBPNet	observed signal profile	bigWig	DNase-seq	none	skin-of-body	skin	skin	integumental-system	none	none	passed
ENCFF013GEY	ENCFF013GEY	ENCSR945RWN	ENCSR876FNB	ChromBPNet	observed signal profile	bigWig	DNase-seq	none	small-intestine	small-intestine	small-intestine	digestive-system	none	none	passed
ENCFF022QZT	ENCFF022QZT	ENCSR133KBX	ENCSR590MPP	ChromBPNet	observed signal profile	bigWig	DNase-seq	none	small-intestine	small-intestine	small-intestine	digestive-system	none	none	passed
ENCFF110WKS	ENCFF110WKS	ENCSR970ZLG	ENCSR229TLU	ChromBPNet	observed signal profile	bigWig	DNase-seq	none	small-intestine	small-intestine	small-intestine	digestive-system	none	none	passed
ENCFF189FWJ	ENCFF189FWJ	ENCSR565EBN	ENCSR634XOQ	ChromBPNet	observed signal profile	bigWig	DNase-seq	none	small-intestine	small-intestine	small-intestine	digestive-system	none	none	passed
ENCFF259GRU	ENCFF259GRU	ENCSR188JLO	ENCSR779TXM	ChromBPNet	observed signal profile	bigWig	DNase-seq	none	small-intestine	small-intestine	small-intestine	digestive-system	none	none	passed
ENCFF362VDX	ENCFF362VDX	ENCSR860NDZ	ENCSR292WEZ	ChromBPNet	observed signal profile	bigWig	DNase-seq	none	small-intestine	small-intestine	small-intestine	digestive-system	none	none	passed
ENCFF396LZC	ENCFF396LZC	ENCSR502NDK	ENCSR906VDD	ChromBPNet	observed signal profile	bigWig	DNase-seq	none	small-intestine	small-intestine	small-intestine	digestive-system	none	none	passed
ENCFF405IRH	ENCFF405IRH	ENCSR457ILW	ENCSR141OSZ	ChromBPNet	observed signal profile	bigWig	DNase-seq	none	small-intestine	small-intestine	small-intestine	digestive-system	none	none	passed
ENCFF563MXS	ENCFF563MXS	ENCSR354FBA	ENCSR363VBV	ChromBPNet	observed signal profile	bigWig	DNase-seq	none	small-intestine	small-intestine	small-intestine	digestive-system	none	none	passed
ENCFF787HHE	ENCFF787HHE	ENCSR594OWA	ENCSR609CXE	ChromBPNet	observed signal profile	bigWig	DNase-seq	none	small-intestine	small-intestine	small-intestine	digestive-system	none	none	passed
ENCFF801DSN	ENCFF801DSN	ENCSR116WWW	ENCSR354EJA	ChromBPNet	observed signal profile	bigWig	DNase-seq	none	small-intestine	small-intestine	small-intestine	digestive-system	none	none	passed
ENCFF805SPJ	ENCFF805SPJ	ENCSR931UQB	ENCSR208LEK	ChromBPNet	observed signal profile	bigWig	DNase-seq	none	small-intestine	small-intestine	small-intestine	digestive-system	none	none	passed
ENCFF541LNI	ENCFF541LNI	ENCSR000ENG	ENCSR675REU	ChromBPNet	observed signal profile	bigWig	DNase-seq	none	smooth-muscle-cell-of-the-brain-vasculature	brain	brain	central-nervous-system	none	none	passed
ENCFF056JEB	ENCFF056JEB	ENCSR788SOI	ENCSR809DZZ	ChromBPNet	observed signal profile	bigWig	DNase-seq	none	spinal-cord	spinal	CNS	central-nervous-system	none	none	passed
ENCFF371WIZ	ENCFF371WIZ	ENCSR148MFM	ENCSR808GMI	ChromBPNet	observed signal profile	bigWig	DNase-seq	none	spinal-cord	spinal	CNS	central-nervous-system	none	none	passed
ENCFF400ATH	ENCFF400ATH	ENCSR678PDD	ENCSR452MYL	ChromBPNet	observed signal profile	bigWig	DNase-seq	none	spinal-cord	spinal	CNS	central-nervous-system	none	none	passed
ENCFF474ABT	ENCFF474ABT	ENCSR615WIN	ENCSR875BHJ	ChromBPNet	observed signal profile	bigWig	DNase-seq	none	spinal-cord	spinal	CNS	central-nervous-system	none	none	passed
ENCFF826YNA	ENCFF826YNA	ENCSR973MKT	ENCSR173PIN	ChromBPNet	observed signal profile	bigWig	DNase-seq	none	spinal-cord	spinal	CNS	central-nervous-system	none	none	passed
ENCFF936GWY	ENCFF936GWY	ENCSR910OQF	ENCSR838NPI	ChromBPNet	observed signal profile	bigWig	DNase-seq	none	spinal-cord	spinal	CNS	central-nervous-system	none	none	passed
ENCFF259UMJ	ENCFF259UMJ	ENCSR694OWY	ENCSR332CFL	ChromBPNet	observed signal profile	bigWig	ATAC-seq	none	spleen	spleen	spleen	endocrine-system	none	none	passed
ENCFF498HUM	ENCFF498HUM	ENCSR979TCG	ENCSR579CGX	ChromBPNet	observed signal profile	bigWig	ATAC-seq	none	spleen	spleen	spleen	endocrine-system	none	none	passed
ENCFF723DJZ	ENCFF723DJZ	ENCSR182VGJ	ENCSR838ZQX	ChromBPNet	observed signal profile	bigWig	ATAC-seq	none	spleen	spleen	spleen	endocrine-system	none	none	passed
ENCFF926HHL	ENCFF926HHL	ENCSR078EBD	ENCSR323QOO	ChromBPNet	observed signal profile	bigWig	ATAC-seq	none	spleen	spleen	spleen	endocrine-system	none	none	passed
ENCFF998UZK	ENCFF998UZK	ENCSR158KCS	ENCSR179QCR	ChromBPNet	observed signal profile	bigWig	ATAC-seq	none	spleen	spleen	spleen	endocrine-system	none	none	passed
ENCFF026YCU	ENCFF026YCU	ENCSR567EEO	ENCSR855EMN	ChromBPNet	observed signal profile	bigWig	DNase-seq	none	spleen	spleen	spleen	endocrine-system	none	none	passed
ENCFF202INT	ENCFF202INT	ENCSR597UIG	ENCSR951WVQ	ChromBPNet	observed signal profile	bigWig	DNase-seq	none	spleen	spleen	spleen	endocrine-system	none	none	passed
ENCFF275RDI	ENCFF275RDI	ENCSR946OIO	ENCSR363APK	ChromBPNet	observed signal profile	bigWig	DNase-seq	none	spleen	spleen	spleen	endocrine-system	none	none	passed
ENCFF622EZO	ENCFF622EZO	ENCSR128GBN	ENCSR468RFG	ChromBPNet	observed signal profile	bigWig	DNase-seq	none	spleen	spleen	spleen	endocrine-system	none	none	passed
ENCFF846BJD	ENCFF846BJD	ENCSR679IFH	ENCSR021IRM	ChromBPNet	observed signal profile	bigWig	DNase-seq	none	spleen	spleen	spleen	endocrine-system	none	none	passed
ENCFF020DFW	ENCFF020DFW	ENCSR467LJT	ENCSR183NBM	ChromBPNet	observed signal profile	bigWig	DNase-seq	none	stimulated-activated-CD4-positive,-alpha-beta-T-cell	t-cell	immune	immune-system	none	none	passed
ENCFF034XGB	ENCFF034XGB	ENCSR605SQL	ENCSR894QMU	ChromBPNet	observed signal profile	bigWig	DNase-seq	none	stimulated-activated-CD4-positive,-alpha-beta-T-cell	t-cell	immune	immune-system	none	none	passed
ENCFF044YCD	ENCFF044YCD	ENCSR315WAC	ENCSR316PCT	ChromBPNet	observed signal profile	bigWig	DNase-seq	none	stimulated-activated-CD4-positive,-alpha-beta-T-cell	t-cell	immune	immune-system	none	none	passed
ENCFF128OTU	ENCFF128OTU	ENCSR266NDC	ENCSR120CBR	ChromBPNet	observed signal profile	bigWig	DNase-seq	none	stimulated-activated-CD4-positive,-alpha-beta-T-cell	t-cell	immune	immune-system	none	none	passed
ENCFF166YVW	ENCFF166YVW	ENCSR703AYZ	ENCSR444BKO	ChromBPNet	observed signal profile	bigWig	DNase-seq	none	stimulated-activated-CD4-positive,-alpha-beta-T-cell	t-cell	immune	immune-system	none	none	passed
ENCFF195QEI	ENCFF195QEI	ENCSR933HFM	ENCSR878DJX	ChromBPNet	observed signal profile	bigWig	DNase-seq	none	stimulated-activated-CD4-positive,-alpha-beta-T-cell	t-cell	immune	immune-system	none	none	passed
ENCFF219PAY	ENCFF219PAY	ENCSR486FMF	ENCSR033ALM	ChromBPNet	observed signal profile	bigWig	DNase-seq	none	stimulated-activated-CD4-positive,-alpha-beta-T-cell	t-cell	immune	immune-system	none	none	passed
ENCFF221UOM	ENCFF221UOM	ENCSR840QLA	ENCSR984DNC	ChromBPNet	observed signal profile	bigWig	DNase-seq	none	stimulated-activated-CD4-positive,-alpha-beta-T-cell	t-cell	immune	immune-system	none	none	passed
ENCFF240OZT	ENCFF240OZT	ENCSR531UVE	ENCSR004INR	ChromBPNet	observed signal profile	bigWig	DNase-seq	none	stimulated-activated-CD4-positive,-alpha-beta-T-cell	t-cell	immune	immune-system	none	none	passed
ENCFF248SEM	ENCFF248SEM	ENCSR323PWV	ENCSR067RGY	ChromBPNet	observed signal profile	bigWig	DNase-seq	none	stimulated-activated-CD4-positive,-alpha-beta-T-cell	t-cell	immune	immune-system	none	none	passed
ENCFF269ZZW	ENCFF269ZZW	ENCSR152AVY	ENCSR695ODM	ChromBPNet	observed signal profile	bigWig	DNase-seq	none	stimulated-activated-CD4-positive,-alpha-beta-T-cell	t-cell	immune	immune-system	none	none	passed
ENCFF278EFO	ENCFF278EFO	ENCSR050VTC	ENCSR885NTV	ChromBPNet	observed signal profile	bigWig	DNase-seq	none	stimulated-activated-CD4-positive,-alpha-beta-T-cell	t-cell	immune	immune-system	none	none	passed
ENCFF308FOQ	ENCFF308FOQ	ENCSR207CQH	ENCSR138LXP	ChromBPNet	observed signal profile	bigWig	DNase-seq	none	stimulated-activated-CD4-positive,-alpha-beta-T-cell	t-cell	immune	immune-system	none	none	passed
ENCFF332ULF	ENCFF332ULF	ENCSR765ZML	ENCSR942YDI	ChromBPNet	observed signal profile	bigWig	DNase-seq	none	stimulated-activated-CD4-positive,-alpha-beta-T-cell	t-cell	immune	immune-system	none	none	passed
ENCFF345NVO	ENCFF345NVO	ENCSR245AXW	ENCSR428ZDH	ChromBPNet	observed signal profile	bigWig	DNase-seq	none	stimulated-activated-CD4-positive,-alpha-beta-T-cell	t-cell	immune	immune-system	none	none	passed
ENCFF367OJK	ENCFF367OJK	ENCSR731DJH	ENCSR149DSA	ChromBPNet	observed signal profile	bigWig	DNase-seq	none	stimulated-activated-CD4-positive,-alpha-beta-T-cell	t-cell	immune	immune-system	none	none	passed
ENCFF375DVF	ENCFF375DVF	ENCSR226LVB	ENCSR003WRD	ChromBPNet	observed signal profile	bigWig	DNase-seq	none	stimulated-activated-CD4-positive,-alpha-beta-T-cell	t-cell	immune	immune-system	none	none	passed
ENCFF430EXE	ENCFF430EXE	ENCSR607HIL	ENCSR406JJY	ChromBPNet	observed signal profile	bigWig	DNase-seq	none	stimulated-activated-CD4-positive,-alpha-beta-T-cell	t-cell	immune	immune-system	none	none	passed
ENCFF432CCB	ENCFF432CCB	ENCSR734VFU	ENCSR122CTA	ChromBPNet	observed signal profile	bigWig	DNase-seq	none	stimulated-activated-CD4-positive,-alpha-beta-T-cell	t-cell	immune	immune-system	none	none	passed
ENCFF444AFX	ENCFF444AFX	ENCSR324SGE	ENCSR792OLA	ChromBPNet	observed signal profile	bigWig	DNase-seq	none	stimulated-activated-CD4-positive,-alpha-beta-T-cell	t-cell	immune	immune-system	none	none	passed
ENCFF469URS	ENCFF469URS	ENCSR284GAG	ENCSR813GGO	ChromBPNet	observed signal profile	bigWig	DNase-seq	none	stimulated-activated-CD4-positive,-alpha-beta-T-cell	t-cell	immune	immune-system	none	none	passed
ENCFF487CTC	ENCFF487CTC	ENCSR799MAX	ENCSR823WJW	ChromBPNet	observed signal profile	bigWig	DNase-seq	none	stimulated-activated-CD4-positive,-alpha-beta-T-cell	t-cell	immune	immune-system	none	none	passed
ENCFF533JYS	ENCFF533JYS	ENCSR019MZH	ENCSR879DUF	ChromBPNet	observed signal profile	bigWig	DNase-seq	none	stimulated-activated-CD4-positive,-alpha-beta-T-cell	t-cell	immune	immune-system	none	none	passed
ENCFF535HHL	ENCFF535HHL	ENCSR015FZF	ENCSR892SCD	ChromBPNet	observed signal profile	bigWig	DNase-seq	none	stimulated-activated-CD4-positive,-alpha-beta-T-cell	t-cell	immune	immune-system	none	none	passed
ENCFF554NOV	ENCFF554NOV	ENCSR323TXQ	ENCSR168OOW	ChromBPNet	observed signal profile	bigWig	DNase-seq	none	stimulated-activated-CD4-positive,-alpha-beta-T-cell	t-cell	immune	immune-system	none	none	passed
ENCFF568VPY	ENCFF568VPY	ENCSR419CKG	ENCSR151FWL	ChromBPNet	observed signal profile	bigWig	DNase-seq	none	stimulated-activated-CD4-positive,-alpha-beta-T-cell	t-cell	immune	immune-system	none	none	passed
ENCFF571BUP	ENCFF571BUP	ENCSR566HLQ	ENCSR526HXL	ChromBPNet	observed signal profile	bigWig	DNase-seq	none	stimulated-activated-CD4-positive,-alpha-beta-T-cell	t-cell	immune	immune-system	none	none	passed
ENCFF586XTN	ENCFF586XTN	ENCSR634ZYB	ENCSR210FDQ	ChromBPNet	observed signal profile	bigWig	DNase-seq	none	stimulated-activated-CD4-positive,-alpha-beta-T-cell	t-cell	immune	immune-system	none	none	passed
ENCFF595ODH	ENCFF595ODH	ENCSR548KXH	ENCSR969OWP	ChromBPNet	observed signal profile	bigWig	DNase-seq	none	stimulated-activated-CD4-positive,-alpha-beta-T-cell	t-cell	immune	immune-system	none	none	passed
ENCFF604AIP	ENCFF604AIP	ENCSR543WNA	ENCSR029KQP	ChromBPNet	observed signal profile	bigWig	DNase-seq	none	stimulated-activated-CD4-positive,-alpha-beta-T-cell	t-cell	immune	immune-system	none	none	passed
ENCFF607JBQ	ENCFF607JBQ	ENCSR616AEG	ENCSR078CWH	ChromBPNet	observed signal profile	bigWig	DNase-seq	none	stimulated-activated-CD4-positive,-alpha-beta-T-cell	t-cell	immune	immune-system	none	none	passed
ENCFF607NXU	ENCFF607NXU	ENCSR579DBA	ENCSR990ZOO	ChromBPNet	observed signal profile	bigWig	DNase-seq	none	stimulated-activated-CD4-positive,-alpha-beta-T-cell	t-cell	immune	immune-system	none	none	passed
ENCFF622GPQ	ENCFF622GPQ	ENCSR010TMX	ENCSR559GXZ	ChromBPNet	observed signal profile	bigWig	DNase-seq	none	stimulated-activated-CD4-positive,-alpha-beta-T-cell	t-cell	immune	immune-system	none	none	passed
ENCFF630WCA	ENCFF630WCA	ENCSR107XZC	ENCSR795IQN	ChromBPNet	observed signal profile	bigWig	DNase-seq	none	stimulated-activated-CD4-positive,-alpha-beta-T-cell	t-cell	immune	immune-system	none	none	passed
ENCFF637TOM	ENCFF637TOM	ENCSR998IXQ	ENCSR063NRC	ChromBPNet	observed signal profile	bigWig	DNase-seq	none	stimulated-activated-CD4-positive,-alpha-beta-T-cell	t-cell	immune	immune-system	none	none	passed
ENCFF663EGN	ENCFF663EGN	ENCSR724QTW	ENCSR042CPO	ChromBPNet	observed signal profile	bigWig	DNase-seq	none	stimulated-activated-CD4-positive,-alpha-beta-T-cell	t-cell	immune	immune-system	none	none	passed
ENCFF672UYD	ENCFF672UYD	ENCSR618HFT	ENCSR906FRI	ChromBPNet	observed signal profile	bigWig	DNase-seq	none	stimulated-activated-CD4-positive,-alpha-beta-T-cell	t-cell	immune	immune-system	none	none	passed
ENCFF679BXM	ENCFF679BXM	ENCSR553WJB	ENCSR541CYH	ChromBPNet	observed signal profile	bigWig	DNase-seq	none	stimulated-activated-CD4-positive,-alpha-beta-T-cell	t-cell	immune	immune-system	none	none	passed
ENCFF680YKU	ENCFF680YKU	ENCSR987GUS	ENCSR937SVO	ChromBPNet	observed signal profile	bigWig	DNase-seq	none	stimulated-activated-CD4-positive,-alpha-beta-T-cell	t-cell	immune	immune-system	none	none	passed
ENCFF711LVZ	ENCFF711LVZ	ENCSR953UJL	ENCSR242ROY	ChromBPNet	observed signal profile	bigWig	DNase-seq	none	stimulated-activated-CD4-positive,-alpha-beta-T-cell	t-cell	immune	immune-system	none	none	passed
ENCFF716FGB	ENCFF716FGB	ENCSR075MQZ	ENCSR129MDQ	ChromBPNet	observed signal profile	bigWig	DNase-seq	none	stimulated-activated-CD4-positive,-alpha-beta-T-cell	t-cell	immune	immune-system	none	none	passed
ENCFF724DCZ	ENCFF724DCZ	ENCSR470QCE	ENCSR736ZOY	ChromBPNet	observed signal profile	bigWig	DNase-seq	none	stimulated-activated-CD4-positive,-alpha-beta-T-cell	t-cell	immune	immune-system	none	none	passed
ENCFF728IYG	ENCFF728IYG	ENCSR884ODJ	ENCSR079GMY	ChromBPNet	observed signal profile	bigWig	DNase-seq	none	stimulated-activated-CD4-positive,-alpha-beta-T-cell	t-cell	immune	immune-system	none	none	passed
ENCFF729ORN	ENCFF729ORN	ENCSR965ZWZ	ENCSR788TAZ	ChromBPNet	observed signal profile	bigWig	DNase-seq	none	stimulated-activated-CD4-positive,-alpha-beta-T-cell	t-cell	immune	immune-system	none	none	passed
ENCFF779AQZ	ENCFF779AQZ	ENCSR885AWF	ENCSR729AHT	ChromBPNet	observed signal profile	bigWig	DNase-seq	none	stimulated-activated-CD4-positive,-alpha-beta-T-cell	t-cell	immune	immune-system	none	none	passed
ENCFF780XKE	ENCFF780XKE	ENCSR494IWJ	ENCSR305LCB	ChromBPNet	observed signal profile	bigWig	DNase-seq	none	stimulated-activated-CD4-positive,-alpha-beta-T-cell	t-cell	immune	immune-system	none	none	passed
ENCFF782TWF	ENCFF782TWF	ENCSR255OGF	ENCSR433NVE	ChromBPNet	observed signal profile	bigWig	DNase-seq	none	stimulated-activated-CD4-positive,-alpha-beta-T-cell	t-cell	immune	immune-system	none	none	passed
ENCFF806ZLO	ENCFF806ZLO	ENCSR881CRY	ENCSR671ZJO	ChromBPNet	observed signal profile	bigWig	DNase-seq	none	stimulated-activated-CD4-positive,-alpha-beta-T-cell	t-cell	immune	immune-system	none	none	passed
ENCFF806ZZV	ENCFF806ZZV	ENCSR147QLU	ENCSR829QXM	ChromBPNet	observed signal profile	bigWig	DNase-seq	none	stimulated-activated-CD4-positive,-alpha-beta-T-cell	t-cell	immune	immune-system	none	none	passed
ENCFF813DXR	ENCFF813DXR	ENCSR551LAH	ENCSR593OYE	ChromBPNet	observed signal profile	bigWig	DNase-seq	none	stimulated-activated-CD4-positive,-alpha-beta-T-cell	t-cell	immune	immune-system	none	none	passed
ENCFF829XVN	ENCFF829XVN	ENCSR658NVL	ENCSR775ARR	ChromBPNet	observed signal profile	bigWig	DNase-seq	none	stimulated-activated-CD4-positive,-alpha-beta-T-cell	t-cell	immune	immune-system	none	none	passed
ENCFF838VDP	ENCFF838VDP	ENCSR920JUM	ENCSR274OUK	ChromBPNet	observed signal profile	bigWig	DNase-seq	none	stimulated-activated-CD4-positive,-alpha-beta-T-cell	t-cell	immune	immune-system	none	none	passed
ENCFF843FAI	ENCFF843FAI	ENCSR438USP	ENCSR999FHN	ChromBPNet	observed signal profile	bigWig	DNase-seq	none	stimulated-activated-CD4-positive,-alpha-beta-T-cell	t-cell	immune	immune-system	none	none	passed
ENCFF919CRX	ENCFF919CRX	ENCSR840USW	ENCSR106QEG	ChromBPNet	observed signal profile	bigWig	DNase-seq	none	stimulated-activated-CD4-positive,-alpha-beta-T-cell	t-cell	immune	immune-system	none	none	passed
ENCFF986NAR	ENCFF986NAR	ENCSR287GYT	ENCSR371VIN	ChromBPNet	observed signal profile	bigWig	DNase-seq	none	stimulated-activated-CD4-positive,-alpha-beta-T-cell	t-cell	immune	immune-system	none	none	passed
ENCFF124GSL	ENCFF124GSL	ENCSR294DND	ENCSR711CBE	ChromBPNet	observed signal profile	bigWig	DNase-seq	none	stimulated-activated-CD8-positive,-alpha-beta-memory-T-cell	t-cell	immune	immune-system	none	none	passed
ENCFF139FFL	ENCFF139FFL	ENCSR889YWJ	ENCSR542AKO	ChromBPNet	observed signal profile	bigWig	DNase-seq	none	stimulated-activated-CD8-positive,-alpha-beta-memory-T-cell	t-cell	immune	immune-system	none	none	passed
ENCFF192ICA	ENCFF192ICA	ENCSR177GYC	ENCSR590AJW	ChromBPNet	observed signal profile	bigWig	DNase-seq	none	stimulated-activated-CD8-positive,-alpha-beta-memory-T-cell	t-cell	immune	immune-system	none	none	passed
ENCFF267YTH	ENCFF267YTH	ENCSR335EYA	ENCSR798IHN	ChromBPNet	observed signal profile	bigWig	DNase-seq	none	stimulated-activated-CD8-positive,-alpha-beta-memory-T-cell	t-cell	immune	immune-system	none	none	passed
ENCFF337LGT	ENCFF337LGT	ENCSR474HQW	ENCSR878FQY	ChromBPNet	observed signal profile	bigWig	DNase-seq	none	stimulated-activated-CD8-positive,-alpha-beta-memory-T-cell	t-cell	immune	immune-system	none	none	passed
ENCFF370BEY	ENCFF370BEY	ENCSR819EPD	ENCSR639YNS	ChromBPNet	observed signal profile	bigWig	DNase-seq	none	stimulated-activated-CD8-positive,-alpha-beta-memory-T-cell	t-cell	immune	immune-system	none	none	passed
ENCFF381WPZ	ENCFF381WPZ	ENCSR335LOQ	ENCSR036QSP	ChromBPNet	observed signal profile	bigWig	DNase-seq	none	stimulated-activated-CD8-positive,-alpha-beta-memory-T-cell	t-cell	immune	immune-system	none	none	passed
ENCFF387HGR	ENCFF387HGR	ENCSR669NQZ	ENCSR706ZWI	ChromBPNet	observed signal profile	bigWig	DNase-seq	none	stimulated-activated-CD8-positive,-alpha-beta-memory-T-cell	t-cell	immune	immune-system	none	none	passed
ENCFF416OIO	ENCFF416OIO	ENCSR380TXB	ENCSR376SQG	ChromBPNet	observed signal profile	bigWig	DNase-seq	none	stimulated-activated-CD8-positive,-alpha-beta-memory-T-cell	t-cell	immune	immune-system	none	none	passed
ENCFF498LOJ	ENCFF498LOJ	ENCSR943BCO	ENCSR606IUL	ChromBPNet	observed signal profile	bigWig	DNase-seq	none	stimulated-activated-CD8-positive,-alpha-beta-memory-T-cell	t-cell	immune	immune-system	none	none	passed
ENCFF509BEY	ENCFF509BEY	ENCSR471RHG	ENCSR331ZTT	ChromBPNet	observed signal profile	bigWig	DNase-seq	none	stimulated-activated-CD8-positive,-alpha-beta-memory-T-cell	t-cell	immune	immune-system	none	none	passed
ENCFF530AMF	ENCFF530AMF	ENCSR130HIE	ENCSR126UPF	ChromBPNet	observed signal profile	bigWig	DNase-seq	none	stimulated-activated-CD8-positive,-alpha-beta-memory-T-cell	t-cell	immune	immune-system	none	none	passed
ENCFF606XCV	ENCFF606XCV	ENCSR960EVM	ENCSR076QUY	ChromBPNet	observed signal profile	bigWig	DNase-seq	none	stimulated-activated-CD8-positive,-alpha-beta-memory-T-cell	t-cell	immune	immune-system	none	none	passed
ENCFF607PBH	ENCFF607PBH	ENCSR688DKY	ENCSR971GER	ChromBPNet	observed signal profile	bigWig	DNase-seq	none	stimulated-activated-CD8-positive,-alpha-beta-memory-T-cell	t-cell	immune	immune-system	none	none	passed
ENCFF637UFZ	ENCFF637UFZ	ENCSR735MJZ	ENCSR787HJE	ChromBPNet	observed signal profile	bigWig	DNase-seq	none	stimulated-activated-CD8-positive,-alpha-beta-memory-T-cell	t-cell	immune	immune-system	none	none	passed
ENCFF671MDO	ENCFF671MDO	ENCSR314IBN	ENCSR720QMH	ChromBPNet	observed signal profile	bigWig	DNase-seq	none	stimulated-activated-CD8-positive,-alpha-beta-memory-T-cell	t-cell	immune	immune-system	none	none	passed
ENCFF715WCY	ENCFF715WCY	ENCSR135XMY	ENCSR374PWW	ChromBPNet	observed signal profile	bigWig	DNase-seq	none	stimulated-activated-CD8-positive,-alpha-beta-memory-T-cell	t-cell	immune	immune-system	none	none	passed
ENCFF719JHG	ENCFF719JHG	ENCSR832THJ	ENCSR953BHJ	ChromBPNet	observed signal profile	bigWig	DNase-seq	none	stimulated-activated-CD8-positive,-alpha-beta-memory-T-cell	t-cell	immune	immune-system	none	none	passed
ENCFF726HKR	ENCFF726HKR	ENCSR210JVF	ENCSR316VER	ChromBPNet	observed signal profile	bigWig	DNase-seq	none	stimulated-activated-CD8-positive,-alpha-beta-memory-T-cell	t-cell	immune	immune-system	none	none	passed
ENCFF729ZIV	ENCFF729ZIV	ENCSR205ECC	ENCSR757ZBB	ChromBPNet	observed signal profile	bigWig	DNase-seq	none	stimulated-activated-CD8-positive,-alpha-beta-memory-T-cell	t-cell	immune	immune-system	none	none	passed
ENCFF737AVL	ENCFF737AVL	ENCSR060TTR	ENCSR159UVY	ChromBPNet	observed signal profile	bigWig	DNase-seq	none	stimulated-activated-CD8-positive,-alpha-beta-memory-T-cell	t-cell	immune	immune-system	none	none	passed
ENCFF739UYF	ENCFF739UYF	ENCSR377CRU	ENCSR844YHV	ChromBPNet	observed signal profile	bigWig	DNase-seq	none	stimulated-activated-CD8-positive,-alpha-beta-memory-T-cell	t-cell	immune	immune-system	none	none	passed
ENCFF854OYG	ENCFF854OYG	ENCSR688OIJ	ENCSR688PBM	ChromBPNet	observed signal profile	bigWig	DNase-seq	none	stimulated-activated-CD8-positive,-alpha-beta-memory-T-cell	t-cell	immune	immune-system	none	none	passed
ENCFF904AXX	ENCFF904AXX	ENCSR284VNJ	ENCSR030RSO	ChromBPNet	observed signal profile	bigWig	DNase-seq	none	stimulated-activated-CD8-positive,-alpha-beta-memory-T-cell	t-cell	immune	immune-system	none	none	passed
ENCFF953WKL	ENCFF953WKL	ENCSR749YCR	ENCSR712YRU	ChromBPNet	observed signal profile	bigWig	DNase-seq	none	stimulated-activated-CD8-positive,-alpha-beta-memory-T-cell	t-cell	immune	immune-system	none	none	passed
ENCFF988ENL	ENCFF988ENL	ENCSR502GWQ	ENCSR772ATM	ChromBPNet	observed signal profile	bigWig	DNase-seq	none	stimulated-activated-CD8-positive,-alpha-beta-memory-T-cell	t-cell	immune	immune-system	none	none	passed
ENCFF532HVS	ENCFF532HVS	ENCSR335XRZ	ENCSR769CYN	ChromBPNet	observed signal profile	bigWig	ATAC-seq	none	stimulated-activated-effector-memory-CD8-positive,-alpha-beta-T-cell	t-cell	immune	immune-system	none	none	passed
ENCFF946GHX	ENCFF946GHX	ENCSR335LHS	ENCSR767NGG	ChromBPNet	observed signal profile	bigWig	ATAC-seq	none	stimulated-activated-effector-memory-CD8-positive,-alpha-beta-T-cell	t-cell	immune	immune-system	none	none	passed
ENCFF789TWQ	ENCFF789TWQ	ENCSR917BSW	ENCSR419IFZ	ChromBPNet	observed signal profile	bigWig	DNase-seq	none	stimulated-activated-effector-memory-CD8-positive,-alpha-beta-T-cell	t-cell	immune	immune-system	none	none	passed
ENCFF273UMP	ENCFF273UMP	ENCSR302PTB	ENCSR798FBD	ChromBPNet	observed signal profile	bigWig	ATAC-seq	none	stimulated-activated-memory-B-cell	b-cell	immune	immune-system	none	none	passed
ENCFF651NFS	ENCFF651NFS	ENCSR379NMT	ENCSR289QKT	ChromBPNet	observed signal profile	bigWig	ATAC-seq	none	stimulated-activated-naive-B-cell	b-cell	immune	immune-system	none	none	passed
ENCFF977KBY	ENCFF977KBY	ENCSR653VSR	ENCSR453AQL	ChromBPNet	observed signal profile	bigWig	ATAC-seq	none	stimulated-activated-naive-B-cell	b-cell	immune	immune-system	none	none	passed
ENCFF525TVD	ENCFF525TVD	ENCSR637OPZ	ENCSR877IYJ	ChromBPNet	observed signal profile	bigWig	ATAC-seq	none	stimulated-activated-naive-CD8-positive,-alpha-beta-T-cell	t-cell	immune	immune-system	none	none	passed
ENCFF598HTG	ENCFF598HTG	ENCSR863TVR	ENCSR883XHP	ChromBPNet	observed signal profile	bigWig	ATAC-seq	none	stimulated-activated-naive-CD8-positive,-alpha-beta-T-cell	t-cell	immune	immune-system	none	none	passed
ENCFF914BJY	ENCFF914BJY	ENCSR326ESM	ENCSR918HJS	ChromBPNet	observed signal profile	bigWig	ATAC-seq	none	stimulated-activated-naive-CD8-positive,-alpha-beta-T-cell	t-cell	immune	immune-system	none	none	passed
ENCFF102ZIR	ENCFF102ZIR	ENCSR114XWV	ENCSR740QNC	ChromBPNet	observed signal profile	bigWig	DNase-seq	none	stimulated-activated-naive-CD8-positive,-alpha-beta-T-cell	t-cell	immune	immune-system	none	none	passed
ENCFF119RAV	ENCFF119RAV	ENCSR154NYM	ENCSR439RLE	ChromBPNet	observed signal profile	bigWig	DNase-seq	none	stimulated-activated-naive-CD8-positive,-alpha-beta-T-cell	t-cell	immune	immune-system	none	none	passed
ENCFF371USL	ENCFF371USL	ENCSR208YDK	ENCSR411FRH	ChromBPNet	observed signal profile	bigWig	DNase-seq	none	stimulated-activated-naive-CD8-positive,-alpha-beta-T-cell	t-cell	immune	immune-system	none	none	passed
ENCFF434FGK	ENCFF434FGK	ENCSR337UIU	ENCSR843HJF	ChromBPNet	observed signal profile	bigWig	ATAC-seq	none	stomach	stomach	stomach	digestive-system	none	none	passed
ENCFF668OMF	ENCFF668OMF	ENCSR851SBY	ENCSR761YGB	ChromBPNet	observed signal profile	bigWig	ATAC-seq	none	stomach	stomach	stomach	digestive-system	none	none	passed
ENCFF064QLP	ENCFF064QLP	ENCSR941SMM	ENCSR132HHY	ChromBPNet	observed signal profile	bigWig	DNase-seq	none	stomach	stomach	stomach	digestive-system	none	none	passed
ENCFF076BWX	ENCFF076BWX	ENCSR082XEU	ENCSR798CPE	ChromBPNet	observed signal profile	bigWig	DNase-seq	none	stomach	stomach	stomach	digestive-system	none	none	passed
ENCFF113VOZ	ENCFF113VOZ	ENCSR726YMS	ENCSR754RMT	ChromBPNet	observed signal profile	bigWig	DNase-seq	none	stomach	stomach	stomach	digestive-system	none	none	passed
ENCFF175WZK	ENCFF175WZK	ENCSR246PXX	ENCSR794VJG	ChromBPNet	observed signal profile	bigWig	DNase-seq	none	stomach	stomach	stomach	digestive-system	none	none	passed
ENCFF187OOD	ENCFF187OOD	ENCSR522FGG	ENCSR103JQC	ChromBPNet	observed signal profile	bigWig	DNase-seq	none	stomach	stomach	stomach	digestive-system	none	none	passed
ENCFF210EFV	ENCFF210EFV	ENCSR177NIJ	ENCSR018RBZ	ChromBPNet	observed signal profile	bigWig	DNase-seq	none	stomach	stomach	stomach	digestive-system	none	none	passed
ENCFF268RET	ENCFF268RET	ENCSR208DMX	ENCSR905XZZ	ChromBPNet	observed signal profile	bigWig	DNase-seq	none	stomach	stomach	stomach	digestive-system	none	none	passed
ENCFF319MZF	ENCFF319MZF	ENCSR511GQA	ENCSR972VJA	ChromBPNet	observed signal profile	bigWig	DNase-seq	none	stomach	stomach	stomach	digestive-system	none	none	passed
ENCFF320KCH	ENCFF320KCH	ENCSR930YSB	ENCSR303ZEU	ChromBPNet	observed signal profile	bigWig	DNase-seq	none	stomach	stomach	stomach	digestive-system	none	none	passed
ENCFF323OBY	ENCFF323OBY	ENCSR627KFV	ENCSR468TMI	ChromBPNet	observed signal profile	bigWig	DNase-seq	none	stomach	stomach	stomach	digestive-system	none	none	passed
ENCFF369DWR	ENCFF369DWR	ENCSR782SSS	ENCSR779LNM	ChromBPNet	observed signal profile	bigWig	DNase-seq	none	stomach	stomach	stomach	digestive-system	none	none	passed
ENCFF420QIQ	ENCFF420QIQ	ENCSR683YLO	ENCSR233MJY	ChromBPNet	observed signal profile	bigWig	DNase-seq	none	stomach	stomach	stomach	digestive-system	none	none	passed
ENCFF468QVT	ENCFF468QVT	ENCSR062DUU	ENCSR632QNE	ChromBPNet	observed signal profile	bigWig	DNase-seq	none	stomach	stomach	stomach	digestive-system	none	none	passed
ENCFF598DDJ	ENCFF598DDJ	ENCSR095GWE	ENCSR602LGD	ChromBPNet	observed signal profile	bigWig	DNase-seq	none	stomach	stomach	stomach	digestive-system	none	none	passed
ENCFF733ZNL	ENCFF733ZNL	ENCSR282QFE	ENCSR781PDD	ChromBPNet	observed signal profile	bigWig	DNase-seq	none	stomach	stomach	stomach	digestive-system	none	none	passed
ENCFF813FQO	ENCFF813FQO	ENCSR172PVJ	ENCSR478OOS	ChromBPNet	observed signal profile	bigWig	DNase-seq	none	stomach	stomach	stomach	digestive-system	none	none	passed
ENCFF886MZJ	ENCFF886MZJ	ENCSR006IMH	ENCSR792CIL	ChromBPNet	observed signal profile	bigWig	DNase-seq	none	stomach	stomach	stomach	digestive-system	none	none	passed
ENCFF903UAM	ENCFF903UAM	ENCSR608AHQ	ENCSR393ODI	ChromBPNet	observed signal profile	bigWig	DNase-seq	none	stomach	stomach	stomach	digestive-system	none	none	passed
ENCFF914GAK	ENCFF914GAK	ENCSR163PKT	ENCSR498QRZ	ChromBPNet	observed signal profile	bigWig	DNase-seq	none	stomach	stomach	stomach	digestive-system	none	none	passed
ENCFF989DZV	ENCFF989DZV	ENCSR119HXE	ENCSR425UKP	ChromBPNet	observed signal profile	bigWig	DNase-seq	none	stomach	stomach	stomach	digestive-system	none	none	passed
ENCFF269OGN	ENCFF269OGN	ENCSR000EMH	ENCSR113WKC	ChromBPNet	observed signal profile	bigWig	DNase-seq	none	stromal-cell-of-bone-marrow	bone	bone	skeletal-system	none	none	passed
ENCFF326AQQ	ENCFF326AQQ	ENCSR540BML	ENCSR944DYP	ChromBPNet	observed signal profile	bigWig	ATAC-seq	none	subcutaneous-adipose-tissue	adipose	skin	integumental-system	none	none	passed
ENCFF177CWS	ENCFF177CWS	ENCSR382JUJ	ENCSR719LJN	ChromBPNet	observed signal profile	bigWig	DNase-seq	none	superior-temporal-gyrus	gyrus	brain	central-nervous-system	none	none	passed
ENCFF076LHX	ENCFF076LHX	ENCSR101QXF	ENCSR580EKH	ChromBPNet	observed signal profile	bigWig	DNase-seq	none	suprapubic-skin	skin	skin	integumental-system	none	none	passed
ENCFF188HQN	ENCFF188HQN	ENCSR210NKB	ENCSR962ICP	ChromBPNet	observed signal profile	bigWig	ATAC-seq	none	testis	testis	testis	reproductive-system	none	none	passed
ENCFF029OEN	ENCFF029OEN	ENCSR729DRB	ENCSR475FVE	ChromBPNet	observed signal profile	bigWig	DNase-seq	none	testis	testis	testis	reproductive-system	none	none	passed
ENCFF399RQJ	ENCFF399RQJ	ENCSR866ODX	ENCSR782JTX	ChromBPNet	observed signal profile	bigWig	DNase-seq	none	testis	testis	testis	reproductive-system	none	none	passed
ENCFF494WFY	ENCFF494WFY	ENCSR278FHC	ENCSR628MRI	ChromBPNet	observed signal profile	bigWig	DNase-seq	none	testis	testis	testis	reproductive-system	none	none	passed
ENCFF025RXP	ENCFF025RXP	ENCSR344ZTM	ENCSR682VDU	ChromBPNet	observed signal profile	bigWig	ATAC-seq	none	thoracic-aorta	aorta	blood-vessel	circulatory-system	none	none	passed
ENCFF622PAC	ENCFF622PAC	ENCSR298SDT	ENCSR193FTZ	ChromBPNet	observed signal profile	bigWig	DNase-seq	none	thoracic-aorta	aorta	blood-vessel	circulatory-system	none	none	passed
ENCFF020ERZ	ENCFF020ERZ	ENCSR342NCX	ENCSR892XBW	ChromBPNet	observed signal profile	bigWig	DNase-seq	none	thymus	thymus	thymus	endocrine-system	none	none	passed
ENCFF029ZPH	ENCFF029ZPH	ENCSR544KDB	ENCSR631GYP	ChromBPNet	observed signal profile	bigWig	DNase-seq	none	thymus	thymus	thymus	endocrine-system	none	none	passed
ENCFF538UOS	ENCFF538UOS	ENCSR682PKY	ENCSR108MFV	ChromBPNet	observed signal profile	bigWig	DNase-seq	none	thymus	thymus	thymus	endocrine-system	none	none	passed
ENCFF583TCS	ENCFF583TCS	ENCSR777USE	ENCSR169CSC	ChromBPNet	observed signal profile	bigWig	DNase-seq	none	thymus	thymus	thymus	endocrine-system	none	none	passed
ENCFF584KWN	ENCFF584KWN	ENCSR888UPQ	ENCSR496YMQ	ChromBPNet	observed signal profile	bigWig	DNase-seq	none	thymus	thymus	thymus	endocrine-system	none	none	passed
ENCFF620OJK	ENCFF620OJK	ENCSR541UPY	ENCSR403QRF	ChromBPNet	observed signal profile	bigWig	DNase-seq	none	thymus	thymus	thymus	endocrine-system	none	none	passed
ENCFF656ZJL	ENCFF656ZJL	ENCSR164PQJ	ENCSR578KWO	ChromBPNet	observed signal profile	bigWig	DNase-seq	none	thymus	thymus	thymus	endocrine-system	none	none	passed
ENCFF809HYF	ENCFF809HYF	ENCSR838IPF	ENCSR617ERP	ChromBPNet	observed signal profile	bigWig	DNase-seq	none	thymus	thymus	thymus	endocrine-system	none	none	passed
ENCFF820OTW	ENCFF820OTW	ENCSR962EAP	ENCSR822NGA	ChromBPNet	observed signal profile	bigWig	DNase-seq	none	thymus	thymus	thymus	endocrine-system	none	none	passed
ENCFF162QEB	ENCFF162QEB	ENCSR914DTI	ENCSR867AUW	ChromBPNet	observed signal profile	bigWig	ATAC-seq	none	thyroid-gland	thyroid	thyroid	endocrine-system	none	none	passed
ENCFF206TNU	ENCFF206TNU	ENCSR474XFV	ENCSR846DLY	ChromBPNet	observed signal profile	bigWig	ATAC-seq	none	thyroid-gland	thyroid	thyroid	endocrine-system	none	none	passed
ENCFF503LXF	ENCFF503LXF	ENCSR201FIW	ENCSR986NGU	ChromBPNet	observed signal profile	bigWig	ATAC-seq	none	thyroid-gland	thyroid	thyroid	endocrine-system	none	none	passed
ENCFF393VTR	ENCFF393VTR	ENCSR450PWF	ENCSR824KPK	ChromBPNet	observed signal profile	bigWig	DNase-seq	none	thyroid-gland	thyroid	thyroid	endocrine-system	none	none	passed
ENCFF977KGB	ENCFF977KGB	ENCSR195ONB	ENCSR157IQH	ChromBPNet	observed signal profile	bigWig	DNase-seq	none	thyroid-gland	thyroid	thyroid	endocrine-system	none	none	passed
ENCFF985WNZ	ENCFF985WNZ	ENCSR749MUH	ENCSR470UFS	ChromBPNet	observed signal profile	bigWig	DNase-seq	none	thyroid-gland	thyroid	thyroid	endocrine-system	none	none	passed
ENCFF754XET	ENCFF754XET	ENCSR630REB	ENCSR316RFC	ChromBPNet	observed signal profile	bigWig	ATAC-seq	none	tibial-artery	artery	blood-vessel	circulatory-system	none	none	passed
ENCFF011JHH	ENCFF011JHH	ENCSR102RSU	ENCSR530QPE	ChromBPNet	observed signal profile	bigWig	DNase-seq	none	tibial-artery	artery	blood-vessel	circulatory-system	none	none	passed
ENCFF211LPJ	ENCFF211LPJ	ENCSR090IDV	ENCSR492YAV	ChromBPNet	observed signal profile	bigWig	DNase-seq	none	tibial-artery	artery	blood-vessel	circulatory-system	none	none	passed
ENCFF925ZRY	ENCFF925ZRY	ENCSR831KAH	ENCSR547WXV	ChromBPNet	observed signal profile	bigWig	ATAC-seq	none	tibial-nerve	nerve	nerve	peripheral-nervous-system	none	none	passed
ENCFF146FKI	ENCFF146FKI	ENCSR508FVM	ENCSR009FPS	ChromBPNet	observed signal profile	bigWig	DNase-seq	none	tibial-nerve	nerve	nerve	peripheral-nervous-system	none	none	passed
ENCFF535TQE	ENCFF535TQE	ENCSR484UAU	ENCSR945NLK	ChromBPNet	observed signal profile	bigWig	DNase-seq	none	tibial-nerve	nerve	nerve	peripheral-nervous-system	none	none	passed
ENCFF186JJQ	ENCFF186JJQ	ENCSR559WMK	ENCSR004CWE	ChromBPNet	observed signal profile	bigWig	DNase-seq	none	tongue	tongue	tongue	sensory-system	none	none	passed
ENCFF208MBC	ENCFF208MBC	ENCSR759UNY	ENCSR971WIA	ChromBPNet	observed signal profile	bigWig	DNase-seq	none	tongue	tongue	tongue	sensory-system	none	none	passed
ENCFF473EKE	ENCFF473EKE	ENCSR386HAZ	ENCSR245KNI	ChromBPNet	observed signal profile	bigWig	ATAC-seq	none	transverse-colon	colon	large-intestine	digestive-system	none	none	passed
ENCFF482VSL	ENCFF482VSL	ENCSR761TKU	ENCSR466YQP	ChromBPNet	observed signal profile	bigWig	ATAC-seq	none	transverse-colon	colon	large-intestine	digestive-system	none	none	passed
ENCFF495OJF	ENCFF495OJF	ENCSR404LLJ	ENCSR982JLU	ChromBPNet	observed signal profile	bigWig	ATAC-seq	none	transverse-colon	colon	large-intestine	digestive-system	none	none	passed
ENCFF646ZSN	ENCFF646ZSN	ENCSR668VCT	ENCSR194GTM	ChromBPNet	observed signal profile	bigWig	ATAC-seq	none	transverse-colon	colon	large-intestine	digestive-system	none	none	passed
ENCFF191WLZ	ENCFF191WLZ	ENCSR763AKE	ENCSR511HYE	ChromBPNet	observed signal profile	bigWig	DNase-seq	none	transverse-colon	colon	large-intestine	digestive-system	none	none	passed
ENCFF570NES	ENCFF570NES	ENCSR923JYH	ENCSR375EUQ	ChromBPNet	observed signal profile	bigWig	DNase-seq	none	transverse-colon	colon	large-intestine	digestive-system	none	none	passed
ENCFF772QLJ	ENCFF772QLJ	ENCSR340MRJ	ENCSR376PZR	ChromBPNet	observed signal profile	bigWig	DNase-seq	none	transverse-colon	colon	large-intestine	digestive-system	none	none	passed
ENCFF373KQQ	ENCFF373KQQ	ENCSR964MZQ	ENCSR740KCQ	ChromBPNet	observed signal profile	bigWig	DNase-seq	none	trophoblast-cell	t-cell	immune	immune-system	none	none	passed
ENCFF388TZK	ENCFF388TZK	ENCSR593LTJ	ENCSR233LNE	ChromBPNet	observed signal profile	bigWig	DNase-seq	none	trophoblast-cell	t-cell	immune	immune-system	none	none	passed
ENCFF542BIA	ENCFF542BIA	ENCSR179CDH	ENCSR802XPE	ChromBPNet	observed signal profile	bigWig	DNase-seq	none	trophoblast-cell	t-cell	immune	immune-system	none	none	passed
ENCFF673FXA	ENCFF673FXA	ENCSR121ZSL	ENCSR480QYT	ChromBPNet	observed signal profile	bigWig	DNase-seq	none	trophoblast-cell	t-cell	immune	immune-system	none	none	passed
ENCFF692ZTH	ENCFF692ZTH	ENCSR809LCE	ENCSR499THI	ChromBPNet	observed signal profile	bigWig	DNase-seq	none	trophoblast-cell	t-cell	immune	immune-system	none	none	passed
ENCFF022CQQ	ENCFF022CQQ	ENCSR362ZFC	ENCSR425HSD	ChromBPNet	observed signal profile	bigWig	DNase-seq	none	type-B-pancreatic-cell	pancreatic	pancreas	digestive-system	none	none	passed
ENCFF625IND	ENCFF625IND	ENCSR512CWR	ENCSR884IFQ	ChromBPNet	observed signal profile	bigWig	DNase-seq	none	umbilical-cord	umbilical	umbilical	reproductive-system	none	none	passed
ENCFF284ICA	ENCFF284ICA	ENCSR895SEG	ENCSR388FHS	ChromBPNet	observed signal profile	bigWig	ATAC-seq	none	upper-lobe-of-left-lung	lung	lung	respiratory-system	none	none	passed
ENCFF563PXS	ENCFF563PXS	ENCSR242QRV	ENCSR463FHI	ChromBPNet	observed signal profile	bigWig	ATAC-seq	none	upper-lobe-of-left-lung	lung	lung	respiratory-system	none	none	passed
ENCFF095BJK	ENCFF095BJK	ENCSR650FLQ	ENCSR901HTN	ChromBPNet	observed signal profile	bigWig	DNase-seq	none	upper-lobe-of-left-lung	lung	lung	respiratory-system	none	none	passed
ENCFF127WYU	ENCFF127WYU	ENCSR702DPD	ENCSR429NWR	ChromBPNet	observed signal profile	bigWig	DNase-seq	none	upper-lobe-of-left-lung	lung	lung	respiratory-system	none	none	passed
ENCFF130OAV	ENCFF130OAV	ENCSR800ADR	ENCSR987KZP	ChromBPNet	observed signal profile	bigWig	DNase-seq	none	upper-lobe-of-left-lung	lung	lung	respiratory-system	none	none	passed
ENCFF303JHE	ENCFF303JHE	ENCSR058VBM	ENCSR176OCJ	ChromBPNet	observed signal profile	bigWig	DNase-seq	none	upper-lobe-of-left-lung	lung	lung	respiratory-system	none	none	passed
ENCFF436MGW	ENCFF436MGW	ENCSR323UTX	ENCSR306LZC	ChromBPNet	observed signal profile	bigWig	DNase-seq	none	upper-lobe-of-left-lung	lung	lung	respiratory-system	none	none	passed
ENCFF490GJM	ENCFF490GJM	ENCSR990NNX	ENCSR746ZND	ChromBPNet	observed signal profile	bigWig	ATAC-seq	none	upper-lobe-of-right-lung	lung	lung	respiratory-system	none	none	passed
ENCFF971GDS	ENCFF971GDS	ENCSR357AWH	ENCSR858DQL	ChromBPNet	observed signal profile	bigWig	DNase-seq	none	upper-lobe-of-right-lung	lung	lung	respiratory-system	none	none	passed
ENCFF762SNC	ENCFF762SNC	ENCSR814RGG	ENCSR548DKO	ChromBPNet	observed signal profile	bigWig	ATAC-seq	none	ureter	ureter	kidney	excretory-system	none	none	passed
ENCFF768RNX	ENCFF768RNX	ENCSR398JUP	ENCSR078RRP	ChromBPNet	observed signal profile	bigWig	DNase-seq	none	ureter	ureter	kidney	excretory-system	none	none	passed
ENCFF546SNO	ENCFF546SNO	ENCSR813CKU	ENCSR447YGC	ChromBPNet	observed signal profile	bigWig	DNase-seq	none	urinary-bladder	bladder	bladder	excretory-system	none	none	passed
ENCFF372BIB	ENCFF372BIB	ENCSR705RZX	ENCSR222TQG	ChromBPNet	observed signal profile	bigWig	ATAC-seq	none	uterus	uterus	uterus	reproductive-system	none	none	passed
ENCFF533VLE	ENCFF533VLE	ENCSR775SYU	ENCSR456GSD	ChromBPNet	observed signal profile	bigWig	ATAC-seq	none	uterus	uterus	uterus	reproductive-system	none	none	passed
ENCFF823XXR	ENCFF823XXR	ENCSR545ADK	ENCSR111EIO	ChromBPNet	observed signal profile	bigWig	DNase-seq	none	uterus	uterus	uterus	reproductive-system	none	none	passed
ENCFF904BOO	ENCFF904BOO	ENCSR129BZE	ENCSR090OTQ	ChromBPNet	observed signal profile	bigWig	DNase-seq	none	uterus	uterus	uterus	reproductive-system	none	none	passed
