track_key	file_accession	experiment	model_accession	model	track_type	format	assay	target	biosample	tissue	organ	system	strand	score_type	qc_flag
ENCFF728SHP	ENCFF728SHP	ENCSR590KEQ	ENCSR728JEK	BPNet	sequence contribution scores counts	bigWig	ChIP-seq	ARNT	GM12878	cell-line	cell-line	cell-line	none	counts	passed
ENCFF155KRP	ENCFF155KRP	ENCSR760UKJ	ENCSR572ENG	BPNet	sequence contribution scores counts	bigWig	ChIP-seq	ARNT	HEK293T	cell-line	cell-line	cell-line	none	counts	passed
ENCFF262LRB	ENCFF262LRB	ENCSR267TGY	ENCSR041XVL	BPNet	sequence contribution scores counts	bigWig	ChIP-seq	ARNT2	HepG2	cell-line	cell-line	cell-line	none	counts	passed
ENCFF812DFK	ENCFF812DFK	ENCSR794LVK	ENCSR768KYM	BPNet	sequence contribution scores counts	bigWig	ChIP-seq	ARNTL	HepG2	cell-line	cell-line	cell-line	none	counts	passed
ENCFF064KJW	ENCFF064KJW	ENCSR949COJ	ENCSR195HNX	BPNet	sequence contribution scores counts	bigWig	ChIP-seq	ARNTL	SK-N-SH	cell-line	cell-line	cell-line	none	counts	passed
ENCFF618FCH	ENCFF618FCH	ENCSR253OON	ENCSR921NDS	BPNet	sequence contribution scores counts	bigWig	ChIP-seq	ATF1	HepG2	cell-line	cell-line	cell-line	none	counts	passed
ENCFF270EPY	ENCFF270EPY	ENCSR091GVJ	ENCSR901APQ	BPNet	sequence contribution scores counts	bigWig	ChIP-seq	ATF1	K562	cell-line	cell-line	cell-line	none	counts	passed
ENCFF441LSS	ENCFF441LSS	ENCSR000DNZ	ENCSR945EBR	BPNet	sequence contribution scores counts	bigWig	ChIP-seq	ATF1	K562	cell-line	cell-line	cell-line	none	counts	passed
ENCFF579MXV	ENCFF579MXV	ENCSR159OCC	ENCSR098GCX	BPNet	sequence contribution scores counts	bigWig	ChIP-seq	ATF1	K562	cell-line	cell-line	cell-line	none	counts	passed
ENCFF848IEA	ENCFF848IEA	ENCSR085XDP	ENCSR492OAC	BPNet	sequence contribution scores counts	bigWig	ChIP-seq	ATF1	K562	cell-line	cell-line	cell-line	none	counts	passed
ENCFF136XLH	ENCFF136XLH	ENCSR887VJM	ENCSR066VPU	BPNet	sequence contribution scores counts	bigWig	ChIP-seq	ATF1	WTC11	cell-line	cell-line	cell-line	none	counts	passed
ENCFF407BCH	ENCFF407BCH	ENCSR961PPA	ENCSR948FHI	BPNet	sequence contribution scores counts	bigWig	ChIP-seq	ATF2	GM12878	cell-line	cell-line	cell-line	none	counts	passed
ENCFF583ZKR	ENCFF583ZKR	ENCSR000BQK	ENCSR805HVX	BPNet	sequence contribution scores counts	bigWig	ChIP-seq	ATF2	GM12878	cell-line	cell-line	cell-line	none	counts	passed
ENCFF024XBY	ENCFF024XBY	ENCSR000BQU	ENCSR351BPK	BPNet	sequence contribution scores counts	bigWig	ChIP-seq	ATF2	H1	cell-line	cell-line	cell-line	none	counts	passed
ENCFF670GRF	ENCFF670GRF	ENCSR217HTK	ENCSR510IRZ	BPNet	sequence contribution scores counts	bigWig	ChIP-seq	ATF2	HEK293	cell-line	cell-line	cell-line	none	counts	passed
ENCFF072PAQ	ENCFF072PAQ	ENCSR047BUZ	ENCSR268FRB	BPNet	sequence contribution scores counts	bigWig	ChIP-seq	ATF2	HepG2	cell-line	cell-line	cell-line	none	counts	passed
ENCFF665JSR	ENCFF665JSR	ENCSR908HWZ	ENCSR290NUC	BPNet	sequence contribution scores counts	bigWig	ChIP-seq	ATF2	HepG2	cell-line	cell-line	cell-line	none	counts	passed
ENCFF316QBT	ENCFF316QBT	ENCSR869IUD	ENCSR762MDC	BPNet	sequence contribution scores counts	bigWig	ChIP-seq	ATF2	K562	cell-line	cell-line	cell-line	none	counts	passed
ENCFF749OOE	ENCFF749OOE	ENCSR014ARU	ENCSR329DYY	BPNet	sequence contribution scores counts	bigWig	ChIP-seq	ATF2	K562	cell-line	cell-line	cell-line	none	counts	passed
ENCFF388YGP	ENCFF388YGP	ENCSR000BPS	ENCSR473TBT	BPNet	sequence contribution scores counts	bigWig	ChIP-seq	ATF3	A549	cell-line	cell-line	cell-line	none	counts	passed
ENCFF695QDZ	ENCFF695QDZ	ENCSR000BKC	ENCSR957UER	BPNet	sequence contribution scores counts	bigWig	ChIP-seq	ATF3	H1	cell-line	cell-line	cell-line	none	counts	passed
ENCFF968SSP	ENCFF968SSP	ENCSR000BUG	ENCSR070KTD	BPNet	sequence contribution scores counts	bigWig	ChIP-seq	ATF3	HCT116	cell-line	cell-line	cell-line	none	counts	passed
ENCFF639TKO	ENCFF639TKO	ENCSR402ZCY	ENCSR295WDS	BPNet	sequence contribution scores counts	bigWig	ChIP-seq	ATF3	HepG2	cell-line	cell-line	cell-line	none	counts	passed
ENCFF847WXD	ENCFF847WXD	ENCSR000BKE	ENCSR469WUV	BPNet	sequence contribution scores counts	bigWig	ChIP-seq	ATF3	HepG2	cell-line	cell-line	cell-line	none	counts	passed
ENCFF326SHR	ENCFF326SHR	ENCSR000DOG	ENCSR171HUI	BPNet	sequence contribution scores counts	bigWig	ChIP-seq	ATF3	K562	cell-line	cell-line	cell-line	none	counts	passed
ENCFF630TKG	ENCFF630TKG	ENCSR028UIU	ENCSR405ECI	BPNet	sequence contribution scores counts	bigWig	ChIP-seq	ATF3	K562	cell-line	cell-line	cell-line	none	counts	passed
ENCFF699MVW	ENCFF699MVW	ENCSR000BNU	ENCSR938IXD	BPNet	sequence contribution scores counts	bigWig	ChIP-seq	ATF3	K562	cell-line	cell-line	cell-line	none	counts	passed
ENCFF782EAR	ENCFF782EAR	ENCSR632DCH	ENCSR697WUY	BPNet	sequence contribution scores counts	bigWig	ChIP-seq	ATF3	K562	cell-line	cell-line	cell-line	none	counts	passed
ENCFF673XZO	ENCFF673XZO	ENCSR480LIS	ENCSR899JOK	BPNet	sequence contribution scores counts	bigWig	ChIP-seq	ATF3	liver	liver	liver	digestive-system	none	counts	passed
ENCFF985LDU	ENCFF985LDU	ENCSR205FOW	ENCSR747WRJ	BPNet	sequence contribution scores counts	bigWig	ChIP-seq	ATF3	liver	liver	liver	digestive-system	none	counts	passed
ENCFF607NGR	ENCFF607NGR	ENCSR288ZFV	ENCSR541PJK	BPNet	sequence contribution scores counts	bigWig	ChIP-seq	ATF4	HepG2	cell-line	cell-line	cell-line	none	counts	passed
ENCFF776KFG	ENCFF776KFG	ENCSR803PAI	ENCSR800VEQ	BPNet	sequence contribution scores counts	bigWig	ChIP-seq	ATF4	HepG2	cell-line	cell-line	cell-line	none	counts	passed
ENCFF820BQS	ENCFF820BQS	ENCSR965SHB	ENCSR542HXB	BPNet	sequence contribution scores counts	bigWig	ChIP-seq	ATF4	HepG2	cell-line	cell-line	cell-line	none	counts	passed
ENCFF535CBO	ENCFF535CBO	ENCSR145TSJ	ENCSR254DFG	BPNet	sequence contribution scores counts	bigWig	ChIP-seq	ATF4	K562	cell-line	cell-line	cell-line	none	counts	passed
ENCFF609NWY	ENCFF609NWY	ENCSR044UJJ	ENCSR545YPY	BPNet	sequence contribution scores counts	bigWig	ChIP-seq	ATF4	K562	cell-line	cell-line	cell-line	none	counts	passed
ENCFF749SXK	ENCFF749SXK	ENCSR161CZA	ENCSR234UFS	BPNet	sequence contribution scores counts	bigWig	ChIP-seq	ATOH8	A549	cell-line	cell-line	cell-line	none	counts	passed
ENCFF144RTD	ENCFF144RTD	ENCSR636MKU	ENCSR478VGG	BPNet	sequence contribution scores counts	bigWig	ChIP-seq	BACH1	GM12878	cell-line	cell-line	cell-line	none	counts	passed
ENCFF488YUX	ENCFF488YUX	ENCSR000EGD	ENCSR326GUZ	BPNet	sequence contribution scores counts	bigWig	ChIP-seq	BACH1	K562	cell-line	cell-line	cell-line	none	counts	passed
ENCFF992FDO	ENCFF992FDO	ENCSR740NPG	ENCSR166BIR	BPNet	sequence contribution scores counts	bigWig	ChIP-seq	BACH1	K562	cell-line	cell-line	cell-line	none	counts	passed
ENCFF987XYW	ENCFF987XYW	ENCSR036THH	ENCSR467XIK	BPNet	sequence contribution scores counts	bigWig	ChIP-seq	BACH2	SK-N-SH	cell-line	cell-line	cell-line	none	counts	passed
ENCFF391WBB	ENCFF391WBB	ENCSR000BGT	ENCSR367ANH	BPNet	sequence contribution scores counts	bigWig	ChIP-seq	BATF	GM12878	cell-line	cell-line	cell-line	none	counts	passed
ENCFF244AXM	ENCFF244AXM	ENCSR507BRS	ENCSR611OLN	BPNet	sequence contribution scores counts	bigWig	ChIP-seq	BATF2	HepG2	cell-line	cell-line	cell-line	none	counts	passed
ENCFF126CJU	ENCFF126CJU	ENCSR000BHA	ENCSR683WNX	BPNet	sequence contribution scores counts	bigWig	ChIP-seq	BCL11A	GM12878	cell-line	cell-line	cell-line	none	counts	passed
ENCFF329GOX	ENCFF329GOX	ENCSR021DJC	ENCSR027OIP	BPNet	sequence contribution scores counts	bigWig	ChIP-seq	BCL11A	HEK293	cell-line	cell-line	cell-line	none	counts	passed
ENCFF860PPC	ENCFF860PPC	ENCSR770PQN	ENCSR676KNH	BPNet	sequence contribution scores counts	bigWig	ChIP-seq	BCL11B	HEK293	cell-line	cell-line	cell-line	none	counts	passed
ENCFF452QNY	ENCFF452QNY	ENCSR759BDG	ENCSR679ZPP	BPNet	sequence contribution scores counts	bigWig	ChIP-seq	BCL6	HepG2	cell-line	cell-line	cell-line	none	counts	passed
ENCFF061YWP	ENCFF061YWP	ENCSR673SGK	ENCSR317PHW	BPNet	sequence contribution scores counts	bigWig	ChIP-seq	BCL6B	HEK293	cell-line	cell-line	cell-line	none	counts	passed
ENCFF123UOM	ENCFF123UOM	ENCSR888QFJ	ENCSR298UPH	BPNet	sequence contribution scores counts	bigWig	ChIP-seq	BHLHA15	HepG2	cell-line	cell-line	cell-line	none	counts	passed
ENCFF396KBB	ENCFF396KBB	ENCSR000DYJ	ENCSR748VCW	BPNet	sequence contribution scores counts	bigWig	ChIP-seq	BHLHE40	A549	cell-line	cell-line	cell-line	none	counts	passed
ENCFF444IYT	ENCFF444IYT	ENCSR000DZJ	ENCSR239UVB	BPNet	sequence contribution scores counts	bigWig	ChIP-seq	BHLHE40	GM12878	cell-line	cell-line	cell-line	none	counts	passed
ENCFF634DMF	ENCFF634DMF	ENCSR987MTA	ENCSR342AKH	BPNet	sequence contribution scores counts	bigWig	ChIP-seq	BHLHE40	GM12878	cell-line	cell-line	cell-line	none	counts	passed
ENCFF405JKG	ENCFF405JKG	ENCSR000EDT	ENCSR185XMD	BPNet	sequence contribution scores counts	bigWig	ChIP-seq	BHLHE40	HepG2	cell-line	cell-line	cell-line	none	counts	passed
ENCFF637RMJ	ENCFF637RMJ	ENCSR000BID	ENCSR485MPU	BPNet	sequence contribution scores counts	bigWig	ChIP-seq	BHLHE40	HepG2	cell-line	cell-line	cell-line	none	counts	passed
ENCFF236UVM	ENCFF236UVM	ENCSR957KYB	ENCSR695LTU	BPNet	sequence contribution scores counts	bigWig	ChIP-seq	BHLHE40	IMR-90	cell-line	cell-line	cell-line	none	counts	passed
ENCFF939ODS	ENCFF939ODS	ENCSR000EGV	ENCSR789BUU	BPNet	sequence contribution scores counts	bigWig	ChIP-seq	BHLHE40	K562	cell-line	cell-line	cell-line	none	counts	passed
ENCFF437SGH	ENCFF437SGH	ENCSR754GYI	ENCSR103PKW	BPNet	sequence contribution scores counts	bigWig	ChIP-seq	BNC2	SK-N-SH	cell-line	cell-line	cell-line	none	counts	passed
ENCFF648KDM	ENCFF648KDM	ENCSR860UHK	ENCSR898TRL	BPNet	sequence contribution scores counts	bigWig	ChIP-seq	CBFB	GM12878	cell-line	cell-line	cell-line	none	counts	passed
ENCFF193HEI	ENCFF193HEI	ENCSR479RZV	ENCSR392OOL	BPNet	sequence contribution scores counts	bigWig	ChIP-seq	CBFB	HepG2	cell-line	cell-line	cell-line	none	counts	passed
ENCFF185PPL	ENCFF185PPL	ENCSR116NDV	ENCSR869FJD	BPNet	sequence contribution scores counts	bigWig	ChIP-seq	CBFB	K562	cell-line	cell-line	cell-line	none	counts	passed
ENCFF487CUF	ENCFF487CUF	ENCSR142IGM	ENCSR470KOS	BPNet	sequence contribution scores counts	bigWig	ChIP-seq	CEBPA	HepG2	cell-line	cell-line	cell-line	none	counts	passed
ENCFF106OHR	ENCFF106OHR	ENCSR299ILN	ENCSR484BEY	BPNet	sequence contribution scores counts	bigWig	ChIP-seq	CEBPB	A549	cell-line	cell-line	cell-line	none	counts	passed
ENCFF228FSZ	ENCFF228FSZ	ENCSR474DCX	ENCSR613GGY	BPNet	sequence contribution scores counts	bigWig	ChIP-seq	CEBPB	A549	cell-line	cell-line	cell-line	none	counts	passed
ENCFF355UEM	ENCFF355UEM	ENCSR447ZMS	ENCSR499GKM	BPNet	sequence contribution scores counts	bigWig	ChIP-seq	CEBPB	A549	cell-line	cell-line	cell-line	none	counts	passed
ENCFF429SDU	ENCFF429SDU	ENCSR190VMK	ENCSR193DUC	BPNet	sequence contribution scores counts	bigWig	ChIP-seq	CEBPB	A549	cell-line	cell-line	cell-line	none	counts	passed
ENCFF523FZI	ENCFF523FZI	ENCSR701TCU	ENCSR858CXQ	BPNet	sequence contribution scores counts	bigWig	ChIP-seq	CEBPB	A549	cell-line	cell-line	cell-line	none	counts	passed
ENCFF590JYD	ENCFF590JYD	ENCSR000DYI	ENCSR369ECF	BPNet	sequence contribution scores counts	bigWig	ChIP-seq	CEBPB	A549	cell-line	cell-line	cell-line	none	counts	passed
ENCFF594XJR	ENCFF594XJR	ENCSR606ZTC	ENCSR646YTU	BPNet	sequence contribution scores counts	bigWig	ChIP-seq	CEBPB	A549	cell-line	cell-line	cell-line	none	counts	passed
ENCFF629QCG	ENCFF629QCG	ENCSR216GEB	ENCSR837GTG	BPNet	sequence contribution scores counts	bigWig	ChIP-seq	CEBPB	A549	cell-line	cell-line	cell-line	none	counts	passed
ENCFF671ETW	ENCFF671ETW	ENCSR375BUB	ENCSR371YSK	BPNet	sequence contribution scores counts	bigWig	ChIP-seq	CEBPB	A549	cell-line	cell-line	cell-line	none	counts	passed
ENCFF677EOC	ENCFF677EOC	ENCSR752AQK	ENCSR592NTA	BPNet	sequence contribution scores counts	bigWig	ChIP-seq	CEBPB	A549	cell-line	cell-line	cell-line	none	counts	passed
ENCFF724RDG	ENCFF724RDG	ENCSR182OZC	ENCSR817FCW	BPNet	sequence contribution scores counts	bigWig	ChIP-seq	CEBPB	A549	cell-line	cell-line	cell-line	none	counts	passed
ENCFF770EYR	ENCFF770EYR	ENCSR000BUB	ENCSR532EMH	BPNet	sequence contribution scores counts	bigWig	ChIP-seq	CEBPB	A549	cell-line	cell-line	cell-line	none	counts	passed
ENCFF866DHH	ENCFF866DHH	ENCSR853DWE	ENCSR104TSU	BPNet	sequence contribution scores counts	bigWig	ChIP-seq	CEBPB	A549	cell-line	cell-line	cell-line	none	counts	passed
ENCFF931RWN	ENCFF931RWN	ENCSR269IUA	ENCSR354GWM	BPNet	sequence contribution scores counts	bigWig	ChIP-seq	CEBPB	A549	cell-line	cell-line	cell-line	none	counts	passed
ENCFF330XBQ	ENCFF330XBQ	ENCSR000BRX	ENCSR924MMU	BPNet	sequence contribution scores counts	bigWig	ChIP-seq	CEBPB	GM12878	cell-line	cell-line	cell-line	none	counts	passed
ENCFF711TNL	ENCFF711TNL	ENCSR000EBV	ENCSR108YJK	BPNet	sequence contribution scores counts	bigWig	ChIP-seq	CEBPB	H1	cell-line	cell-line	cell-line	none	counts	passed
ENCFF772IEO	ENCFF772IEO	ENCSR000BSD	ENCSR866PPS	BPNet	sequence contribution scores counts	bigWig	ChIP-seq	CEBPB	HCT116	cell-line	cell-line	cell-line	none	counts	passed
ENCFF281ARR	ENCFF281ARR	ENCSR000EDA	ENCSR401SDK	BPNet	sequence contribution scores counts	bigWig	ChIP-seq	CEBPB	HeLa-S3	cell-line	cell-line	cell-line	none	counts	passed
ENCFF448HRM	ENCFF448HRM	ENCSR000EEE	ENCSR130EWG	BPNet	sequence contribution scores counts	bigWig	ChIP-seq	CEBPB	HepG2	cell-line	cell-line	cell-line	none	counts	passed
ENCFF594COX	ENCFF594COX	ENCSR000EEX	ENCSR992MXV	BPNet	sequence contribution scores counts	bigWig	ChIP-seq	CEBPB	HepG2	cell-line	cell-line	cell-line	none	counts	passed
ENCFF663SCS	ENCFF663SCS	ENCSR000BQI	ENCSR191MIR	BPNet	sequence contribution scores counts	bigWig	ChIP-seq	CEBPB	HepG2	cell-line	cell-line	cell-line	none	counts	passed
ENCFF361GGF	ENCFF361GGF	ENCSR000EFM	ENCSR585GEN	BPNet	sequence contribution scores counts	bigWig	ChIP-seq	CEBPB	IMR-90	cell-line	cell-line	cell-line	none	counts	passed
ENCFF575RHU	ENCFF575RHU	ENCSR000BTT	ENCSR373YBM	BPNet	sequence contribution scores counts	bigWig	ChIP-seq	CEBPB	Ishikawa	cell-line	cell-line	cell-line	none	counts	passed
ENCFF535BLQ	ENCFF535BLQ	ENCSR000BRQ	ENCSR073GKS	BPNet	sequence contribution scores counts	bigWig	ChIP-seq	CEBPB	K562	cell-line	cell-line	cell-line	none	counts	passed
ENCFF629RDN	ENCFF629RDN	ENCSR000EHE	ENCSR613ADC	BPNet	sequence contribution scores counts	bigWig	ChIP-seq	CEBPB	K562	cell-line	cell-line	cell-line	none	counts	passed
ENCFF771RVH	ENCFF771RVH	ENCSR416QLJ	ENCSR700UVP	BPNet	sequence contribution scores counts	bigWig	ChIP-seq	CEBPB	K562	cell-line	cell-line	cell-line	none	counts	passed
ENCFF941WIF	ENCFF941WIF	ENCSR000BSR	ENCSR389GZV	BPNet	sequence contribution scores counts	bigWig	ChIP-seq	CEBPB	MCF-7	cell-line	cell-line	cell-line	none	counts	passed
ENCFF134JUZ	ENCFF134JUZ	ENCSR520MCD	ENCSR607OUC	BPNet	sequence contribution scores counts	bigWig	ChIP-seq	CEBPD	HepG2	cell-line	cell-line	cell-line	none	counts	passed
ENCFF294SFP	ENCFF294SFP	ENCSR639IIZ	ENCSR251BTR	BPNet	sequence contribution scores counts	bigWig	ChIP-seq	CEBPG	HepG2	cell-line	cell-line	cell-line	none	counts	passed
ENCFF067KSQ	ENCFF067KSQ	ENCSR058DRG	ENCSR311RPM	BPNet	sequence contribution scores counts	bigWig	ChIP-seq	CEBPG	K562	cell-line	cell-line	cell-line	none	counts	passed
ENCFF714MRT	ENCFF714MRT	ENCSR620VIC	ENCSR136AYM	BPNet	sequence contribution scores counts	bigWig	ChIP-seq	CEBPG	K562	cell-line	cell-line	cell-line	none	counts	passed
ENCFF899GAY	ENCFF899GAY	ENCSR490LWA	ENCSR228BHD	BPNet	sequence contribution scores counts	bigWig	ChIP-seq	CEBPG	K562	cell-line	cell-line	cell-line	none	counts	passed
ENCFF779IPM	ENCFF779IPM	ENCSR094ZCF	ENCSR699NDH	BPNet	sequence contribution scores counts	bigWig	ChIP-seq	CEBPG	MCF-7	cell-line	cell-line	cell-line	none	counts	passed
ENCFF809VXR	ENCFF809VXR	ENCSR228OQM	ENCSR652BKL	BPNet	sequence contribution scores counts	bigWig	ChIP-seq	CLOCK	K562	cell-line	cell-line	cell-line	none	counts	passed
ENCFF216OFP	ENCFF216OFP	ENCSR934JDG	ENCSR223EKK	BPNet	sequence contribution scores counts	bigWig	ChIP-seq	CLOCK	MCF-7	cell-line	cell-line	cell-line	none	counts	passed
ENCFF413JLK	ENCFF413JLK	ENCSR699YFX	ENCSR259WPF	BPNet	sequence contribution scores counts	bigWig	ChIP-seq	CLOCK	MCF-7	cell-line	cell-line	cell-line	none	counts	passed
ENCFF205CLU	ENCFF205CLU	ENCSR000BRA	ENCSR142HMT	BPNet	sequence contribution scores counts	bigWig	ChIP-seq	CREB1	A549	cell-line	cell-line	cell-line	none	counts	passed
ENCFF935UPT	ENCFF935UPT	ENCSR000BUF	ENCSR386RTL	BPNet	sequence contribution scores counts	bigWig	ChIP-seq	CREB1	GM12878	cell-line	cell-line	cell-line	none	counts	passed
ENCFF085ZMG	ENCFF085ZMG	ENCSR214ZAV	ENCSR854EDY	BPNet	sequence contribution scores counts	bigWig	ChIP-seq	CREB1	GM23338	cell-line	cell-line	cell-line	none	counts	passed
ENCFF775VUD	ENCFF775VUD	ENCSR000BSN	ENCSR068UQY	BPNet	sequence contribution scores counts	bigWig	ChIP-seq	CREB1	H1	cell-line	cell-line	cell-line	none	counts	passed
ENCFF177XLG	ENCFF177XLG	ENCSR000BVL	ENCSR546LCZ	BPNet	sequence contribution scores counts	bigWig	ChIP-seq	CREB1	HepG2	cell-line	cell-line	cell-line	none	counts	passed
ENCFF467VKC	ENCFF467VKC	ENCSR331ORD	ENCSR983YAI	BPNet	sequence contribution scores counts	bigWig	ChIP-seq	CREB1	HepG2	cell-line	cell-line	cell-line	none	counts	passed
ENCFF592DIK	ENCFF592DIK	ENCSR112ALD	ENCSR590FMJ	BPNet	sequence contribution scores counts	bigWig	ChIP-seq	CREB1	HepG2	cell-line	cell-line	cell-line	none	counts	passed
ENCFF237QRQ	ENCFF237QRQ	ENCSR000BUR	ENCSR101JSJ	BPNet	sequence contribution scores counts	bigWig	ChIP-seq	CREB1	Ishikawa	cell-line	cell-line	cell-line	none	counts	passed
ENCFF163YYQ	ENCFF163YYQ	ENCSR471WXT	ENCSR908WRX	BPNet	sequence contribution scores counts	bigWig	ChIP-seq	CREB1	K562	cell-line	cell-line	cell-line	none	counts	passed
ENCFF812JVZ	ENCFF812JVZ	ENCSR000BSO	ENCSR159GCM	BPNet	sequence contribution scores counts	bigWig	ChIP-seq	CREB1	K562	cell-line	cell-line	cell-line	none	counts	passed
ENCFF326MNG	ENCFF326MNG	ENCSR897JAS	ENCSR087LYI	BPNet	sequence contribution scores counts	bigWig	ChIP-seq	CREB1	MCF-7	cell-line	cell-line	cell-line	none	counts	passed
ENCFF619FGV	ENCFF619FGV	ENCSR620DUQ	ENCSR292IHN	BPNet	sequence contribution scores counts	bigWig	ChIP-seq	CREB1	MCF-7	cell-line	cell-line	cell-line	none	counts	passed
ENCFF967FME	ENCFF967FME	ENCSR855XFL	ENCSR193GDX	BPNet	sequence contribution scores counts	bigWig	ChIP-seq	CREB3	HepG2	cell-line	cell-line	cell-line	none	counts	passed
ENCFF039GMW	ENCFF039GMW	ENCSR093FKD	ENCSR406DVL	BPNet	sequence contribution scores counts	bigWig	ChIP-seq	CREB3	K562	cell-line	cell-line	cell-line	none	counts	passed
ENCFF620JCI	ENCFF620JCI	ENCSR109YGM	ENCSR658LOZ	BPNet	sequence contribution scores counts	bigWig	ChIP-seq	CREB3L1	K562	cell-line	cell-line	cell-line	none	counts	passed
ENCFF901XUM	ENCFF901XUM	ENCSR935PEA	ENCSR900VOQ	BPNet	sequence contribution scores counts	bigWig	ChIP-seq	CREB5	K562	cell-line	cell-line	cell-line	none	counts	passed
ENCFF746BTA	ENCFF746BTA	ENCSR758GOA	ENCSR254GJX	BPNet	sequence contribution scores counts	bigWig	ChIP-seq	CREB5	SK-N-SH	cell-line	cell-line	cell-line	none	counts	passed
ENCFF622NYO	ENCFF622NYO	ENCSR237OGW	ENCSR598TKV	BPNet	sequence contribution scores counts	bigWig	ChIP-seq	CREBL2	HepG2	cell-line	cell-line	cell-line	none	counts	passed
ENCFF020ANB	ENCFF020ANB	ENCSR839XZU	ENCSR016SWO	BPNet	sequence contribution scores counts	bigWig	ChIP-seq	CREM	GM12878	cell-line	cell-line	cell-line	none	counts	passed
ENCFF084CJI	ENCFF084CJI	ENCSR903ELW	ENCSR683NNE	BPNet	sequence contribution scores counts	bigWig	ChIP-seq	CREM	HepG2	cell-line	cell-line	cell-line	none	counts	passed
ENCFF583PMJ	ENCFF583PMJ	ENCSR799FCZ	ENCSR278LKR	BPNet	sequence contribution scores counts	bigWig	ChIP-seq	CREM	HepG2	cell-line	cell-line	cell-line	none	counts	passed
ENCFF957NHM	ENCFF957NHM	ENCSR077DKV	ENCSR048MNW	BPNet	sequence contribution scores counts	bigWig	ChIP-seq	CREM	K562	cell-line	cell-line	cell-line	none	counts	passed
ENCFF772CEU	ENCFF772CEU	ENCSR564TIP	ENCSR081VHO	BPNet	sequence contribution scores counts	bigWig	ChIP-seq	CREM	WTC11	cell-line	cell-line	cell-line	none	counts	passed
ENCFF368FDA	ENCFF368FDA	ENCSR857PBV	ENCSR489YNA	BPNet	sequence contribution scores counts	bigWig	ChIP-seq	CTCF	22Rv1	cell-line	cell-line	cell-line	none	counts	passed
ENCFF971UWW	ENCFF971UWW	ENCSR847XGE	ENCSR050LLD	BPNet	sequence contribution scores counts	bigWig	ChIP-seq	CTCF	22Rv1	cell-line	cell-line	cell-line	none	counts	passed
ENCFF011SGF	ENCFF011SGF	ENCSR000AUF	ENCSR460WLC	BPNet	sequence contribution scores counts	bigWig	ChIP-seq	CTCF	A549	cell-line	cell-line	cell-line	none	counts	passed
ENCFF092UYR	ENCFF092UYR	ENCSR414CQB	ENCSR308BOQ	BPNet	sequence contribution scores counts	bigWig	ChIP-seq	CTCF	A549	cell-line	cell-line	cell-line	none	counts	passed
ENCFF163GVT	ENCFF163GVT	ENCSR336VBV	ENCSR079ECO	BPNet	sequence contribution scores counts	bigWig	ChIP-seq	CTCF	A549	cell-line	cell-line	cell-line	none	counts	passed
ENCFF163HKE	ENCFF163HKE	ENCSR000DPF	ENCSR129HIU	BPNet	sequence contribution scores counts	bigWig	ChIP-seq	CTCF	A549	cell-line	cell-line	cell-line	none	counts	passed
ENCFF177JPG	ENCFF177JPG	ENCSR876UZD	ENCSR130FCJ	BPNet	sequence contribution scores counts	bigWig	ChIP-seq	CTCF	A549	cell-line	cell-line	cell-line	none	counts	passed
ENCFF312ZDF	ENCFF312ZDF	ENCSR130TQM	ENCSR832RWD	BPNet	sequence contribution scores counts	bigWig	ChIP-seq	CTCF	A549	cell-line	cell-line	cell-line	none	counts	passed
ENCFF316BPH	ENCFF316BPH	ENCSR553UWG	ENCSR911PNG	BPNet	sequence contribution scores counts	bigWig	ChIP-seq	CTCF	A549	cell-line	cell-line	cell-line	none	counts	passed
ENCFF360PCW	ENCFF360PCW	ENCSR000BHV	ENCSR546FWR	BPNet	sequence contribution scores counts	bigWig	ChIP-seq	CTCF	A549	cell-line	cell-line	cell-line	none	counts	passed
ENCFF468QFH	ENCFF468QFH	ENCSR851SOK	ENCSR537HTN	BPNet	sequence contribution scores counts	bigWig	ChIP-seq	CTCF	A549	cell-line	cell-line	cell-line	none	counts	passed
ENCFF549QXJ	ENCFF549QXJ	ENCSR000BHW	ENCSR103KFR	BPNet	sequence contribution scores counts	bigWig	ChIP-seq	CTCF	A549	cell-line	cell-line	cell-line	none	counts	passed
ENCFF553TZV	ENCFF553TZV	ENCSR000DYD	ENCSR702YGF	BPNet	sequence contribution scores counts	bigWig	ChIP-seq	CTCF	A549	cell-line	cell-line	cell-line	none	counts	passed
ENCFF584ZWX	ENCFF584ZWX	ENCSR384KPP	ENCSR276DUH	BPNet	sequence contribution scores counts	bigWig	ChIP-seq	CTCF	A549	cell-line	cell-line	cell-line	none	counts	passed
ENCFF639GVL	ENCFF639GVL	ENCSR249JOH	ENCSR725HHO	BPNet	sequence contribution scores counts	bigWig	ChIP-seq	CTCF	A549	cell-line	cell-line	cell-line	none	counts	passed
ENCFF661MXR	ENCFF661MXR	ENCSR173IEA	ENCSR766KYD	BPNet	sequence contribution scores counts	bigWig	ChIP-seq	CTCF	A549	cell-line	cell-line	cell-line	none	counts	passed
ENCFF700MPZ	ENCFF700MPZ	ENCSR000AUE	ENCSR762DDL	BPNet	sequence contribution scores counts	bigWig	ChIP-seq	CTCF	A549	cell-line	cell-line	cell-line	none	counts	passed
ENCFF762KZH	ENCFF762KZH	ENCSR432AXE	ENCSR972KHT	BPNet	sequence contribution scores counts	bigWig	ChIP-seq	CTCF	A549	cell-line	cell-line	cell-line	none	counts	passed
ENCFF891DSM	ENCFF891DSM	ENCSR000DNA	ENCSR006HEA	BPNet	sequence contribution scores counts	bigWig	ChIP-seq	CTCF	A549	cell-line	cell-line	cell-line	none	counts	passed
ENCFF900WDR	ENCFF900WDR	ENCSR287UXS	ENCSR022WFB	BPNet	sequence contribution scores counts	bigWig	ChIP-seq	CTCF	A549	cell-line	cell-line	cell-line	none	counts	passed
ENCFF951PTR	ENCFF951PTR	ENCSR035OXA	ENCSR124VGY	BPNet	sequence contribution scores counts	bigWig	ChIP-seq	CTCF	A549	cell-line	cell-line	cell-line	none	counts	passed
ENCFF977JSP	ENCFF977JSP	ENCSR611JJS	ENCSR920OKJ	BPNet	sequence contribution scores counts	bigWig	ChIP-seq	CTCF	A673	cell-line	cell-line	cell-line	none	counts	passed
ENCFF390RNB	ENCFF390RNB	ENCSR000DPG	ENCSR378SIR	BPNet	sequence contribution scores counts	bigWig	ChIP-seq	CTCF	AG04449	cell-line	cell-line	cell-line	none	counts	passed
ENCFF842NIB	ENCFF842NIB	ENCSR000DPM	ENCSR853WQB	BPNet	sequence contribution scores counts	bigWig	ChIP-seq	CTCF	AG04450	cell-line	cell-line	cell-line	none	counts	passed
ENCFF904HYF	ENCFF904HYF	ENCSR000DPP	ENCSR909PCF	BPNet	sequence contribution scores counts	bigWig	ChIP-seq	CTCF	AG09309	cell-line	cell-line	cell-line	none	counts	passed
ENCFF669LDT	ENCFF669LDT	ENCSR000DPS	ENCSR681HNW	BPNet	sequence contribution scores counts	bigWig	ChIP-seq	CTCF	AG09319	cell-line	cell-line	cell-line	none	counts	passed
ENCFF228FFT	ENCFF228FFT	ENCSR000DPV	ENCSR945LOE	BPNet	sequence contribution scores counts	bigWig	ChIP-seq	CTCF	AG10803	cell-line	cell-line	cell-line	none	counts	passed
ENCFF067DTX	ENCFF067DTX	ENCSR075NRV	ENCSR589SIZ	BPNet	sequence contribution scores counts	bigWig	ChIP-seq	CTCF	B-cell	b-cell	immune	immune-system	none	counts	passed
ENCFF846SUZ	ENCFF846SUZ	ENCSR000AUV	ENCSR703RYO	BPNet	sequence contribution scores counts	bigWig	ChIP-seq	CTCF	B-cell	b-cell	immune	immune-system	none	counts	passed
ENCFF617CCR	ENCFF617CCR	ENCSR000DQD	ENCSR809LZD	BPNet	sequence contribution scores counts	bigWig	ChIP-seq	CTCF	BE2C	cell-line	cell-line	cell-line	none	counts	passed
ENCFF609IUR	ENCFF609IUR	ENCSR000DQI	ENCSR396FYG	BPNet	sequence contribution scores counts	bigWig	ChIP-seq	CTCF	BJ	cell-line	cell-line	cell-line	none	counts	passed
ENCFF575FJK	ENCFF575FJK	ENCSR460LGH	ENCSR097TEU	BPNet	sequence contribution scores counts	bigWig	ChIP-seq	CTCF	C4-2B	cell-line	cell-line	cell-line	none	counts	passed
ENCFF590MTK	ENCFF590MTK	ENCSR162KZY	ENCSR644MSL	BPNet	sequence contribution scores counts	bigWig	ChIP-seq	CTCF	CD14-positive-monocyte	cd	immune	immune-system	none	counts	passed
ENCFF670VGF	ENCFF670VGF	ENCSR000ATN	ENCSR973TTH	BPNet	sequence contribution scores counts	bigWig	ChIP-seq	CTCF	CD14-positive-monocyte	cd	immune	immune-system	none	counts	passed
ENCFF840CKJ	ENCFF840CKJ	ENCSR470KCE	ENCSR110MUG	BPNet	sequence contribution scores counts	bigWig	ChIP-seq	CTCF	CD4-positive,-alpha-beta-T-cell	t-cell	immune	immune-system	none	counts	passed
ENCFF212GPJ	ENCFF212GPJ	ENCSR116AKQ	ENCSR301ZKN	BPNet	sequence contribution scores counts	bigWig	ChIP-seq	CTCF	CD8-positive,-alpha-beta-T-cell	t-cell	immune	immune-system	none	counts	passed
ENCFF377EBA	ENCFF377EBA	ENCSR961IOA	ENCSR990LSR	BPNet	sequence contribution scores counts	bigWig	ChIP-seq	CTCF	Caco-2	cell-line	cell-line	cell-line	none	counts	passed
ENCFF764ALD	ENCFF764ALD	ENCSR000DQN	ENCSR832NEH	BPNet	sequence contribution scores counts	bigWig	ChIP-seq	CTCF	Caco-2	cell-line	cell-line	cell-line	none	counts	passed
ENCFF045TZD	ENCFF045TZD	ENCSR921ERP	ENCSR429DFS	BPNet	sequence contribution scores counts	bigWig	ChIP-seq	CTCF	Calu3	cell-line	cell-line	cell-line	none	counts	passed
ENCFF798SLR	ENCFF798SLR	ENCSR000DMY	ENCSR144FRI	BPNet	sequence contribution scores counts	bigWig	ChIP-seq	CTCF	D721Med	cell-line	cell-line	cell-line	none	counts	passed
ENCFF367POX	ENCFF367POX	ENCSR000AQU	ENCSR804TKE	BPNet	sequence contribution scores counts	bigWig	ChIP-seq	CTCF	DND-41	cell-line	cell-line	cell-line	none	counts	passed
ENCFF968YNN	ENCFF968YNN	ENCSR084RDK	ENCSR151HUS	BPNet	sequence contribution scores counts	bigWig	ChIP-seq	CTCF	DOHH2	cell-line	cell-line	cell-line	none	counts	passed
ENCFF203STZ	ENCFF203STZ	ENCSR000DQW	ENCSR734CVF	BPNet	sequence contribution scores counts	bigWig	ChIP-seq	CTCF	GM06990	cell-line	cell-line	cell-line	none	counts	passed
ENCFF746MMA	ENCFF746MMA	ENCSR000DKP	ENCSR737MKU	BPNet	sequence contribution scores counts	bigWig	ChIP-seq	CTCF	GM10248	cell-line	cell-line	cell-line	none	counts	passed
ENCFF100ECR	ENCFF100ECR	ENCSR000DKR	ENCSR678ZBU	BPNet	sequence contribution scores counts	bigWig	ChIP-seq	CTCF	GM10266	cell-line	cell-line	cell-line	none	counts	passed
ENCFF703CBM	ENCFF703CBM	ENCSR000DRB	ENCSR838GVN	BPNet	sequence contribution scores counts	bigWig	ChIP-seq	CTCF	GM12864	cell-line	cell-line	cell-line	none	counts	passed
ENCFF207KJQ	ENCFF207KJQ	ENCSR000DRE	ENCSR328AFR	BPNet	sequence contribution scores counts	bigWig	ChIP-seq	CTCF	GM12865	cell-line	cell-line	cell-line	none	counts	passed
ENCFF508QSS	ENCFF508QSS	ENCSR000DRN	ENCSR423ZAB	BPNet	sequence contribution scores counts	bigWig	ChIP-seq	CTCF	GM12872	cell-line	cell-line	cell-line	none	counts	passed
ENCFF747PKO	ENCFF747PKO	ENCSR000DRP	ENCSR268ALZ	BPNet	sequence contribution scores counts	bigWig	ChIP-seq	CTCF	GM12873	cell-line	cell-line	cell-line	none	counts	passed
ENCFF587SIT	ENCFF587SIT	ENCSR000DRR	ENCSR660QIG	BPNet	sequence contribution scores counts	bigWig	ChIP-seq	CTCF	GM12874	cell-line	cell-line	cell-line	none	counts	passed
ENCFF682ZTM	ENCFF682ZTM	ENCSR000DRU	ENCSR803FJZ	BPNet	sequence contribution scores counts	bigWig	ChIP-seq	CTCF	GM12875	cell-line	cell-line	cell-line	none	counts	passed
ENCFF244OSN	ENCFF244OSN	ENCSR000DKV	ENCSR991FIE	BPNet	sequence contribution scores counts	bigWig	ChIP-seq	CTCF	GM12878	cell-line	cell-line	cell-line	none	counts	passed
ENCFF557KPF	ENCFF557KPF	ENCSR000DRZ	ENCSR079TDJ	BPNet	sequence contribution scores counts	bigWig	ChIP-seq	CTCF	GM12878	cell-line	cell-line	cell-line	none	counts	passed
ENCFF660KVY	ENCFF660KVY	ENCSR000DZN	ENCSR419MKE	BPNet	sequence contribution scores counts	bigWig	ChIP-seq	CTCF	GM12878	cell-line	cell-line	cell-line	none	counts	passed
ENCFF858IEX	ENCFF858IEX	ENCSR000AKB	ENCSR828JES	BPNet	sequence contribution scores counts	bigWig	ChIP-seq	CTCF	GM12878	cell-line	cell-line	cell-line	none	counts	passed
ENCFF985ELZ	ENCFF985ELZ	ENCSR000DKZ	ENCSR203ACM	BPNet	sequence contribution scores counts	bigWig	ChIP-seq	CTCF	GM13976	cell-line	cell-line	cell-line	none	counts	passed
ENCFF627FNE	ENCFF627FNE	ENCSR000DLB	ENCSR184UDP	BPNet	sequence contribution scores counts	bigWig	ChIP-seq	CTCF	GM13977	cell-line	cell-line	cell-line	none	counts	passed
ENCFF085LDE	ENCFF085LDE	ENCSR000DLG	ENCSR625FMQ	BPNet	sequence contribution scores counts	bigWig	ChIP-seq	CTCF	GM20000	cell-line	cell-line	cell-line	none	counts	passed
ENCFF292BLX	ENCFF292BLX	ENCSR932ZMX	ENCSR861XDX	BPNet	sequence contribution scores counts	bigWig	ChIP-seq	CTCF	GM23338	cell-line	cell-line	cell-line	none	counts	passed
ENCFF363SUU	ENCFF363SUU	ENCSR987GXT	ENCSR623FBO	BPNet	sequence contribution scores counts	bigWig	ChIP-seq	CTCF	GM23338	cell-line	cell-line	cell-line	none	counts	passed
ENCFF541PVS	ENCFF541PVS	ENCSR611HGB	ENCSR014TCF	BPNet	sequence contribution scores counts	bigWig	ChIP-seq	CTCF	GM23338	cell-line	cell-line	cell-line	none	counts	passed
ENCFF112EPI	ENCFF112EPI	ENCSR000BNH	ENCSR564EWM	BPNet	sequence contribution scores counts	bigWig	ChIP-seq	CTCF	H1	cell-line	cell-line	cell-line	none	counts	passed
ENCFF908LBW	ENCFF908LBW	ENCSR000DLK	ENCSR951XDR	BPNet	sequence contribution scores counts	bigWig	ChIP-seq	CTCF	H1	cell-line	cell-line	cell-line	none	counts	passed
ENCFF965KBQ	ENCFF965KBQ	ENCSR000AMF	ENCSR388MGB	BPNet	sequence contribution scores counts	bigWig	ChIP-seq	CTCF	H1	cell-line	cell-line	cell-line	none	counts	passed
ENCFF327IGN	ENCFF327IGN	ENCSR000DKN	ENCSR334UTF	BPNet	sequence contribution scores counts	bigWig	ChIP-seq	CTCF	H54	cell-line	cell-line	cell-line	none	counts	passed
ENCFF319WXN	ENCFF319WXN	ENCSR871MKQ	ENCSR047KAE	BPNet	sequence contribution scores counts	bigWig	ChIP-seq	CTCF	H9	cell-line	cell-line	cell-line	none	counts	passed
ENCFF056OXQ	ENCFF056OXQ	ENCSR240PRQ	ENCSR414BOR	BPNet	sequence contribution scores counts	bigWig	ChIP-seq	CTCF	HCT116	cell-line	cell-line	cell-line	none	counts	passed
ENCFF112ADF	ENCFF112ADF	ENCSR048RGR	ENCSR122FGV	BPNet	sequence contribution scores counts	bigWig	ChIP-seq	CTCF	HCT116	cell-line	cell-line	cell-line	none	counts	passed
ENCFF167GST	ENCFF167GST	ENCSR450DXU	ENCSR808TEA	BPNet	sequence contribution scores counts	bigWig	ChIP-seq	CTCF	HCT116	cell-line	cell-line	cell-line	none	counts	passed
ENCFF183RBS	ENCFF183RBS	ENCSR385CDF	ENCSR991MUU	BPNet	sequence contribution scores counts	bigWig	ChIP-seq	CTCF	HCT116	cell-line	cell-line	cell-line	none	counts	passed
ENCFF192KOQ	ENCFF192KOQ	ENCSR979ZEO	ENCSR458KCW	BPNet	sequence contribution scores counts	bigWig	ChIP-seq	CTCF	HCT116	cell-line	cell-line	cell-line	none	counts	passed
ENCFF198XXN	ENCFF198XXN	ENCSR160GVO	ENCSR212VCX	BPNet	sequence contribution scores counts	bigWig	ChIP-seq	CTCF	HCT116	cell-line	cell-line	cell-line	none	counts	passed
ENCFF237ULZ	ENCFF237ULZ	ENCSR341OQG	ENCSR326PBH	BPNet	sequence contribution scores counts	bigWig	ChIP-seq	CTCF	HCT116	cell-line	cell-line	cell-line	none	counts	passed
ENCFF261BID	ENCFF261BID	ENCSR107GWZ	ENCSR809QEU	BPNet	sequence contribution scores counts	bigWig	ChIP-seq	CTCF	HCT116	cell-line	cell-line	cell-line	none	counts	passed
ENCFF267AXH	ENCFF267AXH	ENCSR446FOM	ENCSR450FNU	BPNet	sequence contribution scores counts	bigWig	ChIP-seq	CTCF	HCT116	cell-line	cell-line	cell-line	none	counts	passed
ENCFF303VCH	ENCFF303VCH	ENCSR352EIC	ENCSR635JNK	BPNet	sequence contribution scores counts	bigWig	ChIP-seq	CTCF	HCT116	cell-line	cell-line	cell-line	none	counts	passed
ENCFF311UXM	ENCFF311UXM	ENCSR216SIK	ENCSR446GUY	BPNet	sequence contribution scores counts	bigWig	ChIP-seq	CTCF	HCT116	cell-line	cell-line	cell-line	none	counts	passed
ENCFF346JLK	ENCFF346JLK	ENCSR059BCO	ENCSR007ULB	BPNet	sequence contribution scores counts	bigWig	ChIP-seq	CTCF	HCT116	cell-line	cell-line	cell-line	none	counts	passed
ENCFF550VVV	ENCFF550VVV	ENCSR954MUZ	ENCSR522YJE	BPNet	sequence contribution scores counts	bigWig	ChIP-seq	CTCF	HCT116	cell-line	cell-line	cell-line	none	counts	passed
ENCFF703FDP	ENCFF703FDP	ENCSR000BSE	ENCSR411AQS	BPNet	sequence contribution scores counts	bigWig	ChIP-seq	CTCF	HCT116	cell-line	cell-line	cell-line	none	counts	passed
ENCFF768XRJ	ENCFF768XRJ	ENCSR597TGH	ENCSR987ARI	BPNet	sequence contribution scores counts	bigWig	ChIP-seq	CTCF	HCT116	cell-line	cell-line	cell-line	none	counts	passed
ENCFF772WNB	ENCFF772WNB	ENCSR908TBJ	ENCSR837PNF	BPNet	sequence contribution scores counts	bigWig	ChIP-seq	CTCF	HCT116	cell-line	cell-line	cell-line	none	counts	passed
ENCFF820UXM	ENCFF820UXM	ENCSR671ITY	ENCSR053AKB	BPNet	sequence contribution scores counts	bigWig	ChIP-seq	CTCF	HCT116	cell-line	cell-line	cell-line	none	counts	passed
ENCFF947MVO	ENCFF947MVO	ENCSR288YJL	ENCSR824RSD	BPNet	sequence contribution scores counts	bigWig	ChIP-seq	CTCF	HCT116	cell-line	cell-line	cell-line	none	counts	passed
ENCFF983BEZ	ENCFF983BEZ	ENCSR000DTO	ENCSR479EDA	BPNet	sequence contribution scores counts	bigWig	ChIP-seq	CTCF	HCT116	cell-line	cell-line	cell-line	none	counts	passed
ENCFF257DLK	ENCFF257DLK	ENCSR000DTW	ENCSR937GND	BPNet	sequence contribution scores counts	bigWig	ChIP-seq	CTCF	HEK293	cell-line	cell-line	cell-line	none	counts	passed
ENCFF532HKD	ENCFF532HKD	ENCSR617IFZ	ENCSR468NBS	BPNet	sequence contribution scores counts	bigWig	ChIP-seq	CTCF	HEK293	cell-line	cell-line	cell-line	none	counts	passed
ENCFF878FNU	ENCFF878FNU	ENCSR000DUM	ENCSR868VBN	BPNet	sequence contribution scores counts	bigWig	ChIP-seq	CTCF	HFF-Myc	cell-line	cell-line	cell-line	none	counts	passed
ENCFF774UTJ	ENCFF774UTJ	ENCSR163ULN	ENCSR395UKF	BPNet	sequence contribution scores counts	bigWig	ChIP-seq	CTCF	HFFc6	cell-line	cell-line	cell-line	none	counts	passed
ENCFF757ZUO	ENCFF757ZUO	ENCSR000DUP	ENCSR275BLH	BPNet	sequence contribution scores counts	bigWig	ChIP-seq	CTCF	HL-60	cell-line	cell-line	cell-line	none	counts	passed
ENCFF320EQE	ENCFF320EQE	ENCSR000DLO	ENCSR971MHL	BPNet	sequence contribution scores counts	bigWig	ChIP-seq	CTCF	HeLa-S3	cell-line	cell-line	cell-line	none	counts	passed
ENCFF741XJB	ENCFF741XJB	ENCSR000AOA	ENCSR052JJA	BPNet	sequence contribution scores counts	bigWig	ChIP-seq	CTCF	HeLa-S3	cell-line	cell-line	cell-line	none	counts	passed
ENCFF932ARG	ENCFF932ARG	ENCSR000DUB	ENCSR351FAH	BPNet	sequence contribution scores counts	bigWig	ChIP-seq	CTCF	HeLa-S3	cell-line	cell-line	cell-line	none	counts	passed
ENCFF447WVR	ENCFF447WVR	ENCSR607XFI	ENCSR019KHO	BPNet	sequence contribution scores counts	bigWig	ChIP-seq	CTCF	HepG2	cell-line	cell-line	cell-line	none	counts	passed
ENCFF666HMG	ENCFF666HMG	ENCSR000AMA	ENCSR999XPW	BPNet	sequence contribution scores counts	bigWig	ChIP-seq	CTCF	HepG2	cell-line	cell-line	cell-line	none	counts	passed
ENCFF689OIX	ENCFF689OIX	ENCSR000DLS	ENCSR393NEE	BPNet	sequence contribution scores counts	bigWig	ChIP-seq	CTCF	HepG2	cell-line	cell-line	cell-line	none	counts	passed
ENCFF694XDV	ENCFF694XDV	ENCSR000DUG	ENCSR314HTI	BPNet	sequence contribution scores counts	bigWig	ChIP-seq	CTCF	HepG2	cell-line	cell-line	cell-line	none	counts	passed
ENCFF707JZM	ENCFF707JZM	ENCSR000BIE	ENCSR810FHL	BPNet	sequence contribution scores counts	bigWig	ChIP-seq	CTCF	HepG2	cell-line	cell-line	cell-line	none	counts	passed
ENCFF581BEK	ENCFF581BEK	ENCSR000EFI	ENCSR691RJO	BPNet	sequence contribution scores counts	bigWig	ChIP-seq	CTCF	IMR-90	cell-line	cell-line	cell-line	none	counts	passed
ENCFF663XUK	ENCFF663XUK	ENCSR000BQE	ENCSR417SZU	BPNet	sequence contribution scores counts	bigWig	ChIP-seq	CTCF	Ishikawa	cell-line	cell-line	cell-line	none	counts	passed
ENCFF041UKY	ENCFF041UKY	ENCSR000DMA	ENCSR951XAM	BPNet	sequence contribution scores counts	bigWig	ChIP-seq	CTCF	K562	cell-line	cell-line	cell-line	none	counts	passed
ENCFF268PMU	ENCFF268PMU	ENCSR000EGM	ENCSR957ZSR	BPNet	sequence contribution scores counts	bigWig	ChIP-seq	CTCF	K562	cell-line	cell-line	cell-line	none	counts	passed
ENCFF628WXH	ENCFF628WXH	ENCSR000AKO	ENCSR415PVR	BPNet	sequence contribution scores counts	bigWig	ChIP-seq	CTCF	K562	cell-line	cell-line	cell-line	none	counts	passed
ENCFF767ENA	ENCFF767ENA	ENCSR000BPJ	ENCSR733IVP	BPNet	sequence contribution scores counts	bigWig	ChIP-seq	CTCF	K562	cell-line	cell-line	cell-line	none	counts	passed
ENCFF906AVH	ENCFF906AVH	ENCSR000DWE	ENCSR263BFL	BPNet	sequence contribution scores counts	bigWig	ChIP-seq	CTCF	K562	cell-line	cell-line	cell-line	none	counts	passed
ENCFF809BZQ	ENCFF809BZQ	ENCSR430YRJ	ENCSR697GRK	BPNet	sequence contribution scores counts	bigWig	ChIP-seq	CTCF	KMS-11	cell-line	cell-line	cell-line	none	counts	passed
ENCFF404NYV	ENCFF404NYV	ENCSR315NAC	ENCSR130PWB	BPNet	sequence contribution scores counts	bigWig	ChIP-seq	CTCF	LNCAP	cell-line	cell-line	cell-line	none	counts	passed
ENCFF511DFE	ENCFF511DFE	ENCSR673WZL	ENCSR520XYQ	BPNet	sequence contribution scores counts	bigWig	ChIP-seq	CTCF	LNCAP	cell-line	cell-line	cell-line	none	counts	passed
ENCFF457VXC	ENCFF457VXC	ENCSR000DMF	ENCSR531NRZ	BPNet	sequence contribution scores counts	bigWig	ChIP-seq	CTCF	LNCaP-clone-FGC	cell-line	cell-line	cell-line	none	counts	passed
ENCFF463JPF	ENCFF463JPF	ENCSR000DME	ENCSR124ANL	BPNet	sequence contribution scores counts	bigWig	ChIP-seq	CTCF	LNCaP-clone-FGC	cell-line	cell-line	cell-line	none	counts	passed
ENCFF820KQP	ENCFF820KQP	ENCSR464DKE	ENCSR015MLK	BPNet	sequence contribution scores counts	bigWig	ChIP-seq	CTCF	Loucy	cell-line	cell-line	cell-line	none	counts	passed
ENCFF099SCM	ENCFF099SCM	ENCSR193SZD	ENCSR086VQU	BPNet	sequence contribution scores counts	bigWig	ChIP-seq	CTCF	MCF-10A	cell-line	cell-line	cell-line	none	counts	passed
ENCFF094WWO	ENCFF094WWO	ENCSR560BUE	ENCSR230CZR	BPNet	sequence contribution scores counts	bigWig	ChIP-seq	CTCF	MCF-7	cell-line	cell-line	cell-line	none	counts	passed
ENCFF237XEZ	ENCFF237XEZ	ENCSR000DWH	ENCSR339GNY	BPNet	sequence contribution scores counts	bigWig	ChIP-seq	CTCF	MCF-7	cell-line	cell-line	cell-line	none	counts	passed
ENCFF247FTI	ENCFF247FTI	ENCSR000DML	ENCSR570LWR	BPNet	sequence contribution scores counts	bigWig	ChIP-seq	CTCF	MCF-7	cell-line	cell-line	cell-line	none	counts	passed
ENCFF377BTW	ENCFF377BTW	ENCSR000DMS	ENCSR304HYA	BPNet	sequence contribution scores counts	bigWig	ChIP-seq	CTCF	MCF-7	cell-line	cell-line	cell-line	none	counts	passed
ENCFF391EEK	ENCFF391EEK	ENCSR000DMR	ENCSR074QPD	BPNet	sequence contribution scores counts	bigWig	ChIP-seq	CTCF	MCF-7	cell-line	cell-line	cell-line	none	counts	passed
ENCFF441OGP	ENCFF441OGP	ENCSR000DMV	ENCSR981SVE	BPNet	sequence contribution scores counts	bigWig	ChIP-seq	CTCF	MCF-7	cell-line	cell-line	cell-line	none	counts	passed
ENCFF570WWU	ENCFF570WWU	ENCSR000DMO	ENCSR927TIG	BPNet	sequence contribution scores counts	bigWig	ChIP-seq	CTCF	MCF-7	cell-line	cell-line	cell-line	none	counts	passed
ENCFF706RTO	ENCFF706RTO	ENCSR000AHD	ENCSR867WPY	BPNet	sequence contribution scores counts	bigWig	ChIP-seq	CTCF	MCF-7	cell-line	cell-line	cell-line	none	counts	passed
ENCFF231WMU	ENCFF231WMU	ENCSR402IDP	ENCSR138KWF	BPNet	sequence contribution scores counts	bigWig	ChIP-seq	CTCF	MM.1S	cell-line	cell-line	cell-line	none	counts	passed
ENCFF791DDY	ENCFF791DDY	ENCSR000DWN	ENCSR819SXO	BPNet	sequence contribution scores counts	bigWig	ChIP-seq	CTCF	NB4	cell-line	cell-line	cell-line	none	counts	passed
ENCFF043XSP	ENCFF043XSP	ENCSR072EUE	ENCSR154BBO	BPNet	sequence contribution scores counts	bigWig	ChIP-seq	CTCF	OCI-LY1	cell-line	cell-line	cell-line	none	counts	passed
ENCFF948VGO	ENCFF948VGO	ENCSR756ZKG	ENCSR558MKV	BPNet	sequence contribution scores counts	bigWig	ChIP-seq	CTCF	OCI-LY3	cell-line	cell-line	cell-line	none	counts	passed
ENCFF020CST	ENCFF020CST	ENCSR027HML	ENCSR114GIC	BPNet	sequence contribution scores counts	bigWig	ChIP-seq	CTCF	OCI-LY7	cell-line	cell-line	cell-line	none	counts	passed
ENCFF873ZKQ	ENCFF873ZKQ	ENCSR359LOD	ENCSR989TFC	BPNet	sequence contribution scores counts	bigWig	ChIP-seq	CTCF	PC-3	cell-line	cell-line	cell-line	none	counts	passed
ENCFF576IKN	ENCFF576IKN	ENCSR243INX	ENCSR183DBQ	BPNet	sequence contribution scores counts	bigWig	ChIP-seq	CTCF	PC-9	cell-line	cell-line	cell-line	none	counts	passed
ENCFF693LVH	ENCFF693LVH	ENCSR203QEB	ENCSR595ARZ	BPNet	sequence contribution scores counts	bigWig	ChIP-seq	CTCF	Panc1	cell-line	cell-line	cell-line	none	counts	passed
ENCFF028VII	ENCFF028VII	ENCSR419ANE	ENCSR583PRG	BPNet	sequence contribution scores counts	bigWig	ChIP-seq	CTCF	Peyer's-patch	eye	eye	sensory-system	none	counts	passed
ENCFF204QJO	ENCFF204QJO	ENCSR375VXU	ENCSR061TLE	BPNet	sequence contribution scores counts	bigWig	ChIP-seq	CTCF	Peyer's-patch	eye	eye	sensory-system	none	counts	passed
ENCFF312RKL	ENCFF312RKL	ENCSR568IVD	ENCSR150JOI	BPNet	sequence contribution scores counts	bigWig	ChIP-seq	CTCF	Peyer's-patch	eye	eye	sensory-system	none	counts	passed
ENCFF362LWP	ENCFF362LWP	ENCSR799WDT	ENCSR654QKU	BPNet	sequence contribution scores counts	bigWig	ChIP-seq	CTCF	Peyer's-patch	eye	eye	sensory-system	none	counts	passed
ENCFF817GOY	ENCFF817GOY	ENCSR542SCB	ENCSR060YDH	BPNet	sequence contribution scores counts	bigWig	ChIP-seq	CTCF	Peyer's-patch	eye	eye	sensory-system	none	counts	passed
ENCFF863BKJ	ENCFF863BKJ	ENCSR391ZKN	ENCSR059RRH	BPNet	sequence contribution scores counts	bigWig	ChIP-seq	CTCF	Peyer's-patch	eye	eye	sensory-system	none	counts	passed
ENCFF397FVF	ENCFF397FVF	ENCSR303GFI	ENCSR308VAP	BPNet	sequence contribution scores counts	bigWig	ChIP-seq	CTCF	RWPE1	cell-line	cell-line	cell-line	none	counts	passed
ENCFF118OUI	ENCFF118OUI	ENCSR856JJB	ENCSR551RQP	BPNet	sequence contribution scores counts	bigWig	ChIP-seq	CTCF	RWPE2	cell-line	cell-line	cell-line	none	counts	passed
ENCFF169RNV	ENCFF169RNV	ENCSR000EIC	ENCSR616ZXI	BPNet	sequence contribution scores counts	bigWig	ChIP-seq	CTCF	SK-N-SH	cell-line	cell-line	cell-line	none	counts	passed
ENCFF204XEG	ENCFF204XEG	ENCSR000BLX	ENCSR134WBS	BPNet	sequence contribution scores counts	bigWig	ChIP-seq	CTCF	SK-N-SH	cell-line	cell-line	cell-line	none	counts	passed
ENCFF650OEA	ENCFF650OEA	ENCSR541AMF	ENCSR306PMY	BPNet	sequence contribution scores counts	bigWig	ChIP-seq	CTCF	SK-N-SH	cell-line	cell-line	cell-line	none	counts	passed
ENCFF673ZXO	ENCFF673ZXO	ENCSR000DXQ	ENCSR252BKY	BPNet	sequence contribution scores counts	bigWig	ChIP-seq	CTCF	SK-N-SH	cell-line	cell-line	cell-line	none	counts	passed
ENCFF137VYK	ENCFF137VYK	ENCSR125DKL	ENCSR945WSJ	BPNet	sequence contribution scores counts	bigWig	ChIP-seq	CTCF	SU-DHL-6	cell-line	cell-line	cell-line	none	counts	passed
ENCFF101LNB	ENCFF101LNB	ENCSR000BNO	ENCSR950HAX	BPNet	sequence contribution scores counts	bigWig	ChIP-seq	CTCF	T47D	cell-line	cell-line	cell-line	none	counts	passed
ENCFF648FJA	ENCFF648FJA	ENCSR265ARE	ENCSR950XKG	BPNet	sequence contribution scores counts	bigWig	ChIP-seq	CTCF	VCaP	cell-line	cell-line	cell-line	none	counts	passed
ENCFF710ATD	ENCFF710ATD	ENCSR000DXW	ENCSR957WLY	BPNet	sequence contribution scores counts	bigWig	ChIP-seq	CTCF	WERI-Rb-1	cell-line	cell-line	cell-line	none	counts	passed
ENCFF269TJD	ENCFF269TJD	ENCSR000DYB	ENCSR802AQG	BPNet	sequence contribution scores counts	bigWig	ChIP-seq	CTCF	WI38	cell-line	cell-line	cell-line	none	counts	passed
ENCFF963EHL	ENCFF963EHL	ENCSR992XTY	ENCSR010BYI	BPNet	sequence contribution scores counts	bigWig	ChIP-seq	CTCF	WTC11	cell-line	cell-line	cell-line	none	counts	passed
ENCFF332MBM	ENCFF332MBM	ENCSR806WWX	ENCSR859DOV	BPNet	sequence contribution scores counts	bigWig	ChIP-seq	CTCF	activated-CD4-positive,-alpha-beta-T-cell	t-cell	immune	immune-system	none	counts	passed
ENCFF964BUI	ENCFF964BUI	ENCSR347MXL	ENCSR238POW	BPNet	sequence contribution scores counts	bigWig	ChIP-seq	CTCF	activated-CD8-positive,-alpha-beta-T-cell	t-cell	immune	immune-system	none	counts	passed
ENCFF434VCC	ENCFF434VCC	ENCSR770IWO	ENCSR430TGX	BPNet	sequence contribution scores counts	bigWig	ChIP-seq	CTCF	adrenal-gland	renal	kidney	excretory-system	none	counts	passed
ENCFF491BOB	ENCFF491BOB	ENCSR450BLH	ENCSR859ZSI	BPNet	sequence contribution scores counts	bigWig	ChIP-seq	CTCF	adrenal-gland	renal	kidney	excretory-system	none	counts	passed
ENCFF793FTB	ENCFF793FTB	ENCSR408ZEE	ENCSR694LPN	BPNet	sequence contribution scores counts	bigWig	ChIP-seq	CTCF	adrenal-gland	renal	kidney	excretory-system	none	counts	passed
ENCFF807OHK	ENCFF807OHK	ENCSR899JSO	ENCSR300KET	BPNet	sequence contribution scores counts	bigWig	ChIP-seq	CTCF	adrenal-gland	renal	kidney	excretory-system	none	counts	passed
ENCFF826KUN	ENCFF826KUN	ENCSR014GSQ	ENCSR312WCC	BPNet	sequence contribution scores counts	bigWig	ChIP-seq	CTCF	adrenal-gland	renal	kidney	excretory-system	none	counts	passed
ENCFF104OHW	ENCFF104OHW	ENCSR846JKO	ENCSR158XRS	BPNet	sequence contribution scores counts	bigWig	ChIP-seq	CTCF	ascending-aorta	aorta	blood-vessel	circulatory-system	none	counts	passed
ENCFF844CTX	ENCFF844CTX	ENCSR960MDF	ENCSR059JVC	BPNet	sequence contribution scores counts	bigWig	ChIP-seq	CTCF	ascending-aorta	aorta	blood-vessel	circulatory-system	none	counts	passed
ENCFF913HZQ	ENCFF913HZQ	ENCSR555DCD	ENCSR496CAI	BPNet	sequence contribution scores counts	bigWig	ChIP-seq	CTCF	ascending-aorta	aorta	blood-vessel	circulatory-system	none	counts	passed
ENCFF309NJQ	ENCFF309NJQ	ENCSR000AOO	ENCSR914MYE	BPNet	sequence contribution scores counts	bigWig	ChIP-seq	CTCF	astrocyte	astrocyte	nerve	central-nervous-system	none	counts	passed
ENCFF847MFQ	ENCFF847MFQ	ENCSR461VHZ	ENCSR376CPP	BPNet	sequence contribution scores counts	bigWig	ChIP-seq	CTCF	astrocyte	astrocyte	nerve	central-nervous-system	none	counts	passed
ENCFF761KOB	ENCFF761KOB	ENCSR000DSZ	ENCSR761SWJ	BPNet	sequence contribution scores counts	bigWig	ChIP-seq	CTCF	astrocyte-of-the-cerebellum	cerebell	brain	central-nervous-system	none	counts	passed
ENCFF454MMG	ENCFF454MMG	ENCSR000DSU	ENCSR956MDS	BPNet	sequence contribution scores counts	bigWig	ChIP-seq	CTCF	astrocyte-of-the-spinal-cord	spinal	CNS	central-nervous-system	none	counts	passed
ENCFF068WVY	ENCFF068WVY	ENCSR619IUE	ENCSR279XHJ	BPNet	sequence contribution scores counts	bigWig	ChIP-seq	CTCF	bipolar-neuron	neuron	nerve	central-nervous-system	none	counts	passed
ENCFF990LJJ	ENCFF990LJJ	ENCSR066BZZ	ENCSR729UBC	BPNet	sequence contribution scores counts	bigWig	ChIP-seq	CTCF	bipolar-neuron	neuron	nerve	central-nervous-system	none	counts	passed
ENCFF005YRO	ENCFF005YRO	ENCSR484DDO	ENCSR019XAE	BPNet	sequence contribution scores counts	bigWig	ChIP-seq	CTCF	body-of-pancreas	pancreas	pancreas	digestive-system	none	counts	passed
ENCFF058DTG	ENCFF058DTG	ENCSR307PFP	ENCSR063UWV	BPNet	sequence contribution scores counts	bigWig	ChIP-seq	CTCF	body-of-pancreas	pancreas	pancreas	digestive-system	none	counts	passed
ENCFF237PAA	ENCFF237PAA	ENCSR572DUJ	ENCSR771MUU	BPNet	sequence contribution scores counts	bigWig	ChIP-seq	CTCF	body-of-pancreas	pancreas	pancreas	digestive-system	none	counts	passed
ENCFF288NFW	ENCFF288NFW	ENCSR408XTO	ENCSR612FYX	BPNet	sequence contribution scores counts	bigWig	ChIP-seq	CTCF	body-of-pancreas	pancreas	pancreas	digestive-system	none	counts	passed
ENCFF438KKJ	ENCFF438KKJ	ENCSR585KBH	ENCSR852JRK	BPNet	sequence contribution scores counts	bigWig	ChIP-seq	CTCF	body-of-pancreas	pancreas	pancreas	digestive-system	none	counts	passed
ENCFF785XWE	ENCFF785XWE	ENCSR687APM	ENCSR643WMK	BPNet	sequence contribution scores counts	bigWig	ChIP-seq	CTCF	body-of-pancreas	pancreas	pancreas	digestive-system	none	counts	passed
ENCFF811XIJ	ENCFF811XIJ	ENCSR265PFQ	ENCSR145SQF	BPNet	sequence contribution scores counts	bigWig	ChIP-seq	CTCF	body-of-pancreas	pancreas	pancreas	digestive-system	none	counts	passed
ENCFF101JQM	ENCFF101JQM	ENCSR225KOS	ENCSR918KZG	BPNet	sequence contribution scores counts	bigWig	ChIP-seq	CTCF	brain	brain	brain	central-nervous-system	none	counts	passed
ENCFF391USR	ENCFF391USR	ENCSR930SOT	ENCSR331RTK	BPNet	sequence contribution scores counts	bigWig	ChIP-seq	CTCF	brain	brain	brain	central-nervous-system	none	counts	passed
ENCFF909JSL	ENCFF909JSL	ENCSR467EQP	ENCSR126YGH	BPNet	sequence contribution scores counts	bigWig	ChIP-seq	CTCF	brain	brain	brain	central-nervous-system	none	counts	passed
ENCFF997MYO	ENCFF997MYO	ENCSR423MQG	ENCSR175KCA	BPNet	sequence contribution scores counts	bigWig	ChIP-seq	CTCF	brain	brain	brain	central-nervous-system	none	counts	passed
ENCFF600ULU	ENCFF600ULU	ENCSR000DTA	ENCSR796FYA	BPNet	sequence contribution scores counts	bigWig	ChIP-seq	CTCF	brain-microvascular-endothelial-cell	brain	brain	central-nervous-system	none	counts	passed
ENCFF036VJX	ENCFF036VJX	ENCSR697YIN	ENCSR582FZD	BPNet	sequence contribution scores counts	bigWig	ChIP-seq	CTCF	breast-epithelium	breast	breast	integumental-system	none	counts	passed
ENCFF849CRY	ENCFF849CRY	ENCSR304XUZ	ENCSR666EFV	BPNet	sequence contribution scores counts	bigWig	ChIP-seq	CTCF	breast-epithelium	breast	breast	integumental-system	none	counts	passed
ENCFF969GNT	ENCFF969GNT	ENCSR661NXJ	ENCSR583RUF	BPNet	sequence contribution scores counts	bigWig	ChIP-seq	CTCF	breast-epithelium	breast	breast	integumental-system	none	counts	passed
ENCFF591UAY	ENCFF591UAY	ENCSR000DXI	ENCSR653NRQ	BPNet	sequence contribution scores counts	bigWig	ChIP-seq	CTCF	bronchial-epithelial-cell	epithelial	epithelial	integumental-system	none	counts	passed
ENCFF621HSW	ENCFF621HSW	ENCSR000DTF	ENCSR933NVB	BPNet	sequence contribution scores counts	bigWig	ChIP-seq	CTCF	cardiac-fibroblast	fibroblast	fibroblast	integumental-system	none	counts	passed
ENCFF017UWF	ENCFF017UWF	ENCSR000DTI	ENCSR415YPD	BPNet	sequence contribution scores counts	bigWig	ChIP-seq	CTCF	cardiac-muscle-cell	muscle	muscle	musculature	none	counts	passed
ENCFF787RAW	ENCFF787RAW	ENCSR713SXF	ENCSR736HNR	BPNet	sequence contribution scores counts	bigWig	ChIP-seq	CTCF	cardiac-muscle-cell	muscle	muscle	musculature	none	counts	passed
ENCFF788GTX	ENCFF788GTX	ENCSR190BZA	ENCSR967PAB	BPNet	sequence contribution scores counts	bigWig	ChIP-seq	CTCF	chondrocyte	cell-line	cell-line	cell-line	none	counts	passed
ENCFF835NSI	ENCFF835NSI	ENCSR000DTL	ENCSR432WYA	BPNet	sequence contribution scores counts	bigWig	ChIP-seq	CTCF	choroid-plexus-epithelial-cell	epithelial	epithelial	integumental-system	none	counts	passed
ENCFF385OOQ	ENCFF385OOQ	ENCSR380WJL	ENCSR033HMP	BPNet	sequence contribution scores counts	bigWig	ChIP-seq	CTCF	colonic-mucosa	colon	large-intestine	digestive-system	none	counts	passed
ENCFF177LFI	ENCFF177LFI	ENCSR175FLL	ENCSR930AZR	BPNet	sequence contribution scores counts	bigWig	ChIP-seq	CTCF	coronary-artery	artery	blood-vessel	circulatory-system	none	counts	passed
ENCFF951VVT	ENCFF951VVT	ENCSR447ANW	ENCSR829GKW	BPNet	sequence contribution scores counts	bigWig	ChIP-seq	CTCF	coronary-artery	artery	blood-vessel	circulatory-system	none	counts	passed
ENCFF079SED	ENCFF079SED	ENCSR452KYY	ENCSR792CTN	BPNet	sequence contribution scores counts	bigWig	ChIP-seq	CTCF	dorsolateral-prefrontal-cortex	prefrontal	brain	central-nervous-system	none	counts	passed
ENCFF119LBS	ENCFF119LBS	ENCSR378KET	ENCSR365YNU	BPNet	sequence contribution scores counts	bigWig	ChIP-seq	CTCF	dorsolateral-prefrontal-cortex	prefrontal	brain	central-nervous-system	none	counts	passed
ENCFF175KXM	ENCFF175KXM	ENCSR610UDC	ENCSR917OQB	BPNet	sequence contribution scores counts	bigWig	ChIP-seq	CTCF	dorsolateral-prefrontal-cortex	prefrontal	brain	central-nervous-system	none	counts	passed
ENCFF181GPH	ENCFF181GPH	ENCSR300WOR	ENCSR672ITV	BPNet	sequence contribution scores counts	bigWig	ChIP-seq	CTCF	dorsolateral-prefrontal-cortex	prefrontal	brain	central-nervous-system	none	counts	passed
ENCFF222FKX	ENCFF222FKX	ENCSR740GKG	ENCSR891TQN	BPNet	sequence contribution scores counts	bigWig	ChIP-seq	CTCF	dorsolateral-prefrontal-cortex	prefrontal	brain	central-nervous-system	none	counts	passed
ENCFF225MRO	ENCFF225MRO	ENCSR680WMF	ENCSR065XUI	BPNet	sequence contribution scores counts	bigWig	ChIP-seq	CTCF	dorsolateral-prefrontal-cortex	prefrontal	brain	central-nervous-system	none	counts	passed
ENCFF232YRL	ENCFF232YRL	ENCSR755WXO	ENCSR545LOJ	BPNet	sequence contribution scores counts	bigWig	ChIP-seq	CTCF	dorsolateral-prefrontal-cortex	prefrontal	brain	central-nervous-system	none	counts	passed
ENCFF251ZQJ	ENCFF251ZQJ	ENCSR374PKX	ENCSR832HMN	BPNet	sequence contribution scores counts	bigWig	ChIP-seq	CTCF	dorsolateral-prefrontal-cortex	prefrontal	brain	central-nervous-system	none	counts	passed
ENCFF254MYY	ENCFF254MYY	ENCSR168KQC	ENCSR915WTK	BPNet	sequence contribution scores counts	bigWig	ChIP-seq	CTCF	dorsolateral-prefrontal-cortex	prefrontal	brain	central-nervous-system	none	counts	passed
ENCFF260HZC	ENCFF260HZC	ENCSR832TWW	ENCSR152KSC	BPNet	sequence contribution scores counts	bigWig	ChIP-seq	CTCF	dorsolateral-prefrontal-cortex	prefrontal	brain	central-nervous-system	none	counts	passed
ENCFF262YUT	ENCFF262YUT	ENCSR275JVX	ENCSR990AIS	BPNet	sequence contribution scores counts	bigWig	ChIP-seq	CTCF	dorsolateral-prefrontal-cortex	prefrontal	brain	central-nervous-system	none	counts	passed
ENCFF274ESS	ENCFF274ESS	ENCSR619WGF	ENCSR446DVI	BPNet	sequence contribution scores counts	bigWig	ChIP-seq	CTCF	dorsolateral-prefrontal-cortex	prefrontal	brain	central-nervous-system	none	counts	passed
ENCFF304DFJ	ENCFF304DFJ	ENCSR676LDQ	ENCSR605ZJX	BPNet	sequence contribution scores counts	bigWig	ChIP-seq	CTCF	dorsolateral-prefrontal-cortex	prefrontal	brain	central-nervous-system	none	counts	passed
ENCFF307PSI	ENCFF307PSI	ENCSR251BHU	ENCSR691TTX	BPNet	sequence contribution scores counts	bigWig	ChIP-seq	CTCF	dorsolateral-prefrontal-cortex	prefrontal	brain	central-nervous-system	none	counts	passed
ENCFF318HEF	ENCFF318HEF	ENCSR369RRE	ENCSR487KKJ	BPNet	sequence contribution scores counts	bigWig	ChIP-seq	CTCF	dorsolateral-prefrontal-cortex	prefrontal	brain	central-nervous-system	none	counts	passed
ENCFF372SEW	ENCFF372SEW	ENCSR372JWF	ENCSR674MGL	BPNet	sequence contribution scores counts	bigWig	ChIP-seq	CTCF	dorsolateral-prefrontal-cortex	prefrontal	brain	central-nervous-system	none	counts	passed
ENCFF379MZH	ENCFF379MZH	ENCSR922HGS	ENCSR001VXW	BPNet	sequence contribution scores counts	bigWig	ChIP-seq	CTCF	dorsolateral-prefrontal-cortex	prefrontal	brain	central-nervous-system	none	counts	passed
ENCFF383XJR	ENCFF383XJR	ENCSR351SWL	ENCSR917JSR	BPNet	sequence contribution scores counts	bigWig	ChIP-seq	CTCF	dorsolateral-prefrontal-cortex	prefrontal	brain	central-nervous-system	none	counts	passed
ENCFF393GHD	ENCFF393GHD	ENCSR068DJS	ENCSR226JYD	BPNet	sequence contribution scores counts	bigWig	ChIP-seq	CTCF	dorsolateral-prefrontal-cortex	prefrontal	brain	central-nervous-system	none	counts	passed
ENCFF403ZTF	ENCFF403ZTF	ENCSR073BPG	ENCSR808COC	BPNet	sequence contribution scores counts	bigWig	ChIP-seq	CTCF	dorsolateral-prefrontal-cortex	prefrontal	brain	central-nervous-system	none	counts	passed
ENCFF415JYV	ENCFF415JYV	ENCSR062JAC	ENCSR167VES	BPNet	sequence contribution scores counts	bigWig	ChIP-seq	CTCF	dorsolateral-prefrontal-cortex	prefrontal	brain	central-nervous-system	none	counts	passed
ENCFF417LUQ	ENCFF417LUQ	ENCSR423ZUM	ENCSR695MWH	BPNet	sequence contribution scores counts	bigWig	ChIP-seq	CTCF	dorsolateral-prefrontal-cortex	prefrontal	brain	central-nervous-system	none	counts	passed
ENCFF423GEO	ENCFF423GEO	ENCSR932XBJ	ENCSR740WUD	BPNet	sequence contribution scores counts	bigWig	ChIP-seq	CTCF	dorsolateral-prefrontal-cortex	prefrontal	brain	central-nervous-system	none	counts	passed
ENCFF440RGQ	ENCFF440RGQ	ENCSR841XDW	ENCSR274DCI	BPNet	sequence contribution scores counts	bigWig	ChIP-seq	CTCF	dorsolateral-prefrontal-cortex	prefrontal	brain	central-nervous-system	none	counts	passed
ENCFF476CTN	ENCFF476CTN	ENCSR378BVM	ENCSR852SMJ	BPNet	sequence contribution scores counts	bigWig	ChIP-seq	CTCF	dorsolateral-prefrontal-cortex	prefrontal	brain	central-nervous-system	none	counts	passed
ENCFF507GBX	ENCFF507GBX	ENCSR244KEW	ENCSR435PGE	BPNet	sequence contribution scores counts	bigWig	ChIP-seq	CTCF	dorsolateral-prefrontal-cortex	prefrontal	brain	central-nervous-system	none	counts	passed
ENCFF530DWE	ENCFF530DWE	ENCSR715FHW	ENCSR289FFZ	BPNet	sequence contribution scores counts	bigWig	ChIP-seq	CTCF	dorsolateral-prefrontal-cortex	prefrontal	brain	central-nervous-system	none	counts	passed
ENCFF538IAC	ENCFF538IAC	ENCSR270KFY	ENCSR264QGG	BPNet	sequence contribution scores counts	bigWig	ChIP-seq	CTCF	dorsolateral-prefrontal-cortex	prefrontal	brain	central-nervous-system	none	counts	passed
ENCFF543INO	ENCFF543INO	ENCSR699BRV	ENCSR207QOS	BPNet	sequence contribution scores counts	bigWig	ChIP-seq	CTCF	dorsolateral-prefrontal-cortex	prefrontal	brain	central-nervous-system	none	counts	passed
ENCFF546IKQ	ENCFF546IKQ	ENCSR813KUE	ENCSR171JOI	BPNet	sequence contribution scores counts	bigWig	ChIP-seq	CTCF	dorsolateral-prefrontal-cortex	prefrontal	brain	central-nervous-system	none	counts	passed
ENCFF560DKI	ENCFF560DKI	ENCSR967QUQ	ENCSR197FFI	BPNet	sequence contribution scores counts	bigWig	ChIP-seq	CTCF	dorsolateral-prefrontal-cortex	prefrontal	brain	central-nervous-system	none	counts	passed
ENCFF564GBX	ENCFF564GBX	ENCSR259PNW	ENCSR305AFX	BPNet	sequence contribution scores counts	bigWig	ChIP-seq	CTCF	dorsolateral-prefrontal-cortex	prefrontal	brain	central-nervous-system	none	counts	passed
ENCFF566VWI	ENCFF566VWI	ENCSR705DNM	ENCSR935UWO	BPNet	sequence contribution scores counts	bigWig	ChIP-seq	CTCF	dorsolateral-prefrontal-cortex	prefrontal	brain	central-nervous-system	none	counts	passed
ENCFF588NKP	ENCFF588NKP	ENCSR979PTL	ENCSR149WTJ	BPNet	sequence contribution scores counts	bigWig	ChIP-seq	CTCF	dorsolateral-prefrontal-cortex	prefrontal	brain	central-nervous-system	none	counts	passed
ENCFF601WMJ	ENCFF601WMJ	ENCSR689LFJ	ENCSR575LCC	BPNet	sequence contribution scores counts	bigWig	ChIP-seq	CTCF	dorsolateral-prefrontal-cortex	prefrontal	brain	central-nervous-system	none	counts	passed
ENCFF603SCA	ENCFF603SCA	ENCSR211AFA	ENCSR808FYY	BPNet	sequence contribution scores counts	bigWig	ChIP-seq	CTCF	dorsolateral-prefrontal-cortex	prefrontal	brain	central-nervous-system	none	counts	passed
ENCFF607TIH	ENCFF607TIH	ENCSR525VXD	ENCSR363MRN	BPNet	sequence contribution scores counts	bigWig	ChIP-seq	CTCF	dorsolateral-prefrontal-cortex	prefrontal	brain	central-nervous-system	none	counts	passed
ENCFF632ETO	ENCFF632ETO	ENCSR443NWG	ENCSR461VQZ	BPNet	sequence contribution scores counts	bigWig	ChIP-seq	CTCF	dorsolateral-prefrontal-cortex	prefrontal	brain	central-nervous-system	none	counts	passed
ENCFF656TVB	ENCFF656TVB	ENCSR778NDP	ENCSR914ELN	BPNet	sequence contribution scores counts	bigWig	ChIP-seq	CTCF	dorsolateral-prefrontal-cortex	prefrontal	brain	central-nervous-system	none	counts	passed
ENCFF706VPF	ENCFF706VPF	ENCSR779YTI	ENCSR349AYE	BPNet	sequence contribution scores counts	bigWig	ChIP-seq	CTCF	dorsolateral-prefrontal-cortex	prefrontal	brain	central-nervous-system	none	counts	passed
ENCFF708QGB	ENCFF708QGB	ENCSR194JAU	ENCSR395UGO	BPNet	sequence contribution scores counts	bigWig	ChIP-seq	CTCF	dorsolateral-prefrontal-cortex	prefrontal	brain	central-nervous-system	none	counts	passed
ENCFF741TVG	ENCFF741TVG	ENCSR445NJB	ENCSR662LQZ	BPNet	sequence contribution scores counts	bigWig	ChIP-seq	CTCF	dorsolateral-prefrontal-cortex	prefrontal	brain	central-nervous-system	none	counts	passed
ENCFF741ZSF	ENCFF741ZSF	ENCSR957UPE	ENCSR319AOD	BPNet	sequence contribution scores counts	bigWig	ChIP-seq	CTCF	dorsolateral-prefrontal-cortex	prefrontal	brain	central-nervous-system	none	counts	passed
ENCFF744JOS	ENCFF744JOS	ENCSR757DFT	ENCSR446AYX	BPNet	sequence contribution scores counts	bigWig	ChIP-seq	CTCF	dorsolateral-prefrontal-cortex	prefrontal	brain	central-nervous-system	none	counts	passed
ENCFF748FBW	ENCFF748FBW	ENCSR575WYM	ENCSR290OCP	BPNet	sequence contribution scores counts	bigWig	ChIP-seq	CTCF	dorsolateral-prefrontal-cortex	prefrontal	brain	central-nervous-system	none	counts	passed
ENCFF788FQL	ENCFF788FQL	ENCSR237BTA	ENCSR207ITR	BPNet	sequence contribution scores counts	bigWig	ChIP-seq	CTCF	dorsolateral-prefrontal-cortex	prefrontal	brain	central-nervous-system	none	counts	passed
ENCFF806KOP	ENCFF806KOP	ENCSR094PSL	ENCSR070AQF	BPNet	sequence contribution scores counts	bigWig	ChIP-seq	CTCF	dorsolateral-prefrontal-cortex	prefrontal	brain	central-nervous-system	none	counts	passed
ENCFF806PIL	ENCFF806PIL	ENCSR092VKJ	ENCSR319XSD	BPNet	sequence contribution scores counts	bigWig	ChIP-seq	CTCF	dorsolateral-prefrontal-cortex	prefrontal	brain	central-nervous-system	none	counts	passed
ENCFF823HVK	ENCFF823HVK	ENCSR666JEF	ENCSR540HDD	BPNet	sequence contribution scores counts	bigWig	ChIP-seq	CTCF	dorsolateral-prefrontal-cortex	prefrontal	brain	central-nervous-system	none	counts	passed
ENCFF832CQF	ENCFF832CQF	ENCSR230RQK	ENCSR838NLY	BPNet	sequence contribution scores counts	bigWig	ChIP-seq	CTCF	dorsolateral-prefrontal-cortex	prefrontal	brain	central-nervous-system	none	counts	passed
ENCFF844PSP	ENCFF844PSP	ENCSR763VUL	ENCSR663VTZ	BPNet	sequence contribution scores counts	bigWig	ChIP-seq	CTCF	dorsolateral-prefrontal-cortex	prefrontal	brain	central-nervous-system	none	counts	passed
ENCFF851EHX	ENCFF851EHX	ENCSR819WDZ	ENCSR578PWG	BPNet	sequence contribution scores counts	bigWig	ChIP-seq	CTCF	dorsolateral-prefrontal-cortex	prefrontal	brain	central-nervous-system	none	counts	passed
ENCFF855BFJ	ENCFF855BFJ	ENCSR724YTA	ENCSR285JON	BPNet	sequence contribution scores counts	bigWig	ChIP-seq	CTCF	dorsolateral-prefrontal-cortex	prefrontal	brain	central-nervous-system	none	counts	passed
ENCFF912AWB	ENCFF912AWB	ENCSR329KRE	ENCSR242HBW	BPNet	sequence contribution scores counts	bigWig	ChIP-seq	CTCF	dorsolateral-prefrontal-cortex	prefrontal	brain	central-nervous-system	none	counts	passed
ENCFF922PQT	ENCFF922PQT	ENCSR059KXR	ENCSR061INZ	BPNet	sequence contribution scores counts	bigWig	ChIP-seq	CTCF	dorsolateral-prefrontal-cortex	prefrontal	brain	central-nervous-system	none	counts	passed
ENCFF927PWM	ENCFF927PWM	ENCSR384DBJ	ENCSR946VEN	BPNet	sequence contribution scores counts	bigWig	ChIP-seq	CTCF	dorsolateral-prefrontal-cortex	prefrontal	brain	central-nervous-system	none	counts	passed
ENCFF943VDM	ENCFF943VDM	ENCSR332WTG	ENCSR211BCT	BPNet	sequence contribution scores counts	bigWig	ChIP-seq	CTCF	dorsolateral-prefrontal-cortex	prefrontal	brain	central-nervous-system	none	counts	passed
ENCFF951MNP	ENCFF951MNP	ENCSR847OSL	ENCSR732HRT	BPNet	sequence contribution scores counts	bigWig	ChIP-seq	CTCF	dorsolateral-prefrontal-cortex	prefrontal	brain	central-nervous-system	none	counts	passed
ENCFF970KMT	ENCFF970KMT	ENCSR913SEI	ENCSR304KCJ	BPNet	sequence contribution scores counts	bigWig	ChIP-seq	CTCF	dorsolateral-prefrontal-cortex	prefrontal	brain	central-nervous-system	none	counts	passed
ENCFF741GRT	ENCFF741GRT	ENCSR031PXV	ENCSR038XID	BPNet	sequence contribution scores counts	bigWig	ChIP-seq	CTCF	endothelial-cell	endothelial	blood-vessel	circulatory-system	none	counts	passed
ENCFF037AFW	ENCFF037AFW	ENCSR000ALA	ENCSR616FKR	BPNet	sequence contribution scores counts	bigWig	ChIP-seq	CTCF	endothelial-cell-of-umbilical-vein	endothelial	blood-vessel	circulatory-system	none	counts	passed
ENCFF342CPV	ENCFF342CPV	ENCSR000DLW	ENCSR147WHF	BPNet	sequence contribution scores counts	bigWig	ChIP-seq	CTCF	endothelial-cell-of-umbilical-vein	endothelial	blood-vessel	circulatory-system	none	counts	passed
ENCFF746YFR	ENCFF746YFR	ENCSR000DVP	ENCSR198GBA	BPNet	sequence contribution scores counts	bigWig	ChIP-seq	CTCF	endothelial-cell-of-umbilical-vein	endothelial	blood-vessel	circulatory-system	none	counts	passed
ENCFF525RBW	ENCFF525RBW	ENCSR000DTR	ENCSR743IWP	BPNet	sequence contribution scores counts	bigWig	ChIP-seq	CTCF	epithelial-cell-of-esophagus	epithelial	epithelial	integumental-system	none	counts	passed
ENCFF661PLD	ENCFF661PLD	ENCSR196HOM	ENCSR205JEX	BPNet	sequence contribution scores counts	bigWig	ChIP-seq	CTCF	epithelial-cell-of-prostate	epithelial	epithelial	integumental-system	none	counts	passed
ENCFF586JAB	ENCFF586JAB	ENCSR000DXD	ENCSR463FSZ	BPNet	sequence contribution scores counts	bigWig	ChIP-seq	CTCF	epithelial-cell-of-proximal-tubule	epithelial	epithelial	integumental-system	none	counts	passed
ENCFF243EPK	ENCFF243EPK	ENCSR074SFL	ENCSR213UJA	BPNet	sequence contribution scores counts	bigWig	ChIP-seq	CTCF	esophagus-muscularis-mucosa	esophag	stomach	digestive-system	none	counts	passed
ENCFF436KRL	ENCFF436KRL	ENCSR559KAB	ENCSR710THJ	BPNet	sequence contribution scores counts	bigWig	ChIP-seq	CTCF	esophagus-muscularis-mucosa	esophag	stomach	digestive-system	none	counts	passed
ENCFF620QCI	ENCFF620QCI	ENCSR353DFU	ENCSR838SGS	BPNet	sequence contribution scores counts	bigWig	ChIP-seq	CTCF	esophagus-muscularis-mucosa	esophag	stomach	digestive-system	none	counts	passed
ENCFF799BBD	ENCFF799BBD	ENCSR073TPC	ENCSR061RKJ	BPNet	sequence contribution scores counts	bigWig	ChIP-seq	CTCF	esophagus-muscularis-mucosa	esophag	stomach	digestive-system	none	counts	passed
ENCFF901GZA	ENCFF901GZA	ENCSR443WKD	ENCSR875SFQ	BPNet	sequence contribution scores counts	bigWig	ChIP-seq	CTCF	esophagus-muscularis-mucosa	esophag	stomach	digestive-system	none	counts	passed
ENCFF220ZDD	ENCFF220ZDD	ENCSR266UTR	ENCSR942GLY	BPNet	sequence contribution scores counts	bigWig	ChIP-seq	CTCF	esophagus-squamous-epithelium	esophag	stomach	digestive-system	none	counts	passed
ENCFF268ZEJ	ENCFF268ZEJ	ENCSR756URL	ENCSR985TGA	BPNet	sequence contribution scores counts	bigWig	ChIP-seq	CTCF	esophagus-squamous-epithelium	esophag	stomach	digestive-system	none	counts	passed
ENCFF345YNL	ENCFF345YNL	ENCSR773JBP	ENCSR550FVE	BPNet	sequence contribution scores counts	bigWig	ChIP-seq	CTCF	esophagus-squamous-epithelium	esophag	stomach	digestive-system	none	counts	passed
ENCFF421YNB	ENCFF421YNB	ENCSR838RUX	ENCSR712PPO	BPNet	sequence contribution scores counts	bigWig	ChIP-seq	CTCF	esophagus-squamous-epithelium	esophag	stomach	digestive-system	none	counts	passed
ENCFF573NHI	ENCFF573NHI	ENCSR450FRI	ENCSR344GRT	BPNet	sequence contribution scores counts	bigWig	ChIP-seq	CTCF	esophagus-squamous-epithelium	esophag	stomach	digestive-system	none	counts	passed
ENCFF945HXN	ENCFF945HXN	ENCSR003SZZ	ENCSR224LAT	BPNet	sequence contribution scores counts	bigWig	ChIP-seq	CTCF	esophagus-squamous-epithelium	esophag	stomach	digestive-system	none	counts	passed
ENCFF898BSS	ENCFF898BSS	ENCSR000APM	ENCSR628HLT	BPNet	sequence contribution scores counts	bigWig	ChIP-seq	CTCF	fibroblast-of-dermis	fibroblast	fibroblast	integumental-system	none	counts	passed
ENCFF218QQZ	ENCFF218QQZ	ENCSR000DVA	ENCSR641JQM	BPNet	sequence contribution scores counts	bigWig	ChIP-seq	CTCF	fibroblast-of-lung	fibroblast	fibroblast	integumental-system	none	counts	passed
ENCFF839TKJ	ENCFF839TKJ	ENCSR000ANO	ENCSR075HNI	BPNet	sequence contribution scores counts	bigWig	ChIP-seq	CTCF	fibroblast-of-lung	fibroblast	fibroblast	integumental-system	none	counts	passed
ENCFF962DIF	ENCFF962DIF	ENCSR000DWY	ENCSR175NFF	BPNet	sequence contribution scores counts	bigWig	ChIP-seq	CTCF	fibroblast-of-lung	fibroblast	fibroblast	integumental-system	none	counts	passed
ENCFF875SGK	ENCFF875SGK	ENCSR000DUU	ENCSR427BPN	BPNet	sequence contribution scores counts	bigWig	ChIP-seq	CTCF	fibroblast-of-mammary-gland	fibroblast	fibroblast	integumental-system	none	counts	passed
ENCFF196IUF	ENCFF196IUF	ENCSR000DUX	ENCSR136OKJ	BPNet	sequence contribution scores counts	bigWig	ChIP-seq	CTCF	fibroblast-of-pulmonary-artery	fibroblast	fibroblast	integumental-system	none	counts	passed
ENCFF212IKW	ENCFF212IKW	ENCSR000DPY	ENCSR032ZUX	BPNet	sequence contribution scores counts	bigWig	ChIP-seq	CTCF	fibroblast-of-the-aortic-adventitia	fibroblast	fibroblast	integumental-system	none	counts	passed
ENCFF426HTU	ENCFF426HTU	ENCSR000DVQ	ENCSR568PVC	BPNet	sequence contribution scores counts	bigWig	ChIP-seq	CTCF	fibroblast-of-villous-mesenchyme	fibroblast	fibroblast	integumental-system	none	counts	passed
ENCFF317WXQ	ENCFF317WXQ	ENCSR000DWQ	ENCSR215ALR	BPNet	sequence contribution scores counts	bigWig	ChIP-seq	CTCF	foreskin-fibroblast	fibroblast	fibroblast	integumental-system	none	counts	passed
ENCFF543PKM	ENCFF543PKM	ENCSR000DUH	ENCSR967AQL	BPNet	sequence contribution scores counts	bigWig	ChIP-seq	CTCF	foreskin-fibroblast	fibroblast	fibroblast	integumental-system	none	counts	passed
ENCFF200GOA	ENCFF200GOA	ENCSR817HTJ	ENCSR397LCP	BPNet	sequence contribution scores counts	bigWig	ChIP-seq	CTCF	foreskin-keratinocyte	skin	skin	integumental-system	none	counts	passed
ENCFF344XQE	ENCFF344XQE	ENCSR036EGV	ENCSR426XPR	BPNet	sequence contribution scores counts	bigWig	ChIP-seq	CTCF	foreskin-keratinocyte	skin	skin	integumental-system	none	counts	passed
ENCFF516LCD	ENCFF516LCD	ENCSR812FNU	ENCSR787BHA	BPNet	sequence contribution scores counts	bigWig	ChIP-seq	CTCF	foreskin-keratinocyte	skin	skin	integumental-system	none	counts	passed
ENCFF039KVA	ENCFF039KVA	ENCSR355ALW	ENCSR397OAF	BPNet	sequence contribution scores counts	bigWig	ChIP-seq	CTCF	gastrocnemius-medialis	medialis	muscle	musculature	none	counts	passed
ENCFF103QNO	ENCFF103QNO	ENCSR071XWO	ENCSR333BEL	BPNet	sequence contribution scores counts	bigWig	ChIP-seq	CTCF	gastrocnemius-medialis	medialis	muscle	musculature	none	counts	passed
ENCFF176FHB	ENCFF176FHB	ENCSR428BKN	ENCSR110KDN	BPNet	sequence contribution scores counts	bigWig	ChIP-seq	CTCF	gastrocnemius-medialis	medialis	muscle	musculature	none	counts	passed
ENCFF237MCV	ENCFF237MCV	ENCSR594NSU	ENCSR549TOP	BPNet	sequence contribution scores counts	bigWig	ChIP-seq	CTCF	gastrocnemius-medialis	medialis	muscle	musculature	none	counts	passed
ENCFF326KQX	ENCFF326KQX	ENCSR998NQG	ENCSR362SBX	BPNet	sequence contribution scores counts	bigWig	ChIP-seq	CTCF	gastrocnemius-medialis	medialis	muscle	musculature	none	counts	passed
ENCFF099IHK	ENCFF099IHK	ENCSR206ETG	ENCSR176KHX	BPNet	sequence contribution scores counts	bigWig	ChIP-seq	CTCF	gastroesophageal-sphincter	esophag	stomach	digestive-system	none	counts	passed
ENCFF109XYF	ENCFF109XYF	ENCSR186NVR	ENCSR016LLR	BPNet	sequence contribution scores counts	bigWig	ChIP-seq	CTCF	gastroesophageal-sphincter	esophag	stomach	digestive-system	none	counts	passed
ENCFF579FPV	ENCFF579FPV	ENCSR146BGM	ENCSR275BUX	BPNet	sequence contribution scores counts	bigWig	ChIP-seq	CTCF	gastroesophageal-sphincter	esophag	stomach	digestive-system	none	counts	passed
ENCFF816NVZ	ENCFF816NVZ	ENCSR298ZPF	ENCSR131CQW	BPNet	sequence contribution scores counts	bigWig	ChIP-seq	CTCF	gastroesophageal-sphincter	esophag	stomach	digestive-system	none	counts	passed
ENCFF883EDC	ENCFF883EDC	ENCSR805YLE	ENCSR686NPX	BPNet	sequence contribution scores counts	bigWig	ChIP-seq	CTCF	gastroesophageal-sphincter	esophag	stomach	digestive-system	none	counts	passed
ENCFF939IEG	ENCFF939IEG	ENCSR661XNQ	ENCSR650AHN	BPNet	sequence contribution scores counts	bigWig	ChIP-seq	CTCF	gastroesophageal-sphincter	esophag	stomach	digestive-system	none	counts	passed
ENCFF650MTX	ENCFF650MTX	ENCSR489QDF	ENCSR445PKJ	BPNet	sequence contribution scores counts	bigWig	ChIP-seq	CTCF	glutamatergic-neuron	neuron	nerve	central-nervous-system	none	counts	passed
ENCFF011BGK	ENCFF011BGK	ENCSR825NXC	ENCSR469EFI	BPNet	sequence contribution scores counts	bigWig	ChIP-seq	CTCF	heart-left-ventricle	heart	heart	circulatory-system	none	counts	passed
ENCFF061VTC	ENCFF061VTC	ENCSR834XPX	ENCSR003EBX	BPNet	sequence contribution scores counts	bigWig	ChIP-seq	CTCF	heart-left-ventricle	heart	heart	circulatory-system	none	counts	passed
ENCFF300NAX	ENCFF300NAX	ENCSR350NBQ	ENCSR349KLJ	BPNet	sequence contribution scores counts	bigWig	ChIP-seq	CTCF	heart-left-ventricle	heart	heart	circulatory-system	none	counts	passed
ENCFF600RSG	ENCFF600RSG	ENCSR904RIA	ENCSR248QOW	BPNet	sequence contribution scores counts	bigWig	ChIP-seq	CTCF	heart-left-ventricle	heart	heart	circulatory-system	none	counts	passed
ENCFF602MZZ	ENCFF602MZZ	ENCSR565HBN	ENCSR868KFG	BPNet	sequence contribution scores counts	bigWig	ChIP-seq	CTCF	heart-left-ventricle	heart	heart	circulatory-system	none	counts	passed
ENCFF645WXK	ENCFF645WXK	ENCSR791AYW	ENCSR008DFV	BPNet	sequence contribution scores counts	bigWig	ChIP-seq	CTCF	heart-left-ventricle	heart	heart	circulatory-system	none	counts	passed
ENCFF693FNE	ENCFF693FNE	ENCSR461HOC	ENCSR715LMF	BPNet	sequence contribution scores counts	bigWig	ChIP-seq	CTCF	heart-left-ventricle	heart	heart	circulatory-system	none	counts	passed
ENCFF703XIA	ENCFF703XIA	ENCSR544APK	ENCSR573LUK	BPNet	sequence contribution scores counts	bigWig	ChIP-seq	CTCF	heart-left-ventricle	heart	heart	circulatory-system	none	counts	passed
ENCFF830BMY	ENCFF830BMY	ENCSR881YFU	ENCSR164NLQ	BPNet	sequence contribution scores counts	bigWig	ChIP-seq	CTCF	heart-left-ventricle	heart	heart	circulatory-system	none	counts	passed
ENCFF847CJM	ENCFF847CJM	ENCSR778ZPK	ENCSR025NXO	BPNet	sequence contribution scores counts	bigWig	ChIP-seq	CTCF	heart-left-ventricle	heart	heart	circulatory-system	none	counts	passed
ENCFF857XXT	ENCFF857XXT	ENCSR355PMV	ENCSR078MYC	BPNet	sequence contribution scores counts	bigWig	ChIP-seq	CTCF	heart-left-ventricle	heart	heart	circulatory-system	none	counts	passed
ENCFF882GFX	ENCFF882GFX	ENCSR296JFK	ENCSR395DVX	BPNet	sequence contribution scores counts	bigWig	ChIP-seq	CTCF	heart-left-ventricle	heart	heart	circulatory-system	none	counts	passed
ENCFF959DME	ENCFF959DME	ENCSR578AKX	ENCSR770GGU	BPNet	sequence contribution scores counts	bigWig	ChIP-seq	CTCF	heart-left-ventricle	heart	heart	circulatory-system	none	counts	passed
ENCFF975KHA	ENCFF975KHA	ENCSR718SDR	ENCSR632DRZ	BPNet	sequence contribution scores counts	bigWig	ChIP-seq	CTCF	heart-left-ventricle	heart	heart	circulatory-system	none	counts	passed
ENCFF101KKT	ENCFF101KKT	ENCSR105KGD	ENCSR088AMF	BPNet	sequence contribution scores counts	bigWig	ChIP-seq	CTCF	heart-right-ventricle	heart	heart	circulatory-system	none	counts	passed
ENCFF190QLV	ENCFF190QLV	ENCSR585JVS	ENCSR932SYD	BPNet	sequence contribution scores counts	bigWig	ChIP-seq	CTCF	heart-right-ventricle	heart	heart	circulatory-system	none	counts	passed
ENCFF235NBU	ENCFF235NBU	ENCSR138FTN	ENCSR601CJR	BPNet	sequence contribution scores counts	bigWig	ChIP-seq	CTCF	heart-right-ventricle	heart	heart	circulatory-system	none	counts	passed
ENCFF254KCU	ENCFF254KCU	ENCSR505RTK	ENCSR325CRC	BPNet	sequence contribution scores counts	bigWig	ChIP-seq	CTCF	heart-right-ventricle	heart	heart	circulatory-system	none	counts	passed
ENCFF280DCC	ENCFF280DCC	ENCSR473DVS	ENCSR788INN	BPNet	sequence contribution scores counts	bigWig	ChIP-seq	CTCF	heart-right-ventricle	heart	heart	circulatory-system	none	counts	passed
ENCFF300ELY	ENCFF300ELY	ENCSR928RNP	ENCSR616WTU	BPNet	sequence contribution scores counts	bigWig	ChIP-seq	CTCF	heart-right-ventricle	heart	heart	circulatory-system	none	counts	passed
ENCFF415SZG	ENCFF415SZG	ENCSR376EOW	ENCSR287YDH	BPNet	sequence contribution scores counts	bigWig	ChIP-seq	CTCF	heart-right-ventricle	heart	heart	circulatory-system	none	counts	passed
ENCFF433MXO	ENCFF433MXO	ENCSR840EYN	ENCSR625KKR	BPNet	sequence contribution scores counts	bigWig	ChIP-seq	CTCF	heart-right-ventricle	heart	heart	circulatory-system	none	counts	passed
ENCFF512IBC	ENCFF512IBC	ENCSR587KPW	ENCSR489DNU	BPNet	sequence contribution scores counts	bigWig	ChIP-seq	CTCF	heart-right-ventricle	heart	heart	circulatory-system	none	counts	passed
ENCFF553UHO	ENCFF553UHO	ENCSR323ZAP	ENCSR760DOP	BPNet	sequence contribution scores counts	bigWig	ChIP-seq	CTCF	heart-right-ventricle	heart	heart	circulatory-system	none	counts	passed
ENCFF695HWX	ENCFF695HWX	ENCSR089NBS	ENCSR081IKT	BPNet	sequence contribution scores counts	bigWig	ChIP-seq	CTCF	heart-right-ventricle	heart	heart	circulatory-system	none	counts	passed
ENCFF224OGC	ENCFF224OGC	ENCSR252QYR	ENCSR525ROU	BPNet	sequence contribution scores counts	bigWig	ChIP-seq	CTCF	hepatocyte	hepato	liver	digestive-system	none	counts	passed
ENCFF013LUK	ENCFF013LUK	ENCSR000DWX	ENCSR551IVT	BPNet	sequence contribution scores counts	bigWig	ChIP-seq	CTCF	keratinocyte	keratinocyte	skin	integumental-system	none	counts	passed
ENCFF048IPE	ENCFF048IPE	ENCSR000DNC	ENCSR782QKV	BPNet	sequence contribution scores counts	bigWig	ChIP-seq	CTCF	keratinocyte	keratinocyte	skin	integumental-system	none	counts	passed
ENCFF670CMG	ENCFF670CMG	ENCSR000ALJ	ENCSR463ELC	BPNet	sequence contribution scores counts	bigWig	ChIP-seq	CTCF	keratinocyte	keratinocyte	skin	integumental-system	none	counts	passed
ENCFF626KSS	ENCFF626KSS	ENCSR000DMC	ENCSR551FFQ	BPNet	sequence contribution scores counts	bigWig	ChIP-seq	CTCF	kidney	kidney	kidney	excretory-system	none	counts	passed
ENCFF598DXI	ENCFF598DXI	ENCSR000DVH	ENCSR607PEH	BPNet	sequence contribution scores counts	bigWig	ChIP-seq	CTCF	kidney-epithelial-cell	epithelial	epithelial	integumental-system	none	counts	passed
ENCFF486ZRH	ENCFF486ZRH	ENCSR736PZW	ENCSR262QVN	BPNet	sequence contribution scores counts	bigWig	ChIP-seq	CTCF	left-lung	lung	lung	respiratory-system	none	counts	passed
ENCFF904WIH	ENCFF904WIH	ENCSR255SQR	ENCSR105FZO	BPNet	sequence contribution scores counts	bigWig	ChIP-seq	CTCF	left-lung	lung	lung	respiratory-system	none	counts	passed
ENCFF253UGI	ENCFF253UGI	ENCSR068HEE	ENCSR134HNL	BPNet	sequence contribution scores counts	bigWig	ChIP-seq	CTCF	left-ventricle-myocardium-inferior	ventricle	heart	circulatory-system	none	counts	passed
ENCFF447LNZ	ENCFF447LNZ	ENCSR254YRM	ENCSR430UIV	BPNet	sequence contribution scores counts	bigWig	ChIP-seq	CTCF	liver	liver	liver	digestive-system	none	counts	passed
ENCFF784KGJ	ENCFF784KGJ	ENCSR252XWG	ENCSR859OWB	BPNet	sequence contribution scores counts	bigWig	ChIP-seq	CTCF	lower-leg-skin	skin	skin	integumental-system	none	counts	passed
ENCFF140DLX	ENCFF140DLX	ENCSR195POA	ENCSR437REB	BPNet	sequence contribution scores counts	bigWig	ChIP-seq	CTCF	lower-lobe-of-left-lung	lung	lung	respiratory-system	none	counts	passed
ENCFF944NNS	ENCFF944NNS	ENCSR133AFF	ENCSR108URW	BPNet	sequence contribution scores counts	bigWig	ChIP-seq	CTCF	lower-lobe-of-left-lung	lung	lung	respiratory-system	none	counts	passed
ENCFF993BXH	ENCFF993BXH	ENCSR863HZM	ENCSR619FPQ	BPNet	sequence contribution scores counts	bigWig	ChIP-seq	CTCF	lower-lobe-of-right-lung	lung	lung	respiratory-system	none	counts	passed
ENCFF186ZLD	ENCFF186ZLD	ENCSR000DMH	ENCSR127LIU	BPNet	sequence contribution scores counts	bigWig	ChIP-seq	CTCF	lung	lung	lung	respiratory-system	none	counts	passed
ENCFF200DBP	ENCFF200DBP	ENCSR000DUS	ENCSR101RHS	BPNet	sequence contribution scores counts	bigWig	ChIP-seq	CTCF	mammary-epithelial-cell	epithelial	epithelial	integumental-system	none	counts	passed
ENCFF548LKM	ENCFF548LKM	ENCSR000ALV	ENCSR270VTJ	BPNet	sequence contribution scores counts	bigWig	ChIP-seq	CTCF	mammary-epithelial-cell	epithelial	epithelial	integumental-system	none	counts	passed
ENCFF796JOW	ENCFF796JOW	ENCSR647SQF	ENCSR455DWB	BPNet	sequence contribution scores counts	bigWig	ChIP-seq	CTCF	mesothelial-cell-of-epicardium	epicardium	heart	circulatory-system	none	counts	passed
ENCFF633VDD	ENCFF633VDD	ENCSR038VWU	ENCSR295BWW	BPNet	sequence contribution scores counts	bigWig	ChIP-seq	CTCF	mucosa-of-descending-colon	colon	large-intestine	digestive-system	none	counts	passed
ENCFF523SRP	ENCFF523SRP	ENCSR000ANS	ENCSR476TGO	BPNet	sequence contribution scores counts	bigWig	ChIP-seq	CTCF	myotube	myotube	muscle	musculature	none	counts	passed
ENCFF314EWU	ENCFF314EWU	ENCSR856TKC	ENCSR686ZIO	BPNet	sequence contribution scores counts	bigWig	ChIP-seq	CTCF	natural-killer-cell	killer	immune	immune-system	none	counts	passed
ENCFF468AJK	ENCFF468AJK	ENCSR966OUM	ENCSR352YYZ	BPNet	sequence contribution scores counts	bigWig	ChIP-seq	CTCF	nephron	nephron	kidney	excretory-system	none	counts	passed
ENCFF705EEI	ENCFF705EEI	ENCSR194WQV	ENCSR404EXQ	BPNet	sequence contribution scores counts	bigWig	ChIP-seq	CTCF	nephron	nephron	kidney	excretory-system	none	counts	passed
ENCFF846FUK	ENCFF846FUK	ENCSR266ZUX	ENCSR372ZDP	BPNet	sequence contribution scores counts	bigWig	ChIP-seq	CTCF	nephron	nephron	kidney	excretory-system	none	counts	passed
ENCFF673MFS	ENCFF673MFS	ENCSR799GJD	ENCSR008NLN	BPNet	sequence contribution scores counts	bigWig	ChIP-seq	CTCF	nephron-progenitor-cell	nephron	kidney	excretory-system	none	counts	passed
ENCFF187JXS	ENCFF187JXS	ENCSR822CEA	ENCSR031QLT	BPNet	sequence contribution scores counts	bigWig	ChIP-seq	CTCF	neural-cell	neural	nerve	central-nervous-system	none	counts	passed
ENCFF178QBX	ENCFF178QBX	ENCSR218MVT	ENCSR131TMB	BPNet	sequence contribution scores counts	bigWig	ChIP-seq	CTCF	neural-crest-cell	neural	nerve	central-nervous-system	none	counts	passed
ENCFF139WUZ	ENCFF139WUZ	ENCSR260FAS	ENCSR281EXL	BPNet	sequence contribution scores counts	bigWig	ChIP-seq	CTCF	neural-progenitor-cell	neural	nerve	central-nervous-system	none	counts	passed
ENCFF929XIV	ENCFF929XIV	ENCSR125NBL	ENCSR428GEX	BPNet	sequence contribution scores counts	bigWig	ChIP-seq	CTCF	neural-progenitor-cell	neural	nerve	central-nervous-system	none	counts	passed
ENCFF400HKC	ENCFF400HKC	ENCSR785YRL	ENCSR756LRY	BPNet	sequence contribution scores counts	bigWig	ChIP-seq	CTCF	neutrophil	cell-line	cell-line	cell-line	none	counts	passed
ENCFF492WFV	ENCFF492WFV	ENCSR225OKX	ENCSR099PRX	BPNet	sequence contribution scores counts	bigWig	ChIP-seq	CTCF	omental-fat-pad	fat	skin	integumental-system	none	counts	passed
ENCFF137XYD	ENCFF137XYD	ENCSR000APF	ENCSR645FGW	BPNet	sequence contribution scores counts	bigWig	ChIP-seq	CTCF	osteoblast	cell-line	cell-line	cell-line	none	counts	passed
ENCFF708ZCT	ENCFF708ZCT	ENCSR300DWM	ENCSR173HHH	BPNet	sequence contribution scores counts	bigWig	ChIP-seq	CTCF	osteocyte	osteocyte	bone	skeletal-system	none	counts	passed
ENCFF439BDM	ENCFF439BDM	ENCSR548DDS	ENCSR837MDI	BPNet	sequence contribution scores counts	bigWig	ChIP-seq	CTCF	ovary	ovary	ovary	reproductive-system	none	counts	passed
ENCFF618XMU	ENCFF618XMU	ENCSR493APD	ENCSR323LBL	BPNet	sequence contribution scores counts	bigWig	ChIP-seq	CTCF	ovary	ovary	ovary	reproductive-system	none	counts	passed
ENCFF750WLJ	ENCFF750WLJ	ENCSR934GQS	ENCSR183LYL	BPNet	sequence contribution scores counts	bigWig	ChIP-seq	CTCF	ovary	ovary	ovary	reproductive-system	none	counts	passed
ENCFF653EMF	ENCFF653EMF	ENCSR113COJ	ENCSR481SCY	BPNet	sequence contribution scores counts	bigWig	ChIP-seq	CTCF	pancreas	pancreas	pancreas	digestive-system	none	counts	passed
ENCFF746WER	ENCFF746WER	ENCSR000DND	ENCSR431LWM	BPNet	sequence contribution scores counts	bigWig	ChIP-seq	CTCF	pancreas	pancreas	pancreas	digestive-system	none	counts	passed
ENCFF815JMQ	ENCFF815JMQ	ENCSR253ALG	ENCSR465DTI	BPNet	sequence contribution scores counts	bigWig	ChIP-seq	CTCF	pancreas	pancreas	pancreas	digestive-system	none	counts	passed
ENCFF877FAO	ENCFF877FAO	ENCSR774PGN	ENCSR431SPK	BPNet	sequence contribution scores counts	bigWig	ChIP-seq	CTCF	pancreas	pancreas	pancreas	digestive-system	none	counts	passed
ENCFF940JUI	ENCFF940JUI	ENCSR852BLA	ENCSR362ECX	BPNet	sequence contribution scores counts	bigWig	ChIP-seq	CTCF	pancreas	pancreas	pancreas	digestive-system	none	counts	passed
ENCFF369BOV	ENCFF369BOV	ENCSR291YNH	ENCSR658NCK	BPNet	sequence contribution scores counts	bigWig	ChIP-seq	CTCF	placenta	placenta	placenta	reproductive-system	none	counts	passed
ENCFF397FXK	ENCFF397FXK	ENCSR901NIN	ENCSR772WOB	BPNet	sequence contribution scores counts	bigWig	ChIP-seq	CTCF	progenitor-cell-of-endocrine-pancreas	pancreas	pancreas	digestive-system	none	counts	passed
ENCFF093MJY	ENCFF093MJY	ENCSR720USO	ENCSR774CHZ	BPNet	sequence contribution scores counts	bigWig	ChIP-seq	CTCF	prostate-gland	prostate	testis	reproductive-system	none	counts	passed
ENCFF382WBQ	ENCFF382WBQ	ENCSR829HTO	ENCSR092FZF	BPNet	sequence contribution scores counts	bigWig	ChIP-seq	CTCF	prostate-gland	prostate	testis	reproductive-system	none	counts	passed
ENCFF512KHI	ENCFF512KHI	ENCSR230ORT	ENCSR242VPF	BPNet	sequence contribution scores counts	bigWig	ChIP-seq	CTCF	prostate-gland	prostate	testis	reproductive-system	none	counts	passed
ENCFF916NTS	ENCFF916NTS	ENCSR946MNG	ENCSR510ORC	BPNet	sequence contribution scores counts	bigWig	ChIP-seq	CTCF	prostate-gland	prostate	testis	reproductive-system	none	counts	passed
ENCFF508SPJ	ENCFF508SPJ	ENCSR984IUE	ENCSR838QYE	BPNet	sequence contribution scores counts	bigWig	ChIP-seq	CTCF	psoas-muscle	muscle	muscle	musculature	none	counts	passed
ENCFF240WVC	ENCFF240WVC	ENCSR000DVI	ENCSR185MST	BPNet	sequence contribution scores counts	bigWig	ChIP-seq	CTCF	retinal-pigment-epithelial-cell	epithelial	epithelial	integumental-system	none	counts	passed
ENCFF166NFG	ENCFF166NFG	ENCSR066GBX	ENCSR564QNO	BPNet	sequence contribution scores counts	bigWig	ChIP-seq	CTCF	right-atrium-auricular-region	atrium	heart	circulatory-system	none	counts	passed
ENCFF174RVG	ENCFF174RVG	ENCSR232OFD	ENCSR557FKB	BPNet	sequence contribution scores counts	bigWig	ChIP-seq	CTCF	right-atrium-auricular-region	atrium	heart	circulatory-system	none	counts	passed
ENCFF511EOK	ENCFF511EOK	ENCSR401KRN	ENCSR541ODB	BPNet	sequence contribution scores counts	bigWig	ChIP-seq	CTCF	right-atrium-auricular-region	atrium	heart	circulatory-system	none	counts	passed
ENCFF059EKC	ENCFF059EKC	ENCSR000VGD	ENCSR933NFV	BPNet	sequence contribution scores counts	bigWig	ChIP-seq	CTCF	right-lobe-of-liver	liver	liver	digestive-system	none	counts	passed
ENCFF127NMM	ENCFF127NMM	ENCSR839NFL	ENCSR686AGK	BPNet	sequence contribution scores counts	bigWig	ChIP-seq	CTCF	right-lobe-of-liver	liver	liver	digestive-system	none	counts	passed
ENCFF685BMV	ENCFF685BMV	ENCSR911GFJ	ENCSR949KOB	BPNet	sequence contribution scores counts	bigWig	ChIP-seq	CTCF	right-lobe-of-liver	liver	liver	digestive-system	none	counts	passed
ENCFF824TJE	ENCFF824TJE	ENCSR837OOH	ENCSR360JKL	BPNet	sequence contribution scores counts	bigWig	ChIP-seq	CTCF	right-lobe-of-liver	liver	liver	digestive-system	none	counts	passed
ENCFF419RBU	ENCFF419RBU	ENCSR925GDS	ENCSR325SKA	BPNet	sequence contribution scores counts	bigWig	ChIP-seq	CTCF	sigmoid-colon	colon	large-intestine	digestive-system	none	counts	passed
ENCFF453QBX	ENCFF453QBX	ENCSR857RJQ	ENCSR972EIV	BPNet	sequence contribution scores counts	bigWig	ChIP-seq	CTCF	sigmoid-colon	colon	large-intestine	digestive-system	none	counts	passed
ENCFF555SLC	ENCFF555SLC	ENCSR721AHD	ENCSR523MJC	BPNet	sequence contribution scores counts	bigWig	ChIP-seq	CTCF	sigmoid-colon	colon	large-intestine	digestive-system	none	counts	passed
ENCFF681CNY	ENCFF681CNY	ENCSR222SQE	ENCSR375WGZ	BPNet	sequence contribution scores counts	bigWig	ChIP-seq	CTCF	sigmoid-colon	colon	large-intestine	digestive-system	none	counts	passed
ENCFF743RWM	ENCFF743RWM	ENCSR000ANE	ENCSR148IZB	BPNet	sequence contribution scores counts	bigWig	ChIP-seq	CTCF	skeletal-muscle-myoblast	muscle	muscle	musculature	none	counts	passed
ENCFF625IIX	ENCFF625IIX	ENCSR261VAS	ENCSR801SLD	BPNet	sequence contribution scores counts	bigWig	ChIP-seq	CTCF	smooth-muscle-cell	muscle	muscle	musculature	none	counts	passed
ENCFF009MBH	ENCFF009MBH	ENCSR595BPR	ENCSR152KNT	BPNet	sequence contribution scores counts	bigWig	ChIP-seq	CTCF	spleen	spleen	spleen	endocrine-system	none	counts	passed
ENCFF179WHY	ENCFF179WHY	ENCSR482PMN	ENCSR587YQB	BPNet	sequence contribution scores counts	bigWig	ChIP-seq	CTCF	spleen	spleen	spleen	endocrine-system	none	counts	passed
ENCFF198DVL	ENCFF198DVL	ENCSR028YEV	ENCSR729PQJ	BPNet	sequence contribution scores counts	bigWig	ChIP-seq	CTCF	spleen	spleen	spleen	endocrine-system	none	counts	passed
ENCFF488HUR	ENCFF488HUR	ENCSR266CJT	ENCSR103WPA	BPNet	sequence contribution scores counts	bigWig	ChIP-seq	CTCF	spleen	spleen	spleen	endocrine-system	none	counts	passed
ENCFF524EEA	ENCFF524EEA	ENCSR961SKY	ENCSR977SBI	BPNet	sequence contribution scores counts	bigWig	ChIP-seq	CTCF	spleen	spleen	spleen	endocrine-system	none	counts	passed
ENCFF555JNX	ENCFF555JNX	ENCSR225YGX	ENCSR082VPZ	BPNet	sequence contribution scores counts	bigWig	ChIP-seq	CTCF	spleen	spleen	spleen	endocrine-system	none	counts	passed
ENCFF615GRQ	ENCFF615GRQ	ENCSR234HEM	ENCSR700WKB	BPNet	sequence contribution scores counts	bigWig	ChIP-seq	CTCF	spleen	spleen	spleen	endocrine-system	none	counts	passed
ENCFF671ZXR	ENCFF671ZXR	ENCSR343RJH	ENCSR179EGZ	BPNet	sequence contribution scores counts	bigWig	ChIP-seq	CTCF	spleen	spleen	spleen	endocrine-system	none	counts	passed
ENCFF691QSQ	ENCFF691QSQ	ENCSR000DNI	ENCSR896AXL	BPNet	sequence contribution scores counts	bigWig	ChIP-seq	CTCF	spleen	spleen	spleen	endocrine-system	none	counts	passed
ENCFF691ZRV	ENCFF691ZRV	ENCSR967BSF	ENCSR501GMR	BPNet	sequence contribution scores counts	bigWig	ChIP-seq	CTCF	spleen	spleen	spleen	endocrine-system	none	counts	passed
ENCFF780XNM	ENCFF780XNM	ENCSR601FEB	ENCSR238LOA	BPNet	sequence contribution scores counts	bigWig	ChIP-seq	CTCF	spleen	spleen	spleen	endocrine-system	none	counts	passed
ENCFF938PCY	ENCFF938PCY	ENCSR692ILH	ENCSR538GXZ	BPNet	sequence contribution scores counts	bigWig	ChIP-seq	CTCF	spleen	spleen	spleen	endocrine-system	none	counts	passed
ENCFF957WDZ	ENCFF957WDZ	ENCSR466TNQ	ENCSR025HVE	BPNet	sequence contribution scores counts	bigWig	ChIP-seq	CTCF	spleen	spleen	spleen	endocrine-system	none	counts	passed
ENCFF034HIZ	ENCFF034HIZ	ENCSR549WAU	ENCSR714QWP	BPNet	sequence contribution scores counts	bigWig	ChIP-seq	CTCF	stomach	stomach	stomach	digestive-system	none	counts	passed
ENCFF111DWU	ENCFF111DWU	ENCSR361KVZ	ENCSR702HRP	BPNet	sequence contribution scores counts	bigWig	ChIP-seq	CTCF	stomach	stomach	stomach	digestive-system	none	counts	passed
ENCFF329VAJ	ENCFF329VAJ	ENCSR185CCV	ENCSR347XWJ	BPNet	sequence contribution scores counts	bigWig	ChIP-seq	CTCF	stomach	stomach	stomach	digestive-system	none	counts	passed
ENCFF513SXF	ENCFF513SXF	ENCSR037GKL	ENCSR941MYR	BPNet	sequence contribution scores counts	bigWig	ChIP-seq	CTCF	stomach	stomach	stomach	digestive-system	none	counts	passed
ENCFF971GFB	ENCFF971GFB	ENCSR173AIR	ENCSR364NWB	BPNet	sequence contribution scores counts	bigWig	ChIP-seq	CTCF	stomach	stomach	stomach	digestive-system	none	counts	passed
ENCFF070MGD	ENCFF070MGD	ENCSR485VQV	ENCSR537HGK	BPNet	sequence contribution scores counts	bigWig	ChIP-seq	CTCF	suprapubic-skin	skin	skin	integumental-system	none	counts	passed
ENCFF545WNI	ENCFF545WNI	ENCSR756KRS	ENCSR809MWA	BPNet	sequence contribution scores counts	bigWig	ChIP-seq	CTCF	suprapubic-skin	skin	skin	integumental-system	none	counts	passed
ENCFF888BZG	ENCFF888BZG	ENCSR515LRI	ENCSR897VGC	BPNet	sequence contribution scores counts	bigWig	ChIP-seq	CTCF	suprapubic-skin	skin	skin	integumental-system	none	counts	passed
ENCFF072VVE	ENCFF072VVE	ENCSR981CID	ENCSR791EEQ	BPNet	sequence contribution scores counts	bigWig	ChIP-seq	CTCF	testis	testis	testis	reproductive-system	none	counts	passed
ENCFF233GXY	ENCFF233GXY	ENCSR753RME	ENCSR037QZH	BPNet	sequence contribution scores counts	bigWig	ChIP-seq	CTCF	testis	testis	testis	reproductive-system	none	counts	passed
ENCFF672RTI	ENCFF672RTI	ENCSR494TNM	ENCSR261GQD	BPNet	sequence contribution scores counts	bigWig	ChIP-seq	CTCF	testis	testis	testis	reproductive-system	none	counts	passed
ENCFF415BXN	ENCFF415BXN	ENCSR549TXG	ENCSR236LRV	BPNet	sequence contribution scores counts	bigWig	ChIP-seq	CTCF	thoracic-aorta	aorta	blood-vessel	circulatory-system	none	counts	passed
ENCFF618KKF	ENCFF618KKF	ENCSR668BTN	ENCSR021JLV	BPNet	sequence contribution scores counts	bigWig	ChIP-seq	CTCF	thoracic-aorta	aorta	blood-vessel	circulatory-system	none	counts	passed
ENCFF053FSY	ENCFF053FSY	ENCSR331OGX	ENCSR457LFM	BPNet	sequence contribution scores counts	bigWig	ChIP-seq	CTCF	thyroid-gland	thyroid	thyroid	endocrine-system	none	counts	passed
ENCFF256JAR	ENCFF256JAR	ENCSR744YJR	ENCSR722PLM	BPNet	sequence contribution scores counts	bigWig	ChIP-seq	CTCF	thyroid-gland	thyroid	thyroid	endocrine-system	none	counts	passed
ENCFF265YUO	ENCFF265YUO	ENCSR505ZGX	ENCSR409HVZ	BPNet	sequence contribution scores counts	bigWig	ChIP-seq	CTCF	thyroid-gland	thyroid	thyroid	endocrine-system	none	counts	passed
ENCFF277BKM	ENCFF277BKM	ENCSR033KMZ	ENCSR455OZY	BPNet	sequence contribution scores counts	bigWig	ChIP-seq	CTCF	thyroid-gland	thyroid	thyroid	endocrine-system	none	counts	passed
ENCFF299VLE	ENCFF299VLE	ENCSR492ZIW	ENCSR614KWL	BPNet	sequence contribution scores counts	bigWig	ChIP-seq	CTCF	thyroid-gland	thyroid	thyroid	endocrine-system	none	counts	passed
ENCFF878HON	ENCFF878HON	ENCSR955BIB	ENCSR535ZZH	BPNet	sequence contribution scores counts	bigWig	ChIP-seq	CTCF	thyroid-gland	thyroid	thyroid	endocrine-system	none	counts	passed
ENCFF915YQW	ENCFF915YQW	ENCSR145HBC	ENCSR144BSP	BPNet	sequence contribution scores counts	bigWig	ChIP-seq	CTCF	thyroid-gland	thyroid	thyroid	endocrine-system	none	counts	passed
ENCFF113AGD	ENCFF113AGD	ENCSR079YAP	ENCSR694KSW	BPNet	sequence contribution scores counts	bigWig	ChIP-seq	CTCF	tibial-artery	artery	blood-vessel	circulatory-system	none	counts	passed
ENCFF208AIC	ENCFF208AIC	ENCSR699BEK	ENCSR828ZNK	BPNet	sequence contribution scores counts	bigWig	ChIP-seq	CTCF	tibial-artery	artery	blood-vessel	circulatory-system	none	counts	passed
ENCFF120GCA	ENCFF120GCA	ENCSR469POZ	ENCSR584FMJ	BPNet	sequence contribution scores counts	bigWig	ChIP-seq	CTCF	tibial-nerve	nerve	nerve	peripheral-nervous-system	none	counts	passed
ENCFF126YYI	ENCFF126YYI	ENCSR875NEW	ENCSR551MYW	BPNet	sequence contribution scores counts	bigWig	ChIP-seq	CTCF	tibial-nerve	nerve	nerve	peripheral-nervous-system	none	counts	passed
ENCFF197GNT	ENCFF197GNT	ENCSR793YAD	ENCSR035AVH	BPNet	sequence contribution scores counts	bigWig	ChIP-seq	CTCF	tibial-nerve	nerve	nerve	peripheral-nervous-system	none	counts	passed
ENCFF212VOB	ENCFF212VOB	ENCSR689VEF	ENCSR121YAV	BPNet	sequence contribution scores counts	bigWig	ChIP-seq	CTCF	tibial-nerve	nerve	nerve	peripheral-nervous-system	none	counts	passed
ENCFF817KEV	ENCFF817KEV	ENCSR822PJT	ENCSR490SUU	BPNet	sequence contribution scores counts	bigWig	ChIP-seq	CTCF	tibial-nerve	nerve	nerve	peripheral-nervous-system	none	counts	passed
ENCFF900FCY	ENCFF900FCY	ENCSR434XLP	ENCSR883CCS	BPNet	sequence contribution scores counts	bigWig	ChIP-seq	CTCF	tibial-nerve	nerve	nerve	peripheral-nervous-system	none	counts	passed
ENCFF136TTM	ENCFF136TTM	ENCSR769WKR	ENCSR118KLN	BPNet	sequence contribution scores counts	bigWig	ChIP-seq	CTCF	transverse-colon	colon	large-intestine	digestive-system	none	counts	passed
ENCFF137MVJ	ENCFF137MVJ	ENCSR907BES	ENCSR119NPW	BPNet	sequence contribution scores counts	bigWig	ChIP-seq	CTCF	transverse-colon	colon	large-intestine	digestive-system	none	counts	passed
ENCFF200NDW	ENCFF200NDW	ENCSR833FWC	ENCSR722GKY	BPNet	sequence contribution scores counts	bigWig	ChIP-seq	CTCF	transverse-colon	colon	large-intestine	digestive-system	none	counts	passed
ENCFF251JAV	ENCFF251JAV	ENCSR608WPS	ENCSR438UFD	BPNet	sequence contribution scores counts	bigWig	ChIP-seq	CTCF	transverse-colon	colon	large-intestine	digestive-system	none	counts	passed
ENCFF321CUA	ENCFF321CUA	ENCSR558HTE	ENCSR494BOQ	BPNet	sequence contribution scores counts	bigWig	ChIP-seq	CTCF	transverse-colon	colon	large-intestine	digestive-system	none	counts	passed
ENCFF500ANW	ENCFF500ANW	ENCSR102CSD	ENCSR493APS	BPNet	sequence contribution scores counts	bigWig	ChIP-seq	CTCF	transverse-colon	colon	large-intestine	digestive-system	none	counts	passed
ENCFF733WKF	ENCFF733WKF	ENCSR449SEF	ENCSR478UGE	BPNet	sequence contribution scores counts	bigWig	ChIP-seq	CTCF	transverse-colon	colon	large-intestine	digestive-system	none	counts	passed
ENCFF861LPL	ENCFF861LPL	ENCSR236YGF	ENCSR292IMR	BPNet	sequence contribution scores counts	bigWig	ChIP-seq	CTCF	transverse-colon	colon	large-intestine	digestive-system	none	counts	passed
ENCFF918JDY	ENCFF918JDY	ENCSR458PYQ	ENCSR833ODX	BPNet	sequence contribution scores counts	bigWig	ChIP-seq	CTCF	type-B-pancreatic-cell	pancreatic	pancreas	digestive-system	none	counts	passed
ENCFF059IBT	ENCFF059IBT	ENCSR799TJD	ENCSR493WJZ	BPNet	sequence contribution scores counts	bigWig	ChIP-seq	CTCF	upper-lobe-of-left-lung	lung	lung	respiratory-system	none	counts	passed
ENCFF102ZXD	ENCFF102ZXD	ENCSR970UZD	ENCSR771GVO	BPNet	sequence contribution scores counts	bigWig	ChIP-seq	CTCF	upper-lobe-of-left-lung	lung	lung	respiratory-system	none	counts	passed
ENCFF576XND	ENCFF576XND	ENCSR972LYL	ENCSR064NKL	BPNet	sequence contribution scores counts	bigWig	ChIP-seq	CTCF	upper-lobe-of-left-lung	lung	lung	respiratory-system	none	counts	passed
ENCFF914VYZ	ENCFF914VYZ	ENCSR964BKO	ENCSR766YAQ	BPNet	sequence contribution scores counts	bigWig	ChIP-seq	CTCF	upper-lobe-of-left-lung	lung	lung	respiratory-system	none	counts	passed
ENCFF962FDC	ENCFF962FDC	ENCSR027FSZ	ENCSR427ESN	BPNet	sequence contribution scores counts	bigWig	ChIP-seq	CTCF	upper-lobe-of-left-lung	lung	lung	respiratory-system	none	counts	passed
ENCFF984RHG	ENCFF984RHG	ENCSR463XCZ	ENCSR269BYH	BPNet	sequence contribution scores counts	bigWig	ChIP-seq	CTCF	upper-lobe-of-left-lung	lung	lung	respiratory-system	none	counts	passed
ENCFF992ZTU	ENCFF992ZTU	ENCSR224WWI	ENCSR040DDI	BPNet	sequence contribution scores counts	bigWig	ChIP-seq	CTCF	upper-lobe-of-left-lung	lung	lung	respiratory-system	none	counts	passed
ENCFF730TCT	ENCFF730TCT	ENCSR164ASX	ENCSR082SMZ	BPNet	sequence contribution scores counts	bigWig	ChIP-seq	CTCF	upper-lobe-of-right-lung	lung	lung	respiratory-system	none	counts	passed
ENCFF133HQP	ENCFF133HQP	ENCSR392SFJ	ENCSR400TWQ	BPNet	sequence contribution scores counts	bigWig	ChIP-seq	CTCF	uterus	uterus	uterus	reproductive-system	none	counts	passed
ENCFF463IDJ	ENCFF463IDJ	ENCSR684PGO	ENCSR718POP	BPNet	sequence contribution scores counts	bigWig	ChIP-seq	CTCF	uterus	uterus	uterus	reproductive-system	none	counts	passed
ENCFF666QRF	ENCFF666QRF	ENCSR527TPP	ENCSR483OSA	BPNet	sequence contribution scores counts	bigWig	ChIP-seq	CTCF	uterus	uterus	uterus	reproductive-system	none	counts	passed
ENCFF801UNQ	ENCFF801UNQ	ENCSR798NVH	ENCSR249ADA	BPNet	sequence contribution scores counts	bigWig	ChIP-seq	CTCF	uterus	uterus	uterus	reproductive-system	none	counts	passed
ENCFF088VFO	ENCFF088VFO	ENCSR614HHL	ENCSR622WYX	BPNet	sequence contribution scores counts	bigWig	ChIP-seq	CTCF	vagina	cell-line	cell-line	cell-line	none	counts	passed
ENCFF408HOS	ENCFF408HOS	ENCSR606TNN	ENCSR135HOE	BPNet	sequence contribution scores counts	bigWig	ChIP-seq	CTCF	vagina	cell-line	cell-line	cell-line	none	counts	passed
ENCFF784VJE	ENCFF784VJE	ENCSR655ECZ	ENCSR221ZYT	BPNet	sequence contribution scores counts	bigWig	ChIP-seq	CTCF	vagina	cell-line	cell-line	cell-line	none	counts	passed
ENCFF590SFM	ENCFF590SFM	ENCSR000BNK	ENCSR197EFB	BPNet	sequence contribution scores counts	bigWig	ChIP-seq	CTCFL	K562	cell-line	cell-line	cell-line	none	counts	passed
ENCFF940ZJY	ENCFF940ZJY	ENCSR000DYR	ENCSR664ZPG	BPNet	sequence contribution scores counts	bigWig	ChIP-seq	CUX1	GM12878	cell-line	cell-line	cell-line	none	counts	passed
ENCFF547OTB	ENCFF547OTB	ENCSR178NTX	ENCSR103ZBY	BPNet	sequence contribution scores counts	bigWig	ChIP-seq	CUX1	K562	cell-line	cell-line	cell-line	none	counts	passed
ENCFF954MIQ	ENCFF954MIQ	ENCSR000EFO	ENCSR505YUX	BPNet	sequence contribution scores counts	bigWig	ChIP-seq	CUX1	K562	cell-line	cell-line	cell-line	none	counts	passed
ENCFF655ICG	ENCFF655ICG	ENCSR017CEO	ENCSR867JJN	BPNet	sequence contribution scores counts	bigWig	ChIP-seq	CUX1	MCF-7	cell-line	cell-line	cell-line	none	counts	passed
ENCFF933TSE	ENCFF933TSE	ENCSR387BVC	ENCSR171QCE	BPNet	sequence contribution scores counts	bigWig	ChIP-seq	DDIT3	K562	cell-line	cell-line	cell-line	none	counts	passed
ENCFF928WWI	ENCFF928WWI	ENCSR387SYS	ENCSR059IIP	BPNet	sequence contribution scores counts	bigWig	ChIP-seq	DEAF1	K562	cell-line	cell-line	cell-line	none	counts	passed
ENCFF370RZE	ENCFF370RZE	ENCSR272TOJ	ENCSR619SOZ	BPNet	sequence contribution scores counts	bigWig	ChIP-seq	DLX6	HepG2	cell-line	cell-line	cell-line	none	counts	passed
ENCFF728NAQ	ENCFF728NAQ	ENCSR091IQZ	ENCSR317BMS	BPNet	sequence contribution scores counts	bigWig	ChIP-seq	DMBX1	K562	cell-line	cell-line	cell-line	none	counts	passed
ENCFF687MBM	ENCFF687MBM	ENCSR015KAM	ENCSR196XSB	BPNet	sequence contribution scores counts	bigWig	ChIP-seq	DMTF1	K562	cell-line	cell-line	cell-line	none	counts	passed
ENCFF104SYZ	ENCFF104SYZ	ENCSR000EVM	ENCSR979WUZ	BPNet	sequence contribution scores counts	bigWig	ChIP-seq	E2F1	HeLa-S3	cell-line	cell-line	cell-line	none	counts	passed
ENCFF863YEY	ENCFF863YEY	ENCSR000EVJ	ENCSR511FGO	BPNet	sequence contribution scores counts	bigWig	ChIP-seq	E2F1	HeLa-S3	cell-line	cell-line	cell-line	none	counts	passed
ENCFF738LSW	ENCFF738LSW	ENCSR717ZZW	ENCSR386IGL	BPNet	sequence contribution scores counts	bigWig	ChIP-seq	E2F1	HepG2	cell-line	cell-line	cell-line	none	counts	passed
ENCFF423SXA	ENCFF423SXA	ENCSR153DWR	ENCSR650ADC	BPNet	sequence contribution scores counts	bigWig	ChIP-seq	E2F1	K562	cell-line	cell-line	cell-line	none	counts	passed
ENCFF516MFZ	ENCFF516MFZ	ENCSR563LLO	ENCSR529PNO	BPNet	sequence contribution scores counts	bigWig	ChIP-seq	E2F1	K562	cell-line	cell-line	cell-line	none	counts	passed
ENCFF712TUA	ENCFF712TUA	ENCSR720HUL	ENCSR316WMH	BPNet	sequence contribution scores counts	bigWig	ChIP-seq	E2F1	K562	cell-line	cell-line	cell-line	none	counts	passed
ENCFF414KTT	ENCFF414KTT	ENCSR000EWX	ENCSR250WBG	BPNet	sequence contribution scores counts	bigWig	ChIP-seq	E2F1	MCF-7	cell-line	cell-line	cell-line	none	counts	passed
ENCFF873BEW	ENCFF873BEW	ENCSR836SPL	ENCSR660YFG	BPNet	sequence contribution scores counts	bigWig	ChIP-seq	E2F1	WTC11	cell-line	cell-line	cell-line	none	counts	passed
ENCFF885RHC	ENCFF885RHC	ENCSR013RNH	ENCSR093EEJ	BPNet	sequence contribution scores counts	bigWig	ChIP-seq	E2F2	HepG2	cell-line	cell-line	cell-line	none	counts	passed
ENCFF852AIF	ENCFF852AIF	ENCSR036QIR	ENCSR985PEG	BPNet	sequence contribution scores counts	bigWig	ChIP-seq	E2F3	K562	cell-line	cell-line	cell-line	none	counts	passed
ENCFF840SBK	ENCFF840SBK	ENCSR000DYY	ENCSR914CPB	BPNet	sequence contribution scores counts	bigWig	ChIP-seq	E2F4	GM12878	cell-line	cell-line	cell-line	none	counts	passed
ENCFF897VKT	ENCFF897VKT	ENCSR000EVL	ENCSR671EAM	BPNet	sequence contribution scores counts	bigWig	ChIP-seq	E2F4	HeLa-S3	cell-line	cell-line	cell-line	none	counts	passed
ENCFF933DPX	ENCFF933DPX	ENCSR924LSO	ENCSR747ZTJ	BPNet	sequence contribution scores counts	bigWig	ChIP-seq	E2F4	HepG2	cell-line	cell-line	cell-line	none	counts	passed
ENCFF808JBO	ENCFF808JBO	ENCSR368GJN	ENCSR584OCJ	BPNet	sequence contribution scores counts	bigWig	ChIP-seq	E2F4	K562	cell-line	cell-line	cell-line	none	counts	passed
ENCFF834GYI	ENCFF834GYI	ENCSR000EWL	ENCSR128HGV	BPNet	sequence contribution scores counts	bigWig	ChIP-seq	E2F4	K562	cell-line	cell-line	cell-line	none	counts	passed
ENCFF382CJG	ENCFF382CJG	ENCSR000DOR	ENCSR980THB	BPNet	sequence contribution scores counts	bigWig	ChIP-seq	E2F4	MCF-10A	cell-line	cell-line	cell-line	none	counts	passed
ENCFF600VMQ	ENCFF600VMQ	ENCSR264OKN	ENCSR688BPP	BPNet	sequence contribution scores counts	bigWig	ChIP-seq	E2F4	WTC11	cell-line	cell-line	cell-line	none	counts	passed
ENCFF510JRR	ENCFF510JRR	ENCSR000BTC	ENCSR643EQH	BPNet	sequence contribution scores counts	bigWig	ChIP-seq	E2F6	A549	cell-line	cell-line	cell-line	none	counts	passed
ENCFF374QKW	ENCFF374QKW	ENCSR000BSI	ENCSR665ZHK	BPNet	sequence contribution scores counts	bigWig	ChIP-seq	E2F6	H1	cell-line	cell-line	cell-line	none	counts	passed
ENCFF550GHK	ENCFF550GHK	ENCSR000EVK	ENCSR653MUZ	BPNet	sequence contribution scores counts	bigWig	ChIP-seq	E2F6	HeLa-S3	cell-line	cell-line	cell-line	none	counts	passed
ENCFF266SBA	ENCFF266SBA	ENCSR000EWJ	ENCSR350YIB	BPNet	sequence contribution scores counts	bigWig	ChIP-seq	E2F6	K562	cell-line	cell-line	cell-line	none	counts	passed
ENCFF631LRO	ENCFF631LRO	ENCSR000BLI	ENCSR471ZAF	BPNet	sequence contribution scores counts	bigWig	ChIP-seq	E2F6	K562	cell-line	cell-line	cell-line	none	counts	passed
ENCFF357HYM	ENCFF357HYM	ENCSR171CAY	ENCSR419OTG	BPNet	sequence contribution scores counts	bigWig	ChIP-seq	E2F7	K562	cell-line	cell-line	cell-line	none	counts	passed
ENCFF977TWH	ENCFF977TWH	ENCSR793HVL	ENCSR150VCL	BPNet	sequence contribution scores counts	bigWig	ChIP-seq	E2F8	GM12878	cell-line	cell-line	cell-line	none	counts	passed
ENCFF842PSG	ENCFF842PSG	ENCSR634GEO	ENCSR585ZGK	BPNet	sequence contribution scores counts	bigWig	ChIP-seq	E2F8	HepG2	cell-line	cell-line	cell-line	none	counts	passed
ENCFF358VTT	ENCFF358VTT	ENCSR953DVM	ENCSR493NOM	BPNet	sequence contribution scores counts	bigWig	ChIP-seq	E2F8	K562	cell-line	cell-line	cell-line	none	counts	passed
ENCFF264ITV	ENCFF264ITV	ENCSR897ZXU	ENCSR214PBV	BPNet	sequence contribution scores counts	bigWig	ChIP-seq	E2F8	MCF-7	cell-line	cell-line	cell-line	none	counts	passed
ENCFF023AYL	ENCFF023AYL	ENCSR439WAF	ENCSR691OIV	BPNet	sequence contribution scores counts	bigWig	ChIP-seq	E4F1	GM12878	cell-line	cell-line	cell-line	none	counts	passed
ENCFF158TNE	ENCFF158TNE	ENCSR731LHZ	ENCSR647ENX	BPNet	sequence contribution scores counts	bigWig	ChIP-seq	E4F1	K562	cell-line	cell-line	cell-line	none	counts	passed
ENCFF428ZYP	ENCFF428ZYP	ENCSR000DZQ	ENCSR457BBJ	BPNet	sequence contribution scores counts	bigWig	ChIP-seq	EBF1	GM12878	cell-line	cell-line	cell-line	none	counts	passed
ENCFF516VHR	ENCFF516VHR	ENCSR000BGU	ENCSR249YHP	BPNet	sequence contribution scores counts	bigWig	ChIP-seq	EBF1	GM12878	cell-line	cell-line	cell-line	none	counts	passed
ENCFF513VVS	ENCFF513VVS	ENCSR000BMQ	ENCSR141EXZ	BPNet	sequence contribution scores counts	bigWig	ChIP-seq	EGR1	GM12878	cell-line	cell-line	cell-line	none	counts	passed
ENCFF686IRZ	ENCFF686IRZ	ENCSR000BRG	ENCSR415CSY	BPNet	sequence contribution scores counts	bigWig	ChIP-seq	EGR1	GM12878	cell-line	cell-line	cell-line	none	counts	passed
ENCFF123RSA	ENCFF123RSA	ENCSR000BJA	ENCSR113DKE	BPNet	sequence contribution scores counts	bigWig	ChIP-seq	EGR1	H1	cell-line	cell-line	cell-line	none	counts	passed
ENCFF762HSO	ENCFF762HSO	ENCSR000BRZ	ENCSR752ARC	BPNet	sequence contribution scores counts	bigWig	ChIP-seq	EGR1	HCT116	cell-line	cell-line	cell-line	none	counts	passed
ENCFF116HFZ	ENCFF116HFZ	ENCSR026GSW	ENCSR358DTM	BPNet	sequence contribution scores counts	bigWig	ChIP-seq	EGR1	HepG2	cell-line	cell-line	cell-line	none	counts	passed
ENCFF604PKU	ENCFF604PKU	ENCSR000BSQ	ENCSR133QFY	BPNet	sequence contribution scores counts	bigWig	ChIP-seq	EGR1	Ishikawa	cell-line	cell-line	cell-line	none	counts	passed
ENCFF456ZLH	ENCFF456ZLH	ENCSR000BNE	ENCSR461IMZ	BPNet	sequence contribution scores counts	bigWig	ChIP-seq	EGR1	K562	cell-line	cell-line	cell-line	none	counts	passed
ENCFF788TRY	ENCFF788TRY	ENCSR211LTF	ENCSR531UJV	BPNet	sequence contribution scores counts	bigWig	ChIP-seq	EGR1	K562	cell-line	cell-line	cell-line	none	counts	passed
ENCFF942DIG	ENCFF942DIG	ENCSR024CNP	ENCSR706MJY	BPNet	sequence contribution scores counts	bigWig	ChIP-seq	EGR1	K562	cell-line	cell-line	cell-line	none	counts	passed
ENCFF867FTH	ENCFF867FTH	ENCSR000BUX	ENCSR764MGW	BPNet	sequence contribution scores counts	bigWig	ChIP-seq	EGR1	MCF-7	cell-line	cell-line	cell-line	none	counts	passed
ENCFF504WNW	ENCFF504WNW	ENCSR290ZOS	ENCSR774YHV	BPNet	sequence contribution scores counts	bigWig	ChIP-seq	EGR1	liver	liver	liver	digestive-system	none	counts	passed
ENCFF660XSV	ENCFF660XSV	ENCSR736BUG	ENCSR482OFY	BPNet	sequence contribution scores counts	bigWig	ChIP-seq	EGR1	liver	liver	liver	digestive-system	none	counts	passed
ENCFF493VLS	ENCFF493VLS	ENCSR919CZU	ENCSR905WNQ	BPNet	sequence contribution scores counts	bigWig	ChIP-seq	EGR2	HEK293	cell-line	cell-line	cell-line	none	counts	passed
ENCFF598XXP	ENCFF598XXP	ENCSR000BPT	ENCSR115KTR	BPNet	sequence contribution scores counts	bigWig	ChIP-seq	ELF1	A549	cell-line	cell-line	cell-line	none	counts	passed
ENCFF044BFQ	ENCFF044BFQ	ENCSR841NDX	ENCSR583JLE	BPNet	sequence contribution scores counts	bigWig	ChIP-seq	ELF1	GM12878	cell-line	cell-line	cell-line	none	counts	passed
ENCFF607SUQ	ENCFF607SUQ	ENCSR000BMB	ENCSR284EMN	BPNet	sequence contribution scores counts	bigWig	ChIP-seq	ELF1	GM12878	cell-line	cell-line	cell-line	none	counts	passed
ENCFF285MJS	ENCFF285MJS	ENCSR000BVH	ENCSR661QJF	BPNet	sequence contribution scores counts	bigWig	ChIP-seq	ELF1	HCT116	cell-line	cell-line	cell-line	none	counts	passed
ENCFF431NFT	ENCFF431NFT	ENCSR321VGW	ENCSR013GZY	BPNet	sequence contribution scores counts	bigWig	ChIP-seq	ELF1	HepG2	cell-line	cell-line	cell-line	none	counts	passed
ENCFF663VSI	ENCFF663VSI	ENCSR000BMZ	ENCSR242YWK	BPNet	sequence contribution scores counts	bigWig	ChIP-seq	ELF1	HepG2	cell-line	cell-line	cell-line	none	counts	passed
ENCFF367LTI	ENCFF367LTI	ENCSR744CXJ	ENCSR323SIL	BPNet	sequence contribution scores counts	bigWig	ChIP-seq	ELF1	K562	cell-line	cell-line	cell-line	none	counts	passed
ENCFF791YMQ	ENCFF791YMQ	ENCSR975SSR	ENCSR339PZZ	BPNet	sequence contribution scores counts	bigWig	ChIP-seq	ELF1	K562	cell-line	cell-line	cell-line	none	counts	passed
ENCFF842JKO	ENCFF842JKO	ENCSR502OEK	ENCSR436LIQ	BPNet	sequence contribution scores counts	bigWig	ChIP-seq	ELF1	K562	cell-line	cell-line	cell-line	none	counts	passed
ENCFF969EWA	ENCFF969EWA	ENCSR000BMD	ENCSR736MKZ	BPNet	sequence contribution scores counts	bigWig	ChIP-seq	ELF1	K562	cell-line	cell-line	cell-line	none	counts	passed
ENCFF128DGX	ENCFF128DGX	ENCSR502NRF	ENCSR585SAF	BPNet	sequence contribution scores counts	bigWig	ChIP-seq	ELF1	MCF-7	cell-line	cell-line	cell-line	none	counts	passed
ENCFF493KZG	ENCFF493KZG	ENCSR000BSS	ENCSR136DQJ	BPNet	sequence contribution scores counts	bigWig	ChIP-seq	ELF1	MCF-7	cell-line	cell-line	cell-line	none	counts	passed
ENCFF696TGK	ENCFF696TGK	ENCSR475SOC	ENCSR694XCP	BPNet	sequence contribution scores counts	bigWig	ChIP-seq	ELF1	MCF-7	cell-line	cell-line	cell-line	none	counts	passed
ENCFF385VZM	ENCFF385VZM	ENCSR000BTA	ENCSR201AZL	BPNet	sequence contribution scores counts	bigWig	ChIP-seq	ELF1	SK-N-SH	cell-line	cell-line	cell-line	none	counts	passed
ENCFF195TNE	ENCFF195TNE	ENCSR594HXD	ENCSR588DJP	BPNet	sequence contribution scores counts	bigWig	ChIP-seq	ELF2	K562	cell-line	cell-line	cell-line	none	counts	passed
ENCFF310OTV	ENCFF310OTV	ENCSR778QLY	ENCSR438TVE	BPNet	sequence contribution scores counts	bigWig	ChIP-seq	ELF4	HEK293T	cell-line	cell-line	cell-line	none	counts	passed
ENCFF619OQB	ENCFF619OQB	ENCSR980HGI	ENCSR863FYT	BPNet	sequence contribution scores counts	bigWig	ChIP-seq	ELF4	HepG2	cell-line	cell-line	cell-line	none	counts	passed
ENCFF215COH	ENCFF215COH	ENCSR494ZGC	ENCSR747NTS	BPNet	sequence contribution scores counts	bigWig	ChIP-seq	ELF4	K562	cell-line	cell-line	cell-line	none	counts	passed
ENCFF341UEJ	ENCFF341UEJ	ENCSR638QHV	ENCSR159BWT	BPNet	sequence contribution scores counts	bigWig	ChIP-seq	ELF4	K562	cell-line	cell-line	cell-line	none	counts	passed
ENCFF595INC	ENCFF595INC	ENCSR498JCG	ENCSR158YZZ	BPNet	sequence contribution scores counts	bigWig	ChIP-seq	ELF4	K562	cell-line	cell-line	cell-line	none	counts	passed
ENCFF537FJP	ENCFF537FJP	ENCSR000DZB	ENCSR617OUA	BPNet	sequence contribution scores counts	bigWig	ChIP-seq	ELK1	GM12878	cell-line	cell-line	cell-line	none	counts	passed
ENCFF115FFA	ENCFF115FFA	ENCSR000ECI	ENCSR534OYO	BPNet	sequence contribution scores counts	bigWig	ChIP-seq	ELK1	HeLa-S3	cell-line	cell-line	cell-line	none	counts	passed
ENCFF964IRR	ENCFF964IRR	ENCSR717QSS	ENCSR472YSZ	BPNet	sequence contribution scores counts	bigWig	ChIP-seq	ELK1	HepG2	cell-line	cell-line	cell-line	none	counts	passed
ENCFF988GUM	ENCFF988GUM	ENCSR000EFU	ENCSR865CAR	BPNet	sequence contribution scores counts	bigWig	ChIP-seq	ELK1	K562	cell-line	cell-line	cell-line	none	counts	passed
ENCFF088DLT	ENCFF088DLT	ENCSR382WLL	ENCSR832UMB	BPNet	sequence contribution scores counts	bigWig	ChIP-seq	ELK1	MCF-7	cell-line	cell-line	cell-line	none	counts	passed
ENCFF148WAH	ENCFF148WAH	ENCSR000EVI	ENCSR655PCK	BPNet	sequence contribution scores counts	bigWig	ChIP-seq	ELK4	HeLa-S3	cell-line	cell-line	cell-line	none	counts	passed
ENCFF741FZU	ENCFF741FZU	ENCSR513YMV	ENCSR506QNM	BPNet	sequence contribution scores counts	bigWig	ChIP-seq	ELK4	HepG2	cell-line	cell-line	cell-line	none	counts	passed
ENCFF665WXU	ENCFF665WXU	ENCSR463GOT	ENCSR695QWL	BPNet	sequence contribution scores counts	bigWig	ChIP-seq	ESR1	MCF-7	cell-line	cell-line	cell-line	none	counts	passed
ENCFF303AVB	ENCFF303AVB	ENCSR000DYQ	ENCSR853ETF	BPNet	sequence contribution scores counts	bigWig	ChIP-seq	ESRRA	GM12878	cell-line	cell-line	cell-line	none	counts	passed
ENCFF314TPY	ENCFF314TPY	ENCSR267NVP	ENCSR471MWU	BPNet	sequence contribution scores counts	bigWig	ChIP-seq	ESRRA	HepG2	cell-line	cell-line	cell-line	none	counts	passed
ENCFF409ORZ	ENCFF409ORZ	ENCSR486IFJ	ENCSR374XGJ	BPNet	sequence contribution scores counts	bigWig	ChIP-seq	ESRRA	K562	cell-line	cell-line	cell-line	none	counts	passed
ENCFF973HAY	ENCFF973HAY	ENCSR954WVZ	ENCSR442IDC	BPNet	sequence contribution scores counts	bigWig	ChIP-seq	ESRRA	MCF-7	cell-line	cell-line	cell-line	none	counts	passed
ENCFF946JIN	ENCFF946JIN	ENCSR029OPK	ENCSR856ZTS	BPNet	sequence contribution scores counts	bigWig	ChIP-seq	ESRRA	WTC11	cell-line	cell-line	cell-line	none	counts	passed
ENCFF487BCS	ENCFF487BCS	ENCSR000BPU	ENCSR908RRF	BPNet	sequence contribution scores counts	bigWig	ChIP-seq	ETS1	A549	cell-line	cell-line	cell-line	none	counts	passed
ENCFF626STF	ENCFF626STF	ENCSR000BKA	ENCSR946PGY	BPNet	sequence contribution scores counts	bigWig	ChIP-seq	ETS1	GM12878	cell-line	cell-line	cell-line	none	counts	passed
ENCFF076DHM	ENCFF076DHM	ENCSR534VHI	ENCSR696AKY	BPNet	sequence contribution scores counts	bigWig	ChIP-seq	ETS1	GM23338	cell-line	cell-line	cell-line	none	counts	passed
ENCFF246WZD	ENCFF246WZD	ENCSR681WHQ	ENCSR340ZGI	BPNet	sequence contribution scores counts	bigWig	ChIP-seq	ETS1	HepG2	cell-line	cell-line	cell-line	none	counts	passed
ENCFF326LHL	ENCFF326LHL	ENCSR000BKQ	ENCSR800TIT	BPNet	sequence contribution scores counts	bigWig	ChIP-seq	ETS1	K562	cell-line	cell-line	cell-line	none	counts	passed
ENCFF851TRS	ENCFF851TRS	ENCSR277DMR	ENCSR763TSQ	BPNet	sequence contribution scores counts	bigWig	ChIP-seq	ETV1	K562	cell-line	cell-line	cell-line	none	counts	passed
ENCFF117UII	ENCFF117UII	ENCSR714YZG	ENCSR349BWF	BPNet	sequence contribution scores counts	bigWig	ChIP-seq	ETV4	HepG2	cell-line	cell-line	cell-line	none	counts	passed
ENCFF868KLL	ENCFF868KLL	ENCSR537FDJ	ENCSR024PCE	BPNet	sequence contribution scores counts	bigWig	ChIP-seq	ETV4	HepG2	cell-line	cell-line	cell-line	none	counts	passed
ENCFF407MQF	ENCFF407MQF	ENCSR096IIB	ENCSR301LBE	BPNet	sequence contribution scores counts	bigWig	ChIP-seq	ETV5	HepG2	cell-line	cell-line	cell-line	none	counts	passed
ENCFF772XBY	ENCFF772XBY	ENCSR971EWR	ENCSR267TUB	BPNet	sequence contribution scores counts	bigWig	ChIP-seq	ETV5	K562	cell-line	cell-line	cell-line	none	counts	passed
ENCFF986XGE	ENCFF986XGE	ENCSR626VUC	ENCSR478NYG	BPNet	sequence contribution scores counts	bigWig	ChIP-seq	ETV6	GM12878	cell-line	cell-line	cell-line	none	counts	passed
ENCFF634TLX	ENCFF634TLX	ENCSR925TWM	ENCSR643ACX	BPNet	sequence contribution scores counts	bigWig	ChIP-seq	ETV6	HepG2	cell-line	cell-line	cell-line	none	counts	passed
ENCFF665HCZ	ENCFF665HCZ	ENCSR124BJR	ENCSR239YSE	BPNet	sequence contribution scores counts	bigWig	ChIP-seq	ETV6	K562	cell-line	cell-line	cell-line	none	counts	passed
ENCFF913YRZ	ENCFF913YRZ	ENCSR000FCE	ENCSR442XPS	BPNet	sequence contribution scores counts	bigWig	ChIP-seq	ETV6	K562	cell-line	cell-line	cell-line	none	counts	passed
ENCFF264LTP	ENCFF264LTP	ENCSR029TLS	ENCSR658UPZ	BPNet	sequence contribution scores counts	bigWig	ChIP-seq	ETV6	WTC11	cell-line	cell-line	cell-line	none	counts	passed
ENCFF561YPF	ENCFF561YPF	ENCSR941WVJ	ENCSR841VEE	BPNet	sequence contribution scores counts	bigWig	ChIP-seq	FBXL19	HepG2	cell-line	cell-line	cell-line	none	counts	passed
ENCFF393KUY	ENCFF393KUY	ENCSR827NWO	ENCSR722ZLL	BPNet	sequence contribution scores counts	bigWig	ChIP-seq	FEZF1	HEK293	cell-line	cell-line	cell-line	none	counts	passed
ENCFF707WED	ENCFF707WED	ENCSR000EYZ	ENCSR205QBW	BPNet	sequence contribution scores counts	bigWig	ChIP-seq	FOS	GM12878	cell-line	cell-line	cell-line	none	counts	passed
ENCFF962JFV	ENCFF962JFV	ENCSR124AIG	ENCSR728DMH	BPNet	sequence contribution scores counts	bigWig	ChIP-seq	FOS	IMR-90	cell-line	cell-line	cell-line	none	counts	passed
ENCFF411NQG	ENCFF411NQG	ENCSR000FAI	ENCSR250RRT	BPNet	sequence contribution scores counts	bigWig	ChIP-seq	FOS	K562	cell-line	cell-line	cell-line	none	counts	passed
ENCFF096EGE	ENCFF096EGE	ENCSR000DON	ENCSR657QSG	BPNet	sequence contribution scores counts	bigWig	ChIP-seq	FOS	MCF-10A	cell-line	cell-line	cell-line	none	counts	passed
ENCFF517ZPS	ENCFF517ZPS	ENCSR000DOO	ENCSR575RVZ	BPNet	sequence contribution scores counts	bigWig	ChIP-seq	FOS	MCF-10A	cell-line	cell-line	cell-line	none	counts	passed
ENCFF834SFW	ENCFF834SFW	ENCSR000DOP	ENCSR010RMO	BPNet	sequence contribution scores counts	bigWig	ChIP-seq	FOS	MCF-10A	cell-line	cell-line	cell-line	none	counts	passed
ENCFF845XNR	ENCFF845XNR	ENCSR000DOT	ENCSR248ICS	BPNet	sequence contribution scores counts	bigWig	ChIP-seq	FOS	MCF-10A	cell-line	cell-line	cell-line	none	counts	passed
ENCFF716QWD	ENCFF716QWD	ENCSR569XNP	ENCSR335UTI	BPNet	sequence contribution scores counts	bigWig	ChIP-seq	FOS	MCF-7	cell-line	cell-line	cell-line	none	counts	passed
ENCFF727ZGT	ENCFF727ZGT	ENCSR000EVU	ENCSR233XFQ	BPNet	sequence contribution scores counts	bigWig	ChIP-seq	FOS	endothelial-cell-of-umbilical-vein	endothelial	blood-vessel	circulatory-system	none	counts	passed
ENCFF065SPM	ENCFF065SPM	ENCSR000BTE	ENCSR474ZEM	BPNet	sequence contribution scores counts	bigWig	ChIP-seq	FOSL1	HCT116	cell-line	cell-line	cell-line	none	counts	passed
ENCFF546ALA	ENCFF546ALA	ENCSR767NGL	ENCSR020BAF	BPNet	sequence contribution scores counts	bigWig	ChIP-seq	FOSL1	HepG2	cell-line	cell-line	cell-line	none	counts	passed
ENCFF389WLS	ENCFF389WLS	ENCSR239ZLZ	ENCSR285NIO	BPNet	sequence contribution scores counts	bigWig	ChIP-seq	FOSL1	K562	cell-line	cell-line	cell-line	none	counts	passed
ENCFF972BSQ	ENCFF972BSQ	ENCSR000BMV	ENCSR071ZMQ	BPNet	sequence contribution scores counts	bigWig	ChIP-seq	FOSL1	K562	cell-line	cell-line	cell-line	none	counts	passed
ENCFF136PWH	ENCFF136PWH	ENCSR950CIR	ENCSR043OMU	BPNet	sequence contribution scores counts	bigWig	ChIP-seq	FOSL1	glutamatergic-neuron	neuron	nerve	central-nervous-system	none	counts	passed
ENCFF020YHW	ENCFF020YHW	ENCSR111ZXV	ENCSR868DKN	BPNet	sequence contribution scores counts	bigWig	ChIP-seq	FOSL2	A549	cell-line	cell-line	cell-line	none	counts	passed
ENCFF108PWF	ENCFF108PWF	ENCSR593DGU	ENCSR262NQG	BPNet	sequence contribution scores counts	bigWig	ChIP-seq	FOSL2	A549	cell-line	cell-line	cell-line	none	counts	passed
ENCFF175JQY	ENCFF175JQY	ENCSR775UFR	ENCSR712WIM	BPNet	sequence contribution scores counts	bigWig	ChIP-seq	FOSL2	A549	cell-line	cell-line	cell-line	none	counts	passed
ENCFF260AKA	ENCFF260AKA	ENCSR448TVS	ENCSR554ZTS	BPNet	sequence contribution scores counts	bigWig	ChIP-seq	FOSL2	A549	cell-line	cell-line	cell-line	none	counts	passed
ENCFF554QZX	ENCFF554QZX	ENCSR000BQO	ENCSR237ZVN	BPNet	sequence contribution scores counts	bigWig	ChIP-seq	FOSL2	A549	cell-line	cell-line	cell-line	none	counts	passed
ENCFF595UTJ	ENCFF595UTJ	ENCSR686HIU	ENCSR765JSW	BPNet	sequence contribution scores counts	bigWig	ChIP-seq	FOSL2	A549	cell-line	cell-line	cell-line	none	counts	passed
ENCFF601PJZ	ENCFF601PJZ	ENCSR535HFQ	ENCSR041NSU	BPNet	sequence contribution scores counts	bigWig	ChIP-seq	FOSL2	A549	cell-line	cell-line	cell-line	none	counts	passed
ENCFF717KKV	ENCFF717KKV	ENCSR067XTW	ENCSR749BUO	BPNet	sequence contribution scores counts	bigWig	ChIP-seq	FOSL2	A549	cell-line	cell-line	cell-line	none	counts	passed
ENCFF795CGH	ENCFF795CGH	ENCSR563GCV	ENCSR345YQI	BPNet	sequence contribution scores counts	bigWig	ChIP-seq	FOSL2	A549	cell-line	cell-line	cell-line	none	counts	passed
ENCFF806YZM	ENCFF806YZM	ENCSR242EWU	ENCSR133ETC	BPNet	sequence contribution scores counts	bigWig	ChIP-seq	FOSL2	A549	cell-line	cell-line	cell-line	none	counts	passed
ENCFF822LQM	ENCFF822LQM	ENCSR274WRI	ENCSR928CRM	BPNet	sequence contribution scores counts	bigWig	ChIP-seq	FOSL2	A549	cell-line	cell-line	cell-line	none	counts	passed
ENCFF865DZS	ENCFF865DZS	ENCSR330IJE	ENCSR373VZG	BPNet	sequence contribution scores counts	bigWig	ChIP-seq	FOSL2	A549	cell-line	cell-line	cell-line	none	counts	passed
ENCFF913MBU	ENCFF913MBU	ENCSR103UVU	ENCSR041VYT	BPNet	sequence contribution scores counts	bigWig	ChIP-seq	FOSL2	A549	cell-line	cell-line	cell-line	none	counts	passed
ENCFF917IFY	ENCFF917IFY	ENCSR900RUE	ENCSR012NRW	BPNet	sequence contribution scores counts	bigWig	ChIP-seq	FOSL2	A549	cell-line	cell-line	cell-line	none	counts	passed
ENCFF068HVJ	ENCFF068HVJ	ENCSR249EYB	ENCSR346SIK	BPNet	sequence contribution scores counts	bigWig	ChIP-seq	FOSL2	HepG2	cell-line	cell-line	cell-line	none	counts	passed
ENCFF849PRB	ENCFF849PRB	ENCSR000BHP	ENCSR508NQY	BPNet	sequence contribution scores counts	bigWig	ChIP-seq	FOSL2	HepG2	cell-line	cell-line	cell-line	none	counts	passed
ENCFF683YZX	ENCFF683YZX	ENCSR000BUI	ENCSR692KCM	BPNet	sequence contribution scores counts	bigWig	ChIP-seq	FOSL2	MCF-7	cell-line	cell-line	cell-line	none	counts	passed
ENCFF927GIX	ENCFF927GIX	ENCSR546KCN	ENCSR660BJD	BPNet	sequence contribution scores counts	bigWig	ChIP-seq	FOSL2	MCF-7	cell-line	cell-line	cell-line	none	counts	passed
ENCFF379NOH	ENCFF379NOH	ENCSR000BVB	ENCSR219JFH	BPNet	sequence contribution scores counts	bigWig	ChIP-seq	FOSL2	SK-N-SH	cell-line	cell-line	cell-line	none	counts	passed
ENCFF149KWO	ENCFF149KWO	ENCSR000BRD	ENCSR373ZLZ	BPNet	sequence contribution scores counts	bigWig	ChIP-seq	FOXA1	A549	cell-line	cell-line	cell-line	none	counts	passed
ENCFF126VSI	ENCFF126VSI	ENCSR094WHO	ENCSR174RYL	BPNet	sequence contribution scores counts	bigWig	ChIP-seq	FOXA1	HEK293T	cell-line	cell-line	cell-line	none	counts	passed
ENCFF041DMX	ENCFF041DMX	ENCSR865RXA	ENCSR337KST	BPNet	sequence contribution scores counts	bigWig	ChIP-seq	FOXA1	HepG2	cell-line	cell-line	cell-line	none	counts	passed
ENCFF536PYC	ENCFF536PYC	ENCSR267DFA	ENCSR262LEY	BPNet	sequence contribution scores counts	bigWig	ChIP-seq	FOXA1	HepG2	cell-line	cell-line	cell-line	none	counts	passed
ENCFF875PYK	ENCFF875PYK	ENCSR000BMO	ENCSR210RPB	BPNet	sequence contribution scores counts	bigWig	ChIP-seq	FOXA1	HepG2	cell-line	cell-line	cell-line	none	counts	passed
ENCFF974WNF	ENCFF974WNF	ENCSR000BLE	ENCSR852HSZ	BPNet	sequence contribution scores counts	bigWig	ChIP-seq	FOXA1	HepG2	cell-line	cell-line	cell-line	none	counts	passed
ENCFF025ZOD	ENCFF025ZOD	ENCSR819LHG	ENCSR976UGF	BPNet	sequence contribution scores counts	bigWig	ChIP-seq	FOXA1	K562	cell-line	cell-line	cell-line	none	counts	passed
ENCFF234LPS	ENCFF234LPS	ENCSR126YEB	ENCSR452QKS	BPNet	sequence contribution scores counts	bigWig	ChIP-seq	FOXA1	MCF-7	cell-line	cell-line	cell-line	none	counts	passed
ENCFF815MHY	ENCFF815MHY	ENCSR000BKY	ENCSR353SEK	BPNet	sequence contribution scores counts	bigWig	ChIP-seq	FOXA1	T47D	cell-line	cell-line	cell-line	none	counts	passed
ENCFF153IWM	ENCFF153IWM	ENCSR324RCI	ENCSR578NTH	BPNet	sequence contribution scores counts	bigWig	ChIP-seq	FOXA1	liver	liver	liver	digestive-system	none	counts	passed
ENCFF819PMY	ENCFF819PMY	ENCSR735KEY	ENCSR604GWZ	BPNet	sequence contribution scores counts	bigWig	ChIP-seq	FOXA1	liver	liver	liver	digestive-system	none	counts	passed
ENCFF507REU	ENCFF507REU	ENCSR000BRE	ENCSR252KEN	BPNet	sequence contribution scores counts	bigWig	ChIP-seq	FOXA2	A549	cell-line	cell-line	cell-line	none	counts	passed
ENCFF266XKA	ENCFF266XKA	ENCSR490AMH	ENCSR215RUL	BPNet	sequence contribution scores counts	bigWig	ChIP-seq	FOXA2	HepG2	cell-line	cell-line	cell-line	none	counts	passed
ENCFF313RJR	ENCFF313RJR	ENCSR000BNI	ENCSR435KHB	BPNet	sequence contribution scores counts	bigWig	ChIP-seq	FOXA2	HepG2	cell-line	cell-line	cell-line	none	counts	passed
ENCFF682DRY	ENCFF682DRY	ENCSR066EBK	ENCSR441PYW	BPNet	sequence contribution scores counts	bigWig	ChIP-seq	FOXA2	HepG2	cell-line	cell-line	cell-line	none	counts	passed
ENCFF221HPG	ENCFF221HPG	ENCSR080XEY	ENCSR318CMD	BPNet	sequence contribution scores counts	bigWig	ChIP-seq	FOXA2	liver	liver	liver	digestive-system	none	counts	passed
ENCFF550CAA	ENCFF550CAA	ENCSR310NYI	ENCSR670OIJ	BPNet	sequence contribution scores counts	bigWig	ChIP-seq	FOXA2	liver	liver	liver	digestive-system	none	counts	passed
ENCFF031RYA	ENCFF031RYA	ENCSR092OVN	ENCSR743PLW	BPNet	sequence contribution scores counts	bigWig	ChIP-seq	FOXA3	HepG2	cell-line	cell-line	cell-line	none	counts	passed
ENCFF489ASK	ENCFF489ASK	ENCSR231ZVN	ENCSR845IQV	BPNet	sequence contribution scores counts	bigWig	ChIP-seq	FOXA3	K562	cell-line	cell-line	cell-line	none	counts	passed
ENCFF757NZE	ENCFF757NZE	ENCSR788DXU	ENCSR579GZS	BPNet	sequence contribution scores counts	bigWig	ChIP-seq	FOXA3	K562	cell-line	cell-line	cell-line	none	counts	passed
ENCFF456MGM	ENCFF456MGM	ENCSR170AMG	ENCSR710SMT	BPNet	sequence contribution scores counts	bigWig	ChIP-seq	FOXC1	HepG2	cell-line	cell-line	cell-line	none	counts	passed
ENCFF376RCN	ENCFF376RCN	ENCSR445FHB	ENCSR592DBM	BPNet	sequence contribution scores counts	bigWig	ChIP-seq	FOXF2	A549	cell-line	cell-line	cell-line	none	counts	passed
ENCFF855DKC	ENCFF855DKC	ENCSR847LBF	ENCSR813CXV	BPNet	sequence contribution scores counts	bigWig	ChIP-seq	FOXJ2	K562	cell-line	cell-line	cell-line	none	counts	passed
ENCFF879NOI	ENCFF879NOI	ENCSR413AJG	ENCSR117OOQ	BPNet	sequence contribution scores counts	bigWig	ChIP-seq	FOXJ3	HepG2	cell-line	cell-line	cell-line	none	counts	passed
ENCFF833BPC	ENCFF833BPC	ENCSR603BJQ	ENCSR630JWB	BPNet	sequence contribution scores counts	bigWig	ChIP-seq	FOXK1	HepG2	cell-line	cell-line	cell-line	none	counts	passed
ENCFF440FJY	ENCFF440FJY	ENCSR352RXE	ENCSR008HTX	BPNet	sequence contribution scores counts	bigWig	ChIP-seq	FOXK1	WTC11	cell-line	cell-line	cell-line	none	counts	passed
ENCFF944ZFE	ENCFF944ZFE	ENCSR861JUQ	ENCSR974FAN	BPNet	sequence contribution scores counts	bigWig	ChIP-seq	FOXK2	GM12878	cell-line	cell-line	cell-line	none	counts	passed
ENCFF696YHO	ENCFF696YHO	ENCSR872BOU	ENCSR796VDC	BPNet	sequence contribution scores counts	bigWig	ChIP-seq	FOXK2	HEK293T	cell-line	cell-line	cell-line	none	counts	passed
ENCFF421LTD	ENCFF421LTD	ENCSR171FUX	ENCSR445YTW	BPNet	sequence contribution scores counts	bigWig	ChIP-seq	FOXK2	HepG2	cell-line	cell-line	cell-line	none	counts	passed
ENCFF384UOQ	ENCFF384UOQ	ENCSR508DQA	ENCSR414RCN	BPNet	sequence contribution scores counts	bigWig	ChIP-seq	FOXK2	K562	cell-line	cell-line	cell-line	none	counts	passed
ENCFF656KSD	ENCFF656KSD	ENCSR302AWT	ENCSR505DVX	BPNet	sequence contribution scores counts	bigWig	ChIP-seq	FOXK2	K562	cell-line	cell-line	cell-line	none	counts	passed
ENCFF078YVM	ENCFF078YVM	ENCSR321OAA	ENCSR997YCM	BPNet	sequence contribution scores counts	bigWig	ChIP-seq	FOXO1	HepG2	cell-line	cell-line	cell-line	none	counts	passed
ENCFF890UTU	ENCFF890UTU	ENCSR232LLP	ENCSR113IMV	BPNet	sequence contribution scores counts	bigWig	ChIP-seq	FOXP4	HepG2	cell-line	cell-line	cell-line	none	counts	passed
ENCFF359ERA	ENCFF359ERA	ENCSR507RVF	ENCSR978WVS	BPNet	sequence contribution scores counts	bigWig	ChIP-seq	FOXP4	WTC11	cell-line	cell-line	cell-line	none	counts	passed
ENCFF015FVR	ENCFF015FVR	ENCSR326AQV	ENCSR392ZHM	BPNet	sequence contribution scores counts	bigWig	ChIP-seq	FOXS1	A549	cell-line	cell-line	cell-line	none	counts	passed
ENCFF784UYK	ENCFF784UYK	ENCSR000BPY	ENCSR698TVC	BPNet	sequence contribution scores counts	bigWig	ChIP-seq	GABPA	A549	cell-line	cell-line	cell-line	none	counts	passed
ENCFF092PMN	ENCFF092PMN	ENCSR331HPA	ENCSR090VBP	BPNet	sequence contribution scores counts	bigWig	ChIP-seq	GABPA	GM12878	cell-line	cell-line	cell-line	none	counts	passed
ENCFF253QAF	ENCFF253QAF	ENCSR000BIW	ENCSR257FAI	BPNet	sequence contribution scores counts	bigWig	ChIP-seq	GABPA	H1	cell-line	cell-line	cell-line	none	counts	passed
ENCFF006RDA	ENCFF006RDA	ENCSR000BTK	ENCSR388LEE	BPNet	sequence contribution scores counts	bigWig	ChIP-seq	GABPA	HL-60	cell-line	cell-line	cell-line	none	counts	passed
ENCFF419UME	ENCFF419UME	ENCSR000BHS	ENCSR891IWC	BPNet	sequence contribution scores counts	bigWig	ChIP-seq	GABPA	HeLa-S3	cell-line	cell-line	cell-line	none	counts	passed
ENCFF505GDE	ENCFF505GDE	ENCSR269TNX	ENCSR205TJY	BPNet	sequence contribution scores counts	bigWig	ChIP-seq	GABPA	HepG2	cell-line	cell-line	cell-line	none	counts	passed
ENCFF893NIW	ENCFF893NIW	ENCSR000BJK	ENCSR273NDD	BPNet	sequence contribution scores counts	bigWig	ChIP-seq	GABPA	HepG2	cell-line	cell-line	cell-line	none	counts	passed
ENCFF168CVW	ENCFF168CVW	ENCSR000BLO	ENCSR845VGY	BPNet	sequence contribution scores counts	bigWig	ChIP-seq	GABPA	K562	cell-line	cell-line	cell-line	none	counts	passed
ENCFF345GRC	ENCFF345GRC	ENCSR290MUH	ENCSR804SSS	BPNet	sequence contribution scores counts	bigWig	ChIP-seq	GABPA	K562	cell-line	cell-line	cell-line	none	counts	passed
ENCFF010SLB	ENCFF010SLB	ENCSR000BUK	ENCSR958ARQ	BPNet	sequence contribution scores counts	bigWig	ChIP-seq	GABPA	MCF-7	cell-line	cell-line	cell-line	none	counts	passed
ENCFF079FYF	ENCFF079FYF	ENCSR038RXU	ENCSR055NZW	BPNet	sequence contribution scores counts	bigWig	ChIP-seq	GABPA	MCF-7	cell-line	cell-line	cell-line	none	counts	passed
ENCFF278KFN	ENCFF278KFN	ENCSR000BTG	ENCSR811MOX	BPNet	sequence contribution scores counts	bigWig	ChIP-seq	GABPA	SK-N-SH	cell-line	cell-line	cell-line	none	counts	passed
ENCFF288LVG	ENCFF288LVG	ENCSR038GMB	ENCSR358PPS	BPNet	sequence contribution scores counts	bigWig	ChIP-seq	GABPA	liver	liver	liver	digestive-system	none	counts	passed
ENCFF859OHR	ENCFF859OHR	ENCSR350ORK	ENCSR226TGJ	BPNet	sequence contribution scores counts	bigWig	ChIP-seq	GABPA	liver	liver	liver	digestive-system	none	counts	passed
ENCFF040SRF	ENCFF040SRF	ENCSR000EFT	ENCSR411PLH	BPNet	sequence contribution scores counts	bigWig	ChIP-seq	GATA1	K562	cell-line	cell-line	cell-line	none	counts	passed
ENCFF044LTZ	ENCFF044LTZ	ENCSR000EWM	ENCSR240HOK	BPNet	sequence contribution scores counts	bigWig	ChIP-seq	GATA1	K562	cell-line	cell-line	cell-line	none	counts	passed
ENCFF628NNJ	ENCFF628NNJ	ENCSR000EXP	ENCSR809QGC	BPNet	sequence contribution scores counts	bigWig	ChIP-seq	GATA1	erythroblast	cell-line	cell-line	cell-line	none	counts	passed
ENCFF727KQP	ENCFF727KQP	ENCSR897LDT	ENCSR811SYR	BPNet	sequence contribution scores counts	bigWig	ChIP-seq	GATA2	HepG2	cell-line	cell-line	cell-line	none	counts	passed
ENCFF104QTC	ENCFF104QTC	ENCSR000BKM	ENCSR915HTG	BPNet	sequence contribution scores counts	bigWig	ChIP-seq	GATA2	K562	cell-line	cell-line	cell-line	none	counts	passed
ENCFF516AKJ	ENCFF516AKJ	ENCSR000DKA	ENCSR433LIB	BPNet	sequence contribution scores counts	bigWig	ChIP-seq	GATA2	K562	cell-line	cell-line	cell-line	none	counts	passed
ENCFF657JLC	ENCFF657JLC	ENCSR000EWG	ENCSR149QYI	BPNet	sequence contribution scores counts	bigWig	ChIP-seq	GATA2	K562	cell-line	cell-line	cell-line	none	counts	passed
ENCFF702UEU	ENCFF702UEU	ENCSR257RKC	ENCSR225UHZ	BPNet	sequence contribution scores counts	bigWig	ChIP-seq	GATA2	K562	cell-line	cell-line	cell-line	none	counts	passed
ENCFF926UPJ	ENCFF926UPJ	ENCSR000EYB	ENCSR675GYS	BPNet	sequence contribution scores counts	bigWig	ChIP-seq	GATA2	SH-SY5Y	cell-line	cell-line	cell-line	none	counts	passed
ENCFF065KAX	ENCFF065KAX	ENCSR706VOO	ENCSR310GUZ	BPNet	sequence contribution scores counts	bigWig	ChIP-seq	GATA2	SK-N-SH	cell-line	cell-line	cell-line	none	counts	passed
ENCFF719HIV	ENCFF719HIV	ENCSR000BTI	ENCSR720ABP	BPNet	sequence contribution scores counts	bigWig	ChIP-seq	GATA3	A549	cell-line	cell-line	cell-line	none	counts	passed
ENCFF082MUR	ENCFF082MUR	ENCSR000BST	ENCSR091JYC	BPNet	sequence contribution scores counts	bigWig	ChIP-seq	GATA3	MCF-7	cell-line	cell-line	cell-line	none	counts	passed
ENCFF213LXU	ENCFF213LXU	ENCSR423RTK	ENCSR747MPB	BPNet	sequence contribution scores counts	bigWig	ChIP-seq	GATA3	MCF-7	cell-line	cell-line	cell-line	none	counts	passed
ENCFF882THV	ENCFF882THV	ENCSR000BTH	ENCSR855YZS	BPNet	sequence contribution scores counts	bigWig	ChIP-seq	GATA3	SK-N-SH	cell-line	cell-line	cell-line	none	counts	passed
ENCFF490MUA	ENCFF490MUA	ENCSR000BMX	ENCSR786MYZ	BPNet	sequence contribution scores counts	bigWig	ChIP-seq	GATA3	T47D	cell-line	cell-line	cell-line	none	counts	passed
ENCFF635BDR	ENCFF635BDR	ENCSR590CNM	ENCSR619UDQ	BPNet	sequence contribution scores counts	bigWig	ChIP-seq	GATA4	HepG2	cell-line	cell-line	cell-line	none	counts	passed
ENCFF032QYY	ENCFF032QYY	ENCSR849FVL	ENCSR870DPI	BPNet	sequence contribution scores counts	bigWig	ChIP-seq	GFI1	HepG2	cell-line	cell-line	cell-line	none	counts	passed
ENCFF809TFM	ENCFF809TFM	ENCSR445PDR	ENCSR026EBR	BPNet	sequence contribution scores counts	bigWig	ChIP-seq	GFI1B	HEK293	cell-line	cell-line	cell-line	none	counts	passed
ENCFF528QFF	ENCFF528QFF	ENCSR211PZO	ENCSR285UTX	BPNet	sequence contribution scores counts	bigWig	ChIP-seq	GLI4	HEK293	cell-line	cell-line	cell-line	none	counts	passed
ENCFF392HYA	ENCFF392HYA	ENCSR482BBZ	ENCSR184DFX	BPNet	sequence contribution scores counts	bigWig	ChIP-seq	GLIS1	HEK293	cell-line	cell-line	cell-line	none	counts	passed
ENCFF267XYE	ENCFF267XYE	ENCSR535DIA	ENCSR934MIG	BPNet	sequence contribution scores counts	bigWig	ChIP-seq	GLIS2	HEK293	cell-line	cell-line	cell-line	none	counts	passed
ENCFF457KXU	ENCFF457KXU	ENCSR780OXL	ENCSR520BKB	BPNet	sequence contribution scores counts	bigWig	ChIP-seq	GMEB1	HepG2	cell-line	cell-line	cell-line	none	counts	passed
ENCFF191WTR	ENCFF191WTR	ENCSR928KOR	ENCSR948NTC	BPNet	sequence contribution scores counts	bigWig	ChIP-seq	GMEB1	K562	cell-line	cell-line	cell-line	none	counts	passed
ENCFF357CVA	ENCFF357CVA	ENCSR376RCX	ENCSR016LNK	BPNet	sequence contribution scores counts	bigWig	ChIP-seq	GMEB1	K562	cell-line	cell-line	cell-line	none	counts	passed
ENCFF935ZSG	ENCFF935ZSG	ENCSR745VSQ	ENCSR800IAB	BPNet	sequence contribution scores counts	bigWig	ChIP-seq	GMEB2	HepG2	cell-line	cell-line	cell-line	none	counts	passed
ENCFF748JYO	ENCFF748JYO	ENCSR091JXL	ENCSR122YYA	BPNet	sequence contribution scores counts	bigWig	ChIP-seq	HES1	K562	cell-line	cell-line	cell-line	none	counts	passed
ENCFF246FHX	ENCFF246FHX	ENCSR109ODF	ENCSR221HJH	BPNet	sequence contribution scores counts	bigWig	ChIP-seq	HES1	MCF-7	cell-line	cell-line	cell-line	none	counts	passed
ENCFF906MRW	ENCFF906MRW	ENCSR803GYT	ENCSR970AAN	BPNet	sequence contribution scores counts	bigWig	ChIP-seq	HIC1	HEK293	cell-line	cell-line	cell-line	none	counts	passed
ENCFF748NZE	ENCFF748NZE	ENCSR015LYB	ENCSR300LYZ	BPNet	sequence contribution scores counts	bigWig	ChIP-seq	HIC2	HepG2	cell-line	cell-line	cell-line	none	counts	passed
ENCFF445HCU	ENCFF445HCU	ENCSR621PAN	ENCSR326BKK	BPNet	sequence contribution scores counts	bigWig	ChIP-seq	HINFP	HepG2	cell-line	cell-line	cell-line	none	counts	passed
ENCFF939IIE	ENCFF939IIE	ENCSR619GFP	ENCSR727YCU	BPNet	sequence contribution scores counts	bigWig	ChIP-seq	HINFP	K562	cell-line	cell-line	cell-line	none	counts	passed
ENCFF481FAL	ENCFF481FAL	ENCSR528PSI	ENCSR436HTS	BPNet	sequence contribution scores counts	bigWig	ChIP-seq	HLF	HepG2	cell-line	cell-line	cell-line	none	counts	passed
ENCFF941JNS	ENCFF941JNS	ENCSR757IIU	ENCSR846NWW	BPNet	sequence contribution scores counts	bigWig	ChIP-seq	HMBOX1	K562	cell-line	cell-line	cell-line	none	counts	passed
ENCFF351RUE	ENCFF351RUE	ENCSR626HJW	ENCSR792APP	BPNet	sequence contribution scores counts	bigWig	ChIP-seq	HMG20A	K562	cell-line	cell-line	cell-line	none	counts	passed
ENCFF558PLH	ENCFF558PLH	ENCSR633HRJ	ENCSR983GOH	BPNet	sequence contribution scores counts	bigWig	ChIP-seq	HNF1A	HepG2	cell-line	cell-line	cell-line	none	counts	passed
ENCFF606GFK	ENCFF606GFK	ENCSR800QIT	ENCSR432QOH	BPNet	sequence contribution scores counts	bigWig	ChIP-seq	HNF1A	HepG2	cell-line	cell-line	cell-line	none	counts	passed
ENCFF164FIS	ENCFF164FIS	ENCSR127XTZ	ENCSR416MSB	BPNet	sequence contribution scores counts	bigWig	ChIP-seq	HNF1B	HepG2	cell-line	cell-line	cell-line	none	counts	passed
ENCFF223FXO	ENCFF223FXO	ENCSR000BLF	ENCSR412QFT	BPNet	sequence contribution scores counts	bigWig	ChIP-seq	HNF4A	HepG2	cell-line	cell-line	cell-line	none	counts	passed
ENCFF301RMN	ENCFF301RMN	ENCSR469FBY	ENCSR714LTU	BPNet	sequence contribution scores counts	bigWig	ChIP-seq	HNF4A	HepG2	cell-line	cell-line	cell-line	none	counts	passed
ENCFF967MHV	ENCFF967MHV	ENCSR000EEU	ENCSR468WGQ	BPNet	sequence contribution scores counts	bigWig	ChIP-seq	HNF4A	HepG2	cell-line	cell-line	cell-line	none	counts	passed
ENCFF511IVQ	ENCFF511IVQ	ENCSR601OGE	ENCSR553GPB	BPNet	sequence contribution scores counts	bigWig	ChIP-seq	HNF4A	liver	liver	liver	digestive-system	none	counts	passed
ENCFF797UMT	ENCFF797UMT	ENCSR445QRF	ENCSR430OFY	BPNet	sequence contribution scores counts	bigWig	ChIP-seq	HNF4A	liver	liver	liver	digestive-system	none	counts	passed
ENCFF130LZG	ENCFF130LZG	ENCSR793EHQ	ENCSR912RVZ	BPNet	sequence contribution scores counts	bigWig	ChIP-seq	HNF4G	HepG2	cell-line	cell-line	cell-line	none	counts	passed
ENCFF481WAI	ENCFF481WAI	ENCSR000BNJ	ENCSR137AQD	BPNet	sequence contribution scores counts	bigWig	ChIP-seq	HNF4G	HepG2	cell-line	cell-line	cell-line	none	counts	passed
ENCFF769HBK	ENCFF769HBK	ENCSR297GII	ENCSR434NAO	BPNet	sequence contribution scores counts	bigWig	ChIP-seq	HNF4G	liver	liver	liver	digestive-system	none	counts	passed
ENCFF747ZMQ	ENCFF747ZMQ	ENCSR692RKS	ENCSR601QBK	BPNet	sequence contribution scores counts	bigWig	ChIP-seq	HOXA10	HepG2	cell-line	cell-line	cell-line	none	counts	passed
ENCFF823JOO	ENCFF823JOO	ENCSR418XXL	ENCSR857TAH	BPNet	sequence contribution scores counts	bigWig	ChIP-seq	HOXD13	HEK293	cell-line	cell-line	cell-line	none	counts	passed
ENCFF807DUY	ENCFF807DUY	ENCSR000EET	ENCSR302TER	BPNet	sequence contribution scores counts	bigWig	ChIP-seq	HSF1	HepG2	cell-line	cell-line	cell-line	none	counts	passed
ENCFF529TNR	ENCFF529TNR	ENCSR062HDL	ENCSR728XOJ	BPNet	sequence contribution scores counts	bigWig	ChIP-seq	HSF1	MCF-7	cell-line	cell-line	cell-line	none	counts	passed
ENCFF901OOA	ENCFF901OOA	ENCSR764ZBK	ENCSR271JMS	BPNet	sequence contribution scores counts	bigWig	ChIP-seq	HSF2	HepG2	cell-line	cell-line	cell-line	none	counts	passed
ENCFF342UVS	ENCFF342UVS	ENCSR000EUJ	ENCSR920YZT	BPNet	sequence contribution scores counts	bigWig	ChIP-seq	IKZF1	GM12878	cell-line	cell-line	cell-line	none	counts	passed
ENCFF675NLT	ENCFF675NLT	ENCSR874AFU	ENCSR199HXS	BPNet	sequence contribution scores counts	bigWig	ChIP-seq	IKZF1	GM12878	cell-line	cell-line	cell-line	none	counts	passed
ENCFF953UCN	ENCFF953UCN	ENCSR441VHN	ENCSR142BYT	BPNet	sequence contribution scores counts	bigWig	ChIP-seq	IKZF1	GM12878	cell-line	cell-line	cell-line	none	counts	passed
ENCFF017JGX	ENCFF017JGX	ENCSR395HWC	ENCSR740JNL	BPNet	sequence contribution scores counts	bigWig	ChIP-seq	IKZF1	K562	cell-line	cell-line	cell-line	none	counts	passed
ENCFF827EQU	ENCFF827EQU	ENCSR948VFL	ENCSR167KIF	BPNet	sequence contribution scores counts	bigWig	ChIP-seq	IKZF1	K562	cell-line	cell-line	cell-line	none	counts	passed
ENCFF103BBP	ENCFF103BBP	ENCSR822AHX	ENCSR099EKK	BPNet	sequence contribution scores counts	bigWig	ChIP-seq	IKZF2	GM12878	cell-line	cell-line	cell-line	none	counts	passed
ENCFF225OHI	ENCFF225OHI	ENCSR680UQE	ENCSR289CZE	BPNet	sequence contribution scores counts	bigWig	ChIP-seq	IKZF2	GM12878	cell-line	cell-line	cell-line	none	counts	passed
ENCFF982SXW	ENCFF982SXW	ENCSR890DSP	ENCSR576SBT	BPNet	sequence contribution scores counts	bigWig	ChIP-seq	IRF1	HepG2	cell-line	cell-line	cell-line	none	counts	passed
ENCFF058BZF	ENCFF058BZF	ENCSR000EGU	ENCSR915BZL	BPNet	sequence contribution scores counts	bigWig	ChIP-seq	IRF1	K562	cell-line	cell-line	cell-line	none	counts	passed
ENCFF143ZNP	ENCFF143ZNP	ENCSR854MCV	ENCSR783LKI	BPNet	sequence contribution scores counts	bigWig	ChIP-seq	IRF1	K562	cell-line	cell-line	cell-line	none	counts	passed
ENCFF542BUT	ENCFF542BUT	ENCSR000EGL	ENCSR730ZXN	BPNet	sequence contribution scores counts	bigWig	ChIP-seq	IRF1	K562	cell-line	cell-line	cell-line	none	counts	passed
ENCFF906DPD	ENCFF906DPD	ENCSR000EGK	ENCSR125AQC	BPNet	sequence contribution scores counts	bigWig	ChIP-seq	IRF1	K562	cell-line	cell-line	cell-line	none	counts	passed
ENCFF533DDZ	ENCFF533DDZ	ENCSR604UJV	ENCSR841NXD	BPNet	sequence contribution scores counts	bigWig	ChIP-seq	IRF2	HepG2	cell-line	cell-line	cell-line	none	counts	passed
ENCFF048MEE	ENCFF048MEE	ENCSR376WCJ	ENCSR921WDF	BPNet	sequence contribution scores counts	bigWig	ChIP-seq	IRF2	K562	cell-line	cell-line	cell-line	none	counts	passed
ENCFF942NTK	ENCFF942NTK	ENCSR645ZWR	ENCSR075JNC	BPNet	sequence contribution scores counts	bigWig	ChIP-seq	IRF2	K562	cell-line	cell-line	cell-line	none	counts	passed
ENCFF927RES	ENCFF927RES	ENCSR000BGY	ENCSR430POV	BPNet	sequence contribution scores counts	bigWig	ChIP-seq	IRF4	GM12878	cell-line	cell-line	cell-line	none	counts	passed
ENCFF010FLW	ENCFF010FLW	ENCSR225UTR	ENCSR032XTF	BPNet	sequence contribution scores counts	bigWig	ChIP-seq	IRX3	HepG2	cell-line	cell-line	cell-line	none	counts	passed
ENCFF244TES	ENCFF244TES	ENCSR008LHT	ENCSR301GLQ	BPNet	sequence contribution scores counts	bigWig	ChIP-seq	ISL1	SK-N-SH	cell-line	cell-line	cell-line	none	counts	passed
ENCFF114NPF	ENCFF114NPF	ENCSR991RJM	ENCSR176VCX	BPNet	sequence contribution scores counts	bigWig	ChIP-seq	JUN	A549	cell-line	cell-line	cell-line	none	counts	passed
ENCFF252WOZ	ENCFF252WOZ	ENCSR664ZHF	ENCSR993QBC	BPNet	sequence contribution scores counts	bigWig	ChIP-seq	JUN	A549	cell-line	cell-line	cell-line	none	counts	passed
ENCFF435SHI	ENCFF435SHI	ENCSR022WVP	ENCSR020RYL	BPNet	sequence contribution scores counts	bigWig	ChIP-seq	JUN	A549	cell-line	cell-line	cell-line	none	counts	passed
ENCFF481EOI	ENCFF481EOI	ENCSR708DGM	ENCSR967RSX	BPNet	sequence contribution scores counts	bigWig	ChIP-seq	JUN	A549	cell-line	cell-line	cell-line	none	counts	passed
ENCFF500KVB	ENCFF500KVB	ENCSR048CVK	ENCSR105KWV	BPNet	sequence contribution scores counts	bigWig	ChIP-seq	JUN	A549	cell-line	cell-line	cell-line	none	counts	passed
ENCFF526MQG	ENCFF526MQG	ENCSR612GKD	ENCSR797NTV	BPNet	sequence contribution scores counts	bigWig	ChIP-seq	JUN	A549	cell-line	cell-line	cell-line	none	counts	passed
ENCFF532OAX	ENCFF532OAX	ENCSR192PBJ	ENCSR858EUR	BPNet	sequence contribution scores counts	bigWig	ChIP-seq	JUN	A549	cell-line	cell-line	cell-line	none	counts	passed
ENCFF630GLP	ENCFF630GLP	ENCSR110UPH	ENCSR608HKT	BPNet	sequence contribution scores counts	bigWig	ChIP-seq	JUN	A549	cell-line	cell-line	cell-line	none	counts	passed
ENCFF647RAL	ENCFF647RAL	ENCSR996DUT	ENCSR508ZXB	BPNet	sequence contribution scores counts	bigWig	ChIP-seq	JUN	A549	cell-line	cell-line	cell-line	none	counts	passed
ENCFF680KZM	ENCFF680KZM	ENCSR604CKQ	ENCSR398FIK	BPNet	sequence contribution scores counts	bigWig	ChIP-seq	JUN	A549	cell-line	cell-line	cell-line	none	counts	passed
ENCFF766DIG	ENCFF766DIG	ENCSR991VVW	ENCSR354DBP	BPNet	sequence contribution scores counts	bigWig	ChIP-seq	JUN	A549	cell-line	cell-line	cell-line	none	counts	passed
ENCFF815YXU	ENCFF815YXU	ENCSR716SJK	ENCSR507OSG	BPNet	sequence contribution scores counts	bigWig	ChIP-seq	JUN	A549	cell-line	cell-line	cell-line	none	counts	passed
ENCFF855GFG	ENCFF855GFG	ENCSR793HZD	ENCSR529PUA	BPNet	sequence contribution scores counts	bigWig	ChIP-seq	JUN	A549	cell-line	cell-line	cell-line	none	counts	passed
ENCFF864BBF	ENCFF864BBF	ENCSR090RGB	ENCSR545KHX	BPNet	sequence contribution scores counts	bigWig	ChIP-seq	JUN	A549	cell-line	cell-line	cell-line	none	counts	passed
ENCFF874CGO	ENCFF874CGO	ENCSR783THJ	ENCSR276WFD	BPNet	sequence contribution scores counts	bigWig	ChIP-seq	JUN	A549	cell-line	cell-line	cell-line	none	counts	passed
ENCFF894JGU	ENCFF894JGU	ENCSR628MQN	ENCSR680RTV	BPNet	sequence contribution scores counts	bigWig	ChIP-seq	JUN	A549	cell-line	cell-line	cell-line	none	counts	passed
ENCFF377SFM	ENCFF377SFM	ENCSR000EDG	ENCSR114FHF	BPNet	sequence contribution scores counts	bigWig	ChIP-seq	JUN	HeLa-S3	cell-line	cell-line	cell-line	none	counts	passed
ENCFF291ALV	ENCFF291ALV	ENCSR747VUU	ENCSR703JZI	BPNet	sequence contribution scores counts	bigWig	ChIP-seq	JUN	HepG2	cell-line	cell-line	cell-line	none	counts	passed
ENCFF482RRT	ENCFF482RRT	ENCSR000EEK	ENCSR701HFV	BPNet	sequence contribution scores counts	bigWig	ChIP-seq	JUN	HepG2	cell-line	cell-line	cell-line	none	counts	passed
ENCFF071GGP	ENCFF071GGP	ENCSR000FAH	ENCSR748TEQ	BPNet	sequence contribution scores counts	bigWig	ChIP-seq	JUN	K562	cell-line	cell-line	cell-line	none	counts	passed
ENCFF153YLD	ENCFF153YLD	ENCSR946WBN	ENCSR554NXB	BPNet	sequence contribution scores counts	bigWig	ChIP-seq	JUN	K562	cell-line	cell-line	cell-line	none	counts	passed
ENCFF326THD	ENCFF326THD	ENCSR000EGH	ENCSR345GVW	BPNet	sequence contribution scores counts	bigWig	ChIP-seq	JUN	K562	cell-line	cell-line	cell-line	none	counts	passed
ENCFF749JNT	ENCFF749JNT	ENCSR000EZT	ENCSR354JEC	BPNet	sequence contribution scores counts	bigWig	ChIP-seq	JUN	K562	cell-line	cell-line	cell-line	none	counts	passed
ENCFF837KIF	ENCFF837KIF	ENCSR000EFS	ENCSR020CRX	BPNet	sequence contribution scores counts	bigWig	ChIP-seq	JUN	K562	cell-line	cell-line	cell-line	none	counts	passed
ENCFF878ZEV	ENCFF878ZEV	ENCSR000EZW	ENCSR083GMU	BPNet	sequence contribution scores counts	bigWig	ChIP-seq	JUN	K562	cell-line	cell-line	cell-line	none	counts	passed
ENCFF919NEH	ENCFF919NEH	ENCSR000EZX	ENCSR550GGT	BPNet	sequence contribution scores counts	bigWig	ChIP-seq	JUN	K562	cell-line	cell-line	cell-line	none	counts	passed
ENCFF097AYC	ENCFF097AYC	ENCSR176EXN	ENCSR570FQB	BPNet	sequence contribution scores counts	bigWig	ChIP-seq	JUN	MCF-7	cell-line	cell-line	cell-line	none	counts	passed
ENCFF120YOV	ENCFF120YOV	ENCSR000EFA	ENCSR403FHV	BPNet	sequence contribution scores counts	bigWig	ChIP-seq	JUN	endothelial-cell-of-umbilical-vein	endothelial	blood-vessel	circulatory-system	none	counts	passed
ENCFF247CQL	ENCFF247CQL	ENCSR269RPR	ENCSR511DGD	BPNet	sequence contribution scores counts	bigWig	ChIP-seq	JUNB	A549	cell-line	cell-line	cell-line	none	counts	passed
ENCFF476AEO	ENCFF476AEO	ENCSR431LRW	ENCSR899KPV	BPNet	sequence contribution scores counts	bigWig	ChIP-seq	JUNB	A549	cell-line	cell-line	cell-line	none	counts	passed
ENCFF480CYC	ENCFF480CYC	ENCSR163EXK	ENCSR825LRL	BPNet	sequence contribution scores counts	bigWig	ChIP-seq	JUNB	A549	cell-line	cell-line	cell-line	none	counts	passed
ENCFF513TJB	ENCFF513TJB	ENCSR226UQG	ENCSR018JTI	BPNet	sequence contribution scores counts	bigWig	ChIP-seq	JUNB	A549	cell-line	cell-line	cell-line	none	counts	passed
ENCFF605TUY	ENCFF605TUY	ENCSR871NPV	ENCSR601GCZ	BPNet	sequence contribution scores counts	bigWig	ChIP-seq	JUNB	A549	cell-line	cell-line	cell-line	none	counts	passed
ENCFF714GTB	ENCFF714GTB	ENCSR523BPZ	ENCSR906DCL	BPNet	sequence contribution scores counts	bigWig	ChIP-seq	JUNB	A549	cell-line	cell-line	cell-line	none	counts	passed
ENCFF724DVP	ENCFF724DVP	ENCSR426BPV	ENCSR159OXE	BPNet	sequence contribution scores counts	bigWig	ChIP-seq	JUNB	A549	cell-line	cell-line	cell-line	none	counts	passed
ENCFF756KDI	ENCFF756KDI	ENCSR666BEY	ENCSR998JNO	BPNet	sequence contribution scores counts	bigWig	ChIP-seq	JUNB	A549	cell-line	cell-line	cell-line	none	counts	passed
ENCFF820LOZ	ENCFF820LOZ	ENCSR332WDQ	ENCSR460LMU	BPNet	sequence contribution scores counts	bigWig	ChIP-seq	JUNB	A549	cell-line	cell-line	cell-line	none	counts	passed
ENCFF924UXQ	ENCFF924UXQ	ENCSR490YTY	ENCSR462UAB	BPNet	sequence contribution scores counts	bigWig	ChIP-seq	JUNB	A549	cell-line	cell-line	cell-line	none	counts	passed
ENCFF926QSZ	ENCFF926QSZ	ENCSR656VWZ	ENCSR994GDM	BPNet	sequence contribution scores counts	bigWig	ChIP-seq	JUNB	A549	cell-line	cell-line	cell-line	none	counts	passed
ENCFF957JOG	ENCFF957JOG	ENCSR814UWE	ENCSR661VEX	BPNet	sequence contribution scores counts	bigWig	ChIP-seq	JUNB	A549	cell-line	cell-line	cell-line	none	counts	passed
ENCFF335KCO	ENCFF335KCO	ENCSR897MMC	ENCSR496BQS	BPNet	sequence contribution scores counts	bigWig	ChIP-seq	JUNB	GM12878	cell-line	cell-line	cell-line	none	counts	passed
ENCFF617IVM	ENCFF617IVM	ENCSR685GGQ	ENCSR244PLN	BPNet	sequence contribution scores counts	bigWig	ChIP-seq	JUNB	HepG2	cell-line	cell-line	cell-line	none	counts	passed
ENCFF324HYC	ENCFF324HYC	ENCSR000DJY	ENCSR784NBM	BPNet	sequence contribution scores counts	bigWig	ChIP-seq	JUNB	K562	cell-line	cell-line	cell-line	none	counts	passed
ENCFF698RDO	ENCFF698RDO	ENCSR525VAT	ENCSR262LYW	BPNet	sequence contribution scores counts	bigWig	ChIP-seq	JUNB	K562	cell-line	cell-line	cell-line	none	counts	passed
ENCFF759FNV	ENCFF759FNV	ENCSR795IYP	ENCSR224QHS	BPNet	sequence contribution scores counts	bigWig	ChIP-seq	JUNB	K562	cell-line	cell-line	cell-line	none	counts	passed
ENCFF585NTO	ENCFF585NTO	ENCSR000DYS	ENCSR842QLN	BPNet	sequence contribution scores counts	bigWig	ChIP-seq	JUND	GM12878	cell-line	cell-line	cell-line	none	counts	passed
ENCFF601KUD	ENCFF601KUD	ENCSR000EBZ	ENCSR241ZHQ	BPNet	sequence contribution scores counts	bigWig	ChIP-seq	JUND	H1	cell-line	cell-line	cell-line	none	counts	passed
ENCFF090EIA	ENCFF090EIA	ENCSR000BSA	ENCSR650VIY	BPNet	sequence contribution scores counts	bigWig	ChIP-seq	JUND	HCT116	cell-line	cell-line	cell-line	none	counts	passed
ENCFF759RSC	ENCFF759RSC	ENCSR000EDH	ENCSR830DFE	BPNet	sequence contribution scores counts	bigWig	ChIP-seq	JUND	HeLa-S3	cell-line	cell-line	cell-line	none	counts	passed
ENCFF116TAG	ENCFF116TAG	ENCSR000BGK	ENCSR482CTQ	BPNet	sequence contribution scores counts	bigWig	ChIP-seq	JUND	HepG2	cell-line	cell-line	cell-line	none	counts	passed
ENCFF806SKF	ENCFF806SKF	ENCSR000EEI	ENCSR439DKF	BPNet	sequence contribution scores counts	bigWig	ChIP-seq	JUND	HepG2	cell-line	cell-line	cell-line	none	counts	passed
ENCFF919KTZ	ENCFF919KTZ	ENCSR282ZLP	ENCSR900EBT	BPNet	sequence contribution scores counts	bigWig	ChIP-seq	JUND	HepG2	cell-line	cell-line	cell-line	none	counts	passed
ENCFF519TPL	ENCFF519TPL	ENCSR000DJX	ENCSR767UUB	BPNet	sequence contribution scores counts	bigWig	ChIP-seq	JUND	K562	cell-line	cell-line	cell-line	none	counts	passed
ENCFF550VZV	ENCFF550VZV	ENCSR000EGN	ENCSR711UTT	BPNet	sequence contribution scores counts	bigWig	ChIP-seq	JUND	K562	cell-line	cell-line	cell-line	none	counts	passed
ENCFF279HKI	ENCFF279HKI	ENCSR000BSU	ENCSR900RMO	BPNet	sequence contribution scores counts	bigWig	ChIP-seq	JUND	MCF-7	cell-line	cell-line	cell-line	none	counts	passed
ENCFF779QRA	ENCFF779QRA	ENCSR000EIB	ENCSR623RBI	BPNet	sequence contribution scores counts	bigWig	ChIP-seq	JUND	SK-N-SH	cell-line	cell-line	cell-line	none	counts	passed
ENCFF798QQV	ENCFF798QQV	ENCSR000BSK	ENCSR824SLK	BPNet	sequence contribution scores counts	bigWig	ChIP-seq	JUND	SK-N-SH	cell-line	cell-line	cell-line	none	counts	passed
ENCFF028RWN	ENCFF028RWN	ENCSR000BVO	ENCSR525XFD	BPNet	sequence contribution scores counts	bigWig	ChIP-seq	JUND	T47D	cell-line	cell-line	cell-line	none	counts	passed
ENCFF592BNK	ENCFF592BNK	ENCSR837GTK	ENCSR985CKW	BPNet	sequence contribution scores counts	bigWig	ChIP-seq	JUND	liver	liver	liver	digestive-system	none	counts	passed
ENCFF995LLY	ENCFF995LLY	ENCSR196HGZ	ENCSR816TMP	BPNet	sequence contribution scores counts	bigWig	ChIP-seq	JUND	liver	liver	liver	digestive-system	none	counts	passed
ENCFF583IUR	ENCFF583IUR	ENCSR859BMR	ENCSR960UKV	BPNet	sequence contribution scores counts	bigWig	ChIP-seq	KLF1	HEK293	cell-line	cell-line	cell-line	none	counts	passed
ENCFF869QKY	ENCFF869QKY	ENCSR550HCT	ENCSR424EEB	BPNet	sequence contribution scores counts	bigWig	ChIP-seq	KLF1	K562	cell-line	cell-line	cell-line	none	counts	passed
ENCFF065AIH	ENCFF065AIH	ENCSR006GAQ	ENCSR438XYE	BPNet	sequence contribution scores counts	bigWig	ChIP-seq	KLF10	HEK293	cell-line	cell-line	cell-line	none	counts	passed
ENCFF081AZN	ENCFF081AZN	ENCSR616OSG	ENCSR909CUD	BPNet	sequence contribution scores counts	bigWig	ChIP-seq	KLF11	HepG2	cell-line	cell-line	cell-line	none	counts	passed
ENCFF140KCM	ENCFF140KCM	ENCSR552YWL	ENCSR610GYE	BPNet	sequence contribution scores counts	bigWig	ChIP-seq	KLF12	HepG2	cell-line	cell-line	cell-line	none	counts	passed
ENCFF770GGQ	ENCFF770GGQ	ENCSR608HVP	ENCSR243TNZ	BPNet	sequence contribution scores counts	bigWig	ChIP-seq	KLF13	K562	cell-line	cell-line	cell-line	none	counts	passed
ENCFF214BCT	ENCFF214BCT	ENCSR397DQC	ENCSR401QUW	BPNet	sequence contribution scores counts	bigWig	ChIP-seq	KLF16	HEK293	cell-line	cell-line	cell-line	none	counts	passed
ENCFF272KCA	ENCFF272KCA	ENCSR009KLQ	ENCSR911FYQ	BPNet	sequence contribution scores counts	bigWig	ChIP-seq	KLF16	HepG2	cell-line	cell-line	cell-line	none	counts	passed
ENCFF492LVI	ENCFF492LVI	ENCSR760UVO	ENCSR904YCG	BPNet	sequence contribution scores counts	bigWig	ChIP-seq	KLF16	K562	cell-line	cell-line	cell-line	none	counts	passed
ENCFF480APZ	ENCFF480APZ	ENCSR065WUF	ENCSR225AAV	BPNet	sequence contribution scores counts	bigWig	ChIP-seq	KLF17	HEK293	cell-line	cell-line	cell-line	none	counts	passed
ENCFF059YQI	ENCFF059YQI	ENCSR757EKM	ENCSR327WUN	BPNet	sequence contribution scores counts	bigWig	ChIP-seq	KLF6	HepG2	cell-line	cell-line	cell-line	none	counts	passed
ENCFF320OVN	ENCFF320OVN	ENCSR604VWJ	ENCSR374OIO	BPNet	sequence contribution scores counts	bigWig	ChIP-seq	KLF7	HEK293	cell-line	cell-line	cell-line	none	counts	passed
ENCFF234JRX	ENCFF234JRX	ENCSR635NOQ	ENCSR985CNW	BPNet	sequence contribution scores counts	bigWig	ChIP-seq	KLF8	HEK293	cell-line	cell-line	cell-line	none	counts	passed
ENCFF541TQJ	ENCFF541TQJ	ENCSR076EZB	ENCSR847MYV	BPNet	sequence contribution scores counts	bigWig	ChIP-seq	KLF9	HEK293	cell-line	cell-line	cell-line	none	counts	passed
ENCFF957XSM	ENCFF957XSM	ENCSR938ETG	ENCSR965WIT	BPNet	sequence contribution scores counts	bigWig	ChIP-seq	KLF9	HepG2	cell-line	cell-line	cell-line	none	counts	passed
ENCFF987GGN	ENCFF987GGN	ENCSR125ZYC	ENCSR919ZUT	BPNet	sequence contribution scores counts	bigWig	ChIP-seq	KLF9	MCF-7	cell-line	cell-line	cell-line	none	counts	passed
ENCFF154RNQ	ENCFF154RNQ	ENCSR469GZL	ENCSR773SAO	BPNet	sequence contribution scores counts	bigWig	ChIP-seq	LCOR	HepG2	cell-line	cell-line	cell-line	none	counts	passed
ENCFF607SDU	ENCFF607SDU	ENCSR672OHP	ENCSR177JJR	BPNet	sequence contribution scores counts	bigWig	ChIP-seq	LCOR	K562	cell-line	cell-line	cell-line	none	counts	passed
ENCFF562GNX	ENCFF562GNX	ENCSR880PMU	ENCSR647YVY	BPNet	sequence contribution scores counts	bigWig	ChIP-seq	LCORL	HepG2	cell-line	cell-line	cell-line	none	counts	passed
ENCFF581YLV	ENCFF581YLV	ENCSR950NAZ	ENCSR053GEB	BPNet	sequence contribution scores counts	bigWig	ChIP-seq	LCORL	HepG2	cell-line	cell-line	cell-line	none	counts	passed
ENCFF039ODE	ENCFF039ODE	ENCSR832OGB	ENCSR775TZV	BPNet	sequence contribution scores counts	bigWig	ChIP-seq	LEF1	K562	cell-line	cell-line	cell-line	none	counts	passed
ENCFF089UHU	ENCFF089UHU	ENCSR343ELW	ENCSR184ULM	BPNet	sequence contribution scores counts	bigWig	ChIP-seq	LEF1	K562	cell-line	cell-line	cell-line	none	counts	passed
ENCFF527BAM	ENCFF527BAM	ENCSR597MCV	ENCSR479OOG	BPNet	sequence contribution scores counts	bigWig	ChIP-seq	LIN54	HepG2	cell-line	cell-line	cell-line	none	counts	passed
ENCFF400SRN	ENCFF400SRN	ENCSR140DSL	ENCSR635EFD	BPNet	sequence contribution scores counts	bigWig	ChIP-seq	MAFF	HeLa-S3	cell-line	cell-line	cell-line	none	counts	passed
ENCFF647QAQ	ENCFF647QAQ	ENCSR000EEC	ENCSR689UDB	BPNet	sequence contribution scores counts	bigWig	ChIP-seq	MAFF	HepG2	cell-line	cell-line	cell-line	none	counts	passed
ENCFF506GJO	ENCFF506GJO	ENCSR000EGI	ENCSR512XRO	BPNet	sequence contribution scores counts	bigWig	ChIP-seq	MAFF	K562	cell-line	cell-line	cell-line	none	counts	passed
ENCFF646ATP	ENCFF646ATP	ENCSR708KAA	ENCSR512FKE	BPNet	sequence contribution scores counts	bigWig	ChIP-seq	MAFG	HepG2	cell-line	cell-line	cell-line	none	counts	passed
ENCFF350LGW	ENCFF350LGW	ENCSR818DQV	ENCSR324HYA	BPNet	sequence contribution scores counts	bigWig	ChIP-seq	MAFG	K562	cell-line	cell-line	cell-line	none	counts	passed
ENCFF360BRS	ENCFF360BRS	ENCSR541WQI	ENCSR415PWX	BPNet	sequence contribution scores counts	bigWig	ChIP-seq	MAFK	A549	cell-line	cell-line	cell-line	none	counts	passed
ENCFF255RPL	ENCFF255RPL	ENCSR000DYV	ENCSR538HRY	BPNet	sequence contribution scores counts	bigWig	ChIP-seq	MAFK	GM12878	cell-line	cell-line	cell-line	none	counts	passed
ENCFF199RZI	ENCFF199RZI	ENCSR000EBS	ENCSR489JND	BPNet	sequence contribution scores counts	bigWig	ChIP-seq	MAFK	H1	cell-line	cell-line	cell-line	none	counts	passed
ENCFF598ACV	ENCFF598ACV	ENCSR000ECK	ENCSR772QXK	BPNet	sequence contribution scores counts	bigWig	ChIP-seq	MAFK	HeLa-S3	cell-line	cell-line	cell-line	none	counts	passed
ENCFF848TAK	ENCFF848TAK	ENCSR000EDZ	ENCSR804YJX	BPNet	sequence contribution scores counts	bigWig	ChIP-seq	MAFK	HepG2	cell-line	cell-line	cell-line	none	counts	passed
ENCFF966PCM	ENCFF966PCM	ENCSR000EEB	ENCSR171MQW	BPNet	sequence contribution scores counts	bigWig	ChIP-seq	MAFK	HepG2	cell-line	cell-line	cell-line	none	counts	passed
ENCFF380JKV	ENCFF380JKV	ENCSR000EFH	ENCSR476QNT	BPNet	sequence contribution scores counts	bigWig	ChIP-seq	MAFK	IMR-90	cell-line	cell-line	cell-line	none	counts	passed
ENCFF300CCP	ENCFF300CCP	ENCSR000EGX	ENCSR562GPY	BPNet	sequence contribution scores counts	bigWig	ChIP-seq	MAFK	K562	cell-line	cell-line	cell-line	none	counts	passed
ENCFF463VHM	ENCFF463VHM	ENCSR555PBN	ENCSR478ZIL	BPNet	sequence contribution scores counts	bigWig	ChIP-seq	MAFK	MCF-7	cell-line	cell-line	cell-line	none	counts	passed
ENCFF442CLR	ENCFF442CLR	ENCSR000BTJ	ENCSR659CLW	BPNet	sequence contribution scores counts	bigWig	ChIP-seq	MAX	A549	cell-line	cell-line	cell-line	none	counts	passed
ENCFF804VYI	ENCFF804VYI	ENCSR000DYG	ENCSR497CAB	BPNet	sequence contribution scores counts	bigWig	ChIP-seq	MAX	A549	cell-line	cell-line	cell-line	none	counts	passed
ENCFF096PVT	ENCFF096PVT	ENCSR000DZF	ENCSR419HPN	BPNet	sequence contribution scores counts	bigWig	ChIP-seq	MAX	GM12878	cell-line	cell-line	cell-line	none	counts	passed
ENCFF121DQJ	ENCFF121DQJ	ENCSR000BSJ	ENCSR217JCX	BPNet	sequence contribution scores counts	bigWig	ChIP-seq	MAX	H1	cell-line	cell-line	cell-line	none	counts	passed
ENCFF277QOV	ENCFF277QOV	ENCSR000BSH	ENCSR944KJS	BPNet	sequence contribution scores counts	bigWig	ChIP-seq	MAX	HCT116	cell-line	cell-line	cell-line	none	counts	passed
ENCFF109TYW	ENCFF109TYW	ENCSR000ECN	ENCSR524JTY	BPNet	sequence contribution scores counts	bigWig	ChIP-seq	MAX	HeLa-S3	cell-line	cell-line	cell-line	none	counts	passed
ENCFF505SWT	ENCFF505SWT	ENCSR000EZF	ENCSR575CEK	BPNet	sequence contribution scores counts	bigWig	ChIP-seq	MAX	HeLa-S3	cell-line	cell-line	cell-line	none	counts	passed
ENCFF064MAZ	ENCFF064MAZ	ENCSR000BTM	ENCSR625YWT	BPNet	sequence contribution scores counts	bigWig	ChIP-seq	MAX	HepG2	cell-line	cell-line	cell-line	none	counts	passed
ENCFF738HQU	ENCFF738HQU	ENCSR168DYA	ENCSR173YVF	BPNet	sequence contribution scores counts	bigWig	ChIP-seq	MAX	HepG2	cell-line	cell-line	cell-line	none	counts	passed
ENCFF974UJR	ENCFF974UJR	ENCSR000EDS	ENCSR086FPA	BPNet	sequence contribution scores counts	bigWig	ChIP-seq	MAX	HepG2	cell-line	cell-line	cell-line	none	counts	passed
ENCFF741HCU	ENCFF741HCU	ENCSR000BTY	ENCSR419SPJ	BPNet	sequence contribution scores counts	bigWig	ChIP-seq	MAX	Ishikawa	cell-line	cell-line	cell-line	none	counts	passed
ENCFF110MZV	ENCFF110MZV	ENCSR000FAE	ENCSR445ZHD	BPNet	sequence contribution scores counts	bigWig	ChIP-seq	MAX	K562	cell-line	cell-line	cell-line	none	counts	passed
ENCFF219NAK	ENCFF219NAK	ENCSR000BLP	ENCSR327GNG	BPNet	sequence contribution scores counts	bigWig	ChIP-seq	MAX	K562	cell-line	cell-line	cell-line	none	counts	passed
ENCFF549ZFI	ENCFF549ZFI	ENCSR158LJN	ENCSR742NEE	BPNet	sequence contribution scores counts	bigWig	ChIP-seq	MAX	K562	cell-line	cell-line	cell-line	none	counts	passed
ENCFF946CDX	ENCFF946CDX	ENCSR000EFV	ENCSR098FIX	BPNet	sequence contribution scores counts	bigWig	ChIP-seq	MAX	K562	cell-line	cell-line	cell-line	none	counts	passed
ENCFF390QMJ	ENCFF390QMJ	ENCSR000BUL	ENCSR259ENO	BPNet	sequence contribution scores counts	bigWig	ChIP-seq	MAX	MCF-7	cell-line	cell-line	cell-line	none	counts	passed
ENCFF470QXP	ENCFF470QXP	ENCSR000EHS	ENCSR809RVJ	BPNet	sequence contribution scores counts	bigWig	ChIP-seq	MAX	NB4	cell-line	cell-line	cell-line	none	counts	passed
ENCFF242AZJ	ENCFF242AZJ	ENCSR000BVD	ENCSR058ERJ	BPNet	sequence contribution scores counts	bigWig	ChIP-seq	MAX	SK-N-SH	cell-line	cell-line	cell-line	none	counts	passed
ENCFF197LZA	ENCFF197LZA	ENCSR349FYX	ENCSR232HJN	BPNet	sequence contribution scores counts	bigWig	ChIP-seq	MAX	WTC11	cell-line	cell-line	cell-line	none	counts	passed
ENCFF553ZNT	ENCFF553ZNT	ENCSR000EEZ	ENCSR180XFU	BPNet	sequence contribution scores counts	bigWig	ChIP-seq	MAX	endothelial-cell-of-umbilical-vein	endothelial	blood-vessel	circulatory-system	none	counts	passed
ENCFF138WHC	ENCFF138WHC	ENCSR521IID	ENCSR114XLN	BPNet	sequence contribution scores counts	bigWig	ChIP-seq	MAX	liver	liver	liver	digestive-system	none	counts	passed
ENCFF745QSX	ENCFF745QSX	ENCSR847DIT	ENCSR950MFN	BPNet	sequence contribution scores counts	bigWig	ChIP-seq	MAX	liver	liver	liver	digestive-system	none	counts	passed
ENCFF595VMZ	ENCFF595VMZ	ENCSR636YLV	ENCSR118TTR	BPNet	sequence contribution scores counts	bigWig	ChIP-seq	MAZ	A549	cell-line	cell-line	cell-line	none	counts	passed
ENCFF749TOX	ENCFF749TOX	ENCSR903MVU	ENCSR335TIH	BPNet	sequence contribution scores counts	bigWig	ChIP-seq	MAZ	GM12878	cell-line	cell-line	cell-line	none	counts	passed
ENCFF758GIS	ENCFF758GIS	ENCSR000DZA	ENCSR461ZEC	BPNet	sequence contribution scores counts	bigWig	ChIP-seq	MAZ	GM12878	cell-line	cell-line	cell-line	none	counts	passed
ENCFF748KLO	ENCFF748KLO	ENCSR290SSQ	ENCSR821GPM	BPNet	sequence contribution scores counts	bigWig	ChIP-seq	MAZ	HEK293	cell-line	cell-line	cell-line	none	counts	passed
ENCFF558HFG	ENCFF558HFG	ENCSR000ECL	ENCSR868PEZ	BPNet	sequence contribution scores counts	bigWig	ChIP-seq	MAZ	HeLa-S3	cell-line	cell-line	cell-line	none	counts	passed
ENCFF644PFW	ENCFF644PFW	ENCSR700PNE	ENCSR898PVS	BPNet	sequence contribution scores counts	bigWig	ChIP-seq	MAZ	HepG2	cell-line	cell-line	cell-line	none	counts	passed
ENCFF994NST	ENCFF994NST	ENCSR000EDN	ENCSR364YEH	BPNet	sequence contribution scores counts	bigWig	ChIP-seq	MAZ	HepG2	cell-line	cell-line	cell-line	none	counts	passed
ENCFF558GAW	ENCFF558GAW	ENCSR000EFF	ENCSR982VJO	BPNet	sequence contribution scores counts	bigWig	ChIP-seq	MAZ	IMR-90	cell-line	cell-line	cell-line	none	counts	passed
ENCFF382CLU	ENCFF382CLU	ENCSR000EFX	ENCSR535NQC	BPNet	sequence contribution scores counts	bigWig	ChIP-seq	MAZ	K562	cell-line	cell-line	cell-line	none	counts	passed
ENCFF724CQK	ENCFF724CQK	ENCSR643JRH	ENCSR098VYP	BPNet	sequence contribution scores counts	bigWig	ChIP-seq	MAZ	K562	cell-line	cell-line	cell-line	none	counts	passed
ENCFF787ABE	ENCFF787ABE	ENCSR163IUV	ENCSR499PPK	BPNet	sequence contribution scores counts	bigWig	ChIP-seq	MAZ	K562	cell-line	cell-line	cell-line	none	counts	passed
ENCFF592LON	ENCFF592LON	ENCSR288IJC	ENCSR249QEG	BPNet	sequence contribution scores counts	bigWig	ChIP-seq	MAZ	MCF-7	cell-line	cell-line	cell-line	none	counts	passed
ENCFF841ZLU	ENCFF841ZLU	ENCSR260UJI	ENCSR735EUV	BPNet	sequence contribution scores counts	bigWig	ChIP-seq	MBD1	HepG2	cell-line	cell-line	cell-line	none	counts	passed
ENCFF846UMY	ENCFF846UMY	ENCSR396QWK	ENCSR664JFH	BPNet	sequence contribution scores counts	bigWig	ChIP-seq	MBD1	HepG2	cell-line	cell-line	cell-line	none	counts	passed
ENCFF002OPV	ENCFF002OPV	ENCSR158BGH	ENCSR613UNL	BPNet	sequence contribution scores counts	bigWig	ChIP-seq	MBD1	K562	cell-line	cell-line	cell-line	none	counts	passed
ENCFF795TWP	ENCFF795TWP	ENCSR000BKB	ENCSR275MUR	BPNet	sequence contribution scores counts	bigWig	ChIP-seq	MEF2A	GM12878	cell-line	cell-line	cell-line	none	counts	passed
ENCFF254YOQ	ENCFF254YOQ	ENCSR000BNV	ENCSR334ZYL	BPNet	sequence contribution scores counts	bigWig	ChIP-seq	MEF2A	K562	cell-line	cell-line	cell-line	none	counts	passed
ENCFF184JAG	ENCFF184JAG	ENCSR000BVC	ENCSR697PQB	BPNet	sequence contribution scores counts	bigWig	ChIP-seq	MEF2A	SK-N-SH	cell-line	cell-line	cell-line	none	counts	passed
ENCFF152QYN	ENCFF152QYN	ENCSR177VFS	ENCSR970WDM	BPNet	sequence contribution scores counts	bigWig	ChIP-seq	MEF2B	GM12878	cell-line	cell-line	cell-line	none	counts	passed
ENCFF646SLQ	ENCFF646SLQ	ENCSR000BNG	ENCSR020NVK	BPNet	sequence contribution scores counts	bigWig	ChIP-seq	MEF2C	GM12878	cell-line	cell-line	cell-line	none	counts	passed
ENCFF327QWX	ENCFF327QWX	ENCSR923MOO	ENCSR230CCY	BPNet	sequence contribution scores counts	bigWig	ChIP-seq	MEF2D	HepG2	cell-line	cell-line	cell-line	none	counts	passed
ENCFF999HXJ	ENCFF999HXJ	ENCSR647ZXA	ENCSR388OSJ	BPNet	sequence contribution scores counts	bigWig	ChIP-seq	MEF2D	K562	cell-line	cell-line	cell-line	none	counts	passed
ENCFF422WKJ	ENCFF422WKJ	ENCSR186JMM	ENCSR961ONW	BPNet	sequence contribution scores counts	bigWig	ChIP-seq	MEIS1	HEK293	cell-line	cell-line	cell-line	none	counts	passed
ENCFF299ZHV	ENCFF299ZHV	ENCSR695WOH	ENCSR308XUJ	BPNet	sequence contribution scores counts	bigWig	ChIP-seq	MEIS1	HepG2	cell-line	cell-line	cell-line	none	counts	passed
ENCFF998YEC	ENCFF998YEC	ENCSR830LDY	ENCSR181VDR	BPNet	sequence contribution scores counts	bigWig	ChIP-seq	MEIS2	HepG2	cell-line	cell-line	cell-line	none	counts	passed
ENCFF564MMK	ENCFF564MMK	ENCSR851BNE	ENCSR603QNK	BPNet	sequence contribution scores counts	bigWig	ChIP-seq	MEIS2	K562	cell-line	cell-line	cell-line	none	counts	passed
ENCFF034TOO	ENCFF034TOO	ENCSR912NEF	ENCSR230PRA	BPNet	sequence contribution scores counts	bigWig	ChIP-seq	MGA	HepG2	cell-line	cell-line	cell-line	none	counts	passed
ENCFF525FXV	ENCFF525FXV	ENCSR710WLO	ENCSR460CBW	BPNet	sequence contribution scores counts	bigWig	ChIP-seq	MGA	K562	cell-line	cell-line	cell-line	none	counts	passed
ENCFF197GIX	ENCFF197GIX	ENCSR000FCB	ENCSR286KMC	BPNet	sequence contribution scores counts	bigWig	ChIP-seq	MITF	K562	cell-line	cell-line	cell-line	none	counts	passed
ENCFF270KHM	ENCFF270KHM	ENCSR797SWM	ENCSR551LHV	BPNet	sequence contribution scores counts	bigWig	ChIP-seq	MITF	K562	cell-line	cell-line	cell-line	none	counts	passed
ENCFF538MQF	ENCFF538MQF	ENCSR966PJY	ENCSR799OQI	BPNet	sequence contribution scores counts	bigWig	ChIP-seq	MIXL1	HepG2	cell-line	cell-line	cell-line	none	counts	passed
ENCFF524KIB	ENCFF524KIB	ENCSR125DAD	ENCSR141QPF	BPNet	sequence contribution scores counts	bigWig	ChIP-seq	MLX	HepG2	cell-line	cell-line	cell-line	none	counts	passed
ENCFF019UEF	ENCFF019UEF	ENCSR802UCW	ENCSR042HWF	BPNet	sequence contribution scores counts	bigWig	ChIP-seq	MLXIP	HepG2	cell-line	cell-line	cell-line	none	counts	passed
ENCFF300GTC	ENCFF300GTC	ENCSR261EDU	ENCSR165AJR	BPNet	sequence contribution scores counts	bigWig	ChIP-seq	MNT	HepG2	cell-line	cell-line	cell-line	none	counts	passed
ENCFF987OUD	ENCFF987OUD	ENCSR730TBC	ENCSR981BLG	BPNet	sequence contribution scores counts	bigWig	ChIP-seq	MNT	HepG2	cell-line	cell-line	cell-line	none	counts	passed
ENCFF607APH	ENCFF607APH	ENCSR390VGH	ENCSR702FUG	BPNet	sequence contribution scores counts	bigWig	ChIP-seq	MNT	K562	cell-line	cell-line	cell-line	none	counts	passed
ENCFF771LUR	ENCFF771LUR	ENCSR512NLO	ENCSR320KQY	BPNet	sequence contribution scores counts	bigWig	ChIP-seq	MNT	K562	cell-line	cell-line	cell-line	none	counts	passed
ENCFF801DOQ	ENCFF801DOQ	ENCSR979QYJ	ENCSR796WXI	BPNet	sequence contribution scores counts	bigWig	ChIP-seq	MNT	K562	cell-line	cell-line	cell-line	none	counts	passed
ENCFF751DEI	ENCFF751DEI	ENCSR663ZZZ	ENCSR942KSS	BPNet	sequence contribution scores counts	bigWig	ChIP-seq	MNT	MCF-7	cell-line	cell-line	cell-line	none	counts	passed
ENCFF341OYI	ENCFF341OYI	ENCSR194NVP	ENCSR754RTF	BPNet	sequence contribution scores counts	bigWig	ChIP-seq	MTF1	HepG2	cell-line	cell-line	cell-line	none	counts	passed
ENCFF185OWW	ENCFF185OWW	ENCSR000DZI	ENCSR363LRQ	BPNet	sequence contribution scores counts	bigWig	ChIP-seq	MXI1	GM12878	cell-line	cell-line	cell-line	none	counts	passed
ENCFF431NMZ	ENCFF431NMZ	ENCSR000EBR	ENCSR404AIR	BPNet	sequence contribution scores counts	bigWig	ChIP-seq	MXI1	H1	cell-line	cell-line	cell-line	none	counts	passed
ENCFF662GYC	ENCFF662GYC	ENCSR000ECU	ENCSR362OIW	BPNet	sequence contribution scores counts	bigWig	ChIP-seq	MXI1	HeLa-S3	cell-line	cell-line	cell-line	none	counts	passed
ENCFF787MYS	ENCFF787MYS	ENCSR000EDU	ENCSR207EEE	BPNet	sequence contribution scores counts	bigWig	ChIP-seq	MXI1	HepG2	cell-line	cell-line	cell-line	none	counts	passed
ENCFF933BMF	ENCFF933BMF	ENCSR000EFE	ENCSR450MOL	BPNet	sequence contribution scores counts	bigWig	ChIP-seq	MXI1	IMR-90	cell-line	cell-line	cell-line	none	counts	passed
ENCFF622DRX	ENCFF622DRX	ENCSR000EGZ	ENCSR574SIH	BPNet	sequence contribution scores counts	bigWig	ChIP-seq	MXI1	K562	cell-line	cell-line	cell-line	none	counts	passed
ENCFF016SXE	ENCFF016SXE	ENCSR000EIA	ENCSR486KID	BPNet	sequence contribution scores counts	bigWig	ChIP-seq	MXI1	SK-N-SH	cell-line	cell-line	cell-line	none	counts	passed
ENCFF488DYM	ENCFF488DYM	ENCSR934NHU	ENCSR563HKR	BPNet	sequence contribution scores counts	bigWig	ChIP-seq	MXI1	neural-cell	neural	nerve	central-nervous-system	none	counts	passed
ENCFF003KKR	ENCFF003KKR	ENCSR581KCO	ENCSR028NEG	BPNet	sequence contribution scores counts	bigWig	ChIP-seq	MYBL2	HepG2	cell-line	cell-line	cell-line	none	counts	passed
ENCFF751EGL	ENCFF751EGL	ENCSR000BRO	ENCSR719FRN	BPNet	sequence contribution scores counts	bigWig	ChIP-seq	MYBL2	HepG2	cell-line	cell-line	cell-line	none	counts	passed
ENCFF453BSK	ENCFF453BSK	ENCSR162IEM	ENCSR205DJP	BPNet	sequence contribution scores counts	bigWig	ChIP-seq	MYBL2	K562	cell-line	cell-line	cell-line	none	counts	passed
ENCFF840UWS	ENCFF840UWS	ENCSR000DYC	ENCSR488KUW	BPNet	sequence contribution scores counts	bigWig	ChIP-seq	MYC	A549	cell-line	cell-line	cell-line	none	counts	passed
ENCFF189LUK	ENCFF189LUK	ENCSR000EBY	ENCSR659ZTN	BPNet	sequence contribution scores counts	bigWig	ChIP-seq	MYC	H1	cell-line	cell-line	cell-line	none	counts	passed
ENCFF760CNY	ENCFF760CNY	ENCSR000EZD	ENCSR786SZX	BPNet	sequence contribution scores counts	bigWig	ChIP-seq	MYC	HeLa-S3	cell-line	cell-line	cell-line	none	counts	passed
ENCFF255JRB	ENCFF255JRB	ENCSR784BVD	ENCSR255YZO	BPNet	sequence contribution scores counts	bigWig	ChIP-seq	MYC	HepG2	cell-line	cell-line	cell-line	none	counts	passed
ENCFF020TGA	ENCFF020TGA	ENCSR000EGS	ENCSR874LMM	BPNet	sequence contribution scores counts	bigWig	ChIP-seq	MYC	K562	cell-line	cell-line	cell-line	none	counts	passed
ENCFF279ZYT	ENCFF279ZYT	ENCSR744JJU	ENCSR475EUF	BPNet	sequence contribution scores counts	bigWig	ChIP-seq	MYC	K562	cell-line	cell-line	cell-line	none	counts	passed
ENCFF633EAT	ENCFF633EAT	ENCSR000EZU	ENCSR073AVM	BPNet	sequence contribution scores counts	bigWig	ChIP-seq	MYC	K562	cell-line	cell-line	cell-line	none	counts	passed
ENCFF696MLX	ENCFF696MLX	ENCSR000EZV	ENCSR137NGE	BPNet	sequence contribution scores counts	bigWig	ChIP-seq	MYC	K562	cell-line	cell-line	cell-line	none	counts	passed
ENCFF717ZHH	ENCFF717ZHH	ENCSR000FAZ	ENCSR232ZNL	BPNet	sequence contribution scores counts	bigWig	ChIP-seq	MYC	K562	cell-line	cell-line	cell-line	none	counts	passed
ENCFF787RDC	ENCFF787RDC	ENCSR000EGJ	ENCSR391PGO	BPNet	sequence contribution scores counts	bigWig	ChIP-seq	MYC	K562	cell-line	cell-line	cell-line	none	counts	passed
ENCFF809VKR	ENCFF809VKR	ENCSR000FAG	ENCSR698FPV	BPNet	sequence contribution scores counts	bigWig	ChIP-seq	MYC	K562	cell-line	cell-line	cell-line	none	counts	passed
ENCFF876CWZ	ENCFF876CWZ	ENCSR000DLZ	ENCSR490UCL	BPNet	sequence contribution scores counts	bigWig	ChIP-seq	MYC	K562	cell-line	cell-line	cell-line	none	counts	passed
ENCFF474WJX	ENCFF474WJX	ENCSR000DOM	ENCSR079MXR	BPNet	sequence contribution scores counts	bigWig	ChIP-seq	MYC	MCF-10A	cell-line	cell-line	cell-line	none	counts	passed
ENCFF761LWN	ENCFF761LWN	ENCSR000DOS	ENCSR918OTZ	BPNet	sequence contribution scores counts	bigWig	ChIP-seq	MYC	MCF-10A	cell-line	cell-line	cell-line	none	counts	passed
ENCFF092FBY	ENCFF092FBY	ENCSR000DMJ	ENCSR842YFB	BPNet	sequence contribution scores counts	bigWig	ChIP-seq	MYC	MCF-7	cell-line	cell-line	cell-line	none	counts	passed
ENCFF201JOA	ENCFF201JOA	ENCSR000DMP	ENCSR289YVT	BPNet	sequence contribution scores counts	bigWig	ChIP-seq	MYC	MCF-7	cell-line	cell-line	cell-line	none	counts	passed
ENCFF756HGS	ENCFF756HGS	ENCSR000DMM	ENCSR486QYR	BPNet	sequence contribution scores counts	bigWig	ChIP-seq	MYC	MCF-7	cell-line	cell-line	cell-line	none	counts	passed
ENCFF975IJU	ENCFF975IJU	ENCSR000DMQ	ENCSR510MGV	BPNet	sequence contribution scores counts	bigWig	ChIP-seq	MYC	MCF-7	cell-line	cell-line	cell-line	none	counts	passed
ENCFF669XLQ	ENCFF669XLQ	ENCSR000EHR	ENCSR864IWY	BPNet	sequence contribution scores counts	bigWig	ChIP-seq	MYC	NB4	cell-line	cell-line	cell-line	none	counts	passed
ENCFF569VYF	ENCFF569VYF	ENCSR707BNG	ENCSR948VXG	BPNet	sequence contribution scores counts	bigWig	ChIP-seq	MYNN	HEK293	cell-line	cell-line	cell-line	none	counts	passed
ENCFF044LYV	ENCFF044LYV	ENCSR737LTZ	ENCSR073PHB	BPNet	sequence contribution scores counts	bigWig	ChIP-seq	MYNN	K562	cell-line	cell-line	cell-line	none	counts	passed
ENCFF312TSF	ENCFF312TSF	ENCSR992KLV	ENCSR395MQN	BPNet	sequence contribution scores counts	bigWig	ChIP-seq	MYNN	K562	cell-line	cell-line	cell-line	none	counts	passed
ENCFF871JBK	ENCFF871JBK	ENCSR056SXR	ENCSR326TEK	BPNet	sequence contribution scores counts	bigWig	ChIP-seq	MYPOP	HepG2	cell-line	cell-line	cell-line	none	counts	passed
ENCFF435KJM	ENCFF435KJM	ENCSR298QUH	ENCSR570SUC	BPNet	sequence contribution scores counts	bigWig	ChIP-seq	MZF1	HEK293	cell-line	cell-line	cell-line	none	counts	passed
ENCFF395ZQH	ENCFF395ZQH	ENCSR545ADB	ENCSR998XFJ	BPNet	sequence contribution scores counts	bigWig	ChIP-seq	NACC2	HepG2	cell-line	cell-line	cell-line	none	counts	passed
ENCFF448JKG	ENCFF448JKG	ENCSR061DGF	ENCSR570MMB	BPNet	sequence contribution scores counts	bigWig	ChIP-seq	NANOG	GM23338	cell-line	cell-line	cell-line	none	counts	passed
ENCFF749YPJ	ENCFF749YPJ	ENCSR000BQL	ENCSR855QIU	BPNet	sequence contribution scores counts	bigWig	ChIP-seq	NFATC1	GM12878	cell-line	cell-line	cell-line	none	counts	passed
ENCFF073QKF	ENCFF073QKF	ENCSR437GBJ	ENCSR764UVH	BPNet	sequence contribution scores counts	bigWig	ChIP-seq	NFATC3	GM12878	cell-line	cell-line	cell-line	none	counts	passed
ENCFF702ZHW	ENCFF702ZHW	ENCSR670FDA	ENCSR051TQJ	BPNet	sequence contribution scores counts	bigWig	ChIP-seq	NFATC3	K562	cell-line	cell-line	cell-line	none	counts	passed
ENCFF502JFZ	ENCFF502JFZ	ENCSR983FBD	ENCSR016LTD	BPNet	sequence contribution scores counts	bigWig	ChIP-seq	NFE2	HepG2	cell-line	cell-line	cell-line	none	counts	passed
ENCFF041CLD	ENCFF041CLD	ENCSR552YGL	ENCSR714BAN	BPNet	sequence contribution scores counts	bigWig	ChIP-seq	NFE2	K562	cell-line	cell-line	cell-line	none	counts	passed
ENCFF183QDQ	ENCFF183QDQ	ENCSR000FCC	ENCSR620LZN	BPNet	sequence contribution scores counts	bigWig	ChIP-seq	NFE2	K562	cell-line	cell-line	cell-line	none	counts	passed
ENCFF327JIK	ENCFF327JIK	ENCSR000FAF	ENCSR833AMA	BPNet	sequence contribution scores counts	bigWig	ChIP-seq	NFE2	K562	cell-line	cell-line	cell-line	none	counts	passed
ENCFF300IZQ	ENCFF300IZQ	ENCSR584GHV	ENCSR834TYB	BPNet	sequence contribution scores counts	bigWig	ChIP-seq	NFE2L2	A549	cell-line	cell-line	cell-line	none	counts	passed
ENCFF155FWS	ENCFF155FWS	ENCSR707IUN	ENCSR143VJB	BPNet	sequence contribution scores counts	bigWig	ChIP-seq	NFE2L2	HeLa-S3	cell-line	cell-line	cell-line	none	counts	passed
ENCFF261INS	ENCFF261INS	ENCSR488EES	ENCSR301SDD	BPNet	sequence contribution scores counts	bigWig	ChIP-seq	NFE2L2	HepG2	cell-line	cell-line	cell-line	none	counts	passed
ENCFF268XSW	ENCFF268XSW	ENCSR197WGI	ENCSR719DDK	BPNet	sequence contribution scores counts	bigWig	ChIP-seq	NFE2L2	IMR-90	cell-line	cell-line	cell-line	none	counts	passed
ENCFF049AJI	ENCFF049AJI	ENCSR226QQM	ENCSR930KVA	BPNet	sequence contribution scores counts	bigWig	ChIP-seq	NFIA	HepG2	cell-line	cell-line	cell-line	none	counts	passed
ENCFF180TYH	ENCFF180TYH	ENCSR414WBQ	ENCSR279NFG	BPNet	sequence contribution scores counts	bigWig	ChIP-seq	NFIB	HepG2	cell-line	cell-line	cell-line	none	counts	passed
ENCFF340AMD	ENCFF340AMD	ENCSR582ZOA	ENCSR705OPV	BPNet	sequence contribution scores counts	bigWig	ChIP-seq	NFIB	MCF-7	cell-line	cell-line	cell-line	none	counts	passed
ENCFF805RCE	ENCFF805RCE	ENCSR702BYX	ENCSR903JQN	BPNet	sequence contribution scores counts	bigWig	ChIP-seq	NFIB	MCF-7	cell-line	cell-line	cell-line	none	counts	passed
ENCFF573UGO	ENCFF573UGO	ENCSR000BRN	ENCSR370SAQ	BPNet	sequence contribution scores counts	bigWig	ChIP-seq	NFIC	GM12878	cell-line	cell-line	cell-line	none	counts	passed
ENCFF570TRN	ENCFF570TRN	ENCSR000BQX	ENCSR448HYK	BPNet	sequence contribution scores counts	bigWig	ChIP-seq	NFIC	HepG2	cell-line	cell-line	cell-line	none	counts	passed
ENCFF159ECM	ENCFF159ECM	ENCSR000BUT	ENCSR178HFG	BPNet	sequence contribution scores counts	bigWig	ChIP-seq	NFIC	Ishikawa	cell-line	cell-line	cell-line	none	counts	passed
ENCFF796SYN	ENCFF796SYN	ENCSR796ITY	ENCSR829TWW	BPNet	sequence contribution scores counts	bigWig	ChIP-seq	NFIC	K562	cell-line	cell-line	cell-line	none	counts	passed
ENCFF504IKU	ENCFF504IKU	ENCSR000BSV	ENCSR975ZPP	BPNet	sequence contribution scores counts	bigWig	ChIP-seq	NFIC	SK-N-SH	cell-line	cell-line	cell-line	none	counts	passed
ENCFF872MUD	ENCFF872MUD	ENCSR201GGK	ENCSR264TFB	BPNet	sequence contribution scores counts	bigWig	ChIP-seq	NFIL3	HepG2	cell-line	cell-line	cell-line	none	counts	passed
ENCFF580ICO	ENCFF580ICO	ENCSR574VJG	ENCSR049VIS	BPNet	sequence contribution scores counts	bigWig	ChIP-seq	NFIX	K562	cell-line	cell-line	cell-line	none	counts	passed
ENCFF403QLK	ENCFF403QLK	ENCSR000DNN	ENCSR941VQC	BPNet	sequence contribution scores counts	bigWig	ChIP-seq	NFYA	GM12878	cell-line	cell-line	cell-line	none	counts	passed
ENCFF078WZU	ENCFF078WZU	ENCSR000DNS	ENCSR043YIY	BPNet	sequence contribution scores counts	bigWig	ChIP-seq	NFYA	HeLa-S3	cell-line	cell-line	cell-line	none	counts	passed
ENCFF512ZDR	ENCFF512ZDR	ENCSR124APT	ENCSR871HZE	BPNet	sequence contribution scores counts	bigWig	ChIP-seq	NFYA	HepG2	cell-line	cell-line	cell-line	none	counts	passed
ENCFF660HRY	ENCFF660HRY	ENCSR000EGR	ENCSR130BYS	BPNet	sequence contribution scores counts	bigWig	ChIP-seq	NFYA	K562	cell-line	cell-line	cell-line	none	counts	passed
ENCFF744WTB	ENCFF744WTB	ENCSR163VTS	ENCSR549HCY	BPNet	sequence contribution scores counts	bigWig	ChIP-seq	NFYA	K562	cell-line	cell-line	cell-line	none	counts	passed
ENCFF957MOZ	ENCFF957MOZ	ENCSR000DNM	ENCSR769ACL	BPNet	sequence contribution scores counts	bigWig	ChIP-seq	NFYB	GM12878	cell-line	cell-line	cell-line	none	counts	passed
ENCFF568LAN	ENCFF568LAN	ENCSR000DNR	ENCSR129DJF	BPNet	sequence contribution scores counts	bigWig	ChIP-seq	NFYB	HeLa-S3	cell-line	cell-line	cell-line	none	counts	passed
ENCFF070HQH	ENCFF070HQH	ENCSR935GZV	ENCSR317XKM	BPNet	sequence contribution scores counts	bigWig	ChIP-seq	NFYB	HepG2	cell-line	cell-line	cell-line	none	counts	passed
ENCFF481PEO	ENCFF481PEO	ENCSR000EGQ	ENCSR821CQP	BPNet	sequence contribution scores counts	bigWig	ChIP-seq	NFYB	K562	cell-line	cell-line	cell-line	none	counts	passed
ENCFF624VHA	ENCFF624VHA	ENCSR146UIC	ENCSR619ZLZ	BPNet	sequence contribution scores counts	bigWig	ChIP-seq	NFYB	WTC11	cell-line	cell-line	cell-line	none	counts	passed
ENCFF887HSN	ENCFF887HSN	ENCSR569ARC	ENCSR683SPA	BPNet	sequence contribution scores counts	bigWig	ChIP-seq	NFYC	HepG2	cell-line	cell-line	cell-line	none	counts	passed
ENCFF378AGF	ENCFF378AGF	ENCSR784VIQ	ENCSR989CSU	BPNet	sequence contribution scores counts	bigWig	ChIP-seq	NR2C1	GM12878	cell-line	cell-line	cell-line	none	counts	passed
ENCFF817KQG	ENCFF817KQG	ENCSR178DEG	ENCSR071NXN	BPNet	sequence contribution scores counts	bigWig	ChIP-seq	NR2C1	K562	cell-line	cell-line	cell-line	none	counts	passed
ENCFF946CEG	ENCFF946CEG	ENCSR742IDN	ENCSR234QDQ	BPNet	sequence contribution scores counts	bigWig	ChIP-seq	NR2C1	K562	cell-line	cell-line	cell-line	none	counts	passed
ENCFF403HGC	ENCFF403HGC	ENCSR000EUL	ENCSR254CFS	BPNet	sequence contribution scores counts	bigWig	ChIP-seq	NR2C2	GM12878	cell-line	cell-line	cell-line	none	counts	passed
ENCFF091SOP	ENCFF091SOP	ENCSR000EVN	ENCSR085ZRK	BPNet	sequence contribution scores counts	bigWig	ChIP-seq	NR2C2	HeLa-S3	cell-line	cell-line	cell-line	none	counts	passed
ENCFF375EZQ	ENCFF375EZQ	ENCSR000EVS	ENCSR258XPK	BPNet	sequence contribution scores counts	bigWig	ChIP-seq	NR2C2	HepG2	cell-line	cell-line	cell-line	none	counts	passed
ENCFF546WJK	ENCFF546WJK	ENCSR559ZKI	ENCSR820PTP	BPNet	sequence contribution scores counts	bigWig	ChIP-seq	NR2C2	HepG2	cell-line	cell-line	cell-line	none	counts	passed
ENCFF344SUJ	ENCFF344SUJ	ENCSR750LYM	ENCSR424KNM	BPNet	sequence contribution scores counts	bigWig	ChIP-seq	NR2C2	K562	cell-line	cell-line	cell-line	none	counts	passed
ENCFF738MGZ	ENCFF738MGZ	ENCSR516SWI	ENCSR092JCQ	BPNet	sequence contribution scores counts	bigWig	ChIP-seq	NR2C2	K562	cell-line	cell-line	cell-line	none	counts	passed
ENCFF348IZD	ENCFF348IZD	ENCSR454GVT	ENCSR457LIE	BPNet	sequence contribution scores counts	bigWig	ChIP-seq	NR2C2	WTC11	cell-line	cell-line	cell-line	none	counts	passed
ENCFF713VBM	ENCFF713VBM	ENCSR514VYD	ENCSR861AYR	BPNet	sequence contribution scores counts	bigWig	ChIP-seq	NR2F1	GM12878	cell-line	cell-line	cell-line	none	counts	passed
ENCFF174QRL	ENCFF174QRL	ENCSR662EOU	ENCSR124SSR	BPNet	sequence contribution scores counts	bigWig	ChIP-seq	NR2F1	HepG2	cell-line	cell-line	cell-line	none	counts	passed
ENCFF443OFH	ENCFF443OFH	ENCSR136OFY	ENCSR591QMC	BPNet	sequence contribution scores counts	bigWig	ChIP-seq	NR2F1	HepG2	cell-line	cell-line	cell-line	none	counts	passed
ENCFF980YXP	ENCFF980YXP	ENCSR970NKQ	ENCSR871YCI	BPNet	sequence contribution scores counts	bigWig	ChIP-seq	NR2F1	K562	cell-line	cell-line	cell-line	none	counts	passed
ENCFF279ZYX	ENCFF279ZYX	ENCSR000BVM	ENCSR332AIQ	BPNet	sequence contribution scores counts	bigWig	ChIP-seq	NR2F2	HepG2	cell-line	cell-line	cell-line	none	counts	passed
ENCFF660NEP	ENCFF660NEP	ENCSR000BRS	ENCSR713NVW	BPNet	sequence contribution scores counts	bigWig	ChIP-seq	NR2F2	K562	cell-line	cell-line	cell-line	none	counts	passed
ENCFF904FEG	ENCFF904FEG	ENCSR000BUY	ENCSR883SOG	BPNet	sequence contribution scores counts	bigWig	ChIP-seq	NR2F2	MCF-7	cell-line	cell-line	cell-line	none	counts	passed
ENCFF196BZW	ENCFF196BZW	ENCSR168SMX	ENCSR457NZG	BPNet	sequence contribution scores counts	bigWig	ChIP-seq	NR2F2	liver	liver	liver	digestive-system	none	counts	passed
ENCFF894HYD	ENCFF894HYD	ENCSR338MMB	ENCSR168OJP	BPNet	sequence contribution scores counts	bigWig	ChIP-seq	NR2F2	liver	liver	liver	digestive-system	none	counts	passed
ENCFF732DRM	ENCFF732DRM	ENCSR518WPL	ENCSR759JDH	BPNet	sequence contribution scores counts	bigWig	ChIP-seq	NR2F6	HepG2	cell-line	cell-line	cell-line	none	counts	passed
ENCFF993RCG	ENCFF993RCG	ENCSR798IJO	ENCSR390ZVY	BPNet	sequence contribution scores counts	bigWig	ChIP-seq	NR2F6	HepG2	cell-line	cell-line	cell-line	none	counts	passed
ENCFF050SAS	ENCFF050SAS	ENCSR707QWA	ENCSR190HFL	BPNet	sequence contribution scores counts	bigWig	ChIP-seq	NR2F6	K562	cell-line	cell-line	cell-line	none	counts	passed
ENCFF598NPS	ENCFF598NPS	ENCSR087TYG	ENCSR168LQY	BPNet	sequence contribution scores counts	bigWig	ChIP-seq	NR2F6	K562	cell-line	cell-line	cell-line	none	counts	passed
ENCFF145UMK	ENCFF145UMK	ENCSR070VXO	ENCSR368FNT	BPNet	sequence contribution scores counts	bigWig	ChIP-seq	NR3C1	A549	cell-line	cell-line	cell-line	none	counts	passed
ENCFF221YSP	ENCFF221YSP	ENCSR471EKW	ENCSR885SKN	BPNet	sequence contribution scores counts	bigWig	ChIP-seq	NR3C1	A549	cell-line	cell-line	cell-line	none	counts	passed
ENCFF275OOZ	ENCFF275OOZ	ENCSR857QEA	ENCSR475WFL	BPNet	sequence contribution scores counts	bigWig	ChIP-seq	NR3C1	A549	cell-line	cell-line	cell-line	none	counts	passed
ENCFF324LIM	ENCFF324LIM	ENCSR287FWE	ENCSR589BOE	BPNet	sequence contribution scores counts	bigWig	ChIP-seq	NR3C1	A549	cell-line	cell-line	cell-line	none	counts	passed
ENCFF355OVZ	ENCFF355OVZ	ENCSR686PFM	ENCSR200MKB	BPNet	sequence contribution scores counts	bigWig	ChIP-seq	NR3C1	A549	cell-line	cell-line	cell-line	none	counts	passed
ENCFF390CKP	ENCFF390CKP	ENCSR255CTA	ENCSR306DVJ	BPNet	sequence contribution scores counts	bigWig	ChIP-seq	NR3C1	A549	cell-line	cell-line	cell-line	none	counts	passed
ENCFF425JLC	ENCFF425JLC	ENCSR458VTP	ENCSR788MPQ	BPNet	sequence contribution scores counts	bigWig	ChIP-seq	NR3C1	A549	cell-line	cell-line	cell-line	none	counts	passed
ENCFF428JRP	ENCFF428JRP	ENCSR660RYY	ENCSR567LVX	BPNet	sequence contribution scores counts	bigWig	ChIP-seq	NR3C1	A549	cell-line	cell-line	cell-line	none	counts	passed
ENCFF443MQQ	ENCFF443MQQ	ENCSR385RUW	ENCSR882RIC	BPNet	sequence contribution scores counts	bigWig	ChIP-seq	NR3C1	A549	cell-line	cell-line	cell-line	none	counts	passed
ENCFF626GET	ENCFF626GET	ENCSR919OXR	ENCSR171TAJ	BPNet	sequence contribution scores counts	bigWig	ChIP-seq	NR3C1	A549	cell-line	cell-line	cell-line	none	counts	passed
ENCFF648TSB	ENCFF648TSB	ENCSR424JOE	ENCSR480CPV	BPNet	sequence contribution scores counts	bigWig	ChIP-seq	NR3C1	A549	cell-line	cell-line	cell-line	none	counts	passed
ENCFF746MDV	ENCFF746MDV	ENCSR952GOL	ENCSR352KUO	BPNet	sequence contribution scores counts	bigWig	ChIP-seq	NR3C1	A549	cell-line	cell-line	cell-line	none	counts	passed
ENCFF840ZPI	ENCFF840ZPI	ENCSR908AOO	ENCSR538QXL	BPNet	sequence contribution scores counts	bigWig	ChIP-seq	NR3C1	A549	cell-line	cell-line	cell-line	none	counts	passed
ENCFF944JYJ	ENCFF944JYJ	ENCSR773NQB	ENCSR865TVN	BPNet	sequence contribution scores counts	bigWig	ChIP-seq	NR3C1	A549	cell-line	cell-line	cell-line	none	counts	passed
ENCFF960PQK	ENCFF960PQK	ENCSR720DXT	ENCSR072HFH	BPNet	sequence contribution scores counts	bigWig	ChIP-seq	NR3C1	A549	cell-line	cell-line	cell-line	none	counts	passed
ENCFF667YSR	ENCFF667YSR	ENCSR310OZS	ENCSR647CHM	BPNet	sequence contribution scores counts	bigWig	ChIP-seq	NR5A1	HepG2	cell-line	cell-line	cell-line	none	counts	passed
ENCFF021VWC	ENCFF021VWC	ENCSR190GIW	ENCSR357CBX	BPNet	sequence contribution scores counts	bigWig	ChIP-seq	NR5A2	A549	cell-line	cell-line	cell-line	none	counts	passed
ENCFF373SOM	ENCFF373SOM	ENCSR000DZO	ENCSR661AQY	BPNet	sequence contribution scores counts	bigWig	ChIP-seq	NRF1	GM12878	cell-line	cell-line	cell-line	none	counts	passed
ENCFF155PIT	ENCFF155PIT	ENCSR000ECC	ENCSR210HYL	BPNet	sequence contribution scores counts	bigWig	ChIP-seq	NRF1	H1	cell-line	cell-line	cell-line	none	counts	passed
ENCFF053GDH	ENCFF053GDH	ENCSR000EDJ	ENCSR570WGA	BPNet	sequence contribution scores counts	bigWig	ChIP-seq	NRF1	HeLa-S3	cell-line	cell-line	cell-line	none	counts	passed
ENCFF007OFV	ENCFF007OFV	ENCSR853ADA	ENCSR920BWT	BPNet	sequence contribution scores counts	bigWig	ChIP-seq	NRF1	HepG2	cell-line	cell-line	cell-line	none	counts	passed
ENCFF297VRV	ENCFF297VRV	ENCSR000EEH	ENCSR356BZM	BPNet	sequence contribution scores counts	bigWig	ChIP-seq	NRF1	HepG2	cell-line	cell-line	cell-line	none	counts	passed
ENCFF934WGF	ENCFF934WGF	ENCSR689JMY	ENCSR904TGB	BPNet	sequence contribution scores counts	bigWig	ChIP-seq	NRF1	HepG2	cell-line	cell-line	cell-line	none	counts	passed
ENCFF050UPW	ENCFF050UPW	ENCSR998AJK	ENCSR241UYL	BPNet	sequence contribution scores counts	bigWig	ChIP-seq	NRF1	K562	cell-line	cell-line	cell-line	none	counts	passed
ENCFF257XTD	ENCFF257XTD	ENCSR000EHH	ENCSR344GIT	BPNet	sequence contribution scores counts	bigWig	ChIP-seq	NRF1	K562	cell-line	cell-line	cell-line	none	counts	passed
ENCFF426IOO	ENCFF426IOO	ENCSR837EYC	ENCSR401AOR	BPNet	sequence contribution scores counts	bigWig	ChIP-seq	NRF1	K562	cell-line	cell-line	cell-line	none	counts	passed
ENCFF919FPI	ENCFF919FPI	ENCSR494TDU	ENCSR565KGD	BPNet	sequence contribution scores counts	bigWig	ChIP-seq	NRF1	K562	cell-line	cell-line	cell-line	none	counts	passed
ENCFF459IZV	ENCFF459IZV	ENCSR135ANT	ENCSR214IZN	BPNet	sequence contribution scores counts	bigWig	ChIP-seq	NRF1	MCF-7	cell-line	cell-line	cell-line	none	counts	passed
ENCFF994FTW	ENCFF994FTW	ENCSR000EHZ	ENCSR782UXR	BPNet	sequence contribution scores counts	bigWig	ChIP-seq	NRF1	SK-N-SH	cell-line	cell-line	cell-line	none	counts	passed
ENCFF876QLE	ENCFF876QLE	ENCSR956OSX	ENCSR181GHL	BPNet	sequence contribution scores counts	bigWig	ChIP-seq	ONECUT1	HepG2	cell-line	cell-line	cell-line	none	counts	passed
ENCFF717PWF	ENCFF717PWF	ENCSR661PKJ	ENCSR030NUO	BPNet	sequence contribution scores counts	bigWig	ChIP-seq	ONECUT2	HepG2	cell-line	cell-line	cell-line	none	counts	passed
ENCFF656JTF	ENCFF656JTF	ENCSR324LTM	ENCSR685EWN	BPNet	sequence contribution scores counts	bigWig	ChIP-seq	OSR2	HEK293	cell-line	cell-line	cell-line	none	counts	passed
ENCFF147JFF	ENCFF147JFF	ENCSR475ZYA	ENCSR929JHW	BPNet	sequence contribution scores counts	bigWig	ChIP-seq	OTX1	K562	cell-line	cell-line	cell-line	none	counts	passed
ENCFF869TRL	ENCFF869TRL	ENCSR004HEA	ENCSR248HLP	BPNet	sequence contribution scores counts	bigWig	ChIP-seq	OTX2	WTC11	cell-line	cell-line	cell-line	none	counts	passed
ENCFF631LKS	ENCFF631LKS	ENCSR829WBA	ENCSR446WNF	BPNet	sequence contribution scores counts	bigWig	ChIP-seq	OVOL1	MCF-7	cell-line	cell-line	cell-line	none	counts	passed
ENCFF003HCU	ENCFF003HCU	ENCSR966ULI	ENCSR024NUR	BPNet	sequence contribution scores counts	bigWig	ChIP-seq	PATZ1	HEK293	cell-line	cell-line	cell-line	none	counts	passed
ENCFF826ZIQ	ENCFF826ZIQ	ENCSR658YLN	ENCSR507HQC	BPNet	sequence contribution scores counts	bigWig	ChIP-seq	PATZ1	HepG2	cell-line	cell-line	cell-line	none	counts	passed
ENCFF650JPQ	ENCFF650JPQ	ENCSR969AIM	ENCSR712MTB	BPNet	sequence contribution scores counts	bigWig	ChIP-seq	PATZ1	SK-N-SH	cell-line	cell-line	cell-line	none	counts	passed
ENCFF483TMQ	ENCFF483TMQ	ENCSR000BHD	ENCSR273TEU	BPNet	sequence contribution scores counts	bigWig	ChIP-seq	PAX5	GM12878	cell-line	cell-line	cell-line	none	counts	passed
ENCFF488QAI	ENCFF488QAI	ENCSR000BHJ	ENCSR040PVF	BPNet	sequence contribution scores counts	bigWig	ChIP-seq	PAX5	GM12878	cell-line	cell-line	cell-line	none	counts	passed
ENCFF678BKO	ENCFF678BKO	ENCSR000BJI	ENCSR387UVY	BPNet	sequence contribution scores counts	bigWig	ChIP-seq	PAX5	GM12892	cell-line	cell-line	cell-line	none	counts	passed
ENCFF410MPM	ENCFF410MPM	ENCSR192AFN	ENCSR113JWW	BPNet	sequence contribution scores counts	bigWig	ChIP-seq	PAX8	GM12878	cell-line	cell-line	cell-line	none	counts	passed
ENCFF782DMD	ENCFF782DMD	ENCSR637RKG	ENCSR433EIH	BPNet	sequence contribution scores counts	bigWig	ChIP-seq	PBX1	A549	cell-line	cell-line	cell-line	none	counts	passed
ENCFF586EOB	ENCFF586EOB	ENCSR849DFF	ENCSR636OJZ	BPNet	sequence contribution scores counts	bigWig	ChIP-seq	PBX2	HepG2	cell-line	cell-line	cell-line	none	counts	passed
ENCFF777MMT	ENCFF777MMT	ENCSR633EIC	ENCSR745SNO	BPNet	sequence contribution scores counts	bigWig	ChIP-seq	PBX2	K562	cell-line	cell-line	cell-line	none	counts	passed
ENCFF890GDO	ENCFF890GDO	ENCSR263DFP	ENCSR551HZJ	BPNet	sequence contribution scores counts	bigWig	ChIP-seq	PBX2	K562	cell-line	cell-line	cell-line	none	counts	passed
ENCFF558HZY	ENCFF558HZY	ENCSR000BTN	ENCSR087MEY	BPNet	sequence contribution scores counts	bigWig	ChIP-seq	PBX3	A549	cell-line	cell-line	cell-line	none	counts	passed
ENCFF309UUF	ENCFF309UUF	ENCSR000BGR	ENCSR101PVF	BPNet	sequence contribution scores counts	bigWig	ChIP-seq	PBX3	GM12878	cell-line	cell-line	cell-line	none	counts	passed
ENCFF240OPB	ENCFF240OPB	ENCSR865HXK	ENCSR645VWV	BPNet	sequence contribution scores counts	bigWig	ChIP-seq	PBX3	HEK293	cell-line	cell-line	cell-line	none	counts	passed
ENCFF038EIC	ENCFF038EIC	ENCSR000BVE	ENCSR592CCC	BPNet	sequence contribution scores counts	bigWig	ChIP-seq	PBX3	SK-N-SH	cell-line	cell-line	cell-line	none	counts	passed
ENCFF367HQD	ENCFF367HQD	ENCSR374MAS	ENCSR531XTW	BPNet	sequence contribution scores counts	bigWig	ChIP-seq	PITX1	HepG2	cell-line	cell-line	cell-line	none	counts	passed
ENCFF632RPN	ENCFF632RPN	ENCSR711XNY	ENCSR001IUM	BPNet	sequence contribution scores counts	bigWig	ChIP-seq	PKNOX1	GM12878	cell-line	cell-line	cell-line	none	counts	passed
ENCFF324FNR	ENCFF324FNR	ENCSR233FAG	ENCSR610UPY	BPNet	sequence contribution scores counts	bigWig	ChIP-seq	PKNOX1	HEK293T	cell-line	cell-line	cell-line	none	counts	passed
ENCFF963SVW	ENCFF963SVW	ENCSR115SMW	ENCSR509JOV	BPNet	sequence contribution scores counts	bigWig	ChIP-seq	PKNOX1	K562	cell-line	cell-line	cell-line	none	counts	passed
ENCFF174JEN	ENCFF174JEN	ENCSR986XYK	ENCSR949ALP	BPNet	sequence contribution scores counts	bigWig	ChIP-seq	PKNOX1	MCF-7	cell-line	cell-line	cell-line	none	counts	passed
ENCFF417EXV	ENCFF417EXV	ENCSR871EQD	ENCSR608CDL	BPNet	sequence contribution scores counts	bigWig	ChIP-seq	POU2F1	HepG2	cell-line	cell-line	cell-line	none	counts	passed
ENCFF302RXL	ENCFF302RXL	ENCSR000BGP	ENCSR218LOC	BPNet	sequence contribution scores counts	bigWig	ChIP-seq	POU2F2	GM12878	cell-line	cell-line	cell-line	none	counts	passed
ENCFF463RZV	ENCFF463RZV	ENCSR000BII	ENCSR898ALC	BPNet	sequence contribution scores counts	bigWig	ChIP-seq	POU2F2	GM12891	cell-line	cell-line	cell-line	none	counts	passed
ENCFF401KFX	ENCFF401KFX	ENCSR264RJX	ENCSR214WIR	BPNet	sequence contribution scores counts	bigWig	ChIP-seq	POU5F1	GM23338	cell-line	cell-line	cell-line	none	counts	passed
ENCFF979YLT	ENCFF979YLT	ENCSR362VCG	ENCSR888ILP	BPNet	sequence contribution scores counts	bigWig	ChIP-seq	POU5F1	bipolar-neuron	neuron	nerve	central-nervous-system	none	counts	passed
ENCFF428PAW	ENCFF428PAW	ENCSR706OJM	ENCSR079JGV	BPNet	sequence contribution scores counts	bigWig	ChIP-seq	POU6F1	SK-N-SH	cell-line	cell-line	cell-line	none	counts	passed
ENCFF013HGU	ENCFF013HGU	ENCSR130VQL	ENCSR103TWX	BPNet	sequence contribution scores counts	bigWig	ChIP-seq	PPARG	HepG2	cell-line	cell-line	cell-line	none	counts	passed
ENCFF576OCR	ENCFF576OCR	ENCSR977FEF	ENCSR852CZQ	BPNet	sequence contribution scores counts	bigWig	ChIP-seq	PRDM1	A549	cell-line	cell-line	cell-line	none	counts	passed
ENCFF163RBX	ENCFF163RBX	ENCSR098YLE	ENCSR613DGQ	BPNet	sequence contribution scores counts	bigWig	ChIP-seq	PRDM1	HEK293	cell-line	cell-line	cell-line	none	counts	passed
ENCFF003VIT	ENCFF003VIT	ENCSR000ECY	ENCSR490LLP	BPNet	sequence contribution scores counts	bigWig	ChIP-seq	PRDM1	HeLa-S3	cell-line	cell-line	cell-line	none	counts	passed
ENCFF095YIT	ENCFF095YIT	ENCSR223TAV	ENCSR076JOR	BPNet	sequence contribution scores counts	bigWig	ChIP-seq	PRDM10	HEK293	cell-line	cell-line	cell-line	none	counts	passed
ENCFF223PFY	ENCFF223PFY	ENCSR289PSX	ENCSR263GYU	BPNet	sequence contribution scores counts	bigWig	ChIP-seq	PRDM10	HepG2	cell-line	cell-line	cell-line	none	counts	passed
ENCFF283SYT	ENCFF283SYT	ENCSR120MPG	ENCSR413MCR	BPNet	sequence contribution scores counts	bigWig	ChIP-seq	PRDM10	K562	cell-line	cell-line	cell-line	none	counts	passed
ENCFF431VEQ	ENCFF431VEQ	ENCSR011INW	ENCSR950RRT	BPNet	sequence contribution scores counts	bigWig	ChIP-seq	PRDM15	HepG2	cell-line	cell-line	cell-line	none	counts	passed
ENCFF942KXW	ENCFF942KXW	ENCSR092DCD	ENCSR239YJA	BPNet	sequence contribution scores counts	bigWig	ChIP-seq	PRDM15	WTC11	cell-line	cell-line	cell-line	none	counts	passed
ENCFF413ACH	ENCFF413ACH	ENCSR443MVV	ENCSR592KSS	BPNet	sequence contribution scores counts	bigWig	ChIP-seq	PRDM4	HEK293	cell-line	cell-line	cell-line	none	counts	passed
ENCFF513IYF	ENCFF513IYF	ENCSR892QHR	ENCSR210CAR	BPNet	sequence contribution scores counts	bigWig	ChIP-seq	PRDM6	HEK293	cell-line	cell-line	cell-line	none	counts	passed
ENCFF093CWQ	ENCFF093CWQ	ENCSR443YTB	ENCSR817XQQ	BPNet	sequence contribution scores counts	bigWig	ChIP-seq	PROX1	HepG2	cell-line	cell-line	cell-line	none	counts	passed
ENCFF437SDK	ENCFF437SDK	ENCSR144NTH	ENCSR796ANQ	BPNet	sequence contribution scores counts	bigWig	ChIP-seq	RBAK	HepG2	cell-line	cell-line	cell-line	none	counts	passed
ENCFF212QQR	ENCFF212QQR	ENCSR596FEL	ENCSR261VHA	BPNet	sequence contribution scores counts	bigWig	ChIP-seq	RBPJ	HepG2	cell-line	cell-line	cell-line	none	counts	passed
ENCFF584QKY	ENCFF584QKY	ENCSR740XMB	ENCSR986MEJ	BPNet	sequence contribution scores counts	bigWig	ChIP-seq	RBPJ	K562	cell-line	cell-line	cell-line	none	counts	passed
ENCFF051UDI	ENCFF051UDI	ENCSR000EAG	ENCSR003PRH	BPNet	sequence contribution scores counts	bigWig	ChIP-seq	RELA	GM12878	cell-line	cell-line	cell-line	none	counts	passed
ENCFF181ASV	ENCFF181ASV	ENCSR664POU	ENCSR056PCS	BPNet	sequence contribution scores counts	bigWig	ChIP-seq	RELA	GM12878	cell-line	cell-line	cell-line	none	counts	passed
ENCFF598YDI	ENCFF598YDI	ENCSR000EAI	ENCSR040NUE	BPNet	sequence contribution scores counts	bigWig	ChIP-seq	RELA	GM12891	cell-line	cell-line	cell-line	none	counts	passed
ENCFF935SCD	ENCFF935SCD	ENCSR000EAN	ENCSR544MSV	BPNet	sequence contribution scores counts	bigWig	ChIP-seq	RELA	GM12892	cell-line	cell-line	cell-line	none	counts	passed
ENCFF056AOV	ENCFF056AOV	ENCSR000EAQ	ENCSR246TIE	BPNet	sequence contribution scores counts	bigWig	ChIP-seq	RELA	GM15510	cell-line	cell-line	cell-line	none	counts	passed
ENCFF312VST	ENCFF312VST	ENCSR000EBD	ENCSR648RAH	BPNet	sequence contribution scores counts	bigWig	ChIP-seq	RELA	GM18951	cell-line	cell-line	cell-line	none	counts	passed
ENCFF300SNC	ENCFF300SNC	ENCSR000EBM	ENCSR243UOT	BPNet	sequence contribution scores counts	bigWig	ChIP-seq	RELA	GM19193	cell-line	cell-line	cell-line	none	counts	passed
ENCFF182BHB	ENCFF182BHB	ENCSR580HOI	ENCSR794EAB	BPNet	sequence contribution scores counts	bigWig	ChIP-seq	RELA	HepG2	cell-line	cell-line	cell-line	none	counts	passed
ENCFF061EXY	ENCFF061EXY	ENCSR387QUV	ENCSR677QQV	BPNet	sequence contribution scores counts	bigWig	ChIP-seq	RELB	GM12878	cell-line	cell-line	cell-line	none	counts	passed
ENCFF125DMD	ENCFF125DMD	ENCSR000BQP	ENCSR108OCH	BPNet	sequence contribution scores counts	bigWig	ChIP-seq	REST	A549	cell-line	cell-line	cell-line	none	counts	passed
ENCFF738NCF	ENCFF738NCF	ENCSR892DRK	ENCSR584FHS	BPNet	sequence contribution scores counts	bigWig	ChIP-seq	REST	A549	cell-line	cell-line	cell-line	none	counts	passed
ENCFF430UGH	ENCFF430UGH	ENCSR000BQS	ENCSR805DLB	BPNet	sequence contribution scores counts	bigWig	ChIP-seq	REST	GM12878	cell-line	cell-line	cell-line	none	counts	passed
ENCFF835DHT	ENCFF835DHT	ENCSR000BGF	ENCSR784NGD	BPNet	sequence contribution scores counts	bigWig	ChIP-seq	REST	GM12878	cell-line	cell-line	cell-line	none	counts	passed
ENCFF179TPI	ENCFF179TPI	ENCSR871KYB	ENCSR543TOL	BPNet	sequence contribution scores counts	bigWig	ChIP-seq	REST	GM23338	cell-line	cell-line	cell-line	none	counts	passed
ENCFF180LBD	ENCFF180LBD	ENCSR663WAR	ENCSR296LFF	BPNet	sequence contribution scores counts	bigWig	ChIP-seq	REST	H1	cell-line	cell-line	cell-line	none	counts	passed
ENCFF544NYS	ENCFF544NYS	ENCSR000BHM	ENCSR235MZF	BPNet	sequence contribution scores counts	bigWig	ChIP-seq	REST	H1	cell-line	cell-line	cell-line	none	counts	passed
ENCFF701ZSQ	ENCFF701ZSQ	ENCSR000BVI	ENCSR148KXV	BPNet	sequence contribution scores counts	bigWig	ChIP-seq	REST	HCT116	cell-line	cell-line	cell-line	none	counts	passed
ENCFF079BRI	ENCFF079BRI	ENCSR896UBV	ENCSR067SUX	BPNet	sequence contribution scores counts	bigWig	ChIP-seq	REST	HEK293	cell-line	cell-line	cell-line	none	counts	passed
ENCFF715RJM	ENCFF715RJM	ENCSR000BTF	ENCSR900KSB	BPNet	sequence contribution scores counts	bigWig	ChIP-seq	REST	HL-60	cell-line	cell-line	cell-line	none	counts	passed
ENCFF819TSZ	ENCFF819TSZ	ENCSR000BMN	ENCSR673YCJ	BPNet	sequence contribution scores counts	bigWig	ChIP-seq	REST	HeLa-S3	cell-line	cell-line	cell-line	none	counts	passed
ENCFF403QLM	ENCFF403QLM	ENCSR000BOT	ENCSR629ECU	BPNet	sequence contribution scores counts	bigWig	ChIP-seq	REST	HepG2	cell-line	cell-line	cell-line	none	counts	passed
ENCFF493DRU	ENCFF493DRU	ENCSR000BJL	ENCSR596AXW	BPNet	sequence contribution scores counts	bigWig	ChIP-seq	REST	HepG2	cell-line	cell-line	cell-line	none	counts	passed
ENCFF796ODU	ENCFF796ODU	ENCSR000BUU	ENCSR174BCS	BPNet	sequence contribution scores counts	bigWig	ChIP-seq	REST	Ishikawa	cell-line	cell-line	cell-line	none	counts	passed
ENCFF218PQZ	ENCFF218PQZ	ENCSR000ATM	ENCSR867KCV	BPNet	sequence contribution scores counts	bigWig	ChIP-seq	REST	K562	cell-line	cell-line	cell-line	none	counts	passed
ENCFF259ZXF	ENCFF259ZXF	ENCSR000BMW	ENCSR364RHG	BPNet	sequence contribution scores counts	bigWig	ChIP-seq	REST	K562	cell-line	cell-line	cell-line	none	counts	passed
ENCFF280DZR	ENCFF280DZR	ENCSR054JMQ	ENCSR759WXZ	BPNet	sequence contribution scores counts	bigWig	ChIP-seq	REST	K562	cell-line	cell-line	cell-line	none	counts	passed
ENCFF692ILL	ENCFF692ILL	ENCSR137ZMQ	ENCSR831SVZ	BPNet	sequence contribution scores counts	bigWig	ChIP-seq	REST	K562	cell-line	cell-line	cell-line	none	counts	passed
ENCFF371PZG	ENCFF371PZG	ENCSR000BSP	ENCSR640PXF	BPNet	sequence contribution scores counts	bigWig	ChIP-seq	REST	MCF-7	cell-line	cell-line	cell-line	none	counts	passed
ENCFF167VHZ	ENCFF167VHZ	ENCSR000BJP	ENCSR811WIG	BPNet	sequence contribution scores counts	bigWig	ChIP-seq	REST	PFSK-1	cell-line	cell-line	cell-line	none	counts	passed
ENCFF542ZHQ	ENCFF542ZHQ	ENCSR000BOX	ENCSR229LTB	BPNet	sequence contribution scores counts	bigWig	ChIP-seq	REST	PFSK-1	cell-line	cell-line	cell-line	none	counts	passed
ENCFF059MHO	ENCFF059MHO	ENCSR000BUP	ENCSR132GIN	BPNet	sequence contribution scores counts	bigWig	ChIP-seq	REST	Panc1	cell-line	cell-line	cell-line	none	counts	passed
ENCFF253IWU	ENCFF253IWU	ENCSR000BPK	ENCSR765OBS	BPNet	sequence contribution scores counts	bigWig	ChIP-seq	REST	Panc1	cell-line	cell-line	cell-line	none	counts	passed
ENCFF331SOW	ENCFF331SOW	ENCSR000BJO	ENCSR862SMK	BPNet	sequence contribution scores counts	bigWig	ChIP-seq	REST	Panc1	cell-line	cell-line	cell-line	none	counts	passed
ENCFF227HYY	ENCFF227HYY	ENCSR000BJJ	ENCSR468KZB	BPNet	sequence contribution scores counts	bigWig	ChIP-seq	REST	SK-N-SH	cell-line	cell-line	cell-line	none	counts	passed
ENCFF700HPW	ENCFF700HPW	ENCSR000BOZ	ENCSR386QUI	BPNet	sequence contribution scores counts	bigWig	ChIP-seq	REST	SK-N-SH	cell-line	cell-line	cell-line	none	counts	passed
ENCFF331BAE	ENCFF331BAE	ENCSR893QWP	ENCSR314BIS	BPNet	sequence contribution scores counts	bigWig	ChIP-seq	REST	liver	liver	liver	digestive-system	none	counts	passed
ENCFF453UHU	ENCFF453UHU	ENCSR867WPH	ENCSR596SVU	BPNet	sequence contribution scores counts	bigWig	ChIP-seq	REST	liver	liver	liver	digestive-system	none	counts	passed
ENCFF011YZF	ENCFF011YZF	ENCSR000BTV	ENCSR282ZFA	BPNet	sequence contribution scores counts	bigWig	ChIP-seq	REST	neural-cell	neural	nerve	central-nervous-system	none	counts	passed
ENCFF285TCF	ENCFF285TCF	ENCSR928API	ENCSR223XGT	BPNet	sequence contribution scores counts	bigWig	ChIP-seq	RFX1	HepG2	cell-line	cell-line	cell-line	none	counts	passed
ENCFF405YXC	ENCFF405YXC	ENCSR968GIB	ENCSR853BLF	BPNet	sequence contribution scores counts	bigWig	ChIP-seq	RFX1	K562	cell-line	cell-line	cell-line	none	counts	passed
ENCFF658BOP	ENCFF658BOP	ENCSR041AXL	ENCSR830DNP	BPNet	sequence contribution scores counts	bigWig	ChIP-seq	RFX1	K562	cell-line	cell-line	cell-line	none	counts	passed
ENCFF933QTJ	ENCFF933QTJ	ENCSR066TET	ENCSR936WXH	BPNet	sequence contribution scores counts	bigWig	ChIP-seq	RFX1	MCF-7	cell-line	cell-line	cell-line	none	counts	passed
ENCFF992QUN	ENCFF992QUN	ENCSR788XNX	ENCSR594OAT	BPNet	sequence contribution scores counts	bigWig	ChIP-seq	RFX1	MCF-7	cell-line	cell-line	cell-line	none	counts	passed
ENCFF111KVR	ENCFF111KVR	ENCSR633OVO	ENCSR926TQA	BPNet	sequence contribution scores counts	bigWig	ChIP-seq	RFX3	HepG2	cell-line	cell-line	cell-line	none	counts	passed
ENCFF025OCX	ENCFF025OCX	ENCSR000DZW	ENCSR391ETD	BPNet	sequence contribution scores counts	bigWig	ChIP-seq	RFX5	GM12878	cell-line	cell-line	cell-line	none	counts	passed
ENCFF029IPT	ENCFF029IPT	ENCSR000ECX	ENCSR220MGX	BPNet	sequence contribution scores counts	bigWig	ChIP-seq	RFX5	HeLa-S3	cell-line	cell-line	cell-line	none	counts	passed
ENCFF558SMY	ENCFF558SMY	ENCSR000EHY	ENCSR121FOZ	BPNet	sequence contribution scores counts	bigWig	ChIP-seq	RFX5	SK-N-SH	cell-line	cell-line	cell-line	none	counts	passed
ENCFF183VMU	ENCFF183VMU	ENCSR588AKU	ENCSR789XHT	BPNet	sequence contribution scores counts	bigWig	ChIP-seq	RUNX1	K562	cell-line	cell-line	cell-line	none	counts	passed
ENCFF894OWB	ENCFF894OWB	ENCSR414TYY	ENCSR832AOA	BPNet	sequence contribution scores counts	bigWig	ChIP-seq	RUNX1	K562	cell-line	cell-line	cell-line	none	counts	passed
ENCFF553QQP	ENCFF553QQP	ENCSR000BRI	ENCSR130BYX	BPNet	sequence contribution scores counts	bigWig	ChIP-seq	RUNX3	GM12878	cell-line	cell-line	cell-line	none	counts	passed
ENCFF475XGN	ENCFF475XGN	ENCSR000BHU	ENCSR654MSE	BPNet	sequence contribution scores counts	bigWig	ChIP-seq	RXRA	HepG2	cell-line	cell-line	cell-line	none	counts	passed
ENCFF520LEG	ENCFF520LEG	ENCSR416HDG	ENCSR471TML	BPNet	sequence contribution scores counts	bigWig	ChIP-seq	RXRA	HepG2	cell-line	cell-line	cell-line	none	counts	passed
ENCFF576ZRO	ENCFF576ZRO	ENCSR000BVG	ENCSR558EIT	BPNet	sequence contribution scores counts	bigWig	ChIP-seq	RXRA	SK-N-SH	cell-line	cell-line	cell-line	none	counts	passed
ENCFF322PWY	ENCFF322PWY	ENCSR098XMN	ENCSR952CID	BPNet	sequence contribution scores counts	bigWig	ChIP-seq	RXRA	liver	liver	liver	digestive-system	none	counts	passed
ENCFF378KOZ	ENCFF378KOZ	ENCSR352QSB	ENCSR212YIK	BPNet	sequence contribution scores counts	bigWig	ChIP-seq	RXRA	liver	liver	liver	digestive-system	none	counts	passed
ENCFF614SHH	ENCFF614SHH	ENCSR560SEP	ENCSR997OKZ	BPNet	sequence contribution scores counts	bigWig	ChIP-seq	RXRB	HepG2	cell-line	cell-line	cell-line	none	counts	passed
ENCFF300GZQ	ENCFF300GZQ	ENCSR605MGM	ENCSR372ZFV	BPNet	sequence contribution scores counts	bigWig	ChIP-seq	SCRT1	HEK293	cell-line	cell-line	cell-line	none	counts	passed
ENCFF139IBX	ENCFF139IBX	ENCSR338DGO	ENCSR305GED	BPNet	sequence contribution scores counts	bigWig	ChIP-seq	SCRT2	HEK293	cell-line	cell-line	cell-line	none	counts	passed
ENCFF728YWI	ENCFF728YWI	ENCSR561BQM	ENCSR159ONX	BPNet	sequence contribution scores counts	bigWig	ChIP-seq	SIX1	HepG2	cell-line	cell-line	cell-line	none	counts	passed
ENCFF279DXY	ENCFF279DXY	ENCSR849TMV	ENCSR409XHT	BPNet	sequence contribution scores counts	bigWig	ChIP-seq	SIX4	HepG2	cell-line	cell-line	cell-line	none	counts	passed
ENCFF820OBO	ENCFF820OBO	ENCSR279IEM	ENCSR333NFQ	BPNet	sequence contribution scores counts	bigWig	ChIP-seq	SIX4	MCF-7	cell-line	cell-line	cell-line	none	counts	passed
ENCFF271WXH	ENCFF271WXH	ENCSR513WUJ	ENCSR704PVF	BPNet	sequence contribution scores counts	bigWig	ChIP-seq	SIX4	WTC11	cell-line	cell-line	cell-line	none	counts	passed
ENCFF973XZJ	ENCFF973XZJ	ENCSR000BRL	ENCSR256TQO	BPNet	sequence contribution scores counts	bigWig	ChIP-seq	SIX5	A549	cell-line	cell-line	cell-line	none	counts	passed
ENCFF477VAI	ENCFF477VAI	ENCSR068QXO	ENCSR361LND	BPNet	sequence contribution scores counts	bigWig	ChIP-seq	SMAD4	K562	cell-line	cell-line	cell-line	none	counts	passed
ENCFF499VIW	ENCFF499VIW	ENCSR445ACU	ENCSR435HHZ	BPNet	sequence contribution scores counts	bigWig	ChIP-seq	SOX13	HepG2	cell-line	cell-line	cell-line	none	counts	passed
ENCFF666WJN	ENCFF666WJN	ENCSR715UCI	ENCSR272FDJ	BPNet	sequence contribution scores counts	bigWig	ChIP-seq	SOX13	HepG2	cell-line	cell-line	cell-line	none	counts	passed
ENCFF203TUK	ENCFF203TUK	ENCSR961WLZ	ENCSR510YVW	BPNet	sequence contribution scores counts	bigWig	ChIP-seq	SOX5	HepG2	cell-line	cell-line	cell-line	none	counts	passed
ENCFF894ULM	ENCFF894ULM	ENCSR766TSU	ENCSR193HCH	BPNet	sequence contribution scores counts	bigWig	ChIP-seq	SOX6	HepG2	cell-line	cell-line	cell-line	none	counts	passed
ENCFF234JAH	ENCFF234JAH	ENCSR788RSW	ENCSR049JJJ	BPNet	sequence contribution scores counts	bigWig	ChIP-seq	SOX6	K562	cell-line	cell-line	cell-line	none	counts	passed
ENCFF637EZK	ENCFF637EZK	ENCSR000BPE	ENCSR165NXF	BPNet	sequence contribution scores counts	bigWig	ChIP-seq	SP1	A549	cell-line	cell-line	cell-line	none	counts	passed
ENCFF477SDS	ENCFF477SDS	ENCSR000BHK	ENCSR095LRJ	BPNet	sequence contribution scores counts	bigWig	ChIP-seq	SP1	GM12878	cell-line	cell-line	cell-line	none	counts	passed
ENCFF153VFK	ENCFF153VFK	ENCSR000BIR	ENCSR872UCX	BPNet	sequence contribution scores counts	bigWig	ChIP-seq	SP1	H1	cell-line	cell-line	cell-line	none	counts	passed
ENCFF889OUE	ENCFF889OUE	ENCSR000BSF	ENCSR957HMT	BPNet	sequence contribution scores counts	bigWig	ChIP-seq	SP1	HCT116	cell-line	cell-line	cell-line	none	counts	passed
ENCFF630XRT	ENCFF630XRT	ENCSR906PEI	ENCSR172ILE	BPNet	sequence contribution scores counts	bigWig	ChIP-seq	SP1	HEK293T	cell-line	cell-line	cell-line	none	counts	passed
ENCFF310CQF	ENCFF310CQF	ENCSR000BJX	ENCSR574YOJ	BPNet	sequence contribution scores counts	bigWig	ChIP-seq	SP1	HepG2	cell-line	cell-line	cell-line	none	counts	passed
ENCFF833HPM	ENCFF833HPM	ENCSR460YAM	ENCSR981BPZ	BPNet	sequence contribution scores counts	bigWig	ChIP-seq	SP1	HepG2	cell-line	cell-line	cell-line	none	counts	passed
ENCFF850SYU	ENCFF850SYU	ENCSR334KIQ	ENCSR359WFD	BPNet	sequence contribution scores counts	bigWig	ChIP-seq	SP1	HepG2	cell-line	cell-line	cell-line	none	counts	passed
ENCFF254EQI	ENCFF254EQI	ENCSR991ELG	ENCSR790HBQ	BPNet	sequence contribution scores counts	bigWig	ChIP-seq	SP1	K562	cell-line	cell-line	cell-line	none	counts	passed
ENCFF487ZEL	ENCFF487ZEL	ENCSR372IML	ENCSR955QBD	BPNet	sequence contribution scores counts	bigWig	ChIP-seq	SP1	K562	cell-line	cell-line	cell-line	none	counts	passed
ENCFF691BMY	ENCFF691BMY	ENCSR000BKO	ENCSR807ZPN	BPNet	sequence contribution scores counts	bigWig	ChIP-seq	SP1	K562	cell-line	cell-line	cell-line	none	counts	passed
ENCFF679XLM	ENCFF679XLM	ENCSR729LGA	ENCSR543HQM	BPNet	sequence contribution scores counts	bigWig	ChIP-seq	SP1	MCF-7	cell-line	cell-line	cell-line	none	counts	passed
ENCFF810CVH	ENCFF810CVH	ENCSR583CGO	ENCSR786LMT	BPNet	sequence contribution scores counts	bigWig	ChIP-seq	SP1	WTC11	cell-line	cell-line	cell-line	none	counts	passed
ENCFF834JHA	ENCFF834JHA	ENCSR085IXF	ENCSR730HDS	BPNet	sequence contribution scores counts	bigWig	ChIP-seq	SP1	liver	liver	liver	digestive-system	none	counts	passed
ENCFF975TML	ENCFF975TML	ENCSR386YIH	ENCSR764SPF	BPNet	sequence contribution scores counts	bigWig	ChIP-seq	SP1	liver	liver	liver	digestive-system	none	counts	passed
ENCFF340PDA	ENCFF340PDA	ENCSR107DKT	ENCSR376FIT	BPNet	sequence contribution scores counts	bigWig	ChIP-seq	SP140L	HepG2	cell-line	cell-line	cell-line	none	counts	passed
ENCFF988SMX	ENCFF988SMX	ENCSR807LQP	ENCSR154LJQ	BPNet	sequence contribution scores counts	bigWig	ChIP-seq	SP2	HEK293	cell-line	cell-line	cell-line	none	counts	passed
ENCFF411GQM	ENCFF411GQM	ENCSR946RZN	ENCSR052HWR	BPNet	sequence contribution scores counts	bigWig	ChIP-seq	SP2	HepG2	cell-line	cell-line	cell-line	none	counts	passed
ENCFF582EHZ	ENCFF582EHZ	ENCSR000BNL	ENCSR578OAK	BPNet	sequence contribution scores counts	bigWig	ChIP-seq	SP2	K562	cell-line	cell-line	cell-line	none	counts	passed
ENCFF874HSE	ENCFF874HSE	ENCSR141PZA	ENCSR640UGN	BPNet	sequence contribution scores counts	bigWig	ChIP-seq	SP3	HEK293	cell-line	cell-line	cell-line	none	counts	passed
ENCFF627OTB	ENCFF627OTB	ENCSR000BQV	ENCSR649EJS	BPNet	sequence contribution scores counts	bigWig	ChIP-seq	SP4	H1	cell-line	cell-line	cell-line	none	counts	passed
ENCFF165ZOZ	ENCFF165ZOZ	ENCSR642PQK	ENCSR715EEU	BPNet	sequence contribution scores counts	bigWig	ChIP-seq	SP4	HepG2	cell-line	cell-line	cell-line	none	counts	passed
ENCFF384XGG	ENCFF384XGG	ENCSR019NPF	ENCSR773LDV	BPNet	sequence contribution scores counts	bigWig	ChIP-seq	SP5	HepG2	cell-line	cell-line	cell-line	none	counts	passed
ENCFF781PSA	ENCFF781PSA	ENCSR468IJT	ENCSR374VXB	BPNet	sequence contribution scores counts	bigWig	ChIP-seq	SP7	HEK293	cell-line	cell-line	cell-line	none	counts	passed
ENCFF562GYQ	ENCFF562GYQ	ENCSR042GSX	ENCSR757BLN	BPNet	sequence contribution scores counts	bigWig	ChIP-seq	SPDEF	MCF-7	cell-line	cell-line	cell-line	none	counts	passed
ENCFF875PDQ	ENCFF875PDQ	ENCSR897MYK	ENCSR182NCE	BPNet	sequence contribution scores counts	bigWig	ChIP-seq	SREBF1	A549	cell-line	cell-line	cell-line	none	counts	passed
ENCFF638GKT	ENCFF638GKT	ENCSR815ZDS	ENCSR766FSS	BPNet	sequence contribution scores counts	bigWig	ChIP-seq	SREBF1	K562	cell-line	cell-line	cell-line	none	counts	passed
ENCFF920RTJ	ENCFF920RTJ	ENCSR197DJH	ENCSR495FTX	BPNet	sequence contribution scores counts	bigWig	ChIP-seq	SREBF1	MCF-7	cell-line	cell-line	cell-line	none	counts	passed
ENCFF019YFD	ENCFF019YFD	ENCSR041XML	ENCSR771NZC	BPNet	sequence contribution scores counts	bigWig	ChIP-seq	SRF	GM12878	cell-line	cell-line	cell-line	none	counts	passed
ENCFF240JKL	ENCFF240JKL	ENCSR000BGE	ENCSR040IAH	BPNet	sequence contribution scores counts	bigWig	ChIP-seq	SRF	GM12878	cell-line	cell-line	cell-line	none	counts	passed
ENCFF932OMN	ENCFF932OMN	ENCSR000BMI	ENCSR862QUY	BPNet	sequence contribution scores counts	bigWig	ChIP-seq	SRF	GM12878	cell-line	cell-line	cell-line	none	counts	passed
ENCFF151VEN	ENCFF151VEN	ENCSR000BIV	ENCSR721HTE	BPNet	sequence contribution scores counts	bigWig	ChIP-seq	SRF	H1	cell-line	cell-line	cell-line	none	counts	passed
ENCFF346JNN	ENCFF346JNN	ENCSR000BSC	ENCSR113HVZ	BPNet	sequence contribution scores counts	bigWig	ChIP-seq	SRF	HCT116	cell-line	cell-line	cell-line	none	counts	passed
ENCFF548FGE	ENCFF548FGE	ENCSR516SMM	ENCSR272YCO	BPNet	sequence contribution scores counts	bigWig	ChIP-seq	SRF	HepG2	cell-line	cell-line	cell-line	none	counts	passed
ENCFF886OON	ENCFF886OON	ENCSR000BLV	ENCSR076JVF	BPNet	sequence contribution scores counts	bigWig	ChIP-seq	SRF	HepG2	cell-line	cell-line	cell-line	none	counts	passed
ENCFF523XWM	ENCFF523XWM	ENCSR000BTD	ENCSR871TEZ	BPNet	sequence contribution scores counts	bigWig	ChIP-seq	SRF	Ishikawa	cell-line	cell-line	cell-line	none	counts	passed
ENCFF339AXF	ENCFF339AXF	ENCSR582IAO	ENCSR133SHN	BPNet	sequence contribution scores counts	bigWig	ChIP-seq	SRF	K562	cell-line	cell-line	cell-line	none	counts	passed
ENCFF420ODM	ENCFF420ODM	ENCSR000BLK	ENCSR307JOH	BPNet	sequence contribution scores counts	bigWig	ChIP-seq	SRF	K562	cell-line	cell-line	cell-line	none	counts	passed
ENCFF520YEF	ENCFF520YEF	ENCSR504HOI	ENCSR029FHA	BPNet	sequence contribution scores counts	bigWig	ChIP-seq	SRF	K562	cell-line	cell-line	cell-line	none	counts	passed
ENCFF597BLU	ENCFF597BLU	ENCSR000BVA	ENCSR830FWJ	BPNet	sequence contribution scores counts	bigWig	ChIP-seq	SRF	MCF-7	cell-line	cell-line	cell-line	none	counts	passed
ENCFF416GCL	ENCFF416GCL	ENCSR000FAV	ENCSR467YMS	BPNet	sequence contribution scores counts	bigWig	ChIP-seq	STAT1	K562	cell-line	cell-line	cell-line	none	counts	passed
ENCFF498AUM	ENCFF498AUM	ENCSR000FAU	ENCSR300AVN	BPNet	sequence contribution scores counts	bigWig	ChIP-seq	STAT1	K562	cell-line	cell-line	cell-line	none	counts	passed
ENCFF509YYJ	ENCFF509YYJ	ENCSR000FBC	ENCSR986WNQ	BPNet	sequence contribution scores counts	bigWig	ChIP-seq	STAT2	K562	cell-line	cell-line	cell-line	none	counts	passed
ENCFF870MID	ENCFF870MID	ENCSR000FAT	ENCSR783CQO	BPNet	sequence contribution scores counts	bigWig	ChIP-seq	STAT2	K562	cell-line	cell-line	cell-line	none	counts	passed
ENCFF150RYL	ENCFF150RYL	ENCSR000DZV	ENCSR597MUO	BPNet	sequence contribution scores counts	bigWig	ChIP-seq	STAT3	GM12878	cell-line	cell-line	cell-line	none	counts	passed
ENCFF190NQX	ENCFF190NQX	ENCSR000EDC	ENCSR099YQW	BPNet	sequence contribution scores counts	bigWig	ChIP-seq	STAT3	HeLa-S3	cell-line	cell-line	cell-line	none	counts	passed
ENCFF101CSG	ENCFF101CSG	ENCSR000DOQ	ENCSR628VMP	BPNet	sequence contribution scores counts	bigWig	ChIP-seq	STAT3	MCF-10A	cell-line	cell-line	cell-line	none	counts	passed
ENCFF108CRQ	ENCFF108CRQ	ENCSR000DPB	ENCSR133LTU	BPNet	sequence contribution scores counts	bigWig	ChIP-seq	STAT3	MCF-10A	cell-line	cell-line	cell-line	none	counts	passed
ENCFF347IOX	ENCFF347IOX	ENCSR000BRR	ENCSR509ZMB	BPNet	sequence contribution scores counts	bigWig	ChIP-seq	STAT5A	K562	cell-line	cell-line	cell-line	none	counts	passed
ENCFF477VRQ	ENCFF477VRQ	ENCSR000DZZ	ENCSR748FOU	BPNet	sequence contribution scores counts	bigWig	ChIP-seq	TBP	GM12878	cell-line	cell-line	cell-line	none	counts	passed
ENCFF753QSP	ENCFF753QSP	ENCSR000ECB	ENCSR071LQR	BPNet	sequence contribution scores counts	bigWig	ChIP-seq	TBP	H1	cell-line	cell-line	cell-line	none	counts	passed
ENCFF195MGV	ENCFF195MGV	ENCSR000EDD	ENCSR209XCM	BPNet	sequence contribution scores counts	bigWig	ChIP-seq	TBP	HeLa-S3	cell-line	cell-line	cell-line	none	counts	passed
ENCFF824SBL	ENCFF824SBL	ENCSR000EEL	ENCSR997SZY	BPNet	sequence contribution scores counts	bigWig	ChIP-seq	TBP	HepG2	cell-line	cell-line	cell-line	none	counts	passed
ENCFF652LXB	ENCFF652LXB	ENCSR410FEH	ENCSR351RCV	BPNet	sequence contribution scores counts	bigWig	ChIP-seq	TBX2	HepG2	cell-line	cell-line	cell-line	none	counts	passed
ENCFF753RWO	ENCFF753RWO	ENCSR739IHN	ENCSR476ZGO	BPNet	sequence contribution scores counts	bigWig	ChIP-seq	TBX21	GM12878	cell-line	cell-line	cell-line	none	counts	passed
ENCFF369TCZ	ENCFF369TCZ	ENCSR605YWG	ENCSR409NTB	BPNet	sequence contribution scores counts	bigWig	ChIP-seq	TBX3	HepG2	cell-line	cell-line	cell-line	none	counts	passed
ENCFF469JPV	ENCFF469JPV	ENCSR238QRG	ENCSR660GND	BPNet	sequence contribution scores counts	bigWig	ChIP-seq	TBX3	HepG2	cell-line	cell-line	cell-line	none	counts	passed
ENCFF199YWZ	ENCFF199YWZ	ENCSR725VFL	ENCSR739XCG	BPNet	sequence contribution scores counts	bigWig	ChIP-seq	TCF12	GM12878	cell-line	cell-line	cell-line	none	counts	passed
ENCFF990MRX	ENCFF990MRX	ENCSR000BGZ	ENCSR714UPI	BPNet	sequence contribution scores counts	bigWig	ChIP-seq	TCF12	GM12878	cell-line	cell-line	cell-line	none	counts	passed
ENCFF048PVQ	ENCFF048PVQ	ENCSR000BUV	ENCSR829DZW	BPNet	sequence contribution scores counts	bigWig	ChIP-seq	TCF12	Ishikawa	cell-line	cell-line	cell-line	none	counts	passed
ENCFF247VUR	ENCFF247VUR	ENCSR744WOO	ENCSR122AAT	BPNet	sequence contribution scores counts	bigWig	ChIP-seq	TCF12	K562	cell-line	cell-line	cell-line	none	counts	passed
ENCFF629CZL	ENCFF629CZL	ENCSR189TRZ	ENCSR615MHS	BPNet	sequence contribution scores counts	bigWig	ChIP-seq	TCF12	K562	cell-line	cell-line	cell-line	none	counts	passed
ENCFF779RXQ	ENCFF779RXQ	ENCSR000BSL	ENCSR715JCY	BPNet	sequence contribution scores counts	bigWig	ChIP-seq	TCF12	SK-N-SH	cell-line	cell-line	cell-line	none	counts	passed
ENCFF430VNR	ENCFF430VNR	ENCSR000BQT	ENCSR326PIH	BPNet	sequence contribution scores counts	bigWig	ChIP-seq	TCF3	GM12878	cell-line	cell-line	cell-line	none	counts	passed
ENCFF677BZC	ENCFF677BZC	ENCSR970OJY	ENCSR902ISQ	BPNet	sequence contribution scores counts	bigWig	ChIP-seq	TCF3	K562	cell-line	cell-line	cell-line	none	counts	passed
ENCFF057NTW	ENCFF057NTW	ENCSR922RFY	ENCSR292VIZ	BPNet	sequence contribution scores counts	bigWig	ChIP-seq	TCF4	SK-N-SH	cell-line	cell-line	cell-line	none	counts	passed
ENCFF857LJX	ENCFF857LJX	ENCSR501DKS	ENCSR292YQD	BPNet	sequence contribution scores counts	bigWig	ChIP-seq	TCF7	GM12878	cell-line	cell-line	cell-line	none	counts	passed
ENCFF928WAU	ENCFF928WAU	ENCSR444LIN	ENCSR251GZI	BPNet	sequence contribution scores counts	bigWig	ChIP-seq	TCF7	HepG2	cell-line	cell-line	cell-line	none	counts	passed
ENCFF424RXF	ENCFF424RXF	ENCSR863KUB	ENCSR123FJN	BPNet	sequence contribution scores counts	bigWig	ChIP-seq	TCF7	K562	cell-line	cell-line	cell-line	none	counts	passed
ENCFF889UJF	ENCFF889UJF	ENCSR346BOD	ENCSR522OOX	BPNet	sequence contribution scores counts	bigWig	ChIP-seq	TCF7L2	HepG2	cell-line	cell-line	cell-line	none	counts	passed
ENCFF993MIK	ENCFF993MIK	ENCSR000EVQ	ENCSR605YBA	BPNet	sequence contribution scores counts	bigWig	ChIP-seq	TCF7L2	HepG2	cell-line	cell-line	cell-line	none	counts	passed
ENCFF217YRU	ENCFF217YRU	ENCSR497JLX	ENCSR472NZD	BPNet	sequence contribution scores counts	bigWig	ChIP-seq	TEAD1	HepG2	cell-line	cell-line	cell-line	none	counts	passed
ENCFF296CCX	ENCFF296CCX	ENCSR228ELU	ENCSR675KBB	BPNet	sequence contribution scores counts	bigWig	ChIP-seq	TEAD1	K562	cell-line	cell-line	cell-line	none	counts	passed
ENCFF787BJC	ENCFF787BJC	ENCSR591ASD	ENCSR945UJQ	BPNet	sequence contribution scores counts	bigWig	ChIP-seq	TEAD1	K562	cell-line	cell-line	cell-line	none	counts	passed
ENCFF684JFV	ENCFF684JFV	ENCSR934WOF	ENCSR839ENT	BPNet	sequence contribution scores counts	bigWig	ChIP-seq	TEAD1	WTC11	cell-line	cell-line	cell-line	none	counts	passed
ENCFF125SZM	ENCFF125SZM	ENCSR635GTR	ENCSR858BRS	BPNet	sequence contribution scores counts	bigWig	ChIP-seq	TEAD2	K562	cell-line	cell-line	cell-line	none	counts	passed
ENCFF230RVD	ENCFF230RVD	ENCSR000BUD	ENCSR759JAZ	BPNet	sequence contribution scores counts	bigWig	ChIP-seq	TEAD4	A549	cell-line	cell-line	cell-line	none	counts	passed
ENCFF054MIM	ENCFF054MIM	ENCSR000BRY	ENCSR057JRV	BPNet	sequence contribution scores counts	bigWig	ChIP-seq	TEAD4	H1	cell-line	cell-line	cell-line	none	counts	passed
ENCFF782MXI	ENCFF782MXI	ENCSR000BVJ	ENCSR255BMC	BPNet	sequence contribution scores counts	bigWig	ChIP-seq	TEAD4	HCT116	cell-line	cell-line	cell-line	none	counts	passed
ENCFF215BEV	ENCFF215BEV	ENCSR800JRG	ENCSR502ZZU	BPNet	sequence contribution scores counts	bigWig	ChIP-seq	TEAD4	HepG2	cell-line	cell-line	cell-line	none	counts	passed
ENCFF447JBA	ENCFF447JBA	ENCSR000BRP	ENCSR543PPH	BPNet	sequence contribution scores counts	bigWig	ChIP-seq	TEAD4	HepG2	cell-line	cell-line	cell-line	none	counts	passed
ENCFF296EJR	ENCFF296EJR	ENCSR000BSW	ENCSR719TPB	BPNet	sequence contribution scores counts	bigWig	ChIP-seq	TEAD4	Ishikawa	cell-line	cell-line	cell-line	none	counts	passed
ENCFF376KLJ	ENCFF376KLJ	ENCSR000BRK	ENCSR584QDL	BPNet	sequence contribution scores counts	bigWig	ChIP-seq	TEAD4	K562	cell-line	cell-line	cell-line	none	counts	passed
ENCFF890EED	ENCFF890EED	ENCSR817FMN	ENCSR541KST	BPNet	sequence contribution scores counts	bigWig	ChIP-seq	TEAD4	K562	cell-line	cell-line	cell-line	none	counts	passed
ENCFF365XQT	ENCFF365XQT	ENCSR000BUO	ENCSR654ETW	BPNet	sequence contribution scores counts	bigWig	ChIP-seq	TEAD4	MCF-7	cell-line	cell-line	cell-line	none	counts	passed
ENCFF279JMO	ENCFF279JMO	ENCSR000BUQ	ENCSR137PEF	BPNet	sequence contribution scores counts	bigWig	ChIP-seq	TEAD4	SK-N-SH	cell-line	cell-line	cell-line	none	counts	passed
ENCFF063XSG	ENCFF063XSG	ENCSR285HHZ	ENCSR598CXV	BPNet	sequence contribution scores counts	bigWig	ChIP-seq	TEAD4	WTC11	cell-line	cell-line	cell-line	none	counts	passed
ENCFF202MUO	ENCFF202MUO	ENCSR583KLD	ENCSR286SAG	BPNet	sequence contribution scores counts	bigWig	ChIP-seq	TEF	HepG2	cell-line	cell-line	cell-line	none	counts	passed
ENCFF946XPF	ENCFF946XPF	ENCSR630GGD	ENCSR606WDD	BPNet	sequence contribution scores counts	bigWig	ChIP-seq	TFAP2B	SK-N-SH	cell-line	cell-line	cell-line	none	counts	passed
ENCFF763LBF	ENCFF763LBF	ENCSR587BVQ	ENCSR832QSI	BPNet	sequence contribution scores counts	bigWig	ChIP-seq	TFAP4	HepG2	cell-line	cell-line	cell-line	none	counts	passed
ENCFF774SPR	ENCFF774SPR	ENCSR103SZL	ENCSR050VWT	BPNet	sequence contribution scores counts	bigWig	ChIP-seq	TFAP4	HepG2	cell-line	cell-line	cell-line	none	counts	passed
ENCFF328XGM	ENCFF328XGM	ENCSR784IMK	ENCSR468IYH	BPNet	sequence contribution scores counts	bigWig	ChIP-seq	TFAP4	K562	cell-line	cell-line	cell-line	none	counts	passed
ENCFF266ILJ	ENCFF266ILJ	ENCSR998OMC	ENCSR119FPN	BPNet	sequence contribution scores counts	bigWig	ChIP-seq	TFCP2	K562	cell-line	cell-line	cell-line	none	counts	passed
ENCFF065OKB	ENCFF065OKB	ENCSR558OMR	ENCSR843PGH	BPNet	sequence contribution scores counts	bigWig	ChIP-seq	TFDP1	HepG2	cell-line	cell-line	cell-line	none	counts	passed
ENCFF567ZIH	ENCFF567ZIH	ENCSR901VIE	ENCSR881WQN	BPNet	sequence contribution scores counts	bigWig	ChIP-seq	TFDP1	K562	cell-line	cell-line	cell-line	none	counts	passed
ENCFF918FTY	ENCFF918FTY	ENCSR017GBO	ENCSR510PVF	BPNet	sequence contribution scores counts	bigWig	ChIP-seq	TFDP1	K562	cell-line	cell-line	cell-line	none	counts	passed
ENCFF180FKJ	ENCFF180FKJ	ENCSR589SNT	ENCSR969SPC	BPNet	sequence contribution scores counts	bigWig	ChIP-seq	TFE3	HepG2	cell-line	cell-line	cell-line	none	counts	passed
ENCFF854LLE	ENCFF854LLE	ENCSR953KEY	ENCSR570QRK	BPNet	sequence contribution scores counts	bigWig	ChIP-seq	TFE3	K562	cell-line	cell-line	cell-line	none	counts	passed
ENCFF555EDA	ENCFF555EDA	ENCSR993LMB	ENCSR943QHF	BPNet	sequence contribution scores counts	bigWig	ChIP-seq	TGIF2	HepG2	cell-line	cell-line	cell-line	none	counts	passed
ENCFF211MFF	ENCFF211MFF	ENCSR910UQX	ENCSR196PHG	BPNet	sequence contribution scores counts	bigWig	ChIP-seq	TGIF2	WTC11	cell-line	cell-line	cell-line	none	counts	passed
ENCFF916IAE	ENCFF916IAE	ENCSR000BNN	ENCSR817TLV	BPNet	sequence contribution scores counts	bigWig	ChIP-seq	THAP1	K562	cell-line	cell-line	cell-line	none	counts	passed
ENCFF109SCO	ENCFF109SCO	ENCSR562POI	ENCSR016OLY	BPNet	sequence contribution scores counts	bigWig	ChIP-seq	THAP11	HepG2	cell-line	cell-line	cell-line	none	counts	passed
ENCFF832EJE	ENCFF832EJE	ENCSR551QJT	ENCSR262IPW	BPNet	sequence contribution scores counts	bigWig	ChIP-seq	THRA	HepG2	cell-line	cell-line	cell-line	none	counts	passed
ENCFF467YZU	ENCFF467YZU	ENCSR264CZJ	ENCSR668XFM	BPNet	sequence contribution scores counts	bigWig	ChIP-seq	THRA	K562	cell-line	cell-line	cell-line	none	counts	passed
ENCFF716MRE	ENCFF716MRE	ENCSR430JGJ	ENCSR015WPR	BPNet	sequence contribution scores counts	bigWig	ChIP-seq	THRB	HepG2	cell-line	cell-line	cell-line	none	counts	passed
ENCFF391TSR	ENCFF391TSR	ENCSR112XUO	ENCSR143XGL	BPNet	sequence contribution scores counts	bigWig	ChIP-seq	TP53	A549	cell-line	cell-line	cell-line	none	counts	passed
ENCFF535CCB	ENCFF535CCB	ENCSR980EGJ	ENCSR636VPX	BPNet	sequence contribution scores counts	bigWig	ChIP-seq	TP53	HepG2	cell-line	cell-line	cell-line	none	counts	passed
ENCFF466BIL	ENCFF466BIL	ENCSR760GZL	ENCSR435SAV	BPNet	sequence contribution scores counts	bigWig	ChIP-seq	TP53	WTC11	cell-line	cell-line	cell-line	none	counts	passed
ENCFF820MZK	ENCFF820MZK	ENCSR282NLQ	ENCSR410KJV	BPNet	sequence contribution scores counts	bigWig	ChIP-seq	TSHZ2	SK-N-SH	cell-line	cell-line	cell-line	none	counts	passed
ENCFF139BLB	ENCFF139BLB	ENCSR000BJB	ENCSR054RWA	BPNet	sequence contribution scores counts	bigWig	ChIP-seq	USF1	A549	cell-line	cell-line	cell-line	none	counts	passed
ENCFF193MNX	ENCFF193MNX	ENCSR000BHX	ENCSR586UXJ	BPNet	sequence contribution scores counts	bigWig	ChIP-seq	USF1	A549	cell-line	cell-line	cell-line	none	counts	passed
ENCFF333EVK	ENCFF333EVK	ENCSR000BPV	ENCSR983UAU	BPNet	sequence contribution scores counts	bigWig	ChIP-seq	USF1	A549	cell-line	cell-line	cell-line	none	counts	passed
ENCFF923FDB	ENCFF923FDB	ENCSR000BGI	ENCSR511BKM	BPNet	sequence contribution scores counts	bigWig	ChIP-seq	USF1	GM12878	cell-line	cell-line	cell-line	none	counts	passed
ENCFF897XEN	ENCFF897XEN	ENCSR000BIU	ENCSR516GXG	BPNet	sequence contribution scores counts	bigWig	ChIP-seq	USF1	H1	cell-line	cell-line	cell-line	none	counts	passed
ENCFF284PZT	ENCFF284PZT	ENCSR000BVK	ENCSR462DYM	BPNet	sequence contribution scores counts	bigWig	ChIP-seq	USF1	HCT116	cell-line	cell-line	cell-line	none	counts	passed
ENCFF708QPN	ENCFF708QPN	ENCSR000BGM	ENCSR830EXL	BPNet	sequence contribution scores counts	bigWig	ChIP-seq	USF1	HepG2	cell-line	cell-line	cell-line	none	counts	passed
ENCFF971THR	ENCFF971THR	ENCSR099FCQ	ENCSR969UXT	BPNet	sequence contribution scores counts	bigWig	ChIP-seq	USF1	HepG2	cell-line	cell-line	cell-line	none	counts	passed
ENCFF695DUX	ENCFF695DUX	ENCSR000BSX	ENCSR684JSF	BPNet	sequence contribution scores counts	bigWig	ChIP-seq	USF1	Ishikawa	cell-line	cell-line	cell-line	none	counts	passed
ENCFF486AAE	ENCFF486AAE	ENCSR000BKT	ENCSR524FDF	BPNet	sequence contribution scores counts	bigWig	ChIP-seq	USF1	K562	cell-line	cell-line	cell-line	none	counts	passed
ENCFF651DFX	ENCFF651DFX	ENCSR787CHF	ENCSR910XFU	BPNet	sequence contribution scores counts	bigWig	ChIP-seq	USF1	K562	cell-line	cell-line	cell-line	none	counts	passed
ENCFF412ZPG	ENCFF412ZPG	ENCSR000BMF	ENCSR204CFN	BPNet	sequence contribution scores counts	bigWig	ChIP-seq	USF1	SK-N-SH	cell-line	cell-line	cell-line	none	counts	passed
ENCFF824DKE	ENCFF824DKE	ENCSR000BTZ	ENCSR909XMT	BPNet	sequence contribution scores counts	bigWig	ChIP-seq	USF1	SK-N-SH	cell-line	cell-line	cell-line	none	counts	passed
ENCFF769HBQ	ENCFF769HBQ	ENCSR248QBT	ENCSR373FAY	BPNet	sequence contribution scores counts	bigWig	ChIP-seq	USF1	WTC11	cell-line	cell-line	cell-line	none	counts	passed
ENCFF083CNS	ENCFF083CNS	ENCSR563FBT	ENCSR476XIR	BPNet	sequence contribution scores counts	bigWig	ChIP-seq	USF2	A549	cell-line	cell-line	cell-line	none	counts	passed
ENCFF337SIX	ENCFF337SIX	ENCSR000DZU	ENCSR355QCJ	BPNet	sequence contribution scores counts	bigWig	ChIP-seq	USF2	GM12878	cell-line	cell-line	cell-line	none	counts	passed
ENCFF079XQT	ENCFF079XQT	ENCSR000ECD	ENCSR859LAQ	BPNet	sequence contribution scores counts	bigWig	ChIP-seq	USF2	H1	cell-line	cell-line	cell-line	none	counts	passed
ENCFF153BKN	ENCFF153BKN	ENCSR000ECW	ENCSR577OOY	BPNet	sequence contribution scores counts	bigWig	ChIP-seq	USF2	HeLa-S3	cell-line	cell-line	cell-line	none	counts	passed
ENCFF099RKM	ENCFF099RKM	ENCSR145QNL	ENCSR241GBH	BPNet	sequence contribution scores counts	bigWig	ChIP-seq	USF2	HepG2	cell-line	cell-line	cell-line	none	counts	passed
ENCFF835LHT	ENCFF835LHT	ENCSR000EEF	ENCSR376OGT	BPNet	sequence contribution scores counts	bigWig	ChIP-seq	USF2	HepG2	cell-line	cell-line	cell-line	none	counts	passed
ENCFF513TEZ	ENCFF513TEZ	ENCSR513UQG	ENCSR638GTJ	BPNet	sequence contribution scores counts	bigWig	ChIP-seq	USF2	IMR-90	cell-line	cell-line	cell-line	none	counts	passed
ENCFF390ECN	ENCFF390ECN	ENCSR578KEN	ENCSR074MKL	BPNet	sequence contribution scores counts	bigWig	ChIP-seq	USF2	K562	cell-line	cell-line	cell-line	none	counts	passed
ENCFF405AMM	ENCFF405AMM	ENCSR000EHG	ENCSR637VKB	BPNet	sequence contribution scores counts	bigWig	ChIP-seq	USF2	K562	cell-line	cell-line	cell-line	none	counts	passed
ENCFF774IAE	ENCFF774IAE	ENCSR359NFW	ENCSR720OWM	BPNet	sequence contribution scores counts	bigWig	ChIP-seq	USF2	K562	cell-line	cell-line	cell-line	none	counts	passed
ENCFF391EKJ	ENCFF391EKJ	ENCSR945NFL	ENCSR861TDJ	BPNet	sequence contribution scores counts	bigWig	ChIP-seq	USF2	SK-N-SH	cell-line	cell-line	cell-line	none	counts	passed
ENCFF646NTU	ENCFF646NTU	ENCSR229QAN	ENCSR218ZQT	BPNet	sequence contribution scores counts	bigWig	ChIP-seq	USF2	WTC11	cell-line	cell-line	cell-line	none	counts	passed
ENCFF573QLC	ENCFF573QLC	ENCSR189YMA	ENCSR970FXF	BPNet	sequence contribution scores counts	bigWig	ChIP-seq	VEZF1	K562	cell-line	cell-line	cell-line	none	counts	passed
ENCFF921KRG	ENCFF921KRG	ENCSR966PJJ	ENCSR129GSW	BPNet	sequence contribution scores counts	bigWig	ChIP-seq	WT1	HEK293	cell-line	cell-line	cell-line	none	counts	passed
ENCFF062WQN	ENCFF062WQN	ENCSR988EVQ	ENCSR431QUE	BPNet	sequence contribution scores counts	bigWig	ChIP-seq	XBP1	HepG2	cell-line	cell-line	cell-line	none	counts	passed
ENCFF954TBO	ENCFF954TBO	ENCSR000BPM	ENCSR623ODG	BPNet	sequence contribution scores counts	bigWig	ChIP-seq	YY1	A549	cell-line	cell-line	cell-line	none	counts	passed
ENCFF049CBR	ENCFF049CBR	ENCSR000BNP	ENCSR466HDF	BPNet	sequence contribution scores counts	bigWig	ChIP-seq	YY1	GM12878	cell-line	cell-line	cell-line	none	counts	passed
ENCFF333OOE	ENCFF333OOE	ENCSR000EUM	ENCSR401RIZ	BPNet	sequence contribution scores counts	bigWig	ChIP-seq	YY1	GM12878	cell-line	cell-line	cell-line	none	counts	passed
ENCFF424TVB	ENCFF424TVB	ENCSR000BKJ	ENCSR407QBH	BPNet	sequence contribution scores counts	bigWig	ChIP-seq	YY1	GM12891	cell-line	cell-line	cell-line	none	counts	passed
ENCFF785RGY	ENCFF785RGY	ENCSR000BLT	ENCSR805DUE	BPNet	sequence contribution scores counts	bigWig	ChIP-seq	YY1	GM12892	cell-line	cell-line	cell-line	none	counts	passed
ENCFF500TGR	ENCFF500TGR	ENCSR000BKD	ENCSR123TMK	BPNet	sequence contribution scores counts	bigWig	ChIP-seq	YY1	H1	cell-line	cell-line	cell-line	none	counts	passed
ENCFF535CEZ	ENCFF535CEZ	ENCSR000BNX	ENCSR976XZG	BPNet	sequence contribution scores counts	bigWig	ChIP-seq	YY1	HCT116	cell-line	cell-line	cell-line	none	counts	passed
ENCFF946KMX	ENCFF946KMX	ENCSR859RAO	ENCSR972DQJ	BPNet	sequence contribution scores counts	bigWig	ChIP-seq	YY1	HEK293	cell-line	cell-line	cell-line	none	counts	passed
ENCFF581KVX	ENCFF581KVX	ENCSR000BNT	ENCSR715ALH	BPNet	sequence contribution scores counts	bigWig	ChIP-seq	YY1	HepG2	cell-line	cell-line	cell-line	none	counts	passed
ENCFF919DWJ	ENCFF919DWJ	ENCSR000BSY	ENCSR809DOC	BPNet	sequence contribution scores counts	bigWig	ChIP-seq	YY1	Ishikawa	cell-line	cell-line	cell-line	none	counts	passed
ENCFF254CZK	ENCFF254CZK	ENCSR000EWF	ENCSR911NSC	BPNet	sequence contribution scores counts	bigWig	ChIP-seq	YY1	K562	cell-line	cell-line	cell-line	none	counts	passed
ENCFF450JGX	ENCFF450JGX	ENCSR000BKU	ENCSR141YSY	BPNet	sequence contribution scores counts	bigWig	ChIP-seq	YY1	K562	cell-line	cell-line	cell-line	none	counts	passed
ENCFF627SJX	ENCFF627SJX	ENCSR000BMH	ENCSR763WTY	BPNet	sequence contribution scores counts	bigWig	ChIP-seq	YY1	K562	cell-line	cell-line	cell-line	none	counts	passed
ENCFF888WYD	ENCFF888WYD	ENCSR000EXG	ENCSR918YXR	BPNet	sequence contribution scores counts	bigWig	ChIP-seq	YY1	NT2/D1	cell-line	cell-line	cell-line	none	counts	passed
ENCFF206QPL	ENCFF206QPL	ENCSR000BSM	ENCSR098EIV	BPNet	sequence contribution scores counts	bigWig	ChIP-seq	YY1	SK-N-SH	cell-line	cell-line	cell-line	none	counts	passed
ENCFF441FZV	ENCFF441FZV	ENCSR000BLZ	ENCSR538CIU	BPNet	sequence contribution scores counts	bigWig	ChIP-seq	YY1	SK-N-SH	cell-line	cell-line	cell-line	none	counts	passed
ENCFF408ICT	ENCFF408ICT	ENCSR994YLZ	ENCSR998DCF	BPNet	sequence contribution scores counts	bigWig	ChIP-seq	YY1	liver	liver	liver	digestive-system	none	counts	passed
ENCFF737YDL	ENCFF737YDL	ENCSR382MOM	ENCSR628OOA	BPNet	sequence contribution scores counts	bigWig	ChIP-seq	YY1	liver	liver	liver	digestive-system	none	counts	passed
ENCFF058QSL	ENCFF058QSL	ENCSR692HSE	ENCSR313BRF	BPNet	sequence contribution scores counts	bigWig	ChIP-seq	YY2	HEK293	cell-line	cell-line	cell-line	none	counts	passed
ENCFF768RZZ	ENCFF768RZZ	ENCSR207PFI	ENCSR975UIJ	BPNet	sequence contribution scores counts	bigWig	ChIP-seq	ZBED1	GM12878	cell-line	cell-line	cell-line	none	counts	passed
ENCFF714KHG	ENCFF714KHG	ENCSR409PMR	ENCSR554MLU	BPNet	sequence contribution scores counts	bigWig	ChIP-seq	ZBED4	HepG2	cell-line	cell-line	cell-line	none	counts	passed
ENCFF253YRK	ENCFF253YRK	ENCSR656SIB	ENCSR000RSV	BPNet	sequence contribution scores counts	bigWig	ChIP-seq	ZBED5	HepG2	cell-line	cell-line	cell-line	none	counts	passed
ENCFF621KXZ	ENCFF621KXZ	ENCSR057DTZ	ENCSR549XOW	BPNet	sequence contribution scores counts	bigWig	ChIP-seq	ZBTB11	GM12878	cell-line	cell-line	cell-line	none	counts	passed
ENCFF234XXK	ENCFF234XXK	ENCSR882ZTS	ENCSR475ZNU	BPNet	sequence contribution scores counts	bigWig	ChIP-seq	ZBTB11	HEK293	cell-line	cell-line	cell-line	none	counts	passed
ENCFF244HQQ	ENCFF244HQQ	ENCSR331GDC	ENCSR135ESM	BPNet	sequence contribution scores counts	bigWig	ChIP-seq	ZBTB11	K562	cell-line	cell-line	cell-line	none	counts	passed
ENCFF383XPS	ENCFF383XPS	ENCSR706BJO	ENCSR873OML	BPNet	sequence contribution scores counts	bigWig	ChIP-seq	ZBTB11	K562	cell-line	cell-line	cell-line	none	counts	passed
ENCFF742QOP	ENCFF742QOP	ENCSR985OYK	ENCSR327WKX	BPNet	sequence contribution scores counts	bigWig	ChIP-seq	ZBTB11	K562	cell-line	cell-line	cell-line	none	counts	passed
ENCFF660ICW	ENCFF660ICW	ENCSR155VDK	ENCSR336QZC	BPNet	sequence contribution scores counts	bigWig	ChIP-seq	ZBTB11	MCF-7	cell-line	cell-line	cell-line	none	counts	passed
ENCFF865ZME	ENCFF865ZME	ENCSR543KOA	ENCSR598KIL	BPNet	sequence contribution scores counts	bigWig	ChIP-seq	ZBTB12	HEK293	cell-line	cell-line	cell-line	none	counts	passed
ENCFF689GUP	ENCFF689GUP	ENCSR532WFC	ENCSR818NPV	BPNet	sequence contribution scores counts	bigWig	ChIP-seq	ZBTB14	HepG2	cell-line	cell-line	cell-line	none	counts	passed
ENCFF276HNC	ENCFF276HNC	ENCSR631WAA	ENCSR667GBL	BPNet	sequence contribution scores counts	bigWig	ChIP-seq	ZBTB17	HEK293	cell-line	cell-line	cell-line	none	counts	passed
ENCFF694AUE	ENCFF694AUE	ENCSR175MIA	ENCSR356QWJ	BPNet	sequence contribution scores counts	bigWig	ChIP-seq	ZBTB2	HepG2	cell-line	cell-line	cell-line	none	counts	passed
ENCFF936QSV	ENCFF936QSV	ENCSR321MSF	ENCSR374BHO	BPNet	sequence contribution scores counts	bigWig	ChIP-seq	ZBTB21	HEK293	cell-line	cell-line	cell-line	none	counts	passed
ENCFF138KIJ	ENCFF138KIJ	ENCSR549PAU	ENCSR546ZRV	BPNet	sequence contribution scores counts	bigWig	ChIP-seq	ZBTB21	HepG2	cell-line	cell-line	cell-line	none	counts	passed
ENCFF551FMW	ENCFF551FMW	ENCSR962BEI	ENCSR118JRA	BPNet	sequence contribution scores counts	bigWig	ChIP-seq	ZBTB21	WTC11	cell-line	cell-line	cell-line	none	counts	passed
ENCFF712ERA	ENCFF712ERA	ENCSR184SVO	ENCSR326ECX	BPNet	sequence contribution scores counts	bigWig	ChIP-seq	ZBTB26	HepG2	cell-line	cell-line	cell-line	none	counts	passed
ENCFF068CVU	ENCFF068CVU	ENCSR000BPZ	ENCSR783JAW	BPNet	sequence contribution scores counts	bigWig	ChIP-seq	ZBTB33	A549	cell-line	cell-line	cell-line	none	counts	passed
ENCFF334UMU	ENCFF334UMU	ENCSR000BHC	ENCSR996JFB	BPNet	sequence contribution scores counts	bigWig	ChIP-seq	ZBTB33	GM12878	cell-line	cell-line	cell-line	none	counts	passed
ENCFF915DTG	ENCFF915DTG	ENCSR000BNY	ENCSR232OWT	BPNet	sequence contribution scores counts	bigWig	ChIP-seq	ZBTB33	HCT116	cell-line	cell-line	cell-line	none	counts	passed
ENCFF114NPZ	ENCFF114NPZ	ENCSR000BHR	ENCSR936MXU	BPNet	sequence contribution scores counts	bigWig	ChIP-seq	ZBTB33	HepG2	cell-line	cell-line	cell-line	none	counts	passed
ENCFF842BZH	ENCFF842BZH	ENCSR000BNA	ENCSR045NYB	BPNet	sequence contribution scores counts	bigWig	ChIP-seq	ZBTB33	HepG2	cell-line	cell-line	cell-line	none	counts	passed
ENCFF977REO	ENCFF977REO	ENCSR000BKF	ENCSR933IYO	BPNet	sequence contribution scores counts	bigWig	ChIP-seq	ZBTB33	K562	cell-line	cell-line	cell-line	none	counts	passed
ENCFF035WRH	ENCFF035WRH	ENCSR000BTS	ENCSR546ZGT	BPNet	sequence contribution scores counts	bigWig	ChIP-seq	ZBTB33	SK-N-SH	cell-line	cell-line	cell-line	none	counts	passed
ENCFF898DGJ	ENCFF898DGJ	ENCSR943MQH	ENCSR575OXS	BPNet	sequence contribution scores counts	bigWig	ChIP-seq	ZBTB33	WTC11	cell-line	cell-line	cell-line	none	counts	passed
ENCFF063BCE	ENCFF063BCE	ENCSR516HUP	ENCSR700BQI	BPNet	sequence contribution scores counts	bigWig	ChIP-seq	ZBTB33	liver	liver	liver	digestive-system	none	counts	passed
ENCFF931KXU	ENCFF931KXU	ENCSR345YWJ	ENCSR900SAH	BPNet	sequence contribution scores counts	bigWig	ChIP-seq	ZBTB33	liver	liver	liver	digestive-system	none	counts	passed
ENCFF347PKG	ENCFF347PKG	ENCSR775YXE	ENCSR002PIA	BPNet	sequence contribution scores counts	bigWig	ChIP-seq	ZBTB37	HepG2	cell-line	cell-line	cell-line	none	counts	passed
ENCFF889PXF	ENCFF889PXF	ENCSR189YYK	ENCSR823DBW	BPNet	sequence contribution scores counts	bigWig	ChIP-seq	ZBTB40	GM12878	cell-line	cell-line	cell-line	none	counts	passed
ENCFF609ZNV	ENCFF609ZNV	ENCSR525YFS	ENCSR668FSC	BPNet	sequence contribution scores counts	bigWig	ChIP-seq	ZBTB40	HepG2	cell-line	cell-line	cell-line	none	counts	passed
ENCFF899YDQ	ENCFF899YDQ	ENCSR200AWS	ENCSR351SGY	BPNet	sequence contribution scores counts	bigWig	ChIP-seq	ZBTB40	HepG2	cell-line	cell-line	cell-line	none	counts	passed
ENCFF657ZZP	ENCFF657ZZP	ENCSR237VLT	ENCSR087JVK	BPNet	sequence contribution scores counts	bigWig	ChIP-seq	ZBTB40	K562	cell-line	cell-line	cell-line	none	counts	passed
ENCFF891AIG	ENCFF891AIG	ENCSR158RYZ	ENCSR512YWH	BPNet	sequence contribution scores counts	bigWig	ChIP-seq	ZBTB40	K562	cell-line	cell-line	cell-line	none	counts	passed
ENCFF969YFL	ENCFF969YFL	ENCSR579YNY	ENCSR629SAH	BPNet	sequence contribution scores counts	bigWig	ChIP-seq	ZBTB40	K562	cell-line	cell-line	cell-line	none	counts	passed
ENCFF820CGF	ENCFF820CGF	ENCSR318LVG	ENCSR580KUK	BPNet	sequence contribution scores counts	bigWig	ChIP-seq	ZBTB40	MCF-7	cell-line	cell-line	cell-line	none	counts	passed
ENCFF027FVH	ENCFF027FVH	ENCSR232AAR	ENCSR701JFB	BPNet	sequence contribution scores counts	bigWig	ChIP-seq	ZBTB42	HepG2	cell-line	cell-line	cell-line	none	counts	passed
ENCFF719YTG	ENCFF719YTG	ENCSR076STQ	ENCSR015WPQ	BPNet	sequence contribution scores counts	bigWig	ChIP-seq	ZBTB44	HEK293	cell-line	cell-line	cell-line	none	counts	passed
ENCFF015CIF	ENCFF015CIF	ENCSR781EQJ	ENCSR798RSV	BPNet	sequence contribution scores counts	bigWig	ChIP-seq	ZBTB48	HEK293	cell-line	cell-line	cell-line	none	counts	passed
ENCFF328EVT	ENCFF328EVT	ENCSR786OQY	ENCSR012UFW	BPNet	sequence contribution scores counts	bigWig	ChIP-seq	ZBTB5	K562	cell-line	cell-line	cell-line	none	counts	passed
ENCFF926PLN	ENCFF926PLN	ENCSR389PWB	ENCSR473KQM	BPNet	sequence contribution scores counts	bigWig	ChIP-seq	ZBTB5	K562	cell-line	cell-line	cell-line	none	counts	passed
ENCFF115MWY	ENCFF115MWY	ENCSR619OUC	ENCSR309MGH	BPNet	sequence contribution scores counts	bigWig	ChIP-seq	ZBTB6	HEK293	cell-line	cell-line	cell-line	none	counts	passed
ENCFF796SIG	ENCFF796SIG	ENCSR481FEC	ENCSR761KMA	BPNet	sequence contribution scores counts	bigWig	ChIP-seq	ZBTB8A	HEK293	cell-line	cell-line	cell-line	none	counts	passed
ENCFF770LMU	ENCFF770LMU	ENCSR625XAV	ENCSR893JLL	BPNet	sequence contribution scores counts	bigWig	ChIP-seq	ZBTB8A	HepG2	cell-line	cell-line	cell-line	none	counts	passed
ENCFF223GXE	ENCFF223GXE	ENCSR000BND	ENCSR759DXD	BPNet	sequence contribution scores counts	bigWig	ChIP-seq	ZEB1	GM12878	cell-line	cell-line	cell-line	none	counts	passed
ENCFF646EXL	ENCFF646EXL	ENCSR909HMT	ENCSR424NLV	BPNet	sequence contribution scores counts	bigWig	ChIP-seq	ZEB1	HEK293	cell-line	cell-line	cell-line	none	counts	passed
ENCFF489ZET	ENCFF489ZET	ENCSR000BVN	ENCSR864UBB	BPNet	sequence contribution scores counts	bigWig	ChIP-seq	ZEB1	HepG2	cell-line	cell-line	cell-line	none	counts	passed
ENCFF205KSX	ENCFF205KSX	ENCSR418KUS	ENCSR167ATD	BPNet	sequence contribution scores counts	bigWig	ChIP-seq	ZEB1	bipolar-neuron	neuron	nerve	central-nervous-system	none	counts	passed
ENCFF320VEX	ENCFF320VEX	ENCSR417VWF	ENCSR320EEO	BPNet	sequence contribution scores counts	bigWig	ChIP-seq	ZEB2	HEK293	cell-line	cell-line	cell-line	none	counts	passed
ENCFF149QGF	ENCFF149QGF	ENCSR322CFO	ENCSR981GUY	BPNet	sequence contribution scores counts	bigWig	ChIP-seq	ZEB2	K562	cell-line	cell-line	cell-line	none	counts	passed
ENCFF836DDH	ENCFF836DDH	ENCSR004GKA	ENCSR131HUW	BPNet	sequence contribution scores counts	bigWig	ChIP-seq	ZEB2	K562	cell-line	cell-line	cell-line	none	counts	passed
ENCFF426CQY	ENCFF426CQY	ENCSR409DYM	ENCSR616OXL	BPNet	sequence contribution scores counts	bigWig	ChIP-seq	ZFAT	HepG2	cell-line	cell-line	cell-line	none	counts	passed
ENCFF746NYW	ENCFF746NYW	ENCSR879RGN	ENCSR339CDB	BPNet	sequence contribution scores counts	bigWig	ChIP-seq	ZFHX3	HepG2	cell-line	cell-line	cell-line	none	counts	passed
ENCFF223ZSP	ENCFF223ZSP	ENCSR586DEH	ENCSR556WFV	BPNet	sequence contribution scores counts	bigWig	ChIP-seq	ZFP1	HepG2	cell-line	cell-line	cell-line	none	counts	passed
ENCFF356IUS	ENCFF356IUS	ENCSR134QIE	ENCSR097ZPZ	BPNet	sequence contribution scores counts	bigWig	ChIP-seq	ZFP3	HEK293	cell-line	cell-line	cell-line	none	counts	passed
ENCFF527OLO	ENCFF527OLO	ENCSR581GUY	ENCSR333QKK	BPNet	sequence contribution scores counts	bigWig	ChIP-seq	ZFP3	SK-N-SH	cell-line	cell-line	cell-line	none	counts	passed
ENCFF923LYI	ENCFF923LYI	ENCSR365GRX	ENCSR068EXE	BPNet	sequence contribution scores counts	bigWig	ChIP-seq	ZFP37	HEK293	cell-line	cell-line	cell-line	none	counts	passed
ENCFF686LFO	ENCFF686LFO	ENCSR678KUJ	ENCSR551SZJ	BPNet	sequence contribution scores counts	bigWig	ChIP-seq	ZFP91	HepG2	cell-line	cell-line	cell-line	none	counts	passed
ENCFF441HSU	ENCFF441HSU	ENCSR898XMH	ENCSR673ZFH	BPNet	sequence contribution scores counts	bigWig	ChIP-seq	ZFP91	K562	cell-line	cell-line	cell-line	none	counts	passed
ENCFF613JEH	ENCFF613JEH	ENCSR201DCF	ENCSR493AYF	BPNet	sequence contribution scores counts	bigWig	ChIP-seq	ZFP91	K562	cell-line	cell-line	cell-line	none	counts	passed
ENCFF860SYE	ENCFF860SYE	ENCSR949OEV	ENCSR132EJY	BPNet	sequence contribution scores counts	bigWig	ChIP-seq	ZFY	HepG2	cell-line	cell-line	cell-line	none	counts	passed
ENCFF867DIC	ENCFF867DIC	ENCSR887MXT	ENCSR813OAN	BPNet	sequence contribution scores counts	bigWig	ChIP-seq	ZHX1	HeLa-S3	cell-line	cell-line	cell-line	none	counts	passed
ENCFF041DAX	ENCFF041DAX	ENCSR978DQT	ENCSR930QQH	BPNet	sequence contribution scores counts	bigWig	ChIP-seq	ZHX1	HepG2	cell-line	cell-line	cell-line	none	counts	passed
ENCFF015GOV	ENCFF015GOV	ENCSR401VBM	ENCSR785ULR	BPNet	sequence contribution scores counts	bigWig	ChIP-seq	ZHX2	HepG2	cell-line	cell-line	cell-line	none	counts	passed
ENCFF603TRU	ENCFF603TRU	ENCSR728MWW	ENCSR084MUM	BPNet	sequence contribution scores counts	bigWig	ChIP-seq	ZIC2	HEK293	cell-line	cell-line	cell-line	none	counts	passed
ENCFF963YJA	ENCFF963YJA	ENCSR000ECJ	ENCSR467JKG	BPNet	sequence contribution scores counts	bigWig	ChIP-seq	ZKSCAN1	HeLa-S3	cell-line	cell-line	cell-line	none	counts	passed
ENCFF284ZEA	ENCFF284ZEA	ENCSR882ERE	ENCSR392WCU	BPNet	sequence contribution scores counts	bigWig	ChIP-seq	ZKSCAN1	K562	cell-line	cell-line	cell-line	none	counts	passed
ENCFF591DNJ	ENCFF591DNJ	ENCSR449UFF	ENCSR836IBM	BPNet	sequence contribution scores counts	bigWig	ChIP-seq	ZKSCAN1	MCF-7	cell-line	cell-line	cell-line	none	counts	passed
ENCFF836OOZ	ENCFF836OOZ	ENCSR159BTO	ENCSR899YIJ	BPNet	sequence contribution scores counts	bigWig	ChIP-seq	ZKSCAN5	HepG2	cell-line	cell-line	cell-line	none	counts	passed
ENCFF360IOQ	ENCFF360IOQ	ENCSR808FFI	ENCSR318CNS	BPNet	sequence contribution scores counts	bigWig	ChIP-seq	ZKSCAN8	HepG2	cell-line	cell-line	cell-line	none	counts	passed
ENCFF542YVE	ENCFF542YVE	ENCSR448UKK	ENCSR648SBK	BPNet	sequence contribution scores counts	bigWig	ChIP-seq	ZKSCAN8	K562	cell-line	cell-line	cell-line	none	counts	passed
ENCFF626BPN	ENCFF626BPN	ENCSR751PNN	ENCSR680TYT	BPNet	sequence contribution scores counts	bigWig	ChIP-seq	ZNF112	HEK293	cell-line	cell-line	cell-line	none	counts	passed
ENCFF507YTI	ENCFF507YTI	ENCSR711KBM	ENCSR835UBF	BPNet	sequence contribution scores counts	bigWig	ChIP-seq	ZNF12	HepG2	cell-line	cell-line	cell-line	none	counts	passed
ENCFF603OXV	ENCFF603OXV	ENCSR041YBR	ENCSR035AXW	BPNet	sequence contribution scores counts	bigWig	ChIP-seq	ZNF12	K562	cell-line	cell-line	cell-line	none	counts	passed
ENCFF568VBC	ENCFF568VBC	ENCSR224QDY	ENCSR370XXE	BPNet	sequence contribution scores counts	bigWig	ChIP-seq	ZNF121	HEK293	cell-line	cell-line	cell-line	none	counts	passed
ENCFF510TFN	ENCFF510TFN	ENCSR945QEW	ENCSR279WZH	BPNet	sequence contribution scores counts	bigWig	ChIP-seq	ZNF121	HepG2	cell-line	cell-line	cell-line	none	counts	passed
ENCFF982HFY	ENCFF982HFY	ENCSR799URB	ENCSR391MTA	BPNet	sequence contribution scores counts	bigWig	ChIP-seq	ZNF121	K562	cell-line	cell-line	cell-line	none	counts	passed
ENCFF144PCH	ENCFF144PCH	ENCSR283MWQ	ENCSR039OVW	BPNet	sequence contribution scores counts	bigWig	ChIP-seq	ZNF133	HEK293	cell-line	cell-line	cell-line	none	counts	passed
ENCFF964FJZ	ENCFF964FJZ	ENCSR553NTC	ENCSR725JVK	BPNet	sequence contribution scores counts	bigWig	ChIP-seq	ZNF134	K562	cell-line	cell-line	cell-line	none	counts	passed
ENCFF548KFC	ENCFF548KFC	ENCSR464KFG	ENCSR374NAK	BPNet	sequence contribution scores counts	bigWig	ChIP-seq	ZNF140	HEK293	cell-line	cell-line	cell-line	none	counts	passed
ENCFF506XAX	ENCFF506XAX	ENCSR512ECF	ENCSR101IBF	BPNet	sequence contribution scores counts	bigWig	ChIP-seq	ZNF142	HepG2	cell-line	cell-line	cell-line	none	counts	passed
ENCFF514NOX	ENCFF514NOX	ENCSR080UEM	ENCSR622AVH	BPNet	sequence contribution scores counts	bigWig	ChIP-seq	ZNF143	HepG2	cell-line	cell-line	cell-line	none	counts	passed
ENCFF152IBN	ENCFF152IBN	ENCSR427WZJ	ENCSR694XKS	BPNet	sequence contribution scores counts	bigWig	ChIP-seq	ZNF143	K562	cell-line	cell-line	cell-line	none	counts	passed
ENCFF171HVR	ENCFF171HVR	ENCSR063FUV	ENCSR643MAZ	BPNet	sequence contribution scores counts	bigWig	ChIP-seq	ZNF143	WTC11	cell-line	cell-line	cell-line	none	counts	passed
ENCFF604MPY	ENCFF604MPY	ENCSR689YFA	ENCSR026AKK	BPNet	sequence contribution scores counts	bigWig	ChIP-seq	ZNF146	HEK293	cell-line	cell-line	cell-line	none	counts	passed
ENCFF811BZV	ENCFF811BZV	ENCSR957LTN	ENCSR960XYX	BPNet	sequence contribution scores counts	bigWig	ChIP-seq	ZNF146	HepG2	cell-line	cell-line	cell-line	none	counts	passed
ENCFF464MTQ	ENCFF464MTQ	ENCSR713IFY	ENCSR132QOJ	BPNet	sequence contribution scores counts	bigWig	ChIP-seq	ZNF146	K562	cell-line	cell-line	cell-line	none	counts	passed
ENCFF569QPJ	ENCFF569QPJ	ENCSR018MSO	ENCSR954JSO	BPNet	sequence contribution scores counts	bigWig	ChIP-seq	ZNF148	K562	cell-line	cell-line	cell-line	none	counts	passed
ENCFF165UJQ	ENCFF165UJQ	ENCSR564YYW	ENCSR213DSH	BPNet	sequence contribution scores counts	bigWig	ChIP-seq	ZNF157	HEK293	cell-line	cell-line	cell-line	none	counts	passed
ENCFF694EYI	ENCFF694EYI	ENCSR093HXE	ENCSR101YMY	BPNet	sequence contribution scores counts	bigWig	ChIP-seq	ZNF16	HEK293	cell-line	cell-line	cell-line	none	counts	passed
ENCFF985NLI	ENCFF985NLI	ENCSR011PEI	ENCSR983EKD	BPNet	sequence contribution scores counts	bigWig	ChIP-seq	ZNF175	K562	cell-line	cell-line	cell-line	none	counts	passed
ENCFF806SRG	ENCFF806SRG	ENCSR977HTH	ENCSR114LPS	BPNet	sequence contribution scores counts	bigWig	ChIP-seq	ZNF18	HEK293	cell-line	cell-line	cell-line	none	counts	passed
ENCFF551VPM	ENCFF551VPM	ENCSR553ZJQ	ENCSR672NTT	BPNet	sequence contribution scores counts	bigWig	ChIP-seq	ZNF18	HepG2	cell-line	cell-line	cell-line	none	counts	passed
ENCFF668FGP	ENCFF668FGP	ENCSR020UPN	ENCSR263RCM	BPNet	sequence contribution scores counts	bigWig	ChIP-seq	ZNF184	HEK293	cell-line	cell-line	cell-line	none	counts	passed
ENCFF126VXD	ENCFF126VXD	ENCSR526HRN	ENCSR322UJZ	BPNet	sequence contribution scores counts	bigWig	ChIP-seq	ZNF184	K562	cell-line	cell-line	cell-line	none	counts	passed
ENCFF572SGW	ENCFF572SGW	ENCSR546IHU	ENCSR869HTL	BPNet	sequence contribution scores counts	bigWig	ChIP-seq	ZNF184	K562	cell-line	cell-line	cell-line	none	counts	passed
ENCFF863CDG	ENCFF863CDG	ENCSR621ATC	ENCSR229FNP	BPNet	sequence contribution scores counts	bigWig	ChIP-seq	ZNF184	K562	cell-line	cell-line	cell-line	none	counts	passed
ENCFF244GLQ	ENCFF244GLQ	ENCSR640STN	ENCSR901OTZ	BPNet	sequence contribution scores counts	bigWig	ChIP-seq	ZNF184	WTC11	cell-line	cell-line	cell-line	none	counts	passed
ENCFF374MNP	ENCFF374MNP	ENCSR163RYW	ENCSR177YND	BPNet	sequence contribution scores counts	bigWig	ChIP-seq	ZNF189	HEK293	cell-line	cell-line	cell-line	none	counts	passed
ENCFF463JBV	ENCFF463JBV	ENCSR720PDY	ENCSR794XBB	BPNet	sequence contribution scores counts	bigWig	ChIP-seq	ZNF20	HepG2	cell-line	cell-line	cell-line	none	counts	passed
ENCFF180BSC	ENCFF180BSC	ENCSR157CEN	ENCSR574PLQ	BPNet	sequence contribution scores counts	bigWig	ChIP-seq	ZNF205	HepG2	cell-line	cell-line	cell-line	none	counts	passed
ENCFF490PQI	ENCFF490PQI	ENCSR365DQH	ENCSR520DWU	BPNet	sequence contribution scores counts	bigWig	ChIP-seq	ZNF211	HEK293	cell-line	cell-line	cell-line	none	counts	passed
ENCFF497GTT	ENCFF497GTT	ENCSR993DED	ENCSR054SSY	BPNet	sequence contribution scores counts	bigWig	ChIP-seq	ZNF214	HEK293	cell-line	cell-line	cell-line	none	counts	passed
ENCFF962ONS	ENCFF962ONS	ENCSR906PCS	ENCSR464VPP	BPNet	sequence contribution scores counts	bigWig	ChIP-seq	ZNF223	HEK293	cell-line	cell-line	cell-line	none	counts	passed
ENCFF628UJW	ENCFF628UJW	ENCSR679KXF	ENCSR340HRP	BPNet	sequence contribution scores counts	bigWig	ChIP-seq	ZNF23	HEK293	cell-line	cell-line	cell-line	none	counts	passed
ENCFF380ZCB	ENCFF380ZCB	ENCSR837GLU	ENCSR348QIE	BPNet	sequence contribution scores counts	bigWig	ChIP-seq	ZNF232	HepG2	cell-line	cell-line	cell-line	none	counts	passed
ENCFF822UPJ	ENCFF822UPJ	ENCSR360ECJ	ENCSR185CCX	BPNet	sequence contribution scores counts	bigWig	ChIP-seq	ZNF232	K562	cell-line	cell-line	cell-line	none	counts	passed
ENCFF659CYG	ENCFF659CYG	ENCSR440COG	ENCSR233CVW	BPNet	sequence contribution scores counts	bigWig	ChIP-seq	ZNF239	HEK293	cell-line	cell-line	cell-line	none	counts	passed
ENCFF861AYY	ENCFF861AYY	ENCSR606KTL	ENCSR955PBS	BPNet	sequence contribution scores counts	bigWig	ChIP-seq	ZNF239	K562	cell-line	cell-line	cell-line	none	counts	passed
ENCFF131TLF	ENCFF131TLF	ENCSR072PWP	ENCSR696HRR	BPNet	sequence contribution scores counts	bigWig	ChIP-seq	ZNF24	GM12878	cell-line	cell-line	cell-line	none	counts	passed
ENCFF789RVW	ENCFF789RVW	ENCSR984MDV	ENCSR012PCW	BPNet	sequence contribution scores counts	bigWig	ChIP-seq	ZNF24	HEK293	cell-line	cell-line	cell-line	none	counts	passed
ENCFF497BLZ	ENCFF497BLZ	ENCSR362NWP	ENCSR179TNV	BPNet	sequence contribution scores counts	bigWig	ChIP-seq	ZNF24	HepG2	cell-line	cell-line	cell-line	none	counts	passed
ENCFF902WOA	ENCFF902WOA	ENCSR791AGT	ENCSR109TRH	BPNet	sequence contribution scores counts	bigWig	ChIP-seq	ZNF24	HepG2	cell-line	cell-line	cell-line	none	counts	passed
ENCFF023PKX	ENCFF023PKX	ENCSR117WTM	ENCSR536QWE	BPNet	sequence contribution scores counts	bigWig	ChIP-seq	ZNF24	K562	cell-line	cell-line	cell-line	none	counts	passed
ENCFF329IWC	ENCFF329IWC	ENCSR695EQB	ENCSR606DQT	BPNet	sequence contribution scores counts	bigWig	ChIP-seq	ZNF24	K562	cell-line	cell-line	cell-line	none	counts	passed
ENCFF566HIX	ENCFF566HIX	ENCSR385AHH	ENCSR803RKQ	BPNet	sequence contribution scores counts	bigWig	ChIP-seq	ZNF24	K562	cell-line	cell-line	cell-line	none	counts	passed
ENCFF621SNK	ENCFF621SNK	ENCSR099NCH	ENCSR622JDV	BPNet	sequence contribution scores counts	bigWig	ChIP-seq	ZNF24	K562	cell-line	cell-line	cell-line	none	counts	passed
ENCFF897EEI	ENCFF897EEI	ENCSR503VTG	ENCSR910FKH	BPNet	sequence contribution scores counts	bigWig	ChIP-seq	ZNF24	MCF-7	cell-line	cell-line	cell-line	none	counts	passed
ENCFF141HFE	ENCFF141HFE	ENCSR338SEM	ENCSR594BQE	BPNet	sequence contribution scores counts	bigWig	ChIP-seq	ZNF248	HEK293	cell-line	cell-line	cell-line	none	counts	passed
ENCFF054BXR	ENCFF054BXR	ENCSR028EGI	ENCSR065HJU	BPNet	sequence contribution scores counts	bigWig	ChIP-seq	ZNF26	HEK293	cell-line	cell-line	cell-line	none	counts	passed
ENCFF425VWA	ENCFF425VWA	ENCSR000EVD	ENCSR143IUV	BPNet	sequence contribution scores counts	bigWig	ChIP-seq	ZNF263	HEK293	cell-line	cell-line	cell-line	none	counts	passed
ENCFF841VQW	ENCFF841VQW	ENCSR313MMD	ENCSR197RBG	BPNet	sequence contribution scores counts	bigWig	ChIP-seq	ZNF263	HepG2	cell-line	cell-line	cell-line	none	counts	passed
ENCFF380AOR	ENCFF380AOR	ENCSR845GGY	ENCSR749YHO	BPNet	sequence contribution scores counts	bigWig	ChIP-seq	ZNF263	K562	cell-line	cell-line	cell-line	none	counts	passed
ENCFF640YIT	ENCFF640YIT	ENCSR000EWN	ENCSR229HUB	BPNet	sequence contribution scores counts	bigWig	ChIP-seq	ZNF263	K562	cell-line	cell-line	cell-line	none	counts	passed
ENCFF807DJU	ENCFF807DJU	ENCSR156JWW	ENCSR162AVH	BPNet	sequence contribution scores counts	bigWig	ChIP-seq	ZNF263	WTC11	cell-line	cell-line	cell-line	none	counts	passed
ENCFF247CUN	ENCFF247CUN	ENCSR248BVU	ENCSR020DMV	BPNet	sequence contribution scores counts	bigWig	ChIP-seq	ZNF264	HepG2	cell-line	cell-line	cell-line	none	counts	passed
ENCFF049QZL	ENCFF049QZL	ENCSR466VYP	ENCSR521XAG	BPNet	sequence contribution scores counts	bigWig	ChIP-seq	ZNF266	HEK293	cell-line	cell-line	cell-line	none	counts	passed
ENCFF709ZIZ	ENCFF709ZIZ	ENCSR000EUI	ENCSR982WSU	BPNet	sequence contribution scores counts	bigWig	ChIP-seq	ZNF274	GM08714	cell-line	cell-line	cell-line	none	counts	passed
ENCFF921HSL	ENCFF921HSL	ENCSR000EUN	ENCSR912JCS	BPNet	sequence contribution scores counts	bigWig	ChIP-seq	ZNF274	H1	cell-line	cell-line	cell-line	none	counts	passed
ENCFF437JMK	ENCFF437JMK	ENCSR101FJM	ENCSR079PXR	BPNet	sequence contribution scores counts	bigWig	ChIP-seq	ZNF274	HCT116	cell-line	cell-line	cell-line	none	counts	passed
ENCFF861JVT	ENCFF861JVT	ENCSR178QVJ	ENCSR804PIO	BPNet	sequence contribution scores counts	bigWig	ChIP-seq	ZNF274	HEK293	cell-line	cell-line	cell-line	none	counts	passed
ENCFF984MDR	ENCFF984MDR	ENCSR000EVX	ENCSR253FIG	BPNet	sequence contribution scores counts	bigWig	ChIP-seq	ZNF274	K562	cell-line	cell-line	cell-line	none	counts	passed
ENCFF242WRJ	ENCFF242WRJ	ENCSR000EWY	ENCSR821NQF	BPNet	sequence contribution scores counts	bigWig	ChIP-seq	ZNF274	NT2/D1	cell-line	cell-line	cell-line	none	counts	passed
ENCFF132KDG	ENCFF132KDG	ENCSR403MJY	ENCSR712WOB	BPNet	sequence contribution scores counts	bigWig	ChIP-seq	ZNF281	HepG2	cell-line	cell-line	cell-line	none	counts	passed
ENCFF441TQB	ENCFF441TQB	ENCSR214EKV	ENCSR537AXI	BPNet	sequence contribution scores counts	bigWig	ChIP-seq	ZNF281	K562	cell-line	cell-line	cell-line	none	counts	passed
ENCFF364OVY	ENCFF364OVY	ENCSR032DGZ	ENCSR699TVO	BPNet	sequence contribution scores counts	bigWig	ChIP-seq	ZNF281	WTC11	cell-line	cell-line	cell-line	none	counts	passed
ENCFF086BOK	ENCFF086BOK	ENCSR742TMU	ENCSR610PAH	BPNet	sequence contribution scores counts	bigWig	ChIP-seq	ZNF282	K562	cell-line	cell-line	cell-line	none	counts	passed
ENCFF376RRZ	ENCFF376RRZ	ENCSR853BYT	ENCSR582TRX	BPNet	sequence contribution scores counts	bigWig	ChIP-seq	ZNF292	HepG2	cell-line	cell-line	cell-line	none	counts	passed
ENCFF519POZ	ENCFF519POZ	ENCSR862LJQ	ENCSR406XKS	BPNet	sequence contribution scores counts	bigWig	ChIP-seq	ZNF296	HepG2	cell-line	cell-line	cell-line	none	counts	passed
ENCFF731GMK	ENCFF731GMK	ENCSR195QFV	ENCSR943BMU	BPNet	sequence contribution scores counts	bigWig	ChIP-seq	ZNF3	K562	cell-line	cell-line	cell-line	none	counts	passed
ENCFF760YED	ENCFF760YED	ENCSR934RJP	ENCSR155QUT	BPNet	sequence contribution scores counts	bigWig	ChIP-seq	ZNF3	K562	cell-line	cell-line	cell-line	none	counts	passed
ENCFF046BQK	ENCFF046BQK	ENCSR513MGG	ENCSR967FUB	BPNet	sequence contribution scores counts	bigWig	ChIP-seq	ZNF302	HEK293	cell-line	cell-line	cell-line	none	counts	passed
ENCFF419OUK	ENCFF419OUK	ENCSR167KBO	ENCSR989MRU	BPNet	sequence contribution scores counts	bigWig	ChIP-seq	ZNF316	K562	cell-line	cell-line	cell-line	none	counts	passed
ENCFF687OAR	ENCFF687OAR	ENCSR200JYP	ENCSR182LDE	BPNet	sequence contribution scores counts	bigWig	ChIP-seq	ZNF316	K562	cell-line	cell-line	cell-line	none	counts	passed
ENCFF793ASE	ENCFF793ASE	ENCSR016OHL	ENCSR164VUV	BPNet	sequence contribution scores counts	bigWig	ChIP-seq	ZNF317	HepG2	cell-line	cell-line	cell-line	none	counts	passed
ENCFF705KSO	ENCFF705KSO	ENCSR976MXN	ENCSR390SED	BPNet	sequence contribution scores counts	bigWig	ChIP-seq	ZNF317	K562	cell-line	cell-line	cell-line	none	counts	passed
ENCFF403CEF	ENCFF403CEF	ENCSR795KRU	ENCSR329FHN	BPNet	sequence contribution scores counts	bigWig	ChIP-seq	ZNF317	WTC11	cell-line	cell-line	cell-line	none	counts	passed
ENCFF776FBC	ENCFF776FBC	ENCSR712KVZ	ENCSR861IYW	BPNet	sequence contribution scores counts	bigWig	ChIP-seq	ZNF324	K562	cell-line	cell-line	cell-line	none	counts	passed
ENCFF369LFF	ENCFF369LFF	ENCSR681KXT	ENCSR113XXA	BPNet	sequence contribution scores counts	bigWig	ChIP-seq	ZNF329	HepG2	cell-line	cell-line	cell-line	none	counts	passed
ENCFF660NET	ENCFF660NET	ENCSR918LRB	ENCSR494MGN	BPNet	sequence contribution scores counts	bigWig	ChIP-seq	ZNF331	GM23338	cell-line	cell-line	cell-line	none	counts	passed
ENCFF844WHO	ENCFF844WHO	ENCSR369TCR	ENCSR536CRO	BPNet	sequence contribution scores counts	bigWig	ChIP-seq	ZNF331	HepG2	cell-line	cell-line	cell-line	none	counts	passed
ENCFF556NUI	ENCFF556NUI	ENCSR185FOY	ENCSR866NFF	BPNet	sequence contribution scores counts	bigWig	ChIP-seq	ZNF341	HEK293	cell-line	cell-line	cell-line	none	counts	passed
ENCFF923CTD	ENCFF923CTD	ENCSR842SRB	ENCSR424FUY	BPNet	sequence contribution scores counts	bigWig	ChIP-seq	ZNF350	HepG2	cell-line	cell-line	cell-line	none	counts	passed
ENCFF635SDU	ENCFF635SDU	ENCSR715QNO	ENCSR361HXQ	BPNet	sequence contribution scores counts	bigWig	ChIP-seq	ZNF362	HEK293	cell-line	cell-line	cell-line	none	counts	passed
ENCFF654LCN	ENCFF654LCN	ENCSR032LZZ	ENCSR837NIM	BPNet	sequence contribution scores counts	bigWig	ChIP-seq	ZNF362	HepG2	cell-line	cell-line	cell-line	none	counts	passed
ENCFF242FIS	ENCFF242FIS	ENCSR048WVW	ENCSR388YVJ	BPNet	sequence contribution scores counts	bigWig	ChIP-seq	ZNF367	HepG2	cell-line	cell-line	cell-line	none	counts	passed
ENCFF732TYR	ENCFF732TYR	ENCSR371LLY	ENCSR668MDE	BPNet	sequence contribution scores counts	bigWig	ChIP-seq	ZNF37A	HEK293	cell-line	cell-line	cell-line	none	counts	passed
ENCFF750RBF	ENCFF750RBF	ENCSR000DYP	ENCSR607ZHJ	BPNet	sequence contribution scores counts	bigWig	ChIP-seq	ZNF384	GM12878	cell-line	cell-line	cell-line	none	counts	passed
ENCFF656WUH	ENCFF656WUH	ENCSR882ICT	ENCSR589ELT	BPNet	sequence contribution scores counts	bigWig	ChIP-seq	ZNF384	HEK293T	cell-line	cell-line	cell-line	none	counts	passed
ENCFF454AGZ	ENCFF454AGZ	ENCSR101FJU	ENCSR186EZI	BPNet	sequence contribution scores counts	bigWig	ChIP-seq	ZNF384	HepG2	cell-line	cell-line	cell-line	none	counts	passed
ENCFF159OAB	ENCFF159OAB	ENCSR000EFP	ENCSR860AZD	BPNet	sequence contribution scores counts	bigWig	ChIP-seq	ZNF384	K562	cell-line	cell-line	cell-line	none	counts	passed
ENCFF033XIC	ENCFF033XIC	ENCSR125DNC	ENCSR523EEX	BPNet	sequence contribution scores counts	bigWig	ChIP-seq	ZNF394	HEK293	cell-line	cell-line	cell-line	none	counts	passed
ENCFF740RGO	ENCFF740RGO	ENCSR462QZZ	ENCSR605ZPT	BPNet	sequence contribution scores counts	bigWig	ChIP-seq	ZNF395	K562	cell-line	cell-line	cell-line	none	counts	passed
ENCFF008NRQ	ENCFF008NRQ	ENCSR439OCL	ENCSR455WPF	BPNet	sequence contribution scores counts	bigWig	ChIP-seq	ZNF407	K562	cell-line	cell-line	cell-line	none	counts	passed
ENCFF410ZVH	ENCFF410ZVH	ENCSR011NOZ	ENCSR723BLF	BPNet	sequence contribution scores counts	bigWig	ChIP-seq	ZNF407	K562	cell-line	cell-line	cell-line	none	counts	passed
ENCFF326HFX	ENCFF326HFX	ENCSR235PYI	ENCSR666XEJ	BPNet	sequence contribution scores counts	bigWig	ChIP-seq	ZNF41	K562	cell-line	cell-line	cell-line	none	counts	passed
ENCFF230BCO	ENCFF230BCO	ENCSR477OJI	ENCSR286FWU	BPNet	sequence contribution scores counts	bigWig	ChIP-seq	ZNF423	HEK293	cell-line	cell-line	cell-line	none	counts	passed
ENCFF537SXR	ENCFF537SXR	ENCSR413CVQ	ENCSR148KSW	BPNet	sequence contribution scores counts	bigWig	ChIP-seq	ZNF423	WTC11	cell-line	cell-line	cell-line	none	counts	passed
ENCFF366NUJ	ENCFF366NUJ	ENCSR618END	ENCSR278QPL	BPNet	sequence contribution scores counts	bigWig	ChIP-seq	ZNF430	HepG2	cell-line	cell-line	cell-line	none	counts	passed
ENCFF962ZJG	ENCFF962ZJG	ENCSR914HPP	ENCSR611LDB	BPNet	sequence contribution scores counts	bigWig	ChIP-seq	ZNF44	HepG2	cell-line	cell-line	cell-line	none	counts	passed
ENCFF358FRY	ENCFF358FRY	ENCSR673GDQ	ENCSR071CNE	BPNet	sequence contribution scores counts	bigWig	ChIP-seq	ZNF441	HepG2	cell-line	cell-line	cell-line	none	counts	passed
ENCFF067CXQ	ENCFF067CXQ	ENCSR038XIA	ENCSR468ULA	BPNet	sequence contribution scores counts	bigWig	ChIP-seq	ZNF444	MCF-7	cell-line	cell-line	cell-line	none	counts	passed
ENCFF754BVB	ENCFF754BVB	ENCSR738SLS	ENCSR809HTU	BPNet	sequence contribution scores counts	bigWig	ChIP-seq	ZNF449	HEK293	cell-line	cell-line	cell-line	none	counts	passed
ENCFF756ZKK	ENCFF756ZKK	ENCSR415AEB	ENCSR166CDD	BPNet	sequence contribution scores counts	bigWig	ChIP-seq	ZNF48	HepG2	cell-line	cell-line	cell-line	none	counts	passed
ENCFF910MGY	ENCFF910MGY	ENCSR542PZA	ENCSR594HLF	BPNet	sequence contribution scores counts	bigWig	ChIP-seq	ZNF490	HepG2	cell-line	cell-line	cell-line	none	counts	passed
ENCFF924XGQ	ENCFF924XGQ	ENCSR461ZJT	ENCSR479YFJ	BPNet	sequence contribution scores counts	bigWig	ChIP-seq	ZNF501	HEK293	cell-line	cell-line	cell-line	none	counts	passed
ENCFF495EZI	ENCFF495EZI	ENCSR595FAO	ENCSR226RHX	BPNet	sequence contribution scores counts	bigWig	ChIP-seq	ZNF510	HEK293	cell-line	cell-line	cell-line	none	counts	passed
ENCFF881JIE	ENCFF881JIE	ENCSR701RXW	ENCSR154RFY	BPNet	sequence contribution scores counts	bigWig	ChIP-seq	ZNF530	HEK293	cell-line	cell-line	cell-line	none	counts	passed
ENCFF098FAE	ENCFF098FAE	ENCSR909TSW	ENCSR730YDI	BPNet	sequence contribution scores counts	bigWig	ChIP-seq	ZNF547	HEK293	cell-line	cell-line	cell-line	none	counts	passed
ENCFF057DZG	ENCFF057DZG	ENCSR892ZTO	ENCSR293AOG	BPNet	sequence contribution scores counts	bigWig	ChIP-seq	ZNF548	HEK293	cell-line	cell-line	cell-line	none	counts	passed
ENCFF739GOA	ENCFF739GOA	ENCSR185QFX	ENCSR989FNU	BPNet	sequence contribution scores counts	bigWig	ChIP-seq	ZNF549	HEK293	cell-line	cell-line	cell-line	none	counts	passed
ENCFF850OJT	ENCFF850OJT	ENCSR545ACM	ENCSR747QXK	BPNet	sequence contribution scores counts	bigWig	ChIP-seq	ZNF549	HepG2	cell-line	cell-line	cell-line	none	counts	passed
ENCFF519HTL	ENCFF519HTL	ENCSR325VYA	ENCSR011WOV	BPNet	sequence contribution scores counts	bigWig	ChIP-seq	ZNF557	HepG2	cell-line	cell-line	cell-line	none	counts	passed
ENCFF673ZSO	ENCFF673ZSO	ENCSR125ULS	ENCSR626JLM	BPNet	sequence contribution scores counts	bigWig	ChIP-seq	ZNF561	HEK293	cell-line	cell-line	cell-line	none	counts	passed
ENCFF782XEQ	ENCFF782XEQ	ENCSR727IJD	ENCSR281SKK	BPNet	sequence contribution scores counts	bigWig	ChIP-seq	ZNF562	HepG2	cell-line	cell-line	cell-line	none	counts	passed
ENCFF627KGG	ENCFF627KGG	ENCSR397EOT	ENCSR846MFZ	BPNet	sequence contribution scores counts	bigWig	ChIP-seq	ZNF564	HepG2	cell-line	cell-line	cell-line	none	counts	passed
ENCFF457ZGP	ENCFF457ZGP	ENCSR754ALX	ENCSR545WAG	BPNet	sequence contribution scores counts	bigWig	ChIP-seq	ZNF565	SK-N-SH	cell-line	cell-line	cell-line	none	counts	passed
ENCFF410BVS	ENCFF410BVS	ENCSR886YJI	ENCSR078RTA	BPNet	sequence contribution scores counts	bigWig	ChIP-seq	ZNF574	HepG2	cell-line	cell-line	cell-line	none	counts	passed
ENCFF184WIJ	ENCFF184WIJ	ENCSR402JAC	ENCSR631TCZ	BPNet	sequence contribution scores counts	bigWig	ChIP-seq	ZNF574	MCF-7	cell-line	cell-line	cell-line	none	counts	passed
ENCFF072GOY	ENCFF072GOY	ENCSR668HOP	ENCSR959CUQ	BPNet	sequence contribution scores counts	bigWig	ChIP-seq	ZNF580	HEK293	cell-line	cell-line	cell-line	none	counts	passed
ENCFF449FRE	ENCFF449FRE	ENCSR149ZBI	ENCSR384YJU	BPNet	sequence contribution scores counts	bigWig	ChIP-seq	ZNF584	K562	cell-line	cell-line	cell-line	none	counts	passed
ENCFF793XEO	ENCFF793XEO	ENCSR011XCI	ENCSR206HFO	BPNet	sequence contribution scores counts	bigWig	ChIP-seq	ZNF585B	HEK293	cell-line	cell-line	cell-line	none	counts	passed
ENCFF013NQG	ENCFF013NQG	ENCSR344SBD	ENCSR630UCD	BPNet	sequence contribution scores counts	bigWig	ChIP-seq	ZNF596	HEK293	cell-line	cell-line	cell-line	none	counts	passed
ENCFF117ADF	ENCFF117ADF	ENCSR903JFF	ENCSR924AMT	BPNet	sequence contribution scores counts	bigWig	ChIP-seq	ZNF605	HepG2	cell-line	cell-line	cell-line	none	counts	passed
ENCFF859HGW	ENCFF859HGW	ENCSR691TXI	ENCSR034YDZ	BPNet	sequence contribution scores counts	bigWig	ChIP-seq	ZNF610	HEK293	cell-line	cell-line	cell-line	none	counts	passed
ENCFF855VWI	ENCFF855VWI	ENCSR022IZK	ENCSR793WAG	BPNet	sequence contribution scores counts	bigWig	ChIP-seq	ZNF623	HEK293	cell-line	cell-line	cell-line	none	counts	passed
ENCFF980PUY	ENCFF980PUY	ENCSR488ZNK	ENCSR246WPX	BPNet	sequence contribution scores counts	bigWig	ChIP-seq	ZNF646	HepG2	cell-line	cell-line	cell-line	none	counts	passed
ENCFF492CPO	ENCFF492CPO	ENCSR283DOU	ENCSR216GEU	BPNet	sequence contribution scores counts	bigWig	ChIP-seq	ZNF660	HEK293	cell-line	cell-line	cell-line	none	counts	passed
ENCFF628ZPB	ENCFF628ZPB	ENCSR714LZQ	ENCSR782FWV	BPNet	sequence contribution scores counts	bigWig	ChIP-seq	ZNF664	HEK293	cell-line	cell-line	cell-line	none	counts	passed
ENCFF755BRC	ENCFF755BRC	ENCSR279KDC	ENCSR642ICI	BPNet	sequence contribution scores counts	bigWig	ChIP-seq	ZNF677	HEK293	cell-line	cell-line	cell-line	none	counts	passed
ENCFF337OGE	ENCFF337OGE	ENCSR307CKC	ENCSR285CBS	BPNet	sequence contribution scores counts	bigWig	ChIP-seq	ZNF680	HEK293	cell-line	cell-line	cell-line	none	counts	passed
ENCFF196IZK	ENCFF196IZK	ENCSR418MKG	ENCSR561WGU	BPNet	sequence contribution scores counts	bigWig	ChIP-seq	ZNF692	HEK293	cell-line	cell-line	cell-line	none	counts	passed
ENCFF126MOS	ENCFF126MOS	ENCSR454SCH	ENCSR633VZO	BPNet	sequence contribution scores counts	bigWig	ChIP-seq	ZNF7	K562	cell-line	cell-line	cell-line	none	counts	passed
ENCFF185SFR	ENCFF185SFR	ENCSR207GYC	ENCSR954CQT	BPNet	sequence contribution scores counts	bigWig	ChIP-seq	ZNF70	SK-N-SH	cell-line	cell-line	cell-line	none	counts	passed
ENCFF519VVJ	ENCFF519VVJ	ENCSR547TGL	ENCSR978UNF	BPNet	sequence contribution scores counts	bigWig	ChIP-seq	ZNF701	HEK293	cell-line	cell-line	cell-line	none	counts	passed
ENCFF620EAE	ENCFF620EAE	ENCSR194KWL	ENCSR546QIV	BPNet	sequence contribution scores counts	bigWig	ChIP-seq	ZNF704	HEK293	cell-line	cell-line	cell-line	none	counts	passed
ENCFF617BCL	ENCFF617BCL	ENCSR854IPI	ENCSR480HEH	BPNet	sequence contribution scores counts	bigWig	ChIP-seq	ZNF707	HEK293	cell-line	cell-line	cell-line	none	counts	passed
ENCFF265SGX	ENCFF265SGX	ENCSR017XHZ	ENCSR043MDP	BPNet	sequence contribution scores counts	bigWig	ChIP-seq	ZNF707	HepG2	cell-line	cell-line	cell-line	none	counts	passed
ENCFF325JIK	ENCFF325JIK	ENCSR077TKJ	ENCSR000RSZ	BPNet	sequence contribution scores counts	bigWig	ChIP-seq	ZNF707	K562	cell-line	cell-line	cell-line	none	counts	passed
ENCFF018VXV	ENCFF018VXV	ENCSR755ZAY	ENCSR726XMS	BPNet	sequence contribution scores counts	bigWig	ChIP-seq	ZNF740	HepG2	cell-line	cell-line	cell-line	none	counts	passed
ENCFF364JVC	ENCFF364JVC	ENCSR737UST	ENCSR880BCZ	BPNet	sequence contribution scores counts	bigWig	ChIP-seq	ZNF740	K562	cell-line	cell-line	cell-line	none	counts	passed
ENCFF697ULM	ENCFF697ULM	ENCSR427XYP	ENCSR563SSN	BPNet	sequence contribution scores counts	bigWig	ChIP-seq	ZNF740	K562	cell-line	cell-line	cell-line	none	counts	passed
ENCFF371WKE	ENCFF371WKE	ENCSR591MYB	ENCSR922IZN	BPNet	sequence contribution scores counts	bigWig	ChIP-seq	ZNF746	HepG2	cell-line	cell-line	cell-line	none	counts	passed
ENCFF886HCT	ENCFF886HCT	ENCSR099MNR	ENCSR319GCA	BPNet	sequence contribution scores counts	bigWig	ChIP-seq	ZNF75A	K562	cell-line	cell-line	cell-line	none	counts	passed
ENCFF278PWR	ENCFF278PWR	ENCSR072LQF	ENCSR275URJ	BPNet	sequence contribution scores counts	bigWig	ChIP-seq	ZNF76	HEK293	cell-line	cell-line	cell-line	none	counts	passed
ENCFF502IPM	ENCFF502IPM	ENCSR869RSW	ENCSR220OPP	BPNet	sequence contribution scores counts	bigWig	ChIP-seq	ZNF766	HepG2	cell-line	cell-line	cell-line	none	counts	passed
ENCFF449YOI	ENCFF449YOI	ENCSR194IJN	ENCSR030UBN	BPNet	sequence contribution scores counts	bigWig	ChIP-seq	ZNF766	K562	cell-line	cell-line	cell-line	none	counts	passed
ENCFF974OBY	ENCFF974OBY	ENCSR242BGR	ENCSR055REJ	BPNet	sequence contribution scores counts	bigWig	ChIP-seq	ZNF770	HEK293	cell-line	cell-line	cell-line	none	counts	passed
ENCFF011PAS	ENCFF011PAS	ENCSR510GKB	ENCSR032AHU	BPNet	sequence contribution scores counts	bigWig	ChIP-seq	ZNF770	HepG2	cell-line	cell-line	cell-line	none	counts	passed
ENCFF283HEP	ENCFF283HEP	ENCSR995FUM	ENCSR384BIM	BPNet	sequence contribution scores counts	bigWig	ChIP-seq	ZNF79	K562	cell-line	cell-line	cell-line	none	counts	passed
ENCFF183RLR	ENCFF183RLR	ENCSR325QLX	ENCSR812AAD	BPNet	sequence contribution scores counts	bigWig	ChIP-seq	ZNF8	SK-N-SH	cell-line	cell-line	cell-line	none	counts	passed
ENCFF053GXR	ENCFF053GXR	ENCSR701WPG	ENCSR786LIM	BPNet	sequence contribution scores counts	bigWig	ChIP-seq	ZNF800	HepG2	cell-line	cell-line	cell-line	none	counts	passed
ENCFF397NJJ	ENCFF397NJJ	ENCSR257XVY	ENCSR832DWY	BPNet	sequence contribution scores counts	bigWig	ChIP-seq	ZNF83	K562	cell-line	cell-line	cell-line	none	counts	passed
ENCFF834UQO	ENCFF834UQO	ENCSR891KPP	ENCSR144JWD	BPNet	sequence contribution scores counts	bigWig	ChIP-seq	ZNF865	HepG2	cell-line	cell-line	cell-line	none	counts	passed
ENCFF173GFO	ENCFF173GFO	ENCSR864VJE	ENCSR201ESU	BPNet	sequence contribution scores counts	bigWig	ChIP-seq	ZSCAN16	HEK293	cell-line	cell-line	cell-line	none	counts	passed
ENCFF466MOC	ENCFF466MOC	ENCSR253CKN	ENCSR591HHL	BPNet	sequence contribution scores counts	bigWig	ChIP-seq	ZSCAN21	HEK293	cell-line	cell-line	cell-line	none	counts	passed
ENCFF005MEK	ENCFF005MEK	ENCSR210DDA	ENCSR873BKE	BPNet	sequence contribution scores counts	bigWig	ChIP-seq	ZSCAN21	HepG2	cell-line	cell-line	cell-line	none	counts	passed
ENCFF292EQH	ENCFF292EQH	ENCSR050KWL	ENCSR880BAN	BPNet	sequence contribution scores counts	bigWig	ChIP-seq	ZSCAN22	HepG2	cell-line	cell-line	cell-line	none	counts	passed
ENCFF320PSL	ENCFF320PSL	ENCSR412YGM	ENCSR268UNG	BPNet	sequence contribution scores counts	bigWig	ChIP-seq	ZSCAN29	GM12878	cell-line	cell-line	cell-line	none	counts	passed
ENCFF284ZQM	ENCFF284ZQM	ENCSR422VAG	ENCSR171VVK	BPNet	sequence contribution scores counts	bigWig	ChIP-seq	ZSCAN29	HepG2	cell-line	cell-line	cell-line	none	counts	passed
ENCFF856WZM	ENCFF856WZM	ENCSR635EXI	ENCSR926KQC	BPNet	sequence contribution scores counts	bigWig	ChIP-seq	ZSCAN29	K562	cell-line	cell-line	cell-line	none	counts	passed
ENCFF967YOR	ENCFF967YOR	ENCSR175SZH	ENCSR451MPB	BPNet	sequence contribution scores counts	bigWig	ChIP-seq	ZSCAN29	K562	cell-line	cell-line	cell-line	none	counts	passed
ENCFF840HZB	ENCFF840HZB	ENCSR493VBX	ENCSR887KCX	BPNet	sequence contribution scores counts	bigWig	ChIP-seq	ZSCAN31	HepG2	cell-line	cell-line	cell-line	none	counts	passed
ENCFF013OAC	ENCFF013OAC	ENCSR211GNP	ENCSR931GRD	BPNet	sequence contribution scores counts	bigWig	ChIP-seq	ZSCAN4	HEK293	cell-line	cell-line	cell-line	none	counts	passed
ENCFF447FCV	ENCFF447FCV	ENCSR731AGO	ENCSR905ZVU	BPNet	sequence contribution scores counts	bigWig	ChIP-seq	ZSCAN5C	HEK293	cell-line	cell-line	cell-line	none	counts	passed
ENCFF964UHR	ENCFF964UHR	ENCSR559IOZ	ENCSR987TUW	BPNet	sequence contribution scores counts	bigWig	ChIP-seq	ZXDB	HEK293	cell-line	cell-line	cell-line	none	counts	passed
