track_key	file_accession	experiment	model_accession	model	track_type	format	assay	target	biosample	tissue	organ	system	strand	score_type	qc_flag
ENCFF461OFQ	ENCFF461OFQ	ENCSR932KWJ	ENCSR030TAD	ChromBPNet	selected regions for predicted signal and sequence contribution scores	bigBed	DNase-seq	none	A172	cell-line	cell-line	cell-line	none	none	passed
ENCFF733XKJ	ENCFF733XKJ	ENCSR032RGS	ENCSR394KFZ	ChromBPNet	selected regions for predicted signal and sequence contribution scores	bigBed	ATAC-seq	none	A549	cell-line	cell-line	cell-line	none	none	passed
ENCFF743TSH	ENCFF743TSH	ENCSR220ASC	ENCSR311VBG	ChromBPNet	selected regions for predicted signal and sequence contribution scores	bigBed	ATAC-seq	none	A549	cell-line	cell-line	cell-line	none	none	passed
ENCFF752ITO	ENCFF752ITO	ENCSR000ELW	ENCSR422EZD	ChromBPNet	selected regions for predicted signal and sequence contribution scores	bigBed	DNase-seq	none	A549	cell-line	cell-line	cell-line	none	none	passed
ENCFF992HKN	ENCFF992HKN	ENCSR346JWH	ENCSR457MEO	ChromBPNet	selected regions for predicted signal and sequence contribution scores	bigBed	DNase-seq	none	A673	cell-line	cell-line	cell-line	none	none	passed
ENCFF512HLL	ENCFF512HLL	ENCSR257BGZ	ENCSR490SYH	ChromBPNet	selected regions for predicted signal and sequence contribution scores	bigBed	DNase-seq	none	ACHN	cell-line	cell-line	cell-line	none	none	passed
ENCFF916FLC	ENCFF916FLC	ENCSR000ELX	ENCSR550YQU	ChromBPNet	selected regions for predicted signal and sequence contribution scores	bigBed	DNase-seq	none	AG04449	cell-line	cell-line	cell-line	none	none	passed
ENCFF070YKS	ENCFF070YKS	ENCSR000ELY	ENCSR979PXO	ChromBPNet	selected regions for predicted signal and sequence contribution scores	bigBed	DNase-seq	none	AG04450	cell-line	cell-line	cell-line	none	none	passed
ENCFF554ULP	ENCFF554ULP	ENCSR000EMA	ENCSR532BKE	ChromBPNet	selected regions for predicted signal and sequence contribution scores	bigBed	DNase-seq	none	AG09319	cell-line	cell-line	cell-line	none	none	passed
ENCFF938QXT	ENCFF938QXT	ENCSR000EMB	ENCSR552FQJ	ChromBPNet	selected regions for predicted signal and sequence contribution scores	bigBed	DNase-seq	none	AG10803	cell-line	cell-line	cell-line	none	none	passed
ENCFF529JNZ	ENCFF529JNZ	ENCSR584LUZ	ENCSR463EBH	ChromBPNet	selected regions for predicted signal and sequence contribution scores	bigBed	DNase-seq	none	Ammon's-horn	ammon	brain	central-nervous-system	none	none	passed
ENCFF653HBB	ENCFF653HBB	ENCSR603LVR	ENCSR843FCA	ChromBPNet	selected regions for predicted signal and sequence contribution scores	bigBed	ATAC-seq	none	B-cell	b-cell	immune	immune-system	none	none	passed
ENCFF122DKY	ENCFF122DKY	ENCSR247IUJ	ENCSR757NHR	ChromBPNet	selected regions for predicted signal and sequence contribution scores	bigBed	DNase-seq	none	B-cell	b-cell	immune	immune-system	none	none	passed
ENCFF138BNJ	ENCFF138BNJ	ENCSR891VOV	ENCSR994ABS	ChromBPNet	selected regions for predicted signal and sequence contribution scores	bigBed	DNase-seq	none	B-cell	b-cell	immune	immune-system	none	none	passed
ENCFF223VWB	ENCFF223VWB	ENCSR000EMJ	ENCSR442QCU	ChromBPNet	selected regions for predicted signal and sequence contribution scores	bigBed	DNase-seq	none	B-cell	b-cell	immune	immune-system	none	none	passed
ENCFF388QSK	ENCFF388QSK	ENCSR468AKF	ENCSR264VFS	ChromBPNet	selected regions for predicted signal and sequence contribution scores	bigBed	DNase-seq	none	B-cell	b-cell	immune	immune-system	none	none	passed
ENCFF842WQQ	ENCFF842WQQ	ENCSR381PXW	ENCSR797RDX	ChromBPNet	selected regions for predicted signal and sequence contribution scores	bigBed	DNase-seq	none	B-cell	b-cell	immune	immune-system	none	none	passed
ENCFF138GNY	ENCFF138GNY	ENCSR009KWQ	ENCSR620CIC	ChromBPNet	selected regions for predicted signal and sequence contribution scores	bigBed	DNase-seq	none	BE2C	cell-line	cell-line	cell-line	none	none	passed
ENCFF594PEO	ENCFF594PEO	ENCSR000EMD	ENCSR723PKD	ChromBPNet	selected regions for predicted signal and sequence contribution scores	bigBed	DNase-seq	none	BE2C	cell-line	cell-line	cell-line	none	none	passed
ENCFF788DIL	ENCFF788DIL	ENCSR000EME	ENCSR035HVD	ChromBPNet	selected regions for predicted signal and sequence contribution scores	bigBed	DNase-seq	none	BJ	cell-line	cell-line	cell-line	none	none	passed
ENCFF313PSS	ENCFF313PSS	ENCSR452DCM	ENCSR209OIH	ChromBPNet	selected regions for predicted signal and sequence contribution scores	bigBed	DNase-seq	none	CD14-positive-monocyte	cd	immune	immune-system	none	none	passed
ENCFF400BTR	ENCFF400BTR	ENCSR674JIL	ENCSR279GNT	ChromBPNet	selected regions for predicted signal and sequence contribution scores	bigBed	DNase-seq	none	CD14-positive-monocyte	cd	immune	immune-system	none	none	passed
ENCFF530XXU	ENCFF530XXU	ENCSR695AUY	ENCSR576XND	ChromBPNet	selected regions for predicted signal and sequence contribution scores	bigBed	DNase-seq	none	CD14-positive-monocyte	cd	immune	immune-system	none	none	passed
ENCFF839GPX	ENCFF839GPX	ENCSR000EPK	ENCSR216WTI	ChromBPNet	selected regions for predicted signal and sequence contribution scores	bigBed	DNase-seq	none	CD14-positive-monocyte	cd	immune	immune-system	none	none	passed
ENCFF208RNQ	ENCFF208RNQ	ENCSR373BIX	ENCSR258MDW	ChromBPNet	selected regions for predicted signal and sequence contribution scores	bigBed	DNase-seq	none	CD1c-positive-myeloid-dendritic-cell	dendritic	immune	immune-system	none	none	passed
ENCFF048LBO	ENCFF048LBO	ENCSR504OUW	ENCSR655LFC	ChromBPNet	selected regions for predicted signal and sequence contribution scores	bigBed	ATAC-seq	none	CD4-positive,-CD25-positive,-alpha-beta-regulatory-T-cell	t-cell	immune	immune-system	none	none	passed
ENCFF320ECY	ENCFF320ECY	ENCSR159GFS	ENCSR490DKY	ChromBPNet	selected regions for predicted signal and sequence contribution scores	bigBed	ATAC-seq	none	CD4-positive,-CD25-positive,-alpha-beta-regulatory-T-cell	t-cell	immune	immune-system	none	none	passed
ENCFF355QZQ	ENCFF355QZQ	ENCSR000EQK	ENCSR409YWQ	ChromBPNet	selected regions for predicted signal and sequence contribution scores	bigBed	DNase-seq	none	CD4-positive,-CD25-positive,-alpha-beta-regulatory-T-cell	t-cell	immune	immune-system	none	none	passed
ENCFF415QCZ	ENCFF415QCZ	ENCSR398CXD	ENCSR350GNA	ChromBPNet	selected regions for predicted signal and sequence contribution scores	bigBed	DNase-seq	none	CD4-positive,-CD25-positive,-alpha-beta-regulatory-T-cell	t-cell	immune	immune-system	none	none	passed
ENCFF643VQX	ENCFF643VQX	ENCSR042WQA	ENCSR089ESP	ChromBPNet	selected regions for predicted signal and sequence contribution scores	bigBed	DNase-seq	none	CD4-positive,-CD25-positive,-alpha-beta-regulatory-T-cell	t-cell	immune	immune-system	none	none	passed
ENCFF677EAP	ENCFF677EAP	ENCSR000EQJ	ENCSR332VOK	ChromBPNet	selected regions for predicted signal and sequence contribution scores	bigBed	DNase-seq	none	CD4-positive,-CD25-positive,-alpha-beta-regulatory-T-cell	t-cell	immune	immune-system	none	none	passed
ENCFF414TRR	ENCFF414TRR	ENCSR841LHT	ENCSR830MQP	ChromBPNet	selected regions for predicted signal and sequence contribution scores	bigBed	ATAC-seq	none	CD4-positive,-alpha-beta-T-cell	t-cell	immune	immune-system	none	none	passed
ENCFF004CMQ	ENCFF004CMQ	ENCSR769OIG	ENCSR430VKQ	ChromBPNet	selected regions for predicted signal and sequence contribution scores	bigBed	DNase-seq	none	CD4-positive,-alpha-beta-T-cell	t-cell	immune	immune-system	none	none	passed
ENCFF011JKG	ENCFF011JKG	ENCSR152FWD	ENCSR265TNV	ChromBPNet	selected regions for predicted signal and sequence contribution scores	bigBed	DNase-seq	none	CD4-positive,-alpha-beta-T-cell	t-cell	immune	immune-system	none	none	passed
ENCFF027YPY	ENCFF027YPY	ENCSR642BXP	ENCSR329EAO	ChromBPNet	selected regions for predicted signal and sequence contribution scores	bigBed	DNase-seq	none	CD4-positive,-alpha-beta-T-cell	t-cell	immune	immune-system	none	none	passed
ENCFF031AAA	ENCFF031AAA	ENCSR363LUK	ENCSR563YZV	ChromBPNet	selected regions for predicted signal and sequence contribution scores	bigBed	DNase-seq	none	CD4-positive,-alpha-beta-T-cell	t-cell	immune	immune-system	none	none	passed
ENCFF049GBC	ENCFF049GBC	ENCSR126EVX	ENCSR808PEA	ChromBPNet	selected regions for predicted signal and sequence contribution scores	bigBed	DNase-seq	none	CD4-positive,-alpha-beta-T-cell	t-cell	immune	immune-system	none	none	passed
ENCFF055QKC	ENCFF055QKC	ENCSR060ZXQ	ENCSR599AWD	ChromBPNet	selected regions for predicted signal and sequence contribution scores	bigBed	DNase-seq	none	CD4-positive,-alpha-beta-T-cell	t-cell	immune	immune-system	none	none	passed
ENCFF084JSE	ENCFF084JSE	ENCSR167JFX	ENCSR141XLS	ChromBPNet	selected regions for predicted signal and sequence contribution scores	bigBed	DNase-seq	none	CD4-positive,-alpha-beta-T-cell	t-cell	immune	immune-system	none	none	passed
ENCFF098VLD	ENCFF098VLD	ENCSR250GDW	ENCSR623XYP	ChromBPNet	selected regions for predicted signal and sequence contribution scores	bigBed	DNase-seq	none	CD4-positive,-alpha-beta-T-cell	t-cell	immune	immune-system	none	none	passed
ENCFF143XFN	ENCFF143XFN	ENCSR336QAO	ENCSR398VFI	ChromBPNet	selected regions for predicted signal and sequence contribution scores	bigBed	DNase-seq	none	CD4-positive,-alpha-beta-T-cell	t-cell	immune	immune-system	none	none	passed
ENCFF150TPQ	ENCFF150TPQ	ENCSR567IWT	ENCSR206BGH	ChromBPNet	selected regions for predicted signal and sequence contribution scores	bigBed	DNase-seq	none	CD4-positive,-alpha-beta-T-cell	t-cell	immune	immune-system	none	none	passed
ENCFF173MMZ	ENCFF173MMZ	ENCSR134BSY	ENCSR721RIF	ChromBPNet	selected regions for predicted signal and sequence contribution scores	bigBed	DNase-seq	none	CD4-positive,-alpha-beta-T-cell	t-cell	immune	immune-system	none	none	passed
ENCFF192HAN	ENCFF192HAN	ENCSR832IQN	ENCSR604TTC	ChromBPNet	selected regions for predicted signal and sequence contribution scores	bigBed	DNase-seq	none	CD4-positive,-alpha-beta-T-cell	t-cell	immune	immune-system	none	none	passed
ENCFF215TKZ	ENCFF215TKZ	ENCSR376DAE	ENCSR182DEK	ChromBPNet	selected regions for predicted signal and sequence contribution scores	bigBed	DNase-seq	none	CD4-positive,-alpha-beta-T-cell	t-cell	immune	immune-system	none	none	passed
ENCFF254UXL	ENCFF254UXL	ENCSR206KJN	ENCSR912RWV	ChromBPNet	selected regions for predicted signal and sequence contribution scores	bigBed	DNase-seq	none	CD4-positive,-alpha-beta-T-cell	t-cell	immune	immune-system	none	none	passed
ENCFF275DPS	ENCFF275DPS	ENCSR240TZG	ENCSR792HAG	ChromBPNet	selected regions for predicted signal and sequence contribution scores	bigBed	DNase-seq	none	CD4-positive,-alpha-beta-T-cell	t-cell	immune	immune-system	none	none	passed
ENCFF287JQW	ENCFF287JQW	ENCSR324OTS	ENCSR095QWC	ChromBPNet	selected regions for predicted signal and sequence contribution scores	bigBed	DNase-seq	none	CD4-positive,-alpha-beta-T-cell	t-cell	immune	immune-system	none	none	passed
ENCFF302HWI	ENCFF302HWI	ENCSR930USX	ENCSR295EEC	ChromBPNet	selected regions for predicted signal and sequence contribution scores	bigBed	DNase-seq	none	CD4-positive,-alpha-beta-T-cell	t-cell	immune	immune-system	none	none	passed
ENCFF377HZA	ENCFF377HZA	ENCSR408GYQ	ENCSR558IEO	ChromBPNet	selected regions for predicted signal and sequence contribution scores	bigBed	DNase-seq	none	CD4-positive,-alpha-beta-T-cell	t-cell	immune	immune-system	none	none	passed
ENCFF382ZAD	ENCFF382ZAD	ENCSR389BWT	ENCSR506RGL	ChromBPNet	selected regions for predicted signal and sequence contribution scores	bigBed	DNase-seq	none	CD4-positive,-alpha-beta-T-cell	t-cell	immune	immune-system	none	none	passed
ENCFF388DVP	ENCFF388DVP	ENCSR498FCF	ENCSR960ASG	ChromBPNet	selected regions for predicted signal and sequence contribution scores	bigBed	DNase-seq	none	CD4-positive,-alpha-beta-T-cell	t-cell	immune	immune-system	none	none	passed
ENCFF469GDJ	ENCFF469GDJ	ENCSR155NBS	ENCSR811XVY	ChromBPNet	selected regions for predicted signal and sequence contribution scores	bigBed	DNase-seq	none	CD4-positive,-alpha-beta-T-cell	t-cell	immune	immune-system	none	none	passed
ENCFF516DJT	ENCFF516DJT	ENCSR366KPR	ENCSR886YTD	ChromBPNet	selected regions for predicted signal and sequence contribution scores	bigBed	DNase-seq	none	CD4-positive,-alpha-beta-T-cell	t-cell	immune	immune-system	none	none	passed
ENCFF535IQU	ENCFF535IQU	ENCSR129GCL	ENCSR165LWU	ChromBPNet	selected regions for predicted signal and sequence contribution scores	bigBed	DNase-seq	none	CD4-positive,-alpha-beta-T-cell	t-cell	immune	immune-system	none	none	passed
ENCFF536RXD	ENCFF536RXD	ENCSR314IOV	ENCSR163HRT	ChromBPNet	selected regions for predicted signal and sequence contribution scores	bigBed	DNase-seq	none	CD4-positive,-alpha-beta-T-cell	t-cell	immune	immune-system	none	none	passed
ENCFF658NHW	ENCFF658NHW	ENCSR289GZQ	ENCSR773NUG	ChromBPNet	selected regions for predicted signal and sequence contribution scores	bigBed	DNase-seq	none	CD4-positive,-alpha-beta-T-cell	t-cell	immune	immune-system	none	none	passed
ENCFF664HYQ	ENCFF664HYQ	ENCSR572FSS	ENCSR229BTC	ChromBPNet	selected regions for predicted signal and sequence contribution scores	bigBed	DNase-seq	none	CD4-positive,-alpha-beta-T-cell	t-cell	immune	immune-system	none	none	passed
ENCFF670HYG	ENCFF670HYG	ENCSR697FME	ENCSR101JBQ	ChromBPNet	selected regions for predicted signal and sequence contribution scores	bigBed	DNase-seq	none	CD4-positive,-alpha-beta-T-cell	t-cell	immune	immune-system	none	none	passed
ENCFF690FXX	ENCFF690FXX	ENCSR635VQU	ENCSR694JQH	ChromBPNet	selected regions for predicted signal and sequence contribution scores	bigBed	DNase-seq	none	CD4-positive,-alpha-beta-T-cell	t-cell	immune	immune-system	none	none	passed
ENCFF698LCZ	ENCFF698LCZ	ENCSR654WXX	ENCSR574UUC	ChromBPNet	selected regions for predicted signal and sequence contribution scores	bigBed	DNase-seq	none	CD4-positive,-alpha-beta-T-cell	t-cell	immune	immune-system	none	none	passed
ENCFF756TTI	ENCFF756TTI	ENCSR036ELY	ENCSR361DCS	ChromBPNet	selected regions for predicted signal and sequence contribution scores	bigBed	DNase-seq	none	CD4-positive,-alpha-beta-T-cell	t-cell	immune	immune-system	none	none	passed
ENCFF759YBC	ENCFF759YBC	ENCSR452RAX	ENCSR473ZKP	ChromBPNet	selected regions for predicted signal and sequence contribution scores	bigBed	DNase-seq	none	CD4-positive,-alpha-beta-T-cell	t-cell	immune	immune-system	none	none	passed
ENCFF787IBA	ENCFF787IBA	ENCSR883WDW	ENCSR377EST	ChromBPNet	selected regions for predicted signal and sequence contribution scores	bigBed	DNase-seq	none	CD4-positive,-alpha-beta-T-cell	t-cell	immune	immune-system	none	none	passed
ENCFF789KOT	ENCFF789KOT	ENCSR904GDU	ENCSR681MBL	ChromBPNet	selected regions for predicted signal and sequence contribution scores	bigBed	DNase-seq	none	CD4-positive,-alpha-beta-T-cell	t-cell	immune	immune-system	none	none	passed
ENCFF800AVZ	ENCFF800AVZ	ENCSR824YLD	ENCSR216EFF	ChromBPNet	selected regions for predicted signal and sequence contribution scores	bigBed	DNase-seq	none	CD4-positive,-alpha-beta-T-cell	t-cell	immune	immune-system	none	none	passed
ENCFF801VBM	ENCFF801VBM	ENCSR515DVK	ENCSR198OGA	ChromBPNet	selected regions for predicted signal and sequence contribution scores	bigBed	DNase-seq	none	CD4-positive,-alpha-beta-T-cell	t-cell	immune	immune-system	none	none	passed
ENCFF827VDW	ENCFF827VDW	ENCSR546FUC	ENCSR684NGU	ChromBPNet	selected regions for predicted signal and sequence contribution scores	bigBed	DNase-seq	none	CD4-positive,-alpha-beta-T-cell	t-cell	immune	immune-system	none	none	passed
ENCFF839CCM	ENCFF839CCM	ENCSR111WTE	ENCSR490GMC	ChromBPNet	selected regions for predicted signal and sequence contribution scores	bigBed	DNase-seq	none	CD4-positive,-alpha-beta-T-cell	t-cell	immune	immune-system	none	none	passed
ENCFF844SLW	ENCFF844SLW	ENCSR683QJJ	ENCSR608KBM	ChromBPNet	selected regions for predicted signal and sequence contribution scores	bigBed	DNase-seq	none	CD4-positive,-alpha-beta-T-cell	t-cell	immune	immune-system	none	none	passed
ENCFF897WGD	ENCFF897WGD	ENCSR388NOI	ENCSR272DSY	ChromBPNet	selected regions for predicted signal and sequence contribution scores	bigBed	DNase-seq	none	CD4-positive,-alpha-beta-T-cell	t-cell	immune	immune-system	none	none	passed
ENCFF925HKC	ENCFF925HKC	ENCSR163QXS	ENCSR845NEQ	ChromBPNet	selected regions for predicted signal and sequence contribution scores	bigBed	DNase-seq	none	CD4-positive,-alpha-beta-T-cell	t-cell	immune	immune-system	none	none	passed
ENCFF989SDB	ENCFF989SDB	ENCSR424MWH	ENCSR701MMD	ChromBPNet	selected regions for predicted signal and sequence contribution scores	bigBed	DNase-seq	none	CD4-positive,-alpha-beta-T-cell	t-cell	immune	immune-system	none	none	passed
ENCFF999UPL	ENCFF999UPL	ENCSR346GIP	ENCSR783NVB	ChromBPNet	selected regions for predicted signal and sequence contribution scores	bigBed	DNase-seq	none	CD4-positive,-alpha-beta-T-cell	t-cell	immune	immune-system	none	none	passed
ENCFF298DLL	ENCFF298DLL	ENCSR239XNU	ENCSR475ZXC	ChromBPNet	selected regions for predicted signal and sequence contribution scores	bigBed	DNase-seq	none	CD4-positive,-alpha-beta-memory-T-cell	t-cell	immune	immune-system	none	none	passed
ENCFF300VZS	ENCFF300VZS	ENCSR476VJY	ENCSR339PPY	ChromBPNet	selected regions for predicted signal and sequence contribution scores	bigBed	ATAC-seq	none	CD8-positive,-alpha-beta-T-cell	t-cell	immune	immune-system	none	none	passed
ENCFF090SJS	ENCFF090SJS	ENCSR133QZB	ENCSR851ICD	ChromBPNet	selected regions for predicted signal and sequence contribution scores	bigBed	DNase-seq	none	CD8-positive,-alpha-beta-T-cell	t-cell	immune	immune-system	none	none	passed
ENCFF128JQK	ENCFF128JQK	ENCSR363BTB	ENCSR299DBR	ChromBPNet	selected regions for predicted signal and sequence contribution scores	bigBed	DNase-seq	none	CD8-positive,-alpha-beta-T-cell	t-cell	immune	immune-system	none	none	passed
ENCFF142AEB	ENCFF142AEB	ENCSR662IRS	ENCSR184UEO	ChromBPNet	selected regions for predicted signal and sequence contribution scores	bigBed	DNase-seq	none	CD8-positive,-alpha-beta-T-cell	t-cell	immune	immune-system	none	none	passed
ENCFF267EOQ	ENCFF267EOQ	ENCSR235OZX	ENCSR809MEH	ChromBPNet	selected regions for predicted signal and sequence contribution scores	bigBed	DNase-seq	none	CD8-positive,-alpha-beta-T-cell	t-cell	immune	immune-system	none	none	passed
ENCFF277CMB	ENCFF277CMB	ENCSR162JNV	ENCSR284ELP	ChromBPNet	selected regions for predicted signal and sequence contribution scores	bigBed	DNase-seq	none	CD8-positive,-alpha-beta-T-cell	t-cell	immune	immune-system	none	none	passed
ENCFF290QJT	ENCFF290QJT	ENCSR840TVG	ENCSR080IFT	ChromBPNet	selected regions for predicted signal and sequence contribution scores	bigBed	DNase-seq	none	CD8-positive,-alpha-beta-T-cell	t-cell	immune	immune-system	none	none	passed
ENCFF298KIT	ENCFF298KIT	ENCSR946BPA	ENCSR139FZM	ChromBPNet	selected regions for predicted signal and sequence contribution scores	bigBed	DNase-seq	none	CD8-positive,-alpha-beta-T-cell	t-cell	immune	immune-system	none	none	passed
ENCFF304CVU	ENCFF304CVU	ENCSR744UQK	ENCSR620MLQ	ChromBPNet	selected regions for predicted signal and sequence contribution scores	bigBed	DNase-seq	none	CD8-positive,-alpha-beta-T-cell	t-cell	immune	immune-system	none	none	passed
ENCFF394YXA	ENCFF394YXA	ENCSR086FTP	ENCSR637TRV	ChromBPNet	selected regions for predicted signal and sequence contribution scores	bigBed	DNase-seq	none	CD8-positive,-alpha-beta-T-cell	t-cell	immune	immune-system	none	none	passed
ENCFF411SUJ	ENCFF411SUJ	ENCSR097AMI	ENCSR503WCY	ChromBPNet	selected regions for predicted signal and sequence contribution scores	bigBed	DNase-seq	none	CD8-positive,-alpha-beta-T-cell	t-cell	immune	immune-system	none	none	passed
ENCFF435YEL	ENCFF435YEL	ENCSR254BCA	ENCSR538ZAV	ChromBPNet	selected regions for predicted signal and sequence contribution scores	bigBed	DNase-seq	none	CD8-positive,-alpha-beta-T-cell	t-cell	immune	immune-system	none	none	passed
ENCFF442UAD	ENCFF442UAD	ENCSR020LUD	ENCSR842ZPS	ChromBPNet	selected regions for predicted signal and sequence contribution scores	bigBed	DNase-seq	none	CD8-positive,-alpha-beta-T-cell	t-cell	immune	immune-system	none	none	passed
ENCFF543SFH	ENCFF543SFH	ENCSR316UDN	ENCSR004IEV	ChromBPNet	selected regions for predicted signal and sequence contribution scores	bigBed	DNase-seq	none	CD8-positive,-alpha-beta-T-cell	t-cell	immune	immune-system	none	none	passed
ENCFF778OZV	ENCFF778OZV	ENCSR984HIY	ENCSR412RAW	ChromBPNet	selected regions for predicted signal and sequence contribution scores	bigBed	DNase-seq	none	CD8-positive,-alpha-beta-T-cell	t-cell	immune	immune-system	none	none	passed
ENCFF828BRN	ENCFF828BRN	ENCSR129HDK	ENCSR734ERU	ChromBPNet	selected regions for predicted signal and sequence contribution scores	bigBed	DNase-seq	none	CD8-positive,-alpha-beta-T-cell	t-cell	immune	immune-system	none	none	passed
ENCFF877GJE	ENCFF877GJE	ENCSR649XRC	ENCSR953AXC	ChromBPNet	selected regions for predicted signal and sequence contribution scores	bigBed	DNase-seq	none	CD8-positive,-alpha-beta-T-cell	t-cell	immune	immune-system	none	none	passed
ENCFF902ZCD	ENCFF902ZCD	ENCSR842VTJ	ENCSR114IJD	ChromBPNet	selected regions for predicted signal and sequence contribution scores	bigBed	DNase-seq	none	CD8-positive,-alpha-beta-T-cell	t-cell	immune	immune-system	none	none	passed
ENCFF947EBP	ENCFF947EBP	ENCSR321KUC	ENCSR248PZF	ChromBPNet	selected regions for predicted signal and sequence contribution scores	bigBed	DNase-seq	none	CD8-positive,-alpha-beta-T-cell	t-cell	immune	immune-system	none	none	passed
ENCFF965SRP	ENCFF965SRP	ENCSR609DDQ	ENCSR330BZY	ChromBPNet	selected regions for predicted signal and sequence contribution scores	bigBed	DNase-seq	none	CD8-positive,-alpha-beta-T-cell	t-cell	immune	immune-system	none	none	passed
ENCFF274ZCS	ENCFF274ZCS	ENCSR625WLB	ENCSR801SWT	ChromBPNet	selected regions for predicted signal and sequence contribution scores	bigBed	DNase-seq	none	CD8-positive,-alpha-beta-memory-T-cell	t-cell	immune	immune-system	none	none	passed
ENCFF522ZJK	ENCFF522ZJK	ENCSR025BWH	ENCSR543PFF	ChromBPNet	selected regions for predicted signal and sequence contribution scores	bigBed	DNase-seq	none	CD8-positive,-alpha-beta-memory-T-cell	t-cell	immune	immune-system	none	none	passed
ENCFF573UEU	ENCFF573UEU	ENCSR705GCU	ENCSR699GVT	ChromBPNet	selected regions for predicted signal and sequence contribution scores	bigBed	DNase-seq	none	CD8-positive,-alpha-beta-memory-T-cell	t-cell	immune	immune-system	none	none	passed
ENCFF397BEG	ENCFF397BEG	ENCSR000EMN	ENCSR137UTN	ChromBPNet	selected regions for predicted signal and sequence contribution scores	bigBed	DNase-seq	none	CMK	cell-line	cell-line	cell-line	none	none	passed
ENCFF769OSX	ENCFF769OSX	ENCSR030HFV	ENCSR931LMD	ChromBPNet	selected regions for predicted signal and sequence contribution scores	bigBed	DNase-seq	none	Caco-2	cell-line	cell-line	cell-line	none	none	passed
ENCFF803EAA	ENCFF803EAA	ENCSR000EMI	ENCSR970OZO	ChromBPNet	selected regions for predicted signal and sequence contribution scores	bigBed	DNase-seq	none	Caco-2	cell-line	cell-line	cell-line	none	none	passed
ENCFF011PDE	ENCFF011PDE	ENCSR515EWI	ENCSR282JGE	ChromBPNet	selected regions for predicted signal and sequence contribution scores	bigBed	DNase-seq	none	Caki2	cell-line	cell-line	cell-line	none	none	passed
ENCFF881IRH	ENCFF881IRH	ENCSR660WSB	ENCSR808PZL	ChromBPNet	selected regions for predicted signal and sequence contribution scores	bigBed	ATAC-seq	none	DND-41	cell-line	cell-line	cell-line	none	none	passed
ENCFF278IPS	ENCFF278IPS	ENCSR903SKE	ENCSR986OXA	ChromBPNet	selected regions for predicted signal and sequence contribution scores	bigBed	DNase-seq	none	DND-41	cell-line	cell-line	cell-line	none	none	passed
ENCFF388CAV	ENCFF388CAV	ENCSR346IHH	ENCSR290FSX	ChromBPNet	selected regions for predicted signal and sequence contribution scores	bigBed	DNase-seq	none	Daoy	cell-line	cell-line	cell-line	none	none	passed
ENCFF240TQT	ENCFF240TQT	ENCSR548MMD	ENCSR842TKW	ChromBPNet	selected regions for predicted signal and sequence contribution scores	bigBed	DNase-seq	none	EH	cell-line	cell-line	cell-line	none	none	passed
ENCFF497PKT	ENCFF497PKT	ENCSR691MQJ	ENCSR371QKA	ChromBPNet	selected regions for predicted signal and sequence contribution scores	bigBed	DNase-seq	none	EL	cell-line	cell-line	cell-line	none	none	passed
ENCFF400ACY	ENCFF400ACY	ENCSR678ILN	ENCSR639NDH	ChromBPNet	selected regions for predicted signal and sequence contribution scores	bigBed	DNase-seq	none	ELF-1	cell-line	cell-line	cell-line	none	none	passed
ENCFF336FBD	ENCFF336FBD	ENCSR240TPI	ENCSR487CXD	ChromBPNet	selected regions for predicted signal and sequence contribution scores	bigBed	DNase-seq	none	ELR	cell-line	cell-line	cell-line	none	none	passed
ENCFF156SML	ENCFF156SML	ENCSR269SIA	ENCSR937RAQ	ChromBPNet	selected regions for predicted signal and sequence contribution scores	bigBed	DNase-seq	none	G401	cell-line	cell-line	cell-line	none	none	passed
ENCFF369YHN	ENCFF369YHN	ENCSR000EMO	ENCSR349PIJ	ChromBPNet	selected regions for predicted signal and sequence contribution scores	bigBed	DNase-seq	none	GM04503	cell-line	cell-line	cell-line	none	none	passed
ENCFF624JTU	ENCFF624JTU	ENCSR000EMP	ENCSR050OKX	ChromBPNet	selected regions for predicted signal and sequence contribution scores	bigBed	DNase-seq	none	GM04504	cell-line	cell-line	cell-line	none	none	passed
ENCFF624QIE	ENCFF624QIE	ENCSR000EMQ	ENCSR267GLX	ChromBPNet	selected regions for predicted signal and sequence contribution scores	bigBed	DNase-seq	none	GM06990	cell-line	cell-line	cell-line	none	none	passed
ENCFF550HNX	ENCFF550HNX	ENCSR000EMR	ENCSR473GBP	ChromBPNet	selected regions for predicted signal and sequence contribution scores	bigBed	DNase-seq	none	GM12864	cell-line	cell-line	cell-line	none	none	passed
ENCFF289CBP	ENCFF289CBP	ENCSR000EMS	ENCSR430QYB	ChromBPNet	selected regions for predicted signal and sequence contribution scores	bigBed	DNase-seq	none	GM12865	cell-line	cell-line	cell-line	none	none	passed
ENCFF437LQY	ENCFF437LQY	ENCSR637XSC	ENCSR081YFO	ChromBPNet	selected regions for predicted signal and sequence contribution scores	bigBed	ATAC-seq	none	GM12878	cell-line	cell-line	cell-line	none	none	passed
ENCFF769KXV	ENCFF769KXV	ENCSR095QNB	ENCSR067KBX	ChromBPNet	selected regions for predicted signal and sequence contribution scores	bigBed	ATAC-seq	none	GM12878	cell-line	cell-line	cell-line	none	none	passed
ENCFF912GFD	ENCFF912GFD	ENCSR000EMT	ENCSR108TCK	ChromBPNet	selected regions for predicted signal and sequence contribution scores	bigBed	DNase-seq	none	GM12878	cell-line	cell-line	cell-line	none	none	passed
ENCFF260FAY	ENCFF260FAY	ENCSR924SDV	ENCSR124DAF	ChromBPNet	selected regions for predicted signal and sequence contribution scores	bigBed	ATAC-seq	none	GM18498	cell-line	cell-line	cell-line	none	none	passed
ENCFF780ARF	ENCFF780ARF	ENCSR700HPA	ENCSR248SEV	ChromBPNet	selected regions for predicted signal and sequence contribution scores	bigBed	ATAC-seq	none	GM18499	cell-line	cell-line	cell-line	none	none	passed
ENCFF222EQO	ENCFF222EQO	ENCSR241VGH	ENCSR926DJN	ChromBPNet	selected regions for predicted signal and sequence contribution scores	bigBed	ATAC-seq	none	GM18502	cell-line	cell-line	cell-line	none	none	passed
ENCFF514OTK	ENCFF514OTK	ENCSR084FHK	ENCSR178PRM	ChromBPNet	selected regions for predicted signal and sequence contribution scores	bigBed	ATAC-seq	none	GM18505	cell-line	cell-line	cell-line	none	none	passed
ENCFF793CMA	ENCFF793CMA	ENCSR357WQH	ENCSR121WUP	ChromBPNet	selected regions for predicted signal and sequence contribution scores	bigBed	ATAC-seq	none	GM18508	cell-line	cell-line	cell-line	none	none	passed
ENCFF117UQX	ENCFF117UQX	ENCSR253QLW	ENCSR610JIY	ChromBPNet	selected regions for predicted signal and sequence contribution scores	bigBed	ATAC-seq	none	GM18511	cell-line	cell-line	cell-line	none	none	passed
ENCFF665OBX	ENCFF665OBX	ENCSR442OAV	ENCSR586WFC	ChromBPNet	selected regions for predicted signal and sequence contribution scores	bigBed	ATAC-seq	none	GM18517	cell-line	cell-line	cell-line	none	none	passed
ENCFF141IVO	ENCFF141IVO	ENCSR312UCH	ENCSR714DLQ	ChromBPNet	selected regions for predicted signal and sequence contribution scores	bigBed	ATAC-seq	none	GM18519	cell-line	cell-line	cell-line	none	none	passed
ENCFF516PNJ	ENCFF516PNJ	ENCSR762YFD	ENCSR461KSW	ChromBPNet	selected regions for predicted signal and sequence contribution scores	bigBed	ATAC-seq	none	GM18520	cell-line	cell-line	cell-line	none	none	passed
ENCFF286FMP	ENCFF286FMP	ENCSR011NJP	ENCSR379AWE	ChromBPNet	selected regions for predicted signal and sequence contribution scores	bigBed	ATAC-seq	none	GM18858	cell-line	cell-line	cell-line	none	none	passed
ENCFF050AKF	ENCFF050AKF	ENCSR628PLS	ENCSR370TTM	ChromBPNet	selected regions for predicted signal and sequence contribution scores	bigBed	ATAC-seq	none	GM18861	cell-line	cell-line	cell-line	none	none	passed
ENCFF267ETX	ENCFF267ETX	ENCSR492FJO	ENCSR060QUG	ChromBPNet	selected regions for predicted signal and sequence contribution scores	bigBed	ATAC-seq	none	GM18867	cell-line	cell-line	cell-line	none	none	passed
ENCFF318BWQ	ENCFF318BWQ	ENCSR580JBA	ENCSR777VRB	ChromBPNet	selected regions for predicted signal and sequence contribution scores	bigBed	ATAC-seq	none	GM18868	cell-line	cell-line	cell-line	none	none	passed
ENCFF859IVA	ENCFF859IVA	ENCSR684KUG	ENCSR923IXX	ChromBPNet	selected regions for predicted signal and sequence contribution scores	bigBed	ATAC-seq	none	GM18870	cell-line	cell-line	cell-line	none	none	passed
ENCFF282CRH	ENCFF282CRH	ENCSR304ZDQ	ENCSR210KZN	ChromBPNet	selected regions for predicted signal and sequence contribution scores	bigBed	ATAC-seq	none	GM18873	cell-line	cell-line	cell-line	none	none	passed
ENCFF567HMY	ENCFF567HMY	ENCSR487QSB	ENCSR074UXK	ChromBPNet	selected regions for predicted signal and sequence contribution scores	bigBed	ATAC-seq	none	GM18907	cell-line	cell-line	cell-line	none	none	passed
ENCFF121XVI	ENCFF121XVI	ENCSR917WJS	ENCSR731VRA	ChromBPNet	selected regions for predicted signal and sequence contribution scores	bigBed	ATAC-seq	none	GM18909	cell-line	cell-line	cell-line	none	none	passed
ENCFF578EWZ	ENCFF578EWZ	ENCSR512FHU	ENCSR978KVO	ChromBPNet	selected regions for predicted signal and sequence contribution scores	bigBed	ATAC-seq	none	GM19023	cell-line	cell-line	cell-line	none	none	passed
ENCFF636VAG	ENCFF636VAG	ENCSR419UYY	ENCSR079ORC	ChromBPNet	selected regions for predicted signal and sequence contribution scores	bigBed	ATAC-seq	none	GM19025	cell-line	cell-line	cell-line	none	none	passed
ENCFF025AWB	ENCFF025AWB	ENCSR637MUF	ENCSR904MSH	ChromBPNet	selected regions for predicted signal and sequence contribution scores	bigBed	ATAC-seq	none	GM19035	cell-line	cell-line	cell-line	none	none	passed
ENCFF711UFA	ENCFF711UFA	ENCSR409YCK	ENCSR903NIW	ChromBPNet	selected regions for predicted signal and sequence contribution scores	bigBed	ATAC-seq	none	GM19043	cell-line	cell-line	cell-line	none	none	passed
ENCFF480NLB	ENCFF480NLB	ENCSR425WQW	ENCSR239XHL	ChromBPNet	selected regions for predicted signal and sequence contribution scores	bigBed	ATAC-seq	none	GM19324	cell-line	cell-line	cell-line	none	none	passed
ENCFF059YNY	ENCFF059YNY	ENCSR383RDZ	ENCSR609EOM	ChromBPNet	selected regions for predicted signal and sequence contribution scores	bigBed	ATAC-seq	none	GM19328	cell-line	cell-line	cell-line	none	none	passed
ENCFF658INH	ENCFF658INH	ENCSR231BZU	ENCSR683XSR	ChromBPNet	selected regions for predicted signal and sequence contribution scores	bigBed	ATAC-seq	none	GM19351	cell-line	cell-line	cell-line	none	none	passed
ENCFF906HCG	ENCFF906HCG	ENCSR335JVB	ENCSR769XEI	ChromBPNet	selected regions for predicted signal and sequence contribution scores	bigBed	ATAC-seq	none	GM19372	cell-line	cell-line	cell-line	none	none	passed
ENCFF870TJQ	ENCFF870TJQ	ENCSR372IGW	ENCSR165KAD	ChromBPNet	selected regions for predicted signal and sequence contribution scores	bigBed	ATAC-seq	none	GM19395	cell-line	cell-line	cell-line	none	none	passed
ENCFF457JQW	ENCFF457JQW	ENCSR839IAD	ENCSR608VHS	ChromBPNet	selected regions for predicted signal and sequence contribution scores	bigBed	ATAC-seq	none	GM19397	cell-line	cell-line	cell-line	none	none	passed
ENCFF311YZN	ENCFF311YZN	ENCSR134OSR	ENCSR505PUV	ChromBPNet	selected regions for predicted signal and sequence contribution scores	bigBed	ATAC-seq	none	GM19438	cell-line	cell-line	cell-line	none	none	passed
ENCFF267VFA	ENCFF267VFA	ENCSR454UTH	ENCSR317ONA	ChromBPNet	selected regions for predicted signal and sequence contribution scores	bigBed	ATAC-seq	none	GM19452	cell-line	cell-line	cell-line	none	none	passed
ENCFF573NWP	ENCFF573NWP	ENCSR706GDQ	ENCSR586TXI	ChromBPNet	selected regions for predicted signal and sequence contribution scores	bigBed	ATAC-seq	none	GM19455	cell-line	cell-line	cell-line	none	none	passed
ENCFF084UJR	ENCFF084UJR	ENCSR712ZRY	ENCSR161MFO	ChromBPNet	selected regions for predicted signal and sequence contribution scores	bigBed	ATAC-seq	none	GM19463	cell-line	cell-line	cell-line	none	none	passed
ENCFF896INF	ENCFF896INF	ENCSR635CAC	ENCSR921EDJ	ChromBPNet	selected regions for predicted signal and sequence contribution scores	bigBed	ATAC-seq	none	GM19467	cell-line	cell-line	cell-line	none	none	passed
ENCFF934RFL	ENCFF934RFL	ENCSR635AIF	ENCSR692YYD	ChromBPNet	selected regions for predicted signal and sequence contribution scores	bigBed	ATAC-seq	none	GM19468	cell-line	cell-line	cell-line	none	none	passed
ENCFF379WAF	ENCFF379WAF	ENCSR105SCQ	ENCSR185PHM	ChromBPNet	selected regions for predicted signal and sequence contribution scores	bigBed	ATAC-seq	none	GM21360	cell-line	cell-line	cell-line	none	none	passed
ENCFF429FGL	ENCFF429FGL	ENCSR509JPT	ENCSR168OLJ	ChromBPNet	selected regions for predicted signal and sequence contribution scores	bigBed	ATAC-seq	none	GM21367	cell-line	cell-line	cell-line	none	none	passed
ENCFF038ISX	ENCFF038ISX	ENCSR512YXO	ENCSR282RKE	ChromBPNet	selected regions for predicted signal and sequence contribution scores	bigBed	ATAC-seq	none	GM21381	cell-line	cell-line	cell-line	none	none	passed
ENCFF479VGP	ENCFF479VGP	ENCSR024WOD	ENCSR310ESW	ChromBPNet	selected regions for predicted signal and sequence contribution scores	bigBed	ATAC-seq	none	GM21390	cell-line	cell-line	cell-line	none	none	passed
ENCFF225SKL	ENCFF225SKL	ENCSR902CFR	ENCSR780HLI	ChromBPNet	selected regions for predicted signal and sequence contribution scores	bigBed	ATAC-seq	none	GM21423	cell-line	cell-line	cell-line	none	none	passed
ENCFF031WPK	ENCFF031WPK	ENCSR424KQH	ENCSR050VGU	ChromBPNet	selected regions for predicted signal and sequence contribution scores	bigBed	ATAC-seq	none	GM21447	cell-line	cell-line	cell-line	none	none	passed
ENCFF006XNX	ENCFF006XNX	ENCSR960KGO	ENCSR576OPE	ChromBPNet	selected regions for predicted signal and sequence contribution scores	bigBed	ATAC-seq	none	GM21515	cell-line	cell-line	cell-line	none	none	passed
ENCFF347LAD	ENCFF347LAD	ENCSR408IVU	ENCSR134EDE	ChromBPNet	selected regions for predicted signal and sequence contribution scores	bigBed	ATAC-seq	none	GM21526	cell-line	cell-line	cell-line	none	none	passed
ENCFF119LDE	ENCFF119LDE	ENCSR939EVW	ENCSR637GED	ChromBPNet	selected regions for predicted signal and sequence contribution scores	bigBed	ATAC-seq	none	GM21528	cell-line	cell-line	cell-line	none	none	passed
ENCFF584MMG	ENCFF584MMG	ENCSR954BDA	ENCSR985TLT	ChromBPNet	selected regions for predicted signal and sequence contribution scores	bigBed	ATAC-seq	none	GM21529	cell-line	cell-line	cell-line	none	none	passed
ENCFF731AYP	ENCFF731AYP	ENCSR122NDR	ENCSR318EBC	ChromBPNet	selected regions for predicted signal and sequence contribution scores	bigBed	ATAC-seq	none	GM21576	cell-line	cell-line	cell-line	none	none	passed
ENCFF887MEK	ENCFF887MEK	ENCSR214EIV	ENCSR281GJA	ChromBPNet	selected regions for predicted signal and sequence contribution scores	bigBed	ATAC-seq	none	GM21619	cell-line	cell-line	cell-line	none	none	passed
ENCFF597FPN	ENCFF597FPN	ENCSR422RPD	ENCSR280VKC	ChromBPNet	selected regions for predicted signal and sequence contribution scores	bigBed	ATAC-seq	none	GM21717	cell-line	cell-line	cell-line	none	none	passed
ENCFF695CHG	ENCFF695CHG	ENCSR233HSC	ENCSR615NIB	ChromBPNet	selected regions for predicted signal and sequence contribution scores	bigBed	ATAC-seq	none	GM21723	cell-line	cell-line	cell-line	none	none	passed
ENCFF306CNB	ENCFF306CNB	ENCSR315QWI	ENCSR578BCV	ChromBPNet	selected regions for predicted signal and sequence contribution scores	bigBed	ATAC-seq	none	GM21737	cell-line	cell-line	cell-line	none	none	passed
ENCFF650RYM	ENCFF650RYM	ENCSR275LCF	ENCSR592QHK	ChromBPNet	selected regions for predicted signal and sequence contribution scores	bigBed	ATAC-seq	none	GM21786	cell-line	cell-line	cell-line	none	none	passed
ENCFF777WLU	ENCFF777WLU	ENCSR641KNU	ENCSR896WEM	ChromBPNet	selected regions for predicted signal and sequence contribution scores	bigBed	ATAC-seq	none	GM21825	cell-line	cell-line	cell-line	none	none	passed
ENCFF186UVC	ENCFF186UVC	ENCSR217TAW	ENCSR174HCP	ChromBPNet	selected regions for predicted signal and sequence contribution scores	bigBed	DNase-seq	none	GM23248	cell-line	cell-line	cell-line	none	none	passed
ENCFF234SBP	ENCFF234SBP	ENCSR485TLP	ENCSR686RDV	ChromBPNet	selected regions for predicted signal and sequence contribution scores	bigBed	ATAC-seq	none	GM23338	cell-line	cell-line	cell-line	none	none	passed
ENCFF818FBC	ENCFF818FBC	ENCSR004SUL	ENCSR397BXY	ChromBPNet	selected regions for predicted signal and sequence contribution scores	bigBed	DNase-seq	none	GM23338	cell-line	cell-line	cell-line	none	none	passed
ENCFF921AZV	ENCFF921AZV	ENCSR108PUO	ENCSR871HMB	ChromBPNet	selected regions for predicted signal and sequence contribution scores	bigBed	DNase-seq	none	GM23338	cell-line	cell-line	cell-line	none	none	passed
ENCFF734EIB	ENCFF734EIB	ENCSR000EMU	ENCSR337VRS	ChromBPNet	selected regions for predicted signal and sequence contribution scores	bigBed	DNase-seq	none	H1	cell-line	cell-line	cell-line	none	none	passed
ENCFF739FSC	ENCFF739FSC	ENCSR809CEA	ENCSR043HVG	ChromBPNet	selected regions for predicted signal and sequence contribution scores	bigBed	DNase-seq	none	H4	cell-line	cell-line	cell-line	none	none	passed
ENCFF431QOC	ENCFF431QOC	ENCSR000EMZ	ENCSR989KYH	ChromBPNet	selected regions for predicted signal and sequence contribution scores	bigBed	DNase-seq	none	H7	cell-line	cell-line	cell-line	none	none	passed
ENCFF113HPM	ENCFF113HPM	ENCSR662RIZ	ENCSR493ORC	ChromBPNet	selected regions for predicted signal and sequence contribution scores	bigBed	DNase-seq	none	H9	cell-line	cell-line	cell-line	none	none	passed
ENCFF139VVV	ENCFF139VVV	ENCSR943SYS	ENCSR319BRN	ChromBPNet	selected regions for predicted signal and sequence contribution scores	bigBed	DNase-seq	none	H9	cell-line	cell-line	cell-line	none	none	passed
ENCFF145YEC	ENCFF145YEC	ENCSR754LIN	ENCSR071OAC	ChromBPNet	selected regions for predicted signal and sequence contribution scores	bigBed	DNase-seq	none	H9	cell-line	cell-line	cell-line	none	none	passed
ENCFF267YMQ	ENCFF267YMQ	ENCSR964WHY	ENCSR878NYN	ChromBPNet	selected regions for predicted signal and sequence contribution scores	bigBed	DNase-seq	none	H9	cell-line	cell-line	cell-line	none	none	passed
ENCFF294HTX	ENCFF294HTX	ENCSR275ICP	ENCSR048BTS	ChromBPNet	selected regions for predicted signal and sequence contribution scores	bigBed	DNase-seq	none	H9	cell-line	cell-line	cell-line	none	none	passed
ENCFF619BJU	ENCFF619BJU	ENCSR017OZH	ENCSR085BHC	ChromBPNet	selected regions for predicted signal and sequence contribution scores	bigBed	DNase-seq	none	H9	cell-line	cell-line	cell-line	none	none	passed
ENCFF855ORB	ENCFF855ORB	ENCSR620QNS	ENCSR189QVD	ChromBPNet	selected regions for predicted signal and sequence contribution scores	bigBed	DNase-seq	none	HAP-1	cell-line	cell-line	cell-line	none	none	passed
ENCFF945WTE	ENCFF945WTE	ENCSR895KTN	ENCSR516FBL	ChromBPNet	selected regions for predicted signal and sequence contribution scores	bigBed	DNase-seq	none	HAP-1	cell-line	cell-line	cell-line	none	none	passed
ENCFF375WVQ	ENCFF375WVQ	ENCSR038XTK	ENCSR297JWM	ChromBPNet	selected regions for predicted signal and sequence contribution scores	bigBed	DNase-seq	none	HCEC-1CT	cell-line	cell-line	cell-line	none	none	passed
ENCFF387FGD	ENCFF387FGD	ENCSR872WGW	ENCSR799MEK	ChromBPNet	selected regions for predicted signal and sequence contribution scores	bigBed	ATAC-seq	none	HCT116	cell-line	cell-line	cell-line	none	none	passed
ENCFF768MBC	ENCFF768MBC	ENCSR000ENM	ENCSR038BXQ	ChromBPNet	selected regions for predicted signal and sequence contribution scores	bigBed	DNase-seq	none	HCT116	cell-line	cell-line	cell-line	none	none	passed
ENCFF710YUH	ENCFF710YUH	ENCSR000ENR	ENCSR893IIV	ChromBPNet	selected regions for predicted signal and sequence contribution scores	bigBed	DNase-seq	none	HFF-Myc	cell-line	cell-line	cell-line	none	none	passed
ENCFF168HCV	ENCFF168HCV	ENCSR672EWY	ENCSR431UBV	ChromBPNet	selected regions for predicted signal and sequence contribution scores	bigBed	DNase-seq	none	HFFc6	cell-line	cell-line	cell-line	none	none	passed
ENCFF471OLR	ENCFF471OLR	ENCSR400ISH	ENCSR998AJO	ChromBPNet	selected regions for predicted signal and sequence contribution scores	bigBed	ATAC-seq	none	HG02571	cell-line	cell-line	cell-line	none	none	passed
ENCFF766JNM	ENCFF766JNM	ENCSR189VFC	ENCSR903YIU	ChromBPNet	selected regions for predicted signal and sequence contribution scores	bigBed	ATAC-seq	none	HG02588	cell-line	cell-line	cell-line	none	none	passed
ENCFF295ROL	ENCFF295ROL	ENCSR905PWV	ENCSR627LHW	ChromBPNet	selected regions for predicted signal and sequence contribution scores	bigBed	ATAC-seq	none	HG02610	cell-line	cell-line	cell-line	none	none	passed
ENCFF481BOQ	ENCFF481BOQ	ENCSR821JHD	ENCSR033SUK	ChromBPNet	selected regions for predicted signal and sequence contribution scores	bigBed	ATAC-seq	none	HG02623	cell-line	cell-line	cell-line	none	none	passed
ENCFF206ZOP	ENCFF206ZOP	ENCSR821QHC	ENCSR435SFV	ChromBPNet	selected regions for predicted signal and sequence contribution scores	bigBed	ATAC-seq	none	HG02642	cell-line	cell-line	cell-line	none	none	passed
ENCFF301VDQ	ENCFF301VDQ	ENCSR180HEL	ENCSR536GOE	ChromBPNet	selected regions for predicted signal and sequence contribution scores	bigBed	ATAC-seq	none	HG02678	cell-line	cell-line	cell-line	none	none	passed
ENCFF146BUI	ENCFF146BUI	ENCSR144ZXR	ENCSR266KYY	ChromBPNet	selected regions for predicted signal and sequence contribution scores	bigBed	ATAC-seq	none	HG02759	cell-line	cell-line	cell-line	none	none	passed
ENCFF561UCF	ENCFF561UCF	ENCSR404OEO	ENCSR092LQB	ChromBPNet	selected regions for predicted signal and sequence contribution scores	bigBed	ATAC-seq	none	HG02763	cell-line	cell-line	cell-line	none	none	passed
ENCFF098KYI	ENCFF098KYI	ENCSR524CPZ	ENCSR220HBM	ChromBPNet	selected regions for predicted signal and sequence contribution scores	bigBed	ATAC-seq	none	HG02798	cell-line	cell-line	cell-line	none	none	passed
ENCFF445ZDE	ENCFF445ZDE	ENCSR854ZBA	ENCSR916ARE	ChromBPNet	selected regions for predicted signal and sequence contribution scores	bigBed	ATAC-seq	none	HG02840	cell-line	cell-line	cell-line	none	none	passed
ENCFF672PTT	ENCFF672PTT	ENCSR368FYV	ENCSR551XEC	ChromBPNet	selected regions for predicted signal and sequence contribution scores	bigBed	ATAC-seq	none	HG02852	cell-line	cell-line	cell-line	none	none	passed
ENCFF414LAH	ENCFF414LAH	ENCSR420RVW	ENCSR385TLV	ChromBPNet	selected regions for predicted signal and sequence contribution scores	bigBed	ATAC-seq	none	HG02870	cell-line	cell-line	cell-line	none	none	passed
ENCFF688MUC	ENCFF688MUC	ENCSR604YEQ	ENCSR323AXJ	ChromBPNet	selected regions for predicted signal and sequence contribution scores	bigBed	ATAC-seq	none	HG02884	cell-line	cell-line	cell-line	none	none	passed
ENCFF865DCM	ENCFF865DCM	ENCSR621JYI	ENCSR266ITU	ChromBPNet	selected regions for predicted signal and sequence contribution scores	bigBed	ATAC-seq	none	HG02885	cell-line	cell-line	cell-line	none	none	passed
ENCFF805NNK	ENCFF805NNK	ENCSR920FQJ	ENCSR672WKH	ChromBPNet	selected regions for predicted signal and sequence contribution scores	bigBed	ATAC-seq	none	HG02938	cell-line	cell-line	cell-line	none	none	passed
ENCFF146KPN	ENCFF146KPN	ENCSR123WME	ENCSR427BPQ	ChromBPNet	selected regions for predicted signal and sequence contribution scores	bigBed	ATAC-seq	none	HG02943	cell-line	cell-line	cell-line	none	none	passed
ENCFF487ZJQ	ENCFF487ZJQ	ENCSR857MCZ	ENCSR275WXY	ChromBPNet	selected regions for predicted signal and sequence contribution scores	bigBed	ATAC-seq	none	HG02970	cell-line	cell-line	cell-line	none	none	passed
ENCFF647JJP	ENCFF647JJP	ENCSR038WVV	ENCSR667UVH	ChromBPNet	selected regions for predicted signal and sequence contribution scores	bigBed	ATAC-seq	none	HG02973	cell-line	cell-line	cell-line	none	none	passed
ENCFF006NJT	ENCFF006NJT	ENCSR208HAP	ENCSR301ZZA	ChromBPNet	selected regions for predicted signal and sequence contribution scores	bigBed	ATAC-seq	none	HG02981	cell-line	cell-line	cell-line	none	none	passed
ENCFF313OXD	ENCFF313OXD	ENCSR673ZMQ	ENCSR591YNV	ChromBPNet	selected regions for predicted signal and sequence contribution scores	bigBed	ATAC-seq	none	HG03025	cell-line	cell-line	cell-line	none	none	passed
ENCFF639IQF	ENCFF639IQF	ENCSR381LJX	ENCSR649BNO	ChromBPNet	selected regions for predicted signal and sequence contribution scores	bigBed	ATAC-seq	none	HG03039	cell-line	cell-line	cell-line	none	none	passed
ENCFF331EEJ	ENCFF331EEJ	ENCSR249FXU	ENCSR660MNT	ChromBPNet	selected regions for predicted signal and sequence contribution scores	bigBed	ATAC-seq	none	HG03045	cell-line	cell-line	cell-line	none	none	passed
ENCFF747BHY	ENCFF747BHY	ENCSR470ZNM	ENCSR150XDG	ChromBPNet	selected regions for predicted signal and sequence contribution scores	bigBed	ATAC-seq	none	HG03060	cell-line	cell-line	cell-line	none	none	passed
ENCFF628THH	ENCFF628THH	ENCSR487SOP	ENCSR459IBO	ChromBPNet	selected regions for predicted signal and sequence contribution scores	bigBed	ATAC-seq	none	HG03064	cell-line	cell-line	cell-line	none	none	passed
ENCFF025TSX	ENCFF025TSX	ENCSR040PBN	ENCSR166OAU	ChromBPNet	selected regions for predicted signal and sequence contribution scores	bigBed	ATAC-seq	none	HG03066	cell-line	cell-line	cell-line	none	none	passed
ENCFF328FRU	ENCFF328FRU	ENCSR359HFH	ENCSR553FAH	ChromBPNet	selected regions for predicted signal and sequence contribution scores	bigBed	ATAC-seq	none	HG03095	cell-line	cell-line	cell-line	none	none	passed
ENCFF055WBB	ENCFF055WBB	ENCSR608KJD	ENCSR371COC	ChromBPNet	selected regions for predicted signal and sequence contribution scores	bigBed	ATAC-seq	none	HG03097	cell-line	cell-line	cell-line	none	none	passed
ENCFF531NQI	ENCFF531NQI	ENCSR833ACP	ENCSR180LMS	ChromBPNet	selected regions for predicted signal and sequence contribution scores	bigBed	ATAC-seq	none	HG03103	cell-line	cell-line	cell-line	none	none	passed
ENCFF039ARX	ENCFF039ARX	ENCSR962ITF	ENCSR232YHY	ChromBPNet	selected regions for predicted signal and sequence contribution scores	bigBed	ATAC-seq	none	HG03108	cell-line	cell-line	cell-line	none	none	passed
ENCFF783WVK	ENCFF783WVK	ENCSR096VEO	ENCSR819NPJ	ChromBPNet	selected regions for predicted signal and sequence contribution scores	bigBed	ATAC-seq	none	HG03135	cell-line	cell-line	cell-line	none	none	passed
ENCFF499ANG	ENCFF499ANG	ENCSR615YIL	ENCSR887IVZ	ChromBPNet	selected regions for predicted signal and sequence contribution scores	bigBed	ATAC-seq	none	HG03139	cell-line	cell-line	cell-line	none	none	passed
ENCFF939TIT	ENCFF939TIT	ENCSR940YDN	ENCSR166TNL	ChromBPNet	selected regions for predicted signal and sequence contribution scores	bigBed	ATAC-seq	none	HG03159	cell-line	cell-line	cell-line	none	none	passed
ENCFF441JFC	ENCFF441JFC	ENCSR305XRF	ENCSR090OOJ	ChromBPNet	selected regions for predicted signal and sequence contribution scores	bigBed	ATAC-seq	none	HG03175	cell-line	cell-line	cell-line	none	none	passed
ENCFF707JAR	ENCFF707JAR	ENCSR063UNG	ENCSR357FCL	ChromBPNet	selected regions for predicted signal and sequence contribution scores	bigBed	ATAC-seq	none	HG03196	cell-line	cell-line	cell-line	none	none	passed
ENCFF468SFV	ENCFF468SFV	ENCSR554WGQ	ENCSR845EWD	ChromBPNet	selected regions for predicted signal and sequence contribution scores	bigBed	ATAC-seq	none	HG03280	cell-line	cell-line	cell-line	none	none	passed
ENCFF829PCO	ENCFF829PCO	ENCSR528YDD	ENCSR188AGI	ChromBPNet	selected regions for predicted signal and sequence contribution scores	bigBed	ATAC-seq	none	HG03342	cell-line	cell-line	cell-line	none	none	passed
ENCFF980VGG	ENCFF980VGG	ENCSR025MEO	ENCSR658PPY	ChromBPNet	selected regions for predicted signal and sequence contribution scores	bigBed	ATAC-seq	none	HG03354	cell-line	cell-line	cell-line	none	none	passed
ENCFF174NNQ	ENCFF174NNQ	ENCSR824DUE	ENCSR414LUN	ChromBPNet	selected regions for predicted signal and sequence contribution scores	bigBed	ATAC-seq	none	HG03378	cell-line	cell-line	cell-line	none	none	passed
ENCFF107VDU	ENCFF107VDU	ENCSR839UOB	ENCSR809YVS	ChromBPNet	selected regions for predicted signal and sequence contribution scores	bigBed	ATAC-seq	none	HG03432	cell-line	cell-line	cell-line	none	none	passed
ENCFF934HJI	ENCFF934HJI	ENCSR376YMU	ENCSR987LMB	ChromBPNet	selected regions for predicted signal and sequence contribution scores	bigBed	ATAC-seq	none	HG03439	cell-line	cell-line	cell-line	none	none	passed
ENCFF294GLP	ENCFF294GLP	ENCSR858GTE	ENCSR509OSN	ChromBPNet	selected regions for predicted signal and sequence contribution scores	bigBed	ATAC-seq	none	HG03442	cell-line	cell-line	cell-line	none	none	passed
ENCFF519FVI	ENCFF519FVI	ENCSR322SBN	ENCSR637NUL	ChromBPNet	selected regions for predicted signal and sequence contribution scores	bigBed	ATAC-seq	none	HG03457	cell-line	cell-line	cell-line	none	none	passed
ENCFF403FBZ	ENCFF403FBZ	ENCSR345NVR	ENCSR987QAP	ChromBPNet	selected regions for predicted signal and sequence contribution scores	bigBed	ATAC-seq	none	HG03460	cell-line	cell-line	cell-line	none	none	passed
ENCFF474HHZ	ENCFF474HHZ	ENCSR163KRG	ENCSR694IPL	ChromBPNet	selected regions for predicted signal and sequence contribution scores	bigBed	ATAC-seq	none	HG03469	cell-line	cell-line	cell-line	none	none	passed
ENCFF100ONB	ENCFF100ONB	ENCSR624CTU	ENCSR001QFX	ChromBPNet	selected regions for predicted signal and sequence contribution scores	bigBed	ATAC-seq	none	HG03520	cell-line	cell-line	cell-line	none	none	passed
ENCFF459BDT	ENCFF459BDT	ENCSR594TMY	ENCSR949GNF	ChromBPNet	selected regions for predicted signal and sequence contribution scores	bigBed	ATAC-seq	none	HG03521	cell-line	cell-line	cell-line	none	none	passed
ENCFF418FGK	ENCFF418FGK	ENCSR278JWM	ENCSR170RXX	ChromBPNet	selected regions for predicted signal and sequence contribution scores	bigBed	ATAC-seq	none	HG03558	cell-line	cell-line	cell-line	none	none	passed
ENCFF027MVE	ENCFF027MVE	ENCSR835WBW	ENCSR061TSC	ChromBPNet	selected regions for predicted signal and sequence contribution scores	bigBed	ATAC-seq	none	HG03565	cell-line	cell-line	cell-line	none	none	passed
ENCFF422PRD	ENCFF422PRD	ENCSR000RBT	ENCSR716EMN	ChromBPNet	selected regions for predicted signal and sequence contribution scores	bigBed	ATAC-seq	none	HG03571	cell-line	cell-line	cell-line	none	none	passed
ENCFF714IBX	ENCFF714IBX	ENCSR331JFZ	ENCSR519GLH	ChromBPNet	selected regions for predicted signal and sequence contribution scores	bigBed	ATAC-seq	none	HG03575	cell-line	cell-line	cell-line	none	none	passed
ENCFF259BNN	ENCFF259BNN	ENCSR634YVQ	ENCSR972KYQ	ChromBPNet	selected regions for predicted signal and sequence contribution scores	bigBed	DNase-seq	none	HK-2	cell-line	cell-line	cell-line	none	none	passed
ENCFF004OAY	ENCFF004OAY	ENCSR889WKL	ENCSR849AMW	ChromBPNet	selected regions for predicted signal and sequence contribution scores	bigBed	DNase-seq	none	HL-60	cell-line	cell-line	cell-line	none	none	passed
ENCFF959MYZ	ENCFF959MYZ	ENCSR000ENU	ENCSR662EPX	ChromBPNet	selected regions for predicted signal and sequence contribution scores	bigBed	DNase-seq	none	HL-60	cell-line	cell-line	cell-line	none	none	passed
ENCFF509ILX	ENCFF509ILX	ENCSR000EMF	ENCSR862EQC	ChromBPNet	selected regions for predicted signal and sequence contribution scores	bigBed	DNase-seq	none	HS-27A	cell-line	cell-line	cell-line	none	none	passed
ENCFF955ADW	ENCFF955ADW	ENCSR000EMG	ENCSR295UGZ	ChromBPNet	selected regions for predicted signal and sequence contribution scores	bigBed	DNase-seq	none	HS-5	cell-line	cell-line	cell-line	none	none	passed
ENCFF803OFQ	ENCFF803OFQ	ENCSR814KRX	ENCSR824NOI	ChromBPNet	selected regions for predicted signal and sequence contribution scores	bigBed	DNase-seq	none	HT-29	cell-line	cell-line	cell-line	none	none	passed
ENCFF916DVC	ENCFF916DVC	ENCSR000FDI	ENCSR700ULB	ChromBPNet	selected regions for predicted signal and sequence contribution scores	bigBed	DNase-seq	none	HT1080	cell-line	cell-line	cell-line	none	none	passed
ENCFF406JZF	ENCFF406JZF	ENCSR959ZXU	ENCSR098ONJ	ChromBPNet	selected regions for predicted signal and sequence contribution scores	bigBed	DNase-seq	none	HeLa-S3	cell-line	cell-line	cell-line	none	none	passed
ENCFF922NJT	ENCFF922NJT	ENCSR000ENO	ENCSR231LNG	ChromBPNet	selected regions for predicted signal and sequence contribution scores	bigBed	DNase-seq	none	HeLa-S3	cell-line	cell-line	cell-line	none	none	passed
ENCFF386DMR	ENCFF386DMR	ENCSR042AWH	ENCSR616TYK	ChromBPNet	selected regions for predicted signal and sequence contribution scores	bigBed	ATAC-seq	none	HepG2	cell-line	cell-line	cell-line	none	none	passed
ENCFF577CGL	ENCFF577CGL	ENCSR291GJU	ENCSR476FKK	ChromBPNet	selected regions for predicted signal and sequence contribution scores	bigBed	ATAC-seq	none	HepG2	cell-line	cell-line	cell-line	none	none	passed
ENCFF294DUD	ENCFF294DUD	ENCSR149XIL	ENCSR782TIO	ChromBPNet	selected regions for predicted signal and sequence contribution scores	bigBed	DNase-seq	none	HepG2	cell-line	cell-line	cell-line	none	none	passed
ENCFF100EXH	ENCFF100EXH	ENCSR200OML	ENCSR585BFP	ChromBPNet	selected regions for predicted signal and sequence contribution scores	bigBed	ATAC-seq	none	IMR-90	cell-line	cell-line	cell-line	none	none	passed
ENCFF032XDF	ENCFF032XDF	ENCSR477RTP	ENCSR458JPR	ChromBPNet	selected regions for predicted signal and sequence contribution scores	bigBed	DNase-seq	none	IMR-90	cell-line	cell-line	cell-line	none	none	passed
ENCFF460HYA	ENCFF460HYA	ENCSR000EOS	ENCSR460RDN	ChromBPNet	selected regions for predicted signal and sequence contribution scores	bigBed	DNase-seq	none	Jurkat,-Clone-E6-1	cell-line	cell-line	cell-line	none	none	passed
ENCFF481KRQ	ENCFF481KRQ	ENCSR483RKN	ENCSR780QKO	ChromBPNet	selected regions for predicted signal and sequence contribution scores	bigBed	ATAC-seq	none	K562	cell-line	cell-line	cell-line	none	none	passed
ENCFF647XUS	ENCFF647XUS	ENCSR956DNB	ENCSR939RXI	ChromBPNet	selected regions for predicted signal and sequence contribution scores	bigBed	ATAC-seq	none	K562	cell-line	cell-line	cell-line	none	none	passed
ENCFF683XZY	ENCFF683XZY	ENCSR859USB	ENCSR049OFB	ChromBPNet	selected regions for predicted signal and sequence contribution scores	bigBed	ATAC-seq	none	K562	cell-line	cell-line	cell-line	none	none	passed
ENCFF727XII	ENCFF727XII	ENCSR868FGK	ENCSR893SUD	ChromBPNet	selected regions for predicted signal and sequence contribution scores	bigBed	ATAC-seq	none	K562	cell-line	cell-line	cell-line	none	none	passed
ENCFF875HKP	ENCFF875HKP	ENCSR000EOT	ENCSR281PSW	ChromBPNet	selected regions for predicted signal and sequence contribution scores	bigBed	DNase-seq	none	K562	cell-line	cell-line	cell-line	none	none	passed
ENCFF388ZMK	ENCFF388ZMK	ENCSR426IEA	ENCSR933HJE	ChromBPNet	selected regions for predicted signal and sequence contribution scores	bigBed	DNase-seq	none	KBM-7	cell-line	cell-line	cell-line	none	none	passed
ENCFF385JUG	ENCFF385JUG	ENCSR019JDO	ENCSR625YHF	ChromBPNet	selected regions for predicted signal and sequence contribution scores	bigBed	DNase-seq	none	Karpas-422	cell-line	cell-line	cell-line	none	none	passed
ENCFF900KBJ	ENCFF900KBJ	ENCSR314EZY	ENCSR134TII	ChromBPNet	selected regions for predicted signal and sequence contribution scores	bigBed	DNase-seq	none	L1-S8	cell-line	cell-line	cell-line	none	none	passed
ENCFF658RPS	ENCFF658RPS	ENCSR746ZPP	ENCSR291GSN	ChromBPNet	selected regions for predicted signal and sequence contribution scores	bigBed	DNase-seq	none	L1-S8R	cell-line	cell-line	cell-line	none	none	passed
ENCFF129GUK	ENCFF129GUK	ENCSR000EPE	ENCSR606CFD	ChromBPNet	selected regions for predicted signal and sequence contribution scores	bigBed	DNase-seq	none	LHCN-M2	cell-line	cell-line	cell-line	none	none	passed
ENCFF890AVI	ENCFF890AVI	ENCSR503BEM	ENCSR389YJP	ChromBPNet	selected regions for predicted signal and sequence contribution scores	bigBed	DNase-seq	none	LoVo	cell-line	cell-line	cell-line	none	none	passed
ENCFF053SAL	ENCFF053SAL	ENCSR385SZQ	ENCSR655RGE	ChromBPNet	selected regions for predicted signal and sequence contribution scores	bigBed	DNase-seq	none	MCF-10A	cell-line	cell-line	cell-line	none	none	passed
ENCFF144ZDD	ENCFF144ZDD	ENCSR789VGQ	ENCSR658SZR	ChromBPNet	selected regions for predicted signal and sequence contribution scores	bigBed	DNase-seq	none	MCF-10A	cell-line	cell-line	cell-line	none	none	passed
ENCFF727PEK	ENCFF727PEK	ENCSR752EPH	ENCSR197CZL	ChromBPNet	selected regions for predicted signal and sequence contribution scores	bigBed	DNase-seq	none	MCF-10A	cell-line	cell-line	cell-line	none	none	passed
ENCFF590NNM	ENCFF590NNM	ENCSR422SUG	ENCSR881JYD	ChromBPNet	selected regions for predicted signal and sequence contribution scores	bigBed	ATAC-seq	none	MCF-7	cell-line	cell-line	cell-line	none	none	passed
ENCFF259QJA	ENCFF259QJA	ENCSR000EPH	ENCSR006EOX	ChromBPNet	selected regions for predicted signal and sequence contribution scores	bigBed	DNase-seq	none	MCF-7	cell-line	cell-line	cell-line	none	none	passed
ENCFF032YSB	ENCFF032YSB	ENCSR443YJP	ENCSR912CFD	ChromBPNet	selected regions for predicted signal and sequence contribution scores	bigBed	DNase-seq	none	MG63	cell-line	cell-line	cell-line	none	none	passed
ENCFF333YIY	ENCFF333YIY	ENCSR083STA	ENCSR054YZQ	ChromBPNet	selected regions for predicted signal and sequence contribution scores	bigBed	DNase-seq	none	MG63	cell-line	cell-line	cell-line	none	none	passed
ENCFF748BTQ	ENCFF748BTQ	ENCSR458LIB	ENCSR347CFU	ChromBPNet	selected regions for predicted signal and sequence contribution scores	bigBed	DNase-seq	none	MM.1S	cell-line	cell-line	cell-line	none	none	passed
ENCFF571BFB	ENCFF571BFB	ENCSR662HMO	ENCSR794LQK	ChromBPNet	selected regions for predicted signal and sequence contribution scores	bigBed	DNase-seq	none	NAMALWA	cell-line	cell-line	cell-line	none	none	passed
ENCFF089YYW	ENCFF089YYW	ENCSR000EPL	ENCSR451VFP	ChromBPNet	selected regions for predicted signal and sequence contribution scores	bigBed	DNase-seq	none	NB4	cell-line	cell-line	cell-line	none	none	passed
ENCFF504NZG	ENCFF504NZG	ENCSR265TEK	ENCSR104PLC	ChromBPNet	selected regions for predicted signal and sequence contribution scores	bigBed	DNase-seq	none	NCI-H226	cell-line	cell-line	cell-line	none	none	passed
ENCFF428UFA	ENCFF428UFA	ENCSR000FJH	ENCSR738EET	ChromBPNet	selected regions for predicted signal and sequence contribution scores	bigBed	DNase-seq	none	NCI-H460	cell-line	cell-line	cell-line	none	none	passed
ENCFF239KUF	ENCFF239KUF	ENCSR382LBS	ENCSR546DOB	ChromBPNet	selected regions for predicted signal and sequence contribution scores	bigBed	ATAC-seq	none	NCI-H929	cell-line	cell-line	cell-line	none	none	passed
ENCFF017XBS	ENCFF017XBS	ENCSR090SMP	ENCSR088BTM	ChromBPNet	selected regions for predicted signal and sequence contribution scores	bigBed	DNase-seq	none	NCI-H929	cell-line	cell-line	cell-line	none	none	passed
ENCFF638CSL	ENCFF638CSL	ENCSR000EPS	ENCSR054YHV	ChromBPNet	selected regions for predicted signal and sequence contribution scores	bigBed	DNase-seq	none	NT2/D1	cell-line	cell-line	cell-line	none	none	passed
ENCFF395ZXK	ENCFF395ZXK	ENCSR489NAM	ENCSR431YCA	ChromBPNet	selected regions for predicted signal and sequence contribution scores	bigBed	DNase-seq	none	OCI-LY7	cell-line	cell-line	cell-line	none	none	passed
ENCFF014JOZ	ENCFF014JOZ	ENCSR499ASS	ENCSR356JWZ	ChromBPNet	selected regions for predicted signal and sequence contribution scores	bigBed	ATAC-seq	none	PC-3	cell-line	cell-line	cell-line	none	none	passed
ENCFF887DMA	ENCFF887DMA	ENCSR052AWE	ENCSR930FRZ	ChromBPNet	selected regions for predicted signal and sequence contribution scores	bigBed	DNase-seq	none	PC-3	cell-line	cell-line	cell-line	none	none	passed
ENCFF366YWI	ENCFF366YWI	ENCSR940NLN	ENCSR425NGQ	ChromBPNet	selected regions for predicted signal and sequence contribution scores	bigBed	DNase-seq	none	PC-9	cell-line	cell-line	cell-line	none	none	passed
ENCFF043PHK	ENCFF043PHK	ENCSR591PIX	ENCSR910DII	ChromBPNet	selected regions for predicted signal and sequence contribution scores	bigBed	ATAC-seq	none	Panc1	cell-line	cell-line	cell-line	none	none	passed
ENCFF020QQI	ENCFF020QQI	ENCSR000EPT	ENCSR819AEB	ChromBPNet	selected regions for predicted signal and sequence contribution scores	bigBed	DNase-seq	none	Panc1	cell-line	cell-line	cell-line	none	none	passed
ENCFF267KFW	ENCFF267KFW	ENCSR017RQC	ENCSR646MBL	ChromBPNet	selected regions for predicted signal and sequence contribution scores	bigBed	ATAC-seq	none	Peyer's-patch	eye	eye	sensory-system	none	none	passed
ENCFF400PNF	ENCFF400PNF	ENCSR954AJK	ENCSR767EVI	ChromBPNet	selected regions for predicted signal and sequence contribution scores	bigBed	DNase-seq	none	Peyer's-patch	eye	eye	sensory-system	none	none	passed
ENCFF458KWJ	ENCFF458KWJ	ENCSR689DSM	ENCSR627YMG	ChromBPNet	selected regions for predicted signal and sequence contribution scores	bigBed	DNase-seq	none	Peyer's-patch	eye	eye	sensory-system	none	none	passed
ENCFF832IHK	ENCFF832IHK	ENCSR261RWJ	ENCSR978KFQ	ChromBPNet	selected regions for predicted signal and sequence contribution scores	bigBed	DNase-seq	none	Peyer's-patch	eye	eye	sensory-system	none	none	passed
ENCFF960NGA	ENCFF960NGA	ENCSR455GUW	ENCSR379ZWN	ChromBPNet	selected regions for predicted signal and sequence contribution scores	bigBed	DNase-seq	none	Peyer's-patch	eye	eye	sensory-system	none	none	passed
ENCFF725PRC	ENCFF725PRC	ENCSR337IRF	ENCSR844ZPF	ChromBPNet	selected regions for predicted signal and sequence contribution scores	bigBed	DNase-seq	none	RCC	cell-line	cell-line	cell-line	none	none	passed
ENCFF327DGW	ENCFF327DGW	ENCSR037PGI	ENCSR409AOK	ChromBPNet	selected regions for predicted signal and sequence contribution scores	bigBed	DNase-seq	none	RCC-7860	cell-line	cell-line	cell-line	none	none	passed
ENCFF264SRR	ENCFF264SRR	ENCSR429RHR	ENCSR316RNO	ChromBPNet	selected regions for predicted signal and sequence contribution scores	bigBed	DNase-seq	none	RKO	cell-line	cell-line	cell-line	none	none	passed
ENCFF131NPJ	ENCFF131NPJ	ENCSR000EPV	ENCSR700YXD	ChromBPNet	selected regions for predicted signal and sequence contribution scores	bigBed	DNase-seq	none	RPMI7951	cell-line	cell-line	cell-line	none	none	passed
ENCFF245XJM	ENCFF245XJM	ENCSR594NOE	ENCSR639ILE	ChromBPNet	selected regions for predicted signal and sequence contribution scores	bigBed	DNase-seq	none	RPMI8226	cell-line	cell-line	cell-line	none	none	passed
ENCFF790ZDZ	ENCFF790ZDZ	ENCSR080SNF	ENCSR781DEJ	ChromBPNet	selected regions for predicted signal and sequence contribution scores	bigBed	ATAC-seq	none	RWPE2	cell-line	cell-line	cell-line	none	none	passed
ENCFF834GIG	ENCFF834GIG	ENCSR306BHE	ENCSR828XVB	ChromBPNet	selected regions for predicted signal and sequence contribution scores	bigBed	DNase-seq	none	RWPE2	cell-line	cell-line	cell-line	none	none	passed
ENCFF302WNI	ENCFF302WNI	ENCSR855BMI	ENCSR597PKN	ChromBPNet	selected regions for predicted signal and sequence contribution scores	bigBed	ATAC-seq	none	Right-ventricle-myocardium-inferior	ventricle	heart	circulatory-system	none	none	passed
ENCFF188ZAB	ENCFF188ZAB	ENCSR085MZL	ENCSR142UYP	ChromBPNet	selected regions for predicted signal and sequence contribution scores	bigBed	DNase-seq	none	Right-ventricle-myocardium-inferior	ventricle	heart	circulatory-system	none	none	passed
ENCFF633XQK	ENCFF633XQK	ENCSR074WMH	ENCSR272XKK	ChromBPNet	selected regions for predicted signal and sequence contribution scores	bigBed	ATAC-seq	none	Right-ventricle-myocardium-superior	ventricle	heart	circulatory-system	none	none	passed
ENCFF381WHH	ENCFF381WHH	ENCSR895GSY	ENCSR778ZGF	ChromBPNet	selected regions for predicted signal and sequence contribution scores	bigBed	DNase-seq	none	Right-ventricle-myocardium-superior	ventricle	heart	circulatory-system	none	none	passed
ENCFF542SIX	ENCFF542SIX	ENCSR000FFJ	ENCSR504BSY	ChromBPNet	selected regions for predicted signal and sequence contribution scores	bigBed	DNase-seq	none	SJCRH30	cell-line	cell-line	cell-line	none	none	passed
ENCFF464AYG	ENCFF464AYG	ENCSR520WTV	ENCSR832RLE	ChromBPNet	selected regions for predicted signal and sequence contribution scores	bigBed	DNase-seq	none	SJSA1	cell-line	cell-line	cell-line	none	none	passed
ENCFF522ONR	ENCFF522ONR	ENCSR620WAR	ENCSR779JEB	ChromBPNet	selected regions for predicted signal and sequence contribution scores	bigBed	DNase-seq	none	SJSA1	cell-line	cell-line	cell-line	none	none	passed
ENCFF418XSJ	ENCFF418XSJ	ENCSR000FEK	ENCSR086YUE	ChromBPNet	selected regions for predicted signal and sequence contribution scores	bigBed	DNase-seq	none	SK-MEL-5	cell-line	cell-line	cell-line	none	none	passed
ENCFF419GPF	ENCFF419GPF	ENCSR946MVP	ENCSR822RPX	ChromBPNet	selected regions for predicted signal and sequence contribution scores	bigBed	DNase-seq	none	SK-N-DZ	cell-line	cell-line	cell-line	none	none	passed
ENCFF657SCM	ENCFF657SCM	ENCSR000EPY	ENCSR737BDV	ChromBPNet	selected regions for predicted signal and sequence contribution scores	bigBed	DNase-seq	none	SK-N-MC	cell-line	cell-line	cell-line	none	none	passed
ENCFF173SQS	ENCFF173SQS	ENCSR587TRP	ENCSR733OLQ	ChromBPNet	selected regions for predicted signal and sequence contribution scores	bigBed	ATAC-seq	none	SK-N-SH	cell-line	cell-line	cell-line	none	none	passed
ENCFF566OFM	ENCFF566OFM	ENCSR217SET	ENCSR684CFS	ChromBPNet	selected regions for predicted signal and sequence contribution scores	bigBed	DNase-seq	none	SW480	cell-line	cell-line	cell-line	none	none	passed
ENCFF005AVA	ENCFF005AVA	ENCSR934AWQ	ENCSR628AUQ	ChromBPNet	selected regions for predicted signal and sequence contribution scores	bigBed	ATAC-seq	none	T-cell	t-cell	immune	immune-system	none	none	passed
ENCFF128CCP	ENCFF128CCP	ENCSR102RXG	ENCSR752EUR	ChromBPNet	selected regions for predicted signal and sequence contribution scores	bigBed	ATAC-seq	none	T-cell	t-cell	immune	immune-system	none	none	passed
ENCFF184TAL	ENCFF184TAL	ENCSR258RSH	ENCSR726OHR	ChromBPNet	selected regions for predicted signal and sequence contribution scores	bigBed	ATAC-seq	none	T-cell	t-cell	immune	immune-system	none	none	passed
ENCFF580OKJ	ENCFF580OKJ	ENCSR032MEH	ENCSR429ZUZ	ChromBPNet	selected regions for predicted signal and sequence contribution scores	bigBed	ATAC-seq	none	T-cell	t-cell	immune	immune-system	none	none	passed
ENCFF680LOL	ENCFF680LOL	ENCSR299LSN	ENCSR429GFB	ChromBPNet	selected regions for predicted signal and sequence contribution scores	bigBed	ATAC-seq	none	T-cell	t-cell	immune	immune-system	none	none	passed
ENCFF838DVV	ENCFF838DVV	ENCSR977LVI	ENCSR289OHF	ChromBPNet	selected regions for predicted signal and sequence contribution scores	bigBed	ATAC-seq	none	T-cell	t-cell	immune	immune-system	none	none	passed
ENCFF036WAK	ENCFF036WAK	ENCSR627QIA	ENCSR144UFY	ChromBPNet	selected regions for predicted signal and sequence contribution scores	bigBed	DNase-seq	none	T-cell	t-cell	immune	immune-system	none	none	passed
ENCFF048UXJ	ENCFF048UXJ	ENCSR366YTD	ENCSR618VNH	ChromBPNet	selected regions for predicted signal and sequence contribution scores	bigBed	DNase-seq	none	T-cell	t-cell	immune	immune-system	none	none	passed
ENCFF071PLI	ENCFF071PLI	ENCSR040DGJ	ENCSR164ICL	ChromBPNet	selected regions for predicted signal and sequence contribution scores	bigBed	DNase-seq	none	T-cell	t-cell	immune	immune-system	none	none	passed
ENCFF072EGY	ENCFF072EGY	ENCSR863LZT	ENCSR794QQS	ChromBPNet	selected regions for predicted signal and sequence contribution scores	bigBed	DNase-seq	none	T-cell	t-cell	immune	immune-system	none	none	passed
ENCFF089KKK	ENCFF089KKK	ENCSR926SNI	ENCSR653ROL	ChromBPNet	selected regions for predicted signal and sequence contribution scores	bigBed	DNase-seq	none	T-cell	t-cell	immune	immune-system	none	none	passed
ENCFF094FNE	ENCFF094FNE	ENCSR496UER	ENCSR064YIE	ChromBPNet	selected regions for predicted signal and sequence contribution scores	bigBed	DNase-seq	none	T-cell	t-cell	immune	immune-system	none	none	passed
ENCFF110JFZ	ENCFF110JFZ	ENCSR597URK	ENCSR962EIH	ChromBPNet	selected regions for predicted signal and sequence contribution scores	bigBed	DNase-seq	none	T-cell	t-cell	immune	immune-system	none	none	passed
ENCFF121POQ	ENCFF121POQ	ENCSR299BQG	ENCSR870KZC	ChromBPNet	selected regions for predicted signal and sequence contribution scores	bigBed	DNase-seq	none	T-cell	t-cell	immune	immune-system	none	none	passed
ENCFF142OTG	ENCFF142OTG	ENCSR635URJ	ENCSR361VKP	ChromBPNet	selected regions for predicted signal and sequence contribution scores	bigBed	DNase-seq	none	T-cell	t-cell	immune	immune-system	none	none	passed
ENCFF143EUM	ENCFF143EUM	ENCSR025EYJ	ENCSR716TYV	ChromBPNet	selected regions for predicted signal and sequence contribution scores	bigBed	DNase-seq	none	T-cell	t-cell	immune	immune-system	none	none	passed
ENCFF154HCM	ENCFF154HCM	ENCSR385XHV	ENCSR335WRL	ChromBPNet	selected regions for predicted signal and sequence contribution scores	bigBed	DNase-seq	none	T-cell	t-cell	immune	immune-system	none	none	passed
ENCFF161QQB	ENCFF161QQB	ENCSR457RVC	ENCSR210DXU	ChromBPNet	selected regions for predicted signal and sequence contribution scores	bigBed	DNase-seq	none	T-cell	t-cell	immune	immune-system	none	none	passed
ENCFF188FGM	ENCFF188FGM	ENCSR111LTT	ENCSR025EMG	ChromBPNet	selected regions for predicted signal and sequence contribution scores	bigBed	DNase-seq	none	T-cell	t-cell	immune	immune-system	none	none	passed
ENCFF246BJA	ENCFF246BJA	ENCSR497NLU	ENCSR964WTY	ChromBPNet	selected regions for predicted signal and sequence contribution scores	bigBed	DNase-seq	none	T-cell	t-cell	immune	immune-system	none	none	passed
ENCFF264SVI	ENCFF264SVI	ENCSR473LSX	ENCSR092BCK	ChromBPNet	selected regions for predicted signal and sequence contribution scores	bigBed	DNase-seq	none	T-cell	t-cell	immune	immune-system	none	none	passed
ENCFF267FPT	ENCFF267FPT	ENCSR561ZLY	ENCSR643LQA	ChromBPNet	selected regions for predicted signal and sequence contribution scores	bigBed	DNase-seq	none	T-cell	t-cell	immune	immune-system	none	none	passed
ENCFF282UBC	ENCFF282UBC	ENCSR540VTN	ENCSR309XZW	ChromBPNet	selected regions for predicted signal and sequence contribution scores	bigBed	DNase-seq	none	T-cell	t-cell	immune	immune-system	none	none	passed
ENCFF322IRV	ENCFF322IRV	ENCSR552TPH	ENCSR153FUR	ChromBPNet	selected regions for predicted signal and sequence contribution scores	bigBed	DNase-seq	none	T-cell	t-cell	immune	immune-system	none	none	passed
ENCFF366GWI	ENCFF366GWI	ENCSR784RMA	ENCSR152AFM	ChromBPNet	selected regions for predicted signal and sequence contribution scores	bigBed	DNase-seq	none	T-cell	t-cell	immune	immune-system	none	none	passed
ENCFF369ANN	ENCFF369ANN	ENCSR419OAR	ENCSR187FBN	ChromBPNet	selected regions for predicted signal and sequence contribution scores	bigBed	DNase-seq	none	T-cell	t-cell	immune	immune-system	none	none	passed
ENCFF373GQG	ENCFF373GQG	ENCSR815DWW	ENCSR556NMJ	ChromBPNet	selected regions for predicted signal and sequence contribution scores	bigBed	DNase-seq	none	T-cell	t-cell	immune	immune-system	none	none	passed
ENCFF381QUP	ENCFF381QUP	ENCSR213WNV	ENCSR838QAY	ChromBPNet	selected regions for predicted signal and sequence contribution scores	bigBed	DNase-seq	none	T-cell	t-cell	immune	immune-system	none	none	passed
ENCFF389KAK	ENCFF389KAK	ENCSR218FJD	ENCSR190HNX	ChromBPNet	selected regions for predicted signal and sequence contribution scores	bigBed	DNase-seq	none	T-cell	t-cell	immune	immune-system	none	none	passed
ENCFF391GIX	ENCFF391GIX	ENCSR290NGL	ENCSR298UAA	ChromBPNet	selected regions for predicted signal and sequence contribution scores	bigBed	DNase-seq	none	T-cell	t-cell	immune	immune-system	none	none	passed
ENCFF446RUQ	ENCFF446RUQ	ENCSR630XDN	ENCSR188NOD	ChromBPNet	selected regions for predicted signal and sequence contribution scores	bigBed	DNase-seq	none	T-cell	t-cell	immune	immune-system	none	none	passed
ENCFF451NYQ	ENCFF451NYQ	ENCSR581RSO	ENCSR471LVE	ChromBPNet	selected regions for predicted signal and sequence contribution scores	bigBed	DNase-seq	none	T-cell	t-cell	immune	immune-system	none	none	passed
ENCFF468RJR	ENCFF468RJR	ENCSR305WLF	ENCSR171OHS	ChromBPNet	selected regions for predicted signal and sequence contribution scores	bigBed	DNase-seq	none	T-cell	t-cell	immune	immune-system	none	none	passed
ENCFF493PHP	ENCFF493PHP	ENCSR251INE	ENCSR358NNZ	ChromBPNet	selected regions for predicted signal and sequence contribution scores	bigBed	DNase-seq	none	T-cell	t-cell	immune	immune-system	none	none	passed
ENCFF510VNW	ENCFF510VNW	ENCSR837ZSS	ENCSR969SZL	ChromBPNet	selected regions for predicted signal and sequence contribution scores	bigBed	DNase-seq	none	T-cell	t-cell	immune	immune-system	none	none	passed
ENCFF515LRE	ENCFF515LRE	ENCSR965JHW	ENCSR748RMU	ChromBPNet	selected regions for predicted signal and sequence contribution scores	bigBed	DNase-seq	none	T-cell	t-cell	immune	immune-system	none	none	passed
ENCFF523FIP	ENCFF523FIP	ENCSR198UKY	ENCSR221HAB	ChromBPNet	selected regions for predicted signal and sequence contribution scores	bigBed	DNase-seq	none	T-cell	t-cell	immune	immune-system	none	none	passed
ENCFF539CZS	ENCFF539CZS	ENCSR788SKJ	ENCSR757BQE	ChromBPNet	selected regions for predicted signal and sequence contribution scores	bigBed	DNase-seq	none	T-cell	t-cell	immune	immune-system	none	none	passed
ENCFF551EWY	ENCFF551EWY	ENCSR420HOT	ENCSR387VOB	ChromBPNet	selected regions for predicted signal and sequence contribution scores	bigBed	DNase-seq	none	T-cell	t-cell	immune	immune-system	none	none	passed
ENCFF565VPQ	ENCFF565VPQ	ENCSR541PUY	ENCSR099KJG	ChromBPNet	selected regions for predicted signal and sequence contribution scores	bigBed	DNase-seq	none	T-cell	t-cell	immune	immune-system	none	none	passed
ENCFF566LFZ	ENCFF566LFZ	ENCSR186NTL	ENCSR801GOY	ChromBPNet	selected regions for predicted signal and sequence contribution scores	bigBed	DNase-seq	none	T-cell	t-cell	immune	immune-system	none	none	passed
ENCFF576KEH	ENCFF576KEH	ENCSR217PZP	ENCSR232CBY	ChromBPNet	selected regions for predicted signal and sequence contribution scores	bigBed	DNase-seq	none	T-cell	t-cell	immune	immune-system	none	none	passed
ENCFF587ZKL	ENCFF587ZKL	ENCSR628IRM	ENCSR147PTU	ChromBPNet	selected regions for predicted signal and sequence contribution scores	bigBed	DNase-seq	none	T-cell	t-cell	immune	immune-system	none	none	passed
ENCFF613KXN	ENCFF613KXN	ENCSR878ITC	ENCSR249YMW	ChromBPNet	selected regions for predicted signal and sequence contribution scores	bigBed	DNase-seq	none	T-cell	t-cell	immune	immune-system	none	none	passed
ENCFF628XFH	ENCFF628XFH	ENCSR627UDJ	ENCSR806CDG	ChromBPNet	selected regions for predicted signal and sequence contribution scores	bigBed	DNase-seq	none	T-cell	t-cell	immune	immune-system	none	none	passed
ENCFF659XCR	ENCFF659XCR	ENCSR507XBY	ENCSR137QZB	ChromBPNet	selected regions for predicted signal and sequence contribution scores	bigBed	DNase-seq	none	T-cell	t-cell	immune	immune-system	none	none	passed
ENCFF671QCG	ENCFF671QCG	ENCSR051CYH	ENCSR446UCG	ChromBPNet	selected regions for predicted signal and sequence contribution scores	bigBed	DNase-seq	none	T-cell	t-cell	immune	immune-system	none	none	passed
ENCFF711YYM	ENCFF711YYM	ENCSR283MZJ	ENCSR428RDY	ChromBPNet	selected regions for predicted signal and sequence contribution scores	bigBed	DNase-seq	none	T-cell	t-cell	immune	immune-system	none	none	passed
ENCFF743KRN	ENCFF743KRN	ENCSR041PCL	ENCSR338IJV	ChromBPNet	selected regions for predicted signal and sequence contribution scores	bigBed	DNase-seq	none	T-cell	t-cell	immune	immune-system	none	none	passed
ENCFF806DRZ	ENCFF806DRZ	ENCSR342OGI	ENCSR971QTW	ChromBPNet	selected regions for predicted signal and sequence contribution scores	bigBed	DNase-seq	none	T-cell	t-cell	immune	immune-system	none	none	passed
ENCFF831GYF	ENCFF831GYF	ENCSR310ZGQ	ENCSR917EWE	ChromBPNet	selected regions for predicted signal and sequence contribution scores	bigBed	DNase-seq	none	T-cell	t-cell	immune	immune-system	none	none	passed
ENCFF844CEW	ENCFF844CEW	ENCSR270JQK	ENCSR065RIH	ChromBPNet	selected regions for predicted signal and sequence contribution scores	bigBed	DNase-seq	none	T-cell	t-cell	immune	immune-system	none	none	passed
ENCFF853QUI	ENCFF853QUI	ENCSR467MSP	ENCSR507ABN	ChromBPNet	selected regions for predicted signal and sequence contribution scores	bigBed	DNase-seq	none	T-cell	t-cell	immune	immune-system	none	none	passed
ENCFF856OJI	ENCFF856OJI	ENCSR140KPO	ENCSR428ISQ	ChromBPNet	selected regions for predicted signal and sequence contribution scores	bigBed	DNase-seq	none	T-cell	t-cell	immune	immune-system	none	none	passed
ENCFF893AWV	ENCFF893AWV	ENCSR410IYF	ENCSR308BEP	ChromBPNet	selected regions for predicted signal and sequence contribution scores	bigBed	DNase-seq	none	T-cell	t-cell	immune	immune-system	none	none	passed
ENCFF896QGF	ENCFF896QGF	ENCSR785RIM	ENCSR941BIE	ChromBPNet	selected regions for predicted signal and sequence contribution scores	bigBed	DNase-seq	none	T-cell	t-cell	immune	immune-system	none	none	passed
ENCFF901ZUZ	ENCFF901ZUZ	ENCSR803JVQ	ENCSR321CRM	ChromBPNet	selected regions for predicted signal and sequence contribution scores	bigBed	DNase-seq	none	T-cell	t-cell	immune	immune-system	none	none	passed
ENCFF913DIF	ENCFF913DIF	ENCSR934IKS	ENCSR695TIK	ChromBPNet	selected regions for predicted signal and sequence contribution scores	bigBed	DNase-seq	none	T-cell	t-cell	immune	immune-system	none	none	passed
ENCFF936VEW	ENCFF936VEW	ENCSR442GKD	ENCSR046WWS	ChromBPNet	selected regions for predicted signal and sequence contribution scores	bigBed	DNase-seq	none	T-cell	t-cell	immune	immune-system	none	none	passed
ENCFF959QEC	ENCFF959QEC	ENCSR715TMH	ENCSR448PBW	ChromBPNet	selected regions for predicted signal and sequence contribution scores	bigBed	DNase-seq	none	T-cell	t-cell	immune	immune-system	none	none	passed
ENCFF962IGV	ENCFF962IGV	ENCSR396ZIN	ENCSR151PKI	ChromBPNet	selected regions for predicted signal and sequence contribution scores	bigBed	DNase-seq	none	T-cell	t-cell	immune	immune-system	none	none	passed
ENCFF970FVW	ENCFF970FVW	ENCSR354SDH	ENCSR440BZZ	ChromBPNet	selected regions for predicted signal and sequence contribution scores	bigBed	DNase-seq	none	T-cell	t-cell	immune	immune-system	none	none	passed
ENCFF972LRU	ENCFF972LRU	ENCSR389IHS	ENCSR240EVS	ChromBPNet	selected regions for predicted signal and sequence contribution scores	bigBed	DNase-seq	none	T-cell	t-cell	immune	immune-system	none	none	passed
ENCFF157UXV	ENCFF157UXV	ENCSR384GGJ	ENCSR653VWJ	ChromBPNet	selected regions for predicted signal and sequence contribution scores	bigBed	DNase-seq	none	T-helper-1-cell	t-helper	immune	immune-system	none	none	passed
ENCFF447NTZ	ENCFF447NTZ	ENCSR000EQD	ENCSR207XFF	ChromBPNet	selected regions for predicted signal and sequence contribution scores	bigBed	DNase-seq	none	T-helper-1-cell	t-helper	immune	immune-system	none	none	passed
ENCFF482SYQ	ENCFF482SYQ	ENCSR035SZE	ENCSR908PMT	ChromBPNet	selected regions for predicted signal and sequence contribution scores	bigBed	DNase-seq	none	T-helper-1-cell	t-helper	immune	immune-system	none	none	passed
ENCFF563UCC	ENCFF563UCC	ENCSR058ELM	ENCSR914TFI	ChromBPNet	selected regions for predicted signal and sequence contribution scores	bigBed	DNase-seq	none	T-helper-1-cell	t-helper	immune	immune-system	none	none	passed
ENCFF626ILQ	ENCFF626ILQ	ENCSR260UJJ	ENCSR752DQB	ChromBPNet	selected regions for predicted signal and sequence contribution scores	bigBed	DNase-seq	none	T-helper-1-cell	t-helper	immune	immune-system	none	none	passed
ENCFF791QSK	ENCFF791QSK	ENCSR000EQE	ENCSR909XUO	ChromBPNet	selected regions for predicted signal and sequence contribution scores	bigBed	DNase-seq	none	T-helper-1-cell	t-helper	immune	immune-system	none	none	passed
ENCFF991DHZ	ENCFF991DHZ	ENCSR453RFW	ENCSR739ULY	ChromBPNet	selected regions for predicted signal and sequence contribution scores	bigBed	DNase-seq	none	T-helper-1-cell	t-helper	immune	immune-system	none	none	passed
ENCFF385PCS	ENCFF385PCS	ENCSR611BQR	ENCSR647OGN	ChromBPNet	selected regions for predicted signal and sequence contribution scores	bigBed	ATAC-seq	none	T-helper-17-cell	t-helper	immune	immune-system	none	none	passed
ENCFF618KHU	ENCFF618KHU	ENCSR248ZAC	ENCSR710TZU	ChromBPNet	selected regions for predicted signal and sequence contribution scores	bigBed	ATAC-seq	none	T-helper-17-cell	t-helper	immune	immune-system	none	none	passed
ENCFF810AZJ	ENCFF810AZJ	ENCSR803FKU	ENCSR251ZLN	ChromBPNet	selected regions for predicted signal and sequence contribution scores	bigBed	ATAC-seq	none	T-helper-17-cell	t-helper	immune	immune-system	none	none	passed
ENCFF249HNT	ENCFF249HNT	ENCSR623PVB	ENCSR625NZK	ChromBPNet	selected regions for predicted signal and sequence contribution scores	bigBed	DNase-seq	none	T-helper-17-cell	t-helper	immune	immune-system	none	none	passed
ENCFF253MQF	ENCFF253MQF	ENCSR537TXP	ENCSR700DMS	ChromBPNet	selected regions for predicted signal and sequence contribution scores	bigBed	DNase-seq	none	T-helper-17-cell	t-helper	immune	immune-system	none	none	passed
ENCFF763GDP	ENCFF763GDP	ENCSR709YRE	ENCSR347TOO	ChromBPNet	selected regions for predicted signal and sequence contribution scores	bigBed	DNase-seq	none	T-helper-17-cell	t-helper	immune	immune-system	none	none	passed
ENCFF799GLK	ENCFF799GLK	ENCSR000EQF	ENCSR255EPH	ChromBPNet	selected regions for predicted signal and sequence contribution scores	bigBed	DNase-seq	none	T-helper-17-cell	t-helper	immune	immune-system	none	none	passed
ENCFF980AQW	ENCFF980AQW	ENCSR747RGR	ENCSR574LGV	ChromBPNet	selected regions for predicted signal and sequence contribution scores	bigBed	DNase-seq	none	T-helper-17-cell	t-helper	immune	immune-system	none	none	passed
ENCFF988UGY	ENCFF988UGY	ENCSR731KDL	ENCSR526ELA	ChromBPNet	selected regions for predicted signal and sequence contribution scores	bigBed	DNase-seq	none	T-helper-17-cell	t-helper	immune	immune-system	none	none	passed
ENCFF037DZN	ENCFF037DZN	ENCSR872IXQ	ENCSR775SOJ	ChromBPNet	selected regions for predicted signal and sequence contribution scores	bigBed	DNase-seq	none	T-helper-2-cell	t-helper	immune	immune-system	none	none	passed
ENCFF174ZTM	ENCFF174ZTM	ENCSR197ZNW	ENCSR971VHE	ChromBPNet	selected regions for predicted signal and sequence contribution scores	bigBed	DNase-seq	none	T-helper-2-cell	t-helper	immune	immune-system	none	none	passed
ENCFF401MRU	ENCFF401MRU	ENCSR000EQI	ENCSR745WFF	ChromBPNet	selected regions for predicted signal and sequence contribution scores	bigBed	DNase-seq	none	T-helper-2-cell	t-helper	immune	immune-system	none	none	passed
ENCFF559EJE	ENCFF559EJE	ENCSR000EQH	ENCSR486TDW	ChromBPNet	selected regions for predicted signal and sequence contribution scores	bigBed	DNase-seq	none	T-helper-2-cell	t-helper	immune	immune-system	none	none	passed
ENCFF601SCB	ENCFF601SCB	ENCSR943KMD	ENCSR126JGP	ChromBPNet	selected regions for predicted signal and sequence contribution scores	bigBed	DNase-seq	none	T-helper-2-cell	t-helper	immune	immune-system	none	none	passed
ENCFF670OQF	ENCFF670OQF	ENCSR223XND	ENCSR980WLK	ChromBPNet	selected regions for predicted signal and sequence contribution scores	bigBed	DNase-seq	none	T-helper-2-cell	t-helper	immune	immune-system	none	none	passed
ENCFF904ENI	ENCFF904ENI	ENCSR869JYO	ENCSR134SAX	ChromBPNet	selected regions for predicted signal and sequence contribution scores	bigBed	DNase-seq	none	T-helper-2-cell	t-helper	immune	immune-system	none	none	passed
ENCFF989CZP	ENCFF989CZP	ENCSR000EQB	ENCSR233KPU	ChromBPNet	selected regions for predicted signal and sequence contribution scores	bigBed	DNase-seq	none	T47D	cell-line	cell-line	cell-line	none	none	passed
ENCFF528WMO	ENCFF528WMO	ENCSR218FSP	ENCSR993TVH	ChromBPNet	selected regions for predicted signal and sequence contribution scores	bigBed	DNase-seq	none	WERI-Rb-1	cell-line	cell-line	cell-line	none	none	passed
ENCFF713FTY	ENCFF713FTY	ENCSR000EQL	ENCSR466RMK	ChromBPNet	selected regions for predicted signal and sequence contribution scores	bigBed	DNase-seq	none	WERI-Rb-1	cell-line	cell-line	cell-line	none	none	passed
ENCFF295IRB	ENCFF295IRB	ENCSR000EQM	ENCSR456VRU	ChromBPNet	selected regions for predicted signal and sequence contribution scores	bigBed	DNase-seq	none	WI38	cell-line	cell-line	cell-line	none	none	passed
ENCFF946OTR	ENCFF946OTR	ENCSR000EQN	ENCSR972HRO	ChromBPNet	selected regions for predicted signal and sequence contribution scores	bigBed	DNase-seq	none	WI38	cell-line	cell-line	cell-line	none	none	passed
ENCFF193LCK	ENCFF193LCK	ENCSR541KFY	ENCSR631EWP	ChromBPNet	selected regions for predicted signal and sequence contribution scores	bigBed	ATAC-seq	none	WTC11	cell-line	cell-line	cell-line	none	none	passed
ENCFF424KZX	ENCFF424KZX	ENCSR785ZUI	ENCSR751ECR	ChromBPNet	selected regions for predicted signal and sequence contribution scores	bigBed	DNase-seq	none	WTC11	cell-line	cell-line	cell-line	none	none	passed
ENCFF798WCR	ENCFF798WCR	ENCSR659SFK	ENCSR927SNZ	ChromBPNet	selected regions for predicted signal and sequence contribution scores	bigBed	ATAC-seq	none	activated-B-cell	b-cell	immune	immune-system	none	none	passed
ENCFF340EXH	ENCFF340EXH	ENCSR109DTU	ENCSR215IBY	ChromBPNet	selected regions for predicted signal and sequence contribution scores	bigBed	DNase-seq	none	activated-B-cell	b-cell	immune	immune-system	none	none	passed
ENCFF109YUM	ENCFF109YUM	ENCSR261PWP	ENCSR866REJ	ChromBPNet	selected regions for predicted signal and sequence contribution scores	bigBed	ATAC-seq	none	activated-CD4-positive,-CD25-positive,-alpha-beta-regulatory-T-cell	t-cell	immune	immune-system	none	none	passed
ENCFF902XZW	ENCFF902XZW	ENCSR094QFZ	ENCSR294ULE	ChromBPNet	selected regions for predicted signal and sequence contribution scores	bigBed	ATAC-seq	none	activated-CD4-positive,-CD25-positive,-alpha-beta-regulatory-T-cell	t-cell	immune	immune-system	none	none	passed
ENCFF223DEJ	ENCFF223DEJ	ENCSR133OSO	ENCSR382VVU	ChromBPNet	selected regions for predicted signal and sequence contribution scores	bigBed	DNase-seq	none	activated-CD4-positive,-CD25-positive,-alpha-beta-regulatory-T-cell	t-cell	immune	immune-system	none	none	passed
ENCFF883ECX	ENCFF883ECX	ENCSR242CLA	ENCSR151JCL	ChromBPNet	selected regions for predicted signal and sequence contribution scores	bigBed	DNase-seq	none	activated-CD4-positive,-CD25-positive,-alpha-beta-regulatory-T-cell	t-cell	immune	immune-system	none	none	passed
ENCFF764HPV	ENCFF764HPV	ENCSR991PBP	ENCSR559OBX	ChromBPNet	selected regions for predicted signal and sequence contribution scores	bigBed	ATAC-seq	none	activated-CD4-positive,-alpha-beta-T-cell	t-cell	immune	immune-system	none	none	passed
ENCFF014AEE	ENCFF014AEE	ENCSR273USD	ENCSR753CMU	ChromBPNet	selected regions for predicted signal and sequence contribution scores	bigBed	DNase-seq	none	activated-CD4-positive,-alpha-beta-T-cell	t-cell	immune	immune-system	none	none	passed
ENCFF045GQL	ENCFF045GQL	ENCSR799MVH	ENCSR342SVJ	ChromBPNet	selected regions for predicted signal and sequence contribution scores	bigBed	DNase-seq	none	activated-CD4-positive,-alpha-beta-T-cell	t-cell	immune	immune-system	none	none	passed
ENCFF103VSA	ENCFF103VSA	ENCSR144NXI	ENCSR820GUH	ChromBPNet	selected regions for predicted signal and sequence contribution scores	bigBed	DNase-seq	none	activated-CD4-positive,-alpha-beta-T-cell	t-cell	immune	immune-system	none	none	passed
ENCFF155NOP	ENCFF155NOP	ENCSR139PLJ	ENCSR224FSJ	ChromBPNet	selected regions for predicted signal and sequence contribution scores	bigBed	DNase-seq	none	activated-CD4-positive,-alpha-beta-T-cell	t-cell	immune	immune-system	none	none	passed
ENCFF194GDD	ENCFF194GDD	ENCSR124PXN	ENCSR763BIV	ChromBPNet	selected regions for predicted signal and sequence contribution scores	bigBed	DNase-seq	none	activated-CD4-positive,-alpha-beta-T-cell	t-cell	immune	immune-system	none	none	passed
ENCFF205OJA	ENCFF205OJA	ENCSR436JRE	ENCSR901DXM	ChromBPNet	selected regions for predicted signal and sequence contribution scores	bigBed	DNase-seq	none	activated-CD4-positive,-alpha-beta-T-cell	t-cell	immune	immune-system	none	none	passed
ENCFF206FPG	ENCFF206FPG	ENCSR457JOG	ENCSR562WIA	ChromBPNet	selected regions for predicted signal and sequence contribution scores	bigBed	DNase-seq	none	activated-CD4-positive,-alpha-beta-T-cell	t-cell	immune	immune-system	none	none	passed
ENCFF220JUN	ENCFF220JUN	ENCSR493IQY	ENCSR422POB	ChromBPNet	selected regions for predicted signal and sequence contribution scores	bigBed	DNase-seq	none	activated-CD4-positive,-alpha-beta-T-cell	t-cell	immune	immune-system	none	none	passed
ENCFF248DNG	ENCFF248DNG	ENCSR312ZTS	ENCSR478IVZ	ChromBPNet	selected regions for predicted signal and sequence contribution scores	bigBed	DNase-seq	none	activated-CD4-positive,-alpha-beta-T-cell	t-cell	immune	immune-system	none	none	passed
ENCFF277AOF	ENCFF277AOF	ENCSR801VSK	ENCSR420JER	ChromBPNet	selected regions for predicted signal and sequence contribution scores	bigBed	DNase-seq	none	activated-CD4-positive,-alpha-beta-T-cell	t-cell	immune	immune-system	none	none	passed
ENCFF321KQQ	ENCFF321KQQ	ENCSR154NOT	ENCSR114ZKF	ChromBPNet	selected regions for predicted signal and sequence contribution scores	bigBed	DNase-seq	none	activated-CD4-positive,-alpha-beta-T-cell	t-cell	immune	immune-system	none	none	passed
ENCFF337OEF	ENCFF337OEF	ENCSR180KMR	ENCSR782KPZ	ChromBPNet	selected regions for predicted signal and sequence contribution scores	bigBed	DNase-seq	none	activated-CD4-positive,-alpha-beta-T-cell	t-cell	immune	immune-system	none	none	passed
ENCFF366FWZ	ENCFF366FWZ	ENCSR874DUP	ENCSR708KHR	ChromBPNet	selected regions for predicted signal and sequence contribution scores	bigBed	DNase-seq	none	activated-CD4-positive,-alpha-beta-T-cell	t-cell	immune	immune-system	none	none	passed
ENCFF491WCL	ENCFF491WCL	ENCSR323LVJ	ENCSR594QMF	ChromBPNet	selected regions for predicted signal and sequence contribution scores	bigBed	DNase-seq	none	activated-CD4-positive,-alpha-beta-T-cell	t-cell	immune	immune-system	none	none	passed
ENCFF525TDX	ENCFF525TDX	ENCSR841UCZ	ENCSR158YLN	ChromBPNet	selected regions for predicted signal and sequence contribution scores	bigBed	DNase-seq	none	activated-CD4-positive,-alpha-beta-T-cell	t-cell	immune	immune-system	none	none	passed
ENCFF631BAN	ENCFF631BAN	ENCSR173HPQ	ENCSR884EKY	ChromBPNet	selected regions for predicted signal and sequence contribution scores	bigBed	DNase-seq	none	activated-CD4-positive,-alpha-beta-T-cell	t-cell	immune	immune-system	none	none	passed
ENCFF665VXH	ENCFF665VXH	ENCSR768AWY	ENCSR897WWX	ChromBPNet	selected regions for predicted signal and sequence contribution scores	bigBed	DNase-seq	none	activated-CD4-positive,-alpha-beta-T-cell	t-cell	immune	immune-system	none	none	passed
ENCFF712WLW	ENCFF712WLW	ENCSR604FER	ENCSR429MAD	ChromBPNet	selected regions for predicted signal and sequence contribution scores	bigBed	DNase-seq	none	activated-CD4-positive,-alpha-beta-T-cell	t-cell	immune	immune-system	none	none	passed
ENCFF771RXK	ENCFF771RXK	ENCSR252NVI	ENCSR599MKA	ChromBPNet	selected regions for predicted signal and sequence contribution scores	bigBed	DNase-seq	none	activated-CD4-positive,-alpha-beta-T-cell	t-cell	immune	immune-system	none	none	passed
ENCFF794WUA	ENCFF794WUA	ENCSR698VDM	ENCSR764UTK	ChromBPNet	selected regions for predicted signal and sequence contribution scores	bigBed	DNase-seq	none	activated-CD4-positive,-alpha-beta-T-cell	t-cell	immune	immune-system	none	none	passed
ENCFF858VKF	ENCFF858VKF	ENCSR740DJQ	ENCSR751LNJ	ChromBPNet	selected regions for predicted signal and sequence contribution scores	bigBed	DNase-seq	none	activated-CD4-positive,-alpha-beta-T-cell	t-cell	immune	immune-system	none	none	passed
ENCFF866NLV	ENCFF866NLV	ENCSR935HEI	ENCSR476LJY	ChromBPNet	selected regions for predicted signal and sequence contribution scores	bigBed	DNase-seq	none	activated-CD4-positive,-alpha-beta-T-cell	t-cell	immune	immune-system	none	none	passed
ENCFF922JFJ	ENCFF922JFJ	ENCSR679EFH	ENCSR434QWM	ChromBPNet	selected regions for predicted signal and sequence contribution scores	bigBed	DNase-seq	none	activated-CD4-positive,-alpha-beta-T-cell	t-cell	immune	immune-system	none	none	passed
ENCFF995PWM	ENCFF995PWM	ENCSR121BSW	ENCSR090UGL	ChromBPNet	selected regions for predicted signal and sequence contribution scores	bigBed	DNase-seq	none	activated-CD4-positive,-alpha-beta-T-cell	t-cell	immune	immune-system	none	none	passed
ENCFF937PUP	ENCFF937PUP	ENCSR021YFW	ENCSR301LCS	ChromBPNet	selected regions for predicted signal and sequence contribution scores	bigBed	DNase-seq	none	activated-CD4-positive,-alpha-beta-memory-T-cell	t-cell	immune	immune-system	none	none	passed
ENCFF277NSV	ENCFF277NSV	ENCSR545UJP	ENCSR698SZY	ChromBPNet	selected regions for predicted signal and sequence contribution scores	bigBed	ATAC-seq	none	activated-CD8-positive,-alpha-beta-T-cell	t-cell	immune	immune-system	none	none	passed
ENCFF977OLX	ENCFF977OLX	ENCSR718HWW	ENCSR522GVK	ChromBPNet	selected regions for predicted signal and sequence contribution scores	bigBed	ATAC-seq	none	activated-CD8-positive,-alpha-beta-T-cell	t-cell	immune	immune-system	none	none	passed
ENCFF116OFW	ENCFF116OFW	ENCSR776BTO	ENCSR838UZA	ChromBPNet	selected regions for predicted signal and sequence contribution scores	bigBed	DNase-seq	none	activated-CD8-positive,-alpha-beta-T-cell	t-cell	immune	immune-system	none	none	passed
ENCFF864VBQ	ENCFF864VBQ	ENCSR294YEJ	ENCSR881ZKT	ChromBPNet	selected regions for predicted signal and sequence contribution scores	bigBed	DNase-seq	none	activated-CD8-positive,-alpha-beta-T-cell	t-cell	immune	immune-system	none	none	passed
ENCFF528VTW	ENCFF528VTW	ENCSR915MTG	ENCSR740TJF	ChromBPNet	selected regions for predicted signal and sequence contribution scores	bigBed	ATAC-seq	none	activated-CD8-positive,-alpha-beta-memory-T-cell	t-cell	immune	immune-system	none	none	passed
ENCFF018PXI	ENCFF018PXI	ENCSR860IDO	ENCSR145FGL	ChromBPNet	selected regions for predicted signal and sequence contribution scores	bigBed	DNase-seq	none	activated-CD8-positive,-alpha-beta-memory-T-cell	t-cell	immune	immune-system	none	none	passed
ENCFF117RJC	ENCFF117RJC	ENCSR274XTS	ENCSR839SCD	ChromBPNet	selected regions for predicted signal and sequence contribution scores	bigBed	DNase-seq	none	activated-CD8-positive,-alpha-beta-memory-T-cell	t-cell	immune	immune-system	none	none	passed
ENCFF186TOS	ENCFF186TOS	ENCSR951MYM	ENCSR955CKY	ChromBPNet	selected regions for predicted signal and sequence contribution scores	bigBed	DNase-seq	none	activated-CD8-positive,-alpha-beta-memory-T-cell	t-cell	immune	immune-system	none	none	passed
ENCFF331XMP	ENCFF331XMP	ENCSR534OJE	ENCSR014DCO	ChromBPNet	selected regions for predicted signal and sequence contribution scores	bigBed	DNase-seq	none	activated-CD8-positive,-alpha-beta-memory-T-cell	t-cell	immune	immune-system	none	none	passed
ENCFF540KFJ	ENCFF540KFJ	ENCSR950YTI	ENCSR234XNV	ChromBPNet	selected regions for predicted signal and sequence contribution scores	bigBed	DNase-seq	none	activated-CD8-positive,-alpha-beta-memory-T-cell	t-cell	immune	immune-system	none	none	passed
ENCFF546VXM	ENCFF546VXM	ENCSR175OHT	ENCSR282COW	ChromBPNet	selected regions for predicted signal and sequence contribution scores	bigBed	DNase-seq	none	activated-CD8-positive,-alpha-beta-memory-T-cell	t-cell	immune	immune-system	none	none	passed
ENCFF618PZN	ENCFF618PZN	ENCSR134CIY	ENCSR741OGV	ChromBPNet	selected regions for predicted signal and sequence contribution scores	bigBed	DNase-seq	none	activated-CD8-positive,-alpha-beta-memory-T-cell	t-cell	immune	immune-system	none	none	passed
ENCFF634CUA	ENCFF634CUA	ENCSR141RSN	ENCSR645BWU	ChromBPNet	selected regions for predicted signal and sequence contribution scores	bigBed	DNase-seq	none	activated-CD8-positive,-alpha-beta-memory-T-cell	t-cell	immune	immune-system	none	none	passed
ENCFF662LXZ	ENCFF662LXZ	ENCSR171APM	ENCSR102OSF	ChromBPNet	selected regions for predicted signal and sequence contribution scores	bigBed	DNase-seq	none	activated-CD8-positive,-alpha-beta-memory-T-cell	t-cell	immune	immune-system	none	none	passed
ENCFF729GWT	ENCFF729GWT	ENCSR653ISV	ENCSR001PBZ	ChromBPNet	selected regions for predicted signal and sequence contribution scores	bigBed	DNase-seq	none	activated-CD8-positive,-alpha-beta-memory-T-cell	t-cell	immune	immune-system	none	none	passed
ENCFF807IJR	ENCFF807IJR	ENCSR442SDV	ENCSR696EMG	ChromBPNet	selected regions for predicted signal and sequence contribution scores	bigBed	DNase-seq	none	activated-CD8-positive,-alpha-beta-memory-T-cell	t-cell	immune	immune-system	none	none	passed
ENCFF910CNJ	ENCFF910CNJ	ENCSR971MMF	ENCSR854AOU	ChromBPNet	selected regions for predicted signal and sequence contribution scores	bigBed	DNase-seq	none	activated-CD8-positive,-alpha-beta-memory-T-cell	t-cell	immune	immune-system	none	none	passed
ENCFF924KBW	ENCFF924KBW	ENCSR933VOY	ENCSR821ABU	ChromBPNet	selected regions for predicted signal and sequence contribution scores	bigBed	DNase-seq	none	activated-CD8-positive,-alpha-beta-memory-T-cell	t-cell	immune	immune-system	none	none	passed
ENCFF025CNM	ENCFF025CNM	ENCSR830ALP	ENCSR657WDG	ChromBPNet	selected regions for predicted signal and sequence contribution scores	bigBed	ATAC-seq	none	activated-T-cell	t-cell	immune	immune-system	none	none	passed
ENCFF048ROI	ENCFF048ROI	ENCSR411NFB	ENCSR958JWD	ChromBPNet	selected regions for predicted signal and sequence contribution scores	bigBed	ATAC-seq	none	activated-T-cell	t-cell	immune	immune-system	none	none	passed
ENCFF288YOC	ENCFF288YOC	ENCSR775KMA	ENCSR281IMH	ChromBPNet	selected regions for predicted signal and sequence contribution scores	bigBed	ATAC-seq	none	activated-T-cell	t-cell	immune	immune-system	none	none	passed
ENCFF708ACW	ENCFF708ACW	ENCSR993XED	ENCSR658XDN	ChromBPNet	selected regions for predicted signal and sequence contribution scores	bigBed	ATAC-seq	none	activated-T-cell	t-cell	immune	immune-system	none	none	passed
ENCFF814QTW	ENCFF814QTW	ENCSR092SRS	ENCSR586AZX	ChromBPNet	selected regions for predicted signal and sequence contribution scores	bigBed	ATAC-seq	none	activated-T-cell	t-cell	immune	immune-system	none	none	passed
ENCFF952HOK	ENCFF952HOK	ENCSR558ZSN	ENCSR559GAM	ChromBPNet	selected regions for predicted signal and sequence contribution scores	bigBed	ATAC-seq	none	activated-T-cell	t-cell	immune	immune-system	none	none	passed
ENCFF021IFG	ENCFF021IFG	ENCSR771JQH	ENCSR673OVY	ChromBPNet	selected regions for predicted signal and sequence contribution scores	bigBed	DNase-seq	none	activated-T-cell	t-cell	immune	immune-system	none	none	passed
ENCFF125AYJ	ENCFF125AYJ	ENCSR223KKX	ENCSR024GLL	ChromBPNet	selected regions for predicted signal and sequence contribution scores	bigBed	DNase-seq	none	activated-T-cell	t-cell	immune	immune-system	none	none	passed
ENCFF178KLL	ENCFF178KLL	ENCSR038POV	ENCSR165ZRY	ChromBPNet	selected regions for predicted signal and sequence contribution scores	bigBed	DNase-seq	none	activated-T-cell	t-cell	immune	immune-system	none	none	passed
ENCFF194VEK	ENCFF194VEK	ENCSR343MCI	ENCSR385FDN	ChromBPNet	selected regions for predicted signal and sequence contribution scores	bigBed	DNase-seq	none	activated-T-cell	t-cell	immune	immune-system	none	none	passed
ENCFF545NGS	ENCFF545NGS	ENCSR660FSU	ENCSR779VYF	ChromBPNet	selected regions for predicted signal and sequence contribution scores	bigBed	DNase-seq	none	activated-T-cell	t-cell	immune	immune-system	none	none	passed
ENCFF570KCM	ENCFF570KCM	ENCSR312INU	ENCSR221IMW	ChromBPNet	selected regions for predicted signal and sequence contribution scores	bigBed	DNase-seq	none	activated-T-cell	t-cell	immune	immune-system	none	none	passed
ENCFF570XOY	ENCFF570XOY	ENCSR219KTW	ENCSR431GRV	ChromBPNet	selected regions for predicted signal and sequence contribution scores	bigBed	DNase-seq	none	activated-T-cell	t-cell	immune	immune-system	none	none	passed
ENCFF599KXT	ENCFF599KXT	ENCSR617NTY	ENCSR122JYD	ChromBPNet	selected regions for predicted signal and sequence contribution scores	bigBed	DNase-seq	none	activated-T-cell	t-cell	immune	immune-system	none	none	passed
ENCFF814RCR	ENCFF814RCR	ENCSR466SUZ	ENCSR248QWZ	ChromBPNet	selected regions for predicted signal and sequence contribution scores	bigBed	DNase-seq	none	activated-T-cell	t-cell	immune	immune-system	none	none	passed
ENCFF825JJN	ENCFF825JJN	ENCSR273GCF	ENCSR753AZU	ChromBPNet	selected regions for predicted signal and sequence contribution scores	bigBed	DNase-seq	none	activated-T-cell	t-cell	immune	immune-system	none	none	passed
ENCFF835EKX	ENCFF835EKX	ENCSR416QNA	ENCSR204XYH	ChromBPNet	selected regions for predicted signal and sequence contribution scores	bigBed	DNase-seq	none	activated-T-cell	t-cell	immune	immune-system	none	none	passed
ENCFF914PLK	ENCFF914PLK	ENCSR810CTB	ENCSR711QEP	ChromBPNet	selected regions for predicted signal and sequence contribution scores	bigBed	DNase-seq	none	activated-T-cell	t-cell	immune	immune-system	none	none	passed
ENCFF963SGK	ENCFF963SGK	ENCSR303JDG	ENCSR912VHI	ChromBPNet	selected regions for predicted signal and sequence contribution scores	bigBed	DNase-seq	none	activated-T-cell	t-cell	immune	immune-system	none	none	passed
ENCFF378VNO	ENCFF378VNO	ENCSR636DIR	ENCSR025USQ	ChromBPNet	selected regions for predicted signal and sequence contribution scores	bigBed	DNase-seq	none	activated-T-helper-1-cell	t-helper	immune	immune-system	none	none	passed
ENCFF026AYL	ENCFF026AYL	ENCSR115OIV	ENCSR643BHE	ChromBPNet	selected regions for predicted signal and sequence contribution scores	bigBed	ATAC-seq	none	activated-T-helper-17-cell	t-helper	immune	immune-system	none	none	passed
ENCFF943YKH	ENCFF943YKH	ENCSR780ABS	ENCSR165GRK	ChromBPNet	selected regions for predicted signal and sequence contribution scores	bigBed	DNase-seq	none	activated-T-helper-2-cell	t-helper	immune	immune-system	none	none	passed
ENCFF288ZBI	ENCFF288ZBI	ENCSR174SUM	ENCSR982XXE	ChromBPNet	selected regions for predicted signal and sequence contribution scores	bigBed	ATAC-seq	none	activated-naive-CD4-positive,-alpha-beta-T-cell	t-cell	immune	immune-system	none	none	passed
ENCFF705XVY	ENCFF705XVY	ENCSR373NFA	ENCSR572FSB	ChromBPNet	selected regions for predicted signal and sequence contribution scores	bigBed	ATAC-seq	none	activated-naive-CD4-positive,-alpha-beta-T-cell	t-cell	immune	immune-system	none	none	passed
ENCFF250CYZ	ENCFF250CYZ	ENCSR386BOX	ENCSR976MJM	ChromBPNet	selected regions for predicted signal and sequence contribution scores	bigBed	DNase-seq	none	activated-naive-CD4-positive,-alpha-beta-T-cell	t-cell	immune	immune-system	none	none	passed
ENCFF323SRD	ENCFF323SRD	ENCSR396EWH	ENCSR031MEP	ChromBPNet	selected regions for predicted signal and sequence contribution scores	bigBed	DNase-seq	none	activated-naive-CD4-positive,-alpha-beta-T-cell	t-cell	immune	immune-system	none	none	passed
ENCFF346DTU	ENCFF346DTU	ENCSR778DWG	ENCSR872HWV	ChromBPNet	selected regions for predicted signal and sequence contribution scores	bigBed	DNase-seq	none	activated-naive-CD4-positive,-alpha-beta-T-cell	t-cell	immune	immune-system	none	none	passed
ENCFF382MFU	ENCFF382MFU	ENCSR100OSB	ENCSR549FXP	ChromBPNet	selected regions for predicted signal and sequence contribution scores	bigBed	DNase-seq	none	activated-naive-CD4-positive,-alpha-beta-T-cell	t-cell	immune	immune-system	none	none	passed
ENCFF559ETP	ENCFF559ETP	ENCSR593OUE	ENCSR755EAD	ChromBPNet	selected regions for predicted signal and sequence contribution scores	bigBed	DNase-seq	none	activated-naive-CD4-positive,-alpha-beta-T-cell	t-cell	immune	immune-system	none	none	passed
ENCFF839SWR	ENCFF839SWR	ENCSR515PDV	ENCSR836WUG	ChromBPNet	selected regions for predicted signal and sequence contribution scores	bigBed	DNase-seq	none	activated-naive-CD4-positive,-alpha-beta-T-cell	t-cell	immune	immune-system	none	none	passed
ENCFF880BVY	ENCFF880BVY	ENCSR478SWA	ENCSR789FJA	ChromBPNet	selected regions for predicted signal and sequence contribution scores	bigBed	DNase-seq	none	activated-naive-CD4-positive,-alpha-beta-T-cell	t-cell	immune	immune-system	none	none	passed
ENCFF577SSO	ENCFF577SSO	ENCSR477YSU	ENCSR405VMI	ChromBPNet	selected regions for predicted signal and sequence contribution scores	bigBed	ATAC-seq	none	activated-naive-CD8-positive,-alpha-beta-T-cell	t-cell	immune	immune-system	none	none	passed
ENCFF952LSH	ENCFF952LSH	ENCSR983HXF	ENCSR772JLL	ChromBPNet	selected regions for predicted signal and sequence contribution scores	bigBed	ATAC-seq	none	activated-naive-CD8-positive,-alpha-beta-T-cell	t-cell	immune	immune-system	none	none	passed
ENCFF080ZET	ENCFF080ZET	ENCSR572HUG	ENCSR608HZF	ChromBPNet	selected regions for predicted signal and sequence contribution scores	bigBed	DNase-seq	none	activated-naive-CD8-positive,-alpha-beta-T-cell	t-cell	immune	immune-system	none	none	passed
ENCFF425GPB	ENCFF425GPB	ENCSR044JIR	ENCSR246MCM	ChromBPNet	selected regions for predicted signal and sequence contribution scores	bigBed	DNase-seq	none	activated-naive-CD8-positive,-alpha-beta-T-cell	t-cell	immune	immune-system	none	none	passed
ENCFF860ZZY	ENCFF860ZZY	ENCSR009MDC	ENCSR794YME	ChromBPNet	selected regions for predicted signal and sequence contribution scores	bigBed	DNase-seq	none	activated-naive-CD8-positive,-alpha-beta-T-cell	t-cell	immune	immune-system	none	none	passed
ENCFF958DWJ	ENCFF958DWJ	ENCSR518YYX	ENCSR900QIE	ChromBPNet	selected regions for predicted signal and sequence contribution scores	bigBed	DNase-seq	none	activated-naive-CD8-positive,-alpha-beta-T-cell	t-cell	immune	immune-system	none	none	passed
ENCFF762VYU	ENCFF762VYU	ENCSR405TXU	ENCSR264LKG	ChromBPNet	selected regions for predicted signal and sequence contribution scores	bigBed	DNase-seq	none	adipocyte	adipocyte	skin	integumental-system	none	none	passed
ENCFF273ABM	ENCFF273ABM	ENCSR414DVK	ENCSR547VLW	ChromBPNet	selected regions for predicted signal and sequence contribution scores	bigBed	ATAC-seq	none	adrenal-gland	renal	kidney	excretory-system	none	none	passed
ENCFF301PBH	ENCFF301PBH	ENCSR241OBO	ENCSR371OUD	ChromBPNet	selected regions for predicted signal and sequence contribution scores	bigBed	ATAC-seq	none	adrenal-gland	renal	kidney	excretory-system	none	none	passed
ENCFF378YHE	ENCFF378YHE	ENCSR864ADD	ENCSR335XYY	ChromBPNet	selected regions for predicted signal and sequence contribution scores	bigBed	ATAC-seq	none	adrenal-gland	renal	kidney	excretory-system	none	none	passed
ENCFF399XOG	ENCFF399XOG	ENCSR553LAZ	ENCSR906OGG	ChromBPNet	selected regions for predicted signal and sequence contribution scores	bigBed	ATAC-seq	none	adrenal-gland	renal	kidney	excretory-system	none	none	passed
ENCFF666MCU	ENCFF666MCU	ENCSR542RNG	ENCSR594HLA	ChromBPNet	selected regions for predicted signal and sequence contribution scores	bigBed	ATAC-seq	none	adrenal-gland	renal	kidney	excretory-system	none	none	passed
ENCFF689QXL	ENCFF689QXL	ENCSR113MBR	ENCSR086JKR	ChromBPNet	selected regions for predicted signal and sequence contribution scores	bigBed	ATAC-seq	none	adrenal-gland	renal	kidney	excretory-system	none	none	passed
ENCFF810SWG	ENCFF810SWG	ENCSR548KIL	ENCSR581CTF	ChromBPNet	selected regions for predicted signal and sequence contribution scores	bigBed	ATAC-seq	none	adrenal-gland	renal	kidney	excretory-system	none	none	passed
ENCFF946WEK	ENCFF946WEK	ENCSR651SOJ	ENCSR256SRN	ChromBPNet	selected regions for predicted signal and sequence contribution scores	bigBed	ATAC-seq	none	adrenal-gland	renal	kidney	excretory-system	none	none	passed
ENCFF162XQM	ENCFF162XQM	ENCSR259GYP	ENCSR786XHR	ChromBPNet	selected regions for predicted signal and sequence contribution scores	bigBed	DNase-seq	none	adrenal-gland	renal	kidney	excretory-system	none	none	passed
ENCFF254SGE	ENCFF254SGE	ENCSR696XSJ	ENCSR588WNH	ChromBPNet	selected regions for predicted signal and sequence contribution scores	bigBed	DNase-seq	none	adrenal-gland	renal	kidney	excretory-system	none	none	passed
ENCFF256OWR	ENCFF256OWR	ENCSR728BAD	ENCSR315ADW	ChromBPNet	selected regions for predicted signal and sequence contribution scores	bigBed	DNase-seq	none	adrenal-gland	renal	kidney	excretory-system	none	none	passed
ENCFF259BBX	ENCFF259BBX	ENCSR080PZL	ENCSR362GHU	ChromBPNet	selected regions for predicted signal and sequence contribution scores	bigBed	DNase-seq	none	adrenal-gland	renal	kidney	excretory-system	none	none	passed
ENCFF406MCO	ENCFF406MCO	ENCSR060BFU	ENCSR430YSE	ChromBPNet	selected regions for predicted signal and sequence contribution scores	bigBed	DNase-seq	none	adrenal-gland	renal	kidney	excretory-system	none	none	passed
ENCFF408ZTG	ENCFF408ZTG	ENCSR277KRY	ENCSR167VCE	ChromBPNet	selected regions for predicted signal and sequence contribution scores	bigBed	DNase-seq	none	adrenal-gland	renal	kidney	excretory-system	none	none	passed
ENCFF467KGI	ENCFF467KGI	ENCSR541JMK	ENCSR210OQR	ChromBPNet	selected regions for predicted signal and sequence contribution scores	bigBed	DNase-seq	none	adrenal-gland	renal	kidney	excretory-system	none	none	passed
ENCFF497ATX	ENCFF497ATX	ENCSR458AOS	ENCSR682XOG	ChromBPNet	selected regions for predicted signal and sequence contribution scores	bigBed	DNase-seq	none	adrenal-gland	renal	kidney	excretory-system	none	none	passed
ENCFF514VKP	ENCFF514VKP	ENCSR866RCY	ENCSR648APH	ChromBPNet	selected regions for predicted signal and sequence contribution scores	bigBed	DNase-seq	none	adrenal-gland	renal	kidney	excretory-system	none	none	passed
ENCFF561VHS	ENCFF561VHS	ENCSR962VJO	ENCSR810FNZ	ChromBPNet	selected regions for predicted signal and sequence contribution scores	bigBed	DNase-seq	none	adrenal-gland	renal	kidney	excretory-system	none	none	passed
ENCFF606GFR	ENCFF606GFR	ENCSR856QJX	ENCSR879UIA	ChromBPNet	selected regions for predicted signal and sequence contribution scores	bigBed	DNase-seq	none	adrenal-gland	renal	kidney	excretory-system	none	none	passed
ENCFF627NJW	ENCFF627NJW	ENCSR325FWM	ENCSR929GDD	ChromBPNet	selected regions for predicted signal and sequence contribution scores	bigBed	DNase-seq	none	adrenal-gland	renal	kidney	excretory-system	none	none	passed
ENCFF719CSP	ENCFF719CSP	ENCSR419MZH	ENCSR892BZF	ChromBPNet	selected regions for predicted signal and sequence contribution scores	bigBed	DNase-seq	none	adrenal-gland	renal	kidney	excretory-system	none	none	passed
ENCFF926WKO	ENCFF926WKO	ENCSR053ZKP	ENCSR967OBH	ChromBPNet	selected regions for predicted signal and sequence contribution scores	bigBed	DNase-seq	none	adrenal-gland	renal	kidney	excretory-system	none	none	passed
ENCFF146COO	ENCFF146COO	ENCSR207TUX	ENCSR010APK	ChromBPNet	selected regions for predicted signal and sequence contribution scores	bigBed	DNase-seq	none	amniotic-stem-cell	stem-cell	stem-cell	developmental-system	none	none	passed
ENCFF549YZR	ENCFF549YZR	ENCSR295TFY	ENCSR757IZS	ChromBPNet	selected regions for predicted signal and sequence contribution scores	bigBed	ATAC-seq	none	aorta	aorta	blood-vessel	circulatory-system	none	none	passed
ENCFF143QAP	ENCFF143QAP	ENCSR595DQM	ENCSR306FXM	ChromBPNet	selected regions for predicted signal and sequence contribution scores	bigBed	DNase-seq	none	aorta	aorta	blood-vessel	circulatory-system	none	none	passed
ENCFF436KPR	ENCFF436KPR	ENCSR713KNQ	ENCSR022DFT	ChromBPNet	selected regions for predicted signal and sequence contribution scores	bigBed	DNase-seq	none	aorta	aorta	blood-vessel	circulatory-system	none	none	passed
ENCFF587VRZ	ENCFF587VRZ	ENCSR422IIZ	ENCSR041YVR	ChromBPNet	selected regions for predicted signal and sequence contribution scores	bigBed	DNase-seq	none	ascending-aorta	aorta	blood-vessel	circulatory-system	none	none	passed
ENCFF912GLC	ENCFF912GLC	ENCSR968TPO	ENCSR635FUD	ChromBPNet	selected regions for predicted signal and sequence contribution scores	bigBed	DNase-seq	none	ascending-aorta	aorta	blood-vessel	circulatory-system	none	none	passed
ENCFF082ZQA	ENCFF082ZQA	ENCSR000EPM	ENCSR840BKO	ChromBPNet	selected regions for predicted signal and sequence contribution scores	bigBed	DNase-seq	none	astrocyte	astrocyte	nerve	central-nervous-system	none	none	passed
ENCFF750QUV	ENCFF750QUV	ENCSR146KFX	ENCSR997CWD	ChromBPNet	selected regions for predicted signal and sequence contribution scores	bigBed	DNase-seq	none	astrocyte	astrocyte	nerve	central-nervous-system	none	none	passed
ENCFF553FEB	ENCFF553FEB	ENCSR000ENC	ENCSR448SEA	ChromBPNet	selected regions for predicted signal and sequence contribution scores	bigBed	DNase-seq	none	astrocyte-of-the-cerebellum	cerebell	brain	central-nervous-system	none	none	passed
ENCFF205OPU	ENCFF205OPU	ENCSR000ENA	ENCSR420HYN	ChromBPNet	selected regions for predicted signal and sequence contribution scores	bigBed	DNase-seq	none	astrocyte-of-the-hippocampus	hippocampus	brain	central-nervous-system	none	none	passed
ENCFF450GLG	ENCFF450GLG	ENCSR000ENB	ENCSR850BLY	ChromBPNet	selected regions for predicted signal and sequence contribution scores	bigBed	DNase-seq	none	astrocyte-of-the-spinal-cord	spinal	CNS	central-nervous-system	none	none	passed
ENCFF055TQO	ENCFF055TQO	ENCSR174MLD	ENCSR052YOP	ChromBPNet	selected regions for predicted signal and sequence contribution scores	bigBed	ATAC-seq	none	bile-duct	bile	gallbladder	digestive-system	none	none	passed
ENCFF211TZN	ENCFF211TZN	ENCSR653ZWW	ENCSR545REK	ChromBPNet	selected regions for predicted signal and sequence contribution scores	bigBed	ATAC-seq	none	bile-duct	bile	gallbladder	digestive-system	none	none	passed
ENCFF328QMC	ENCFF328QMC	ENCSR325NFE	ENCSR983ILK	ChromBPNet	selected regions for predicted signal and sequence contribution scores	bigBed	ATAC-seq	none	bile-duct	bile	gallbladder	digestive-system	none	none	passed
ENCFF314ARV	ENCFF314ARV	ENCSR765MXG	ENCSR044DSU	ChromBPNet	selected regions for predicted signal and sequence contribution scores	bigBed	ATAC-seq	none	body-of-pancreas	pancreas	pancreas	digestive-system	none	none	passed
ENCFF494QUJ	ENCFF494QUJ	ENCSR515CDW	ENCSR512UQA	ChromBPNet	selected regions for predicted signal and sequence contribution scores	bigBed	ATAC-seq	none	body-of-pancreas	pancreas	pancreas	digestive-system	none	none	passed
ENCFF623MSF	ENCFF623MSF	ENCSR773USD	ENCSR175MRS	ChromBPNet	selected regions for predicted signal and sequence contribution scores	bigBed	ATAC-seq	none	body-of-pancreas	pancreas	pancreas	digestive-system	none	none	passed
ENCFF642QRI	ENCFF642QRI	ENCSR152PSA	ENCSR907MIU	ChromBPNet	selected regions for predicted signal and sequence contribution scores	bigBed	ATAC-seq	none	body-of-pancreas	pancreas	pancreas	digestive-system	none	none	passed
ENCFF269VFZ	ENCFF269VFZ	ENCSR828FVZ	ENCSR168TWU	ChromBPNet	selected regions for predicted signal and sequence contribution scores	bigBed	DNase-seq	none	body-of-pancreas	pancreas	pancreas	digestive-system	none	none	passed
ENCFF303LVQ	ENCFF303LVQ	ENCSR539WBA	ENCSR355YJZ	ChromBPNet	selected regions for predicted signal and sequence contribution scores	bigBed	DNase-seq	none	body-of-pancreas	pancreas	pancreas	digestive-system	none	none	passed
ENCFF578JFF	ENCFF578JFF	ENCSR405YLV	ENCSR186WEO	ChromBPNet	selected regions for predicted signal and sequence contribution scores	bigBed	DNase-seq	none	body-of-pancreas	pancreas	pancreas	digestive-system	none	none	passed
ENCFF962RED	ENCFF962RED	ENCSR464TKV	ENCSR790UKO	ChromBPNet	selected regions for predicted signal and sequence contribution scores	bigBed	DNase-seq	none	body-of-pancreas	pancreas	pancreas	digestive-system	none	none	passed
ENCFF142CXF	ENCFF142CXF	ENCSR820XRX	ENCSR242KXL	ChromBPNet	selected regions for predicted signal and sequence contribution scores	bigBed	DNase-seq	none	brain	brain	brain	central-nervous-system	none	none	passed
ENCFF255AJN	ENCFF255AJN	ENCSR947POC	ENCSR089PXQ	ChromBPNet	selected regions for predicted signal and sequence contribution scores	bigBed	DNase-seq	none	brain	brain	brain	central-nervous-system	none	none	passed
ENCFF318QVI	ENCFF318QVI	ENCSR475VQD	ENCSR893WKR	ChromBPNet	selected regions for predicted signal and sequence contribution scores	bigBed	DNase-seq	none	brain	brain	brain	central-nervous-system	none	none	passed
ENCFF446SLI	ENCFF446SLI	ENCSR595CSH	ENCSR113JAA	ChromBPNet	selected regions for predicted signal and sequence contribution scores	bigBed	DNase-seq	none	brain	brain	brain	central-nervous-system	none	none	passed
ENCFF495XYL	ENCFF495XYL	ENCSR344FLH	ENCSR993KJR	ChromBPNet	selected regions for predicted signal and sequence contribution scores	bigBed	DNase-seq	none	brain	brain	brain	central-nervous-system	none	none	passed
ENCFF510YKQ	ENCFF510YKQ	ENCSR309FOO	ENCSR233IXC	ChromBPNet	selected regions for predicted signal and sequence contribution scores	bigBed	DNase-seq	none	brain	brain	brain	central-nervous-system	none	none	passed
ENCFF597XYN	ENCFF597XYN	ENCSR330JXM	ENCSR192ORZ	ChromBPNet	selected regions for predicted signal and sequence contribution scores	bigBed	DNase-seq	none	brain	brain	brain	central-nervous-system	none	none	passed
ENCFF617YRC	ENCFF617YRC	ENCSR420RWU	ENCSR211QSL	ChromBPNet	selected regions for predicted signal and sequence contribution scores	bigBed	DNase-seq	none	brain	brain	brain	central-nervous-system	none	none	passed
ENCFF633VMB	ENCFF633VMB	ENCSR572LDG	ENCSR403LFF	ChromBPNet	selected regions for predicted signal and sequence contribution scores	bigBed	DNase-seq	none	brain	brain	brain	central-nervous-system	none	none	passed
ENCFF740PTE	ENCFF740PTE	ENCSR026EOM	ENCSR835QBO	ChromBPNet	selected regions for predicted signal and sequence contribution scores	bigBed	DNase-seq	none	brain	brain	brain	central-nervous-system	none	none	passed
ENCFF879XWQ	ENCFF879XWQ	ENCSR187PYY	ENCSR945HCY	ChromBPNet	selected regions for predicted signal and sequence contribution scores	bigBed	DNase-seq	none	brain	brain	brain	central-nervous-system	none	none	passed
ENCFF885SKH	ENCFF885SKH	ENCSR118WIQ	ENCSR209CVI	ChromBPNet	selected regions for predicted signal and sequence contribution scores	bigBed	DNase-seq	none	brain	brain	brain	central-nervous-system	none	none	passed
ENCFF979ISQ	ENCFF979ISQ	ENCSR507GFJ	ENCSR439LTF	ChromBPNet	selected regions for predicted signal and sequence contribution scores	bigBed	DNase-seq	none	brain	brain	brain	central-nervous-system	none	none	passed
ENCFF627AKV	ENCFF627AKV	ENCSR000ENE	ENCSR323JJT	ChromBPNet	selected regions for predicted signal and sequence contribution scores	bigBed	DNase-seq	none	brain-microvascular-endothelial-cell	brain	brain	central-nervous-system	none	none	passed
ENCFF640SEH	ENCFF640SEH	ENCSR000ENF	ENCSR630WHT	ChromBPNet	selected regions for predicted signal and sequence contribution scores	bigBed	DNase-seq	none	brain-pericyte	brain	brain	central-nervous-system	none	none	passed
ENCFF121RUF	ENCFF121RUF	ENCSR654UYP	ENCSR930HKW	ChromBPNet	selected regions for predicted signal and sequence contribution scores	bigBed	ATAC-seq	none	breast-epithelium	breast	breast	integumental-system	none	none	passed
ENCFF292JZG	ENCFF292JZG	ENCSR955JSO	ENCSR710ZXE	ChromBPNet	selected regions for predicted signal and sequence contribution scores	bigBed	ATAC-seq	none	breast-epithelium	breast	breast	integumental-system	none	none	passed
ENCFF415NJN	ENCFF415NJN	ENCSR846ZBX	ENCSR412FNW	ChromBPNet	selected regions for predicted signal and sequence contribution scores	bigBed	ATAC-seq	none	breast-epithelium	breast	breast	integumental-system	none	none	passed
ENCFF842LEQ	ENCFF842LEQ	ENCSR859LTL	ENCSR602TUI	ChromBPNet	selected regions for predicted signal and sequence contribution scores	bigBed	DNase-seq	none	breast-epithelium	breast	breast	integumental-system	none	none	passed
ENCFF121FWH	ENCFF121FWH	ENCSR000ENI	ENCSR713VSO	ChromBPNet	selected regions for predicted signal and sequence contribution scores	bigBed	DNase-seq	none	cardiac-fibroblast	fibroblast	fibroblast	integumental-system	none	none	passed
ENCFF789GRH	ENCFF789GRH	ENCSR856NXV	ENCSR933BIZ	ChromBPNet	selected regions for predicted signal and sequence contribution scores	bigBed	DNase-seq	none	cardiac-fibroblast	fibroblast	fibroblast	integumental-system	none	none	passed
ENCFF637ZCV	ENCFF637ZCV	ENCSR842KCP	ENCSR293JHJ	ChromBPNet	selected regions for predicted signal and sequence contribution scores	bigBed	DNase-seq	none	cardiac-muscle-cell	muscle	muscle	musculature	none	none	passed
ENCFF743FCJ	ENCFF743FCJ	ENCSR167SYF	ENCSR130CJC	ChromBPNet	selected regions for predicted signal and sequence contribution scores	bigBed	ATAC-seq	none	cardiac-septum	cardiac	heart	circulatory-system	none	none	passed
ENCFF823SJB	ENCFF823SJB	ENCSR524QBS	ENCSR336YZW	ChromBPNet	selected regions for predicted signal and sequence contribution scores	bigBed	DNase-seq	none	cardiac-septum	cardiac	heart	circulatory-system	none	none	passed
ENCFF765LRZ	ENCFF765LRZ	ENCSR015BGH	ENCSR535UXH	ChromBPNet	selected regions for predicted signal and sequence contribution scores	bigBed	DNase-seq	none	caudate-nucleus	caudate	brain	central-nervous-system	none	none	passed
ENCFF741AIY	ENCFF741AIY	ENCSR165FYY	ENCSR017RWH	ChromBPNet	selected regions for predicted signal and sequence contribution scores	bigBed	ATAC-seq	none	central-memory-CD8-positive,-alpha-beta-T-cell	t-cell	immune	immune-system	none	none	passed
ENCFF877LGK	ENCFF877LGK	ENCSR503HIB	ENCSR392HTQ	ChromBPNet	selected regions for predicted signal and sequence contribution scores	bigBed	DNase-seq	none	cerebellar-cortex	cerebell	brain	central-nervous-system	none	none	passed
ENCFF818YOY	ENCFF818YOY	ENCSR802GEV	ENCSR660JXI	ChromBPNet	selected regions for predicted signal and sequence contribution scores	bigBed	ATAC-seq	none	cerebellum	cerebell	brain	central-nervous-system	none	none	passed
ENCFF829IVP	ENCFF829IVP	ENCSR970UNF	ENCSR425JQH	ChromBPNet	selected regions for predicted signal and sequence contribution scores	bigBed	ATAC-seq	none	colonic-mucosa	colon	large-intestine	digestive-system	none	none	passed
ENCFF616WTD	ENCFF616WTD	ENCSR994KTY	ENCSR049DXG	ChromBPNet	selected regions for predicted signal and sequence contribution scores	bigBed	DNase-seq	none	colonic-mucosa	colon	large-intestine	digestive-system	none	none	passed
ENCFF686OYE	ENCFF686OYE	ENCSR576UAF	ENCSR235RGV	ChromBPNet	selected regions for predicted signal and sequence contribution scores	bigBed	DNase-seq	none	colonic-mucosa	colon	large-intestine	digestive-system	none	none	passed
ENCFF106QVY	ENCFF106QVY	ENCSR271QSV	ENCSR728PKQ	ChromBPNet	selected regions for predicted signal and sequence contribution scores	bigBed	DNase-seq	none	common-myeloid-progenitor,-CD34-positive	cd	immune	immune-system	none	none	passed
ENCFF181FPK	ENCFF181FPK	ENCSR735BIM	ENCSR880XSD	ChromBPNet	selected regions for predicted signal and sequence contribution scores	bigBed	DNase-seq	none	common-myeloid-progenitor,-CD34-positive	cd	immune	immune-system	none	none	passed
ENCFF211NYZ	ENCFF211NYZ	ENCSR122VUW	ENCSR785ONZ	ChromBPNet	selected regions for predicted signal and sequence contribution scores	bigBed	DNase-seq	none	common-myeloid-progenitor,-CD34-positive	cd	immune	immune-system	none	none	passed
ENCFF221RBD	ENCFF221RBD	ENCSR453EVC	ENCSR331SRC	ChromBPNet	selected regions for predicted signal and sequence contribution scores	bigBed	DNase-seq	none	common-myeloid-progenitor,-CD34-positive	cd	immune	immune-system	none	none	passed
ENCFF325WJS	ENCFF325WJS	ENCSR639ZJI	ENCSR259LWN	ChromBPNet	selected regions for predicted signal and sequence contribution scores	bigBed	DNase-seq	none	common-myeloid-progenitor,-CD34-positive	cd	immune	immune-system	none	none	passed
ENCFF362QRJ	ENCFF362QRJ	ENCSR495INQ	ENCSR343SBB	ChromBPNet	selected regions for predicted signal and sequence contribution scores	bigBed	DNase-seq	none	common-myeloid-progenitor,-CD34-positive	cd	immune	immune-system	none	none	passed
ENCFF472JKZ	ENCFF472JKZ	ENCSR191EII	ENCSR120EUO	ChromBPNet	selected regions for predicted signal and sequence contribution scores	bigBed	DNase-seq	none	common-myeloid-progenitor,-CD34-positive	cd	immune	immune-system	none	none	passed
ENCFF483NYD	ENCFF483NYD	ENCSR564TUY	ENCSR600JMG	ChromBPNet	selected regions for predicted signal and sequence contribution scores	bigBed	DNase-seq	none	common-myeloid-progenitor,-CD34-positive	cd	immune	immune-system	none	none	passed
ENCFF721NJQ	ENCFF721NJQ	ENCSR320TUJ	ENCSR844LSP	ChromBPNet	selected regions for predicted signal and sequence contribution scores	bigBed	DNase-seq	none	common-myeloid-progenitor,-CD34-positive	cd	immune	immune-system	none	none	passed
ENCFF842ERY	ENCFF842ERY	ENCSR281HBB	ENCSR324XWQ	ChromBPNet	selected regions for predicted signal and sequence contribution scores	bigBed	DNase-seq	none	common-myeloid-progenitor,-CD34-positive	cd	immune	immune-system	none	none	passed
ENCFF861CXI	ENCFF861CXI	ENCSR772HUG	ENCSR941WQE	ChromBPNet	selected regions for predicted signal and sequence contribution scores	bigBed	DNase-seq	none	common-myeloid-progenitor,-CD34-positive	cd	immune	immune-system	none	none	passed
ENCFF120PLH	ENCFF120PLH	ENCSR584AXZ	ENCSR267ORB	ChromBPNet	selected regions for predicted signal and sequence contribution scores	bigBed	ATAC-seq	none	coronary-artery	artery	blood-vessel	circulatory-system	none	none	passed
ENCFF208XQU	ENCFF208XQU	ENCSR820WLP	ENCSR001WKX	ChromBPNet	selected regions for predicted signal and sequence contribution scores	bigBed	DNase-seq	none	dedifferentiated-amniotic-fluid-mesenchymal-stem-cell	stem-cell	stem-cell	developmental-system	none	none	passed
ENCFF054VSN	ENCFF054VSN	ENCSR290AUK	ENCSR930QQL	ChromBPNet	selected regions for predicted signal and sequence contribution scores	bigBed	ATAC-seq	none	dendritic-cell	dendritic	immune	immune-system	none	none	passed
ENCFF057IOR	ENCFF057IOR	ENCSR156FDX	ENCSR775URO	ChromBPNet	selected regions for predicted signal and sequence contribution scores	bigBed	ATAC-seq	none	dendritic-cell	dendritic	immune	immune-system	none	none	passed
ENCFF064JTO	ENCFF064JTO	ENCSR131CHJ	ENCSR720OXB	ChromBPNet	selected regions for predicted signal and sequence contribution scores	bigBed	ATAC-seq	none	dendritic-cell	dendritic	immune	immune-system	none	none	passed
ENCFF115YID	ENCFF115YID	ENCSR566LZT	ENCSR818WFA	ChromBPNet	selected regions for predicted signal and sequence contribution scores	bigBed	ATAC-seq	none	dendritic-cell	dendritic	immune	immune-system	none	none	passed
ENCFF182TPL	ENCFF182TPL	ENCSR901IEQ	ENCSR955LBO	ChromBPNet	selected regions for predicted signal and sequence contribution scores	bigBed	ATAC-seq	none	dendritic-cell	dendritic	immune	immune-system	none	none	passed
ENCFF215VNQ	ENCFF215VNQ	ENCSR589ROM	ENCSR146GBX	ChromBPNet	selected regions for predicted signal and sequence contribution scores	bigBed	ATAC-seq	none	dendritic-cell	dendritic	immune	immune-system	none	none	passed
ENCFF246AYR	ENCFF246AYR	ENCSR605EGR	ENCSR271FFV	ChromBPNet	selected regions for predicted signal and sequence contribution scores	bigBed	ATAC-seq	none	dendritic-cell	dendritic	immune	immune-system	none	none	passed
ENCFF320FEO	ENCFF320FEO	ENCSR204FCV	ENCSR211DNX	ChromBPNet	selected regions for predicted signal and sequence contribution scores	bigBed	ATAC-seq	none	dendritic-cell	dendritic	immune	immune-system	none	none	passed
ENCFF439RXW	ENCFF439RXW	ENCSR237VSF	ENCSR201RNX	ChromBPNet	selected regions for predicted signal and sequence contribution scores	bigBed	ATAC-seq	none	dendritic-cell	dendritic	immune	immune-system	none	none	passed
ENCFF477ZNM	ENCFF477ZNM	ENCSR648JJT	ENCSR261RRH	ChromBPNet	selected regions for predicted signal and sequence contribution scores	bigBed	ATAC-seq	none	dendritic-cell	dendritic	immune	immune-system	none	none	passed
ENCFF569EQR	ENCFF569EQR	ENCSR222SCA	ENCSR026FFL	ChromBPNet	selected regions for predicted signal and sequence contribution scores	bigBed	ATAC-seq	none	dendritic-cell	dendritic	immune	immune-system	none	none	passed
ENCFF580NOD	ENCFF580NOD	ENCSR329XFZ	ENCSR005GZQ	ChromBPNet	selected regions for predicted signal and sequence contribution scores	bigBed	ATAC-seq	none	dendritic-cell	dendritic	immune	immune-system	none	none	passed
ENCFF596ZGY	ENCFF596ZGY	ENCSR535NOD	ENCSR744ZJP	ChromBPNet	selected regions for predicted signal and sequence contribution scores	bigBed	ATAC-seq	none	dendritic-cell	dendritic	immune	immune-system	none	none	passed
ENCFF633MFO	ENCFF633MFO	ENCSR926GDT	ENCSR861JCR	ChromBPNet	selected regions for predicted signal and sequence contribution scores	bigBed	ATAC-seq	none	dendritic-cell	dendritic	immune	immune-system	none	none	passed
ENCFF688JMF	ENCFF688JMF	ENCSR679NRJ	ENCSR835SKI	ChromBPNet	selected regions for predicted signal and sequence contribution scores	bigBed	ATAC-seq	none	dendritic-cell	dendritic	immune	immune-system	none	none	passed
ENCFF732VCX	ENCFF732VCX	ENCSR926TFY	ENCSR657PZC	ChromBPNet	selected regions for predicted signal and sequence contribution scores	bigBed	ATAC-seq	none	dendritic-cell	dendritic	immune	immune-system	none	none	passed
ENCFF752HJW	ENCFF752HJW	ENCSR940QJU	ENCSR966GIS	ChromBPNet	selected regions for predicted signal and sequence contribution scores	bigBed	ATAC-seq	none	dendritic-cell	dendritic	immune	immune-system	none	none	passed
ENCFF776TYZ	ENCFF776TYZ	ENCSR628SXX	ENCSR375CWA	ChromBPNet	selected regions for predicted signal and sequence contribution scores	bigBed	ATAC-seq	none	dendritic-cell	dendritic	immune	immune-system	none	none	passed
ENCFF784RSN	ENCFF784RSN	ENCSR370QWN	ENCSR602OYM	ChromBPNet	selected regions for predicted signal and sequence contribution scores	bigBed	ATAC-seq	none	dendritic-cell	dendritic	immune	immune-system	none	none	passed
ENCFF871PPF	ENCFF871PPF	ENCSR208NBF	ENCSR842VHJ	ChromBPNet	selected regions for predicted signal and sequence contribution scores	bigBed	ATAC-seq	none	dendritic-cell	dendritic	immune	immune-system	none	none	passed
ENCFF883DUB	ENCFF883DUB	ENCSR904UKR	ENCSR337TNB	ChromBPNet	selected regions for predicted signal and sequence contribution scores	bigBed	ATAC-seq	none	dendritic-cell	dendritic	immune	immune-system	none	none	passed
ENCFF946XTV	ENCFF946XTV	ENCSR544YXV	ENCSR447FVJ	ChromBPNet	selected regions for predicted signal and sequence contribution scores	bigBed	ATAC-seq	none	dendritic-cell	dendritic	immune	immune-system	none	none	passed
ENCFF947IWU	ENCFF947IWU	ENCSR059IHA	ENCSR383KJB	ChromBPNet	selected regions for predicted signal and sequence contribution scores	bigBed	ATAC-seq	none	dendritic-cell	dendritic	immune	immune-system	none	none	passed
ENCFF975ORE	ENCFF975ORE	ENCSR459AYS	ENCSR494NGO	ChromBPNet	selected regions for predicted signal and sequence contribution scores	bigBed	ATAC-seq	none	dendritic-cell	dendritic	immune	immune-system	none	none	passed
ENCFF245BLJ	ENCFF245BLJ	ENCSR000ENY	ENCSR884VBU	ChromBPNet	selected regions for predicted signal and sequence contribution scores	bigBed	DNase-seq	none	dermis-blood-vessel-endothelial-cell	blood	blood	circulatory-system	none	none	passed
ENCFF817RKU	ENCFF817RKU	ENCSR000ENZ	ENCSR221QDT	ChromBPNet	selected regions for predicted signal and sequence contribution scores	bigBed	DNase-seq	none	dermis-blood-vessel-endothelial-cell	blood	blood	circulatory-system	none	none	passed
ENCFF878FIV	ENCFF878FIV	ENCSR000ENX	ENCSR911KKG	ChromBPNet	selected regions for predicted signal and sequence contribution scores	bigBed	DNase-seq	none	dermis-blood-vessel-endothelial-cell	blood	blood	circulatory-system	none	none	passed
ENCFF470XSZ	ENCFF470XSZ	ENCSR000EOA	ENCSR778UOK	ChromBPNet	selected regions for predicted signal and sequence contribution scores	bigBed	DNase-seq	none	dermis-microvascular-lymphatic-vessel-endothelial-cell	lymph	lymph	immune-system	none	none	passed
ENCFF568QSL	ENCFF568QSL	ENCSR000EOB	ENCSR980UZA	ChromBPNet	selected regions for predicted signal and sequence contribution scores	bigBed	DNase-seq	none	dermis-microvascular-lymphatic-vessel-endothelial-cell	lymph	lymph	immune-system	none	none	passed
ENCFF016TCF	ENCFF016TCF	ENCSR921PPJ	ENCSR828GVT	ChromBPNet	selected regions for predicted signal and sequence contribution scores	bigBed	DNase-seq	none	dorsolateral-prefrontal-cortex	prefrontal	brain	central-nervous-system	none	none	passed
ENCFF022OUT	ENCFF022OUT	ENCSR340XQX	ENCSR073RCM	ChromBPNet	selected regions for predicted signal and sequence contribution scores	bigBed	DNase-seq	none	dorsolateral-prefrontal-cortex	prefrontal	brain	central-nervous-system	none	none	passed
ENCFF039JGC	ENCFF039JGC	ENCSR670BGI	ENCSR731MTZ	ChromBPNet	selected regions for predicted signal and sequence contribution scores	bigBed	DNase-seq	none	dorsolateral-prefrontal-cortex	prefrontal	brain	central-nervous-system	none	none	passed
ENCFF074YTI	ENCFF074YTI	ENCSR645HET	ENCSR131DAY	ChromBPNet	selected regions for predicted signal and sequence contribution scores	bigBed	DNase-seq	none	dorsolateral-prefrontal-cortex	prefrontal	brain	central-nervous-system	none	none	passed
ENCFF076AXR	ENCFF076AXR	ENCSR498RLX	ENCSR261LIM	ChromBPNet	selected regions for predicted signal and sequence contribution scores	bigBed	DNase-seq	none	dorsolateral-prefrontal-cortex	prefrontal	brain	central-nervous-system	none	none	passed
ENCFF079WZY	ENCFF079WZY	ENCSR928PKL	ENCSR180LWS	ChromBPNet	selected regions for predicted signal and sequence contribution scores	bigBed	DNase-seq	none	dorsolateral-prefrontal-cortex	prefrontal	brain	central-nervous-system	none	none	passed
ENCFF084SVE	ENCFF084SVE	ENCSR819GAF	ENCSR421KYK	ChromBPNet	selected regions for predicted signal and sequence contribution scores	bigBed	DNase-seq	none	dorsolateral-prefrontal-cortex	prefrontal	brain	central-nervous-system	none	none	passed
ENCFF089WRI	ENCFF089WRI	ENCSR428ZCP	ENCSR835NKB	ChromBPNet	selected regions for predicted signal and sequence contribution scores	bigBed	DNase-seq	none	dorsolateral-prefrontal-cortex	prefrontal	brain	central-nervous-system	none	none	passed
ENCFF112KYE	ENCFF112KYE	ENCSR686LOE	ENCSR654MGS	ChromBPNet	selected regions for predicted signal and sequence contribution scores	bigBed	DNase-seq	none	dorsolateral-prefrontal-cortex	prefrontal	brain	central-nervous-system	none	none	passed
ENCFF152URM	ENCFF152URM	ENCSR001QTZ	ENCSR673LHA	ChromBPNet	selected regions for predicted signal and sequence contribution scores	bigBed	DNase-seq	none	dorsolateral-prefrontal-cortex	prefrontal	brain	central-nervous-system	none	none	passed
ENCFF162PZM	ENCFF162PZM	ENCSR426KLJ	ENCSR968WVY	ChromBPNet	selected regions for predicted signal and sequence contribution scores	bigBed	DNase-seq	none	dorsolateral-prefrontal-cortex	prefrontal	brain	central-nervous-system	none	none	passed
ENCFF162QAA	ENCFF162QAA	ENCSR571CJM	ENCSR262FCJ	ChromBPNet	selected regions for predicted signal and sequence contribution scores	bigBed	DNase-seq	none	dorsolateral-prefrontal-cortex	prefrontal	brain	central-nervous-system	none	none	passed
ENCFF167TEO	ENCFF167TEO	ENCSR839RAJ	ENCSR309NTI	ChromBPNet	selected regions for predicted signal and sequence contribution scores	bigBed	DNase-seq	none	dorsolateral-prefrontal-cortex	prefrontal	brain	central-nervous-system	none	none	passed
ENCFF169TJJ	ENCFF169TJJ	ENCSR532DBH	ENCSR997KIT	ChromBPNet	selected regions for predicted signal and sequence contribution scores	bigBed	DNase-seq	none	dorsolateral-prefrontal-cortex	prefrontal	brain	central-nervous-system	none	none	passed
ENCFF191HJK	ENCFF191HJK	ENCSR209ECO	ENCSR537KZP	ChromBPNet	selected regions for predicted signal and sequence contribution scores	bigBed	DNase-seq	none	dorsolateral-prefrontal-cortex	prefrontal	brain	central-nervous-system	none	none	passed
ENCFF297GNV	ENCFF297GNV	ENCSR059NIN	ENCSR686YEI	ChromBPNet	selected regions for predicted signal and sequence contribution scores	bigBed	DNase-seq	none	dorsolateral-prefrontal-cortex	prefrontal	brain	central-nervous-system	none	none	passed
ENCFF314GHX	ENCFF314GHX	ENCSR880CUB	ENCSR425DRZ	ChromBPNet	selected regions for predicted signal and sequence contribution scores	bigBed	DNase-seq	none	dorsolateral-prefrontal-cortex	prefrontal	brain	central-nervous-system	none	none	passed
ENCFF315TZC	ENCFF315TZC	ENCSR215DXT	ENCSR541ABF	ChromBPNet	selected regions for predicted signal and sequence contribution scores	bigBed	DNase-seq	none	dorsolateral-prefrontal-cortex	prefrontal	brain	central-nervous-system	none	none	passed
ENCFF322QAK	ENCFF322QAK	ENCSR329FAP	ENCSR946QXD	ChromBPNet	selected regions for predicted signal and sequence contribution scores	bigBed	DNase-seq	none	dorsolateral-prefrontal-cortex	prefrontal	brain	central-nervous-system	none	none	passed
ENCFF372YGF	ENCFF372YGF	ENCSR006MAW	ENCSR653LBE	ChromBPNet	selected regions for predicted signal and sequence contribution scores	bigBed	DNase-seq	none	dorsolateral-prefrontal-cortex	prefrontal	brain	central-nervous-system	none	none	passed
ENCFF398PQH	ENCFF398PQH	ENCSR849WGE	ENCSR355TZK	ChromBPNet	selected regions for predicted signal and sequence contribution scores	bigBed	DNase-seq	none	dorsolateral-prefrontal-cortex	prefrontal	brain	central-nervous-system	none	none	passed
ENCFF400TFT	ENCFF400TFT	ENCSR221ROM	ENCSR954WIR	ChromBPNet	selected regions for predicted signal and sequence contribution scores	bigBed	DNase-seq	none	dorsolateral-prefrontal-cortex	prefrontal	brain	central-nervous-system	none	none	passed
ENCFF431QOT	ENCFF431QOT	ENCSR490UQP	ENCSR154JQI	ChromBPNet	selected regions for predicted signal and sequence contribution scores	bigBed	DNase-seq	none	dorsolateral-prefrontal-cortex	prefrontal	brain	central-nervous-system	none	none	passed
ENCFF503TNX	ENCFF503TNX	ENCSR811OUF	ENCSR682NOF	ChromBPNet	selected regions for predicted signal and sequence contribution scores	bigBed	DNase-seq	none	dorsolateral-prefrontal-cortex	prefrontal	brain	central-nervous-system	none	none	passed
ENCFF519MFS	ENCFF519MFS	ENCSR124IMM	ENCSR413YAP	ChromBPNet	selected regions for predicted signal and sequence contribution scores	bigBed	DNase-seq	none	dorsolateral-prefrontal-cortex	prefrontal	brain	central-nervous-system	none	none	passed
ENCFF541SMV	ENCFF541SMV	ENCSR518WRP	ENCSR243NFZ	ChromBPNet	selected regions for predicted signal and sequence contribution scores	bigBed	DNase-seq	none	dorsolateral-prefrontal-cortex	prefrontal	brain	central-nervous-system	none	none	passed
ENCFF545GWC	ENCFF545GWC	ENCSR351FWN	ENCSR316BOA	ChromBPNet	selected regions for predicted signal and sequence contribution scores	bigBed	DNase-seq	none	dorsolateral-prefrontal-cortex	prefrontal	brain	central-nervous-system	none	none	passed
ENCFF562YRT	ENCFF562YRT	ENCSR865CYW	ENCSR708JEN	ChromBPNet	selected regions for predicted signal and sequence contribution scores	bigBed	DNase-seq	none	dorsolateral-prefrontal-cortex	prefrontal	brain	central-nervous-system	none	none	passed
ENCFF569OIN	ENCFF569OIN	ENCSR173YSO	ENCSR142NSU	ChromBPNet	selected regions for predicted signal and sequence contribution scores	bigBed	DNase-seq	none	dorsolateral-prefrontal-cortex	prefrontal	brain	central-nervous-system	none	none	passed
ENCFF576VZN	ENCFF576VZN	ENCSR832XVZ	ENCSR514NIZ	ChromBPNet	selected regions for predicted signal and sequence contribution scores	bigBed	DNase-seq	none	dorsolateral-prefrontal-cortex	prefrontal	brain	central-nervous-system	none	none	passed
ENCFF580XPS	ENCFF580XPS	ENCSR014GTH	ENCSR794JFO	ChromBPNet	selected regions for predicted signal and sequence contribution scores	bigBed	DNase-seq	none	dorsolateral-prefrontal-cortex	prefrontal	brain	central-nervous-system	none	none	passed
ENCFF611TKO	ENCFF611TKO	ENCSR306LNA	ENCSR950QGN	ChromBPNet	selected regions for predicted signal and sequence contribution scores	bigBed	DNase-seq	none	dorsolateral-prefrontal-cortex	prefrontal	brain	central-nervous-system	none	none	passed
ENCFF619XAJ	ENCFF619XAJ	ENCSR617SVO	ENCSR867GZJ	ChromBPNet	selected regions for predicted signal and sequence contribution scores	bigBed	DNase-seq	none	dorsolateral-prefrontal-cortex	prefrontal	brain	central-nervous-system	none	none	passed
ENCFF641ZDB	ENCFF641ZDB	ENCSR661AMM	ENCSR430WUE	ChromBPNet	selected regions for predicted signal and sequence contribution scores	bigBed	DNase-seq	none	dorsolateral-prefrontal-cortex	prefrontal	brain	central-nervous-system	none	none	passed
ENCFF642JZH	ENCFF642JZH	ENCSR060MJY	ENCSR377KWB	ChromBPNet	selected regions for predicted signal and sequence contribution scores	bigBed	DNase-seq	none	dorsolateral-prefrontal-cortex	prefrontal	brain	central-nervous-system	none	none	passed
ENCFF708URB	ENCFF708URB	ENCSR796YOJ	ENCSR692SGA	ChromBPNet	selected regions for predicted signal and sequence contribution scores	bigBed	DNase-seq	none	dorsolateral-prefrontal-cortex	prefrontal	brain	central-nervous-system	none	none	passed
ENCFF740ECN	ENCFF740ECN	ENCSR606QDB	ENCSR834WHJ	ChromBPNet	selected regions for predicted signal and sequence contribution scores	bigBed	DNase-seq	none	dorsolateral-prefrontal-cortex	prefrontal	brain	central-nervous-system	none	none	passed
ENCFF741PPD	ENCFF741PPD	ENCSR210ESN	ENCSR626SYC	ChromBPNet	selected regions for predicted signal and sequence contribution scores	bigBed	DNase-seq	none	dorsolateral-prefrontal-cortex	prefrontal	brain	central-nervous-system	none	none	passed
ENCFF743OOX	ENCFF743OOX	ENCSR401UZL	ENCSR187CII	ChromBPNet	selected regions for predicted signal and sequence contribution scores	bigBed	DNase-seq	none	dorsolateral-prefrontal-cortex	prefrontal	brain	central-nervous-system	none	none	passed
ENCFF842KJW	ENCFF842KJW	ENCSR022UVL	ENCSR405IYL	ChromBPNet	selected regions for predicted signal and sequence contribution scores	bigBed	DNase-seq	none	dorsolateral-prefrontal-cortex	prefrontal	brain	central-nervous-system	none	none	passed
ENCFF846COH	ENCFF846COH	ENCSR800MBE	ENCSR286DZK	ChromBPNet	selected regions for predicted signal and sequence contribution scores	bigBed	DNase-seq	none	dorsolateral-prefrontal-cortex	prefrontal	brain	central-nervous-system	none	none	passed
ENCFF857EWL	ENCFF857EWL	ENCSR570BWW	ENCSR317UTQ	ChromBPNet	selected regions for predicted signal and sequence contribution scores	bigBed	DNase-seq	none	dorsolateral-prefrontal-cortex	prefrontal	brain	central-nervous-system	none	none	passed
ENCFF879DCP	ENCFF879DCP	ENCSR386XPD	ENCSR694SDG	ChromBPNet	selected regions for predicted signal and sequence contribution scores	bigBed	DNase-seq	none	dorsolateral-prefrontal-cortex	prefrontal	brain	central-nervous-system	none	none	passed
ENCFF882YYD	ENCFF882YYD	ENCSR800KVI	ENCSR152IAX	ChromBPNet	selected regions for predicted signal and sequence contribution scores	bigBed	DNase-seq	none	dorsolateral-prefrontal-cortex	prefrontal	brain	central-nervous-system	none	none	passed
ENCFF901MYF	ENCFF901MYF	ENCSR879XUH	ENCSR355GMV	ChromBPNet	selected regions for predicted signal and sequence contribution scores	bigBed	DNase-seq	none	dorsolateral-prefrontal-cortex	prefrontal	brain	central-nervous-system	none	none	passed
ENCFF903IIY	ENCFF903IIY	ENCSR805RJA	ENCSR022HSN	ChromBPNet	selected regions for predicted signal and sequence contribution scores	bigBed	DNase-seq	none	dorsolateral-prefrontal-cortex	prefrontal	brain	central-nervous-system	none	none	passed
ENCFF975PSH	ENCFF975PSH	ENCSR785MXI	ENCSR476OZB	ChromBPNet	selected regions for predicted signal and sequence contribution scores	bigBed	DNase-seq	none	dorsolateral-prefrontal-cortex	prefrontal	brain	central-nervous-system	none	none	passed
ENCFF975XWD	ENCFF975XWD	ENCSR749WVO	ENCSR780JVF	ChromBPNet	selected regions for predicted signal and sequence contribution scores	bigBed	DNase-seq	none	dorsolateral-prefrontal-cortex	prefrontal	brain	central-nervous-system	none	none	passed
ENCFF994CTT	ENCFF994CTT	ENCSR904LMG	ENCSR095YZQ	ChromBPNet	selected regions for predicted signal and sequence contribution scores	bigBed	DNase-seq	none	dorsolateral-prefrontal-cortex	prefrontal	brain	central-nervous-system	none	none	passed
ENCFF373BWV	ENCFF373BWV	ENCSR360XIS	ENCSR384XMQ	ChromBPNet	selected regions for predicted signal and sequence contribution scores	bigBed	DNase-seq	none	ecto-neural-progenitor-cell	neural	nerve	central-nervous-system	none	none	passed
ENCFF375CQN	ENCFF375CQN	ENCSR582QEW	ENCSR560YXB	ChromBPNet	selected regions for predicted signal and sequence contribution scores	bigBed	DNase-seq	none	effector-memory-CD4-positive,-alpha-beta-T-cell	t-cell	immune	immune-system	none	none	passed
ENCFF733EJZ	ENCFF733EJZ	ENCSR607EJV	ENCSR985UCJ	ChromBPNet	selected regions for predicted signal and sequence contribution scores	bigBed	DNase-seq	none	effector-memory-CD4-positive,-alpha-beta-T-cell	t-cell	immune	immune-system	none	none	passed
ENCFF808XFK	ENCFF808XFK	ENCSR724INK	ENCSR869TPR	ChromBPNet	selected regions for predicted signal and sequence contribution scores	bigBed	DNase-seq	none	effector-memory-CD4-positive,-alpha-beta-T-cell	t-cell	immune	immune-system	none	none	passed
ENCFF019VFH	ENCFF019VFH	ENCSR019XCN	ENCSR564YQY	ChromBPNet	selected regions for predicted signal and sequence contribution scores	bigBed	ATAC-seq	none	effector-memory-CD8-positive,-alpha-beta-T-cell	t-cell	immune	immune-system	none	none	passed
ENCFF377RHO	ENCFF377RHO	ENCSR392YGP	ENCSR338IET	ChromBPNet	selected regions for predicted signal and sequence contribution scores	bigBed	ATAC-seq	none	effector-memory-CD8-positive,-alpha-beta-T-cell	t-cell	immune	immune-system	none	none	passed
ENCFF413YDL	ENCFF413YDL	ENCSR435NHO	ENCSR665XRD	ChromBPNet	selected regions for predicted signal and sequence contribution scores	bigBed	DNase-seq	none	embryonic-facial-prominence	embryonic	stem-cell	developmental-system	none	none	passed
ENCFF294RRS	ENCFF294RRS	ENCSR940CXU	ENCSR025YKH	ChromBPNet	selected regions for predicted signal and sequence contribution scores	bigBed	DNase-seq	none	endodermal-cell	endoderm	endodermal	developmental-system	none	none	passed
ENCFF406SYS	ENCFF406SYS	ENCSR166KPV	ENCSR878LZM	ChromBPNet	selected regions for predicted signal and sequence contribution scores	bigBed	DNase-seq	none	endodermal-cell	endoderm	endodermal	developmental-system	none	none	passed
ENCFF342JKP	ENCFF342JKP	ENCSR541IET	ENCSR042WJQ	ChromBPNet	selected regions for predicted signal and sequence contribution scores	bigBed	DNase-seq	none	endothelial-cell	endothelial	blood-vessel	circulatory-system	none	none	passed
ENCFF813TPP	ENCFF813TPP	ENCSR000EOQ	ENCSR646VRX	ChromBPNet	selected regions for predicted signal and sequence contribution scores	bigBed	DNase-seq	none	endothelial-cell-of-umbilical-vein	endothelial	blood-vessel	circulatory-system	none	none	passed
ENCFF007IVK	ENCFF007IVK	ENCSR000EPU	ENCSR308JFW	ChromBPNet	selected regions for predicted signal and sequence contribution scores	bigBed	DNase-seq	none	epithelial-cell-of-prostate	epithelial	epithelial	integumental-system	none	none	passed
ENCFF143IWQ	ENCFF143IWQ	ENCSR303PWB	ENCSR014REV	ChromBPNet	selected regions for predicted signal and sequence contribution scores	bigBed	ATAC-seq	none	esophagus-mucosa	esophag	stomach	digestive-system	none	none	passed
ENCFF959GYP	ENCFF959GYP	ENCSR609GST	ENCSR819FQP	ChromBPNet	selected regions for predicted signal and sequence contribution scores	bigBed	ATAC-seq	none	esophagus-muscularis-mucosa	esophag	stomach	digestive-system	none	none	passed
ENCFF948VWM	ENCFF948VWM	ENCSR096BPX	ENCSR008JSY	ChromBPNet	selected regions for predicted signal and sequence contribution scores	bigBed	ATAC-seq	none	esophagus-squamous-epithelium	esophag	stomach	digestive-system	none	none	passed
ENCFF810LQT	ENCFF810LQT	ENCSR127PWK	ENCSR471AVR	ChromBPNet	selected regions for predicted signal and sequence contribution scores	bigBed	DNase-seq	none	eye	eye	eye	sensory-system	none	none	passed
ENCFF248SGL	ENCFF248SGL	ENCSR212LAZ	ENCSR870FAP	ChromBPNet	selected regions for predicted signal and sequence contribution scores	bigBed	ATAC-seq	none	fallopian-tube	fallopian	ovary	reproductive-system	none	none	passed
ENCFF609DJQ	ENCFF609DJQ	ENCSR565DSD	ENCSR370PQR	ChromBPNet	selected regions for predicted signal and sequence contribution scores	bigBed	ATAC-seq	none	fallopian-tube	fallopian	ovary	reproductive-system	none	none	passed
ENCFF667URS	ENCFF667URS	ENCSR238VHV	ENCSR520YSU	ChromBPNet	selected regions for predicted signal and sequence contribution scores	bigBed	ATAC-seq	none	fallopian-tube	fallopian	ovary	reproductive-system	none	none	passed
ENCFF920HSI	ENCFF920HSI	ENCSR805XIF	ENCSR685CQX	ChromBPNet	selected regions for predicted signal and sequence contribution scores	bigBed	DNase-seq	none	femur	femur	bone	skeletal-system	none	none	passed
ENCFF097NJZ	ENCFF097NJZ	ENCSR000ENS	ENCSR539QSE	ChromBPNet	selected regions for predicted signal and sequence contribution scores	bigBed	DNase-seq	none	fibroblast-of-gingiva	fibroblast	fibroblast	integumental-system	none	none	passed
ENCFF966SCC	ENCFF966SCC	ENCSR000EOJ	ENCSR350ZBB	ChromBPNet	selected regions for predicted signal and sequence contribution scores	bigBed	DNase-seq	none	fibroblast-of-lung	fibroblast	fibroblast	integumental-system	none	none	passed
ENCFF157YVL	ENCFF157YVL	ENCSR000ENW	ENCSR396YBJ	ChromBPNet	selected regions for predicted signal and sequence contribution scores	bigBed	DNase-seq	none	fibroblast-of-mammary-gland	fibroblast	fibroblast	integumental-system	none	none	passed
ENCFF032QSA	ENCFF032QSA	ENCSR000EOH	ENCSR008KMQ	ChromBPNet	selected regions for predicted signal and sequence contribution scores	bigBed	DNase-seq	none	fibroblast-of-pulmonary-artery	fibroblast	fibroblast	integumental-system	none	none	passed
ENCFF140UVZ	ENCFF140UVZ	ENCSR176KYD	ENCSR214ZOR	ChromBPNet	selected regions for predicted signal and sequence contribution scores	bigBed	DNase-seq	none	fibroblast-of-skin-of-abdomen	fibroblast	fibroblast	integumental-system	none	none	passed
ENCFF313DCA	ENCFF313DCA	ENCSR622TWS	ENCSR651HIG	ChromBPNet	selected regions for predicted signal and sequence contribution scores	bigBed	DNase-seq	none	fibroblast-of-skin-of-abdomen	fibroblast	fibroblast	integumental-system	none	none	passed
ENCFF575SQE	ENCFF575SQE	ENCSR184LMY	ENCSR517LPY	ChromBPNet	selected regions for predicted signal and sequence contribution scores	bigBed	DNase-seq	none	fibroblast-of-skin-of-back	fibroblast	fibroblast	integumental-system	none	none	passed
ENCFF332KZE	ENCFF332KZE	ENCSR648GDP	ENCSR299KST	ChromBPNet	selected regions for predicted signal and sequence contribution scores	bigBed	DNase-seq	none	fibroblast-of-skin-of-left-biceps	fibroblast	fibroblast	integumental-system	none	none	passed
ENCFF475FQD	ENCFF475FQD	ENCSR562ACY	ENCSR271ZXE	ChromBPNet	selected regions for predicted signal and sequence contribution scores	bigBed	DNase-seq	none	fibroblast-of-skin-of-left-biceps	fibroblast	fibroblast	integumental-system	none	none	passed
ENCFF452FCX	ENCFF452FCX	ENCSR555TFE	ENCSR779CZR	ChromBPNet	selected regions for predicted signal and sequence contribution scores	bigBed	DNase-seq	none	fibroblast-of-skin-of-left-quadriceps	fibroblast	fibroblast	integumental-system	none	none	passed
ENCFF512HMT	ENCFF512HMT	ENCSR371KRY	ENCSR239BBH	ChromBPNet	selected regions for predicted signal and sequence contribution scores	bigBed	DNase-seq	none	fibroblast-of-skin-of-left-quadriceps	fibroblast	fibroblast	integumental-system	none	none	passed
ENCFF419DBI	ENCFF419DBI	ENCSR383BLX	ENCSR722JCB	ChromBPNet	selected regions for predicted signal and sequence contribution scores	bigBed	DNase-seq	none	fibroblast-of-skin-of-right-biceps	fibroblast	fibroblast	integumental-system	none	none	passed
ENCFF144WZT	ENCFF144WZT	ENCSR217RVH	ENCSR823PNJ	ChromBPNet	selected regions for predicted signal and sequence contribution scores	bigBed	DNase-seq	none	fibroblast-of-skin-of-right-quadriceps	fibroblast	fibroblast	integumental-system	none	none	passed
ENCFF021RAU	ENCFF021RAU	ENCSR360LBD	ENCSR254QIH	ChromBPNet	selected regions for predicted signal and sequence contribution scores	bigBed	DNase-seq	none	fibroblast-of-skin-of-scalp	fibroblast	fibroblast	integumental-system	none	none	passed
ENCFF865HUV	ENCFF865HUV	ENCSR770DEN	ENCSR699TFI	ChromBPNet	selected regions for predicted signal and sequence contribution scores	bigBed	DNase-seq	none	fibroblast-of-skin-of-scalp	fibroblast	fibroblast	integumental-system	none	none	passed
ENCFF584VPA	ENCFF584VPA	ENCSR000ENK	ENCSR180SFJ	ChromBPNet	selected regions for predicted signal and sequence contribution scores	bigBed	DNase-seq	none	fibroblast-of-the-conjunctiva	fibroblast	fibroblast	integumental-system	none	none	passed
ENCFF735MEM	ENCFF735MEM	ENCSR670VQZ	ENCSR699HYM	ChromBPNet	selected regions for predicted signal and sequence contribution scores	bigBed	DNase-seq	none	fibroblast-of-upper-back-skin	fibroblast	fibroblast	integumental-system	none	none	passed
ENCFF778YQU	ENCFF778YQU	ENCSR325LYJ	ENCSR105QNI	ChromBPNet	selected regions for predicted signal and sequence contribution scores	bigBed	DNase-seq	none	fibroblast-of-upper-back-skin	fibroblast	fibroblast	integumental-system	none	none	passed
ENCFF049NMG	ENCFF049NMG	ENCSR000EOR	ENCSR918KKY	ChromBPNet	selected regions for predicted signal and sequence contribution scores	bigBed	DNase-seq	none	fibroblast-of-villous-mesenchyme	fibroblast	fibroblast	integumental-system	none	none	passed
ENCFF086PAM	ENCFF086PAM	ENCSR166TEE	ENCSR193XJI	ChromBPNet	selected regions for predicted signal and sequence contribution scores	bigBed	DNase-seq	none	forelimb-muscle	limb	limb	skeletal-system	none	none	passed
ENCFF171AJB	ENCFF171AJB	ENCSR153LHP	ENCSR869YPU	ChromBPNet	selected regions for predicted signal and sequence contribution scores	bigBed	DNase-seq	none	foreskin-fibroblast	fibroblast	fibroblast	integumental-system	none	none	passed
ENCFF886IIQ	ENCFF886IIQ	ENCSR000ENQ	ENCSR999AEB	ChromBPNet	selected regions for predicted signal and sequence contribution scores	bigBed	DNase-seq	none	foreskin-fibroblast	fibroblast	fibroblast	integumental-system	none	none	passed
ENCFF896SVG	ENCFF896SVG	ENCSR251UPG	ENCSR205CAI	ChromBPNet	selected regions for predicted signal and sequence contribution scores	bigBed	DNase-seq	none	foreskin-fibroblast	fibroblast	fibroblast	integumental-system	none	none	passed
ENCFF770UIX	ENCFF770UIX	ENCSR356KRQ	ENCSR280GJX	ChromBPNet	selected regions for predicted signal and sequence contribution scores	bigBed	ATAC-seq	none	foreskin-keratinocyte	skin	skin	integumental-system	none	none	passed
ENCFF930FMM	ENCFF930FMM	ENCSR724CND	ENCSR208XNH	ChromBPNet	selected regions for predicted signal and sequence contribution scores	bigBed	DNase-seq	none	foreskin-keratinocyte	skin	skin	integumental-system	none	none	passed
ENCFF093KZK	ENCFF093KZK	ENCSR518JGY	ENCSR986BUJ	ChromBPNet	selected regions for predicted signal and sequence contribution scores	bigBed	DNase-seq	none	foreskin-melanocyte	skin	skin	integumental-system	none	none	passed
ENCFF957RUC	ENCFF957RUC	ENCSR434OBM	ENCSR097YNL	ChromBPNet	selected regions for predicted signal and sequence contribution scores	bigBed	DNase-seq	none	foreskin-melanocyte	skin	skin	integumental-system	none	none	passed
ENCFF078INQ	ENCFF078INQ	ENCSR258JCL	ENCSR328JBY	ChromBPNet	selected regions for predicted signal and sequence contribution scores	bigBed	ATAC-seq	none	gastrocnemius-medialis	medialis	muscle	musculature	none	none	passed
ENCFF194ZJK	ENCFF194ZJK	ENCSR823ZCR	ENCSR261SKQ	ChromBPNet	selected regions for predicted signal and sequence contribution scores	bigBed	ATAC-seq	none	gastrocnemius-medialis	medialis	muscle	musculature	none	none	passed
ENCFF515DDC	ENCFF515DDC	ENCSR308HPZ	ENCSR905YHT	ChromBPNet	selected regions for predicted signal and sequence contribution scores	bigBed	ATAC-seq	none	gastrocnemius-medialis	medialis	muscle	musculature	none	none	passed
ENCFF992WSU	ENCFF992WSU	ENCSR689SDA	ENCSR972MFI	ChromBPNet	selected regions for predicted signal and sequence contribution scores	bigBed	ATAC-seq	none	gastrocnemius-medialis	medialis	muscle	musculature	none	none	passed
ENCFF399AGF	ENCFF399AGF	ENCSR686WJL	ENCSR048SMK	ChromBPNet	selected regions for predicted signal and sequence contribution scores	bigBed	DNase-seq	none	gastrocnemius-medialis	medialis	muscle	musculature	none	none	passed
ENCFF523WLE	ENCFF523WLE	ENCSR791BHE	ENCSR906QLN	ChromBPNet	selected regions for predicted signal and sequence contribution scores	bigBed	DNase-seq	none	gastrocnemius-medialis	medialis	muscle	musculature	none	none	passed
ENCFF626JBK	ENCFF626JBK	ENCSR171ADO	ENCSR968OAS	ChromBPNet	selected regions for predicted signal and sequence contribution scores	bigBed	DNase-seq	none	gastrocnemius-medialis	medialis	muscle	musculature	none	none	passed
ENCFF662AIE	ENCFF662AIE	ENCSR520BAD	ENCSR037PCU	ChromBPNet	selected regions for predicted signal and sequence contribution scores	bigBed	DNase-seq	none	gastrocnemius-medialis	medialis	muscle	musculature	none	none	passed
ENCFF347NSD	ENCFF347NSD	ENCSR260ZIV	ENCSR200XHH	ChromBPNet	selected regions for predicted signal and sequence contribution scores	bigBed	ATAC-seq	none	gastroesophageal-sphincter	esophag	stomach	digestive-system	none	none	passed
ENCFF472ZTX	ENCFF472ZTX	ENCSR670REK	ENCSR306DOD	ChromBPNet	selected regions for predicted signal and sequence contribution scores	bigBed	ATAC-seq	none	gastroesophageal-sphincter	esophag	stomach	digestive-system	none	none	passed
ENCFF570ANM	ENCFF570ANM	ENCSR771DAX	ENCSR741ZJG	ChromBPNet	selected regions for predicted signal and sequence contribution scores	bigBed	DNase-seq	none	globus-pallidus	pallidus	brain	central-nervous-system	none	none	passed
ENCFF033BIR	ENCFF033BIR	ENCSR000EOM	ENCSR405OPV	ChromBPNet	selected regions for predicted signal and sequence contribution scores	bigBed	DNase-seq	none	glomerular-endothelial-cell	endothelial	blood-vessel	circulatory-system	none	none	passed
ENCFF428HES	ENCFF428HES	ENCSR109RIQ	ENCSR369ZTD	ChromBPNet	selected regions for predicted signal and sequence contribution scores	bigBed	DNase-seq	none	glutamatergic-neuron	neuron	nerve	central-nervous-system	none	none	passed
ENCFF014LBR	ENCFF014LBR	ENCSR722HJG	ENCSR160HBG	ChromBPNet	selected regions for predicted signal and sequence contribution scores	bigBed	DNase-seq	none	head-of-caudate-nucleus	caudate	brain	central-nervous-system	none	none	passed
ENCFF018CGL	ENCFF018CGL	ENCSR688AWP	ENCSR136YYL	ChromBPNet	selected regions for predicted signal and sequence contribution scores	bigBed	DNase-seq	none	head-of-caudate-nucleus	caudate	brain	central-nervous-system	none	none	passed
ENCFF018LLW	ENCFF018LLW	ENCSR311EEL	ENCSR278XXC	ChromBPNet	selected regions for predicted signal and sequence contribution scores	bigBed	DNase-seq	none	head-of-caudate-nucleus	caudate	brain	central-nervous-system	none	none	passed
ENCFF019SKQ	ENCFF019SKQ	ENCSR895TUV	ENCSR191ZIX	ChromBPNet	selected regions for predicted signal and sequence contribution scores	bigBed	DNase-seq	none	head-of-caudate-nucleus	caudate	brain	central-nervous-system	none	none	passed
ENCFF033SOI	ENCFF033SOI	ENCSR440BPA	ENCSR750RJR	ChromBPNet	selected regions for predicted signal and sequence contribution scores	bigBed	DNase-seq	none	head-of-caudate-nucleus	caudate	brain	central-nervous-system	none	none	passed
ENCFF040ENU	ENCFF040ENU	ENCSR483HUW	ENCSR459DVB	ChromBPNet	selected regions for predicted signal and sequence contribution scores	bigBed	DNase-seq	none	head-of-caudate-nucleus	caudate	brain	central-nervous-system	none	none	passed
ENCFF067EBY	ENCFF067EBY	ENCSR516RTV	ENCSR647COV	ChromBPNet	selected regions for predicted signal and sequence contribution scores	bigBed	DNase-seq	none	head-of-caudate-nucleus	caudate	brain	central-nervous-system	none	none	passed
ENCFF079BJK	ENCFF079BJK	ENCSR042DVU	ENCSR162JGS	ChromBPNet	selected regions for predicted signal and sequence contribution scores	bigBed	DNase-seq	none	head-of-caudate-nucleus	caudate	brain	central-nervous-system	none	none	passed
ENCFF082GNN	ENCFF082GNN	ENCSR233DFT	ENCSR745PGS	ChromBPNet	selected regions for predicted signal and sequence contribution scores	bigBed	DNase-seq	none	head-of-caudate-nucleus	caudate	brain	central-nervous-system	none	none	passed
ENCFF088YLE	ENCFF088YLE	ENCSR802NBC	ENCSR292VYW	ChromBPNet	selected regions for predicted signal and sequence contribution scores	bigBed	DNase-seq	none	head-of-caudate-nucleus	caudate	brain	central-nervous-system	none	none	passed
ENCFF100LJZ	ENCFF100LJZ	ENCSR176BPJ	ENCSR600CTA	ChromBPNet	selected regions for predicted signal and sequence contribution scores	bigBed	DNase-seq	none	head-of-caudate-nucleus	caudate	brain	central-nervous-system	none	none	passed
ENCFF108WRF	ENCFF108WRF	ENCSR775KLH	ENCSR749LTJ	ChromBPNet	selected regions for predicted signal and sequence contribution scores	bigBed	DNase-seq	none	head-of-caudate-nucleus	caudate	brain	central-nervous-system	none	none	passed
ENCFF116VOB	ENCFF116VOB	ENCSR373TLU	ENCSR111AGB	ChromBPNet	selected regions for predicted signal and sequence contribution scores	bigBed	DNase-seq	none	head-of-caudate-nucleus	caudate	brain	central-nervous-system	none	none	passed
ENCFF143FLI	ENCFF143FLI	ENCSR659JPP	ENCSR265GDY	ChromBPNet	selected regions for predicted signal and sequence contribution scores	bigBed	DNase-seq	none	head-of-caudate-nucleus	caudate	brain	central-nervous-system	none	none	passed
ENCFF144EXK	ENCFF144EXK	ENCSR814DYF	ENCSR471RJZ	ChromBPNet	selected regions for predicted signal and sequence contribution scores	bigBed	DNase-seq	none	head-of-caudate-nucleus	caudate	brain	central-nervous-system	none	none	passed
ENCFF190HZT	ENCFF190HZT	ENCSR024BXN	ENCSR593KEP	ChromBPNet	selected regions for predicted signal and sequence contribution scores	bigBed	DNase-seq	none	head-of-caudate-nucleus	caudate	brain	central-nervous-system	none	none	passed
ENCFF197LZC	ENCFF197LZC	ENCSR742HBK	ENCSR831KWY	ChromBPNet	selected regions for predicted signal and sequence contribution scores	bigBed	DNase-seq	none	head-of-caudate-nucleus	caudate	brain	central-nervous-system	none	none	passed
ENCFF208QPO	ENCFF208QPO	ENCSR400MOP	ENCSR486XFF	ChromBPNet	selected regions for predicted signal and sequence contribution scores	bigBed	DNase-seq	none	head-of-caudate-nucleus	caudate	brain	central-nervous-system	none	none	passed
ENCFF208VIL	ENCFF208VIL	ENCSR849CYU	ENCSR157PLP	ChromBPNet	selected regions for predicted signal and sequence contribution scores	bigBed	DNase-seq	none	head-of-caudate-nucleus	caudate	brain	central-nervous-system	none	none	passed
ENCFF231FBY	ENCFF231FBY	ENCSR916MHX	ENCSR064HTM	ChromBPNet	selected regions for predicted signal and sequence contribution scores	bigBed	DNase-seq	none	head-of-caudate-nucleus	caudate	brain	central-nervous-system	none	none	passed
ENCFF283XMG	ENCFF283XMG	ENCSR717BBR	ENCSR883PJQ	ChromBPNet	selected regions for predicted signal and sequence contribution scores	bigBed	DNase-seq	none	head-of-caudate-nucleus	caudate	brain	central-nervous-system	none	none	passed
ENCFF292NZA	ENCFF292NZA	ENCSR134IUJ	ENCSR022LQT	ChromBPNet	selected regions for predicted signal and sequence contribution scores	bigBed	DNase-seq	none	head-of-caudate-nucleus	caudate	brain	central-nervous-system	none	none	passed
ENCFF307FBI	ENCFF307FBI	ENCSR432QFU	ENCSR668KQQ	ChromBPNet	selected regions for predicted signal and sequence contribution scores	bigBed	DNase-seq	none	head-of-caudate-nucleus	caudate	brain	central-nervous-system	none	none	passed
ENCFF325HBI	ENCFF325HBI	ENCSR410MFU	ENCSR361PFW	ChromBPNet	selected regions for predicted signal and sequence contribution scores	bigBed	DNase-seq	none	head-of-caudate-nucleus	caudate	brain	central-nervous-system	none	none	passed
ENCFF353MBM	ENCFF353MBM	ENCSR587SZC	ENCSR779WBU	ChromBPNet	selected regions for predicted signal and sequence contribution scores	bigBed	DNase-seq	none	head-of-caudate-nucleus	caudate	brain	central-nervous-system	none	none	passed
ENCFF368MTX	ENCFF368MTX	ENCSR010SZN	ENCSR757EAI	ChromBPNet	selected regions for predicted signal and sequence contribution scores	bigBed	DNase-seq	none	head-of-caudate-nucleus	caudate	brain	central-nervous-system	none	none	passed
ENCFF394UFK	ENCFF394UFK	ENCSR271QID	ENCSR010NWV	ChromBPNet	selected regions for predicted signal and sequence contribution scores	bigBed	DNase-seq	none	head-of-caudate-nucleus	caudate	brain	central-nervous-system	none	none	passed
ENCFF427JBK	ENCFF427JBK	ENCSR856XGY	ENCSR336IJK	ChromBPNet	selected regions for predicted signal and sequence contribution scores	bigBed	DNase-seq	none	head-of-caudate-nucleus	caudate	brain	central-nervous-system	none	none	passed
ENCFF455MXZ	ENCFF455MXZ	ENCSR234VLI	ENCSR377XPU	ChromBPNet	selected regions for predicted signal and sequence contribution scores	bigBed	DNase-seq	none	head-of-caudate-nucleus	caudate	brain	central-nervous-system	none	none	passed
ENCFF470HKG	ENCFF470HKG	ENCSR649MJI	ENCSR994FMN	ChromBPNet	selected regions for predicted signal and sequence contribution scores	bigBed	DNase-seq	none	head-of-caudate-nucleus	caudate	brain	central-nervous-system	none	none	passed
ENCFF484BTR	ENCFF484BTR	ENCSR881FBS	ENCSR842PBG	ChromBPNet	selected regions for predicted signal and sequence contribution scores	bigBed	DNase-seq	none	head-of-caudate-nucleus	caudate	brain	central-nervous-system	none	none	passed
ENCFF516JUI	ENCFF516JUI	ENCSR334MDJ	ENCSR470GQU	ChromBPNet	selected regions for predicted signal and sequence contribution scores	bigBed	DNase-seq	none	head-of-caudate-nucleus	caudate	brain	central-nervous-system	none	none	passed
ENCFF517ODC	ENCFF517ODC	ENCSR333BUP	ENCSR573HMQ	ChromBPNet	selected regions for predicted signal and sequence contribution scores	bigBed	DNase-seq	none	head-of-caudate-nucleus	caudate	brain	central-nervous-system	none	none	passed
ENCFF517STQ	ENCFF517STQ	ENCSR671YPX	ENCSR134LVT	ChromBPNet	selected regions for predicted signal and sequence contribution scores	bigBed	DNase-seq	none	head-of-caudate-nucleus	caudate	brain	central-nervous-system	none	none	passed
ENCFF523OPE	ENCFF523OPE	ENCSR638PZJ	ENCSR332IES	ChromBPNet	selected regions for predicted signal and sequence contribution scores	bigBed	DNase-seq	none	head-of-caudate-nucleus	caudate	brain	central-nervous-system	none	none	passed
ENCFF525BAP	ENCFF525BAP	ENCSR339TVH	ENCSR362TQA	ChromBPNet	selected regions for predicted signal and sequence contribution scores	bigBed	DNase-seq	none	head-of-caudate-nucleus	caudate	brain	central-nervous-system	none	none	passed
ENCFF525CZS	ENCFF525CZS	ENCSR797FIM	ENCSR907PZQ	ChromBPNet	selected regions for predicted signal and sequence contribution scores	bigBed	DNase-seq	none	head-of-caudate-nucleus	caudate	brain	central-nervous-system	none	none	passed
ENCFF543KEA	ENCFF543KEA	ENCSR598RRF	ENCSR778MOH	ChromBPNet	selected regions for predicted signal and sequence contribution scores	bigBed	DNase-seq	none	head-of-caudate-nucleus	caudate	brain	central-nervous-system	none	none	passed
ENCFF544UWA	ENCFF544UWA	ENCSR682ZZT	ENCSR774OVA	ChromBPNet	selected regions for predicted signal and sequence contribution scores	bigBed	DNase-seq	none	head-of-caudate-nucleus	caudate	brain	central-nervous-system	none	none	passed
ENCFF549NZQ	ENCFF549NZQ	ENCSR113DHB	ENCSR505WFL	ChromBPNet	selected regions for predicted signal and sequence contribution scores	bigBed	DNase-seq	none	head-of-caudate-nucleus	caudate	brain	central-nervous-system	none	none	passed
ENCFF569EJU	ENCFF569EJU	ENCSR677XGD	ENCSR159VOX	ChromBPNet	selected regions for predicted signal and sequence contribution scores	bigBed	DNase-seq	none	head-of-caudate-nucleus	caudate	brain	central-nervous-system	none	none	passed
ENCFF588AZY	ENCFF588AZY	ENCSR885WWJ	ENCSR224PQP	ChromBPNet	selected regions for predicted signal and sequence contribution scores	bigBed	DNase-seq	none	head-of-caudate-nucleus	caudate	brain	central-nervous-system	none	none	passed
ENCFF627VUQ	ENCFF627VUQ	ENCSR511PFY	ENCSR085VMC	ChromBPNet	selected regions for predicted signal and sequence contribution scores	bigBed	DNase-seq	none	head-of-caudate-nucleus	caudate	brain	central-nervous-system	none	none	passed
ENCFF640ZIM	ENCFF640ZIM	ENCSR305WAA	ENCSR822LTO	ChromBPNet	selected regions for predicted signal and sequence contribution scores	bigBed	DNase-seq	none	head-of-caudate-nucleus	caudate	brain	central-nervous-system	none	none	passed
ENCFF641INI	ENCFF641INI	ENCSR984SDD	ENCSR650BIB	ChromBPNet	selected regions for predicted signal and sequence contribution scores	bigBed	DNase-seq	none	head-of-caudate-nucleus	caudate	brain	central-nervous-system	none	none	passed
ENCFF650XRB	ENCFF650XRB	ENCSR297WRG	ENCSR419MGR	ChromBPNet	selected regions for predicted signal and sequence contribution scores	bigBed	DNase-seq	none	head-of-caudate-nucleus	caudate	brain	central-nervous-system	none	none	passed
ENCFF711DFP	ENCFF711DFP	ENCSR122NRV	ENCSR504GBE	ChromBPNet	selected regions for predicted signal and sequence contribution scores	bigBed	DNase-seq	none	head-of-caudate-nucleus	caudate	brain	central-nervous-system	none	none	passed
ENCFF711ZIF	ENCFF711ZIF	ENCSR161ZGA	ENCSR280QLY	ChromBPNet	selected regions for predicted signal and sequence contribution scores	bigBed	DNase-seq	none	head-of-caudate-nucleus	caudate	brain	central-nervous-system	none	none	passed
ENCFF717ASX	ENCFF717ASX	ENCSR984HJW	ENCSR689OMC	ChromBPNet	selected regions for predicted signal and sequence contribution scores	bigBed	DNase-seq	none	head-of-caudate-nucleus	caudate	brain	central-nervous-system	none	none	passed
ENCFF722TZL	ENCFF722TZL	ENCSR239MQN	ENCSR841SNB	ChromBPNet	selected regions for predicted signal and sequence contribution scores	bigBed	DNase-seq	none	head-of-caudate-nucleus	caudate	brain	central-nervous-system	none	none	passed
ENCFF723FGE	ENCFF723FGE	ENCSR057GPV	ENCSR553KHP	ChromBPNet	selected regions for predicted signal and sequence contribution scores	bigBed	DNase-seq	none	head-of-caudate-nucleus	caudate	brain	central-nervous-system	none	none	passed
ENCFF730OJS	ENCFF730OJS	ENCSR085XKS	ENCSR158HIK	ChromBPNet	selected regions for predicted signal and sequence contribution scores	bigBed	DNase-seq	none	head-of-caudate-nucleus	caudate	brain	central-nervous-system	none	none	passed
ENCFF731WUV	ENCFF731WUV	ENCSR276MDV	ENCSR525CNU	ChromBPNet	selected regions for predicted signal and sequence contribution scores	bigBed	DNase-seq	none	head-of-caudate-nucleus	caudate	brain	central-nervous-system	none	none	passed
ENCFF761BXB	ENCFF761BXB	ENCSR524QPZ	ENCSR422CSI	ChromBPNet	selected regions for predicted signal and sequence contribution scores	bigBed	DNase-seq	none	head-of-caudate-nucleus	caudate	brain	central-nervous-system	none	none	passed
ENCFF766KYN	ENCFF766KYN	ENCSR888ZIZ	ENCSR724WPU	ChromBPNet	selected regions for predicted signal and sequence contribution scores	bigBed	DNase-seq	none	head-of-caudate-nucleus	caudate	brain	central-nervous-system	none	none	passed
ENCFF767TPN	ENCFF767TPN	ENCSR650TZF	ENCSR030ERX	ChromBPNet	selected regions for predicted signal and sequence contribution scores	bigBed	DNase-seq	none	head-of-caudate-nucleus	caudate	brain	central-nervous-system	none	none	passed
ENCFF781DWJ	ENCFF781DWJ	ENCSR663MNQ	ENCSR959KZO	ChromBPNet	selected regions for predicted signal and sequence contribution scores	bigBed	DNase-seq	none	head-of-caudate-nucleus	caudate	brain	central-nervous-system	none	none	passed
ENCFF794BLR	ENCFF794BLR	ENCSR417LPB	ENCSR518EHF	ChromBPNet	selected regions for predicted signal and sequence contribution scores	bigBed	DNase-seq	none	head-of-caudate-nucleus	caudate	brain	central-nervous-system	none	none	passed
ENCFF796VPE	ENCFF796VPE	ENCSR101HFF	ENCSR672VAW	ChromBPNet	selected regions for predicted signal and sequence contribution scores	bigBed	DNase-seq	none	head-of-caudate-nucleus	caudate	brain	central-nervous-system	none	none	passed
ENCFF805JSZ	ENCFF805JSZ	ENCSR137FWW	ENCSR174PGN	ChromBPNet	selected regions for predicted signal and sequence contribution scores	bigBed	DNase-seq	none	head-of-caudate-nucleus	caudate	brain	central-nervous-system	none	none	passed
ENCFF812ZQM	ENCFF812ZQM	ENCSR860UTH	ENCSR778HSA	ChromBPNet	selected regions for predicted signal and sequence contribution scores	bigBed	DNase-seq	none	head-of-caudate-nucleus	caudate	brain	central-nervous-system	none	none	passed
ENCFF824LLF	ENCFF824LLF	ENCSR496UJY	ENCSR519YRN	ChromBPNet	selected regions for predicted signal and sequence contribution scores	bigBed	DNase-seq	none	head-of-caudate-nucleus	caudate	brain	central-nervous-system	none	none	passed
ENCFF828ZRX	ENCFF828ZRX	ENCSR116UQH	ENCSR677HLH	ChromBPNet	selected regions for predicted signal and sequence contribution scores	bigBed	DNase-seq	none	head-of-caudate-nucleus	caudate	brain	central-nervous-system	none	none	passed
ENCFF829XLB	ENCFF829XLB	ENCSR163GMC	ENCSR280PSS	ChromBPNet	selected regions for predicted signal and sequence contribution scores	bigBed	DNase-seq	none	head-of-caudate-nucleus	caudate	brain	central-nervous-system	none	none	passed
ENCFF842WWY	ENCFF842WWY	ENCSR637ZLM	ENCSR493SMX	ChromBPNet	selected regions for predicted signal and sequence contribution scores	bigBed	DNase-seq	none	head-of-caudate-nucleus	caudate	brain	central-nervous-system	none	none	passed
ENCFF847QIY	ENCFF847QIY	ENCSR558SUT	ENCSR719IKX	ChromBPNet	selected regions for predicted signal and sequence contribution scores	bigBed	DNase-seq	none	head-of-caudate-nucleus	caudate	brain	central-nervous-system	none	none	passed
ENCFF848RLW	ENCFF848RLW	ENCSR923BEY	ENCSR972TWU	ChromBPNet	selected regions for predicted signal and sequence contribution scores	bigBed	DNase-seq	none	head-of-caudate-nucleus	caudate	brain	central-nervous-system	none	none	passed
ENCFF852SJX	ENCFF852SJX	ENCSR635GDW	ENCSR534EAD	ChromBPNet	selected regions for predicted signal and sequence contribution scores	bigBed	DNase-seq	none	head-of-caudate-nucleus	caudate	brain	central-nervous-system	none	none	passed
ENCFF859YZM	ENCFF859YZM	ENCSR563HBG	ENCSR038VEO	ChromBPNet	selected regions for predicted signal and sequence contribution scores	bigBed	DNase-seq	none	head-of-caudate-nucleus	caudate	brain	central-nervous-system	none	none	passed
ENCFF868NDF	ENCFF868NDF	ENCSR879EVD	ENCSR745SQE	ChromBPNet	selected regions for predicted signal and sequence contribution scores	bigBed	DNase-seq	none	head-of-caudate-nucleus	caudate	brain	central-nervous-system	none	none	passed
ENCFF874OBQ	ENCFF874OBQ	ENCSR173NHL	ENCSR849LXO	ChromBPNet	selected regions for predicted signal and sequence contribution scores	bigBed	DNase-seq	none	head-of-caudate-nucleus	caudate	brain	central-nervous-system	none	none	passed
ENCFF880ZYL	ENCFF880ZYL	ENCSR163BSC	ENCSR484FNH	ChromBPNet	selected regions for predicted signal and sequence contribution scores	bigBed	DNase-seq	none	head-of-caudate-nucleus	caudate	brain	central-nervous-system	none	none	passed
ENCFF882IOZ	ENCFF882IOZ	ENCSR756FQD	ENCSR292TVD	ChromBPNet	selected regions for predicted signal and sequence contribution scores	bigBed	DNase-seq	none	head-of-caudate-nucleus	caudate	brain	central-nervous-system	none	none	passed
ENCFF882VCI	ENCFF882VCI	ENCSR639VTO	ENCSR986SSJ	ChromBPNet	selected regions for predicted signal and sequence contribution scores	bigBed	DNase-seq	none	head-of-caudate-nucleus	caudate	brain	central-nervous-system	none	none	passed
ENCFF885JFY	ENCFF885JFY	ENCSR721DFB	ENCSR138CJH	ChromBPNet	selected regions for predicted signal and sequence contribution scores	bigBed	DNase-seq	none	head-of-caudate-nucleus	caudate	brain	central-nervous-system	none	none	passed
ENCFF892VPY	ENCFF892VPY	ENCSR496PSH	ENCSR624PXS	ChromBPNet	selected regions for predicted signal and sequence contribution scores	bigBed	DNase-seq	none	head-of-caudate-nucleus	caudate	brain	central-nervous-system	none	none	passed
ENCFF898RPJ	ENCFF898RPJ	ENCSR839GHA	ENCSR746AUT	ChromBPNet	selected regions for predicted signal and sequence contribution scores	bigBed	DNase-seq	none	head-of-caudate-nucleus	caudate	brain	central-nervous-system	none	none	passed
ENCFF922YOM	ENCFF922YOM	ENCSR002IHL	ENCSR035ROF	ChromBPNet	selected regions for predicted signal and sequence contribution scores	bigBed	DNase-seq	none	head-of-caudate-nucleus	caudate	brain	central-nervous-system	none	none	passed
ENCFF933CAD	ENCFF933CAD	ENCSR217OHA	ENCSR237BVP	ChromBPNet	selected regions for predicted signal and sequence contribution scores	bigBed	DNase-seq	none	head-of-caudate-nucleus	caudate	brain	central-nervous-system	none	none	passed
ENCFF959ZLO	ENCFF959ZLO	ENCSR862SQC	ENCSR631LRH	ChromBPNet	selected regions for predicted signal and sequence contribution scores	bigBed	DNase-seq	none	head-of-caudate-nucleus	caudate	brain	central-nervous-system	none	none	passed
ENCFF972QMU	ENCFF972QMU	ENCSR274FZD	ENCSR371SHG	ChromBPNet	selected regions for predicted signal and sequence contribution scores	bigBed	DNase-seq	none	head-of-caudate-nucleus	caudate	brain	central-nervous-system	none	none	passed
ENCFF987IRK	ENCFF987IRK	ENCSR646JBR	ENCSR191HRN	ChromBPNet	selected regions for predicted signal and sequence contribution scores	bigBed	DNase-seq	none	head-of-caudate-nucleus	caudate	brain	central-nervous-system	none	none	passed
ENCFF996QQF	ENCFF996QQF	ENCSR268GBM	ENCSR328OBR	ChromBPNet	selected regions for predicted signal and sequence contribution scores	bigBed	DNase-seq	none	head-of-caudate-nucleus	caudate	brain	central-nervous-system	none	none	passed
ENCFF020OOY	ENCFF020OOY	ENCSR311LLZ	ENCSR183OLA	ChromBPNet	selected regions for predicted signal and sequence contribution scores	bigBed	DNase-seq	none	heart	heart	heart	circulatory-system	none	none	passed
ENCFF105EZV	ENCFF105EZV	ENCSR154ZNQ	ENCSR304HOZ	ChromBPNet	selected regions for predicted signal and sequence contribution scores	bigBed	DNase-seq	none	heart	heart	heart	circulatory-system	none	none	passed
ENCFF119RDI	ENCFF119RDI	ENCSR911LTI	ENCSR657JGJ	ChromBPNet	selected regions for predicted signal and sequence contribution scores	bigBed	DNase-seq	none	heart	heart	heart	circulatory-system	none	none	passed
ENCFF152XVA	ENCFF152XVA	ENCSR174JMM	ENCSR294MBS	ChromBPNet	selected regions for predicted signal and sequence contribution scores	bigBed	DNase-seq	none	heart	heart	heart	circulatory-system	none	none	passed
ENCFF354WRS	ENCFF354WRS	ENCSR664PKM	ENCSR864YYM	ChromBPNet	selected regions for predicted signal and sequence contribution scores	bigBed	DNase-seq	none	heart	heart	heart	circulatory-system	none	none	passed
ENCFF384EQU	ENCFF384EQU	ENCSR749BWV	ENCSR943VHN	ChromBPNet	selected regions for predicted signal and sequence contribution scores	bigBed	DNase-seq	none	heart	heart	heart	circulatory-system	none	none	passed
ENCFF396DUC	ENCFF396DUC	ENCSR536NGW	ENCSR152TIL	ChromBPNet	selected regions for predicted signal and sequence contribution scores	bigBed	DNase-seq	none	heart	heart	heart	circulatory-system	none	none	passed
ENCFF430GDB	ENCFF430GDB	ENCSR064GBK	ENCSR278NRX	ChromBPNet	selected regions for predicted signal and sequence contribution scores	bigBed	DNase-seq	none	heart	heart	heart	circulatory-system	none	none	passed
ENCFF459NVN	ENCFF459NVN	ENCSR914DOH	ENCSR333JBA	ChromBPNet	selected regions for predicted signal and sequence contribution scores	bigBed	DNase-seq	none	heart	heart	heart	circulatory-system	none	none	passed
ENCFF620FMW	ENCFF620FMW	ENCSR705CNJ	ENCSR773FDM	ChromBPNet	selected regions for predicted signal and sequence contribution scores	bigBed	DNase-seq	none	heart	heart	heart	circulatory-system	none	none	passed
ENCFF679CFF	ENCFF679CFF	ENCSR320PGJ	ENCSR576EMK	ChromBPNet	selected regions for predicted signal and sequence contribution scores	bigBed	DNase-seq	none	heart	heart	heart	circulatory-system	none	none	passed
ENCFF720KGE	ENCFF720KGE	ENCSR533VAF	ENCSR170IUO	ChromBPNet	selected regions for predicted signal and sequence contribution scores	bigBed	DNase-seq	none	heart	heart	heart	circulatory-system	none	none	passed
ENCFF782TMY	ENCFF782TMY	ENCSR366EGE	ENCSR266HWM	ChromBPNet	selected regions for predicted signal and sequence contribution scores	bigBed	DNase-seq	none	heart	heart	heart	circulatory-system	none	none	passed
ENCFF816BTP	ENCFF816BTP	ENCSR804RSI	ENCSR104ZZD	ChromBPNet	selected regions for predicted signal and sequence contribution scores	bigBed	DNase-seq	none	heart	heart	heart	circulatory-system	none	none	passed
ENCFF871RGK	ENCFF871RGK	ENCSR392GCE	ENCSR104QYD	ChromBPNet	selected regions for predicted signal and sequence contribution scores	bigBed	DNase-seq	none	heart	heart	heart	circulatory-system	none	none	passed
ENCFF892KRU	ENCFF892KRU	ENCSR305UJX	ENCSR315XQO	ChromBPNet	selected regions for predicted signal and sequence contribution scores	bigBed	DNase-seq	none	heart	heart	heart	circulatory-system	none	none	passed
ENCFF114DNS	ENCFF114DNS	ENCSR451JSB	ENCSR785LJQ	ChromBPNet	selected regions for predicted signal and sequence contribution scores	bigBed	ATAC-seq	none	heart-left-ventricle	heart	heart	circulatory-system	none	none	passed
ENCFF222HLY	ENCFF222HLY	ENCSR925LGW	ENCSR923QPG	ChromBPNet	selected regions for predicted signal and sequence contribution scores	bigBed	ATAC-seq	none	heart-left-ventricle	heart	heart	circulatory-system	none	none	passed
ENCFF251DKQ	ENCFF251DKQ	ENCSR310RJN	ENCSR071VIV	ChromBPNet	selected regions for predicted signal and sequence contribution scores	bigBed	ATAC-seq	none	heart-left-ventricle	heart	heart	circulatory-system	none	none	passed
ENCFF287WMD	ENCFF287WMD	ENCSR225FZH	ENCSR523OKV	ChromBPNet	selected regions for predicted signal and sequence contribution scores	bigBed	ATAC-seq	none	heart-left-ventricle	heart	heart	circulatory-system	none	none	passed
ENCFF298SHL	ENCFF298SHL	ENCSR399OSE	ENCSR228EHT	ChromBPNet	selected regions for predicted signal and sequence contribution scores	bigBed	ATAC-seq	none	heart-left-ventricle	heart	heart	circulatory-system	none	none	passed
ENCFF367LLR	ENCFF367LLR	ENCSR745CGG	ENCSR302PTC	ChromBPNet	selected regions for predicted signal and sequence contribution scores	bigBed	ATAC-seq	none	heart-left-ventricle	heart	heart	circulatory-system	none	none	passed
ENCFF425YTW	ENCFF425YTW	ENCSR769DGC	ENCSR748OQR	ChromBPNet	selected regions for predicted signal and sequence contribution scores	bigBed	ATAC-seq	none	heart-left-ventricle	heart	heart	circulatory-system	none	none	passed
ENCFF433AVO	ENCFF433AVO	ENCSR851EBF	ENCSR346KKN	ChromBPNet	selected regions for predicted signal and sequence contribution scores	bigBed	ATAC-seq	none	heart-left-ventricle	heart	heart	circulatory-system	none	none	passed
ENCFF440RAJ	ENCFF440RAJ	ENCSR286STX	ENCSR718IML	ChromBPNet	selected regions for predicted signal and sequence contribution scores	bigBed	ATAC-seq	none	heart-left-ventricle	heart	heart	circulatory-system	none	none	passed
ENCFF520KRE	ENCFF520KRE	ENCSR204PZT	ENCSR139CRO	ChromBPNet	selected regions for predicted signal and sequence contribution scores	bigBed	ATAC-seq	none	heart-left-ventricle	heart	heart	circulatory-system	none	none	passed
ENCFF626QPE	ENCFF626QPE	ENCSR593YFB	ENCSR155LWZ	ChromBPNet	selected regions for predicted signal and sequence contribution scores	bigBed	ATAC-seq	none	heart-left-ventricle	heart	heart	circulatory-system	none	none	passed
ENCFF717HYV	ENCFF717HYV	ENCSR846VPV	ENCSR176HAX	ChromBPNet	selected regions for predicted signal and sequence contribution scores	bigBed	ATAC-seq	none	heart-left-ventricle	heart	heart	circulatory-system	none	none	passed
ENCFF868UMU	ENCFF868UMU	ENCSR117PYB	ENCSR313GPN	ChromBPNet	selected regions for predicted signal and sequence contribution scores	bigBed	ATAC-seq	none	heart-left-ventricle	heart	heart	circulatory-system	none	none	passed
ENCFF921JJD	ENCFF921JJD	ENCSR848TMJ	ENCSR413PRR	ChromBPNet	selected regions for predicted signal and sequence contribution scores	bigBed	ATAC-seq	none	heart-left-ventricle	heart	heart	circulatory-system	none	none	passed
ENCFF978TYC	ENCFF978TYC	ENCSR899YEP	ENCSR012HQM	ChromBPNet	selected regions for predicted signal and sequence contribution scores	bigBed	ATAC-seq	none	heart-left-ventricle	heart	heart	circulatory-system	none	none	passed
ENCFF182ZML	ENCFF182ZML	ENCSR598RVJ	ENCSR120SCC	ChromBPNet	selected regions for predicted signal and sequence contribution scores	bigBed	DNase-seq	none	heart-left-ventricle	heart	heart	circulatory-system	none	none	passed
ENCFF253RGR	ENCFF253RGR	ENCSR805EGZ	ENCSR390RSF	ChromBPNet	selected regions for predicted signal and sequence contribution scores	bigBed	DNase-seq	none	heart-left-ventricle	heart	heart	circulatory-system	none	none	passed
ENCFF334VIY	ENCFF334VIY	ENCSR299QGI	ENCSR763XQQ	ChromBPNet	selected regions for predicted signal and sequence contribution scores	bigBed	DNase-seq	none	heart-left-ventricle	heart	heart	circulatory-system	none	none	passed
ENCFF350LES	ENCFF350LES	ENCSR747SEU	ENCSR892ZTM	ChromBPNet	selected regions for predicted signal and sequence contribution scores	bigBed	DNase-seq	none	heart-left-ventricle	heart	heart	circulatory-system	none	none	passed
ENCFF526AYO	ENCFF526AYO	ENCSR395HAE	ENCSR624LJH	ChromBPNet	selected regions for predicted signal and sequence contribution scores	bigBed	DNase-seq	none	heart-left-ventricle	heart	heart	circulatory-system	none	none	passed
ENCFF658EZZ	ENCFF658EZZ	ENCSR501FWC	ENCSR827EDQ	ChromBPNet	selected regions for predicted signal and sequence contribution scores	bigBed	DNase-seq	none	heart-left-ventricle	heart	heart	circulatory-system	none	none	passed
ENCFF680XVU	ENCFF680XVU	ENCSR070CMW	ENCSR958WFK	ChromBPNet	selected regions for predicted signal and sequence contribution scores	bigBed	DNase-seq	none	heart-left-ventricle	heart	heart	circulatory-system	none	none	passed
ENCFF714QAQ	ENCFF714QAQ	ENCSR735NTV	ENCSR381GGK	ChromBPNet	selected regions for predicted signal and sequence contribution scores	bigBed	DNase-seq	none	heart-left-ventricle	heart	heart	circulatory-system	none	none	passed
ENCFF759JAN	ENCFF759JAN	ENCSR222CLC	ENCSR830ING	ChromBPNet	selected regions for predicted signal and sequence contribution scores	bigBed	DNase-seq	none	heart-left-ventricle	heart	heart	circulatory-system	none	none	passed
ENCFF859GBK	ENCFF859GBK	ENCSR946DXB	ENCSR047GHL	ChromBPNet	selected regions for predicted signal and sequence contribution scores	bigBed	DNase-seq	none	heart-left-ventricle	heart	heart	circulatory-system	none	none	passed
ENCFF049CVC	ENCFF049CVC	ENCSR437OOJ	ENCSR487NMI	ChromBPNet	selected regions for predicted signal and sequence contribution scores	bigBed	ATAC-seq	none	heart-right-ventricle	heart	heart	circulatory-system	none	none	passed
ENCFF082RWN	ENCFF082RWN	ENCSR133CMC	ENCSR624URV	ChromBPNet	selected regions for predicted signal and sequence contribution scores	bigBed	ATAC-seq	none	heart-right-ventricle	heart	heart	circulatory-system	none	none	passed
ENCFF133VTU	ENCFF133VTU	ENCSR327DCG	ENCSR380WHO	ChromBPNet	selected regions for predicted signal and sequence contribution scores	bigBed	ATAC-seq	none	heart-right-ventricle	heart	heart	circulatory-system	none	none	passed
ENCFF233QVW	ENCFF233QVW	ENCSR522FGI	ENCSR473RMF	ChromBPNet	selected regions for predicted signal and sequence contribution scores	bigBed	ATAC-seq	none	heart-right-ventricle	heart	heart	circulatory-system	none	none	passed
ENCFF281XDC	ENCFF281XDC	ENCSR563ZNI	ENCSR662DNR	ChromBPNet	selected regions for predicted signal and sequence contribution scores	bigBed	ATAC-seq	none	heart-right-ventricle	heart	heart	circulatory-system	none	none	passed
ENCFF394CYU	ENCFF394CYU	ENCSR212LYK	ENCSR886DNL	ChromBPNet	selected regions for predicted signal and sequence contribution scores	bigBed	ATAC-seq	none	heart-right-ventricle	heart	heart	circulatory-system	none	none	passed
ENCFF483FBG	ENCFF483FBG	ENCSR403GBR	ENCSR311LQE	ChromBPNet	selected regions for predicted signal and sequence contribution scores	bigBed	ATAC-seq	none	heart-right-ventricle	heart	heart	circulatory-system	none	none	passed
ENCFF574LTN	ENCFF574LTN	ENCSR710SMN	ENCSR348BTG	ChromBPNet	selected regions for predicted signal and sequence contribution scores	bigBed	ATAC-seq	none	heart-right-ventricle	heart	heart	circulatory-system	none	none	passed
ENCFF676EOB	ENCFF676EOB	ENCSR439TZT	ENCSR992KED	ChromBPNet	selected regions for predicted signal and sequence contribution scores	bigBed	ATAC-seq	none	heart-right-ventricle	heart	heart	circulatory-system	none	none	passed
ENCFF694RJN	ENCFF694RJN	ENCSR053SGP	ENCSR716THJ	ChromBPNet	selected regions for predicted signal and sequence contribution scores	bigBed	ATAC-seq	none	heart-right-ventricle	heart	heart	circulatory-system	none	none	passed
ENCFF704CUL	ENCFF704CUL	ENCSR374ZRW	ENCSR669BKH	ChromBPNet	selected regions for predicted signal and sequence contribution scores	bigBed	ATAC-seq	none	heart-right-ventricle	heart	heart	circulatory-system	none	none	passed
ENCFF818BRZ	ENCFF818BRZ	ENCSR491VKV	ENCSR839CXN	ChromBPNet	selected regions for predicted signal and sequence contribution scores	bigBed	ATAC-seq	none	heart-right-ventricle	heart	heart	circulatory-system	none	none	passed
ENCFF869UUB	ENCFF869UUB	ENCSR157OSO	ENCSR849TOG	ChromBPNet	selected regions for predicted signal and sequence contribution scores	bigBed	ATAC-seq	none	heart-right-ventricle	heart	heart	circulatory-system	none	none	passed
ENCFF973RON	ENCFF973RON	ENCSR204SMO	ENCSR999ETQ	ChromBPNet	selected regions for predicted signal and sequence contribution scores	bigBed	ATAC-seq	none	heart-right-ventricle	heart	heart	circulatory-system	none	none	passed
ENCFF203EDF	ENCFF203EDF	ENCSR694LFE	ENCSR257DRO	ChromBPNet	selected regions for predicted signal and sequence contribution scores	bigBed	DNase-seq	none	heart-right-ventricle	heart	heart	circulatory-system	none	none	passed
ENCFF467GRD	ENCFF467GRD	ENCSR746RDJ	ENCSR135HTA	ChromBPNet	selected regions for predicted signal and sequence contribution scores	bigBed	DNase-seq	none	heart-right-ventricle	heart	heart	circulatory-system	none	none	passed
ENCFF526FRK	ENCFF526FRK	ENCSR928WMU	ENCSR126YHP	ChromBPNet	selected regions for predicted signal and sequence contribution scores	bigBed	DNase-seq	none	heart-right-ventricle	heart	heart	circulatory-system	none	none	passed
ENCFF663QOZ	ENCFF663QOZ	ENCSR238FMP	ENCSR161GHW	ChromBPNet	selected regions for predicted signal and sequence contribution scores	bigBed	DNase-seq	none	heart-right-ventricle	heart	heart	circulatory-system	none	none	passed
ENCFF701BJT	ENCFF701BJT	ENCSR298OIK	ENCSR092YZN	ChromBPNet	selected regions for predicted signal and sequence contribution scores	bigBed	DNase-seq	none	heart-right-ventricle	heart	heart	circulatory-system	none	none	passed
ENCFF701ZYU	ENCFF701ZYU	ENCSR214NLQ	ENCSR836KXF	ChromBPNet	selected regions for predicted signal and sequence contribution scores	bigBed	DNase-seq	none	heart-right-ventricle	heart	heart	circulatory-system	none	none	passed
ENCFF800ATI	ENCFF800ATI	ENCSR356RNZ	ENCSR340RCH	ChromBPNet	selected regions for predicted signal and sequence contribution scores	bigBed	DNase-seq	none	heart-right-ventricle	heart	heart	circulatory-system	none	none	passed
ENCFF838SFW	ENCFF838SFW	ENCSR211SUT	ENCSR215KHF	ChromBPNet	selected regions for predicted signal and sequence contribution scores	bigBed	DNase-seq	none	heart-right-ventricle	heart	heart	circulatory-system	none	none	passed
ENCFF870ISX	ENCFF870ISX	ENCSR792QQE	ENCSR932NSW	ChromBPNet	selected regions for predicted signal and sequence contribution scores	bigBed	DNase-seq	none	heart-right-ventricle	heart	heart	circulatory-system	none	none	passed
ENCFF887PFM	ENCFF887PFM	ENCSR246VSO	ENCSR184TFG	ChromBPNet	selected regions for predicted signal and sequence contribution scores	bigBed	DNase-seq	none	heart-right-ventricle	heart	heart	circulatory-system	none	none	passed
ENCFF082YKY	ENCFF082YKY	ENCSR115YPI	ENCSR771YUP	ChromBPNet	selected regions for predicted signal and sequence contribution scores	bigBed	DNase-seq	none	hematopoietic-multipotent-progenitor-cell	hematopoietic	blood	circulatory-system	none	none	passed
ENCFF251XTD	ENCFF251XTD	ENCSR564JUY	ENCSR214COF	ChromBPNet	selected regions for predicted signal and sequence contribution scores	bigBed	DNase-seq	none	hematopoietic-multipotent-progenitor-cell	hematopoietic	blood	circulatory-system	none	none	passed
ENCFF324NSA	ENCFF324NSA	ENCSR000EMK	ENCSR816AQM	ChromBPNet	selected regions for predicted signal and sequence contribution scores	bigBed	DNase-seq	none	hematopoietic-multipotent-progenitor-cell	hematopoietic	blood	circulatory-system	none	none	passed
ENCFF408HJV	ENCFF408HJV	ENCSR098PTC	ENCSR036PUG	ChromBPNet	selected regions for predicted signal and sequence contribution scores	bigBed	DNase-seq	none	hematopoietic-multipotent-progenitor-cell	hematopoietic	blood	circulatory-system	none	none	passed
ENCFF559HHV	ENCFF559HHV	ENCSR493IAY	ENCSR672ZIV	ChromBPNet	selected regions for predicted signal and sequence contribution scores	bigBed	DNase-seq	none	hematopoietic-multipotent-progenitor-cell	hematopoietic	blood	circulatory-system	none	none	passed
ENCFF616MTS	ENCFF616MTS	ENCSR855FOP	ENCSR912ACC	ChromBPNet	selected regions for predicted signal and sequence contribution scores	bigBed	DNase-seq	none	hematopoietic-multipotent-progenitor-cell	hematopoietic	blood	circulatory-system	none	none	passed
ENCFF657PUY	ENCFF657PUY	ENCSR362JSZ	ENCSR426ANZ	ChromBPNet	selected regions for predicted signal and sequence contribution scores	bigBed	DNase-seq	none	hematopoietic-multipotent-progenitor-cell	hematopoietic	blood	circulatory-system	none	none	passed
ENCFF681ZHS	ENCFF681ZHS	ENCSR420NOA	ENCSR336TDN	ChromBPNet	selected regions for predicted signal and sequence contribution scores	bigBed	DNase-seq	none	hematopoietic-multipotent-progenitor-cell	hematopoietic	blood	circulatory-system	none	none	passed
ENCFF684JBY	ENCFF684JBY	ENCSR148VUP	ENCSR116YIV	ChromBPNet	selected regions for predicted signal and sequence contribution scores	bigBed	DNase-seq	none	hematopoietic-multipotent-progenitor-cell	hematopoietic	blood	circulatory-system	none	none	passed
ENCFF832OJU	ENCFF832OJU	ENCSR328UMC	ENCSR966XZN	ChromBPNet	selected regions for predicted signal and sequence contribution scores	bigBed	DNase-seq	none	hematopoietic-multipotent-progenitor-cell	hematopoietic	blood	circulatory-system	none	none	passed
ENCFF946IXL	ENCFF946IXL	ENCSR845CFB	ENCSR954EWB	ChromBPNet	selected regions for predicted signal and sequence contribution scores	bigBed	DNase-seq	none	hematopoietic-multipotent-progenitor-cell	hematopoietic	blood	circulatory-system	none	none	passed
ENCFF990NSN	ENCFF990NSN	ENCSR937UWI	ENCSR024KJU	ChromBPNet	selected regions for predicted signal and sequence contribution scores	bigBed	DNase-seq	none	hematopoietic-multipotent-progenitor-cell	hematopoietic	blood	circulatory-system	none	none	passed
ENCFF092QTU	ENCFF092QTU	ENCSR364MFN	ENCSR829DOW	ChromBPNet	selected regions for predicted signal and sequence contribution scores	bigBed	DNase-seq	none	hepatocyte	hepato	liver	digestive-system	none	none	passed
ENCFF602OPW	ENCFF602OPW	ENCSR385AMY	ENCSR003PKQ	ChromBPNet	selected regions for predicted signal and sequence contribution scores	bigBed	DNase-seq	none	hindlimb-muscle	limb	limb	skeletal-system	none	none	passed
ENCFF147FMX	ENCFF147FMX	ENCSR383SNM	ENCSR820XEK	ChromBPNet	selected regions for predicted signal and sequence contribution scores	bigBed	DNase-seq	none	iPS-DF-19.11	cell-line	cell-line	cell-line	none	none	passed
ENCFF411HZF	ENCFF411HZF	ENCSR440QMR	ENCSR436DKQ	ChromBPNet	selected regions for predicted signal and sequence contribution scores	bigBed	DNase-seq	none	iPS-DF-19.7	cell-line	cell-line	cell-line	none	none	passed
ENCFF181UJN	ENCFF181UJN	ENCSR014FPY	ENCSR932JUJ	ChromBPNet	selected regions for predicted signal and sequence contribution scores	bigBed	DNase-seq	none	iPS-DF-4.7	cell-line	cell-line	cell-line	none	none	passed
ENCFF101POU	ENCFF101POU	ENCSR261SMF	ENCSR416KDN	ChromBPNet	selected regions for predicted signal and sequence contribution scores	bigBed	DNase-seq	none	iPS-DF-6.9	cell-line	cell-line	cell-line	none	none	passed
ENCFF137ZYR	ENCFF137ZYR	ENCSR986YWZ	ENCSR487SME	ChromBPNet	selected regions for predicted signal and sequence contribution scores	bigBed	DNase-seq	none	inferior-parietal-cortex	parietal	brain	central-nervous-system	none	none	passed
ENCFF685ONL	ENCFF685ONL	ENCSR224FOA	ENCSR446RRY	ChromBPNet	selected regions for predicted signal and sequence contribution scores	bigBed	DNase-seq	none	islet-precursor-cell	islet	pancreas	digestive-system	none	none	passed
ENCFF273EVY	ENCFF273EVY	ENCSR415LEB	ENCSR441VJW	ChromBPNet	selected regions for predicted signal and sequence contribution scores	bigBed	ATAC-seq	none	jejunum	jejunum	small-intestine	digestive-system	none	none	passed
ENCFF440UOX	ENCFF440UOX	ENCSR000EPQ	ENCSR855OSM	ChromBPNet	selected regions for predicted signal and sequence contribution scores	bigBed	DNase-seq	none	keratinocyte	keratinocyte	skin	integumental-system	none	none	passed
ENCFF746VLR	ENCFF746VLR	ENCSR297VGU	ENCSR794TEU	ChromBPNet	selected regions for predicted signal and sequence contribution scores	bigBed	ATAC-seq	none	kidney	kidney	kidney	excretory-system	none	none	passed
ENCFF062RYP	ENCFF062RYP	ENCSR941DTJ	ENCSR275GLV	ChromBPNet	selected regions for predicted signal and sequence contribution scores	bigBed	DNase-seq	none	kidney	kidney	kidney	excretory-system	none	none	passed
ENCFF195MSG	ENCFF195MSG	ENCSR792ZXA	ENCSR547BDK	ChromBPNet	selected regions for predicted signal and sequence contribution scores	bigBed	DNase-seq	none	kidney	kidney	kidney	excretory-system	none	none	passed
ENCFF282BBG	ENCFF282BBG	ENCSR437KLY	ENCSR950QAL	ChromBPNet	selected regions for predicted signal and sequence contribution scores	bigBed	DNase-seq	none	kidney	kidney	kidney	excretory-system	none	none	passed
ENCFF344HMN	ENCFF344HMN	ENCSR106OKX	ENCSR409SRV	ChromBPNet	selected regions for predicted signal and sequence contribution scores	bigBed	DNase-seq	none	kidney	kidney	kidney	excretory-system	none	none	passed
ENCFF424OHF	ENCFF424OHF	ENCSR757EPJ	ENCSR400JGH	ChromBPNet	selected regions for predicted signal and sequence contribution scores	bigBed	DNase-seq	none	kidney	kidney	kidney	excretory-system	none	none	passed
ENCFF463RUP	ENCFF463RUP	ENCSR082JCE	ENCSR544DAU	ChromBPNet	selected regions for predicted signal and sequence contribution scores	bigBed	DNase-seq	none	kidney	kidney	kidney	excretory-system	none	none	passed
ENCFF479ZPM	ENCFF479ZPM	ENCSR645GJD	ENCSR100KOK	ChromBPNet	selected regions for predicted signal and sequence contribution scores	bigBed	DNase-seq	none	kidney	kidney	kidney	excretory-system	none	none	passed
ENCFF480LAO	ENCFF480LAO	ENCSR873ANE	ENCSR388LLM	ChromBPNet	selected regions for predicted signal and sequence contribution scores	bigBed	DNase-seq	none	kidney	kidney	kidney	excretory-system	none	none	passed
ENCFF573EWH	ENCFF573EWH	ENCSR774RCO	ENCSR480JMB	ChromBPNet	selected regions for predicted signal and sequence contribution scores	bigBed	DNase-seq	none	kidney	kidney	kidney	excretory-system	none	none	passed
ENCFF581EIC	ENCFF581EIC	ENCSR262QJC	ENCSR619SQW	ChromBPNet	selected regions for predicted signal and sequence contribution scores	bigBed	DNase-seq	none	kidney	kidney	kidney	excretory-system	none	none	passed
ENCFF630MHK	ENCFF630MHK	ENCSR066WZJ	ENCSR323YJT	ChromBPNet	selected regions for predicted signal and sequence contribution scores	bigBed	DNase-seq	none	kidney	kidney	kidney	excretory-system	none	none	passed
ENCFF696ESY	ENCFF696ESY	ENCSR499PZA	ENCSR252ZMF	ChromBPNet	selected regions for predicted signal and sequence contribution scores	bigBed	DNase-seq	none	kidney	kidney	kidney	excretory-system	none	none	passed
ENCFF797LIF	ENCFF797LIF	ENCSR953JVX	ENCSR041ZFF	ChromBPNet	selected regions for predicted signal and sequence contribution scores	bigBed	DNase-seq	none	kidney	kidney	kidney	excretory-system	none	none	passed
ENCFF951HIK	ENCFF951HIK	ENCSR206OJJ	ENCSR591SYJ	ChromBPNet	selected regions for predicted signal and sequence contribution scores	bigBed	DNase-seq	none	kidney	kidney	kidney	excretory-system	none	none	passed
ENCFF104NXB	ENCFF104NXB	ENCSR988YKR	ENCSR875FPK	ChromBPNet	selected regions for predicted signal and sequence contribution scores	bigBed	DNase-seq	none	kidney-capillary-endothelial-cell	endothelial	blood-vessel	circulatory-system	none	none	passed
ENCFF312ZTJ	ENCFF312ZTJ	ENCSR136KEL	ENCSR120AAX	ChromBPNet	selected regions for predicted signal and sequence contribution scores	bigBed	DNase-seq	none	kidney-glomerular-epithelial-cell	epithelial	epithelial	integumental-system	none	none	passed
ENCFF006MXL	ENCFF006MXL	ENCSR857AEB	ENCSR276XFY	ChromBPNet	selected regions for predicted signal and sequence contribution scores	bigBed	DNase-seq	none	large-intestine	large-intestine	large-intestine	digestive-system	none	none	passed
ENCFF155UNH	ENCFF155UNH	ENCSR133SPH	ENCSR814ZUK	ChromBPNet	selected regions for predicted signal and sequence contribution scores	bigBed	DNase-seq	none	large-intestine	large-intestine	large-intestine	digestive-system	none	none	passed
ENCFF239EZR	ENCFF239EZR	ENCSR444VTC	ENCSR482OFD	ChromBPNet	selected regions for predicted signal and sequence contribution scores	bigBed	DNase-seq	none	large-intestine	large-intestine	large-intestine	digestive-system	none	none	passed
ENCFF304SEZ	ENCFF304SEZ	ENCSR666YVE	ENCSR208SZX	ChromBPNet	selected regions for predicted signal and sequence contribution scores	bigBed	DNase-seq	none	large-intestine	large-intestine	large-intestine	digestive-system	none	none	passed
ENCFF512EWC	ENCFF512EWC	ENCSR762FCX	ENCSR534WZW	ChromBPNet	selected regions for predicted signal and sequence contribution scores	bigBed	DNase-seq	none	large-intestine	large-intestine	large-intestine	digestive-system	none	none	passed
ENCFF519HMN	ENCFF519HMN	ENCSR800QGE	ENCSR060FTQ	ChromBPNet	selected regions for predicted signal and sequence contribution scores	bigBed	DNase-seq	none	large-intestine	large-intestine	large-intestine	digestive-system	none	none	passed
ENCFF539DVS	ENCFF539DVS	ENCSR154YPL	ENCSR306KBB	ChromBPNet	selected regions for predicted signal and sequence contribution scores	bigBed	DNase-seq	none	large-intestine	large-intestine	large-intestine	digestive-system	none	none	passed
ENCFF550DXL	ENCFF550DXL	ENCSR366EQH	ENCSR113FPW	ChromBPNet	selected regions for predicted signal and sequence contribution scores	bigBed	DNase-seq	none	large-intestine	large-intestine	large-intestine	digestive-system	none	none	passed
ENCFF609SNA	ENCFF609SNA	ENCSR214QEO	ENCSR568PUY	ChromBPNet	selected regions for predicted signal and sequence contribution scores	bigBed	DNase-seq	none	large-intestine	large-intestine	large-intestine	digestive-system	none	none	passed
ENCFF734QYI	ENCFF734QYI	ENCSR563XRP	ENCSR947WWP	ChromBPNet	selected regions for predicted signal and sequence contribution scores	bigBed	DNase-seq	none	large-intestine	large-intestine	large-intestine	digestive-system	none	none	passed
ENCFF767BDL	ENCFF767BDL	ENCSR047FNH	ENCSR304TXH	ChromBPNet	selected regions for predicted signal and sequence contribution scores	bigBed	DNase-seq	none	large-intestine	large-intestine	large-intestine	digestive-system	none	none	passed
ENCFF807UTD	ENCFF807UTD	ENCSR874CAK	ENCSR400GLH	ChromBPNet	selected regions for predicted signal and sequence contribution scores	bigBed	DNase-seq	none	large-intestine	large-intestine	large-intestine	digestive-system	none	none	passed
ENCFF812ITW	ENCFF812ITW	ENCSR796SJV	ENCSR693EVI	ChromBPNet	selected regions for predicted signal and sequence contribution scores	bigBed	DNase-seq	none	large-intestine	large-intestine	large-intestine	digestive-system	none	none	passed
ENCFF968SHT	ENCFF968SHT	ENCSR531HPD	ENCSR654WMG	ChromBPNet	selected regions for predicted signal and sequence contribution scores	bigBed	DNase-seq	none	large-intestine	large-intestine	large-intestine	digestive-system	none	none	passed
ENCFF006WKS	ENCFF006WKS	ENCSR390SLL	ENCSR426WAU	ChromBPNet	selected regions for predicted signal and sequence contribution scores	bigBed	ATAC-seq	none	left-cardiac-atrium	cardiac	heart	circulatory-system	none	none	passed
ENCFF185PPJ	ENCFF185PPJ	ENCSR330WUK	ENCSR533NOY	ChromBPNet	selected regions for predicted signal and sequence contribution scores	bigBed	ATAC-seq	none	left-cardiac-atrium	cardiac	heart	circulatory-system	none	none	passed
ENCFF428WIR	ENCFF428WIR	ENCSR736CIN	ENCSR803VRT	ChromBPNet	selected regions for predicted signal and sequence contribution scores	bigBed	ATAC-seq	none	left-cardiac-atrium	cardiac	heart	circulatory-system	none	none	passed
ENCFF461YGW	ENCFF461YGW	ENCSR731ODJ	ENCSR872ONH	ChromBPNet	selected regions for predicted signal and sequence contribution scores	bigBed	ATAC-seq	none	left-cardiac-atrium	cardiac	heart	circulatory-system	none	none	passed
ENCFF664LTB	ENCFF664LTB	ENCSR310UDW	ENCSR343DVA	ChromBPNet	selected regions for predicted signal and sequence contribution scores	bigBed	ATAC-seq	none	left-cardiac-atrium	cardiac	heart	circulatory-system	none	none	passed
ENCFF989ZNJ	ENCFF989ZNJ	ENCSR032NNU	ENCSR021QEF	ChromBPNet	selected regions for predicted signal and sequence contribution scores	bigBed	DNase-seq	none	left-cardiac-atrium	cardiac	heart	circulatory-system	none	none	passed
ENCFF060GWN	ENCFF060GWN	ENCSR600ZHS	ENCSR241IGX	ChromBPNet	selected regions for predicted signal and sequence contribution scores	bigBed	ATAC-seq	none	left-colon	colon	large-intestine	digestive-system	none	none	passed
ENCFF317VTF	ENCFF317VTF	ENCSR867XFA	ENCSR482CSE	ChromBPNet	selected regions for predicted signal and sequence contribution scores	bigBed	DNase-seq	none	left-colon	colon	large-intestine	digestive-system	none	none	passed
ENCFF662IJS	ENCFF662IJS	ENCSR279SXQ	ENCSR878HAK	ChromBPNet	selected regions for predicted signal and sequence contribution scores	bigBed	DNase-seq	none	left-colon	colon	large-intestine	digestive-system	none	none	passed
ENCFF103WJP	ENCFF103WJP	ENCSR976XOY	ENCSR930IPA	ChromBPNet	selected regions for predicted signal and sequence contribution scores	bigBed	DNase-seq	none	left-forelimb	limb	limb	skeletal-system	none	none	passed
ENCFF410LVQ	ENCFF410LVQ	ENCSR431UEM	ENCSR105NZG	ChromBPNet	selected regions for predicted signal and sequence contribution scores	bigBed	DNase-seq	none	left-hindlimb	limb	limb	skeletal-system	none	none	passed
ENCFF286JDH	ENCFF286JDH	ENCSR422PVL	ENCSR844BAV	ChromBPNet	selected regions for predicted signal and sequence contribution scores	bigBed	DNase-seq	none	left-kidney	kidney	kidney	excretory-system	none	none	passed
ENCFF482OUV	ENCFF482OUV	ENCSR600RAA	ENCSR314VYG	ChromBPNet	selected regions for predicted signal and sequence contribution scores	bigBed	DNase-seq	none	left-kidney	kidney	kidney	excretory-system	none	none	passed
ENCFF548NVN	ENCFF548NVN	ENCSR974TXT	ENCSR303DZH	ChromBPNet	selected regions for predicted signal and sequence contribution scores	bigBed	DNase-seq	none	left-kidney	kidney	kidney	excretory-system	none	none	passed
ENCFF770SAN	ENCFF770SAN	ENCSR543YPH	ENCSR244ZMB	ChromBPNet	selected regions for predicted signal and sequence contribution scores	bigBed	DNase-seq	none	left-kidney	kidney	kidney	excretory-system	none	none	passed
ENCFF797GRO	ENCFF797GRO	ENCSR097BWW	ENCSR707BUL	ChromBPNet	selected regions for predicted signal and sequence contribution scores	bigBed	DNase-seq	none	left-kidney	kidney	kidney	excretory-system	none	none	passed
ENCFF801XUN	ENCFF801XUN	ENCSR953XJU	ENCSR347CFZ	ChromBPNet	selected regions for predicted signal and sequence contribution scores	bigBed	DNase-seq	none	left-kidney	kidney	kidney	excretory-system	none	none	passed
ENCFF824XDN	ENCFF824XDN	ENCSR120LVW	ENCSR237JRU	ChromBPNet	selected regions for predicted signal and sequence contribution scores	bigBed	DNase-seq	none	left-kidney	kidney	kidney	excretory-system	none	none	passed
ENCFF869WIE	ENCFF869WIE	ENCSR295DUI	ENCSR162OQQ	ChromBPNet	selected regions for predicted signal and sequence contribution scores	bigBed	DNase-seq	none	left-kidney	kidney	kidney	excretory-system	none	none	passed
ENCFF916YLJ	ENCFF916YLJ	ENCSR184DFF	ENCSR342VPM	ChromBPNet	selected regions for predicted signal and sequence contribution scores	bigBed	DNase-seq	none	left-kidney	kidney	kidney	excretory-system	none	none	passed
ENCFF450IPD	ENCFF450IPD	ENCSR624ODL	ENCSR764RSP	ChromBPNet	selected regions for predicted signal and sequence contribution scores	bigBed	ATAC-seq	none	left-lobe-of-liver	liver	liver	digestive-system	none	none	passed
ENCFF278GRF	ENCFF278GRF	ENCSR802ZYE	ENCSR149JWI	ChromBPNet	selected regions for predicted signal and sequence contribution scores	bigBed	DNase-seq	none	left-lobe-of-liver	liver	liver	digestive-system	none	none	passed
ENCFF547QLR	ENCFF547QLR	ENCSR682ETE	ENCSR290BAB	ChromBPNet	selected regions for predicted signal and sequence contribution scores	bigBed	ATAC-seq	none	left-lung	lung	lung	respiratory-system	none	none	passed
ENCFF007ZOU	ENCFF007ZOU	ENCSR006XED	ENCSR166DMK	ChromBPNet	selected regions for predicted signal and sequence contribution scores	bigBed	DNase-seq	none	left-lung	lung	lung	respiratory-system	none	none	passed
ENCFF027RBV	ENCFF027RBV	ENCSR456KDF	ENCSR936GKS	ChromBPNet	selected regions for predicted signal and sequence contribution scores	bigBed	DNase-seq	none	left-lung	lung	lung	respiratory-system	none	none	passed
ENCFF127LFD	ENCFF127LFD	ENCSR953WJO	ENCSR084DDJ	ChromBPNet	selected regions for predicted signal and sequence contribution scores	bigBed	DNase-seq	none	left-lung	lung	lung	respiratory-system	none	none	passed
ENCFF189YCT	ENCFF189YCT	ENCSR510ITB	ENCSR892FMX	ChromBPNet	selected regions for predicted signal and sequence contribution scores	bigBed	DNase-seq	none	left-lung	lung	lung	respiratory-system	none	none	passed
ENCFF256NLV	ENCFF256NLV	ENCSR441OGH	ENCSR085UWX	ChromBPNet	selected regions for predicted signal and sequence contribution scores	bigBed	DNase-seq	none	left-lung	lung	lung	respiratory-system	none	none	passed
ENCFF288UJJ	ENCFF288UJJ	ENCSR960EJV	ENCSR775OWR	ChromBPNet	selected regions for predicted signal and sequence contribution scores	bigBed	DNase-seq	none	left-lung	lung	lung	respiratory-system	none	none	passed
ENCFF501HHL	ENCFF501HHL	ENCSR680SDS	ENCSR750HIY	ChromBPNet	selected regions for predicted signal and sequence contribution scores	bigBed	DNase-seq	none	left-lung	lung	lung	respiratory-system	none	none	passed
ENCFF591GEL	ENCFF591GEL	ENCSR658UBE	ENCSR773MZG	ChromBPNet	selected regions for predicted signal and sequence contribution scores	bigBed	DNase-seq	none	left-lung	lung	lung	respiratory-system	none	none	passed
ENCFF765JDY	ENCFF765JDY	ENCSR935EVZ	ENCSR775HQN	ChromBPNet	selected regions for predicted signal and sequence contribution scores	bigBed	DNase-seq	none	left-lung	lung	lung	respiratory-system	none	none	passed
ENCFF769OIN	ENCFF769OIN	ENCSR803VCR	ENCSR587DJD	ChromBPNet	selected regions for predicted signal and sequence contribution scores	bigBed	DNase-seq	none	left-lung	lung	lung	respiratory-system	none	none	passed
ENCFF951RGV	ENCFF951RGV	ENCSR488PHT	ENCSR319KPJ	ChromBPNet	selected regions for predicted signal and sequence contribution scores	bigBed	DNase-seq	none	left-lung	lung	lung	respiratory-system	none	none	passed
ENCFF087UBK	ENCFF087UBK	ENCSR928SYE	ENCSR819BCH	ChromBPNet	selected regions for predicted signal and sequence contribution scores	bigBed	DNase-seq	none	left-renal-cortex-interstitium	renal	kidney	excretory-system	none	none	passed
ENCFF210IUM	ENCFF210IUM	ENCSR092WMD	ENCSR806RQQ	ChromBPNet	selected regions for predicted signal and sequence contribution scores	bigBed	DNase-seq	none	left-renal-cortex-interstitium	renal	kidney	excretory-system	none	none	passed
ENCFF666OZN	ENCFF666OZN	ENCSR588JXI	ENCSR868XDI	ChromBPNet	selected regions for predicted signal and sequence contribution scores	bigBed	DNase-seq	none	left-renal-cortex-interstitium	renal	kidney	excretory-system	none	none	passed
ENCFF914DFK	ENCFF914DFK	ENCSR039ZVQ	ENCSR972EGH	ChromBPNet	selected regions for predicted signal and sequence contribution scores	bigBed	DNase-seq	none	left-renal-cortex-interstitium	renal	kidney	excretory-system	none	none	passed
ENCFF211ZMG	ENCFF211ZMG	ENCSR318JAA	ENCSR912CMN	ChromBPNet	selected regions for predicted signal and sequence contribution scores	bigBed	DNase-seq	none	left-renal-pelvis	renal	kidney	excretory-system	none	none	passed
ENCFF259CQF	ENCFF259CQF	ENCSR320SVK	ENCSR943DPF	ChromBPNet	selected regions for predicted signal and sequence contribution scores	bigBed	DNase-seq	none	left-renal-pelvis	renal	kidney	excretory-system	none	none	passed
ENCFF449CVB	ENCFF449CVB	ENCSR016THC	ENCSR394XWN	ChromBPNet	selected regions for predicted signal and sequence contribution scores	bigBed	DNase-seq	none	left-renal-pelvis	renal	kidney	excretory-system	none	none	passed
ENCFF488TTU	ENCFF488TTU	ENCSR258IBL	ENCSR910NEW	ChromBPNet	selected regions for predicted signal and sequence contribution scores	bigBed	DNase-seq	none	left-renal-pelvis	renal	kidney	excretory-system	none	none	passed
ENCFF919WPT	ENCFF919WPT	ENCSR946MAI	ENCSR446PUF	ChromBPNet	selected regions for predicted signal and sequence contribution scores	bigBed	ATAC-seq	none	left-ventricle-myocardium-inferior	ventricle	heart	circulatory-system	none	none	passed
ENCFF535YYS	ENCFF535YYS	ENCSR770OTB	ENCSR057XMV	ChromBPNet	selected regions for predicted signal and sequence contribution scores	bigBed	DNase-seq	none	left-ventricle-myocardium-inferior	ventricle	heart	circulatory-system	none	none	passed
ENCFF205UVA	ENCFF205UVA	ENCSR133WJY	ENCSR317GGQ	ChromBPNet	selected regions for predicted signal and sequence contribution scores	bigBed	ATAC-seq	none	left-ventricle-myocardium-superior	ventricle	heart	circulatory-system	none	none	passed
ENCFF696VVH	ENCFF696VVH	ENCSR355WAJ	ENCSR462CFV	ChromBPNet	selected regions for predicted signal and sequence contribution scores	bigBed	DNase-seq	none	left-ventricle-myocardium-superior	ventricle	heart	circulatory-system	none	none	passed
ENCFF613LYX	ENCFF613LYX	ENCSR818JGZ	ENCSR138OCE	ChromBPNet	selected regions for predicted signal and sequence contribution scores	bigBed	DNase-seq	none	limb	limb	limb	skeletal-system	none	none	passed
ENCFF634QNW	ENCFF634QNW	ENCSR532CRI	ENCSR858EVI	ChromBPNet	selected regions for predicted signal and sequence contribution scores	bigBed	DNase-seq	none	limb	limb	limb	skeletal-system	none	none	passed
ENCFF378FTM	ENCFF378FTM	ENCSR124NNL	ENCSR236XBM	ChromBPNet	selected regions for predicted signal and sequence contribution scores	bigBed	ATAC-seq	none	liver	liver	liver	digestive-system	none	none	passed
ENCFF092UQN	ENCFF092UQN	ENCSR562FNN	ENCSR399FII	ChromBPNet	selected regions for predicted signal and sequence contribution scores	bigBed	DNase-seq	none	liver	liver	liver	digestive-system	none	none	passed
ENCFF450BYG	ENCFF450BYG	ENCSR158YXM	ENCSR603COG	ChromBPNet	selected regions for predicted signal and sequence contribution scores	bigBed	DNase-seq	none	liver	liver	liver	digestive-system	none	none	passed
ENCFF346EUF	ENCFF346EUF	ENCSR361DND	ENCSR405UQT	ChromBPNet	selected regions for predicted signal and sequence contribution scores	bigBed	DNase-seq	none	lower-leg-skin	skin	skin	integumental-system	none	none	passed
ENCFF875FFC	ENCFF875FFC	ENCSR555ZDH	ENCSR980GNO	ChromBPNet	selected regions for predicted signal and sequence contribution scores	bigBed	ATAC-seq	none	lower-lobe-of-left-lung	lung	lung	respiratory-system	none	none	passed
ENCFF436IPP	ENCFF436IPP	ENCSR757NJT	ENCSR390HOR	ChromBPNet	selected regions for predicted signal and sequence contribution scores	bigBed	DNase-seq	none	lower-lobe-of-left-lung	lung	lung	respiratory-system	none	none	passed
ENCFF788NAD	ENCFF788NAD	ENCSR632ONQ	ENCSR034LAG	ChromBPNet	selected regions for predicted signal and sequence contribution scores	bigBed	DNase-seq	none	lower-lobe-of-left-lung	lung	lung	respiratory-system	none	none	passed
ENCFF121GFK	ENCFF121GFK	ENCSR923VTG	ENCSR609WOB	ChromBPNet	selected regions for predicted signal and sequence contribution scores	bigBed	ATAC-seq	none	lower-lobe-of-right-lung	lung	lung	respiratory-system	none	none	passed
ENCFF831CKG	ENCFF831CKG	ENCSR948MQC	ENCSR507JRS	ChromBPNet	selected regions for predicted signal and sequence contribution scores	bigBed	ATAC-seq	none	lower-lobe-of-right-lung	lung	lung	respiratory-system	none	none	passed
ENCFF292KLJ	ENCFF292KLJ	ENCSR785JXR	ENCSR034ERV	ChromBPNet	selected regions for predicted signal and sequence contribution scores	bigBed	DNase-seq	none	lower-lobe-of-right-lung	lung	lung	respiratory-system	none	none	passed
ENCFF705EGY	ENCFF705EGY	ENCSR647AOY	ENCSR936INA	ChromBPNet	selected regions for predicted signal and sequence contribution scores	bigBed	ATAC-seq	none	lung	lung	lung	respiratory-system	none	none	passed
ENCFF043HMC	ENCFF043HMC	ENCSR141IUS	ENCSR092FZS	ChromBPNet	selected regions for predicted signal and sequence contribution scores	bigBed	DNase-seq	none	lung	lung	lung	respiratory-system	none	none	passed
ENCFF048AON	ENCFF048AON	ENCSR627NIF	ENCSR443LVM	ChromBPNet	selected regions for predicted signal and sequence contribution scores	bigBed	DNase-seq	none	lung	lung	lung	respiratory-system	none	none	passed
ENCFF082HIA	ENCFF082HIA	ENCSR582IPV	ENCSR692PPT	ChromBPNet	selected regions for predicted signal and sequence contribution scores	bigBed	DNase-seq	none	lung	lung	lung	respiratory-system	none	none	passed
ENCFF291RAR	ENCFF291RAR	ENCSR006IJP	ENCSR481HGO	ChromBPNet	selected regions for predicted signal and sequence contribution scores	bigBed	DNase-seq	none	lung	lung	lung	respiratory-system	none	none	passed
ENCFF338KZC	ENCFF338KZC	ENCSR214XJO	ENCSR577VHS	ChromBPNet	selected regions for predicted signal and sequence contribution scores	bigBed	DNase-seq	none	lung	lung	lung	respiratory-system	none	none	passed
ENCFF412XYL	ENCFF412XYL	ENCSR986XLW	ENCSR735RRA	ChromBPNet	selected regions for predicted signal and sequence contribution scores	bigBed	DNase-seq	none	lung	lung	lung	respiratory-system	none	none	passed
ENCFF474MQO	ENCFF474MQO	ENCSR945JJB	ENCSR376IJB	ChromBPNet	selected regions for predicted signal and sequence contribution scores	bigBed	DNase-seq	none	lung	lung	lung	respiratory-system	none	none	passed
ENCFF556ECL	ENCFF556ECL	ENCSR318WOD	ENCSR013BTY	ChromBPNet	selected regions for predicted signal and sequence contribution scores	bigBed	DNase-seq	none	lung	lung	lung	respiratory-system	none	none	passed
ENCFF559LQX	ENCFF559LQX	ENCSR587HPR	ENCSR195ZBJ	ChromBPNet	selected regions for predicted signal and sequence contribution scores	bigBed	DNase-seq	none	lung	lung	lung	respiratory-system	none	none	passed
ENCFF846MRF	ENCFF846MRF	ENCSR504KZE	ENCSR430JNN	ChromBPNet	selected regions for predicted signal and sequence contribution scores	bigBed	DNase-seq	none	lung	lung	lung	respiratory-system	none	none	passed
ENCFF874ERB	ENCFF874ERB	ENCSR076YBB	ENCSR760EMJ	ChromBPNet	selected regions for predicted signal and sequence contribution scores	bigBed	DNase-seq	none	lung	lung	lung	respiratory-system	none	none	passed
ENCFF537ANZ	ENCFF537ANZ	ENCSR000EOE	ENCSR501LUY	ChromBPNet	selected regions for predicted signal and sequence contribution scores	bigBed	DNase-seq	none	lung-microvascular-endothelial-cell	endothelial	blood-vessel	circulatory-system	none	none	passed
ENCFF717LIM	ENCFF717LIM	ENCSR000EOD	ENCSR213BXO	ChromBPNet	selected regions for predicted signal and sequence contribution scores	bigBed	DNase-seq	none	lung-microvascular-endothelial-cell	endothelial	blood-vessel	circulatory-system	none	none	passed
ENCFF135PKL	ENCFF135PKL	ENCSR000ENV	ENCSR499STU	ChromBPNet	selected regions for predicted signal and sequence contribution scores	bigBed	DNase-seq	none	mammary-epithelial-cell	epithelial	epithelial	integumental-system	none	none	passed
ENCFF480MPD	ENCFF480MPD	ENCSR817ALC	ENCSR496IHH	ChromBPNet	selected regions for predicted signal and sequence contribution scores	bigBed	DNase-seq	none	mammary-epithelial-cell	epithelial	epithelial	integumental-system	none	none	passed
ENCFF115WOP	ENCFF115WOP	ENCSR224IYD	ENCSR409CJJ	ChromBPNet	selected regions for predicted signal and sequence contribution scores	bigBed	DNase-seq	none	medulla-oblongata	medulla	brain	central-nervous-system	none	none	passed
ENCFF260VIY	ENCFF260VIY	ENCSR610AQP	ENCSR775HRI	ChromBPNet	selected regions for predicted signal and sequence contribution scores	bigBed	ATAC-seq	none	memory-B-cell	b-cell	immune	immune-system	none	none	passed
ENCFF730RSI	ENCFF730RSI	ENCSR229BGG	ENCSR772VTJ	ChromBPNet	selected regions for predicted signal and sequence contribution scores	bigBed	DNase-seq	none	memory-B-cell	b-cell	immune	immune-system	none	none	passed
ENCFF889HZQ	ENCFF889HZQ	ENCSR736VVP	ENCSR676BXL	ChromBPNet	selected regions for predicted signal and sequence contribution scores	bigBed	DNase-seq	none	memory-B-cell	b-cell	immune	immune-system	none	none	passed
ENCFF719HXQ	ENCFF719HXQ	ENCSR731QLJ	ENCSR125NZI	ChromBPNet	selected regions for predicted signal and sequence contribution scores	bigBed	DNase-seq	none	mesenchymal-stem-cell	stem-cell	stem-cell	developmental-system	none	none	passed
ENCFF277EGL	ENCFF277EGL	ENCSR714DIF	ENCSR375YWK	ChromBPNet	selected regions for predicted signal and sequence contribution scores	bigBed	DNase-seq	none	mesendoderm	endoderm	endodermal	developmental-system	none	none	passed
ENCFF445KQQ	ENCFF445KQQ	ENCSR551CSY	ENCSR982HSG	ChromBPNet	selected regions for predicted signal and sequence contribution scores	bigBed	ATAC-seq	none	mesenteric-fat-pad	fat	skin	integumental-system	none	none	passed
ENCFF617ITP	ENCFF617ITP	ENCSR945KSP	ENCSR211GRM	ChromBPNet	selected regions for predicted signal and sequence contribution scores	bigBed	DNase-seq	none	mesothelial-cell-of-epicardium	epicardium	heart	circulatory-system	none	none	passed
ENCFF653ZAP	ENCFF653ZAP	ENCSR706IDL	ENCSR978NMB	ChromBPNet	selected regions for predicted signal and sequence contribution scores	bigBed	DNase-seq	none	midbrain	brain	brain	central-nervous-system	none	none	passed
ENCFF123UBB	ENCFF123UBB	ENCSR318PRQ	ENCSR365UQB	ChromBPNet	selected regions for predicted signal and sequence contribution scores	bigBed	DNase-seq	none	middle-frontal-gyrus	gyrus	brain	central-nervous-system	none	none	passed
ENCFF017JVV	ENCFF017JVV	ENCSR459PVP	ENCSR860FGK	ChromBPNet	selected regions for predicted signal and sequence contribution scores	bigBed	ATAC-seq	none	motor-neuron	neuron	nerve	central-nervous-system	none	none	passed
ENCFF407BIR	ENCFF407BIR	ENCSR410DWV	ENCSR098BDH	ChromBPNet	selected regions for predicted signal and sequence contribution scores	bigBed	ATAC-seq	none	motor-neuron	neuron	nerve	central-nervous-system	none	none	passed
ENCFF408XCR	ENCFF408XCR	ENCSR709QRD	ENCSR391QZM	ChromBPNet	selected regions for predicted signal and sequence contribution scores	bigBed	ATAC-seq	none	motor-neuron	neuron	nerve	central-nervous-system	none	none	passed
ENCFF423ZUO	ENCFF423ZUO	ENCSR516YAD	ENCSR564RRF	ChromBPNet	selected regions for predicted signal and sequence contribution scores	bigBed	ATAC-seq	none	motor-neuron	neuron	nerve	central-nervous-system	none	none	passed
ENCFF431FJE	ENCFF431FJE	ENCSR634WYX	ENCSR108WVW	ChromBPNet	selected regions for predicted signal and sequence contribution scores	bigBed	ATAC-seq	none	motor-neuron	neuron	nerve	central-nervous-system	none	none	passed
ENCFF469DNO	ENCFF469DNO	ENCSR704VZY	ENCSR992JTX	ChromBPNet	selected regions for predicted signal and sequence contribution scores	bigBed	ATAC-seq	none	motor-neuron	neuron	nerve	central-nervous-system	none	none	passed
ENCFF480IRH	ENCFF480IRH	ENCSR812ZKP	ENCSR293UQL	ChromBPNet	selected regions for predicted signal and sequence contribution scores	bigBed	ATAC-seq	none	motor-neuron	neuron	nerve	central-nervous-system	none	none	passed
ENCFF701ASP	ENCFF701ASP	ENCSR131HOY	ENCSR843NKK	ChromBPNet	selected regions for predicted signal and sequence contribution scores	bigBed	ATAC-seq	none	motor-neuron	neuron	nerve	central-nervous-system	none	none	passed
ENCFF731WEB	ENCFF731WEB	ENCSR913OWV	ENCSR667CJC	ChromBPNet	selected regions for predicted signal and sequence contribution scores	bigBed	ATAC-seq	none	motor-neuron	neuron	nerve	central-nervous-system	none	none	passed
ENCFF890EWR	ENCFF890EWR	ENCSR065CER	ENCSR308SWU	ChromBPNet	selected regions for predicted signal and sequence contribution scores	bigBed	ATAC-seq	none	motor-neuron	neuron	nerve	central-nervous-system	none	none	passed
ENCFF273KPJ	ENCFF273KPJ	ENCSR496PPU	ENCSR588VNU	ChromBPNet	selected regions for predicted signal and sequence contribution scores	bigBed	ATAC-seq	none	mucosa-of-descending-colon	colon	large-intestine	digestive-system	none	none	passed
ENCFF330ZAI	ENCFF330ZAI	ENCSR491VXJ	ENCSR413TKV	ChromBPNet	selected regions for predicted signal and sequence contribution scores	bigBed	ATAC-seq	none	mucosa-of-descending-colon	colon	large-intestine	digestive-system	none	none	passed
ENCFF176EDL	ENCFF176EDL	ENCSR507DQC	ENCSR759ERC	ChromBPNet	selected regions for predicted signal and sequence contribution scores	bigBed	DNase-seq	none	mucosa-of-descending-colon	colon	large-intestine	digestive-system	none	none	passed
ENCFF193BLP	ENCFF193BLP	ENCSR404TSP	ENCSR317GLC	ChromBPNet	selected regions for predicted signal and sequence contribution scores	bigBed	DNase-seq	none	mucosa-of-descending-colon	colon	large-intestine	digestive-system	none	none	passed
ENCFF355GCF	ENCFF355GCF	ENCSR612CTW	ENCSR722YBR	ChromBPNet	selected regions for predicted signal and sequence contribution scores	bigBed	DNase-seq	none	mucosa-of-descending-colon	colon	large-intestine	digestive-system	none	none	passed
ENCFF513NVN	ENCFF513NVN	ENCSR695FLC	ENCSR649LBS	ChromBPNet	selected regions for predicted signal and sequence contribution scores	bigBed	ATAC-seq	none	mucosa-of-gallbladder	bladder	bladder	excretory-system	none	none	passed
ENCFF729PKM	ENCFF729PKM	ENCSR011SAG	ENCSR493ZPF	ChromBPNet	selected regions for predicted signal and sequence contribution scores	bigBed	DNase-seq	none	mucosa-of-gallbladder	bladder	bladder	excretory-system	none	none	passed
ENCFF428XZM	ENCFF428XZM	ENCSR153IUB	ENCSR872ETC	ChromBPNet	selected regions for predicted signal and sequence contribution scores	bigBed	ATAC-seq	none	mucosa-of-urinary-bladder	bladder	bladder	excretory-system	none	none	passed
ENCFF858OAZ	ENCFF858OAZ	ENCSR548SSP	ENCSR034VPK	ChromBPNet	selected regions for predicted signal and sequence contribution scores	bigBed	ATAC-seq	none	mucosa-of-urinary-bladder	bladder	bladder	excretory-system	none	none	passed
ENCFF119PMR	ENCFF119PMR	ENCSR356QCD	ENCSR260XZC	ChromBPNet	selected regions for predicted signal and sequence contribution scores	bigBed	DNase-seq	none	muscle-of-arm	muscle	muscle	musculature	none	none	passed
ENCFF133DCS	ENCFF133DCS	ENCSR619BNL	ENCSR084NFS	ChromBPNet	selected regions for predicted signal and sequence contribution scores	bigBed	DNase-seq	none	muscle-of-arm	muscle	muscle	musculature	none	none	passed
ENCFF147WZQ	ENCFF147WZQ	ENCSR062DXC	ENCSR669LKG	ChromBPNet	selected regions for predicted signal and sequence contribution scores	bigBed	DNase-seq	none	muscle-of-arm	muscle	muscle	musculature	none	none	passed
ENCFF170UUN	ENCFF170UUN	ENCSR753QKD	ENCSR723QGH	ChromBPNet	selected regions for predicted signal and sequence contribution scores	bigBed	DNase-seq	none	muscle-of-arm	muscle	muscle	musculature	none	none	passed
ENCFF205NFJ	ENCFF205NFJ	ENCSR951XEN	ENCSR784LHF	ChromBPNet	selected regions for predicted signal and sequence contribution scores	bigBed	DNase-seq	none	muscle-of-arm	muscle	muscle	musculature	none	none	passed
ENCFF287SVG	ENCFF287SVG	ENCSR649PJN	ENCSR099UWX	ChromBPNet	selected regions for predicted signal and sequence contribution scores	bigBed	DNase-seq	none	muscle-of-arm	muscle	muscle	musculature	none	none	passed
ENCFF345TON	ENCFF345TON	ENCSR888GBS	ENCSR297AUU	ChromBPNet	selected regions for predicted signal and sequence contribution scores	bigBed	DNase-seq	none	muscle-of-arm	muscle	muscle	musculature	none	none	passed
ENCFF456KYW	ENCFF456KYW	ENCSR517NHP	ENCSR439BOP	ChromBPNet	selected regions for predicted signal and sequence contribution scores	bigBed	DNase-seq	none	muscle-of-arm	muscle	muscle	musculature	none	none	passed
ENCFF569CFL	ENCFF569CFL	ENCSR452EGE	ENCSR767FMQ	ChromBPNet	selected regions for predicted signal and sequence contribution scores	bigBed	DNase-seq	none	muscle-of-arm	muscle	muscle	musculature	none	none	passed
ENCFF674XBN	ENCFF674XBN	ENCSR270LZE	ENCSR667FJR	ChromBPNet	selected regions for predicted signal and sequence contribution scores	bigBed	DNase-seq	none	muscle-of-arm	muscle	muscle	musculature	none	none	passed
ENCFF756PHM	ENCFF756PHM	ENCSR956NOL	ENCSR132ZIL	ChromBPNet	selected regions for predicted signal and sequence contribution scores	bigBed	DNase-seq	none	muscle-of-arm	muscle	muscle	musculature	none	none	passed
ENCFF819VSV	ENCFF819VSV	ENCSR949JYS	ENCSR451NQD	ChromBPNet	selected regions for predicted signal and sequence contribution scores	bigBed	DNase-seq	none	muscle-of-arm	muscle	muscle	musculature	none	none	passed
ENCFF849HCE	ENCFF849HCE	ENCSR303YII	ENCSR701ZAN	ChromBPNet	selected regions for predicted signal and sequence contribution scores	bigBed	DNase-seq	none	muscle-of-arm	muscle	muscle	musculature	none	none	passed
ENCFF930AYG	ENCFF930AYG	ENCSR826ERZ	ENCSR204UTL	ChromBPNet	selected regions for predicted signal and sequence contribution scores	bigBed	DNase-seq	none	muscle-of-arm	muscle	muscle	musculature	none	none	passed
ENCFF955ZLT	ENCFF955ZLT	ENCSR357PMV	ENCSR997OAD	ChromBPNet	selected regions for predicted signal and sequence contribution scores	bigBed	DNase-seq	none	muscle-of-arm	muscle	muscle	musculature	none	none	passed
ENCFF179XZK	ENCFF179XZK	ENCSR438TWI	ENCSR467GZH	ChromBPNet	selected regions for predicted signal and sequence contribution scores	bigBed	DNase-seq	none	muscle-of-back	muscle	muscle	musculature	none	none	passed
ENCFF251SCB	ENCFF251SCB	ENCSR033STL	ENCSR147DMQ	ChromBPNet	selected regions for predicted signal and sequence contribution scores	bigBed	DNase-seq	none	muscle-of-back	muscle	muscle	musculature	none	none	passed
ENCFF253REW	ENCFF253REW	ENCSR295ELC	ENCSR941HRR	ChromBPNet	selected regions for predicted signal and sequence contribution scores	bigBed	DNase-seq	none	muscle-of-back	muscle	muscle	musculature	none	none	passed
ENCFF309HWP	ENCFF309HWP	ENCSR585CGU	ENCSR704MNS	ChromBPNet	selected regions for predicted signal and sequence contribution scores	bigBed	DNase-seq	none	muscle-of-back	muscle	muscle	musculature	none	none	passed
ENCFF322SCA	ENCFF322SCA	ENCSR174GXG	ENCSR037WSC	ChromBPNet	selected regions for predicted signal and sequence contribution scores	bigBed	DNase-seq	none	muscle-of-back	muscle	muscle	musculature	none	none	passed
ENCFF326PSA	ENCFF326PSA	ENCSR786FWF	ENCSR347XBH	ChromBPNet	selected regions for predicted signal and sequence contribution scores	bigBed	DNase-seq	none	muscle-of-back	muscle	muscle	musculature	none	none	passed
ENCFF402MHI	ENCFF402MHI	ENCSR010ZMK	ENCSR793EFR	ChromBPNet	selected regions for predicted signal and sequence contribution scores	bigBed	DNase-seq	none	muscle-of-back	muscle	muscle	musculature	none	none	passed
ENCFF555RLP	ENCFF555RLP	ENCSR106RBR	ENCSR246WUN	ChromBPNet	selected regions for predicted signal and sequence contribution scores	bigBed	DNase-seq	none	muscle-of-back	muscle	muscle	musculature	none	none	passed
ENCFF641QOU	ENCFF641QOU	ENCSR072NBR	ENCSR338CYP	ChromBPNet	selected regions for predicted signal and sequence contribution scores	bigBed	DNase-seq	none	muscle-of-back	muscle	muscle	musculature	none	none	passed
ENCFF667ODS	ENCFF667ODS	ENCSR193LYA	ENCSR006WBH	ChromBPNet	selected regions for predicted signal and sequence contribution scores	bigBed	DNase-seq	none	muscle-of-back	muscle	muscle	musculature	none	none	passed
ENCFF686MZT	ENCFF686MZT	ENCSR476SDZ	ENCSR604WIO	ChromBPNet	selected regions for predicted signal and sequence contribution scores	bigBed	DNase-seq	none	muscle-of-back	muscle	muscle	musculature	none	none	passed
ENCFF745GQU	ENCFF745GQU	ENCSR141NSQ	ENCSR071YMB	ChromBPNet	selected regions for predicted signal and sequence contribution scores	bigBed	DNase-seq	none	muscle-of-back	muscle	muscle	musculature	none	none	passed
ENCFF761JXI	ENCFF761JXI	ENCSR698CUE	ENCSR436KLL	ChromBPNet	selected regions for predicted signal and sequence contribution scores	bigBed	DNase-seq	none	muscle-of-back	muscle	muscle	musculature	none	none	passed
ENCFF062NHI	ENCFF062NHI	ENCSR938UOR	ENCSR642UBP	ChromBPNet	selected regions for predicted signal and sequence contribution scores	bigBed	DNase-seq	none	muscle-of-leg	muscle	muscle	musculature	none	none	passed
ENCFF065MNS	ENCFF065MNS	ENCSR033DQS	ENCSR023VRN	ChromBPNet	selected regions for predicted signal and sequence contribution scores	bigBed	DNase-seq	none	muscle-of-leg	muscle	muscle	musculature	none	none	passed
ENCFF069FBM	ENCFF069FBM	ENCSR861NUH	ENCSR944QXV	ChromBPNet	selected regions for predicted signal and sequence contribution scores	bigBed	DNase-seq	none	muscle-of-leg	muscle	muscle	musculature	none	none	passed
ENCFF073NWO	ENCFF073NWO	ENCSR294QCR	ENCSR146ZYL	ChromBPNet	selected regions for predicted signal and sequence contribution scores	bigBed	DNase-seq	none	muscle-of-leg	muscle	muscle	musculature	none	none	passed
ENCFF194EDQ	ENCFF194EDQ	ENCSR198JXW	ENCSR915HQH	ChromBPNet	selected regions for predicted signal and sequence contribution scores	bigBed	DNase-seq	none	muscle-of-leg	muscle	muscle	musculature	none	none	passed
ENCFF196KNJ	ENCFF196KNJ	ENCSR286WIA	ENCSR563QIN	ChromBPNet	selected regions for predicted signal and sequence contribution scores	bigBed	DNase-seq	none	muscle-of-leg	muscle	muscle	musculature	none	none	passed
ENCFF522OMR	ENCFF522OMR	ENCSR297ORG	ENCSR127GFJ	ChromBPNet	selected regions for predicted signal and sequence contribution scores	bigBed	DNase-seq	none	muscle-of-leg	muscle	muscle	musculature	none	none	passed
ENCFF597HDG	ENCFF597HDG	ENCSR167XSQ	ENCSR951VPU	ChromBPNet	selected regions for predicted signal and sequence contribution scores	bigBed	DNase-seq	none	muscle-of-leg	muscle	muscle	musculature	none	none	passed
ENCFF639BDD	ENCFF639BDD	ENCSR937RVN	ENCSR544GNB	ChromBPNet	selected regions for predicted signal and sequence contribution scores	bigBed	DNase-seq	none	muscle-of-leg	muscle	muscle	musculature	none	none	passed
ENCFF659ANW	ENCFF659ANW	ENCSR059LXL	ENCSR771RUL	ChromBPNet	selected regions for predicted signal and sequence contribution scores	bigBed	DNase-seq	none	muscle-of-leg	muscle	muscle	musculature	none	none	passed
ENCFF784CQC	ENCFF784CQC	ENCSR622CAH	ENCSR887XQO	ChromBPNet	selected regions for predicted signal and sequence contribution scores	bigBed	DNase-seq	none	muscle-of-leg	muscle	muscle	musculature	none	none	passed
ENCFF859QZZ	ENCFF859QZZ	ENCSR272RQX	ENCSR084ZVM	ChromBPNet	selected regions for predicted signal and sequence contribution scores	bigBed	DNase-seq	none	muscle-of-leg	muscle	muscle	musculature	none	none	passed
ENCFF356GDA	ENCFF356GDA	ENCSR217YRJ	ENCSR183INL	ChromBPNet	selected regions for predicted signal and sequence contribution scores	bigBed	DNase-seq	none	muscle-of-trunk	muscle	muscle	musculature	none	none	passed
ENCFF530XMQ	ENCFF530XMQ	ENCSR440FZS	ENCSR038BQY	ChromBPNet	selected regions for predicted signal and sequence contribution scores	bigBed	DNase-seq	none	muscle-of-trunk	muscle	muscle	musculature	none	none	passed
ENCFF781IPP	ENCFF781IPP	ENCSR411MGY	ENCSR276ZAN	ChromBPNet	selected regions for predicted signal and sequence contribution scores	bigBed	DNase-seq	none	muscle-of-trunk	muscle	muscle	musculature	none	none	passed
ENCFF479DNY	ENCFF479DNY	ENCSR000EPD	ENCSR838EIU	ChromBPNet	selected regions for predicted signal and sequence contribution scores	bigBed	DNase-seq	none	myocyte	myocyte	muscle	musculature	none	none	passed
ENCFF491PUC	ENCFF491PUC	ENCSR000EOP	ENCSR523GUI	ChromBPNet	selected regions for predicted signal and sequence contribution scores	bigBed	DNase-seq	none	myotube	myotube	muscle	musculature	none	none	passed
ENCFF737EAH	ENCFF737EAH	ENCSR903WVU	ENCSR993ADC	ChromBPNet	selected regions for predicted signal and sequence contribution scores	bigBed	ATAC-seq	none	naive-B-cell	b-cell	immune	immune-system	none	none	passed
ENCFF910ZPY	ENCFF910ZPY	ENCSR685OFR	ENCSR479HKQ	ChromBPNet	selected regions for predicted signal and sequence contribution scores	bigBed	ATAC-seq	none	naive-B-cell	b-cell	immune	immune-system	none	none	passed
ENCFF135TJS	ENCFF135TJS	ENCSR480SNC	ENCSR365UQV	ChromBPNet	selected regions for predicted signal and sequence contribution scores	bigBed	DNase-seq	none	naive-B-cell	b-cell	immune	immune-system	none	none	passed
ENCFF668JWH	ENCFF668JWH	ENCSR739VKY	ENCSR167ROT	ChromBPNet	selected regions for predicted signal and sequence contribution scores	bigBed	DNase-seq	none	naive-B-cell	b-cell	immune	immune-system	none	none	passed
ENCFF050XDT	ENCFF050XDT	ENCSR260LAN	ENCSR973ELB	ChromBPNet	selected regions for predicted signal and sequence contribution scores	bigBed	ATAC-seq	none	naive-thymus-derived-CD4-positive,-alpha-beta-T-cell	t-cell	immune	immune-system	none	none	passed
ENCFF269CAB	ENCFF269CAB	ENCSR452COS	ENCSR021MKA	ChromBPNet	selected regions for predicted signal and sequence contribution scores	bigBed	ATAC-seq	none	naive-thymus-derived-CD4-positive,-alpha-beta-T-cell	t-cell	immune	immune-system	none	none	passed
ENCFF310NXW	ENCFF310NXW	ENCSR232NLA	ENCSR490VKT	ChromBPNet	selected regions for predicted signal and sequence contribution scores	bigBed	DNase-seq	none	naive-thymus-derived-CD4-positive,-alpha-beta-T-cell	t-cell	immune	immune-system	none	none	passed
ENCFF323OEQ	ENCFF323OEQ	ENCSR531AYV	ENCSR264EXC	ChromBPNet	selected regions for predicted signal and sequence contribution scores	bigBed	DNase-seq	none	naive-thymus-derived-CD4-positive,-alpha-beta-T-cell	t-cell	immune	immune-system	none	none	passed
ENCFF527BAG	ENCFF527BAG	ENCSR969QKG	ENCSR000SWL	ChromBPNet	selected regions for predicted signal and sequence contribution scores	bigBed	DNase-seq	none	naive-thymus-derived-CD4-positive,-alpha-beta-T-cell	t-cell	immune	immune-system	none	none	passed
ENCFF600OOC	ENCFF600OOC	ENCSR125OEJ	ENCSR777DQL	ChromBPNet	selected regions for predicted signal and sequence contribution scores	bigBed	DNase-seq	none	naive-thymus-derived-CD4-positive,-alpha-beta-T-cell	t-cell	immune	immune-system	none	none	passed
ENCFF778EWI	ENCFF778EWI	ENCSR387EYA	ENCSR410LHN	ChromBPNet	selected regions for predicted signal and sequence contribution scores	bigBed	DNase-seq	none	naive-thymus-derived-CD4-positive,-alpha-beta-T-cell	t-cell	immune	immune-system	none	none	passed
ENCFF823JOH	ENCFF823JOH	ENCSR000EML	ENCSR792XWI	ChromBPNet	selected regions for predicted signal and sequence contribution scores	bigBed	DNase-seq	none	naive-thymus-derived-CD4-positive,-alpha-beta-T-cell	t-cell	immune	immune-system	none	none	passed
ENCFF890EKQ	ENCFF890EKQ	ENCSR000EMM	ENCSR955XIL	ChromBPNet	selected regions for predicted signal and sequence contribution scores	bigBed	DNase-seq	none	naive-thymus-derived-CD4-positive,-alpha-beta-T-cell	t-cell	immune	immune-system	none	none	passed
ENCFF551HJQ	ENCFF551HJQ	ENCSR283LPH	ENCSR035TEW	ChromBPNet	selected regions for predicted signal and sequence contribution scores	bigBed	ATAC-seq	none	naive-thymus-derived-CD8-positive,-alpha-beta-T-cell	t-cell	immune	immune-system	none	none	passed
ENCFF744OON	ENCFF744OON	ENCSR614JAG	ENCSR996BEY	ChromBPNet	selected regions for predicted signal and sequence contribution scores	bigBed	ATAC-seq	none	naive-thymus-derived-CD8-positive,-alpha-beta-T-cell	t-cell	immune	immune-system	none	none	passed
ENCFF871LHG	ENCFF871LHG	ENCSR513EVP	ENCSR531ENM	ChromBPNet	selected regions for predicted signal and sequence contribution scores	bigBed	ATAC-seq	none	naive-thymus-derived-CD8-positive,-alpha-beta-T-cell	t-cell	immune	immune-system	none	none	passed
ENCFF024FSQ	ENCFF024FSQ	ENCSR283TME	ENCSR399CMA	ChromBPNet	selected regions for predicted signal and sequence contribution scores	bigBed	DNase-seq	none	naive-thymus-derived-CD8-positive,-alpha-beta-T-cell	t-cell	immune	immune-system	none	none	passed
ENCFF295KDQ	ENCFF295KDQ	ENCSR703VGI	ENCSR929NKA	ChromBPNet	selected regions for predicted signal and sequence contribution scores	bigBed	DNase-seq	none	naive-thymus-derived-CD8-positive,-alpha-beta-T-cell	t-cell	immune	immune-system	none	none	passed
ENCFF336TBZ	ENCFF336TBZ	ENCSR237BOF	ENCSR554LKW	ChromBPNet	selected regions for predicted signal and sequence contribution scores	bigBed	DNase-seq	none	naive-thymus-derived-CD8-positive,-alpha-beta-T-cell	t-cell	immune	immune-system	none	none	passed
ENCFF368AUJ	ENCFF368AUJ	ENCSR367WVH	ENCSR709FWR	ChromBPNet	selected regions for predicted signal and sequence contribution scores	bigBed	DNase-seq	none	naive-thymus-derived-CD8-positive,-alpha-beta-T-cell	t-cell	immune	immune-system	none	none	passed
ENCFF643WZY	ENCFF643WZY	ENCSR445QDZ	ENCSR650ORE	ChromBPNet	selected regions for predicted signal and sequence contribution scores	bigBed	DNase-seq	none	naive-thymus-derived-CD8-positive,-alpha-beta-T-cell	t-cell	immune	immune-system	none	none	passed
ENCFF650VIB	ENCFF650VIB	ENCSR889ONK	ENCSR668QCT	ChromBPNet	selected regions for predicted signal and sequence contribution scores	bigBed	DNase-seq	none	naive-thymus-derived-CD8-positive,-alpha-beta-T-cell	t-cell	immune	immune-system	none	none	passed
ENCFF707XDZ	ENCFF707XDZ	ENCSR332HAD	ENCSR132JVG	ChromBPNet	selected regions for predicted signal and sequence contribution scores	bigBed	DNase-seq	none	naive-thymus-derived-CD8-positive,-alpha-beta-T-cell	t-cell	immune	immune-system	none	none	passed
ENCFF726IZD	ENCFF726IZD	ENCSR296TFH	ENCSR868BMM	ChromBPNet	selected regions for predicted signal and sequence contribution scores	bigBed	DNase-seq	none	naive-thymus-derived-CD8-positive,-alpha-beta-T-cell	t-cell	immune	immune-system	none	none	passed
ENCFF052RNW	ENCFF052RNW	ENCSR044ATC	ENCSR038PBG	ChromBPNet	selected regions for predicted signal and sequence contribution scores	bigBed	ATAC-seq	none	natural-killer-cell	killer	immune	immune-system	none	none	passed
ENCFF219WIY	ENCFF219WIY	ENCSR305QTE	ENCSR015SXE	ChromBPNet	selected regions for predicted signal and sequence contribution scores	bigBed	ATAC-seq	none	natural-killer-cell	killer	immune	immune-system	none	none	passed
ENCFF272IVI	ENCFF272IVI	ENCSR373GMM	ENCSR629AOL	ChromBPNet	selected regions for predicted signal and sequence contribution scores	bigBed	ATAC-seq	none	natural-killer-cell	killer	immune	immune-system	none	none	passed
ENCFF555SEP	ENCFF555SEP	ENCSR808HWS	ENCSR364XYG	ChromBPNet	selected regions for predicted signal and sequence contribution scores	bigBed	ATAC-seq	none	natural-killer-cell	killer	immune	immune-system	none	none	passed
ENCFF979AXM	ENCFF979AXM	ENCSR854TTM	ENCSR360EPT	ChromBPNet	selected regions for predicted signal and sequence contribution scores	bigBed	ATAC-seq	none	natural-killer-cell	killer	immune	immune-system	none	none	passed
ENCFF310EOX	ENCFF310EOX	ENCSR975LGK	ENCSR877QBD	ChromBPNet	selected regions for predicted signal and sequence contribution scores	bigBed	DNase-seq	none	natural-killer-cell	killer	immune	immune-system	none	none	passed
ENCFF411PHT	ENCFF411PHT	ENCSR723JLG	ENCSR494GOI	ChromBPNet	selected regions for predicted signal and sequence contribution scores	bigBed	DNase-seq	none	natural-killer-cell	killer	immune	immune-system	none	none	passed
ENCFF504ADQ	ENCFF504ADQ	ENCSR407WGG	ENCSR373EGC	ChromBPNet	selected regions for predicted signal and sequence contribution scores	bigBed	DNase-seq	none	natural-killer-cell	killer	immune	immune-system	none	none	passed
ENCFF581EMM	ENCFF581EMM	ENCSR409ZBD	ENCSR614AIX	ChromBPNet	selected regions for predicted signal and sequence contribution scores	bigBed	DNase-seq	none	natural-killer-cell	killer	immune	immune-system	none	none	passed
ENCFF658KRX	ENCFF658KRX	ENCSR704HNG	ENCSR294YZE	ChromBPNet	selected regions for predicted signal and sequence contribution scores	bigBed	DNase-seq	none	natural-killer-cell	killer	immune	immune-system	none	none	passed
ENCFF674VMB	ENCFF674VMB	ENCSR794TLA	ENCSR375KAT	ChromBPNet	selected regions for predicted signal and sequence contribution scores	bigBed	DNase-seq	none	natural-killer-cell	killer	immune	immune-system	none	none	passed
ENCFF880QDA	ENCFF880QDA	ENCSR718AAB	ENCSR937NLZ	ChromBPNet	selected regions for predicted signal and sequence contribution scores	bigBed	DNase-seq	none	natural-killer-cell	killer	immune	immune-system	none	none	passed
ENCFF703KDB	ENCFF703KDB	ENCSR503UNA	ENCSR071WOZ	ChromBPNet	selected regions for predicted signal and sequence contribution scores	bigBed	DNase-seq	none	nephron-progenitor-cell	nephron	kidney	excretory-system	none	none	passed
ENCFF977UIP	ENCFF977UIP	ENCSR826URD	ENCSR595VCF	ChromBPNet	selected regions for predicted signal and sequence contribution scores	bigBed	DNase-seq	none	neural-crest-cell	neural	nerve	central-nervous-system	none	none	passed
ENCFF141QSM	ENCFF141QSM	ENCSR963ALV	ENCSR648YLB	ChromBPNet	selected regions for predicted signal and sequence contribution scores	bigBed	DNase-seq	none	neural-progenitor-cell	neural	nerve	central-nervous-system	none	none	passed
ENCFF721FJD	ENCFF721FJD	ENCSR278FVO	ENCSR127MYY	ChromBPNet	selected regions for predicted signal and sequence contribution scores	bigBed	DNase-seq	none	neuronal-stem-cell	stem-cell	stem-cell	developmental-system	none	none	passed
ENCFF087JAP	ENCFF087JAP	ENCSR788TRR	ENCSR095QNL	ChromBPNet	selected regions for predicted signal and sequence contribution scores	bigBed	ATAC-seq	none	omental-fat-pad	fat	skin	integumental-system	none	none	passed
ENCFF599AEZ	ENCFF599AEZ	ENCSR693UHT	ENCSR299WQM	ChromBPNet	selected regions for predicted signal and sequence contribution scores	bigBed	DNase-seq	none	omental-fat-pad	fat	skin	integumental-system	none	none	passed
ENCFF681JZH	ENCFF681JZH	ENCSR818HHN	ENCSR062CWJ	ChromBPNet	selected regions for predicted signal and sequence contribution scores	bigBed	DNase-seq	none	osteocyte	osteocyte	bone	skeletal-system	none	none	passed
ENCFF018XZB	ENCFF018XZB	ENCSR490MSG	ENCSR121QXN	ChromBPNet	selected regions for predicted signal and sequence contribution scores	bigBed	ATAC-seq	none	ovary	ovary	ovary	reproductive-system	none	none	passed
ENCFF085TKI	ENCFF085TKI	ENCSR872MAO	ENCSR757ROR	ChromBPNet	selected regions for predicted signal and sequence contribution scores	bigBed	ATAC-seq	none	ovary	ovary	ovary	reproductive-system	none	none	passed
ENCFF254XMO	ENCFF254XMO	ENCSR996ZCR	ENCSR886QCR	ChromBPNet	selected regions for predicted signal and sequence contribution scores	bigBed	ATAC-seq	none	ovary	ovary	ovary	reproductive-system	none	none	passed
ENCFF388TDN	ENCFF388TDN	ENCSR392UJM	ENCSR543CFL	ChromBPNet	selected regions for predicted signal and sequence contribution scores	bigBed	ATAC-seq	none	ovary	ovary	ovary	reproductive-system	none	none	passed
ENCFF461GUT	ENCFF461GUT	ENCSR571JFO	ENCSR331CJJ	ChromBPNet	selected regions for predicted signal and sequence contribution scores	bigBed	ATAC-seq	none	ovary	ovary	ovary	reproductive-system	none	none	passed
ENCFF515NCU	ENCFF515NCU	ENCSR227FVE	ENCSR340JVJ	ChromBPNet	selected regions for predicted signal and sequence contribution scores	bigBed	ATAC-seq	none	ovary	ovary	ovary	reproductive-system	none	none	passed
ENCFF743UYV	ENCFF743UYV	ENCSR476WNA	ENCSR629AVX	ChromBPNet	selected regions for predicted signal and sequence contribution scores	bigBed	ATAC-seq	none	ovary	ovary	ovary	reproductive-system	none	none	passed
ENCFF096NYV	ENCFF096NYV	ENCSR872DUY	ENCSR544UHC	ChromBPNet	selected regions for predicted signal and sequence contribution scores	bigBed	DNase-seq	none	ovary	ovary	ovary	reproductive-system	none	none	passed
ENCFF189GHE	ENCFF189GHE	ENCSR365NDK	ENCSR064VAE	ChromBPNet	selected regions for predicted signal and sequence contribution scores	bigBed	DNase-seq	none	ovary	ovary	ovary	reproductive-system	none	none	passed
ENCFF244DWN	ENCFF244DWN	ENCSR930PDT	ENCSR566KYS	ChromBPNet	selected regions for predicted signal and sequence contribution scores	bigBed	DNase-seq	none	ovary	ovary	ovary	reproductive-system	none	none	passed
ENCFF333OTL	ENCFF333OTL	ENCSR330ZBO	ENCSR176QSI	ChromBPNet	selected regions for predicted signal and sequence contribution scores	bigBed	DNase-seq	none	ovary	ovary	ovary	reproductive-system	none	none	passed
ENCFF456OAB	ENCFF456OAB	ENCSR138UGH	ENCSR909JOK	ChromBPNet	selected regions for predicted signal and sequence contribution scores	bigBed	DNase-seq	none	ovary	ovary	ovary	reproductive-system	none	none	passed
ENCFF601VZS	ENCFF601VZS	ENCSR428XAX	ENCSR941ZNH	ChromBPNet	selected regions for predicted signal and sequence contribution scores	bigBed	DNase-seq	none	ovary	ovary	ovary	reproductive-system	none	none	passed
ENCFF785EEA	ENCFF785EEA	ENCSR712PYJ	ENCSR377QSX	ChromBPNet	selected regions for predicted signal and sequence contribution scores	bigBed	DNase-seq	none	ovary	ovary	ovary	reproductive-system	none	none	passed
ENCFF947QOU	ENCFF947QOU	ENCSR798XLO	ENCSR399QPF	ChromBPNet	selected regions for predicted signal and sequence contribution scores	bigBed	DNase-seq	none	ovary	ovary	ovary	reproductive-system	none	none	passed
ENCFF950LHJ	ENCFF950LHJ	ENCSR732RIC	ENCSR932WJY	ChromBPNet	selected regions for predicted signal and sequence contribution scores	bigBed	DNase-seq	none	ovary	ovary	ovary	reproductive-system	none	none	passed
ENCFF282BZD	ENCFF282BZD	ENCSR251POP	ENCSR720FMM	ChromBPNet	selected regions for predicted signal and sequence contribution scores	bigBed	ATAC-seq	none	pancreas	pancreas	pancreas	digestive-system	none	none	passed
ENCFF289NPC	ENCFF289NPC	ENCSR808ZMK	ENCSR413MSV	ChromBPNet	selected regions for predicted signal and sequence contribution scores	bigBed	ATAC-seq	none	pancreas	pancreas	pancreas	digestive-system	none	none	passed
ENCFF312QWJ	ENCFF312QWJ	ENCSR705KEB	ENCSR305AHO	ChromBPNet	selected regions for predicted signal and sequence contribution scores	bigBed	ATAC-seq	none	pancreas	pancreas	pancreas	digestive-system	none	none	passed
ENCFF352JLI	ENCFF352JLI	ENCSR918TVE	ENCSR170MMS	ChromBPNet	selected regions for predicted signal and sequence contribution scores	bigBed	ATAC-seq	none	pancreas	pancreas	pancreas	digestive-system	none	none	passed
ENCFF532UNK	ENCFF532UNK	ENCSR530XBF	ENCSR114HVO	ChromBPNet	selected regions for predicted signal and sequence contribution scores	bigBed	ATAC-seq	none	pancreas	pancreas	pancreas	digestive-system	none	none	passed
ENCFF128CDY	ENCFF128CDY	ENCSR178JBL	ENCSR627VXK	ChromBPNet	selected regions for predicted signal and sequence contribution scores	bigBed	DNase-seq	none	pancreas	pancreas	pancreas	digestive-system	none	none	passed
ENCFF243BQN	ENCFF243BQN	ENCSR338NEI	ENCSR601UXA	ChromBPNet	selected regions for predicted signal and sequence contribution scores	bigBed	DNase-seq	none	pancreas	pancreas	pancreas	digestive-system	none	none	passed
ENCFF243JZB	ENCFF243JZB	ENCSR999VDH	ENCSR855ANC	ChromBPNet	selected regions for predicted signal and sequence contribution scores	bigBed	DNase-seq	none	pancreas	pancreas	pancreas	digestive-system	none	none	passed
ENCFF476GNE	ENCFF476GNE	ENCSR242RPQ	ENCSR075BMD	ChromBPNet	selected regions for predicted signal and sequence contribution scores	bigBed	DNase-seq	none	pancreas	pancreas	pancreas	digestive-system	none	none	passed
ENCFF598NUS	ENCFF598NUS	ENCSR595HZQ	ENCSR265WLZ	ChromBPNet	selected regions for predicted signal and sequence contribution scores	bigBed	DNase-seq	none	pancreas	pancreas	pancreas	digestive-system	none	none	passed
ENCFF893YFI	ENCFF893YFI	ENCSR236KPK	ENCSR025GTZ	ChromBPNet	selected regions for predicted signal and sequence contribution scores	bigBed	DNase-seq	none	pancreas	pancreas	pancreas	digestive-system	none	none	passed
ENCFF930CDK	ENCFF930CDK	ENCSR056PFI	ENCSR473DPG	ChromBPNet	selected regions for predicted signal and sequence contribution scores	bigBed	DNase-seq	none	pancreas	pancreas	pancreas	digestive-system	none	none	passed
ENCFF023ZXI	ENCFF023ZXI	ENCSR395EZY	ENCSR215BSD	ChromBPNet	selected regions for predicted signal and sequence contribution scores	bigBed	DNase-seq	none	placenta	placenta	placenta	reproductive-system	none	none	passed
ENCFF072HPM	ENCFF072HPM	ENCSR212VEN	ENCSR965KKV	ChromBPNet	selected regions for predicted signal and sequence contribution scores	bigBed	DNase-seq	none	placenta	placenta	placenta	reproductive-system	none	none	passed
ENCFF113TLS	ENCFF113TLS	ENCSR831QMZ	ENCSR398EUE	ChromBPNet	selected regions for predicted signal and sequence contribution scores	bigBed	DNase-seq	none	placenta	placenta	placenta	reproductive-system	none	none	passed
ENCFF219RAH	ENCFF219RAH	ENCSR656KLT	ENCSR027FLL	ChromBPNet	selected regions for predicted signal and sequence contribution scores	bigBed	DNase-seq	none	placenta	placenta	placenta	reproductive-system	none	none	passed
ENCFF230SDK	ENCFF230SDK	ENCSR575VMI	ENCSR900IMX	ChromBPNet	selected regions for predicted signal and sequence contribution scores	bigBed	DNase-seq	none	placenta	placenta	placenta	reproductive-system	none	none	passed
ENCFF272MSC	ENCFF272MSC	ENCSR989YIV	ENCSR638CZD	ChromBPNet	selected regions for predicted signal and sequence contribution scores	bigBed	DNase-seq	none	placenta	placenta	placenta	reproductive-system	none	none	passed
ENCFF277ZCZ	ENCFF277ZCZ	ENCSR689FYA	ENCSR416VPY	ChromBPNet	selected regions for predicted signal and sequence contribution scores	bigBed	DNase-seq	none	placenta	placenta	placenta	reproductive-system	none	none	passed
ENCFF282RNJ	ENCFF282RNJ	ENCSR035QHH	ENCSR238VPR	ChromBPNet	selected regions for predicted signal and sequence contribution scores	bigBed	DNase-seq	none	placenta	placenta	placenta	reproductive-system	none	none	passed
ENCFF371MBN	ENCFF371MBN	ENCSR503RWO	ENCSR732YAH	ChromBPNet	selected regions for predicted signal and sequence contribution scores	bigBed	DNase-seq	none	placenta	placenta	placenta	reproductive-system	none	none	passed
ENCFF405NPJ	ENCFF405NPJ	ENCSR552XJI	ENCSR786QPI	ChromBPNet	selected regions for predicted signal and sequence contribution scores	bigBed	DNase-seq	none	placenta	placenta	placenta	reproductive-system	none	none	passed
ENCFF456NYP	ENCFF456NYP	ENCSR545KQR	ENCSR670KSX	ChromBPNet	selected regions for predicted signal and sequence contribution scores	bigBed	DNase-seq	none	placenta	placenta	placenta	reproductive-system	none	none	passed
ENCFF464PFY	ENCFF464PFY	ENCSR499IFY	ENCSR320MUC	ChromBPNet	selected regions for predicted signal and sequence contribution scores	bigBed	DNase-seq	none	placenta	placenta	placenta	reproductive-system	none	none	passed
ENCFF527FLE	ENCFF527FLE	ENCSR336RGT	ENCSR823CJN	ChromBPNet	selected regions for predicted signal and sequence contribution scores	bigBed	DNase-seq	none	placenta	placenta	placenta	reproductive-system	none	none	passed
ENCFF790GZO	ENCFF790GZO	ENCSR129TSG	ENCSR331GAY	ChromBPNet	selected regions for predicted signal and sequence contribution scores	bigBed	DNase-seq	none	placenta	placenta	placenta	reproductive-system	none	none	passed
ENCFF793VDD	ENCFF793VDD	ENCSR922YEW	ENCSR620JGM	ChromBPNet	selected regions for predicted signal and sequence contribution scores	bigBed	DNase-seq	none	placenta	placenta	placenta	reproductive-system	none	none	passed
ENCFF811UYK	ENCFF811UYK	ENCSR648RAX	ENCSR603HZX	ChromBPNet	selected regions for predicted signal and sequence contribution scores	bigBed	DNase-seq	none	placenta	placenta	placenta	reproductive-system	none	none	passed
ENCFF836TIL	ENCFF836TIL	ENCSR802AJE	ENCSR699KFI	ChromBPNet	selected regions for predicted signal and sequence contribution scores	bigBed	DNase-seq	none	placenta	placenta	placenta	reproductive-system	none	none	passed
ENCFF881LIR	ENCFF881LIR	ENCSR126EVK	ENCSR283EJN	ChromBPNet	selected regions for predicted signal and sequence contribution scores	bigBed	DNase-seq	none	placenta	placenta	placenta	reproductive-system	none	none	passed
ENCFF889GZO	ENCFF889GZO	ENCSR566VAK	ENCSR178HDU	ChromBPNet	selected regions for predicted signal and sequence contribution scores	bigBed	DNase-seq	none	placenta	placenta	placenta	reproductive-system	none	none	passed
ENCFF894VNP	ENCFF894VNP	ENCSR685PCS	ENCSR197HKB	ChromBPNet	selected regions for predicted signal and sequence contribution scores	bigBed	DNase-seq	none	placenta	placenta	placenta	reproductive-system	none	none	passed
ENCFF973DVL	ENCFF973DVL	ENCSR267UFM	ENCSR086ALK	ChromBPNet	selected regions for predicted signal and sequence contribution scores	bigBed	DNase-seq	none	placenta	placenta	placenta	reproductive-system	none	none	passed
ENCFF984DFB	ENCFF984DFB	ENCSR552RKI	ENCSR917FYG	ChromBPNet	selected regions for predicted signal and sequence contribution scores	bigBed	DNase-seq	none	placenta	placenta	placenta	reproductive-system	none	none	passed
ENCFF221WJH	ENCFF221WJH	ENCSR829MXU	ENCSR321NZH	ChromBPNet	selected regions for predicted signal and sequence contribution scores	bigBed	DNase-seq	none	pons	cell-line	cell-line	cell-line	none	none	passed
ENCFF609CFE	ENCFF609CFE	ENCSR729FNL	ENCSR763OVZ	ChromBPNet	selected regions for predicted signal and sequence contribution scores	bigBed	ATAC-seq	none	posterior-cingulate-cortex	cingulate	brain	central-nervous-system	none	none	passed
ENCFF024OXB	ENCFF024OXB	ENCSR943MRO	ENCSR882VUI	ChromBPNet	selected regions for predicted signal and sequence contribution scores	bigBed	DNase-seq	none	posterior-cingulate-gyrus	gyrus	brain	central-nervous-system	none	none	passed
ENCFF031GOL	ENCFF031GOL	ENCSR098ISE	ENCSR250BPU	ChromBPNet	selected regions for predicted signal and sequence contribution scores	bigBed	DNase-seq	none	posterior-cingulate-gyrus	gyrus	brain	central-nervous-system	none	none	passed
ENCFF052FUE	ENCFF052FUE	ENCSR908MUU	ENCSR634QJR	ChromBPNet	selected regions for predicted signal and sequence contribution scores	bigBed	DNase-seq	none	posterior-cingulate-gyrus	gyrus	brain	central-nervous-system	none	none	passed
ENCFF056KMT	ENCFF056KMT	ENCSR059ETS	ENCSR439IID	ChromBPNet	selected regions for predicted signal and sequence contribution scores	bigBed	DNase-seq	none	posterior-cingulate-gyrus	gyrus	brain	central-nervous-system	none	none	passed
ENCFF068MFP	ENCFF068MFP	ENCSR581LHW	ENCSR770IPC	ChromBPNet	selected regions for predicted signal and sequence contribution scores	bigBed	DNase-seq	none	posterior-cingulate-gyrus	gyrus	brain	central-nervous-system	none	none	passed
ENCFF098EXY	ENCFF098EXY	ENCSR258POP	ENCSR274UQO	ChromBPNet	selected regions for predicted signal and sequence contribution scores	bigBed	DNase-seq	none	posterior-cingulate-gyrus	gyrus	brain	central-nervous-system	none	none	passed
ENCFF129HSO	ENCFF129HSO	ENCSR590EFT	ENCSR122RRZ	ChromBPNet	selected regions for predicted signal and sequence contribution scores	bigBed	DNase-seq	none	posterior-cingulate-gyrus	gyrus	brain	central-nervous-system	none	none	passed
ENCFF138CHL	ENCFF138CHL	ENCSR086PIL	ENCSR607BQJ	ChromBPNet	selected regions for predicted signal and sequence contribution scores	bigBed	DNase-seq	none	posterior-cingulate-gyrus	gyrus	brain	central-nervous-system	none	none	passed
ENCFF177ZHR	ENCFF177ZHR	ENCSR885ZBV	ENCSR877WHN	ChromBPNet	selected regions for predicted signal and sequence contribution scores	bigBed	DNase-seq	none	posterior-cingulate-gyrus	gyrus	brain	central-nervous-system	none	none	passed
ENCFF191RTG	ENCFF191RTG	ENCSR195GUK	ENCSR755WII	ChromBPNet	selected regions for predicted signal and sequence contribution scores	bigBed	DNase-seq	none	posterior-cingulate-gyrus	gyrus	brain	central-nervous-system	none	none	passed
ENCFF260YWV	ENCFF260YWV	ENCSR502FPR	ENCSR638JQB	ChromBPNet	selected regions for predicted signal and sequence contribution scores	bigBed	DNase-seq	none	posterior-cingulate-gyrus	gyrus	brain	central-nervous-system	none	none	passed
ENCFF261POI	ENCFF261POI	ENCSR060UPU	ENCSR739OZZ	ChromBPNet	selected regions for predicted signal and sequence contribution scores	bigBed	DNase-seq	none	posterior-cingulate-gyrus	gyrus	brain	central-nervous-system	none	none	passed
ENCFF262RRN	ENCFF262RRN	ENCSR330LFP	ENCSR416SYF	ChromBPNet	selected regions for predicted signal and sequence contribution scores	bigBed	DNase-seq	none	posterior-cingulate-gyrus	gyrus	brain	central-nervous-system	none	none	passed
ENCFF275RCZ	ENCFF275RCZ	ENCSR887VUC	ENCSR907WJT	ChromBPNet	selected regions for predicted signal and sequence contribution scores	bigBed	DNase-seq	none	posterior-cingulate-gyrus	gyrus	brain	central-nervous-system	none	none	passed
ENCFF295VAM	ENCFF295VAM	ENCSR628GQE	ENCSR571ZLT	ChromBPNet	selected regions for predicted signal and sequence contribution scores	bigBed	DNase-seq	none	posterior-cingulate-gyrus	gyrus	brain	central-nervous-system	none	none	passed
ENCFF348UHF	ENCFF348UHF	ENCSR510GRY	ENCSR747VAH	ChromBPNet	selected regions for predicted signal and sequence contribution scores	bigBed	DNase-seq	none	posterior-cingulate-gyrus	gyrus	brain	central-nervous-system	none	none	passed
ENCFF351NCH	ENCFF351NCH	ENCSR730IHD	ENCSR427IHY	ChromBPNet	selected regions for predicted signal and sequence contribution scores	bigBed	DNase-seq	none	posterior-cingulate-gyrus	gyrus	brain	central-nervous-system	none	none	passed
ENCFF393KGD	ENCFF393KGD	ENCSR789FJF	ENCSR932TFQ	ChromBPNet	selected regions for predicted signal and sequence contribution scores	bigBed	DNase-seq	none	posterior-cingulate-gyrus	gyrus	brain	central-nervous-system	none	none	passed
ENCFF513TGX	ENCFF513TGX	ENCSR859HEW	ENCSR836HQP	ChromBPNet	selected regions for predicted signal and sequence contribution scores	bigBed	DNase-seq	none	posterior-cingulate-gyrus	gyrus	brain	central-nervous-system	none	none	passed
ENCFF535UKY	ENCFF535UKY	ENCSR503UFM	ENCSR545CXX	ChromBPNet	selected regions for predicted signal and sequence contribution scores	bigBed	DNase-seq	none	posterior-cingulate-gyrus	gyrus	brain	central-nervous-system	none	none	passed
ENCFF538IUV	ENCFF538IUV	ENCSR846VGZ	ENCSR642MZG	ChromBPNet	selected regions for predicted signal and sequence contribution scores	bigBed	DNase-seq	none	posterior-cingulate-gyrus	gyrus	brain	central-nervous-system	none	none	passed
ENCFF557AFE	ENCFF557AFE	ENCSR694DOX	ENCSR206FDN	ChromBPNet	selected regions for predicted signal and sequence contribution scores	bigBed	DNase-seq	none	posterior-cingulate-gyrus	gyrus	brain	central-nervous-system	none	none	passed
ENCFF588TSL	ENCFF588TSL	ENCSR577QZP	ENCSR012UEW	ChromBPNet	selected regions for predicted signal and sequence contribution scores	bigBed	DNase-seq	none	posterior-cingulate-gyrus	gyrus	brain	central-nervous-system	none	none	passed
ENCFF599SZE	ENCFF599SZE	ENCSR987CQN	ENCSR197OKX	ChromBPNet	selected regions for predicted signal and sequence contribution scores	bigBed	DNase-seq	none	posterior-cingulate-gyrus	gyrus	brain	central-nervous-system	none	none	passed
ENCFF600LXP	ENCFF600LXP	ENCSR579RVI	ENCSR272TWH	ChromBPNet	selected regions for predicted signal and sequence contribution scores	bigBed	DNase-seq	none	posterior-cingulate-gyrus	gyrus	brain	central-nervous-system	none	none	passed
ENCFF643IZZ	ENCFF643IZZ	ENCSR652IZW	ENCSR232HGF	ChromBPNet	selected regions for predicted signal and sequence contribution scores	bigBed	DNase-seq	none	posterior-cingulate-gyrus	gyrus	brain	central-nervous-system	none	none	passed
ENCFF647BLE	ENCFF647BLE	ENCSR822GDF	ENCSR356SEV	ChromBPNet	selected regions for predicted signal and sequence contribution scores	bigBed	DNase-seq	none	posterior-cingulate-gyrus	gyrus	brain	central-nervous-system	none	none	passed
ENCFF647XKU	ENCFF647XKU	ENCSR729TYE	ENCSR873ZRY	ChromBPNet	selected regions for predicted signal and sequence contribution scores	bigBed	DNase-seq	none	posterior-cingulate-gyrus	gyrus	brain	central-nervous-system	none	none	passed
ENCFF680JLD	ENCFF680JLD	ENCSR599JZA	ENCSR006UIC	ChromBPNet	selected regions for predicted signal and sequence contribution scores	bigBed	DNase-seq	none	posterior-cingulate-gyrus	gyrus	brain	central-nervous-system	none	none	passed
ENCFF687ARS	ENCFF687ARS	ENCSR690CVL	ENCSR436PSQ	ChromBPNet	selected regions for predicted signal and sequence contribution scores	bigBed	DNase-seq	none	posterior-cingulate-gyrus	gyrus	brain	central-nervous-system	none	none	passed
ENCFF687ZTT	ENCFF687ZTT	ENCSR555DLG	ENCSR200CIY	ChromBPNet	selected regions for predicted signal and sequence contribution scores	bigBed	DNase-seq	none	posterior-cingulate-gyrus	gyrus	brain	central-nervous-system	none	none	passed
ENCFF700HYA	ENCFF700HYA	ENCSR006XFA	ENCSR876CEU	ChromBPNet	selected regions for predicted signal and sequence contribution scores	bigBed	DNase-seq	none	posterior-cingulate-gyrus	gyrus	brain	central-nervous-system	none	none	passed
ENCFF703NWP	ENCFF703NWP	ENCSR433NEX	ENCSR150BEX	ChromBPNet	selected regions for predicted signal and sequence contribution scores	bigBed	DNase-seq	none	posterior-cingulate-gyrus	gyrus	brain	central-nervous-system	none	none	passed
ENCFF705VJO	ENCFF705VJO	ENCSR037PIU	ENCSR025VNG	ChromBPNet	selected regions for predicted signal and sequence contribution scores	bigBed	DNase-seq	none	posterior-cingulate-gyrus	gyrus	brain	central-nervous-system	none	none	passed
ENCFF707RHT	ENCFF707RHT	ENCSR563CZB	ENCSR536OGN	ChromBPNet	selected regions for predicted signal and sequence contribution scores	bigBed	DNase-seq	none	posterior-cingulate-gyrus	gyrus	brain	central-nervous-system	none	none	passed
ENCFF842XYZ	ENCFF842XYZ	ENCSR770JCP	ENCSR284XOX	ChromBPNet	selected regions for predicted signal and sequence contribution scores	bigBed	DNase-seq	none	posterior-cingulate-gyrus	gyrus	brain	central-nervous-system	none	none	passed
ENCFF850HSE	ENCFF850HSE	ENCSR924IHU	ENCSR810GRE	ChromBPNet	selected regions for predicted signal and sequence contribution scores	bigBed	DNase-seq	none	posterior-cingulate-gyrus	gyrus	brain	central-nervous-system	none	none	passed
ENCFF854UVD	ENCFF854UVD	ENCSR654GSG	ENCSR725JHA	ChromBPNet	selected regions for predicted signal and sequence contribution scores	bigBed	DNase-seq	none	posterior-cingulate-gyrus	gyrus	brain	central-nervous-system	none	none	passed
ENCFF859WPP	ENCFF859WPP	ENCSR612IKQ	ENCSR279PMA	ChromBPNet	selected regions for predicted signal and sequence contribution scores	bigBed	DNase-seq	none	posterior-cingulate-gyrus	gyrus	brain	central-nervous-system	none	none	passed
ENCFF872CLY	ENCFF872CLY	ENCSR784GVR	ENCSR440TNT	ChromBPNet	selected regions for predicted signal and sequence contribution scores	bigBed	DNase-seq	none	posterior-cingulate-gyrus	gyrus	brain	central-nervous-system	none	none	passed
ENCFF898JTB	ENCFF898JTB	ENCSR112AKE	ENCSR637GYM	ChromBPNet	selected regions for predicted signal and sequence contribution scores	bigBed	DNase-seq	none	posterior-cingulate-gyrus	gyrus	brain	central-nervous-system	none	none	passed
ENCFF977RCX	ENCFF977RCX	ENCSR709PZI	ENCSR934EQZ	ChromBPNet	selected regions for predicted signal and sequence contribution scores	bigBed	DNase-seq	none	posterior-cingulate-gyrus	gyrus	brain	central-nervous-system	none	none	passed
ENCFF993KSP	ENCFF993KSP	ENCSR365FVU	ENCSR725IHL	ChromBPNet	selected regions for predicted signal and sequence contribution scores	bigBed	DNase-seq	none	posterior-cingulate-gyrus	gyrus	brain	central-nervous-system	none	none	passed
ENCFF154PZS	ENCFF154PZS	ENCSR552QUA	ENCSR006QRD	ChromBPNet	selected regions for predicted signal and sequence contribution scores	bigBed	ATAC-seq	none	posterior-vena-cava	vena-cava	heart	circulatory-system	none	none	passed
ENCFF199KBU	ENCFF199KBU	ENCSR913FZQ	ENCSR114CMC	ChromBPNet	selected regions for predicted signal and sequence contribution scores	bigBed	ATAC-seq	none	posterior-vena-cava	vena-cava	heart	circulatory-system	none	none	passed
ENCFF871PUB	ENCFF871PUB	ENCSR213DBU	ENCSR914RTI	ChromBPNet	selected regions for predicted signal and sequence contribution scores	bigBed	ATAC-seq	none	posterior-vena-cava	vena-cava	heart	circulatory-system	none	none	passed
ENCFF824QCY	ENCFF824QCY	ENCSR324NVG	ENCSR729AQD	ChromBPNet	selected regions for predicted signal and sequence contribution scores	bigBed	DNase-seq	none	posterior-vena-cava	vena-cava	heart	circulatory-system	none	none	passed
ENCFF318ZMJ	ENCFF318ZMJ	ENCSR169KNO	ENCSR863BVZ	ChromBPNet	selected regions for predicted signal and sequence contribution scores	bigBed	DNase-seq	none	progenitor-cell-of-endocrine-pancreas	pancreas	pancreas	digestive-system	none	none	passed
ENCFF572LJT	ENCFF572LJT	ENCSR999NKW	ENCSR429DQO	ChromBPNet	selected regions for predicted signal and sequence contribution scores	bigBed	ATAC-seq	none	prostate-gland	prostate	testis	reproductive-system	none	none	passed
ENCFF046VRS	ENCFF046VRS	ENCSR564FZH	ENCSR973CMW	ChromBPNet	selected regions for predicted signal and sequence contribution scores	bigBed	DNase-seq	none	prostate-gland	prostate	testis	reproductive-system	none	none	passed
ENCFF149ACR	ENCFF149ACR	ENCSR040DJK	ENCSR258FIF	ChromBPNet	selected regions for predicted signal and sequence contribution scores	bigBed	ATAC-seq	none	psoas-muscle	muscle	muscle	musculature	none	none	passed
ENCFF217MVT	ENCFF217MVT	ENCSR774NXA	ENCSR312SIF	ChromBPNet	selected regions for predicted signal and sequence contribution scores	bigBed	ATAC-seq	none	psoas-muscle	muscle	muscle	musculature	none	none	passed
ENCFF634ABJ	ENCFF634ABJ	ENCSR890DWH	ENCSR056ZAE	ChromBPNet	selected regions for predicted signal and sequence contribution scores	bigBed	ATAC-seq	none	psoas-muscle	muscle	muscle	musculature	none	none	passed
ENCFF767QYV	ENCFF767QYV	ENCSR154UWN	ENCSR504WYI	ChromBPNet	selected regions for predicted signal and sequence contribution scores	bigBed	ATAC-seq	none	psoas-muscle	muscle	muscle	musculature	none	none	passed
ENCFF894UBY	ENCFF894UBY	ENCSR886VCC	ENCSR629ZQZ	ChromBPNet	selected regions for predicted signal and sequence contribution scores	bigBed	ATAC-seq	none	psoas-muscle	muscle	muscle	musculature	none	none	passed
ENCFF236ZYB	ENCFF236ZYB	ENCSR388DHS	ENCSR754PIB	ChromBPNet	selected regions for predicted signal and sequence contribution scores	bigBed	DNase-seq	none	psoas-muscle	muscle	muscle	musculature	none	none	passed
ENCFF322CJE	ENCFF322CJE	ENCSR082PDJ	ENCSR530WDD	ChromBPNet	selected regions for predicted signal and sequence contribution scores	bigBed	DNase-seq	none	psoas-muscle	muscle	muscle	musculature	none	none	passed
ENCFF357GEW	ENCFF357GEW	ENCSR426TPQ	ENCSR005MRB	ChromBPNet	selected regions for predicted signal and sequence contribution scores	bigBed	DNase-seq	none	psoas-muscle	muscle	muscle	musculature	none	none	passed
ENCFF403WRL	ENCFF403WRL	ENCSR108SYM	ENCSR705JPE	ChromBPNet	selected regions for predicted signal and sequence contribution scores	bigBed	DNase-seq	none	psoas-muscle	muscle	muscle	musculature	none	none	passed
ENCFF559PLB	ENCFF559PLB	ENCSR000EOG	ENCSR313RDW	ChromBPNet	selected regions for predicted signal and sequence contribution scores	bigBed	DNase-seq	none	pulmonary-artery-endothelial-cell	artery	blood-vessel	circulatory-system	none	none	passed
ENCFF489TXS	ENCFF489TXS	ENCSR493VDS	ENCSR390LSY	ChromBPNet	selected regions for predicted signal and sequence contribution scores	bigBed	DNase-seq	none	putamen	putamen	brain	central-nervous-system	none	none	passed
ENCFF038FAB	ENCFF038FAB	ENCSR254AGA	ENCSR615RQE	ChromBPNet	selected regions for predicted signal and sequence contribution scores	bigBed	DNase-seq	none	renal-cortex-interstitium	renal	kidney	excretory-system	none	none	passed
ENCFF053UVP	ENCFF053UVP	ENCSR932DHT	ENCSR093WSI	ChromBPNet	selected regions for predicted signal and sequence contribution scores	bigBed	DNase-seq	none	renal-cortex-interstitium	renal	kidney	excretory-system	none	none	passed
ENCFF076UOL	ENCFF076UOL	ENCSR022ECC	ENCSR670AUO	ChromBPNet	selected regions for predicted signal and sequence contribution scores	bigBed	DNase-seq	none	renal-cortex-interstitium	renal	kidney	excretory-system	none	none	passed
ENCFF429NWG	ENCFF429NWG	ENCSR849OKE	ENCSR428GNJ	ChromBPNet	selected regions for predicted signal and sequence contribution scores	bigBed	DNase-seq	none	renal-cortex-interstitium	renal	kidney	excretory-system	none	none	passed
ENCFF467MXU	ENCFF467MXU	ENCSR851ZFT	ENCSR634EAJ	ChromBPNet	selected regions for predicted signal and sequence contribution scores	bigBed	DNase-seq	none	renal-cortex-interstitium	renal	kidney	excretory-system	none	none	passed
ENCFF520JZD	ENCFF520JZD	ENCSR828RNY	ENCSR286LMR	ChromBPNet	selected regions for predicted signal and sequence contribution scores	bigBed	DNase-seq	none	renal-cortex-interstitium	renal	kidney	excretory-system	none	none	passed
ENCFF593NID	ENCFF593NID	ENCSR155NPL	ENCSR596EZJ	ChromBPNet	selected regions for predicted signal and sequence contribution scores	bigBed	DNase-seq	none	renal-cortex-interstitium	renal	kidney	excretory-system	none	none	passed
ENCFF662KAA	ENCFF662KAA	ENCSR656QYL	ENCSR696LFL	ChromBPNet	selected regions for predicted signal and sequence contribution scores	bigBed	DNase-seq	none	renal-cortex-interstitium	renal	kidney	excretory-system	none	none	passed
ENCFF746XKR	ENCFF746XKR	ENCSR129KIV	ENCSR828UUI	ChromBPNet	selected regions for predicted signal and sequence contribution scores	bigBed	DNase-seq	none	renal-cortex-interstitium	renal	kidney	excretory-system	none	none	passed
ENCFF793HRS	ENCFF793HRS	ENCSR550UWM	ENCSR100RQO	ChromBPNet	selected regions for predicted signal and sequence contribution scores	bigBed	DNase-seq	none	renal-cortex-interstitium	renal	kidney	excretory-system	none	none	passed
ENCFF903PIE	ENCFF903PIE	ENCSR524DWS	ENCSR606XWT	ChromBPNet	selected regions for predicted signal and sequence contribution scores	bigBed	DNase-seq	none	renal-cortex-interstitium	renal	kidney	excretory-system	none	none	passed
ENCFF105IBE	ENCFF105IBE	ENCSR000EOK	ENCSR884QAZ	ChromBPNet	selected regions for predicted signal and sequence contribution scores	bigBed	DNase-seq	none	renal-cortical-epithelial-cell	epithelial	epithelial	integumental-system	none	none	passed
ENCFF129JEC	ENCFF129JEC	ENCSR606UAR	ENCSR717YBA	ChromBPNet	selected regions for predicted signal and sequence contribution scores	bigBed	DNase-seq	none	renal-pelvis	renal	kidney	excretory-system	none	none	passed
ENCFF133VYE	ENCFF133VYE	ENCSR619DRM	ENCSR270KMO	ChromBPNet	selected regions for predicted signal and sequence contribution scores	bigBed	DNase-seq	none	renal-pelvis	renal	kidney	excretory-system	none	none	passed
ENCFF377EZE	ENCFF377EZE	ENCSR580OAH	ENCSR245HRL	ChromBPNet	selected regions for predicted signal and sequence contribution scores	bigBed	DNase-seq	none	renal-pelvis	renal	kidney	excretory-system	none	none	passed
ENCFF397ZFC	ENCFF397ZFC	ENCSR364TKL	ENCSR302PCL	ChromBPNet	selected regions for predicted signal and sequence contribution scores	bigBed	DNase-seq	none	renal-pelvis	renal	kidney	excretory-system	none	none	passed
ENCFF447VUY	ENCFF447VUY	ENCSR141DMX	ENCSR938RWM	ChromBPNet	selected regions for predicted signal and sequence contribution scores	bigBed	DNase-seq	none	renal-pelvis	renal	kidney	excretory-system	none	none	passed
ENCFF513AQV	ENCFF513AQV	ENCSR301RCD	ENCSR771GLY	ChromBPNet	selected regions for predicted signal and sequence contribution scores	bigBed	DNase-seq	none	renal-pelvis	renal	kidney	excretory-system	none	none	passed
ENCFF632QJH	ENCFF632QJH	ENCSR554WUJ	ENCSR696FIH	ChromBPNet	selected regions for predicted signal and sequence contribution scores	bigBed	DNase-seq	none	renal-pelvis	renal	kidney	excretory-system	none	none	passed
ENCFF639POT	ENCFF639POT	ENCSR911YVV	ENCSR607WVP	ChromBPNet	selected regions for predicted signal and sequence contribution scores	bigBed	DNase-seq	none	renal-pelvis	renal	kidney	excretory-system	none	none	passed
ENCFF798AYT	ENCFF798AYT	ENCSR956ZHU	ENCSR551OOY	ChromBPNet	selected regions for predicted signal and sequence contribution scores	bigBed	DNase-seq	none	renal-pelvis	renal	kidney	excretory-system	none	none	passed
ENCFF982UMP	ENCFF982UMP	ENCSR913NYL	ENCSR843IAZ	ChromBPNet	selected regions for predicted signal and sequence contribution scores	bigBed	DNase-seq	none	renal-pelvis	renal	kidney	excretory-system	none	none	passed
ENCFF618AYB	ENCFF618AYB	ENCSR474GZQ	ENCSR297VLK	ChromBPNet	selected regions for predicted signal and sequence contribution scores	bigBed	DNase-seq	none	retina	retina	eye	sensory-system	none	none	passed
ENCFF917GTT	ENCFF917GTT	ENCSR820ICX	ENCSR844KBU	ChromBPNet	selected regions for predicted signal and sequence contribution scores	bigBed	DNase-seq	none	retina	retina	eye	sensory-system	none	none	passed
ENCFF930WXJ	ENCFF930WXJ	ENCSR621ENC	ENCSR889CEX	ChromBPNet	selected regions for predicted signal and sequence contribution scores	bigBed	DNase-seq	none	retina	retina	eye	sensory-system	none	none	passed
ENCFF910SIH	ENCFF910SIH	ENCSR062SVK	ENCSR400SCB	ChromBPNet	selected regions for predicted signal and sequence contribution scores	bigBed	ATAC-seq	none	right-atrium-auricular-region	atrium	heart	circulatory-system	none	none	passed
ENCFF237VJI	ENCFF237VJI	ENCSR984SQJ	ENCSR158MHO	ChromBPNet	selected regions for predicted signal and sequence contribution scores	bigBed	DNase-seq	none	right-atrium-auricular-region	atrium	heart	circulatory-system	none	none	passed
ENCFF333XUY	ENCFF333XUY	ENCSR213YPO	ENCSR934UQV	ChromBPNet	selected regions for predicted signal and sequence contribution scores	bigBed	ATAC-seq	none	right-cardiac-atrium	cardiac	heart	circulatory-system	none	none	passed
ENCFF580QHV	ENCFF580QHV	ENCSR177JWR	ENCSR848OXW	ChromBPNet	selected regions for predicted signal and sequence contribution scores	bigBed	ATAC-seq	none	right-cardiac-atrium	cardiac	heart	circulatory-system	none	none	passed
ENCFF724JWN	ENCFF724JWN	ENCSR452OSK	ENCSR940IWU	ChromBPNet	selected regions for predicted signal and sequence contribution scores	bigBed	ATAC-seq	none	right-cardiac-atrium	cardiac	heart	circulatory-system	none	none	passed
ENCFF933LBE	ENCFF933LBE	ENCSR822BAD	ENCSR811MAY	ChromBPNet	selected regions for predicted signal and sequence contribution scores	bigBed	ATAC-seq	none	right-cardiac-atrium	cardiac	heart	circulatory-system	none	none	passed
ENCFF052ELP	ENCFF052ELP	ENCSR622HTS	ENCSR193CJS	ChromBPNet	selected regions for predicted signal and sequence contribution scores	bigBed	DNase-seq	none	right-cardiac-atrium	cardiac	heart	circulatory-system	none	none	passed
ENCFF599ZIT	ENCFF599ZIT	ENCSR485UQY	ENCSR613NVS	ChromBPNet	selected regions for predicted signal and sequence contribution scores	bigBed	DNase-seq	none	right-cardiac-atrium	cardiac	heart	circulatory-system	none	none	passed
ENCFF666AEV	ENCFF666AEV	ENCSR374VQC	ENCSR067AYU	ChromBPNet	selected regions for predicted signal and sequence contribution scores	bigBed	DNase-seq	none	right-cardiac-atrium	cardiac	heart	circulatory-system	none	none	passed
ENCFF880RXS	ENCFF880RXS	ENCSR274SDO	ENCSR279CNN	ChromBPNet	selected regions for predicted signal and sequence contribution scores	bigBed	DNase-seq	none	right-forelimb	limb	limb	skeletal-system	none	none	passed
ENCFF248LDV	ENCFF248LDV	ENCSR449HOQ	ENCSR380NKC	ChromBPNet	selected regions for predicted signal and sequence contribution scores	bigBed	DNase-seq	none	right-hindlimb	limb	limb	skeletal-system	none	none	passed
ENCFF013TPQ	ENCFF013TPQ	ENCSR017TFH	ENCSR034ZHI	ChromBPNet	selected regions for predicted signal and sequence contribution scores	bigBed	DNase-seq	none	right-kidney	kidney	kidney	excretory-system	none	none	passed
ENCFF015UOX	ENCFF015UOX	ENCSR884MCZ	ENCSR226CPF	ChromBPNet	selected regions for predicted signal and sequence contribution scores	bigBed	DNase-seq	none	right-kidney	kidney	kidney	excretory-system	none	none	passed
ENCFF043ATK	ENCFF043ATK	ENCSR768OLL	ENCSR096EYF	ChromBPNet	selected regions for predicted signal and sequence contribution scores	bigBed	DNase-seq	none	right-kidney	kidney	kidney	excretory-system	none	none	passed
ENCFF304ZWH	ENCFF304ZWH	ENCSR414ZUA	ENCSR193BUT	ChromBPNet	selected regions for predicted signal and sequence contribution scores	bigBed	DNase-seq	none	right-kidney	kidney	kidney	excretory-system	none	none	passed
ENCFF335KDI	ENCFF335KDI	ENCSR036VRV	ENCSR731AJS	ChromBPNet	selected regions for predicted signal and sequence contribution scores	bigBed	DNase-seq	none	right-kidney	kidney	kidney	excretory-system	none	none	passed
ENCFF394OAK	ENCFF394OAK	ENCSR765BSU	ENCSR353QCK	ChromBPNet	selected regions for predicted signal and sequence contribution scores	bigBed	DNase-seq	none	right-kidney	kidney	kidney	excretory-system	none	none	passed
ENCFF501MOS	ENCFF501MOS	ENCSR990XXC	ENCSR325LOW	ChromBPNet	selected regions for predicted signal and sequence contribution scores	bigBed	DNase-seq	none	right-kidney	kidney	kidney	excretory-system	none	none	passed
ENCFF600RNW	ENCFF600RNW	ENCSR670ZSA	ENCSR152FUS	ChromBPNet	selected regions for predicted signal and sequence contribution scores	bigBed	DNase-seq	none	right-kidney	kidney	kidney	excretory-system	none	none	passed
ENCFF668QXL	ENCFF668QXL	ENCSR332BSB	ENCSR074ZCZ	ChromBPNet	selected regions for predicted signal and sequence contribution scores	bigBed	DNase-seq	none	right-kidney	kidney	kidney	excretory-system	none	none	passed
ENCFF981OVJ	ENCFF981OVJ	ENCSR871APX	ENCSR132IOD	ChromBPNet	selected regions for predicted signal and sequence contribution scores	bigBed	DNase-seq	none	right-kidney	kidney	kidney	excretory-system	none	none	passed
ENCFF160TEH	ENCFF160TEH	ENCSR836FIL	ENCSR424OMB	ChromBPNet	selected regions for predicted signal and sequence contribution scores	bigBed	ATAC-seq	none	right-lobe-of-liver	liver	liver	digestive-system	none	none	passed
ENCFF279OBD	ENCFF279OBD	ENCSR607BTF	ENCSR792VQM	ChromBPNet	selected regions for predicted signal and sequence contribution scores	bigBed	ATAC-seq	none	right-lobe-of-liver	liver	liver	digestive-system	none	none	passed
ENCFF513SCH	ENCFF513SCH	ENCSR516CPW	ENCSR338RWJ	ChromBPNet	selected regions for predicted signal and sequence contribution scores	bigBed	ATAC-seq	none	right-lobe-of-liver	liver	liver	digestive-system	none	none	passed
ENCFF521UPN	ENCFF521UPN	ENCSR373TDL	ENCSR492VQG	ChromBPNet	selected regions for predicted signal and sequence contribution scores	bigBed	ATAC-seq	none	right-lobe-of-liver	liver	liver	digestive-system	none	none	passed
ENCFF886OCS	ENCFF886OCS	ENCSR952SPO	ENCSR059XGM	ChromBPNet	selected regions for predicted signal and sequence contribution scores	bigBed	ATAC-seq	none	right-lobe-of-liver	liver	liver	digestive-system	none	none	passed
ENCFF914IBL	ENCFF914IBL	ENCSR685ZMP	ENCSR078CVS	ChromBPNet	selected regions for predicted signal and sequence contribution scores	bigBed	ATAC-seq	none	right-lobe-of-liver	liver	liver	digestive-system	none	none	passed
ENCFF223OKI	ENCFF223OKI	ENCSR628NEA	ENCSR889XMX	ChromBPNet	selected regions for predicted signal and sequence contribution scores	bigBed	DNase-seq	none	right-lobe-of-liver	liver	liver	digestive-system	none	none	passed
ENCFF394JEO	ENCFF394JEO	ENCSR164TBP	ENCSR149LGO	ChromBPNet	selected regions for predicted signal and sequence contribution scores	bigBed	DNase-seq	none	right-lobe-of-liver	liver	liver	digestive-system	none	none	passed
ENCFF432MTT	ENCFF432MTT	ENCSR608NWP	ENCSR475GDI	ChromBPNet	selected regions for predicted signal and sequence contribution scores	bigBed	DNase-seq	none	right-lobe-of-liver	liver	liver	digestive-system	none	none	passed
ENCFF439OTJ	ENCFF439OTJ	ENCSR933GMM	ENCSR836SEK	ChromBPNet	selected regions for predicted signal and sequence contribution scores	bigBed	DNase-seq	none	right-lobe-of-liver	liver	liver	digestive-system	none	none	passed
ENCFF692ZUQ	ENCFF692ZUQ	ENCSR909HFI	ENCSR688GFI	ChromBPNet	selected regions for predicted signal and sequence contribution scores	bigBed	DNase-seq	none	right-lobe-of-liver	liver	liver	digestive-system	none	none	passed
ENCFF151CFA	ENCFF151CFA	ENCSR441MMO	ENCSR894UGP	ChromBPNet	selected regions for predicted signal and sequence contribution scores	bigBed	DNase-seq	none	right-lung	lung	lung	respiratory-system	none	none	passed
ENCFF157WKT	ENCFF157WKT	ENCSR299INS	ENCSR624DIU	ChromBPNet	selected regions for predicted signal and sequence contribution scores	bigBed	DNase-seq	none	right-lung	lung	lung	respiratory-system	none	none	passed
ENCFF163QIW	ENCFF163QIW	ENCSR263IGU	ENCSR557PGT	ChromBPNet	selected regions for predicted signal and sequence contribution scores	bigBed	DNase-seq	none	right-lung	lung	lung	respiratory-system	none	none	passed
ENCFF234TPP	ENCFF234TPP	ENCSR859KGQ	ENCSR228QKN	ChromBPNet	selected regions for predicted signal and sequence contribution scores	bigBed	DNase-seq	none	right-lung	lung	lung	respiratory-system	none	none	passed
ENCFF443BJG	ENCFF443BJG	ENCSR445XYW	ENCSR314DCI	ChromBPNet	selected regions for predicted signal and sequence contribution scores	bigBed	DNase-seq	none	right-lung	lung	lung	respiratory-system	none	none	passed
ENCFF750XVE	ENCFF750XVE	ENCSR964VVW	ENCSR701VLP	ChromBPNet	selected regions for predicted signal and sequence contribution scores	bigBed	DNase-seq	none	right-lung	lung	lung	respiratory-system	none	none	passed
ENCFF925KCU	ENCFF925KCU	ENCSR947VPG	ENCSR013SFC	ChromBPNet	selected regions for predicted signal and sequence contribution scores	bigBed	DNase-seq	none	right-lung	lung	lung	respiratory-system	none	none	passed
ENCFF496ZKN	ENCFF496ZKN	ENCSR887BNC	ENCSR452KFX	ChromBPNet	selected regions for predicted signal and sequence contribution scores	bigBed	DNase-seq	none	right-renal-cortex-interstitium	renal	kidney	excretory-system	none	none	passed
ENCFF595IJC	ENCFF595IJC	ENCSR268QCH	ENCSR122DAC	ChromBPNet	selected regions for predicted signal and sequence contribution scores	bigBed	DNase-seq	none	right-renal-cortex-interstitium	renal	kidney	excretory-system	none	none	passed
ENCFF642EMT	ENCFF642EMT	ENCSR014VAC	ENCSR892XHO	ChromBPNet	selected regions for predicted signal and sequence contribution scores	bigBed	DNase-seq	none	right-renal-cortex-interstitium	renal	kidney	excretory-system	none	none	passed
ENCFF016VVI	ENCFF016VVI	ENCSR540PVZ	ENCSR848TND	ChromBPNet	selected regions for predicted signal and sequence contribution scores	bigBed	DNase-seq	none	right-renal-pelvis	renal	kidney	excretory-system	none	none	passed
ENCFF101QFI	ENCFF101QFI	ENCSR752NTF	ENCSR338TSY	ChromBPNet	selected regions for predicted signal and sequence contribution scores	bigBed	DNase-seq	none	right-renal-pelvis	renal	kidney	excretory-system	none	none	passed
ENCFF523PCN	ENCFF523PCN	ENCSR986HEN	ENCSR654ONT	ChromBPNet	selected regions for predicted signal and sequence contribution scores	bigBed	DNase-seq	none	right-renal-pelvis	renal	kidney	excretory-system	none	none	passed
ENCFF692TCY	ENCFF692TCY	ENCSR761ZFA	ENCSR530GKW	ChromBPNet	selected regions for predicted signal and sequence contribution scores	bigBed	DNase-seq	none	right-renal-pelvis	renal	kidney	excretory-system	none	none	passed
ENCFF392UJB	ENCFF392UJB	ENCSR072UYN	ENCSR929CYE	ChromBPNet	selected regions for predicted signal and sequence contribution scores	bigBed	ATAC-seq	none	sciatic-nerve	nerve	nerve	peripheral-nervous-system	none	none	passed
ENCFF435BAF	ENCFF435BAF	ENCSR120MOY	ENCSR092SQC	ChromBPNet	selected regions for predicted signal and sequence contribution scores	bigBed	ATAC-seq	none	sciatic-nerve	nerve	nerve	peripheral-nervous-system	none	none	passed
ENCFF602BOQ	ENCFF602BOQ	ENCSR619LHF	ENCSR463ATK	ChromBPNet	selected regions for predicted signal and sequence contribution scores	bigBed	ATAC-seq	none	sciatic-nerve	nerve	nerve	peripheral-nervous-system	none	none	passed
ENCFF842YGA	ENCFF842YGA	ENCSR533WFB	ENCSR404ICA	ChromBPNet	selected regions for predicted signal and sequence contribution scores	bigBed	ATAC-seq	none	sciatic-nerve	nerve	nerve	peripheral-nervous-system	none	none	passed
ENCFF390ONP	ENCFF390ONP	ENCSR672MOG	ENCSR903LXC	ChromBPNet	selected regions for predicted signal and sequence contribution scores	bigBed	DNase-seq	none	sciatic-nerve	nerve	nerve	peripheral-nervous-system	none	none	passed
ENCFF257IST	ENCFF257IST	ENCSR548QCP	ENCSR878ZYG	ChromBPNet	selected regions for predicted signal and sequence contribution scores	bigBed	ATAC-seq	none	sigmoid-colon	colon	large-intestine	digestive-system	none	none	passed
ENCFF735FPO	ENCFF735FPO	ENCSR086OGH	ENCSR916WZI	ChromBPNet	selected regions for predicted signal and sequence contribution scores	bigBed	ATAC-seq	none	sigmoid-colon	colon	large-intestine	digestive-system	none	none	passed
ENCFF826XYL	ENCFF826XYL	ENCSR846VLJ	ENCSR869SLC	ChromBPNet	selected regions for predicted signal and sequence contribution scores	bigBed	ATAC-seq	none	sigmoid-colon	colon	large-intestine	digestive-system	none	none	passed
ENCFF986VEZ	ENCFF986VEZ	ENCSR355SGJ	ENCSR751NJF	ChromBPNet	selected regions for predicted signal and sequence contribution scores	bigBed	ATAC-seq	none	sigmoid-colon	colon	large-intestine	digestive-system	none	none	passed
ENCFF477TZU	ENCFF477TZU	ENCSR276ITP	ENCSR428VXG	ChromBPNet	selected regions for predicted signal and sequence contribution scores	bigBed	DNase-seq	none	sigmoid-colon	colon	large-intestine	digestive-system	none	none	passed
ENCFF596EPW	ENCFF596EPW	ENCSR000EQA	ENCSR321ROO	ChromBPNet	selected regions for predicted signal and sequence contribution scores	bigBed	DNase-seq	none	skeletal-muscle-cell	muscle	muscle	musculature	none	none	passed
ENCFF094VEC	ENCFF094VEC	ENCSR000EOO	ENCSR233FQG	ChromBPNet	selected regions for predicted signal and sequence contribution scores	bigBed	DNase-seq	none	skeletal-muscle-myoblast	muscle	muscle	musculature	none	none	passed
ENCFF287GNM	ENCFF287GNM	ENCSR092OFK	ENCSR430OJL	ChromBPNet	selected regions for predicted signal and sequence contribution scores	bigBed	DNase-seq	none	skin-of-body	skin	skin	integumental-system	none	none	passed
ENCFF040WAB	ENCFF040WAB	ENCSR457ILW	ENCSR141OSZ	ChromBPNet	selected regions for predicted signal and sequence contribution scores	bigBed	DNase-seq	none	small-intestine	small-intestine	small-intestine	digestive-system	none	none	passed
ENCFF041HXP	ENCFF041HXP	ENCSR354FBA	ENCSR363VBV	ChromBPNet	selected regions for predicted signal and sequence contribution scores	bigBed	DNase-seq	none	small-intestine	small-intestine	small-intestine	digestive-system	none	none	passed
ENCFF150HAM	ENCFF150HAM	ENCSR188JLO	ENCSR779TXM	ChromBPNet	selected regions for predicted signal and sequence contribution scores	bigBed	DNase-seq	none	small-intestine	small-intestine	small-intestine	digestive-system	none	none	passed
ENCFF235EFS	ENCFF235EFS	ENCSR945RWN	ENCSR876FNB	ChromBPNet	selected regions for predicted signal and sequence contribution scores	bigBed	DNase-seq	none	small-intestine	small-intestine	small-intestine	digestive-system	none	none	passed
ENCFF263KAW	ENCFF263KAW	ENCSR565EBN	ENCSR634XOQ	ChromBPNet	selected regions for predicted signal and sequence contribution scores	bigBed	DNase-seq	none	small-intestine	small-intestine	small-intestine	digestive-system	none	none	passed
ENCFF520CCC	ENCFF520CCC	ENCSR970ZLG	ENCSR229TLU	ChromBPNet	selected regions for predicted signal and sequence contribution scores	bigBed	DNase-seq	none	small-intestine	small-intestine	small-intestine	digestive-system	none	none	passed
ENCFF527OHC	ENCFF527OHC	ENCSR594OWA	ENCSR609CXE	ChromBPNet	selected regions for predicted signal and sequence contribution scores	bigBed	DNase-seq	none	small-intestine	small-intestine	small-intestine	digestive-system	none	none	passed
ENCFF528MZO	ENCFF528MZO	ENCSR116WWW	ENCSR354EJA	ChromBPNet	selected regions for predicted signal and sequence contribution scores	bigBed	DNase-seq	none	small-intestine	small-intestine	small-intestine	digestive-system	none	none	passed
ENCFF593UVQ	ENCFF593UVQ	ENCSR931UQB	ENCSR208LEK	ChromBPNet	selected regions for predicted signal and sequence contribution scores	bigBed	DNase-seq	none	small-intestine	small-intestine	small-intestine	digestive-system	none	none	passed
ENCFF599GFE	ENCFF599GFE	ENCSR133KBX	ENCSR590MPP	ChromBPNet	selected regions for predicted signal and sequence contribution scores	bigBed	DNase-seq	none	small-intestine	small-intestine	small-intestine	digestive-system	none	none	passed
ENCFF624CCS	ENCFF624CCS	ENCSR860NDZ	ENCSR292WEZ	ChromBPNet	selected regions for predicted signal and sequence contribution scores	bigBed	DNase-seq	none	small-intestine	small-intestine	small-intestine	digestive-system	none	none	passed
ENCFF769AJA	ENCFF769AJA	ENCSR502NDK	ENCSR906VDD	ChromBPNet	selected regions for predicted signal and sequence contribution scores	bigBed	DNase-seq	none	small-intestine	small-intestine	small-intestine	digestive-system	none	none	passed
ENCFF828YJR	ENCFF828YJR	ENCSR000ENG	ENCSR675REU	ChromBPNet	selected regions for predicted signal and sequence contribution scores	bigBed	DNase-seq	none	smooth-muscle-cell-of-the-brain-vasculature	brain	brain	central-nervous-system	none	none	passed
ENCFF004HMP	ENCFF004HMP	ENCSR148MFM	ENCSR808GMI	ChromBPNet	selected regions for predicted signal and sequence contribution scores	bigBed	DNase-seq	none	spinal-cord	spinal	CNS	central-nervous-system	none	none	passed
ENCFF049FTK	ENCFF049FTK	ENCSR678PDD	ENCSR452MYL	ChromBPNet	selected regions for predicted signal and sequence contribution scores	bigBed	DNase-seq	none	spinal-cord	spinal	CNS	central-nervous-system	none	none	passed
ENCFF141UDP	ENCFF141UDP	ENCSR788SOI	ENCSR809DZZ	ChromBPNet	selected regions for predicted signal and sequence contribution scores	bigBed	DNase-seq	none	spinal-cord	spinal	CNS	central-nervous-system	none	none	passed
ENCFF518CUX	ENCFF518CUX	ENCSR910OQF	ENCSR838NPI	ChromBPNet	selected regions for predicted signal and sequence contribution scores	bigBed	DNase-seq	none	spinal-cord	spinal	CNS	central-nervous-system	none	none	passed
ENCFF659KMJ	ENCFF659KMJ	ENCSR615WIN	ENCSR875BHJ	ChromBPNet	selected regions for predicted signal and sequence contribution scores	bigBed	DNase-seq	none	spinal-cord	spinal	CNS	central-nervous-system	none	none	passed
ENCFF713BDX	ENCFF713BDX	ENCSR973MKT	ENCSR173PIN	ChromBPNet	selected regions for predicted signal and sequence contribution scores	bigBed	DNase-seq	none	spinal-cord	spinal	CNS	central-nervous-system	none	none	passed
ENCFF208DRH	ENCFF208DRH	ENCSR078EBD	ENCSR323QOO	ChromBPNet	selected regions for predicted signal and sequence contribution scores	bigBed	ATAC-seq	none	spleen	spleen	spleen	endocrine-system	none	none	passed
ENCFF238QBT	ENCFF238QBT	ENCSR158KCS	ENCSR179QCR	ChromBPNet	selected regions for predicted signal and sequence contribution scores	bigBed	ATAC-seq	none	spleen	spleen	spleen	endocrine-system	none	none	passed
ENCFF465UPP	ENCFF465UPP	ENCSR979TCG	ENCSR579CGX	ChromBPNet	selected regions for predicted signal and sequence contribution scores	bigBed	ATAC-seq	none	spleen	spleen	spleen	endocrine-system	none	none	passed
ENCFF744RKS	ENCFF744RKS	ENCSR694OWY	ENCSR332CFL	ChromBPNet	selected regions for predicted signal and sequence contribution scores	bigBed	ATAC-seq	none	spleen	spleen	spleen	endocrine-system	none	none	passed
ENCFF909QEX	ENCFF909QEX	ENCSR182VGJ	ENCSR838ZQX	ChromBPNet	selected regions for predicted signal and sequence contribution scores	bigBed	ATAC-seq	none	spleen	spleen	spleen	endocrine-system	none	none	passed
ENCFF302KTK	ENCFF302KTK	ENCSR567EEO	ENCSR855EMN	ChromBPNet	selected regions for predicted signal and sequence contribution scores	bigBed	DNase-seq	none	spleen	spleen	spleen	endocrine-system	none	none	passed
ENCFF346LHU	ENCFF346LHU	ENCSR946OIO	ENCSR363APK	ChromBPNet	selected regions for predicted signal and sequence contribution scores	bigBed	DNase-seq	none	spleen	spleen	spleen	endocrine-system	none	none	passed
ENCFF388GUY	ENCFF388GUY	ENCSR679IFH	ENCSR021IRM	ChromBPNet	selected regions for predicted signal and sequence contribution scores	bigBed	DNase-seq	none	spleen	spleen	spleen	endocrine-system	none	none	passed
ENCFF447JCS	ENCFF447JCS	ENCSR597UIG	ENCSR951WVQ	ChromBPNet	selected regions for predicted signal and sequence contribution scores	bigBed	DNase-seq	none	spleen	spleen	spleen	endocrine-system	none	none	passed
ENCFF656AHU	ENCFF656AHU	ENCSR128GBN	ENCSR468RFG	ChromBPNet	selected regions for predicted signal and sequence contribution scores	bigBed	DNase-seq	none	spleen	spleen	spleen	endocrine-system	none	none	passed
ENCFF065OXM	ENCFF065OXM	ENCSR147QLU	ENCSR829QXM	ChromBPNet	selected regions for predicted signal and sequence contribution scores	bigBed	DNase-seq	none	stimulated-activated-CD4-positive,-alpha-beta-T-cell	t-cell	immune	immune-system	none	none	passed
ENCFF084PJE	ENCFF084PJE	ENCSR884ODJ	ENCSR079GMY	ChromBPNet	selected regions for predicted signal and sequence contribution scores	bigBed	DNase-seq	none	stimulated-activated-CD4-positive,-alpha-beta-T-cell	t-cell	immune	immune-system	none	none	passed
ENCFF095GIN	ENCFF095GIN	ENCSR207CQH	ENCSR138LXP	ChromBPNet	selected regions for predicted signal and sequence contribution scores	bigBed	DNase-seq	none	stimulated-activated-CD4-positive,-alpha-beta-T-cell	t-cell	immune	immune-system	none	none	passed
ENCFF095OLF	ENCFF095OLF	ENCSR486FMF	ENCSR033ALM	ChromBPNet	selected regions for predicted signal and sequence contribution scores	bigBed	DNase-seq	none	stimulated-activated-CD4-positive,-alpha-beta-T-cell	t-cell	immune	immune-system	none	none	passed
ENCFF105TOF	ENCFF105TOF	ENCSR548KXH	ENCSR969OWP	ChromBPNet	selected regions for predicted signal and sequence contribution scores	bigBed	DNase-seq	none	stimulated-activated-CD4-positive,-alpha-beta-T-cell	t-cell	immune	immune-system	none	none	passed
ENCFF109THH	ENCFF109THH	ENCSR107XZC	ENCSR795IQN	ChromBPNet	selected regions for predicted signal and sequence contribution scores	bigBed	DNase-seq	none	stimulated-activated-CD4-positive,-alpha-beta-T-cell	t-cell	immune	immune-system	none	none	passed
ENCFF153LNM	ENCFF153LNM	ENCSR998IXQ	ENCSR063NRC	ChromBPNet	selected regions for predicted signal and sequence contribution scores	bigBed	DNase-seq	none	stimulated-activated-CD4-positive,-alpha-beta-T-cell	t-cell	immune	immune-system	none	none	passed
ENCFF155MGJ	ENCFF155MGJ	ENCSR731DJH	ENCSR149DSA	ChromBPNet	selected regions for predicted signal and sequence contribution scores	bigBed	DNase-seq	none	stimulated-activated-CD4-positive,-alpha-beta-T-cell	t-cell	immune	immune-system	none	none	passed
ENCFF191GPM	ENCFF191GPM	ENCSR315WAC	ENCSR316PCT	ChromBPNet	selected regions for predicted signal and sequence contribution scores	bigBed	DNase-seq	none	stimulated-activated-CD4-positive,-alpha-beta-T-cell	t-cell	immune	immune-system	none	none	passed
ENCFF200HZS	ENCFF200HZS	ENCSR933HFM	ENCSR878DJX	ChromBPNet	selected regions for predicted signal and sequence contribution scores	bigBed	DNase-seq	none	stimulated-activated-CD4-positive,-alpha-beta-T-cell	t-cell	immune	immune-system	none	none	passed
ENCFF202KWC	ENCFF202KWC	ENCSR266NDC	ENCSR120CBR	ChromBPNet	selected regions for predicted signal and sequence contribution scores	bigBed	DNase-seq	none	stimulated-activated-CD4-positive,-alpha-beta-T-cell	t-cell	immune	immune-system	none	none	passed
ENCFF221JIX	ENCFF221JIX	ENCSR531UVE	ENCSR004INR	ChromBPNet	selected regions for predicted signal and sequence contribution scores	bigBed	DNase-seq	none	stimulated-activated-CD4-positive,-alpha-beta-T-cell	t-cell	immune	immune-system	none	none	passed
ENCFF223TJR	ENCFF223TJR	ENCSR010TMX	ENCSR559GXZ	ChromBPNet	selected regions for predicted signal and sequence contribution scores	bigBed	DNase-seq	none	stimulated-activated-CD4-positive,-alpha-beta-T-cell	t-cell	immune	immune-system	none	none	passed
ENCFF230FNL	ENCFF230FNL	ENCSR616AEG	ENCSR078CWH	ChromBPNet	selected regions for predicted signal and sequence contribution scores	bigBed	DNase-seq	none	stimulated-activated-CD4-positive,-alpha-beta-T-cell	t-cell	immune	immune-system	none	none	passed
ENCFF272JPU	ENCFF272JPU	ENCSR953UJL	ENCSR242ROY	ChromBPNet	selected regions for predicted signal and sequence contribution scores	bigBed	DNase-seq	none	stimulated-activated-CD4-positive,-alpha-beta-T-cell	t-cell	immune	immune-system	none	none	passed
ENCFF289TQY	ENCFF289TQY	ENCSR019MZH	ENCSR879DUF	ChromBPNet	selected regions for predicted signal and sequence contribution scores	bigBed	DNase-seq	none	stimulated-activated-CD4-positive,-alpha-beta-T-cell	t-cell	immune	immune-system	none	none	passed
ENCFF296RKJ	ENCFF296RKJ	ENCSR987GUS	ENCSR937SVO	ChromBPNet	selected regions for predicted signal and sequence contribution scores	bigBed	DNase-seq	none	stimulated-activated-CD4-positive,-alpha-beta-T-cell	t-cell	immune	immune-system	none	none	passed
ENCFF301PIG	ENCFF301PIG	ENCSR765ZML	ENCSR942YDI	ChromBPNet	selected regions for predicted signal and sequence contribution scores	bigBed	DNase-seq	none	stimulated-activated-CD4-positive,-alpha-beta-T-cell	t-cell	immune	immune-system	none	none	passed
ENCFF307JRL	ENCFF307JRL	ENCSR245AXW	ENCSR428ZDH	ChromBPNet	selected regions for predicted signal and sequence contribution scores	bigBed	DNase-seq	none	stimulated-activated-CD4-positive,-alpha-beta-T-cell	t-cell	immune	immune-system	none	none	passed
ENCFF317XOU	ENCFF317XOU	ENCSR840USW	ENCSR106QEG	ChromBPNet	selected regions for predicted signal and sequence contribution scores	bigBed	DNase-seq	none	stimulated-activated-CD4-positive,-alpha-beta-T-cell	t-cell	immune	immune-system	none	none	passed
ENCFF322RVP	ENCFF322RVP	ENCSR226LVB	ENCSR003WRD	ChromBPNet	selected regions for predicted signal and sequence contribution scores	bigBed	DNase-seq	none	stimulated-activated-CD4-positive,-alpha-beta-T-cell	t-cell	immune	immune-system	none	none	passed
ENCFF443UIU	ENCFF443UIU	ENCSR799MAX	ENCSR823WJW	ChromBPNet	selected regions for predicted signal and sequence contribution scores	bigBed	DNase-seq	none	stimulated-activated-CD4-positive,-alpha-beta-T-cell	t-cell	immune	immune-system	none	none	passed
ENCFF448TWJ	ENCFF448TWJ	ENCSR920JUM	ENCSR274OUK	ChromBPNet	selected regions for predicted signal and sequence contribution scores	bigBed	DNase-seq	none	stimulated-activated-CD4-positive,-alpha-beta-T-cell	t-cell	immune	immune-system	none	none	passed
ENCFF456PHL	ENCFF456PHL	ENCSR075MQZ	ENCSR129MDQ	ChromBPNet	selected regions for predicted signal and sequence contribution scores	bigBed	DNase-seq	none	stimulated-activated-CD4-positive,-alpha-beta-T-cell	t-cell	immune	immune-system	none	none	passed
ENCFF467NYL	ENCFF467NYL	ENCSR579DBA	ENCSR990ZOO	ChromBPNet	selected regions for predicted signal and sequence contribution scores	bigBed	DNase-seq	none	stimulated-activated-CD4-positive,-alpha-beta-T-cell	t-cell	immune	immune-system	none	none	passed
ENCFF512KPU	ENCFF512KPU	ENCSR467LJT	ENCSR183NBM	ChromBPNet	selected regions for predicted signal and sequence contribution scores	bigBed	DNase-seq	none	stimulated-activated-CD4-positive,-alpha-beta-T-cell	t-cell	immune	immune-system	none	none	passed
ENCFF537JRH	ENCFF537JRH	ENCSR255OGF	ENCSR433NVE	ChromBPNet	selected regions for predicted signal and sequence contribution scores	bigBed	DNase-seq	none	stimulated-activated-CD4-positive,-alpha-beta-T-cell	t-cell	immune	immune-system	none	none	passed
ENCFF557UPX	ENCFF557UPX	ENCSR543WNA	ENCSR029KQP	ChromBPNet	selected regions for predicted signal and sequence contribution scores	bigBed	DNase-seq	none	stimulated-activated-CD4-positive,-alpha-beta-T-cell	t-cell	immune	immune-system	none	none	passed
ENCFF571KLZ	ENCFF571KLZ	ENCSR438USP	ENCSR999FHN	ChromBPNet	selected regions for predicted signal and sequence contribution scores	bigBed	DNase-seq	none	stimulated-activated-CD4-positive,-alpha-beta-T-cell	t-cell	immune	immune-system	none	none	passed
ENCFF581LYS	ENCFF581LYS	ENCSR323TXQ	ENCSR168OOW	ChromBPNet	selected regions for predicted signal and sequence contribution scores	bigBed	DNase-seq	none	stimulated-activated-CD4-positive,-alpha-beta-T-cell	t-cell	immune	immune-system	none	none	passed
ENCFF598QEB	ENCFF598QEB	ENCSR724QTW	ENCSR042CPO	ChromBPNet	selected regions for predicted signal and sequence contribution scores	bigBed	DNase-seq	none	stimulated-activated-CD4-positive,-alpha-beta-T-cell	t-cell	immune	immune-system	none	none	passed
ENCFF605WZR	ENCFF605WZR	ENCSR470QCE	ENCSR736ZOY	ChromBPNet	selected regions for predicted signal and sequence contribution scores	bigBed	DNase-seq	none	stimulated-activated-CD4-positive,-alpha-beta-T-cell	t-cell	immune	immune-system	none	none	passed
ENCFF612NZR	ENCFF612NZR	ENCSR885AWF	ENCSR729AHT	ChromBPNet	selected regions for predicted signal and sequence contribution scores	bigBed	DNase-seq	none	stimulated-activated-CD4-positive,-alpha-beta-T-cell	t-cell	immune	immune-system	none	none	passed
ENCFF619EQW	ENCFF619EQW	ENCSR287GYT	ENCSR371VIN	ChromBPNet	selected regions for predicted signal and sequence contribution scores	bigBed	DNase-seq	none	stimulated-activated-CD4-positive,-alpha-beta-T-cell	t-cell	immune	immune-system	none	none	passed
ENCFF636FFN	ENCFF636FFN	ENCSR553WJB	ENCSR541CYH	ChromBPNet	selected regions for predicted signal and sequence contribution scores	bigBed	DNase-seq	none	stimulated-activated-CD4-positive,-alpha-beta-T-cell	t-cell	immune	immune-system	none	none	passed
ENCFF660NDG	ENCFF660NDG	ENCSR323PWV	ENCSR067RGY	ChromBPNet	selected regions for predicted signal and sequence contribution scores	bigBed	DNase-seq	none	stimulated-activated-CD4-positive,-alpha-beta-T-cell	t-cell	immune	immune-system	none	none	passed
ENCFF665ONF	ENCFF665ONF	ENCSR050VTC	ENCSR885NTV	ChromBPNet	selected regions for predicted signal and sequence contribution scores	bigBed	DNase-seq	none	stimulated-activated-CD4-positive,-alpha-beta-T-cell	t-cell	immune	immune-system	none	none	passed
ENCFF673FNS	ENCFF673FNS	ENCSR605SQL	ENCSR894QMU	ChromBPNet	selected regions for predicted signal and sequence contribution scores	bigBed	DNase-seq	none	stimulated-activated-CD4-positive,-alpha-beta-T-cell	t-cell	immune	immune-system	none	none	passed
ENCFF742RDK	ENCFF742RDK	ENCSR881CRY	ENCSR671ZJO	ChromBPNet	selected regions for predicted signal and sequence contribution scores	bigBed	DNase-seq	none	stimulated-activated-CD4-positive,-alpha-beta-T-cell	t-cell	immune	immune-system	none	none	passed
ENCFF771MDG	ENCFF771MDG	ENCSR703AYZ	ENCSR444BKO	ChromBPNet	selected regions for predicted signal and sequence contribution scores	bigBed	DNase-seq	none	stimulated-activated-CD4-positive,-alpha-beta-T-cell	t-cell	immune	immune-system	none	none	passed
ENCFF789DML	ENCFF789DML	ENCSR419CKG	ENCSR151FWL	ChromBPNet	selected regions for predicted signal and sequence contribution scores	bigBed	DNase-seq	none	stimulated-activated-CD4-positive,-alpha-beta-T-cell	t-cell	immune	immune-system	none	none	passed
ENCFF811OUJ	ENCFF811OUJ	ENCSR965ZWZ	ENCSR788TAZ	ChromBPNet	selected regions for predicted signal and sequence contribution scores	bigBed	DNase-seq	none	stimulated-activated-CD4-positive,-alpha-beta-T-cell	t-cell	immune	immune-system	none	none	passed
ENCFF813LOV	ENCFF813LOV	ENCSR494IWJ	ENCSR305LCB	ChromBPNet	selected regions for predicted signal and sequence contribution scores	bigBed	DNase-seq	none	stimulated-activated-CD4-positive,-alpha-beta-T-cell	t-cell	immune	immune-system	none	none	passed
ENCFF829VMG	ENCFF829VMG	ENCSR566HLQ	ENCSR526HXL	ChromBPNet	selected regions for predicted signal and sequence contribution scores	bigBed	DNase-seq	none	stimulated-activated-CD4-positive,-alpha-beta-T-cell	t-cell	immune	immune-system	none	none	passed
ENCFF834XAA	ENCFF834XAA	ENCSR551LAH	ENCSR593OYE	ChromBPNet	selected regions for predicted signal and sequence contribution scores	bigBed	DNase-seq	none	stimulated-activated-CD4-positive,-alpha-beta-T-cell	t-cell	immune	immune-system	none	none	passed
ENCFF849CPE	ENCFF849CPE	ENCSR152AVY	ENCSR695ODM	ChromBPNet	selected regions for predicted signal and sequence contribution scores	bigBed	DNase-seq	none	stimulated-activated-CD4-positive,-alpha-beta-T-cell	t-cell	immune	immune-system	none	none	passed
ENCFF854PPX	ENCFF854PPX	ENCSR284GAG	ENCSR813GGO	ChromBPNet	selected regions for predicted signal and sequence contribution scores	bigBed	DNase-seq	none	stimulated-activated-CD4-positive,-alpha-beta-T-cell	t-cell	immune	immune-system	none	none	passed
ENCFF870INC	ENCFF870INC	ENCSR658NVL	ENCSR775ARR	ChromBPNet	selected regions for predicted signal and sequence contribution scores	bigBed	DNase-seq	none	stimulated-activated-CD4-positive,-alpha-beta-T-cell	t-cell	immune	immune-system	none	none	passed
ENCFF876HCI	ENCFF876HCI	ENCSR015FZF	ENCSR892SCD	ChromBPNet	selected regions for predicted signal and sequence contribution scores	bigBed	DNase-seq	none	stimulated-activated-CD4-positive,-alpha-beta-T-cell	t-cell	immune	immune-system	none	none	passed
ENCFF876QJC	ENCFF876QJC	ENCSR618HFT	ENCSR906FRI	ChromBPNet	selected regions for predicted signal and sequence contribution scores	bigBed	DNase-seq	none	stimulated-activated-CD4-positive,-alpha-beta-T-cell	t-cell	immune	immune-system	none	none	passed
ENCFF929NNK	ENCFF929NNK	ENCSR607HIL	ENCSR406JJY	ChromBPNet	selected regions for predicted signal and sequence contribution scores	bigBed	DNase-seq	none	stimulated-activated-CD4-positive,-alpha-beta-T-cell	t-cell	immune	immune-system	none	none	passed
ENCFF944EGK	ENCFF944EGK	ENCSR324SGE	ENCSR792OLA	ChromBPNet	selected regions for predicted signal and sequence contribution scores	bigBed	DNase-seq	none	stimulated-activated-CD4-positive,-alpha-beta-T-cell	t-cell	immune	immune-system	none	none	passed
ENCFF964LFB	ENCFF964LFB	ENCSR840QLA	ENCSR984DNC	ChromBPNet	selected regions for predicted signal and sequence contribution scores	bigBed	DNase-seq	none	stimulated-activated-CD4-positive,-alpha-beta-T-cell	t-cell	immune	immune-system	none	none	passed
ENCFF977GVZ	ENCFF977GVZ	ENCSR734VFU	ENCSR122CTA	ChromBPNet	selected regions for predicted signal and sequence contribution scores	bigBed	DNase-seq	none	stimulated-activated-CD4-positive,-alpha-beta-T-cell	t-cell	immune	immune-system	none	none	passed
ENCFF985ODN	ENCFF985ODN	ENCSR634ZYB	ENCSR210FDQ	ChromBPNet	selected regions for predicted signal and sequence contribution scores	bigBed	DNase-seq	none	stimulated-activated-CD4-positive,-alpha-beta-T-cell	t-cell	immune	immune-system	none	none	passed
ENCFF035YCQ	ENCFF035YCQ	ENCSR177GYC	ENCSR590AJW	ChromBPNet	selected regions for predicted signal and sequence contribution scores	bigBed	DNase-seq	none	stimulated-activated-CD8-positive,-alpha-beta-memory-T-cell	t-cell	immune	immune-system	none	none	passed
ENCFF091GDC	ENCFF091GDC	ENCSR205ECC	ENCSR757ZBB	ChromBPNet	selected regions for predicted signal and sequence contribution scores	bigBed	DNase-seq	none	stimulated-activated-CD8-positive,-alpha-beta-memory-T-cell	t-cell	immune	immune-system	none	none	passed
ENCFF117PJP	ENCFF117PJP	ENCSR943BCO	ENCSR606IUL	ChromBPNet	selected regions for predicted signal and sequence contribution scores	bigBed	DNase-seq	none	stimulated-activated-CD8-positive,-alpha-beta-memory-T-cell	t-cell	immune	immune-system	none	none	passed
ENCFF149ZBJ	ENCFF149ZBJ	ENCSR749YCR	ENCSR712YRU	ChromBPNet	selected regions for predicted signal and sequence contribution scores	bigBed	DNase-seq	none	stimulated-activated-CD8-positive,-alpha-beta-memory-T-cell	t-cell	immune	immune-system	none	none	passed
ENCFF163IIZ	ENCFF163IIZ	ENCSR335LOQ	ENCSR036QSP	ChromBPNet	selected regions for predicted signal and sequence contribution scores	bigBed	DNase-seq	none	stimulated-activated-CD8-positive,-alpha-beta-memory-T-cell	t-cell	immune	immune-system	none	none	passed
ENCFF278ZFS	ENCFF278ZFS	ENCSR130HIE	ENCSR126UPF	ChromBPNet	selected regions for predicted signal and sequence contribution scores	bigBed	DNase-seq	none	stimulated-activated-CD8-positive,-alpha-beta-memory-T-cell	t-cell	immune	immune-system	none	none	passed
ENCFF364ION	ENCFF364ION	ENCSR471RHG	ENCSR331ZTT	ChromBPNet	selected regions for predicted signal and sequence contribution scores	bigBed	DNase-seq	none	stimulated-activated-CD8-positive,-alpha-beta-memory-T-cell	t-cell	immune	immune-system	none	none	passed
ENCFF369ZWH	ENCFF369ZWH	ENCSR060TTR	ENCSR159UVY	ChromBPNet	selected regions for predicted signal and sequence contribution scores	bigBed	DNase-seq	none	stimulated-activated-CD8-positive,-alpha-beta-memory-T-cell	t-cell	immune	immune-system	none	none	passed
ENCFF435CBN	ENCFF435CBN	ENCSR335EYA	ENCSR798IHN	ChromBPNet	selected regions for predicted signal and sequence contribution scores	bigBed	DNase-seq	none	stimulated-activated-CD8-positive,-alpha-beta-memory-T-cell	t-cell	immune	immune-system	none	none	passed
ENCFF443IUQ	ENCFF443IUQ	ENCSR889YWJ	ENCSR542AKO	ChromBPNet	selected regions for predicted signal and sequence contribution scores	bigBed	DNase-seq	none	stimulated-activated-CD8-positive,-alpha-beta-memory-T-cell	t-cell	immune	immune-system	none	none	passed
ENCFF469NHR	ENCFF469NHR	ENCSR474HQW	ENCSR878FQY	ChromBPNet	selected regions for predicted signal and sequence contribution scores	bigBed	DNase-seq	none	stimulated-activated-CD8-positive,-alpha-beta-memory-T-cell	t-cell	immune	immune-system	none	none	passed
ENCFF514ZXU	ENCFF514ZXU	ENCSR210JVF	ENCSR316VER	ChromBPNet	selected regions for predicted signal and sequence contribution scores	bigBed	DNase-seq	none	stimulated-activated-CD8-positive,-alpha-beta-memory-T-cell	t-cell	immune	immune-system	none	none	passed
ENCFF524TOP	ENCFF524TOP	ENCSR135XMY	ENCSR374PWW	ChromBPNet	selected regions for predicted signal and sequence contribution scores	bigBed	DNase-seq	none	stimulated-activated-CD8-positive,-alpha-beta-memory-T-cell	t-cell	immune	immune-system	none	none	passed
ENCFF569GWJ	ENCFF569GWJ	ENCSR284VNJ	ENCSR030RSO	ChromBPNet	selected regions for predicted signal and sequence contribution scores	bigBed	DNase-seq	none	stimulated-activated-CD8-positive,-alpha-beta-memory-T-cell	t-cell	immune	immune-system	none	none	passed
ENCFF595TWU	ENCFF595TWU	ENCSR314IBN	ENCSR720QMH	ChromBPNet	selected regions for predicted signal and sequence contribution scores	bigBed	DNase-seq	none	stimulated-activated-CD8-positive,-alpha-beta-memory-T-cell	t-cell	immune	immune-system	none	none	passed
ENCFF603KPA	ENCFF603KPA	ENCSR960EVM	ENCSR076QUY	ChromBPNet	selected regions for predicted signal and sequence contribution scores	bigBed	DNase-seq	none	stimulated-activated-CD8-positive,-alpha-beta-memory-T-cell	t-cell	immune	immune-system	none	none	passed
ENCFF603ZJI	ENCFF603ZJI	ENCSR688DKY	ENCSR971GER	ChromBPNet	selected regions for predicted signal and sequence contribution scores	bigBed	DNase-seq	none	stimulated-activated-CD8-positive,-alpha-beta-memory-T-cell	t-cell	immune	immune-system	none	none	passed
ENCFF617KAI	ENCFF617KAI	ENCSR502GWQ	ENCSR772ATM	ChromBPNet	selected regions for predicted signal and sequence contribution scores	bigBed	DNase-seq	none	stimulated-activated-CD8-positive,-alpha-beta-memory-T-cell	t-cell	immune	immune-system	none	none	passed
ENCFF629JFC	ENCFF629JFC	ENCSR377CRU	ENCSR844YHV	ChromBPNet	selected regions for predicted signal and sequence contribution scores	bigBed	DNase-seq	none	stimulated-activated-CD8-positive,-alpha-beta-memory-T-cell	t-cell	immune	immune-system	none	none	passed
ENCFF671GTQ	ENCFF671GTQ	ENCSR735MJZ	ENCSR787HJE	ChromBPNet	selected regions for predicted signal and sequence contribution scores	bigBed	DNase-seq	none	stimulated-activated-CD8-positive,-alpha-beta-memory-T-cell	t-cell	immune	immune-system	none	none	passed
ENCFF671TSB	ENCFF671TSB	ENCSR688OIJ	ENCSR688PBM	ChromBPNet	selected regions for predicted signal and sequence contribution scores	bigBed	DNase-seq	none	stimulated-activated-CD8-positive,-alpha-beta-memory-T-cell	t-cell	immune	immune-system	none	none	passed
ENCFF692NGV	ENCFF692NGV	ENCSR832THJ	ENCSR953BHJ	ChromBPNet	selected regions for predicted signal and sequence contribution scores	bigBed	DNase-seq	none	stimulated-activated-CD8-positive,-alpha-beta-memory-T-cell	t-cell	immune	immune-system	none	none	passed
ENCFF740EII	ENCFF740EII	ENCSR669NQZ	ENCSR706ZWI	ChromBPNet	selected regions for predicted signal and sequence contribution scores	bigBed	DNase-seq	none	stimulated-activated-CD8-positive,-alpha-beta-memory-T-cell	t-cell	immune	immune-system	none	none	passed
ENCFF748RTY	ENCFF748RTY	ENCSR819EPD	ENCSR639YNS	ChromBPNet	selected regions for predicted signal and sequence contribution scores	bigBed	DNase-seq	none	stimulated-activated-CD8-positive,-alpha-beta-memory-T-cell	t-cell	immune	immune-system	none	none	passed
ENCFF774PWJ	ENCFF774PWJ	ENCSR380TXB	ENCSR376SQG	ChromBPNet	selected regions for predicted signal and sequence contribution scores	bigBed	DNase-seq	none	stimulated-activated-CD8-positive,-alpha-beta-memory-T-cell	t-cell	immune	immune-system	none	none	passed
ENCFF913SCT	ENCFF913SCT	ENCSR294DND	ENCSR711CBE	ChromBPNet	selected regions for predicted signal and sequence contribution scores	bigBed	DNase-seq	none	stimulated-activated-CD8-positive,-alpha-beta-memory-T-cell	t-cell	immune	immune-system	none	none	passed
ENCFF278YUC	ENCFF278YUC	ENCSR335LHS	ENCSR767NGG	ChromBPNet	selected regions for predicted signal and sequence contribution scores	bigBed	ATAC-seq	none	stimulated-activated-effector-memory-CD8-positive,-alpha-beta-T-cell	t-cell	immune	immune-system	none	none	passed
ENCFF664QMO	ENCFF664QMO	ENCSR335XRZ	ENCSR769CYN	ChromBPNet	selected regions for predicted signal and sequence contribution scores	bigBed	ATAC-seq	none	stimulated-activated-effector-memory-CD8-positive,-alpha-beta-T-cell	t-cell	immune	immune-system	none	none	passed
ENCFF227UUZ	ENCFF227UUZ	ENCSR917BSW	ENCSR419IFZ	ChromBPNet	selected regions for predicted signal and sequence contribution scores	bigBed	DNase-seq	none	stimulated-activated-effector-memory-CD8-positive,-alpha-beta-T-cell	t-cell	immune	immune-system	none	none	passed
ENCFF828JXK	ENCFF828JXK	ENCSR302PTB	ENCSR798FBD	ChromBPNet	selected regions for predicted signal and sequence contribution scores	bigBed	ATAC-seq	none	stimulated-activated-memory-B-cell	b-cell	immune	immune-system	none	none	passed
ENCFF185PVQ	ENCFF185PVQ	ENCSR653VSR	ENCSR453AQL	ChromBPNet	selected regions for predicted signal and sequence contribution scores	bigBed	ATAC-seq	none	stimulated-activated-naive-B-cell	b-cell	immune	immune-system	none	none	passed
ENCFF916MVC	ENCFF916MVC	ENCSR379NMT	ENCSR289QKT	ChromBPNet	selected regions for predicted signal and sequence contribution scores	bigBed	ATAC-seq	none	stimulated-activated-naive-B-cell	b-cell	immune	immune-system	none	none	passed
ENCFF060DQD	ENCFF060DQD	ENCSR637OPZ	ENCSR877IYJ	ChromBPNet	selected regions for predicted signal and sequence contribution scores	bigBed	ATAC-seq	none	stimulated-activated-naive-CD8-positive,-alpha-beta-T-cell	t-cell	immune	immune-system	none	none	passed
ENCFF772KLL	ENCFF772KLL	ENCSR863TVR	ENCSR883XHP	ChromBPNet	selected regions for predicted signal and sequence contribution scores	bigBed	ATAC-seq	none	stimulated-activated-naive-CD8-positive,-alpha-beta-T-cell	t-cell	immune	immune-system	none	none	passed
ENCFF910HNN	ENCFF910HNN	ENCSR326ESM	ENCSR918HJS	ChromBPNet	selected regions for predicted signal and sequence contribution scores	bigBed	ATAC-seq	none	stimulated-activated-naive-CD8-positive,-alpha-beta-T-cell	t-cell	immune	immune-system	none	none	passed
ENCFF128SYX	ENCFF128SYX	ENCSR208YDK	ENCSR411FRH	ChromBPNet	selected regions for predicted signal and sequence contribution scores	bigBed	DNase-seq	none	stimulated-activated-naive-CD8-positive,-alpha-beta-T-cell	t-cell	immune	immune-system	none	none	passed
ENCFF456HTA	ENCFF456HTA	ENCSR114XWV	ENCSR740QNC	ChromBPNet	selected regions for predicted signal and sequence contribution scores	bigBed	DNase-seq	none	stimulated-activated-naive-CD8-positive,-alpha-beta-T-cell	t-cell	immune	immune-system	none	none	passed
ENCFF832VLF	ENCFF832VLF	ENCSR154NYM	ENCSR439RLE	ChromBPNet	selected regions for predicted signal and sequence contribution scores	bigBed	DNase-seq	none	stimulated-activated-naive-CD8-positive,-alpha-beta-T-cell	t-cell	immune	immune-system	none	none	passed
ENCFF183EIZ	ENCFF183EIZ	ENCSR851SBY	ENCSR761YGB	ChromBPNet	selected regions for predicted signal and sequence contribution scores	bigBed	ATAC-seq	none	stomach	stomach	stomach	digestive-system	none	none	passed
ENCFF540ZPV	ENCFF540ZPV	ENCSR337UIU	ENCSR843HJF	ChromBPNet	selected regions for predicted signal and sequence contribution scores	bigBed	ATAC-seq	none	stomach	stomach	stomach	digestive-system	none	none	passed
ENCFF060HVE	ENCFF060HVE	ENCSR119HXE	ENCSR425UKP	ChromBPNet	selected regions for predicted signal and sequence contribution scores	bigBed	DNase-seq	none	stomach	stomach	stomach	digestive-system	none	none	passed
ENCFF065YVB	ENCFF065YVB	ENCSR782SSS	ENCSR779LNM	ChromBPNet	selected regions for predicted signal and sequence contribution scores	bigBed	DNase-seq	none	stomach	stomach	stomach	digestive-system	none	none	passed
ENCFF104XXG	ENCFF104XXG	ENCSR282QFE	ENCSR781PDD	ChromBPNet	selected regions for predicted signal and sequence contribution scores	bigBed	DNase-seq	none	stomach	stomach	stomach	digestive-system	none	none	passed
ENCFF310XWR	ENCFF310XWR	ENCSR062DUU	ENCSR632QNE	ChromBPNet	selected regions for predicted signal and sequence contribution scores	bigBed	DNase-seq	none	stomach	stomach	stomach	digestive-system	none	none	passed
ENCFF340NXC	ENCFF340NXC	ENCSR082XEU	ENCSR798CPE	ChromBPNet	selected regions for predicted signal and sequence contribution scores	bigBed	DNase-seq	none	stomach	stomach	stomach	digestive-system	none	none	passed
ENCFF353YNV	ENCFF353YNV	ENCSR177NIJ	ENCSR018RBZ	ChromBPNet	selected regions for predicted signal and sequence contribution scores	bigBed	DNase-seq	none	stomach	stomach	stomach	digestive-system	none	none	passed
ENCFF370PMF	ENCFF370PMF	ENCSR726YMS	ENCSR754RMT	ChromBPNet	selected regions for predicted signal and sequence contribution scores	bigBed	DNase-seq	none	stomach	stomach	stomach	digestive-system	none	none	passed
ENCFF393JGV	ENCFF393JGV	ENCSR941SMM	ENCSR132HHY	ChromBPNet	selected regions for predicted signal and sequence contribution scores	bigBed	DNase-seq	none	stomach	stomach	stomach	digestive-system	none	none	passed
ENCFF440ZFM	ENCFF440ZFM	ENCSR511GQA	ENCSR972VJA	ChromBPNet	selected regions for predicted signal and sequence contribution scores	bigBed	DNase-seq	none	stomach	stomach	stomach	digestive-system	none	none	passed
ENCFF468VTR	ENCFF468VTR	ENCSR172PVJ	ENCSR478OOS	ChromBPNet	selected regions for predicted signal and sequence contribution scores	bigBed	DNase-seq	none	stomach	stomach	stomach	digestive-system	none	none	passed
ENCFF538JTT	ENCFF538JTT	ENCSR608AHQ	ENCSR393ODI	ChromBPNet	selected regions for predicted signal and sequence contribution scores	bigBed	DNase-seq	none	stomach	stomach	stomach	digestive-system	none	none	passed
ENCFF654FXB	ENCFF654FXB	ENCSR095GWE	ENCSR602LGD	ChromBPNet	selected regions for predicted signal and sequence contribution scores	bigBed	DNase-seq	none	stomach	stomach	stomach	digestive-system	none	none	passed
ENCFF659HFI	ENCFF659HFI	ENCSR246PXX	ENCSR794VJG	ChromBPNet	selected regions for predicted signal and sequence contribution scores	bigBed	DNase-seq	none	stomach	stomach	stomach	digestive-system	none	none	passed
ENCFF691LUD	ENCFF691LUD	ENCSR683YLO	ENCSR233MJY	ChromBPNet	selected regions for predicted signal and sequence contribution scores	bigBed	DNase-seq	none	stomach	stomach	stomach	digestive-system	none	none	passed
ENCFF700STK	ENCFF700STK	ENCSR163PKT	ENCSR498QRZ	ChromBPNet	selected regions for predicted signal and sequence contribution scores	bigBed	DNase-seq	none	stomach	stomach	stomach	digestive-system	none	none	passed
ENCFF763FUZ	ENCFF763FUZ	ENCSR627KFV	ENCSR468TMI	ChromBPNet	selected regions for predicted signal and sequence contribution scores	bigBed	DNase-seq	none	stomach	stomach	stomach	digestive-system	none	none	passed
ENCFF833JHU	ENCFF833JHU	ENCSR006IMH	ENCSR792CIL	ChromBPNet	selected regions for predicted signal and sequence contribution scores	bigBed	DNase-seq	none	stomach	stomach	stomach	digestive-system	none	none	passed
ENCFF872OUL	ENCFF872OUL	ENCSR522FGG	ENCSR103JQC	ChromBPNet	selected regions for predicted signal and sequence contribution scores	bigBed	DNase-seq	none	stomach	stomach	stomach	digestive-system	none	none	passed
ENCFF939VLE	ENCFF939VLE	ENCSR930YSB	ENCSR303ZEU	ChromBPNet	selected regions for predicted signal and sequence contribution scores	bigBed	DNase-seq	none	stomach	stomach	stomach	digestive-system	none	none	passed
ENCFF947WUQ	ENCFF947WUQ	ENCSR208DMX	ENCSR905XZZ	ChromBPNet	selected regions for predicted signal and sequence contribution scores	bigBed	DNase-seq	none	stomach	stomach	stomach	digestive-system	none	none	passed
ENCFF417ECY	ENCFF417ECY	ENCSR000EMH	ENCSR113WKC	ChromBPNet	selected regions for predicted signal and sequence contribution scores	bigBed	DNase-seq	none	stromal-cell-of-bone-marrow	bone	bone	skeletal-system	none	none	passed
ENCFF954HBQ	ENCFF954HBQ	ENCSR540BML	ENCSR944DYP	ChromBPNet	selected regions for predicted signal and sequence contribution scores	bigBed	ATAC-seq	none	subcutaneous-adipose-tissue	adipose	skin	integumental-system	none	none	passed
ENCFF628AIV	ENCFF628AIV	ENCSR382JUJ	ENCSR719LJN	ChromBPNet	selected regions for predicted signal and sequence contribution scores	bigBed	DNase-seq	none	superior-temporal-gyrus	gyrus	brain	central-nervous-system	none	none	passed
ENCFF979LRL	ENCFF979LRL	ENCSR101QXF	ENCSR580EKH	ChromBPNet	selected regions for predicted signal and sequence contribution scores	bigBed	DNase-seq	none	suprapubic-skin	skin	skin	integumental-system	none	none	passed
ENCFF366RPP	ENCFF366RPP	ENCSR210NKB	ENCSR962ICP	ChromBPNet	selected regions for predicted signal and sequence contribution scores	bigBed	ATAC-seq	none	testis	testis	testis	reproductive-system	none	none	passed
ENCFF247WPT	ENCFF247WPT	ENCSR866ODX	ENCSR782JTX	ChromBPNet	selected regions for predicted signal and sequence contribution scores	bigBed	DNase-seq	none	testis	testis	testis	reproductive-system	none	none	passed
ENCFF537JRP	ENCFF537JRP	ENCSR729DRB	ENCSR475FVE	ChromBPNet	selected regions for predicted signal and sequence contribution scores	bigBed	DNase-seq	none	testis	testis	testis	reproductive-system	none	none	passed
ENCFF538ZDW	ENCFF538ZDW	ENCSR278FHC	ENCSR628MRI	ChromBPNet	selected regions for predicted signal and sequence contribution scores	bigBed	DNase-seq	none	testis	testis	testis	reproductive-system	none	none	passed
ENCFF625IRM	ENCFF625IRM	ENCSR344ZTM	ENCSR682VDU	ChromBPNet	selected regions for predicted signal and sequence contribution scores	bigBed	ATAC-seq	none	thoracic-aorta	aorta	blood-vessel	circulatory-system	none	none	passed
ENCFF573DID	ENCFF573DID	ENCSR298SDT	ENCSR193FTZ	ChromBPNet	selected regions for predicted signal and sequence contribution scores	bigBed	DNase-seq	none	thoracic-aorta	aorta	blood-vessel	circulatory-system	none	none	passed
ENCFF003PRA	ENCFF003PRA	ENCSR682PKY	ENCSR108MFV	ChromBPNet	selected regions for predicted signal and sequence contribution scores	bigBed	DNase-seq	none	thymus	thymus	thymus	endocrine-system	none	none	passed
ENCFF123DJF	ENCFF123DJF	ENCSR342NCX	ENCSR892XBW	ChromBPNet	selected regions for predicted signal and sequence contribution scores	bigBed	DNase-seq	none	thymus	thymus	thymus	endocrine-system	none	none	passed
ENCFF151ZUN	ENCFF151ZUN	ENCSR838IPF	ENCSR617ERP	ChromBPNet	selected regions for predicted signal and sequence contribution scores	bigBed	DNase-seq	none	thymus	thymus	thymus	endocrine-system	none	none	passed
ENCFF315RPS	ENCFF315RPS	ENCSR544KDB	ENCSR631GYP	ChromBPNet	selected regions for predicted signal and sequence contribution scores	bigBed	DNase-seq	none	thymus	thymus	thymus	endocrine-system	none	none	passed
ENCFF679GCT	ENCFF679GCT	ENCSR164PQJ	ENCSR578KWO	ChromBPNet	selected regions for predicted signal and sequence contribution scores	bigBed	DNase-seq	none	thymus	thymus	thymus	endocrine-system	none	none	passed
ENCFF716VAI	ENCFF716VAI	ENCSR962EAP	ENCSR822NGA	ChromBPNet	selected regions for predicted signal and sequence contribution scores	bigBed	DNase-seq	none	thymus	thymus	thymus	endocrine-system	none	none	passed
ENCFF908AGV	ENCFF908AGV	ENCSR541UPY	ENCSR403QRF	ChromBPNet	selected regions for predicted signal and sequence contribution scores	bigBed	DNase-seq	none	thymus	thymus	thymus	endocrine-system	none	none	passed
ENCFF926IEY	ENCFF926IEY	ENCSR888UPQ	ENCSR496YMQ	ChromBPNet	selected regions for predicted signal and sequence contribution scores	bigBed	DNase-seq	none	thymus	thymus	thymus	endocrine-system	none	none	passed
ENCFF989TSA	ENCFF989TSA	ENCSR777USE	ENCSR169CSC	ChromBPNet	selected regions for predicted signal and sequence contribution scores	bigBed	DNase-seq	none	thymus	thymus	thymus	endocrine-system	none	none	passed
ENCFF350QPQ	ENCFF350QPQ	ENCSR914DTI	ENCSR867AUW	ChromBPNet	selected regions for predicted signal and sequence contribution scores	bigBed	ATAC-seq	none	thyroid-gland	thyroid	thyroid	endocrine-system	none	none	passed
ENCFF552DSA	ENCFF552DSA	ENCSR201FIW	ENCSR986NGU	ChromBPNet	selected regions for predicted signal and sequence contribution scores	bigBed	ATAC-seq	none	thyroid-gland	thyroid	thyroid	endocrine-system	none	none	passed
ENCFF750OUA	ENCFF750OUA	ENCSR474XFV	ENCSR846DLY	ChromBPNet	selected regions for predicted signal and sequence contribution scores	bigBed	ATAC-seq	none	thyroid-gland	thyroid	thyroid	endocrine-system	none	none	passed
ENCFF202VWK	ENCFF202VWK	ENCSR450PWF	ENCSR824KPK	ChromBPNet	selected regions for predicted signal and sequence contribution scores	bigBed	DNase-seq	none	thyroid-gland	thyroid	thyroid	endocrine-system	none	none	passed
ENCFF634TQF	ENCFF634TQF	ENCSR749MUH	ENCSR470UFS	ChromBPNet	selected regions for predicted signal and sequence contribution scores	bigBed	DNase-seq	none	thyroid-gland	thyroid	thyroid	endocrine-system	none	none	passed
ENCFF681NUX	ENCFF681NUX	ENCSR195ONB	ENCSR157IQH	ChromBPNet	selected regions for predicted signal and sequence contribution scores	bigBed	DNase-seq	none	thyroid-gland	thyroid	thyroid	endocrine-system	none	none	passed
ENCFF562OSK	ENCFF562OSK	ENCSR630REB	ENCSR316RFC	ChromBPNet	selected regions for predicted signal and sequence contribution scores	bigBed	ATAC-seq	none	tibial-artery	artery	blood-vessel	circulatory-system	none	none	passed
ENCFF138YAF	ENCFF138YAF	ENCSR090IDV	ENCSR492YAV	ChromBPNet	selected regions for predicted signal and sequence contribution scores	bigBed	DNase-seq	none	tibial-artery	artery	blood-vessel	circulatory-system	none	none	passed
ENCFF690GHT	ENCFF690GHT	ENCSR102RSU	ENCSR530QPE	ChromBPNet	selected regions for predicted signal and sequence contribution scores	bigBed	DNase-seq	none	tibial-artery	artery	blood-vessel	circulatory-system	none	none	passed
ENCFF577COK	ENCFF577COK	ENCSR831KAH	ENCSR547WXV	ChromBPNet	selected regions for predicted signal and sequence contribution scores	bigBed	ATAC-seq	none	tibial-nerve	nerve	nerve	peripheral-nervous-system	none	none	passed
ENCFF600NEL	ENCFF600NEL	ENCSR508FVM	ENCSR009FPS	ChromBPNet	selected regions for predicted signal and sequence contribution scores	bigBed	DNase-seq	none	tibial-nerve	nerve	nerve	peripheral-nervous-system	none	none	passed
ENCFF859YZW	ENCFF859YZW	ENCSR484UAU	ENCSR945NLK	ChromBPNet	selected regions for predicted signal and sequence contribution scores	bigBed	DNase-seq	none	tibial-nerve	nerve	nerve	peripheral-nervous-system	none	none	passed
ENCFF116ZHF	ENCFF116ZHF	ENCSR559WMK	ENCSR004CWE	ChromBPNet	selected regions for predicted signal and sequence contribution scores	bigBed	DNase-seq	none	tongue	tongue	tongue	sensory-system	none	none	passed
ENCFF299TAL	ENCFF299TAL	ENCSR759UNY	ENCSR971WIA	ChromBPNet	selected regions for predicted signal and sequence contribution scores	bigBed	DNase-seq	none	tongue	tongue	tongue	sensory-system	none	none	passed
ENCFF179MOX	ENCFF179MOX	ENCSR386HAZ	ENCSR245KNI	ChromBPNet	selected regions for predicted signal and sequence contribution scores	bigBed	ATAC-seq	none	transverse-colon	colon	large-intestine	digestive-system	none	none	passed
ENCFF308WJY	ENCFF308WJY	ENCSR404LLJ	ENCSR982JLU	ChromBPNet	selected regions for predicted signal and sequence contribution scores	bigBed	ATAC-seq	none	transverse-colon	colon	large-intestine	digestive-system	none	none	passed
ENCFF543GST	ENCFF543GST	ENCSR761TKU	ENCSR466YQP	ChromBPNet	selected regions for predicted signal and sequence contribution scores	bigBed	ATAC-seq	none	transverse-colon	colon	large-intestine	digestive-system	none	none	passed
ENCFF570ZSZ	ENCFF570ZSZ	ENCSR668VCT	ENCSR194GTM	ChromBPNet	selected regions for predicted signal and sequence contribution scores	bigBed	ATAC-seq	none	transverse-colon	colon	large-intestine	digestive-system	none	none	passed
ENCFF143WTH	ENCFF143WTH	ENCSR923JYH	ENCSR375EUQ	ChromBPNet	selected regions for predicted signal and sequence contribution scores	bigBed	DNase-seq	none	transverse-colon	colon	large-intestine	digestive-system	none	none	passed
ENCFF353IEJ	ENCFF353IEJ	ENCSR340MRJ	ENCSR376PZR	ChromBPNet	selected regions for predicted signal and sequence contribution scores	bigBed	DNase-seq	none	transverse-colon	colon	large-intestine	digestive-system	none	none	passed
ENCFF689YAJ	ENCFF689YAJ	ENCSR763AKE	ENCSR511HYE	ChromBPNet	selected regions for predicted signal and sequence contribution scores	bigBed	DNase-seq	none	transverse-colon	colon	large-intestine	digestive-system	none	none	passed
ENCFF403IDC	ENCFF403IDC	ENCSR179CDH	ENCSR802XPE	ChromBPNet	selected regions for predicted signal and sequence contribution scores	bigBed	DNase-seq	none	trophoblast-cell	t-cell	immune	immune-system	none	none	passed
ENCFF506BNL	ENCFF506BNL	ENCSR964MZQ	ENCSR740KCQ	ChromBPNet	selected regions for predicted signal and sequence contribution scores	bigBed	DNase-seq	none	trophoblast-cell	t-cell	immune	immune-system	none	none	passed
ENCFF681RBO	ENCFF681RBO	ENCSR121ZSL	ENCSR480QYT	ChromBPNet	selected regions for predicted signal and sequence contribution scores	bigBed	DNase-seq	none	trophoblast-cell	t-cell	immune	immune-system	none	none	passed
ENCFF920LGO	ENCFF920LGO	ENCSR593LTJ	ENCSR233LNE	ChromBPNet	selected regions for predicted signal and sequence contribution scores	bigBed	DNase-seq	none	trophoblast-cell	t-cell	immune	immune-system	none	none	passed
ENCFF951IGK	ENCFF951IGK	ENCSR809LCE	ENCSR499THI	ChromBPNet	selected regions for predicted signal and sequence contribution scores	bigBed	DNase-seq	none	trophoblast-cell	t-cell	immune	immune-system	none	none	passed
ENCFF916HDN	ENCFF916HDN	ENCSR362ZFC	ENCSR425HSD	ChromBPNet	selected regions for predicted signal and sequence contribution scores	bigBed	DNase-seq	none	type-B-pancreatic-cell	pancreatic	pancreas	digestive-system	none	none	passed
ENCFF852ZOL	ENCFF852ZOL	ENCSR512CWR	ENCSR884IFQ	ChromBPNet	selected regions for predicted signal and sequence contribution scores	bigBed	DNase-seq	none	umbilical-cord	umbilical	umbilical	reproductive-system	none	none	passed
ENCFF145ZJS	ENCFF145ZJS	ENCSR895SEG	ENCSR388FHS	ChromBPNet	selected regions for predicted signal and sequence contribution scores	bigBed	ATAC-seq	none	upper-lobe-of-left-lung	lung	lung	respiratory-system	none	none	passed
ENCFF480BZV	ENCFF480BZV	ENCSR242QRV	ENCSR463FHI	ChromBPNet	selected regions for predicted signal and sequence contribution scores	bigBed	ATAC-seq	none	upper-lobe-of-left-lung	lung	lung	respiratory-system	none	none	passed
ENCFF110QRH	ENCFF110QRH	ENCSR702DPD	ENCSR429NWR	ChromBPNet	selected regions for predicted signal and sequence contribution scores	bigBed	DNase-seq	none	upper-lobe-of-left-lung	lung	lung	respiratory-system	none	none	passed
ENCFF243NRF	ENCFF243NRF	ENCSR058VBM	ENCSR176OCJ	ChromBPNet	selected regions for predicted signal and sequence contribution scores	bigBed	DNase-seq	none	upper-lobe-of-left-lung	lung	lung	respiratory-system	none	none	passed
ENCFF389GRQ	ENCFF389GRQ	ENCSR650FLQ	ENCSR901HTN	ChromBPNet	selected regions for predicted signal and sequence contribution scores	bigBed	DNase-seq	none	upper-lobe-of-left-lung	lung	lung	respiratory-system	none	none	passed
ENCFF405AZV	ENCFF405AZV	ENCSR800ADR	ENCSR987KZP	ChromBPNet	selected regions for predicted signal and sequence contribution scores	bigBed	DNase-seq	none	upper-lobe-of-left-lung	lung	lung	respiratory-system	none	none	passed
ENCFF559CVY	ENCFF559CVY	ENCSR323UTX	ENCSR306LZC	ChromBPNet	selected regions for predicted signal and sequence contribution scores	bigBed	DNase-seq	none	upper-lobe-of-left-lung	lung	lung	respiratory-system	none	none	passed
ENCFF425SLR	ENCFF425SLR	ENCSR990NNX	ENCSR746ZND	ChromBPNet	selected regions for predicted signal and sequence contribution scores	bigBed	ATAC-seq	none	upper-lobe-of-right-lung	lung	lung	respiratory-system	none	none	passed
ENCFF373OSG	ENCFF373OSG	ENCSR357AWH	ENCSR858DQL	ChromBPNet	selected regions for predicted signal and sequence contribution scores	bigBed	DNase-seq	none	upper-lobe-of-right-lung	lung	lung	respiratory-system	none	none	passed
ENCFF517ESQ	ENCFF517ESQ	ENCSR814RGG	ENCSR548DKO	ChromBPNet	selected regions for predicted signal and sequence contribution scores	bigBed	ATAC-seq	none	ureter	ureter	kidney	excretory-system	none	none	passed
ENCFF645EGE	ENCFF645EGE	ENCSR398JUP	ENCSR078RRP	ChromBPNet	selected regions for predicted signal and sequence contribution scores	bigBed	DNase-seq	none	ureter	ureter	kidney	excretory-system	none	none	passed
ENCFF723RWM	ENCFF723RWM	ENCSR813CKU	ENCSR447YGC	ChromBPNet	selected regions for predicted signal and sequence contribution scores	bigBed	DNase-seq	none	urinary-bladder	bladder	bladder	excretory-system	none	none	passed
ENCFF730WGI	ENCFF730WGI	ENCSR775SYU	ENCSR456GSD	ChromBPNet	selected regions for predicted signal and sequence contribution scores	bigBed	ATAC-seq	none	uterus	uterus	uterus	reproductive-system	none	none	passed
ENCFF739IBB	ENCFF739IBB	ENCSR705RZX	ENCSR222TQG	ChromBPNet	selected regions for predicted signal and sequence contribution scores	bigBed	ATAC-seq	none	uterus	uterus	uterus	reproductive-system	none	none	passed
ENCFF678NTM	ENCFF678NTM	ENCSR129BZE	ENCSR090OTQ	ChromBPNet	selected regions for predicted signal and sequence contribution scores	bigBed	DNase-seq	none	uterus	uterus	uterus	reproductive-system	none	none	passed
ENCFF703EUM	ENCFF703EUM	ENCSR545ADK	ENCSR111EIO	ChromBPNet	selected regions for predicted signal and sequence contribution scores	bigBed	DNase-seq	none	uterus	uterus	uterus	reproductive-system	none	none	passed
