track_key	file_accession	experiment	model_accession	model	track_type	format	assay	target	biosample	tissue	organ	system	strand	score_type	qc_flag
ENCFF854PMX	ENCFF854PMX	ENCSR932KWJ	ENCSR030TAD	ChromBPNet	normalized bias-corrected predicted signal profile	bigWig	DNase-seq	none	A172	cell-line	cell-line	cell-line	none	none	passed
ENCFF513IVL	ENCFF513IVL	ENCSR220ASC	ENCSR311VBG	ChromBPNet	normalized bias-corrected predicted signal profile	bigWig	ATAC-seq	none	A549	cell-line	cell-line	cell-line	none	none	passed
ENCFF567UEP	ENCFF567UEP	ENCSR032RGS	ENCSR394KFZ	ChromBPNet	normalized bias-corrected predicted signal profile	bigWig	ATAC-seq	none	A549	cell-line	cell-line	cell-line	none	none	passed
ENCFF094HDQ	ENCFF094HDQ	ENCSR000ELW	ENCSR422EZD	ChromBPNet	normalized bias-corrected predicted signal profile	bigWig	DNase-seq	none	A549	cell-line	cell-line	cell-line	none	none	passed
ENCFF729CUS	ENCFF729CUS	ENCSR346JWH	ENCSR457MEO	ChromBPNet	normalized bias-corrected predicted signal profile	bigWig	DNase-seq	none	A673	cell-line	cell-line	cell-line	none	none	passed
ENCFF594ZTH	ENCFF594ZTH	ENCSR257BGZ	ENCSR490SYH	ChromBPNet	normalized bias-corrected predicted signal profile	bigWig	DNase-seq	none	ACHN	cell-line	cell-line	cell-line	none	none	passed
ENCFF717GQE	ENCFF717GQE	ENCSR000ELX	ENCSR550YQU	ChromBPNet	normalized bias-corrected predicted signal profile	bigWig	DNase-seq	none	AG04449	cell-line	cell-line	cell-line	none	none	passed
ENCFF726YOZ	ENCFF726YOZ	ENCSR000ELY	ENCSR979PXO	ChromBPNet	normalized bias-corrected predicted signal profile	bigWig	DNase-seq	none	AG04450	cell-line	cell-line	cell-line	none	none	passed
ENCFF307UTT	ENCFF307UTT	ENCSR000EMA	ENCSR532BKE	ChromBPNet	normalized bias-corrected predicted signal profile	bigWig	DNase-seq	none	AG09319	cell-line	cell-line	cell-line	none	none	passed
ENCFF238QTI	ENCFF238QTI	ENCSR000EMB	ENCSR552FQJ	ChromBPNet	normalized bias-corrected predicted signal profile	bigWig	DNase-seq	none	AG10803	cell-line	cell-line	cell-line	none	none	passed
ENCFF709JTN	ENCFF709JTN	ENCSR584LUZ	ENCSR463EBH	ChromBPNet	normalized bias-corrected predicted signal profile	bigWig	DNase-seq	none	Ammon's-horn	ammon	brain	central-nervous-system	none	none	passed
ENCFF303WDE	ENCFF303WDE	ENCSR603LVR	ENCSR843FCA	ChromBPNet	normalized bias-corrected predicted signal profile	bigWig	ATAC-seq	none	B-cell	b-cell	immune	immune-system	none	none	passed
ENCFF402TLR	ENCFF402TLR	ENCSR468AKF	ENCSR264VFS	ChromBPNet	normalized bias-corrected predicted signal profile	bigWig	DNase-seq	none	B-cell	b-cell	immune	immune-system	none	none	passed
ENCFF559AEJ	ENCFF559AEJ	ENCSR891VOV	ENCSR994ABS	ChromBPNet	normalized bias-corrected predicted signal profile	bigWig	DNase-seq	none	B-cell	b-cell	immune	immune-system	none	none	passed
ENCFF836XCE	ENCFF836XCE	ENCSR000EMJ	ENCSR442QCU	ChromBPNet	normalized bias-corrected predicted signal profile	bigWig	DNase-seq	none	B-cell	b-cell	immune	immune-system	none	none	passed
ENCFF853NMV	ENCFF853NMV	ENCSR381PXW	ENCSR797RDX	ChromBPNet	normalized bias-corrected predicted signal profile	bigWig	DNase-seq	none	B-cell	b-cell	immune	immune-system	none	none	passed
ENCFF873EHW	ENCFF873EHW	ENCSR247IUJ	ENCSR757NHR	ChromBPNet	normalized bias-corrected predicted signal profile	bigWig	DNase-seq	none	B-cell	b-cell	immune	immune-system	none	none	passed
ENCFF220ZAH	ENCFF220ZAH	ENCSR000EMD	ENCSR723PKD	ChromBPNet	normalized bias-corrected predicted signal profile	bigWig	DNase-seq	none	BE2C	cell-line	cell-line	cell-line	none	none	passed
ENCFF505FVI	ENCFF505FVI	ENCSR009KWQ	ENCSR620CIC	ChromBPNet	normalized bias-corrected predicted signal profile	bigWig	DNase-seq	none	BE2C	cell-line	cell-line	cell-line	none	none	passed
ENCFF989QNL	ENCFF989QNL	ENCSR000EME	ENCSR035HVD	ChromBPNet	normalized bias-corrected predicted signal profile	bigWig	DNase-seq	none	BJ	cell-line	cell-line	cell-line	none	none	passed
ENCFF324YRA	ENCFF324YRA	ENCSR452DCM	ENCSR209OIH	ChromBPNet	normalized bias-corrected predicted signal profile	bigWig	DNase-seq	none	CD14-positive-monocyte	cd	immune	immune-system	none	none	passed
ENCFF630PUB	ENCFF630PUB	ENCSR000EPK	ENCSR216WTI	ChromBPNet	normalized bias-corrected predicted signal profile	bigWig	DNase-seq	none	CD14-positive-monocyte	cd	immune	immune-system	none	none	passed
ENCFF692ULK	ENCFF692ULK	ENCSR674JIL	ENCSR279GNT	ChromBPNet	normalized bias-corrected predicted signal profile	bigWig	DNase-seq	none	CD14-positive-monocyte	cd	immune	immune-system	none	none	passed
ENCFF883BQM	ENCFF883BQM	ENCSR695AUY	ENCSR576XND	ChromBPNet	normalized bias-corrected predicted signal profile	bigWig	DNase-seq	none	CD14-positive-monocyte	cd	immune	immune-system	none	none	passed
ENCFF467PWH	ENCFF467PWH	ENCSR373BIX	ENCSR258MDW	ChromBPNet	normalized bias-corrected predicted signal profile	bigWig	DNase-seq	none	CD1c-positive-myeloid-dendritic-cell	dendritic	immune	immune-system	none	none	passed
ENCFF421FAU	ENCFF421FAU	ENCSR504OUW	ENCSR655LFC	ChromBPNet	normalized bias-corrected predicted signal profile	bigWig	ATAC-seq	none	CD4-positive,-CD25-positive,-alpha-beta-regulatory-T-cell	t-cell	immune	immune-system	none	none	passed
ENCFF506GDI	ENCFF506GDI	ENCSR159GFS	ENCSR490DKY	ChromBPNet	normalized bias-corrected predicted signal profile	bigWig	ATAC-seq	none	CD4-positive,-CD25-positive,-alpha-beta-regulatory-T-cell	t-cell	immune	immune-system	none	none	passed
ENCFF534VXI	ENCFF534VXI	ENCSR000EQK	ENCSR409YWQ	ChromBPNet	normalized bias-corrected predicted signal profile	bigWig	DNase-seq	none	CD4-positive,-CD25-positive,-alpha-beta-regulatory-T-cell	t-cell	immune	immune-system	none	none	passed
ENCFF704GQC	ENCFF704GQC	ENCSR398CXD	ENCSR350GNA	ChromBPNet	normalized bias-corrected predicted signal profile	bigWig	DNase-seq	none	CD4-positive,-CD25-positive,-alpha-beta-regulatory-T-cell	t-cell	immune	immune-system	none	none	passed
ENCFF765VPM	ENCFF765VPM	ENCSR042WQA	ENCSR089ESP	ChromBPNet	normalized bias-corrected predicted signal profile	bigWig	DNase-seq	none	CD4-positive,-CD25-positive,-alpha-beta-regulatory-T-cell	t-cell	immune	immune-system	none	none	passed
ENCFF908UEG	ENCFF908UEG	ENCSR000EQJ	ENCSR332VOK	ChromBPNet	normalized bias-corrected predicted signal profile	bigWig	DNase-seq	none	CD4-positive,-CD25-positive,-alpha-beta-regulatory-T-cell	t-cell	immune	immune-system	none	none	passed
ENCFF284BNO	ENCFF284BNO	ENCSR841LHT	ENCSR830MQP	ChromBPNet	normalized bias-corrected predicted signal profile	bigWig	ATAC-seq	none	CD4-positive,-alpha-beta-T-cell	t-cell	immune	immune-system	none	none	passed
ENCFF017GZQ	ENCFF017GZQ	ENCSR250GDW	ENCSR623XYP	ChromBPNet	normalized bias-corrected predicted signal profile	bigWig	DNase-seq	none	CD4-positive,-alpha-beta-T-cell	t-cell	immune	immune-system	none	none	passed
ENCFF025NQV	ENCFF025NQV	ENCSR832IQN	ENCSR604TTC	ChromBPNet	normalized bias-corrected predicted signal profile	bigWig	DNase-seq	none	CD4-positive,-alpha-beta-T-cell	t-cell	immune	immune-system	none	none	passed
ENCFF026UNA	ENCFF026UNA	ENCSR376DAE	ENCSR182DEK	ChromBPNet	normalized bias-corrected predicted signal profile	bigWig	DNase-seq	none	CD4-positive,-alpha-beta-T-cell	t-cell	immune	immune-system	none	none	passed
ENCFF030BWA	ENCFF030BWA	ENCSR134BSY	ENCSR721RIF	ChromBPNet	normalized bias-corrected predicted signal profile	bigWig	DNase-seq	none	CD4-positive,-alpha-beta-T-cell	t-cell	immune	immune-system	none	none	passed
ENCFF030HZE	ENCFF030HZE	ENCSR642BXP	ENCSR329EAO	ChromBPNet	normalized bias-corrected predicted signal profile	bigWig	DNase-seq	none	CD4-positive,-alpha-beta-T-cell	t-cell	immune	immune-system	none	none	passed
ENCFF063XIK	ENCFF063XIK	ENCSR424MWH	ENCSR701MMD	ChromBPNet	normalized bias-corrected predicted signal profile	bigWig	DNase-seq	none	CD4-positive,-alpha-beta-T-cell	t-cell	immune	immune-system	none	none	passed
ENCFF077ZTS	ENCFF077ZTS	ENCSR167JFX	ENCSR141XLS	ChromBPNet	normalized bias-corrected predicted signal profile	bigWig	DNase-seq	none	CD4-positive,-alpha-beta-T-cell	t-cell	immune	immune-system	none	none	passed
ENCFF120ADL	ENCFF120ADL	ENCSR498FCF	ENCSR960ASG	ChromBPNet	normalized bias-corrected predicted signal profile	bigWig	DNase-seq	none	CD4-positive,-alpha-beta-T-cell	t-cell	immune	immune-system	none	none	passed
ENCFF132LMX	ENCFF132LMX	ENCSR163QXS	ENCSR845NEQ	ChromBPNet	normalized bias-corrected predicted signal profile	bigWig	DNase-seq	none	CD4-positive,-alpha-beta-T-cell	t-cell	immune	immune-system	none	none	passed
ENCFF167VZV	ENCFF167VZV	ENCSR289GZQ	ENCSR773NUG	ChromBPNet	normalized bias-corrected predicted signal profile	bigWig	DNase-seq	none	CD4-positive,-alpha-beta-T-cell	t-cell	immune	immune-system	none	none	passed
ENCFF197OWF	ENCFF197OWF	ENCSR206KJN	ENCSR912RWV	ChromBPNet	normalized bias-corrected predicted signal profile	bigWig	DNase-seq	none	CD4-positive,-alpha-beta-T-cell	t-cell	immune	immune-system	none	none	passed
ENCFF204FFM	ENCFF204FFM	ENCSR389BWT	ENCSR506RGL	ChromBPNet	normalized bias-corrected predicted signal profile	bigWig	DNase-seq	none	CD4-positive,-alpha-beta-T-cell	t-cell	immune	immune-system	none	none	passed
ENCFF216HSN	ENCFF216HSN	ENCSR769OIG	ENCSR430VKQ	ChromBPNet	normalized bias-corrected predicted signal profile	bigWig	DNase-seq	none	CD4-positive,-alpha-beta-T-cell	t-cell	immune	immune-system	none	none	passed
ENCFF218UXH	ENCFF218UXH	ENCSR111WTE	ENCSR490GMC	ChromBPNet	normalized bias-corrected predicted signal profile	bigWig	DNase-seq	none	CD4-positive,-alpha-beta-T-cell	t-cell	immune	immune-system	none	none	passed
ENCFF235EJF	ENCFF235EJF	ENCSR883WDW	ENCSR377EST	ChromBPNet	normalized bias-corrected predicted signal profile	bigWig	DNase-seq	none	CD4-positive,-alpha-beta-T-cell	t-cell	immune	immune-system	none	none	passed
ENCFF274IWH	ENCFF274IWH	ENCSR388NOI	ENCSR272DSY	ChromBPNet	normalized bias-corrected predicted signal profile	bigWig	DNase-seq	none	CD4-positive,-alpha-beta-T-cell	t-cell	immune	immune-system	none	none	passed
ENCFF282VVO	ENCFF282VVO	ENCSR546FUC	ENCSR684NGU	ChromBPNet	normalized bias-corrected predicted signal profile	bigWig	DNase-seq	none	CD4-positive,-alpha-beta-T-cell	t-cell	immune	immune-system	none	none	passed
ENCFF291WQA	ENCFF291WQA	ENCSR452RAX	ENCSR473ZKP	ChromBPNet	normalized bias-corrected predicted signal profile	bigWig	DNase-seq	none	CD4-positive,-alpha-beta-T-cell	t-cell	immune	immune-system	none	none	passed
ENCFF313AND	ENCFF313AND	ENCSR635VQU	ENCSR694JQH	ChromBPNet	normalized bias-corrected predicted signal profile	bigWig	DNase-seq	none	CD4-positive,-alpha-beta-T-cell	t-cell	immune	immune-system	none	none	passed
ENCFF355GEY	ENCFF355GEY	ENCSR697FME	ENCSR101JBQ	ChromBPNet	normalized bias-corrected predicted signal profile	bigWig	DNase-seq	none	CD4-positive,-alpha-beta-T-cell	t-cell	immune	immune-system	none	none	passed
ENCFF361FGX	ENCFF361FGX	ENCSR036ELY	ENCSR361DCS	ChromBPNet	normalized bias-corrected predicted signal profile	bigWig	DNase-seq	none	CD4-positive,-alpha-beta-T-cell	t-cell	immune	immune-system	none	none	passed
ENCFF380EXP	ENCFF380EXP	ENCSR363LUK	ENCSR563YZV	ChromBPNet	normalized bias-corrected predicted signal profile	bigWig	DNase-seq	none	CD4-positive,-alpha-beta-T-cell	t-cell	immune	immune-system	none	none	passed
ENCFF397GUO	ENCFF397GUO	ENCSR336QAO	ENCSR398VFI	ChromBPNet	normalized bias-corrected predicted signal profile	bigWig	DNase-seq	none	CD4-positive,-alpha-beta-T-cell	t-cell	immune	immune-system	none	none	passed
ENCFF425NUJ	ENCFF425NUJ	ENCSR683QJJ	ENCSR608KBM	ChromBPNet	normalized bias-corrected predicted signal profile	bigWig	DNase-seq	none	CD4-positive,-alpha-beta-T-cell	t-cell	immune	immune-system	none	none	passed
ENCFF494WVG	ENCFF494WVG	ENCSR930USX	ENCSR295EEC	ChromBPNet	normalized bias-corrected predicted signal profile	bigWig	DNase-seq	none	CD4-positive,-alpha-beta-T-cell	t-cell	immune	immune-system	none	none	passed
ENCFF541KJF	ENCFF541KJF	ENCSR314IOV	ENCSR163HRT	ChromBPNet	normalized bias-corrected predicted signal profile	bigWig	DNase-seq	none	CD4-positive,-alpha-beta-T-cell	t-cell	immune	immune-system	none	none	passed
ENCFF558YJM	ENCFF558YJM	ENCSR060ZXQ	ENCSR599AWD	ChromBPNet	normalized bias-corrected predicted signal profile	bigWig	DNase-seq	none	CD4-positive,-alpha-beta-T-cell	t-cell	immune	immune-system	none	none	passed
ENCFF710UYO	ENCFF710UYO	ENCSR408GYQ	ENCSR558IEO	ChromBPNet	normalized bias-corrected predicted signal profile	bigWig	DNase-seq	none	CD4-positive,-alpha-beta-T-cell	t-cell	immune	immune-system	none	none	passed
ENCFF714GXU	ENCFF714GXU	ENCSR324OTS	ENCSR095QWC	ChromBPNet	normalized bias-corrected predicted signal profile	bigWig	DNase-seq	none	CD4-positive,-alpha-beta-T-cell	t-cell	immune	immune-system	none	none	passed
ENCFF738QNH	ENCFF738QNH	ENCSR904GDU	ENCSR681MBL	ChromBPNet	normalized bias-corrected predicted signal profile	bigWig	DNase-seq	none	CD4-positive,-alpha-beta-T-cell	t-cell	immune	immune-system	none	none	passed
ENCFF765EHB	ENCFF765EHB	ENCSR155NBS	ENCSR811XVY	ChromBPNet	normalized bias-corrected predicted signal profile	bigWig	DNase-seq	none	CD4-positive,-alpha-beta-T-cell	t-cell	immune	immune-system	none	none	passed
ENCFF786NLH	ENCFF786NLH	ENCSR824YLD	ENCSR216EFF	ChromBPNet	normalized bias-corrected predicted signal profile	bigWig	DNase-seq	none	CD4-positive,-alpha-beta-T-cell	t-cell	immune	immune-system	none	none	passed
ENCFF788SCP	ENCFF788SCP	ENCSR240TZG	ENCSR792HAG	ChromBPNet	normalized bias-corrected predicted signal profile	bigWig	DNase-seq	none	CD4-positive,-alpha-beta-T-cell	t-cell	immune	immune-system	none	none	passed
ENCFF794GAD	ENCFF794GAD	ENCSR346GIP	ENCSR783NVB	ChromBPNet	normalized bias-corrected predicted signal profile	bigWig	DNase-seq	none	CD4-positive,-alpha-beta-T-cell	t-cell	immune	immune-system	none	none	passed
ENCFF828HXJ	ENCFF828HXJ	ENCSR572FSS	ENCSR229BTC	ChromBPNet	normalized bias-corrected predicted signal profile	bigWig	DNase-seq	none	CD4-positive,-alpha-beta-T-cell	t-cell	immune	immune-system	none	none	passed
ENCFF839DVN	ENCFF839DVN	ENCSR366KPR	ENCSR886YTD	ChromBPNet	normalized bias-corrected predicted signal profile	bigWig	DNase-seq	none	CD4-positive,-alpha-beta-T-cell	t-cell	immune	immune-system	none	none	passed
ENCFF908RFT	ENCFF908RFT	ENCSR654WXX	ENCSR574UUC	ChromBPNet	normalized bias-corrected predicted signal profile	bigWig	DNase-seq	none	CD4-positive,-alpha-beta-T-cell	t-cell	immune	immune-system	none	none	passed
ENCFF921CGX	ENCFF921CGX	ENCSR515DVK	ENCSR198OGA	ChromBPNet	normalized bias-corrected predicted signal profile	bigWig	DNase-seq	none	CD4-positive,-alpha-beta-T-cell	t-cell	immune	immune-system	none	none	passed
ENCFF935HKO	ENCFF935HKO	ENCSR129GCL	ENCSR165LWU	ChromBPNet	normalized bias-corrected predicted signal profile	bigWig	DNase-seq	none	CD4-positive,-alpha-beta-T-cell	t-cell	immune	immune-system	none	none	passed
ENCFF951WKX	ENCFF951WKX	ENCSR126EVX	ENCSR808PEA	ChromBPNet	normalized bias-corrected predicted signal profile	bigWig	DNase-seq	none	CD4-positive,-alpha-beta-T-cell	t-cell	immune	immune-system	none	none	passed
ENCFF962QOR	ENCFF962QOR	ENCSR567IWT	ENCSR206BGH	ChromBPNet	normalized bias-corrected predicted signal profile	bigWig	DNase-seq	none	CD4-positive,-alpha-beta-T-cell	t-cell	immune	immune-system	none	none	passed
ENCFF992DKN	ENCFF992DKN	ENCSR152FWD	ENCSR265TNV	ChromBPNet	normalized bias-corrected predicted signal profile	bigWig	DNase-seq	none	CD4-positive,-alpha-beta-T-cell	t-cell	immune	immune-system	none	none	passed
ENCFF166YBM	ENCFF166YBM	ENCSR239XNU	ENCSR475ZXC	ChromBPNet	normalized bias-corrected predicted signal profile	bigWig	DNase-seq	none	CD4-positive,-alpha-beta-memory-T-cell	t-cell	immune	immune-system	none	none	passed
ENCFF488QPK	ENCFF488QPK	ENCSR476VJY	ENCSR339PPY	ChromBPNet	normalized bias-corrected predicted signal profile	bigWig	ATAC-seq	none	CD8-positive,-alpha-beta-T-cell	t-cell	immune	immune-system	none	none	passed
ENCFF034ORV	ENCFF034ORV	ENCSR984HIY	ENCSR412RAW	ChromBPNet	normalized bias-corrected predicted signal profile	bigWig	DNase-seq	none	CD8-positive,-alpha-beta-T-cell	t-cell	immune	immune-system	none	none	passed
ENCFF038RDB	ENCFF038RDB	ENCSR842VTJ	ENCSR114IJD	ChromBPNet	normalized bias-corrected predicted signal profile	bigWig	DNase-seq	none	CD8-positive,-alpha-beta-T-cell	t-cell	immune	immune-system	none	none	passed
ENCFF080QLS	ENCFF080QLS	ENCSR133QZB	ENCSR851ICD	ChromBPNet	normalized bias-corrected predicted signal profile	bigWig	DNase-seq	none	CD8-positive,-alpha-beta-T-cell	t-cell	immune	immune-system	none	none	passed
ENCFF236NFC	ENCFF236NFC	ENCSR946BPA	ENCSR139FZM	ChromBPNet	normalized bias-corrected predicted signal profile	bigWig	DNase-seq	none	CD8-positive,-alpha-beta-T-cell	t-cell	immune	immune-system	none	none	passed
ENCFF384LKN	ENCFF384LKN	ENCSR363BTB	ENCSR299DBR	ChromBPNet	normalized bias-corrected predicted signal profile	bigWig	DNase-seq	none	CD8-positive,-alpha-beta-T-cell	t-cell	immune	immune-system	none	none	passed
ENCFF411KJD	ENCFF411KJD	ENCSR020LUD	ENCSR842ZPS	ChromBPNet	normalized bias-corrected predicted signal profile	bigWig	DNase-seq	none	CD8-positive,-alpha-beta-T-cell	t-cell	immune	immune-system	none	none	passed
ENCFF503UUZ	ENCFF503UUZ	ENCSR321KUC	ENCSR248PZF	ChromBPNet	normalized bias-corrected predicted signal profile	bigWig	DNase-seq	none	CD8-positive,-alpha-beta-T-cell	t-cell	immune	immune-system	none	none	passed
ENCFF539MXE	ENCFF539MXE	ENCSR840TVG	ENCSR080IFT	ChromBPNet	normalized bias-corrected predicted signal profile	bigWig	DNase-seq	none	CD8-positive,-alpha-beta-T-cell	t-cell	immune	immune-system	none	none	passed
ENCFF679GVT	ENCFF679GVT	ENCSR086FTP	ENCSR637TRV	ChromBPNet	normalized bias-corrected predicted signal profile	bigWig	DNase-seq	none	CD8-positive,-alpha-beta-T-cell	t-cell	immune	immune-system	none	none	passed
ENCFF715ULF	ENCFF715ULF	ENCSR129HDK	ENCSR734ERU	ChromBPNet	normalized bias-corrected predicted signal profile	bigWig	DNase-seq	none	CD8-positive,-alpha-beta-T-cell	t-cell	immune	immune-system	none	none	passed
ENCFF726QIG	ENCFF726QIG	ENCSR649XRC	ENCSR953AXC	ChromBPNet	normalized bias-corrected predicted signal profile	bigWig	DNase-seq	none	CD8-positive,-alpha-beta-T-cell	t-cell	immune	immune-system	none	none	passed
ENCFF729UND	ENCFF729UND	ENCSR744UQK	ENCSR620MLQ	ChromBPNet	normalized bias-corrected predicted signal profile	bigWig	DNase-seq	none	CD8-positive,-alpha-beta-T-cell	t-cell	immune	immune-system	none	none	passed
ENCFF740GTB	ENCFF740GTB	ENCSR662IRS	ENCSR184UEO	ChromBPNet	normalized bias-corrected predicted signal profile	bigWig	DNase-seq	none	CD8-positive,-alpha-beta-T-cell	t-cell	immune	immune-system	none	none	passed
ENCFF830QUG	ENCFF830QUG	ENCSR609DDQ	ENCSR330BZY	ChromBPNet	normalized bias-corrected predicted signal profile	bigWig	DNase-seq	none	CD8-positive,-alpha-beta-T-cell	t-cell	immune	immune-system	none	none	passed
ENCFF907DBE	ENCFF907DBE	ENCSR235OZX	ENCSR809MEH	ChromBPNet	normalized bias-corrected predicted signal profile	bigWig	DNase-seq	none	CD8-positive,-alpha-beta-T-cell	t-cell	immune	immune-system	none	none	passed
ENCFF909CNU	ENCFF909CNU	ENCSR097AMI	ENCSR503WCY	ChromBPNet	normalized bias-corrected predicted signal profile	bigWig	DNase-seq	none	CD8-positive,-alpha-beta-T-cell	t-cell	immune	immune-system	none	none	passed
ENCFF929XEA	ENCFF929XEA	ENCSR316UDN	ENCSR004IEV	ChromBPNet	normalized bias-corrected predicted signal profile	bigWig	DNase-seq	none	CD8-positive,-alpha-beta-T-cell	t-cell	immune	immune-system	none	none	passed
ENCFF951FDM	ENCFF951FDM	ENCSR254BCA	ENCSR538ZAV	ChromBPNet	normalized bias-corrected predicted signal profile	bigWig	DNase-seq	none	CD8-positive,-alpha-beta-T-cell	t-cell	immune	immune-system	none	none	passed
ENCFF993HNL	ENCFF993HNL	ENCSR162JNV	ENCSR284ELP	ChromBPNet	normalized bias-corrected predicted signal profile	bigWig	DNase-seq	none	CD8-positive,-alpha-beta-T-cell	t-cell	immune	immune-system	none	none	passed
ENCFF126DQB	ENCFF126DQB	ENCSR025BWH	ENCSR543PFF	ChromBPNet	normalized bias-corrected predicted signal profile	bigWig	DNase-seq	none	CD8-positive,-alpha-beta-memory-T-cell	t-cell	immune	immune-system	none	none	passed
ENCFF139GTH	ENCFF139GTH	ENCSR705GCU	ENCSR699GVT	ChromBPNet	normalized bias-corrected predicted signal profile	bigWig	DNase-seq	none	CD8-positive,-alpha-beta-memory-T-cell	t-cell	immune	immune-system	none	none	passed
ENCFF425TWK	ENCFF425TWK	ENCSR625WLB	ENCSR801SWT	ChromBPNet	normalized bias-corrected predicted signal profile	bigWig	DNase-seq	none	CD8-positive,-alpha-beta-memory-T-cell	t-cell	immune	immune-system	none	none	passed
ENCFF009SUW	ENCFF009SUW	ENCSR000EMN	ENCSR137UTN	ChromBPNet	normalized bias-corrected predicted signal profile	bigWig	DNase-seq	none	CMK	cell-line	cell-line	cell-line	none	none	passed
ENCFF352KBD	ENCFF352KBD	ENCSR030HFV	ENCSR931LMD	ChromBPNet	normalized bias-corrected predicted signal profile	bigWig	DNase-seq	none	Caco-2	cell-line	cell-line	cell-line	none	none	passed
ENCFF547GFV	ENCFF547GFV	ENCSR000EMI	ENCSR970OZO	ChromBPNet	normalized bias-corrected predicted signal profile	bigWig	DNase-seq	none	Caco-2	cell-line	cell-line	cell-line	none	none	passed
ENCFF862DTF	ENCFF862DTF	ENCSR515EWI	ENCSR282JGE	ChromBPNet	normalized bias-corrected predicted signal profile	bigWig	DNase-seq	none	Caki2	cell-line	cell-line	cell-line	none	none	passed
ENCFF501FRA	ENCFF501FRA	ENCSR660WSB	ENCSR808PZL	ChromBPNet	normalized bias-corrected predicted signal profile	bigWig	ATAC-seq	none	DND-41	cell-line	cell-line	cell-line	none	none	passed
ENCFF288YVM	ENCFF288YVM	ENCSR903SKE	ENCSR986OXA	ChromBPNet	normalized bias-corrected predicted signal profile	bigWig	DNase-seq	none	DND-41	cell-line	cell-line	cell-line	none	none	passed
ENCFF231FDA	ENCFF231FDA	ENCSR346IHH	ENCSR290FSX	ChromBPNet	normalized bias-corrected predicted signal profile	bigWig	DNase-seq	none	Daoy	cell-line	cell-line	cell-line	none	none	passed
ENCFF406NXO	ENCFF406NXO	ENCSR548MMD	ENCSR842TKW	ChromBPNet	normalized bias-corrected predicted signal profile	bigWig	DNase-seq	none	EH	cell-line	cell-line	cell-line	none	none	passed
ENCFF161YLK	ENCFF161YLK	ENCSR691MQJ	ENCSR371QKA	ChromBPNet	normalized bias-corrected predicted signal profile	bigWig	DNase-seq	none	EL	cell-line	cell-line	cell-line	none	none	passed
ENCFF018GMD	ENCFF018GMD	ENCSR678ILN	ENCSR639NDH	ChromBPNet	normalized bias-corrected predicted signal profile	bigWig	DNase-seq	none	ELF-1	cell-line	cell-line	cell-line	none	none	passed
ENCFF912ZNU	ENCFF912ZNU	ENCSR240TPI	ENCSR487CXD	ChromBPNet	normalized bias-corrected predicted signal profile	bigWig	DNase-seq	none	ELR	cell-line	cell-line	cell-line	none	none	passed
ENCFF873CTI	ENCFF873CTI	ENCSR269SIA	ENCSR937RAQ	ChromBPNet	normalized bias-corrected predicted signal profile	bigWig	DNase-seq	none	G401	cell-line	cell-line	cell-line	none	none	passed
ENCFF246XVL	ENCFF246XVL	ENCSR000EMO	ENCSR349PIJ	ChromBPNet	normalized bias-corrected predicted signal profile	bigWig	DNase-seq	none	GM04503	cell-line	cell-line	cell-line	none	none	passed
ENCFF042VZI	ENCFF042VZI	ENCSR000EMP	ENCSR050OKX	ChromBPNet	normalized bias-corrected predicted signal profile	bigWig	DNase-seq	none	GM04504	cell-line	cell-line	cell-line	none	none	passed
ENCFF036UVE	ENCFF036UVE	ENCSR000EMQ	ENCSR267GLX	ChromBPNet	normalized bias-corrected predicted signal profile	bigWig	DNase-seq	none	GM06990	cell-line	cell-line	cell-line	none	none	passed
ENCFF651BXS	ENCFF651BXS	ENCSR000EMR	ENCSR473GBP	ChromBPNet	normalized bias-corrected predicted signal profile	bigWig	DNase-seq	none	GM12864	cell-line	cell-line	cell-line	none	none	passed
ENCFF883BPU	ENCFF883BPU	ENCSR000EMS	ENCSR430QYB	ChromBPNet	normalized bias-corrected predicted signal profile	bigWig	DNase-seq	none	GM12865	cell-line	cell-line	cell-line	none	none	passed
ENCFF810RAM	ENCFF810RAM	ENCSR095QNB	ENCSR067KBX	ChromBPNet	normalized bias-corrected predicted signal profile	bigWig	ATAC-seq	none	GM12878	cell-line	cell-line	cell-line	none	none	passed
ENCFF934WOX	ENCFF934WOX	ENCSR637XSC	ENCSR081YFO	ChromBPNet	normalized bias-corrected predicted signal profile	bigWig	ATAC-seq	none	GM12878	cell-line	cell-line	cell-line	none	none	passed
ENCFF595ZBK	ENCFF595ZBK	ENCSR000EMT	ENCSR108TCK	ChromBPNet	normalized bias-corrected predicted signal profile	bigWig	DNase-seq	none	GM12878	cell-line	cell-line	cell-line	none	none	passed
ENCFF217WTF	ENCFF217WTF	ENCSR924SDV	ENCSR124DAF	ChromBPNet	normalized bias-corrected predicted signal profile	bigWig	ATAC-seq	none	GM18498	cell-line	cell-line	cell-line	none	none	passed
ENCFF783QYI	ENCFF783QYI	ENCSR700HPA	ENCSR248SEV	ChromBPNet	normalized bias-corrected predicted signal profile	bigWig	ATAC-seq	none	GM18499	cell-line	cell-line	cell-line	none	none	passed
ENCFF804BYU	ENCFF804BYU	ENCSR241VGH	ENCSR926DJN	ChromBPNet	normalized bias-corrected predicted signal profile	bigWig	ATAC-seq	none	GM18502	cell-line	cell-line	cell-line	none	none	passed
ENCFF796FIU	ENCFF796FIU	ENCSR084FHK	ENCSR178PRM	ChromBPNet	normalized bias-corrected predicted signal profile	bigWig	ATAC-seq	none	GM18505	cell-line	cell-line	cell-line	none	none	passed
ENCFF946XVX	ENCFF946XVX	ENCSR357WQH	ENCSR121WUP	ChromBPNet	normalized bias-corrected predicted signal profile	bigWig	ATAC-seq	none	GM18508	cell-line	cell-line	cell-line	none	none	passed
ENCFF437XZO	ENCFF437XZO	ENCSR253QLW	ENCSR610JIY	ChromBPNet	normalized bias-corrected predicted signal profile	bigWig	ATAC-seq	none	GM18511	cell-line	cell-line	cell-line	none	none	passed
ENCFF796KBB	ENCFF796KBB	ENCSR442OAV	ENCSR586WFC	ChromBPNet	normalized bias-corrected predicted signal profile	bigWig	ATAC-seq	none	GM18517	cell-line	cell-line	cell-line	none	none	passed
ENCFF468AOU	ENCFF468AOU	ENCSR312UCH	ENCSR714DLQ	ChromBPNet	normalized bias-corrected predicted signal profile	bigWig	ATAC-seq	none	GM18519	cell-line	cell-line	cell-line	none	none	passed
ENCFF993CSF	ENCFF993CSF	ENCSR762YFD	ENCSR461KSW	ChromBPNet	normalized bias-corrected predicted signal profile	bigWig	ATAC-seq	none	GM18520	cell-line	cell-line	cell-line	none	none	passed
ENCFF960UFB	ENCFF960UFB	ENCSR011NJP	ENCSR379AWE	ChromBPNet	normalized bias-corrected predicted signal profile	bigWig	ATAC-seq	none	GM18858	cell-line	cell-line	cell-line	none	none	passed
ENCFF091AAU	ENCFF091AAU	ENCSR628PLS	ENCSR370TTM	ChromBPNet	normalized bias-corrected predicted signal profile	bigWig	ATAC-seq	none	GM18861	cell-line	cell-line	cell-line	none	none	passed
ENCFF059EUG	ENCFF059EUG	ENCSR492FJO	ENCSR060QUG	ChromBPNet	normalized bias-corrected predicted signal profile	bigWig	ATAC-seq	none	GM18867	cell-line	cell-line	cell-line	none	none	passed
ENCFF263KRW	ENCFF263KRW	ENCSR580JBA	ENCSR777VRB	ChromBPNet	normalized bias-corrected predicted signal profile	bigWig	ATAC-seq	none	GM18868	cell-line	cell-line	cell-line	none	none	passed
ENCFF406MBP	ENCFF406MBP	ENCSR684KUG	ENCSR923IXX	ChromBPNet	normalized bias-corrected predicted signal profile	bigWig	ATAC-seq	none	GM18870	cell-line	cell-line	cell-line	none	none	passed
ENCFF903TFE	ENCFF903TFE	ENCSR304ZDQ	ENCSR210KZN	ChromBPNet	normalized bias-corrected predicted signal profile	bigWig	ATAC-seq	none	GM18873	cell-line	cell-line	cell-line	none	none	passed
ENCFF577IOL	ENCFF577IOL	ENCSR487QSB	ENCSR074UXK	ChromBPNet	normalized bias-corrected predicted signal profile	bigWig	ATAC-seq	none	GM18907	cell-line	cell-line	cell-line	none	none	passed
ENCFF105QSO	ENCFF105QSO	ENCSR917WJS	ENCSR731VRA	ChromBPNet	normalized bias-corrected predicted signal profile	bigWig	ATAC-seq	none	GM18909	cell-line	cell-line	cell-line	none	none	passed
ENCFF220BVL	ENCFF220BVL	ENCSR512FHU	ENCSR978KVO	ChromBPNet	normalized bias-corrected predicted signal profile	bigWig	ATAC-seq	none	GM19023	cell-line	cell-line	cell-line	none	none	passed
ENCFF102WWN	ENCFF102WWN	ENCSR419UYY	ENCSR079ORC	ChromBPNet	normalized bias-corrected predicted signal profile	bigWig	ATAC-seq	none	GM19025	cell-line	cell-line	cell-line	none	none	passed
ENCFF941GJL	ENCFF941GJL	ENCSR637MUF	ENCSR904MSH	ChromBPNet	normalized bias-corrected predicted signal profile	bigWig	ATAC-seq	none	GM19035	cell-line	cell-line	cell-line	none	none	passed
ENCFF846NFE	ENCFF846NFE	ENCSR409YCK	ENCSR903NIW	ChromBPNet	normalized bias-corrected predicted signal profile	bigWig	ATAC-seq	none	GM19043	cell-line	cell-line	cell-line	none	none	passed
ENCFF506YTJ	ENCFF506YTJ	ENCSR425WQW	ENCSR239XHL	ChromBPNet	normalized bias-corrected predicted signal profile	bigWig	ATAC-seq	none	GM19324	cell-line	cell-line	cell-line	none	none	passed
ENCFF274QGP	ENCFF274QGP	ENCSR383RDZ	ENCSR609EOM	ChromBPNet	normalized bias-corrected predicted signal profile	bigWig	ATAC-seq	none	GM19328	cell-line	cell-line	cell-line	none	none	passed
ENCFF034AUQ	ENCFF034AUQ	ENCSR231BZU	ENCSR683XSR	ChromBPNet	normalized bias-corrected predicted signal profile	bigWig	ATAC-seq	none	GM19351	cell-line	cell-line	cell-line	none	none	passed
ENCFF864ODA	ENCFF864ODA	ENCSR335JVB	ENCSR769XEI	ChromBPNet	normalized bias-corrected predicted signal profile	bigWig	ATAC-seq	none	GM19372	cell-line	cell-line	cell-line	none	none	passed
ENCFF042PBZ	ENCFF042PBZ	ENCSR372IGW	ENCSR165KAD	ChromBPNet	normalized bias-corrected predicted signal profile	bigWig	ATAC-seq	none	GM19395	cell-line	cell-line	cell-line	none	none	passed
ENCFF943XSU	ENCFF943XSU	ENCSR839IAD	ENCSR608VHS	ChromBPNet	normalized bias-corrected predicted signal profile	bigWig	ATAC-seq	none	GM19397	cell-line	cell-line	cell-line	none	none	passed
ENCFF284XMU	ENCFF284XMU	ENCSR134OSR	ENCSR505PUV	ChromBPNet	normalized bias-corrected predicted signal profile	bigWig	ATAC-seq	none	GM19438	cell-line	cell-line	cell-line	none	none	passed
ENCFF985BAN	ENCFF985BAN	ENCSR454UTH	ENCSR317ONA	ChromBPNet	normalized bias-corrected predicted signal profile	bigWig	ATAC-seq	none	GM19452	cell-line	cell-line	cell-line	none	none	passed
ENCFF618SHH	ENCFF618SHH	ENCSR706GDQ	ENCSR586TXI	ChromBPNet	normalized bias-corrected predicted signal profile	bigWig	ATAC-seq	none	GM19455	cell-line	cell-line	cell-line	none	none	passed
ENCFF455AWB	ENCFF455AWB	ENCSR712ZRY	ENCSR161MFO	ChromBPNet	normalized bias-corrected predicted signal profile	bigWig	ATAC-seq	none	GM19463	cell-line	cell-line	cell-line	none	none	passed
ENCFF272WIA	ENCFF272WIA	ENCSR635CAC	ENCSR921EDJ	ChromBPNet	normalized bias-corrected predicted signal profile	bigWig	ATAC-seq	none	GM19467	cell-line	cell-line	cell-line	none	none	passed
ENCFF421BQC	ENCFF421BQC	ENCSR635AIF	ENCSR692YYD	ChromBPNet	normalized bias-corrected predicted signal profile	bigWig	ATAC-seq	none	GM19468	cell-line	cell-line	cell-line	none	none	passed
ENCFF061VPP	ENCFF061VPP	ENCSR105SCQ	ENCSR185PHM	ChromBPNet	normalized bias-corrected predicted signal profile	bigWig	ATAC-seq	none	GM21360	cell-line	cell-line	cell-line	none	none	passed
ENCFF674JWO	ENCFF674JWO	ENCSR509JPT	ENCSR168OLJ	ChromBPNet	normalized bias-corrected predicted signal profile	bigWig	ATAC-seq	none	GM21367	cell-line	cell-line	cell-line	none	none	passed
ENCFF645NPU	ENCFF645NPU	ENCSR512YXO	ENCSR282RKE	ChromBPNet	normalized bias-corrected predicted signal profile	bigWig	ATAC-seq	none	GM21381	cell-line	cell-line	cell-line	none	none	passed
ENCFF310JEI	ENCFF310JEI	ENCSR024WOD	ENCSR310ESW	ChromBPNet	normalized bias-corrected predicted signal profile	bigWig	ATAC-seq	none	GM21390	cell-line	cell-line	cell-line	none	none	passed
ENCFF333LJK	ENCFF333LJK	ENCSR902CFR	ENCSR780HLI	ChromBPNet	normalized bias-corrected predicted signal profile	bigWig	ATAC-seq	none	GM21423	cell-line	cell-line	cell-line	none	none	passed
ENCFF898SDP	ENCFF898SDP	ENCSR424KQH	ENCSR050VGU	ChromBPNet	normalized bias-corrected predicted signal profile	bigWig	ATAC-seq	none	GM21447	cell-line	cell-line	cell-line	none	none	passed
ENCFF829VDP	ENCFF829VDP	ENCSR960KGO	ENCSR576OPE	ChromBPNet	normalized bias-corrected predicted signal profile	bigWig	ATAC-seq	none	GM21515	cell-line	cell-line	cell-line	none	none	passed
ENCFF059TXA	ENCFF059TXA	ENCSR408IVU	ENCSR134EDE	ChromBPNet	normalized bias-corrected predicted signal profile	bigWig	ATAC-seq	none	GM21526	cell-line	cell-line	cell-line	none	none	passed
ENCFF054INP	ENCFF054INP	ENCSR939EVW	ENCSR637GED	ChromBPNet	normalized bias-corrected predicted signal profile	bigWig	ATAC-seq	none	GM21528	cell-line	cell-line	cell-line	none	none	passed
ENCFF909UMJ	ENCFF909UMJ	ENCSR954BDA	ENCSR985TLT	ChromBPNet	normalized bias-corrected predicted signal profile	bigWig	ATAC-seq	none	GM21529	cell-line	cell-line	cell-line	none	none	passed
ENCFF889MAU	ENCFF889MAU	ENCSR122NDR	ENCSR318EBC	ChromBPNet	normalized bias-corrected predicted signal profile	bigWig	ATAC-seq	none	GM21576	cell-line	cell-line	cell-line	none	none	passed
ENCFF210EYL	ENCFF210EYL	ENCSR214EIV	ENCSR281GJA	ChromBPNet	normalized bias-corrected predicted signal profile	bigWig	ATAC-seq	none	GM21619	cell-line	cell-line	cell-line	none	none	passed
ENCFF779MTV	ENCFF779MTV	ENCSR422RPD	ENCSR280VKC	ChromBPNet	normalized bias-corrected predicted signal profile	bigWig	ATAC-seq	none	GM21717	cell-line	cell-line	cell-line	none	none	passed
ENCFF255QKB	ENCFF255QKB	ENCSR233HSC	ENCSR615NIB	ChromBPNet	normalized bias-corrected predicted signal profile	bigWig	ATAC-seq	none	GM21723	cell-line	cell-line	cell-line	none	none	passed
ENCFF205UHM	ENCFF205UHM	ENCSR315QWI	ENCSR578BCV	ChromBPNet	normalized bias-corrected predicted signal profile	bigWig	ATAC-seq	none	GM21737	cell-line	cell-line	cell-line	none	none	passed
ENCFF563TIC	ENCFF563TIC	ENCSR275LCF	ENCSR592QHK	ChromBPNet	normalized bias-corrected predicted signal profile	bigWig	ATAC-seq	none	GM21786	cell-line	cell-line	cell-line	none	none	passed
ENCFF177KHE	ENCFF177KHE	ENCSR641KNU	ENCSR896WEM	ChromBPNet	normalized bias-corrected predicted signal profile	bigWig	ATAC-seq	none	GM21825	cell-line	cell-line	cell-line	none	none	passed
ENCFF525IWZ	ENCFF525IWZ	ENCSR217TAW	ENCSR174HCP	ChromBPNet	normalized bias-corrected predicted signal profile	bigWig	DNase-seq	none	GM23248	cell-line	cell-line	cell-line	none	none	passed
ENCFF189HYK	ENCFF189HYK	ENCSR485TLP	ENCSR686RDV	ChromBPNet	normalized bias-corrected predicted signal profile	bigWig	ATAC-seq	none	GM23338	cell-line	cell-line	cell-line	none	none	passed
ENCFF440ADO	ENCFF440ADO	ENCSR108PUO	ENCSR871HMB	ChromBPNet	normalized bias-corrected predicted signal profile	bigWig	DNase-seq	none	GM23338	cell-line	cell-line	cell-line	none	none	passed
ENCFF845HRA	ENCFF845HRA	ENCSR004SUL	ENCSR397BXY	ChromBPNet	normalized bias-corrected predicted signal profile	bigWig	DNase-seq	none	GM23338	cell-line	cell-line	cell-line	none	none	passed
ENCFF450FCJ	ENCFF450FCJ	ENCSR000EMU	ENCSR337VRS	ChromBPNet	normalized bias-corrected predicted signal profile	bigWig	DNase-seq	none	H1	cell-line	cell-line	cell-line	none	none	passed
ENCFF838SQK	ENCFF838SQK	ENCSR809CEA	ENCSR043HVG	ChromBPNet	normalized bias-corrected predicted signal profile	bigWig	DNase-seq	none	H4	cell-line	cell-line	cell-line	none	none	passed
ENCFF700PFU	ENCFF700PFU	ENCSR000EMZ	ENCSR989KYH	ChromBPNet	normalized bias-corrected predicted signal profile	bigWig	DNase-seq	none	H7	cell-line	cell-line	cell-line	none	none	passed
ENCFF143XFD	ENCFF143XFD	ENCSR943SYS	ENCSR319BRN	ChromBPNet	normalized bias-corrected predicted signal profile	bigWig	DNase-seq	none	H9	cell-line	cell-line	cell-line	none	none	passed
ENCFF359LQZ	ENCFF359LQZ	ENCSR275ICP	ENCSR048BTS	ChromBPNet	normalized bias-corrected predicted signal profile	bigWig	DNase-seq	none	H9	cell-line	cell-line	cell-line	none	none	passed
ENCFF693VJF	ENCFF693VJF	ENCSR754LIN	ENCSR071OAC	ChromBPNet	normalized bias-corrected predicted signal profile	bigWig	DNase-seq	none	H9	cell-line	cell-line	cell-line	none	none	passed
ENCFF700QPB	ENCFF700QPB	ENCSR017OZH	ENCSR085BHC	ChromBPNet	normalized bias-corrected predicted signal profile	bigWig	DNase-seq	none	H9	cell-line	cell-line	cell-line	none	none	passed
ENCFF713RJY	ENCFF713RJY	ENCSR964WHY	ENCSR878NYN	ChromBPNet	normalized bias-corrected predicted signal profile	bigWig	DNase-seq	none	H9	cell-line	cell-line	cell-line	none	none	passed
ENCFF940DVF	ENCFF940DVF	ENCSR662RIZ	ENCSR493ORC	ChromBPNet	normalized bias-corrected predicted signal profile	bigWig	DNase-seq	none	H9	cell-line	cell-line	cell-line	none	none	passed
ENCFF332ORL	ENCFF332ORL	ENCSR620QNS	ENCSR189QVD	ChromBPNet	normalized bias-corrected predicted signal profile	bigWig	DNase-seq	none	HAP-1	cell-line	cell-line	cell-line	none	none	passed
ENCFF715BCA	ENCFF715BCA	ENCSR895KTN	ENCSR516FBL	ChromBPNet	normalized bias-corrected predicted signal profile	bigWig	DNase-seq	none	HAP-1	cell-line	cell-line	cell-line	none	none	passed
ENCFF009SRE	ENCFF009SRE	ENCSR038XTK	ENCSR297JWM	ChromBPNet	normalized bias-corrected predicted signal profile	bigWig	DNase-seq	none	HCEC-1CT	cell-line	cell-line	cell-line	none	none	passed
ENCFF510QTB	ENCFF510QTB	ENCSR872WGW	ENCSR799MEK	ChromBPNet	normalized bias-corrected predicted signal profile	bigWig	ATAC-seq	none	HCT116	cell-line	cell-line	cell-line	none	none	passed
ENCFF457ZIJ	ENCFF457ZIJ	ENCSR000ENM	ENCSR038BXQ	ChromBPNet	normalized bias-corrected predicted signal profile	bigWig	DNase-seq	none	HCT116	cell-line	cell-line	cell-line	none	none	passed
ENCFF248XYT	ENCFF248XYT	ENCSR000ENR	ENCSR893IIV	ChromBPNet	normalized bias-corrected predicted signal profile	bigWig	DNase-seq	none	HFF-Myc	cell-line	cell-line	cell-line	none	none	passed
ENCFF206UUB	ENCFF206UUB	ENCSR672EWY	ENCSR431UBV	ChromBPNet	normalized bias-corrected predicted signal profile	bigWig	DNase-seq	none	HFFc6	cell-line	cell-line	cell-line	none	none	passed
ENCFF504EOV	ENCFF504EOV	ENCSR400ISH	ENCSR998AJO	ChromBPNet	normalized bias-corrected predicted signal profile	bigWig	ATAC-seq	none	HG02571	cell-line	cell-line	cell-line	none	none	passed
ENCFF863CYF	ENCFF863CYF	ENCSR189VFC	ENCSR903YIU	ChromBPNet	normalized bias-corrected predicted signal profile	bigWig	ATAC-seq	none	HG02588	cell-line	cell-line	cell-line	none	none	passed
ENCFF186SZU	ENCFF186SZU	ENCSR905PWV	ENCSR627LHW	ChromBPNet	normalized bias-corrected predicted signal profile	bigWig	ATAC-seq	none	HG02610	cell-line	cell-line	cell-line	none	none	passed
ENCFF577WGD	ENCFF577WGD	ENCSR821JHD	ENCSR033SUK	ChromBPNet	normalized bias-corrected predicted signal profile	bigWig	ATAC-seq	none	HG02623	cell-line	cell-line	cell-line	none	none	passed
ENCFF265XYI	ENCFF265XYI	ENCSR821QHC	ENCSR435SFV	ChromBPNet	normalized bias-corrected predicted signal profile	bigWig	ATAC-seq	none	HG02642	cell-line	cell-line	cell-line	none	none	passed
ENCFF273OAA	ENCFF273OAA	ENCSR180HEL	ENCSR536GOE	ChromBPNet	normalized bias-corrected predicted signal profile	bigWig	ATAC-seq	none	HG02678	cell-line	cell-line	cell-line	none	none	passed
ENCFF971GLB	ENCFF971GLB	ENCSR144ZXR	ENCSR266KYY	ChromBPNet	normalized bias-corrected predicted signal profile	bigWig	ATAC-seq	none	HG02759	cell-line	cell-line	cell-line	none	none	passed
ENCFF359LMF	ENCFF359LMF	ENCSR404OEO	ENCSR092LQB	ChromBPNet	normalized bias-corrected predicted signal profile	bigWig	ATAC-seq	none	HG02763	cell-line	cell-line	cell-line	none	none	passed
ENCFF497GBJ	ENCFF497GBJ	ENCSR524CPZ	ENCSR220HBM	ChromBPNet	normalized bias-corrected predicted signal profile	bigWig	ATAC-seq	none	HG02798	cell-line	cell-line	cell-line	none	none	passed
ENCFF786XQN	ENCFF786XQN	ENCSR854ZBA	ENCSR916ARE	ChromBPNet	normalized bias-corrected predicted signal profile	bigWig	ATAC-seq	none	HG02840	cell-line	cell-line	cell-line	none	none	passed
ENCFF789JHA	ENCFF789JHA	ENCSR368FYV	ENCSR551XEC	ChromBPNet	normalized bias-corrected predicted signal profile	bigWig	ATAC-seq	none	HG02852	cell-line	cell-line	cell-line	none	none	passed
ENCFF803ZSV	ENCFF803ZSV	ENCSR420RVW	ENCSR385TLV	ChromBPNet	normalized bias-corrected predicted signal profile	bigWig	ATAC-seq	none	HG02870	cell-line	cell-line	cell-line	none	none	passed
ENCFF985YKL	ENCFF985YKL	ENCSR604YEQ	ENCSR323AXJ	ChromBPNet	normalized bias-corrected predicted signal profile	bigWig	ATAC-seq	none	HG02884	cell-line	cell-line	cell-line	none	none	passed
ENCFF999ZZO	ENCFF999ZZO	ENCSR621JYI	ENCSR266ITU	ChromBPNet	normalized bias-corrected predicted signal profile	bigWig	ATAC-seq	none	HG02885	cell-line	cell-line	cell-line	none	none	passed
ENCFF131JLG	ENCFF131JLG	ENCSR920FQJ	ENCSR672WKH	ChromBPNet	normalized bias-corrected predicted signal profile	bigWig	ATAC-seq	none	HG02938	cell-line	cell-line	cell-line	none	none	passed
ENCFF304RAK	ENCFF304RAK	ENCSR123WME	ENCSR427BPQ	ChromBPNet	normalized bias-corrected predicted signal profile	bigWig	ATAC-seq	none	HG02943	cell-line	cell-line	cell-line	none	none	passed
ENCFF689JJB	ENCFF689JJB	ENCSR857MCZ	ENCSR275WXY	ChromBPNet	normalized bias-corrected predicted signal profile	bigWig	ATAC-seq	none	HG02970	cell-line	cell-line	cell-line	none	none	passed
ENCFF136MXH	ENCFF136MXH	ENCSR038WVV	ENCSR667UVH	ChromBPNet	normalized bias-corrected predicted signal profile	bigWig	ATAC-seq	none	HG02973	cell-line	cell-line	cell-line	none	none	passed
ENCFF725GRX	ENCFF725GRX	ENCSR208HAP	ENCSR301ZZA	ChromBPNet	normalized bias-corrected predicted signal profile	bigWig	ATAC-seq	none	HG02981	cell-line	cell-line	cell-line	none	none	passed
ENCFF182FRT	ENCFF182FRT	ENCSR673ZMQ	ENCSR591YNV	ChromBPNet	normalized bias-corrected predicted signal profile	bigWig	ATAC-seq	none	HG03025	cell-line	cell-line	cell-line	none	none	passed
ENCFF869YHS	ENCFF869YHS	ENCSR381LJX	ENCSR649BNO	ChromBPNet	normalized bias-corrected predicted signal profile	bigWig	ATAC-seq	none	HG03039	cell-line	cell-line	cell-line	none	none	passed
ENCFF921YRJ	ENCFF921YRJ	ENCSR249FXU	ENCSR660MNT	ChromBPNet	normalized bias-corrected predicted signal profile	bigWig	ATAC-seq	none	HG03045	cell-line	cell-line	cell-line	none	none	passed
ENCFF641ZQE	ENCFF641ZQE	ENCSR470ZNM	ENCSR150XDG	ChromBPNet	normalized bias-corrected predicted signal profile	bigWig	ATAC-seq	none	HG03060	cell-line	cell-line	cell-line	none	none	passed
ENCFF394CBP	ENCFF394CBP	ENCSR487SOP	ENCSR459IBO	ChromBPNet	normalized bias-corrected predicted signal profile	bigWig	ATAC-seq	none	HG03064	cell-line	cell-line	cell-line	none	none	passed
ENCFF984ZXO	ENCFF984ZXO	ENCSR040PBN	ENCSR166OAU	ChromBPNet	normalized bias-corrected predicted signal profile	bigWig	ATAC-seq	none	HG03066	cell-line	cell-line	cell-line	none	none	passed
ENCFF863VLH	ENCFF863VLH	ENCSR359HFH	ENCSR553FAH	ChromBPNet	normalized bias-corrected predicted signal profile	bigWig	ATAC-seq	none	HG03095	cell-line	cell-line	cell-line	none	none	passed
ENCFF397YBU	ENCFF397YBU	ENCSR608KJD	ENCSR371COC	ChromBPNet	normalized bias-corrected predicted signal profile	bigWig	ATAC-seq	none	HG03097	cell-line	cell-line	cell-line	none	none	passed
ENCFF290XAP	ENCFF290XAP	ENCSR833ACP	ENCSR180LMS	ChromBPNet	normalized bias-corrected predicted signal profile	bigWig	ATAC-seq	none	HG03103	cell-line	cell-line	cell-line	none	none	passed
ENCFF424IAN	ENCFF424IAN	ENCSR962ITF	ENCSR232YHY	ChromBPNet	normalized bias-corrected predicted signal profile	bigWig	ATAC-seq	none	HG03108	cell-line	cell-line	cell-line	none	none	passed
ENCFF843SIE	ENCFF843SIE	ENCSR096VEO	ENCSR819NPJ	ChromBPNet	normalized bias-corrected predicted signal profile	bigWig	ATAC-seq	none	HG03135	cell-line	cell-line	cell-line	none	none	passed
ENCFF767DQF	ENCFF767DQF	ENCSR615YIL	ENCSR887IVZ	ChromBPNet	normalized bias-corrected predicted signal profile	bigWig	ATAC-seq	none	HG03139	cell-line	cell-line	cell-line	none	none	passed
ENCFF817YIU	ENCFF817YIU	ENCSR940YDN	ENCSR166TNL	ChromBPNet	normalized bias-corrected predicted signal profile	bigWig	ATAC-seq	none	HG03159	cell-line	cell-line	cell-line	none	none	passed
ENCFF370DXX	ENCFF370DXX	ENCSR305XRF	ENCSR090OOJ	ChromBPNet	normalized bias-corrected predicted signal profile	bigWig	ATAC-seq	none	HG03175	cell-line	cell-line	cell-line	none	none	passed
ENCFF597KDJ	ENCFF597KDJ	ENCSR063UNG	ENCSR357FCL	ChromBPNet	normalized bias-corrected predicted signal profile	bigWig	ATAC-seq	none	HG03196	cell-line	cell-line	cell-line	none	none	passed
ENCFF240QUW	ENCFF240QUW	ENCSR554WGQ	ENCSR845EWD	ChromBPNet	normalized bias-corrected predicted signal profile	bigWig	ATAC-seq	none	HG03280	cell-line	cell-line	cell-line	none	none	passed
ENCFF921TYW	ENCFF921TYW	ENCSR528YDD	ENCSR188AGI	ChromBPNet	normalized bias-corrected predicted signal profile	bigWig	ATAC-seq	none	HG03342	cell-line	cell-line	cell-line	none	none	passed
ENCFF299OEL	ENCFF299OEL	ENCSR025MEO	ENCSR658PPY	ChromBPNet	normalized bias-corrected predicted signal profile	bigWig	ATAC-seq	none	HG03354	cell-line	cell-line	cell-line	none	none	passed
ENCFF130QIE	ENCFF130QIE	ENCSR824DUE	ENCSR414LUN	ChromBPNet	normalized bias-corrected predicted signal profile	bigWig	ATAC-seq	none	HG03378	cell-line	cell-line	cell-line	none	none	passed
ENCFF942ANZ	ENCFF942ANZ	ENCSR839UOB	ENCSR809YVS	ChromBPNet	normalized bias-corrected predicted signal profile	bigWig	ATAC-seq	none	HG03432	cell-line	cell-line	cell-line	none	none	passed
ENCFF101ATT	ENCFF101ATT	ENCSR376YMU	ENCSR987LMB	ChromBPNet	normalized bias-corrected predicted signal profile	bigWig	ATAC-seq	none	HG03439	cell-line	cell-line	cell-line	none	none	passed
ENCFF847GEV	ENCFF847GEV	ENCSR858GTE	ENCSR509OSN	ChromBPNet	normalized bias-corrected predicted signal profile	bigWig	ATAC-seq	none	HG03442	cell-line	cell-line	cell-line	none	none	passed
ENCFF750WHJ	ENCFF750WHJ	ENCSR322SBN	ENCSR637NUL	ChromBPNet	normalized bias-corrected predicted signal profile	bigWig	ATAC-seq	none	HG03457	cell-line	cell-line	cell-line	none	none	passed
ENCFF006WFE	ENCFF006WFE	ENCSR345NVR	ENCSR987QAP	ChromBPNet	normalized bias-corrected predicted signal profile	bigWig	ATAC-seq	none	HG03460	cell-line	cell-line	cell-line	none	none	passed
ENCFF469FFG	ENCFF469FFG	ENCSR163KRG	ENCSR694IPL	ChromBPNet	normalized bias-corrected predicted signal profile	bigWig	ATAC-seq	none	HG03469	cell-line	cell-line	cell-line	none	none	passed
ENCFF100KCZ	ENCFF100KCZ	ENCSR624CTU	ENCSR001QFX	ChromBPNet	normalized bias-corrected predicted signal profile	bigWig	ATAC-seq	none	HG03520	cell-line	cell-line	cell-line	none	none	passed
ENCFF404ARX	ENCFF404ARX	ENCSR594TMY	ENCSR949GNF	ChromBPNet	normalized bias-corrected predicted signal profile	bigWig	ATAC-seq	none	HG03521	cell-line	cell-line	cell-line	none	none	passed
ENCFF264JIL	ENCFF264JIL	ENCSR278JWM	ENCSR170RXX	ChromBPNet	normalized bias-corrected predicted signal profile	bigWig	ATAC-seq	none	HG03558	cell-line	cell-line	cell-line	none	none	passed
ENCFF362LZS	ENCFF362LZS	ENCSR835WBW	ENCSR061TSC	ChromBPNet	normalized bias-corrected predicted signal profile	bigWig	ATAC-seq	none	HG03565	cell-line	cell-line	cell-line	none	none	passed
ENCFF725TBT	ENCFF725TBT	ENCSR000RBT	ENCSR716EMN	ChromBPNet	normalized bias-corrected predicted signal profile	bigWig	ATAC-seq	none	HG03571	cell-line	cell-line	cell-line	none	none	passed
ENCFF438AEF	ENCFF438AEF	ENCSR331JFZ	ENCSR519GLH	ChromBPNet	normalized bias-corrected predicted signal profile	bigWig	ATAC-seq	none	HG03575	cell-line	cell-line	cell-line	none	none	passed
ENCFF388XJL	ENCFF388XJL	ENCSR634YVQ	ENCSR972KYQ	ChromBPNet	normalized bias-corrected predicted signal profile	bigWig	DNase-seq	none	HK-2	cell-line	cell-line	cell-line	none	none	passed
ENCFF130AIM	ENCFF130AIM	ENCSR889WKL	ENCSR849AMW	ChromBPNet	normalized bias-corrected predicted signal profile	bigWig	DNase-seq	none	HL-60	cell-line	cell-line	cell-line	none	none	passed
ENCFF647WTY	ENCFF647WTY	ENCSR000ENU	ENCSR662EPX	ChromBPNet	normalized bias-corrected predicted signal profile	bigWig	DNase-seq	none	HL-60	cell-line	cell-line	cell-line	none	none	passed
ENCFF020HNF	ENCFF020HNF	ENCSR000EMF	ENCSR862EQC	ChromBPNet	normalized bias-corrected predicted signal profile	bigWig	DNase-seq	none	HS-27A	cell-line	cell-line	cell-line	none	none	passed
ENCFF602OMC	ENCFF602OMC	ENCSR000EMG	ENCSR295UGZ	ChromBPNet	normalized bias-corrected predicted signal profile	bigWig	DNase-seq	none	HS-5	cell-line	cell-line	cell-line	none	none	passed
ENCFF237ACN	ENCFF237ACN	ENCSR814KRX	ENCSR824NOI	ChromBPNet	normalized bias-corrected predicted signal profile	bigWig	DNase-seq	none	HT-29	cell-line	cell-line	cell-line	none	none	passed
ENCFF337FGG	ENCFF337FGG	ENCSR000FDI	ENCSR700ULB	ChromBPNet	normalized bias-corrected predicted signal profile	bigWig	DNase-seq	none	HT1080	cell-line	cell-line	cell-line	none	none	passed
ENCFF531YMW	ENCFF531YMW	ENCSR000ENO	ENCSR231LNG	ChromBPNet	normalized bias-corrected predicted signal profile	bigWig	DNase-seq	none	HeLa-S3	cell-line	cell-line	cell-line	none	none	passed
ENCFF758CML	ENCFF758CML	ENCSR959ZXU	ENCSR098ONJ	ChromBPNet	normalized bias-corrected predicted signal profile	bigWig	DNase-seq	none	HeLa-S3	cell-line	cell-line	cell-line	none	none	passed
ENCFF107YYI	ENCFF107YYI	ENCSR042AWH	ENCSR616TYK	ChromBPNet	normalized bias-corrected predicted signal profile	bigWig	ATAC-seq	none	HepG2	cell-line	cell-line	cell-line	none	none	passed
ENCFF439FVL	ENCFF439FVL	ENCSR291GJU	ENCSR476FKK	ChromBPNet	normalized bias-corrected predicted signal profile	bigWig	ATAC-seq	none	HepG2	cell-line	cell-line	cell-line	none	none	passed
ENCFF382WBD	ENCFF382WBD	ENCSR149XIL	ENCSR782TIO	ChromBPNet	normalized bias-corrected predicted signal profile	bigWig	DNase-seq	none	HepG2	cell-line	cell-line	cell-line	none	none	passed
ENCFF347DJJ	ENCFF347DJJ	ENCSR200OML	ENCSR585BFP	ChromBPNet	normalized bias-corrected predicted signal profile	bigWig	ATAC-seq	none	IMR-90	cell-line	cell-line	cell-line	none	none	passed
ENCFF982MOC	ENCFF982MOC	ENCSR477RTP	ENCSR458JPR	ChromBPNet	normalized bias-corrected predicted signal profile	bigWig	DNase-seq	none	IMR-90	cell-line	cell-line	cell-line	none	none	passed
ENCFF197APT	ENCFF197APT	ENCSR000EOS	ENCSR460RDN	ChromBPNet	normalized bias-corrected predicted signal profile	bigWig	DNase-seq	none	Jurkat,-Clone-E6-1	cell-line	cell-line	cell-line	none	none	passed
ENCFF517MRJ	ENCFF517MRJ	ENCSR868FGK	ENCSR893SUD	ChromBPNet	normalized bias-corrected predicted signal profile	bigWig	ATAC-seq	none	K562	cell-line	cell-line	cell-line	none	none	passed
ENCFF629MEO	ENCFF629MEO	ENCSR483RKN	ENCSR780QKO	ChromBPNet	normalized bias-corrected predicted signal profile	bigWig	ATAC-seq	none	K562	cell-line	cell-line	cell-line	none	none	passed
ENCFF882YTR	ENCFF882YTR	ENCSR859USB	ENCSR049OFB	ChromBPNet	normalized bias-corrected predicted signal profile	bigWig	ATAC-seq	none	K562	cell-line	cell-line	cell-line	none	none	passed
ENCFF942EQP	ENCFF942EQP	ENCSR956DNB	ENCSR939RXI	ChromBPNet	normalized bias-corrected predicted signal profile	bigWig	ATAC-seq	none	K562	cell-line	cell-line	cell-line	none	none	passed
ENCFF211XNT	ENCFF211XNT	ENCSR000EOT	ENCSR281PSW	ChromBPNet	normalized bias-corrected predicted signal profile	bigWig	DNase-seq	none	K562	cell-line	cell-line	cell-line	none	none	passed
ENCFF331ZSK	ENCFF331ZSK	ENCSR426IEA	ENCSR933HJE	ChromBPNet	normalized bias-corrected predicted signal profile	bigWig	DNase-seq	none	KBM-7	cell-line	cell-line	cell-line	none	none	passed
ENCFF672ZPG	ENCFF672ZPG	ENCSR019JDO	ENCSR625YHF	ChromBPNet	normalized bias-corrected predicted signal profile	bigWig	DNase-seq	none	Karpas-422	cell-line	cell-line	cell-line	none	none	passed
ENCFF735EXH	ENCFF735EXH	ENCSR314EZY	ENCSR134TII	ChromBPNet	normalized bias-corrected predicted signal profile	bigWig	DNase-seq	none	L1-S8	cell-line	cell-line	cell-line	none	none	passed
ENCFF376ERJ	ENCFF376ERJ	ENCSR746ZPP	ENCSR291GSN	ChromBPNet	normalized bias-corrected predicted signal profile	bigWig	DNase-seq	none	L1-S8R	cell-line	cell-line	cell-line	none	none	passed
ENCFF625XOQ	ENCFF625XOQ	ENCSR000EPE	ENCSR606CFD	ChromBPNet	normalized bias-corrected predicted signal profile	bigWig	DNase-seq	none	LHCN-M2	cell-line	cell-line	cell-line	none	none	passed
ENCFF525TXO	ENCFF525TXO	ENCSR503BEM	ENCSR389YJP	ChromBPNet	normalized bias-corrected predicted signal profile	bigWig	DNase-seq	none	LoVo	cell-line	cell-line	cell-line	none	none	passed
ENCFF025OAF	ENCFF025OAF	ENCSR789VGQ	ENCSR658SZR	ChromBPNet	normalized bias-corrected predicted signal profile	bigWig	DNase-seq	none	MCF-10A	cell-line	cell-line	cell-line	none	none	passed
ENCFF038LAE	ENCFF038LAE	ENCSR752EPH	ENCSR197CZL	ChromBPNet	normalized bias-corrected predicted signal profile	bigWig	DNase-seq	none	MCF-10A	cell-line	cell-line	cell-line	none	none	passed
ENCFF154ROE	ENCFF154ROE	ENCSR385SZQ	ENCSR655RGE	ChromBPNet	normalized bias-corrected predicted signal profile	bigWig	DNase-seq	none	MCF-10A	cell-line	cell-line	cell-line	none	none	passed
ENCFF218YUJ	ENCFF218YUJ	ENCSR422SUG	ENCSR881JYD	ChromBPNet	normalized bias-corrected predicted signal profile	bigWig	ATAC-seq	none	MCF-7	cell-line	cell-line	cell-line	none	none	passed
ENCFF363WPD	ENCFF363WPD	ENCSR000EPH	ENCSR006EOX	ChromBPNet	normalized bias-corrected predicted signal profile	bigWig	DNase-seq	none	MCF-7	cell-line	cell-line	cell-line	none	none	passed
ENCFF030QCF	ENCFF030QCF	ENCSR443YJP	ENCSR912CFD	ChromBPNet	normalized bias-corrected predicted signal profile	bigWig	DNase-seq	none	MG63	cell-line	cell-line	cell-line	none	none	passed
ENCFF167EIY	ENCFF167EIY	ENCSR083STA	ENCSR054YZQ	ChromBPNet	normalized bias-corrected predicted signal profile	bigWig	DNase-seq	none	MG63	cell-line	cell-line	cell-line	none	none	passed
ENCFF440BRR	ENCFF440BRR	ENCSR458LIB	ENCSR347CFU	ChromBPNet	normalized bias-corrected predicted signal profile	bigWig	DNase-seq	none	MM.1S	cell-line	cell-line	cell-line	none	none	passed
ENCFF767FUA	ENCFF767FUA	ENCSR662HMO	ENCSR794LQK	ChromBPNet	normalized bias-corrected predicted signal profile	bigWig	DNase-seq	none	NAMALWA	cell-line	cell-line	cell-line	none	none	passed
ENCFF890EDL	ENCFF890EDL	ENCSR000EPL	ENCSR451VFP	ChromBPNet	normalized bias-corrected predicted signal profile	bigWig	DNase-seq	none	NB4	cell-line	cell-line	cell-line	none	none	passed
ENCFF236OKH	ENCFF236OKH	ENCSR265TEK	ENCSR104PLC	ChromBPNet	normalized bias-corrected predicted signal profile	bigWig	DNase-seq	none	NCI-H226	cell-line	cell-line	cell-line	none	none	passed
ENCFF125XBY	ENCFF125XBY	ENCSR000FJH	ENCSR738EET	ChromBPNet	normalized bias-corrected predicted signal profile	bigWig	DNase-seq	none	NCI-H460	cell-line	cell-line	cell-line	none	none	passed
ENCFF902KPD	ENCFF902KPD	ENCSR382LBS	ENCSR546DOB	ChromBPNet	normalized bias-corrected predicted signal profile	bigWig	ATAC-seq	none	NCI-H929	cell-line	cell-line	cell-line	none	none	passed
ENCFF040KBC	ENCFF040KBC	ENCSR090SMP	ENCSR088BTM	ChromBPNet	normalized bias-corrected predicted signal profile	bigWig	DNase-seq	none	NCI-H929	cell-line	cell-line	cell-line	none	none	passed
ENCFF432MVP	ENCFF432MVP	ENCSR000EPS	ENCSR054YHV	ChromBPNet	normalized bias-corrected predicted signal profile	bigWig	DNase-seq	none	NT2/D1	cell-line	cell-line	cell-line	none	none	passed
ENCFF622OIL	ENCFF622OIL	ENCSR489NAM	ENCSR431YCA	ChromBPNet	normalized bias-corrected predicted signal profile	bigWig	DNase-seq	none	OCI-LY7	cell-line	cell-line	cell-line	none	none	passed
ENCFF224LYZ	ENCFF224LYZ	ENCSR499ASS	ENCSR356JWZ	ChromBPNet	normalized bias-corrected predicted signal profile	bigWig	ATAC-seq	none	PC-3	cell-line	cell-line	cell-line	none	none	passed
ENCFF007HPB	ENCFF007HPB	ENCSR052AWE	ENCSR930FRZ	ChromBPNet	normalized bias-corrected predicted signal profile	bigWig	DNase-seq	none	PC-3	cell-line	cell-line	cell-line	none	none	passed
ENCFF616MYN	ENCFF616MYN	ENCSR940NLN	ENCSR425NGQ	ChromBPNet	normalized bias-corrected predicted signal profile	bigWig	DNase-seq	none	PC-9	cell-line	cell-line	cell-line	none	none	passed
ENCFF371TDN	ENCFF371TDN	ENCSR591PIX	ENCSR910DII	ChromBPNet	normalized bias-corrected predicted signal profile	bigWig	ATAC-seq	none	Panc1	cell-line	cell-line	cell-line	none	none	passed
ENCFF554IKU	ENCFF554IKU	ENCSR000EPT	ENCSR819AEB	ChromBPNet	normalized bias-corrected predicted signal profile	bigWig	DNase-seq	none	Panc1	cell-line	cell-line	cell-line	none	none	passed
ENCFF988MDT	ENCFF988MDT	ENCSR017RQC	ENCSR646MBL	ChromBPNet	normalized bias-corrected predicted signal profile	bigWig	ATAC-seq	none	Peyer's-patch	eye	eye	sensory-system	none	none	passed
ENCFF519VKE	ENCFF519VKE	ENCSR689DSM	ENCSR627YMG	ChromBPNet	normalized bias-corrected predicted signal profile	bigWig	DNase-seq	none	Peyer's-patch	eye	eye	sensory-system	none	none	passed
ENCFF572JWT	ENCFF572JWT	ENCSR954AJK	ENCSR767EVI	ChromBPNet	normalized bias-corrected predicted signal profile	bigWig	DNase-seq	none	Peyer's-patch	eye	eye	sensory-system	none	none	passed
ENCFF822DIR	ENCFF822DIR	ENCSR261RWJ	ENCSR978KFQ	ChromBPNet	normalized bias-corrected predicted signal profile	bigWig	DNase-seq	none	Peyer's-patch	eye	eye	sensory-system	none	none	passed
ENCFF882TRF	ENCFF882TRF	ENCSR455GUW	ENCSR379ZWN	ChromBPNet	normalized bias-corrected predicted signal profile	bigWig	DNase-seq	none	Peyer's-patch	eye	eye	sensory-system	none	none	passed
ENCFF740XXN	ENCFF740XXN	ENCSR337IRF	ENCSR844ZPF	ChromBPNet	normalized bias-corrected predicted signal profile	bigWig	DNase-seq	none	RCC	cell-line	cell-line	cell-line	none	none	passed
ENCFF120FZJ	ENCFF120FZJ	ENCSR037PGI	ENCSR409AOK	ChromBPNet	normalized bias-corrected predicted signal profile	bigWig	DNase-seq	none	RCC-7860	cell-line	cell-line	cell-line	none	none	passed
ENCFF627NOW	ENCFF627NOW	ENCSR429RHR	ENCSR316RNO	ChromBPNet	normalized bias-corrected predicted signal profile	bigWig	DNase-seq	none	RKO	cell-line	cell-line	cell-line	none	none	passed
ENCFF589GSR	ENCFF589GSR	ENCSR000EPV	ENCSR700YXD	ChromBPNet	normalized bias-corrected predicted signal profile	bigWig	DNase-seq	none	RPMI7951	cell-line	cell-line	cell-line	none	none	passed
ENCFF160RAJ	ENCFF160RAJ	ENCSR594NOE	ENCSR639ILE	ChromBPNet	normalized bias-corrected predicted signal profile	bigWig	DNase-seq	none	RPMI8226	cell-line	cell-line	cell-line	none	none	passed
ENCFF437QGI	ENCFF437QGI	ENCSR080SNF	ENCSR781DEJ	ChromBPNet	normalized bias-corrected predicted signal profile	bigWig	ATAC-seq	none	RWPE2	cell-line	cell-line	cell-line	none	none	passed
ENCFF992TEP	ENCFF992TEP	ENCSR306BHE	ENCSR828XVB	ChromBPNet	normalized bias-corrected predicted signal profile	bigWig	DNase-seq	none	RWPE2	cell-line	cell-line	cell-line	none	none	passed
ENCFF560VVS	ENCFF560VVS	ENCSR855BMI	ENCSR597PKN	ChromBPNet	normalized bias-corrected predicted signal profile	bigWig	ATAC-seq	none	Right-ventricle-myocardium-inferior	ventricle	heart	circulatory-system	none	none	passed
ENCFF168LWR	ENCFF168LWR	ENCSR085MZL	ENCSR142UYP	ChromBPNet	normalized bias-corrected predicted signal profile	bigWig	DNase-seq	none	Right-ventricle-myocardium-inferior	ventricle	heart	circulatory-system	none	none	passed
ENCFF413TPD	ENCFF413TPD	ENCSR074WMH	ENCSR272XKK	ChromBPNet	normalized bias-corrected predicted signal profile	bigWig	ATAC-seq	none	Right-ventricle-myocardium-superior	ventricle	heart	circulatory-system	none	none	passed
ENCFF010VGE	ENCFF010VGE	ENCSR895GSY	ENCSR778ZGF	ChromBPNet	normalized bias-corrected predicted signal profile	bigWig	DNase-seq	none	Right-ventricle-myocardium-superior	ventricle	heart	circulatory-system	none	none	passed
ENCFF655URD	ENCFF655URD	ENCSR000FFJ	ENCSR504BSY	ChromBPNet	normalized bias-corrected predicted signal profile	bigWig	DNase-seq	none	SJCRH30	cell-line	cell-line	cell-line	none	none	passed
ENCFF824LKR	ENCFF824LKR	ENCSR520WTV	ENCSR832RLE	ChromBPNet	normalized bias-corrected predicted signal profile	bigWig	DNase-seq	none	SJSA1	cell-line	cell-line	cell-line	none	none	passed
ENCFF977VLC	ENCFF977VLC	ENCSR620WAR	ENCSR779JEB	ChromBPNet	normalized bias-corrected predicted signal profile	bigWig	DNase-seq	none	SJSA1	cell-line	cell-line	cell-line	none	none	passed
ENCFF303EXQ	ENCFF303EXQ	ENCSR000FEK	ENCSR086YUE	ChromBPNet	normalized bias-corrected predicted signal profile	bigWig	DNase-seq	none	SK-MEL-5	cell-line	cell-line	cell-line	none	none	passed
ENCFF551XJD	ENCFF551XJD	ENCSR946MVP	ENCSR822RPX	ChromBPNet	normalized bias-corrected predicted signal profile	bigWig	DNase-seq	none	SK-N-DZ	cell-line	cell-line	cell-line	none	none	passed
ENCFF069WXL	ENCFF069WXL	ENCSR000EPY	ENCSR737BDV	ChromBPNet	normalized bias-corrected predicted signal profile	bigWig	DNase-seq	none	SK-N-MC	cell-line	cell-line	cell-line	none	none	passed
ENCFF774GKB	ENCFF774GKB	ENCSR587TRP	ENCSR733OLQ	ChromBPNet	normalized bias-corrected predicted signal profile	bigWig	ATAC-seq	none	SK-N-SH	cell-line	cell-line	cell-line	none	none	passed
ENCFF138BJB	ENCFF138BJB	ENCSR217SET	ENCSR684CFS	ChromBPNet	normalized bias-corrected predicted signal profile	bigWig	DNase-seq	none	SW480	cell-line	cell-line	cell-line	none	none	passed
ENCFF093NFU	ENCFF093NFU	ENCSR258RSH	ENCSR726OHR	ChromBPNet	normalized bias-corrected predicted signal profile	bigWig	ATAC-seq	none	T-cell	t-cell	immune	immune-system	none	none	passed
ENCFF268WBK	ENCFF268WBK	ENCSR934AWQ	ENCSR628AUQ	ChromBPNet	normalized bias-corrected predicted signal profile	bigWig	ATAC-seq	none	T-cell	t-cell	immune	immune-system	none	none	passed
ENCFF346LYI	ENCFF346LYI	ENCSR977LVI	ENCSR289OHF	ChromBPNet	normalized bias-corrected predicted signal profile	bigWig	ATAC-seq	none	T-cell	t-cell	immune	immune-system	none	none	passed
ENCFF442XNC	ENCFF442XNC	ENCSR299LSN	ENCSR429GFB	ChromBPNet	normalized bias-corrected predicted signal profile	bigWig	ATAC-seq	none	T-cell	t-cell	immune	immune-system	none	none	passed
ENCFF651LNB	ENCFF651LNB	ENCSR102RXG	ENCSR752EUR	ChromBPNet	normalized bias-corrected predicted signal profile	bigWig	ATAC-seq	none	T-cell	t-cell	immune	immune-system	none	none	passed
ENCFF785BKF	ENCFF785BKF	ENCSR032MEH	ENCSR429ZUZ	ChromBPNet	normalized bias-corrected predicted signal profile	bigWig	ATAC-seq	none	T-cell	t-cell	immune	immune-system	none	none	passed
ENCFF008QRF	ENCFF008QRF	ENCSR385XHV	ENCSR335WRL	ChromBPNet	normalized bias-corrected predicted signal profile	bigWig	DNase-seq	none	T-cell	t-cell	immune	immune-system	none	none	passed
ENCFF057LSH	ENCFF057LSH	ENCSR627UDJ	ENCSR806CDG	ChromBPNet	normalized bias-corrected predicted signal profile	bigWig	DNase-seq	none	T-cell	t-cell	immune	immune-system	none	none	passed
ENCFF096EGK	ENCFF096EGK	ENCSR788SKJ	ENCSR757BQE	ChromBPNet	normalized bias-corrected predicted signal profile	bigWig	DNase-seq	none	T-cell	t-cell	immune	immune-system	none	none	passed
ENCFF101OLX	ENCFF101OLX	ENCSR863LZT	ENCSR794QQS	ChromBPNet	normalized bias-corrected predicted signal profile	bigWig	DNase-seq	none	T-cell	t-cell	immune	immune-system	none	none	passed
ENCFF121MHD	ENCFF121MHD	ENCSR597URK	ENCSR962EIH	ChromBPNet	normalized bias-corrected predicted signal profile	bigWig	DNase-seq	none	T-cell	t-cell	immune	immune-system	none	none	passed
ENCFF159GBF	ENCFF159GBF	ENCSR926SNI	ENCSR653ROL	ChromBPNet	normalized bias-corrected predicted signal profile	bigWig	DNase-seq	none	T-cell	t-cell	immune	immune-system	none	none	passed
ENCFF161JBM	ENCFF161JBM	ENCSR218FJD	ENCSR190HNX	ChromBPNet	normalized bias-corrected predicted signal profile	bigWig	DNase-seq	none	T-cell	t-cell	immune	immune-system	none	none	passed
ENCFF168RDB	ENCFF168RDB	ENCSR496UER	ENCSR064YIE	ChromBPNet	normalized bias-corrected predicted signal profile	bigWig	DNase-seq	none	T-cell	t-cell	immune	immune-system	none	none	passed
ENCFF219RSY	ENCFF219RSY	ENCSR396ZIN	ENCSR151PKI	ChromBPNet	normalized bias-corrected predicted signal profile	bigWig	DNase-seq	none	T-cell	t-cell	immune	immune-system	none	none	passed
ENCFF223RGJ	ENCFF223RGJ	ENCSR581RSO	ENCSR471LVE	ChromBPNet	normalized bias-corrected predicted signal profile	bigWig	DNase-seq	none	T-cell	t-cell	immune	immune-system	none	none	passed
ENCFF224GQO	ENCFF224GQO	ENCSR630XDN	ENCSR188NOD	ChromBPNet	normalized bias-corrected predicted signal profile	bigWig	DNase-seq	none	T-cell	t-cell	immune	immune-system	none	none	passed
ENCFF224YPK	ENCFF224YPK	ENCSR628IRM	ENCSR147PTU	ChromBPNet	normalized bias-corrected predicted signal profile	bigWig	DNase-seq	none	T-cell	t-cell	immune	immune-system	none	none	passed
ENCFF262YAC	ENCFF262YAC	ENCSR540VTN	ENCSR309XZW	ChromBPNet	normalized bias-corrected predicted signal profile	bigWig	DNase-seq	none	T-cell	t-cell	immune	immune-system	none	none	passed
ENCFF288GEM	ENCFF288GEM	ENCSR457RVC	ENCSR210DXU	ChromBPNet	normalized bias-corrected predicted signal profile	bigWig	DNase-seq	none	T-cell	t-cell	immune	immune-system	none	none	passed
ENCFF292QJQ	ENCFF292QJQ	ENCSR217PZP	ENCSR232CBY	ChromBPNet	normalized bias-corrected predicted signal profile	bigWig	DNase-seq	none	T-cell	t-cell	immune	immune-system	none	none	passed
ENCFF295IOY	ENCFF295IOY	ENCSR111LTT	ENCSR025EMG	ChromBPNet	normalized bias-corrected predicted signal profile	bigWig	DNase-seq	none	T-cell	t-cell	immune	immune-system	none	none	passed
ENCFF316ZAP	ENCFF316ZAP	ENCSR305WLF	ENCSR171OHS	ChromBPNet	normalized bias-corrected predicted signal profile	bigWig	DNase-seq	none	T-cell	t-cell	immune	immune-system	none	none	passed
ENCFF330HDU	ENCFF330HDU	ENCSR965JHW	ENCSR748RMU	ChromBPNet	normalized bias-corrected predicted signal profile	bigWig	DNase-seq	none	T-cell	t-cell	immune	immune-system	none	none	passed
ENCFF339EGL	ENCFF339EGL	ENCSR473LSX	ENCSR092BCK	ChromBPNet	normalized bias-corrected predicted signal profile	bigWig	DNase-seq	none	T-cell	t-cell	immune	immune-system	none	none	passed
ENCFF375BDU	ENCFF375BDU	ENCSR310ZGQ	ENCSR917EWE	ChromBPNet	normalized bias-corrected predicted signal profile	bigWig	DNase-seq	none	T-cell	t-cell	immune	immune-system	none	none	passed
ENCFF376CBW	ENCFF376CBW	ENCSR251INE	ENCSR358NNZ	ChromBPNet	normalized bias-corrected predicted signal profile	bigWig	DNase-seq	none	T-cell	t-cell	immune	immune-system	none	none	passed
ENCFF397AFW	ENCFF397AFW	ENCSR507XBY	ENCSR137QZB	ChromBPNet	normalized bias-corrected predicted signal profile	bigWig	DNase-seq	none	T-cell	t-cell	immune	immune-system	none	none	passed
ENCFF400APD	ENCFF400APD	ENCSR025EYJ	ENCSR716TYV	ChromBPNet	normalized bias-corrected predicted signal profile	bigWig	DNase-seq	none	T-cell	t-cell	immune	immune-system	none	none	passed
ENCFF405TOO	ENCFF405TOO	ENCSR803JVQ	ENCSR321CRM	ChromBPNet	normalized bias-corrected predicted signal profile	bigWig	DNase-seq	none	T-cell	t-cell	immune	immune-system	none	none	passed
ENCFF433IIF	ENCFF433IIF	ENCSR040DGJ	ENCSR164ICL	ChromBPNet	normalized bias-corrected predicted signal profile	bigWig	DNase-seq	none	T-cell	t-cell	immune	immune-system	none	none	passed
ENCFF446XVK	ENCFF446XVK	ENCSR552TPH	ENCSR153FUR	ChromBPNet	normalized bias-corrected predicted signal profile	bigWig	DNase-seq	none	T-cell	t-cell	immune	immune-system	none	none	passed
ENCFF514AJQ	ENCFF514AJQ	ENCSR366YTD	ENCSR618VNH	ChromBPNet	normalized bias-corrected predicted signal profile	bigWig	DNase-seq	none	T-cell	t-cell	immune	immune-system	none	none	passed
ENCFF519VTZ	ENCFF519VTZ	ENCSR420HOT	ENCSR387VOB	ChromBPNet	normalized bias-corrected predicted signal profile	bigWig	DNase-seq	none	T-cell	t-cell	immune	immune-system	none	none	passed
ENCFF544MOZ	ENCFF544MOZ	ENCSR442GKD	ENCSR046WWS	ChromBPNet	normalized bias-corrected predicted signal profile	bigWig	DNase-seq	none	T-cell	t-cell	immune	immune-system	none	none	passed
ENCFF558MXB	ENCFF558MXB	ENCSR283MZJ	ENCSR428RDY	ChromBPNet	normalized bias-corrected predicted signal profile	bigWig	DNase-seq	none	T-cell	t-cell	immune	immune-system	none	none	passed
ENCFF560KIK	ENCFF560KIK	ENCSR934IKS	ENCSR695TIK	ChromBPNet	normalized bias-corrected predicted signal profile	bigWig	DNase-seq	none	T-cell	t-cell	immune	immune-system	none	none	passed
ENCFF575ZYX	ENCFF575ZYX	ENCSR186NTL	ENCSR801GOY	ChromBPNet	normalized bias-corrected predicted signal profile	bigWig	DNase-seq	none	T-cell	t-cell	immune	immune-system	none	none	passed
ENCFF605WIE	ENCFF605WIE	ENCSR051CYH	ENCSR446UCG	ChromBPNet	normalized bias-corrected predicted signal profile	bigWig	DNase-seq	none	T-cell	t-cell	immune	immune-system	none	none	passed
ENCFF611UQP	ENCFF611UQP	ENCSR270JQK	ENCSR065RIH	ChromBPNet	normalized bias-corrected predicted signal profile	bigWig	DNase-seq	none	T-cell	t-cell	immune	immune-system	none	none	passed
ENCFF626UEQ	ENCFF626UEQ	ENCSR627QIA	ENCSR144UFY	ChromBPNet	normalized bias-corrected predicted signal profile	bigWig	DNase-seq	none	T-cell	t-cell	immune	immune-system	none	none	passed
ENCFF632TYU	ENCFF632TYU	ENCSR785RIM	ENCSR941BIE	ChromBPNet	normalized bias-corrected predicted signal profile	bigWig	DNase-seq	none	T-cell	t-cell	immune	immune-system	none	none	passed
ENCFF666DJL	ENCFF666DJL	ENCSR410IYF	ENCSR308BEP	ChromBPNet	normalized bias-corrected predicted signal profile	bigWig	DNase-seq	none	T-cell	t-cell	immune	immune-system	none	none	passed
ENCFF702ZBL	ENCFF702ZBL	ENCSR041PCL	ENCSR338IJV	ChromBPNet	normalized bias-corrected predicted signal profile	bigWig	DNase-seq	none	T-cell	t-cell	immune	immune-system	none	none	passed
ENCFF712EDA	ENCFF712EDA	ENCSR467MSP	ENCSR507ABN	ChromBPNet	normalized bias-corrected predicted signal profile	bigWig	DNase-seq	none	T-cell	t-cell	immune	immune-system	none	none	passed
ENCFF714DOM	ENCFF714DOM	ENCSR213WNV	ENCSR838QAY	ChromBPNet	normalized bias-corrected predicted signal profile	bigWig	DNase-seq	none	T-cell	t-cell	immune	immune-system	none	none	passed
ENCFF715ILU	ENCFF715ILU	ENCSR140KPO	ENCSR428ISQ	ChromBPNet	normalized bias-corrected predicted signal profile	bigWig	DNase-seq	none	T-cell	t-cell	immune	immune-system	none	none	passed
ENCFF715SXA	ENCFF715SXA	ENCSR837ZSS	ENCSR969SZL	ChromBPNet	normalized bias-corrected predicted signal profile	bigWig	DNase-seq	none	T-cell	t-cell	immune	immune-system	none	none	passed
ENCFF721DMU	ENCFF721DMU	ENCSR389IHS	ENCSR240EVS	ChromBPNet	normalized bias-corrected predicted signal profile	bigWig	DNase-seq	none	T-cell	t-cell	immune	immune-system	none	none	passed
ENCFF723VNQ	ENCFF723VNQ	ENCSR878ITC	ENCSR249YMW	ChromBPNet	normalized bias-corrected predicted signal profile	bigWig	DNase-seq	none	T-cell	t-cell	immune	immune-system	none	none	passed
ENCFF732GKF	ENCFF732GKF	ENCSR354SDH	ENCSR440BZZ	ChromBPNet	normalized bias-corrected predicted signal profile	bigWig	DNase-seq	none	T-cell	t-cell	immune	immune-system	none	none	passed
ENCFF778DZN	ENCFF778DZN	ENCSR635URJ	ENCSR361VKP	ChromBPNet	normalized bias-corrected predicted signal profile	bigWig	DNase-seq	none	T-cell	t-cell	immune	immune-system	none	none	passed
ENCFF809DHX	ENCFF809DHX	ENCSR541PUY	ENCSR099KJG	ChromBPNet	normalized bias-corrected predicted signal profile	bigWig	DNase-seq	none	T-cell	t-cell	immune	immune-system	none	none	passed
ENCFF823ZJI	ENCFF823ZJI	ENCSR198UKY	ENCSR221HAB	ChromBPNet	normalized bias-corrected predicted signal profile	bigWig	DNase-seq	none	T-cell	t-cell	immune	immune-system	none	none	passed
ENCFF832NWW	ENCFF832NWW	ENCSR290NGL	ENCSR298UAA	ChromBPNet	normalized bias-corrected predicted signal profile	bigWig	DNase-seq	none	T-cell	t-cell	immune	immune-system	none	none	passed
ENCFF847OGP	ENCFF847OGP	ENCSR715TMH	ENCSR448PBW	ChromBPNet	normalized bias-corrected predicted signal profile	bigWig	DNase-seq	none	T-cell	t-cell	immune	immune-system	none	none	passed
ENCFF859SEQ	ENCFF859SEQ	ENCSR784RMA	ENCSR152AFM	ChromBPNet	normalized bias-corrected predicted signal profile	bigWig	DNase-seq	none	T-cell	t-cell	immune	immune-system	none	none	passed
ENCFF871JER	ENCFF871JER	ENCSR419OAR	ENCSR187FBN	ChromBPNet	normalized bias-corrected predicted signal profile	bigWig	DNase-seq	none	T-cell	t-cell	immune	immune-system	none	none	passed
ENCFF899GSL	ENCFF899GSL	ENCSR815DWW	ENCSR556NMJ	ChromBPNet	normalized bias-corrected predicted signal profile	bigWig	DNase-seq	none	T-cell	t-cell	immune	immune-system	none	none	passed
ENCFF912GJV	ENCFF912GJV	ENCSR561ZLY	ENCSR643LQA	ChromBPNet	normalized bias-corrected predicted signal profile	bigWig	DNase-seq	none	T-cell	t-cell	immune	immune-system	none	none	passed
ENCFF915OWS	ENCFF915OWS	ENCSR299BQG	ENCSR870KZC	ChromBPNet	normalized bias-corrected predicted signal profile	bigWig	DNase-seq	none	T-cell	t-cell	immune	immune-system	none	none	passed
ENCFF934KLQ	ENCFF934KLQ	ENCSR342OGI	ENCSR971QTW	ChromBPNet	normalized bias-corrected predicted signal profile	bigWig	DNase-seq	none	T-cell	t-cell	immune	immune-system	none	none	passed
ENCFF946ZBP	ENCFF946ZBP	ENCSR497NLU	ENCSR964WTY	ChromBPNet	normalized bias-corrected predicted signal profile	bigWig	DNase-seq	none	T-cell	t-cell	immune	immune-system	none	none	passed
ENCFF076EAK	ENCFF076EAK	ENCSR384GGJ	ENCSR653VWJ	ChromBPNet	normalized bias-corrected predicted signal profile	bigWig	DNase-seq	none	T-helper-1-cell	t-helper	immune	immune-system	none	none	passed
ENCFF317EYB	ENCFF317EYB	ENCSR035SZE	ENCSR908PMT	ChromBPNet	normalized bias-corrected predicted signal profile	bigWig	DNase-seq	none	T-helper-1-cell	t-helper	immune	immune-system	none	none	passed
ENCFF338XNG	ENCFF338XNG	ENCSR000EQD	ENCSR207XFF	ChromBPNet	normalized bias-corrected predicted signal profile	bigWig	DNase-seq	none	T-helper-1-cell	t-helper	immune	immune-system	none	none	passed
ENCFF560RVH	ENCFF560RVH	ENCSR453RFW	ENCSR739ULY	ChromBPNet	normalized bias-corrected predicted signal profile	bigWig	DNase-seq	none	T-helper-1-cell	t-helper	immune	immune-system	none	none	passed
ENCFF648YVM	ENCFF648YVM	ENCSR000EQE	ENCSR909XUO	ChromBPNet	normalized bias-corrected predicted signal profile	bigWig	DNase-seq	none	T-helper-1-cell	t-helper	immune	immune-system	none	none	passed
ENCFF663NLY	ENCFF663NLY	ENCSR058ELM	ENCSR914TFI	ChromBPNet	normalized bias-corrected predicted signal profile	bigWig	DNase-seq	none	T-helper-1-cell	t-helper	immune	immune-system	none	none	passed
ENCFF935VSI	ENCFF935VSI	ENCSR260UJJ	ENCSR752DQB	ChromBPNet	normalized bias-corrected predicted signal profile	bigWig	DNase-seq	none	T-helper-1-cell	t-helper	immune	immune-system	none	none	passed
ENCFF027KBZ	ENCFF027KBZ	ENCSR611BQR	ENCSR647OGN	ChromBPNet	normalized bias-corrected predicted signal profile	bigWig	ATAC-seq	none	T-helper-17-cell	t-helper	immune	immune-system	none	none	passed
ENCFF077CHH	ENCFF077CHH	ENCSR248ZAC	ENCSR710TZU	ChromBPNet	normalized bias-corrected predicted signal profile	bigWig	ATAC-seq	none	T-helper-17-cell	t-helper	immune	immune-system	none	none	passed
ENCFF839BVQ	ENCFF839BVQ	ENCSR803FKU	ENCSR251ZLN	ChromBPNet	normalized bias-corrected predicted signal profile	bigWig	ATAC-seq	none	T-helper-17-cell	t-helper	immune	immune-system	none	none	passed
ENCFF062AUH	ENCFF062AUH	ENCSR731KDL	ENCSR526ELA	ChromBPNet	normalized bias-corrected predicted signal profile	bigWig	DNase-seq	none	T-helper-17-cell	t-helper	immune	immune-system	none	none	passed
ENCFF243JAK	ENCFF243JAK	ENCSR623PVB	ENCSR625NZK	ChromBPNet	normalized bias-corrected predicted signal profile	bigWig	DNase-seq	none	T-helper-17-cell	t-helper	immune	immune-system	none	none	passed
ENCFF257DDH	ENCFF257DDH	ENCSR537TXP	ENCSR700DMS	ChromBPNet	normalized bias-corrected predicted signal profile	bigWig	DNase-seq	none	T-helper-17-cell	t-helper	immune	immune-system	none	none	passed
ENCFF387GUD	ENCFF387GUD	ENCSR000EQF	ENCSR255EPH	ChromBPNet	normalized bias-corrected predicted signal profile	bigWig	DNase-seq	none	T-helper-17-cell	t-helper	immune	immune-system	none	none	passed
ENCFF725UWB	ENCFF725UWB	ENCSR709YRE	ENCSR347TOO	ChromBPNet	normalized bias-corrected predicted signal profile	bigWig	DNase-seq	none	T-helper-17-cell	t-helper	immune	immune-system	none	none	passed
ENCFF975PTU	ENCFF975PTU	ENCSR747RGR	ENCSR574LGV	ChromBPNet	normalized bias-corrected predicted signal profile	bigWig	DNase-seq	none	T-helper-17-cell	t-helper	immune	immune-system	none	none	passed
ENCFF069SZM	ENCFF069SZM	ENCSR000EQI	ENCSR745WFF	ChromBPNet	normalized bias-corrected predicted signal profile	bigWig	DNase-seq	none	T-helper-2-cell	t-helper	immune	immune-system	none	none	passed
ENCFF331ASJ	ENCFF331ASJ	ENCSR000EQH	ENCSR486TDW	ChromBPNet	normalized bias-corrected predicted signal profile	bigWig	DNase-seq	none	T-helper-2-cell	t-helper	immune	immune-system	none	none	passed
ENCFF441REN	ENCFF441REN	ENCSR943KMD	ENCSR126JGP	ChromBPNet	normalized bias-corrected predicted signal profile	bigWig	DNase-seq	none	T-helper-2-cell	t-helper	immune	immune-system	none	none	passed
ENCFF499PIL	ENCFF499PIL	ENCSR223XND	ENCSR980WLK	ChromBPNet	normalized bias-corrected predicted signal profile	bigWig	DNase-seq	none	T-helper-2-cell	t-helper	immune	immune-system	none	none	passed
ENCFF560YSK	ENCFF560YSK	ENCSR872IXQ	ENCSR775SOJ	ChromBPNet	normalized bias-corrected predicted signal profile	bigWig	DNase-seq	none	T-helper-2-cell	t-helper	immune	immune-system	none	none	passed
ENCFF620XFZ	ENCFF620XFZ	ENCSR869JYO	ENCSR134SAX	ChromBPNet	normalized bias-corrected predicted signal profile	bigWig	DNase-seq	none	T-helper-2-cell	t-helper	immune	immune-system	none	none	passed
ENCFF638SEM	ENCFF638SEM	ENCSR197ZNW	ENCSR971VHE	ChromBPNet	normalized bias-corrected predicted signal profile	bigWig	DNase-seq	none	T-helper-2-cell	t-helper	immune	immune-system	none	none	passed
ENCFF646HGF	ENCFF646HGF	ENCSR000EQB	ENCSR233KPU	ChromBPNet	normalized bias-corrected predicted signal profile	bigWig	DNase-seq	none	T47D	cell-line	cell-line	cell-line	none	none	passed
ENCFF582ZPT	ENCFF582ZPT	ENCSR218FSP	ENCSR993TVH	ChromBPNet	normalized bias-corrected predicted signal profile	bigWig	DNase-seq	none	WERI-Rb-1	cell-line	cell-line	cell-line	none	none	passed
ENCFF950KDZ	ENCFF950KDZ	ENCSR000EQL	ENCSR466RMK	ChromBPNet	normalized bias-corrected predicted signal profile	bigWig	DNase-seq	none	WERI-Rb-1	cell-line	cell-line	cell-line	none	none	passed
ENCFF453QIY	ENCFF453QIY	ENCSR000EQN	ENCSR972HRO	ChromBPNet	normalized bias-corrected predicted signal profile	bigWig	DNase-seq	none	WI38	cell-line	cell-line	cell-line	none	none	passed
ENCFF753HGB	ENCFF753HGB	ENCSR000EQM	ENCSR456VRU	ChromBPNet	normalized bias-corrected predicted signal profile	bigWig	DNase-seq	none	WI38	cell-line	cell-line	cell-line	none	none	passed
ENCFF392IVZ	ENCFF392IVZ	ENCSR541KFY	ENCSR631EWP	ChromBPNet	normalized bias-corrected predicted signal profile	bigWig	ATAC-seq	none	WTC11	cell-line	cell-line	cell-line	none	none	passed
ENCFF079IVM	ENCFF079IVM	ENCSR785ZUI	ENCSR751ECR	ChromBPNet	normalized bias-corrected predicted signal profile	bigWig	DNase-seq	none	WTC11	cell-line	cell-line	cell-line	none	none	passed
ENCFF337NED	ENCFF337NED	ENCSR659SFK	ENCSR927SNZ	ChromBPNet	normalized bias-corrected predicted signal profile	bigWig	ATAC-seq	none	activated-B-cell	b-cell	immune	immune-system	none	none	passed
ENCFF932FSG	ENCFF932FSG	ENCSR109DTU	ENCSR215IBY	ChromBPNet	normalized bias-corrected predicted signal profile	bigWig	DNase-seq	none	activated-B-cell	b-cell	immune	immune-system	none	none	passed
ENCFF806CSY	ENCFF806CSY	ENCSR094QFZ	ENCSR294ULE	ChromBPNet	normalized bias-corrected predicted signal profile	bigWig	ATAC-seq	none	activated-CD4-positive,-CD25-positive,-alpha-beta-regulatory-T-cell	t-cell	immune	immune-system	none	none	passed
ENCFF814ZBL	ENCFF814ZBL	ENCSR261PWP	ENCSR866REJ	ChromBPNet	normalized bias-corrected predicted signal profile	bigWig	ATAC-seq	none	activated-CD4-positive,-CD25-positive,-alpha-beta-regulatory-T-cell	t-cell	immune	immune-system	none	none	passed
ENCFF017XDI	ENCFF017XDI	ENCSR133OSO	ENCSR382VVU	ChromBPNet	normalized bias-corrected predicted signal profile	bigWig	DNase-seq	none	activated-CD4-positive,-CD25-positive,-alpha-beta-regulatory-T-cell	t-cell	immune	immune-system	none	none	passed
ENCFF830UCR	ENCFF830UCR	ENCSR242CLA	ENCSR151JCL	ChromBPNet	normalized bias-corrected predicted signal profile	bigWig	DNase-seq	none	activated-CD4-positive,-CD25-positive,-alpha-beta-regulatory-T-cell	t-cell	immune	immune-system	none	none	passed
ENCFF008LHL	ENCFF008LHL	ENCSR991PBP	ENCSR559OBX	ChromBPNet	normalized bias-corrected predicted signal profile	bigWig	ATAC-seq	none	activated-CD4-positive,-alpha-beta-T-cell	t-cell	immune	immune-system	none	none	passed
ENCFF056BCH	ENCFF056BCH	ENCSR698VDM	ENCSR764UTK	ChromBPNet	normalized bias-corrected predicted signal profile	bigWig	DNase-seq	none	activated-CD4-positive,-alpha-beta-T-cell	t-cell	immune	immune-system	none	none	passed
ENCFF073VWU	ENCFF073VWU	ENCSR493IQY	ENCSR422POB	ChromBPNet	normalized bias-corrected predicted signal profile	bigWig	DNase-seq	none	activated-CD4-positive,-alpha-beta-T-cell	t-cell	immune	immune-system	none	none	passed
ENCFF095MPN	ENCFF095MPN	ENCSR841UCZ	ENCSR158YLN	ChromBPNet	normalized bias-corrected predicted signal profile	bigWig	DNase-seq	none	activated-CD4-positive,-alpha-beta-T-cell	t-cell	immune	immune-system	none	none	passed
ENCFF136WHU	ENCFF136WHU	ENCSR173HPQ	ENCSR884EKY	ChromBPNet	normalized bias-corrected predicted signal profile	bigWig	DNase-seq	none	activated-CD4-positive,-alpha-beta-T-cell	t-cell	immune	immune-system	none	none	passed
ENCFF152MMS	ENCFF152MMS	ENCSR323LVJ	ENCSR594QMF	ChromBPNet	normalized bias-corrected predicted signal profile	bigWig	DNase-seq	none	activated-CD4-positive,-alpha-beta-T-cell	t-cell	immune	immune-system	none	none	passed
ENCFF213RRG	ENCFF213RRG	ENCSR139PLJ	ENCSR224FSJ	ChromBPNet	normalized bias-corrected predicted signal profile	bigWig	DNase-seq	none	activated-CD4-positive,-alpha-beta-T-cell	t-cell	immune	immune-system	none	none	passed
ENCFF229QDW	ENCFF229QDW	ENCSR935HEI	ENCSR476LJY	ChromBPNet	normalized bias-corrected predicted signal profile	bigWig	DNase-seq	none	activated-CD4-positive,-alpha-beta-T-cell	t-cell	immune	immune-system	none	none	passed
ENCFF316RZU	ENCFF316RZU	ENCSR799MVH	ENCSR342SVJ	ChromBPNet	normalized bias-corrected predicted signal profile	bigWig	DNase-seq	none	activated-CD4-positive,-alpha-beta-T-cell	t-cell	immune	immune-system	none	none	passed
ENCFF362QOB	ENCFF362QOB	ENCSR740DJQ	ENCSR751LNJ	ChromBPNet	normalized bias-corrected predicted signal profile	bigWig	DNase-seq	none	activated-CD4-positive,-alpha-beta-T-cell	t-cell	immune	immune-system	none	none	passed
ENCFF367ORK	ENCFF367ORK	ENCSR144NXI	ENCSR820GUH	ChromBPNet	normalized bias-corrected predicted signal profile	bigWig	DNase-seq	none	activated-CD4-positive,-alpha-beta-T-cell	t-cell	immune	immune-system	none	none	passed
ENCFF383BAR	ENCFF383BAR	ENCSR154NOT	ENCSR114ZKF	ChromBPNet	normalized bias-corrected predicted signal profile	bigWig	DNase-seq	none	activated-CD4-positive,-alpha-beta-T-cell	t-cell	immune	immune-system	none	none	passed
ENCFF391WGW	ENCFF391WGW	ENCSR604FER	ENCSR429MAD	ChromBPNet	normalized bias-corrected predicted signal profile	bigWig	DNase-seq	none	activated-CD4-positive,-alpha-beta-T-cell	t-cell	immune	immune-system	none	none	passed
ENCFF405ENK	ENCFF405ENK	ENCSR273USD	ENCSR753CMU	ChromBPNet	normalized bias-corrected predicted signal profile	bigWig	DNase-seq	none	activated-CD4-positive,-alpha-beta-T-cell	t-cell	immune	immune-system	none	none	passed
ENCFF429TUM	ENCFF429TUM	ENCSR679EFH	ENCSR434QWM	ChromBPNet	normalized bias-corrected predicted signal profile	bigWig	DNase-seq	none	activated-CD4-positive,-alpha-beta-T-cell	t-cell	immune	immune-system	none	none	passed
ENCFF479FHC	ENCFF479FHC	ENCSR874DUP	ENCSR708KHR	ChromBPNet	normalized bias-corrected predicted signal profile	bigWig	DNase-seq	none	activated-CD4-positive,-alpha-beta-T-cell	t-cell	immune	immune-system	none	none	passed
ENCFF482DQG	ENCFF482DQG	ENCSR180KMR	ENCSR782KPZ	ChromBPNet	normalized bias-corrected predicted signal profile	bigWig	DNase-seq	none	activated-CD4-positive,-alpha-beta-T-cell	t-cell	immune	immune-system	none	none	passed
ENCFF537MOQ	ENCFF537MOQ	ENCSR768AWY	ENCSR897WWX	ChromBPNet	normalized bias-corrected predicted signal profile	bigWig	DNase-seq	none	activated-CD4-positive,-alpha-beta-T-cell	t-cell	immune	immune-system	none	none	passed
ENCFF543CVO	ENCFF543CVO	ENCSR121BSW	ENCSR090UGL	ChromBPNet	normalized bias-corrected predicted signal profile	bigWig	DNase-seq	none	activated-CD4-positive,-alpha-beta-T-cell	t-cell	immune	immune-system	none	none	passed
ENCFF547BLS	ENCFF547BLS	ENCSR124PXN	ENCSR763BIV	ChromBPNet	normalized bias-corrected predicted signal profile	bigWig	DNase-seq	none	activated-CD4-positive,-alpha-beta-T-cell	t-cell	immune	immune-system	none	none	passed
ENCFF864YZI	ENCFF864YZI	ENCSR312ZTS	ENCSR478IVZ	ChromBPNet	normalized bias-corrected predicted signal profile	bigWig	DNase-seq	none	activated-CD4-positive,-alpha-beta-T-cell	t-cell	immune	immune-system	none	none	passed
ENCFF902BHH	ENCFF902BHH	ENCSR457JOG	ENCSR562WIA	ChromBPNet	normalized bias-corrected predicted signal profile	bigWig	DNase-seq	none	activated-CD4-positive,-alpha-beta-T-cell	t-cell	immune	immune-system	none	none	passed
ENCFF916ZYY	ENCFF916ZYY	ENCSR801VSK	ENCSR420JER	ChromBPNet	normalized bias-corrected predicted signal profile	bigWig	DNase-seq	none	activated-CD4-positive,-alpha-beta-T-cell	t-cell	immune	immune-system	none	none	passed
ENCFF959EJP	ENCFF959EJP	ENCSR436JRE	ENCSR901DXM	ChromBPNet	normalized bias-corrected predicted signal profile	bigWig	DNase-seq	none	activated-CD4-positive,-alpha-beta-T-cell	t-cell	immune	immune-system	none	none	passed
ENCFF986PTU	ENCFF986PTU	ENCSR252NVI	ENCSR599MKA	ChromBPNet	normalized bias-corrected predicted signal profile	bigWig	DNase-seq	none	activated-CD4-positive,-alpha-beta-T-cell	t-cell	immune	immune-system	none	none	passed
ENCFF162XWF	ENCFF162XWF	ENCSR021YFW	ENCSR301LCS	ChromBPNet	normalized bias-corrected predicted signal profile	bigWig	DNase-seq	none	activated-CD4-positive,-alpha-beta-memory-T-cell	t-cell	immune	immune-system	none	none	passed
ENCFF161GLK	ENCFF161GLK	ENCSR545UJP	ENCSR698SZY	ChromBPNet	normalized bias-corrected predicted signal profile	bigWig	ATAC-seq	none	activated-CD8-positive,-alpha-beta-T-cell	t-cell	immune	immune-system	none	none	passed
ENCFF601IMM	ENCFF601IMM	ENCSR718HWW	ENCSR522GVK	ChromBPNet	normalized bias-corrected predicted signal profile	bigWig	ATAC-seq	none	activated-CD8-positive,-alpha-beta-T-cell	t-cell	immune	immune-system	none	none	passed
ENCFF269EYI	ENCFF269EYI	ENCSR294YEJ	ENCSR881ZKT	ChromBPNet	normalized bias-corrected predicted signal profile	bigWig	DNase-seq	none	activated-CD8-positive,-alpha-beta-T-cell	t-cell	immune	immune-system	none	none	passed
ENCFF729UCY	ENCFF729UCY	ENCSR776BTO	ENCSR838UZA	ChromBPNet	normalized bias-corrected predicted signal profile	bigWig	DNase-seq	none	activated-CD8-positive,-alpha-beta-T-cell	t-cell	immune	immune-system	none	none	passed
ENCFF684SMK	ENCFF684SMK	ENCSR915MTG	ENCSR740TJF	ChromBPNet	normalized bias-corrected predicted signal profile	bigWig	ATAC-seq	none	activated-CD8-positive,-alpha-beta-memory-T-cell	t-cell	immune	immune-system	none	none	passed
ENCFF267SIY	ENCFF267SIY	ENCSR274XTS	ENCSR839SCD	ChromBPNet	normalized bias-corrected predicted signal profile	bigWig	DNase-seq	none	activated-CD8-positive,-alpha-beta-memory-T-cell	t-cell	immune	immune-system	none	none	passed
ENCFF288WEN	ENCFF288WEN	ENCSR971MMF	ENCSR854AOU	ChromBPNet	normalized bias-corrected predicted signal profile	bigWig	DNase-seq	none	activated-CD8-positive,-alpha-beta-memory-T-cell	t-cell	immune	immune-system	none	none	passed
ENCFF310IGG	ENCFF310IGG	ENCSR950YTI	ENCSR234XNV	ChromBPNet	normalized bias-corrected predicted signal profile	bigWig	DNase-seq	none	activated-CD8-positive,-alpha-beta-memory-T-cell	t-cell	immune	immune-system	none	none	passed
ENCFF366FDH	ENCFF366FDH	ENCSR141RSN	ENCSR645BWU	ChromBPNet	normalized bias-corrected predicted signal profile	bigWig	DNase-seq	none	activated-CD8-positive,-alpha-beta-memory-T-cell	t-cell	immune	immune-system	none	none	passed
ENCFF403QKQ	ENCFF403QKQ	ENCSR860IDO	ENCSR145FGL	ChromBPNet	normalized bias-corrected predicted signal profile	bigWig	DNase-seq	none	activated-CD8-positive,-alpha-beta-memory-T-cell	t-cell	immune	immune-system	none	none	passed
ENCFF426SNH	ENCFF426SNH	ENCSR653ISV	ENCSR001PBZ	ChromBPNet	normalized bias-corrected predicted signal profile	bigWig	DNase-seq	none	activated-CD8-positive,-alpha-beta-memory-T-cell	t-cell	immune	immune-system	none	none	passed
ENCFF438WFO	ENCFF438WFO	ENCSR442SDV	ENCSR696EMG	ChromBPNet	normalized bias-corrected predicted signal profile	bigWig	DNase-seq	none	activated-CD8-positive,-alpha-beta-memory-T-cell	t-cell	immune	immune-system	none	none	passed
ENCFF472KTE	ENCFF472KTE	ENCSR134CIY	ENCSR741OGV	ChromBPNet	normalized bias-corrected predicted signal profile	bigWig	DNase-seq	none	activated-CD8-positive,-alpha-beta-memory-T-cell	t-cell	immune	immune-system	none	none	passed
ENCFF481LNU	ENCFF481LNU	ENCSR951MYM	ENCSR955CKY	ChromBPNet	normalized bias-corrected predicted signal profile	bigWig	DNase-seq	none	activated-CD8-positive,-alpha-beta-memory-T-cell	t-cell	immune	immune-system	none	none	passed
ENCFF551QWS	ENCFF551QWS	ENCSR933VOY	ENCSR821ABU	ChromBPNet	normalized bias-corrected predicted signal profile	bigWig	DNase-seq	none	activated-CD8-positive,-alpha-beta-memory-T-cell	t-cell	immune	immune-system	none	none	passed
ENCFF555EZB	ENCFF555EZB	ENCSR171APM	ENCSR102OSF	ChromBPNet	normalized bias-corrected predicted signal profile	bigWig	DNase-seq	none	activated-CD8-positive,-alpha-beta-memory-T-cell	t-cell	immune	immune-system	none	none	passed
ENCFF800KRI	ENCFF800KRI	ENCSR175OHT	ENCSR282COW	ChromBPNet	normalized bias-corrected predicted signal profile	bigWig	DNase-seq	none	activated-CD8-positive,-alpha-beta-memory-T-cell	t-cell	immune	immune-system	none	none	passed
ENCFF927ACK	ENCFF927ACK	ENCSR534OJE	ENCSR014DCO	ChromBPNet	normalized bias-corrected predicted signal profile	bigWig	DNase-seq	none	activated-CD8-positive,-alpha-beta-memory-T-cell	t-cell	immune	immune-system	none	none	passed
ENCFF054BMO	ENCFF054BMO	ENCSR993XED	ENCSR658XDN	ChromBPNet	normalized bias-corrected predicted signal profile	bigWig	ATAC-seq	none	activated-T-cell	t-cell	immune	immune-system	none	none	passed
ENCFF132YOM	ENCFF132YOM	ENCSR092SRS	ENCSR586AZX	ChromBPNet	normalized bias-corrected predicted signal profile	bigWig	ATAC-seq	none	activated-T-cell	t-cell	immune	immune-system	none	none	passed
ENCFF302HEN	ENCFF302HEN	ENCSR411NFB	ENCSR958JWD	ChromBPNet	normalized bias-corrected predicted signal profile	bigWig	ATAC-seq	none	activated-T-cell	t-cell	immune	immune-system	none	none	passed
ENCFF436BYJ	ENCFF436BYJ	ENCSR830ALP	ENCSR657WDG	ChromBPNet	normalized bias-corrected predicted signal profile	bigWig	ATAC-seq	none	activated-T-cell	t-cell	immune	immune-system	none	none	passed
ENCFF477IOZ	ENCFF477IOZ	ENCSR558ZSN	ENCSR559GAM	ChromBPNet	normalized bias-corrected predicted signal profile	bigWig	ATAC-seq	none	activated-T-cell	t-cell	immune	immune-system	none	none	passed
ENCFF783IMJ	ENCFF783IMJ	ENCSR775KMA	ENCSR281IMH	ChromBPNet	normalized bias-corrected predicted signal profile	bigWig	ATAC-seq	none	activated-T-cell	t-cell	immune	immune-system	none	none	passed
ENCFF109MGW	ENCFF109MGW	ENCSR038POV	ENCSR165ZRY	ChromBPNet	normalized bias-corrected predicted signal profile	bigWig	DNase-seq	none	activated-T-cell	t-cell	immune	immune-system	none	none	passed
ENCFF166YOB	ENCFF166YOB	ENCSR312INU	ENCSR221IMW	ChromBPNet	normalized bias-corrected predicted signal profile	bigWig	DNase-seq	none	activated-T-cell	t-cell	immune	immune-system	none	none	passed
ENCFF229MXE	ENCFF229MXE	ENCSR466SUZ	ENCSR248QWZ	ChromBPNet	normalized bias-corrected predicted signal profile	bigWig	DNase-seq	none	activated-T-cell	t-cell	immune	immune-system	none	none	passed
ENCFF256GSL	ENCFF256GSL	ENCSR219KTW	ENCSR431GRV	ChromBPNet	normalized bias-corrected predicted signal profile	bigWig	DNase-seq	none	activated-T-cell	t-cell	immune	immune-system	none	none	passed
ENCFF447SBW	ENCFF447SBW	ENCSR617NTY	ENCSR122JYD	ChromBPNet	normalized bias-corrected predicted signal profile	bigWig	DNase-seq	none	activated-T-cell	t-cell	immune	immune-system	none	none	passed
ENCFF477XJC	ENCFF477XJC	ENCSR303JDG	ENCSR912VHI	ChromBPNet	normalized bias-corrected predicted signal profile	bigWig	DNase-seq	none	activated-T-cell	t-cell	immune	immune-system	none	none	passed
ENCFF480TMH	ENCFF480TMH	ENCSR810CTB	ENCSR711QEP	ChromBPNet	normalized bias-corrected predicted signal profile	bigWig	DNase-seq	none	activated-T-cell	t-cell	immune	immune-system	none	none	passed
ENCFF497WGA	ENCFF497WGA	ENCSR343MCI	ENCSR385FDN	ChromBPNet	normalized bias-corrected predicted signal profile	bigWig	DNase-seq	none	activated-T-cell	t-cell	immune	immune-system	none	none	passed
ENCFF534KBB	ENCFF534KBB	ENCSR771JQH	ENCSR673OVY	ChromBPNet	normalized bias-corrected predicted signal profile	bigWig	DNase-seq	none	activated-T-cell	t-cell	immune	immune-system	none	none	passed
ENCFF821IUR	ENCFF821IUR	ENCSR273GCF	ENCSR753AZU	ChromBPNet	normalized bias-corrected predicted signal profile	bigWig	DNase-seq	none	activated-T-cell	t-cell	immune	immune-system	none	none	passed
ENCFF822RYG	ENCFF822RYG	ENCSR223KKX	ENCSR024GLL	ChromBPNet	normalized bias-corrected predicted signal profile	bigWig	DNase-seq	none	activated-T-cell	t-cell	immune	immune-system	none	none	passed
ENCFF874OUR	ENCFF874OUR	ENCSR660FSU	ENCSR779VYF	ChromBPNet	normalized bias-corrected predicted signal profile	bigWig	DNase-seq	none	activated-T-cell	t-cell	immune	immune-system	none	none	passed
ENCFF924PKF	ENCFF924PKF	ENCSR416QNA	ENCSR204XYH	ChromBPNet	normalized bias-corrected predicted signal profile	bigWig	DNase-seq	none	activated-T-cell	t-cell	immune	immune-system	none	none	passed
ENCFF781MAY	ENCFF781MAY	ENCSR636DIR	ENCSR025USQ	ChromBPNet	normalized bias-corrected predicted signal profile	bigWig	DNase-seq	none	activated-T-helper-1-cell	t-helper	immune	immune-system	none	none	passed
ENCFF505WUY	ENCFF505WUY	ENCSR115OIV	ENCSR643BHE	ChromBPNet	normalized bias-corrected predicted signal profile	bigWig	ATAC-seq	none	activated-T-helper-17-cell	t-helper	immune	immune-system	none	none	passed
ENCFF060SLE	ENCFF060SLE	ENCSR780ABS	ENCSR165GRK	ChromBPNet	normalized bias-corrected predicted signal profile	bigWig	DNase-seq	none	activated-T-helper-2-cell	t-helper	immune	immune-system	none	none	passed
ENCFF237SAT	ENCFF237SAT	ENCSR373NFA	ENCSR572FSB	ChromBPNet	normalized bias-corrected predicted signal profile	bigWig	ATAC-seq	none	activated-naive-CD4-positive,-alpha-beta-T-cell	t-cell	immune	immune-system	none	none	passed
ENCFF420DXE	ENCFF420DXE	ENCSR174SUM	ENCSR982XXE	ChromBPNet	normalized bias-corrected predicted signal profile	bigWig	ATAC-seq	none	activated-naive-CD4-positive,-alpha-beta-T-cell	t-cell	immune	immune-system	none	none	passed
ENCFF069FDJ	ENCFF069FDJ	ENCSR515PDV	ENCSR836WUG	ChromBPNet	normalized bias-corrected predicted signal profile	bigWig	DNase-seq	none	activated-naive-CD4-positive,-alpha-beta-T-cell	t-cell	immune	immune-system	none	none	passed
ENCFF122OFO	ENCFF122OFO	ENCSR396EWH	ENCSR031MEP	ChromBPNet	normalized bias-corrected predicted signal profile	bigWig	DNase-seq	none	activated-naive-CD4-positive,-alpha-beta-T-cell	t-cell	immune	immune-system	none	none	passed
ENCFF149ZMD	ENCFF149ZMD	ENCSR100OSB	ENCSR549FXP	ChromBPNet	normalized bias-corrected predicted signal profile	bigWig	DNase-seq	none	activated-naive-CD4-positive,-alpha-beta-T-cell	t-cell	immune	immune-system	none	none	passed
ENCFF369CKU	ENCFF369CKU	ENCSR593OUE	ENCSR755EAD	ChromBPNet	normalized bias-corrected predicted signal profile	bigWig	DNase-seq	none	activated-naive-CD4-positive,-alpha-beta-T-cell	t-cell	immune	immune-system	none	none	passed
ENCFF457MZC	ENCFF457MZC	ENCSR478SWA	ENCSR789FJA	ChromBPNet	normalized bias-corrected predicted signal profile	bigWig	DNase-seq	none	activated-naive-CD4-positive,-alpha-beta-T-cell	t-cell	immune	immune-system	none	none	passed
ENCFF784BRA	ENCFF784BRA	ENCSR386BOX	ENCSR976MJM	ChromBPNet	normalized bias-corrected predicted signal profile	bigWig	DNase-seq	none	activated-naive-CD4-positive,-alpha-beta-T-cell	t-cell	immune	immune-system	none	none	passed
ENCFF858GRR	ENCFF858GRR	ENCSR778DWG	ENCSR872HWV	ChromBPNet	normalized bias-corrected predicted signal profile	bigWig	DNase-seq	none	activated-naive-CD4-positive,-alpha-beta-T-cell	t-cell	immune	immune-system	none	none	passed
ENCFF555WCU	ENCFF555WCU	ENCSR983HXF	ENCSR772JLL	ChromBPNet	normalized bias-corrected predicted signal profile	bigWig	ATAC-seq	none	activated-naive-CD8-positive,-alpha-beta-T-cell	t-cell	immune	immune-system	none	none	passed
ENCFF693BYO	ENCFF693BYO	ENCSR477YSU	ENCSR405VMI	ChromBPNet	normalized bias-corrected predicted signal profile	bigWig	ATAC-seq	none	activated-naive-CD8-positive,-alpha-beta-T-cell	t-cell	immune	immune-system	none	none	passed
ENCFF269UXM	ENCFF269UXM	ENCSR009MDC	ENCSR794YME	ChromBPNet	normalized bias-corrected predicted signal profile	bigWig	DNase-seq	none	activated-naive-CD8-positive,-alpha-beta-T-cell	t-cell	immune	immune-system	none	none	passed
ENCFF393SDX	ENCFF393SDX	ENCSR044JIR	ENCSR246MCM	ChromBPNet	normalized bias-corrected predicted signal profile	bigWig	DNase-seq	none	activated-naive-CD8-positive,-alpha-beta-T-cell	t-cell	immune	immune-system	none	none	passed
ENCFF397XUQ	ENCFF397XUQ	ENCSR518YYX	ENCSR900QIE	ChromBPNet	normalized bias-corrected predicted signal profile	bigWig	DNase-seq	none	activated-naive-CD8-positive,-alpha-beta-T-cell	t-cell	immune	immune-system	none	none	passed
ENCFF688ENU	ENCFF688ENU	ENCSR572HUG	ENCSR608HZF	ChromBPNet	normalized bias-corrected predicted signal profile	bigWig	DNase-seq	none	activated-naive-CD8-positive,-alpha-beta-T-cell	t-cell	immune	immune-system	none	none	passed
ENCFF043QEZ	ENCFF043QEZ	ENCSR405TXU	ENCSR264LKG	ChromBPNet	normalized bias-corrected predicted signal profile	bigWig	DNase-seq	none	adipocyte	adipocyte	skin	integumental-system	none	none	passed
ENCFF078BLT	ENCFF078BLT	ENCSR113MBR	ENCSR086JKR	ChromBPNet	normalized bias-corrected predicted signal profile	bigWig	ATAC-seq	none	adrenal-gland	renal	kidney	excretory-system	none	none	passed
ENCFF085YGZ	ENCFF085YGZ	ENCSR553LAZ	ENCSR906OGG	ChromBPNet	normalized bias-corrected predicted signal profile	bigWig	ATAC-seq	none	adrenal-gland	renal	kidney	excretory-system	none	none	passed
ENCFF275HCZ	ENCFF275HCZ	ENCSR414DVK	ENCSR547VLW	ChromBPNet	normalized bias-corrected predicted signal profile	bigWig	ATAC-seq	none	adrenal-gland	renal	kidney	excretory-system	none	none	passed
ENCFF435DUD	ENCFF435DUD	ENCSR864ADD	ENCSR335XYY	ChromBPNet	normalized bias-corrected predicted signal profile	bigWig	ATAC-seq	none	adrenal-gland	renal	kidney	excretory-system	none	none	passed
ENCFF797KVL	ENCFF797KVL	ENCSR542RNG	ENCSR594HLA	ChromBPNet	normalized bias-corrected predicted signal profile	bigWig	ATAC-seq	none	adrenal-gland	renal	kidney	excretory-system	none	none	passed
ENCFF976CWP	ENCFF976CWP	ENCSR651SOJ	ENCSR256SRN	ChromBPNet	normalized bias-corrected predicted signal profile	bigWig	ATAC-seq	none	adrenal-gland	renal	kidney	excretory-system	none	none	passed
ENCFF979SPU	ENCFF979SPU	ENCSR548KIL	ENCSR581CTF	ChromBPNet	normalized bias-corrected predicted signal profile	bigWig	ATAC-seq	none	adrenal-gland	renal	kidney	excretory-system	none	none	passed
ENCFF982LHU	ENCFF982LHU	ENCSR241OBO	ENCSR371OUD	ChromBPNet	normalized bias-corrected predicted signal profile	bigWig	ATAC-seq	none	adrenal-gland	renal	kidney	excretory-system	none	none	passed
ENCFF034QAS	ENCFF034QAS	ENCSR419MZH	ENCSR892BZF	ChromBPNet	normalized bias-corrected predicted signal profile	bigWig	DNase-seq	none	adrenal-gland	renal	kidney	excretory-system	none	none	passed
ENCFF171GIT	ENCFF171GIT	ENCSR259GYP	ENCSR786XHR	ChromBPNet	normalized bias-corrected predicted signal profile	bigWig	DNase-seq	none	adrenal-gland	renal	kidney	excretory-system	none	none	passed
ENCFF190LUV	ENCFF190LUV	ENCSR458AOS	ENCSR682XOG	ChromBPNet	normalized bias-corrected predicted signal profile	bigWig	DNase-seq	none	adrenal-gland	renal	kidney	excretory-system	none	none	passed
ENCFF245LZB	ENCFF245LZB	ENCSR325FWM	ENCSR929GDD	ChromBPNet	normalized bias-corrected predicted signal profile	bigWig	DNase-seq	none	adrenal-gland	renal	kidney	excretory-system	none	none	passed
ENCFF269JSR	ENCFF269JSR	ENCSR696XSJ	ENCSR588WNH	ChromBPNet	normalized bias-corrected predicted signal profile	bigWig	DNase-seq	none	adrenal-gland	renal	kidney	excretory-system	none	none	passed
ENCFF376RIQ	ENCFF376RIQ	ENCSR060BFU	ENCSR430YSE	ChromBPNet	normalized bias-corrected predicted signal profile	bigWig	DNase-seq	none	adrenal-gland	renal	kidney	excretory-system	none	none	passed
ENCFF444BQP	ENCFF444BQP	ENCSR856QJX	ENCSR879UIA	ChromBPNet	normalized bias-corrected predicted signal profile	bigWig	DNase-seq	none	adrenal-gland	renal	kidney	excretory-system	none	none	passed
ENCFF491QXH	ENCFF491QXH	ENCSR053ZKP	ENCSR967OBH	ChromBPNet	normalized bias-corrected predicted signal profile	bigWig	DNase-seq	none	adrenal-gland	renal	kidney	excretory-system	none	none	passed
ENCFF516HRY	ENCFF516HRY	ENCSR080PZL	ENCSR362GHU	ChromBPNet	normalized bias-corrected predicted signal profile	bigWig	DNase-seq	none	adrenal-gland	renal	kidney	excretory-system	none	none	passed
ENCFF541WBH	ENCFF541WBH	ENCSR866RCY	ENCSR648APH	ChromBPNet	normalized bias-corrected predicted signal profile	bigWig	DNase-seq	none	adrenal-gland	renal	kidney	excretory-system	none	none	passed
ENCFF567JEZ	ENCFF567JEZ	ENCSR541JMK	ENCSR210OQR	ChromBPNet	normalized bias-corrected predicted signal profile	bigWig	DNase-seq	none	adrenal-gland	renal	kidney	excretory-system	none	none	passed
ENCFF629KNU	ENCFF629KNU	ENCSR728BAD	ENCSR315ADW	ChromBPNet	normalized bias-corrected predicted signal profile	bigWig	DNase-seq	none	adrenal-gland	renal	kidney	excretory-system	none	none	passed
ENCFF690XTK	ENCFF690XTK	ENCSR962VJO	ENCSR810FNZ	ChromBPNet	normalized bias-corrected predicted signal profile	bigWig	DNase-seq	none	adrenal-gland	renal	kidney	excretory-system	none	none	passed
ENCFF917MUV	ENCFF917MUV	ENCSR277KRY	ENCSR167VCE	ChromBPNet	normalized bias-corrected predicted signal profile	bigWig	DNase-seq	none	adrenal-gland	renal	kidney	excretory-system	none	none	passed
ENCFF670FMZ	ENCFF670FMZ	ENCSR207TUX	ENCSR010APK	ChromBPNet	normalized bias-corrected predicted signal profile	bigWig	DNase-seq	none	amniotic-stem-cell	stem-cell	stem-cell	developmental-system	none	none	passed
ENCFF760BVT	ENCFF760BVT	ENCSR295TFY	ENCSR757IZS	ChromBPNet	normalized bias-corrected predicted signal profile	bigWig	ATAC-seq	none	aorta	aorta	blood-vessel	circulatory-system	none	none	passed
ENCFF550HDV	ENCFF550HDV	ENCSR713KNQ	ENCSR022DFT	ChromBPNet	normalized bias-corrected predicted signal profile	bigWig	DNase-seq	none	aorta	aorta	blood-vessel	circulatory-system	none	none	passed
ENCFF707VEM	ENCFF707VEM	ENCSR595DQM	ENCSR306FXM	ChromBPNet	normalized bias-corrected predicted signal profile	bigWig	DNase-seq	none	aorta	aorta	blood-vessel	circulatory-system	none	none	passed
ENCFF254TPQ	ENCFF254TPQ	ENCSR422IIZ	ENCSR041YVR	ChromBPNet	normalized bias-corrected predicted signal profile	bigWig	DNase-seq	none	ascending-aorta	aorta	blood-vessel	circulatory-system	none	none	passed
ENCFF506MDI	ENCFF506MDI	ENCSR968TPO	ENCSR635FUD	ChromBPNet	normalized bias-corrected predicted signal profile	bigWig	DNase-seq	none	ascending-aorta	aorta	blood-vessel	circulatory-system	none	none	passed
ENCFF109BYK	ENCFF109BYK	ENCSR146KFX	ENCSR997CWD	ChromBPNet	normalized bias-corrected predicted signal profile	bigWig	DNase-seq	none	astrocyte	astrocyte	nerve	central-nervous-system	none	none	passed
ENCFF685DOF	ENCFF685DOF	ENCSR000EPM	ENCSR840BKO	ChromBPNet	normalized bias-corrected predicted signal profile	bigWig	DNase-seq	none	astrocyte	astrocyte	nerve	central-nervous-system	none	none	passed
ENCFF990DJA	ENCFF990DJA	ENCSR000ENC	ENCSR448SEA	ChromBPNet	normalized bias-corrected predicted signal profile	bigWig	DNase-seq	none	astrocyte-of-the-cerebellum	cerebell	brain	central-nervous-system	none	none	passed
ENCFF430AEJ	ENCFF430AEJ	ENCSR000ENA	ENCSR420HYN	ChromBPNet	normalized bias-corrected predicted signal profile	bigWig	DNase-seq	none	astrocyte-of-the-hippocampus	hippocampus	brain	central-nervous-system	none	none	passed
ENCFF531LQJ	ENCFF531LQJ	ENCSR000ENB	ENCSR850BLY	ChromBPNet	normalized bias-corrected predicted signal profile	bigWig	DNase-seq	none	astrocyte-of-the-spinal-cord	spinal	CNS	central-nervous-system	none	none	passed
ENCFF027QHJ	ENCFF027QHJ	ENCSR325NFE	ENCSR983ILK	ChromBPNet	normalized bias-corrected predicted signal profile	bigWig	ATAC-seq	none	bile-duct	bile	gallbladder	digestive-system	none	none	passed
ENCFF161QUJ	ENCFF161QUJ	ENCSR174MLD	ENCSR052YOP	ChromBPNet	normalized bias-corrected predicted signal profile	bigWig	ATAC-seq	none	bile-duct	bile	gallbladder	digestive-system	none	none	passed
ENCFF652RCG	ENCFF652RCG	ENCSR653ZWW	ENCSR545REK	ChromBPNet	normalized bias-corrected predicted signal profile	bigWig	ATAC-seq	none	bile-duct	bile	gallbladder	digestive-system	none	none	passed
ENCFF071YHP	ENCFF071YHP	ENCSR515CDW	ENCSR512UQA	ChromBPNet	normalized bias-corrected predicted signal profile	bigWig	ATAC-seq	none	body-of-pancreas	pancreas	pancreas	digestive-system	none	none	passed
ENCFF384UUO	ENCFF384UUO	ENCSR773USD	ENCSR175MRS	ChromBPNet	normalized bias-corrected predicted signal profile	bigWig	ATAC-seq	none	body-of-pancreas	pancreas	pancreas	digestive-system	none	none	passed
ENCFF620VWA	ENCFF620VWA	ENCSR765MXG	ENCSR044DSU	ChromBPNet	normalized bias-corrected predicted signal profile	bigWig	ATAC-seq	none	body-of-pancreas	pancreas	pancreas	digestive-system	none	none	passed
ENCFF744EKG	ENCFF744EKG	ENCSR152PSA	ENCSR907MIU	ChromBPNet	normalized bias-corrected predicted signal profile	bigWig	ATAC-seq	none	body-of-pancreas	pancreas	pancreas	digestive-system	none	none	passed
ENCFF117BVB	ENCFF117BVB	ENCSR828FVZ	ENCSR168TWU	ChromBPNet	normalized bias-corrected predicted signal profile	bigWig	DNase-seq	none	body-of-pancreas	pancreas	pancreas	digestive-system	none	none	passed
ENCFF272FAG	ENCFF272FAG	ENCSR405YLV	ENCSR186WEO	ChromBPNet	normalized bias-corrected predicted signal profile	bigWig	DNase-seq	none	body-of-pancreas	pancreas	pancreas	digestive-system	none	none	passed
ENCFF585JHE	ENCFF585JHE	ENCSR539WBA	ENCSR355YJZ	ChromBPNet	normalized bias-corrected predicted signal profile	bigWig	DNase-seq	none	body-of-pancreas	pancreas	pancreas	digestive-system	none	none	passed
ENCFF676CDU	ENCFF676CDU	ENCSR464TKV	ENCSR790UKO	ChromBPNet	normalized bias-corrected predicted signal profile	bigWig	DNase-seq	none	body-of-pancreas	pancreas	pancreas	digestive-system	none	none	passed
ENCFF015PLL	ENCFF015PLL	ENCSR026EOM	ENCSR835QBO	ChromBPNet	normalized bias-corrected predicted signal profile	bigWig	DNase-seq	none	brain	brain	brain	central-nervous-system	none	none	passed
ENCFF212LLN	ENCFF212LLN	ENCSR475VQD	ENCSR893WKR	ChromBPNet	normalized bias-corrected predicted signal profile	bigWig	DNase-seq	none	brain	brain	brain	central-nervous-system	none	none	passed
ENCFF233KNA	ENCFF233KNA	ENCSR572LDG	ENCSR403LFF	ChromBPNet	normalized bias-corrected predicted signal profile	bigWig	DNase-seq	none	brain	brain	brain	central-nervous-system	none	none	passed
ENCFF337VTC	ENCFF337VTC	ENCSR118WIQ	ENCSR209CVI	ChromBPNet	normalized bias-corrected predicted signal profile	bigWig	DNase-seq	none	brain	brain	brain	central-nervous-system	none	none	passed
ENCFF498MLM	ENCFF498MLM	ENCSR820XRX	ENCSR242KXL	ChromBPNet	normalized bias-corrected predicted signal profile	bigWig	DNase-seq	none	brain	brain	brain	central-nervous-system	none	none	passed
ENCFF535GYP	ENCFF535GYP	ENCSR420RWU	ENCSR211QSL	ChromBPNet	normalized bias-corrected predicted signal profile	bigWig	DNase-seq	none	brain	brain	brain	central-nervous-system	none	none	passed
ENCFF630LZJ	ENCFF630LZJ	ENCSR187PYY	ENCSR945HCY	ChromBPNet	normalized bias-corrected predicted signal profile	bigWig	DNase-seq	none	brain	brain	brain	central-nervous-system	none	none	passed
ENCFF642JST	ENCFF642JST	ENCSR309FOO	ENCSR233IXC	ChromBPNet	normalized bias-corrected predicted signal profile	bigWig	DNase-seq	none	brain	brain	brain	central-nervous-system	none	none	passed
ENCFF663SOZ	ENCFF663SOZ	ENCSR595CSH	ENCSR113JAA	ChromBPNet	normalized bias-corrected predicted signal profile	bigWig	DNase-seq	none	brain	brain	brain	central-nervous-system	none	none	passed
ENCFF822EOL	ENCFF822EOL	ENCSR330JXM	ENCSR192ORZ	ChromBPNet	normalized bias-corrected predicted signal profile	bigWig	DNase-seq	none	brain	brain	brain	central-nervous-system	none	none	passed
ENCFF830NRA	ENCFF830NRA	ENCSR507GFJ	ENCSR439LTF	ChromBPNet	normalized bias-corrected predicted signal profile	bigWig	DNase-seq	none	brain	brain	brain	central-nervous-system	none	none	passed
ENCFF932LCD	ENCFF932LCD	ENCSR947POC	ENCSR089PXQ	ChromBPNet	normalized bias-corrected predicted signal profile	bigWig	DNase-seq	none	brain	brain	brain	central-nervous-system	none	none	passed
ENCFF969JZF	ENCFF969JZF	ENCSR344FLH	ENCSR993KJR	ChromBPNet	normalized bias-corrected predicted signal profile	bigWig	DNase-seq	none	brain	brain	brain	central-nervous-system	none	none	passed
ENCFF425VKM	ENCFF425VKM	ENCSR000ENE	ENCSR323JJT	ChromBPNet	normalized bias-corrected predicted signal profile	bigWig	DNase-seq	none	brain-microvascular-endothelial-cell	brain	brain	central-nervous-system	none	none	passed
ENCFF565TTR	ENCFF565TTR	ENCSR000ENF	ENCSR630WHT	ChromBPNet	normalized bias-corrected predicted signal profile	bigWig	DNase-seq	none	brain-pericyte	brain	brain	central-nervous-system	none	none	passed
ENCFF065AOE	ENCFF065AOE	ENCSR846ZBX	ENCSR412FNW	ChromBPNet	normalized bias-corrected predicted signal profile	bigWig	ATAC-seq	none	breast-epithelium	breast	breast	integumental-system	none	none	passed
ENCFF388JHC	ENCFF388JHC	ENCSR654UYP	ENCSR930HKW	ChromBPNet	normalized bias-corrected predicted signal profile	bigWig	ATAC-seq	none	breast-epithelium	breast	breast	integumental-system	none	none	passed
ENCFF579IUJ	ENCFF579IUJ	ENCSR955JSO	ENCSR710ZXE	ChromBPNet	normalized bias-corrected predicted signal profile	bigWig	ATAC-seq	none	breast-epithelium	breast	breast	integumental-system	none	none	passed
ENCFF988HZO	ENCFF988HZO	ENCSR859LTL	ENCSR602TUI	ChromBPNet	normalized bias-corrected predicted signal profile	bigWig	DNase-seq	none	breast-epithelium	breast	breast	integumental-system	none	none	passed
ENCFF032FHM	ENCFF032FHM	ENCSR000ENI	ENCSR713VSO	ChromBPNet	normalized bias-corrected predicted signal profile	bigWig	DNase-seq	none	cardiac-fibroblast	fibroblast	fibroblast	integumental-system	none	none	passed
ENCFF877BWP	ENCFF877BWP	ENCSR856NXV	ENCSR933BIZ	ChromBPNet	normalized bias-corrected predicted signal profile	bigWig	DNase-seq	none	cardiac-fibroblast	fibroblast	fibroblast	integumental-system	none	none	passed
ENCFF841RGR	ENCFF841RGR	ENCSR842KCP	ENCSR293JHJ	ChromBPNet	normalized bias-corrected predicted signal profile	bigWig	DNase-seq	none	cardiac-muscle-cell	muscle	muscle	musculature	none	none	passed
ENCFF538AFX	ENCFF538AFX	ENCSR167SYF	ENCSR130CJC	ChromBPNet	normalized bias-corrected predicted signal profile	bigWig	ATAC-seq	none	cardiac-septum	cardiac	heart	circulatory-system	none	none	passed
ENCFF590VHV	ENCFF590VHV	ENCSR524QBS	ENCSR336YZW	ChromBPNet	normalized bias-corrected predicted signal profile	bigWig	DNase-seq	none	cardiac-septum	cardiac	heart	circulatory-system	none	none	passed
ENCFF665ZMK	ENCFF665ZMK	ENCSR015BGH	ENCSR535UXH	ChromBPNet	normalized bias-corrected predicted signal profile	bigWig	DNase-seq	none	caudate-nucleus	caudate	brain	central-nervous-system	none	none	passed
ENCFF064ICP	ENCFF064ICP	ENCSR165FYY	ENCSR017RWH	ChromBPNet	normalized bias-corrected predicted signal profile	bigWig	ATAC-seq	none	central-memory-CD8-positive,-alpha-beta-T-cell	t-cell	immune	immune-system	none	none	passed
ENCFF626QMW	ENCFF626QMW	ENCSR503HIB	ENCSR392HTQ	ChromBPNet	normalized bias-corrected predicted signal profile	bigWig	DNase-seq	none	cerebellar-cortex	cerebell	brain	central-nervous-system	none	none	passed
ENCFF123NIZ	ENCFF123NIZ	ENCSR802GEV	ENCSR660JXI	ChromBPNet	normalized bias-corrected predicted signal profile	bigWig	ATAC-seq	none	cerebellum	cerebell	brain	central-nervous-system	none	none	passed
ENCFF314PMV	ENCFF314PMV	ENCSR970UNF	ENCSR425JQH	ChromBPNet	normalized bias-corrected predicted signal profile	bigWig	ATAC-seq	none	colonic-mucosa	colon	large-intestine	digestive-system	none	none	passed
ENCFF473ZIV	ENCFF473ZIV	ENCSR994KTY	ENCSR049DXG	ChromBPNet	normalized bias-corrected predicted signal profile	bigWig	DNase-seq	none	colonic-mucosa	colon	large-intestine	digestive-system	none	none	passed
ENCFF933PWA	ENCFF933PWA	ENCSR576UAF	ENCSR235RGV	ChromBPNet	normalized bias-corrected predicted signal profile	bigWig	DNase-seq	none	colonic-mucosa	colon	large-intestine	digestive-system	none	none	passed
ENCFF107PRC	ENCFF107PRC	ENCSR735BIM	ENCSR880XSD	ChromBPNet	normalized bias-corrected predicted signal profile	bigWig	DNase-seq	none	common-myeloid-progenitor,-CD34-positive	cd	immune	immune-system	none	none	passed
ENCFF377KZG	ENCFF377KZG	ENCSR453EVC	ENCSR331SRC	ChromBPNet	normalized bias-corrected predicted signal profile	bigWig	DNase-seq	none	common-myeloid-progenitor,-CD34-positive	cd	immune	immune-system	none	none	passed
ENCFF379KKE	ENCFF379KKE	ENCSR271QSV	ENCSR728PKQ	ChromBPNet	normalized bias-corrected predicted signal profile	bigWig	DNase-seq	none	common-myeloid-progenitor,-CD34-positive	cd	immune	immune-system	none	none	passed
ENCFF382LSL	ENCFF382LSL	ENCSR320TUJ	ENCSR844LSP	ChromBPNet	normalized bias-corrected predicted signal profile	bigWig	DNase-seq	none	common-myeloid-progenitor,-CD34-positive	cd	immune	immune-system	none	none	passed
ENCFF579TBY	ENCFF579TBY	ENCSR772HUG	ENCSR941WQE	ChromBPNet	normalized bias-corrected predicted signal profile	bigWig	DNase-seq	none	common-myeloid-progenitor,-CD34-positive	cd	immune	immune-system	none	none	passed
ENCFF677INZ	ENCFF677INZ	ENCSR191EII	ENCSR120EUO	ChromBPNet	normalized bias-corrected predicted signal profile	bigWig	DNase-seq	none	common-myeloid-progenitor,-CD34-positive	cd	immune	immune-system	none	none	passed
ENCFF683AIX	ENCFF683AIX	ENCSR122VUW	ENCSR785ONZ	ChromBPNet	normalized bias-corrected predicted signal profile	bigWig	DNase-seq	none	common-myeloid-progenitor,-CD34-positive	cd	immune	immune-system	none	none	passed
ENCFF730ILD	ENCFF730ILD	ENCSR639ZJI	ENCSR259LWN	ChromBPNet	normalized bias-corrected predicted signal profile	bigWig	DNase-seq	none	common-myeloid-progenitor,-CD34-positive	cd	immune	immune-system	none	none	passed
ENCFF753VCM	ENCFF753VCM	ENCSR495INQ	ENCSR343SBB	ChromBPNet	normalized bias-corrected predicted signal profile	bigWig	DNase-seq	none	common-myeloid-progenitor,-CD34-positive	cd	immune	immune-system	none	none	passed
ENCFF850HYV	ENCFF850HYV	ENCSR564TUY	ENCSR600JMG	ChromBPNet	normalized bias-corrected predicted signal profile	bigWig	DNase-seq	none	common-myeloid-progenitor,-CD34-positive	cd	immune	immune-system	none	none	passed
ENCFF914HNO	ENCFF914HNO	ENCSR281HBB	ENCSR324XWQ	ChromBPNet	normalized bias-corrected predicted signal profile	bigWig	DNase-seq	none	common-myeloid-progenitor,-CD34-positive	cd	immune	immune-system	none	none	passed
ENCFF702FMK	ENCFF702FMK	ENCSR584AXZ	ENCSR267ORB	ChromBPNet	normalized bias-corrected predicted signal profile	bigWig	ATAC-seq	none	coronary-artery	artery	blood-vessel	circulatory-system	none	none	passed
ENCFF231RQZ	ENCFF231RQZ	ENCSR820WLP	ENCSR001WKX	ChromBPNet	normalized bias-corrected predicted signal profile	bigWig	DNase-seq	none	dedifferentiated-amniotic-fluid-mesenchymal-stem-cell	stem-cell	stem-cell	developmental-system	none	none	passed
ENCFF009BIK	ENCFF009BIK	ENCSR628SXX	ENCSR375CWA	ChromBPNet	normalized bias-corrected predicted signal profile	bigWig	ATAC-seq	none	dendritic-cell	dendritic	immune	immune-system	none	none	passed
ENCFF040FXS	ENCFF040FXS	ENCSR370QWN	ENCSR602OYM	ChromBPNet	normalized bias-corrected predicted signal profile	bigWig	ATAC-seq	none	dendritic-cell	dendritic	immune	immune-system	none	none	passed
ENCFF141MIJ	ENCFF141MIJ	ENCSR940QJU	ENCSR966GIS	ChromBPNet	normalized bias-corrected predicted signal profile	bigWig	ATAC-seq	none	dendritic-cell	dendritic	immune	immune-system	none	none	passed
ENCFF227XVA	ENCFF227XVA	ENCSR901IEQ	ENCSR955LBO	ChromBPNet	normalized bias-corrected predicted signal profile	bigWig	ATAC-seq	none	dendritic-cell	dendritic	immune	immune-system	none	none	passed
ENCFF249VMZ	ENCFF249VMZ	ENCSR131CHJ	ENCSR720OXB	ChromBPNet	normalized bias-corrected predicted signal profile	bigWig	ATAC-seq	none	dendritic-cell	dendritic	immune	immune-system	none	none	passed
ENCFF258VMM	ENCFF258VMM	ENCSR329XFZ	ENCSR005GZQ	ChromBPNet	normalized bias-corrected predicted signal profile	bigWig	ATAC-seq	none	dendritic-cell	dendritic	immune	immune-system	none	none	passed
ENCFF490GMT	ENCFF490GMT	ENCSR904UKR	ENCSR337TNB	ChromBPNet	normalized bias-corrected predicted signal profile	bigWig	ATAC-seq	none	dendritic-cell	dendritic	immune	immune-system	none	none	passed
ENCFF495GHJ	ENCFF495GHJ	ENCSR566LZT	ENCSR818WFA	ChromBPNet	normalized bias-corrected predicted signal profile	bigWig	ATAC-seq	none	dendritic-cell	dendritic	immune	immune-system	none	none	passed
ENCFF533AJA	ENCFF533AJA	ENCSR204FCV	ENCSR211DNX	ChromBPNet	normalized bias-corrected predicted signal profile	bigWig	ATAC-seq	none	dendritic-cell	dendritic	immune	immune-system	none	none	passed
ENCFF554LFZ	ENCFF554LFZ	ENCSR222SCA	ENCSR026FFL	ChromBPNet	normalized bias-corrected predicted signal profile	bigWig	ATAC-seq	none	dendritic-cell	dendritic	immune	immune-system	none	none	passed
ENCFF557LBP	ENCFF557LBP	ENCSR459AYS	ENCSR494NGO	ChromBPNet	normalized bias-corrected predicted signal profile	bigWig	ATAC-seq	none	dendritic-cell	dendritic	immune	immune-system	none	none	passed
ENCFF582FYX	ENCFF582FYX	ENCSR926TFY	ENCSR657PZC	ChromBPNet	normalized bias-corrected predicted signal profile	bigWig	ATAC-seq	none	dendritic-cell	dendritic	immune	immune-system	none	none	passed
ENCFF597ZYJ	ENCFF597ZYJ	ENCSR156FDX	ENCSR775URO	ChromBPNet	normalized bias-corrected predicted signal profile	bigWig	ATAC-seq	none	dendritic-cell	dendritic	immune	immune-system	none	none	passed
ENCFF598RGO	ENCFF598RGO	ENCSR589ROM	ENCSR146GBX	ChromBPNet	normalized bias-corrected predicted signal profile	bigWig	ATAC-seq	none	dendritic-cell	dendritic	immune	immune-system	none	none	passed
ENCFF657TRC	ENCFF657TRC	ENCSR544YXV	ENCSR447FVJ	ChromBPNet	normalized bias-corrected predicted signal profile	bigWig	ATAC-seq	none	dendritic-cell	dendritic	immune	immune-system	none	none	passed
ENCFF673RUR	ENCFF673RUR	ENCSR926GDT	ENCSR861JCR	ChromBPNet	normalized bias-corrected predicted signal profile	bigWig	ATAC-seq	none	dendritic-cell	dendritic	immune	immune-system	none	none	passed
ENCFF802HWZ	ENCFF802HWZ	ENCSR059IHA	ENCSR383KJB	ChromBPNet	normalized bias-corrected predicted signal profile	bigWig	ATAC-seq	none	dendritic-cell	dendritic	immune	immune-system	none	none	passed
ENCFF863RUG	ENCFF863RUG	ENCSR208NBF	ENCSR842VHJ	ChromBPNet	normalized bias-corrected predicted signal profile	bigWig	ATAC-seq	none	dendritic-cell	dendritic	immune	immune-system	none	none	passed
ENCFF884JEZ	ENCFF884JEZ	ENCSR605EGR	ENCSR271FFV	ChromBPNet	normalized bias-corrected predicted signal profile	bigWig	ATAC-seq	none	dendritic-cell	dendritic	immune	immune-system	none	none	passed
ENCFF910PLB	ENCFF910PLB	ENCSR648JJT	ENCSR261RRH	ChromBPNet	normalized bias-corrected predicted signal profile	bigWig	ATAC-seq	none	dendritic-cell	dendritic	immune	immune-system	none	none	passed
ENCFF918UQZ	ENCFF918UQZ	ENCSR535NOD	ENCSR744ZJP	ChromBPNet	normalized bias-corrected predicted signal profile	bigWig	ATAC-seq	none	dendritic-cell	dendritic	immune	immune-system	none	none	passed
ENCFF951LLD	ENCFF951LLD	ENCSR237VSF	ENCSR201RNX	ChromBPNet	normalized bias-corrected predicted signal profile	bigWig	ATAC-seq	none	dendritic-cell	dendritic	immune	immune-system	none	none	passed
ENCFF962NOI	ENCFF962NOI	ENCSR679NRJ	ENCSR835SKI	ChromBPNet	normalized bias-corrected predicted signal profile	bigWig	ATAC-seq	none	dendritic-cell	dendritic	immune	immune-system	none	none	passed
ENCFF976VIL	ENCFF976VIL	ENCSR290AUK	ENCSR930QQL	ChromBPNet	normalized bias-corrected predicted signal profile	bigWig	ATAC-seq	none	dendritic-cell	dendritic	immune	immune-system	none	none	passed
ENCFF670OZB	ENCFF670OZB	ENCSR000ENY	ENCSR884VBU	ChromBPNet	normalized bias-corrected predicted signal profile	bigWig	DNase-seq	none	dermis-blood-vessel-endothelial-cell	blood	blood	circulatory-system	none	none	passed
ENCFF856DEJ	ENCFF856DEJ	ENCSR000ENZ	ENCSR221QDT	ChromBPNet	normalized bias-corrected predicted signal profile	bigWig	DNase-seq	none	dermis-blood-vessel-endothelial-cell	blood	blood	circulatory-system	none	none	passed
ENCFF967WOR	ENCFF967WOR	ENCSR000ENX	ENCSR911KKG	ChromBPNet	normalized bias-corrected predicted signal profile	bigWig	DNase-seq	none	dermis-blood-vessel-endothelial-cell	blood	blood	circulatory-system	none	none	passed
ENCFF821GKB	ENCFF821GKB	ENCSR000EOA	ENCSR778UOK	ChromBPNet	normalized bias-corrected predicted signal profile	bigWig	DNase-seq	none	dermis-microvascular-lymphatic-vessel-endothelial-cell	lymph	lymph	immune-system	none	none	passed
ENCFF924AHP	ENCFF924AHP	ENCSR000EOB	ENCSR980UZA	ChromBPNet	normalized bias-corrected predicted signal profile	bigWig	DNase-seq	none	dermis-microvascular-lymphatic-vessel-endothelial-cell	lymph	lymph	immune-system	none	none	passed
ENCFF016VDT	ENCFF016VDT	ENCSR785MXI	ENCSR476OZB	ChromBPNet	normalized bias-corrected predicted signal profile	bigWig	DNase-seq	none	dorsolateral-prefrontal-cortex	prefrontal	brain	central-nervous-system	none	none	passed
ENCFF022XVI	ENCFF022XVI	ENCSR209ECO	ENCSR537KZP	ChromBPNet	normalized bias-corrected predicted signal profile	bigWig	DNase-seq	none	dorsolateral-prefrontal-cortex	prefrontal	brain	central-nervous-system	none	none	passed
ENCFF026BIF	ENCFF026BIF	ENCSR426KLJ	ENCSR968WVY	ChromBPNet	normalized bias-corrected predicted signal profile	bigWig	DNase-seq	none	dorsolateral-prefrontal-cortex	prefrontal	brain	central-nervous-system	none	none	passed
ENCFF069ITC	ENCFF069ITC	ENCSR014GTH	ENCSR794JFO	ChromBPNet	normalized bias-corrected predicted signal profile	bigWig	DNase-seq	none	dorsolateral-prefrontal-cortex	prefrontal	brain	central-nervous-system	none	none	passed
ENCFF070VJY	ENCFF070VJY	ENCSR006MAW	ENCSR653LBE	ChromBPNet	normalized bias-corrected predicted signal profile	bigWig	DNase-seq	none	dorsolateral-prefrontal-cortex	prefrontal	brain	central-nervous-system	none	none	passed
ENCFF078SRL	ENCFF078SRL	ENCSR351FWN	ENCSR316BOA	ChromBPNet	normalized bias-corrected predicted signal profile	bigWig	DNase-seq	none	dorsolateral-prefrontal-cortex	prefrontal	brain	central-nervous-system	none	none	passed
ENCFF078WVK	ENCFF078WVK	ENCSR059NIN	ENCSR686YEI	ChromBPNet	normalized bias-corrected predicted signal profile	bigWig	DNase-seq	none	dorsolateral-prefrontal-cortex	prefrontal	brain	central-nervous-system	none	none	passed
ENCFF119NMZ	ENCFF119NMZ	ENCSR221ROM	ENCSR954WIR	ChromBPNet	normalized bias-corrected predicted signal profile	bigWig	DNase-seq	none	dorsolateral-prefrontal-cortex	prefrontal	brain	central-nervous-system	none	none	passed
ENCFF123QSC	ENCFF123QSC	ENCSR173YSO	ENCSR142NSU	ChromBPNet	normalized bias-corrected predicted signal profile	bigWig	DNase-seq	none	dorsolateral-prefrontal-cortex	prefrontal	brain	central-nervous-system	none	none	passed
ENCFF152ECC	ENCFF152ECC	ENCSR498RLX	ENCSR261LIM	ChromBPNet	normalized bias-corrected predicted signal profile	bigWig	DNase-seq	none	dorsolateral-prefrontal-cortex	prefrontal	brain	central-nervous-system	none	none	passed
ENCFF181QZM	ENCFF181QZM	ENCSR819GAF	ENCSR421KYK	ChromBPNet	normalized bias-corrected predicted signal profile	bigWig	DNase-seq	none	dorsolateral-prefrontal-cortex	prefrontal	brain	central-nervous-system	none	none	passed
ENCFF207AHA	ENCFF207AHA	ENCSR428ZCP	ENCSR835NKB	ChromBPNet	normalized bias-corrected predicted signal profile	bigWig	DNase-seq	none	dorsolateral-prefrontal-cortex	prefrontal	brain	central-nervous-system	none	none	passed
ENCFF216ETM	ENCFF216ETM	ENCSR570BWW	ENCSR317UTQ	ChromBPNet	normalized bias-corrected predicted signal profile	bigWig	DNase-seq	none	dorsolateral-prefrontal-cortex	prefrontal	brain	central-nervous-system	none	none	passed
ENCFF217DRZ	ENCFF217DRZ	ENCSR645HET	ENCSR131DAY	ChromBPNet	normalized bias-corrected predicted signal profile	bigWig	DNase-seq	none	dorsolateral-prefrontal-cortex	prefrontal	brain	central-nervous-system	none	none	passed
ENCFF262LJG	ENCFF262LJG	ENCSR215DXT	ENCSR541ABF	ChromBPNet	normalized bias-corrected predicted signal profile	bigWig	DNase-seq	none	dorsolateral-prefrontal-cortex	prefrontal	brain	central-nervous-system	none	none	passed
ENCFF271DVG	ENCFF271DVG	ENCSR800KVI	ENCSR152IAX	ChromBPNet	normalized bias-corrected predicted signal profile	bigWig	DNase-seq	none	dorsolateral-prefrontal-cortex	prefrontal	brain	central-nervous-system	none	none	passed
ENCFF348UDW	ENCFF348UDW	ENCSR928PKL	ENCSR180LWS	ChromBPNet	normalized bias-corrected predicted signal profile	bigWig	DNase-seq	none	dorsolateral-prefrontal-cortex	prefrontal	brain	central-nervous-system	none	none	passed
ENCFF359IGR	ENCFF359IGR	ENCSR811OUF	ENCSR682NOF	ChromBPNet	normalized bias-corrected predicted signal profile	bigWig	DNase-seq	none	dorsolateral-prefrontal-cortex	prefrontal	brain	central-nervous-system	none	none	passed
ENCFF370VTB	ENCFF370VTB	ENCSR686LOE	ENCSR654MGS	ChromBPNet	normalized bias-corrected predicted signal profile	bigWig	DNase-seq	none	dorsolateral-prefrontal-cortex	prefrontal	brain	central-nervous-system	none	none	passed
ENCFF388CXS	ENCFF388CXS	ENCSR386XPD	ENCSR694SDG	ChromBPNet	normalized bias-corrected predicted signal profile	bigWig	DNase-seq	none	dorsolateral-prefrontal-cortex	prefrontal	brain	central-nervous-system	none	none	passed
ENCFF389XQY	ENCFF389XQY	ENCSR329FAP	ENCSR946QXD	ChromBPNet	normalized bias-corrected predicted signal profile	bigWig	DNase-seq	none	dorsolateral-prefrontal-cortex	prefrontal	brain	central-nervous-system	none	none	passed
ENCFF408BWJ	ENCFF408BWJ	ENCSR805RJA	ENCSR022HSN	ChromBPNet	normalized bias-corrected predicted signal profile	bigWig	DNase-seq	none	dorsolateral-prefrontal-cortex	prefrontal	brain	central-nervous-system	none	none	passed
ENCFF416OIU	ENCFF416OIU	ENCSR800MBE	ENCSR286DZK	ChromBPNet	normalized bias-corrected predicted signal profile	bigWig	DNase-seq	none	dorsolateral-prefrontal-cortex	prefrontal	brain	central-nervous-system	none	none	passed
ENCFF420BCV	ENCFF420BCV	ENCSR921PPJ	ENCSR828GVT	ChromBPNet	normalized bias-corrected predicted signal profile	bigWig	DNase-seq	none	dorsolateral-prefrontal-cortex	prefrontal	brain	central-nervous-system	none	none	passed
ENCFF450IHY	ENCFF450IHY	ENCSR001QTZ	ENCSR673LHA	ChromBPNet	normalized bias-corrected predicted signal profile	bigWig	DNase-seq	none	dorsolateral-prefrontal-cortex	prefrontal	brain	central-nervous-system	none	none	passed
ENCFF455ZST	ENCFF455ZST	ENCSR022UVL	ENCSR405IYL	ChromBPNet	normalized bias-corrected predicted signal profile	bigWig	DNase-seq	none	dorsolateral-prefrontal-cortex	prefrontal	brain	central-nervous-system	none	none	passed
ENCFF469YQJ	ENCFF469YQJ	ENCSR401UZL	ENCSR187CII	ChromBPNet	normalized bias-corrected predicted signal profile	bigWig	DNase-seq	none	dorsolateral-prefrontal-cortex	prefrontal	brain	central-nervous-system	none	none	passed
ENCFF484FNU	ENCFF484FNU	ENCSR124IMM	ENCSR413YAP	ChromBPNet	normalized bias-corrected predicted signal profile	bigWig	DNase-seq	none	dorsolateral-prefrontal-cortex	prefrontal	brain	central-nervous-system	none	none	passed
ENCFF486QHZ	ENCFF486QHZ	ENCSR340XQX	ENCSR073RCM	ChromBPNet	normalized bias-corrected predicted signal profile	bigWig	DNase-seq	none	dorsolateral-prefrontal-cortex	prefrontal	brain	central-nervous-system	none	none	passed
ENCFF506OLO	ENCFF506OLO	ENCSR210ESN	ENCSR626SYC	ChromBPNet	normalized bias-corrected predicted signal profile	bigWig	DNase-seq	none	dorsolateral-prefrontal-cortex	prefrontal	brain	central-nervous-system	none	none	passed
ENCFF515UPZ	ENCFF515UPZ	ENCSR571CJM	ENCSR262FCJ	ChromBPNet	normalized bias-corrected predicted signal profile	bigWig	DNase-seq	none	dorsolateral-prefrontal-cortex	prefrontal	brain	central-nervous-system	none	none	passed
ENCFF530TDU	ENCFF530TDU	ENCSR518WRP	ENCSR243NFZ	ChromBPNet	normalized bias-corrected predicted signal profile	bigWig	DNase-seq	none	dorsolateral-prefrontal-cortex	prefrontal	brain	central-nervous-system	none	none	passed
ENCFF574BSE	ENCFF574BSE	ENCSR670BGI	ENCSR731MTZ	ChromBPNet	normalized bias-corrected predicted signal profile	bigWig	DNase-seq	none	dorsolateral-prefrontal-cortex	prefrontal	brain	central-nervous-system	none	none	passed
ENCFF588UTS	ENCFF588UTS	ENCSR749WVO	ENCSR780JVF	ChromBPNet	normalized bias-corrected predicted signal profile	bigWig	DNase-seq	none	dorsolateral-prefrontal-cortex	prefrontal	brain	central-nervous-system	none	none	passed
ENCFF632JUO	ENCFF632JUO	ENCSR490UQP	ENCSR154JQI	ChromBPNet	normalized bias-corrected predicted signal profile	bigWig	DNase-seq	none	dorsolateral-prefrontal-cortex	prefrontal	brain	central-nervous-system	none	none	passed
ENCFF692PHB	ENCFF692PHB	ENCSR617SVO	ENCSR867GZJ	ChromBPNet	normalized bias-corrected predicted signal profile	bigWig	DNase-seq	none	dorsolateral-prefrontal-cortex	prefrontal	brain	central-nervous-system	none	none	passed
ENCFF694XCJ	ENCFF694XCJ	ENCSR904LMG	ENCSR095YZQ	ChromBPNet	normalized bias-corrected predicted signal profile	bigWig	DNase-seq	none	dorsolateral-prefrontal-cortex	prefrontal	brain	central-nervous-system	none	none	passed
ENCFF695UJT	ENCFF695UJT	ENCSR060MJY	ENCSR377KWB	ChromBPNet	normalized bias-corrected predicted signal profile	bigWig	DNase-seq	none	dorsolateral-prefrontal-cortex	prefrontal	brain	central-nervous-system	none	none	passed
ENCFF700ULM	ENCFF700ULM	ENCSR796YOJ	ENCSR692SGA	ChromBPNet	normalized bias-corrected predicted signal profile	bigWig	DNase-seq	none	dorsolateral-prefrontal-cortex	prefrontal	brain	central-nervous-system	none	none	passed
ENCFF709ZJP	ENCFF709ZJP	ENCSR606QDB	ENCSR834WHJ	ChromBPNet	normalized bias-corrected predicted signal profile	bigWig	DNase-seq	none	dorsolateral-prefrontal-cortex	prefrontal	brain	central-nervous-system	none	none	passed
ENCFF736SDX	ENCFF736SDX	ENCSR832XVZ	ENCSR514NIZ	ChromBPNet	normalized bias-corrected predicted signal profile	bigWig	DNase-seq	none	dorsolateral-prefrontal-cortex	prefrontal	brain	central-nervous-system	none	none	passed
ENCFF759ONV	ENCFF759ONV	ENCSR532DBH	ENCSR997KIT	ChromBPNet	normalized bias-corrected predicted signal profile	bigWig	DNase-seq	none	dorsolateral-prefrontal-cortex	prefrontal	brain	central-nervous-system	none	none	passed
ENCFF785NBQ	ENCFF785NBQ	ENCSR880CUB	ENCSR425DRZ	ChromBPNet	normalized bias-corrected predicted signal profile	bigWig	DNase-seq	none	dorsolateral-prefrontal-cortex	prefrontal	brain	central-nervous-system	none	none	passed
ENCFF788IEZ	ENCFF788IEZ	ENCSR865CYW	ENCSR708JEN	ChromBPNet	normalized bias-corrected predicted signal profile	bigWig	DNase-seq	none	dorsolateral-prefrontal-cortex	prefrontal	brain	central-nervous-system	none	none	passed
ENCFF860YHP	ENCFF860YHP	ENCSR306LNA	ENCSR950QGN	ChromBPNet	normalized bias-corrected predicted signal profile	bigWig	DNase-seq	none	dorsolateral-prefrontal-cortex	prefrontal	brain	central-nervous-system	none	none	passed
ENCFF865CFW	ENCFF865CFW	ENCSR879XUH	ENCSR355GMV	ChromBPNet	normalized bias-corrected predicted signal profile	bigWig	DNase-seq	none	dorsolateral-prefrontal-cortex	prefrontal	brain	central-nervous-system	none	none	passed
ENCFF884RDS	ENCFF884RDS	ENCSR849WGE	ENCSR355TZK	ChromBPNet	normalized bias-corrected predicted signal profile	bigWig	DNase-seq	none	dorsolateral-prefrontal-cortex	prefrontal	brain	central-nervous-system	none	none	passed
ENCFF908XJK	ENCFF908XJK	ENCSR839RAJ	ENCSR309NTI	ChromBPNet	normalized bias-corrected predicted signal profile	bigWig	DNase-seq	none	dorsolateral-prefrontal-cortex	prefrontal	brain	central-nervous-system	none	none	passed
ENCFF918TFQ	ENCFF918TFQ	ENCSR661AMM	ENCSR430WUE	ChromBPNet	normalized bias-corrected predicted signal profile	bigWig	DNase-seq	none	dorsolateral-prefrontal-cortex	prefrontal	brain	central-nervous-system	none	none	passed
ENCFF241ESY	ENCFF241ESY	ENCSR360XIS	ENCSR384XMQ	ChromBPNet	normalized bias-corrected predicted signal profile	bigWig	DNase-seq	none	ecto-neural-progenitor-cell	neural	nerve	central-nervous-system	none	none	passed
ENCFF364STC	ENCFF364STC	ENCSR607EJV	ENCSR985UCJ	ChromBPNet	normalized bias-corrected predicted signal profile	bigWig	DNase-seq	none	effector-memory-CD4-positive,-alpha-beta-T-cell	t-cell	immune	immune-system	none	none	passed
ENCFF734YGL	ENCFF734YGL	ENCSR582QEW	ENCSR560YXB	ChromBPNet	normalized bias-corrected predicted signal profile	bigWig	DNase-seq	none	effector-memory-CD4-positive,-alpha-beta-T-cell	t-cell	immune	immune-system	none	none	passed
ENCFF804GGB	ENCFF804GGB	ENCSR724INK	ENCSR869TPR	ChromBPNet	normalized bias-corrected predicted signal profile	bigWig	DNase-seq	none	effector-memory-CD4-positive,-alpha-beta-T-cell	t-cell	immune	immune-system	none	none	passed
ENCFF202TNR	ENCFF202TNR	ENCSR392YGP	ENCSR338IET	ChromBPNet	normalized bias-corrected predicted signal profile	bigWig	ATAC-seq	none	effector-memory-CD8-positive,-alpha-beta-T-cell	t-cell	immune	immune-system	none	none	passed
ENCFF354THT	ENCFF354THT	ENCSR019XCN	ENCSR564YQY	ChromBPNet	normalized bias-corrected predicted signal profile	bigWig	ATAC-seq	none	effector-memory-CD8-positive,-alpha-beta-T-cell	t-cell	immune	immune-system	none	none	passed
ENCFF496XMA	ENCFF496XMA	ENCSR435NHO	ENCSR665XRD	ChromBPNet	normalized bias-corrected predicted signal profile	bigWig	DNase-seq	none	embryonic-facial-prominence	embryonic	stem-cell	developmental-system	none	none	passed
ENCFF054ROH	ENCFF054ROH	ENCSR940CXU	ENCSR025YKH	ChromBPNet	normalized bias-corrected predicted signal profile	bigWig	DNase-seq	none	endodermal-cell	endoderm	endodermal	developmental-system	none	none	passed
ENCFF203FUA	ENCFF203FUA	ENCSR166KPV	ENCSR878LZM	ChromBPNet	normalized bias-corrected predicted signal profile	bigWig	DNase-seq	none	endodermal-cell	endoderm	endodermal	developmental-system	none	none	passed
ENCFF971WOB	ENCFF971WOB	ENCSR541IET	ENCSR042WJQ	ChromBPNet	normalized bias-corrected predicted signal profile	bigWig	DNase-seq	none	endothelial-cell	endothelial	blood-vessel	circulatory-system	none	none	passed
ENCFF571OTO	ENCFF571OTO	ENCSR000EOQ	ENCSR646VRX	ChromBPNet	normalized bias-corrected predicted signal profile	bigWig	DNase-seq	none	endothelial-cell-of-umbilical-vein	endothelial	blood-vessel	circulatory-system	none	none	passed
ENCFF280FKY	ENCFF280FKY	ENCSR000EPU	ENCSR308JFW	ChromBPNet	normalized bias-corrected predicted signal profile	bigWig	DNase-seq	none	epithelial-cell-of-prostate	epithelial	epithelial	integumental-system	none	none	passed
ENCFF320ASL	ENCFF320ASL	ENCSR303PWB	ENCSR014REV	ChromBPNet	normalized bias-corrected predicted signal profile	bigWig	ATAC-seq	none	esophagus-mucosa	esophag	stomach	digestive-system	none	none	passed
ENCFF639WJI	ENCFF639WJI	ENCSR609GST	ENCSR819FQP	ChromBPNet	normalized bias-corrected predicted signal profile	bigWig	ATAC-seq	none	esophagus-muscularis-mucosa	esophag	stomach	digestive-system	none	none	passed
ENCFF264NLQ	ENCFF264NLQ	ENCSR096BPX	ENCSR008JSY	ChromBPNet	normalized bias-corrected predicted signal profile	bigWig	ATAC-seq	none	esophagus-squamous-epithelium	esophag	stomach	digestive-system	none	none	passed
ENCFF068KUE	ENCFF068KUE	ENCSR127PWK	ENCSR471AVR	ChromBPNet	normalized bias-corrected predicted signal profile	bigWig	DNase-seq	none	eye	eye	eye	sensory-system	none	none	passed
ENCFF263OTS	ENCFF263OTS	ENCSR565DSD	ENCSR370PQR	ChromBPNet	normalized bias-corrected predicted signal profile	bigWig	ATAC-seq	none	fallopian-tube	fallopian	ovary	reproductive-system	none	none	passed
ENCFF376QVK	ENCFF376QVK	ENCSR212LAZ	ENCSR870FAP	ChromBPNet	normalized bias-corrected predicted signal profile	bigWig	ATAC-seq	none	fallopian-tube	fallopian	ovary	reproductive-system	none	none	passed
ENCFF700DBV	ENCFF700DBV	ENCSR238VHV	ENCSR520YSU	ChromBPNet	normalized bias-corrected predicted signal profile	bigWig	ATAC-seq	none	fallopian-tube	fallopian	ovary	reproductive-system	none	none	passed
ENCFF218JGN	ENCFF218JGN	ENCSR805XIF	ENCSR685CQX	ChromBPNet	normalized bias-corrected predicted signal profile	bigWig	DNase-seq	none	femur	femur	bone	skeletal-system	none	none	passed
ENCFF283TZB	ENCFF283TZB	ENCSR000ENS	ENCSR539QSE	ChromBPNet	normalized bias-corrected predicted signal profile	bigWig	DNase-seq	none	fibroblast-of-gingiva	fibroblast	fibroblast	integumental-system	none	none	passed
ENCFF522UMV	ENCFF522UMV	ENCSR000EOJ	ENCSR350ZBB	ChromBPNet	normalized bias-corrected predicted signal profile	bigWig	DNase-seq	none	fibroblast-of-lung	fibroblast	fibroblast	integumental-system	none	none	passed
ENCFF700RDG	ENCFF700RDG	ENCSR000ENW	ENCSR396YBJ	ChromBPNet	normalized bias-corrected predicted signal profile	bigWig	DNase-seq	none	fibroblast-of-mammary-gland	fibroblast	fibroblast	integumental-system	none	none	passed
ENCFF473SQA	ENCFF473SQA	ENCSR000EOH	ENCSR008KMQ	ChromBPNet	normalized bias-corrected predicted signal profile	bigWig	DNase-seq	none	fibroblast-of-pulmonary-artery	fibroblast	fibroblast	integumental-system	none	none	passed
ENCFF661AIQ	ENCFF661AIQ	ENCSR622TWS	ENCSR651HIG	ChromBPNet	normalized bias-corrected predicted signal profile	bigWig	DNase-seq	none	fibroblast-of-skin-of-abdomen	fibroblast	fibroblast	integumental-system	none	none	passed
ENCFF908IUY	ENCFF908IUY	ENCSR176KYD	ENCSR214ZOR	ChromBPNet	normalized bias-corrected predicted signal profile	bigWig	DNase-seq	none	fibroblast-of-skin-of-abdomen	fibroblast	fibroblast	integumental-system	none	none	passed
ENCFF215YAF	ENCFF215YAF	ENCSR184LMY	ENCSR517LPY	ChromBPNet	normalized bias-corrected predicted signal profile	bigWig	DNase-seq	none	fibroblast-of-skin-of-back	fibroblast	fibroblast	integumental-system	none	none	passed
ENCFF800EXD	ENCFF800EXD	ENCSR562ACY	ENCSR271ZXE	ChromBPNet	normalized bias-corrected predicted signal profile	bigWig	DNase-seq	none	fibroblast-of-skin-of-left-biceps	fibroblast	fibroblast	integumental-system	none	none	passed
ENCFF877MPB	ENCFF877MPB	ENCSR648GDP	ENCSR299KST	ChromBPNet	normalized bias-corrected predicted signal profile	bigWig	DNase-seq	none	fibroblast-of-skin-of-left-biceps	fibroblast	fibroblast	integumental-system	none	none	passed
ENCFF635HEW	ENCFF635HEW	ENCSR371KRY	ENCSR239BBH	ChromBPNet	normalized bias-corrected predicted signal profile	bigWig	DNase-seq	none	fibroblast-of-skin-of-left-quadriceps	fibroblast	fibroblast	integumental-system	none	none	passed
ENCFF929IBW	ENCFF929IBW	ENCSR555TFE	ENCSR779CZR	ChromBPNet	normalized bias-corrected predicted signal profile	bigWig	DNase-seq	none	fibroblast-of-skin-of-left-quadriceps	fibroblast	fibroblast	integumental-system	none	none	passed
ENCFF211FGX	ENCFF211FGX	ENCSR383BLX	ENCSR722JCB	ChromBPNet	normalized bias-corrected predicted signal profile	bigWig	DNase-seq	none	fibroblast-of-skin-of-right-biceps	fibroblast	fibroblast	integumental-system	none	none	passed
ENCFF327HDI	ENCFF327HDI	ENCSR217RVH	ENCSR823PNJ	ChromBPNet	normalized bias-corrected predicted signal profile	bigWig	DNase-seq	none	fibroblast-of-skin-of-right-quadriceps	fibroblast	fibroblast	integumental-system	none	none	passed
ENCFF274DRQ	ENCFF274DRQ	ENCSR770DEN	ENCSR699TFI	ChromBPNet	normalized bias-corrected predicted signal profile	bigWig	DNase-seq	none	fibroblast-of-skin-of-scalp	fibroblast	fibroblast	integumental-system	none	none	passed
ENCFF785QSQ	ENCFF785QSQ	ENCSR360LBD	ENCSR254QIH	ChromBPNet	normalized bias-corrected predicted signal profile	bigWig	DNase-seq	none	fibroblast-of-skin-of-scalp	fibroblast	fibroblast	integumental-system	none	none	passed
ENCFF265IAF	ENCFF265IAF	ENCSR000ENK	ENCSR180SFJ	ChromBPNet	normalized bias-corrected predicted signal profile	bigWig	DNase-seq	none	fibroblast-of-the-conjunctiva	fibroblast	fibroblast	integumental-system	none	none	passed
ENCFF166FDY	ENCFF166FDY	ENCSR670VQZ	ENCSR699HYM	ChromBPNet	normalized bias-corrected predicted signal profile	bigWig	DNase-seq	none	fibroblast-of-upper-back-skin	fibroblast	fibroblast	integumental-system	none	none	passed
ENCFF864LTW	ENCFF864LTW	ENCSR325LYJ	ENCSR105QNI	ChromBPNet	normalized bias-corrected predicted signal profile	bigWig	DNase-seq	none	fibroblast-of-upper-back-skin	fibroblast	fibroblast	integumental-system	none	none	passed
ENCFF017EOA	ENCFF017EOA	ENCSR000EOR	ENCSR918KKY	ChromBPNet	normalized bias-corrected predicted signal profile	bigWig	DNase-seq	none	fibroblast-of-villous-mesenchyme	fibroblast	fibroblast	integumental-system	none	none	passed
ENCFF405YUX	ENCFF405YUX	ENCSR166TEE	ENCSR193XJI	ChromBPNet	normalized bias-corrected predicted signal profile	bigWig	DNase-seq	none	forelimb-muscle	limb	limb	skeletal-system	none	none	passed
ENCFF212MIQ	ENCFF212MIQ	ENCSR000ENQ	ENCSR999AEB	ChromBPNet	normalized bias-corrected predicted signal profile	bigWig	DNase-seq	none	foreskin-fibroblast	fibroblast	fibroblast	integumental-system	none	none	passed
ENCFF286HNC	ENCFF286HNC	ENCSR153LHP	ENCSR869YPU	ChromBPNet	normalized bias-corrected predicted signal profile	bigWig	DNase-seq	none	foreskin-fibroblast	fibroblast	fibroblast	integumental-system	none	none	passed
ENCFF492FTW	ENCFF492FTW	ENCSR251UPG	ENCSR205CAI	ChromBPNet	normalized bias-corrected predicted signal profile	bigWig	DNase-seq	none	foreskin-fibroblast	fibroblast	fibroblast	integumental-system	none	none	passed
ENCFF586ZUK	ENCFF586ZUK	ENCSR356KRQ	ENCSR280GJX	ChromBPNet	normalized bias-corrected predicted signal profile	bigWig	ATAC-seq	none	foreskin-keratinocyte	skin	skin	integumental-system	none	none	passed
ENCFF670FSD	ENCFF670FSD	ENCSR724CND	ENCSR208XNH	ChromBPNet	normalized bias-corrected predicted signal profile	bigWig	DNase-seq	none	foreskin-keratinocyte	skin	skin	integumental-system	none	none	passed
ENCFF558LZB	ENCFF558LZB	ENCSR434OBM	ENCSR097YNL	ChromBPNet	normalized bias-corrected predicted signal profile	bigWig	DNase-seq	none	foreskin-melanocyte	skin	skin	integumental-system	none	none	passed
ENCFF666THR	ENCFF666THR	ENCSR518JGY	ENCSR986BUJ	ChromBPNet	normalized bias-corrected predicted signal profile	bigWig	DNase-seq	none	foreskin-melanocyte	skin	skin	integumental-system	none	none	passed
ENCFF172KLK	ENCFF172KLK	ENCSR258JCL	ENCSR328JBY	ChromBPNet	normalized bias-corrected predicted signal profile	bigWig	ATAC-seq	none	gastrocnemius-medialis	medialis	muscle	musculature	none	none	passed
ENCFF458XII	ENCFF458XII	ENCSR308HPZ	ENCSR905YHT	ChromBPNet	normalized bias-corrected predicted signal profile	bigWig	ATAC-seq	none	gastrocnemius-medialis	medialis	muscle	musculature	none	none	passed
ENCFF468GIT	ENCFF468GIT	ENCSR823ZCR	ENCSR261SKQ	ChromBPNet	normalized bias-corrected predicted signal profile	bigWig	ATAC-seq	none	gastrocnemius-medialis	medialis	muscle	musculature	none	none	passed
ENCFF492YKE	ENCFF492YKE	ENCSR689SDA	ENCSR972MFI	ChromBPNet	normalized bias-corrected predicted signal profile	bigWig	ATAC-seq	none	gastrocnemius-medialis	medialis	muscle	musculature	none	none	passed
ENCFF409GUH	ENCFF409GUH	ENCSR791BHE	ENCSR906QLN	ChromBPNet	normalized bias-corrected predicted signal profile	bigWig	DNase-seq	none	gastrocnemius-medialis	medialis	muscle	musculature	none	none	passed
ENCFF432OCH	ENCFF432OCH	ENCSR520BAD	ENCSR037PCU	ChromBPNet	normalized bias-corrected predicted signal profile	bigWig	DNase-seq	none	gastrocnemius-medialis	medialis	muscle	musculature	none	none	passed
ENCFF446JNX	ENCFF446JNX	ENCSR171ADO	ENCSR968OAS	ChromBPNet	normalized bias-corrected predicted signal profile	bigWig	DNase-seq	none	gastrocnemius-medialis	medialis	muscle	musculature	none	none	passed
ENCFF447PZI	ENCFF447PZI	ENCSR686WJL	ENCSR048SMK	ChromBPNet	normalized bias-corrected predicted signal profile	bigWig	DNase-seq	none	gastrocnemius-medialis	medialis	muscle	musculature	none	none	passed
ENCFF578GEQ	ENCFF578GEQ	ENCSR260ZIV	ENCSR200XHH	ChromBPNet	normalized bias-corrected predicted signal profile	bigWig	ATAC-seq	none	gastroesophageal-sphincter	esophag	stomach	digestive-system	none	none	passed
ENCFF858QLE	ENCFF858QLE	ENCSR670REK	ENCSR306DOD	ChromBPNet	normalized bias-corrected predicted signal profile	bigWig	ATAC-seq	none	gastroesophageal-sphincter	esophag	stomach	digestive-system	none	none	passed
ENCFF860LWA	ENCFF860LWA	ENCSR771DAX	ENCSR741ZJG	ChromBPNet	normalized bias-corrected predicted signal profile	bigWig	DNase-seq	none	globus-pallidus	pallidus	brain	central-nervous-system	none	none	passed
ENCFF135SWN	ENCFF135SWN	ENCSR000EOM	ENCSR405OPV	ChromBPNet	normalized bias-corrected predicted signal profile	bigWig	DNase-seq	none	glomerular-endothelial-cell	endothelial	blood-vessel	circulatory-system	none	none	passed
ENCFF968LCZ	ENCFF968LCZ	ENCSR109RIQ	ENCSR369ZTD	ChromBPNet	normalized bias-corrected predicted signal profile	bigWig	DNase-seq	none	glutamatergic-neuron	neuron	nerve	central-nervous-system	none	none	passed
ENCFF008SYV	ENCFF008SYV	ENCSR802NBC	ENCSR292VYW	ChromBPNet	normalized bias-corrected predicted signal profile	bigWig	DNase-seq	none	head-of-caudate-nucleus	caudate	brain	central-nervous-system	none	none	passed
ENCFF011ZEJ	ENCFF011ZEJ	ENCSR637ZLM	ENCSR493SMX	ChromBPNet	normalized bias-corrected predicted signal profile	bigWig	DNase-seq	none	head-of-caudate-nucleus	caudate	brain	central-nervous-system	none	none	passed
ENCFF028VHT	ENCFF028VHT	ENCSR339TVH	ENCSR362TQA	ChromBPNet	normalized bias-corrected predicted signal profile	bigWig	DNase-seq	none	head-of-caudate-nucleus	caudate	brain	central-nervous-system	none	none	passed
ENCFF049BCB	ENCFF049BCB	ENCSR271QID	ENCSR010NWV	ChromBPNet	normalized bias-corrected predicted signal profile	bigWig	DNase-seq	none	head-of-caudate-nucleus	caudate	brain	central-nervous-system	none	none	passed
ENCFF067NUH	ENCFF067NUH	ENCSR881FBS	ENCSR842PBG	ChromBPNet	normalized bias-corrected predicted signal profile	bigWig	DNase-seq	none	head-of-caudate-nucleus	caudate	brain	central-nervous-system	none	none	passed
ENCFF079AUJ	ENCFF079AUJ	ENCSR563HBG	ENCSR038VEO	ChromBPNet	normalized bias-corrected predicted signal profile	bigWig	DNase-seq	none	head-of-caudate-nucleus	caudate	brain	central-nervous-system	none	none	passed
ENCFF082TJU	ENCFF082TJU	ENCSR650TZF	ENCSR030ERX	ChromBPNet	normalized bias-corrected predicted signal profile	bigWig	DNase-seq	none	head-of-caudate-nucleus	caudate	brain	central-nervous-system	none	none	passed
ENCFF086WXF	ENCFF086WXF	ENCSR879EVD	ENCSR745SQE	ChromBPNet	normalized bias-corrected predicted signal profile	bigWig	DNase-seq	none	head-of-caudate-nucleus	caudate	brain	central-nervous-system	none	none	passed
ENCFF087NEC	ENCFF087NEC	ENCSR775KLH	ENCSR749LTJ	ChromBPNet	normalized bias-corrected predicted signal profile	bigWig	DNase-seq	none	head-of-caudate-nucleus	caudate	brain	central-nervous-system	none	none	passed
ENCFF092AII	ENCFF092AII	ENCSR373TLU	ENCSR111AGB	ChromBPNet	normalized bias-corrected predicted signal profile	bigWig	DNase-seq	none	head-of-caudate-nucleus	caudate	brain	central-nervous-system	none	none	passed
ENCFF098CHQ	ENCFF098CHQ	ENCSR916MHX	ENCSR064HTM	ChromBPNet	normalized bias-corrected predicted signal profile	bigWig	DNase-seq	none	head-of-caudate-nucleus	caudate	brain	central-nervous-system	none	none	passed
ENCFF104NIR	ENCFF104NIR	ENCSR671YPX	ENCSR134LVT	ChromBPNet	normalized bias-corrected predicted signal profile	bigWig	DNase-seq	none	head-of-caudate-nucleus	caudate	brain	central-nervous-system	none	none	passed
ENCFF106DBL	ENCFF106DBL	ENCSR682ZZT	ENCSR774OVA	ChromBPNet	normalized bias-corrected predicted signal profile	bigWig	DNase-seq	none	head-of-caudate-nucleus	caudate	brain	central-nervous-system	none	none	passed
ENCFF106PXM	ENCFF106PXM	ENCSR333BUP	ENCSR573HMQ	ChromBPNet	normalized bias-corrected predicted signal profile	bigWig	DNase-seq	none	head-of-caudate-nucleus	caudate	brain	central-nervous-system	none	none	passed
ENCFF108HVN	ENCFF108HVN	ENCSR558SUT	ENCSR719IKX	ChromBPNet	normalized bias-corrected predicted signal profile	bigWig	DNase-seq	none	head-of-caudate-nucleus	caudate	brain	central-nervous-system	none	none	passed
ENCFF130YBP	ENCFF130YBP	ENCSR856XGY	ENCSR336IJK	ChromBPNet	normalized bias-corrected predicted signal profile	bigWig	DNase-seq	none	head-of-caudate-nucleus	caudate	brain	central-nervous-system	none	none	passed
ENCFF143KEU	ENCFF143KEU	ENCSR742HBK	ENCSR831KWY	ChromBPNet	normalized bias-corrected predicted signal profile	bigWig	DNase-seq	none	head-of-caudate-nucleus	caudate	brain	central-nervous-system	none	none	passed
ENCFF174CYE	ENCFF174CYE	ENCSR849CYU	ENCSR157PLP	ChromBPNet	normalized bias-corrected predicted signal profile	bigWig	DNase-seq	none	head-of-caudate-nucleus	caudate	brain	central-nervous-system	none	none	passed
ENCFF174ZXE	ENCFF174ZXE	ENCSR638PZJ	ENCSR332IES	ChromBPNet	normalized bias-corrected predicted signal profile	bigWig	DNase-seq	none	head-of-caudate-nucleus	caudate	brain	central-nervous-system	none	none	passed
ENCFF210MWY	ENCFF210MWY	ENCSR176BPJ	ENCSR600CTA	ChromBPNet	normalized bias-corrected predicted signal profile	bigWig	DNase-seq	none	head-of-caudate-nucleus	caudate	brain	central-nervous-system	none	none	passed
ENCFF218NPO	ENCFF218NPO	ENCSR663MNQ	ENCSR959KZO	ChromBPNet	normalized bias-corrected predicted signal profile	bigWig	DNase-seq	none	head-of-caudate-nucleus	caudate	brain	central-nervous-system	none	none	passed
ENCFF227RIA	ENCFF227RIA	ENCSR598RRF	ENCSR778MOH	ChromBPNet	normalized bias-corrected predicted signal profile	bigWig	DNase-seq	none	head-of-caudate-nucleus	caudate	brain	central-nervous-system	none	none	passed
ENCFF255SPF	ENCFF255SPF	ENCSR885WWJ	ENCSR224PQP	ChromBPNet	normalized bias-corrected predicted signal profile	bigWig	DNase-seq	none	head-of-caudate-nucleus	caudate	brain	central-nervous-system	none	none	passed
ENCFF261TBU	ENCFF261TBU	ENCSR496PSH	ENCSR624PXS	ChromBPNet	normalized bias-corrected predicted signal profile	bigWig	DNase-seq	none	head-of-caudate-nucleus	caudate	brain	central-nervous-system	none	none	passed
ENCFF278PVW	ENCFF278PVW	ENCSR057GPV	ENCSR553KHP	ChromBPNet	normalized bias-corrected predicted signal profile	bigWig	DNase-seq	none	head-of-caudate-nucleus	caudate	brain	central-nervous-system	none	none	passed
ENCFF282UGR	ENCFF282UGR	ENCSR163BSC	ENCSR484FNH	ChromBPNet	normalized bias-corrected predicted signal profile	bigWig	DNase-seq	none	head-of-caudate-nucleus	caudate	brain	central-nervous-system	none	none	passed
ENCFF309DON	ENCFF309DON	ENCSR297WRG	ENCSR419MGR	ChromBPNet	normalized bias-corrected predicted signal profile	bigWig	DNase-seq	none	head-of-caudate-nucleus	caudate	brain	central-nervous-system	none	none	passed
ENCFF316TWT	ENCFF316TWT	ENCSR276MDV	ENCSR525CNU	ChromBPNet	normalized bias-corrected predicted signal profile	bigWig	DNase-seq	none	head-of-caudate-nucleus	caudate	brain	central-nervous-system	none	none	passed
ENCFF325VQY	ENCFF325VQY	ENCSR722HJG	ENCSR160HBG	ChromBPNet	normalized bias-corrected predicted signal profile	bigWig	DNase-seq	none	head-of-caudate-nucleus	caudate	brain	central-nervous-system	none	none	passed
ENCFF333DJZ	ENCFF333DJZ	ENCSR101HFF	ENCSR672VAW	ChromBPNet	normalized bias-corrected predicted signal profile	bigWig	DNase-seq	none	head-of-caudate-nucleus	caudate	brain	central-nervous-system	none	none	passed
ENCFF334OFB	ENCFF334OFB	ENCSR649MJI	ENCSR994FMN	ChromBPNet	normalized bias-corrected predicted signal profile	bigWig	DNase-seq	none	head-of-caudate-nucleus	caudate	brain	central-nervous-system	none	none	passed
ENCFF346JLY	ENCFF346JLY	ENCSR085XKS	ENCSR158HIK	ChromBPNet	normalized bias-corrected predicted signal profile	bigWig	DNase-seq	none	head-of-caudate-nucleus	caudate	brain	central-nervous-system	none	none	passed
ENCFF360ITS	ENCFF360ITS	ENCSR113DHB	ENCSR505WFL	ChromBPNet	normalized bias-corrected predicted signal profile	bigWig	DNase-seq	none	head-of-caudate-nucleus	caudate	brain	central-nervous-system	none	none	passed
ENCFF403EVY	ENCFF403EVY	ENCSR417LPB	ENCSR518EHF	ChromBPNet	normalized bias-corrected predicted signal profile	bigWig	DNase-seq	none	head-of-caudate-nucleus	caudate	brain	central-nervous-system	none	none	passed
ENCFF406AFH	ENCFF406AFH	ENCSR721DFB	ENCSR138CJH	ChromBPNet	normalized bias-corrected predicted signal profile	bigWig	DNase-seq	none	head-of-caudate-nucleus	caudate	brain	central-nervous-system	none	none	passed
ENCFF415GXS	ENCFF415GXS	ENCSR311EEL	ENCSR278XXC	ChromBPNet	normalized bias-corrected predicted signal profile	bigWig	DNase-seq	none	head-of-caudate-nucleus	caudate	brain	central-nervous-system	none	none	passed
ENCFF416JFI	ENCFF416JFI	ENCSR432QFU	ENCSR668KQQ	ChromBPNet	normalized bias-corrected predicted signal profile	bigWig	DNase-seq	none	head-of-caudate-nucleus	caudate	brain	central-nervous-system	none	none	passed
ENCFF423AVO	ENCFF423AVO	ENCSR635GDW	ENCSR534EAD	ChromBPNet	normalized bias-corrected predicted signal profile	bigWig	DNase-seq	none	head-of-caudate-nucleus	caudate	brain	central-nervous-system	none	none	passed
ENCFF427OQF	ENCFF427OQF	ENCSR268GBM	ENCSR328OBR	ChromBPNet	normalized bias-corrected predicted signal profile	bigWig	DNase-seq	none	head-of-caudate-nucleus	caudate	brain	central-nervous-system	none	none	passed
ENCFF446ZHQ	ENCFF446ZHQ	ENCSR839GHA	ENCSR746AUT	ChromBPNet	normalized bias-corrected predicted signal profile	bigWig	DNase-seq	none	head-of-caudate-nucleus	caudate	brain	central-nervous-system	none	none	passed
ENCFF458KSU	ENCFF458KSU	ENCSR516RTV	ENCSR647COV	ChromBPNet	normalized bias-corrected predicted signal profile	bigWig	DNase-seq	none	head-of-caudate-nucleus	caudate	brain	central-nervous-system	none	none	passed
ENCFF462QQO	ENCFF462QQO	ENCSR440BPA	ENCSR750RJR	ChromBPNet	normalized bias-corrected predicted signal profile	bigWig	DNase-seq	none	head-of-caudate-nucleus	caudate	brain	central-nervous-system	none	none	passed
ENCFF514VIH	ENCFF514VIH	ENCSR002IHL	ENCSR035ROF	ChromBPNet	normalized bias-corrected predicted signal profile	bigWig	DNase-seq	none	head-of-caudate-nucleus	caudate	brain	central-nervous-system	none	none	passed
ENCFF520OEU	ENCFF520OEU	ENCSR234VLI	ENCSR377XPU	ChromBPNet	normalized bias-corrected predicted signal profile	bigWig	DNase-seq	none	head-of-caudate-nucleus	caudate	brain	central-nervous-system	none	none	passed
ENCFF537NQM	ENCFF537NQM	ENCSR860UTH	ENCSR778HSA	ChromBPNet	normalized bias-corrected predicted signal profile	bigWig	DNase-seq	none	head-of-caudate-nucleus	caudate	brain	central-nervous-system	none	none	passed
ENCFF550YWJ	ENCFF550YWJ	ENCSR334MDJ	ENCSR470GQU	ChromBPNet	normalized bias-corrected predicted signal profile	bigWig	DNase-seq	none	head-of-caudate-nucleus	caudate	brain	central-nervous-system	none	none	passed
ENCFF565NJR	ENCFF565NJR	ENCSR163GMC	ENCSR280PSS	ChromBPNet	normalized bias-corrected predicted signal profile	bigWig	DNase-seq	none	head-of-caudate-nucleus	caudate	brain	central-nervous-system	none	none	passed
ENCFF573LAZ	ENCFF573LAZ	ENCSR217OHA	ENCSR237BVP	ChromBPNet	normalized bias-corrected predicted signal profile	bigWig	DNase-seq	none	head-of-caudate-nucleus	caudate	brain	central-nervous-system	none	none	passed
ENCFF581FLN	ENCFF581FLN	ENCSR137FWW	ENCSR174PGN	ChromBPNet	normalized bias-corrected predicted signal profile	bigWig	DNase-seq	none	head-of-caudate-nucleus	caudate	brain	central-nervous-system	none	none	passed
ENCFF595WPP	ENCFF595WPP	ENCSR646JBR	ENCSR191HRN	ChromBPNet	normalized bias-corrected predicted signal profile	bigWig	DNase-seq	none	head-of-caudate-nucleus	caudate	brain	central-nervous-system	none	none	passed
ENCFF606HFP	ENCFF606HFP	ENCSR587SZC	ENCSR779WBU	ChromBPNet	normalized bias-corrected predicted signal profile	bigWig	DNase-seq	none	head-of-caudate-nucleus	caudate	brain	central-nervous-system	none	none	passed
ENCFF614FAJ	ENCFF614FAJ	ENCSR483HUW	ENCSR459DVB	ChromBPNet	normalized bias-corrected predicted signal profile	bigWig	DNase-seq	none	head-of-caudate-nucleus	caudate	brain	central-nervous-system	none	none	passed
ENCFF637ULQ	ENCFF637ULQ	ENCSR688AWP	ENCSR136YYL	ChromBPNet	normalized bias-corrected predicted signal profile	bigWig	DNase-seq	none	head-of-caudate-nucleus	caudate	brain	central-nervous-system	none	none	passed
ENCFF641LIC	ENCFF641LIC	ENCSR923BEY	ENCSR972TWU	ChromBPNet	normalized bias-corrected predicted signal profile	bigWig	DNase-seq	none	head-of-caudate-nucleus	caudate	brain	central-nervous-system	none	none	passed
ENCFF646SUF	ENCFF646SUF	ENCSR511PFY	ENCSR085VMC	ChromBPNet	normalized bias-corrected predicted signal profile	bigWig	DNase-seq	none	head-of-caudate-nucleus	caudate	brain	central-nervous-system	none	none	passed
ENCFF653CQV	ENCFF653CQV	ENCSR042DVU	ENCSR162JGS	ChromBPNet	normalized bias-corrected predicted signal profile	bigWig	DNase-seq	none	head-of-caudate-nucleus	caudate	brain	central-nervous-system	none	none	passed
ENCFF677XRU	ENCFF677XRU	ENCSR274FZD	ENCSR371SHG	ChromBPNet	normalized bias-corrected predicted signal profile	bigWig	DNase-seq	none	head-of-caudate-nucleus	caudate	brain	central-nervous-system	none	none	passed
ENCFF678VOM	ENCFF678VOM	ENCSR400MOP	ENCSR486XFF	ChromBPNet	normalized bias-corrected predicted signal profile	bigWig	DNase-seq	none	head-of-caudate-nucleus	caudate	brain	central-nervous-system	none	none	passed
ENCFF686PUY	ENCFF686PUY	ENCSR756FQD	ENCSR292TVD	ChromBPNet	normalized bias-corrected predicted signal profile	bigWig	DNase-seq	none	head-of-caudate-nucleus	caudate	brain	central-nervous-system	none	none	passed
ENCFF691EAU	ENCFF691EAU	ENCSR984HJW	ENCSR689OMC	ChromBPNet	normalized bias-corrected predicted signal profile	bigWig	DNase-seq	none	head-of-caudate-nucleus	caudate	brain	central-nervous-system	none	none	passed
ENCFF705FNC	ENCFF705FNC	ENCSR233DFT	ENCSR745PGS	ChromBPNet	normalized bias-corrected predicted signal profile	bigWig	DNase-seq	none	head-of-caudate-nucleus	caudate	brain	central-nervous-system	none	none	passed
ENCFF709WZQ	ENCFF709WZQ	ENCSR116UQH	ENCSR677HLH	ChromBPNet	normalized bias-corrected predicted signal profile	bigWig	DNase-seq	none	head-of-caudate-nucleus	caudate	brain	central-nervous-system	none	none	passed
ENCFF758QUT	ENCFF758QUT	ENCSR122NRV	ENCSR504GBE	ChromBPNet	normalized bias-corrected predicted signal profile	bigWig	DNase-seq	none	head-of-caudate-nucleus	caudate	brain	central-nervous-system	none	none	passed
ENCFF759AMV	ENCFF759AMV	ENCSR895TUV	ENCSR191ZIX	ChromBPNet	normalized bias-corrected predicted signal profile	bigWig	DNase-seq	none	head-of-caudate-nucleus	caudate	brain	central-nervous-system	none	none	passed
ENCFF812DOW	ENCFF812DOW	ENCSR024BXN	ENCSR593KEP	ChromBPNet	normalized bias-corrected predicted signal profile	bigWig	DNase-seq	none	head-of-caudate-nucleus	caudate	brain	central-nervous-system	none	none	passed
ENCFF837XSU	ENCFF837XSU	ENCSR524QPZ	ENCSR422CSI	ChromBPNet	normalized bias-corrected predicted signal profile	bigWig	DNase-seq	none	head-of-caudate-nucleus	caudate	brain	central-nervous-system	none	none	passed
ENCFF842BGE	ENCFF842BGE	ENCSR717BBR	ENCSR883PJQ	ChromBPNet	normalized bias-corrected predicted signal profile	bigWig	DNase-seq	none	head-of-caudate-nucleus	caudate	brain	central-nervous-system	none	none	passed
ENCFF861BVK	ENCFF861BVK	ENCSR161ZGA	ENCSR280QLY	ChromBPNet	normalized bias-corrected predicted signal profile	bigWig	DNase-seq	none	head-of-caudate-nucleus	caudate	brain	central-nervous-system	none	none	passed
ENCFF872SXJ	ENCFF872SXJ	ENCSR239MQN	ENCSR841SNB	ChromBPNet	normalized bias-corrected predicted signal profile	bigWig	DNase-seq	none	head-of-caudate-nucleus	caudate	brain	central-nervous-system	none	none	passed
ENCFF882JFH	ENCFF882JFH	ENCSR010SZN	ENCSR757EAI	ChromBPNet	normalized bias-corrected predicted signal profile	bigWig	DNase-seq	none	head-of-caudate-nucleus	caudate	brain	central-nervous-system	none	none	passed
ENCFF886BBL	ENCFF886BBL	ENCSR797FIM	ENCSR907PZQ	ChromBPNet	normalized bias-corrected predicted signal profile	bigWig	DNase-seq	none	head-of-caudate-nucleus	caudate	brain	central-nervous-system	none	none	passed
ENCFF889LPJ	ENCFF889LPJ	ENCSR862SQC	ENCSR631LRH	ChromBPNet	normalized bias-corrected predicted signal profile	bigWig	DNase-seq	none	head-of-caudate-nucleus	caudate	brain	central-nervous-system	none	none	passed
ENCFF890CVK	ENCFF890CVK	ENCSR984SDD	ENCSR650BIB	ChromBPNet	normalized bias-corrected predicted signal profile	bigWig	DNase-seq	none	head-of-caudate-nucleus	caudate	brain	central-nervous-system	none	none	passed
ENCFF898CKI	ENCFF898CKI	ENCSR814DYF	ENCSR471RJZ	ChromBPNet	normalized bias-corrected predicted signal profile	bigWig	DNase-seq	none	head-of-caudate-nucleus	caudate	brain	central-nervous-system	none	none	passed
ENCFF921UZX	ENCFF921UZX	ENCSR677XGD	ENCSR159VOX	ChromBPNet	normalized bias-corrected predicted signal profile	bigWig	DNase-seq	none	head-of-caudate-nucleus	caudate	brain	central-nervous-system	none	none	passed
ENCFF943ASP	ENCFF943ASP	ENCSR305WAA	ENCSR822LTO	ChromBPNet	normalized bias-corrected predicted signal profile	bigWig	DNase-seq	none	head-of-caudate-nucleus	caudate	brain	central-nervous-system	none	none	passed
ENCFF955YST	ENCFF955YST	ENCSR496UJY	ENCSR519YRN	ChromBPNet	normalized bias-corrected predicted signal profile	bigWig	DNase-seq	none	head-of-caudate-nucleus	caudate	brain	central-nervous-system	none	none	passed
ENCFF961LLJ	ENCFF961LLJ	ENCSR134IUJ	ENCSR022LQT	ChromBPNet	normalized bias-corrected predicted signal profile	bigWig	DNase-seq	none	head-of-caudate-nucleus	caudate	brain	central-nervous-system	none	none	passed
ENCFF965VHK	ENCFF965VHK	ENCSR659JPP	ENCSR265GDY	ChromBPNet	normalized bias-corrected predicted signal profile	bigWig	DNase-seq	none	head-of-caudate-nucleus	caudate	brain	central-nervous-system	none	none	passed
ENCFF968JKQ	ENCFF968JKQ	ENCSR639VTO	ENCSR986SSJ	ChromBPNet	normalized bias-corrected predicted signal profile	bigWig	DNase-seq	none	head-of-caudate-nucleus	caudate	brain	central-nervous-system	none	none	passed
ENCFF976XJH	ENCFF976XJH	ENCSR888ZIZ	ENCSR724WPU	ChromBPNet	normalized bias-corrected predicted signal profile	bigWig	DNase-seq	none	head-of-caudate-nucleus	caudate	brain	central-nervous-system	none	none	passed
ENCFF986QRB	ENCFF986QRB	ENCSR410MFU	ENCSR361PFW	ChromBPNet	normalized bias-corrected predicted signal profile	bigWig	DNase-seq	none	head-of-caudate-nucleus	caudate	brain	central-nervous-system	none	none	passed
ENCFF995EXM	ENCFF995EXM	ENCSR173NHL	ENCSR849LXO	ChromBPNet	normalized bias-corrected predicted signal profile	bigWig	DNase-seq	none	head-of-caudate-nucleus	caudate	brain	central-nervous-system	none	none	passed
ENCFF112TCU	ENCFF112TCU	ENCSR320PGJ	ENCSR576EMK	ChromBPNet	normalized bias-corrected predicted signal profile	bigWig	DNase-seq	none	heart	heart	heart	circulatory-system	none	none	passed
ENCFF117ZIR	ENCFF117ZIR	ENCSR914DOH	ENCSR333JBA	ChromBPNet	normalized bias-corrected predicted signal profile	bigWig	DNase-seq	none	heart	heart	heart	circulatory-system	none	none	passed
ENCFF141DZD	ENCFF141DZD	ENCSR705CNJ	ENCSR773FDM	ChromBPNet	normalized bias-corrected predicted signal profile	bigWig	DNase-seq	none	heart	heart	heart	circulatory-system	none	none	passed
ENCFF175TRT	ENCFF175TRT	ENCSR154ZNQ	ENCSR304HOZ	ChromBPNet	normalized bias-corrected predicted signal profile	bigWig	DNase-seq	none	heart	heart	heart	circulatory-system	none	none	passed
ENCFF253GON	ENCFF253GON	ENCSR804RSI	ENCSR104ZZD	ChromBPNet	normalized bias-corrected predicted signal profile	bigWig	DNase-seq	none	heart	heart	heart	circulatory-system	none	none	passed
ENCFF321RTI	ENCFF321RTI	ENCSR536NGW	ENCSR152TIL	ChromBPNet	normalized bias-corrected predicted signal profile	bigWig	DNase-seq	none	heart	heart	heart	circulatory-system	none	none	passed
ENCFF381MLQ	ENCFF381MLQ	ENCSR064GBK	ENCSR278NRX	ChromBPNet	normalized bias-corrected predicted signal profile	bigWig	DNase-seq	none	heart	heart	heart	circulatory-system	none	none	passed
ENCFF481GMK	ENCFF481GMK	ENCSR392GCE	ENCSR104QYD	ChromBPNet	normalized bias-corrected predicted signal profile	bigWig	DNase-seq	none	heart	heart	heart	circulatory-system	none	none	passed
ENCFF496FCH	ENCFF496FCH	ENCSR174JMM	ENCSR294MBS	ChromBPNet	normalized bias-corrected predicted signal profile	bigWig	DNase-seq	none	heart	heart	heart	circulatory-system	none	none	passed
ENCFF523CHA	ENCFF523CHA	ENCSR366EGE	ENCSR266HWM	ChromBPNet	normalized bias-corrected predicted signal profile	bigWig	DNase-seq	none	heart	heart	heart	circulatory-system	none	none	passed
ENCFF557UII	ENCFF557UII	ENCSR911LTI	ENCSR657JGJ	ChromBPNet	normalized bias-corrected predicted signal profile	bigWig	DNase-seq	none	heart	heart	heart	circulatory-system	none	none	passed
ENCFF579TND	ENCFF579TND	ENCSR533VAF	ENCSR170IUO	ChromBPNet	normalized bias-corrected predicted signal profile	bigWig	DNase-seq	none	heart	heart	heart	circulatory-system	none	none	passed
ENCFF615EEI	ENCFF615EEI	ENCSR749BWV	ENCSR943VHN	ChromBPNet	normalized bias-corrected predicted signal profile	bigWig	DNase-seq	none	heart	heart	heart	circulatory-system	none	none	passed
ENCFF739YNG	ENCFF739YNG	ENCSR311LLZ	ENCSR183OLA	ChromBPNet	normalized bias-corrected predicted signal profile	bigWig	DNase-seq	none	heart	heart	heart	circulatory-system	none	none	passed
ENCFF752CTJ	ENCFF752CTJ	ENCSR305UJX	ENCSR315XQO	ChromBPNet	normalized bias-corrected predicted signal profile	bigWig	DNase-seq	none	heart	heart	heart	circulatory-system	none	none	passed
ENCFF814KIS	ENCFF814KIS	ENCSR664PKM	ENCSR864YYM	ChromBPNet	normalized bias-corrected predicted signal profile	bigWig	DNase-seq	none	heart	heart	heart	circulatory-system	none	none	passed
ENCFF228KQA	ENCFF228KQA	ENCSR925LGW	ENCSR923QPG	ChromBPNet	normalized bias-corrected predicted signal profile	bigWig	ATAC-seq	none	heart-left-ventricle	heart	heart	circulatory-system	none	none	passed
ENCFF273HRX	ENCFF273HRX	ENCSR286STX	ENCSR718IML	ChromBPNet	normalized bias-corrected predicted signal profile	bigWig	ATAC-seq	none	heart-left-ventricle	heart	heart	circulatory-system	none	none	passed
ENCFF301MHF	ENCFF301MHF	ENCSR769DGC	ENCSR748OQR	ChromBPNet	normalized bias-corrected predicted signal profile	bigWig	ATAC-seq	none	heart-left-ventricle	heart	heart	circulatory-system	none	none	passed
ENCFF390SQL	ENCFF390SQL	ENCSR451JSB	ENCSR785LJQ	ChromBPNet	normalized bias-corrected predicted signal profile	bigWig	ATAC-seq	none	heart-left-ventricle	heart	heart	circulatory-system	none	none	passed
ENCFF456YVM	ENCFF456YVM	ENCSR310RJN	ENCSR071VIV	ChromBPNet	normalized bias-corrected predicted signal profile	bigWig	ATAC-seq	none	heart-left-ventricle	heart	heart	circulatory-system	none	none	passed
ENCFF578GZA	ENCFF578GZA	ENCSR848TMJ	ENCSR413PRR	ChromBPNet	normalized bias-corrected predicted signal profile	bigWig	ATAC-seq	none	heart-left-ventricle	heart	heart	circulatory-system	none	none	passed
ENCFF606PEQ	ENCFF606PEQ	ENCSR225FZH	ENCSR523OKV	ChromBPNet	normalized bias-corrected predicted signal profile	bigWig	ATAC-seq	none	heart-left-ventricle	heart	heart	circulatory-system	none	none	passed
ENCFF628LTG	ENCFF628LTG	ENCSR846VPV	ENCSR176HAX	ChromBPNet	normalized bias-corrected predicted signal profile	bigWig	ATAC-seq	none	heart-left-ventricle	heart	heart	circulatory-system	none	none	passed
ENCFF637EDE	ENCFF637EDE	ENCSR851EBF	ENCSR346KKN	ChromBPNet	normalized bias-corrected predicted signal profile	bigWig	ATAC-seq	none	heart-left-ventricle	heart	heart	circulatory-system	none	none	passed
ENCFF670FNH	ENCFF670FNH	ENCSR593YFB	ENCSR155LWZ	ChromBPNet	normalized bias-corrected predicted signal profile	bigWig	ATAC-seq	none	heart-left-ventricle	heart	heart	circulatory-system	none	none	passed
ENCFF760JKO	ENCFF760JKO	ENCSR399OSE	ENCSR228EHT	ChromBPNet	normalized bias-corrected predicted signal profile	bigWig	ATAC-seq	none	heart-left-ventricle	heart	heart	circulatory-system	none	none	passed
ENCFF762HIW	ENCFF762HIW	ENCSR745CGG	ENCSR302PTC	ChromBPNet	normalized bias-corrected predicted signal profile	bigWig	ATAC-seq	none	heart-left-ventricle	heart	heart	circulatory-system	none	none	passed
ENCFF798INE	ENCFF798INE	ENCSR204PZT	ENCSR139CRO	ChromBPNet	normalized bias-corrected predicted signal profile	bigWig	ATAC-seq	none	heart-left-ventricle	heart	heart	circulatory-system	none	none	passed
ENCFF809EIJ	ENCFF809EIJ	ENCSR117PYB	ENCSR313GPN	ChromBPNet	normalized bias-corrected predicted signal profile	bigWig	ATAC-seq	none	heart-left-ventricle	heart	heart	circulatory-system	none	none	passed
ENCFF851LYS	ENCFF851LYS	ENCSR899YEP	ENCSR012HQM	ChromBPNet	normalized bias-corrected predicted signal profile	bigWig	ATAC-seq	none	heart-left-ventricle	heart	heart	circulatory-system	none	none	passed
ENCFF036KUZ	ENCFF036KUZ	ENCSR395HAE	ENCSR624LJH	ChromBPNet	normalized bias-corrected predicted signal profile	bigWig	DNase-seq	none	heart-left-ventricle	heart	heart	circulatory-system	none	none	passed
ENCFF201BBQ	ENCFF201BBQ	ENCSR299QGI	ENCSR763XQQ	ChromBPNet	normalized bias-corrected predicted signal profile	bigWig	DNase-seq	none	heart-left-ventricle	heart	heart	circulatory-system	none	none	passed
ENCFF342GXN	ENCFF342GXN	ENCSR747SEU	ENCSR892ZTM	ChromBPNet	normalized bias-corrected predicted signal profile	bigWig	DNase-seq	none	heart-left-ventricle	heart	heart	circulatory-system	none	none	passed
ENCFF456ONK	ENCFF456ONK	ENCSR805EGZ	ENCSR390RSF	ChromBPNet	normalized bias-corrected predicted signal profile	bigWig	DNase-seq	none	heart-left-ventricle	heart	heart	circulatory-system	none	none	passed
ENCFF466CEH	ENCFF466CEH	ENCSR598RVJ	ENCSR120SCC	ChromBPNet	normalized bias-corrected predicted signal profile	bigWig	DNase-seq	none	heart-left-ventricle	heart	heart	circulatory-system	none	none	passed
ENCFF639FTB	ENCFF639FTB	ENCSR222CLC	ENCSR830ING	ChromBPNet	normalized bias-corrected predicted signal profile	bigWig	DNase-seq	none	heart-left-ventricle	heart	heart	circulatory-system	none	none	passed
ENCFF677UZX	ENCFF677UZX	ENCSR735NTV	ENCSR381GGK	ChromBPNet	normalized bias-corrected predicted signal profile	bigWig	DNase-seq	none	heart-left-ventricle	heart	heart	circulatory-system	none	none	passed
ENCFF725RNK	ENCFF725RNK	ENCSR946DXB	ENCSR047GHL	ChromBPNet	normalized bias-corrected predicted signal profile	bigWig	DNase-seq	none	heart-left-ventricle	heart	heart	circulatory-system	none	none	passed
ENCFF744QES	ENCFF744QES	ENCSR501FWC	ENCSR827EDQ	ChromBPNet	normalized bias-corrected predicted signal profile	bigWig	DNase-seq	none	heart-left-ventricle	heart	heart	circulatory-system	none	none	passed
ENCFF751PXD	ENCFF751PXD	ENCSR070CMW	ENCSR958WFK	ChromBPNet	normalized bias-corrected predicted signal profile	bigWig	DNase-seq	none	heart-left-ventricle	heart	heart	circulatory-system	none	none	passed
ENCFF004HUQ	ENCFF004HUQ	ENCSR374ZRW	ENCSR669BKH	ChromBPNet	normalized bias-corrected predicted signal profile	bigWig	ATAC-seq	none	heart-right-ventricle	heart	heart	circulatory-system	none	none	passed
ENCFF038TDN	ENCFF038TDN	ENCSR157OSO	ENCSR849TOG	ChromBPNet	normalized bias-corrected predicted signal profile	bigWig	ATAC-seq	none	heart-right-ventricle	heart	heart	circulatory-system	none	none	passed
ENCFF150SRF	ENCFF150SRF	ENCSR212LYK	ENCSR886DNL	ChromBPNet	normalized bias-corrected predicted signal profile	bigWig	ATAC-seq	none	heart-right-ventricle	heart	heart	circulatory-system	none	none	passed
ENCFF200RED	ENCFF200RED	ENCSR133CMC	ENCSR624URV	ChromBPNet	normalized bias-corrected predicted signal profile	bigWig	ATAC-seq	none	heart-right-ventricle	heart	heart	circulatory-system	none	none	passed
ENCFF248HJE	ENCFF248HJE	ENCSR053SGP	ENCSR716THJ	ChromBPNet	normalized bias-corrected predicted signal profile	bigWig	ATAC-seq	none	heart-right-ventricle	heart	heart	circulatory-system	none	none	passed
ENCFF288IUE	ENCFF288IUE	ENCSR403GBR	ENCSR311LQE	ChromBPNet	normalized bias-corrected predicted signal profile	bigWig	ATAC-seq	none	heart-right-ventricle	heart	heart	circulatory-system	none	none	passed
ENCFF296DVM	ENCFF296DVM	ENCSR327DCG	ENCSR380WHO	ChromBPNet	normalized bias-corrected predicted signal profile	bigWig	ATAC-seq	none	heart-right-ventricle	heart	heart	circulatory-system	none	none	passed
ENCFF369WHX	ENCFF369WHX	ENCSR437OOJ	ENCSR487NMI	ChromBPNet	normalized bias-corrected predicted signal profile	bigWig	ATAC-seq	none	heart-right-ventricle	heart	heart	circulatory-system	none	none	passed
ENCFF572EVJ	ENCFF572EVJ	ENCSR563ZNI	ENCSR662DNR	ChromBPNet	normalized bias-corrected predicted signal profile	bigWig	ATAC-seq	none	heart-right-ventricle	heart	heart	circulatory-system	none	none	passed
ENCFF631KTZ	ENCFF631KTZ	ENCSR439TZT	ENCSR992KED	ChromBPNet	normalized bias-corrected predicted signal profile	bigWig	ATAC-seq	none	heart-right-ventricle	heart	heart	circulatory-system	none	none	passed
ENCFF697WZD	ENCFF697WZD	ENCSR710SMN	ENCSR348BTG	ChromBPNet	normalized bias-corrected predicted signal profile	bigWig	ATAC-seq	none	heart-right-ventricle	heart	heart	circulatory-system	none	none	passed
ENCFF716MRQ	ENCFF716MRQ	ENCSR522FGI	ENCSR473RMF	ChromBPNet	normalized bias-corrected predicted signal profile	bigWig	ATAC-seq	none	heart-right-ventricle	heart	heart	circulatory-system	none	none	passed
ENCFF897BVY	ENCFF897BVY	ENCSR204SMO	ENCSR999ETQ	ChromBPNet	normalized bias-corrected predicted signal profile	bigWig	ATAC-seq	none	heart-right-ventricle	heart	heart	circulatory-system	none	none	passed
ENCFF947VAC	ENCFF947VAC	ENCSR491VKV	ENCSR839CXN	ChromBPNet	normalized bias-corrected predicted signal profile	bigWig	ATAC-seq	none	heart-right-ventricle	heart	heart	circulatory-system	none	none	passed
ENCFF122VHS	ENCFF122VHS	ENCSR298OIK	ENCSR092YZN	ChromBPNet	normalized bias-corrected predicted signal profile	bigWig	DNase-seq	none	heart-right-ventricle	heart	heart	circulatory-system	none	none	passed
ENCFF128ALF	ENCFF128ALF	ENCSR214NLQ	ENCSR836KXF	ChromBPNet	normalized bias-corrected predicted signal profile	bigWig	DNase-seq	none	heart-right-ventricle	heart	heart	circulatory-system	none	none	passed
ENCFF151RTL	ENCFF151RTL	ENCSR746RDJ	ENCSR135HTA	ChromBPNet	normalized bias-corrected predicted signal profile	bigWig	DNase-seq	none	heart-right-ventricle	heart	heart	circulatory-system	none	none	passed
ENCFF229LFP	ENCFF229LFP	ENCSR211SUT	ENCSR215KHF	ChromBPNet	normalized bias-corrected predicted signal profile	bigWig	DNase-seq	none	heart-right-ventricle	heart	heart	circulatory-system	none	none	passed
ENCFF301XDL	ENCFF301XDL	ENCSR694LFE	ENCSR257DRO	ChromBPNet	normalized bias-corrected predicted signal profile	bigWig	DNase-seq	none	heart-right-ventricle	heart	heart	circulatory-system	none	none	passed
ENCFF534OCQ	ENCFF534OCQ	ENCSR238FMP	ENCSR161GHW	ChromBPNet	normalized bias-corrected predicted signal profile	bigWig	DNase-seq	none	heart-right-ventricle	heart	heart	circulatory-system	none	none	passed
ENCFF542YZD	ENCFF542YZD	ENCSR928WMU	ENCSR126YHP	ChromBPNet	normalized bias-corrected predicted signal profile	bigWig	DNase-seq	none	heart-right-ventricle	heart	heart	circulatory-system	none	none	passed
ENCFF773HPC	ENCFF773HPC	ENCSR356RNZ	ENCSR340RCH	ChromBPNet	normalized bias-corrected predicted signal profile	bigWig	DNase-seq	none	heart-right-ventricle	heart	heart	circulatory-system	none	none	passed
ENCFF864LUJ	ENCFF864LUJ	ENCSR246VSO	ENCSR184TFG	ChromBPNet	normalized bias-corrected predicted signal profile	bigWig	DNase-seq	none	heart-right-ventricle	heart	heart	circulatory-system	none	none	passed
ENCFF954CLZ	ENCFF954CLZ	ENCSR792QQE	ENCSR932NSW	ChromBPNet	normalized bias-corrected predicted signal profile	bigWig	DNase-seq	none	heart-right-ventricle	heart	heart	circulatory-system	none	none	passed
ENCFF070DPK	ENCFF070DPK	ENCSR098PTC	ENCSR036PUG	ChromBPNet	normalized bias-corrected predicted signal profile	bigWig	DNase-seq	none	hematopoietic-multipotent-progenitor-cell	hematopoietic	blood	circulatory-system	none	none	passed
ENCFF078NHH	ENCFF078NHH	ENCSR115YPI	ENCSR771YUP	ChromBPNet	normalized bias-corrected predicted signal profile	bigWig	DNase-seq	none	hematopoietic-multipotent-progenitor-cell	hematopoietic	blood	circulatory-system	none	none	passed
ENCFF208UFG	ENCFF208UFG	ENCSR362JSZ	ENCSR426ANZ	ChromBPNet	normalized bias-corrected predicted signal profile	bigWig	DNase-seq	none	hematopoietic-multipotent-progenitor-cell	hematopoietic	blood	circulatory-system	none	none	passed
ENCFF422KCD	ENCFF422KCD	ENCSR148VUP	ENCSR116YIV	ChromBPNet	normalized bias-corrected predicted signal profile	bigWig	DNase-seq	none	hematopoietic-multipotent-progenitor-cell	hematopoietic	blood	circulatory-system	none	none	passed
ENCFF472FUF	ENCFF472FUF	ENCSR855FOP	ENCSR912ACC	ChromBPNet	normalized bias-corrected predicted signal profile	bigWig	DNase-seq	none	hematopoietic-multipotent-progenitor-cell	hematopoietic	blood	circulatory-system	none	none	passed
ENCFF706JPS	ENCFF706JPS	ENCSR564JUY	ENCSR214COF	ChromBPNet	normalized bias-corrected predicted signal profile	bigWig	DNase-seq	none	hematopoietic-multipotent-progenitor-cell	hematopoietic	blood	circulatory-system	none	none	passed
ENCFF707ZFI	ENCFF707ZFI	ENCSR937UWI	ENCSR024KJU	ChromBPNet	normalized bias-corrected predicted signal profile	bigWig	DNase-seq	none	hematopoietic-multipotent-progenitor-cell	hematopoietic	blood	circulatory-system	none	none	passed
ENCFF745EHQ	ENCFF745EHQ	ENCSR420NOA	ENCSR336TDN	ChromBPNet	normalized bias-corrected predicted signal profile	bigWig	DNase-seq	none	hematopoietic-multipotent-progenitor-cell	hematopoietic	blood	circulatory-system	none	none	passed
ENCFF830JJI	ENCFF830JJI	ENCSR000EMK	ENCSR816AQM	ChromBPNet	normalized bias-corrected predicted signal profile	bigWig	DNase-seq	none	hematopoietic-multipotent-progenitor-cell	hematopoietic	blood	circulatory-system	none	none	passed
ENCFF862ZNC	ENCFF862ZNC	ENCSR845CFB	ENCSR954EWB	ChromBPNet	normalized bias-corrected predicted signal profile	bigWig	DNase-seq	none	hematopoietic-multipotent-progenitor-cell	hematopoietic	blood	circulatory-system	none	none	passed
ENCFF930VXV	ENCFF930VXV	ENCSR493IAY	ENCSR672ZIV	ChromBPNet	normalized bias-corrected predicted signal profile	bigWig	DNase-seq	none	hematopoietic-multipotent-progenitor-cell	hematopoietic	blood	circulatory-system	none	none	passed
ENCFF953UDD	ENCFF953UDD	ENCSR328UMC	ENCSR966XZN	ChromBPNet	normalized bias-corrected predicted signal profile	bigWig	DNase-seq	none	hematopoietic-multipotent-progenitor-cell	hematopoietic	blood	circulatory-system	none	none	passed
ENCFF864KYX	ENCFF864KYX	ENCSR364MFN	ENCSR829DOW	ChromBPNet	normalized bias-corrected predicted signal profile	bigWig	DNase-seq	none	hepatocyte	hepato	liver	digestive-system	none	none	passed
ENCFF115TPZ	ENCFF115TPZ	ENCSR385AMY	ENCSR003PKQ	ChromBPNet	normalized bias-corrected predicted signal profile	bigWig	DNase-seq	none	hindlimb-muscle	limb	limb	skeletal-system	none	none	passed
ENCFF726AZX	ENCFF726AZX	ENCSR383SNM	ENCSR820XEK	ChromBPNet	normalized bias-corrected predicted signal profile	bigWig	DNase-seq	none	iPS-DF-19.11	cell-line	cell-line	cell-line	none	none	passed
ENCFF241PDL	ENCFF241PDL	ENCSR440QMR	ENCSR436DKQ	ChromBPNet	normalized bias-corrected predicted signal profile	bigWig	DNase-seq	none	iPS-DF-19.7	cell-line	cell-line	cell-line	none	none	passed
ENCFF571QET	ENCFF571QET	ENCSR014FPY	ENCSR932JUJ	ChromBPNet	normalized bias-corrected predicted signal profile	bigWig	DNase-seq	none	iPS-DF-4.7	cell-line	cell-line	cell-line	none	none	passed
ENCFF309BZT	ENCFF309BZT	ENCSR261SMF	ENCSR416KDN	ChromBPNet	normalized bias-corrected predicted signal profile	bigWig	DNase-seq	none	iPS-DF-6.9	cell-line	cell-line	cell-line	none	none	passed
ENCFF747EIN	ENCFF747EIN	ENCSR986YWZ	ENCSR487SME	ChromBPNet	normalized bias-corrected predicted signal profile	bigWig	DNase-seq	none	inferior-parietal-cortex	parietal	brain	central-nervous-system	none	none	passed
ENCFF175QNC	ENCFF175QNC	ENCSR224FOA	ENCSR446RRY	ChromBPNet	normalized bias-corrected predicted signal profile	bigWig	DNase-seq	none	islet-precursor-cell	islet	pancreas	digestive-system	none	none	passed
ENCFF821WEX	ENCFF821WEX	ENCSR415LEB	ENCSR441VJW	ChromBPNet	normalized bias-corrected predicted signal profile	bigWig	ATAC-seq	none	jejunum	jejunum	small-intestine	digestive-system	none	none	passed
ENCFF835VXC	ENCFF835VXC	ENCSR000EPQ	ENCSR855OSM	ChromBPNet	normalized bias-corrected predicted signal profile	bigWig	DNase-seq	none	keratinocyte	keratinocyte	skin	integumental-system	none	none	passed
ENCFF839YVO	ENCFF839YVO	ENCSR297VGU	ENCSR794TEU	ChromBPNet	normalized bias-corrected predicted signal profile	bigWig	ATAC-seq	none	kidney	kidney	kidney	excretory-system	none	none	passed
ENCFF109KQM	ENCFF109KQM	ENCSR941DTJ	ENCSR275GLV	ChromBPNet	normalized bias-corrected predicted signal profile	bigWig	DNase-seq	none	kidney	kidney	kidney	excretory-system	none	none	passed
ENCFF318IIO	ENCFF318IIO	ENCSR206OJJ	ENCSR591SYJ	ChromBPNet	normalized bias-corrected predicted signal profile	bigWig	DNase-seq	none	kidney	kidney	kidney	excretory-system	none	none	passed
ENCFF361DTB	ENCFF361DTB	ENCSR792ZXA	ENCSR547BDK	ChromBPNet	normalized bias-corrected predicted signal profile	bigWig	DNase-seq	none	kidney	kidney	kidney	excretory-system	none	none	passed
ENCFF590LLL	ENCFF590LLL	ENCSR757EPJ	ENCSR400JGH	ChromBPNet	normalized bias-corrected predicted signal profile	bigWig	DNase-seq	none	kidney	kidney	kidney	excretory-system	none	none	passed
ENCFF621UNH	ENCFF621UNH	ENCSR953JVX	ENCSR041ZFF	ChromBPNet	normalized bias-corrected predicted signal profile	bigWig	DNase-seq	none	kidney	kidney	kidney	excretory-system	none	none	passed
ENCFF628JVA	ENCFF628JVA	ENCSR437KLY	ENCSR950QAL	ChromBPNet	normalized bias-corrected predicted signal profile	bigWig	DNase-seq	none	kidney	kidney	kidney	excretory-system	none	none	passed
ENCFF688CSE	ENCFF688CSE	ENCSR262QJC	ENCSR619SQW	ChromBPNet	normalized bias-corrected predicted signal profile	bigWig	DNase-seq	none	kidney	kidney	kidney	excretory-system	none	none	passed
ENCFF703QIJ	ENCFF703QIJ	ENCSR082JCE	ENCSR544DAU	ChromBPNet	normalized bias-corrected predicted signal profile	bigWig	DNase-seq	none	kidney	kidney	kidney	excretory-system	none	none	passed
ENCFF707ZEG	ENCFF707ZEG	ENCSR774RCO	ENCSR480JMB	ChromBPNet	normalized bias-corrected predicted signal profile	bigWig	DNase-seq	none	kidney	kidney	kidney	excretory-system	none	none	passed
ENCFF827GJG	ENCFF827GJG	ENCSR499PZA	ENCSR252ZMF	ChromBPNet	normalized bias-corrected predicted signal profile	bigWig	DNase-seq	none	kidney	kidney	kidney	excretory-system	none	none	passed
ENCFF862TAA	ENCFF862TAA	ENCSR066WZJ	ENCSR323YJT	ChromBPNet	normalized bias-corrected predicted signal profile	bigWig	DNase-seq	none	kidney	kidney	kidney	excretory-system	none	none	passed
ENCFF903WAZ	ENCFF903WAZ	ENCSR873ANE	ENCSR388LLM	ChromBPNet	normalized bias-corrected predicted signal profile	bigWig	DNase-seq	none	kidney	kidney	kidney	excretory-system	none	none	passed
ENCFF947WFC	ENCFF947WFC	ENCSR645GJD	ENCSR100KOK	ChromBPNet	normalized bias-corrected predicted signal profile	bigWig	DNase-seq	none	kidney	kidney	kidney	excretory-system	none	none	passed
ENCFF996JUZ	ENCFF996JUZ	ENCSR106OKX	ENCSR409SRV	ChromBPNet	normalized bias-corrected predicted signal profile	bigWig	DNase-seq	none	kidney	kidney	kidney	excretory-system	none	none	passed
ENCFF881JDE	ENCFF881JDE	ENCSR988YKR	ENCSR875FPK	ChromBPNet	normalized bias-corrected predicted signal profile	bigWig	DNase-seq	none	kidney-capillary-endothelial-cell	endothelial	blood-vessel	circulatory-system	none	none	passed
ENCFF266JPR	ENCFF266JPR	ENCSR136KEL	ENCSR120AAX	ChromBPNet	normalized bias-corrected predicted signal profile	bigWig	DNase-seq	none	kidney-glomerular-epithelial-cell	epithelial	epithelial	integumental-system	none	none	passed
ENCFF007JCC	ENCFF007JCC	ENCSR047FNH	ENCSR304TXH	ChromBPNet	normalized bias-corrected predicted signal profile	bigWig	DNase-seq	none	large-intestine	large-intestine	large-intestine	digestive-system	none	none	passed
ENCFF098PMY	ENCFF098PMY	ENCSR800QGE	ENCSR060FTQ	ChromBPNet	normalized bias-corrected predicted signal profile	bigWig	DNase-seq	none	large-intestine	large-intestine	large-intestine	digestive-system	none	none	passed
ENCFF103ZVX	ENCFF103ZVX	ENCSR154YPL	ENCSR306KBB	ChromBPNet	normalized bias-corrected predicted signal profile	bigWig	DNase-seq	none	large-intestine	large-intestine	large-intestine	digestive-system	none	none	passed
ENCFF143VBC	ENCFF143VBC	ENCSR874CAK	ENCSR400GLH	ChromBPNet	normalized bias-corrected predicted signal profile	bigWig	DNase-seq	none	large-intestine	large-intestine	large-intestine	digestive-system	none	none	passed
ENCFF240JOO	ENCFF240JOO	ENCSR563XRP	ENCSR947WWP	ChromBPNet	normalized bias-corrected predicted signal profile	bigWig	DNase-seq	none	large-intestine	large-intestine	large-intestine	digestive-system	none	none	passed
ENCFF259KMG	ENCFF259KMG	ENCSR796SJV	ENCSR693EVI	ChromBPNet	normalized bias-corrected predicted signal profile	bigWig	DNase-seq	none	large-intestine	large-intestine	large-intestine	digestive-system	none	none	passed
ENCFF305GIO	ENCFF305GIO	ENCSR531HPD	ENCSR654WMG	ChromBPNet	normalized bias-corrected predicted signal profile	bigWig	DNase-seq	none	large-intestine	large-intestine	large-intestine	digestive-system	none	none	passed
ENCFF328TGI	ENCFF328TGI	ENCSR762FCX	ENCSR534WZW	ChromBPNet	normalized bias-corrected predicted signal profile	bigWig	DNase-seq	none	large-intestine	large-intestine	large-intestine	digestive-system	none	none	passed
ENCFF382BAY	ENCFF382BAY	ENCSR666YVE	ENCSR208SZX	ChromBPNet	normalized bias-corrected predicted signal profile	bigWig	DNase-seq	none	large-intestine	large-intestine	large-intestine	digestive-system	none	none	passed
ENCFF406NKT	ENCFF406NKT	ENCSR214QEO	ENCSR568PUY	ChromBPNet	normalized bias-corrected predicted signal profile	bigWig	DNase-seq	none	large-intestine	large-intestine	large-intestine	digestive-system	none	none	passed
ENCFF544HAF	ENCFF544HAF	ENCSR857AEB	ENCSR276XFY	ChromBPNet	normalized bias-corrected predicted signal profile	bigWig	DNase-seq	none	large-intestine	large-intestine	large-intestine	digestive-system	none	none	passed
ENCFF573CHY	ENCFF573CHY	ENCSR366EQH	ENCSR113FPW	ChromBPNet	normalized bias-corrected predicted signal profile	bigWig	DNase-seq	none	large-intestine	large-intestine	large-intestine	digestive-system	none	none	passed
ENCFF830CXD	ENCFF830CXD	ENCSR444VTC	ENCSR482OFD	ChromBPNet	normalized bias-corrected predicted signal profile	bigWig	DNase-seq	none	large-intestine	large-intestine	large-intestine	digestive-system	none	none	passed
ENCFF895CWQ	ENCFF895CWQ	ENCSR133SPH	ENCSR814ZUK	ChromBPNet	normalized bias-corrected predicted signal profile	bigWig	DNase-seq	none	large-intestine	large-intestine	large-intestine	digestive-system	none	none	passed
ENCFF284JZU	ENCFF284JZU	ENCSR390SLL	ENCSR426WAU	ChromBPNet	normalized bias-corrected predicted signal profile	bigWig	ATAC-seq	none	left-cardiac-atrium	cardiac	heart	circulatory-system	none	none	passed
ENCFF357WSV	ENCFF357WSV	ENCSR310UDW	ENCSR343DVA	ChromBPNet	normalized bias-corrected predicted signal profile	bigWig	ATAC-seq	none	left-cardiac-atrium	cardiac	heart	circulatory-system	none	none	passed
ENCFF402DAS	ENCFF402DAS	ENCSR330WUK	ENCSR533NOY	ChromBPNet	normalized bias-corrected predicted signal profile	bigWig	ATAC-seq	none	left-cardiac-atrium	cardiac	heart	circulatory-system	none	none	passed
ENCFF738DRL	ENCFF738DRL	ENCSR736CIN	ENCSR803VRT	ChromBPNet	normalized bias-corrected predicted signal profile	bigWig	ATAC-seq	none	left-cardiac-atrium	cardiac	heart	circulatory-system	none	none	passed
ENCFF893MUY	ENCFF893MUY	ENCSR731ODJ	ENCSR872ONH	ChromBPNet	normalized bias-corrected predicted signal profile	bigWig	ATAC-seq	none	left-cardiac-atrium	cardiac	heart	circulatory-system	none	none	passed
ENCFF295AZH	ENCFF295AZH	ENCSR032NNU	ENCSR021QEF	ChromBPNet	normalized bias-corrected predicted signal profile	bigWig	DNase-seq	none	left-cardiac-atrium	cardiac	heart	circulatory-system	none	none	passed
ENCFF174ZYA	ENCFF174ZYA	ENCSR600ZHS	ENCSR241IGX	ChromBPNet	normalized bias-corrected predicted signal profile	bigWig	ATAC-seq	none	left-colon	colon	large-intestine	digestive-system	none	none	passed
ENCFF576RTQ	ENCFF576RTQ	ENCSR867XFA	ENCSR482CSE	ChromBPNet	normalized bias-corrected predicted signal profile	bigWig	DNase-seq	none	left-colon	colon	large-intestine	digestive-system	none	none	passed
ENCFF733MFV	ENCFF733MFV	ENCSR279SXQ	ENCSR878HAK	ChromBPNet	normalized bias-corrected predicted signal profile	bigWig	DNase-seq	none	left-colon	colon	large-intestine	digestive-system	none	none	passed
ENCFF085NOQ	ENCFF085NOQ	ENCSR976XOY	ENCSR930IPA	ChromBPNet	normalized bias-corrected predicted signal profile	bigWig	DNase-seq	none	left-forelimb	limb	limb	skeletal-system	none	none	passed
ENCFF176MCG	ENCFF176MCG	ENCSR431UEM	ENCSR105NZG	ChromBPNet	normalized bias-corrected predicted signal profile	bigWig	DNase-seq	none	left-hindlimb	limb	limb	skeletal-system	none	none	passed
ENCFF060JKP	ENCFF060JKP	ENCSR295DUI	ENCSR162OQQ	ChromBPNet	normalized bias-corrected predicted signal profile	bigWig	DNase-seq	none	left-kidney	kidney	kidney	excretory-system	none	none	passed
ENCFF310GZD	ENCFF310GZD	ENCSR422PVL	ENCSR844BAV	ChromBPNet	normalized bias-corrected predicted signal profile	bigWig	DNase-seq	none	left-kidney	kidney	kidney	excretory-system	none	none	passed
ENCFF369MGZ	ENCFF369MGZ	ENCSR543YPH	ENCSR244ZMB	ChromBPNet	normalized bias-corrected predicted signal profile	bigWig	DNase-seq	none	left-kidney	kidney	kidney	excretory-system	none	none	passed
ENCFF414JWK	ENCFF414JWK	ENCSR120LVW	ENCSR237JRU	ChromBPNet	normalized bias-corrected predicted signal profile	bigWig	DNase-seq	none	left-kidney	kidney	kidney	excretory-system	none	none	passed
ENCFF422GMW	ENCFF422GMW	ENCSR184DFF	ENCSR342VPM	ChromBPNet	normalized bias-corrected predicted signal profile	bigWig	DNase-seq	none	left-kidney	kidney	kidney	excretory-system	none	none	passed
ENCFF501KEJ	ENCFF501KEJ	ENCSR953XJU	ENCSR347CFZ	ChromBPNet	normalized bias-corrected predicted signal profile	bigWig	DNase-seq	none	left-kidney	kidney	kidney	excretory-system	none	none	passed
ENCFF578SXW	ENCFF578SXW	ENCSR600RAA	ENCSR314VYG	ChromBPNet	normalized bias-corrected predicted signal profile	bigWig	DNase-seq	none	left-kidney	kidney	kidney	excretory-system	none	none	passed
ENCFF706GEW	ENCFF706GEW	ENCSR097BWW	ENCSR707BUL	ChromBPNet	normalized bias-corrected predicted signal profile	bigWig	DNase-seq	none	left-kidney	kidney	kidney	excretory-system	none	none	passed
ENCFF737SUB	ENCFF737SUB	ENCSR974TXT	ENCSR303DZH	ChromBPNet	normalized bias-corrected predicted signal profile	bigWig	DNase-seq	none	left-kidney	kidney	kidney	excretory-system	none	none	passed
ENCFF624XIO	ENCFF624XIO	ENCSR624ODL	ENCSR764RSP	ChromBPNet	normalized bias-corrected predicted signal profile	bigWig	ATAC-seq	none	left-lobe-of-liver	liver	liver	digestive-system	none	none	passed
ENCFF558HPA	ENCFF558HPA	ENCSR802ZYE	ENCSR149JWI	ChromBPNet	normalized bias-corrected predicted signal profile	bigWig	DNase-seq	none	left-lobe-of-liver	liver	liver	digestive-system	none	none	passed
ENCFF014LEN	ENCFF014LEN	ENCSR682ETE	ENCSR290BAB	ChromBPNet	normalized bias-corrected predicted signal profile	bigWig	ATAC-seq	none	left-lung	lung	lung	respiratory-system	none	none	passed
ENCFF016YKM	ENCFF016YKM	ENCSR488PHT	ENCSR319KPJ	ChromBPNet	normalized bias-corrected predicted signal profile	bigWig	DNase-seq	none	left-lung	lung	lung	respiratory-system	none	none	passed
ENCFF018WDR	ENCFF018WDR	ENCSR456KDF	ENCSR936GKS	ChromBPNet	normalized bias-corrected predicted signal profile	bigWig	DNase-seq	none	left-lung	lung	lung	respiratory-system	none	none	passed
ENCFF030MPK	ENCFF030MPK	ENCSR441OGH	ENCSR085UWX	ChromBPNet	normalized bias-corrected predicted signal profile	bigWig	DNase-seq	none	left-lung	lung	lung	respiratory-system	none	none	passed
ENCFF220FBT	ENCFF220FBT	ENCSR658UBE	ENCSR773MZG	ChromBPNet	normalized bias-corrected predicted signal profile	bigWig	DNase-seq	none	left-lung	lung	lung	respiratory-system	none	none	passed
ENCFF296SFP	ENCFF296SFP	ENCSR006XED	ENCSR166DMK	ChromBPNet	normalized bias-corrected predicted signal profile	bigWig	DNase-seq	none	left-lung	lung	lung	respiratory-system	none	none	passed
ENCFF305OSG	ENCFF305OSG	ENCSR680SDS	ENCSR750HIY	ChromBPNet	normalized bias-corrected predicted signal profile	bigWig	DNase-seq	none	left-lung	lung	lung	respiratory-system	none	none	passed
ENCFF356XVG	ENCFF356XVG	ENCSR803VCR	ENCSR587DJD	ChromBPNet	normalized bias-corrected predicted signal profile	bigWig	DNase-seq	none	left-lung	lung	lung	respiratory-system	none	none	passed
ENCFF435EGQ	ENCFF435EGQ	ENCSR960EJV	ENCSR775OWR	ChromBPNet	normalized bias-corrected predicted signal profile	bigWig	DNase-seq	none	left-lung	lung	lung	respiratory-system	none	none	passed
ENCFF475JPJ	ENCFF475JPJ	ENCSR510ITB	ENCSR892FMX	ChromBPNet	normalized bias-corrected predicted signal profile	bigWig	DNase-seq	none	left-lung	lung	lung	respiratory-system	none	none	passed
ENCFF769WYI	ENCFF769WYI	ENCSR935EVZ	ENCSR775HQN	ChromBPNet	normalized bias-corrected predicted signal profile	bigWig	DNase-seq	none	left-lung	lung	lung	respiratory-system	none	none	passed
ENCFF812WUX	ENCFF812WUX	ENCSR953WJO	ENCSR084DDJ	ChromBPNet	normalized bias-corrected predicted signal profile	bigWig	DNase-seq	none	left-lung	lung	lung	respiratory-system	none	none	passed
ENCFF052GXC	ENCFF052GXC	ENCSR092WMD	ENCSR806RQQ	ChromBPNet	normalized bias-corrected predicted signal profile	bigWig	DNase-seq	none	left-renal-cortex-interstitium	renal	kidney	excretory-system	none	none	passed
ENCFF330MQV	ENCFF330MQV	ENCSR928SYE	ENCSR819BCH	ChromBPNet	normalized bias-corrected predicted signal profile	bigWig	DNase-seq	none	left-renal-cortex-interstitium	renal	kidney	excretory-system	none	none	passed
ENCFF349QMO	ENCFF349QMO	ENCSR588JXI	ENCSR868XDI	ChromBPNet	normalized bias-corrected predicted signal profile	bigWig	DNase-seq	none	left-renal-cortex-interstitium	renal	kidney	excretory-system	none	none	passed
ENCFF970CFI	ENCFF970CFI	ENCSR039ZVQ	ENCSR972EGH	ChromBPNet	normalized bias-corrected predicted signal profile	bigWig	DNase-seq	none	left-renal-cortex-interstitium	renal	kidney	excretory-system	none	none	passed
ENCFF099DLV	ENCFF099DLV	ENCSR258IBL	ENCSR910NEW	ChromBPNet	normalized bias-corrected predicted signal profile	bigWig	DNase-seq	none	left-renal-pelvis	renal	kidney	excretory-system	none	none	passed
ENCFF150TEN	ENCFF150TEN	ENCSR320SVK	ENCSR943DPF	ChromBPNet	normalized bias-corrected predicted signal profile	bigWig	DNase-seq	none	left-renal-pelvis	renal	kidney	excretory-system	none	none	passed
ENCFF184TTM	ENCFF184TTM	ENCSR318JAA	ENCSR912CMN	ChromBPNet	normalized bias-corrected predicted signal profile	bigWig	DNase-seq	none	left-renal-pelvis	renal	kidney	excretory-system	none	none	passed
ENCFF511FRI	ENCFF511FRI	ENCSR016THC	ENCSR394XWN	ChromBPNet	normalized bias-corrected predicted signal profile	bigWig	DNase-seq	none	left-renal-pelvis	renal	kidney	excretory-system	none	none	passed
ENCFF533LSK	ENCFF533LSK	ENCSR946MAI	ENCSR446PUF	ChromBPNet	normalized bias-corrected predicted signal profile	bigWig	ATAC-seq	none	left-ventricle-myocardium-inferior	ventricle	heart	circulatory-system	none	none	passed
ENCFF747IXX	ENCFF747IXX	ENCSR770OTB	ENCSR057XMV	ChromBPNet	normalized bias-corrected predicted signal profile	bigWig	DNase-seq	none	left-ventricle-myocardium-inferior	ventricle	heart	circulatory-system	none	none	passed
ENCFF388FFA	ENCFF388FFA	ENCSR133WJY	ENCSR317GGQ	ChromBPNet	normalized bias-corrected predicted signal profile	bigWig	ATAC-seq	none	left-ventricle-myocardium-superior	ventricle	heart	circulatory-system	none	none	passed
ENCFF601KOK	ENCFF601KOK	ENCSR355WAJ	ENCSR462CFV	ChromBPNet	normalized bias-corrected predicted signal profile	bigWig	DNase-seq	none	left-ventricle-myocardium-superior	ventricle	heart	circulatory-system	none	none	passed
ENCFF020KQH	ENCFF020KQH	ENCSR532CRI	ENCSR858EVI	ChromBPNet	normalized bias-corrected predicted signal profile	bigWig	DNase-seq	none	limb	limb	limb	skeletal-system	none	none	passed
ENCFF641JAF	ENCFF641JAF	ENCSR818JGZ	ENCSR138OCE	ChromBPNet	normalized bias-corrected predicted signal profile	bigWig	DNase-seq	none	limb	limb	limb	skeletal-system	none	none	passed
ENCFF585MDD	ENCFF585MDD	ENCSR124NNL	ENCSR236XBM	ChromBPNet	normalized bias-corrected predicted signal profile	bigWig	ATAC-seq	none	liver	liver	liver	digestive-system	none	none	passed
ENCFF140HOI	ENCFF140HOI	ENCSR562FNN	ENCSR399FII	ChromBPNet	normalized bias-corrected predicted signal profile	bigWig	DNase-seq	none	liver	liver	liver	digestive-system	none	none	passed
ENCFF200HQQ	ENCFF200HQQ	ENCSR158YXM	ENCSR603COG	ChromBPNet	normalized bias-corrected predicted signal profile	bigWig	DNase-seq	none	liver	liver	liver	digestive-system	none	none	passed
ENCFF849OPH	ENCFF849OPH	ENCSR361DND	ENCSR405UQT	ChromBPNet	normalized bias-corrected predicted signal profile	bigWig	DNase-seq	none	lower-leg-skin	skin	skin	integumental-system	none	none	passed
ENCFF811ZFL	ENCFF811ZFL	ENCSR555ZDH	ENCSR980GNO	ChromBPNet	normalized bias-corrected predicted signal profile	bigWig	ATAC-seq	none	lower-lobe-of-left-lung	lung	lung	respiratory-system	none	none	passed
ENCFF663DQI	ENCFF663DQI	ENCSR632ONQ	ENCSR034LAG	ChromBPNet	normalized bias-corrected predicted signal profile	bigWig	DNase-seq	none	lower-lobe-of-left-lung	lung	lung	respiratory-system	none	none	passed
ENCFF977BVX	ENCFF977BVX	ENCSR757NJT	ENCSR390HOR	ChromBPNet	normalized bias-corrected predicted signal profile	bigWig	DNase-seq	none	lower-lobe-of-left-lung	lung	lung	respiratory-system	none	none	passed
ENCFF741LTQ	ENCFF741LTQ	ENCSR923VTG	ENCSR609WOB	ChromBPNet	normalized bias-corrected predicted signal profile	bigWig	ATAC-seq	none	lower-lobe-of-right-lung	lung	lung	respiratory-system	none	none	passed
ENCFF968XRG	ENCFF968XRG	ENCSR948MQC	ENCSR507JRS	ChromBPNet	normalized bias-corrected predicted signal profile	bigWig	ATAC-seq	none	lower-lobe-of-right-lung	lung	lung	respiratory-system	none	none	passed
ENCFF883SUJ	ENCFF883SUJ	ENCSR785JXR	ENCSR034ERV	ChromBPNet	normalized bias-corrected predicted signal profile	bigWig	DNase-seq	none	lower-lobe-of-right-lung	lung	lung	respiratory-system	none	none	passed
ENCFF048BKD	ENCFF048BKD	ENCSR647AOY	ENCSR936INA	ChromBPNet	normalized bias-corrected predicted signal profile	bigWig	ATAC-seq	none	lung	lung	lung	respiratory-system	none	none	passed
ENCFF133XMK	ENCFF133XMK	ENCSR141IUS	ENCSR092FZS	ChromBPNet	normalized bias-corrected predicted signal profile	bigWig	DNase-seq	none	lung	lung	lung	respiratory-system	none	none	passed
ENCFF285VVW	ENCFF285VVW	ENCSR627NIF	ENCSR443LVM	ChromBPNet	normalized bias-corrected predicted signal profile	bigWig	DNase-seq	none	lung	lung	lung	respiratory-system	none	none	passed
ENCFF332KUK	ENCFF332KUK	ENCSR318WOD	ENCSR013BTY	ChromBPNet	normalized bias-corrected predicted signal profile	bigWig	DNase-seq	none	lung	lung	lung	respiratory-system	none	none	passed
ENCFF409CCE	ENCFF409CCE	ENCSR214XJO	ENCSR577VHS	ChromBPNet	normalized bias-corrected predicted signal profile	bigWig	DNase-seq	none	lung	lung	lung	respiratory-system	none	none	passed
ENCFF521CRY	ENCFF521CRY	ENCSR006IJP	ENCSR481HGO	ChromBPNet	normalized bias-corrected predicted signal profile	bigWig	DNase-seq	none	lung	lung	lung	respiratory-system	none	none	passed
ENCFF580CZQ	ENCFF580CZQ	ENCSR504KZE	ENCSR430JNN	ChromBPNet	normalized bias-corrected predicted signal profile	bigWig	DNase-seq	none	lung	lung	lung	respiratory-system	none	none	passed
ENCFF582RHJ	ENCFF582RHJ	ENCSR945JJB	ENCSR376IJB	ChromBPNet	normalized bias-corrected predicted signal profile	bigWig	DNase-seq	none	lung	lung	lung	respiratory-system	none	none	passed
ENCFF824WAC	ENCFF824WAC	ENCSR076YBB	ENCSR760EMJ	ChromBPNet	normalized bias-corrected predicted signal profile	bigWig	DNase-seq	none	lung	lung	lung	respiratory-system	none	none	passed
ENCFF844AYM	ENCFF844AYM	ENCSR587HPR	ENCSR195ZBJ	ChromBPNet	normalized bias-corrected predicted signal profile	bigWig	DNase-seq	none	lung	lung	lung	respiratory-system	none	none	passed
ENCFF923JYH	ENCFF923JYH	ENCSR986XLW	ENCSR735RRA	ChromBPNet	normalized bias-corrected predicted signal profile	bigWig	DNase-seq	none	lung	lung	lung	respiratory-system	none	none	passed
ENCFF995IUB	ENCFF995IUB	ENCSR582IPV	ENCSR692PPT	ChromBPNet	normalized bias-corrected predicted signal profile	bigWig	DNase-seq	none	lung	lung	lung	respiratory-system	none	none	passed
ENCFF468YBB	ENCFF468YBB	ENCSR000EOE	ENCSR501LUY	ChromBPNet	normalized bias-corrected predicted signal profile	bigWig	DNase-seq	none	lung-microvascular-endothelial-cell	endothelial	blood-vessel	circulatory-system	none	none	passed
ENCFF645BKZ	ENCFF645BKZ	ENCSR000EOD	ENCSR213BXO	ChromBPNet	normalized bias-corrected predicted signal profile	bigWig	DNase-seq	none	lung-microvascular-endothelial-cell	endothelial	blood-vessel	circulatory-system	none	none	passed
ENCFF339GVR	ENCFF339GVR	ENCSR000ENV	ENCSR499STU	ChromBPNet	normalized bias-corrected predicted signal profile	bigWig	DNase-seq	none	mammary-epithelial-cell	epithelial	epithelial	integumental-system	none	none	passed
ENCFF692VMM	ENCFF692VMM	ENCSR817ALC	ENCSR496IHH	ChromBPNet	normalized bias-corrected predicted signal profile	bigWig	DNase-seq	none	mammary-epithelial-cell	epithelial	epithelial	integumental-system	none	none	passed
ENCFF379PLL	ENCFF379PLL	ENCSR224IYD	ENCSR409CJJ	ChromBPNet	normalized bias-corrected predicted signal profile	bigWig	DNase-seq	none	medulla-oblongata	medulla	brain	central-nervous-system	none	none	passed
ENCFF835RDP	ENCFF835RDP	ENCSR610AQP	ENCSR775HRI	ChromBPNet	normalized bias-corrected predicted signal profile	bigWig	ATAC-seq	none	memory-B-cell	b-cell	immune	immune-system	none	none	passed
ENCFF365TYW	ENCFF365TYW	ENCSR229BGG	ENCSR772VTJ	ChromBPNet	normalized bias-corrected predicted signal profile	bigWig	DNase-seq	none	memory-B-cell	b-cell	immune	immune-system	none	none	passed
ENCFF749EJS	ENCFF749EJS	ENCSR736VVP	ENCSR676BXL	ChromBPNet	normalized bias-corrected predicted signal profile	bigWig	DNase-seq	none	memory-B-cell	b-cell	immune	immune-system	none	none	passed
ENCFF485FLH	ENCFF485FLH	ENCSR731QLJ	ENCSR125NZI	ChromBPNet	normalized bias-corrected predicted signal profile	bigWig	DNase-seq	none	mesenchymal-stem-cell	stem-cell	stem-cell	developmental-system	none	none	passed
ENCFF241LTN	ENCFF241LTN	ENCSR714DIF	ENCSR375YWK	ChromBPNet	normalized bias-corrected predicted signal profile	bigWig	DNase-seq	none	mesendoderm	endoderm	endodermal	developmental-system	none	none	passed
ENCFF926OMC	ENCFF926OMC	ENCSR551CSY	ENCSR982HSG	ChromBPNet	normalized bias-corrected predicted signal profile	bigWig	ATAC-seq	none	mesenteric-fat-pad	fat	skin	integumental-system	none	none	passed
ENCFF574DXI	ENCFF574DXI	ENCSR945KSP	ENCSR211GRM	ChromBPNet	normalized bias-corrected predicted signal profile	bigWig	DNase-seq	none	mesothelial-cell-of-epicardium	epicardium	heart	circulatory-system	none	none	passed
ENCFF488DDZ	ENCFF488DDZ	ENCSR706IDL	ENCSR978NMB	ChromBPNet	normalized bias-corrected predicted signal profile	bigWig	DNase-seq	none	midbrain	brain	brain	central-nervous-system	none	none	passed
ENCFF126SLB	ENCFF126SLB	ENCSR318PRQ	ENCSR365UQB	ChromBPNet	normalized bias-corrected predicted signal profile	bigWig	DNase-seq	none	middle-frontal-gyrus	gyrus	brain	central-nervous-system	none	none	passed
ENCFF117TUD	ENCFF117TUD	ENCSR704VZY	ENCSR992JTX	ChromBPNet	normalized bias-corrected predicted signal profile	bigWig	ATAC-seq	none	motor-neuron	neuron	nerve	central-nervous-system	none	none	passed
ENCFF213PEN	ENCFF213PEN	ENCSR913OWV	ENCSR667CJC	ChromBPNet	normalized bias-corrected predicted signal profile	bigWig	ATAC-seq	none	motor-neuron	neuron	nerve	central-nervous-system	none	none	passed
ENCFF269DVB	ENCFF269DVB	ENCSR410DWV	ENCSR098BDH	ChromBPNet	normalized bias-corrected predicted signal profile	bigWig	ATAC-seq	none	motor-neuron	neuron	nerve	central-nervous-system	none	none	passed
ENCFF317OXJ	ENCFF317OXJ	ENCSR634WYX	ENCSR108WVW	ChromBPNet	normalized bias-corrected predicted signal profile	bigWig	ATAC-seq	none	motor-neuron	neuron	nerve	central-nervous-system	none	none	passed
ENCFF318DYP	ENCFF318DYP	ENCSR812ZKP	ENCSR293UQL	ChromBPNet	normalized bias-corrected predicted signal profile	bigWig	ATAC-seq	none	motor-neuron	neuron	nerve	central-nervous-system	none	none	passed
ENCFF443CIR	ENCFF443CIR	ENCSR459PVP	ENCSR860FGK	ChromBPNet	normalized bias-corrected predicted signal profile	bigWig	ATAC-seq	none	motor-neuron	neuron	nerve	central-nervous-system	none	none	passed
ENCFF589EUS	ENCFF589EUS	ENCSR709QRD	ENCSR391QZM	ChromBPNet	normalized bias-corrected predicted signal profile	bigWig	ATAC-seq	none	motor-neuron	neuron	nerve	central-nervous-system	none	none	passed
ENCFF635UMC	ENCFF635UMC	ENCSR516YAD	ENCSR564RRF	ChromBPNet	normalized bias-corrected predicted signal profile	bigWig	ATAC-seq	none	motor-neuron	neuron	nerve	central-nervous-system	none	none	passed
ENCFF751NUO	ENCFF751NUO	ENCSR131HOY	ENCSR843NKK	ChromBPNet	normalized bias-corrected predicted signal profile	bigWig	ATAC-seq	none	motor-neuron	neuron	nerve	central-nervous-system	none	none	passed
ENCFF965TQP	ENCFF965TQP	ENCSR065CER	ENCSR308SWU	ChromBPNet	normalized bias-corrected predicted signal profile	bigWig	ATAC-seq	none	motor-neuron	neuron	nerve	central-nervous-system	none	none	passed
ENCFF270UGX	ENCFF270UGX	ENCSR496PPU	ENCSR588VNU	ChromBPNet	normalized bias-corrected predicted signal profile	bigWig	ATAC-seq	none	mucosa-of-descending-colon	colon	large-intestine	digestive-system	none	none	passed
ENCFF634ZSP	ENCFF634ZSP	ENCSR491VXJ	ENCSR413TKV	ChromBPNet	normalized bias-corrected predicted signal profile	bigWig	ATAC-seq	none	mucosa-of-descending-colon	colon	large-intestine	digestive-system	none	none	passed
ENCFF003XXI	ENCFF003XXI	ENCSR507DQC	ENCSR759ERC	ChromBPNet	normalized bias-corrected predicted signal profile	bigWig	DNase-seq	none	mucosa-of-descending-colon	colon	large-intestine	digestive-system	none	none	passed
ENCFF746ENO	ENCFF746ENO	ENCSR404TSP	ENCSR317GLC	ChromBPNet	normalized bias-corrected predicted signal profile	bigWig	DNase-seq	none	mucosa-of-descending-colon	colon	large-intestine	digestive-system	none	none	passed
ENCFF893YLA	ENCFF893YLA	ENCSR612CTW	ENCSR722YBR	ChromBPNet	normalized bias-corrected predicted signal profile	bigWig	DNase-seq	none	mucosa-of-descending-colon	colon	large-intestine	digestive-system	none	none	passed
ENCFF723PBZ	ENCFF723PBZ	ENCSR695FLC	ENCSR649LBS	ChromBPNet	normalized bias-corrected predicted signal profile	bigWig	ATAC-seq	none	mucosa-of-gallbladder	bladder	bladder	excretory-system	none	none	passed
ENCFF026RDG	ENCFF026RDG	ENCSR011SAG	ENCSR493ZPF	ChromBPNet	normalized bias-corrected predicted signal profile	bigWig	DNase-seq	none	mucosa-of-gallbladder	bladder	bladder	excretory-system	none	none	passed
ENCFF594GCV	ENCFF594GCV	ENCSR548SSP	ENCSR034VPK	ChromBPNet	normalized bias-corrected predicted signal profile	bigWig	ATAC-seq	none	mucosa-of-urinary-bladder	bladder	bladder	excretory-system	none	none	passed
ENCFF820BUD	ENCFF820BUD	ENCSR153IUB	ENCSR872ETC	ChromBPNet	normalized bias-corrected predicted signal profile	bigWig	ATAC-seq	none	mucosa-of-urinary-bladder	bladder	bladder	excretory-system	none	none	passed
ENCFF129NEF	ENCFF129NEF	ENCSR452EGE	ENCSR767FMQ	ChromBPNet	normalized bias-corrected predicted signal profile	bigWig	DNase-seq	none	muscle-of-arm	muscle	muscle	musculature	none	none	passed
ENCFF220WZZ	ENCFF220WZZ	ENCSR888GBS	ENCSR297AUU	ChromBPNet	normalized bias-corrected predicted signal profile	bigWig	DNase-seq	none	muscle-of-arm	muscle	muscle	musculature	none	none	passed
ENCFF228ZUY	ENCFF228ZUY	ENCSR517NHP	ENCSR439BOP	ChromBPNet	normalized bias-corrected predicted signal profile	bigWig	DNase-seq	none	muscle-of-arm	muscle	muscle	musculature	none	none	passed
ENCFF262UPD	ENCFF262UPD	ENCSR062DXC	ENCSR669LKG	ChromBPNet	normalized bias-corrected predicted signal profile	bigWig	DNase-seq	none	muscle-of-arm	muscle	muscle	musculature	none	none	passed
ENCFF371BLI	ENCFF371BLI	ENCSR357PMV	ENCSR997OAD	ChromBPNet	normalized bias-corrected predicted signal profile	bigWig	DNase-seq	none	muscle-of-arm	muscle	muscle	musculature	none	none	passed
ENCFF429NEJ	ENCFF429NEJ	ENCSR356QCD	ENCSR260XZC	ChromBPNet	normalized bias-corrected predicted signal profile	bigWig	DNase-seq	none	muscle-of-arm	muscle	muscle	musculature	none	none	passed
ENCFF488YRJ	ENCFF488YRJ	ENCSR303YII	ENCSR701ZAN	ChromBPNet	normalized bias-corrected predicted signal profile	bigWig	DNase-seq	none	muscle-of-arm	muscle	muscle	musculature	none	none	passed
ENCFF499VFC	ENCFF499VFC	ENCSR753QKD	ENCSR723QGH	ChromBPNet	normalized bias-corrected predicted signal profile	bigWig	DNase-seq	none	muscle-of-arm	muscle	muscle	musculature	none	none	passed
ENCFF510AHM	ENCFF510AHM	ENCSR619BNL	ENCSR084NFS	ChromBPNet	normalized bias-corrected predicted signal profile	bigWig	DNase-seq	none	muscle-of-arm	muscle	muscle	musculature	none	none	passed
ENCFF523BPQ	ENCFF523BPQ	ENCSR826ERZ	ENCSR204UTL	ChromBPNet	normalized bias-corrected predicted signal profile	bigWig	DNase-seq	none	muscle-of-arm	muscle	muscle	musculature	none	none	passed
ENCFF527EXE	ENCFF527EXE	ENCSR649PJN	ENCSR099UWX	ChromBPNet	normalized bias-corrected predicted signal profile	bigWig	DNase-seq	none	muscle-of-arm	muscle	muscle	musculature	none	none	passed
ENCFF559BFI	ENCFF559BFI	ENCSR270LZE	ENCSR667FJR	ChromBPNet	normalized bias-corrected predicted signal profile	bigWig	DNase-seq	none	muscle-of-arm	muscle	muscle	musculature	none	none	passed
ENCFF675VGX	ENCFF675VGX	ENCSR949JYS	ENCSR451NQD	ChromBPNet	normalized bias-corrected predicted signal profile	bigWig	DNase-seq	none	muscle-of-arm	muscle	muscle	musculature	none	none	passed
ENCFF771UEV	ENCFF771UEV	ENCSR951XEN	ENCSR784LHF	ChromBPNet	normalized bias-corrected predicted signal profile	bigWig	DNase-seq	none	muscle-of-arm	muscle	muscle	musculature	none	none	passed
ENCFF824QBK	ENCFF824QBK	ENCSR956NOL	ENCSR132ZIL	ChromBPNet	normalized bias-corrected predicted signal profile	bigWig	DNase-seq	none	muscle-of-arm	muscle	muscle	musculature	none	none	passed
ENCFF016WBT	ENCFF016WBT	ENCSR193LYA	ENCSR006WBH	ChromBPNet	normalized bias-corrected predicted signal profile	bigWig	DNase-seq	none	muscle-of-back	muscle	muscle	musculature	none	none	passed
ENCFF059RDD	ENCFF059RDD	ENCSR010ZMK	ENCSR793EFR	ChromBPNet	normalized bias-corrected predicted signal profile	bigWig	DNase-seq	none	muscle-of-back	muscle	muscle	musculature	none	none	passed
ENCFF064LXO	ENCFF064LXO	ENCSR072NBR	ENCSR338CYP	ChromBPNet	normalized bias-corrected predicted signal profile	bigWig	DNase-seq	none	muscle-of-back	muscle	muscle	musculature	none	none	passed
ENCFF118VWJ	ENCFF118VWJ	ENCSR141NSQ	ENCSR071YMB	ChromBPNet	normalized bias-corrected predicted signal profile	bigWig	DNase-seq	none	muscle-of-back	muscle	muscle	musculature	none	none	passed
ENCFF560SLW	ENCFF560SLW	ENCSR438TWI	ENCSR467GZH	ChromBPNet	normalized bias-corrected predicted signal profile	bigWig	DNase-seq	none	muscle-of-back	muscle	muscle	musculature	none	none	passed
ENCFF563CNC	ENCFF563CNC	ENCSR295ELC	ENCSR941HRR	ChromBPNet	normalized bias-corrected predicted signal profile	bigWig	DNase-seq	none	muscle-of-back	muscle	muscle	musculature	none	none	passed
ENCFF595WIY	ENCFF595WIY	ENCSR698CUE	ENCSR436KLL	ChromBPNet	normalized bias-corrected predicted signal profile	bigWig	DNase-seq	none	muscle-of-back	muscle	muscle	musculature	none	none	passed
ENCFF682GNR	ENCFF682GNR	ENCSR585CGU	ENCSR704MNS	ChromBPNet	normalized bias-corrected predicted signal profile	bigWig	DNase-seq	none	muscle-of-back	muscle	muscle	musculature	none	none	passed
ENCFF699DWW	ENCFF699DWW	ENCSR106RBR	ENCSR246WUN	ChromBPNet	normalized bias-corrected predicted signal profile	bigWig	DNase-seq	none	muscle-of-back	muscle	muscle	musculature	none	none	passed
ENCFF701MZL	ENCFF701MZL	ENCSR476SDZ	ENCSR604WIO	ChromBPNet	normalized bias-corrected predicted signal profile	bigWig	DNase-seq	none	muscle-of-back	muscle	muscle	musculature	none	none	passed
ENCFF843FYL	ENCFF843FYL	ENCSR174GXG	ENCSR037WSC	ChromBPNet	normalized bias-corrected predicted signal profile	bigWig	DNase-seq	none	muscle-of-back	muscle	muscle	musculature	none	none	passed
ENCFF854XWV	ENCFF854XWV	ENCSR786FWF	ENCSR347XBH	ChromBPNet	normalized bias-corrected predicted signal profile	bigWig	DNase-seq	none	muscle-of-back	muscle	muscle	musculature	none	none	passed
ENCFF875WYK	ENCFF875WYK	ENCSR033STL	ENCSR147DMQ	ChromBPNet	normalized bias-corrected predicted signal profile	bigWig	DNase-seq	none	muscle-of-back	muscle	muscle	musculature	none	none	passed
ENCFF107RNR	ENCFF107RNR	ENCSR033DQS	ENCSR023VRN	ChromBPNet	normalized bias-corrected predicted signal profile	bigWig	DNase-seq	none	muscle-of-leg	muscle	muscle	musculature	none	none	passed
ENCFF329FTT	ENCFF329FTT	ENCSR198JXW	ENCSR915HQH	ChromBPNet	normalized bias-corrected predicted signal profile	bigWig	DNase-seq	none	muscle-of-leg	muscle	muscle	musculature	none	none	passed
ENCFF367XJT	ENCFF367XJT	ENCSR297ORG	ENCSR127GFJ	ChromBPNet	normalized bias-corrected predicted signal profile	bigWig	DNase-seq	none	muscle-of-leg	muscle	muscle	musculature	none	none	passed
ENCFF439REZ	ENCFF439REZ	ENCSR272RQX	ENCSR084ZVM	ChromBPNet	normalized bias-corrected predicted signal profile	bigWig	DNase-seq	none	muscle-of-leg	muscle	muscle	musculature	none	none	passed
ENCFF476ZEQ	ENCFF476ZEQ	ENCSR286WIA	ENCSR563QIN	ChromBPNet	normalized bias-corrected predicted signal profile	bigWig	DNase-seq	none	muscle-of-leg	muscle	muscle	musculature	none	none	passed
ENCFF609NYJ	ENCFF609NYJ	ENCSR861NUH	ENCSR944QXV	ChromBPNet	normalized bias-corrected predicted signal profile	bigWig	DNase-seq	none	muscle-of-leg	muscle	muscle	musculature	none	none	passed
ENCFF700NGX	ENCFF700NGX	ENCSR622CAH	ENCSR887XQO	ChromBPNet	normalized bias-corrected predicted signal profile	bigWig	DNase-seq	none	muscle-of-leg	muscle	muscle	musculature	none	none	passed
ENCFF779AUI	ENCFF779AUI	ENCSR938UOR	ENCSR642UBP	ChromBPNet	normalized bias-corrected predicted signal profile	bigWig	DNase-seq	none	muscle-of-leg	muscle	muscle	musculature	none	none	passed
ENCFF791SNY	ENCFF791SNY	ENCSR167XSQ	ENCSR951VPU	ChromBPNet	normalized bias-corrected predicted signal profile	bigWig	DNase-seq	none	muscle-of-leg	muscle	muscle	musculature	none	none	passed
ENCFF824CIL	ENCFF824CIL	ENCSR937RVN	ENCSR544GNB	ChromBPNet	normalized bias-corrected predicted signal profile	bigWig	DNase-seq	none	muscle-of-leg	muscle	muscle	musculature	none	none	passed
ENCFF890GYF	ENCFF890GYF	ENCSR059LXL	ENCSR771RUL	ChromBPNet	normalized bias-corrected predicted signal profile	bigWig	DNase-seq	none	muscle-of-leg	muscle	muscle	musculature	none	none	passed
ENCFF969NPV	ENCFF969NPV	ENCSR294QCR	ENCSR146ZYL	ChromBPNet	normalized bias-corrected predicted signal profile	bigWig	DNase-seq	none	muscle-of-leg	muscle	muscle	musculature	none	none	passed
ENCFF166TSV	ENCFF166TSV	ENCSR440FZS	ENCSR038BQY	ChromBPNet	normalized bias-corrected predicted signal profile	bigWig	DNase-seq	none	muscle-of-trunk	muscle	muscle	musculature	none	none	passed
ENCFF459VEJ	ENCFF459VEJ	ENCSR411MGY	ENCSR276ZAN	ChromBPNet	normalized bias-corrected predicted signal profile	bigWig	DNase-seq	none	muscle-of-trunk	muscle	muscle	musculature	none	none	passed
ENCFF494QOA	ENCFF494QOA	ENCSR217YRJ	ENCSR183INL	ChromBPNet	normalized bias-corrected predicted signal profile	bigWig	DNase-seq	none	muscle-of-trunk	muscle	muscle	musculature	none	none	passed
ENCFF434HIV	ENCFF434HIV	ENCSR000EPD	ENCSR838EIU	ChromBPNet	normalized bias-corrected predicted signal profile	bigWig	DNase-seq	none	myocyte	myocyte	muscle	musculature	none	none	passed
ENCFF552FFA	ENCFF552FFA	ENCSR000EOP	ENCSR523GUI	ChromBPNet	normalized bias-corrected predicted signal profile	bigWig	DNase-seq	none	myotube	myotube	muscle	musculature	none	none	passed
ENCFF025FDA	ENCFF025FDA	ENCSR903WVU	ENCSR993ADC	ChromBPNet	normalized bias-corrected predicted signal profile	bigWig	ATAC-seq	none	naive-B-cell	b-cell	immune	immune-system	none	none	passed
ENCFF287IJI	ENCFF287IJI	ENCSR685OFR	ENCSR479HKQ	ChromBPNet	normalized bias-corrected predicted signal profile	bigWig	ATAC-seq	none	naive-B-cell	b-cell	immune	immune-system	none	none	passed
ENCFF281NLB	ENCFF281NLB	ENCSR739VKY	ENCSR167ROT	ChromBPNet	normalized bias-corrected predicted signal profile	bigWig	DNase-seq	none	naive-B-cell	b-cell	immune	immune-system	none	none	passed
ENCFF521EBL	ENCFF521EBL	ENCSR480SNC	ENCSR365UQV	ChromBPNet	normalized bias-corrected predicted signal profile	bigWig	DNase-seq	none	naive-B-cell	b-cell	immune	immune-system	none	none	passed
ENCFF482VTI	ENCFF482VTI	ENCSR452COS	ENCSR021MKA	ChromBPNet	normalized bias-corrected predicted signal profile	bigWig	ATAC-seq	none	naive-thymus-derived-CD4-positive,-alpha-beta-T-cell	t-cell	immune	immune-system	none	none	passed
ENCFF627YFT	ENCFF627YFT	ENCSR260LAN	ENCSR973ELB	ChromBPNet	normalized bias-corrected predicted signal profile	bigWig	ATAC-seq	none	naive-thymus-derived-CD4-positive,-alpha-beta-T-cell	t-cell	immune	immune-system	none	none	passed
ENCFF092OBV	ENCFF092OBV	ENCSR000EML	ENCSR792XWI	ChromBPNet	normalized bias-corrected predicted signal profile	bigWig	DNase-seq	none	naive-thymus-derived-CD4-positive,-alpha-beta-T-cell	t-cell	immune	immune-system	none	none	passed
ENCFF117HFK	ENCFF117HFK	ENCSR000EMM	ENCSR955XIL	ChromBPNet	normalized bias-corrected predicted signal profile	bigWig	DNase-seq	none	naive-thymus-derived-CD4-positive,-alpha-beta-T-cell	t-cell	immune	immune-system	none	none	passed
ENCFF163BMO	ENCFF163BMO	ENCSR387EYA	ENCSR410LHN	ChromBPNet	normalized bias-corrected predicted signal profile	bigWig	DNase-seq	none	naive-thymus-derived-CD4-positive,-alpha-beta-T-cell	t-cell	immune	immune-system	none	none	passed
ENCFF250LKS	ENCFF250LKS	ENCSR125OEJ	ENCSR777DQL	ChromBPNet	normalized bias-corrected predicted signal profile	bigWig	DNase-seq	none	naive-thymus-derived-CD4-positive,-alpha-beta-T-cell	t-cell	immune	immune-system	none	none	passed
ENCFF544DBM	ENCFF544DBM	ENCSR531AYV	ENCSR264EXC	ChromBPNet	normalized bias-corrected predicted signal profile	bigWig	DNase-seq	none	naive-thymus-derived-CD4-positive,-alpha-beta-T-cell	t-cell	immune	immune-system	none	none	passed
ENCFF744HFF	ENCFF744HFF	ENCSR969QKG	ENCSR000SWL	ChromBPNet	normalized bias-corrected predicted signal profile	bigWig	DNase-seq	none	naive-thymus-derived-CD4-positive,-alpha-beta-T-cell	t-cell	immune	immune-system	none	none	passed
ENCFF995TVE	ENCFF995TVE	ENCSR232NLA	ENCSR490VKT	ChromBPNet	normalized bias-corrected predicted signal profile	bigWig	DNase-seq	none	naive-thymus-derived-CD4-positive,-alpha-beta-T-cell	t-cell	immune	immune-system	none	none	passed
ENCFF080KMS	ENCFF080KMS	ENCSR513EVP	ENCSR531ENM	ChromBPNet	normalized bias-corrected predicted signal profile	bigWig	ATAC-seq	none	naive-thymus-derived-CD8-positive,-alpha-beta-T-cell	t-cell	immune	immune-system	none	none	passed
ENCFF784PEN	ENCFF784PEN	ENCSR283LPH	ENCSR035TEW	ChromBPNet	normalized bias-corrected predicted signal profile	bigWig	ATAC-seq	none	naive-thymus-derived-CD8-positive,-alpha-beta-T-cell	t-cell	immune	immune-system	none	none	passed
ENCFF973IMV	ENCFF973IMV	ENCSR614JAG	ENCSR996BEY	ChromBPNet	normalized bias-corrected predicted signal profile	bigWig	ATAC-seq	none	naive-thymus-derived-CD8-positive,-alpha-beta-T-cell	t-cell	immune	immune-system	none	none	passed
ENCFF073XRF	ENCFF073XRF	ENCSR237BOF	ENCSR554LKW	ChromBPNet	normalized bias-corrected predicted signal profile	bigWig	DNase-seq	none	naive-thymus-derived-CD8-positive,-alpha-beta-T-cell	t-cell	immune	immune-system	none	none	passed
ENCFF264JIB	ENCFF264JIB	ENCSR332HAD	ENCSR132JVG	ChromBPNet	normalized bias-corrected predicted signal profile	bigWig	DNase-seq	none	naive-thymus-derived-CD8-positive,-alpha-beta-T-cell	t-cell	immune	immune-system	none	none	passed
ENCFF317MTK	ENCFF317MTK	ENCSR445QDZ	ENCSR650ORE	ChromBPNet	normalized bias-corrected predicted signal profile	bigWig	DNase-seq	none	naive-thymus-derived-CD8-positive,-alpha-beta-T-cell	t-cell	immune	immune-system	none	none	passed
ENCFF379DYH	ENCFF379DYH	ENCSR889ONK	ENCSR668QCT	ChromBPNet	normalized bias-corrected predicted signal profile	bigWig	DNase-seq	none	naive-thymus-derived-CD8-positive,-alpha-beta-T-cell	t-cell	immune	immune-system	none	none	passed
ENCFF399PRB	ENCFF399PRB	ENCSR367WVH	ENCSR709FWR	ChromBPNet	normalized bias-corrected predicted signal profile	bigWig	DNase-seq	none	naive-thymus-derived-CD8-positive,-alpha-beta-T-cell	t-cell	immune	immune-system	none	none	passed
ENCFF502ZRR	ENCFF502ZRR	ENCSR283TME	ENCSR399CMA	ChromBPNet	normalized bias-corrected predicted signal profile	bigWig	DNase-seq	none	naive-thymus-derived-CD8-positive,-alpha-beta-T-cell	t-cell	immune	immune-system	none	none	passed
ENCFF803UXL	ENCFF803UXL	ENCSR296TFH	ENCSR868BMM	ChromBPNet	normalized bias-corrected predicted signal profile	bigWig	DNase-seq	none	naive-thymus-derived-CD8-positive,-alpha-beta-T-cell	t-cell	immune	immune-system	none	none	passed
ENCFF920OQC	ENCFF920OQC	ENCSR703VGI	ENCSR929NKA	ChromBPNet	normalized bias-corrected predicted signal profile	bigWig	DNase-seq	none	naive-thymus-derived-CD8-positive,-alpha-beta-T-cell	t-cell	immune	immune-system	none	none	passed
ENCFF051TZY	ENCFF051TZY	ENCSR305QTE	ENCSR015SXE	ChromBPNet	normalized bias-corrected predicted signal profile	bigWig	ATAC-seq	none	natural-killer-cell	killer	immune	immune-system	none	none	passed
ENCFF233HPH	ENCFF233HPH	ENCSR854TTM	ENCSR360EPT	ChromBPNet	normalized bias-corrected predicted signal profile	bigWig	ATAC-seq	none	natural-killer-cell	killer	immune	immune-system	none	none	passed
ENCFF273YVS	ENCFF273YVS	ENCSR044ATC	ENCSR038PBG	ChromBPNet	normalized bias-corrected predicted signal profile	bigWig	ATAC-seq	none	natural-killer-cell	killer	immune	immune-system	none	none	passed
ENCFF337JRV	ENCFF337JRV	ENCSR373GMM	ENCSR629AOL	ChromBPNet	normalized bias-corrected predicted signal profile	bigWig	ATAC-seq	none	natural-killer-cell	killer	immune	immune-system	none	none	passed
ENCFF975DCI	ENCFF975DCI	ENCSR808HWS	ENCSR364XYG	ChromBPNet	normalized bias-corrected predicted signal profile	bigWig	ATAC-seq	none	natural-killer-cell	killer	immune	immune-system	none	none	passed
ENCFF226DHG	ENCFF226DHG	ENCSR794TLA	ENCSR375KAT	ChromBPNet	normalized bias-corrected predicted signal profile	bigWig	DNase-seq	none	natural-killer-cell	killer	immune	immune-system	none	none	passed
ENCFF238OJZ	ENCFF238OJZ	ENCSR723JLG	ENCSR494GOI	ChromBPNet	normalized bias-corrected predicted signal profile	bigWig	DNase-seq	none	natural-killer-cell	killer	immune	immune-system	none	none	passed
ENCFF307AYR	ENCFF307AYR	ENCSR409ZBD	ENCSR614AIX	ChromBPNet	normalized bias-corrected predicted signal profile	bigWig	DNase-seq	none	natural-killer-cell	killer	immune	immune-system	none	none	passed
ENCFF594MWB	ENCFF594MWB	ENCSR718AAB	ENCSR937NLZ	ChromBPNet	normalized bias-corrected predicted signal profile	bigWig	DNase-seq	none	natural-killer-cell	killer	immune	immune-system	none	none	passed
ENCFF624IBU	ENCFF624IBU	ENCSR704HNG	ENCSR294YZE	ChromBPNet	normalized bias-corrected predicted signal profile	bigWig	DNase-seq	none	natural-killer-cell	killer	immune	immune-system	none	none	passed
ENCFF680SXE	ENCFF680SXE	ENCSR407WGG	ENCSR373EGC	ChromBPNet	normalized bias-corrected predicted signal profile	bigWig	DNase-seq	none	natural-killer-cell	killer	immune	immune-system	none	none	passed
ENCFF821RPF	ENCFF821RPF	ENCSR975LGK	ENCSR877QBD	ChromBPNet	normalized bias-corrected predicted signal profile	bigWig	DNase-seq	none	natural-killer-cell	killer	immune	immune-system	none	none	passed
ENCFF463AJM	ENCFF463AJM	ENCSR503UNA	ENCSR071WOZ	ChromBPNet	normalized bias-corrected predicted signal profile	bigWig	DNase-seq	none	nephron-progenitor-cell	nephron	kidney	excretory-system	none	none	passed
ENCFF954SJC	ENCFF954SJC	ENCSR826URD	ENCSR595VCF	ChromBPNet	normalized bias-corrected predicted signal profile	bigWig	DNase-seq	none	neural-crest-cell	neural	nerve	central-nervous-system	none	none	passed
ENCFF720RSZ	ENCFF720RSZ	ENCSR963ALV	ENCSR648YLB	ChromBPNet	normalized bias-corrected predicted signal profile	bigWig	DNase-seq	none	neural-progenitor-cell	neural	nerve	central-nervous-system	none	none	passed
ENCFF477SFM	ENCFF477SFM	ENCSR278FVO	ENCSR127MYY	ChromBPNet	normalized bias-corrected predicted signal profile	bigWig	DNase-seq	none	neuronal-stem-cell	stem-cell	stem-cell	developmental-system	none	none	passed
ENCFF011FQR	ENCFF011FQR	ENCSR788TRR	ENCSR095QNL	ChromBPNet	normalized bias-corrected predicted signal profile	bigWig	ATAC-seq	none	omental-fat-pad	fat	skin	integumental-system	none	none	passed
ENCFF424RNX	ENCFF424RNX	ENCSR693UHT	ENCSR299WQM	ChromBPNet	normalized bias-corrected predicted signal profile	bigWig	DNase-seq	none	omental-fat-pad	fat	skin	integumental-system	none	none	passed
ENCFF946HCO	ENCFF946HCO	ENCSR818HHN	ENCSR062CWJ	ChromBPNet	normalized bias-corrected predicted signal profile	bigWig	DNase-seq	none	osteocyte	osteocyte	bone	skeletal-system	none	none	passed
ENCFF074VUC	ENCFF074VUC	ENCSR227FVE	ENCSR340JVJ	ChromBPNet	normalized bias-corrected predicted signal profile	bigWig	ATAC-seq	none	ovary	ovary	ovary	reproductive-system	none	none	passed
ENCFF484SZM	ENCFF484SZM	ENCSR476WNA	ENCSR629AVX	ChromBPNet	normalized bias-corrected predicted signal profile	bigWig	ATAC-seq	none	ovary	ovary	ovary	reproductive-system	none	none	passed
ENCFF525TPB	ENCFF525TPB	ENCSR996ZCR	ENCSR886QCR	ChromBPNet	normalized bias-corrected predicted signal profile	bigWig	ATAC-seq	none	ovary	ovary	ovary	reproductive-system	none	none	passed
ENCFF625IFB	ENCFF625IFB	ENCSR490MSG	ENCSR121QXN	ChromBPNet	normalized bias-corrected predicted signal profile	bigWig	ATAC-seq	none	ovary	ovary	ovary	reproductive-system	none	none	passed
ENCFF769BVD	ENCFF769BVD	ENCSR392UJM	ENCSR543CFL	ChromBPNet	normalized bias-corrected predicted signal profile	bigWig	ATAC-seq	none	ovary	ovary	ovary	reproductive-system	none	none	passed
ENCFF852SKF	ENCFF852SKF	ENCSR571JFO	ENCSR331CJJ	ChromBPNet	normalized bias-corrected predicted signal profile	bigWig	ATAC-seq	none	ovary	ovary	ovary	reproductive-system	none	none	passed
ENCFF917YJJ	ENCFF917YJJ	ENCSR872MAO	ENCSR757ROR	ChromBPNet	normalized bias-corrected predicted signal profile	bigWig	ATAC-seq	none	ovary	ovary	ovary	reproductive-system	none	none	passed
ENCFF033GLT	ENCFF033GLT	ENCSR428XAX	ENCSR941ZNH	ChromBPNet	normalized bias-corrected predicted signal profile	bigWig	DNase-seq	none	ovary	ovary	ovary	reproductive-system	none	none	passed
ENCFF159NYJ	ENCFF159NYJ	ENCSR930PDT	ENCSR566KYS	ChromBPNet	normalized bias-corrected predicted signal profile	bigWig	DNase-seq	none	ovary	ovary	ovary	reproductive-system	none	none	passed
ENCFF243WKZ	ENCFF243WKZ	ENCSR138UGH	ENCSR909JOK	ChromBPNet	normalized bias-corrected predicted signal profile	bigWig	DNase-seq	none	ovary	ovary	ovary	reproductive-system	none	none	passed
ENCFF279HBD	ENCFF279HBD	ENCSR365NDK	ENCSR064VAE	ChromBPNet	normalized bias-corrected predicted signal profile	bigWig	DNase-seq	none	ovary	ovary	ovary	reproductive-system	none	none	passed
ENCFF363PUG	ENCFF363PUG	ENCSR712PYJ	ENCSR377QSX	ChromBPNet	normalized bias-corrected predicted signal profile	bigWig	DNase-seq	none	ovary	ovary	ovary	reproductive-system	none	none	passed
ENCFF411TXS	ENCFF411TXS	ENCSR872DUY	ENCSR544UHC	ChromBPNet	normalized bias-corrected predicted signal profile	bigWig	DNase-seq	none	ovary	ovary	ovary	reproductive-system	none	none	passed
ENCFF548ALH	ENCFF548ALH	ENCSR798XLO	ENCSR399QPF	ChromBPNet	normalized bias-corrected predicted signal profile	bigWig	DNase-seq	none	ovary	ovary	ovary	reproductive-system	none	none	passed
ENCFF634DJF	ENCFF634DJF	ENCSR732RIC	ENCSR932WJY	ChromBPNet	normalized bias-corrected predicted signal profile	bigWig	DNase-seq	none	ovary	ovary	ovary	reproductive-system	none	none	passed
ENCFF939ZDU	ENCFF939ZDU	ENCSR330ZBO	ENCSR176QSI	ChromBPNet	normalized bias-corrected predicted signal profile	bigWig	DNase-seq	none	ovary	ovary	ovary	reproductive-system	none	none	passed
ENCFF195FNA	ENCFF195FNA	ENCSR705KEB	ENCSR305AHO	ChromBPNet	normalized bias-corrected predicted signal profile	bigWig	ATAC-seq	none	pancreas	pancreas	pancreas	digestive-system	none	none	passed
ENCFF375GMG	ENCFF375GMG	ENCSR530XBF	ENCSR114HVO	ChromBPNet	normalized bias-corrected predicted signal profile	bigWig	ATAC-seq	none	pancreas	pancreas	pancreas	digestive-system	none	none	passed
ENCFF449GVZ	ENCFF449GVZ	ENCSR251POP	ENCSR720FMM	ChromBPNet	normalized bias-corrected predicted signal profile	bigWig	ATAC-seq	none	pancreas	pancreas	pancreas	digestive-system	none	none	passed
ENCFF599QPA	ENCFF599QPA	ENCSR918TVE	ENCSR170MMS	ChromBPNet	normalized bias-corrected predicted signal profile	bigWig	ATAC-seq	none	pancreas	pancreas	pancreas	digestive-system	none	none	passed
ENCFF685BVX	ENCFF685BVX	ENCSR808ZMK	ENCSR413MSV	ChromBPNet	normalized bias-corrected predicted signal profile	bigWig	ATAC-seq	none	pancreas	pancreas	pancreas	digestive-system	none	none	passed
ENCFF079THJ	ENCFF079THJ	ENCSR999VDH	ENCSR855ANC	ChromBPNet	normalized bias-corrected predicted signal profile	bigWig	DNase-seq	none	pancreas	pancreas	pancreas	digestive-system	none	none	passed
ENCFF134NJH	ENCFF134NJH	ENCSR595HZQ	ENCSR265WLZ	ChromBPNet	normalized bias-corrected predicted signal profile	bigWig	DNase-seq	none	pancreas	pancreas	pancreas	digestive-system	none	none	passed
ENCFF153TMF	ENCFF153TMF	ENCSR236KPK	ENCSR025GTZ	ChromBPNet	normalized bias-corrected predicted signal profile	bigWig	DNase-seq	none	pancreas	pancreas	pancreas	digestive-system	none	none	passed
ENCFF270BAT	ENCFF270BAT	ENCSR056PFI	ENCSR473DPG	ChromBPNet	normalized bias-corrected predicted signal profile	bigWig	DNase-seq	none	pancreas	pancreas	pancreas	digestive-system	none	none	passed
ENCFF577YEA	ENCFF577YEA	ENCSR242RPQ	ENCSR075BMD	ChromBPNet	normalized bias-corrected predicted signal profile	bigWig	DNase-seq	none	pancreas	pancreas	pancreas	digestive-system	none	none	passed
ENCFF694NRK	ENCFF694NRK	ENCSR178JBL	ENCSR627VXK	ChromBPNet	normalized bias-corrected predicted signal profile	bigWig	DNase-seq	none	pancreas	pancreas	pancreas	digestive-system	none	none	passed
ENCFF902FFH	ENCFF902FFH	ENCSR338NEI	ENCSR601UXA	ChromBPNet	normalized bias-corrected predicted signal profile	bigWig	DNase-seq	none	pancreas	pancreas	pancreas	digestive-system	none	none	passed
ENCFF046DSW	ENCFF046DSW	ENCSR648RAX	ENCSR603HZX	ChromBPNet	normalized bias-corrected predicted signal profile	bigWig	DNase-seq	none	placenta	placenta	placenta	reproductive-system	none	none	passed
ENCFF090ZXJ	ENCFF090ZXJ	ENCSR126EVK	ENCSR283EJN	ChromBPNet	normalized bias-corrected predicted signal profile	bigWig	DNase-seq	none	placenta	placenta	placenta	reproductive-system	none	none	passed
ENCFF141ZKG	ENCFF141ZKG	ENCSR656KLT	ENCSR027FLL	ChromBPNet	normalized bias-corrected predicted signal profile	bigWig	DNase-seq	none	placenta	placenta	placenta	reproductive-system	none	none	passed
ENCFF167TUN	ENCFF167TUN	ENCSR566VAK	ENCSR178HDU	ChromBPNet	normalized bias-corrected predicted signal profile	bigWig	DNase-seq	none	placenta	placenta	placenta	reproductive-system	none	none	passed
ENCFF168DHR	ENCFF168DHR	ENCSR989YIV	ENCSR638CZD	ChromBPNet	normalized bias-corrected predicted signal profile	bigWig	DNase-seq	none	placenta	placenta	placenta	reproductive-system	none	none	passed
ENCFF194XBZ	ENCFF194XBZ	ENCSR831QMZ	ENCSR398EUE	ChromBPNet	normalized bias-corrected predicted signal profile	bigWig	DNase-seq	none	placenta	placenta	placenta	reproductive-system	none	none	passed
ENCFF387KNW	ENCFF387KNW	ENCSR689FYA	ENCSR416VPY	ChromBPNet	normalized bias-corrected predicted signal profile	bigWig	DNase-seq	none	placenta	placenta	placenta	reproductive-system	none	none	passed
ENCFF408WPT	ENCFF408WPT	ENCSR035QHH	ENCSR238VPR	ChromBPNet	normalized bias-corrected predicted signal profile	bigWig	DNase-seq	none	placenta	placenta	placenta	reproductive-system	none	none	passed
ENCFF423WUO	ENCFF423WUO	ENCSR802AJE	ENCSR699KFI	ChromBPNet	normalized bias-corrected predicted signal profile	bigWig	DNase-seq	none	placenta	placenta	placenta	reproductive-system	none	none	passed
ENCFF515LEN	ENCFF515LEN	ENCSR129TSG	ENCSR331GAY	ChromBPNet	normalized bias-corrected predicted signal profile	bigWig	DNase-seq	none	placenta	placenta	placenta	reproductive-system	none	none	passed
ENCFF516XAX	ENCFF516XAX	ENCSR336RGT	ENCSR823CJN	ChromBPNet	normalized bias-corrected predicted signal profile	bigWig	DNase-seq	none	placenta	placenta	placenta	reproductive-system	none	none	passed
ENCFF599ACP	ENCFF599ACP	ENCSR552XJI	ENCSR786QPI	ChromBPNet	normalized bias-corrected predicted signal profile	bigWig	DNase-seq	none	placenta	placenta	placenta	reproductive-system	none	none	passed
ENCFF616FZA	ENCFF616FZA	ENCSR395EZY	ENCSR215BSD	ChromBPNet	normalized bias-corrected predicted signal profile	bigWig	DNase-seq	none	placenta	placenta	placenta	reproductive-system	none	none	passed
ENCFF638AAY	ENCFF638AAY	ENCSR212VEN	ENCSR965KKV	ChromBPNet	normalized bias-corrected predicted signal profile	bigWig	DNase-seq	none	placenta	placenta	placenta	reproductive-system	none	none	passed
ENCFF654WZX	ENCFF654WZX	ENCSR267UFM	ENCSR086ALK	ChromBPNet	normalized bias-corrected predicted signal profile	bigWig	DNase-seq	none	placenta	placenta	placenta	reproductive-system	none	none	passed
ENCFF669QRZ	ENCFF669QRZ	ENCSR545KQR	ENCSR670KSX	ChromBPNet	normalized bias-corrected predicted signal profile	bigWig	DNase-seq	none	placenta	placenta	placenta	reproductive-system	none	none	passed
ENCFF734PJO	ENCFF734PJO	ENCSR922YEW	ENCSR620JGM	ChromBPNet	normalized bias-corrected predicted signal profile	bigWig	DNase-seq	none	placenta	placenta	placenta	reproductive-system	none	none	passed
ENCFF894PLX	ENCFF894PLX	ENCSR499IFY	ENCSR320MUC	ChromBPNet	normalized bias-corrected predicted signal profile	bigWig	DNase-seq	none	placenta	placenta	placenta	reproductive-system	none	none	passed
ENCFF917GLO	ENCFF917GLO	ENCSR685PCS	ENCSR197HKB	ChromBPNet	normalized bias-corrected predicted signal profile	bigWig	DNase-seq	none	placenta	placenta	placenta	reproductive-system	none	none	passed
ENCFF921KCV	ENCFF921KCV	ENCSR503RWO	ENCSR732YAH	ChromBPNet	normalized bias-corrected predicted signal profile	bigWig	DNase-seq	none	placenta	placenta	placenta	reproductive-system	none	none	passed
ENCFF931RHN	ENCFF931RHN	ENCSR575VMI	ENCSR900IMX	ChromBPNet	normalized bias-corrected predicted signal profile	bigWig	DNase-seq	none	placenta	placenta	placenta	reproductive-system	none	none	passed
ENCFF986ILX	ENCFF986ILX	ENCSR552RKI	ENCSR917FYG	ChromBPNet	normalized bias-corrected predicted signal profile	bigWig	DNase-seq	none	placenta	placenta	placenta	reproductive-system	none	none	passed
ENCFF448DLJ	ENCFF448DLJ	ENCSR829MXU	ENCSR321NZH	ChromBPNet	normalized bias-corrected predicted signal profile	bigWig	DNase-seq	none	pons	cell-line	cell-line	cell-line	none	none	passed
ENCFF364EWX	ENCFF364EWX	ENCSR729FNL	ENCSR763OVZ	ChromBPNet	normalized bias-corrected predicted signal profile	bigWig	ATAC-seq	none	posterior-cingulate-cortex	cingulate	brain	central-nervous-system	none	none	passed
ENCFF025BIL	ENCFF025BIL	ENCSR887VUC	ENCSR907WJT	ChromBPNet	normalized bias-corrected predicted signal profile	bigWig	DNase-seq	none	posterior-cingulate-gyrus	gyrus	brain	central-nervous-system	none	none	passed
ENCFF044FIH	ENCFF044FIH	ENCSR579RVI	ENCSR272TWH	ChromBPNet	normalized bias-corrected predicted signal profile	bigWig	DNase-seq	none	posterior-cingulate-gyrus	gyrus	brain	central-nervous-system	none	none	passed
ENCFF168XOK	ENCFF168XOK	ENCSR694DOX	ENCSR206FDN	ChromBPNet	normalized bias-corrected predicted signal profile	bigWig	DNase-seq	none	posterior-cingulate-gyrus	gyrus	brain	central-nervous-system	none	none	passed
ENCFF181NBL	ENCFF181NBL	ENCSR612IKQ	ENCSR279PMA	ChromBPNet	normalized bias-corrected predicted signal profile	bigWig	DNase-seq	none	posterior-cingulate-gyrus	gyrus	brain	central-nervous-system	none	none	passed
ENCFF207WIR	ENCFF207WIR	ENCSR555DLG	ENCSR200CIY	ChromBPNet	normalized bias-corrected predicted signal profile	bigWig	DNase-seq	none	posterior-cingulate-gyrus	gyrus	brain	central-nervous-system	none	none	passed
ENCFF247YDX	ENCFF247YDX	ENCSR770JCP	ENCSR284XOX	ChromBPNet	normalized bias-corrected predicted signal profile	bigWig	DNase-seq	none	posterior-cingulate-gyrus	gyrus	brain	central-nervous-system	none	none	passed
ENCFF298PRS	ENCFF298PRS	ENCSR822GDF	ENCSR356SEV	ChromBPNet	normalized bias-corrected predicted signal profile	bigWig	DNase-seq	none	posterior-cingulate-gyrus	gyrus	brain	central-nervous-system	none	none	passed
ENCFF309NAA	ENCFF309NAA	ENCSR599JZA	ENCSR006UIC	ChromBPNet	normalized bias-corrected predicted signal profile	bigWig	DNase-seq	none	posterior-cingulate-gyrus	gyrus	brain	central-nervous-system	none	none	passed
ENCFF316GEE	ENCFF316GEE	ENCSR433NEX	ENCSR150BEX	ChromBPNet	normalized bias-corrected predicted signal profile	bigWig	DNase-seq	none	posterior-cingulate-gyrus	gyrus	brain	central-nervous-system	none	none	passed
ENCFF321HUO	ENCFF321HUO	ENCSR112AKE	ENCSR637GYM	ChromBPNet	normalized bias-corrected predicted signal profile	bigWig	DNase-seq	none	posterior-cingulate-gyrus	gyrus	brain	central-nervous-system	none	none	passed
ENCFF338CLK	ENCFF338CLK	ENCSR652IZW	ENCSR232HGF	ChromBPNet	normalized bias-corrected predicted signal profile	bigWig	DNase-seq	none	posterior-cingulate-gyrus	gyrus	brain	central-nervous-system	none	none	passed
ENCFF340PPA	ENCFF340PPA	ENCSR987CQN	ENCSR197OKX	ChromBPNet	normalized bias-corrected predicted signal profile	bigWig	DNase-seq	none	posterior-cingulate-gyrus	gyrus	brain	central-nervous-system	none	none	passed
ENCFF355BSH	ENCFF355BSH	ENCSR365FVU	ENCSR725IHL	ChromBPNet	normalized bias-corrected predicted signal profile	bigWig	DNase-seq	none	posterior-cingulate-gyrus	gyrus	brain	central-nervous-system	none	none	passed
ENCFF357LSC	ENCFF357LSC	ENCSR006XFA	ENCSR876CEU	ChromBPNet	normalized bias-corrected predicted signal profile	bigWig	DNase-seq	none	posterior-cingulate-gyrus	gyrus	brain	central-nervous-system	none	none	passed
ENCFF434WVM	ENCFF434WVM	ENCSR654GSG	ENCSR725JHA	ChromBPNet	normalized bias-corrected predicted signal profile	bigWig	DNase-seq	none	posterior-cingulate-gyrus	gyrus	brain	central-nervous-system	none	none	passed
ENCFF465OBV	ENCFF465OBV	ENCSR577QZP	ENCSR012UEW	ChromBPNet	normalized bias-corrected predicted signal profile	bigWig	DNase-seq	none	posterior-cingulate-gyrus	gyrus	brain	central-nervous-system	none	none	passed
ENCFF506RXQ	ENCFF506RXQ	ENCSR908MUU	ENCSR634QJR	ChromBPNet	normalized bias-corrected predicted signal profile	bigWig	DNase-seq	none	posterior-cingulate-gyrus	gyrus	brain	central-nervous-system	none	none	passed
ENCFF510VAR	ENCFF510VAR	ENCSR924IHU	ENCSR810GRE	ChromBPNet	normalized bias-corrected predicted signal profile	bigWig	DNase-seq	none	posterior-cingulate-gyrus	gyrus	brain	central-nervous-system	none	none	passed
ENCFF526KFW	ENCFF526KFW	ENCSR729TYE	ENCSR873ZRY	ChromBPNet	normalized bias-corrected predicted signal profile	bigWig	DNase-seq	none	posterior-cingulate-gyrus	gyrus	brain	central-nervous-system	none	none	passed
ENCFF600TRE	ENCFF600TRE	ENCSR510GRY	ENCSR747VAH	ChromBPNet	normalized bias-corrected predicted signal profile	bigWig	DNase-seq	none	posterior-cingulate-gyrus	gyrus	brain	central-nervous-system	none	none	passed
ENCFF601YIY	ENCFF601YIY	ENCSR885ZBV	ENCSR877WHN	ChromBPNet	normalized bias-corrected predicted signal profile	bigWig	DNase-seq	none	posterior-cingulate-gyrus	gyrus	brain	central-nervous-system	none	none	passed
ENCFF610MJH	ENCFF610MJH	ENCSR690CVL	ENCSR436PSQ	ChromBPNet	normalized bias-corrected predicted signal profile	bigWig	DNase-seq	none	posterior-cingulate-gyrus	gyrus	brain	central-nervous-system	none	none	passed
ENCFF611XWB	ENCFF611XWB	ENCSR784GVR	ENCSR440TNT	ChromBPNet	normalized bias-corrected predicted signal profile	bigWig	DNase-seq	none	posterior-cingulate-gyrus	gyrus	brain	central-nervous-system	none	none	passed
ENCFF634MMV	ENCFF634MMV	ENCSR330LFP	ENCSR416SYF	ChromBPNet	normalized bias-corrected predicted signal profile	bigWig	DNase-seq	none	posterior-cingulate-gyrus	gyrus	brain	central-nervous-system	none	none	passed
ENCFF671BVY	ENCFF671BVY	ENCSR060UPU	ENCSR739OZZ	ChromBPNet	normalized bias-corrected predicted signal profile	bigWig	DNase-seq	none	posterior-cingulate-gyrus	gyrus	brain	central-nervous-system	none	none	passed
ENCFF687HJW	ENCFF687HJW	ENCSR086PIL	ENCSR607BQJ	ChromBPNet	normalized bias-corrected predicted signal profile	bigWig	DNase-seq	none	posterior-cingulate-gyrus	gyrus	brain	central-nervous-system	none	none	passed
ENCFF690IGW	ENCFF690IGW	ENCSR037PIU	ENCSR025VNG	ChromBPNet	normalized bias-corrected predicted signal profile	bigWig	DNase-seq	none	posterior-cingulate-gyrus	gyrus	brain	central-nervous-system	none	none	passed
ENCFF700WMG	ENCFF700WMG	ENCSR709PZI	ENCSR934EQZ	ChromBPNet	normalized bias-corrected predicted signal profile	bigWig	DNase-seq	none	posterior-cingulate-gyrus	gyrus	brain	central-nervous-system	none	none	passed
ENCFF708UWH	ENCFF708UWH	ENCSR258POP	ENCSR274UQO	ChromBPNet	normalized bias-corrected predicted signal profile	bigWig	DNase-seq	none	posterior-cingulate-gyrus	gyrus	brain	central-nervous-system	none	none	passed
ENCFF722YNM	ENCFF722YNM	ENCSR789FJF	ENCSR932TFQ	ChromBPNet	normalized bias-corrected predicted signal profile	bigWig	DNase-seq	none	posterior-cingulate-gyrus	gyrus	brain	central-nervous-system	none	none	passed
ENCFF730RBK	ENCFF730RBK	ENCSR846VGZ	ENCSR642MZG	ChromBPNet	normalized bias-corrected predicted signal profile	bigWig	DNase-seq	none	posterior-cingulate-gyrus	gyrus	brain	central-nervous-system	none	none	passed
ENCFF744JJH	ENCFF744JJH	ENCSR859HEW	ENCSR836HQP	ChromBPNet	normalized bias-corrected predicted signal profile	bigWig	DNase-seq	none	posterior-cingulate-gyrus	gyrus	brain	central-nervous-system	none	none	passed
ENCFF769MDA	ENCFF769MDA	ENCSR563CZB	ENCSR536OGN	ChromBPNet	normalized bias-corrected predicted signal profile	bigWig	DNase-seq	none	posterior-cingulate-gyrus	gyrus	brain	central-nervous-system	none	none	passed
ENCFF817MDH	ENCFF817MDH	ENCSR581LHW	ENCSR770IPC	ChromBPNet	normalized bias-corrected predicted signal profile	bigWig	DNase-seq	none	posterior-cingulate-gyrus	gyrus	brain	central-nervous-system	none	none	passed
ENCFF833ADW	ENCFF833ADW	ENCSR098ISE	ENCSR250BPU	ChromBPNet	normalized bias-corrected predicted signal profile	bigWig	DNase-seq	none	posterior-cingulate-gyrus	gyrus	brain	central-nervous-system	none	none	passed
ENCFF834AAD	ENCFF834AAD	ENCSR502FPR	ENCSR638JQB	ChromBPNet	normalized bias-corrected predicted signal profile	bigWig	DNase-seq	none	posterior-cingulate-gyrus	gyrus	brain	central-nervous-system	none	none	passed
ENCFF844MBQ	ENCFF844MBQ	ENCSR590EFT	ENCSR122RRZ	ChromBPNet	normalized bias-corrected predicted signal profile	bigWig	DNase-seq	none	posterior-cingulate-gyrus	gyrus	brain	central-nervous-system	none	none	passed
ENCFF854ORQ	ENCFF854ORQ	ENCSR943MRO	ENCSR882VUI	ChromBPNet	normalized bias-corrected predicted signal profile	bigWig	DNase-seq	none	posterior-cingulate-gyrus	gyrus	brain	central-nervous-system	none	none	passed
ENCFF860NWN	ENCFF860NWN	ENCSR059ETS	ENCSR439IID	ChromBPNet	normalized bias-corrected predicted signal profile	bigWig	DNase-seq	none	posterior-cingulate-gyrus	gyrus	brain	central-nervous-system	none	none	passed
ENCFF923OOA	ENCFF923OOA	ENCSR730IHD	ENCSR427IHY	ChromBPNet	normalized bias-corrected predicted signal profile	bigWig	DNase-seq	none	posterior-cingulate-gyrus	gyrus	brain	central-nervous-system	none	none	passed
ENCFF949RHB	ENCFF949RHB	ENCSR628GQE	ENCSR571ZLT	ChromBPNet	normalized bias-corrected predicted signal profile	bigWig	DNase-seq	none	posterior-cingulate-gyrus	gyrus	brain	central-nervous-system	none	none	passed
ENCFF965GPG	ENCFF965GPG	ENCSR195GUK	ENCSR755WII	ChromBPNet	normalized bias-corrected predicted signal profile	bigWig	DNase-seq	none	posterior-cingulate-gyrus	gyrus	brain	central-nervous-system	none	none	passed
ENCFF982AVG	ENCFF982AVG	ENCSR503UFM	ENCSR545CXX	ChromBPNet	normalized bias-corrected predicted signal profile	bigWig	DNase-seq	none	posterior-cingulate-gyrus	gyrus	brain	central-nervous-system	none	none	passed
ENCFF098EBY	ENCFF098EBY	ENCSR213DBU	ENCSR914RTI	ChromBPNet	normalized bias-corrected predicted signal profile	bigWig	ATAC-seq	none	posterior-vena-cava	vena-cava	heart	circulatory-system	none	none	passed
ENCFF695ZFW	ENCFF695ZFW	ENCSR552QUA	ENCSR006QRD	ChromBPNet	normalized bias-corrected predicted signal profile	bigWig	ATAC-seq	none	posterior-vena-cava	vena-cava	heart	circulatory-system	none	none	passed
ENCFF885NQO	ENCFF885NQO	ENCSR913FZQ	ENCSR114CMC	ChromBPNet	normalized bias-corrected predicted signal profile	bigWig	ATAC-seq	none	posterior-vena-cava	vena-cava	heart	circulatory-system	none	none	passed
ENCFF947JCD	ENCFF947JCD	ENCSR324NVG	ENCSR729AQD	ChromBPNet	normalized bias-corrected predicted signal profile	bigWig	DNase-seq	none	posterior-vena-cava	vena-cava	heart	circulatory-system	none	none	passed
ENCFF757YQF	ENCFF757YQF	ENCSR169KNO	ENCSR863BVZ	ChromBPNet	normalized bias-corrected predicted signal profile	bigWig	DNase-seq	none	progenitor-cell-of-endocrine-pancreas	pancreas	pancreas	digestive-system	none	none	passed
ENCFF403ZGV	ENCFF403ZGV	ENCSR999NKW	ENCSR429DQO	ChromBPNet	normalized bias-corrected predicted signal profile	bigWig	ATAC-seq	none	prostate-gland	prostate	testis	reproductive-system	none	none	passed
ENCFF899YBH	ENCFF899YBH	ENCSR564FZH	ENCSR973CMW	ChromBPNet	normalized bias-corrected predicted signal profile	bigWig	DNase-seq	none	prostate-gland	prostate	testis	reproductive-system	none	none	passed
ENCFF455QTS	ENCFF455QTS	ENCSR040DJK	ENCSR258FIF	ChromBPNet	normalized bias-corrected predicted signal profile	bigWig	ATAC-seq	none	psoas-muscle	muscle	muscle	musculature	none	none	passed
ENCFF478SUK	ENCFF478SUK	ENCSR774NXA	ENCSR312SIF	ChromBPNet	normalized bias-corrected predicted signal profile	bigWig	ATAC-seq	none	psoas-muscle	muscle	muscle	musculature	none	none	passed
ENCFF647KWP	ENCFF647KWP	ENCSR154UWN	ENCSR504WYI	ChromBPNet	normalized bias-corrected predicted signal profile	bigWig	ATAC-seq	none	psoas-muscle	muscle	muscle	musculature	none	none	passed
ENCFF653ZKP	ENCFF653ZKP	ENCSR890DWH	ENCSR056ZAE	ChromBPNet	normalized bias-corrected predicted signal profile	bigWig	ATAC-seq	none	psoas-muscle	muscle	muscle	musculature	none	none	passed
ENCFF869THR	ENCFF869THR	ENCSR886VCC	ENCSR629ZQZ	ChromBPNet	normalized bias-corrected predicted signal profile	bigWig	ATAC-seq	none	psoas-muscle	muscle	muscle	musculature	none	none	passed
ENCFF003JST	ENCFF003JST	ENCSR426TPQ	ENCSR005MRB	ChromBPNet	normalized bias-corrected predicted signal profile	bigWig	DNase-seq	none	psoas-muscle	muscle	muscle	musculature	none	none	passed
ENCFF041LBB	ENCFF041LBB	ENCSR388DHS	ENCSR754PIB	ChromBPNet	normalized bias-corrected predicted signal profile	bigWig	DNase-seq	none	psoas-muscle	muscle	muscle	musculature	none	none	passed
ENCFF097YFK	ENCFF097YFK	ENCSR082PDJ	ENCSR530WDD	ChromBPNet	normalized bias-corrected predicted signal profile	bigWig	DNase-seq	none	psoas-muscle	muscle	muscle	musculature	none	none	passed
ENCFF318FIM	ENCFF318FIM	ENCSR108SYM	ENCSR705JPE	ChromBPNet	normalized bias-corrected predicted signal profile	bigWig	DNase-seq	none	psoas-muscle	muscle	muscle	musculature	none	none	passed
ENCFF493VCZ	ENCFF493VCZ	ENCSR000EOG	ENCSR313RDW	ChromBPNet	normalized bias-corrected predicted signal profile	bigWig	DNase-seq	none	pulmonary-artery-endothelial-cell	artery	blood-vessel	circulatory-system	none	none	passed
ENCFF461OOI	ENCFF461OOI	ENCSR493VDS	ENCSR390LSY	ChromBPNet	normalized bias-corrected predicted signal profile	bigWig	DNase-seq	none	putamen	putamen	brain	central-nervous-system	none	none	passed
ENCFF107XJD	ENCFF107XJD	ENCSR254AGA	ENCSR615RQE	ChromBPNet	normalized bias-corrected predicted signal profile	bigWig	DNase-seq	none	renal-cortex-interstitium	renal	kidney	excretory-system	none	none	passed
ENCFF167PXY	ENCFF167PXY	ENCSR656QYL	ENCSR696LFL	ChromBPNet	normalized bias-corrected predicted signal profile	bigWig	DNase-seq	none	renal-cortex-interstitium	renal	kidney	excretory-system	none	none	passed
ENCFF242RTC	ENCFF242RTC	ENCSR851ZFT	ENCSR634EAJ	ChromBPNet	normalized bias-corrected predicted signal profile	bigWig	DNase-seq	none	renal-cortex-interstitium	renal	kidney	excretory-system	none	none	passed
ENCFF275YMW	ENCFF275YMW	ENCSR155NPL	ENCSR596EZJ	ChromBPNet	normalized bias-corrected predicted signal profile	bigWig	DNase-seq	none	renal-cortex-interstitium	renal	kidney	excretory-system	none	none	passed
ENCFF473VWL	ENCFF473VWL	ENCSR550UWM	ENCSR100RQO	ChromBPNet	normalized bias-corrected predicted signal profile	bigWig	DNase-seq	none	renal-cortex-interstitium	renal	kidney	excretory-system	none	none	passed
ENCFF498XED	ENCFF498XED	ENCSR129KIV	ENCSR828UUI	ChromBPNet	normalized bias-corrected predicted signal profile	bigWig	DNase-seq	none	renal-cortex-interstitium	renal	kidney	excretory-system	none	none	passed
ENCFF508RRC	ENCFF508RRC	ENCSR849OKE	ENCSR428GNJ	ChromBPNet	normalized bias-corrected predicted signal profile	bigWig	DNase-seq	none	renal-cortex-interstitium	renal	kidney	excretory-system	none	none	passed
ENCFF790TPO	ENCFF790TPO	ENCSR524DWS	ENCSR606XWT	ChromBPNet	normalized bias-corrected predicted signal profile	bigWig	DNase-seq	none	renal-cortex-interstitium	renal	kidney	excretory-system	none	none	passed
ENCFF854JAM	ENCFF854JAM	ENCSR828RNY	ENCSR286LMR	ChromBPNet	normalized bias-corrected predicted signal profile	bigWig	DNase-seq	none	renal-cortex-interstitium	renal	kidney	excretory-system	none	none	passed
ENCFF970JIY	ENCFF970JIY	ENCSR932DHT	ENCSR093WSI	ChromBPNet	normalized bias-corrected predicted signal profile	bigWig	DNase-seq	none	renal-cortex-interstitium	renal	kidney	excretory-system	none	none	passed
ENCFF987HAC	ENCFF987HAC	ENCSR022ECC	ENCSR670AUO	ChromBPNet	normalized bias-corrected predicted signal profile	bigWig	DNase-seq	none	renal-cortex-interstitium	renal	kidney	excretory-system	none	none	passed
ENCFF529FCN	ENCFF529FCN	ENCSR000EOK	ENCSR884QAZ	ChromBPNet	normalized bias-corrected predicted signal profile	bigWig	DNase-seq	none	renal-cortical-epithelial-cell	epithelial	epithelial	integumental-system	none	none	passed
ENCFF025GOG	ENCFF025GOG	ENCSR141DMX	ENCSR938RWM	ChromBPNet	normalized bias-corrected predicted signal profile	bigWig	DNase-seq	none	renal-pelvis	renal	kidney	excretory-system	none	none	passed
ENCFF115MPA	ENCFF115MPA	ENCSR606UAR	ENCSR717YBA	ChromBPNet	normalized bias-corrected predicted signal profile	bigWig	DNase-seq	none	renal-pelvis	renal	kidney	excretory-system	none	none	passed
ENCFF269PAX	ENCFF269PAX	ENCSR913NYL	ENCSR843IAZ	ChromBPNet	normalized bias-corrected predicted signal profile	bigWig	DNase-seq	none	renal-pelvis	renal	kidney	excretory-system	none	none	passed
ENCFF405HUZ	ENCFF405HUZ	ENCSR911YVV	ENCSR607WVP	ChromBPNet	normalized bias-corrected predicted signal profile	bigWig	DNase-seq	none	renal-pelvis	renal	kidney	excretory-system	none	none	passed
ENCFF476RGK	ENCFF476RGK	ENCSR301RCD	ENCSR771GLY	ChromBPNet	normalized bias-corrected predicted signal profile	bigWig	DNase-seq	none	renal-pelvis	renal	kidney	excretory-system	none	none	passed
ENCFF511EVZ	ENCFF511EVZ	ENCSR580OAH	ENCSR245HRL	ChromBPNet	normalized bias-corrected predicted signal profile	bigWig	DNase-seq	none	renal-pelvis	renal	kidney	excretory-system	none	none	passed
ENCFF551ISR	ENCFF551ISR	ENCSR619DRM	ENCSR270KMO	ChromBPNet	normalized bias-corrected predicted signal profile	bigWig	DNase-seq	none	renal-pelvis	renal	kidney	excretory-system	none	none	passed
ENCFF589FNR	ENCFF589FNR	ENCSR364TKL	ENCSR302PCL	ChromBPNet	normalized bias-corrected predicted signal profile	bigWig	DNase-seq	none	renal-pelvis	renal	kidney	excretory-system	none	none	passed
ENCFF874RIE	ENCFF874RIE	ENCSR956ZHU	ENCSR551OOY	ChromBPNet	normalized bias-corrected predicted signal profile	bigWig	DNase-seq	none	renal-pelvis	renal	kidney	excretory-system	none	none	passed
ENCFF880VMF	ENCFF880VMF	ENCSR554WUJ	ENCSR696FIH	ChromBPNet	normalized bias-corrected predicted signal profile	bigWig	DNase-seq	none	renal-pelvis	renal	kidney	excretory-system	none	none	passed
ENCFF083HKI	ENCFF083HKI	ENCSR820ICX	ENCSR844KBU	ChromBPNet	normalized bias-corrected predicted signal profile	bigWig	DNase-seq	none	retina	retina	eye	sensory-system	none	none	passed
ENCFF242CCW	ENCFF242CCW	ENCSR474GZQ	ENCSR297VLK	ChromBPNet	normalized bias-corrected predicted signal profile	bigWig	DNase-seq	none	retina	retina	eye	sensory-system	none	none	passed
ENCFF525FYU	ENCFF525FYU	ENCSR621ENC	ENCSR889CEX	ChromBPNet	normalized bias-corrected predicted signal profile	bigWig	DNase-seq	none	retina	retina	eye	sensory-system	none	none	passed
ENCFF788FYH	ENCFF788FYH	ENCSR062SVK	ENCSR400SCB	ChromBPNet	normalized bias-corrected predicted signal profile	bigWig	ATAC-seq	none	right-atrium-auricular-region	atrium	heart	circulatory-system	none	none	passed
ENCFF948BAK	ENCFF948BAK	ENCSR984SQJ	ENCSR158MHO	ChromBPNet	normalized bias-corrected predicted signal profile	bigWig	DNase-seq	none	right-atrium-auricular-region	atrium	heart	circulatory-system	none	none	passed
ENCFF132TVY	ENCFF132TVY	ENCSR822BAD	ENCSR811MAY	ChromBPNet	normalized bias-corrected predicted signal profile	bigWig	ATAC-seq	none	right-cardiac-atrium	cardiac	heart	circulatory-system	none	none	passed
ENCFF180KQM	ENCFF180KQM	ENCSR213YPO	ENCSR934UQV	ChromBPNet	normalized bias-corrected predicted signal profile	bigWig	ATAC-seq	none	right-cardiac-atrium	cardiac	heart	circulatory-system	none	none	passed
ENCFF745BCY	ENCFF745BCY	ENCSR177JWR	ENCSR848OXW	ChromBPNet	normalized bias-corrected predicted signal profile	bigWig	ATAC-seq	none	right-cardiac-atrium	cardiac	heart	circulatory-system	none	none	passed
ENCFF844WQP	ENCFF844WQP	ENCSR452OSK	ENCSR940IWU	ChromBPNet	normalized bias-corrected predicted signal profile	bigWig	ATAC-seq	none	right-cardiac-atrium	cardiac	heart	circulatory-system	none	none	passed
ENCFF561OJD	ENCFF561OJD	ENCSR374VQC	ENCSR067AYU	ChromBPNet	normalized bias-corrected predicted signal profile	bigWig	DNase-seq	none	right-cardiac-atrium	cardiac	heart	circulatory-system	none	none	passed
ENCFF922HNQ	ENCFF922HNQ	ENCSR485UQY	ENCSR613NVS	ChromBPNet	normalized bias-corrected predicted signal profile	bigWig	DNase-seq	none	right-cardiac-atrium	cardiac	heart	circulatory-system	none	none	passed
ENCFF937UXQ	ENCFF937UXQ	ENCSR622HTS	ENCSR193CJS	ChromBPNet	normalized bias-corrected predicted signal profile	bigWig	DNase-seq	none	right-cardiac-atrium	cardiac	heart	circulatory-system	none	none	passed
ENCFF558BJV	ENCFF558BJV	ENCSR274SDO	ENCSR279CNN	ChromBPNet	normalized bias-corrected predicted signal profile	bigWig	DNase-seq	none	right-forelimb	limb	limb	skeletal-system	none	none	passed
ENCFF451TWD	ENCFF451TWD	ENCSR449HOQ	ENCSR380NKC	ChromBPNet	normalized bias-corrected predicted signal profile	bigWig	DNase-seq	none	right-hindlimb	limb	limb	skeletal-system	none	none	passed
ENCFF161VQZ	ENCFF161VQZ	ENCSR036VRV	ENCSR731AJS	ChromBPNet	normalized bias-corrected predicted signal profile	bigWig	DNase-seq	none	right-kidney	kidney	kidney	excretory-system	none	none	passed
ENCFF173XEN	ENCFF173XEN	ENCSR871APX	ENCSR132IOD	ChromBPNet	normalized bias-corrected predicted signal profile	bigWig	DNase-seq	none	right-kidney	kidney	kidney	excretory-system	none	none	passed
ENCFF182TBE	ENCFF182TBE	ENCSR884MCZ	ENCSR226CPF	ChromBPNet	normalized bias-corrected predicted signal profile	bigWig	DNase-seq	none	right-kidney	kidney	kidney	excretory-system	none	none	passed
ENCFF245SMN	ENCFF245SMN	ENCSR332BSB	ENCSR074ZCZ	ChromBPNet	normalized bias-corrected predicted signal profile	bigWig	DNase-seq	none	right-kidney	kidney	kidney	excretory-system	none	none	passed
ENCFF265OZH	ENCFF265OZH	ENCSR414ZUA	ENCSR193BUT	ChromBPNet	normalized bias-corrected predicted signal profile	bigWig	DNase-seq	none	right-kidney	kidney	kidney	excretory-system	none	none	passed
ENCFF355VVE	ENCFF355VVE	ENCSR990XXC	ENCSR325LOW	ChromBPNet	normalized bias-corrected predicted signal profile	bigWig	DNase-seq	none	right-kidney	kidney	kidney	excretory-system	none	none	passed
ENCFF366RQV	ENCFF366RQV	ENCSR017TFH	ENCSR034ZHI	ChromBPNet	normalized bias-corrected predicted signal profile	bigWig	DNase-seq	none	right-kidney	kidney	kidney	excretory-system	none	none	passed
ENCFF731BTM	ENCFF731BTM	ENCSR768OLL	ENCSR096EYF	ChromBPNet	normalized bias-corrected predicted signal profile	bigWig	DNase-seq	none	right-kidney	kidney	kidney	excretory-system	none	none	passed
ENCFF919KPY	ENCFF919KPY	ENCSR765BSU	ENCSR353QCK	ChromBPNet	normalized bias-corrected predicted signal profile	bigWig	DNase-seq	none	right-kidney	kidney	kidney	excretory-system	none	none	passed
ENCFF987AEW	ENCFF987AEW	ENCSR670ZSA	ENCSR152FUS	ChromBPNet	normalized bias-corrected predicted signal profile	bigWig	DNase-seq	none	right-kidney	kidney	kidney	excretory-system	none	none	passed
ENCFF102FJG	ENCFF102FJG	ENCSR952SPO	ENCSR059XGM	ChromBPNet	normalized bias-corrected predicted signal profile	bigWig	ATAC-seq	none	right-lobe-of-liver	liver	liver	digestive-system	none	none	passed
ENCFF136FHF	ENCFF136FHF	ENCSR685ZMP	ENCSR078CVS	ChromBPNet	normalized bias-corrected predicted signal profile	bigWig	ATAC-seq	none	right-lobe-of-liver	liver	liver	digestive-system	none	none	passed
ENCFF591RXY	ENCFF591RXY	ENCSR373TDL	ENCSR492VQG	ChromBPNet	normalized bias-corrected predicted signal profile	bigWig	ATAC-seq	none	right-lobe-of-liver	liver	liver	digestive-system	none	none	passed
ENCFF653FZQ	ENCFF653FZQ	ENCSR516CPW	ENCSR338RWJ	ChromBPNet	normalized bias-corrected predicted signal profile	bigWig	ATAC-seq	none	right-lobe-of-liver	liver	liver	digestive-system	none	none	passed
ENCFF653YUQ	ENCFF653YUQ	ENCSR836FIL	ENCSR424OMB	ChromBPNet	normalized bias-corrected predicted signal profile	bigWig	ATAC-seq	none	right-lobe-of-liver	liver	liver	digestive-system	none	none	passed
ENCFF971EWF	ENCFF971EWF	ENCSR607BTF	ENCSR792VQM	ChromBPNet	normalized bias-corrected predicted signal profile	bigWig	ATAC-seq	none	right-lobe-of-liver	liver	liver	digestive-system	none	none	passed
ENCFF050GDL	ENCFF050GDL	ENCSR628NEA	ENCSR889XMX	ChromBPNet	normalized bias-corrected predicted signal profile	bigWig	DNase-seq	none	right-lobe-of-liver	liver	liver	digestive-system	none	none	passed
ENCFF170PVK	ENCFF170PVK	ENCSR164TBP	ENCSR149LGO	ChromBPNet	normalized bias-corrected predicted signal profile	bigWig	DNase-seq	none	right-lobe-of-liver	liver	liver	digestive-system	none	none	passed
ENCFF601DWJ	ENCFF601DWJ	ENCSR909HFI	ENCSR688GFI	ChromBPNet	normalized bias-corrected predicted signal profile	bigWig	DNase-seq	none	right-lobe-of-liver	liver	liver	digestive-system	none	none	passed
ENCFF748FAH	ENCFF748FAH	ENCSR933GMM	ENCSR836SEK	ChromBPNet	normalized bias-corrected predicted signal profile	bigWig	DNase-seq	none	right-lobe-of-liver	liver	liver	digestive-system	none	none	passed
ENCFF817XPQ	ENCFF817XPQ	ENCSR608NWP	ENCSR475GDI	ChromBPNet	normalized bias-corrected predicted signal profile	bigWig	DNase-seq	none	right-lobe-of-liver	liver	liver	digestive-system	none	none	passed
ENCFF036DUR	ENCFF036DUR	ENCSR263IGU	ENCSR557PGT	ChromBPNet	normalized bias-corrected predicted signal profile	bigWig	DNase-seq	none	right-lung	lung	lung	respiratory-system	none	none	passed
ENCFF387QSR	ENCFF387QSR	ENCSR445XYW	ENCSR314DCI	ChromBPNet	normalized bias-corrected predicted signal profile	bigWig	DNase-seq	none	right-lung	lung	lung	respiratory-system	none	none	passed
ENCFF474QAA	ENCFF474QAA	ENCSR299INS	ENCSR624DIU	ChromBPNet	normalized bias-corrected predicted signal profile	bigWig	DNase-seq	none	right-lung	lung	lung	respiratory-system	none	none	passed
ENCFF483IMW	ENCFF483IMW	ENCSR947VPG	ENCSR013SFC	ChromBPNet	normalized bias-corrected predicted signal profile	bigWig	DNase-seq	none	right-lung	lung	lung	respiratory-system	none	none	passed
ENCFF572XWQ	ENCFF572XWQ	ENCSR441MMO	ENCSR894UGP	ChromBPNet	normalized bias-corrected predicted signal profile	bigWig	DNase-seq	none	right-lung	lung	lung	respiratory-system	none	none	passed
ENCFF675ZJW	ENCFF675ZJW	ENCSR964VVW	ENCSR701VLP	ChromBPNet	normalized bias-corrected predicted signal profile	bigWig	DNase-seq	none	right-lung	lung	lung	respiratory-system	none	none	passed
ENCFF833STC	ENCFF833STC	ENCSR859KGQ	ENCSR228QKN	ChromBPNet	normalized bias-corrected predicted signal profile	bigWig	DNase-seq	none	right-lung	lung	lung	respiratory-system	none	none	passed
ENCFF483JZV	ENCFF483JZV	ENCSR014VAC	ENCSR892XHO	ChromBPNet	normalized bias-corrected predicted signal profile	bigWig	DNase-seq	none	right-renal-cortex-interstitium	renal	kidney	excretory-system	none	none	passed
ENCFF561NVP	ENCFF561NVP	ENCSR268QCH	ENCSR122DAC	ChromBPNet	normalized bias-corrected predicted signal profile	bigWig	DNase-seq	none	right-renal-cortex-interstitium	renal	kidney	excretory-system	none	none	passed
ENCFF649XYI	ENCFF649XYI	ENCSR887BNC	ENCSR452KFX	ChromBPNet	normalized bias-corrected predicted signal profile	bigWig	DNase-seq	none	right-renal-cortex-interstitium	renal	kidney	excretory-system	none	none	passed
ENCFF163UPE	ENCFF163UPE	ENCSR986HEN	ENCSR654ONT	ChromBPNet	normalized bias-corrected predicted signal profile	bigWig	DNase-seq	none	right-renal-pelvis	renal	kidney	excretory-system	none	none	passed
ENCFF421HDX	ENCFF421HDX	ENCSR752NTF	ENCSR338TSY	ChromBPNet	normalized bias-corrected predicted signal profile	bigWig	DNase-seq	none	right-renal-pelvis	renal	kidney	excretory-system	none	none	passed
ENCFF496OLT	ENCFF496OLT	ENCSR761ZFA	ENCSR530GKW	ChromBPNet	normalized bias-corrected predicted signal profile	bigWig	DNase-seq	none	right-renal-pelvis	renal	kidney	excretory-system	none	none	passed
ENCFF529WDX	ENCFF529WDX	ENCSR540PVZ	ENCSR848TND	ChromBPNet	normalized bias-corrected predicted signal profile	bigWig	DNase-seq	none	right-renal-pelvis	renal	kidney	excretory-system	none	none	passed
ENCFF532UPN	ENCFF532UPN	ENCSR533WFB	ENCSR404ICA	ChromBPNet	normalized bias-corrected predicted signal profile	bigWig	ATAC-seq	none	sciatic-nerve	nerve	nerve	peripheral-nervous-system	none	none	passed
ENCFF553JIZ	ENCFF553JIZ	ENCSR619LHF	ENCSR463ATK	ChromBPNet	normalized bias-corrected predicted signal profile	bigWig	ATAC-seq	none	sciatic-nerve	nerve	nerve	peripheral-nervous-system	none	none	passed
ENCFF811LJX	ENCFF811LJX	ENCSR072UYN	ENCSR929CYE	ChromBPNet	normalized bias-corrected predicted signal profile	bigWig	ATAC-seq	none	sciatic-nerve	nerve	nerve	peripheral-nervous-system	none	none	passed
ENCFF820SQQ	ENCFF820SQQ	ENCSR120MOY	ENCSR092SQC	ChromBPNet	normalized bias-corrected predicted signal profile	bigWig	ATAC-seq	none	sciatic-nerve	nerve	nerve	peripheral-nervous-system	none	none	passed
ENCFF720PFH	ENCFF720PFH	ENCSR672MOG	ENCSR903LXC	ChromBPNet	normalized bias-corrected predicted signal profile	bigWig	DNase-seq	none	sciatic-nerve	nerve	nerve	peripheral-nervous-system	none	none	passed
ENCFF165YOH	ENCFF165YOH	ENCSR086OGH	ENCSR916WZI	ChromBPNet	normalized bias-corrected predicted signal profile	bigWig	ATAC-seq	none	sigmoid-colon	colon	large-intestine	digestive-system	none	none	passed
ENCFF319XZR	ENCFF319XZR	ENCSR548QCP	ENCSR878ZYG	ChromBPNet	normalized bias-corrected predicted signal profile	bigWig	ATAC-seq	none	sigmoid-colon	colon	large-intestine	digestive-system	none	none	passed
ENCFF391VJZ	ENCFF391VJZ	ENCSR355SGJ	ENCSR751NJF	ChromBPNet	normalized bias-corrected predicted signal profile	bigWig	ATAC-seq	none	sigmoid-colon	colon	large-intestine	digestive-system	none	none	passed
ENCFF637GIA	ENCFF637GIA	ENCSR846VLJ	ENCSR869SLC	ChromBPNet	normalized bias-corrected predicted signal profile	bigWig	ATAC-seq	none	sigmoid-colon	colon	large-intestine	digestive-system	none	none	passed
ENCFF596DMS	ENCFF596DMS	ENCSR276ITP	ENCSR428VXG	ChromBPNet	normalized bias-corrected predicted signal profile	bigWig	DNase-seq	none	sigmoid-colon	colon	large-intestine	digestive-system	none	none	passed
ENCFF406UIT	ENCFF406UIT	ENCSR000EQA	ENCSR321ROO	ChromBPNet	normalized bias-corrected predicted signal profile	bigWig	DNase-seq	none	skeletal-muscle-cell	muscle	muscle	musculature	none	none	passed
ENCFF990EZV	ENCFF990EZV	ENCSR000EOO	ENCSR233FQG	ChromBPNet	normalized bias-corrected predicted signal profile	bigWig	DNase-seq	none	skeletal-muscle-myoblast	muscle	muscle	musculature	none	none	passed
ENCFF242OLT	ENCFF242OLT	ENCSR092OFK	ENCSR430OJL	ChromBPNet	normalized bias-corrected predicted signal profile	bigWig	DNase-seq	none	skin-of-body	skin	skin	integumental-system	none	none	passed
ENCFF018PGQ	ENCFF018PGQ	ENCSR860NDZ	ENCSR292WEZ	ChromBPNet	normalized bias-corrected predicted signal profile	bigWig	DNase-seq	none	small-intestine	small-intestine	small-intestine	digestive-system	none	none	passed
ENCFF151QMP	ENCFF151QMP	ENCSR970ZLG	ENCSR229TLU	ChromBPNet	normalized bias-corrected predicted signal profile	bigWig	DNase-seq	none	small-intestine	small-intestine	small-intestine	digestive-system	none	none	passed
ENCFF329XFQ	ENCFF329XFQ	ENCSR945RWN	ENCSR876FNB	ChromBPNet	normalized bias-corrected predicted signal profile	bigWig	DNase-seq	none	small-intestine	small-intestine	small-intestine	digestive-system	none	none	passed
ENCFF426CFB	ENCFF426CFB	ENCSR457ILW	ENCSR141OSZ	ChromBPNet	normalized bias-corrected predicted signal profile	bigWig	DNase-seq	none	small-intestine	small-intestine	small-intestine	digestive-system	none	none	passed
ENCFF514XSP	ENCFF514XSP	ENCSR133KBX	ENCSR590MPP	ChromBPNet	normalized bias-corrected predicted signal profile	bigWig	DNase-seq	none	small-intestine	small-intestine	small-intestine	digestive-system	none	none	passed
ENCFF520UAT	ENCFF520UAT	ENCSR565EBN	ENCSR634XOQ	ChromBPNet	normalized bias-corrected predicted signal profile	bigWig	DNase-seq	none	small-intestine	small-intestine	small-intestine	digestive-system	none	none	passed
ENCFF582KMR	ENCFF582KMR	ENCSR116WWW	ENCSR354EJA	ChromBPNet	normalized bias-corrected predicted signal profile	bigWig	DNase-seq	none	small-intestine	small-intestine	small-intestine	digestive-system	none	none	passed
ENCFF652VLP	ENCFF652VLP	ENCSR931UQB	ENCSR208LEK	ChromBPNet	normalized bias-corrected predicted signal profile	bigWig	DNase-seq	none	small-intestine	small-intestine	small-intestine	digestive-system	none	none	passed
ENCFF695VWV	ENCFF695VWV	ENCSR502NDK	ENCSR906VDD	ChromBPNet	normalized bias-corrected predicted signal profile	bigWig	DNase-seq	none	small-intestine	small-intestine	small-intestine	digestive-system	none	none	passed
ENCFF740BWU	ENCFF740BWU	ENCSR188JLO	ENCSR779TXM	ChromBPNet	normalized bias-corrected predicted signal profile	bigWig	DNase-seq	none	small-intestine	small-intestine	small-intestine	digestive-system	none	none	passed
ENCFF795NNP	ENCFF795NNP	ENCSR354FBA	ENCSR363VBV	ChromBPNet	normalized bias-corrected predicted signal profile	bigWig	DNase-seq	none	small-intestine	small-intestine	small-intestine	digestive-system	none	none	passed
ENCFF863RCH	ENCFF863RCH	ENCSR594OWA	ENCSR609CXE	ChromBPNet	normalized bias-corrected predicted signal profile	bigWig	DNase-seq	none	small-intestine	small-intestine	small-intestine	digestive-system	none	none	passed
ENCFF087XCF	ENCFF087XCF	ENCSR000ENG	ENCSR675REU	ChromBPNet	normalized bias-corrected predicted signal profile	bigWig	DNase-seq	none	smooth-muscle-cell-of-the-brain-vasculature	brain	brain	central-nervous-system	none	none	passed
ENCFF133SKU	ENCFF133SKU	ENCSR910OQF	ENCSR838NPI	ChromBPNet	normalized bias-corrected predicted signal profile	bigWig	DNase-seq	none	spinal-cord	spinal	CNS	central-nervous-system	none	none	passed
ENCFF270YZF	ENCFF270YZF	ENCSR678PDD	ENCSR452MYL	ChromBPNet	normalized bias-corrected predicted signal profile	bigWig	DNase-seq	none	spinal-cord	spinal	CNS	central-nervous-system	none	none	passed
ENCFF329LPW	ENCFF329LPW	ENCSR148MFM	ENCSR808GMI	ChromBPNet	normalized bias-corrected predicted signal profile	bigWig	DNase-seq	none	spinal-cord	spinal	CNS	central-nervous-system	none	none	passed
ENCFF434XGO	ENCFF434XGO	ENCSR973MKT	ENCSR173PIN	ChromBPNet	normalized bias-corrected predicted signal profile	bigWig	DNase-seq	none	spinal-cord	spinal	CNS	central-nervous-system	none	none	passed
ENCFF516THN	ENCFF516THN	ENCSR615WIN	ENCSR875BHJ	ChromBPNet	normalized bias-corrected predicted signal profile	bigWig	DNase-seq	none	spinal-cord	spinal	CNS	central-nervous-system	none	none	passed
ENCFF679GCP	ENCFF679GCP	ENCSR788SOI	ENCSR809DZZ	ChromBPNet	normalized bias-corrected predicted signal profile	bigWig	DNase-seq	none	spinal-cord	spinal	CNS	central-nervous-system	none	none	passed
ENCFF018NAG	ENCFF018NAG	ENCSR979TCG	ENCSR579CGX	ChromBPNet	normalized bias-corrected predicted signal profile	bigWig	ATAC-seq	none	spleen	spleen	spleen	endocrine-system	none	none	passed
ENCFF088NCL	ENCFF088NCL	ENCSR078EBD	ENCSR323QOO	ChromBPNet	normalized bias-corrected predicted signal profile	bigWig	ATAC-seq	none	spleen	spleen	spleen	endocrine-system	none	none	passed
ENCFF287XYV	ENCFF287XYV	ENCSR182VGJ	ENCSR838ZQX	ChromBPNet	normalized bias-corrected predicted signal profile	bigWig	ATAC-seq	none	spleen	spleen	spleen	endocrine-system	none	none	passed
ENCFF845HCD	ENCFF845HCD	ENCSR694OWY	ENCSR332CFL	ChromBPNet	normalized bias-corrected predicted signal profile	bigWig	ATAC-seq	none	spleen	spleen	spleen	endocrine-system	none	none	passed
ENCFF980RXW	ENCFF980RXW	ENCSR158KCS	ENCSR179QCR	ChromBPNet	normalized bias-corrected predicted signal profile	bigWig	ATAC-seq	none	spleen	spleen	spleen	endocrine-system	none	none	passed
ENCFF024EVY	ENCFF024EVY	ENCSR946OIO	ENCSR363APK	ChromBPNet	normalized bias-corrected predicted signal profile	bigWig	DNase-seq	none	spleen	spleen	spleen	endocrine-system	none	none	passed
ENCFF313NMG	ENCFF313NMG	ENCSR567EEO	ENCSR855EMN	ChromBPNet	normalized bias-corrected predicted signal profile	bigWig	DNase-seq	none	spleen	spleen	spleen	endocrine-system	none	none	passed
ENCFF369UWB	ENCFF369UWB	ENCSR679IFH	ENCSR021IRM	ChromBPNet	normalized bias-corrected predicted signal profile	bigWig	DNase-seq	none	spleen	spleen	spleen	endocrine-system	none	none	passed
ENCFF864OLU	ENCFF864OLU	ENCSR128GBN	ENCSR468RFG	ChromBPNet	normalized bias-corrected predicted signal profile	bigWig	DNase-seq	none	spleen	spleen	spleen	endocrine-system	none	none	passed
ENCFF921HVT	ENCFF921HVT	ENCSR597UIG	ENCSR951WVQ	ChromBPNet	normalized bias-corrected predicted signal profile	bigWig	DNase-seq	none	spleen	spleen	spleen	endocrine-system	none	none	passed
ENCFF011DGI	ENCFF011DGI	ENCSR050VTC	ENCSR885NTV	ChromBPNet	normalized bias-corrected predicted signal profile	bigWig	DNase-seq	none	stimulated-activated-CD4-positive,-alpha-beta-T-cell	t-cell	immune	immune-system	none	none	passed
ENCFF016FQN	ENCFF016FQN	ENCSR566HLQ	ENCSR526HXL	ChromBPNet	normalized bias-corrected predicted signal profile	bigWig	DNase-seq	none	stimulated-activated-CD4-positive,-alpha-beta-T-cell	t-cell	immune	immune-system	none	none	passed
ENCFF071KGS	ENCFF071KGS	ENCSR920JUM	ENCSR274OUK	ChromBPNet	normalized bias-corrected predicted signal profile	bigWig	DNase-seq	none	stimulated-activated-CD4-positive,-alpha-beta-T-cell	t-cell	immune	immune-system	none	none	passed
ENCFF120ALI	ENCFF120ALI	ENCSR470QCE	ENCSR736ZOY	ChromBPNet	normalized bias-corrected predicted signal profile	bigWig	DNase-seq	none	stimulated-activated-CD4-positive,-alpha-beta-T-cell	t-cell	immune	immune-system	none	none	passed
ENCFF122XOS	ENCFF122XOS	ENCSR840USW	ENCSR106QEG	ChromBPNet	normalized bias-corrected predicted signal profile	bigWig	DNase-seq	none	stimulated-activated-CD4-positive,-alpha-beta-T-cell	t-cell	immune	immune-system	none	none	passed
ENCFF146LHG	ENCFF146LHG	ENCSR605SQL	ENCSR894QMU	ChromBPNet	normalized bias-corrected predicted signal profile	bigWig	DNase-seq	none	stimulated-activated-CD4-positive,-alpha-beta-T-cell	t-cell	immune	immune-system	none	none	passed
ENCFF150FMF	ENCFF150FMF	ENCSR266NDC	ENCSR120CBR	ChromBPNet	normalized bias-corrected predicted signal profile	bigWig	DNase-seq	none	stimulated-activated-CD4-positive,-alpha-beta-T-cell	t-cell	immune	immune-system	none	none	passed
ENCFF164EBD	ENCFF164EBD	ENCSR467LJT	ENCSR183NBM	ChromBPNet	normalized bias-corrected predicted signal profile	bigWig	DNase-seq	none	stimulated-activated-CD4-positive,-alpha-beta-T-cell	t-cell	immune	immune-system	none	none	passed
ENCFF186UEE	ENCFF186UEE	ENCSR255OGF	ENCSR433NVE	ChromBPNet	normalized bias-corrected predicted signal profile	bigWig	DNase-seq	none	stimulated-activated-CD4-positive,-alpha-beta-T-cell	t-cell	immune	immune-system	none	none	passed
ENCFF250IKQ	ENCFF250IKQ	ENCSR531UVE	ENCSR004INR	ChromBPNet	normalized bias-corrected predicted signal profile	bigWig	DNase-seq	none	stimulated-activated-CD4-positive,-alpha-beta-T-cell	t-cell	immune	immune-system	none	none	passed
ENCFF269DNJ	ENCFF269DNJ	ENCSR553WJB	ENCSR541CYH	ChromBPNet	normalized bias-corrected predicted signal profile	bigWig	DNase-seq	none	stimulated-activated-CD4-positive,-alpha-beta-T-cell	t-cell	immune	immune-system	none	none	passed
ENCFF273QYH	ENCFF273QYH	ENCSR147QLU	ENCSR829QXM	ChromBPNet	normalized bias-corrected predicted signal profile	bigWig	DNase-seq	none	stimulated-activated-CD4-positive,-alpha-beta-T-cell	t-cell	immune	immune-system	none	none	passed
ENCFF293SCC	ENCFF293SCC	ENCSR315WAC	ENCSR316PCT	ChromBPNet	normalized bias-corrected predicted signal profile	bigWig	DNase-seq	none	stimulated-activated-CD4-positive,-alpha-beta-T-cell	t-cell	immune	immune-system	none	none	passed
ENCFF297FMI	ENCFF297FMI	ENCSR634ZYB	ENCSR210FDQ	ChromBPNet	normalized bias-corrected predicted signal profile	bigWig	DNase-seq	none	stimulated-activated-CD4-positive,-alpha-beta-T-cell	t-cell	immune	immune-system	none	none	passed
ENCFF303TJI	ENCFF303TJI	ENCSR543WNA	ENCSR029KQP	ChromBPNet	normalized bias-corrected predicted signal profile	bigWig	DNase-seq	none	stimulated-activated-CD4-positive,-alpha-beta-T-cell	t-cell	immune	immune-system	none	none	passed
ENCFF310OGM	ENCFF310OGM	ENCSR207CQH	ENCSR138LXP	ChromBPNet	normalized bias-corrected predicted signal profile	bigWig	DNase-seq	none	stimulated-activated-CD4-positive,-alpha-beta-T-cell	t-cell	immune	immune-system	none	none	passed
ENCFF363YDW	ENCFF363YDW	ENCSR287GYT	ENCSR371VIN	ChromBPNet	normalized bias-corrected predicted signal profile	bigWig	DNase-seq	none	stimulated-activated-CD4-positive,-alpha-beta-T-cell	t-cell	immune	immune-system	none	none	passed
ENCFF370TZA	ENCFF370TZA	ENCSR724QTW	ENCSR042CPO	ChromBPNet	normalized bias-corrected predicted signal profile	bigWig	DNase-seq	none	stimulated-activated-CD4-positive,-alpha-beta-T-cell	t-cell	immune	immune-system	none	none	passed
ENCFF413VBJ	ENCFF413VBJ	ENCSR245AXW	ENCSR428ZDH	ChromBPNet	normalized bias-corrected predicted signal profile	bigWig	DNase-seq	none	stimulated-activated-CD4-positive,-alpha-beta-T-cell	t-cell	immune	immune-system	none	none	passed
ENCFF415RBW	ENCFF415RBW	ENCSR933HFM	ENCSR878DJX	ChromBPNet	normalized bias-corrected predicted signal profile	bigWig	DNase-seq	none	stimulated-activated-CD4-positive,-alpha-beta-T-cell	t-cell	immune	immune-system	none	none	passed
ENCFF428CBS	ENCFF428CBS	ENCSR419CKG	ENCSR151FWL	ChromBPNet	normalized bias-corrected predicted signal profile	bigWig	DNase-seq	none	stimulated-activated-CD4-positive,-alpha-beta-T-cell	t-cell	immune	immune-system	none	none	passed
ENCFF428OCY	ENCFF428OCY	ENCSR953UJL	ENCSR242ROY	ChromBPNet	normalized bias-corrected predicted signal profile	bigWig	DNase-seq	none	stimulated-activated-CD4-positive,-alpha-beta-T-cell	t-cell	immune	immune-system	none	none	passed
ENCFF433GGI	ENCFF433GGI	ENCSR548KXH	ENCSR969OWP	ChromBPNet	normalized bias-corrected predicted signal profile	bigWig	DNase-seq	none	stimulated-activated-CD4-positive,-alpha-beta-T-cell	t-cell	immune	immune-system	none	none	passed
ENCFF446MTZ	ENCFF446MTZ	ENCSR881CRY	ENCSR671ZJO	ChromBPNet	normalized bias-corrected predicted signal profile	bigWig	DNase-seq	none	stimulated-activated-CD4-positive,-alpha-beta-T-cell	t-cell	immune	immune-system	none	none	passed
ENCFF515LPY	ENCFF515LPY	ENCSR703AYZ	ENCSR444BKO	ChromBPNet	normalized bias-corrected predicted signal profile	bigWig	DNase-seq	none	stimulated-activated-CD4-positive,-alpha-beta-T-cell	t-cell	immune	immune-system	none	none	passed
ENCFF535WSL	ENCFF535WSL	ENCSR616AEG	ENCSR078CWH	ChromBPNet	normalized bias-corrected predicted signal profile	bigWig	DNase-seq	none	stimulated-activated-CD4-positive,-alpha-beta-T-cell	t-cell	immune	immune-system	none	none	passed
ENCFF548ZEI	ENCFF548ZEI	ENCSR618HFT	ENCSR906FRI	ChromBPNet	normalized bias-corrected predicted signal profile	bigWig	DNase-seq	none	stimulated-activated-CD4-positive,-alpha-beta-T-cell	t-cell	immune	immune-system	none	none	passed
ENCFF561XEP	ENCFF561XEP	ENCSR607HIL	ENCSR406JJY	ChromBPNet	normalized bias-corrected predicted signal profile	bigWig	DNase-seq	none	stimulated-activated-CD4-positive,-alpha-beta-T-cell	t-cell	immune	immune-system	none	none	passed
ENCFF587EIV	ENCFF587EIV	ENCSR438USP	ENCSR999FHN	ChromBPNet	normalized bias-corrected predicted signal profile	bigWig	DNase-seq	none	stimulated-activated-CD4-positive,-alpha-beta-T-cell	t-cell	immune	immune-system	none	none	passed
ENCFF635HDH	ENCFF635HDH	ENCSR152AVY	ENCSR695ODM	ChromBPNet	normalized bias-corrected predicted signal profile	bigWig	DNase-seq	none	stimulated-activated-CD4-positive,-alpha-beta-T-cell	t-cell	immune	immune-system	none	none	passed
ENCFF659ZGL	ENCFF659ZGL	ENCSR323TXQ	ENCSR168OOW	ChromBPNet	normalized bias-corrected predicted signal profile	bigWig	DNase-seq	none	stimulated-activated-CD4-positive,-alpha-beta-T-cell	t-cell	immune	immune-system	none	none	passed
ENCFF665GGU	ENCFF665GGU	ENCSR075MQZ	ENCSR129MDQ	ChromBPNet	normalized bias-corrected predicted signal profile	bigWig	DNase-seq	none	stimulated-activated-CD4-positive,-alpha-beta-T-cell	t-cell	immune	immune-system	none	none	passed
ENCFF667KKV	ENCFF667KKV	ENCSR226LVB	ENCSR003WRD	ChromBPNet	normalized bias-corrected predicted signal profile	bigWig	DNase-seq	none	stimulated-activated-CD4-positive,-alpha-beta-T-cell	t-cell	immune	immune-system	none	none	passed
ENCFF689HUI	ENCFF689HUI	ENCSR579DBA	ENCSR990ZOO	ChromBPNet	normalized bias-corrected predicted signal profile	bigWig	DNase-seq	none	stimulated-activated-CD4-positive,-alpha-beta-T-cell	t-cell	immune	immune-system	none	none	passed
ENCFF691CNC	ENCFF691CNC	ENCSR107XZC	ENCSR795IQN	ChromBPNet	normalized bias-corrected predicted signal profile	bigWig	DNase-seq	none	stimulated-activated-CD4-positive,-alpha-beta-T-cell	t-cell	immune	immune-system	none	none	passed
ENCFF694IFA	ENCFF694IFA	ENCSR799MAX	ENCSR823WJW	ChromBPNet	normalized bias-corrected predicted signal profile	bigWig	DNase-seq	none	stimulated-activated-CD4-positive,-alpha-beta-T-cell	t-cell	immune	immune-system	none	none	passed
ENCFF694WJY	ENCFF694WJY	ENCSR494IWJ	ENCSR305LCB	ChromBPNet	normalized bias-corrected predicted signal profile	bigWig	DNase-seq	none	stimulated-activated-CD4-positive,-alpha-beta-T-cell	t-cell	immune	immune-system	none	none	passed
ENCFF727SDH	ENCFF727SDH	ENCSR551LAH	ENCSR593OYE	ChromBPNet	normalized bias-corrected predicted signal profile	bigWig	DNase-seq	none	stimulated-activated-CD4-positive,-alpha-beta-T-cell	t-cell	immune	immune-system	none	none	passed
ENCFF731UVC	ENCFF731UVC	ENCSR734VFU	ENCSR122CTA	ChromBPNet	normalized bias-corrected predicted signal profile	bigWig	DNase-seq	none	stimulated-activated-CD4-positive,-alpha-beta-T-cell	t-cell	immune	immune-system	none	none	passed
ENCFF771OOC	ENCFF771OOC	ENCSR765ZML	ENCSR942YDI	ChromBPNet	normalized bias-corrected predicted signal profile	bigWig	DNase-seq	none	stimulated-activated-CD4-positive,-alpha-beta-T-cell	t-cell	immune	immune-system	none	none	passed
ENCFF779OSD	ENCFF779OSD	ENCSR284GAG	ENCSR813GGO	ChromBPNet	normalized bias-corrected predicted signal profile	bigWig	DNase-seq	none	stimulated-activated-CD4-positive,-alpha-beta-T-cell	t-cell	immune	immune-system	none	none	passed
ENCFF783HGB	ENCFF783HGB	ENCSR323PWV	ENCSR067RGY	ChromBPNet	normalized bias-corrected predicted signal profile	bigWig	DNase-seq	none	stimulated-activated-CD4-positive,-alpha-beta-T-cell	t-cell	immune	immune-system	none	none	passed
ENCFF786VGH	ENCFF786VGH	ENCSR885AWF	ENCSR729AHT	ChromBPNet	normalized bias-corrected predicted signal profile	bigWig	DNase-seq	none	stimulated-activated-CD4-positive,-alpha-beta-T-cell	t-cell	immune	immune-system	none	none	passed
ENCFF801GKK	ENCFF801GKK	ENCSR884ODJ	ENCSR079GMY	ChromBPNet	normalized bias-corrected predicted signal profile	bigWig	DNase-seq	none	stimulated-activated-CD4-positive,-alpha-beta-T-cell	t-cell	immune	immune-system	none	none	passed
ENCFF823CIM	ENCFF823CIM	ENCSR987GUS	ENCSR937SVO	ChromBPNet	normalized bias-corrected predicted signal profile	bigWig	DNase-seq	none	stimulated-activated-CD4-positive,-alpha-beta-T-cell	t-cell	immune	immune-system	none	none	passed
ENCFF833BJN	ENCFF833BJN	ENCSR019MZH	ENCSR879DUF	ChromBPNet	normalized bias-corrected predicted signal profile	bigWig	DNase-seq	none	stimulated-activated-CD4-positive,-alpha-beta-T-cell	t-cell	immune	immune-system	none	none	passed
ENCFF833MGD	ENCFF833MGD	ENCSR010TMX	ENCSR559GXZ	ChromBPNet	normalized bias-corrected predicted signal profile	bigWig	DNase-seq	none	stimulated-activated-CD4-positive,-alpha-beta-T-cell	t-cell	immune	immune-system	none	none	passed
ENCFF834DMW	ENCFF834DMW	ENCSR998IXQ	ENCSR063NRC	ChromBPNet	normalized bias-corrected predicted signal profile	bigWig	DNase-seq	none	stimulated-activated-CD4-positive,-alpha-beta-T-cell	t-cell	immune	immune-system	none	none	passed
ENCFF858UFU	ENCFF858UFU	ENCSR015FZF	ENCSR892SCD	ChromBPNet	normalized bias-corrected predicted signal profile	bigWig	DNase-seq	none	stimulated-activated-CD4-positive,-alpha-beta-T-cell	t-cell	immune	immune-system	none	none	passed
ENCFF887OTA	ENCFF887OTA	ENCSR965ZWZ	ENCSR788TAZ	ChromBPNet	normalized bias-corrected predicted signal profile	bigWig	DNase-seq	none	stimulated-activated-CD4-positive,-alpha-beta-T-cell	t-cell	immune	immune-system	none	none	passed
ENCFF893FIV	ENCFF893FIV	ENCSR324SGE	ENCSR792OLA	ChromBPNet	normalized bias-corrected predicted signal profile	bigWig	DNase-seq	none	stimulated-activated-CD4-positive,-alpha-beta-T-cell	t-cell	immune	immune-system	none	none	passed
ENCFF900MPO	ENCFF900MPO	ENCSR840QLA	ENCSR984DNC	ChromBPNet	normalized bias-corrected predicted signal profile	bigWig	DNase-seq	none	stimulated-activated-CD4-positive,-alpha-beta-T-cell	t-cell	immune	immune-system	none	none	passed
ENCFF920HOU	ENCFF920HOU	ENCSR731DJH	ENCSR149DSA	ChromBPNet	normalized bias-corrected predicted signal profile	bigWig	DNase-seq	none	stimulated-activated-CD4-positive,-alpha-beta-T-cell	t-cell	immune	immune-system	none	none	passed
ENCFF960MOW	ENCFF960MOW	ENCSR658NVL	ENCSR775ARR	ChromBPNet	normalized bias-corrected predicted signal profile	bigWig	DNase-seq	none	stimulated-activated-CD4-positive,-alpha-beta-T-cell	t-cell	immune	immune-system	none	none	passed
ENCFF977MEC	ENCFF977MEC	ENCSR486FMF	ENCSR033ALM	ChromBPNet	normalized bias-corrected predicted signal profile	bigWig	DNase-seq	none	stimulated-activated-CD4-positive,-alpha-beta-T-cell	t-cell	immune	immune-system	none	none	passed
ENCFF024RTV	ENCFF024RTV	ENCSR377CRU	ENCSR844YHV	ChromBPNet	normalized bias-corrected predicted signal profile	bigWig	DNase-seq	none	stimulated-activated-CD8-positive,-alpha-beta-memory-T-cell	t-cell	immune	immune-system	none	none	passed
ENCFF032NCZ	ENCFF032NCZ	ENCSR335EYA	ENCSR798IHN	ChromBPNet	normalized bias-corrected predicted signal profile	bigWig	DNase-seq	none	stimulated-activated-CD8-positive,-alpha-beta-memory-T-cell	t-cell	immune	immune-system	none	none	passed
ENCFF064UKT	ENCFF064UKT	ENCSR335LOQ	ENCSR036QSP	ChromBPNet	normalized bias-corrected predicted signal profile	bigWig	DNase-seq	none	stimulated-activated-CD8-positive,-alpha-beta-memory-T-cell	t-cell	immune	immune-system	none	none	passed
ENCFF141QCI	ENCFF141QCI	ENCSR471RHG	ENCSR331ZTT	ChromBPNet	normalized bias-corrected predicted signal profile	bigWig	DNase-seq	none	stimulated-activated-CD8-positive,-alpha-beta-memory-T-cell	t-cell	immune	immune-system	none	none	passed
ENCFF174EVZ	ENCFF174EVZ	ENCSR314IBN	ENCSR720QMH	ChromBPNet	normalized bias-corrected predicted signal profile	bigWig	DNase-seq	none	stimulated-activated-CD8-positive,-alpha-beta-memory-T-cell	t-cell	immune	immune-system	none	none	passed
ENCFF262STK	ENCFF262STK	ENCSR474HQW	ENCSR878FQY	ChromBPNet	normalized bias-corrected predicted signal profile	bigWig	DNase-seq	none	stimulated-activated-CD8-positive,-alpha-beta-memory-T-cell	t-cell	immune	immune-system	none	none	passed
ENCFF445DXH	ENCFF445DXH	ENCSR284VNJ	ENCSR030RSO	ChromBPNet	normalized bias-corrected predicted signal profile	bigWig	DNase-seq	none	stimulated-activated-CD8-positive,-alpha-beta-memory-T-cell	t-cell	immune	immune-system	none	none	passed
ENCFF448AGL	ENCFF448AGL	ENCSR502GWQ	ENCSR772ATM	ChromBPNet	normalized bias-corrected predicted signal profile	bigWig	DNase-seq	none	stimulated-activated-CD8-positive,-alpha-beta-memory-T-cell	t-cell	immune	immune-system	none	none	passed
ENCFF454MMU	ENCFF454MMU	ENCSR688OIJ	ENCSR688PBM	ChromBPNet	normalized bias-corrected predicted signal profile	bigWig	DNase-seq	none	stimulated-activated-CD8-positive,-alpha-beta-memory-T-cell	t-cell	immune	immune-system	none	none	passed
ENCFF463ELT	ENCFF463ELT	ENCSR669NQZ	ENCSR706ZWI	ChromBPNet	normalized bias-corrected predicted signal profile	bigWig	DNase-seq	none	stimulated-activated-CD8-positive,-alpha-beta-memory-T-cell	t-cell	immune	immune-system	none	none	passed
ENCFF499DUO	ENCFF499DUO	ENCSR130HIE	ENCSR126UPF	ChromBPNet	normalized bias-corrected predicted signal profile	bigWig	DNase-seq	none	stimulated-activated-CD8-positive,-alpha-beta-memory-T-cell	t-cell	immune	immune-system	none	none	passed
ENCFF515WSR	ENCFF515WSR	ENCSR735MJZ	ENCSR787HJE	ChromBPNet	normalized bias-corrected predicted signal profile	bigWig	DNase-seq	none	stimulated-activated-CD8-positive,-alpha-beta-memory-T-cell	t-cell	immune	immune-system	none	none	passed
ENCFF544VAB	ENCFF544VAB	ENCSR177GYC	ENCSR590AJW	ChromBPNet	normalized bias-corrected predicted signal profile	bigWig	DNase-seq	none	stimulated-activated-CD8-positive,-alpha-beta-memory-T-cell	t-cell	immune	immune-system	none	none	passed
ENCFF562NLO	ENCFF562NLO	ENCSR889YWJ	ENCSR542AKO	ChromBPNet	normalized bias-corrected predicted signal profile	bigWig	DNase-seq	none	stimulated-activated-CD8-positive,-alpha-beta-memory-T-cell	t-cell	immune	immune-system	none	none	passed
ENCFF564SOS	ENCFF564SOS	ENCSR832THJ	ENCSR953BHJ	ChromBPNet	normalized bias-corrected predicted signal profile	bigWig	DNase-seq	none	stimulated-activated-CD8-positive,-alpha-beta-memory-T-cell	t-cell	immune	immune-system	none	none	passed
ENCFF598YVI	ENCFF598YVI	ENCSR749YCR	ENCSR712YRU	ChromBPNet	normalized bias-corrected predicted signal profile	bigWig	DNase-seq	none	stimulated-activated-CD8-positive,-alpha-beta-memory-T-cell	t-cell	immune	immune-system	none	none	passed
ENCFF637YKG	ENCFF637YKG	ENCSR943BCO	ENCSR606IUL	ChromBPNet	normalized bias-corrected predicted signal profile	bigWig	DNase-seq	none	stimulated-activated-CD8-positive,-alpha-beta-memory-T-cell	t-cell	immune	immune-system	none	none	passed
ENCFF662WZQ	ENCFF662WZQ	ENCSR688DKY	ENCSR971GER	ChromBPNet	normalized bias-corrected predicted signal profile	bigWig	DNase-seq	none	stimulated-activated-CD8-positive,-alpha-beta-memory-T-cell	t-cell	immune	immune-system	none	none	passed
ENCFF692XQG	ENCFF692XQG	ENCSR380TXB	ENCSR376SQG	ChromBPNet	normalized bias-corrected predicted signal profile	bigWig	DNase-seq	none	stimulated-activated-CD8-positive,-alpha-beta-memory-T-cell	t-cell	immune	immune-system	none	none	passed
ENCFF707CUJ	ENCFF707CUJ	ENCSR135XMY	ENCSR374PWW	ChromBPNet	normalized bias-corrected predicted signal profile	bigWig	DNase-seq	none	stimulated-activated-CD8-positive,-alpha-beta-memory-T-cell	t-cell	immune	immune-system	none	none	passed
ENCFF833OAP	ENCFF833OAP	ENCSR294DND	ENCSR711CBE	ChromBPNet	normalized bias-corrected predicted signal profile	bigWig	DNase-seq	none	stimulated-activated-CD8-positive,-alpha-beta-memory-T-cell	t-cell	immune	immune-system	none	none	passed
ENCFF848OWK	ENCFF848OWK	ENCSR205ECC	ENCSR757ZBB	ChromBPNet	normalized bias-corrected predicted signal profile	bigWig	DNase-seq	none	stimulated-activated-CD8-positive,-alpha-beta-memory-T-cell	t-cell	immune	immune-system	none	none	passed
ENCFF870SXF	ENCFF870SXF	ENCSR060TTR	ENCSR159UVY	ChromBPNet	normalized bias-corrected predicted signal profile	bigWig	DNase-seq	none	stimulated-activated-CD8-positive,-alpha-beta-memory-T-cell	t-cell	immune	immune-system	none	none	passed
ENCFF887NZB	ENCFF887NZB	ENCSR210JVF	ENCSR316VER	ChromBPNet	normalized bias-corrected predicted signal profile	bigWig	DNase-seq	none	stimulated-activated-CD8-positive,-alpha-beta-memory-T-cell	t-cell	immune	immune-system	none	none	passed
ENCFF953VNI	ENCFF953VNI	ENCSR819EPD	ENCSR639YNS	ChromBPNet	normalized bias-corrected predicted signal profile	bigWig	DNase-seq	none	stimulated-activated-CD8-positive,-alpha-beta-memory-T-cell	t-cell	immune	immune-system	none	none	passed
ENCFF999WBF	ENCFF999WBF	ENCSR960EVM	ENCSR076QUY	ChromBPNet	normalized bias-corrected predicted signal profile	bigWig	DNase-seq	none	stimulated-activated-CD8-positive,-alpha-beta-memory-T-cell	t-cell	immune	immune-system	none	none	passed
ENCFF387YVP	ENCFF387YVP	ENCSR335XRZ	ENCSR769CYN	ChromBPNet	normalized bias-corrected predicted signal profile	bigWig	ATAC-seq	none	stimulated-activated-effector-memory-CD8-positive,-alpha-beta-T-cell	t-cell	immune	immune-system	none	none	passed
ENCFF746EXK	ENCFF746EXK	ENCSR335LHS	ENCSR767NGG	ChromBPNet	normalized bias-corrected predicted signal profile	bigWig	ATAC-seq	none	stimulated-activated-effector-memory-CD8-positive,-alpha-beta-T-cell	t-cell	immune	immune-system	none	none	passed
ENCFF576JTM	ENCFF576JTM	ENCSR917BSW	ENCSR419IFZ	ChromBPNet	normalized bias-corrected predicted signal profile	bigWig	DNase-seq	none	stimulated-activated-effector-memory-CD8-positive,-alpha-beta-T-cell	t-cell	immune	immune-system	none	none	passed
ENCFF290MBZ	ENCFF290MBZ	ENCSR302PTB	ENCSR798FBD	ChromBPNet	normalized bias-corrected predicted signal profile	bigWig	ATAC-seq	none	stimulated-activated-memory-B-cell	b-cell	immune	immune-system	none	none	passed
ENCFF026NND	ENCFF026NND	ENCSR653VSR	ENCSR453AQL	ChromBPNet	normalized bias-corrected predicted signal profile	bigWig	ATAC-seq	none	stimulated-activated-naive-B-cell	b-cell	immune	immune-system	none	none	passed
ENCFF830VJW	ENCFF830VJW	ENCSR379NMT	ENCSR289QKT	ChromBPNet	normalized bias-corrected predicted signal profile	bigWig	ATAC-seq	none	stimulated-activated-naive-B-cell	b-cell	immune	immune-system	none	none	passed
ENCFF327BQN	ENCFF327BQN	ENCSR326ESM	ENCSR918HJS	ChromBPNet	normalized bias-corrected predicted signal profile	bigWig	ATAC-seq	none	stimulated-activated-naive-CD8-positive,-alpha-beta-T-cell	t-cell	immune	immune-system	none	none	passed
ENCFF832YNW	ENCFF832YNW	ENCSR863TVR	ENCSR883XHP	ChromBPNet	normalized bias-corrected predicted signal profile	bigWig	ATAC-seq	none	stimulated-activated-naive-CD8-positive,-alpha-beta-T-cell	t-cell	immune	immune-system	none	none	passed
ENCFF877ULI	ENCFF877ULI	ENCSR637OPZ	ENCSR877IYJ	ChromBPNet	normalized bias-corrected predicted signal profile	bigWig	ATAC-seq	none	stimulated-activated-naive-CD8-positive,-alpha-beta-T-cell	t-cell	immune	immune-system	none	none	passed
ENCFF594HKO	ENCFF594HKO	ENCSR114XWV	ENCSR740QNC	ChromBPNet	normalized bias-corrected predicted signal profile	bigWig	DNase-seq	none	stimulated-activated-naive-CD8-positive,-alpha-beta-T-cell	t-cell	immune	immune-system	none	none	passed
ENCFF631IBH	ENCFF631IBH	ENCSR208YDK	ENCSR411FRH	ChromBPNet	normalized bias-corrected predicted signal profile	bigWig	DNase-seq	none	stimulated-activated-naive-CD8-positive,-alpha-beta-T-cell	t-cell	immune	immune-system	none	none	passed
ENCFF976OBG	ENCFF976OBG	ENCSR154NYM	ENCSR439RLE	ChromBPNet	normalized bias-corrected predicted signal profile	bigWig	DNase-seq	none	stimulated-activated-naive-CD8-positive,-alpha-beta-T-cell	t-cell	immune	immune-system	none	none	passed
ENCFF243ULA	ENCFF243ULA	ENCSR337UIU	ENCSR843HJF	ChromBPNet	normalized bias-corrected predicted signal profile	bigWig	ATAC-seq	none	stomach	stomach	stomach	digestive-system	none	none	passed
ENCFF631KGZ	ENCFF631KGZ	ENCSR851SBY	ENCSR761YGB	ChromBPNet	normalized bias-corrected predicted signal profile	bigWig	ATAC-seq	none	stomach	stomach	stomach	digestive-system	none	none	passed
ENCFF097ZDQ	ENCFF097ZDQ	ENCSR930YSB	ENCSR303ZEU	ChromBPNet	normalized bias-corrected predicted signal profile	bigWig	DNase-seq	none	stomach	stomach	stomach	digestive-system	none	none	passed
ENCFF128JIV	ENCFF128JIV	ENCSR683YLO	ENCSR233MJY	ChromBPNet	normalized bias-corrected predicted signal profile	bigWig	DNase-seq	none	stomach	stomach	stomach	digestive-system	none	none	passed
ENCFF283DZF	ENCFF283DZF	ENCSR119HXE	ENCSR425UKP	ChromBPNet	normalized bias-corrected predicted signal profile	bigWig	DNase-seq	none	stomach	stomach	stomach	digestive-system	none	none	passed
ENCFF379IKF	ENCFF379IKF	ENCSR095GWE	ENCSR602LGD	ChromBPNet	normalized bias-corrected predicted signal profile	bigWig	DNase-seq	none	stomach	stomach	stomach	digestive-system	none	none	passed
ENCFF449CUC	ENCFF449CUC	ENCSR163PKT	ENCSR498QRZ	ChromBPNet	normalized bias-corrected predicted signal profile	bigWig	DNase-seq	none	stomach	stomach	stomach	digestive-system	none	none	passed
ENCFF449QCM	ENCFF449QCM	ENCSR246PXX	ENCSR794VJG	ChromBPNet	normalized bias-corrected predicted signal profile	bigWig	DNase-seq	none	stomach	stomach	stomach	digestive-system	none	none	passed
ENCFF494QPL	ENCFF494QPL	ENCSR608AHQ	ENCSR393ODI	ChromBPNet	normalized bias-corrected predicted signal profile	bigWig	DNase-seq	none	stomach	stomach	stomach	digestive-system	none	none	passed
ENCFF504ZME	ENCFF504ZME	ENCSR511GQA	ENCSR972VJA	ChromBPNet	normalized bias-corrected predicted signal profile	bigWig	DNase-seq	none	stomach	stomach	stomach	digestive-system	none	none	passed
ENCFF516TZY	ENCFF516TZY	ENCSR172PVJ	ENCSR478OOS	ChromBPNet	normalized bias-corrected predicted signal profile	bigWig	DNase-seq	none	stomach	stomach	stomach	digestive-system	none	none	passed
ENCFF597OAA	ENCFF597OAA	ENCSR062DUU	ENCSR632QNE	ChromBPNet	normalized bias-corrected predicted signal profile	bigWig	DNase-seq	none	stomach	stomach	stomach	digestive-system	none	none	passed
ENCFF615LFF	ENCFF615LFF	ENCSR177NIJ	ENCSR018RBZ	ChromBPNet	normalized bias-corrected predicted signal profile	bigWig	DNase-seq	none	stomach	stomach	stomach	digestive-system	none	none	passed
ENCFF648WHM	ENCFF648WHM	ENCSR208DMX	ENCSR905XZZ	ChromBPNet	normalized bias-corrected predicted signal profile	bigWig	DNase-seq	none	stomach	stomach	stomach	digestive-system	none	none	passed
ENCFF664SWV	ENCFF664SWV	ENCSR726YMS	ENCSR754RMT	ChromBPNet	normalized bias-corrected predicted signal profile	bigWig	DNase-seq	none	stomach	stomach	stomach	digestive-system	none	none	passed
ENCFF740VCH	ENCFF740VCH	ENCSR522FGG	ENCSR103JQC	ChromBPNet	normalized bias-corrected predicted signal profile	bigWig	DNase-seq	none	stomach	stomach	stomach	digestive-system	none	none	passed
ENCFF747LSS	ENCFF747LSS	ENCSR006IMH	ENCSR792CIL	ChromBPNet	normalized bias-corrected predicted signal profile	bigWig	DNase-seq	none	stomach	stomach	stomach	digestive-system	none	none	passed
ENCFF796SJG	ENCFF796SJG	ENCSR782SSS	ENCSR779LNM	ChromBPNet	normalized bias-corrected predicted signal profile	bigWig	DNase-seq	none	stomach	stomach	stomach	digestive-system	none	none	passed
ENCFF871EYN	ENCFF871EYN	ENCSR082XEU	ENCSR798CPE	ChromBPNet	normalized bias-corrected predicted signal profile	bigWig	DNase-seq	none	stomach	stomach	stomach	digestive-system	none	none	passed
ENCFF885JDG	ENCFF885JDG	ENCSR941SMM	ENCSR132HHY	ChromBPNet	normalized bias-corrected predicted signal profile	bigWig	DNase-seq	none	stomach	stomach	stomach	digestive-system	none	none	passed
ENCFF898YDD	ENCFF898YDD	ENCSR627KFV	ENCSR468TMI	ChromBPNet	normalized bias-corrected predicted signal profile	bigWig	DNase-seq	none	stomach	stomach	stomach	digestive-system	none	none	passed
ENCFF986ZUI	ENCFF986ZUI	ENCSR282QFE	ENCSR781PDD	ChromBPNet	normalized bias-corrected predicted signal profile	bigWig	DNase-seq	none	stomach	stomach	stomach	digestive-system	none	none	passed
ENCFF695YLG	ENCFF695YLG	ENCSR000EMH	ENCSR113WKC	ChromBPNet	normalized bias-corrected predicted signal profile	bigWig	DNase-seq	none	stromal-cell-of-bone-marrow	bone	bone	skeletal-system	none	none	passed
ENCFF608WGR	ENCFF608WGR	ENCSR540BML	ENCSR944DYP	ChromBPNet	normalized bias-corrected predicted signal profile	bigWig	ATAC-seq	none	subcutaneous-adipose-tissue	adipose	skin	integumental-system	none	none	passed
ENCFF026RZL	ENCFF026RZL	ENCSR382JUJ	ENCSR719LJN	ChromBPNet	normalized bias-corrected predicted signal profile	bigWig	DNase-seq	none	superior-temporal-gyrus	gyrus	brain	central-nervous-system	none	none	passed
ENCFF637KYN	ENCFF637KYN	ENCSR101QXF	ENCSR580EKH	ChromBPNet	normalized bias-corrected predicted signal profile	bigWig	DNase-seq	none	suprapubic-skin	skin	skin	integumental-system	none	none	passed
ENCFF011VXS	ENCFF011VXS	ENCSR210NKB	ENCSR962ICP	ChromBPNet	normalized bias-corrected predicted signal profile	bigWig	ATAC-seq	none	testis	testis	testis	reproductive-system	none	none	passed
ENCFF208USA	ENCFF208USA	ENCSR278FHC	ENCSR628MRI	ChromBPNet	normalized bias-corrected predicted signal profile	bigWig	DNase-seq	none	testis	testis	testis	reproductive-system	none	none	passed
ENCFF269ADT	ENCFF269ADT	ENCSR866ODX	ENCSR782JTX	ChromBPNet	normalized bias-corrected predicted signal profile	bigWig	DNase-seq	none	testis	testis	testis	reproductive-system	none	none	passed
ENCFF482HLU	ENCFF482HLU	ENCSR729DRB	ENCSR475FVE	ChromBPNet	normalized bias-corrected predicted signal profile	bigWig	DNase-seq	none	testis	testis	testis	reproductive-system	none	none	passed
ENCFF920VLV	ENCFF920VLV	ENCSR344ZTM	ENCSR682VDU	ChromBPNet	normalized bias-corrected predicted signal profile	bigWig	ATAC-seq	none	thoracic-aorta	aorta	blood-vessel	circulatory-system	none	none	passed
ENCFF406IVY	ENCFF406IVY	ENCSR298SDT	ENCSR193FTZ	ChromBPNet	normalized bias-corrected predicted signal profile	bigWig	DNase-seq	none	thoracic-aorta	aorta	blood-vessel	circulatory-system	none	none	passed
ENCFF160TXS	ENCFF160TXS	ENCSR164PQJ	ENCSR578KWO	ChromBPNet	normalized bias-corrected predicted signal profile	bigWig	DNase-seq	none	thymus	thymus	thymus	endocrine-system	none	none	passed
ENCFF423BKN	ENCFF423BKN	ENCSR682PKY	ENCSR108MFV	ChromBPNet	normalized bias-corrected predicted signal profile	bigWig	DNase-seq	none	thymus	thymus	thymus	endocrine-system	none	none	passed
ENCFF561TNK	ENCFF561TNK	ENCSR962EAP	ENCSR822NGA	ChromBPNet	normalized bias-corrected predicted signal profile	bigWig	DNase-seq	none	thymus	thymus	thymus	endocrine-system	none	none	passed
ENCFF627YCG	ENCFF627YCG	ENCSR838IPF	ENCSR617ERP	ChromBPNet	normalized bias-corrected predicted signal profile	bigWig	DNase-seq	none	thymus	thymus	thymus	endocrine-system	none	none	passed
ENCFF647IQA	ENCFF647IQA	ENCSR888UPQ	ENCSR496YMQ	ChromBPNet	normalized bias-corrected predicted signal profile	bigWig	DNase-seq	none	thymus	thymus	thymus	endocrine-system	none	none	passed
ENCFF708QJN	ENCFF708QJN	ENCSR342NCX	ENCSR892XBW	ChromBPNet	normalized bias-corrected predicted signal profile	bigWig	DNase-seq	none	thymus	thymus	thymus	endocrine-system	none	none	passed
ENCFF772KRL	ENCFF772KRL	ENCSR541UPY	ENCSR403QRF	ChromBPNet	normalized bias-corrected predicted signal profile	bigWig	DNase-seq	none	thymus	thymus	thymus	endocrine-system	none	none	passed
ENCFF910MZP	ENCFF910MZP	ENCSR544KDB	ENCSR631GYP	ChromBPNet	normalized bias-corrected predicted signal profile	bigWig	DNase-seq	none	thymus	thymus	thymus	endocrine-system	none	none	passed
ENCFF958IHJ	ENCFF958IHJ	ENCSR777USE	ENCSR169CSC	ChromBPNet	normalized bias-corrected predicted signal profile	bigWig	DNase-seq	none	thymus	thymus	thymus	endocrine-system	none	none	passed
ENCFF146DKV	ENCFF146DKV	ENCSR914DTI	ENCSR867AUW	ChromBPNet	normalized bias-corrected predicted signal profile	bigWig	ATAC-seq	none	thyroid-gland	thyroid	thyroid	endocrine-system	none	none	passed
ENCFF507JFF	ENCFF507JFF	ENCSR201FIW	ENCSR986NGU	ChromBPNet	normalized bias-corrected predicted signal profile	bigWig	ATAC-seq	none	thyroid-gland	thyroid	thyroid	endocrine-system	none	none	passed
ENCFF657VVX	ENCFF657VVX	ENCSR474XFV	ENCSR846DLY	ChromBPNet	normalized bias-corrected predicted signal profile	bigWig	ATAC-seq	none	thyroid-gland	thyroid	thyroid	endocrine-system	none	none	passed
ENCFF049MOE	ENCFF049MOE	ENCSR195ONB	ENCSR157IQH	ChromBPNet	normalized bias-corrected predicted signal profile	bigWig	DNase-seq	none	thyroid-gland	thyroid	thyroid	endocrine-system	none	none	passed
ENCFF706ZBS	ENCFF706ZBS	ENCSR749MUH	ENCSR470UFS	ChromBPNet	normalized bias-corrected predicted signal profile	bigWig	DNase-seq	none	thyroid-gland	thyroid	thyroid	endocrine-system	none	none	passed
ENCFF912WBV	ENCFF912WBV	ENCSR450PWF	ENCSR824KPK	ChromBPNet	normalized bias-corrected predicted signal profile	bigWig	DNase-seq	none	thyroid-gland	thyroid	thyroid	endocrine-system	none	none	passed
ENCFF034YLO	ENCFF034YLO	ENCSR630REB	ENCSR316RFC	ChromBPNet	normalized bias-corrected predicted signal profile	bigWig	ATAC-seq	none	tibial-artery	artery	blood-vessel	circulatory-system	none	none	passed
ENCFF670VLR	ENCFF670VLR	ENCSR090IDV	ENCSR492YAV	ChromBPNet	normalized bias-corrected predicted signal profile	bigWig	DNase-seq	none	tibial-artery	artery	blood-vessel	circulatory-system	none	none	passed
ENCFF990THZ	ENCFF990THZ	ENCSR102RSU	ENCSR530QPE	ChromBPNet	normalized bias-corrected predicted signal profile	bigWig	DNase-seq	none	tibial-artery	artery	blood-vessel	circulatory-system	none	none	passed
ENCFF025BRA	ENCFF025BRA	ENCSR831KAH	ENCSR547WXV	ChromBPNet	normalized bias-corrected predicted signal profile	bigWig	ATAC-seq	none	tibial-nerve	nerve	nerve	peripheral-nervous-system	none	none	passed
ENCFF488QVI	ENCFF488QVI	ENCSR508FVM	ENCSR009FPS	ChromBPNet	normalized bias-corrected predicted signal profile	bigWig	DNase-seq	none	tibial-nerve	nerve	nerve	peripheral-nervous-system	none	none	passed
ENCFF564FPF	ENCFF564FPF	ENCSR484UAU	ENCSR945NLK	ChromBPNet	normalized bias-corrected predicted signal profile	bigWig	DNase-seq	none	tibial-nerve	nerve	nerve	peripheral-nervous-system	none	none	passed
ENCFF060OJK	ENCFF060OJK	ENCSR559WMK	ENCSR004CWE	ChromBPNet	normalized bias-corrected predicted signal profile	bigWig	DNase-seq	none	tongue	tongue	tongue	sensory-system	none	none	passed
ENCFF963XWT	ENCFF963XWT	ENCSR759UNY	ENCSR971WIA	ChromBPNet	normalized bias-corrected predicted signal profile	bigWig	DNase-seq	none	tongue	tongue	tongue	sensory-system	none	none	passed
ENCFF603SAO	ENCFF603SAO	ENCSR386HAZ	ENCSR245KNI	ChromBPNet	normalized bias-corrected predicted signal profile	bigWig	ATAC-seq	none	transverse-colon	colon	large-intestine	digestive-system	none	none	passed
ENCFF612VBR	ENCFF612VBR	ENCSR761TKU	ENCSR466YQP	ChromBPNet	normalized bias-corrected predicted signal profile	bigWig	ATAC-seq	none	transverse-colon	colon	large-intestine	digestive-system	none	none	passed
ENCFF825LBR	ENCFF825LBR	ENCSR668VCT	ENCSR194GTM	ChromBPNet	normalized bias-corrected predicted signal profile	bigWig	ATAC-seq	none	transverse-colon	colon	large-intestine	digestive-system	none	none	passed
ENCFF915ESW	ENCFF915ESW	ENCSR404LLJ	ENCSR982JLU	ChromBPNet	normalized bias-corrected predicted signal profile	bigWig	ATAC-seq	none	transverse-colon	colon	large-intestine	digestive-system	none	none	passed
ENCFF501QPL	ENCFF501QPL	ENCSR340MRJ	ENCSR376PZR	ChromBPNet	normalized bias-corrected predicted signal profile	bigWig	DNase-seq	none	transverse-colon	colon	large-intestine	digestive-system	none	none	passed
ENCFF578ETG	ENCFF578ETG	ENCSR763AKE	ENCSR511HYE	ChromBPNet	normalized bias-corrected predicted signal profile	bigWig	DNase-seq	none	transverse-colon	colon	large-intestine	digestive-system	none	none	passed
ENCFF895BWO	ENCFF895BWO	ENCSR923JYH	ENCSR375EUQ	ChromBPNet	normalized bias-corrected predicted signal profile	bigWig	DNase-seq	none	transverse-colon	colon	large-intestine	digestive-system	none	none	passed
ENCFF266WSF	ENCFF266WSF	ENCSR179CDH	ENCSR802XPE	ChromBPNet	normalized bias-corrected predicted signal profile	bigWig	DNase-seq	none	trophoblast-cell	t-cell	immune	immune-system	none	none	passed
ENCFF449UCE	ENCFF449UCE	ENCSR809LCE	ENCSR499THI	ChromBPNet	normalized bias-corrected predicted signal profile	bigWig	DNase-seq	none	trophoblast-cell	t-cell	immune	immune-system	none	none	passed
ENCFF521OLC	ENCFF521OLC	ENCSR964MZQ	ENCSR740KCQ	ChromBPNet	normalized bias-corrected predicted signal profile	bigWig	DNase-seq	none	trophoblast-cell	t-cell	immune	immune-system	none	none	passed
ENCFF663BAS	ENCFF663BAS	ENCSR121ZSL	ENCSR480QYT	ChromBPNet	normalized bias-corrected predicted signal profile	bigWig	DNase-seq	none	trophoblast-cell	t-cell	immune	immune-system	none	none	passed
ENCFF705ISG	ENCFF705ISG	ENCSR593LTJ	ENCSR233LNE	ChromBPNet	normalized bias-corrected predicted signal profile	bigWig	DNase-seq	none	trophoblast-cell	t-cell	immune	immune-system	none	none	passed
ENCFF118AOW	ENCFF118AOW	ENCSR362ZFC	ENCSR425HSD	ChromBPNet	normalized bias-corrected predicted signal profile	bigWig	DNase-seq	none	type-B-pancreatic-cell	pancreatic	pancreas	digestive-system	none	none	passed
ENCFF601FAS	ENCFF601FAS	ENCSR512CWR	ENCSR884IFQ	ChromBPNet	normalized bias-corrected predicted signal profile	bigWig	DNase-seq	none	umbilical-cord	umbilical	umbilical	reproductive-system	none	none	passed
ENCFF482CVD	ENCFF482CVD	ENCSR895SEG	ENCSR388FHS	ChromBPNet	normalized bias-corrected predicted signal profile	bigWig	ATAC-seq	none	upper-lobe-of-left-lung	lung	lung	respiratory-system	none	none	passed
ENCFF762TEJ	ENCFF762TEJ	ENCSR242QRV	ENCSR463FHI	ChromBPNet	normalized bias-corrected predicted signal profile	bigWig	ATAC-seq	none	upper-lobe-of-left-lung	lung	lung	respiratory-system	none	none	passed
ENCFF256ZIG	ENCFF256ZIG	ENCSR702DPD	ENCSR429NWR	ChromBPNet	normalized bias-corrected predicted signal profile	bigWig	DNase-seq	none	upper-lobe-of-left-lung	lung	lung	respiratory-system	none	none	passed
ENCFF402LYO	ENCFF402LYO	ENCSR800ADR	ENCSR987KZP	ChromBPNet	normalized bias-corrected predicted signal profile	bigWig	DNase-seq	none	upper-lobe-of-left-lung	lung	lung	respiratory-system	none	none	passed
ENCFF596MCO	ENCFF596MCO	ENCSR058VBM	ENCSR176OCJ	ChromBPNet	normalized bias-corrected predicted signal profile	bigWig	DNase-seq	none	upper-lobe-of-left-lung	lung	lung	respiratory-system	none	none	passed
ENCFF792QDS	ENCFF792QDS	ENCSR650FLQ	ENCSR901HTN	ChromBPNet	normalized bias-corrected predicted signal profile	bigWig	DNase-seq	none	upper-lobe-of-left-lung	lung	lung	respiratory-system	none	none	passed
ENCFF794TWP	ENCFF794TWP	ENCSR323UTX	ENCSR306LZC	ChromBPNet	normalized bias-corrected predicted signal profile	bigWig	DNase-seq	none	upper-lobe-of-left-lung	lung	lung	respiratory-system	none	none	passed
ENCFF152HTG	ENCFF152HTG	ENCSR990NNX	ENCSR746ZND	ChromBPNet	normalized bias-corrected predicted signal profile	bigWig	ATAC-seq	none	upper-lobe-of-right-lung	lung	lung	respiratory-system	none	none	passed
ENCFF842LEN	ENCFF842LEN	ENCSR357AWH	ENCSR858DQL	ChromBPNet	normalized bias-corrected predicted signal profile	bigWig	DNase-seq	none	upper-lobe-of-right-lung	lung	lung	respiratory-system	none	none	passed
ENCFF447HRS	ENCFF447HRS	ENCSR814RGG	ENCSR548DKO	ChromBPNet	normalized bias-corrected predicted signal profile	bigWig	ATAC-seq	none	ureter	ureter	kidney	excretory-system	none	none	passed
ENCFF525OAU	ENCFF525OAU	ENCSR398JUP	ENCSR078RRP	ChromBPNet	normalized bias-corrected predicted signal profile	bigWig	DNase-seq	none	ureter	ureter	kidney	excretory-system	none	none	passed
ENCFF818BFS	ENCFF818BFS	ENCSR813CKU	ENCSR447YGC	ChromBPNet	normalized bias-corrected predicted signal profile	bigWig	DNase-seq	none	urinary-bladder	bladder	bladder	excretory-system	none	none	passed
ENCFF653WHH	ENCFF653WHH	ENCSR705RZX	ENCSR222TQG	ChromBPNet	normalized bias-corrected predicted signal profile	bigWig	ATAC-seq	none	uterus	uterus	uterus	reproductive-system	none	none	passed
ENCFF717NYV	ENCFF717NYV	ENCSR775SYU	ENCSR456GSD	ChromBPNet	normalized bias-corrected predicted signal profile	bigWig	ATAC-seq	none	uterus	uterus	uterus	reproductive-system	none	none	passed
ENCFF355EKD	ENCFF355EKD	ENCSR129BZE	ENCSR090OTQ	ChromBPNet	normalized bias-corrected predicted signal profile	bigWig	DNase-seq	none	uterus	uterus	uterus	reproductive-system	none	none	passed
ENCFF498HNC	ENCFF498HNC	ENCSR545ADK	ENCSR111EIO	ChromBPNet	normalized bias-corrected predicted signal profile	bigWig	DNase-seq	none	uterus	uterus	uterus	reproductive-system	none	none	passed
