track_key	file_accession	experiment	model_accession	model	track_type	format	assay	target	biosample	tissue	organ	system	strand	score_type	qc_flag
ENCFF695DCT	ENCFF695DCT	ENCSR590KEQ	ENCSR728JEK	BPNet	sequence contribution scores profile	bigWig	ChIP-seq	ARNT	GM12878	cell-line	cell-line	cell-line	none	profile	passed
ENCFF678NNM	ENCFF678NNM	ENCSR760UKJ	ENCSR572ENG	BPNet	sequence contribution scores profile	bigWig	ChIP-seq	ARNT	HEK293T	cell-line	cell-line	cell-line	none	profile	passed
ENCFF840UXZ	ENCFF840UXZ	ENCSR267TGY	ENCSR041XVL	BPNet	sequence contribution scores profile	bigWig	ChIP-seq	ARNT2	HepG2	cell-line	cell-line	cell-line	none	profile	passed
ENCFF734SEQ	ENCFF734SEQ	ENCSR794LVK	ENCSR768KYM	BPNet	sequence contribution scores profile	bigWig	ChIP-seq	ARNTL	HepG2	cell-line	cell-line	cell-line	none	profile	passed
ENCFF052JHE	ENCFF052JHE	ENCSR949COJ	ENCSR195HNX	BPNet	sequence contribution scores profile	bigWig	ChIP-seq	ARNTL	SK-N-SH	cell-line	cell-line	cell-line	none	profile	passed
ENCFF397GYK	ENCFF397GYK	ENCSR253OON	ENCSR921NDS	BPNet	sequence contribution scores profile	bigWig	ChIP-seq	ATF1	HepG2	cell-line	cell-line	cell-line	none	profile	passed
ENCFF155LSZ	ENCFF155LSZ	ENCSR085XDP	ENCSR492OAC	BPNet	sequence contribution scores profile	bigWig	ChIP-seq	ATF1	K562	cell-line	cell-line	cell-line	none	profile	passed
ENCFF249LCE	ENCFF249LCE	ENCSR000DNZ	ENCSR945EBR	BPNet	sequence contribution scores profile	bigWig	ChIP-seq	ATF1	K562	cell-line	cell-line	cell-line	none	profile	passed
ENCFF537TTI	ENCFF537TTI	ENCSR159OCC	ENCSR098GCX	BPNet	sequence contribution scores profile	bigWig	ChIP-seq	ATF1	K562	cell-line	cell-line	cell-line	none	profile	passed
ENCFF986OJL	ENCFF986OJL	ENCSR091GVJ	ENCSR901APQ	BPNet	sequence contribution scores profile	bigWig	ChIP-seq	ATF1	K562	cell-line	cell-line	cell-line	none	profile	passed
ENCFF392DYD	ENCFF392DYD	ENCSR887VJM	ENCSR066VPU	BPNet	sequence contribution scores profile	bigWig	ChIP-seq	ATF1	WTC11	cell-line	cell-line	cell-line	none	profile	passed
ENCFF435RKU	ENCFF435RKU	ENCSR000BQK	ENCSR805HVX	BPNet	sequence contribution scores profile	bigWig	ChIP-seq	ATF2	GM12878	cell-line	cell-line	cell-line	none	profile	passed
ENCFF723KPB	ENCFF723KPB	ENCSR961PPA	ENCSR948FHI	BPNet	sequence contribution scores profile	bigWig	ChIP-seq	ATF2	GM12878	cell-line	cell-line	cell-line	none	profile	passed
ENCFF410TQD	ENCFF410TQD	ENCSR000BQU	ENCSR351BPK	BPNet	sequence contribution scores profile	bigWig	ChIP-seq	ATF2	H1	cell-line	cell-line	cell-line	none	profile	passed
ENCFF973JVX	ENCFF973JVX	ENCSR217HTK	ENCSR510IRZ	BPNet	sequence contribution scores profile	bigWig	ChIP-seq	ATF2	HEK293	cell-line	cell-line	cell-line	none	profile	passed
ENCFF056OVH	ENCFF056OVH	ENCSR908HWZ	ENCSR290NUC	BPNet	sequence contribution scores profile	bigWig	ChIP-seq	ATF2	HepG2	cell-line	cell-line	cell-line	none	profile	passed
ENCFF535UIN	ENCFF535UIN	ENCSR047BUZ	ENCSR268FRB	BPNet	sequence contribution scores profile	bigWig	ChIP-seq	ATF2	HepG2	cell-line	cell-line	cell-line	none	profile	passed
ENCFF448NCF	ENCFF448NCF	ENCSR869IUD	ENCSR762MDC	BPNet	sequence contribution scores profile	bigWig	ChIP-seq	ATF2	K562	cell-line	cell-line	cell-line	none	profile	passed
ENCFF894BZQ	ENCFF894BZQ	ENCSR014ARU	ENCSR329DYY	BPNet	sequence contribution scores profile	bigWig	ChIP-seq	ATF2	K562	cell-line	cell-line	cell-line	none	profile	passed
ENCFF599KUZ	ENCFF599KUZ	ENCSR000BPS	ENCSR473TBT	BPNet	sequence contribution scores profile	bigWig	ChIP-seq	ATF3	A549	cell-line	cell-line	cell-line	none	profile	passed
ENCFF926AGI	ENCFF926AGI	ENCSR000BKC	ENCSR957UER	BPNet	sequence contribution scores profile	bigWig	ChIP-seq	ATF3	H1	cell-line	cell-line	cell-line	none	profile	passed
ENCFF399ILF	ENCFF399ILF	ENCSR000BUG	ENCSR070KTD	BPNet	sequence contribution scores profile	bigWig	ChIP-seq	ATF3	HCT116	cell-line	cell-line	cell-line	none	profile	passed
ENCFF671GVY	ENCFF671GVY	ENCSR402ZCY	ENCSR295WDS	BPNet	sequence contribution scores profile	bigWig	ChIP-seq	ATF3	HepG2	cell-line	cell-line	cell-line	none	profile	passed
ENCFF699VCT	ENCFF699VCT	ENCSR000BKE	ENCSR469WUV	BPNet	sequence contribution scores profile	bigWig	ChIP-seq	ATF3	HepG2	cell-line	cell-line	cell-line	none	profile	passed
ENCFF224ZSL	ENCFF224ZSL	ENCSR000DOG	ENCSR171HUI	BPNet	sequence contribution scores profile	bigWig	ChIP-seq	ATF3	K562	cell-line	cell-line	cell-line	none	profile	passed
ENCFF497AKA	ENCFF497AKA	ENCSR028UIU	ENCSR405ECI	BPNet	sequence contribution scores profile	bigWig	ChIP-seq	ATF3	K562	cell-line	cell-line	cell-line	none	profile	passed
ENCFF679NBW	ENCFF679NBW	ENCSR000BNU	ENCSR938IXD	BPNet	sequence contribution scores profile	bigWig	ChIP-seq	ATF3	K562	cell-line	cell-line	cell-line	none	profile	passed
ENCFF949YVI	ENCFF949YVI	ENCSR632DCH	ENCSR697WUY	BPNet	sequence contribution scores profile	bigWig	ChIP-seq	ATF3	K562	cell-line	cell-line	cell-line	none	profile	passed
ENCFF037ECZ	ENCFF037ECZ	ENCSR205FOW	ENCSR747WRJ	BPNet	sequence contribution scores profile	bigWig	ChIP-seq	ATF3	liver	liver	liver	digestive-system	none	profile	passed
ENCFF719XHZ	ENCFF719XHZ	ENCSR480LIS	ENCSR899JOK	BPNet	sequence contribution scores profile	bigWig	ChIP-seq	ATF3	liver	liver	liver	digestive-system	none	profile	passed
ENCFF369XZF	ENCFF369XZF	ENCSR288ZFV	ENCSR541PJK	BPNet	sequence contribution scores profile	bigWig	ChIP-seq	ATF4	HepG2	cell-line	cell-line	cell-line	none	profile	passed
ENCFF543CMS	ENCFF543CMS	ENCSR803PAI	ENCSR800VEQ	BPNet	sequence contribution scores profile	bigWig	ChIP-seq	ATF4	HepG2	cell-line	cell-line	cell-line	none	profile	passed
ENCFF611JQV	ENCFF611JQV	ENCSR965SHB	ENCSR542HXB	BPNet	sequence contribution scores profile	bigWig	ChIP-seq	ATF4	HepG2	cell-line	cell-line	cell-line	none	profile	passed
ENCFF042YEN	ENCFF042YEN	ENCSR145TSJ	ENCSR254DFG	BPNet	sequence contribution scores profile	bigWig	ChIP-seq	ATF4	K562	cell-line	cell-line	cell-line	none	profile	passed
ENCFF162QZD	ENCFF162QZD	ENCSR044UJJ	ENCSR545YPY	BPNet	sequence contribution scores profile	bigWig	ChIP-seq	ATF4	K562	cell-line	cell-line	cell-line	none	profile	passed
ENCFF103WZL	ENCFF103WZL	ENCSR161CZA	ENCSR234UFS	BPNet	sequence contribution scores profile	bigWig	ChIP-seq	ATOH8	A549	cell-line	cell-line	cell-line	none	profile	passed
ENCFF726WQI	ENCFF726WQI	ENCSR636MKU	ENCSR478VGG	BPNet	sequence contribution scores profile	bigWig	ChIP-seq	BACH1	GM12878	cell-line	cell-line	cell-line	none	profile	passed
ENCFF178ZTW	ENCFF178ZTW	ENCSR740NPG	ENCSR166BIR	BPNet	sequence contribution scores profile	bigWig	ChIP-seq	BACH1	K562	cell-line	cell-line	cell-line	none	profile	passed
ENCFF592RFZ	ENCFF592RFZ	ENCSR000EGD	ENCSR326GUZ	BPNet	sequence contribution scores profile	bigWig	ChIP-seq	BACH1	K562	cell-line	cell-line	cell-line	none	profile	passed
ENCFF091MZH	ENCFF091MZH	ENCSR036THH	ENCSR467XIK	BPNet	sequence contribution scores profile	bigWig	ChIP-seq	BACH2	SK-N-SH	cell-line	cell-line	cell-line	none	profile	passed
ENCFF706QBY	ENCFF706QBY	ENCSR000BGT	ENCSR367ANH	BPNet	sequence contribution scores profile	bigWig	ChIP-seq	BATF	GM12878	cell-line	cell-line	cell-line	none	profile	passed
ENCFF229VDF	ENCFF229VDF	ENCSR507BRS	ENCSR611OLN	BPNet	sequence contribution scores profile	bigWig	ChIP-seq	BATF2	HepG2	cell-line	cell-line	cell-line	none	profile	passed
ENCFF575VOP	ENCFF575VOP	ENCSR000BHA	ENCSR683WNX	BPNet	sequence contribution scores profile	bigWig	ChIP-seq	BCL11A	GM12878	cell-line	cell-line	cell-line	none	profile	passed
ENCFF292HDV	ENCFF292HDV	ENCSR021DJC	ENCSR027OIP	BPNet	sequence contribution scores profile	bigWig	ChIP-seq	BCL11A	HEK293	cell-line	cell-line	cell-line	none	profile	passed
ENCFF636AIB	ENCFF636AIB	ENCSR770PQN	ENCSR676KNH	BPNet	sequence contribution scores profile	bigWig	ChIP-seq	BCL11B	HEK293	cell-line	cell-line	cell-line	none	profile	passed
ENCFF383MGA	ENCFF383MGA	ENCSR759BDG	ENCSR679ZPP	BPNet	sequence contribution scores profile	bigWig	ChIP-seq	BCL6	HepG2	cell-line	cell-line	cell-line	none	profile	passed
ENCFF307BVC	ENCFF307BVC	ENCSR673SGK	ENCSR317PHW	BPNet	sequence contribution scores profile	bigWig	ChIP-seq	BCL6B	HEK293	cell-line	cell-line	cell-line	none	profile	passed
ENCFF361UEH	ENCFF361UEH	ENCSR888QFJ	ENCSR298UPH	BPNet	sequence contribution scores profile	bigWig	ChIP-seq	BHLHA15	HepG2	cell-line	cell-line	cell-line	none	profile	passed
ENCFF658MNC	ENCFF658MNC	ENCSR000DYJ	ENCSR748VCW	BPNet	sequence contribution scores profile	bigWig	ChIP-seq	BHLHE40	A549	cell-line	cell-line	cell-line	none	profile	passed
ENCFF497VXB	ENCFF497VXB	ENCSR987MTA	ENCSR342AKH	BPNet	sequence contribution scores profile	bigWig	ChIP-seq	BHLHE40	GM12878	cell-line	cell-line	cell-line	none	profile	passed
ENCFF924DJD	ENCFF924DJD	ENCSR000DZJ	ENCSR239UVB	BPNet	sequence contribution scores profile	bigWig	ChIP-seq	BHLHE40	GM12878	cell-line	cell-line	cell-line	none	profile	passed
ENCFF017BHY	ENCFF017BHY	ENCSR000BID	ENCSR485MPU	BPNet	sequence contribution scores profile	bigWig	ChIP-seq	BHLHE40	HepG2	cell-line	cell-line	cell-line	none	profile	passed
ENCFF500GNV	ENCFF500GNV	ENCSR000EDT	ENCSR185XMD	BPNet	sequence contribution scores profile	bigWig	ChIP-seq	BHLHE40	HepG2	cell-line	cell-line	cell-line	none	profile	passed
ENCFF164RVS	ENCFF164RVS	ENCSR957KYB	ENCSR695LTU	BPNet	sequence contribution scores profile	bigWig	ChIP-seq	BHLHE40	IMR-90	cell-line	cell-line	cell-line	none	profile	passed
ENCFF111WMM	ENCFF111WMM	ENCSR000EGV	ENCSR789BUU	BPNet	sequence contribution scores profile	bigWig	ChIP-seq	BHLHE40	K562	cell-line	cell-line	cell-line	none	profile	passed
ENCFF059YQK	ENCFF059YQK	ENCSR754GYI	ENCSR103PKW	BPNet	sequence contribution scores profile	bigWig	ChIP-seq	BNC2	SK-N-SH	cell-line	cell-line	cell-line	none	profile	passed
ENCFF750XRJ	ENCFF750XRJ	ENCSR860UHK	ENCSR898TRL	BPNet	sequence contribution scores profile	bigWig	ChIP-seq	CBFB	GM12878	cell-line	cell-line	cell-line	none	profile	passed
ENCFF417LEU	ENCFF417LEU	ENCSR479RZV	ENCSR392OOL	BPNet	sequence contribution scores profile	bigWig	ChIP-seq	CBFB	HepG2	cell-line	cell-line	cell-line	none	profile	passed
ENCFF010MAJ	ENCFF010MAJ	ENCSR116NDV	ENCSR869FJD	BPNet	sequence contribution scores profile	bigWig	ChIP-seq	CBFB	K562	cell-line	cell-line	cell-line	none	profile	passed
ENCFF651MYT	ENCFF651MYT	ENCSR142IGM	ENCSR470KOS	BPNet	sequence contribution scores profile	bigWig	ChIP-seq	CEBPA	HepG2	cell-line	cell-line	cell-line	none	profile	passed
ENCFF049XFM	ENCFF049XFM	ENCSR375BUB	ENCSR371YSK	BPNet	sequence contribution scores profile	bigWig	ChIP-seq	CEBPB	A549	cell-line	cell-line	cell-line	none	profile	passed
ENCFF051MRP	ENCFF051MRP	ENCSR474DCX	ENCSR613GGY	BPNet	sequence contribution scores profile	bigWig	ChIP-seq	CEBPB	A549	cell-line	cell-line	cell-line	none	profile	passed
ENCFF077UFD	ENCFF077UFD	ENCSR269IUA	ENCSR354GWM	BPNet	sequence contribution scores profile	bigWig	ChIP-seq	CEBPB	A549	cell-line	cell-line	cell-line	none	profile	passed
ENCFF154KDX	ENCFF154KDX	ENCSR000DYI	ENCSR369ECF	BPNet	sequence contribution scores profile	bigWig	ChIP-seq	CEBPB	A549	cell-line	cell-line	cell-line	none	profile	passed
ENCFF261CDQ	ENCFF261CDQ	ENCSR447ZMS	ENCSR499GKM	BPNet	sequence contribution scores profile	bigWig	ChIP-seq	CEBPB	A549	cell-line	cell-line	cell-line	none	profile	passed
ENCFF292MFN	ENCFF292MFN	ENCSR752AQK	ENCSR592NTA	BPNet	sequence contribution scores profile	bigWig	ChIP-seq	CEBPB	A549	cell-line	cell-line	cell-line	none	profile	passed
ENCFF391RQZ	ENCFF391RQZ	ENCSR190VMK	ENCSR193DUC	BPNet	sequence contribution scores profile	bigWig	ChIP-seq	CEBPB	A549	cell-line	cell-line	cell-line	none	profile	passed
ENCFF629MOE	ENCFF629MOE	ENCSR853DWE	ENCSR104TSU	BPNet	sequence contribution scores profile	bigWig	ChIP-seq	CEBPB	A549	cell-line	cell-line	cell-line	none	profile	passed
ENCFF676AZS	ENCFF676AZS	ENCSR299ILN	ENCSR484BEY	BPNet	sequence contribution scores profile	bigWig	ChIP-seq	CEBPB	A549	cell-line	cell-line	cell-line	none	profile	passed
ENCFF703OTT	ENCFF703OTT	ENCSR216GEB	ENCSR837GTG	BPNet	sequence contribution scores profile	bigWig	ChIP-seq	CEBPB	A549	cell-line	cell-line	cell-line	none	profile	passed
ENCFF768DOL	ENCFF768DOL	ENCSR606ZTC	ENCSR646YTU	BPNet	sequence contribution scores profile	bigWig	ChIP-seq	CEBPB	A549	cell-line	cell-line	cell-line	none	profile	passed
ENCFF770NEV	ENCFF770NEV	ENCSR000BUB	ENCSR532EMH	BPNet	sequence contribution scores profile	bigWig	ChIP-seq	CEBPB	A549	cell-line	cell-line	cell-line	none	profile	passed
ENCFF835TFY	ENCFF835TFY	ENCSR182OZC	ENCSR817FCW	BPNet	sequence contribution scores profile	bigWig	ChIP-seq	CEBPB	A549	cell-line	cell-line	cell-line	none	profile	passed
ENCFF927DPN	ENCFF927DPN	ENCSR701TCU	ENCSR858CXQ	BPNet	sequence contribution scores profile	bigWig	ChIP-seq	CEBPB	A549	cell-line	cell-line	cell-line	none	profile	passed
ENCFF864OPL	ENCFF864OPL	ENCSR000BRX	ENCSR924MMU	BPNet	sequence contribution scores profile	bigWig	ChIP-seq	CEBPB	GM12878	cell-line	cell-line	cell-line	none	profile	passed
ENCFF384KVD	ENCFF384KVD	ENCSR000EBV	ENCSR108YJK	BPNet	sequence contribution scores profile	bigWig	ChIP-seq	CEBPB	H1	cell-line	cell-line	cell-line	none	profile	passed
ENCFF223WCR	ENCFF223WCR	ENCSR000BSD	ENCSR866PPS	BPNet	sequence contribution scores profile	bigWig	ChIP-seq	CEBPB	HCT116	cell-line	cell-line	cell-line	none	profile	passed
ENCFF234SOX	ENCFF234SOX	ENCSR000EDA	ENCSR401SDK	BPNet	sequence contribution scores profile	bigWig	ChIP-seq	CEBPB	HeLa-S3	cell-line	cell-line	cell-line	none	profile	passed
ENCFF179CKQ	ENCFF179CKQ	ENCSR000BQI	ENCSR191MIR	BPNet	sequence contribution scores profile	bigWig	ChIP-seq	CEBPB	HepG2	cell-line	cell-line	cell-line	none	profile	passed
ENCFF237PMZ	ENCFF237PMZ	ENCSR000EEX	ENCSR992MXV	BPNet	sequence contribution scores profile	bigWig	ChIP-seq	CEBPB	HepG2	cell-line	cell-line	cell-line	none	profile	passed
ENCFF637GAN	ENCFF637GAN	ENCSR000EEE	ENCSR130EWG	BPNet	sequence contribution scores profile	bigWig	ChIP-seq	CEBPB	HepG2	cell-line	cell-line	cell-line	none	profile	passed
ENCFF498KQD	ENCFF498KQD	ENCSR000EFM	ENCSR585GEN	BPNet	sequence contribution scores profile	bigWig	ChIP-seq	CEBPB	IMR-90	cell-line	cell-line	cell-line	none	profile	passed
ENCFF828NUM	ENCFF828NUM	ENCSR000BTT	ENCSR373YBM	BPNet	sequence contribution scores profile	bigWig	ChIP-seq	CEBPB	Ishikawa	cell-line	cell-line	cell-line	none	profile	passed
ENCFF254UPM	ENCFF254UPM	ENCSR416QLJ	ENCSR700UVP	BPNet	sequence contribution scores profile	bigWig	ChIP-seq	CEBPB	K562	cell-line	cell-line	cell-line	none	profile	passed
ENCFF326ERS	ENCFF326ERS	ENCSR000BRQ	ENCSR073GKS	BPNet	sequence contribution scores profile	bigWig	ChIP-seq	CEBPB	K562	cell-line	cell-line	cell-line	none	profile	passed
ENCFF644IPQ	ENCFF644IPQ	ENCSR000EHE	ENCSR613ADC	BPNet	sequence contribution scores profile	bigWig	ChIP-seq	CEBPB	K562	cell-line	cell-line	cell-line	none	profile	passed
ENCFF943MEK	ENCFF943MEK	ENCSR000BSR	ENCSR389GZV	BPNet	sequence contribution scores profile	bigWig	ChIP-seq	CEBPB	MCF-7	cell-line	cell-line	cell-line	none	profile	passed
ENCFF869LAM	ENCFF869LAM	ENCSR520MCD	ENCSR607OUC	BPNet	sequence contribution scores profile	bigWig	ChIP-seq	CEBPD	HepG2	cell-line	cell-line	cell-line	none	profile	passed
ENCFF705ACJ	ENCFF705ACJ	ENCSR639IIZ	ENCSR251BTR	BPNet	sequence contribution scores profile	bigWig	ChIP-seq	CEBPG	HepG2	cell-line	cell-line	cell-line	none	profile	passed
ENCFF540AJZ	ENCFF540AJZ	ENCSR620VIC	ENCSR136AYM	BPNet	sequence contribution scores profile	bigWig	ChIP-seq	CEBPG	K562	cell-line	cell-line	cell-line	none	profile	passed
ENCFF712AWW	ENCFF712AWW	ENCSR490LWA	ENCSR228BHD	BPNet	sequence contribution scores profile	bigWig	ChIP-seq	CEBPG	K562	cell-line	cell-line	cell-line	none	profile	passed
ENCFF769BCN	ENCFF769BCN	ENCSR058DRG	ENCSR311RPM	BPNet	sequence contribution scores profile	bigWig	ChIP-seq	CEBPG	K562	cell-line	cell-line	cell-line	none	profile	passed
ENCFF887ZOV	ENCFF887ZOV	ENCSR094ZCF	ENCSR699NDH	BPNet	sequence contribution scores profile	bigWig	ChIP-seq	CEBPG	MCF-7	cell-line	cell-line	cell-line	none	profile	passed
ENCFF680XEB	ENCFF680XEB	ENCSR228OQM	ENCSR652BKL	BPNet	sequence contribution scores profile	bigWig	ChIP-seq	CLOCK	K562	cell-line	cell-line	cell-line	none	profile	passed
ENCFF325BEY	ENCFF325BEY	ENCSR934JDG	ENCSR223EKK	BPNet	sequence contribution scores profile	bigWig	ChIP-seq	CLOCK	MCF-7	cell-line	cell-line	cell-line	none	profile	passed
ENCFF967VFR	ENCFF967VFR	ENCSR699YFX	ENCSR259WPF	BPNet	sequence contribution scores profile	bigWig	ChIP-seq	CLOCK	MCF-7	cell-line	cell-line	cell-line	none	profile	passed
ENCFF821EXP	ENCFF821EXP	ENCSR000BRA	ENCSR142HMT	BPNet	sequence contribution scores profile	bigWig	ChIP-seq	CREB1	A549	cell-line	cell-line	cell-line	none	profile	passed
ENCFF224JXD	ENCFF224JXD	ENCSR000BUF	ENCSR386RTL	BPNet	sequence contribution scores profile	bigWig	ChIP-seq	CREB1	GM12878	cell-line	cell-line	cell-line	none	profile	passed
ENCFF755JAJ	ENCFF755JAJ	ENCSR214ZAV	ENCSR854EDY	BPNet	sequence contribution scores profile	bigWig	ChIP-seq	CREB1	GM23338	cell-line	cell-line	cell-line	none	profile	passed
ENCFF635XDX	ENCFF635XDX	ENCSR000BSN	ENCSR068UQY	BPNet	sequence contribution scores profile	bigWig	ChIP-seq	CREB1	H1	cell-line	cell-line	cell-line	none	profile	passed
ENCFF099LFD	ENCFF099LFD	ENCSR331ORD	ENCSR983YAI	BPNet	sequence contribution scores profile	bigWig	ChIP-seq	CREB1	HepG2	cell-line	cell-line	cell-line	none	profile	passed
ENCFF548WMB	ENCFF548WMB	ENCSR000BVL	ENCSR546LCZ	BPNet	sequence contribution scores profile	bigWig	ChIP-seq	CREB1	HepG2	cell-line	cell-line	cell-line	none	profile	passed
ENCFF918JKA	ENCFF918JKA	ENCSR112ALD	ENCSR590FMJ	BPNet	sequence contribution scores profile	bigWig	ChIP-seq	CREB1	HepG2	cell-line	cell-line	cell-line	none	profile	passed
ENCFF308VKD	ENCFF308VKD	ENCSR000BUR	ENCSR101JSJ	BPNet	sequence contribution scores profile	bigWig	ChIP-seq	CREB1	Ishikawa	cell-line	cell-line	cell-line	none	profile	passed
ENCFF696WYJ	ENCFF696WYJ	ENCSR471WXT	ENCSR908WRX	BPNet	sequence contribution scores profile	bigWig	ChIP-seq	CREB1	K562	cell-line	cell-line	cell-line	none	profile	passed
ENCFF699XPR	ENCFF699XPR	ENCSR000BSO	ENCSR159GCM	BPNet	sequence contribution scores profile	bigWig	ChIP-seq	CREB1	K562	cell-line	cell-line	cell-line	none	profile	passed
ENCFF298VPV	ENCFF298VPV	ENCSR897JAS	ENCSR087LYI	BPNet	sequence contribution scores profile	bigWig	ChIP-seq	CREB1	MCF-7	cell-line	cell-line	cell-line	none	profile	passed
ENCFF926GWA	ENCFF926GWA	ENCSR620DUQ	ENCSR292IHN	BPNet	sequence contribution scores profile	bigWig	ChIP-seq	CREB1	MCF-7	cell-line	cell-line	cell-line	none	profile	passed
ENCFF313QSW	ENCFF313QSW	ENCSR855XFL	ENCSR193GDX	BPNet	sequence contribution scores profile	bigWig	ChIP-seq	CREB3	HepG2	cell-line	cell-line	cell-line	none	profile	passed
ENCFF203RDG	ENCFF203RDG	ENCSR093FKD	ENCSR406DVL	BPNet	sequence contribution scores profile	bigWig	ChIP-seq	CREB3	K562	cell-line	cell-line	cell-line	none	profile	passed
ENCFF879NDL	ENCFF879NDL	ENCSR109YGM	ENCSR658LOZ	BPNet	sequence contribution scores profile	bigWig	ChIP-seq	CREB3L1	K562	cell-line	cell-line	cell-line	none	profile	passed
ENCFF283JMK	ENCFF283JMK	ENCSR935PEA	ENCSR900VOQ	BPNet	sequence contribution scores profile	bigWig	ChIP-seq	CREB5	K562	cell-line	cell-line	cell-line	none	profile	passed
ENCFF163GBG	ENCFF163GBG	ENCSR758GOA	ENCSR254GJX	BPNet	sequence contribution scores profile	bigWig	ChIP-seq	CREB5	SK-N-SH	cell-line	cell-line	cell-line	none	profile	passed
ENCFF519LGH	ENCFF519LGH	ENCSR237OGW	ENCSR598TKV	BPNet	sequence contribution scores profile	bigWig	ChIP-seq	CREBL2	HepG2	cell-line	cell-line	cell-line	none	profile	passed
ENCFF859EFM	ENCFF859EFM	ENCSR839XZU	ENCSR016SWO	BPNet	sequence contribution scores profile	bigWig	ChIP-seq	CREM	GM12878	cell-line	cell-line	cell-line	none	profile	passed
ENCFF215CPT	ENCFF215CPT	ENCSR903ELW	ENCSR683NNE	BPNet	sequence contribution scores profile	bigWig	ChIP-seq	CREM	HepG2	cell-line	cell-line	cell-line	none	profile	passed
ENCFF396MCU	ENCFF396MCU	ENCSR799FCZ	ENCSR278LKR	BPNet	sequence contribution scores profile	bigWig	ChIP-seq	CREM	HepG2	cell-line	cell-line	cell-line	none	profile	passed
ENCFF416OGF	ENCFF416OGF	ENCSR077DKV	ENCSR048MNW	BPNet	sequence contribution scores profile	bigWig	ChIP-seq	CREM	K562	cell-line	cell-line	cell-line	none	profile	passed
ENCFF558AVH	ENCFF558AVH	ENCSR564TIP	ENCSR081VHO	BPNet	sequence contribution scores profile	bigWig	ChIP-seq	CREM	WTC11	cell-line	cell-line	cell-line	none	profile	passed
ENCFF601MYJ	ENCFF601MYJ	ENCSR847XGE	ENCSR050LLD	BPNet	sequence contribution scores profile	bigWig	ChIP-seq	CTCF	22Rv1	cell-line	cell-line	cell-line	none	profile	passed
ENCFF744DXO	ENCFF744DXO	ENCSR857PBV	ENCSR489YNA	BPNet	sequence contribution scores profile	bigWig	ChIP-seq	CTCF	22Rv1	cell-line	cell-line	cell-line	none	profile	passed
ENCFF061YIJ	ENCFF061YIJ	ENCSR000DPF	ENCSR129HIU	BPNet	sequence contribution scores profile	bigWig	ChIP-seq	CTCF	A549	cell-line	cell-line	cell-line	none	profile	passed
ENCFF149MFL	ENCFF149MFL	ENCSR000AUE	ENCSR762DDL	BPNet	sequence contribution scores profile	bigWig	ChIP-seq	CTCF	A549	cell-line	cell-line	cell-line	none	profile	passed
ENCFF253WDO	ENCFF253WDO	ENCSR287UXS	ENCSR022WFB	BPNet	sequence contribution scores profile	bigWig	ChIP-seq	CTCF	A549	cell-line	cell-line	cell-line	none	profile	passed
ENCFF257BSY	ENCFF257BSY	ENCSR173IEA	ENCSR766KYD	BPNet	sequence contribution scores profile	bigWig	ChIP-seq	CTCF	A549	cell-line	cell-line	cell-line	none	profile	passed
ENCFF314SGH	ENCFF314SGH	ENCSR000AUF	ENCSR460WLC	BPNet	sequence contribution scores profile	bigWig	ChIP-seq	CTCF	A549	cell-line	cell-line	cell-line	none	profile	passed
ENCFF396MAE	ENCFF396MAE	ENCSR000DYD	ENCSR702YGF	BPNet	sequence contribution scores profile	bigWig	ChIP-seq	CTCF	A549	cell-line	cell-line	cell-line	none	profile	passed
ENCFF408QBG	ENCFF408QBG	ENCSR035OXA	ENCSR124VGY	BPNet	sequence contribution scores profile	bigWig	ChIP-seq	CTCF	A549	cell-line	cell-line	cell-line	none	profile	passed
ENCFF481WGI	ENCFF481WGI	ENCSR000BHV	ENCSR546FWR	BPNet	sequence contribution scores profile	bigWig	ChIP-seq	CTCF	A549	cell-line	cell-line	cell-line	none	profile	passed
ENCFF488VHP	ENCFF488VHP	ENCSR000BHW	ENCSR103KFR	BPNet	sequence contribution scores profile	bigWig	ChIP-seq	CTCF	A549	cell-line	cell-line	cell-line	none	profile	passed
ENCFF607JXA	ENCFF607JXA	ENCSR414CQB	ENCSR308BOQ	BPNet	sequence contribution scores profile	bigWig	ChIP-seq	CTCF	A549	cell-line	cell-line	cell-line	none	profile	passed
ENCFF617UTF	ENCFF617UTF	ENCSR876UZD	ENCSR130FCJ	BPNet	sequence contribution scores profile	bigWig	ChIP-seq	CTCF	A549	cell-line	cell-line	cell-line	none	profile	passed
ENCFF618CBC	ENCFF618CBC	ENCSR553UWG	ENCSR911PNG	BPNet	sequence contribution scores profile	bigWig	ChIP-seq	CTCF	A549	cell-line	cell-line	cell-line	none	profile	passed
ENCFF620IYE	ENCFF620IYE	ENCSR130TQM	ENCSR832RWD	BPNet	sequence contribution scores profile	bigWig	ChIP-seq	CTCF	A549	cell-line	cell-line	cell-line	none	profile	passed
ENCFF634RFS	ENCFF634RFS	ENCSR249JOH	ENCSR725HHO	BPNet	sequence contribution scores profile	bigWig	ChIP-seq	CTCF	A549	cell-line	cell-line	cell-line	none	profile	passed
ENCFF681ISV	ENCFF681ISV	ENCSR336VBV	ENCSR079ECO	BPNet	sequence contribution scores profile	bigWig	ChIP-seq	CTCF	A549	cell-line	cell-line	cell-line	none	profile	passed
ENCFF685JWU	ENCFF685JWU	ENCSR851SOK	ENCSR537HTN	BPNet	sequence contribution scores profile	bigWig	ChIP-seq	CTCF	A549	cell-line	cell-line	cell-line	none	profile	passed
ENCFF827MCU	ENCFF827MCU	ENCSR000DNA	ENCSR006HEA	BPNet	sequence contribution scores profile	bigWig	ChIP-seq	CTCF	A549	cell-line	cell-line	cell-line	none	profile	passed
ENCFF922ZCD	ENCFF922ZCD	ENCSR384KPP	ENCSR276DUH	BPNet	sequence contribution scores profile	bigWig	ChIP-seq	CTCF	A549	cell-line	cell-line	cell-line	none	profile	passed
ENCFF960KTY	ENCFF960KTY	ENCSR432AXE	ENCSR972KHT	BPNet	sequence contribution scores profile	bigWig	ChIP-seq	CTCF	A549	cell-line	cell-line	cell-line	none	profile	passed
ENCFF736OKP	ENCFF736OKP	ENCSR611JJS	ENCSR920OKJ	BPNet	sequence contribution scores profile	bigWig	ChIP-seq	CTCF	A673	cell-line	cell-line	cell-line	none	profile	passed
ENCFF982QZX	ENCFF982QZX	ENCSR000DPG	ENCSR378SIR	BPNet	sequence contribution scores profile	bigWig	ChIP-seq	CTCF	AG04449	cell-line	cell-line	cell-line	none	profile	passed
ENCFF416WFT	ENCFF416WFT	ENCSR000DPM	ENCSR853WQB	BPNet	sequence contribution scores profile	bigWig	ChIP-seq	CTCF	AG04450	cell-line	cell-line	cell-line	none	profile	passed
ENCFF675DBZ	ENCFF675DBZ	ENCSR000DPP	ENCSR909PCF	BPNet	sequence contribution scores profile	bigWig	ChIP-seq	CTCF	AG09309	cell-line	cell-line	cell-line	none	profile	passed
ENCFF446UOO	ENCFF446UOO	ENCSR000DPS	ENCSR681HNW	BPNet	sequence contribution scores profile	bigWig	ChIP-seq	CTCF	AG09319	cell-line	cell-line	cell-line	none	profile	passed
ENCFF645LPZ	ENCFF645LPZ	ENCSR000DPV	ENCSR945LOE	BPNet	sequence contribution scores profile	bigWig	ChIP-seq	CTCF	AG10803	cell-line	cell-line	cell-line	none	profile	passed
ENCFF143FKE	ENCFF143FKE	ENCSR000AUV	ENCSR703RYO	BPNet	sequence contribution scores profile	bigWig	ChIP-seq	CTCF	B-cell	b-cell	immune	immune-system	none	profile	passed
ENCFF700YBH	ENCFF700YBH	ENCSR075NRV	ENCSR589SIZ	BPNet	sequence contribution scores profile	bigWig	ChIP-seq	CTCF	B-cell	b-cell	immune	immune-system	none	profile	passed
ENCFF551VJU	ENCFF551VJU	ENCSR000DQD	ENCSR809LZD	BPNet	sequence contribution scores profile	bigWig	ChIP-seq	CTCF	BE2C	cell-line	cell-line	cell-line	none	profile	passed
ENCFF746VLS	ENCFF746VLS	ENCSR000DQI	ENCSR396FYG	BPNet	sequence contribution scores profile	bigWig	ChIP-seq	CTCF	BJ	cell-line	cell-line	cell-line	none	profile	passed
ENCFF179QSA	ENCFF179QSA	ENCSR460LGH	ENCSR097TEU	BPNet	sequence contribution scores profile	bigWig	ChIP-seq	CTCF	C4-2B	cell-line	cell-line	cell-line	none	profile	passed
ENCFF207FER	ENCFF207FER	ENCSR162KZY	ENCSR644MSL	BPNet	sequence contribution scores profile	bigWig	ChIP-seq	CTCF	CD14-positive-monocyte	cd	immune	immune-system	none	profile	passed
ENCFF574MZU	ENCFF574MZU	ENCSR000ATN	ENCSR973TTH	BPNet	sequence contribution scores profile	bigWig	ChIP-seq	CTCF	CD14-positive-monocyte	cd	immune	immune-system	none	profile	passed
ENCFF362OVL	ENCFF362OVL	ENCSR470KCE	ENCSR110MUG	BPNet	sequence contribution scores profile	bigWig	ChIP-seq	CTCF	CD4-positive,-alpha-beta-T-cell	t-cell	immune	immune-system	none	profile	passed
ENCFF873OIH	ENCFF873OIH	ENCSR116AKQ	ENCSR301ZKN	BPNet	sequence contribution scores profile	bigWig	ChIP-seq	CTCF	CD8-positive,-alpha-beta-T-cell	t-cell	immune	immune-system	none	profile	passed
ENCFF530JRE	ENCFF530JRE	ENCSR961IOA	ENCSR990LSR	BPNet	sequence contribution scores profile	bigWig	ChIP-seq	CTCF	Caco-2	cell-line	cell-line	cell-line	none	profile	passed
ENCFF909BFW	ENCFF909BFW	ENCSR000DQN	ENCSR832NEH	BPNet	sequence contribution scores profile	bigWig	ChIP-seq	CTCF	Caco-2	cell-line	cell-line	cell-line	none	profile	passed
ENCFF952LSW	ENCFF952LSW	ENCSR921ERP	ENCSR429DFS	BPNet	sequence contribution scores profile	bigWig	ChIP-seq	CTCF	Calu3	cell-line	cell-line	cell-line	none	profile	passed
ENCFF625GOY	ENCFF625GOY	ENCSR000DMY	ENCSR144FRI	BPNet	sequence contribution scores profile	bigWig	ChIP-seq	CTCF	D721Med	cell-line	cell-line	cell-line	none	profile	passed
ENCFF123MGB	ENCFF123MGB	ENCSR000AQU	ENCSR804TKE	BPNet	sequence contribution scores profile	bigWig	ChIP-seq	CTCF	DND-41	cell-line	cell-line	cell-line	none	profile	passed
ENCFF121ZQE	ENCFF121ZQE	ENCSR084RDK	ENCSR151HUS	BPNet	sequence contribution scores profile	bigWig	ChIP-seq	CTCF	DOHH2	cell-line	cell-line	cell-line	none	profile	passed
ENCFF142RFZ	ENCFF142RFZ	ENCSR000DQW	ENCSR734CVF	BPNet	sequence contribution scores profile	bigWig	ChIP-seq	CTCF	GM06990	cell-line	cell-line	cell-line	none	profile	passed
ENCFF798QOK	ENCFF798QOK	ENCSR000DKP	ENCSR737MKU	BPNet	sequence contribution scores profile	bigWig	ChIP-seq	CTCF	GM10248	cell-line	cell-line	cell-line	none	profile	passed
ENCFF811QGT	ENCFF811QGT	ENCSR000DKR	ENCSR678ZBU	BPNet	sequence contribution scores profile	bigWig	ChIP-seq	CTCF	GM10266	cell-line	cell-line	cell-line	none	profile	passed
ENCFF219WCC	ENCFF219WCC	ENCSR000DRB	ENCSR838GVN	BPNet	sequence contribution scores profile	bigWig	ChIP-seq	CTCF	GM12864	cell-line	cell-line	cell-line	none	profile	passed
ENCFF755GQV	ENCFF755GQV	ENCSR000DRE	ENCSR328AFR	BPNet	sequence contribution scores profile	bigWig	ChIP-seq	CTCF	GM12865	cell-line	cell-line	cell-line	none	profile	passed
ENCFF521SII	ENCFF521SII	ENCSR000DRN	ENCSR423ZAB	BPNet	sequence contribution scores profile	bigWig	ChIP-seq	CTCF	GM12872	cell-line	cell-line	cell-line	none	profile	passed
ENCFF587WOU	ENCFF587WOU	ENCSR000DRP	ENCSR268ALZ	BPNet	sequence contribution scores profile	bigWig	ChIP-seq	CTCF	GM12873	cell-line	cell-line	cell-line	none	profile	passed
ENCFF492GJM	ENCFF492GJM	ENCSR000DRR	ENCSR660QIG	BPNet	sequence contribution scores profile	bigWig	ChIP-seq	CTCF	GM12874	cell-line	cell-line	cell-line	none	profile	passed
ENCFF678CNQ	ENCFF678CNQ	ENCSR000DRU	ENCSR803FJZ	BPNet	sequence contribution scores profile	bigWig	ChIP-seq	CTCF	GM12875	cell-line	cell-line	cell-line	none	profile	passed
ENCFF067FEV	ENCFF067FEV	ENCSR000DKV	ENCSR991FIE	BPNet	sequence contribution scores profile	bigWig	ChIP-seq	CTCF	GM12878	cell-line	cell-line	cell-line	none	profile	passed
ENCFF228ZSL	ENCFF228ZSL	ENCSR000DZN	ENCSR419MKE	BPNet	sequence contribution scores profile	bigWig	ChIP-seq	CTCF	GM12878	cell-line	cell-line	cell-line	none	profile	passed
ENCFF492NRK	ENCFF492NRK	ENCSR000AKB	ENCSR828JES	BPNet	sequence contribution scores profile	bigWig	ChIP-seq	CTCF	GM12878	cell-line	cell-line	cell-line	none	profile	passed
ENCFF714EYW	ENCFF714EYW	ENCSR000DRZ	ENCSR079TDJ	BPNet	sequence contribution scores profile	bigWig	ChIP-seq	CTCF	GM12878	cell-line	cell-line	cell-line	none	profile	passed
ENCFF617TBU	ENCFF617TBU	ENCSR000DKZ	ENCSR203ACM	BPNet	sequence contribution scores profile	bigWig	ChIP-seq	CTCF	GM13976	cell-line	cell-line	cell-line	none	profile	passed
ENCFF182XMY	ENCFF182XMY	ENCSR000DLB	ENCSR184UDP	BPNet	sequence contribution scores profile	bigWig	ChIP-seq	CTCF	GM13977	cell-line	cell-line	cell-line	none	profile	passed
ENCFF612WSV	ENCFF612WSV	ENCSR000DLG	ENCSR625FMQ	BPNet	sequence contribution scores profile	bigWig	ChIP-seq	CTCF	GM20000	cell-line	cell-line	cell-line	none	profile	passed
ENCFF300VWD	ENCFF300VWD	ENCSR987GXT	ENCSR623FBO	BPNet	sequence contribution scores profile	bigWig	ChIP-seq	CTCF	GM23338	cell-line	cell-line	cell-line	none	profile	passed
ENCFF556OIX	ENCFF556OIX	ENCSR932ZMX	ENCSR861XDX	BPNet	sequence contribution scores profile	bigWig	ChIP-seq	CTCF	GM23338	cell-line	cell-line	cell-line	none	profile	passed
ENCFF756CLN	ENCFF756CLN	ENCSR611HGB	ENCSR014TCF	BPNet	sequence contribution scores profile	bigWig	ChIP-seq	CTCF	GM23338	cell-line	cell-line	cell-line	none	profile	passed
ENCFF139UNN	ENCFF139UNN	ENCSR000AMF	ENCSR388MGB	BPNet	sequence contribution scores profile	bigWig	ChIP-seq	CTCF	H1	cell-line	cell-line	cell-line	none	profile	passed
ENCFF352HXM	ENCFF352HXM	ENCSR000BNH	ENCSR564EWM	BPNet	sequence contribution scores profile	bigWig	ChIP-seq	CTCF	H1	cell-line	cell-line	cell-line	none	profile	passed
ENCFF773NVF	ENCFF773NVF	ENCSR000DLK	ENCSR951XDR	BPNet	sequence contribution scores profile	bigWig	ChIP-seq	CTCF	H1	cell-line	cell-line	cell-line	none	profile	passed
ENCFF149IKX	ENCFF149IKX	ENCSR000DKN	ENCSR334UTF	BPNet	sequence contribution scores profile	bigWig	ChIP-seq	CTCF	H54	cell-line	cell-line	cell-line	none	profile	passed
ENCFF721AIR	ENCFF721AIR	ENCSR871MKQ	ENCSR047KAE	BPNet	sequence contribution scores profile	bigWig	ChIP-seq	CTCF	H9	cell-line	cell-line	cell-line	none	profile	passed
ENCFF010HTT	ENCFF010HTT	ENCSR107GWZ	ENCSR809QEU	BPNet	sequence contribution scores profile	bigWig	ChIP-seq	CTCF	HCT116	cell-line	cell-line	cell-line	none	profile	passed
ENCFF010PZG	ENCFF010PZG	ENCSR450DXU	ENCSR808TEA	BPNet	sequence contribution scores profile	bigWig	ChIP-seq	CTCF	HCT116	cell-line	cell-line	cell-line	none	profile	passed
ENCFF038UUJ	ENCFF038UUJ	ENCSR597TGH	ENCSR987ARI	BPNet	sequence contribution scores profile	bigWig	ChIP-seq	CTCF	HCT116	cell-line	cell-line	cell-line	none	profile	passed
ENCFF041XAX	ENCFF041XAX	ENCSR288YJL	ENCSR824RSD	BPNet	sequence contribution scores profile	bigWig	ChIP-seq	CTCF	HCT116	cell-line	cell-line	cell-line	none	profile	passed
ENCFF127MKO	ENCFF127MKO	ENCSR385CDF	ENCSR991MUU	BPNet	sequence contribution scores profile	bigWig	ChIP-seq	CTCF	HCT116	cell-line	cell-line	cell-line	none	profile	passed
ENCFF186EBB	ENCFF186EBB	ENCSR979ZEO	ENCSR458KCW	BPNet	sequence contribution scores profile	bigWig	ChIP-seq	CTCF	HCT116	cell-line	cell-line	cell-line	none	profile	passed
ENCFF227NQF	ENCFF227NQF	ENCSR341OQG	ENCSR326PBH	BPNet	sequence contribution scores profile	bigWig	ChIP-seq	CTCF	HCT116	cell-line	cell-line	cell-line	none	profile	passed
ENCFF236QDZ	ENCFF236QDZ	ENCSR240PRQ	ENCSR414BOR	BPNet	sequence contribution scores profile	bigWig	ChIP-seq	CTCF	HCT116	cell-line	cell-line	cell-line	none	profile	passed
ENCFF378FFR	ENCFF378FFR	ENCSR954MUZ	ENCSR522YJE	BPNet	sequence contribution scores profile	bigWig	ChIP-seq	CTCF	HCT116	cell-line	cell-line	cell-line	none	profile	passed
ENCFF400SIA	ENCFF400SIA	ENCSR160GVO	ENCSR212VCX	BPNet	sequence contribution scores profile	bigWig	ChIP-seq	CTCF	HCT116	cell-line	cell-line	cell-line	none	profile	passed
ENCFF401POK	ENCFF401POK	ENCSR048RGR	ENCSR122FGV	BPNet	sequence contribution scores profile	bigWig	ChIP-seq	CTCF	HCT116	cell-line	cell-line	cell-line	none	profile	passed
ENCFF412OEG	ENCFF412OEG	ENCSR908TBJ	ENCSR837PNF	BPNet	sequence contribution scores profile	bigWig	ChIP-seq	CTCF	HCT116	cell-line	cell-line	cell-line	none	profile	passed
ENCFF452GIU	ENCFF452GIU	ENCSR000DTO	ENCSR479EDA	BPNet	sequence contribution scores profile	bigWig	ChIP-seq	CTCF	HCT116	cell-line	cell-line	cell-line	none	profile	passed
ENCFF469LKK	ENCFF469LKK	ENCSR000BSE	ENCSR411AQS	BPNet	sequence contribution scores profile	bigWig	ChIP-seq	CTCF	HCT116	cell-line	cell-line	cell-line	none	profile	passed
ENCFF470BYL	ENCFF470BYL	ENCSR216SIK	ENCSR446GUY	BPNet	sequence contribution scores profile	bigWig	ChIP-seq	CTCF	HCT116	cell-line	cell-line	cell-line	none	profile	passed
ENCFF482LAL	ENCFF482LAL	ENCSR059BCO	ENCSR007ULB	BPNet	sequence contribution scores profile	bigWig	ChIP-seq	CTCF	HCT116	cell-line	cell-line	cell-line	none	profile	passed
ENCFF762TQL	ENCFF762TQL	ENCSR352EIC	ENCSR635JNK	BPNet	sequence contribution scores profile	bigWig	ChIP-seq	CTCF	HCT116	cell-line	cell-line	cell-line	none	profile	passed
ENCFF793OXL	ENCFF793OXL	ENCSR671ITY	ENCSR053AKB	BPNet	sequence contribution scores profile	bigWig	ChIP-seq	CTCF	HCT116	cell-line	cell-line	cell-line	none	profile	passed
ENCFF902VXT	ENCFF902VXT	ENCSR446FOM	ENCSR450FNU	BPNet	sequence contribution scores profile	bigWig	ChIP-seq	CTCF	HCT116	cell-line	cell-line	cell-line	none	profile	passed
ENCFF627LPV	ENCFF627LPV	ENCSR617IFZ	ENCSR468NBS	BPNet	sequence contribution scores profile	bigWig	ChIP-seq	CTCF	HEK293	cell-line	cell-line	cell-line	none	profile	passed
ENCFF809IEK	ENCFF809IEK	ENCSR000DTW	ENCSR937GND	BPNet	sequence contribution scores profile	bigWig	ChIP-seq	CTCF	HEK293	cell-line	cell-line	cell-line	none	profile	passed
ENCFF668XQX	ENCFF668XQX	ENCSR000DUM	ENCSR868VBN	BPNet	sequence contribution scores profile	bigWig	ChIP-seq	CTCF	HFF-Myc	cell-line	cell-line	cell-line	none	profile	passed
ENCFF896FWU	ENCFF896FWU	ENCSR163ULN	ENCSR395UKF	BPNet	sequence contribution scores profile	bigWig	ChIP-seq	CTCF	HFFc6	cell-line	cell-line	cell-line	none	profile	passed
ENCFF270OZC	ENCFF270OZC	ENCSR000DUP	ENCSR275BLH	BPNet	sequence contribution scores profile	bigWig	ChIP-seq	CTCF	HL-60	cell-line	cell-line	cell-line	none	profile	passed
ENCFF443MNY	ENCFF443MNY	ENCSR000DUB	ENCSR351FAH	BPNet	sequence contribution scores profile	bigWig	ChIP-seq	CTCF	HeLa-S3	cell-line	cell-line	cell-line	none	profile	passed
ENCFF716TXB	ENCFF716TXB	ENCSR000AOA	ENCSR052JJA	BPNet	sequence contribution scores profile	bigWig	ChIP-seq	CTCF	HeLa-S3	cell-line	cell-line	cell-line	none	profile	passed
ENCFF877AYL	ENCFF877AYL	ENCSR000DLO	ENCSR971MHL	BPNet	sequence contribution scores profile	bigWig	ChIP-seq	CTCF	HeLa-S3	cell-line	cell-line	cell-line	none	profile	passed
ENCFF236DEE	ENCFF236DEE	ENCSR000DUG	ENCSR314HTI	BPNet	sequence contribution scores profile	bigWig	ChIP-seq	CTCF	HepG2	cell-line	cell-line	cell-line	none	profile	passed
ENCFF409BYQ	ENCFF409BYQ	ENCSR000DLS	ENCSR393NEE	BPNet	sequence contribution scores profile	bigWig	ChIP-seq	CTCF	HepG2	cell-line	cell-line	cell-line	none	profile	passed
ENCFF443SSJ	ENCFF443SSJ	ENCSR000BIE	ENCSR810FHL	BPNet	sequence contribution scores profile	bigWig	ChIP-seq	CTCF	HepG2	cell-line	cell-line	cell-line	none	profile	passed
ENCFF629JWZ	ENCFF629JWZ	ENCSR000AMA	ENCSR999XPW	BPNet	sequence contribution scores profile	bigWig	ChIP-seq	CTCF	HepG2	cell-line	cell-line	cell-line	none	profile	passed
ENCFF967EGI	ENCFF967EGI	ENCSR607XFI	ENCSR019KHO	BPNet	sequence contribution scores profile	bigWig	ChIP-seq	CTCF	HepG2	cell-line	cell-line	cell-line	none	profile	passed
ENCFF260ESA	ENCFF260ESA	ENCSR000EFI	ENCSR691RJO	BPNet	sequence contribution scores profile	bigWig	ChIP-seq	CTCF	IMR-90	cell-line	cell-line	cell-line	none	profile	passed
ENCFF013MJQ	ENCFF013MJQ	ENCSR000BQE	ENCSR417SZU	BPNet	sequence contribution scores profile	bigWig	ChIP-seq	CTCF	Ishikawa	cell-line	cell-line	cell-line	none	profile	passed
ENCFF248OZN	ENCFF248OZN	ENCSR000BPJ	ENCSR733IVP	BPNet	sequence contribution scores profile	bigWig	ChIP-seq	CTCF	K562	cell-line	cell-line	cell-line	none	profile	passed
ENCFF293MMC	ENCFF293MMC	ENCSR000DMA	ENCSR951XAM	BPNet	sequence contribution scores profile	bigWig	ChIP-seq	CTCF	K562	cell-line	cell-line	cell-line	none	profile	passed
ENCFF715IOP	ENCFF715IOP	ENCSR000AKO	ENCSR415PVR	BPNet	sequence contribution scores profile	bigWig	ChIP-seq	CTCF	K562	cell-line	cell-line	cell-line	none	profile	passed
ENCFF890XIE	ENCFF890XIE	ENCSR000EGM	ENCSR957ZSR	BPNet	sequence contribution scores profile	bigWig	ChIP-seq	CTCF	K562	cell-line	cell-line	cell-line	none	profile	passed
ENCFF914QKF	ENCFF914QKF	ENCSR000DWE	ENCSR263BFL	BPNet	sequence contribution scores profile	bigWig	ChIP-seq	CTCF	K562	cell-line	cell-line	cell-line	none	profile	passed
ENCFF370QAC	ENCFF370QAC	ENCSR430YRJ	ENCSR697GRK	BPNet	sequence contribution scores profile	bigWig	ChIP-seq	CTCF	KMS-11	cell-line	cell-line	cell-line	none	profile	passed
ENCFF075LSZ	ENCFF075LSZ	ENCSR673WZL	ENCSR520XYQ	BPNet	sequence contribution scores profile	bigWig	ChIP-seq	CTCF	LNCAP	cell-line	cell-line	cell-line	none	profile	passed
ENCFF321FQU	ENCFF321FQU	ENCSR315NAC	ENCSR130PWB	BPNet	sequence contribution scores profile	bigWig	ChIP-seq	CTCF	LNCAP	cell-line	cell-line	cell-line	none	profile	passed
ENCFF408KKX	ENCFF408KKX	ENCSR000DMF	ENCSR531NRZ	BPNet	sequence contribution scores profile	bigWig	ChIP-seq	CTCF	LNCaP-clone-FGC	cell-line	cell-line	cell-line	none	profile	passed
ENCFF995KBL	ENCFF995KBL	ENCSR000DME	ENCSR124ANL	BPNet	sequence contribution scores profile	bigWig	ChIP-seq	CTCF	LNCaP-clone-FGC	cell-line	cell-line	cell-line	none	profile	passed
ENCFF203LKP	ENCFF203LKP	ENCSR464DKE	ENCSR015MLK	BPNet	sequence contribution scores profile	bigWig	ChIP-seq	CTCF	Loucy	cell-line	cell-line	cell-line	none	profile	passed
ENCFF788NGM	ENCFF788NGM	ENCSR193SZD	ENCSR086VQU	BPNet	sequence contribution scores profile	bigWig	ChIP-seq	CTCF	MCF-10A	cell-line	cell-line	cell-line	none	profile	passed
ENCFF074GPV	ENCFF074GPV	ENCSR000AHD	ENCSR867WPY	BPNet	sequence contribution scores profile	bigWig	ChIP-seq	CTCF	MCF-7	cell-line	cell-line	cell-line	none	profile	passed
ENCFF233VDP	ENCFF233VDP	ENCSR000DWH	ENCSR339GNY	BPNet	sequence contribution scores profile	bigWig	ChIP-seq	CTCF	MCF-7	cell-line	cell-line	cell-line	none	profile	passed
ENCFF288TBG	ENCFF288TBG	ENCSR560BUE	ENCSR230CZR	BPNet	sequence contribution scores profile	bigWig	ChIP-seq	CTCF	MCF-7	cell-line	cell-line	cell-line	none	profile	passed
ENCFF644LRE	ENCFF644LRE	ENCSR000DML	ENCSR570LWR	BPNet	sequence contribution scores profile	bigWig	ChIP-seq	CTCF	MCF-7	cell-line	cell-line	cell-line	none	profile	passed
ENCFF827EGE	ENCFF827EGE	ENCSR000DMO	ENCSR927TIG	BPNet	sequence contribution scores profile	bigWig	ChIP-seq	CTCF	MCF-7	cell-line	cell-line	cell-line	none	profile	passed
ENCFF884KCF	ENCFF884KCF	ENCSR000DMV	ENCSR981SVE	BPNet	sequence contribution scores profile	bigWig	ChIP-seq	CTCF	MCF-7	cell-line	cell-line	cell-line	none	profile	passed
ENCFF946DWS	ENCFF946DWS	ENCSR000DMR	ENCSR074QPD	BPNet	sequence contribution scores profile	bigWig	ChIP-seq	CTCF	MCF-7	cell-line	cell-line	cell-line	none	profile	passed
ENCFF956RXF	ENCFF956RXF	ENCSR000DMS	ENCSR304HYA	BPNet	sequence contribution scores profile	bigWig	ChIP-seq	CTCF	MCF-7	cell-line	cell-line	cell-line	none	profile	passed
ENCFF177VFY	ENCFF177VFY	ENCSR402IDP	ENCSR138KWF	BPNet	sequence contribution scores profile	bigWig	ChIP-seq	CTCF	MM.1S	cell-line	cell-line	cell-line	none	profile	passed
ENCFF499LWU	ENCFF499LWU	ENCSR000DWN	ENCSR819SXO	BPNet	sequence contribution scores profile	bigWig	ChIP-seq	CTCF	NB4	cell-line	cell-line	cell-line	none	profile	passed
ENCFF756YDW	ENCFF756YDW	ENCSR072EUE	ENCSR154BBO	BPNet	sequence contribution scores profile	bigWig	ChIP-seq	CTCF	OCI-LY1	cell-line	cell-line	cell-line	none	profile	passed
ENCFF010VOJ	ENCFF010VOJ	ENCSR756ZKG	ENCSR558MKV	BPNet	sequence contribution scores profile	bigWig	ChIP-seq	CTCF	OCI-LY3	cell-line	cell-line	cell-line	none	profile	passed
ENCFF438YMC	ENCFF438YMC	ENCSR027HML	ENCSR114GIC	BPNet	sequence contribution scores profile	bigWig	ChIP-seq	CTCF	OCI-LY7	cell-line	cell-line	cell-line	none	profile	passed
ENCFF411HIQ	ENCFF411HIQ	ENCSR359LOD	ENCSR989TFC	BPNet	sequence contribution scores profile	bigWig	ChIP-seq	CTCF	PC-3	cell-line	cell-line	cell-line	none	profile	passed
ENCFF940HFD	ENCFF940HFD	ENCSR243INX	ENCSR183DBQ	BPNet	sequence contribution scores profile	bigWig	ChIP-seq	CTCF	PC-9	cell-line	cell-line	cell-line	none	profile	passed
ENCFF588XTW	ENCFF588XTW	ENCSR203QEB	ENCSR595ARZ	BPNet	sequence contribution scores profile	bigWig	ChIP-seq	CTCF	Panc1	cell-line	cell-line	cell-line	none	profile	passed
ENCFF211HFW	ENCFF211HFW	ENCSR375VXU	ENCSR061TLE	BPNet	sequence contribution scores profile	bigWig	ChIP-seq	CTCF	Peyer's-patch	eye	eye	sensory-system	none	profile	passed
ENCFF313COL	ENCFF313COL	ENCSR542SCB	ENCSR060YDH	BPNet	sequence contribution scores profile	bigWig	ChIP-seq	CTCF	Peyer's-patch	eye	eye	sensory-system	none	profile	passed
ENCFF383TXE	ENCFF383TXE	ENCSR391ZKN	ENCSR059RRH	BPNet	sequence contribution scores profile	bigWig	ChIP-seq	CTCF	Peyer's-patch	eye	eye	sensory-system	none	profile	passed
ENCFF411GFA	ENCFF411GFA	ENCSR568IVD	ENCSR150JOI	BPNet	sequence contribution scores profile	bigWig	ChIP-seq	CTCF	Peyer's-patch	eye	eye	sensory-system	none	profile	passed
ENCFF826MPA	ENCFF826MPA	ENCSR799WDT	ENCSR654QKU	BPNet	sequence contribution scores profile	bigWig	ChIP-seq	CTCF	Peyer's-patch	eye	eye	sensory-system	none	profile	passed
ENCFF992WZE	ENCFF992WZE	ENCSR419ANE	ENCSR583PRG	BPNet	sequence contribution scores profile	bigWig	ChIP-seq	CTCF	Peyer's-patch	eye	eye	sensory-system	none	profile	passed
ENCFF993ZGF	ENCFF993ZGF	ENCSR303GFI	ENCSR308VAP	BPNet	sequence contribution scores profile	bigWig	ChIP-seq	CTCF	RWPE1	cell-line	cell-line	cell-line	none	profile	passed
ENCFF759NLC	ENCFF759NLC	ENCSR856JJB	ENCSR551RQP	BPNet	sequence contribution scores profile	bigWig	ChIP-seq	CTCF	RWPE2	cell-line	cell-line	cell-line	none	profile	passed
ENCFF667QOI	ENCFF667QOI	ENCSR000DXQ	ENCSR252BKY	BPNet	sequence contribution scores profile	bigWig	ChIP-seq	CTCF	SK-N-SH	cell-line	cell-line	cell-line	none	profile	passed
ENCFF720WCP	ENCFF720WCP	ENCSR000EIC	ENCSR616ZXI	BPNet	sequence contribution scores profile	bigWig	ChIP-seq	CTCF	SK-N-SH	cell-line	cell-line	cell-line	none	profile	passed
ENCFF846QOY	ENCFF846QOY	ENCSR000BLX	ENCSR134WBS	BPNet	sequence contribution scores profile	bigWig	ChIP-seq	CTCF	SK-N-SH	cell-line	cell-line	cell-line	none	profile	passed
ENCFF963BYQ	ENCFF963BYQ	ENCSR541AMF	ENCSR306PMY	BPNet	sequence contribution scores profile	bigWig	ChIP-seq	CTCF	SK-N-SH	cell-line	cell-line	cell-line	none	profile	passed
ENCFF692UDQ	ENCFF692UDQ	ENCSR125DKL	ENCSR945WSJ	BPNet	sequence contribution scores profile	bigWig	ChIP-seq	CTCF	SU-DHL-6	cell-line	cell-line	cell-line	none	profile	passed
ENCFF046IHP	ENCFF046IHP	ENCSR000BNO	ENCSR950HAX	BPNet	sequence contribution scores profile	bigWig	ChIP-seq	CTCF	T47D	cell-line	cell-line	cell-line	none	profile	passed
ENCFF235OAB	ENCFF235OAB	ENCSR265ARE	ENCSR950XKG	BPNet	sequence contribution scores profile	bigWig	ChIP-seq	CTCF	VCaP	cell-line	cell-line	cell-line	none	profile	passed
ENCFF196DVZ	ENCFF196DVZ	ENCSR000DXW	ENCSR957WLY	BPNet	sequence contribution scores profile	bigWig	ChIP-seq	CTCF	WERI-Rb-1	cell-line	cell-line	cell-line	none	profile	passed
ENCFF521MOA	ENCFF521MOA	ENCSR000DYB	ENCSR802AQG	BPNet	sequence contribution scores profile	bigWig	ChIP-seq	CTCF	WI38	cell-line	cell-line	cell-line	none	profile	passed
ENCFF195WXC	ENCFF195WXC	ENCSR992XTY	ENCSR010BYI	BPNet	sequence contribution scores profile	bigWig	ChIP-seq	CTCF	WTC11	cell-line	cell-line	cell-line	none	profile	passed
ENCFF005HZX	ENCFF005HZX	ENCSR806WWX	ENCSR859DOV	BPNet	sequence contribution scores profile	bigWig	ChIP-seq	CTCF	activated-CD4-positive,-alpha-beta-T-cell	t-cell	immune	immune-system	none	profile	passed
ENCFF356UBI	ENCFF356UBI	ENCSR347MXL	ENCSR238POW	BPNet	sequence contribution scores profile	bigWig	ChIP-seq	CTCF	activated-CD8-positive,-alpha-beta-T-cell	t-cell	immune	immune-system	none	profile	passed
ENCFF191OJG	ENCFF191OJG	ENCSR014GSQ	ENCSR312WCC	BPNet	sequence contribution scores profile	bigWig	ChIP-seq	CTCF	adrenal-gland	renal	kidney	excretory-system	none	profile	passed
ENCFF223JWY	ENCFF223JWY	ENCSR899JSO	ENCSR300KET	BPNet	sequence contribution scores profile	bigWig	ChIP-seq	CTCF	adrenal-gland	renal	kidney	excretory-system	none	profile	passed
ENCFF395YKF	ENCFF395YKF	ENCSR408ZEE	ENCSR694LPN	BPNet	sequence contribution scores profile	bigWig	ChIP-seq	CTCF	adrenal-gland	renal	kidney	excretory-system	none	profile	passed
ENCFF813NVI	ENCFF813NVI	ENCSR770IWO	ENCSR430TGX	BPNet	sequence contribution scores profile	bigWig	ChIP-seq	CTCF	adrenal-gland	renal	kidney	excretory-system	none	profile	passed
ENCFF952AAI	ENCFF952AAI	ENCSR450BLH	ENCSR859ZSI	BPNet	sequence contribution scores profile	bigWig	ChIP-seq	CTCF	adrenal-gland	renal	kidney	excretory-system	none	profile	passed
ENCFF130SYU	ENCFF130SYU	ENCSR555DCD	ENCSR496CAI	BPNet	sequence contribution scores profile	bigWig	ChIP-seq	CTCF	ascending-aorta	aorta	blood-vessel	circulatory-system	none	profile	passed
ENCFF192UAS	ENCFF192UAS	ENCSR960MDF	ENCSR059JVC	BPNet	sequence contribution scores profile	bigWig	ChIP-seq	CTCF	ascending-aorta	aorta	blood-vessel	circulatory-system	none	profile	passed
ENCFF454LWE	ENCFF454LWE	ENCSR846JKO	ENCSR158XRS	BPNet	sequence contribution scores profile	bigWig	ChIP-seq	CTCF	ascending-aorta	aorta	blood-vessel	circulatory-system	none	profile	passed
ENCFF180BRM	ENCFF180BRM	ENCSR000AOO	ENCSR914MYE	BPNet	sequence contribution scores profile	bigWig	ChIP-seq	CTCF	astrocyte	astrocyte	nerve	central-nervous-system	none	profile	passed
ENCFF520PDH	ENCFF520PDH	ENCSR461VHZ	ENCSR376CPP	BPNet	sequence contribution scores profile	bigWig	ChIP-seq	CTCF	astrocyte	astrocyte	nerve	central-nervous-system	none	profile	passed
ENCFF505BEY	ENCFF505BEY	ENCSR000DSZ	ENCSR761SWJ	BPNet	sequence contribution scores profile	bigWig	ChIP-seq	CTCF	astrocyte-of-the-cerebellum	cerebell	brain	central-nervous-system	none	profile	passed
ENCFF378TRM	ENCFF378TRM	ENCSR000DSU	ENCSR956MDS	BPNet	sequence contribution scores profile	bigWig	ChIP-seq	CTCF	astrocyte-of-the-spinal-cord	spinal	CNS	central-nervous-system	none	profile	passed
ENCFF460LRZ	ENCFF460LRZ	ENCSR066BZZ	ENCSR729UBC	BPNet	sequence contribution scores profile	bigWig	ChIP-seq	CTCF	bipolar-neuron	neuron	nerve	central-nervous-system	none	profile	passed
ENCFF736YDF	ENCFF736YDF	ENCSR619IUE	ENCSR279XHJ	BPNet	sequence contribution scores profile	bigWig	ChIP-seq	CTCF	bipolar-neuron	neuron	nerve	central-nervous-system	none	profile	passed
ENCFF278PYQ	ENCFF278PYQ	ENCSR585KBH	ENCSR852JRK	BPNet	sequence contribution scores profile	bigWig	ChIP-seq	CTCF	body-of-pancreas	pancreas	pancreas	digestive-system	none	profile	passed
ENCFF549QHO	ENCFF549QHO	ENCSR265PFQ	ENCSR145SQF	BPNet	sequence contribution scores profile	bigWig	ChIP-seq	CTCF	body-of-pancreas	pancreas	pancreas	digestive-system	none	profile	passed
ENCFF896VHI	ENCFF896VHI	ENCSR484DDO	ENCSR019XAE	BPNet	sequence contribution scores profile	bigWig	ChIP-seq	CTCF	body-of-pancreas	pancreas	pancreas	digestive-system	none	profile	passed
ENCFF900JLZ	ENCFF900JLZ	ENCSR408XTO	ENCSR612FYX	BPNet	sequence contribution scores profile	bigWig	ChIP-seq	CTCF	body-of-pancreas	pancreas	pancreas	digestive-system	none	profile	passed
ENCFF930RRP	ENCFF930RRP	ENCSR307PFP	ENCSR063UWV	BPNet	sequence contribution scores profile	bigWig	ChIP-seq	CTCF	body-of-pancreas	pancreas	pancreas	digestive-system	none	profile	passed
ENCFF956NQX	ENCFF956NQX	ENCSR687APM	ENCSR643WMK	BPNet	sequence contribution scores profile	bigWig	ChIP-seq	CTCF	body-of-pancreas	pancreas	pancreas	digestive-system	none	profile	passed
ENCFF963ZET	ENCFF963ZET	ENCSR572DUJ	ENCSR771MUU	BPNet	sequence contribution scores profile	bigWig	ChIP-seq	CTCF	body-of-pancreas	pancreas	pancreas	digestive-system	none	profile	passed
ENCFF074SDK	ENCFF074SDK	ENCSR930SOT	ENCSR331RTK	BPNet	sequence contribution scores profile	bigWig	ChIP-seq	CTCF	brain	brain	brain	central-nervous-system	none	profile	passed
ENCFF149YNV	ENCFF149YNV	ENCSR467EQP	ENCSR126YGH	BPNet	sequence contribution scores profile	bigWig	ChIP-seq	CTCF	brain	brain	brain	central-nervous-system	none	profile	passed
ENCFF542IGL	ENCFF542IGL	ENCSR423MQG	ENCSR175KCA	BPNet	sequence contribution scores profile	bigWig	ChIP-seq	CTCF	brain	brain	brain	central-nervous-system	none	profile	passed
ENCFF939NKZ	ENCFF939NKZ	ENCSR225KOS	ENCSR918KZG	BPNet	sequence contribution scores profile	bigWig	ChIP-seq	CTCF	brain	brain	brain	central-nervous-system	none	profile	passed
ENCFF453XVY	ENCFF453XVY	ENCSR000DTA	ENCSR796FYA	BPNet	sequence contribution scores profile	bigWig	ChIP-seq	CTCF	brain-microvascular-endothelial-cell	brain	brain	central-nervous-system	none	profile	passed
ENCFF019MSB	ENCFF019MSB	ENCSR304XUZ	ENCSR666EFV	BPNet	sequence contribution scores profile	bigWig	ChIP-seq	CTCF	breast-epithelium	breast	breast	integumental-system	none	profile	passed
ENCFF322MEN	ENCFF322MEN	ENCSR661NXJ	ENCSR583RUF	BPNet	sequence contribution scores profile	bigWig	ChIP-seq	CTCF	breast-epithelium	breast	breast	integumental-system	none	profile	passed
ENCFF649XTJ	ENCFF649XTJ	ENCSR697YIN	ENCSR582FZD	BPNet	sequence contribution scores profile	bigWig	ChIP-seq	CTCF	breast-epithelium	breast	breast	integumental-system	none	profile	passed
ENCFF352DKV	ENCFF352DKV	ENCSR000DXI	ENCSR653NRQ	BPNet	sequence contribution scores profile	bigWig	ChIP-seq	CTCF	bronchial-epithelial-cell	epithelial	epithelial	integumental-system	none	profile	passed
ENCFF256KOQ	ENCFF256KOQ	ENCSR000DTF	ENCSR933NVB	BPNet	sequence contribution scores profile	bigWig	ChIP-seq	CTCF	cardiac-fibroblast	fibroblast	fibroblast	integumental-system	none	profile	passed
ENCFF073PLD	ENCFF073PLD	ENCSR000DTI	ENCSR415YPD	BPNet	sequence contribution scores profile	bigWig	ChIP-seq	CTCF	cardiac-muscle-cell	muscle	muscle	musculature	none	profile	passed
ENCFF166YOD	ENCFF166YOD	ENCSR713SXF	ENCSR736HNR	BPNet	sequence contribution scores profile	bigWig	ChIP-seq	CTCF	cardiac-muscle-cell	muscle	muscle	musculature	none	profile	passed
ENCFF309QRQ	ENCFF309QRQ	ENCSR190BZA	ENCSR967PAB	BPNet	sequence contribution scores profile	bigWig	ChIP-seq	CTCF	chondrocyte	cell-line	cell-line	cell-line	none	profile	passed
ENCFF867ULK	ENCFF867ULK	ENCSR000DTL	ENCSR432WYA	BPNet	sequence contribution scores profile	bigWig	ChIP-seq	CTCF	choroid-plexus-epithelial-cell	epithelial	epithelial	integumental-system	none	profile	passed
ENCFF240UUR	ENCFF240UUR	ENCSR380WJL	ENCSR033HMP	BPNet	sequence contribution scores profile	bigWig	ChIP-seq	CTCF	colonic-mucosa	colon	large-intestine	digestive-system	none	profile	passed
ENCFF125FTR	ENCFF125FTR	ENCSR447ANW	ENCSR829GKW	BPNet	sequence contribution scores profile	bigWig	ChIP-seq	CTCF	coronary-artery	artery	blood-vessel	circulatory-system	none	profile	passed
ENCFF157ZYL	ENCFF157ZYL	ENCSR175FLL	ENCSR930AZR	BPNet	sequence contribution scores profile	bigWig	ChIP-seq	CTCF	coronary-artery	artery	blood-vessel	circulatory-system	none	profile	passed
ENCFF013ENP	ENCFF013ENP	ENCSR525VXD	ENCSR363MRN	BPNet	sequence contribution scores profile	bigWig	ChIP-seq	CTCF	dorsolateral-prefrontal-cortex	prefrontal	brain	central-nervous-system	none	profile	passed
ENCFF013IFO	ENCFF013IFO	ENCSR676LDQ	ENCSR605ZJX	BPNet	sequence contribution scores profile	bigWig	ChIP-seq	CTCF	dorsolateral-prefrontal-cortex	prefrontal	brain	central-nervous-system	none	profile	passed
ENCFF019ICI	ENCFF019ICI	ENCSR230RQK	ENCSR838NLY	BPNet	sequence contribution scores profile	bigWig	ChIP-seq	CTCF	dorsolateral-prefrontal-cortex	prefrontal	brain	central-nervous-system	none	profile	passed
ENCFF026JMZ	ENCFF026JMZ	ENCSR251BHU	ENCSR691TTX	BPNet	sequence contribution scores profile	bigWig	ChIP-seq	CTCF	dorsolateral-prefrontal-cortex	prefrontal	brain	central-nervous-system	none	profile	passed
ENCFF032BTZ	ENCFF032BTZ	ENCSR619WGF	ENCSR446DVI	BPNet	sequence contribution scores profile	bigWig	ChIP-seq	CTCF	dorsolateral-prefrontal-cortex	prefrontal	brain	central-nervous-system	none	profile	passed
ENCFF091TKB	ENCFF091TKB	ENCSR211AFA	ENCSR808FYY	BPNet	sequence contribution scores profile	bigWig	ChIP-seq	CTCF	dorsolateral-prefrontal-cortex	prefrontal	brain	central-nervous-system	none	profile	passed
ENCFF101KVJ	ENCFF101KVJ	ENCSR715FHW	ENCSR289FFZ	BPNet	sequence contribution scores profile	bigWig	ChIP-seq	CTCF	dorsolateral-prefrontal-cortex	prefrontal	brain	central-nervous-system	none	profile	passed
ENCFF111UOV	ENCFF111UOV	ENCSR755WXO	ENCSR545LOJ	BPNet	sequence contribution scores profile	bigWig	ChIP-seq	CTCF	dorsolateral-prefrontal-cortex	prefrontal	brain	central-nervous-system	none	profile	passed
ENCFF136EGA	ENCFF136EGA	ENCSR757DFT	ENCSR446AYX	BPNet	sequence contribution scores profile	bigWig	ChIP-seq	CTCF	dorsolateral-prefrontal-cortex	prefrontal	brain	central-nervous-system	none	profile	passed
ENCFF157IOQ	ENCFF157IOQ	ENCSR740GKG	ENCSR891TQN	BPNet	sequence contribution scores profile	bigWig	ChIP-seq	CTCF	dorsolateral-prefrontal-cortex	prefrontal	brain	central-nervous-system	none	profile	passed
ENCFF163IKW	ENCFF163IKW	ENCSR374PKX	ENCSR832HMN	BPNet	sequence contribution scores profile	bigWig	ChIP-seq	CTCF	dorsolateral-prefrontal-cortex	prefrontal	brain	central-nervous-system	none	profile	passed
ENCFF181WLX	ENCFF181WLX	ENCSR819WDZ	ENCSR578PWG	BPNet	sequence contribution scores profile	bigWig	ChIP-seq	CTCF	dorsolateral-prefrontal-cortex	prefrontal	brain	central-nervous-system	none	profile	passed
ENCFF192XZE	ENCFF192XZE	ENCSR372JWF	ENCSR674MGL	BPNet	sequence contribution scores profile	bigWig	ChIP-seq	CTCF	dorsolateral-prefrontal-cortex	prefrontal	brain	central-nervous-system	none	profile	passed
ENCFF215BAJ	ENCFF215BAJ	ENCSR092VKJ	ENCSR319XSD	BPNet	sequence contribution scores profile	bigWig	ChIP-seq	CTCF	dorsolateral-prefrontal-cortex	prefrontal	brain	central-nervous-system	none	profile	passed
ENCFF216PUU	ENCFF216PUU	ENCSR813KUE	ENCSR171JOI	BPNet	sequence contribution scores profile	bigWig	ChIP-seq	CTCF	dorsolateral-prefrontal-cortex	prefrontal	brain	central-nervous-system	none	profile	passed
ENCFF224AEP	ENCFF224AEP	ENCSR957UPE	ENCSR319AOD	BPNet	sequence contribution scores profile	bigWig	ChIP-seq	CTCF	dorsolateral-prefrontal-cortex	prefrontal	brain	central-nervous-system	none	profile	passed
ENCFF231BLN	ENCFF231BLN	ENCSR378BVM	ENCSR852SMJ	BPNet	sequence contribution scores profile	bigWig	ChIP-seq	CTCF	dorsolateral-prefrontal-cortex	prefrontal	brain	central-nervous-system	none	profile	passed
ENCFF245QJN	ENCFF245QJN	ENCSR300WOR	ENCSR672ITV	BPNet	sequence contribution scores profile	bigWig	ChIP-seq	CTCF	dorsolateral-prefrontal-cortex	prefrontal	brain	central-nervous-system	none	profile	passed
ENCFF248CYT	ENCFF248CYT	ENCSR666JEF	ENCSR540HDD	BPNet	sequence contribution scores profile	bigWig	ChIP-seq	CTCF	dorsolateral-prefrontal-cortex	prefrontal	brain	central-nervous-system	none	profile	passed
ENCFF286OPI	ENCFF286OPI	ENCSR443NWG	ENCSR461VQZ	BPNet	sequence contribution scores profile	bigWig	ChIP-seq	CTCF	dorsolateral-prefrontal-cortex	prefrontal	brain	central-nervous-system	none	profile	passed
ENCFF317MWW	ENCFF317MWW	ENCSR913SEI	ENCSR304KCJ	BPNet	sequence contribution scores profile	bigWig	ChIP-seq	CTCF	dorsolateral-prefrontal-cortex	prefrontal	brain	central-nervous-system	none	profile	passed
ENCFF322GZV	ENCFF322GZV	ENCSR705DNM	ENCSR935UWO	BPNet	sequence contribution scores profile	bigWig	ChIP-seq	CTCF	dorsolateral-prefrontal-cortex	prefrontal	brain	central-nervous-system	none	profile	passed
ENCFF344VCL	ENCFF344VCL	ENCSR922HGS	ENCSR001VXW	BPNet	sequence contribution scores profile	bigWig	ChIP-seq	CTCF	dorsolateral-prefrontal-cortex	prefrontal	brain	central-nervous-system	none	profile	passed
ENCFF378UMB	ENCFF378UMB	ENCSR244KEW	ENCSR435PGE	BPNet	sequence contribution scores profile	bigWig	ChIP-seq	CTCF	dorsolateral-prefrontal-cortex	prefrontal	brain	central-nervous-system	none	profile	passed
ENCFF384YST	ENCFF384YST	ENCSR384DBJ	ENCSR946VEN	BPNet	sequence contribution scores profile	bigWig	ChIP-seq	CTCF	dorsolateral-prefrontal-cortex	prefrontal	brain	central-nervous-system	none	profile	passed
ENCFF437GMN	ENCFF437GMN	ENCSR073BPG	ENCSR808COC	BPNet	sequence contribution scores profile	bigWig	ChIP-seq	CTCF	dorsolateral-prefrontal-cortex	prefrontal	brain	central-nervous-system	none	profile	passed
ENCFF447FJU	ENCFF447FJU	ENCSR369RRE	ENCSR487KKJ	BPNet	sequence contribution scores profile	bigWig	ChIP-seq	CTCF	dorsolateral-prefrontal-cortex	prefrontal	brain	central-nervous-system	none	profile	passed
ENCFF463NUP	ENCFF463NUP	ENCSR194JAU	ENCSR395UGO	BPNet	sequence contribution scores profile	bigWig	ChIP-seq	CTCF	dorsolateral-prefrontal-cortex	prefrontal	brain	central-nervous-system	none	profile	passed
ENCFF473ATW	ENCFF473ATW	ENCSR841XDW	ENCSR274DCI	BPNet	sequence contribution scores profile	bigWig	ChIP-seq	CTCF	dorsolateral-prefrontal-cortex	prefrontal	brain	central-nervous-system	none	profile	passed
ENCFF486JDU	ENCFF486JDU	ENCSR378KET	ENCSR365YNU	BPNet	sequence contribution scores profile	bigWig	ChIP-seq	CTCF	dorsolateral-prefrontal-cortex	prefrontal	brain	central-nervous-system	none	profile	passed
ENCFF493VZB	ENCFF493VZB	ENCSR068DJS	ENCSR226JYD	BPNet	sequence contribution scores profile	bigWig	ChIP-seq	CTCF	dorsolateral-prefrontal-cortex	prefrontal	brain	central-nervous-system	none	profile	passed
ENCFF504ZWD	ENCFF504ZWD	ENCSR351SWL	ENCSR917JSR	BPNet	sequence contribution scores profile	bigWig	ChIP-seq	CTCF	dorsolateral-prefrontal-cortex	prefrontal	brain	central-nervous-system	none	profile	passed
ENCFF513YNI	ENCFF513YNI	ENCSR979PTL	ENCSR149WTJ	BPNet	sequence contribution scores profile	bigWig	ChIP-seq	CTCF	dorsolateral-prefrontal-cortex	prefrontal	brain	central-nervous-system	none	profile	passed
ENCFF563HUR	ENCFF563HUR	ENCSR275JVX	ENCSR990AIS	BPNet	sequence contribution scores profile	bigWig	ChIP-seq	CTCF	dorsolateral-prefrontal-cortex	prefrontal	brain	central-nervous-system	none	profile	passed
ENCFF575FAI	ENCFF575FAI	ENCSR094PSL	ENCSR070AQF	BPNet	sequence contribution scores profile	bigWig	ChIP-seq	CTCF	dorsolateral-prefrontal-cortex	prefrontal	brain	central-nervous-system	none	profile	passed
ENCFF575LLW	ENCFF575LLW	ENCSR847OSL	ENCSR732HRT	BPNet	sequence contribution scores profile	bigWig	ChIP-seq	CTCF	dorsolateral-prefrontal-cortex	prefrontal	brain	central-nervous-system	none	profile	passed
ENCFF593CRO	ENCFF593CRO	ENCSR062JAC	ENCSR167VES	BPNet	sequence contribution scores profile	bigWig	ChIP-seq	CTCF	dorsolateral-prefrontal-cortex	prefrontal	brain	central-nervous-system	none	profile	passed
ENCFF606JHT	ENCFF606JHT	ENCSR259PNW	ENCSR305AFX	BPNet	sequence contribution scores profile	bigWig	ChIP-seq	CTCF	dorsolateral-prefrontal-cortex	prefrontal	brain	central-nervous-system	none	profile	passed
ENCFF611ISE	ENCFF611ISE	ENCSR763VUL	ENCSR663VTZ	BPNet	sequence contribution scores profile	bigWig	ChIP-seq	CTCF	dorsolateral-prefrontal-cortex	prefrontal	brain	central-nervous-system	none	profile	passed
ENCFF615FZK	ENCFF615FZK	ENCSR168KQC	ENCSR915WTK	BPNet	sequence contribution scores profile	bigWig	ChIP-seq	CTCF	dorsolateral-prefrontal-cortex	prefrontal	brain	central-nervous-system	none	profile	passed
ENCFF627TKI	ENCFF627TKI	ENCSR724YTA	ENCSR285JON	BPNet	sequence contribution scores profile	bigWig	ChIP-seq	CTCF	dorsolateral-prefrontal-cortex	prefrontal	brain	central-nervous-system	none	profile	passed
ENCFF679AGV	ENCFF679AGV	ENCSR237BTA	ENCSR207ITR	BPNet	sequence contribution scores profile	bigWig	ChIP-seq	CTCF	dorsolateral-prefrontal-cortex	prefrontal	brain	central-nervous-system	none	profile	passed
ENCFF692OBW	ENCFF692OBW	ENCSR689LFJ	ENCSR575LCC	BPNet	sequence contribution scores profile	bigWig	ChIP-seq	CTCF	dorsolateral-prefrontal-cortex	prefrontal	brain	central-nervous-system	none	profile	passed
ENCFF707KUN	ENCFF707KUN	ENCSR575WYM	ENCSR290OCP	BPNet	sequence contribution scores profile	bigWig	ChIP-seq	CTCF	dorsolateral-prefrontal-cortex	prefrontal	brain	central-nervous-system	none	profile	passed
ENCFF766USI	ENCFF766USI	ENCSR423ZUM	ENCSR695MWH	BPNet	sequence contribution scores profile	bigWig	ChIP-seq	CTCF	dorsolateral-prefrontal-cortex	prefrontal	brain	central-nervous-system	none	profile	passed
ENCFF774VSX	ENCFF774VSX	ENCSR610UDC	ENCSR917OQB	BPNet	sequence contribution scores profile	bigWig	ChIP-seq	CTCF	dorsolateral-prefrontal-cortex	prefrontal	brain	central-nervous-system	none	profile	passed
ENCFF810UDA	ENCFF810UDA	ENCSR445NJB	ENCSR662LQZ	BPNet	sequence contribution scores profile	bigWig	ChIP-seq	CTCF	dorsolateral-prefrontal-cortex	prefrontal	brain	central-nervous-system	none	profile	passed
ENCFF815EOX	ENCFF815EOX	ENCSR270KFY	ENCSR264QGG	BPNet	sequence contribution scores profile	bigWig	ChIP-seq	CTCF	dorsolateral-prefrontal-cortex	prefrontal	brain	central-nervous-system	none	profile	passed
ENCFF815MNU	ENCFF815MNU	ENCSR778NDP	ENCSR914ELN	BPNet	sequence contribution scores profile	bigWig	ChIP-seq	CTCF	dorsolateral-prefrontal-cortex	prefrontal	brain	central-nervous-system	none	profile	passed
ENCFF849YEP	ENCFF849YEP	ENCSR680WMF	ENCSR065XUI	BPNet	sequence contribution scores profile	bigWig	ChIP-seq	CTCF	dorsolateral-prefrontal-cortex	prefrontal	brain	central-nervous-system	none	profile	passed
ENCFF855AMB	ENCFF855AMB	ENCSR779YTI	ENCSR349AYE	BPNet	sequence contribution scores profile	bigWig	ChIP-seq	CTCF	dorsolateral-prefrontal-cortex	prefrontal	brain	central-nervous-system	none	profile	passed
ENCFF857WLC	ENCFF857WLC	ENCSR932XBJ	ENCSR740WUD	BPNet	sequence contribution scores profile	bigWig	ChIP-seq	CTCF	dorsolateral-prefrontal-cortex	prefrontal	brain	central-nervous-system	none	profile	passed
ENCFF865VLO	ENCFF865VLO	ENCSR059KXR	ENCSR061INZ	BPNet	sequence contribution scores profile	bigWig	ChIP-seq	CTCF	dorsolateral-prefrontal-cortex	prefrontal	brain	central-nervous-system	none	profile	passed
ENCFF887DOP	ENCFF887DOP	ENCSR967QUQ	ENCSR197FFI	BPNet	sequence contribution scores profile	bigWig	ChIP-seq	CTCF	dorsolateral-prefrontal-cortex	prefrontal	brain	central-nervous-system	none	profile	passed
ENCFF893WRX	ENCFF893WRX	ENCSR832TWW	ENCSR152KSC	BPNet	sequence contribution scores profile	bigWig	ChIP-seq	CTCF	dorsolateral-prefrontal-cortex	prefrontal	brain	central-nervous-system	none	profile	passed
ENCFF911QHT	ENCFF911QHT	ENCSR452KYY	ENCSR792CTN	BPNet	sequence contribution scores profile	bigWig	ChIP-seq	CTCF	dorsolateral-prefrontal-cortex	prefrontal	brain	central-nervous-system	none	profile	passed
ENCFF952OKB	ENCFF952OKB	ENCSR699BRV	ENCSR207QOS	BPNet	sequence contribution scores profile	bigWig	ChIP-seq	CTCF	dorsolateral-prefrontal-cortex	prefrontal	brain	central-nervous-system	none	profile	passed
ENCFF966BUY	ENCFF966BUY	ENCSR332WTG	ENCSR211BCT	BPNet	sequence contribution scores profile	bigWig	ChIP-seq	CTCF	dorsolateral-prefrontal-cortex	prefrontal	brain	central-nervous-system	none	profile	passed
ENCFF966YXF	ENCFF966YXF	ENCSR329KRE	ENCSR242HBW	BPNet	sequence contribution scores profile	bigWig	ChIP-seq	CTCF	dorsolateral-prefrontal-cortex	prefrontal	brain	central-nervous-system	none	profile	passed
ENCFF585YGD	ENCFF585YGD	ENCSR031PXV	ENCSR038XID	BPNet	sequence contribution scores profile	bigWig	ChIP-seq	CTCF	endothelial-cell	endothelial	blood-vessel	circulatory-system	none	profile	passed
ENCFF454ACA	ENCFF454ACA	ENCSR000DLW	ENCSR147WHF	BPNet	sequence contribution scores profile	bigWig	ChIP-seq	CTCF	endothelial-cell-of-umbilical-vein	endothelial	blood-vessel	circulatory-system	none	profile	passed
ENCFF509WYW	ENCFF509WYW	ENCSR000ALA	ENCSR616FKR	BPNet	sequence contribution scores profile	bigWig	ChIP-seq	CTCF	endothelial-cell-of-umbilical-vein	endothelial	blood-vessel	circulatory-system	none	profile	passed
ENCFF950ZUD	ENCFF950ZUD	ENCSR000DVP	ENCSR198GBA	BPNet	sequence contribution scores profile	bigWig	ChIP-seq	CTCF	endothelial-cell-of-umbilical-vein	endothelial	blood-vessel	circulatory-system	none	profile	passed
ENCFF599UIM	ENCFF599UIM	ENCSR000DTR	ENCSR743IWP	BPNet	sequence contribution scores profile	bigWig	ChIP-seq	CTCF	epithelial-cell-of-esophagus	epithelial	epithelial	integumental-system	none	profile	passed
ENCFF863OVV	ENCFF863OVV	ENCSR196HOM	ENCSR205JEX	BPNet	sequence contribution scores profile	bigWig	ChIP-seq	CTCF	epithelial-cell-of-prostate	epithelial	epithelial	integumental-system	none	profile	passed
ENCFF956CAG	ENCFF956CAG	ENCSR000DXD	ENCSR463FSZ	BPNet	sequence contribution scores profile	bigWig	ChIP-seq	CTCF	epithelial-cell-of-proximal-tubule	epithelial	epithelial	integumental-system	none	profile	passed
ENCFF017DMX	ENCFF017DMX	ENCSR443WKD	ENCSR875SFQ	BPNet	sequence contribution scores profile	bigWig	ChIP-seq	CTCF	esophagus-muscularis-mucosa	esophag	stomach	digestive-system	none	profile	passed
ENCFF071IJA	ENCFF071IJA	ENCSR559KAB	ENCSR710THJ	BPNet	sequence contribution scores profile	bigWig	ChIP-seq	CTCF	esophagus-muscularis-mucosa	esophag	stomach	digestive-system	none	profile	passed
ENCFF220JHH	ENCFF220JHH	ENCSR073TPC	ENCSR061RKJ	BPNet	sequence contribution scores profile	bigWig	ChIP-seq	CTCF	esophagus-muscularis-mucosa	esophag	stomach	digestive-system	none	profile	passed
ENCFF309SOC	ENCFF309SOC	ENCSR353DFU	ENCSR838SGS	BPNet	sequence contribution scores profile	bigWig	ChIP-seq	CTCF	esophagus-muscularis-mucosa	esophag	stomach	digestive-system	none	profile	passed
ENCFF389UCO	ENCFF389UCO	ENCSR074SFL	ENCSR213UJA	BPNet	sequence contribution scores profile	bigWig	ChIP-seq	CTCF	esophagus-muscularis-mucosa	esophag	stomach	digestive-system	none	profile	passed
ENCFF057MUG	ENCFF057MUG	ENCSR838RUX	ENCSR712PPO	BPNet	sequence contribution scores profile	bigWig	ChIP-seq	CTCF	esophagus-squamous-epithelium	esophag	stomach	digestive-system	none	profile	passed
ENCFF060WCH	ENCFF060WCH	ENCSR003SZZ	ENCSR224LAT	BPNet	sequence contribution scores profile	bigWig	ChIP-seq	CTCF	esophagus-squamous-epithelium	esophag	stomach	digestive-system	none	profile	passed
ENCFF087XGO	ENCFF087XGO	ENCSR266UTR	ENCSR942GLY	BPNet	sequence contribution scores profile	bigWig	ChIP-seq	CTCF	esophagus-squamous-epithelium	esophag	stomach	digestive-system	none	profile	passed
ENCFF280MRO	ENCFF280MRO	ENCSR450FRI	ENCSR344GRT	BPNet	sequence contribution scores profile	bigWig	ChIP-seq	CTCF	esophagus-squamous-epithelium	esophag	stomach	digestive-system	none	profile	passed
ENCFF660HDZ	ENCFF660HDZ	ENCSR756URL	ENCSR985TGA	BPNet	sequence contribution scores profile	bigWig	ChIP-seq	CTCF	esophagus-squamous-epithelium	esophag	stomach	digestive-system	none	profile	passed
ENCFF732FGK	ENCFF732FGK	ENCSR773JBP	ENCSR550FVE	BPNet	sequence contribution scores profile	bigWig	ChIP-seq	CTCF	esophagus-squamous-epithelium	esophag	stomach	digestive-system	none	profile	passed
ENCFF769VCP	ENCFF769VCP	ENCSR000APM	ENCSR628HLT	BPNet	sequence contribution scores profile	bigWig	ChIP-seq	CTCF	fibroblast-of-dermis	fibroblast	fibroblast	integumental-system	none	profile	passed
ENCFF160IJI	ENCFF160IJI	ENCSR000DVA	ENCSR641JQM	BPNet	sequence contribution scores profile	bigWig	ChIP-seq	CTCF	fibroblast-of-lung	fibroblast	fibroblast	integumental-system	none	profile	passed
ENCFF165QRO	ENCFF165QRO	ENCSR000ANO	ENCSR075HNI	BPNet	sequence contribution scores profile	bigWig	ChIP-seq	CTCF	fibroblast-of-lung	fibroblast	fibroblast	integumental-system	none	profile	passed
ENCFF352SKR	ENCFF352SKR	ENCSR000DWY	ENCSR175NFF	BPNet	sequence contribution scores profile	bigWig	ChIP-seq	CTCF	fibroblast-of-lung	fibroblast	fibroblast	integumental-system	none	profile	passed
ENCFF624ASK	ENCFF624ASK	ENCSR000DUU	ENCSR427BPN	BPNet	sequence contribution scores profile	bigWig	ChIP-seq	CTCF	fibroblast-of-mammary-gland	fibroblast	fibroblast	integumental-system	none	profile	passed
ENCFF782EMF	ENCFF782EMF	ENCSR000DUX	ENCSR136OKJ	BPNet	sequence contribution scores profile	bigWig	ChIP-seq	CTCF	fibroblast-of-pulmonary-artery	fibroblast	fibroblast	integumental-system	none	profile	passed
ENCFF792SDF	ENCFF792SDF	ENCSR000DPY	ENCSR032ZUX	BPNet	sequence contribution scores profile	bigWig	ChIP-seq	CTCF	fibroblast-of-the-aortic-adventitia	fibroblast	fibroblast	integumental-system	none	profile	passed
ENCFF446LSI	ENCFF446LSI	ENCSR000DVQ	ENCSR568PVC	BPNet	sequence contribution scores profile	bigWig	ChIP-seq	CTCF	fibroblast-of-villous-mesenchyme	fibroblast	fibroblast	integumental-system	none	profile	passed
ENCFF248ZPM	ENCFF248ZPM	ENCSR000DWQ	ENCSR215ALR	BPNet	sequence contribution scores profile	bigWig	ChIP-seq	CTCF	foreskin-fibroblast	fibroblast	fibroblast	integumental-system	none	profile	passed
ENCFF555FLD	ENCFF555FLD	ENCSR000DUH	ENCSR967AQL	BPNet	sequence contribution scores profile	bigWig	ChIP-seq	CTCF	foreskin-fibroblast	fibroblast	fibroblast	integumental-system	none	profile	passed
ENCFF035YLW	ENCFF035YLW	ENCSR812FNU	ENCSR787BHA	BPNet	sequence contribution scores profile	bigWig	ChIP-seq	CTCF	foreskin-keratinocyte	skin	skin	integumental-system	none	profile	passed
ENCFF459XXW	ENCFF459XXW	ENCSR036EGV	ENCSR426XPR	BPNet	sequence contribution scores profile	bigWig	ChIP-seq	CTCF	foreskin-keratinocyte	skin	skin	integumental-system	none	profile	passed
ENCFF489IAE	ENCFF489IAE	ENCSR817HTJ	ENCSR397LCP	BPNet	sequence contribution scores profile	bigWig	ChIP-seq	CTCF	foreskin-keratinocyte	skin	skin	integumental-system	none	profile	passed
ENCFF251UFJ	ENCFF251UFJ	ENCSR998NQG	ENCSR362SBX	BPNet	sequence contribution scores profile	bigWig	ChIP-seq	CTCF	gastrocnemius-medialis	medialis	muscle	musculature	none	profile	passed
ENCFF289NWK	ENCFF289NWK	ENCSR355ALW	ENCSR397OAF	BPNet	sequence contribution scores profile	bigWig	ChIP-seq	CTCF	gastrocnemius-medialis	medialis	muscle	musculature	none	profile	passed
ENCFF332XWU	ENCFF332XWU	ENCSR071XWO	ENCSR333BEL	BPNet	sequence contribution scores profile	bigWig	ChIP-seq	CTCF	gastrocnemius-medialis	medialis	muscle	musculature	none	profile	passed
ENCFF775ZGK	ENCFF775ZGK	ENCSR428BKN	ENCSR110KDN	BPNet	sequence contribution scores profile	bigWig	ChIP-seq	CTCF	gastrocnemius-medialis	medialis	muscle	musculature	none	profile	passed
ENCFF959LSS	ENCFF959LSS	ENCSR594NSU	ENCSR549TOP	BPNet	sequence contribution scores profile	bigWig	ChIP-seq	CTCF	gastrocnemius-medialis	medialis	muscle	musculature	none	profile	passed
ENCFF041ZNT	ENCFF041ZNT	ENCSR661XNQ	ENCSR650AHN	BPNet	sequence contribution scores profile	bigWig	ChIP-seq	CTCF	gastroesophageal-sphincter	esophag	stomach	digestive-system	none	profile	passed
ENCFF259MTA	ENCFF259MTA	ENCSR805YLE	ENCSR686NPX	BPNet	sequence contribution scores profile	bigWig	ChIP-seq	CTCF	gastroesophageal-sphincter	esophag	stomach	digestive-system	none	profile	passed
ENCFF463AEX	ENCFF463AEX	ENCSR298ZPF	ENCSR131CQW	BPNet	sequence contribution scores profile	bigWig	ChIP-seq	CTCF	gastroesophageal-sphincter	esophag	stomach	digestive-system	none	profile	passed
ENCFF645JWI	ENCFF645JWI	ENCSR186NVR	ENCSR016LLR	BPNet	sequence contribution scores profile	bigWig	ChIP-seq	CTCF	gastroesophageal-sphincter	esophag	stomach	digestive-system	none	profile	passed
ENCFF813XVE	ENCFF813XVE	ENCSR146BGM	ENCSR275BUX	BPNet	sequence contribution scores profile	bigWig	ChIP-seq	CTCF	gastroesophageal-sphincter	esophag	stomach	digestive-system	none	profile	passed
ENCFF828SFM	ENCFF828SFM	ENCSR206ETG	ENCSR176KHX	BPNet	sequence contribution scores profile	bigWig	ChIP-seq	CTCF	gastroesophageal-sphincter	esophag	stomach	digestive-system	none	profile	passed
ENCFF678TNR	ENCFF678TNR	ENCSR489QDF	ENCSR445PKJ	BPNet	sequence contribution scores profile	bigWig	ChIP-seq	CTCF	glutamatergic-neuron	neuron	nerve	central-nervous-system	none	profile	passed
ENCFF063VFI	ENCFF063VFI	ENCSR825NXC	ENCSR469EFI	BPNet	sequence contribution scores profile	bigWig	ChIP-seq	CTCF	heart-left-ventricle	heart	heart	circulatory-system	none	profile	passed
ENCFF110WUE	ENCFF110WUE	ENCSR834XPX	ENCSR003EBX	BPNet	sequence contribution scores profile	bigWig	ChIP-seq	CTCF	heart-left-ventricle	heart	heart	circulatory-system	none	profile	passed
ENCFF120IHH	ENCFF120IHH	ENCSR296JFK	ENCSR395DVX	BPNet	sequence contribution scores profile	bigWig	ChIP-seq	CTCF	heart-left-ventricle	heart	heart	circulatory-system	none	profile	passed
ENCFF239GOQ	ENCFF239GOQ	ENCSR565HBN	ENCSR868KFG	BPNet	sequence contribution scores profile	bigWig	ChIP-seq	CTCF	heart-left-ventricle	heart	heart	circulatory-system	none	profile	passed
ENCFF262FNK	ENCFF262FNK	ENCSR578AKX	ENCSR770GGU	BPNet	sequence contribution scores profile	bigWig	ChIP-seq	CTCF	heart-left-ventricle	heart	heart	circulatory-system	none	profile	passed
ENCFF272UBE	ENCFF272UBE	ENCSR904RIA	ENCSR248QOW	BPNet	sequence contribution scores profile	bigWig	ChIP-seq	CTCF	heart-left-ventricle	heart	heart	circulatory-system	none	profile	passed
ENCFF451JZT	ENCFF451JZT	ENCSR778ZPK	ENCSR025NXO	BPNet	sequence contribution scores profile	bigWig	ChIP-seq	CTCF	heart-left-ventricle	heart	heart	circulatory-system	none	profile	passed
ENCFF549TMR	ENCFF549TMR	ENCSR791AYW	ENCSR008DFV	BPNet	sequence contribution scores profile	bigWig	ChIP-seq	CTCF	heart-left-ventricle	heart	heart	circulatory-system	none	profile	passed
ENCFF735GEJ	ENCFF735GEJ	ENCSR544APK	ENCSR573LUK	BPNet	sequence contribution scores profile	bigWig	ChIP-seq	CTCF	heart-left-ventricle	heart	heart	circulatory-system	none	profile	passed
ENCFF761QMA	ENCFF761QMA	ENCSR881YFU	ENCSR164NLQ	BPNet	sequence contribution scores profile	bigWig	ChIP-seq	CTCF	heart-left-ventricle	heart	heart	circulatory-system	none	profile	passed
ENCFF809RQO	ENCFF809RQO	ENCSR718SDR	ENCSR632DRZ	BPNet	sequence contribution scores profile	bigWig	ChIP-seq	CTCF	heart-left-ventricle	heart	heart	circulatory-system	none	profile	passed
ENCFF870STI	ENCFF870STI	ENCSR461HOC	ENCSR715LMF	BPNet	sequence contribution scores profile	bigWig	ChIP-seq	CTCF	heart-left-ventricle	heart	heart	circulatory-system	none	profile	passed
ENCFF876DTA	ENCFF876DTA	ENCSR355PMV	ENCSR078MYC	BPNet	sequence contribution scores profile	bigWig	ChIP-seq	CTCF	heart-left-ventricle	heart	heart	circulatory-system	none	profile	passed
ENCFF923OBC	ENCFF923OBC	ENCSR350NBQ	ENCSR349KLJ	BPNet	sequence contribution scores profile	bigWig	ChIP-seq	CTCF	heart-left-ventricle	heart	heart	circulatory-system	none	profile	passed
ENCFF062SWM	ENCFF062SWM	ENCSR376EOW	ENCSR287YDH	BPNet	sequence contribution scores profile	bigWig	ChIP-seq	CTCF	heart-right-ventricle	heart	heart	circulatory-system	none	profile	passed
ENCFF115HKV	ENCFF115HKV	ENCSR089NBS	ENCSR081IKT	BPNet	sequence contribution scores profile	bigWig	ChIP-seq	CTCF	heart-right-ventricle	heart	heart	circulatory-system	none	profile	passed
ENCFF400SVH	ENCFF400SVH	ENCSR323ZAP	ENCSR760DOP	BPNet	sequence contribution scores profile	bigWig	ChIP-seq	CTCF	heart-right-ventricle	heart	heart	circulatory-system	none	profile	passed
ENCFF463FIW	ENCFF463FIW	ENCSR105KGD	ENCSR088AMF	BPNet	sequence contribution scores profile	bigWig	ChIP-seq	CTCF	heart-right-ventricle	heart	heart	circulatory-system	none	profile	passed
ENCFF472OXZ	ENCFF472OXZ	ENCSR928RNP	ENCSR616WTU	BPNet	sequence contribution scores profile	bigWig	ChIP-seq	CTCF	heart-right-ventricle	heart	heart	circulatory-system	none	profile	passed
ENCFF847AII	ENCFF847AII	ENCSR473DVS	ENCSR788INN	BPNet	sequence contribution scores profile	bigWig	ChIP-seq	CTCF	heart-right-ventricle	heart	heart	circulatory-system	none	profile	passed
ENCFF848OXB	ENCFF848OXB	ENCSR587KPW	ENCSR489DNU	BPNet	sequence contribution scores profile	bigWig	ChIP-seq	CTCF	heart-right-ventricle	heart	heart	circulatory-system	none	profile	passed
ENCFF927KYX	ENCFF927KYX	ENCSR585JVS	ENCSR932SYD	BPNet	sequence contribution scores profile	bigWig	ChIP-seq	CTCF	heart-right-ventricle	heart	heart	circulatory-system	none	profile	passed
ENCFF946CLO	ENCFF946CLO	ENCSR840EYN	ENCSR625KKR	BPNet	sequence contribution scores profile	bigWig	ChIP-seq	CTCF	heart-right-ventricle	heart	heart	circulatory-system	none	profile	passed
ENCFF949OHJ	ENCFF949OHJ	ENCSR505RTK	ENCSR325CRC	BPNet	sequence contribution scores profile	bigWig	ChIP-seq	CTCF	heart-right-ventricle	heart	heart	circulatory-system	none	profile	passed
ENCFF999DPQ	ENCFF999DPQ	ENCSR138FTN	ENCSR601CJR	BPNet	sequence contribution scores profile	bigWig	ChIP-seq	CTCF	heart-right-ventricle	heart	heart	circulatory-system	none	profile	passed
ENCFF466TPC	ENCFF466TPC	ENCSR252QYR	ENCSR525ROU	BPNet	sequence contribution scores profile	bigWig	ChIP-seq	CTCF	hepatocyte	hepato	liver	digestive-system	none	profile	passed
ENCFF479FVY	ENCFF479FVY	ENCSR000DWX	ENCSR551IVT	BPNet	sequence contribution scores profile	bigWig	ChIP-seq	CTCF	keratinocyte	keratinocyte	skin	integumental-system	none	profile	passed
ENCFF830CUB	ENCFF830CUB	ENCSR000DNC	ENCSR782QKV	BPNet	sequence contribution scores profile	bigWig	ChIP-seq	CTCF	keratinocyte	keratinocyte	skin	integumental-system	none	profile	passed
ENCFF853CYI	ENCFF853CYI	ENCSR000ALJ	ENCSR463ELC	BPNet	sequence contribution scores profile	bigWig	ChIP-seq	CTCF	keratinocyte	keratinocyte	skin	integumental-system	none	profile	passed
ENCFF879GLE	ENCFF879GLE	ENCSR000DMC	ENCSR551FFQ	BPNet	sequence contribution scores profile	bigWig	ChIP-seq	CTCF	kidney	kidney	kidney	excretory-system	none	profile	passed
ENCFF185WMN	ENCFF185WMN	ENCSR000DVH	ENCSR607PEH	BPNet	sequence contribution scores profile	bigWig	ChIP-seq	CTCF	kidney-epithelial-cell	epithelial	epithelial	integumental-system	none	profile	passed
ENCFF058NBS	ENCFF058NBS	ENCSR736PZW	ENCSR262QVN	BPNet	sequence contribution scores profile	bigWig	ChIP-seq	CTCF	left-lung	lung	lung	respiratory-system	none	profile	passed
ENCFF587DED	ENCFF587DED	ENCSR255SQR	ENCSR105FZO	BPNet	sequence contribution scores profile	bigWig	ChIP-seq	CTCF	left-lung	lung	lung	respiratory-system	none	profile	passed
ENCFF706EIO	ENCFF706EIO	ENCSR068HEE	ENCSR134HNL	BPNet	sequence contribution scores profile	bigWig	ChIP-seq	CTCF	left-ventricle-myocardium-inferior	ventricle	heart	circulatory-system	none	profile	passed
ENCFF116YZQ	ENCFF116YZQ	ENCSR254YRM	ENCSR430UIV	BPNet	sequence contribution scores profile	bigWig	ChIP-seq	CTCF	liver	liver	liver	digestive-system	none	profile	passed
ENCFF221AEP	ENCFF221AEP	ENCSR252XWG	ENCSR859OWB	BPNet	sequence contribution scores profile	bigWig	ChIP-seq	CTCF	lower-leg-skin	skin	skin	integumental-system	none	profile	passed
ENCFF068NBG	ENCFF068NBG	ENCSR195POA	ENCSR437REB	BPNet	sequence contribution scores profile	bigWig	ChIP-seq	CTCF	lower-lobe-of-left-lung	lung	lung	respiratory-system	none	profile	passed
ENCFF414LHM	ENCFF414LHM	ENCSR133AFF	ENCSR108URW	BPNet	sequence contribution scores profile	bigWig	ChIP-seq	CTCF	lower-lobe-of-left-lung	lung	lung	respiratory-system	none	profile	passed
ENCFF282JUW	ENCFF282JUW	ENCSR863HZM	ENCSR619FPQ	BPNet	sequence contribution scores profile	bigWig	ChIP-seq	CTCF	lower-lobe-of-right-lung	lung	lung	respiratory-system	none	profile	passed
ENCFF715DFL	ENCFF715DFL	ENCSR000DMH	ENCSR127LIU	BPNet	sequence contribution scores profile	bigWig	ChIP-seq	CTCF	lung	lung	lung	respiratory-system	none	profile	passed
ENCFF027GBQ	ENCFF027GBQ	ENCSR000DUS	ENCSR101RHS	BPNet	sequence contribution scores profile	bigWig	ChIP-seq	CTCF	mammary-epithelial-cell	epithelial	epithelial	integumental-system	none	profile	passed
ENCFF086JES	ENCFF086JES	ENCSR000ALV	ENCSR270VTJ	BPNet	sequence contribution scores profile	bigWig	ChIP-seq	CTCF	mammary-epithelial-cell	epithelial	epithelial	integumental-system	none	profile	passed
ENCFF565JWO	ENCFF565JWO	ENCSR647SQF	ENCSR455DWB	BPNet	sequence contribution scores profile	bigWig	ChIP-seq	CTCF	mesothelial-cell-of-epicardium	epicardium	heart	circulatory-system	none	profile	passed
ENCFF599JPV	ENCFF599JPV	ENCSR038VWU	ENCSR295BWW	BPNet	sequence contribution scores profile	bigWig	ChIP-seq	CTCF	mucosa-of-descending-colon	colon	large-intestine	digestive-system	none	profile	passed
ENCFF188EZY	ENCFF188EZY	ENCSR000ANS	ENCSR476TGO	BPNet	sequence contribution scores profile	bigWig	ChIP-seq	CTCF	myotube	myotube	muscle	musculature	none	profile	passed
ENCFF391TFI	ENCFF391TFI	ENCSR856TKC	ENCSR686ZIO	BPNet	sequence contribution scores profile	bigWig	ChIP-seq	CTCF	natural-killer-cell	killer	immune	immune-system	none	profile	passed
ENCFF505OAT	ENCFF505OAT	ENCSR266ZUX	ENCSR372ZDP	BPNet	sequence contribution scores profile	bigWig	ChIP-seq	CTCF	nephron	nephron	kidney	excretory-system	none	profile	passed
ENCFF585EBZ	ENCFF585EBZ	ENCSR966OUM	ENCSR352YYZ	BPNet	sequence contribution scores profile	bigWig	ChIP-seq	CTCF	nephron	nephron	kidney	excretory-system	none	profile	passed
ENCFF919SIJ	ENCFF919SIJ	ENCSR194WQV	ENCSR404EXQ	BPNet	sequence contribution scores profile	bigWig	ChIP-seq	CTCF	nephron	nephron	kidney	excretory-system	none	profile	passed
ENCFF058TPM	ENCFF058TPM	ENCSR799GJD	ENCSR008NLN	BPNet	sequence contribution scores profile	bigWig	ChIP-seq	CTCF	nephron-progenitor-cell	nephron	kidney	excretory-system	none	profile	passed
ENCFF767RGC	ENCFF767RGC	ENCSR822CEA	ENCSR031QLT	BPNet	sequence contribution scores profile	bigWig	ChIP-seq	CTCF	neural-cell	neural	nerve	central-nervous-system	none	profile	passed
ENCFF567UXV	ENCFF567UXV	ENCSR218MVT	ENCSR131TMB	BPNet	sequence contribution scores profile	bigWig	ChIP-seq	CTCF	neural-crest-cell	neural	nerve	central-nervous-system	none	profile	passed
ENCFF405HFD	ENCFF405HFD	ENCSR260FAS	ENCSR281EXL	BPNet	sequence contribution scores profile	bigWig	ChIP-seq	CTCF	neural-progenitor-cell	neural	nerve	central-nervous-system	none	profile	passed
ENCFF627YMG	ENCFF627YMG	ENCSR125NBL	ENCSR428GEX	BPNet	sequence contribution scores profile	bigWig	ChIP-seq	CTCF	neural-progenitor-cell	neural	nerve	central-nervous-system	none	profile	passed
ENCFF092OGA	ENCFF092OGA	ENCSR785YRL	ENCSR756LRY	BPNet	sequence contribution scores profile	bigWig	ChIP-seq	CTCF	neutrophil	cell-line	cell-line	cell-line	none	profile	passed
ENCFF758IUN	ENCFF758IUN	ENCSR225OKX	ENCSR099PRX	BPNet	sequence contribution scores profile	bigWig	ChIP-seq	CTCF	omental-fat-pad	fat	skin	integumental-system	none	profile	passed
ENCFF698ECA	ENCFF698ECA	ENCSR000APF	ENCSR645FGW	BPNet	sequence contribution scores profile	bigWig	ChIP-seq	CTCF	osteoblast	cell-line	cell-line	cell-line	none	profile	passed
ENCFF411APY	ENCFF411APY	ENCSR300DWM	ENCSR173HHH	BPNet	sequence contribution scores profile	bigWig	ChIP-seq	CTCF	osteocyte	osteocyte	bone	skeletal-system	none	profile	passed
ENCFF053EGO	ENCFF053EGO	ENCSR493APD	ENCSR323LBL	BPNet	sequence contribution scores profile	bigWig	ChIP-seq	CTCF	ovary	ovary	ovary	reproductive-system	none	profile	passed
ENCFF415QNR	ENCFF415QNR	ENCSR934GQS	ENCSR183LYL	BPNet	sequence contribution scores profile	bigWig	ChIP-seq	CTCF	ovary	ovary	ovary	reproductive-system	none	profile	passed
ENCFF737TEY	ENCFF737TEY	ENCSR548DDS	ENCSR837MDI	BPNet	sequence contribution scores profile	bigWig	ChIP-seq	CTCF	ovary	ovary	ovary	reproductive-system	none	profile	passed
ENCFF007JPV	ENCFF007JPV	ENCSR113COJ	ENCSR481SCY	BPNet	sequence contribution scores profile	bigWig	ChIP-seq	CTCF	pancreas	pancreas	pancreas	digestive-system	none	profile	passed
ENCFF291CRV	ENCFF291CRV	ENCSR852BLA	ENCSR362ECX	BPNet	sequence contribution scores profile	bigWig	ChIP-seq	CTCF	pancreas	pancreas	pancreas	digestive-system	none	profile	passed
ENCFF357IWG	ENCFF357IWG	ENCSR253ALG	ENCSR465DTI	BPNet	sequence contribution scores profile	bigWig	ChIP-seq	CTCF	pancreas	pancreas	pancreas	digestive-system	none	profile	passed
ENCFF523QMM	ENCFF523QMM	ENCSR774PGN	ENCSR431SPK	BPNet	sequence contribution scores profile	bigWig	ChIP-seq	CTCF	pancreas	pancreas	pancreas	digestive-system	none	profile	passed
ENCFF623PPZ	ENCFF623PPZ	ENCSR000DND	ENCSR431LWM	BPNet	sequence contribution scores profile	bigWig	ChIP-seq	CTCF	pancreas	pancreas	pancreas	digestive-system	none	profile	passed
ENCFF315WSC	ENCFF315WSC	ENCSR291YNH	ENCSR658NCK	BPNet	sequence contribution scores profile	bigWig	ChIP-seq	CTCF	placenta	placenta	placenta	reproductive-system	none	profile	passed
ENCFF760XNW	ENCFF760XNW	ENCSR901NIN	ENCSR772WOB	BPNet	sequence contribution scores profile	bigWig	ChIP-seq	CTCF	progenitor-cell-of-endocrine-pancreas	pancreas	pancreas	digestive-system	none	profile	passed
ENCFF288PPC	ENCFF288PPC	ENCSR946MNG	ENCSR510ORC	BPNet	sequence contribution scores profile	bigWig	ChIP-seq	CTCF	prostate-gland	prostate	testis	reproductive-system	none	profile	passed
ENCFF354MCJ	ENCFF354MCJ	ENCSR829HTO	ENCSR092FZF	BPNet	sequence contribution scores profile	bigWig	ChIP-seq	CTCF	prostate-gland	prostate	testis	reproductive-system	none	profile	passed
ENCFF376VWO	ENCFF376VWO	ENCSR230ORT	ENCSR242VPF	BPNet	sequence contribution scores profile	bigWig	ChIP-seq	CTCF	prostate-gland	prostate	testis	reproductive-system	none	profile	passed
ENCFF830XPV	ENCFF830XPV	ENCSR720USO	ENCSR774CHZ	BPNet	sequence contribution scores profile	bigWig	ChIP-seq	CTCF	prostate-gland	prostate	testis	reproductive-system	none	profile	passed
ENCFF404VLY	ENCFF404VLY	ENCSR984IUE	ENCSR838QYE	BPNet	sequence contribution scores profile	bigWig	ChIP-seq	CTCF	psoas-muscle	muscle	muscle	musculature	none	profile	passed
ENCFF985RTL	ENCFF985RTL	ENCSR000DVI	ENCSR185MST	BPNet	sequence contribution scores profile	bigWig	ChIP-seq	CTCF	retinal-pigment-epithelial-cell	epithelial	epithelial	integumental-system	none	profile	passed
ENCFF102ERD	ENCFF102ERD	ENCSR401KRN	ENCSR541ODB	BPNet	sequence contribution scores profile	bigWig	ChIP-seq	CTCF	right-atrium-auricular-region	atrium	heart	circulatory-system	none	profile	passed
ENCFF768XEG	ENCFF768XEG	ENCSR066GBX	ENCSR564QNO	BPNet	sequence contribution scores profile	bigWig	ChIP-seq	CTCF	right-atrium-auricular-region	atrium	heart	circulatory-system	none	profile	passed
ENCFF843SUX	ENCFF843SUX	ENCSR232OFD	ENCSR557FKB	BPNet	sequence contribution scores profile	bigWig	ChIP-seq	CTCF	right-atrium-auricular-region	atrium	heart	circulatory-system	none	profile	passed
ENCFF352BLR	ENCFF352BLR	ENCSR000VGD	ENCSR933NFV	BPNet	sequence contribution scores profile	bigWig	ChIP-seq	CTCF	right-lobe-of-liver	liver	liver	digestive-system	none	profile	passed
ENCFF380SJI	ENCFF380SJI	ENCSR839NFL	ENCSR686AGK	BPNet	sequence contribution scores profile	bigWig	ChIP-seq	CTCF	right-lobe-of-liver	liver	liver	digestive-system	none	profile	passed
ENCFF791WLL	ENCFF791WLL	ENCSR911GFJ	ENCSR949KOB	BPNet	sequence contribution scores profile	bigWig	ChIP-seq	CTCF	right-lobe-of-liver	liver	liver	digestive-system	none	profile	passed
ENCFF998ZVV	ENCFF998ZVV	ENCSR837OOH	ENCSR360JKL	BPNet	sequence contribution scores profile	bigWig	ChIP-seq	CTCF	right-lobe-of-liver	liver	liver	digestive-system	none	profile	passed
ENCFF365AAU	ENCFF365AAU	ENCSR721AHD	ENCSR523MJC	BPNet	sequence contribution scores profile	bigWig	ChIP-seq	CTCF	sigmoid-colon	colon	large-intestine	digestive-system	none	profile	passed
ENCFF610LPR	ENCFF610LPR	ENCSR857RJQ	ENCSR972EIV	BPNet	sequence contribution scores profile	bigWig	ChIP-seq	CTCF	sigmoid-colon	colon	large-intestine	digestive-system	none	profile	passed
ENCFF871ZZA	ENCFF871ZZA	ENCSR925GDS	ENCSR325SKA	BPNet	sequence contribution scores profile	bigWig	ChIP-seq	CTCF	sigmoid-colon	colon	large-intestine	digestive-system	none	profile	passed
ENCFF919TCR	ENCFF919TCR	ENCSR222SQE	ENCSR375WGZ	BPNet	sequence contribution scores profile	bigWig	ChIP-seq	CTCF	sigmoid-colon	colon	large-intestine	digestive-system	none	profile	passed
ENCFF416KOC	ENCFF416KOC	ENCSR000ANE	ENCSR148IZB	BPNet	sequence contribution scores profile	bigWig	ChIP-seq	CTCF	skeletal-muscle-myoblast	muscle	muscle	musculature	none	profile	passed
ENCFF388JMY	ENCFF388JMY	ENCSR261VAS	ENCSR801SLD	BPNet	sequence contribution scores profile	bigWig	ChIP-seq	CTCF	smooth-muscle-cell	muscle	muscle	musculature	none	profile	passed
ENCFF138VGD	ENCFF138VGD	ENCSR595BPR	ENCSR152KNT	BPNet	sequence contribution scores profile	bigWig	ChIP-seq	CTCF	spleen	spleen	spleen	endocrine-system	none	profile	passed
ENCFF149GES	ENCFF149GES	ENCSR482PMN	ENCSR587YQB	BPNet	sequence contribution scores profile	bigWig	ChIP-seq	CTCF	spleen	spleen	spleen	endocrine-system	none	profile	passed
ENCFF232BWZ	ENCFF232BWZ	ENCSR692ILH	ENCSR538GXZ	BPNet	sequence contribution scores profile	bigWig	ChIP-seq	CTCF	spleen	spleen	spleen	endocrine-system	none	profile	passed
ENCFF244VYD	ENCFF244VYD	ENCSR266CJT	ENCSR103WPA	BPNet	sequence contribution scores profile	bigWig	ChIP-seq	CTCF	spleen	spleen	spleen	endocrine-system	none	profile	passed
ENCFF405AXS	ENCFF405AXS	ENCSR225YGX	ENCSR082VPZ	BPNet	sequence contribution scores profile	bigWig	ChIP-seq	CTCF	spleen	spleen	spleen	endocrine-system	none	profile	passed
ENCFF438QLK	ENCFF438QLK	ENCSR028YEV	ENCSR729PQJ	BPNet	sequence contribution scores profile	bigWig	ChIP-seq	CTCF	spleen	spleen	spleen	endocrine-system	none	profile	passed
ENCFF490XSV	ENCFF490XSV	ENCSR343RJH	ENCSR179EGZ	BPNet	sequence contribution scores profile	bigWig	ChIP-seq	CTCF	spleen	spleen	spleen	endocrine-system	none	profile	passed
ENCFF523RFS	ENCFF523RFS	ENCSR601FEB	ENCSR238LOA	BPNet	sequence contribution scores profile	bigWig	ChIP-seq	CTCF	spleen	spleen	spleen	endocrine-system	none	profile	passed
ENCFF703KHW	ENCFF703KHW	ENCSR961SKY	ENCSR977SBI	BPNet	sequence contribution scores profile	bigWig	ChIP-seq	CTCF	spleen	spleen	spleen	endocrine-system	none	profile	passed
ENCFF734XEW	ENCFF734XEW	ENCSR967BSF	ENCSR501GMR	BPNet	sequence contribution scores profile	bigWig	ChIP-seq	CTCF	spleen	spleen	spleen	endocrine-system	none	profile	passed
ENCFF885CRY	ENCFF885CRY	ENCSR000DNI	ENCSR896AXL	BPNet	sequence contribution scores profile	bigWig	ChIP-seq	CTCF	spleen	spleen	spleen	endocrine-system	none	profile	passed
ENCFF893XFO	ENCFF893XFO	ENCSR234HEM	ENCSR700WKB	BPNet	sequence contribution scores profile	bigWig	ChIP-seq	CTCF	spleen	spleen	spleen	endocrine-system	none	profile	passed
ENCFF959ZVY	ENCFF959ZVY	ENCSR466TNQ	ENCSR025HVE	BPNet	sequence contribution scores profile	bigWig	ChIP-seq	CTCF	spleen	spleen	spleen	endocrine-system	none	profile	passed
ENCFF449WOX	ENCFF449WOX	ENCSR037GKL	ENCSR941MYR	BPNet	sequence contribution scores profile	bigWig	ChIP-seq	CTCF	stomach	stomach	stomach	digestive-system	none	profile	passed
ENCFF601WFW	ENCFF601WFW	ENCSR185CCV	ENCSR347XWJ	BPNet	sequence contribution scores profile	bigWig	ChIP-seq	CTCF	stomach	stomach	stomach	digestive-system	none	profile	passed
ENCFF760RUR	ENCFF760RUR	ENCSR361KVZ	ENCSR702HRP	BPNet	sequence contribution scores profile	bigWig	ChIP-seq	CTCF	stomach	stomach	stomach	digestive-system	none	profile	passed
ENCFF801QPL	ENCFF801QPL	ENCSR173AIR	ENCSR364NWB	BPNet	sequence contribution scores profile	bigWig	ChIP-seq	CTCF	stomach	stomach	stomach	digestive-system	none	profile	passed
ENCFF914OJB	ENCFF914OJB	ENCSR549WAU	ENCSR714QWP	BPNet	sequence contribution scores profile	bigWig	ChIP-seq	CTCF	stomach	stomach	stomach	digestive-system	none	profile	passed
ENCFF389HGG	ENCFF389HGG	ENCSR485VQV	ENCSR537HGK	BPNet	sequence contribution scores profile	bigWig	ChIP-seq	CTCF	suprapubic-skin	skin	skin	integumental-system	none	profile	passed
ENCFF673WNI	ENCFF673WNI	ENCSR515LRI	ENCSR897VGC	BPNet	sequence contribution scores profile	bigWig	ChIP-seq	CTCF	suprapubic-skin	skin	skin	integumental-system	none	profile	passed
ENCFF764ATY	ENCFF764ATY	ENCSR756KRS	ENCSR809MWA	BPNet	sequence contribution scores profile	bigWig	ChIP-seq	CTCF	suprapubic-skin	skin	skin	integumental-system	none	profile	passed
ENCFF164PQK	ENCFF164PQK	ENCSR494TNM	ENCSR261GQD	BPNet	sequence contribution scores profile	bigWig	ChIP-seq	CTCF	testis	testis	testis	reproductive-system	none	profile	passed
ENCFF196WEZ	ENCFF196WEZ	ENCSR753RME	ENCSR037QZH	BPNet	sequence contribution scores profile	bigWig	ChIP-seq	CTCF	testis	testis	testis	reproductive-system	none	profile	passed
ENCFF703SAB	ENCFF703SAB	ENCSR981CID	ENCSR791EEQ	BPNet	sequence contribution scores profile	bigWig	ChIP-seq	CTCF	testis	testis	testis	reproductive-system	none	profile	passed
ENCFF289TLB	ENCFF289TLB	ENCSR549TXG	ENCSR236LRV	BPNet	sequence contribution scores profile	bigWig	ChIP-seq	CTCF	thoracic-aorta	aorta	blood-vessel	circulatory-system	none	profile	passed
ENCFF419YQS	ENCFF419YQS	ENCSR668BTN	ENCSR021JLV	BPNet	sequence contribution scores profile	bigWig	ChIP-seq	CTCF	thoracic-aorta	aorta	blood-vessel	circulatory-system	none	profile	passed
ENCFF151XFV	ENCFF151XFV	ENCSR033KMZ	ENCSR455OZY	BPNet	sequence contribution scores profile	bigWig	ChIP-seq	CTCF	thyroid-gland	thyroid	thyroid	endocrine-system	none	profile	passed
ENCFF418MCM	ENCFF418MCM	ENCSR492ZIW	ENCSR614KWL	BPNet	sequence contribution scores profile	bigWig	ChIP-seq	CTCF	thyroid-gland	thyroid	thyroid	endocrine-system	none	profile	passed
ENCFF490GVY	ENCFF490GVY	ENCSR744YJR	ENCSR722PLM	BPNet	sequence contribution scores profile	bigWig	ChIP-seq	CTCF	thyroid-gland	thyroid	thyroid	endocrine-system	none	profile	passed
ENCFF521UJM	ENCFF521UJM	ENCSR505ZGX	ENCSR409HVZ	BPNet	sequence contribution scores profile	bigWig	ChIP-seq	CTCF	thyroid-gland	thyroid	thyroid	endocrine-system	none	profile	passed
ENCFF602TVW	ENCFF602TVW	ENCSR955BIB	ENCSR535ZZH	BPNet	sequence contribution scores profile	bigWig	ChIP-seq	CTCF	thyroid-gland	thyroid	thyroid	endocrine-system	none	profile	passed
ENCFF602WND	ENCFF602WND	ENCSR331OGX	ENCSR457LFM	BPNet	sequence contribution scores profile	bigWig	ChIP-seq	CTCF	thyroid-gland	thyroid	thyroid	endocrine-system	none	profile	passed
ENCFF636QWM	ENCFF636QWM	ENCSR145HBC	ENCSR144BSP	BPNet	sequence contribution scores profile	bigWig	ChIP-seq	CTCF	thyroid-gland	thyroid	thyroid	endocrine-system	none	profile	passed
ENCFF586YKK	ENCFF586YKK	ENCSR699BEK	ENCSR828ZNK	BPNet	sequence contribution scores profile	bigWig	ChIP-seq	CTCF	tibial-artery	artery	blood-vessel	circulatory-system	none	profile	passed
ENCFF781MPA	ENCFF781MPA	ENCSR079YAP	ENCSR694KSW	BPNet	sequence contribution scores profile	bigWig	ChIP-seq	CTCF	tibial-artery	artery	blood-vessel	circulatory-system	none	profile	passed
ENCFF623QEK	ENCFF623QEK	ENCSR434XLP	ENCSR883CCS	BPNet	sequence contribution scores profile	bigWig	ChIP-seq	CTCF	tibial-nerve	nerve	nerve	peripheral-nervous-system	none	profile	passed
ENCFF668OPD	ENCFF668OPD	ENCSR469POZ	ENCSR584FMJ	BPNet	sequence contribution scores profile	bigWig	ChIP-seq	CTCF	tibial-nerve	nerve	nerve	peripheral-nervous-system	none	profile	passed
ENCFF671SZI	ENCFF671SZI	ENCSR822PJT	ENCSR490SUU	BPNet	sequence contribution scores profile	bigWig	ChIP-seq	CTCF	tibial-nerve	nerve	nerve	peripheral-nervous-system	none	profile	passed
ENCFF681INE	ENCFF681INE	ENCSR793YAD	ENCSR035AVH	BPNet	sequence contribution scores profile	bigWig	ChIP-seq	CTCF	tibial-nerve	nerve	nerve	peripheral-nervous-system	none	profile	passed
ENCFF786PLT	ENCFF786PLT	ENCSR875NEW	ENCSR551MYW	BPNet	sequence contribution scores profile	bigWig	ChIP-seq	CTCF	tibial-nerve	nerve	nerve	peripheral-nervous-system	none	profile	passed
ENCFF891DFO	ENCFF891DFO	ENCSR689VEF	ENCSR121YAV	BPNet	sequence contribution scores profile	bigWig	ChIP-seq	CTCF	tibial-nerve	nerve	nerve	peripheral-nervous-system	none	profile	passed
ENCFF054BIM	ENCFF054BIM	ENCSR558HTE	ENCSR494BOQ	BPNet	sequence contribution scores profile	bigWig	ChIP-seq	CTCF	transverse-colon	colon	large-intestine	digestive-system	none	profile	passed
ENCFF056GXE	ENCFF056GXE	ENCSR769WKR	ENCSR118KLN	BPNet	sequence contribution scores profile	bigWig	ChIP-seq	CTCF	transverse-colon	colon	large-intestine	digestive-system	none	profile	passed
ENCFF258QJF	ENCFF258QJF	ENCSR449SEF	ENCSR478UGE	BPNet	sequence contribution scores profile	bigWig	ChIP-seq	CTCF	transverse-colon	colon	large-intestine	digestive-system	none	profile	passed
ENCFF472PVO	ENCFF472PVO	ENCSR833FWC	ENCSR722GKY	BPNet	sequence contribution scores profile	bigWig	ChIP-seq	CTCF	transverse-colon	colon	large-intestine	digestive-system	none	profile	passed
ENCFF779LWG	ENCFF779LWG	ENCSR102CSD	ENCSR493APS	BPNet	sequence contribution scores profile	bigWig	ChIP-seq	CTCF	transverse-colon	colon	large-intestine	digestive-system	none	profile	passed
ENCFF836VKO	ENCFF836VKO	ENCSR236YGF	ENCSR292IMR	BPNet	sequence contribution scores profile	bigWig	ChIP-seq	CTCF	transverse-colon	colon	large-intestine	digestive-system	none	profile	passed
ENCFF948HBS	ENCFF948HBS	ENCSR608WPS	ENCSR438UFD	BPNet	sequence contribution scores profile	bigWig	ChIP-seq	CTCF	transverse-colon	colon	large-intestine	digestive-system	none	profile	passed
ENCFF972YGX	ENCFF972YGX	ENCSR907BES	ENCSR119NPW	BPNet	sequence contribution scores profile	bigWig	ChIP-seq	CTCF	transverse-colon	colon	large-intestine	digestive-system	none	profile	passed
ENCFF640FAG	ENCFF640FAG	ENCSR458PYQ	ENCSR833ODX	BPNet	sequence contribution scores profile	bigWig	ChIP-seq	CTCF	type-B-pancreatic-cell	pancreatic	pancreas	digestive-system	none	profile	passed
ENCFF063IPX	ENCFF063IPX	ENCSR964BKO	ENCSR766YAQ	BPNet	sequence contribution scores profile	bigWig	ChIP-seq	CTCF	upper-lobe-of-left-lung	lung	lung	respiratory-system	none	profile	passed
ENCFF173OMN	ENCFF173OMN	ENCSR463XCZ	ENCSR269BYH	BPNet	sequence contribution scores profile	bigWig	ChIP-seq	CTCF	upper-lobe-of-left-lung	lung	lung	respiratory-system	none	profile	passed
ENCFF471FAH	ENCFF471FAH	ENCSR027FSZ	ENCSR427ESN	BPNet	sequence contribution scores profile	bigWig	ChIP-seq	CTCF	upper-lobe-of-left-lung	lung	lung	respiratory-system	none	profile	passed
ENCFF620YGC	ENCFF620YGC	ENCSR970UZD	ENCSR771GVO	BPNet	sequence contribution scores profile	bigWig	ChIP-seq	CTCF	upper-lobe-of-left-lung	lung	lung	respiratory-system	none	profile	passed
ENCFF764WKX	ENCFF764WKX	ENCSR972LYL	ENCSR064NKL	BPNet	sequence contribution scores profile	bigWig	ChIP-seq	CTCF	upper-lobe-of-left-lung	lung	lung	respiratory-system	none	profile	passed
ENCFF782ABY	ENCFF782ABY	ENCSR799TJD	ENCSR493WJZ	BPNet	sequence contribution scores profile	bigWig	ChIP-seq	CTCF	upper-lobe-of-left-lung	lung	lung	respiratory-system	none	profile	passed
ENCFF845PKD	ENCFF845PKD	ENCSR224WWI	ENCSR040DDI	BPNet	sequence contribution scores profile	bigWig	ChIP-seq	CTCF	upper-lobe-of-left-lung	lung	lung	respiratory-system	none	profile	passed
ENCFF389YOU	ENCFF389YOU	ENCSR164ASX	ENCSR082SMZ	BPNet	sequence contribution scores profile	bigWig	ChIP-seq	CTCF	upper-lobe-of-right-lung	lung	lung	respiratory-system	none	profile	passed
ENCFF305AUJ	ENCFF305AUJ	ENCSR392SFJ	ENCSR400TWQ	BPNet	sequence contribution scores profile	bigWig	ChIP-seq	CTCF	uterus	uterus	uterus	reproductive-system	none	profile	passed
ENCFF681LHZ	ENCFF681LHZ	ENCSR527TPP	ENCSR483OSA	BPNet	sequence contribution scores profile	bigWig	ChIP-seq	CTCF	uterus	uterus	uterus	reproductive-system	none	profile	passed
ENCFF816IWF	ENCFF816IWF	ENCSR798NVH	ENCSR249ADA	BPNet	sequence contribution scores profile	bigWig	ChIP-seq	CTCF	uterus	uterus	uterus	reproductive-system	none	profile	passed
ENCFF917HYV	ENCFF917HYV	ENCSR684PGO	ENCSR718POP	BPNet	sequence contribution scores profile	bigWig	ChIP-seq	CTCF	uterus	uterus	uterus	reproductive-system	none	profile	passed
ENCFF304DUJ	ENCFF304DUJ	ENCSR655ECZ	ENCSR221ZYT	BPNet	sequence contribution scores profile	bigWig	ChIP-seq	CTCF	vagina	cell-line	cell-line	cell-line	none	profile	passed
ENCFF423HMP	ENCFF423HMP	ENCSR614HHL	ENCSR622WYX	BPNet	sequence contribution scores profile	bigWig	ChIP-seq	CTCF	vagina	cell-line	cell-line	cell-line	none	profile	passed
ENCFF862ZNS	ENCFF862ZNS	ENCSR606TNN	ENCSR135HOE	BPNet	sequence contribution scores profile	bigWig	ChIP-seq	CTCF	vagina	cell-line	cell-line	cell-line	none	profile	passed
ENCFF364IOO	ENCFF364IOO	ENCSR000BNK	ENCSR197EFB	BPNet	sequence contribution scores profile	bigWig	ChIP-seq	CTCFL	K562	cell-line	cell-line	cell-line	none	profile	passed
ENCFF638NBS	ENCFF638NBS	ENCSR000DYR	ENCSR664ZPG	BPNet	sequence contribution scores profile	bigWig	ChIP-seq	CUX1	GM12878	cell-line	cell-line	cell-line	none	profile	passed
ENCFF010CSN	ENCFF010CSN	ENCSR178NTX	ENCSR103ZBY	BPNet	sequence contribution scores profile	bigWig	ChIP-seq	CUX1	K562	cell-line	cell-line	cell-line	none	profile	passed
ENCFF344ASU	ENCFF344ASU	ENCSR000EFO	ENCSR505YUX	BPNet	sequence contribution scores profile	bigWig	ChIP-seq	CUX1	K562	cell-line	cell-line	cell-line	none	profile	passed
ENCFF464IEB	ENCFF464IEB	ENCSR017CEO	ENCSR867JJN	BPNet	sequence contribution scores profile	bigWig	ChIP-seq	CUX1	MCF-7	cell-line	cell-line	cell-line	none	profile	passed
ENCFF989GOH	ENCFF989GOH	ENCSR387BVC	ENCSR171QCE	BPNet	sequence contribution scores profile	bigWig	ChIP-seq	DDIT3	K562	cell-line	cell-line	cell-line	none	profile	passed
ENCFF422TWQ	ENCFF422TWQ	ENCSR387SYS	ENCSR059IIP	BPNet	sequence contribution scores profile	bigWig	ChIP-seq	DEAF1	K562	cell-line	cell-line	cell-line	none	profile	passed
ENCFF562PZE	ENCFF562PZE	ENCSR272TOJ	ENCSR619SOZ	BPNet	sequence contribution scores profile	bigWig	ChIP-seq	DLX6	HepG2	cell-line	cell-line	cell-line	none	profile	passed
ENCFF201SHG	ENCFF201SHG	ENCSR091IQZ	ENCSR317BMS	BPNet	sequence contribution scores profile	bigWig	ChIP-seq	DMBX1	K562	cell-line	cell-line	cell-line	none	profile	passed
ENCFF916ZEI	ENCFF916ZEI	ENCSR015KAM	ENCSR196XSB	BPNet	sequence contribution scores profile	bigWig	ChIP-seq	DMTF1	K562	cell-line	cell-line	cell-line	none	profile	passed
ENCFF096DWJ	ENCFF096DWJ	ENCSR000EVJ	ENCSR511FGO	BPNet	sequence contribution scores profile	bigWig	ChIP-seq	E2F1	HeLa-S3	cell-line	cell-line	cell-line	none	profile	passed
ENCFF910OGO	ENCFF910OGO	ENCSR000EVM	ENCSR979WUZ	BPNet	sequence contribution scores profile	bigWig	ChIP-seq	E2F1	HeLa-S3	cell-line	cell-line	cell-line	none	profile	passed
ENCFF881XNR	ENCFF881XNR	ENCSR717ZZW	ENCSR386IGL	BPNet	sequence contribution scores profile	bigWig	ChIP-seq	E2F1	HepG2	cell-line	cell-line	cell-line	none	profile	passed
ENCFF353YSZ	ENCFF353YSZ	ENCSR153DWR	ENCSR650ADC	BPNet	sequence contribution scores profile	bigWig	ChIP-seq	E2F1	K562	cell-line	cell-line	cell-line	none	profile	passed
ENCFF366YRO	ENCFF366YRO	ENCSR720HUL	ENCSR316WMH	BPNet	sequence contribution scores profile	bigWig	ChIP-seq	E2F1	K562	cell-line	cell-line	cell-line	none	profile	passed
ENCFF377YKJ	ENCFF377YKJ	ENCSR563LLO	ENCSR529PNO	BPNet	sequence contribution scores profile	bigWig	ChIP-seq	E2F1	K562	cell-line	cell-line	cell-line	none	profile	passed
ENCFF208OEE	ENCFF208OEE	ENCSR000EWX	ENCSR250WBG	BPNet	sequence contribution scores profile	bigWig	ChIP-seq	E2F1	MCF-7	cell-line	cell-line	cell-line	none	profile	passed
ENCFF376CEZ	ENCFF376CEZ	ENCSR836SPL	ENCSR660YFG	BPNet	sequence contribution scores profile	bigWig	ChIP-seq	E2F1	WTC11	cell-line	cell-line	cell-line	none	profile	passed
ENCFF997HHY	ENCFF997HHY	ENCSR013RNH	ENCSR093EEJ	BPNet	sequence contribution scores profile	bigWig	ChIP-seq	E2F2	HepG2	cell-line	cell-line	cell-line	none	profile	passed
ENCFF446JPP	ENCFF446JPP	ENCSR036QIR	ENCSR985PEG	BPNet	sequence contribution scores profile	bigWig	ChIP-seq	E2F3	K562	cell-line	cell-line	cell-line	none	profile	passed
ENCFF105ZQW	ENCFF105ZQW	ENCSR000DYY	ENCSR914CPB	BPNet	sequence contribution scores profile	bigWig	ChIP-seq	E2F4	GM12878	cell-line	cell-line	cell-line	none	profile	passed
ENCFF905KLE	ENCFF905KLE	ENCSR000EVL	ENCSR671EAM	BPNet	sequence contribution scores profile	bigWig	ChIP-seq	E2F4	HeLa-S3	cell-line	cell-line	cell-line	none	profile	passed
ENCFF780SAP	ENCFF780SAP	ENCSR924LSO	ENCSR747ZTJ	BPNet	sequence contribution scores profile	bigWig	ChIP-seq	E2F4	HepG2	cell-line	cell-line	cell-line	none	profile	passed
ENCFF153HAS	ENCFF153HAS	ENCSR000EWL	ENCSR128HGV	BPNet	sequence contribution scores profile	bigWig	ChIP-seq	E2F4	K562	cell-line	cell-line	cell-line	none	profile	passed
ENCFF991TFP	ENCFF991TFP	ENCSR368GJN	ENCSR584OCJ	BPNet	sequence contribution scores profile	bigWig	ChIP-seq	E2F4	K562	cell-line	cell-line	cell-line	none	profile	passed
ENCFF883PKJ	ENCFF883PKJ	ENCSR000DOR	ENCSR980THB	BPNet	sequence contribution scores profile	bigWig	ChIP-seq	E2F4	MCF-10A	cell-line	cell-line	cell-line	none	profile	passed
ENCFF266HZW	ENCFF266HZW	ENCSR264OKN	ENCSR688BPP	BPNet	sequence contribution scores profile	bigWig	ChIP-seq	E2F4	WTC11	cell-line	cell-line	cell-line	none	profile	passed
ENCFF338GID	ENCFF338GID	ENCSR000BTC	ENCSR643EQH	BPNet	sequence contribution scores profile	bigWig	ChIP-seq	E2F6	A549	cell-line	cell-line	cell-line	none	profile	passed
ENCFF368VEZ	ENCFF368VEZ	ENCSR000BSI	ENCSR665ZHK	BPNet	sequence contribution scores profile	bigWig	ChIP-seq	E2F6	H1	cell-line	cell-line	cell-line	none	profile	passed
ENCFF201WEZ	ENCFF201WEZ	ENCSR000EVK	ENCSR653MUZ	BPNet	sequence contribution scores profile	bigWig	ChIP-seq	E2F6	HeLa-S3	cell-line	cell-line	cell-line	none	profile	passed
ENCFF610UFX	ENCFF610UFX	ENCSR000EWJ	ENCSR350YIB	BPNet	sequence contribution scores profile	bigWig	ChIP-seq	E2F6	K562	cell-line	cell-line	cell-line	none	profile	passed
ENCFF719UVF	ENCFF719UVF	ENCSR000BLI	ENCSR471ZAF	BPNet	sequence contribution scores profile	bigWig	ChIP-seq	E2F6	K562	cell-line	cell-line	cell-line	none	profile	passed
ENCFF737TQN	ENCFF737TQN	ENCSR171CAY	ENCSR419OTG	BPNet	sequence contribution scores profile	bigWig	ChIP-seq	E2F7	K562	cell-line	cell-line	cell-line	none	profile	passed
ENCFF984SEV	ENCFF984SEV	ENCSR793HVL	ENCSR150VCL	BPNet	sequence contribution scores profile	bigWig	ChIP-seq	E2F8	GM12878	cell-line	cell-line	cell-line	none	profile	passed
ENCFF894MPT	ENCFF894MPT	ENCSR634GEO	ENCSR585ZGK	BPNet	sequence contribution scores profile	bigWig	ChIP-seq	E2F8	HepG2	cell-line	cell-line	cell-line	none	profile	passed
ENCFF759JVO	ENCFF759JVO	ENCSR953DVM	ENCSR493NOM	BPNet	sequence contribution scores profile	bigWig	ChIP-seq	E2F8	K562	cell-line	cell-line	cell-line	none	profile	passed
ENCFF148JBW	ENCFF148JBW	ENCSR897ZXU	ENCSR214PBV	BPNet	sequence contribution scores profile	bigWig	ChIP-seq	E2F8	MCF-7	cell-line	cell-line	cell-line	none	profile	passed
ENCFF763FQB	ENCFF763FQB	ENCSR439WAF	ENCSR691OIV	BPNet	sequence contribution scores profile	bigWig	ChIP-seq	E4F1	GM12878	cell-line	cell-line	cell-line	none	profile	passed
ENCFF232RFX	ENCFF232RFX	ENCSR731LHZ	ENCSR647ENX	BPNet	sequence contribution scores profile	bigWig	ChIP-seq	E4F1	K562	cell-line	cell-line	cell-line	none	profile	passed
ENCFF054DED	ENCFF054DED	ENCSR000BGU	ENCSR249YHP	BPNet	sequence contribution scores profile	bigWig	ChIP-seq	EBF1	GM12878	cell-line	cell-line	cell-line	none	profile	passed
ENCFF069UGB	ENCFF069UGB	ENCSR000DZQ	ENCSR457BBJ	BPNet	sequence contribution scores profile	bigWig	ChIP-seq	EBF1	GM12878	cell-line	cell-line	cell-line	none	profile	passed
ENCFF387LLF	ENCFF387LLF	ENCSR000BMQ	ENCSR141EXZ	BPNet	sequence contribution scores profile	bigWig	ChIP-seq	EGR1	GM12878	cell-line	cell-line	cell-line	none	profile	passed
ENCFF995JZM	ENCFF995JZM	ENCSR000BRG	ENCSR415CSY	BPNet	sequence contribution scores profile	bigWig	ChIP-seq	EGR1	GM12878	cell-line	cell-line	cell-line	none	profile	passed
ENCFF374TGV	ENCFF374TGV	ENCSR000BJA	ENCSR113DKE	BPNet	sequence contribution scores profile	bigWig	ChIP-seq	EGR1	H1	cell-line	cell-line	cell-line	none	profile	passed
ENCFF700YXN	ENCFF700YXN	ENCSR000BRZ	ENCSR752ARC	BPNet	sequence contribution scores profile	bigWig	ChIP-seq	EGR1	HCT116	cell-line	cell-line	cell-line	none	profile	passed
ENCFF495JWE	ENCFF495JWE	ENCSR026GSW	ENCSR358DTM	BPNet	sequence contribution scores profile	bigWig	ChIP-seq	EGR1	HepG2	cell-line	cell-line	cell-line	none	profile	passed
ENCFF438FPY	ENCFF438FPY	ENCSR000BSQ	ENCSR133QFY	BPNet	sequence contribution scores profile	bigWig	ChIP-seq	EGR1	Ishikawa	cell-line	cell-line	cell-line	none	profile	passed
ENCFF250OFC	ENCFF250OFC	ENCSR000BNE	ENCSR461IMZ	BPNet	sequence contribution scores profile	bigWig	ChIP-seq	EGR1	K562	cell-line	cell-line	cell-line	none	profile	passed
ENCFF496QAK	ENCFF496QAK	ENCSR211LTF	ENCSR531UJV	BPNet	sequence contribution scores profile	bigWig	ChIP-seq	EGR1	K562	cell-line	cell-line	cell-line	none	profile	passed
ENCFF630GBN	ENCFF630GBN	ENCSR024CNP	ENCSR706MJY	BPNet	sequence contribution scores profile	bigWig	ChIP-seq	EGR1	K562	cell-line	cell-line	cell-line	none	profile	passed
ENCFF380TWS	ENCFF380TWS	ENCSR000BUX	ENCSR764MGW	BPNet	sequence contribution scores profile	bigWig	ChIP-seq	EGR1	MCF-7	cell-line	cell-line	cell-line	none	profile	passed
ENCFF096VCC	ENCFF096VCC	ENCSR290ZOS	ENCSR774YHV	BPNet	sequence contribution scores profile	bigWig	ChIP-seq	EGR1	liver	liver	liver	digestive-system	none	profile	passed
ENCFF528GCG	ENCFF528GCG	ENCSR736BUG	ENCSR482OFY	BPNet	sequence contribution scores profile	bigWig	ChIP-seq	EGR1	liver	liver	liver	digestive-system	none	profile	passed
ENCFF543KGL	ENCFF543KGL	ENCSR919CZU	ENCSR905WNQ	BPNet	sequence contribution scores profile	bigWig	ChIP-seq	EGR2	HEK293	cell-line	cell-line	cell-line	none	profile	passed
ENCFF298BSA	ENCFF298BSA	ENCSR000BPT	ENCSR115KTR	BPNet	sequence contribution scores profile	bigWig	ChIP-seq	ELF1	A549	cell-line	cell-line	cell-line	none	profile	passed
ENCFF274DQW	ENCFF274DQW	ENCSR000BMB	ENCSR284EMN	BPNet	sequence contribution scores profile	bigWig	ChIP-seq	ELF1	GM12878	cell-line	cell-line	cell-line	none	profile	passed
ENCFF608CZD	ENCFF608CZD	ENCSR841NDX	ENCSR583JLE	BPNet	sequence contribution scores profile	bigWig	ChIP-seq	ELF1	GM12878	cell-line	cell-line	cell-line	none	profile	passed
ENCFF657DOZ	ENCFF657DOZ	ENCSR000BVH	ENCSR661QJF	BPNet	sequence contribution scores profile	bigWig	ChIP-seq	ELF1	HCT116	cell-line	cell-line	cell-line	none	profile	passed
ENCFF633NXH	ENCFF633NXH	ENCSR000BMZ	ENCSR242YWK	BPNet	sequence contribution scores profile	bigWig	ChIP-seq	ELF1	HepG2	cell-line	cell-line	cell-line	none	profile	passed
ENCFF854NVO	ENCFF854NVO	ENCSR321VGW	ENCSR013GZY	BPNet	sequence contribution scores profile	bigWig	ChIP-seq	ELF1	HepG2	cell-line	cell-line	cell-line	none	profile	passed
ENCFF194TLU	ENCFF194TLU	ENCSR502OEK	ENCSR436LIQ	BPNet	sequence contribution scores profile	bigWig	ChIP-seq	ELF1	K562	cell-line	cell-line	cell-line	none	profile	passed
ENCFF291CLW	ENCFF291CLW	ENCSR744CXJ	ENCSR323SIL	BPNet	sequence contribution scores profile	bigWig	ChIP-seq	ELF1	K562	cell-line	cell-line	cell-line	none	profile	passed
ENCFF711GRP	ENCFF711GRP	ENCSR000BMD	ENCSR736MKZ	BPNet	sequence contribution scores profile	bigWig	ChIP-seq	ELF1	K562	cell-line	cell-line	cell-line	none	profile	passed
ENCFF931AYA	ENCFF931AYA	ENCSR975SSR	ENCSR339PZZ	BPNet	sequence contribution scores profile	bigWig	ChIP-seq	ELF1	K562	cell-line	cell-line	cell-line	none	profile	passed
ENCFF403ZFM	ENCFF403ZFM	ENCSR000BSS	ENCSR136DQJ	BPNet	sequence contribution scores profile	bigWig	ChIP-seq	ELF1	MCF-7	cell-line	cell-line	cell-line	none	profile	passed
ENCFF519VOU	ENCFF519VOU	ENCSR475SOC	ENCSR694XCP	BPNet	sequence contribution scores profile	bigWig	ChIP-seq	ELF1	MCF-7	cell-line	cell-line	cell-line	none	profile	passed
ENCFF825LQI	ENCFF825LQI	ENCSR502NRF	ENCSR585SAF	BPNet	sequence contribution scores profile	bigWig	ChIP-seq	ELF1	MCF-7	cell-line	cell-line	cell-line	none	profile	passed
ENCFF998FJV	ENCFF998FJV	ENCSR000BTA	ENCSR201AZL	BPNet	sequence contribution scores profile	bigWig	ChIP-seq	ELF1	SK-N-SH	cell-line	cell-line	cell-line	none	profile	passed
ENCFF644BMK	ENCFF644BMK	ENCSR594HXD	ENCSR588DJP	BPNet	sequence contribution scores profile	bigWig	ChIP-seq	ELF2	K562	cell-line	cell-line	cell-line	none	profile	passed
ENCFF319BFS	ENCFF319BFS	ENCSR778QLY	ENCSR438TVE	BPNet	sequence contribution scores profile	bigWig	ChIP-seq	ELF4	HEK293T	cell-line	cell-line	cell-line	none	profile	passed
ENCFF125OOM	ENCFF125OOM	ENCSR980HGI	ENCSR863FYT	BPNet	sequence contribution scores profile	bigWig	ChIP-seq	ELF4	HepG2	cell-line	cell-line	cell-line	none	profile	passed
ENCFF006BZA	ENCFF006BZA	ENCSR638QHV	ENCSR159BWT	BPNet	sequence contribution scores profile	bigWig	ChIP-seq	ELF4	K562	cell-line	cell-line	cell-line	none	profile	passed
ENCFF392QME	ENCFF392QME	ENCSR498JCG	ENCSR158YZZ	BPNet	sequence contribution scores profile	bigWig	ChIP-seq	ELF4	K562	cell-line	cell-line	cell-line	none	profile	passed
ENCFF544UBB	ENCFF544UBB	ENCSR494ZGC	ENCSR747NTS	BPNet	sequence contribution scores profile	bigWig	ChIP-seq	ELF4	K562	cell-line	cell-line	cell-line	none	profile	passed
ENCFF738REY	ENCFF738REY	ENCSR000DZB	ENCSR617OUA	BPNet	sequence contribution scores profile	bigWig	ChIP-seq	ELK1	GM12878	cell-line	cell-line	cell-line	none	profile	passed
ENCFF268RVY	ENCFF268RVY	ENCSR000ECI	ENCSR534OYO	BPNet	sequence contribution scores profile	bigWig	ChIP-seq	ELK1	HeLa-S3	cell-line	cell-line	cell-line	none	profile	passed
ENCFF752NZB	ENCFF752NZB	ENCSR717QSS	ENCSR472YSZ	BPNet	sequence contribution scores profile	bigWig	ChIP-seq	ELK1	HepG2	cell-line	cell-line	cell-line	none	profile	passed
ENCFF690ABR	ENCFF690ABR	ENCSR000EFU	ENCSR865CAR	BPNet	sequence contribution scores profile	bigWig	ChIP-seq	ELK1	K562	cell-line	cell-line	cell-line	none	profile	passed
ENCFF790BKY	ENCFF790BKY	ENCSR382WLL	ENCSR832UMB	BPNet	sequence contribution scores profile	bigWig	ChIP-seq	ELK1	MCF-7	cell-line	cell-line	cell-line	none	profile	passed
ENCFF646OVM	ENCFF646OVM	ENCSR000EVI	ENCSR655PCK	BPNet	sequence contribution scores profile	bigWig	ChIP-seq	ELK4	HeLa-S3	cell-line	cell-line	cell-line	none	profile	passed
ENCFF068XFE	ENCFF068XFE	ENCSR513YMV	ENCSR506QNM	BPNet	sequence contribution scores profile	bigWig	ChIP-seq	ELK4	HepG2	cell-line	cell-line	cell-line	none	profile	passed
ENCFF816CIR	ENCFF816CIR	ENCSR463GOT	ENCSR695QWL	BPNet	sequence contribution scores profile	bigWig	ChIP-seq	ESR1	MCF-7	cell-line	cell-line	cell-line	none	profile	passed
ENCFF451HYA	ENCFF451HYA	ENCSR000DYQ	ENCSR853ETF	BPNet	sequence contribution scores profile	bigWig	ChIP-seq	ESRRA	GM12878	cell-line	cell-line	cell-line	none	profile	passed
ENCFF667YEK	ENCFF667YEK	ENCSR267NVP	ENCSR471MWU	BPNet	sequence contribution scores profile	bigWig	ChIP-seq	ESRRA	HepG2	cell-line	cell-line	cell-line	none	profile	passed
ENCFF750SUK	ENCFF750SUK	ENCSR486IFJ	ENCSR374XGJ	BPNet	sequence contribution scores profile	bigWig	ChIP-seq	ESRRA	K562	cell-line	cell-line	cell-line	none	profile	passed
ENCFF449OHJ	ENCFF449OHJ	ENCSR954WVZ	ENCSR442IDC	BPNet	sequence contribution scores profile	bigWig	ChIP-seq	ESRRA	MCF-7	cell-line	cell-line	cell-line	none	profile	passed
ENCFF478ISL	ENCFF478ISL	ENCSR029OPK	ENCSR856ZTS	BPNet	sequence contribution scores profile	bigWig	ChIP-seq	ESRRA	WTC11	cell-line	cell-line	cell-line	none	profile	passed
ENCFF829BXL	ENCFF829BXL	ENCSR000BPU	ENCSR908RRF	BPNet	sequence contribution scores profile	bigWig	ChIP-seq	ETS1	A549	cell-line	cell-line	cell-line	none	profile	passed
ENCFF978ZNY	ENCFF978ZNY	ENCSR000BKA	ENCSR946PGY	BPNet	sequence contribution scores profile	bigWig	ChIP-seq	ETS1	GM12878	cell-line	cell-line	cell-line	none	profile	passed
ENCFF752ZZP	ENCFF752ZZP	ENCSR534VHI	ENCSR696AKY	BPNet	sequence contribution scores profile	bigWig	ChIP-seq	ETS1	GM23338	cell-line	cell-line	cell-line	none	profile	passed
ENCFF764KOG	ENCFF764KOG	ENCSR681WHQ	ENCSR340ZGI	BPNet	sequence contribution scores profile	bigWig	ChIP-seq	ETS1	HepG2	cell-line	cell-line	cell-line	none	profile	passed
ENCFF119PIQ	ENCFF119PIQ	ENCSR000BKQ	ENCSR800TIT	BPNet	sequence contribution scores profile	bigWig	ChIP-seq	ETS1	K562	cell-line	cell-line	cell-line	none	profile	passed
ENCFF112COF	ENCFF112COF	ENCSR277DMR	ENCSR763TSQ	BPNet	sequence contribution scores profile	bigWig	ChIP-seq	ETV1	K562	cell-line	cell-line	cell-line	none	profile	passed
ENCFF769EHU	ENCFF769EHU	ENCSR714YZG	ENCSR349BWF	BPNet	sequence contribution scores profile	bigWig	ChIP-seq	ETV4	HepG2	cell-line	cell-line	cell-line	none	profile	passed
ENCFF790VOZ	ENCFF790VOZ	ENCSR537FDJ	ENCSR024PCE	BPNet	sequence contribution scores profile	bigWig	ChIP-seq	ETV4	HepG2	cell-line	cell-line	cell-line	none	profile	passed
ENCFF706SSI	ENCFF706SSI	ENCSR096IIB	ENCSR301LBE	BPNet	sequence contribution scores profile	bigWig	ChIP-seq	ETV5	HepG2	cell-line	cell-line	cell-line	none	profile	passed
ENCFF977RWG	ENCFF977RWG	ENCSR971EWR	ENCSR267TUB	BPNet	sequence contribution scores profile	bigWig	ChIP-seq	ETV5	K562	cell-line	cell-line	cell-line	none	profile	passed
ENCFF305IVQ	ENCFF305IVQ	ENCSR626VUC	ENCSR478NYG	BPNet	sequence contribution scores profile	bigWig	ChIP-seq	ETV6	GM12878	cell-line	cell-line	cell-line	none	profile	passed
ENCFF211PQI	ENCFF211PQI	ENCSR925TWM	ENCSR643ACX	BPNet	sequence contribution scores profile	bigWig	ChIP-seq	ETV6	HepG2	cell-line	cell-line	cell-line	none	profile	passed
ENCFF341KAN	ENCFF341KAN	ENCSR000FCE	ENCSR442XPS	BPNet	sequence contribution scores profile	bigWig	ChIP-seq	ETV6	K562	cell-line	cell-line	cell-line	none	profile	passed
ENCFF555BPC	ENCFF555BPC	ENCSR124BJR	ENCSR239YSE	BPNet	sequence contribution scores profile	bigWig	ChIP-seq	ETV6	K562	cell-line	cell-line	cell-line	none	profile	passed
ENCFF788RBB	ENCFF788RBB	ENCSR029TLS	ENCSR658UPZ	BPNet	sequence contribution scores profile	bigWig	ChIP-seq	ETV6	WTC11	cell-line	cell-line	cell-line	none	profile	passed
ENCFF627NAK	ENCFF627NAK	ENCSR941WVJ	ENCSR841VEE	BPNet	sequence contribution scores profile	bigWig	ChIP-seq	FBXL19	HepG2	cell-line	cell-line	cell-line	none	profile	passed
ENCFF973SWU	ENCFF973SWU	ENCSR827NWO	ENCSR722ZLL	BPNet	sequence contribution scores profile	bigWig	ChIP-seq	FEZF1	HEK293	cell-line	cell-line	cell-line	none	profile	passed
ENCFF147PWE	ENCFF147PWE	ENCSR000EYZ	ENCSR205QBW	BPNet	sequence contribution scores profile	bigWig	ChIP-seq	FOS	GM12878	cell-line	cell-line	cell-line	none	profile	passed
ENCFF196HYJ	ENCFF196HYJ	ENCSR124AIG	ENCSR728DMH	BPNet	sequence contribution scores profile	bigWig	ChIP-seq	FOS	IMR-90	cell-line	cell-line	cell-line	none	profile	passed
ENCFF156YIU	ENCFF156YIU	ENCSR000FAI	ENCSR250RRT	BPNet	sequence contribution scores profile	bigWig	ChIP-seq	FOS	K562	cell-line	cell-line	cell-line	none	profile	passed
ENCFF033REY	ENCFF033REY	ENCSR000DOP	ENCSR010RMO	BPNet	sequence contribution scores profile	bigWig	ChIP-seq	FOS	MCF-10A	cell-line	cell-line	cell-line	none	profile	passed
ENCFF323PRS	ENCFF323PRS	ENCSR000DON	ENCSR657QSG	BPNet	sequence contribution scores profile	bigWig	ChIP-seq	FOS	MCF-10A	cell-line	cell-line	cell-line	none	profile	passed
ENCFF950GJJ	ENCFF950GJJ	ENCSR000DOT	ENCSR248ICS	BPNet	sequence contribution scores profile	bigWig	ChIP-seq	FOS	MCF-10A	cell-line	cell-line	cell-line	none	profile	passed
ENCFF960NGF	ENCFF960NGF	ENCSR000DOO	ENCSR575RVZ	BPNet	sequence contribution scores profile	bigWig	ChIP-seq	FOS	MCF-10A	cell-line	cell-line	cell-line	none	profile	passed
ENCFF410DJV	ENCFF410DJV	ENCSR569XNP	ENCSR335UTI	BPNet	sequence contribution scores profile	bigWig	ChIP-seq	FOS	MCF-7	cell-line	cell-line	cell-line	none	profile	passed
ENCFF196ABA	ENCFF196ABA	ENCSR000EVU	ENCSR233XFQ	BPNet	sequence contribution scores profile	bigWig	ChIP-seq	FOS	endothelial-cell-of-umbilical-vein	endothelial	blood-vessel	circulatory-system	none	profile	passed
ENCFF642COA	ENCFF642COA	ENCSR000BTE	ENCSR474ZEM	BPNet	sequence contribution scores profile	bigWig	ChIP-seq	FOSL1	HCT116	cell-line	cell-line	cell-line	none	profile	passed
ENCFF430FOZ	ENCFF430FOZ	ENCSR767NGL	ENCSR020BAF	BPNet	sequence contribution scores profile	bigWig	ChIP-seq	FOSL1	HepG2	cell-line	cell-line	cell-line	none	profile	passed
ENCFF151QAG	ENCFF151QAG	ENCSR239ZLZ	ENCSR285NIO	BPNet	sequence contribution scores profile	bigWig	ChIP-seq	FOSL1	K562	cell-line	cell-line	cell-line	none	profile	passed
ENCFF236GJG	ENCFF236GJG	ENCSR000BMV	ENCSR071ZMQ	BPNet	sequence contribution scores profile	bigWig	ChIP-seq	FOSL1	K562	cell-line	cell-line	cell-line	none	profile	passed
ENCFF595ALP	ENCFF595ALP	ENCSR950CIR	ENCSR043OMU	BPNet	sequence contribution scores profile	bigWig	ChIP-seq	FOSL1	glutamatergic-neuron	neuron	nerve	central-nervous-system	none	profile	passed
ENCFF038STY	ENCFF038STY	ENCSR274WRI	ENCSR928CRM	BPNet	sequence contribution scores profile	bigWig	ChIP-seq	FOSL2	A549	cell-line	cell-line	cell-line	none	profile	passed
ENCFF097DFS	ENCFF097DFS	ENCSR563GCV	ENCSR345YQI	BPNet	sequence contribution scores profile	bigWig	ChIP-seq	FOSL2	A549	cell-line	cell-line	cell-line	none	profile	passed
ENCFF155HCO	ENCFF155HCO	ENCSR900RUE	ENCSR012NRW	BPNet	sequence contribution scores profile	bigWig	ChIP-seq	FOSL2	A549	cell-line	cell-line	cell-line	none	profile	passed
ENCFF397RYJ	ENCFF397RYJ	ENCSR103UVU	ENCSR041VYT	BPNet	sequence contribution scores profile	bigWig	ChIP-seq	FOSL2	A549	cell-line	cell-line	cell-line	none	profile	passed
ENCFF425WHI	ENCFF425WHI	ENCSR111ZXV	ENCSR868DKN	BPNet	sequence contribution scores profile	bigWig	ChIP-seq	FOSL2	A549	cell-line	cell-line	cell-line	none	profile	passed
ENCFF458IQX	ENCFF458IQX	ENCSR242EWU	ENCSR133ETC	BPNet	sequence contribution scores profile	bigWig	ChIP-seq	FOSL2	A549	cell-line	cell-line	cell-line	none	profile	passed
ENCFF486CJJ	ENCFF486CJJ	ENCSR686HIU	ENCSR765JSW	BPNet	sequence contribution scores profile	bigWig	ChIP-seq	FOSL2	A549	cell-line	cell-line	cell-line	none	profile	passed
ENCFF514MTX	ENCFF514MTX	ENCSR535HFQ	ENCSR041NSU	BPNet	sequence contribution scores profile	bigWig	ChIP-seq	FOSL2	A549	cell-line	cell-line	cell-line	none	profile	passed
ENCFF529VYL	ENCFF529VYL	ENCSR330IJE	ENCSR373VZG	BPNet	sequence contribution scores profile	bigWig	ChIP-seq	FOSL2	A549	cell-line	cell-line	cell-line	none	profile	passed
ENCFF573SJZ	ENCFF573SJZ	ENCSR067XTW	ENCSR749BUO	BPNet	sequence contribution scores profile	bigWig	ChIP-seq	FOSL2	A549	cell-line	cell-line	cell-line	none	profile	passed
ENCFF695UXN	ENCFF695UXN	ENCSR593DGU	ENCSR262NQG	BPNet	sequence contribution scores profile	bigWig	ChIP-seq	FOSL2	A549	cell-line	cell-line	cell-line	none	profile	passed
ENCFF812TMS	ENCFF812TMS	ENCSR000BQO	ENCSR237ZVN	BPNet	sequence contribution scores profile	bigWig	ChIP-seq	FOSL2	A549	cell-line	cell-line	cell-line	none	profile	passed
ENCFF982SCV	ENCFF982SCV	ENCSR448TVS	ENCSR554ZTS	BPNet	sequence contribution scores profile	bigWig	ChIP-seq	FOSL2	A549	cell-line	cell-line	cell-line	none	profile	passed
ENCFF990HOW	ENCFF990HOW	ENCSR775UFR	ENCSR712WIM	BPNet	sequence contribution scores profile	bigWig	ChIP-seq	FOSL2	A549	cell-line	cell-line	cell-line	none	profile	passed
ENCFF165MSY	ENCFF165MSY	ENCSR249EYB	ENCSR346SIK	BPNet	sequence contribution scores profile	bigWig	ChIP-seq	FOSL2	HepG2	cell-line	cell-line	cell-line	none	profile	passed
ENCFF335FIO	ENCFF335FIO	ENCSR000BHP	ENCSR508NQY	BPNet	sequence contribution scores profile	bigWig	ChIP-seq	FOSL2	HepG2	cell-line	cell-line	cell-line	none	profile	passed
ENCFF816JDP	ENCFF816JDP	ENCSR546KCN	ENCSR660BJD	BPNet	sequence contribution scores profile	bigWig	ChIP-seq	FOSL2	MCF-7	cell-line	cell-line	cell-line	none	profile	passed
ENCFF903PHU	ENCFF903PHU	ENCSR000BUI	ENCSR692KCM	BPNet	sequence contribution scores profile	bigWig	ChIP-seq	FOSL2	MCF-7	cell-line	cell-line	cell-line	none	profile	passed
ENCFF603WMW	ENCFF603WMW	ENCSR000BVB	ENCSR219JFH	BPNet	sequence contribution scores profile	bigWig	ChIP-seq	FOSL2	SK-N-SH	cell-line	cell-line	cell-line	none	profile	passed
ENCFF556MOE	ENCFF556MOE	ENCSR000BRD	ENCSR373ZLZ	BPNet	sequence contribution scores profile	bigWig	ChIP-seq	FOXA1	A549	cell-line	cell-line	cell-line	none	profile	passed
ENCFF906UOT	ENCFF906UOT	ENCSR094WHO	ENCSR174RYL	BPNet	sequence contribution scores profile	bigWig	ChIP-seq	FOXA1	HEK293T	cell-line	cell-line	cell-line	none	profile	passed
ENCFF145MEY	ENCFF145MEY	ENCSR865RXA	ENCSR337KST	BPNet	sequence contribution scores profile	bigWig	ChIP-seq	FOXA1	HepG2	cell-line	cell-line	cell-line	none	profile	passed
ENCFF539USF	ENCFF539USF	ENCSR267DFA	ENCSR262LEY	BPNet	sequence contribution scores profile	bigWig	ChIP-seq	FOXA1	HepG2	cell-line	cell-line	cell-line	none	profile	passed
ENCFF715MSC	ENCFF715MSC	ENCSR000BMO	ENCSR210RPB	BPNet	sequence contribution scores profile	bigWig	ChIP-seq	FOXA1	HepG2	cell-line	cell-line	cell-line	none	profile	passed
ENCFF990TSK	ENCFF990TSK	ENCSR000BLE	ENCSR852HSZ	BPNet	sequence contribution scores profile	bigWig	ChIP-seq	FOXA1	HepG2	cell-line	cell-line	cell-line	none	profile	passed
ENCFF749SPH	ENCFF749SPH	ENCSR819LHG	ENCSR976UGF	BPNet	sequence contribution scores profile	bigWig	ChIP-seq	FOXA1	K562	cell-line	cell-line	cell-line	none	profile	passed
ENCFF688HDE	ENCFF688HDE	ENCSR126YEB	ENCSR452QKS	BPNet	sequence contribution scores profile	bigWig	ChIP-seq	FOXA1	MCF-7	cell-line	cell-line	cell-line	none	profile	passed
ENCFF872IYE	ENCFF872IYE	ENCSR000BKY	ENCSR353SEK	BPNet	sequence contribution scores profile	bigWig	ChIP-seq	FOXA1	T47D	cell-line	cell-line	cell-line	none	profile	passed
ENCFF960KXW	ENCFF960KXW	ENCSR324RCI	ENCSR578NTH	BPNet	sequence contribution scores profile	bigWig	ChIP-seq	FOXA1	liver	liver	liver	digestive-system	none	profile	passed
ENCFF985XEC	ENCFF985XEC	ENCSR735KEY	ENCSR604GWZ	BPNet	sequence contribution scores profile	bigWig	ChIP-seq	FOXA1	liver	liver	liver	digestive-system	none	profile	passed
ENCFF261EQI	ENCFF261EQI	ENCSR000BRE	ENCSR252KEN	BPNet	sequence contribution scores profile	bigWig	ChIP-seq	FOXA2	A549	cell-line	cell-line	cell-line	none	profile	passed
ENCFF539BWC	ENCFF539BWC	ENCSR490AMH	ENCSR215RUL	BPNet	sequence contribution scores profile	bigWig	ChIP-seq	FOXA2	HepG2	cell-line	cell-line	cell-line	none	profile	passed
ENCFF602IBM	ENCFF602IBM	ENCSR000BNI	ENCSR435KHB	BPNet	sequence contribution scores profile	bigWig	ChIP-seq	FOXA2	HepG2	cell-line	cell-line	cell-line	none	profile	passed
ENCFF844TEM	ENCFF844TEM	ENCSR066EBK	ENCSR441PYW	BPNet	sequence contribution scores profile	bigWig	ChIP-seq	FOXA2	HepG2	cell-line	cell-line	cell-line	none	profile	passed
ENCFF333DBY	ENCFF333DBY	ENCSR310NYI	ENCSR670OIJ	BPNet	sequence contribution scores profile	bigWig	ChIP-seq	FOXA2	liver	liver	liver	digestive-system	none	profile	passed
ENCFF404WGQ	ENCFF404WGQ	ENCSR080XEY	ENCSR318CMD	BPNet	sequence contribution scores profile	bigWig	ChIP-seq	FOXA2	liver	liver	liver	digestive-system	none	profile	passed
ENCFF219OGK	ENCFF219OGK	ENCSR092OVN	ENCSR743PLW	BPNet	sequence contribution scores profile	bigWig	ChIP-seq	FOXA3	HepG2	cell-line	cell-line	cell-line	none	profile	passed
ENCFF354MFP	ENCFF354MFP	ENCSR788DXU	ENCSR579GZS	BPNet	sequence contribution scores profile	bigWig	ChIP-seq	FOXA3	K562	cell-line	cell-line	cell-line	none	profile	passed
ENCFF944RUO	ENCFF944RUO	ENCSR231ZVN	ENCSR845IQV	BPNet	sequence contribution scores profile	bigWig	ChIP-seq	FOXA3	K562	cell-line	cell-line	cell-line	none	profile	passed
ENCFF909LBZ	ENCFF909LBZ	ENCSR170AMG	ENCSR710SMT	BPNet	sequence contribution scores profile	bigWig	ChIP-seq	FOXC1	HepG2	cell-line	cell-line	cell-line	none	profile	passed
ENCFF094ACG	ENCFF094ACG	ENCSR445FHB	ENCSR592DBM	BPNet	sequence contribution scores profile	bigWig	ChIP-seq	FOXF2	A549	cell-line	cell-line	cell-line	none	profile	passed
ENCFF843EEK	ENCFF843EEK	ENCSR847LBF	ENCSR813CXV	BPNet	sequence contribution scores profile	bigWig	ChIP-seq	FOXJ2	K562	cell-line	cell-line	cell-line	none	profile	passed
ENCFF155FMY	ENCFF155FMY	ENCSR413AJG	ENCSR117OOQ	BPNet	sequence contribution scores profile	bigWig	ChIP-seq	FOXJ3	HepG2	cell-line	cell-line	cell-line	none	profile	passed
ENCFF893ANK	ENCFF893ANK	ENCSR603BJQ	ENCSR630JWB	BPNet	sequence contribution scores profile	bigWig	ChIP-seq	FOXK1	HepG2	cell-line	cell-line	cell-line	none	profile	passed
ENCFF868FBU	ENCFF868FBU	ENCSR352RXE	ENCSR008HTX	BPNet	sequence contribution scores profile	bigWig	ChIP-seq	FOXK1	WTC11	cell-line	cell-line	cell-line	none	profile	passed
ENCFF683BJA	ENCFF683BJA	ENCSR861JUQ	ENCSR974FAN	BPNet	sequence contribution scores profile	bigWig	ChIP-seq	FOXK2	GM12878	cell-line	cell-line	cell-line	none	profile	passed
ENCFF153IHP	ENCFF153IHP	ENCSR872BOU	ENCSR796VDC	BPNet	sequence contribution scores profile	bigWig	ChIP-seq	FOXK2	HEK293T	cell-line	cell-line	cell-line	none	profile	passed
ENCFF033CRK	ENCFF033CRK	ENCSR171FUX	ENCSR445YTW	BPNet	sequence contribution scores profile	bigWig	ChIP-seq	FOXK2	HepG2	cell-line	cell-line	cell-line	none	profile	passed
ENCFF329QCA	ENCFF329QCA	ENCSR302AWT	ENCSR505DVX	BPNet	sequence contribution scores profile	bigWig	ChIP-seq	FOXK2	K562	cell-line	cell-line	cell-line	none	profile	passed
ENCFF737CAW	ENCFF737CAW	ENCSR508DQA	ENCSR414RCN	BPNet	sequence contribution scores profile	bigWig	ChIP-seq	FOXK2	K562	cell-line	cell-line	cell-line	none	profile	passed
ENCFF693KYP	ENCFF693KYP	ENCSR321OAA	ENCSR997YCM	BPNet	sequence contribution scores profile	bigWig	ChIP-seq	FOXO1	HepG2	cell-line	cell-line	cell-line	none	profile	passed
ENCFF533IBF	ENCFF533IBF	ENCSR232LLP	ENCSR113IMV	BPNet	sequence contribution scores profile	bigWig	ChIP-seq	FOXP4	HepG2	cell-line	cell-line	cell-line	none	profile	passed
ENCFF140SSO	ENCFF140SSO	ENCSR507RVF	ENCSR978WVS	BPNet	sequence contribution scores profile	bigWig	ChIP-seq	FOXP4	WTC11	cell-line	cell-line	cell-line	none	profile	passed
ENCFF195ZNS	ENCFF195ZNS	ENCSR326AQV	ENCSR392ZHM	BPNet	sequence contribution scores profile	bigWig	ChIP-seq	FOXS1	A549	cell-line	cell-line	cell-line	none	profile	passed
ENCFF669WUZ	ENCFF669WUZ	ENCSR000BPY	ENCSR698TVC	BPNet	sequence contribution scores profile	bigWig	ChIP-seq	GABPA	A549	cell-line	cell-line	cell-line	none	profile	passed
ENCFF469QBD	ENCFF469QBD	ENCSR331HPA	ENCSR090VBP	BPNet	sequence contribution scores profile	bigWig	ChIP-seq	GABPA	GM12878	cell-line	cell-line	cell-line	none	profile	passed
ENCFF663JEA	ENCFF663JEA	ENCSR000BIW	ENCSR257FAI	BPNet	sequence contribution scores profile	bigWig	ChIP-seq	GABPA	H1	cell-line	cell-line	cell-line	none	profile	passed
ENCFF838GJP	ENCFF838GJP	ENCSR000BTK	ENCSR388LEE	BPNet	sequence contribution scores profile	bigWig	ChIP-seq	GABPA	HL-60	cell-line	cell-line	cell-line	none	profile	passed
ENCFF414NIS	ENCFF414NIS	ENCSR000BHS	ENCSR891IWC	BPNet	sequence contribution scores profile	bigWig	ChIP-seq	GABPA	HeLa-S3	cell-line	cell-line	cell-line	none	profile	passed
ENCFF219FUP	ENCFF219FUP	ENCSR000BJK	ENCSR273NDD	BPNet	sequence contribution scores profile	bigWig	ChIP-seq	GABPA	HepG2	cell-line	cell-line	cell-line	none	profile	passed
ENCFF831RGD	ENCFF831RGD	ENCSR269TNX	ENCSR205TJY	BPNet	sequence contribution scores profile	bigWig	ChIP-seq	GABPA	HepG2	cell-line	cell-line	cell-line	none	profile	passed
ENCFF679VRF	ENCFF679VRF	ENCSR290MUH	ENCSR804SSS	BPNet	sequence contribution scores profile	bigWig	ChIP-seq	GABPA	K562	cell-line	cell-line	cell-line	none	profile	passed
ENCFF913JRF	ENCFF913JRF	ENCSR000BLO	ENCSR845VGY	BPNet	sequence contribution scores profile	bigWig	ChIP-seq	GABPA	K562	cell-line	cell-line	cell-line	none	profile	passed
ENCFF217ZHX	ENCFF217ZHX	ENCSR038RXU	ENCSR055NZW	BPNet	sequence contribution scores profile	bigWig	ChIP-seq	GABPA	MCF-7	cell-line	cell-line	cell-line	none	profile	passed
ENCFF830SRS	ENCFF830SRS	ENCSR000BUK	ENCSR958ARQ	BPNet	sequence contribution scores profile	bigWig	ChIP-seq	GABPA	MCF-7	cell-line	cell-line	cell-line	none	profile	passed
ENCFF846BSO	ENCFF846BSO	ENCSR000BTG	ENCSR811MOX	BPNet	sequence contribution scores profile	bigWig	ChIP-seq	GABPA	SK-N-SH	cell-line	cell-line	cell-line	none	profile	passed
ENCFF509QBJ	ENCFF509QBJ	ENCSR038GMB	ENCSR358PPS	BPNet	sequence contribution scores profile	bigWig	ChIP-seq	GABPA	liver	liver	liver	digestive-system	none	profile	passed
ENCFF975XGA	ENCFF975XGA	ENCSR350ORK	ENCSR226TGJ	BPNet	sequence contribution scores profile	bigWig	ChIP-seq	GABPA	liver	liver	liver	digestive-system	none	profile	passed
ENCFF040QPT	ENCFF040QPT	ENCSR000EFT	ENCSR411PLH	BPNet	sequence contribution scores profile	bigWig	ChIP-seq	GATA1	K562	cell-line	cell-line	cell-line	none	profile	passed
ENCFF123UCS	ENCFF123UCS	ENCSR000EWM	ENCSR240HOK	BPNet	sequence contribution scores profile	bigWig	ChIP-seq	GATA1	K562	cell-line	cell-line	cell-line	none	profile	passed
ENCFF312DNC	ENCFF312DNC	ENCSR000EXP	ENCSR809QGC	BPNet	sequence contribution scores profile	bigWig	ChIP-seq	GATA1	erythroblast	cell-line	cell-line	cell-line	none	profile	passed
ENCFF406TPC	ENCFF406TPC	ENCSR897LDT	ENCSR811SYR	BPNet	sequence contribution scores profile	bigWig	ChIP-seq	GATA2	HepG2	cell-line	cell-line	cell-line	none	profile	passed
ENCFF454GPT	ENCFF454GPT	ENCSR000BKM	ENCSR915HTG	BPNet	sequence contribution scores profile	bigWig	ChIP-seq	GATA2	K562	cell-line	cell-line	cell-line	none	profile	passed
ENCFF547WLH	ENCFF547WLH	ENCSR000DKA	ENCSR433LIB	BPNet	sequence contribution scores profile	bigWig	ChIP-seq	GATA2	K562	cell-line	cell-line	cell-line	none	profile	passed
ENCFF654MKD	ENCFF654MKD	ENCSR000EWG	ENCSR149QYI	BPNet	sequence contribution scores profile	bigWig	ChIP-seq	GATA2	K562	cell-line	cell-line	cell-line	none	profile	passed
ENCFF783VSY	ENCFF783VSY	ENCSR257RKC	ENCSR225UHZ	BPNet	sequence contribution scores profile	bigWig	ChIP-seq	GATA2	K562	cell-line	cell-line	cell-line	none	profile	passed
ENCFF949WRC	ENCFF949WRC	ENCSR000EYB	ENCSR675GYS	BPNet	sequence contribution scores profile	bigWig	ChIP-seq	GATA2	SH-SY5Y	cell-line	cell-line	cell-line	none	profile	passed
ENCFF468TQX	ENCFF468TQX	ENCSR706VOO	ENCSR310GUZ	BPNet	sequence contribution scores profile	bigWig	ChIP-seq	GATA2	SK-N-SH	cell-line	cell-line	cell-line	none	profile	passed
ENCFF553AEV	ENCFF553AEV	ENCSR000BTI	ENCSR720ABP	BPNet	sequence contribution scores profile	bigWig	ChIP-seq	GATA3	A549	cell-line	cell-line	cell-line	none	profile	passed
ENCFF588FYE	ENCFF588FYE	ENCSR000BST	ENCSR091JYC	BPNet	sequence contribution scores profile	bigWig	ChIP-seq	GATA3	MCF-7	cell-line	cell-line	cell-line	none	profile	passed
ENCFF685WNN	ENCFF685WNN	ENCSR423RTK	ENCSR747MPB	BPNet	sequence contribution scores profile	bigWig	ChIP-seq	GATA3	MCF-7	cell-line	cell-line	cell-line	none	profile	passed
ENCFF778RFT	ENCFF778RFT	ENCSR000BTH	ENCSR855YZS	BPNet	sequence contribution scores profile	bigWig	ChIP-seq	GATA3	SK-N-SH	cell-line	cell-line	cell-line	none	profile	passed
ENCFF855ZDQ	ENCFF855ZDQ	ENCSR000BMX	ENCSR786MYZ	BPNet	sequence contribution scores profile	bigWig	ChIP-seq	GATA3	T47D	cell-line	cell-line	cell-line	none	profile	passed
ENCFF658IRA	ENCFF658IRA	ENCSR590CNM	ENCSR619UDQ	BPNet	sequence contribution scores profile	bigWig	ChIP-seq	GATA4	HepG2	cell-line	cell-line	cell-line	none	profile	passed
ENCFF918PPF	ENCFF918PPF	ENCSR849FVL	ENCSR870DPI	BPNet	sequence contribution scores profile	bigWig	ChIP-seq	GFI1	HepG2	cell-line	cell-line	cell-line	none	profile	passed
ENCFF666OZH	ENCFF666OZH	ENCSR445PDR	ENCSR026EBR	BPNet	sequence contribution scores profile	bigWig	ChIP-seq	GFI1B	HEK293	cell-line	cell-line	cell-line	none	profile	passed
ENCFF013FKH	ENCFF013FKH	ENCSR211PZO	ENCSR285UTX	BPNet	sequence contribution scores profile	bigWig	ChIP-seq	GLI4	HEK293	cell-line	cell-line	cell-line	none	profile	passed
ENCFF031OUX	ENCFF031OUX	ENCSR482BBZ	ENCSR184DFX	BPNet	sequence contribution scores profile	bigWig	ChIP-seq	GLIS1	HEK293	cell-line	cell-line	cell-line	none	profile	passed
ENCFF485UYF	ENCFF485UYF	ENCSR535DIA	ENCSR934MIG	BPNet	sequence contribution scores profile	bigWig	ChIP-seq	GLIS2	HEK293	cell-line	cell-line	cell-line	none	profile	passed
ENCFF993LES	ENCFF993LES	ENCSR780OXL	ENCSR520BKB	BPNet	sequence contribution scores profile	bigWig	ChIP-seq	GMEB1	HepG2	cell-line	cell-line	cell-line	none	profile	passed
ENCFF272KSD	ENCFF272KSD	ENCSR376RCX	ENCSR016LNK	BPNet	sequence contribution scores profile	bigWig	ChIP-seq	GMEB1	K562	cell-line	cell-line	cell-line	none	profile	passed
ENCFF840RFU	ENCFF840RFU	ENCSR928KOR	ENCSR948NTC	BPNet	sequence contribution scores profile	bigWig	ChIP-seq	GMEB1	K562	cell-line	cell-line	cell-line	none	profile	passed
ENCFF683RQH	ENCFF683RQH	ENCSR745VSQ	ENCSR800IAB	BPNet	sequence contribution scores profile	bigWig	ChIP-seq	GMEB2	HepG2	cell-line	cell-line	cell-line	none	profile	passed
ENCFF463VTC	ENCFF463VTC	ENCSR091JXL	ENCSR122YYA	BPNet	sequence contribution scores profile	bigWig	ChIP-seq	HES1	K562	cell-line	cell-line	cell-line	none	profile	passed
ENCFF938MHA	ENCFF938MHA	ENCSR109ODF	ENCSR221HJH	BPNet	sequence contribution scores profile	bigWig	ChIP-seq	HES1	MCF-7	cell-line	cell-line	cell-line	none	profile	passed
ENCFF538DTG	ENCFF538DTG	ENCSR803GYT	ENCSR970AAN	BPNet	sequence contribution scores profile	bigWig	ChIP-seq	HIC1	HEK293	cell-line	cell-line	cell-line	none	profile	passed
ENCFF205OYJ	ENCFF205OYJ	ENCSR015LYB	ENCSR300LYZ	BPNet	sequence contribution scores profile	bigWig	ChIP-seq	HIC2	HepG2	cell-line	cell-line	cell-line	none	profile	passed
ENCFF057IST	ENCFF057IST	ENCSR621PAN	ENCSR326BKK	BPNet	sequence contribution scores profile	bigWig	ChIP-seq	HINFP	HepG2	cell-line	cell-line	cell-line	none	profile	passed
ENCFF223VZG	ENCFF223VZG	ENCSR619GFP	ENCSR727YCU	BPNet	sequence contribution scores profile	bigWig	ChIP-seq	HINFP	K562	cell-line	cell-line	cell-line	none	profile	passed
ENCFF543JNF	ENCFF543JNF	ENCSR528PSI	ENCSR436HTS	BPNet	sequence contribution scores profile	bigWig	ChIP-seq	HLF	HepG2	cell-line	cell-line	cell-line	none	profile	passed
ENCFF108OMB	ENCFF108OMB	ENCSR757IIU	ENCSR846NWW	BPNet	sequence contribution scores profile	bigWig	ChIP-seq	HMBOX1	K562	cell-line	cell-line	cell-line	none	profile	passed
ENCFF032DAR	ENCFF032DAR	ENCSR626HJW	ENCSR792APP	BPNet	sequence contribution scores profile	bigWig	ChIP-seq	HMG20A	K562	cell-line	cell-line	cell-line	none	profile	passed
ENCFF719PBC	ENCFF719PBC	ENCSR800QIT	ENCSR432QOH	BPNet	sequence contribution scores profile	bigWig	ChIP-seq	HNF1A	HepG2	cell-line	cell-line	cell-line	none	profile	passed
ENCFF893ARG	ENCFF893ARG	ENCSR633HRJ	ENCSR983GOH	BPNet	sequence contribution scores profile	bigWig	ChIP-seq	HNF1A	HepG2	cell-line	cell-line	cell-line	none	profile	passed
ENCFF917ETF	ENCFF917ETF	ENCSR127XTZ	ENCSR416MSB	BPNet	sequence contribution scores profile	bigWig	ChIP-seq	HNF1B	HepG2	cell-line	cell-line	cell-line	none	profile	passed
ENCFF021MFG	ENCFF021MFG	ENCSR469FBY	ENCSR714LTU	BPNet	sequence contribution scores profile	bigWig	ChIP-seq	HNF4A	HepG2	cell-line	cell-line	cell-line	none	profile	passed
ENCFF274PBJ	ENCFF274PBJ	ENCSR000EEU	ENCSR468WGQ	BPNet	sequence contribution scores profile	bigWig	ChIP-seq	HNF4A	HepG2	cell-line	cell-line	cell-line	none	profile	passed
ENCFF708UNP	ENCFF708UNP	ENCSR000BLF	ENCSR412QFT	BPNet	sequence contribution scores profile	bigWig	ChIP-seq	HNF4A	HepG2	cell-line	cell-line	cell-line	none	profile	passed
ENCFF404FON	ENCFF404FON	ENCSR445QRF	ENCSR430OFY	BPNet	sequence contribution scores profile	bigWig	ChIP-seq	HNF4A	liver	liver	liver	digestive-system	none	profile	passed
ENCFF675NOU	ENCFF675NOU	ENCSR601OGE	ENCSR553GPB	BPNet	sequence contribution scores profile	bigWig	ChIP-seq	HNF4A	liver	liver	liver	digestive-system	none	profile	passed
ENCFF038GQL	ENCFF038GQL	ENCSR000BNJ	ENCSR137AQD	BPNet	sequence contribution scores profile	bigWig	ChIP-seq	HNF4G	HepG2	cell-line	cell-line	cell-line	none	profile	passed
ENCFF573JTG	ENCFF573JTG	ENCSR793EHQ	ENCSR912RVZ	BPNet	sequence contribution scores profile	bigWig	ChIP-seq	HNF4G	HepG2	cell-line	cell-line	cell-line	none	profile	passed
ENCFF720XFI	ENCFF720XFI	ENCSR297GII	ENCSR434NAO	BPNet	sequence contribution scores profile	bigWig	ChIP-seq	HNF4G	liver	liver	liver	digestive-system	none	profile	passed
ENCFF952QUP	ENCFF952QUP	ENCSR692RKS	ENCSR601QBK	BPNet	sequence contribution scores profile	bigWig	ChIP-seq	HOXA10	HepG2	cell-line	cell-line	cell-line	none	profile	passed
ENCFF228WTE	ENCFF228WTE	ENCSR418XXL	ENCSR857TAH	BPNet	sequence contribution scores profile	bigWig	ChIP-seq	HOXD13	HEK293	cell-line	cell-line	cell-line	none	profile	passed
ENCFF316JIG	ENCFF316JIG	ENCSR000EET	ENCSR302TER	BPNet	sequence contribution scores profile	bigWig	ChIP-seq	HSF1	HepG2	cell-line	cell-line	cell-line	none	profile	passed
ENCFF293FQJ	ENCFF293FQJ	ENCSR062HDL	ENCSR728XOJ	BPNet	sequence contribution scores profile	bigWig	ChIP-seq	HSF1	MCF-7	cell-line	cell-line	cell-line	none	profile	passed
ENCFF376ICX	ENCFF376ICX	ENCSR764ZBK	ENCSR271JMS	BPNet	sequence contribution scores profile	bigWig	ChIP-seq	HSF2	HepG2	cell-line	cell-line	cell-line	none	profile	passed
ENCFF304MFA	ENCFF304MFA	ENCSR874AFU	ENCSR199HXS	BPNet	sequence contribution scores profile	bigWig	ChIP-seq	IKZF1	GM12878	cell-line	cell-line	cell-line	none	profile	passed
ENCFF632XDE	ENCFF632XDE	ENCSR441VHN	ENCSR142BYT	BPNet	sequence contribution scores profile	bigWig	ChIP-seq	IKZF1	GM12878	cell-line	cell-line	cell-line	none	profile	passed
ENCFF640LIR	ENCFF640LIR	ENCSR000EUJ	ENCSR920YZT	BPNet	sequence contribution scores profile	bigWig	ChIP-seq	IKZF1	GM12878	cell-line	cell-line	cell-line	none	profile	passed
ENCFF606DSD	ENCFF606DSD	ENCSR948VFL	ENCSR167KIF	BPNet	sequence contribution scores profile	bigWig	ChIP-seq	IKZF1	K562	cell-line	cell-line	cell-line	none	profile	passed
ENCFF801SYZ	ENCFF801SYZ	ENCSR395HWC	ENCSR740JNL	BPNet	sequence contribution scores profile	bigWig	ChIP-seq	IKZF1	K562	cell-line	cell-line	cell-line	none	profile	passed
ENCFF293CTZ	ENCFF293CTZ	ENCSR822AHX	ENCSR099EKK	BPNet	sequence contribution scores profile	bigWig	ChIP-seq	IKZF2	GM12878	cell-line	cell-line	cell-line	none	profile	passed
ENCFF504RZU	ENCFF504RZU	ENCSR680UQE	ENCSR289CZE	BPNet	sequence contribution scores profile	bigWig	ChIP-seq	IKZF2	GM12878	cell-line	cell-line	cell-line	none	profile	passed
ENCFF917LRQ	ENCFF917LRQ	ENCSR890DSP	ENCSR576SBT	BPNet	sequence contribution scores profile	bigWig	ChIP-seq	IRF1	HepG2	cell-line	cell-line	cell-line	none	profile	passed
ENCFF412SWO	ENCFF412SWO	ENCSR000EGK	ENCSR125AQC	BPNet	sequence contribution scores profile	bigWig	ChIP-seq	IRF1	K562	cell-line	cell-line	cell-line	none	profile	passed
ENCFF504AKG	ENCFF504AKG	ENCSR000EGL	ENCSR730ZXN	BPNet	sequence contribution scores profile	bigWig	ChIP-seq	IRF1	K562	cell-line	cell-line	cell-line	none	profile	passed
ENCFF593EVU	ENCFF593EVU	ENCSR000EGU	ENCSR915BZL	BPNet	sequence contribution scores profile	bigWig	ChIP-seq	IRF1	K562	cell-line	cell-line	cell-line	none	profile	passed
ENCFF779QGC	ENCFF779QGC	ENCSR854MCV	ENCSR783LKI	BPNet	sequence contribution scores profile	bigWig	ChIP-seq	IRF1	K562	cell-line	cell-line	cell-line	none	profile	passed
ENCFF187NJK	ENCFF187NJK	ENCSR604UJV	ENCSR841NXD	BPNet	sequence contribution scores profile	bigWig	ChIP-seq	IRF2	HepG2	cell-line	cell-line	cell-line	none	profile	passed
ENCFF349BAQ	ENCFF349BAQ	ENCSR645ZWR	ENCSR075JNC	BPNet	sequence contribution scores profile	bigWig	ChIP-seq	IRF2	K562	cell-line	cell-line	cell-line	none	profile	passed
ENCFF407UWA	ENCFF407UWA	ENCSR376WCJ	ENCSR921WDF	BPNet	sequence contribution scores profile	bigWig	ChIP-seq	IRF2	K562	cell-line	cell-line	cell-line	none	profile	passed
ENCFF900PER	ENCFF900PER	ENCSR000BGY	ENCSR430POV	BPNet	sequence contribution scores profile	bigWig	ChIP-seq	IRF4	GM12878	cell-line	cell-line	cell-line	none	profile	passed
ENCFF549RAU	ENCFF549RAU	ENCSR225UTR	ENCSR032XTF	BPNet	sequence contribution scores profile	bigWig	ChIP-seq	IRX3	HepG2	cell-line	cell-line	cell-line	none	profile	passed
ENCFF062PAU	ENCFF062PAU	ENCSR008LHT	ENCSR301GLQ	BPNet	sequence contribution scores profile	bigWig	ChIP-seq	ISL1	SK-N-SH	cell-line	cell-line	cell-line	none	profile	passed
ENCFF054XJX	ENCFF054XJX	ENCSR664ZHF	ENCSR993QBC	BPNet	sequence contribution scores profile	bigWig	ChIP-seq	JUN	A549	cell-line	cell-line	cell-line	none	profile	passed
ENCFF306GZE	ENCFF306GZE	ENCSR708DGM	ENCSR967RSX	BPNet	sequence contribution scores profile	bigWig	ChIP-seq	JUN	A549	cell-line	cell-line	cell-line	none	profile	passed
ENCFF375VKO	ENCFF375VKO	ENCSR991VVW	ENCSR354DBP	BPNet	sequence contribution scores profile	bigWig	ChIP-seq	JUN	A549	cell-line	cell-line	cell-line	none	profile	passed
ENCFF381BLA	ENCFF381BLA	ENCSR192PBJ	ENCSR858EUR	BPNet	sequence contribution scores profile	bigWig	ChIP-seq	JUN	A549	cell-line	cell-line	cell-line	none	profile	passed
ENCFF418CAC	ENCFF418CAC	ENCSR628MQN	ENCSR680RTV	BPNet	sequence contribution scores profile	bigWig	ChIP-seq	JUN	A549	cell-line	cell-line	cell-line	none	profile	passed
ENCFF484ZOE	ENCFF484ZOE	ENCSR090RGB	ENCSR545KHX	BPNet	sequence contribution scores profile	bigWig	ChIP-seq	JUN	A549	cell-line	cell-line	cell-line	none	profile	passed
ENCFF618YQH	ENCFF618YQH	ENCSR996DUT	ENCSR508ZXB	BPNet	sequence contribution scores profile	bigWig	ChIP-seq	JUN	A549	cell-line	cell-line	cell-line	none	profile	passed
ENCFF673WGU	ENCFF673WGU	ENCSR048CVK	ENCSR105KWV	BPNet	sequence contribution scores profile	bigWig	ChIP-seq	JUN	A549	cell-line	cell-line	cell-line	none	profile	passed
ENCFF677QQA	ENCFF677QQA	ENCSR716SJK	ENCSR507OSG	BPNet	sequence contribution scores profile	bigWig	ChIP-seq	JUN	A549	cell-line	cell-line	cell-line	none	profile	passed
ENCFF751OSO	ENCFF751OSO	ENCSR022WVP	ENCSR020RYL	BPNet	sequence contribution scores profile	bigWig	ChIP-seq	JUN	A549	cell-line	cell-line	cell-line	none	profile	passed
ENCFF793NNV	ENCFF793NNV	ENCSR783THJ	ENCSR276WFD	BPNet	sequence contribution scores profile	bigWig	ChIP-seq	JUN	A549	cell-line	cell-line	cell-line	none	profile	passed
ENCFF812GZL	ENCFF812GZL	ENCSR604CKQ	ENCSR398FIK	BPNet	sequence contribution scores profile	bigWig	ChIP-seq	JUN	A549	cell-line	cell-line	cell-line	none	profile	passed
ENCFF843ALF	ENCFF843ALF	ENCSR793HZD	ENCSR529PUA	BPNet	sequence contribution scores profile	bigWig	ChIP-seq	JUN	A549	cell-line	cell-line	cell-line	none	profile	passed
ENCFF847NYA	ENCFF847NYA	ENCSR991RJM	ENCSR176VCX	BPNet	sequence contribution scores profile	bigWig	ChIP-seq	JUN	A549	cell-line	cell-line	cell-line	none	profile	passed
ENCFF865TAE	ENCFF865TAE	ENCSR110UPH	ENCSR608HKT	BPNet	sequence contribution scores profile	bigWig	ChIP-seq	JUN	A549	cell-line	cell-line	cell-line	none	profile	passed
ENCFF872YIX	ENCFF872YIX	ENCSR612GKD	ENCSR797NTV	BPNet	sequence contribution scores profile	bigWig	ChIP-seq	JUN	A549	cell-line	cell-line	cell-line	none	profile	passed
ENCFF498RII	ENCFF498RII	ENCSR000EDG	ENCSR114FHF	BPNet	sequence contribution scores profile	bigWig	ChIP-seq	JUN	HeLa-S3	cell-line	cell-line	cell-line	none	profile	passed
ENCFF139CVK	ENCFF139CVK	ENCSR000EEK	ENCSR701HFV	BPNet	sequence contribution scores profile	bigWig	ChIP-seq	JUN	HepG2	cell-line	cell-line	cell-line	none	profile	passed
ENCFF672PTD	ENCFF672PTD	ENCSR747VUU	ENCSR703JZI	BPNet	sequence contribution scores profile	bigWig	ChIP-seq	JUN	HepG2	cell-line	cell-line	cell-line	none	profile	passed
ENCFF011MTE	ENCFF011MTE	ENCSR000FAH	ENCSR748TEQ	BPNet	sequence contribution scores profile	bigWig	ChIP-seq	JUN	K562	cell-line	cell-line	cell-line	none	profile	passed
ENCFF101CJK	ENCFF101CJK	ENCSR000EZW	ENCSR083GMU	BPNet	sequence contribution scores profile	bigWig	ChIP-seq	JUN	K562	cell-line	cell-line	cell-line	none	profile	passed
ENCFF112RJN	ENCFF112RJN	ENCSR946WBN	ENCSR554NXB	BPNet	sequence contribution scores profile	bigWig	ChIP-seq	JUN	K562	cell-line	cell-line	cell-line	none	profile	passed
ENCFF144MKV	ENCFF144MKV	ENCSR000EZX	ENCSR550GGT	BPNet	sequence contribution scores profile	bigWig	ChIP-seq	JUN	K562	cell-line	cell-line	cell-line	none	profile	passed
ENCFF540RYP	ENCFF540RYP	ENCSR000EFS	ENCSR020CRX	BPNet	sequence contribution scores profile	bigWig	ChIP-seq	JUN	K562	cell-line	cell-line	cell-line	none	profile	passed
ENCFF619RGS	ENCFF619RGS	ENCSR000EZT	ENCSR354JEC	BPNet	sequence contribution scores profile	bigWig	ChIP-seq	JUN	K562	cell-line	cell-line	cell-line	none	profile	passed
ENCFF921YVZ	ENCFF921YVZ	ENCSR000EGH	ENCSR345GVW	BPNet	sequence contribution scores profile	bigWig	ChIP-seq	JUN	K562	cell-line	cell-line	cell-line	none	profile	passed
ENCFF686VVK	ENCFF686VVK	ENCSR176EXN	ENCSR570FQB	BPNet	sequence contribution scores profile	bigWig	ChIP-seq	JUN	MCF-7	cell-line	cell-line	cell-line	none	profile	passed
ENCFF663KMT	ENCFF663KMT	ENCSR000EFA	ENCSR403FHV	BPNet	sequence contribution scores profile	bigWig	ChIP-seq	JUN	endothelial-cell-of-umbilical-vein	endothelial	blood-vessel	circulatory-system	none	profile	passed
ENCFF030KOI	ENCFF030KOI	ENCSR523BPZ	ENCSR906DCL	BPNet	sequence contribution scores profile	bigWig	ChIP-seq	JUNB	A549	cell-line	cell-line	cell-line	none	profile	passed
ENCFF229QYV	ENCFF229QYV	ENCSR269RPR	ENCSR511DGD	BPNet	sequence contribution scores profile	bigWig	ChIP-seq	JUNB	A549	cell-line	cell-line	cell-line	none	profile	passed
ENCFF233SIW	ENCFF233SIW	ENCSR332WDQ	ENCSR460LMU	BPNet	sequence contribution scores profile	bigWig	ChIP-seq	JUNB	A549	cell-line	cell-line	cell-line	none	profile	passed
ENCFF342MSO	ENCFF342MSO	ENCSR656VWZ	ENCSR994GDM	BPNet	sequence contribution scores profile	bigWig	ChIP-seq	JUNB	A549	cell-line	cell-line	cell-line	none	profile	passed
ENCFF483KSS	ENCFF483KSS	ENCSR426BPV	ENCSR159OXE	BPNet	sequence contribution scores profile	bigWig	ChIP-seq	JUNB	A549	cell-line	cell-line	cell-line	none	profile	passed
ENCFF550MVX	ENCFF550MVX	ENCSR871NPV	ENCSR601GCZ	BPNet	sequence contribution scores profile	bigWig	ChIP-seq	JUNB	A549	cell-line	cell-line	cell-line	none	profile	passed
ENCFF646JXO	ENCFF646JXO	ENCSR226UQG	ENCSR018JTI	BPNet	sequence contribution scores profile	bigWig	ChIP-seq	JUNB	A549	cell-line	cell-line	cell-line	none	profile	passed
ENCFF700XLQ	ENCFF700XLQ	ENCSR666BEY	ENCSR998JNO	BPNet	sequence contribution scores profile	bigWig	ChIP-seq	JUNB	A549	cell-line	cell-line	cell-line	none	profile	passed
ENCFF719SEX	ENCFF719SEX	ENCSR431LRW	ENCSR899KPV	BPNet	sequence contribution scores profile	bigWig	ChIP-seq	JUNB	A549	cell-line	cell-line	cell-line	none	profile	passed
ENCFF838VNY	ENCFF838VNY	ENCSR163EXK	ENCSR825LRL	BPNet	sequence contribution scores profile	bigWig	ChIP-seq	JUNB	A549	cell-line	cell-line	cell-line	none	profile	passed
ENCFF872JQJ	ENCFF872JQJ	ENCSR490YTY	ENCSR462UAB	BPNet	sequence contribution scores profile	bigWig	ChIP-seq	JUNB	A549	cell-line	cell-line	cell-line	none	profile	passed
ENCFF912NPI	ENCFF912NPI	ENCSR814UWE	ENCSR661VEX	BPNet	sequence contribution scores profile	bigWig	ChIP-seq	JUNB	A549	cell-line	cell-line	cell-line	none	profile	passed
ENCFF870NKY	ENCFF870NKY	ENCSR897MMC	ENCSR496BQS	BPNet	sequence contribution scores profile	bigWig	ChIP-seq	JUNB	GM12878	cell-line	cell-line	cell-line	none	profile	passed
ENCFF569NGT	ENCFF569NGT	ENCSR685GGQ	ENCSR244PLN	BPNet	sequence contribution scores profile	bigWig	ChIP-seq	JUNB	HepG2	cell-line	cell-line	cell-line	none	profile	passed
ENCFF383EAY	ENCFF383EAY	ENCSR000DJY	ENCSR784NBM	BPNet	sequence contribution scores profile	bigWig	ChIP-seq	JUNB	K562	cell-line	cell-line	cell-line	none	profile	passed
ENCFF427AYF	ENCFF427AYF	ENCSR795IYP	ENCSR224QHS	BPNet	sequence contribution scores profile	bigWig	ChIP-seq	JUNB	K562	cell-line	cell-line	cell-line	none	profile	passed
ENCFF957AOH	ENCFF957AOH	ENCSR525VAT	ENCSR262LYW	BPNet	sequence contribution scores profile	bigWig	ChIP-seq	JUNB	K562	cell-line	cell-line	cell-line	none	profile	passed
ENCFF902TEQ	ENCFF902TEQ	ENCSR000DYS	ENCSR842QLN	BPNet	sequence contribution scores profile	bigWig	ChIP-seq	JUND	GM12878	cell-line	cell-line	cell-line	none	profile	passed
ENCFF574CKA	ENCFF574CKA	ENCSR000EBZ	ENCSR241ZHQ	BPNet	sequence contribution scores profile	bigWig	ChIP-seq	JUND	H1	cell-line	cell-line	cell-line	none	profile	passed
ENCFF362AYK	ENCFF362AYK	ENCSR000BSA	ENCSR650VIY	BPNet	sequence contribution scores profile	bigWig	ChIP-seq	JUND	HCT116	cell-line	cell-line	cell-line	none	profile	passed
ENCFF102UCH	ENCFF102UCH	ENCSR000EDH	ENCSR830DFE	BPNet	sequence contribution scores profile	bigWig	ChIP-seq	JUND	HeLa-S3	cell-line	cell-line	cell-line	none	profile	passed
ENCFF112MMH	ENCFF112MMH	ENCSR000BGK	ENCSR482CTQ	BPNet	sequence contribution scores profile	bigWig	ChIP-seq	JUND	HepG2	cell-line	cell-line	cell-line	none	profile	passed
ENCFF179SVC	ENCFF179SVC	ENCSR000EEI	ENCSR439DKF	BPNet	sequence contribution scores profile	bigWig	ChIP-seq	JUND	HepG2	cell-line	cell-line	cell-line	none	profile	passed
ENCFF697MMS	ENCFF697MMS	ENCSR282ZLP	ENCSR900EBT	BPNet	sequence contribution scores profile	bigWig	ChIP-seq	JUND	HepG2	cell-line	cell-line	cell-line	none	profile	passed
ENCFF574NCQ	ENCFF574NCQ	ENCSR000EGN	ENCSR711UTT	BPNet	sequence contribution scores profile	bigWig	ChIP-seq	JUND	K562	cell-line	cell-line	cell-line	none	profile	passed
ENCFF630ARQ	ENCFF630ARQ	ENCSR000DJX	ENCSR767UUB	BPNet	sequence contribution scores profile	bigWig	ChIP-seq	JUND	K562	cell-line	cell-line	cell-line	none	profile	passed
ENCFF800OIH	ENCFF800OIH	ENCSR000BSU	ENCSR900RMO	BPNet	sequence contribution scores profile	bigWig	ChIP-seq	JUND	MCF-7	cell-line	cell-line	cell-line	none	profile	passed
ENCFF021ILH	ENCFF021ILH	ENCSR000BSK	ENCSR824SLK	BPNet	sequence contribution scores profile	bigWig	ChIP-seq	JUND	SK-N-SH	cell-line	cell-line	cell-line	none	profile	passed
ENCFF077XEX	ENCFF077XEX	ENCSR000EIB	ENCSR623RBI	BPNet	sequence contribution scores profile	bigWig	ChIP-seq	JUND	SK-N-SH	cell-line	cell-line	cell-line	none	profile	passed
ENCFF473ETK	ENCFF473ETK	ENCSR000BVO	ENCSR525XFD	BPNet	sequence contribution scores profile	bigWig	ChIP-seq	JUND	T47D	cell-line	cell-line	cell-line	none	profile	passed
ENCFF256LAX	ENCFF256LAX	ENCSR837GTK	ENCSR985CKW	BPNet	sequence contribution scores profile	bigWig	ChIP-seq	JUND	liver	liver	liver	digestive-system	none	profile	passed
ENCFF779ZWT	ENCFF779ZWT	ENCSR196HGZ	ENCSR816TMP	BPNet	sequence contribution scores profile	bigWig	ChIP-seq	JUND	liver	liver	liver	digestive-system	none	profile	passed
ENCFF872DBT	ENCFF872DBT	ENCSR859BMR	ENCSR960UKV	BPNet	sequence contribution scores profile	bigWig	ChIP-seq	KLF1	HEK293	cell-line	cell-line	cell-line	none	profile	passed
ENCFF159JHA	ENCFF159JHA	ENCSR550HCT	ENCSR424EEB	BPNet	sequence contribution scores profile	bigWig	ChIP-seq	KLF1	K562	cell-line	cell-line	cell-line	none	profile	passed
ENCFF112WJM	ENCFF112WJM	ENCSR006GAQ	ENCSR438XYE	BPNet	sequence contribution scores profile	bigWig	ChIP-seq	KLF10	HEK293	cell-line	cell-line	cell-line	none	profile	passed
ENCFF089UMC	ENCFF089UMC	ENCSR616OSG	ENCSR909CUD	BPNet	sequence contribution scores profile	bigWig	ChIP-seq	KLF11	HepG2	cell-line	cell-line	cell-line	none	profile	passed
ENCFF423EKH	ENCFF423EKH	ENCSR552YWL	ENCSR610GYE	BPNet	sequence contribution scores profile	bigWig	ChIP-seq	KLF12	HepG2	cell-line	cell-line	cell-line	none	profile	passed
ENCFF469RDX	ENCFF469RDX	ENCSR608HVP	ENCSR243TNZ	BPNet	sequence contribution scores profile	bigWig	ChIP-seq	KLF13	K562	cell-line	cell-line	cell-line	none	profile	passed
ENCFF563BUS	ENCFF563BUS	ENCSR397DQC	ENCSR401QUW	BPNet	sequence contribution scores profile	bigWig	ChIP-seq	KLF16	HEK293	cell-line	cell-line	cell-line	none	profile	passed
ENCFF951AVD	ENCFF951AVD	ENCSR009KLQ	ENCSR911FYQ	BPNet	sequence contribution scores profile	bigWig	ChIP-seq	KLF16	HepG2	cell-line	cell-line	cell-line	none	profile	passed
ENCFF699VKW	ENCFF699VKW	ENCSR760UVO	ENCSR904YCG	BPNet	sequence contribution scores profile	bigWig	ChIP-seq	KLF16	K562	cell-line	cell-line	cell-line	none	profile	passed
ENCFF651FUX	ENCFF651FUX	ENCSR065WUF	ENCSR225AAV	BPNet	sequence contribution scores profile	bigWig	ChIP-seq	KLF17	HEK293	cell-line	cell-line	cell-line	none	profile	passed
ENCFF398JWF	ENCFF398JWF	ENCSR757EKM	ENCSR327WUN	BPNet	sequence contribution scores profile	bigWig	ChIP-seq	KLF6	HepG2	cell-line	cell-line	cell-line	none	profile	passed
ENCFF050TBU	ENCFF050TBU	ENCSR604VWJ	ENCSR374OIO	BPNet	sequence contribution scores profile	bigWig	ChIP-seq	KLF7	HEK293	cell-line	cell-line	cell-line	none	profile	passed
ENCFF837JGK	ENCFF837JGK	ENCSR635NOQ	ENCSR985CNW	BPNet	sequence contribution scores profile	bigWig	ChIP-seq	KLF8	HEK293	cell-line	cell-line	cell-line	none	profile	passed
ENCFF986UUO	ENCFF986UUO	ENCSR076EZB	ENCSR847MYV	BPNet	sequence contribution scores profile	bigWig	ChIP-seq	KLF9	HEK293	cell-line	cell-line	cell-line	none	profile	passed
ENCFF922QTG	ENCFF922QTG	ENCSR938ETG	ENCSR965WIT	BPNet	sequence contribution scores profile	bigWig	ChIP-seq	KLF9	HepG2	cell-line	cell-line	cell-line	none	profile	passed
ENCFF341NSL	ENCFF341NSL	ENCSR125ZYC	ENCSR919ZUT	BPNet	sequence contribution scores profile	bigWig	ChIP-seq	KLF9	MCF-7	cell-line	cell-line	cell-line	none	profile	passed
ENCFF672JWU	ENCFF672JWU	ENCSR469GZL	ENCSR773SAO	BPNet	sequence contribution scores profile	bigWig	ChIP-seq	LCOR	HepG2	cell-line	cell-line	cell-line	none	profile	passed
ENCFF932SOA	ENCFF932SOA	ENCSR672OHP	ENCSR177JJR	BPNet	sequence contribution scores profile	bigWig	ChIP-seq	LCOR	K562	cell-line	cell-line	cell-line	none	profile	passed
ENCFF460LHB	ENCFF460LHB	ENCSR950NAZ	ENCSR053GEB	BPNet	sequence contribution scores profile	bigWig	ChIP-seq	LCORL	HepG2	cell-line	cell-line	cell-line	none	profile	passed
ENCFF917EVQ	ENCFF917EVQ	ENCSR880PMU	ENCSR647YVY	BPNet	sequence contribution scores profile	bigWig	ChIP-seq	LCORL	HepG2	cell-line	cell-line	cell-line	none	profile	passed
ENCFF010EDU	ENCFF010EDU	ENCSR343ELW	ENCSR184ULM	BPNet	sequence contribution scores profile	bigWig	ChIP-seq	LEF1	K562	cell-line	cell-line	cell-line	none	profile	passed
ENCFF073NQQ	ENCFF073NQQ	ENCSR832OGB	ENCSR775TZV	BPNet	sequence contribution scores profile	bigWig	ChIP-seq	LEF1	K562	cell-line	cell-line	cell-line	none	profile	passed
ENCFF047OYV	ENCFF047OYV	ENCSR597MCV	ENCSR479OOG	BPNet	sequence contribution scores profile	bigWig	ChIP-seq	LIN54	HepG2	cell-line	cell-line	cell-line	none	profile	passed
ENCFF371ACC	ENCFF371ACC	ENCSR140DSL	ENCSR635EFD	BPNet	sequence contribution scores profile	bigWig	ChIP-seq	MAFF	HeLa-S3	cell-line	cell-line	cell-line	none	profile	passed
ENCFF688OSA	ENCFF688OSA	ENCSR000EEC	ENCSR689UDB	BPNet	sequence contribution scores profile	bigWig	ChIP-seq	MAFF	HepG2	cell-line	cell-line	cell-line	none	profile	passed
ENCFF611DEG	ENCFF611DEG	ENCSR000EGI	ENCSR512XRO	BPNet	sequence contribution scores profile	bigWig	ChIP-seq	MAFF	K562	cell-line	cell-line	cell-line	none	profile	passed
ENCFF328BNZ	ENCFF328BNZ	ENCSR708KAA	ENCSR512FKE	BPNet	sequence contribution scores profile	bigWig	ChIP-seq	MAFG	HepG2	cell-line	cell-line	cell-line	none	profile	passed
ENCFF774TMS	ENCFF774TMS	ENCSR818DQV	ENCSR324HYA	BPNet	sequence contribution scores profile	bigWig	ChIP-seq	MAFG	K562	cell-line	cell-line	cell-line	none	profile	passed
ENCFF708PXI	ENCFF708PXI	ENCSR541WQI	ENCSR415PWX	BPNet	sequence contribution scores profile	bigWig	ChIP-seq	MAFK	A549	cell-line	cell-line	cell-line	none	profile	passed
ENCFF543WAT	ENCFF543WAT	ENCSR000DYV	ENCSR538HRY	BPNet	sequence contribution scores profile	bigWig	ChIP-seq	MAFK	GM12878	cell-line	cell-line	cell-line	none	profile	passed
ENCFF218XCX	ENCFF218XCX	ENCSR000EBS	ENCSR489JND	BPNet	sequence contribution scores profile	bigWig	ChIP-seq	MAFK	H1	cell-line	cell-line	cell-line	none	profile	passed
ENCFF549JGQ	ENCFF549JGQ	ENCSR000ECK	ENCSR772QXK	BPNet	sequence contribution scores profile	bigWig	ChIP-seq	MAFK	HeLa-S3	cell-line	cell-line	cell-line	none	profile	passed
ENCFF011MFI	ENCFF011MFI	ENCSR000EDZ	ENCSR804YJX	BPNet	sequence contribution scores profile	bigWig	ChIP-seq	MAFK	HepG2	cell-line	cell-line	cell-line	none	profile	passed
ENCFF027BEP	ENCFF027BEP	ENCSR000EEB	ENCSR171MQW	BPNet	sequence contribution scores profile	bigWig	ChIP-seq	MAFK	HepG2	cell-line	cell-line	cell-line	none	profile	passed
ENCFF080VJG	ENCFF080VJG	ENCSR000EFH	ENCSR476QNT	BPNet	sequence contribution scores profile	bigWig	ChIP-seq	MAFK	IMR-90	cell-line	cell-line	cell-line	none	profile	passed
ENCFF006NKY	ENCFF006NKY	ENCSR000EGX	ENCSR562GPY	BPNet	sequence contribution scores profile	bigWig	ChIP-seq	MAFK	K562	cell-line	cell-line	cell-line	none	profile	passed
ENCFF697CQF	ENCFF697CQF	ENCSR555PBN	ENCSR478ZIL	BPNet	sequence contribution scores profile	bigWig	ChIP-seq	MAFK	MCF-7	cell-line	cell-line	cell-line	none	profile	passed
ENCFF171JDR	ENCFF171JDR	ENCSR000BTJ	ENCSR659CLW	BPNet	sequence contribution scores profile	bigWig	ChIP-seq	MAX	A549	cell-line	cell-line	cell-line	none	profile	passed
ENCFF450VIC	ENCFF450VIC	ENCSR000DYG	ENCSR497CAB	BPNet	sequence contribution scores profile	bigWig	ChIP-seq	MAX	A549	cell-line	cell-line	cell-line	none	profile	passed
ENCFF262XZO	ENCFF262XZO	ENCSR000DZF	ENCSR419HPN	BPNet	sequence contribution scores profile	bigWig	ChIP-seq	MAX	GM12878	cell-line	cell-line	cell-line	none	profile	passed
ENCFF872OAI	ENCFF872OAI	ENCSR000BSJ	ENCSR217JCX	BPNet	sequence contribution scores profile	bigWig	ChIP-seq	MAX	H1	cell-line	cell-line	cell-line	none	profile	passed
ENCFF902GCN	ENCFF902GCN	ENCSR000BSH	ENCSR944KJS	BPNet	sequence contribution scores profile	bigWig	ChIP-seq	MAX	HCT116	cell-line	cell-line	cell-line	none	profile	passed
ENCFF470YKQ	ENCFF470YKQ	ENCSR000ECN	ENCSR524JTY	BPNet	sequence contribution scores profile	bigWig	ChIP-seq	MAX	HeLa-S3	cell-line	cell-line	cell-line	none	profile	passed
ENCFF587IMR	ENCFF587IMR	ENCSR000EZF	ENCSR575CEK	BPNet	sequence contribution scores profile	bigWig	ChIP-seq	MAX	HeLa-S3	cell-line	cell-line	cell-line	none	profile	passed
ENCFF079XKG	ENCFF079XKG	ENCSR168DYA	ENCSR173YVF	BPNet	sequence contribution scores profile	bigWig	ChIP-seq	MAX	HepG2	cell-line	cell-line	cell-line	none	profile	passed
ENCFF168FBI	ENCFF168FBI	ENCSR000EDS	ENCSR086FPA	BPNet	sequence contribution scores profile	bigWig	ChIP-seq	MAX	HepG2	cell-line	cell-line	cell-line	none	profile	passed
ENCFF532QCG	ENCFF532QCG	ENCSR000BTM	ENCSR625YWT	BPNet	sequence contribution scores profile	bigWig	ChIP-seq	MAX	HepG2	cell-line	cell-line	cell-line	none	profile	passed
ENCFF628QCT	ENCFF628QCT	ENCSR000BTY	ENCSR419SPJ	BPNet	sequence contribution scores profile	bigWig	ChIP-seq	MAX	Ishikawa	cell-line	cell-line	cell-line	none	profile	passed
ENCFF014YKD	ENCFF014YKD	ENCSR000FAE	ENCSR445ZHD	BPNet	sequence contribution scores profile	bigWig	ChIP-seq	MAX	K562	cell-line	cell-line	cell-line	none	profile	passed
ENCFF082RPJ	ENCFF082RPJ	ENCSR000BLP	ENCSR327GNG	BPNet	sequence contribution scores profile	bigWig	ChIP-seq	MAX	K562	cell-line	cell-line	cell-line	none	profile	passed
ENCFF845UUP	ENCFF845UUP	ENCSR000EFV	ENCSR098FIX	BPNet	sequence contribution scores profile	bigWig	ChIP-seq	MAX	K562	cell-line	cell-line	cell-line	none	profile	passed
ENCFF902HQL	ENCFF902HQL	ENCSR158LJN	ENCSR742NEE	BPNet	sequence contribution scores profile	bigWig	ChIP-seq	MAX	K562	cell-line	cell-line	cell-line	none	profile	passed
ENCFF984SCK	ENCFF984SCK	ENCSR000BUL	ENCSR259ENO	BPNet	sequence contribution scores profile	bigWig	ChIP-seq	MAX	MCF-7	cell-line	cell-line	cell-line	none	profile	passed
ENCFF252EUV	ENCFF252EUV	ENCSR000EHS	ENCSR809RVJ	BPNet	sequence contribution scores profile	bigWig	ChIP-seq	MAX	NB4	cell-line	cell-line	cell-line	none	profile	passed
ENCFF297GSO	ENCFF297GSO	ENCSR000BVD	ENCSR058ERJ	BPNet	sequence contribution scores profile	bigWig	ChIP-seq	MAX	SK-N-SH	cell-line	cell-line	cell-line	none	profile	passed
ENCFF524BBE	ENCFF524BBE	ENCSR349FYX	ENCSR232HJN	BPNet	sequence contribution scores profile	bigWig	ChIP-seq	MAX	WTC11	cell-line	cell-line	cell-line	none	profile	passed
ENCFF604YHD	ENCFF604YHD	ENCSR000EEZ	ENCSR180XFU	BPNet	sequence contribution scores profile	bigWig	ChIP-seq	MAX	endothelial-cell-of-umbilical-vein	endothelial	blood-vessel	circulatory-system	none	profile	passed
ENCFF190YOE	ENCFF190YOE	ENCSR521IID	ENCSR114XLN	BPNet	sequence contribution scores profile	bigWig	ChIP-seq	MAX	liver	liver	liver	digestive-system	none	profile	passed
ENCFF901ZHJ	ENCFF901ZHJ	ENCSR847DIT	ENCSR950MFN	BPNet	sequence contribution scores profile	bigWig	ChIP-seq	MAX	liver	liver	liver	digestive-system	none	profile	passed
ENCFF076ROD	ENCFF076ROD	ENCSR636YLV	ENCSR118TTR	BPNet	sequence contribution scores profile	bigWig	ChIP-seq	MAZ	A549	cell-line	cell-line	cell-line	none	profile	passed
ENCFF519VSX	ENCFF519VSX	ENCSR000DZA	ENCSR461ZEC	BPNet	sequence contribution scores profile	bigWig	ChIP-seq	MAZ	GM12878	cell-line	cell-line	cell-line	none	profile	passed
ENCFF548KWU	ENCFF548KWU	ENCSR903MVU	ENCSR335TIH	BPNet	sequence contribution scores profile	bigWig	ChIP-seq	MAZ	GM12878	cell-line	cell-line	cell-line	none	profile	passed
ENCFF190GMH	ENCFF190GMH	ENCSR290SSQ	ENCSR821GPM	BPNet	sequence contribution scores profile	bigWig	ChIP-seq	MAZ	HEK293	cell-line	cell-line	cell-line	none	profile	passed
ENCFF254PGR	ENCFF254PGR	ENCSR000ECL	ENCSR868PEZ	BPNet	sequence contribution scores profile	bigWig	ChIP-seq	MAZ	HeLa-S3	cell-line	cell-line	cell-line	none	profile	passed
ENCFF798TDE	ENCFF798TDE	ENCSR700PNE	ENCSR898PVS	BPNet	sequence contribution scores profile	bigWig	ChIP-seq	MAZ	HepG2	cell-line	cell-line	cell-line	none	profile	passed
ENCFF935HKB	ENCFF935HKB	ENCSR000EDN	ENCSR364YEH	BPNet	sequence contribution scores profile	bigWig	ChIP-seq	MAZ	HepG2	cell-line	cell-line	cell-line	none	profile	passed
ENCFF146PJD	ENCFF146PJD	ENCSR000EFF	ENCSR982VJO	BPNet	sequence contribution scores profile	bigWig	ChIP-seq	MAZ	IMR-90	cell-line	cell-line	cell-line	none	profile	passed
ENCFF026ZVW	ENCFF026ZVW	ENCSR643JRH	ENCSR098VYP	BPNet	sequence contribution scores profile	bigWig	ChIP-seq	MAZ	K562	cell-line	cell-line	cell-line	none	profile	passed
ENCFF715BYE	ENCFF715BYE	ENCSR000EFX	ENCSR535NQC	BPNet	sequence contribution scores profile	bigWig	ChIP-seq	MAZ	K562	cell-line	cell-line	cell-line	none	profile	passed
ENCFF947UTT	ENCFF947UTT	ENCSR163IUV	ENCSR499PPK	BPNet	sequence contribution scores profile	bigWig	ChIP-seq	MAZ	K562	cell-line	cell-line	cell-line	none	profile	passed
ENCFF685NED	ENCFF685NED	ENCSR288IJC	ENCSR249QEG	BPNet	sequence contribution scores profile	bigWig	ChIP-seq	MAZ	MCF-7	cell-line	cell-line	cell-line	none	profile	passed
ENCFF687RJR	ENCFF687RJR	ENCSR260UJI	ENCSR735EUV	BPNet	sequence contribution scores profile	bigWig	ChIP-seq	MBD1	HepG2	cell-line	cell-line	cell-line	none	profile	passed
ENCFF743GWD	ENCFF743GWD	ENCSR396QWK	ENCSR664JFH	BPNet	sequence contribution scores profile	bigWig	ChIP-seq	MBD1	HepG2	cell-line	cell-line	cell-line	none	profile	passed
ENCFF221FQK	ENCFF221FQK	ENCSR158BGH	ENCSR613UNL	BPNet	sequence contribution scores profile	bigWig	ChIP-seq	MBD1	K562	cell-line	cell-line	cell-line	none	profile	passed
ENCFF010WVV	ENCFF010WVV	ENCSR000BKB	ENCSR275MUR	BPNet	sequence contribution scores profile	bigWig	ChIP-seq	MEF2A	GM12878	cell-line	cell-line	cell-line	none	profile	passed
ENCFF212PRG	ENCFF212PRG	ENCSR000BNV	ENCSR334ZYL	BPNet	sequence contribution scores profile	bigWig	ChIP-seq	MEF2A	K562	cell-line	cell-line	cell-line	none	profile	passed
ENCFF130OYV	ENCFF130OYV	ENCSR000BVC	ENCSR697PQB	BPNet	sequence contribution scores profile	bigWig	ChIP-seq	MEF2A	SK-N-SH	cell-line	cell-line	cell-line	none	profile	passed
ENCFF479ZXY	ENCFF479ZXY	ENCSR177VFS	ENCSR970WDM	BPNet	sequence contribution scores profile	bigWig	ChIP-seq	MEF2B	GM12878	cell-line	cell-line	cell-line	none	profile	passed
ENCFF152WMD	ENCFF152WMD	ENCSR000BNG	ENCSR020NVK	BPNet	sequence contribution scores profile	bigWig	ChIP-seq	MEF2C	GM12878	cell-line	cell-line	cell-line	none	profile	passed
ENCFF724QNT	ENCFF724QNT	ENCSR923MOO	ENCSR230CCY	BPNet	sequence contribution scores profile	bigWig	ChIP-seq	MEF2D	HepG2	cell-line	cell-line	cell-line	none	profile	passed
ENCFF799ASX	ENCFF799ASX	ENCSR647ZXA	ENCSR388OSJ	BPNet	sequence contribution scores profile	bigWig	ChIP-seq	MEF2D	K562	cell-line	cell-line	cell-line	none	profile	passed
ENCFF122YEN	ENCFF122YEN	ENCSR186JMM	ENCSR961ONW	BPNet	sequence contribution scores profile	bigWig	ChIP-seq	MEIS1	HEK293	cell-line	cell-line	cell-line	none	profile	passed
ENCFF133YEF	ENCFF133YEF	ENCSR695WOH	ENCSR308XUJ	BPNet	sequence contribution scores profile	bigWig	ChIP-seq	MEIS1	HepG2	cell-line	cell-line	cell-line	none	profile	passed
ENCFF599XIE	ENCFF599XIE	ENCSR830LDY	ENCSR181VDR	BPNet	sequence contribution scores profile	bigWig	ChIP-seq	MEIS2	HepG2	cell-line	cell-line	cell-line	none	profile	passed
ENCFF715OSR	ENCFF715OSR	ENCSR851BNE	ENCSR603QNK	BPNet	sequence contribution scores profile	bigWig	ChIP-seq	MEIS2	K562	cell-line	cell-line	cell-line	none	profile	passed
ENCFF859YOV	ENCFF859YOV	ENCSR912NEF	ENCSR230PRA	BPNet	sequence contribution scores profile	bigWig	ChIP-seq	MGA	HepG2	cell-line	cell-line	cell-line	none	profile	passed
ENCFF878KCY	ENCFF878KCY	ENCSR710WLO	ENCSR460CBW	BPNet	sequence contribution scores profile	bigWig	ChIP-seq	MGA	K562	cell-line	cell-line	cell-line	none	profile	passed
ENCFF234USP	ENCFF234USP	ENCSR000FCB	ENCSR286KMC	BPNet	sequence contribution scores profile	bigWig	ChIP-seq	MITF	K562	cell-line	cell-line	cell-line	none	profile	passed
ENCFF364VFL	ENCFF364VFL	ENCSR797SWM	ENCSR551LHV	BPNet	sequence contribution scores profile	bigWig	ChIP-seq	MITF	K562	cell-line	cell-line	cell-line	none	profile	passed
ENCFF929HIA	ENCFF929HIA	ENCSR966PJY	ENCSR799OQI	BPNet	sequence contribution scores profile	bigWig	ChIP-seq	MIXL1	HepG2	cell-line	cell-line	cell-line	none	profile	passed
ENCFF226TVY	ENCFF226TVY	ENCSR125DAD	ENCSR141QPF	BPNet	sequence contribution scores profile	bigWig	ChIP-seq	MLX	HepG2	cell-line	cell-line	cell-line	none	profile	passed
ENCFF835IQP	ENCFF835IQP	ENCSR802UCW	ENCSR042HWF	BPNet	sequence contribution scores profile	bigWig	ChIP-seq	MLXIP	HepG2	cell-line	cell-line	cell-line	none	profile	passed
ENCFF722LYF	ENCFF722LYF	ENCSR730TBC	ENCSR981BLG	BPNet	sequence contribution scores profile	bigWig	ChIP-seq	MNT	HepG2	cell-line	cell-line	cell-line	none	profile	passed
ENCFF734DNC	ENCFF734DNC	ENCSR261EDU	ENCSR165AJR	BPNet	sequence contribution scores profile	bigWig	ChIP-seq	MNT	HepG2	cell-line	cell-line	cell-line	none	profile	passed
ENCFF010AFF	ENCFF010AFF	ENCSR512NLO	ENCSR320KQY	BPNet	sequence contribution scores profile	bigWig	ChIP-seq	MNT	K562	cell-line	cell-line	cell-line	none	profile	passed
ENCFF417TSU	ENCFF417TSU	ENCSR390VGH	ENCSR702FUG	BPNet	sequence contribution scores profile	bigWig	ChIP-seq	MNT	K562	cell-line	cell-line	cell-line	none	profile	passed
ENCFF833JAT	ENCFF833JAT	ENCSR979QYJ	ENCSR796WXI	BPNet	sequence contribution scores profile	bigWig	ChIP-seq	MNT	K562	cell-line	cell-line	cell-line	none	profile	passed
ENCFF379VAO	ENCFF379VAO	ENCSR663ZZZ	ENCSR942KSS	BPNet	sequence contribution scores profile	bigWig	ChIP-seq	MNT	MCF-7	cell-line	cell-line	cell-line	none	profile	passed
ENCFF999KAS	ENCFF999KAS	ENCSR194NVP	ENCSR754RTF	BPNet	sequence contribution scores profile	bigWig	ChIP-seq	MTF1	HepG2	cell-line	cell-line	cell-line	none	profile	passed
ENCFF700DHM	ENCFF700DHM	ENCSR000DZI	ENCSR363LRQ	BPNet	sequence contribution scores profile	bigWig	ChIP-seq	MXI1	GM12878	cell-line	cell-line	cell-line	none	profile	passed
ENCFF628FVH	ENCFF628FVH	ENCSR000EBR	ENCSR404AIR	BPNet	sequence contribution scores profile	bigWig	ChIP-seq	MXI1	H1	cell-line	cell-line	cell-line	none	profile	passed
ENCFF735GHC	ENCFF735GHC	ENCSR000ECU	ENCSR362OIW	BPNet	sequence contribution scores profile	bigWig	ChIP-seq	MXI1	HeLa-S3	cell-line	cell-line	cell-line	none	profile	passed
ENCFF556CCG	ENCFF556CCG	ENCSR000EDU	ENCSR207EEE	BPNet	sequence contribution scores profile	bigWig	ChIP-seq	MXI1	HepG2	cell-line	cell-line	cell-line	none	profile	passed
ENCFF035RWV	ENCFF035RWV	ENCSR000EFE	ENCSR450MOL	BPNet	sequence contribution scores profile	bigWig	ChIP-seq	MXI1	IMR-90	cell-line	cell-line	cell-line	none	profile	passed
ENCFF472RQW	ENCFF472RQW	ENCSR000EGZ	ENCSR574SIH	BPNet	sequence contribution scores profile	bigWig	ChIP-seq	MXI1	K562	cell-line	cell-line	cell-line	none	profile	passed
ENCFF369FRS	ENCFF369FRS	ENCSR000EIA	ENCSR486KID	BPNet	sequence contribution scores profile	bigWig	ChIP-seq	MXI1	SK-N-SH	cell-line	cell-line	cell-line	none	profile	passed
ENCFF576YZZ	ENCFF576YZZ	ENCSR934NHU	ENCSR563HKR	BPNet	sequence contribution scores profile	bigWig	ChIP-seq	MXI1	neural-cell	neural	nerve	central-nervous-system	none	profile	passed
ENCFF371UYN	ENCFF371UYN	ENCSR000BRO	ENCSR719FRN	BPNet	sequence contribution scores profile	bigWig	ChIP-seq	MYBL2	HepG2	cell-line	cell-line	cell-line	none	profile	passed
ENCFF671MBF	ENCFF671MBF	ENCSR581KCO	ENCSR028NEG	BPNet	sequence contribution scores profile	bigWig	ChIP-seq	MYBL2	HepG2	cell-line	cell-line	cell-line	none	profile	passed
ENCFF975XML	ENCFF975XML	ENCSR162IEM	ENCSR205DJP	BPNet	sequence contribution scores profile	bigWig	ChIP-seq	MYBL2	K562	cell-line	cell-line	cell-line	none	profile	passed
ENCFF482CCV	ENCFF482CCV	ENCSR000DYC	ENCSR488KUW	BPNet	sequence contribution scores profile	bigWig	ChIP-seq	MYC	A549	cell-line	cell-line	cell-line	none	profile	passed
ENCFF807YIR	ENCFF807YIR	ENCSR000EBY	ENCSR659ZTN	BPNet	sequence contribution scores profile	bigWig	ChIP-seq	MYC	H1	cell-line	cell-line	cell-line	none	profile	passed
ENCFF694ICT	ENCFF694ICT	ENCSR000EZD	ENCSR786SZX	BPNet	sequence contribution scores profile	bigWig	ChIP-seq	MYC	HeLa-S3	cell-line	cell-line	cell-line	none	profile	passed
ENCFF304FXP	ENCFF304FXP	ENCSR784BVD	ENCSR255YZO	BPNet	sequence contribution scores profile	bigWig	ChIP-seq	MYC	HepG2	cell-line	cell-line	cell-line	none	profile	passed
ENCFF187VRN	ENCFF187VRN	ENCSR000EGJ	ENCSR391PGO	BPNet	sequence contribution scores profile	bigWig	ChIP-seq	MYC	K562	cell-line	cell-line	cell-line	none	profile	passed
ENCFF315ZSV	ENCFF315ZSV	ENCSR744JJU	ENCSR475EUF	BPNet	sequence contribution scores profile	bigWig	ChIP-seq	MYC	K562	cell-line	cell-line	cell-line	none	profile	passed
ENCFF482QWX	ENCFF482QWX	ENCSR000FAG	ENCSR698FPV	BPNet	sequence contribution scores profile	bigWig	ChIP-seq	MYC	K562	cell-line	cell-line	cell-line	none	profile	passed
ENCFF505GKG	ENCFF505GKG	ENCSR000EGS	ENCSR874LMM	BPNet	sequence contribution scores profile	bigWig	ChIP-seq	MYC	K562	cell-line	cell-line	cell-line	none	profile	passed
ENCFF596MPI	ENCFF596MPI	ENCSR000DLZ	ENCSR490UCL	BPNet	sequence contribution scores profile	bigWig	ChIP-seq	MYC	K562	cell-line	cell-line	cell-line	none	profile	passed
ENCFF727NEZ	ENCFF727NEZ	ENCSR000FAZ	ENCSR232ZNL	BPNet	sequence contribution scores profile	bigWig	ChIP-seq	MYC	K562	cell-line	cell-line	cell-line	none	profile	passed
ENCFF848GBI	ENCFF848GBI	ENCSR000EZU	ENCSR073AVM	BPNet	sequence contribution scores profile	bigWig	ChIP-seq	MYC	K562	cell-line	cell-line	cell-line	none	profile	passed
ENCFF986JKT	ENCFF986JKT	ENCSR000EZV	ENCSR137NGE	BPNet	sequence contribution scores profile	bigWig	ChIP-seq	MYC	K562	cell-line	cell-line	cell-line	none	profile	passed
ENCFF158WXH	ENCFF158WXH	ENCSR000DOS	ENCSR918OTZ	BPNet	sequence contribution scores profile	bigWig	ChIP-seq	MYC	MCF-10A	cell-line	cell-line	cell-line	none	profile	passed
ENCFF512HHG	ENCFF512HHG	ENCSR000DOM	ENCSR079MXR	BPNet	sequence contribution scores profile	bigWig	ChIP-seq	MYC	MCF-10A	cell-line	cell-line	cell-line	none	profile	passed
ENCFF410NXH	ENCFF410NXH	ENCSR000DMQ	ENCSR510MGV	BPNet	sequence contribution scores profile	bigWig	ChIP-seq	MYC	MCF-7	cell-line	cell-line	cell-line	none	profile	passed
ENCFF480KRW	ENCFF480KRW	ENCSR000DMJ	ENCSR842YFB	BPNet	sequence contribution scores profile	bigWig	ChIP-seq	MYC	MCF-7	cell-line	cell-line	cell-line	none	profile	passed
ENCFF640ULS	ENCFF640ULS	ENCSR000DMP	ENCSR289YVT	BPNet	sequence contribution scores profile	bigWig	ChIP-seq	MYC	MCF-7	cell-line	cell-line	cell-line	none	profile	passed
ENCFF729EEL	ENCFF729EEL	ENCSR000DMM	ENCSR486QYR	BPNet	sequence contribution scores profile	bigWig	ChIP-seq	MYC	MCF-7	cell-line	cell-line	cell-line	none	profile	passed
ENCFF006FDQ	ENCFF006FDQ	ENCSR000EHR	ENCSR864IWY	BPNet	sequence contribution scores profile	bigWig	ChIP-seq	MYC	NB4	cell-line	cell-line	cell-line	none	profile	passed
ENCFF948IKZ	ENCFF948IKZ	ENCSR707BNG	ENCSR948VXG	BPNet	sequence contribution scores profile	bigWig	ChIP-seq	MYNN	HEK293	cell-line	cell-line	cell-line	none	profile	passed
ENCFF192SIX	ENCFF192SIX	ENCSR737LTZ	ENCSR073PHB	BPNet	sequence contribution scores profile	bigWig	ChIP-seq	MYNN	K562	cell-line	cell-line	cell-line	none	profile	passed
ENCFF389UDO	ENCFF389UDO	ENCSR992KLV	ENCSR395MQN	BPNet	sequence contribution scores profile	bigWig	ChIP-seq	MYNN	K562	cell-line	cell-line	cell-line	none	profile	passed
ENCFF442GES	ENCFF442GES	ENCSR056SXR	ENCSR326TEK	BPNet	sequence contribution scores profile	bigWig	ChIP-seq	MYPOP	HepG2	cell-line	cell-line	cell-line	none	profile	passed
ENCFF504MIC	ENCFF504MIC	ENCSR298QUH	ENCSR570SUC	BPNet	sequence contribution scores profile	bigWig	ChIP-seq	MZF1	HEK293	cell-line	cell-line	cell-line	none	profile	passed
ENCFF892YXF	ENCFF892YXF	ENCSR545ADB	ENCSR998XFJ	BPNet	sequence contribution scores profile	bigWig	ChIP-seq	NACC2	HepG2	cell-line	cell-line	cell-line	none	profile	passed
ENCFF101PQB	ENCFF101PQB	ENCSR061DGF	ENCSR570MMB	BPNet	sequence contribution scores profile	bigWig	ChIP-seq	NANOG	GM23338	cell-line	cell-line	cell-line	none	profile	passed
ENCFF254YEA	ENCFF254YEA	ENCSR000BQL	ENCSR855QIU	BPNet	sequence contribution scores profile	bigWig	ChIP-seq	NFATC1	GM12878	cell-line	cell-line	cell-line	none	profile	passed
ENCFF561SFL	ENCFF561SFL	ENCSR437GBJ	ENCSR764UVH	BPNet	sequence contribution scores profile	bigWig	ChIP-seq	NFATC3	GM12878	cell-line	cell-line	cell-line	none	profile	passed
ENCFF449RNJ	ENCFF449RNJ	ENCSR670FDA	ENCSR051TQJ	BPNet	sequence contribution scores profile	bigWig	ChIP-seq	NFATC3	K562	cell-line	cell-line	cell-line	none	profile	passed
ENCFF502TXM	ENCFF502TXM	ENCSR983FBD	ENCSR016LTD	BPNet	sequence contribution scores profile	bigWig	ChIP-seq	NFE2	HepG2	cell-line	cell-line	cell-line	none	profile	passed
ENCFF070XUZ	ENCFF070XUZ	ENCSR552YGL	ENCSR714BAN	BPNet	sequence contribution scores profile	bigWig	ChIP-seq	NFE2	K562	cell-line	cell-line	cell-line	none	profile	passed
ENCFF470HKC	ENCFF470HKC	ENCSR000FAF	ENCSR833AMA	BPNet	sequence contribution scores profile	bigWig	ChIP-seq	NFE2	K562	cell-line	cell-line	cell-line	none	profile	passed
ENCFF759NOX	ENCFF759NOX	ENCSR000FCC	ENCSR620LZN	BPNet	sequence contribution scores profile	bigWig	ChIP-seq	NFE2	K562	cell-line	cell-line	cell-line	none	profile	passed
ENCFF732ILE	ENCFF732ILE	ENCSR584GHV	ENCSR834TYB	BPNet	sequence contribution scores profile	bigWig	ChIP-seq	NFE2L2	A549	cell-line	cell-line	cell-line	none	profile	passed
ENCFF508REN	ENCFF508REN	ENCSR707IUN	ENCSR143VJB	BPNet	sequence contribution scores profile	bigWig	ChIP-seq	NFE2L2	HeLa-S3	cell-line	cell-line	cell-line	none	profile	passed
ENCFF753BBS	ENCFF753BBS	ENCSR488EES	ENCSR301SDD	BPNet	sequence contribution scores profile	bigWig	ChIP-seq	NFE2L2	HepG2	cell-line	cell-line	cell-line	none	profile	passed
ENCFF631SEE	ENCFF631SEE	ENCSR197WGI	ENCSR719DDK	BPNet	sequence contribution scores profile	bigWig	ChIP-seq	NFE2L2	IMR-90	cell-line	cell-line	cell-line	none	profile	passed
ENCFF678XCW	ENCFF678XCW	ENCSR226QQM	ENCSR930KVA	BPNet	sequence contribution scores profile	bigWig	ChIP-seq	NFIA	HepG2	cell-line	cell-line	cell-line	none	profile	passed
ENCFF413YXL	ENCFF413YXL	ENCSR414WBQ	ENCSR279NFG	BPNet	sequence contribution scores profile	bigWig	ChIP-seq	NFIB	HepG2	cell-line	cell-line	cell-line	none	profile	passed
ENCFF454WEK	ENCFF454WEK	ENCSR702BYX	ENCSR903JQN	BPNet	sequence contribution scores profile	bigWig	ChIP-seq	NFIB	MCF-7	cell-line	cell-line	cell-line	none	profile	passed
ENCFF869RCR	ENCFF869RCR	ENCSR582ZOA	ENCSR705OPV	BPNet	sequence contribution scores profile	bigWig	ChIP-seq	NFIB	MCF-7	cell-line	cell-line	cell-line	none	profile	passed
ENCFF471FYF	ENCFF471FYF	ENCSR000BRN	ENCSR370SAQ	BPNet	sequence contribution scores profile	bigWig	ChIP-seq	NFIC	GM12878	cell-line	cell-line	cell-line	none	profile	passed
ENCFF620AIZ	ENCFF620AIZ	ENCSR000BQX	ENCSR448HYK	BPNet	sequence contribution scores profile	bigWig	ChIP-seq	NFIC	HepG2	cell-line	cell-line	cell-line	none	profile	passed
ENCFF508KKK	ENCFF508KKK	ENCSR000BUT	ENCSR178HFG	BPNet	sequence contribution scores profile	bigWig	ChIP-seq	NFIC	Ishikawa	cell-line	cell-line	cell-line	none	profile	passed
ENCFF946MWS	ENCFF946MWS	ENCSR796ITY	ENCSR829TWW	BPNet	sequence contribution scores profile	bigWig	ChIP-seq	NFIC	K562	cell-line	cell-line	cell-line	none	profile	passed
ENCFF715QDY	ENCFF715QDY	ENCSR000BSV	ENCSR975ZPP	BPNet	sequence contribution scores profile	bigWig	ChIP-seq	NFIC	SK-N-SH	cell-line	cell-line	cell-line	none	profile	passed
ENCFF715HMN	ENCFF715HMN	ENCSR201GGK	ENCSR264TFB	BPNet	sequence contribution scores profile	bigWig	ChIP-seq	NFIL3	HepG2	cell-line	cell-line	cell-line	none	profile	passed
ENCFF421VBK	ENCFF421VBK	ENCSR574VJG	ENCSR049VIS	BPNet	sequence contribution scores profile	bigWig	ChIP-seq	NFIX	K562	cell-line	cell-line	cell-line	none	profile	passed
ENCFF865XAH	ENCFF865XAH	ENCSR000DNN	ENCSR941VQC	BPNet	sequence contribution scores profile	bigWig	ChIP-seq	NFYA	GM12878	cell-line	cell-line	cell-line	none	profile	passed
ENCFF180JSQ	ENCFF180JSQ	ENCSR000DNS	ENCSR043YIY	BPNet	sequence contribution scores profile	bigWig	ChIP-seq	NFYA	HeLa-S3	cell-line	cell-line	cell-line	none	profile	passed
ENCFF527EAP	ENCFF527EAP	ENCSR124APT	ENCSR871HZE	BPNet	sequence contribution scores profile	bigWig	ChIP-seq	NFYA	HepG2	cell-line	cell-line	cell-line	none	profile	passed
ENCFF971HZS	ENCFF971HZS	ENCSR163VTS	ENCSR549HCY	BPNet	sequence contribution scores profile	bigWig	ChIP-seq	NFYA	K562	cell-line	cell-line	cell-line	none	profile	passed
ENCFF977AZS	ENCFF977AZS	ENCSR000EGR	ENCSR130BYS	BPNet	sequence contribution scores profile	bigWig	ChIP-seq	NFYA	K562	cell-line	cell-line	cell-line	none	profile	passed
ENCFF442OHK	ENCFF442OHK	ENCSR000DNM	ENCSR769ACL	BPNet	sequence contribution scores profile	bigWig	ChIP-seq	NFYB	GM12878	cell-line	cell-line	cell-line	none	profile	passed
ENCFF509CLG	ENCFF509CLG	ENCSR000DNR	ENCSR129DJF	BPNet	sequence contribution scores profile	bigWig	ChIP-seq	NFYB	HeLa-S3	cell-line	cell-line	cell-line	none	profile	passed
ENCFF386JVK	ENCFF386JVK	ENCSR935GZV	ENCSR317XKM	BPNet	sequence contribution scores profile	bigWig	ChIP-seq	NFYB	HepG2	cell-line	cell-line	cell-line	none	profile	passed
ENCFF196NOH	ENCFF196NOH	ENCSR000EGQ	ENCSR821CQP	BPNet	sequence contribution scores profile	bigWig	ChIP-seq	NFYB	K562	cell-line	cell-line	cell-line	none	profile	passed
ENCFF128ZAJ	ENCFF128ZAJ	ENCSR146UIC	ENCSR619ZLZ	BPNet	sequence contribution scores profile	bigWig	ChIP-seq	NFYB	WTC11	cell-line	cell-line	cell-line	none	profile	passed
ENCFF867SVD	ENCFF867SVD	ENCSR569ARC	ENCSR683SPA	BPNet	sequence contribution scores profile	bigWig	ChIP-seq	NFYC	HepG2	cell-line	cell-line	cell-line	none	profile	passed
ENCFF511YTY	ENCFF511YTY	ENCSR784VIQ	ENCSR989CSU	BPNet	sequence contribution scores profile	bigWig	ChIP-seq	NR2C1	GM12878	cell-line	cell-line	cell-line	none	profile	passed
ENCFF078YKN	ENCFF078YKN	ENCSR178DEG	ENCSR071NXN	BPNet	sequence contribution scores profile	bigWig	ChIP-seq	NR2C1	K562	cell-line	cell-line	cell-line	none	profile	passed
ENCFF789FUI	ENCFF789FUI	ENCSR742IDN	ENCSR234QDQ	BPNet	sequence contribution scores profile	bigWig	ChIP-seq	NR2C1	K562	cell-line	cell-line	cell-line	none	profile	passed
ENCFF636MID	ENCFF636MID	ENCSR000EUL	ENCSR254CFS	BPNet	sequence contribution scores profile	bigWig	ChIP-seq	NR2C2	GM12878	cell-line	cell-line	cell-line	none	profile	passed
ENCFF292UXV	ENCFF292UXV	ENCSR000EVN	ENCSR085ZRK	BPNet	sequence contribution scores profile	bigWig	ChIP-seq	NR2C2	HeLa-S3	cell-line	cell-line	cell-line	none	profile	passed
ENCFF089QIM	ENCFF089QIM	ENCSR000EVS	ENCSR258XPK	BPNet	sequence contribution scores profile	bigWig	ChIP-seq	NR2C2	HepG2	cell-line	cell-line	cell-line	none	profile	passed
ENCFF266BLV	ENCFF266BLV	ENCSR559ZKI	ENCSR820PTP	BPNet	sequence contribution scores profile	bigWig	ChIP-seq	NR2C2	HepG2	cell-line	cell-line	cell-line	none	profile	passed
ENCFF309YAC	ENCFF309YAC	ENCSR750LYM	ENCSR424KNM	BPNet	sequence contribution scores profile	bigWig	ChIP-seq	NR2C2	K562	cell-line	cell-line	cell-line	none	profile	passed
ENCFF840MPW	ENCFF840MPW	ENCSR516SWI	ENCSR092JCQ	BPNet	sequence contribution scores profile	bigWig	ChIP-seq	NR2C2	K562	cell-line	cell-line	cell-line	none	profile	passed
ENCFF986PDC	ENCFF986PDC	ENCSR454GVT	ENCSR457LIE	BPNet	sequence contribution scores profile	bigWig	ChIP-seq	NR2C2	WTC11	cell-line	cell-line	cell-line	none	profile	passed
ENCFF693PZS	ENCFF693PZS	ENCSR514VYD	ENCSR861AYR	BPNet	sequence contribution scores profile	bigWig	ChIP-seq	NR2F1	GM12878	cell-line	cell-line	cell-line	none	profile	passed
ENCFF328GUL	ENCFF328GUL	ENCSR662EOU	ENCSR124SSR	BPNet	sequence contribution scores profile	bigWig	ChIP-seq	NR2F1	HepG2	cell-line	cell-line	cell-line	none	profile	passed
ENCFF870IHS	ENCFF870IHS	ENCSR136OFY	ENCSR591QMC	BPNet	sequence contribution scores profile	bigWig	ChIP-seq	NR2F1	HepG2	cell-line	cell-line	cell-line	none	profile	passed
ENCFF580UZY	ENCFF580UZY	ENCSR970NKQ	ENCSR871YCI	BPNet	sequence contribution scores profile	bigWig	ChIP-seq	NR2F1	K562	cell-line	cell-line	cell-line	none	profile	passed
ENCFF048DWS	ENCFF048DWS	ENCSR000BVM	ENCSR332AIQ	BPNet	sequence contribution scores profile	bigWig	ChIP-seq	NR2F2	HepG2	cell-line	cell-line	cell-line	none	profile	passed
ENCFF373ALT	ENCFF373ALT	ENCSR000BRS	ENCSR713NVW	BPNet	sequence contribution scores profile	bigWig	ChIP-seq	NR2F2	K562	cell-line	cell-line	cell-line	none	profile	passed
ENCFF504DLX	ENCFF504DLX	ENCSR000BUY	ENCSR883SOG	BPNet	sequence contribution scores profile	bigWig	ChIP-seq	NR2F2	MCF-7	cell-line	cell-line	cell-line	none	profile	passed
ENCFF615UHQ	ENCFF615UHQ	ENCSR168SMX	ENCSR457NZG	BPNet	sequence contribution scores profile	bigWig	ChIP-seq	NR2F2	liver	liver	liver	digestive-system	none	profile	passed
ENCFF652EKB	ENCFF652EKB	ENCSR338MMB	ENCSR168OJP	BPNet	sequence contribution scores profile	bigWig	ChIP-seq	NR2F2	liver	liver	liver	digestive-system	none	profile	passed
ENCFF780INT	ENCFF780INT	ENCSR798IJO	ENCSR390ZVY	BPNet	sequence contribution scores profile	bigWig	ChIP-seq	NR2F6	HepG2	cell-line	cell-line	cell-line	none	profile	passed
ENCFF946HRV	ENCFF946HRV	ENCSR518WPL	ENCSR759JDH	BPNet	sequence contribution scores profile	bigWig	ChIP-seq	NR2F6	HepG2	cell-line	cell-line	cell-line	none	profile	passed
ENCFF157VSW	ENCFF157VSW	ENCSR087TYG	ENCSR168LQY	BPNet	sequence contribution scores profile	bigWig	ChIP-seq	NR2F6	K562	cell-line	cell-line	cell-line	none	profile	passed
ENCFF477WOZ	ENCFF477WOZ	ENCSR707QWA	ENCSR190HFL	BPNet	sequence contribution scores profile	bigWig	ChIP-seq	NR2F6	K562	cell-line	cell-line	cell-line	none	profile	passed
ENCFF246VWW	ENCFF246VWW	ENCSR919OXR	ENCSR171TAJ	BPNet	sequence contribution scores profile	bigWig	ChIP-seq	NR3C1	A549	cell-line	cell-line	cell-line	none	profile	passed
ENCFF250MVT	ENCFF250MVT	ENCSR471EKW	ENCSR885SKN	BPNet	sequence contribution scores profile	bigWig	ChIP-seq	NR3C1	A549	cell-line	cell-line	cell-line	none	profile	passed
ENCFF284HXL	ENCFF284HXL	ENCSR660RYY	ENCSR567LVX	BPNet	sequence contribution scores profile	bigWig	ChIP-seq	NR3C1	A549	cell-line	cell-line	cell-line	none	profile	passed
ENCFF285IAK	ENCFF285IAK	ENCSR908AOO	ENCSR538QXL	BPNet	sequence contribution scores profile	bigWig	ChIP-seq	NR3C1	A549	cell-line	cell-line	cell-line	none	profile	passed
ENCFF337KHW	ENCFF337KHW	ENCSR385RUW	ENCSR882RIC	BPNet	sequence contribution scores profile	bigWig	ChIP-seq	NR3C1	A549	cell-line	cell-line	cell-line	none	profile	passed
ENCFF373WAD	ENCFF373WAD	ENCSR773NQB	ENCSR865TVN	BPNet	sequence contribution scores profile	bigWig	ChIP-seq	NR3C1	A549	cell-line	cell-line	cell-line	none	profile	passed
ENCFF392MYA	ENCFF392MYA	ENCSR070VXO	ENCSR368FNT	BPNet	sequence contribution scores profile	bigWig	ChIP-seq	NR3C1	A549	cell-line	cell-line	cell-line	none	profile	passed
ENCFF399JNG	ENCFF399JNG	ENCSR255CTA	ENCSR306DVJ	BPNet	sequence contribution scores profile	bigWig	ChIP-seq	NR3C1	A549	cell-line	cell-line	cell-line	none	profile	passed
ENCFF471UOO	ENCFF471UOO	ENCSR686PFM	ENCSR200MKB	BPNet	sequence contribution scores profile	bigWig	ChIP-seq	NR3C1	A549	cell-line	cell-line	cell-line	none	profile	passed
ENCFF519ZNE	ENCFF519ZNE	ENCSR720DXT	ENCSR072HFH	BPNet	sequence contribution scores profile	bigWig	ChIP-seq	NR3C1	A549	cell-line	cell-line	cell-line	none	profile	passed
ENCFF748ZOW	ENCFF748ZOW	ENCSR287FWE	ENCSR589BOE	BPNet	sequence contribution scores profile	bigWig	ChIP-seq	NR3C1	A549	cell-line	cell-line	cell-line	none	profile	passed
ENCFF822ZZA	ENCFF822ZZA	ENCSR857QEA	ENCSR475WFL	BPNet	sequence contribution scores profile	bigWig	ChIP-seq	NR3C1	A549	cell-line	cell-line	cell-line	none	profile	passed
ENCFF826TGL	ENCFF826TGL	ENCSR952GOL	ENCSR352KUO	BPNet	sequence contribution scores profile	bigWig	ChIP-seq	NR3C1	A549	cell-line	cell-line	cell-line	none	profile	passed
ENCFF937QKV	ENCFF937QKV	ENCSR458VTP	ENCSR788MPQ	BPNet	sequence contribution scores profile	bigWig	ChIP-seq	NR3C1	A549	cell-line	cell-line	cell-line	none	profile	passed
ENCFF950JIL	ENCFF950JIL	ENCSR424JOE	ENCSR480CPV	BPNet	sequence contribution scores profile	bigWig	ChIP-seq	NR3C1	A549	cell-line	cell-line	cell-line	none	profile	passed
ENCFF376CIC	ENCFF376CIC	ENCSR310OZS	ENCSR647CHM	BPNet	sequence contribution scores profile	bigWig	ChIP-seq	NR5A1	HepG2	cell-line	cell-line	cell-line	none	profile	passed
ENCFF695GZO	ENCFF695GZO	ENCSR190GIW	ENCSR357CBX	BPNet	sequence contribution scores profile	bigWig	ChIP-seq	NR5A2	A549	cell-line	cell-line	cell-line	none	profile	passed
ENCFF180FLL	ENCFF180FLL	ENCSR000DZO	ENCSR661AQY	BPNet	sequence contribution scores profile	bigWig	ChIP-seq	NRF1	GM12878	cell-line	cell-line	cell-line	none	profile	passed
ENCFF087LVD	ENCFF087LVD	ENCSR000ECC	ENCSR210HYL	BPNet	sequence contribution scores profile	bigWig	ChIP-seq	NRF1	H1	cell-line	cell-line	cell-line	none	profile	passed
ENCFF821ARH	ENCFF821ARH	ENCSR000EDJ	ENCSR570WGA	BPNet	sequence contribution scores profile	bigWig	ChIP-seq	NRF1	HeLa-S3	cell-line	cell-line	cell-line	none	profile	passed
ENCFF114HXO	ENCFF114HXO	ENCSR000EEH	ENCSR356BZM	BPNet	sequence contribution scores profile	bigWig	ChIP-seq	NRF1	HepG2	cell-line	cell-line	cell-line	none	profile	passed
ENCFF160LIW	ENCFF160LIW	ENCSR689JMY	ENCSR904TGB	BPNet	sequence contribution scores profile	bigWig	ChIP-seq	NRF1	HepG2	cell-line	cell-line	cell-line	none	profile	passed
ENCFF225AFH	ENCFF225AFH	ENCSR853ADA	ENCSR920BWT	BPNet	sequence contribution scores profile	bigWig	ChIP-seq	NRF1	HepG2	cell-line	cell-line	cell-line	none	profile	passed
ENCFF175WML	ENCFF175WML	ENCSR000EHH	ENCSR344GIT	BPNet	sequence contribution scores profile	bigWig	ChIP-seq	NRF1	K562	cell-line	cell-line	cell-line	none	profile	passed
ENCFF389QRN	ENCFF389QRN	ENCSR837EYC	ENCSR401AOR	BPNet	sequence contribution scores profile	bigWig	ChIP-seq	NRF1	K562	cell-line	cell-line	cell-line	none	profile	passed
ENCFF738AGW	ENCFF738AGW	ENCSR998AJK	ENCSR241UYL	BPNet	sequence contribution scores profile	bigWig	ChIP-seq	NRF1	K562	cell-line	cell-line	cell-line	none	profile	passed
ENCFF859YFP	ENCFF859YFP	ENCSR494TDU	ENCSR565KGD	BPNet	sequence contribution scores profile	bigWig	ChIP-seq	NRF1	K562	cell-line	cell-line	cell-line	none	profile	passed
ENCFF205FTP	ENCFF205FTP	ENCSR135ANT	ENCSR214IZN	BPNet	sequence contribution scores profile	bigWig	ChIP-seq	NRF1	MCF-7	cell-line	cell-line	cell-line	none	profile	passed
ENCFF209UBK	ENCFF209UBK	ENCSR000EHZ	ENCSR782UXR	BPNet	sequence contribution scores profile	bigWig	ChIP-seq	NRF1	SK-N-SH	cell-line	cell-line	cell-line	none	profile	passed
ENCFF193YLJ	ENCFF193YLJ	ENCSR956OSX	ENCSR181GHL	BPNet	sequence contribution scores profile	bigWig	ChIP-seq	ONECUT1	HepG2	cell-line	cell-line	cell-line	none	profile	passed
ENCFF657HPB	ENCFF657HPB	ENCSR661PKJ	ENCSR030NUO	BPNet	sequence contribution scores profile	bigWig	ChIP-seq	ONECUT2	HepG2	cell-line	cell-line	cell-line	none	profile	passed
ENCFF228ODL	ENCFF228ODL	ENCSR324LTM	ENCSR685EWN	BPNet	sequence contribution scores profile	bigWig	ChIP-seq	OSR2	HEK293	cell-line	cell-line	cell-line	none	profile	passed
ENCFF475VFD	ENCFF475VFD	ENCSR475ZYA	ENCSR929JHW	BPNet	sequence contribution scores profile	bigWig	ChIP-seq	OTX1	K562	cell-line	cell-line	cell-line	none	profile	passed
ENCFF261JFM	ENCFF261JFM	ENCSR004HEA	ENCSR248HLP	BPNet	sequence contribution scores profile	bigWig	ChIP-seq	OTX2	WTC11	cell-line	cell-line	cell-line	none	profile	passed
ENCFF146KVA	ENCFF146KVA	ENCSR829WBA	ENCSR446WNF	BPNet	sequence contribution scores profile	bigWig	ChIP-seq	OVOL1	MCF-7	cell-line	cell-line	cell-line	none	profile	passed
ENCFF195SQR	ENCFF195SQR	ENCSR966ULI	ENCSR024NUR	BPNet	sequence contribution scores profile	bigWig	ChIP-seq	PATZ1	HEK293	cell-line	cell-line	cell-line	none	profile	passed
ENCFF917OVD	ENCFF917OVD	ENCSR658YLN	ENCSR507HQC	BPNet	sequence contribution scores profile	bigWig	ChIP-seq	PATZ1	HepG2	cell-line	cell-line	cell-line	none	profile	passed
ENCFF555PLT	ENCFF555PLT	ENCSR969AIM	ENCSR712MTB	BPNet	sequence contribution scores profile	bigWig	ChIP-seq	PATZ1	SK-N-SH	cell-line	cell-line	cell-line	none	profile	passed
ENCFF036ATE	ENCFF036ATE	ENCSR000BHD	ENCSR273TEU	BPNet	sequence contribution scores profile	bigWig	ChIP-seq	PAX5	GM12878	cell-line	cell-line	cell-line	none	profile	passed
ENCFF700UIR	ENCFF700UIR	ENCSR000BHJ	ENCSR040PVF	BPNet	sequence contribution scores profile	bigWig	ChIP-seq	PAX5	GM12878	cell-line	cell-line	cell-line	none	profile	passed
ENCFF074XTM	ENCFF074XTM	ENCSR000BJI	ENCSR387UVY	BPNet	sequence contribution scores profile	bigWig	ChIP-seq	PAX5	GM12892	cell-line	cell-line	cell-line	none	profile	passed
ENCFF288KOO	ENCFF288KOO	ENCSR192AFN	ENCSR113JWW	BPNet	sequence contribution scores profile	bigWig	ChIP-seq	PAX8	GM12878	cell-line	cell-line	cell-line	none	profile	passed
ENCFF086HYL	ENCFF086HYL	ENCSR637RKG	ENCSR433EIH	BPNet	sequence contribution scores profile	bigWig	ChIP-seq	PBX1	A549	cell-line	cell-line	cell-line	none	profile	passed
ENCFF592GFO	ENCFF592GFO	ENCSR849DFF	ENCSR636OJZ	BPNet	sequence contribution scores profile	bigWig	ChIP-seq	PBX2	HepG2	cell-line	cell-line	cell-line	none	profile	passed
ENCFF564UQD	ENCFF564UQD	ENCSR263DFP	ENCSR551HZJ	BPNet	sequence contribution scores profile	bigWig	ChIP-seq	PBX2	K562	cell-line	cell-line	cell-line	none	profile	passed
ENCFF637PUN	ENCFF637PUN	ENCSR633EIC	ENCSR745SNO	BPNet	sequence contribution scores profile	bigWig	ChIP-seq	PBX2	K562	cell-line	cell-line	cell-line	none	profile	passed
ENCFF948AJM	ENCFF948AJM	ENCSR000BTN	ENCSR087MEY	BPNet	sequence contribution scores profile	bigWig	ChIP-seq	PBX3	A549	cell-line	cell-line	cell-line	none	profile	passed
ENCFF189EHQ	ENCFF189EHQ	ENCSR000BGR	ENCSR101PVF	BPNet	sequence contribution scores profile	bigWig	ChIP-seq	PBX3	GM12878	cell-line	cell-line	cell-line	none	profile	passed
ENCFF643GPQ	ENCFF643GPQ	ENCSR865HXK	ENCSR645VWV	BPNet	sequence contribution scores profile	bigWig	ChIP-seq	PBX3	HEK293	cell-line	cell-line	cell-line	none	profile	passed
ENCFF725MGG	ENCFF725MGG	ENCSR000BVE	ENCSR592CCC	BPNet	sequence contribution scores profile	bigWig	ChIP-seq	PBX3	SK-N-SH	cell-line	cell-line	cell-line	none	profile	passed
ENCFF097HEZ	ENCFF097HEZ	ENCSR374MAS	ENCSR531XTW	BPNet	sequence contribution scores profile	bigWig	ChIP-seq	PITX1	HepG2	cell-line	cell-line	cell-line	none	profile	passed
ENCFF460ZVE	ENCFF460ZVE	ENCSR711XNY	ENCSR001IUM	BPNet	sequence contribution scores profile	bigWig	ChIP-seq	PKNOX1	GM12878	cell-line	cell-line	cell-line	none	profile	passed
ENCFF449FNL	ENCFF449FNL	ENCSR233FAG	ENCSR610UPY	BPNet	sequence contribution scores profile	bigWig	ChIP-seq	PKNOX1	HEK293T	cell-line	cell-line	cell-line	none	profile	passed
ENCFF586ZVT	ENCFF586ZVT	ENCSR115SMW	ENCSR509JOV	BPNet	sequence contribution scores profile	bigWig	ChIP-seq	PKNOX1	K562	cell-line	cell-line	cell-line	none	profile	passed
ENCFF427FXX	ENCFF427FXX	ENCSR986XYK	ENCSR949ALP	BPNet	sequence contribution scores profile	bigWig	ChIP-seq	PKNOX1	MCF-7	cell-line	cell-line	cell-line	none	profile	passed
ENCFF842UJD	ENCFF842UJD	ENCSR871EQD	ENCSR608CDL	BPNet	sequence contribution scores profile	bigWig	ChIP-seq	POU2F1	HepG2	cell-line	cell-line	cell-line	none	profile	passed
ENCFF476AYO	ENCFF476AYO	ENCSR000BGP	ENCSR218LOC	BPNet	sequence contribution scores profile	bigWig	ChIP-seq	POU2F2	GM12878	cell-line	cell-line	cell-line	none	profile	passed
ENCFF657QQE	ENCFF657QQE	ENCSR000BII	ENCSR898ALC	BPNet	sequence contribution scores profile	bigWig	ChIP-seq	POU2F2	GM12891	cell-line	cell-line	cell-line	none	profile	passed
ENCFF918RRN	ENCFF918RRN	ENCSR264RJX	ENCSR214WIR	BPNet	sequence contribution scores profile	bigWig	ChIP-seq	POU5F1	GM23338	cell-line	cell-line	cell-line	none	profile	passed
ENCFF561CLN	ENCFF561CLN	ENCSR362VCG	ENCSR888ILP	BPNet	sequence contribution scores profile	bigWig	ChIP-seq	POU5F1	bipolar-neuron	neuron	nerve	central-nervous-system	none	profile	passed
ENCFF274XIG	ENCFF274XIG	ENCSR706OJM	ENCSR079JGV	BPNet	sequence contribution scores profile	bigWig	ChIP-seq	POU6F1	SK-N-SH	cell-line	cell-line	cell-line	none	profile	passed
ENCFF412UAK	ENCFF412UAK	ENCSR130VQL	ENCSR103TWX	BPNet	sequence contribution scores profile	bigWig	ChIP-seq	PPARG	HepG2	cell-line	cell-line	cell-line	none	profile	passed
ENCFF890IOK	ENCFF890IOK	ENCSR977FEF	ENCSR852CZQ	BPNet	sequence contribution scores profile	bigWig	ChIP-seq	PRDM1	A549	cell-line	cell-line	cell-line	none	profile	passed
ENCFF135ZBQ	ENCFF135ZBQ	ENCSR098YLE	ENCSR613DGQ	BPNet	sequence contribution scores profile	bigWig	ChIP-seq	PRDM1	HEK293	cell-line	cell-line	cell-line	none	profile	passed
ENCFF066NOP	ENCFF066NOP	ENCSR000ECY	ENCSR490LLP	BPNet	sequence contribution scores profile	bigWig	ChIP-seq	PRDM1	HeLa-S3	cell-line	cell-line	cell-line	none	profile	passed
ENCFF626TOU	ENCFF626TOU	ENCSR223TAV	ENCSR076JOR	BPNet	sequence contribution scores profile	bigWig	ChIP-seq	PRDM10	HEK293	cell-line	cell-line	cell-line	none	profile	passed
ENCFF069MQH	ENCFF069MQH	ENCSR289PSX	ENCSR263GYU	BPNet	sequence contribution scores profile	bigWig	ChIP-seq	PRDM10	HepG2	cell-line	cell-line	cell-line	none	profile	passed
ENCFF500QWP	ENCFF500QWP	ENCSR120MPG	ENCSR413MCR	BPNet	sequence contribution scores profile	bigWig	ChIP-seq	PRDM10	K562	cell-line	cell-line	cell-line	none	profile	passed
ENCFF585JGX	ENCFF585JGX	ENCSR011INW	ENCSR950RRT	BPNet	sequence contribution scores profile	bigWig	ChIP-seq	PRDM15	HepG2	cell-line	cell-line	cell-line	none	profile	passed
ENCFF008FAQ	ENCFF008FAQ	ENCSR092DCD	ENCSR239YJA	BPNet	sequence contribution scores profile	bigWig	ChIP-seq	PRDM15	WTC11	cell-line	cell-line	cell-line	none	profile	passed
ENCFF726FXU	ENCFF726FXU	ENCSR443MVV	ENCSR592KSS	BPNet	sequence contribution scores profile	bigWig	ChIP-seq	PRDM4	HEK293	cell-line	cell-line	cell-line	none	profile	passed
ENCFF423EFT	ENCFF423EFT	ENCSR892QHR	ENCSR210CAR	BPNet	sequence contribution scores profile	bigWig	ChIP-seq	PRDM6	HEK293	cell-line	cell-line	cell-line	none	profile	passed
ENCFF796RDM	ENCFF796RDM	ENCSR443YTB	ENCSR817XQQ	BPNet	sequence contribution scores profile	bigWig	ChIP-seq	PROX1	HepG2	cell-line	cell-line	cell-line	none	profile	passed
ENCFF475ZUA	ENCFF475ZUA	ENCSR144NTH	ENCSR796ANQ	BPNet	sequence contribution scores profile	bigWig	ChIP-seq	RBAK	HepG2	cell-line	cell-line	cell-line	none	profile	passed
ENCFF026TIH	ENCFF026TIH	ENCSR596FEL	ENCSR261VHA	BPNet	sequence contribution scores profile	bigWig	ChIP-seq	RBPJ	HepG2	cell-line	cell-line	cell-line	none	profile	passed
ENCFF737EVF	ENCFF737EVF	ENCSR740XMB	ENCSR986MEJ	BPNet	sequence contribution scores profile	bigWig	ChIP-seq	RBPJ	K562	cell-line	cell-line	cell-line	none	profile	passed
ENCFF486POX	ENCFF486POX	ENCSR000EAG	ENCSR003PRH	BPNet	sequence contribution scores profile	bigWig	ChIP-seq	RELA	GM12878	cell-line	cell-line	cell-line	none	profile	passed
ENCFF940ESW	ENCFF940ESW	ENCSR664POU	ENCSR056PCS	BPNet	sequence contribution scores profile	bigWig	ChIP-seq	RELA	GM12878	cell-line	cell-line	cell-line	none	profile	passed
ENCFF289SCY	ENCFF289SCY	ENCSR000EAI	ENCSR040NUE	BPNet	sequence contribution scores profile	bigWig	ChIP-seq	RELA	GM12891	cell-line	cell-line	cell-line	none	profile	passed
ENCFF077DFW	ENCFF077DFW	ENCSR000EAN	ENCSR544MSV	BPNet	sequence contribution scores profile	bigWig	ChIP-seq	RELA	GM12892	cell-line	cell-line	cell-line	none	profile	passed
ENCFF240TRJ	ENCFF240TRJ	ENCSR000EAQ	ENCSR246TIE	BPNet	sequence contribution scores profile	bigWig	ChIP-seq	RELA	GM15510	cell-line	cell-line	cell-line	none	profile	passed
ENCFF255DMB	ENCFF255DMB	ENCSR000EBD	ENCSR648RAH	BPNet	sequence contribution scores profile	bigWig	ChIP-seq	RELA	GM18951	cell-line	cell-line	cell-line	none	profile	passed
ENCFF239CMZ	ENCFF239CMZ	ENCSR000EBM	ENCSR243UOT	BPNet	sequence contribution scores profile	bigWig	ChIP-seq	RELA	GM19193	cell-line	cell-line	cell-line	none	profile	passed
ENCFF556WFZ	ENCFF556WFZ	ENCSR580HOI	ENCSR794EAB	BPNet	sequence contribution scores profile	bigWig	ChIP-seq	RELA	HepG2	cell-line	cell-line	cell-line	none	profile	passed
ENCFF240YFZ	ENCFF240YFZ	ENCSR387QUV	ENCSR677QQV	BPNet	sequence contribution scores profile	bigWig	ChIP-seq	RELB	GM12878	cell-line	cell-line	cell-line	none	profile	passed
ENCFF022ORJ	ENCFF022ORJ	ENCSR892DRK	ENCSR584FHS	BPNet	sequence contribution scores profile	bigWig	ChIP-seq	REST	A549	cell-line	cell-line	cell-line	none	profile	passed
ENCFF210AOZ	ENCFF210AOZ	ENCSR000BQP	ENCSR108OCH	BPNet	sequence contribution scores profile	bigWig	ChIP-seq	REST	A549	cell-line	cell-line	cell-line	none	profile	passed
ENCFF087BRF	ENCFF087BRF	ENCSR000BGF	ENCSR784NGD	BPNet	sequence contribution scores profile	bigWig	ChIP-seq	REST	GM12878	cell-line	cell-line	cell-line	none	profile	passed
ENCFF518YUM	ENCFF518YUM	ENCSR000BQS	ENCSR805DLB	BPNet	sequence contribution scores profile	bigWig	ChIP-seq	REST	GM12878	cell-line	cell-line	cell-line	none	profile	passed
ENCFF699FIM	ENCFF699FIM	ENCSR871KYB	ENCSR543TOL	BPNet	sequence contribution scores profile	bigWig	ChIP-seq	REST	GM23338	cell-line	cell-line	cell-line	none	profile	passed
ENCFF367JKF	ENCFF367JKF	ENCSR000BHM	ENCSR235MZF	BPNet	sequence contribution scores profile	bigWig	ChIP-seq	REST	H1	cell-line	cell-line	cell-line	none	profile	passed
ENCFF462PSG	ENCFF462PSG	ENCSR663WAR	ENCSR296LFF	BPNet	sequence contribution scores profile	bigWig	ChIP-seq	REST	H1	cell-line	cell-line	cell-line	none	profile	passed
ENCFF745XBV	ENCFF745XBV	ENCSR000BVI	ENCSR148KXV	BPNet	sequence contribution scores profile	bigWig	ChIP-seq	REST	HCT116	cell-line	cell-line	cell-line	none	profile	passed
ENCFF433RGP	ENCFF433RGP	ENCSR896UBV	ENCSR067SUX	BPNet	sequence contribution scores profile	bigWig	ChIP-seq	REST	HEK293	cell-line	cell-line	cell-line	none	profile	passed
ENCFF049CJM	ENCFF049CJM	ENCSR000BTF	ENCSR900KSB	BPNet	sequence contribution scores profile	bigWig	ChIP-seq	REST	HL-60	cell-line	cell-line	cell-line	none	profile	passed
ENCFF513YAM	ENCFF513YAM	ENCSR000BMN	ENCSR673YCJ	BPNet	sequence contribution scores profile	bigWig	ChIP-seq	REST	HeLa-S3	cell-line	cell-line	cell-line	none	profile	passed
ENCFF358LSK	ENCFF358LSK	ENCSR000BJL	ENCSR596AXW	BPNet	sequence contribution scores profile	bigWig	ChIP-seq	REST	HepG2	cell-line	cell-line	cell-line	none	profile	passed
ENCFF649ICA	ENCFF649ICA	ENCSR000BOT	ENCSR629ECU	BPNet	sequence contribution scores profile	bigWig	ChIP-seq	REST	HepG2	cell-line	cell-line	cell-line	none	profile	passed
ENCFF786FNC	ENCFF786FNC	ENCSR000BUU	ENCSR174BCS	BPNet	sequence contribution scores profile	bigWig	ChIP-seq	REST	Ishikawa	cell-line	cell-line	cell-line	none	profile	passed
ENCFF313FLS	ENCFF313FLS	ENCSR000ATM	ENCSR867KCV	BPNet	sequence contribution scores profile	bigWig	ChIP-seq	REST	K562	cell-line	cell-line	cell-line	none	profile	passed
ENCFF649XTO	ENCFF649XTO	ENCSR137ZMQ	ENCSR831SVZ	BPNet	sequence contribution scores profile	bigWig	ChIP-seq	REST	K562	cell-line	cell-line	cell-line	none	profile	passed
ENCFF813SHX	ENCFF813SHX	ENCSR054JMQ	ENCSR759WXZ	BPNet	sequence contribution scores profile	bigWig	ChIP-seq	REST	K562	cell-line	cell-line	cell-line	none	profile	passed
ENCFF938PBW	ENCFF938PBW	ENCSR000BMW	ENCSR364RHG	BPNet	sequence contribution scores profile	bigWig	ChIP-seq	REST	K562	cell-line	cell-line	cell-line	none	profile	passed
ENCFF720DZM	ENCFF720DZM	ENCSR000BSP	ENCSR640PXF	BPNet	sequence contribution scores profile	bigWig	ChIP-seq	REST	MCF-7	cell-line	cell-line	cell-line	none	profile	passed
ENCFF266YXR	ENCFF266YXR	ENCSR000BOX	ENCSR229LTB	BPNet	sequence contribution scores profile	bigWig	ChIP-seq	REST	PFSK-1	cell-line	cell-line	cell-line	none	profile	passed
ENCFF639ZUJ	ENCFF639ZUJ	ENCSR000BJP	ENCSR811WIG	BPNet	sequence contribution scores profile	bigWig	ChIP-seq	REST	PFSK-1	cell-line	cell-line	cell-line	none	profile	passed
ENCFF176ENW	ENCFF176ENW	ENCSR000BPK	ENCSR765OBS	BPNet	sequence contribution scores profile	bigWig	ChIP-seq	REST	Panc1	cell-line	cell-line	cell-line	none	profile	passed
ENCFF605RLW	ENCFF605RLW	ENCSR000BUP	ENCSR132GIN	BPNet	sequence contribution scores profile	bigWig	ChIP-seq	REST	Panc1	cell-line	cell-line	cell-line	none	profile	passed
ENCFF631WPE	ENCFF631WPE	ENCSR000BJO	ENCSR862SMK	BPNet	sequence contribution scores profile	bigWig	ChIP-seq	REST	Panc1	cell-line	cell-line	cell-line	none	profile	passed
ENCFF565WZJ	ENCFF565WZJ	ENCSR000BJJ	ENCSR468KZB	BPNet	sequence contribution scores profile	bigWig	ChIP-seq	REST	SK-N-SH	cell-line	cell-line	cell-line	none	profile	passed
ENCFF834RDX	ENCFF834RDX	ENCSR000BOZ	ENCSR386QUI	BPNet	sequence contribution scores profile	bigWig	ChIP-seq	REST	SK-N-SH	cell-line	cell-line	cell-line	none	profile	passed
ENCFF434BDM	ENCFF434BDM	ENCSR893QWP	ENCSR314BIS	BPNet	sequence contribution scores profile	bigWig	ChIP-seq	REST	liver	liver	liver	digestive-system	none	profile	passed
ENCFF839YKP	ENCFF839YKP	ENCSR867WPH	ENCSR596SVU	BPNet	sequence contribution scores profile	bigWig	ChIP-seq	REST	liver	liver	liver	digestive-system	none	profile	passed
ENCFF767BII	ENCFF767BII	ENCSR000BTV	ENCSR282ZFA	BPNet	sequence contribution scores profile	bigWig	ChIP-seq	REST	neural-cell	neural	nerve	central-nervous-system	none	profile	passed
ENCFF322HDW	ENCFF322HDW	ENCSR928API	ENCSR223XGT	BPNet	sequence contribution scores profile	bigWig	ChIP-seq	RFX1	HepG2	cell-line	cell-line	cell-line	none	profile	passed
ENCFF546YEP	ENCFF546YEP	ENCSR968GIB	ENCSR853BLF	BPNet	sequence contribution scores profile	bigWig	ChIP-seq	RFX1	K562	cell-line	cell-line	cell-line	none	profile	passed
ENCFF804AIH	ENCFF804AIH	ENCSR041AXL	ENCSR830DNP	BPNet	sequence contribution scores profile	bigWig	ChIP-seq	RFX1	K562	cell-line	cell-line	cell-line	none	profile	passed
ENCFF385XKY	ENCFF385XKY	ENCSR066TET	ENCSR936WXH	BPNet	sequence contribution scores profile	bigWig	ChIP-seq	RFX1	MCF-7	cell-line	cell-line	cell-line	none	profile	passed
ENCFF796KWH	ENCFF796KWH	ENCSR788XNX	ENCSR594OAT	BPNet	sequence contribution scores profile	bigWig	ChIP-seq	RFX1	MCF-7	cell-line	cell-line	cell-line	none	profile	passed
ENCFF595NJV	ENCFF595NJV	ENCSR633OVO	ENCSR926TQA	BPNet	sequence contribution scores profile	bigWig	ChIP-seq	RFX3	HepG2	cell-line	cell-line	cell-line	none	profile	passed
ENCFF636GDF	ENCFF636GDF	ENCSR000DZW	ENCSR391ETD	BPNet	sequence contribution scores profile	bigWig	ChIP-seq	RFX5	GM12878	cell-line	cell-line	cell-line	none	profile	passed
ENCFF069XSY	ENCFF069XSY	ENCSR000ECX	ENCSR220MGX	BPNet	sequence contribution scores profile	bigWig	ChIP-seq	RFX5	HeLa-S3	cell-line	cell-line	cell-line	none	profile	passed
ENCFF565PKW	ENCFF565PKW	ENCSR000EHY	ENCSR121FOZ	BPNet	sequence contribution scores profile	bigWig	ChIP-seq	RFX5	SK-N-SH	cell-line	cell-line	cell-line	none	profile	passed
ENCFF447DUX	ENCFF447DUX	ENCSR414TYY	ENCSR832AOA	BPNet	sequence contribution scores profile	bigWig	ChIP-seq	RUNX1	K562	cell-line	cell-line	cell-line	none	profile	passed
ENCFF719FZN	ENCFF719FZN	ENCSR588AKU	ENCSR789XHT	BPNet	sequence contribution scores profile	bigWig	ChIP-seq	RUNX1	K562	cell-line	cell-line	cell-line	none	profile	passed
ENCFF860RMR	ENCFF860RMR	ENCSR000BRI	ENCSR130BYX	BPNet	sequence contribution scores profile	bigWig	ChIP-seq	RUNX3	GM12878	cell-line	cell-line	cell-line	none	profile	passed
ENCFF087SEC	ENCFF087SEC	ENCSR000BHU	ENCSR654MSE	BPNet	sequence contribution scores profile	bigWig	ChIP-seq	RXRA	HepG2	cell-line	cell-line	cell-line	none	profile	passed
ENCFF801GEH	ENCFF801GEH	ENCSR416HDG	ENCSR471TML	BPNet	sequence contribution scores profile	bigWig	ChIP-seq	RXRA	HepG2	cell-line	cell-line	cell-line	none	profile	passed
ENCFF863AIE	ENCFF863AIE	ENCSR000BVG	ENCSR558EIT	BPNet	sequence contribution scores profile	bigWig	ChIP-seq	RXRA	SK-N-SH	cell-line	cell-line	cell-line	none	profile	passed
ENCFF076MEC	ENCFF076MEC	ENCSR352QSB	ENCSR212YIK	BPNet	sequence contribution scores profile	bigWig	ChIP-seq	RXRA	liver	liver	liver	digestive-system	none	profile	passed
ENCFF121IYF	ENCFF121IYF	ENCSR098XMN	ENCSR952CID	BPNet	sequence contribution scores profile	bigWig	ChIP-seq	RXRA	liver	liver	liver	digestive-system	none	profile	passed
ENCFF517BVL	ENCFF517BVL	ENCSR560SEP	ENCSR997OKZ	BPNet	sequence contribution scores profile	bigWig	ChIP-seq	RXRB	HepG2	cell-line	cell-line	cell-line	none	profile	passed
ENCFF125SUX	ENCFF125SUX	ENCSR605MGM	ENCSR372ZFV	BPNet	sequence contribution scores profile	bigWig	ChIP-seq	SCRT1	HEK293	cell-line	cell-line	cell-line	none	profile	passed
ENCFF720XFS	ENCFF720XFS	ENCSR338DGO	ENCSR305GED	BPNet	sequence contribution scores profile	bigWig	ChIP-seq	SCRT2	HEK293	cell-line	cell-line	cell-line	none	profile	passed
ENCFF547PSX	ENCFF547PSX	ENCSR561BQM	ENCSR159ONX	BPNet	sequence contribution scores profile	bigWig	ChIP-seq	SIX1	HepG2	cell-line	cell-line	cell-line	none	profile	passed
ENCFF022CYM	ENCFF022CYM	ENCSR849TMV	ENCSR409XHT	BPNet	sequence contribution scores profile	bigWig	ChIP-seq	SIX4	HepG2	cell-line	cell-line	cell-line	none	profile	passed
ENCFF302PCP	ENCFF302PCP	ENCSR279IEM	ENCSR333NFQ	BPNet	sequence contribution scores profile	bigWig	ChIP-seq	SIX4	MCF-7	cell-line	cell-line	cell-line	none	profile	passed
ENCFF680DAC	ENCFF680DAC	ENCSR513WUJ	ENCSR704PVF	BPNet	sequence contribution scores profile	bigWig	ChIP-seq	SIX4	WTC11	cell-line	cell-line	cell-line	none	profile	passed
ENCFF610QHS	ENCFF610QHS	ENCSR000BRL	ENCSR256TQO	BPNet	sequence contribution scores profile	bigWig	ChIP-seq	SIX5	A549	cell-line	cell-line	cell-line	none	profile	passed
ENCFF015WJZ	ENCFF015WJZ	ENCSR068QXO	ENCSR361LND	BPNet	sequence contribution scores profile	bigWig	ChIP-seq	SMAD4	K562	cell-line	cell-line	cell-line	none	profile	passed
ENCFF555XER	ENCFF555XER	ENCSR445ACU	ENCSR435HHZ	BPNet	sequence contribution scores profile	bigWig	ChIP-seq	SOX13	HepG2	cell-line	cell-line	cell-line	none	profile	passed
ENCFF988WQI	ENCFF988WQI	ENCSR715UCI	ENCSR272FDJ	BPNet	sequence contribution scores profile	bigWig	ChIP-seq	SOX13	HepG2	cell-line	cell-line	cell-line	none	profile	passed
ENCFF765MFF	ENCFF765MFF	ENCSR961WLZ	ENCSR510YVW	BPNet	sequence contribution scores profile	bigWig	ChIP-seq	SOX5	HepG2	cell-line	cell-line	cell-line	none	profile	passed
ENCFF103MIZ	ENCFF103MIZ	ENCSR766TSU	ENCSR193HCH	BPNet	sequence contribution scores profile	bigWig	ChIP-seq	SOX6	HepG2	cell-line	cell-line	cell-line	none	profile	passed
ENCFF386AUY	ENCFF386AUY	ENCSR788RSW	ENCSR049JJJ	BPNet	sequence contribution scores profile	bigWig	ChIP-seq	SOX6	K562	cell-line	cell-line	cell-line	none	profile	passed
ENCFF643WXI	ENCFF643WXI	ENCSR000BPE	ENCSR165NXF	BPNet	sequence contribution scores profile	bigWig	ChIP-seq	SP1	A549	cell-line	cell-line	cell-line	none	profile	passed
ENCFF122OSE	ENCFF122OSE	ENCSR000BHK	ENCSR095LRJ	BPNet	sequence contribution scores profile	bigWig	ChIP-seq	SP1	GM12878	cell-line	cell-line	cell-line	none	profile	passed
ENCFF298WRO	ENCFF298WRO	ENCSR000BIR	ENCSR872UCX	BPNet	sequence contribution scores profile	bigWig	ChIP-seq	SP1	H1	cell-line	cell-line	cell-line	none	profile	passed
ENCFF446YQZ	ENCFF446YQZ	ENCSR000BSF	ENCSR957HMT	BPNet	sequence contribution scores profile	bigWig	ChIP-seq	SP1	HCT116	cell-line	cell-line	cell-line	none	profile	passed
ENCFF984ZOG	ENCFF984ZOG	ENCSR906PEI	ENCSR172ILE	BPNet	sequence contribution scores profile	bigWig	ChIP-seq	SP1	HEK293T	cell-line	cell-line	cell-line	none	profile	passed
ENCFF380ENC	ENCFF380ENC	ENCSR000BJX	ENCSR574YOJ	BPNet	sequence contribution scores profile	bigWig	ChIP-seq	SP1	HepG2	cell-line	cell-line	cell-line	none	profile	passed
ENCFF435CON	ENCFF435CON	ENCSR460YAM	ENCSR981BPZ	BPNet	sequence contribution scores profile	bigWig	ChIP-seq	SP1	HepG2	cell-line	cell-line	cell-line	none	profile	passed
ENCFF479QGH	ENCFF479QGH	ENCSR334KIQ	ENCSR359WFD	BPNet	sequence contribution scores profile	bigWig	ChIP-seq	SP1	HepG2	cell-line	cell-line	cell-line	none	profile	passed
ENCFF377BXO	ENCFF377BXO	ENCSR372IML	ENCSR955QBD	BPNet	sequence contribution scores profile	bigWig	ChIP-seq	SP1	K562	cell-line	cell-line	cell-line	none	profile	passed
ENCFF833VOE	ENCFF833VOE	ENCSR000BKO	ENCSR807ZPN	BPNet	sequence contribution scores profile	bigWig	ChIP-seq	SP1	K562	cell-line	cell-line	cell-line	none	profile	passed
ENCFF942LXP	ENCFF942LXP	ENCSR991ELG	ENCSR790HBQ	BPNet	sequence contribution scores profile	bigWig	ChIP-seq	SP1	K562	cell-line	cell-line	cell-line	none	profile	passed
ENCFF352AZR	ENCFF352AZR	ENCSR729LGA	ENCSR543HQM	BPNet	sequence contribution scores profile	bigWig	ChIP-seq	SP1	MCF-7	cell-line	cell-line	cell-line	none	profile	passed
ENCFF798VYU	ENCFF798VYU	ENCSR583CGO	ENCSR786LMT	BPNet	sequence contribution scores profile	bigWig	ChIP-seq	SP1	WTC11	cell-line	cell-line	cell-line	none	profile	passed
ENCFF196ZSU	ENCFF196ZSU	ENCSR085IXF	ENCSR730HDS	BPNet	sequence contribution scores profile	bigWig	ChIP-seq	SP1	liver	liver	liver	digestive-system	none	profile	passed
ENCFF658BIL	ENCFF658BIL	ENCSR386YIH	ENCSR764SPF	BPNet	sequence contribution scores profile	bigWig	ChIP-seq	SP1	liver	liver	liver	digestive-system	none	profile	passed
ENCFF296JNP	ENCFF296JNP	ENCSR107DKT	ENCSR376FIT	BPNet	sequence contribution scores profile	bigWig	ChIP-seq	SP140L	HepG2	cell-line	cell-line	cell-line	none	profile	passed
ENCFF533WSG	ENCFF533WSG	ENCSR807LQP	ENCSR154LJQ	BPNet	sequence contribution scores profile	bigWig	ChIP-seq	SP2	HEK293	cell-line	cell-line	cell-line	none	profile	passed
ENCFF082MUN	ENCFF082MUN	ENCSR946RZN	ENCSR052HWR	BPNet	sequence contribution scores profile	bigWig	ChIP-seq	SP2	HepG2	cell-line	cell-line	cell-line	none	profile	passed
ENCFF768PBM	ENCFF768PBM	ENCSR000BNL	ENCSR578OAK	BPNet	sequence contribution scores profile	bigWig	ChIP-seq	SP2	K562	cell-line	cell-line	cell-line	none	profile	passed
ENCFF491NBH	ENCFF491NBH	ENCSR141PZA	ENCSR640UGN	BPNet	sequence contribution scores profile	bigWig	ChIP-seq	SP3	HEK293	cell-line	cell-line	cell-line	none	profile	passed
ENCFF432XBT	ENCFF432XBT	ENCSR000BQV	ENCSR649EJS	BPNet	sequence contribution scores profile	bigWig	ChIP-seq	SP4	H1	cell-line	cell-line	cell-line	none	profile	passed
ENCFF995PRF	ENCFF995PRF	ENCSR642PQK	ENCSR715EEU	BPNet	sequence contribution scores profile	bigWig	ChIP-seq	SP4	HepG2	cell-line	cell-line	cell-line	none	profile	passed
ENCFF616MKJ	ENCFF616MKJ	ENCSR019NPF	ENCSR773LDV	BPNet	sequence contribution scores profile	bigWig	ChIP-seq	SP5	HepG2	cell-line	cell-line	cell-line	none	profile	passed
ENCFF485EEU	ENCFF485EEU	ENCSR468IJT	ENCSR374VXB	BPNet	sequence contribution scores profile	bigWig	ChIP-seq	SP7	HEK293	cell-line	cell-line	cell-line	none	profile	passed
ENCFF453XWC	ENCFF453XWC	ENCSR042GSX	ENCSR757BLN	BPNet	sequence contribution scores profile	bigWig	ChIP-seq	SPDEF	MCF-7	cell-line	cell-line	cell-line	none	profile	passed
ENCFF219YNV	ENCFF219YNV	ENCSR897MYK	ENCSR182NCE	BPNet	sequence contribution scores profile	bigWig	ChIP-seq	SREBF1	A549	cell-line	cell-line	cell-line	none	profile	passed
ENCFF962IRX	ENCFF962IRX	ENCSR815ZDS	ENCSR766FSS	BPNet	sequence contribution scores profile	bigWig	ChIP-seq	SREBF1	K562	cell-line	cell-line	cell-line	none	profile	passed
ENCFF692WYR	ENCFF692WYR	ENCSR197DJH	ENCSR495FTX	BPNet	sequence contribution scores profile	bigWig	ChIP-seq	SREBF1	MCF-7	cell-line	cell-line	cell-line	none	profile	passed
ENCFF010VKE	ENCFF010VKE	ENCSR000BGE	ENCSR040IAH	BPNet	sequence contribution scores profile	bigWig	ChIP-seq	SRF	GM12878	cell-line	cell-line	cell-line	none	profile	passed
ENCFF124OYE	ENCFF124OYE	ENCSR000BMI	ENCSR862QUY	BPNet	sequence contribution scores profile	bigWig	ChIP-seq	SRF	GM12878	cell-line	cell-line	cell-line	none	profile	passed
ENCFF848WFT	ENCFF848WFT	ENCSR041XML	ENCSR771NZC	BPNet	sequence contribution scores profile	bigWig	ChIP-seq	SRF	GM12878	cell-line	cell-line	cell-line	none	profile	passed
ENCFF866QSA	ENCFF866QSA	ENCSR000BIV	ENCSR721HTE	BPNet	sequence contribution scores profile	bigWig	ChIP-seq	SRF	H1	cell-line	cell-line	cell-line	none	profile	passed
ENCFF640SXN	ENCFF640SXN	ENCSR000BSC	ENCSR113HVZ	BPNet	sequence contribution scores profile	bigWig	ChIP-seq	SRF	HCT116	cell-line	cell-line	cell-line	none	profile	passed
ENCFF046KDK	ENCFF046KDK	ENCSR000BLV	ENCSR076JVF	BPNet	sequence contribution scores profile	bigWig	ChIP-seq	SRF	HepG2	cell-line	cell-line	cell-line	none	profile	passed
ENCFF557NSX	ENCFF557NSX	ENCSR516SMM	ENCSR272YCO	BPNet	sequence contribution scores profile	bigWig	ChIP-seq	SRF	HepG2	cell-line	cell-line	cell-line	none	profile	passed
ENCFF285HJD	ENCFF285HJD	ENCSR000BTD	ENCSR871TEZ	BPNet	sequence contribution scores profile	bigWig	ChIP-seq	SRF	Ishikawa	cell-line	cell-line	cell-line	none	profile	passed
ENCFF228EIU	ENCFF228EIU	ENCSR000BLK	ENCSR307JOH	BPNet	sequence contribution scores profile	bigWig	ChIP-seq	SRF	K562	cell-line	cell-line	cell-line	none	profile	passed
ENCFF277JPV	ENCFF277JPV	ENCSR582IAO	ENCSR133SHN	BPNet	sequence contribution scores profile	bigWig	ChIP-seq	SRF	K562	cell-line	cell-line	cell-line	none	profile	passed
ENCFF900ZVC	ENCFF900ZVC	ENCSR504HOI	ENCSR029FHA	BPNet	sequence contribution scores profile	bigWig	ChIP-seq	SRF	K562	cell-line	cell-line	cell-line	none	profile	passed
ENCFF040XZN	ENCFF040XZN	ENCSR000BVA	ENCSR830FWJ	BPNet	sequence contribution scores profile	bigWig	ChIP-seq	SRF	MCF-7	cell-line	cell-line	cell-line	none	profile	passed
ENCFF365QBR	ENCFF365QBR	ENCSR000FAU	ENCSR300AVN	BPNet	sequence contribution scores profile	bigWig	ChIP-seq	STAT1	K562	cell-line	cell-line	cell-line	none	profile	passed
ENCFF997DLG	ENCFF997DLG	ENCSR000FAV	ENCSR467YMS	BPNet	sequence contribution scores profile	bigWig	ChIP-seq	STAT1	K562	cell-line	cell-line	cell-line	none	profile	passed
ENCFF716XLT	ENCFF716XLT	ENCSR000FAT	ENCSR783CQO	BPNet	sequence contribution scores profile	bigWig	ChIP-seq	STAT2	K562	cell-line	cell-line	cell-line	none	profile	passed
ENCFF788XLV	ENCFF788XLV	ENCSR000FBC	ENCSR986WNQ	BPNet	sequence contribution scores profile	bigWig	ChIP-seq	STAT2	K562	cell-line	cell-line	cell-line	none	profile	passed
ENCFF367UMD	ENCFF367UMD	ENCSR000DZV	ENCSR597MUO	BPNet	sequence contribution scores profile	bigWig	ChIP-seq	STAT3	GM12878	cell-line	cell-line	cell-line	none	profile	passed
ENCFF034HED	ENCFF034HED	ENCSR000EDC	ENCSR099YQW	BPNet	sequence contribution scores profile	bigWig	ChIP-seq	STAT3	HeLa-S3	cell-line	cell-line	cell-line	none	profile	passed
ENCFF268JJE	ENCFF268JJE	ENCSR000DPB	ENCSR133LTU	BPNet	sequence contribution scores profile	bigWig	ChIP-seq	STAT3	MCF-10A	cell-line	cell-line	cell-line	none	profile	passed
ENCFF957HSJ	ENCFF957HSJ	ENCSR000DOQ	ENCSR628VMP	BPNet	sequence contribution scores profile	bigWig	ChIP-seq	STAT3	MCF-10A	cell-line	cell-line	cell-line	none	profile	passed
ENCFF620ZVT	ENCFF620ZVT	ENCSR000BRR	ENCSR509ZMB	BPNet	sequence contribution scores profile	bigWig	ChIP-seq	STAT5A	K562	cell-line	cell-line	cell-line	none	profile	passed
ENCFF297ASP	ENCFF297ASP	ENCSR000DZZ	ENCSR748FOU	BPNet	sequence contribution scores profile	bigWig	ChIP-seq	TBP	GM12878	cell-line	cell-line	cell-line	none	profile	passed
ENCFF009JNI	ENCFF009JNI	ENCSR000ECB	ENCSR071LQR	BPNet	sequence contribution scores profile	bigWig	ChIP-seq	TBP	H1	cell-line	cell-line	cell-line	none	profile	passed
ENCFF932RHO	ENCFF932RHO	ENCSR000EDD	ENCSR209XCM	BPNet	sequence contribution scores profile	bigWig	ChIP-seq	TBP	HeLa-S3	cell-line	cell-line	cell-line	none	profile	passed
ENCFF163TIT	ENCFF163TIT	ENCSR000EEL	ENCSR997SZY	BPNet	sequence contribution scores profile	bigWig	ChIP-seq	TBP	HepG2	cell-line	cell-line	cell-line	none	profile	passed
ENCFF368MSM	ENCFF368MSM	ENCSR410FEH	ENCSR351RCV	BPNet	sequence contribution scores profile	bigWig	ChIP-seq	TBX2	HepG2	cell-line	cell-line	cell-line	none	profile	passed
ENCFF141TBB	ENCFF141TBB	ENCSR739IHN	ENCSR476ZGO	BPNet	sequence contribution scores profile	bigWig	ChIP-seq	TBX21	GM12878	cell-line	cell-line	cell-line	none	profile	passed
ENCFF120HEY	ENCFF120HEY	ENCSR238QRG	ENCSR660GND	BPNet	sequence contribution scores profile	bigWig	ChIP-seq	TBX3	HepG2	cell-line	cell-line	cell-line	none	profile	passed
ENCFF616TDJ	ENCFF616TDJ	ENCSR605YWG	ENCSR409NTB	BPNet	sequence contribution scores profile	bigWig	ChIP-seq	TBX3	HepG2	cell-line	cell-line	cell-line	none	profile	passed
ENCFF054SPS	ENCFF054SPS	ENCSR725VFL	ENCSR739XCG	BPNet	sequence contribution scores profile	bigWig	ChIP-seq	TCF12	GM12878	cell-line	cell-line	cell-line	none	profile	passed
ENCFF429GXJ	ENCFF429GXJ	ENCSR000BGZ	ENCSR714UPI	BPNet	sequence contribution scores profile	bigWig	ChIP-seq	TCF12	GM12878	cell-line	cell-line	cell-line	none	profile	passed
ENCFF191PBX	ENCFF191PBX	ENCSR000BUV	ENCSR829DZW	BPNet	sequence contribution scores profile	bigWig	ChIP-seq	TCF12	Ishikawa	cell-line	cell-line	cell-line	none	profile	passed
ENCFF212MWL	ENCFF212MWL	ENCSR189TRZ	ENCSR615MHS	BPNet	sequence contribution scores profile	bigWig	ChIP-seq	TCF12	K562	cell-line	cell-line	cell-line	none	profile	passed
ENCFF601BGU	ENCFF601BGU	ENCSR744WOO	ENCSR122AAT	BPNet	sequence contribution scores profile	bigWig	ChIP-seq	TCF12	K562	cell-line	cell-line	cell-line	none	profile	passed
ENCFF038HUG	ENCFF038HUG	ENCSR000BSL	ENCSR715JCY	BPNet	sequence contribution scores profile	bigWig	ChIP-seq	TCF12	SK-N-SH	cell-line	cell-line	cell-line	none	profile	passed
ENCFF149IEJ	ENCFF149IEJ	ENCSR000BQT	ENCSR326PIH	BPNet	sequence contribution scores profile	bigWig	ChIP-seq	TCF3	GM12878	cell-line	cell-line	cell-line	none	profile	passed
ENCFF403CNY	ENCFF403CNY	ENCSR970OJY	ENCSR902ISQ	BPNet	sequence contribution scores profile	bigWig	ChIP-seq	TCF3	K562	cell-line	cell-line	cell-line	none	profile	passed
ENCFF950PUS	ENCFF950PUS	ENCSR922RFY	ENCSR292VIZ	BPNet	sequence contribution scores profile	bigWig	ChIP-seq	TCF4	SK-N-SH	cell-line	cell-line	cell-line	none	profile	passed
ENCFF606NIS	ENCFF606NIS	ENCSR501DKS	ENCSR292YQD	BPNet	sequence contribution scores profile	bigWig	ChIP-seq	TCF7	GM12878	cell-line	cell-line	cell-line	none	profile	passed
ENCFF456OBE	ENCFF456OBE	ENCSR444LIN	ENCSR251GZI	BPNet	sequence contribution scores profile	bigWig	ChIP-seq	TCF7	HepG2	cell-line	cell-line	cell-line	none	profile	passed
ENCFF453JYY	ENCFF453JYY	ENCSR863KUB	ENCSR123FJN	BPNet	sequence contribution scores profile	bigWig	ChIP-seq	TCF7	K562	cell-line	cell-line	cell-line	none	profile	passed
ENCFF372WGP	ENCFF372WGP	ENCSR346BOD	ENCSR522OOX	BPNet	sequence contribution scores profile	bigWig	ChIP-seq	TCF7L2	HepG2	cell-line	cell-line	cell-line	none	profile	passed
ENCFF558EIP	ENCFF558EIP	ENCSR000EVQ	ENCSR605YBA	BPNet	sequence contribution scores profile	bigWig	ChIP-seq	TCF7L2	HepG2	cell-line	cell-line	cell-line	none	profile	passed
ENCFF522QRZ	ENCFF522QRZ	ENCSR497JLX	ENCSR472NZD	BPNet	sequence contribution scores profile	bigWig	ChIP-seq	TEAD1	HepG2	cell-line	cell-line	cell-line	none	profile	passed
ENCFF038KTQ	ENCFF038KTQ	ENCSR228ELU	ENCSR675KBB	BPNet	sequence contribution scores profile	bigWig	ChIP-seq	TEAD1	K562	cell-line	cell-line	cell-line	none	profile	passed
ENCFF692YRP	ENCFF692YRP	ENCSR591ASD	ENCSR945UJQ	BPNet	sequence contribution scores profile	bigWig	ChIP-seq	TEAD1	K562	cell-line	cell-line	cell-line	none	profile	passed
ENCFF381YQR	ENCFF381YQR	ENCSR934WOF	ENCSR839ENT	BPNet	sequence contribution scores profile	bigWig	ChIP-seq	TEAD1	WTC11	cell-line	cell-line	cell-line	none	profile	passed
ENCFF658EDC	ENCFF658EDC	ENCSR635GTR	ENCSR858BRS	BPNet	sequence contribution scores profile	bigWig	ChIP-seq	TEAD2	K562	cell-line	cell-line	cell-line	none	profile	passed
ENCFF976KRQ	ENCFF976KRQ	ENCSR000BUD	ENCSR759JAZ	BPNet	sequence contribution scores profile	bigWig	ChIP-seq	TEAD4	A549	cell-line	cell-line	cell-line	none	profile	passed
ENCFF651SQP	ENCFF651SQP	ENCSR000BRY	ENCSR057JRV	BPNet	sequence contribution scores profile	bigWig	ChIP-seq	TEAD4	H1	cell-line	cell-line	cell-line	none	profile	passed
ENCFF079ZAU	ENCFF079ZAU	ENCSR000BVJ	ENCSR255BMC	BPNet	sequence contribution scores profile	bigWig	ChIP-seq	TEAD4	HCT116	cell-line	cell-line	cell-line	none	profile	passed
ENCFF025EZG	ENCFF025EZG	ENCSR000BRP	ENCSR543PPH	BPNet	sequence contribution scores profile	bigWig	ChIP-seq	TEAD4	HepG2	cell-line	cell-line	cell-line	none	profile	passed
ENCFF814UOR	ENCFF814UOR	ENCSR800JRG	ENCSR502ZZU	BPNet	sequence contribution scores profile	bigWig	ChIP-seq	TEAD4	HepG2	cell-line	cell-line	cell-line	none	profile	passed
ENCFF128SPZ	ENCFF128SPZ	ENCSR000BSW	ENCSR719TPB	BPNet	sequence contribution scores profile	bigWig	ChIP-seq	TEAD4	Ishikawa	cell-line	cell-line	cell-line	none	profile	passed
ENCFF530KDX	ENCFF530KDX	ENCSR000BRK	ENCSR584QDL	BPNet	sequence contribution scores profile	bigWig	ChIP-seq	TEAD4	K562	cell-line	cell-line	cell-line	none	profile	passed
ENCFF825MUQ	ENCFF825MUQ	ENCSR817FMN	ENCSR541KST	BPNet	sequence contribution scores profile	bigWig	ChIP-seq	TEAD4	K562	cell-line	cell-line	cell-line	none	profile	passed
ENCFF096HXI	ENCFF096HXI	ENCSR000BUO	ENCSR654ETW	BPNet	sequence contribution scores profile	bigWig	ChIP-seq	TEAD4	MCF-7	cell-line	cell-line	cell-line	none	profile	passed
ENCFF228PJE	ENCFF228PJE	ENCSR000BUQ	ENCSR137PEF	BPNet	sequence contribution scores profile	bigWig	ChIP-seq	TEAD4	SK-N-SH	cell-line	cell-line	cell-line	none	profile	passed
ENCFF795PNO	ENCFF795PNO	ENCSR285HHZ	ENCSR598CXV	BPNet	sequence contribution scores profile	bigWig	ChIP-seq	TEAD4	WTC11	cell-line	cell-line	cell-line	none	profile	passed
ENCFF696LJF	ENCFF696LJF	ENCSR583KLD	ENCSR286SAG	BPNet	sequence contribution scores profile	bigWig	ChIP-seq	TEF	HepG2	cell-line	cell-line	cell-line	none	profile	passed
ENCFF857IFU	ENCFF857IFU	ENCSR630GGD	ENCSR606WDD	BPNet	sequence contribution scores profile	bigWig	ChIP-seq	TFAP2B	SK-N-SH	cell-line	cell-line	cell-line	none	profile	passed
ENCFF123JSH	ENCFF123JSH	ENCSR103SZL	ENCSR050VWT	BPNet	sequence contribution scores profile	bigWig	ChIP-seq	TFAP4	HepG2	cell-line	cell-line	cell-line	none	profile	passed
ENCFF150AZZ	ENCFF150AZZ	ENCSR587BVQ	ENCSR832QSI	BPNet	sequence contribution scores profile	bigWig	ChIP-seq	TFAP4	HepG2	cell-line	cell-line	cell-line	none	profile	passed
ENCFF703HYH	ENCFF703HYH	ENCSR784IMK	ENCSR468IYH	BPNet	sequence contribution scores profile	bigWig	ChIP-seq	TFAP4	K562	cell-line	cell-line	cell-line	none	profile	passed
ENCFF733MPO	ENCFF733MPO	ENCSR998OMC	ENCSR119FPN	BPNet	sequence contribution scores profile	bigWig	ChIP-seq	TFCP2	K562	cell-line	cell-line	cell-line	none	profile	passed
ENCFF841UPJ	ENCFF841UPJ	ENCSR558OMR	ENCSR843PGH	BPNet	sequence contribution scores profile	bigWig	ChIP-seq	TFDP1	HepG2	cell-line	cell-line	cell-line	none	profile	passed
ENCFF627NUS	ENCFF627NUS	ENCSR017GBO	ENCSR510PVF	BPNet	sequence contribution scores profile	bigWig	ChIP-seq	TFDP1	K562	cell-line	cell-line	cell-line	none	profile	passed
ENCFF916NZV	ENCFF916NZV	ENCSR901VIE	ENCSR881WQN	BPNet	sequence contribution scores profile	bigWig	ChIP-seq	TFDP1	K562	cell-line	cell-line	cell-line	none	profile	passed
ENCFF035RRB	ENCFF035RRB	ENCSR589SNT	ENCSR969SPC	BPNet	sequence contribution scores profile	bigWig	ChIP-seq	TFE3	HepG2	cell-line	cell-line	cell-line	none	profile	passed
ENCFF391GTD	ENCFF391GTD	ENCSR953KEY	ENCSR570QRK	BPNet	sequence contribution scores profile	bigWig	ChIP-seq	TFE3	K562	cell-line	cell-line	cell-line	none	profile	passed
ENCFF103QRT	ENCFF103QRT	ENCSR993LMB	ENCSR943QHF	BPNet	sequence contribution scores profile	bigWig	ChIP-seq	TGIF2	HepG2	cell-line	cell-line	cell-line	none	profile	passed
ENCFF572BLO	ENCFF572BLO	ENCSR910UQX	ENCSR196PHG	BPNet	sequence contribution scores profile	bigWig	ChIP-seq	TGIF2	WTC11	cell-line	cell-line	cell-line	none	profile	passed
ENCFF072KRO	ENCFF072KRO	ENCSR000BNN	ENCSR817TLV	BPNet	sequence contribution scores profile	bigWig	ChIP-seq	THAP1	K562	cell-line	cell-line	cell-line	none	profile	passed
ENCFF827CHT	ENCFF827CHT	ENCSR562POI	ENCSR016OLY	BPNet	sequence contribution scores profile	bigWig	ChIP-seq	THAP11	HepG2	cell-line	cell-line	cell-line	none	profile	passed
ENCFF329GKX	ENCFF329GKX	ENCSR551QJT	ENCSR262IPW	BPNet	sequence contribution scores profile	bigWig	ChIP-seq	THRA	HepG2	cell-line	cell-line	cell-line	none	profile	passed
ENCFF744LQU	ENCFF744LQU	ENCSR264CZJ	ENCSR668XFM	BPNet	sequence contribution scores profile	bigWig	ChIP-seq	THRA	K562	cell-line	cell-line	cell-line	none	profile	passed
ENCFF958QGH	ENCFF958QGH	ENCSR430JGJ	ENCSR015WPR	BPNet	sequence contribution scores profile	bigWig	ChIP-seq	THRB	HepG2	cell-line	cell-line	cell-line	none	profile	passed
ENCFF374QVC	ENCFF374QVC	ENCSR112XUO	ENCSR143XGL	BPNet	sequence contribution scores profile	bigWig	ChIP-seq	TP53	A549	cell-line	cell-line	cell-line	none	profile	passed
ENCFF511XZT	ENCFF511XZT	ENCSR980EGJ	ENCSR636VPX	BPNet	sequence contribution scores profile	bigWig	ChIP-seq	TP53	HepG2	cell-line	cell-line	cell-line	none	profile	passed
ENCFF134SJX	ENCFF134SJX	ENCSR760GZL	ENCSR435SAV	BPNet	sequence contribution scores profile	bigWig	ChIP-seq	TP53	WTC11	cell-line	cell-line	cell-line	none	profile	passed
ENCFF117JDN	ENCFF117JDN	ENCSR282NLQ	ENCSR410KJV	BPNet	sequence contribution scores profile	bigWig	ChIP-seq	TSHZ2	SK-N-SH	cell-line	cell-line	cell-line	none	profile	passed
ENCFF037JPC	ENCFF037JPC	ENCSR000BJB	ENCSR054RWA	BPNet	sequence contribution scores profile	bigWig	ChIP-seq	USF1	A549	cell-line	cell-line	cell-line	none	profile	passed
ENCFF162JFZ	ENCFF162JFZ	ENCSR000BHX	ENCSR586UXJ	BPNet	sequence contribution scores profile	bigWig	ChIP-seq	USF1	A549	cell-line	cell-line	cell-line	none	profile	passed
ENCFF750NSW	ENCFF750NSW	ENCSR000BPV	ENCSR983UAU	BPNet	sequence contribution scores profile	bigWig	ChIP-seq	USF1	A549	cell-line	cell-line	cell-line	none	profile	passed
ENCFF005OZW	ENCFF005OZW	ENCSR000BGI	ENCSR511BKM	BPNet	sequence contribution scores profile	bigWig	ChIP-seq	USF1	GM12878	cell-line	cell-line	cell-line	none	profile	passed
ENCFF796AOG	ENCFF796AOG	ENCSR000BIU	ENCSR516GXG	BPNet	sequence contribution scores profile	bigWig	ChIP-seq	USF1	H1	cell-line	cell-line	cell-line	none	profile	passed
ENCFF731BIB	ENCFF731BIB	ENCSR000BVK	ENCSR462DYM	BPNet	sequence contribution scores profile	bigWig	ChIP-seq	USF1	HCT116	cell-line	cell-line	cell-line	none	profile	passed
ENCFF549UDJ	ENCFF549UDJ	ENCSR000BGM	ENCSR830EXL	BPNet	sequence contribution scores profile	bigWig	ChIP-seq	USF1	HepG2	cell-line	cell-line	cell-line	none	profile	passed
ENCFF710GLM	ENCFF710GLM	ENCSR099FCQ	ENCSR969UXT	BPNet	sequence contribution scores profile	bigWig	ChIP-seq	USF1	HepG2	cell-line	cell-line	cell-line	none	profile	passed
ENCFF420YXK	ENCFF420YXK	ENCSR000BSX	ENCSR684JSF	BPNet	sequence contribution scores profile	bigWig	ChIP-seq	USF1	Ishikawa	cell-line	cell-line	cell-line	none	profile	passed
ENCFF791UNB	ENCFF791UNB	ENCSR787CHF	ENCSR910XFU	BPNet	sequence contribution scores profile	bigWig	ChIP-seq	USF1	K562	cell-line	cell-line	cell-line	none	profile	passed
ENCFF825MIC	ENCFF825MIC	ENCSR000BKT	ENCSR524FDF	BPNet	sequence contribution scores profile	bigWig	ChIP-seq	USF1	K562	cell-line	cell-line	cell-line	none	profile	passed
ENCFF863KUE	ENCFF863KUE	ENCSR000BTZ	ENCSR909XMT	BPNet	sequence contribution scores profile	bigWig	ChIP-seq	USF1	SK-N-SH	cell-line	cell-line	cell-line	none	profile	passed
ENCFF996KVM	ENCFF996KVM	ENCSR000BMF	ENCSR204CFN	BPNet	sequence contribution scores profile	bigWig	ChIP-seq	USF1	SK-N-SH	cell-line	cell-line	cell-line	none	profile	passed
ENCFF026BMG	ENCFF026BMG	ENCSR248QBT	ENCSR373FAY	BPNet	sequence contribution scores profile	bigWig	ChIP-seq	USF1	WTC11	cell-line	cell-line	cell-line	none	profile	passed
ENCFF615BDK	ENCFF615BDK	ENCSR563FBT	ENCSR476XIR	BPNet	sequence contribution scores profile	bigWig	ChIP-seq	USF2	A549	cell-line	cell-line	cell-line	none	profile	passed
ENCFF848DOW	ENCFF848DOW	ENCSR000DZU	ENCSR355QCJ	BPNet	sequence contribution scores profile	bigWig	ChIP-seq	USF2	GM12878	cell-line	cell-line	cell-line	none	profile	passed
ENCFF119KUF	ENCFF119KUF	ENCSR000ECD	ENCSR859LAQ	BPNet	sequence contribution scores profile	bigWig	ChIP-seq	USF2	H1	cell-line	cell-line	cell-line	none	profile	passed
ENCFF327CCZ	ENCFF327CCZ	ENCSR000ECW	ENCSR577OOY	BPNet	sequence contribution scores profile	bigWig	ChIP-seq	USF2	HeLa-S3	cell-line	cell-line	cell-line	none	profile	passed
ENCFF134ZGA	ENCFF134ZGA	ENCSR000EEF	ENCSR376OGT	BPNet	sequence contribution scores profile	bigWig	ChIP-seq	USF2	HepG2	cell-line	cell-line	cell-line	none	profile	passed
ENCFF773WUU	ENCFF773WUU	ENCSR145QNL	ENCSR241GBH	BPNet	sequence contribution scores profile	bigWig	ChIP-seq	USF2	HepG2	cell-line	cell-line	cell-line	none	profile	passed
ENCFF954GJG	ENCFF954GJG	ENCSR513UQG	ENCSR638GTJ	BPNet	sequence contribution scores profile	bigWig	ChIP-seq	USF2	IMR-90	cell-line	cell-line	cell-line	none	profile	passed
ENCFF069UBD	ENCFF069UBD	ENCSR578KEN	ENCSR074MKL	BPNet	sequence contribution scores profile	bigWig	ChIP-seq	USF2	K562	cell-line	cell-line	cell-line	none	profile	passed
ENCFF325RWE	ENCFF325RWE	ENCSR000EHG	ENCSR637VKB	BPNet	sequence contribution scores profile	bigWig	ChIP-seq	USF2	K562	cell-line	cell-line	cell-line	none	profile	passed
ENCFF511UNX	ENCFF511UNX	ENCSR359NFW	ENCSR720OWM	BPNet	sequence contribution scores profile	bigWig	ChIP-seq	USF2	K562	cell-line	cell-line	cell-line	none	profile	passed
ENCFF381LQG	ENCFF381LQG	ENCSR945NFL	ENCSR861TDJ	BPNet	sequence contribution scores profile	bigWig	ChIP-seq	USF2	SK-N-SH	cell-line	cell-line	cell-line	none	profile	passed
ENCFF810OOP	ENCFF810OOP	ENCSR229QAN	ENCSR218ZQT	BPNet	sequence contribution scores profile	bigWig	ChIP-seq	USF2	WTC11	cell-line	cell-line	cell-line	none	profile	passed
ENCFF112EIX	ENCFF112EIX	ENCSR189YMA	ENCSR970FXF	BPNet	sequence contribution scores profile	bigWig	ChIP-seq	VEZF1	K562	cell-line	cell-line	cell-line	none	profile	passed
ENCFF222OQQ	ENCFF222OQQ	ENCSR966PJJ	ENCSR129GSW	BPNet	sequence contribution scores profile	bigWig	ChIP-seq	WT1	HEK293	cell-line	cell-line	cell-line	none	profile	passed
ENCFF169UIJ	ENCFF169UIJ	ENCSR988EVQ	ENCSR431QUE	BPNet	sequence contribution scores profile	bigWig	ChIP-seq	XBP1	HepG2	cell-line	cell-line	cell-line	none	profile	passed
ENCFF364XUQ	ENCFF364XUQ	ENCSR000BPM	ENCSR623ODG	BPNet	sequence contribution scores profile	bigWig	ChIP-seq	YY1	A549	cell-line	cell-line	cell-line	none	profile	passed
ENCFF443PQX	ENCFF443PQX	ENCSR000EUM	ENCSR401RIZ	BPNet	sequence contribution scores profile	bigWig	ChIP-seq	YY1	GM12878	cell-line	cell-line	cell-line	none	profile	passed
ENCFF712HTC	ENCFF712HTC	ENCSR000BNP	ENCSR466HDF	BPNet	sequence contribution scores profile	bigWig	ChIP-seq	YY1	GM12878	cell-line	cell-line	cell-line	none	profile	passed
ENCFF282VOX	ENCFF282VOX	ENCSR000BKJ	ENCSR407QBH	BPNet	sequence contribution scores profile	bigWig	ChIP-seq	YY1	GM12891	cell-line	cell-line	cell-line	none	profile	passed
ENCFF424NOG	ENCFF424NOG	ENCSR000BLT	ENCSR805DUE	BPNet	sequence contribution scores profile	bigWig	ChIP-seq	YY1	GM12892	cell-line	cell-line	cell-line	none	profile	passed
ENCFF447HPV	ENCFF447HPV	ENCSR000BKD	ENCSR123TMK	BPNet	sequence contribution scores profile	bigWig	ChIP-seq	YY1	H1	cell-line	cell-line	cell-line	none	profile	passed
ENCFF555BBV	ENCFF555BBV	ENCSR000BNX	ENCSR976XZG	BPNet	sequence contribution scores profile	bigWig	ChIP-seq	YY1	HCT116	cell-line	cell-line	cell-line	none	profile	passed
ENCFF049XCN	ENCFF049XCN	ENCSR859RAO	ENCSR972DQJ	BPNet	sequence contribution scores profile	bigWig	ChIP-seq	YY1	HEK293	cell-line	cell-line	cell-line	none	profile	passed
ENCFF795SOT	ENCFF795SOT	ENCSR000BNT	ENCSR715ALH	BPNet	sequence contribution scores profile	bigWig	ChIP-seq	YY1	HepG2	cell-line	cell-line	cell-line	none	profile	passed
ENCFF447JUA	ENCFF447JUA	ENCSR000BSY	ENCSR809DOC	BPNet	sequence contribution scores profile	bigWig	ChIP-seq	YY1	Ishikawa	cell-line	cell-line	cell-line	none	profile	passed
ENCFF257VLI	ENCFF257VLI	ENCSR000BMH	ENCSR763WTY	BPNet	sequence contribution scores profile	bigWig	ChIP-seq	YY1	K562	cell-line	cell-line	cell-line	none	profile	passed
ENCFF532GCA	ENCFF532GCA	ENCSR000BKU	ENCSR141YSY	BPNet	sequence contribution scores profile	bigWig	ChIP-seq	YY1	K562	cell-line	cell-line	cell-line	none	profile	passed
ENCFF783UWK	ENCFF783UWK	ENCSR000EWF	ENCSR911NSC	BPNet	sequence contribution scores profile	bigWig	ChIP-seq	YY1	K562	cell-line	cell-line	cell-line	none	profile	passed
ENCFF836JVY	ENCFF836JVY	ENCSR000EXG	ENCSR918YXR	BPNet	sequence contribution scores profile	bigWig	ChIP-seq	YY1	NT2/D1	cell-line	cell-line	cell-line	none	profile	passed
ENCFF160MLF	ENCFF160MLF	ENCSR000BSM	ENCSR098EIV	BPNet	sequence contribution scores profile	bigWig	ChIP-seq	YY1	SK-N-SH	cell-line	cell-line	cell-line	none	profile	passed
ENCFF923RJG	ENCFF923RJG	ENCSR000BLZ	ENCSR538CIU	BPNet	sequence contribution scores profile	bigWig	ChIP-seq	YY1	SK-N-SH	cell-line	cell-line	cell-line	none	profile	passed
ENCFF738XYD	ENCFF738XYD	ENCSR382MOM	ENCSR628OOA	BPNet	sequence contribution scores profile	bigWig	ChIP-seq	YY1	liver	liver	liver	digestive-system	none	profile	passed
ENCFF854JTK	ENCFF854JTK	ENCSR994YLZ	ENCSR998DCF	BPNet	sequence contribution scores profile	bigWig	ChIP-seq	YY1	liver	liver	liver	digestive-system	none	profile	passed
ENCFF367BRN	ENCFF367BRN	ENCSR692HSE	ENCSR313BRF	BPNet	sequence contribution scores profile	bigWig	ChIP-seq	YY2	HEK293	cell-line	cell-line	cell-line	none	profile	passed
ENCFF824HAA	ENCFF824HAA	ENCSR207PFI	ENCSR975UIJ	BPNet	sequence contribution scores profile	bigWig	ChIP-seq	ZBED1	GM12878	cell-line	cell-line	cell-line	none	profile	passed
ENCFF662QRR	ENCFF662QRR	ENCSR409PMR	ENCSR554MLU	BPNet	sequence contribution scores profile	bigWig	ChIP-seq	ZBED4	HepG2	cell-line	cell-line	cell-line	none	profile	passed
ENCFF935FOD	ENCFF935FOD	ENCSR656SIB	ENCSR000RSV	BPNet	sequence contribution scores profile	bigWig	ChIP-seq	ZBED5	HepG2	cell-line	cell-line	cell-line	none	profile	passed
ENCFF917CXF	ENCFF917CXF	ENCSR057DTZ	ENCSR549XOW	BPNet	sequence contribution scores profile	bigWig	ChIP-seq	ZBTB11	GM12878	cell-line	cell-line	cell-line	none	profile	passed
ENCFF647WFJ	ENCFF647WFJ	ENCSR882ZTS	ENCSR475ZNU	BPNet	sequence contribution scores profile	bigWig	ChIP-seq	ZBTB11	HEK293	cell-line	cell-line	cell-line	none	profile	passed
ENCFF038NJG	ENCFF038NJG	ENCSR706BJO	ENCSR873OML	BPNet	sequence contribution scores profile	bigWig	ChIP-seq	ZBTB11	K562	cell-line	cell-line	cell-line	none	profile	passed
ENCFF700KIQ	ENCFF700KIQ	ENCSR985OYK	ENCSR327WKX	BPNet	sequence contribution scores profile	bigWig	ChIP-seq	ZBTB11	K562	cell-line	cell-line	cell-line	none	profile	passed
ENCFF856IJZ	ENCFF856IJZ	ENCSR331GDC	ENCSR135ESM	BPNet	sequence contribution scores profile	bigWig	ChIP-seq	ZBTB11	K562	cell-line	cell-line	cell-line	none	profile	passed
ENCFF472LWZ	ENCFF472LWZ	ENCSR155VDK	ENCSR336QZC	BPNet	sequence contribution scores profile	bigWig	ChIP-seq	ZBTB11	MCF-7	cell-line	cell-line	cell-line	none	profile	passed
ENCFF578BAD	ENCFF578BAD	ENCSR543KOA	ENCSR598KIL	BPNet	sequence contribution scores profile	bigWig	ChIP-seq	ZBTB12	HEK293	cell-line	cell-line	cell-line	none	profile	passed
ENCFF056YVK	ENCFF056YVK	ENCSR532WFC	ENCSR818NPV	BPNet	sequence contribution scores profile	bigWig	ChIP-seq	ZBTB14	HepG2	cell-line	cell-line	cell-line	none	profile	passed
ENCFF889BSX	ENCFF889BSX	ENCSR631WAA	ENCSR667GBL	BPNet	sequence contribution scores profile	bigWig	ChIP-seq	ZBTB17	HEK293	cell-line	cell-line	cell-line	none	profile	passed
ENCFF581AOE	ENCFF581AOE	ENCSR175MIA	ENCSR356QWJ	BPNet	sequence contribution scores profile	bigWig	ChIP-seq	ZBTB2	HepG2	cell-line	cell-line	cell-line	none	profile	passed
ENCFF388WTX	ENCFF388WTX	ENCSR321MSF	ENCSR374BHO	BPNet	sequence contribution scores profile	bigWig	ChIP-seq	ZBTB21	HEK293	cell-line	cell-line	cell-line	none	profile	passed
ENCFF904UKJ	ENCFF904UKJ	ENCSR549PAU	ENCSR546ZRV	BPNet	sequence contribution scores profile	bigWig	ChIP-seq	ZBTB21	HepG2	cell-line	cell-line	cell-line	none	profile	passed
ENCFF936TZH	ENCFF936TZH	ENCSR962BEI	ENCSR118JRA	BPNet	sequence contribution scores profile	bigWig	ChIP-seq	ZBTB21	WTC11	cell-line	cell-line	cell-line	none	profile	passed
ENCFF536NED	ENCFF536NED	ENCSR184SVO	ENCSR326ECX	BPNet	sequence contribution scores profile	bigWig	ChIP-seq	ZBTB26	HepG2	cell-line	cell-line	cell-line	none	profile	passed
ENCFF476AJA	ENCFF476AJA	ENCSR000BPZ	ENCSR783JAW	BPNet	sequence contribution scores profile	bigWig	ChIP-seq	ZBTB33	A549	cell-line	cell-line	cell-line	none	profile	passed
ENCFF792NPV	ENCFF792NPV	ENCSR000BHC	ENCSR996JFB	BPNet	sequence contribution scores profile	bigWig	ChIP-seq	ZBTB33	GM12878	cell-line	cell-line	cell-line	none	profile	passed
ENCFF249RJK	ENCFF249RJK	ENCSR000BNY	ENCSR232OWT	BPNet	sequence contribution scores profile	bigWig	ChIP-seq	ZBTB33	HCT116	cell-line	cell-line	cell-line	none	profile	passed
ENCFF080SZB	ENCFF080SZB	ENCSR000BHR	ENCSR936MXU	BPNet	sequence contribution scores profile	bigWig	ChIP-seq	ZBTB33	HepG2	cell-line	cell-line	cell-line	none	profile	passed
ENCFF858FVF	ENCFF858FVF	ENCSR000BNA	ENCSR045NYB	BPNet	sequence contribution scores profile	bigWig	ChIP-seq	ZBTB33	HepG2	cell-line	cell-line	cell-line	none	profile	passed
ENCFF631WID	ENCFF631WID	ENCSR000BKF	ENCSR933IYO	BPNet	sequence contribution scores profile	bigWig	ChIP-seq	ZBTB33	K562	cell-line	cell-line	cell-line	none	profile	passed
ENCFF750EWW	ENCFF750EWW	ENCSR000BTS	ENCSR546ZGT	BPNet	sequence contribution scores profile	bigWig	ChIP-seq	ZBTB33	SK-N-SH	cell-line	cell-line	cell-line	none	profile	passed
ENCFF411BCA	ENCFF411BCA	ENCSR943MQH	ENCSR575OXS	BPNet	sequence contribution scores profile	bigWig	ChIP-seq	ZBTB33	WTC11	cell-line	cell-line	cell-line	none	profile	passed
ENCFF549MZH	ENCFF549MZH	ENCSR516HUP	ENCSR700BQI	BPNet	sequence contribution scores profile	bigWig	ChIP-seq	ZBTB33	liver	liver	liver	digestive-system	none	profile	passed
ENCFF682SXZ	ENCFF682SXZ	ENCSR345YWJ	ENCSR900SAH	BPNet	sequence contribution scores profile	bigWig	ChIP-seq	ZBTB33	liver	liver	liver	digestive-system	none	profile	passed
ENCFF874IUQ	ENCFF874IUQ	ENCSR775YXE	ENCSR002PIA	BPNet	sequence contribution scores profile	bigWig	ChIP-seq	ZBTB37	HepG2	cell-line	cell-line	cell-line	none	profile	passed
ENCFF763WGW	ENCFF763WGW	ENCSR189YYK	ENCSR823DBW	BPNet	sequence contribution scores profile	bigWig	ChIP-seq	ZBTB40	GM12878	cell-line	cell-line	cell-line	none	profile	passed
ENCFF337WZM	ENCFF337WZM	ENCSR200AWS	ENCSR351SGY	BPNet	sequence contribution scores profile	bigWig	ChIP-seq	ZBTB40	HepG2	cell-line	cell-line	cell-line	none	profile	passed
ENCFF946EHI	ENCFF946EHI	ENCSR525YFS	ENCSR668FSC	BPNet	sequence contribution scores profile	bigWig	ChIP-seq	ZBTB40	HepG2	cell-line	cell-line	cell-line	none	profile	passed
ENCFF014FWW	ENCFF014FWW	ENCSR158RYZ	ENCSR512YWH	BPNet	sequence contribution scores profile	bigWig	ChIP-seq	ZBTB40	K562	cell-line	cell-line	cell-line	none	profile	passed
ENCFF116KRE	ENCFF116KRE	ENCSR579YNY	ENCSR629SAH	BPNet	sequence contribution scores profile	bigWig	ChIP-seq	ZBTB40	K562	cell-line	cell-line	cell-line	none	profile	passed
ENCFF459NYS	ENCFF459NYS	ENCSR237VLT	ENCSR087JVK	BPNet	sequence contribution scores profile	bigWig	ChIP-seq	ZBTB40	K562	cell-line	cell-line	cell-line	none	profile	passed
ENCFF152QSO	ENCFF152QSO	ENCSR318LVG	ENCSR580KUK	BPNet	sequence contribution scores profile	bigWig	ChIP-seq	ZBTB40	MCF-7	cell-line	cell-line	cell-line	none	profile	passed
ENCFF827AHQ	ENCFF827AHQ	ENCSR232AAR	ENCSR701JFB	BPNet	sequence contribution scores profile	bigWig	ChIP-seq	ZBTB42	HepG2	cell-line	cell-line	cell-line	none	profile	passed
ENCFF303JKK	ENCFF303JKK	ENCSR076STQ	ENCSR015WPQ	BPNet	sequence contribution scores profile	bigWig	ChIP-seq	ZBTB44	HEK293	cell-line	cell-line	cell-line	none	profile	passed
ENCFF310RNR	ENCFF310RNR	ENCSR781EQJ	ENCSR798RSV	BPNet	sequence contribution scores profile	bigWig	ChIP-seq	ZBTB48	HEK293	cell-line	cell-line	cell-line	none	profile	passed
ENCFF480UXR	ENCFF480UXR	ENCSR389PWB	ENCSR473KQM	BPNet	sequence contribution scores profile	bigWig	ChIP-seq	ZBTB5	K562	cell-line	cell-line	cell-line	none	profile	passed
ENCFF669ECJ	ENCFF669ECJ	ENCSR786OQY	ENCSR012UFW	BPNet	sequence contribution scores profile	bigWig	ChIP-seq	ZBTB5	K562	cell-line	cell-line	cell-line	none	profile	passed
ENCFF596HXF	ENCFF596HXF	ENCSR619OUC	ENCSR309MGH	BPNet	sequence contribution scores profile	bigWig	ChIP-seq	ZBTB6	HEK293	cell-line	cell-line	cell-line	none	profile	passed
ENCFF392IOS	ENCFF392IOS	ENCSR481FEC	ENCSR761KMA	BPNet	sequence contribution scores profile	bigWig	ChIP-seq	ZBTB8A	HEK293	cell-line	cell-line	cell-line	none	profile	passed
ENCFF358VDG	ENCFF358VDG	ENCSR625XAV	ENCSR893JLL	BPNet	sequence contribution scores profile	bigWig	ChIP-seq	ZBTB8A	HepG2	cell-line	cell-line	cell-line	none	profile	passed
ENCFF725HMT	ENCFF725HMT	ENCSR000BND	ENCSR759DXD	BPNet	sequence contribution scores profile	bigWig	ChIP-seq	ZEB1	GM12878	cell-line	cell-line	cell-line	none	profile	passed
ENCFF655TRL	ENCFF655TRL	ENCSR909HMT	ENCSR424NLV	BPNet	sequence contribution scores profile	bigWig	ChIP-seq	ZEB1	HEK293	cell-line	cell-line	cell-line	none	profile	passed
ENCFF964CKF	ENCFF964CKF	ENCSR000BVN	ENCSR864UBB	BPNet	sequence contribution scores profile	bigWig	ChIP-seq	ZEB1	HepG2	cell-line	cell-line	cell-line	none	profile	passed
ENCFF577YKJ	ENCFF577YKJ	ENCSR418KUS	ENCSR167ATD	BPNet	sequence contribution scores profile	bigWig	ChIP-seq	ZEB1	bipolar-neuron	neuron	nerve	central-nervous-system	none	profile	passed
ENCFF940RMT	ENCFF940RMT	ENCSR417VWF	ENCSR320EEO	BPNet	sequence contribution scores profile	bigWig	ChIP-seq	ZEB2	HEK293	cell-line	cell-line	cell-line	none	profile	passed
ENCFF228LLU	ENCFF228LLU	ENCSR004GKA	ENCSR131HUW	BPNet	sequence contribution scores profile	bigWig	ChIP-seq	ZEB2	K562	cell-line	cell-line	cell-line	none	profile	passed
ENCFF937VIE	ENCFF937VIE	ENCSR322CFO	ENCSR981GUY	BPNet	sequence contribution scores profile	bigWig	ChIP-seq	ZEB2	K562	cell-line	cell-line	cell-line	none	profile	passed
ENCFF703ZVE	ENCFF703ZVE	ENCSR409DYM	ENCSR616OXL	BPNet	sequence contribution scores profile	bigWig	ChIP-seq	ZFAT	HepG2	cell-line	cell-line	cell-line	none	profile	passed
ENCFF610WCM	ENCFF610WCM	ENCSR879RGN	ENCSR339CDB	BPNet	sequence contribution scores profile	bigWig	ChIP-seq	ZFHX3	HepG2	cell-line	cell-line	cell-line	none	profile	passed
ENCFF808NDY	ENCFF808NDY	ENCSR586DEH	ENCSR556WFV	BPNet	sequence contribution scores profile	bigWig	ChIP-seq	ZFP1	HepG2	cell-line	cell-line	cell-line	none	profile	passed
ENCFF310KRQ	ENCFF310KRQ	ENCSR134QIE	ENCSR097ZPZ	BPNet	sequence contribution scores profile	bigWig	ChIP-seq	ZFP3	HEK293	cell-line	cell-line	cell-line	none	profile	passed
ENCFF138SLJ	ENCFF138SLJ	ENCSR581GUY	ENCSR333QKK	BPNet	sequence contribution scores profile	bigWig	ChIP-seq	ZFP3	SK-N-SH	cell-line	cell-line	cell-line	none	profile	passed
ENCFF629LXW	ENCFF629LXW	ENCSR365GRX	ENCSR068EXE	BPNet	sequence contribution scores profile	bigWig	ChIP-seq	ZFP37	HEK293	cell-line	cell-line	cell-line	none	profile	passed
ENCFF533GLW	ENCFF533GLW	ENCSR678KUJ	ENCSR551SZJ	BPNet	sequence contribution scores profile	bigWig	ChIP-seq	ZFP91	HepG2	cell-line	cell-line	cell-line	none	profile	passed
ENCFF338DNB	ENCFF338DNB	ENCSR898XMH	ENCSR673ZFH	BPNet	sequence contribution scores profile	bigWig	ChIP-seq	ZFP91	K562	cell-line	cell-line	cell-line	none	profile	passed
ENCFF683MNB	ENCFF683MNB	ENCSR201DCF	ENCSR493AYF	BPNet	sequence contribution scores profile	bigWig	ChIP-seq	ZFP91	K562	cell-line	cell-line	cell-line	none	profile	passed
ENCFF211MKB	ENCFF211MKB	ENCSR949OEV	ENCSR132EJY	BPNet	sequence contribution scores profile	bigWig	ChIP-seq	ZFY	HepG2	cell-line	cell-line	cell-line	none	profile	passed
ENCFF293HVP	ENCFF293HVP	ENCSR887MXT	ENCSR813OAN	BPNet	sequence contribution scores profile	bigWig	ChIP-seq	ZHX1	HeLa-S3	cell-line	cell-line	cell-line	none	profile	passed
ENCFF507FTO	ENCFF507FTO	ENCSR978DQT	ENCSR930QQH	BPNet	sequence contribution scores profile	bigWig	ChIP-seq	ZHX1	HepG2	cell-line	cell-line	cell-line	none	profile	passed
ENCFF931PWJ	ENCFF931PWJ	ENCSR401VBM	ENCSR785ULR	BPNet	sequence contribution scores profile	bigWig	ChIP-seq	ZHX2	HepG2	cell-line	cell-line	cell-line	none	profile	passed
ENCFF735ROC	ENCFF735ROC	ENCSR728MWW	ENCSR084MUM	BPNet	sequence contribution scores profile	bigWig	ChIP-seq	ZIC2	HEK293	cell-line	cell-line	cell-line	none	profile	passed
ENCFF334UHZ	ENCFF334UHZ	ENCSR000ECJ	ENCSR467JKG	BPNet	sequence contribution scores profile	bigWig	ChIP-seq	ZKSCAN1	HeLa-S3	cell-line	cell-line	cell-line	none	profile	passed
ENCFF258NBA	ENCFF258NBA	ENCSR882ERE	ENCSR392WCU	BPNet	sequence contribution scores profile	bigWig	ChIP-seq	ZKSCAN1	K562	cell-line	cell-line	cell-line	none	profile	passed
ENCFF494RFO	ENCFF494RFO	ENCSR449UFF	ENCSR836IBM	BPNet	sequence contribution scores profile	bigWig	ChIP-seq	ZKSCAN1	MCF-7	cell-line	cell-line	cell-line	none	profile	passed
ENCFF113NOW	ENCFF113NOW	ENCSR159BTO	ENCSR899YIJ	BPNet	sequence contribution scores profile	bigWig	ChIP-seq	ZKSCAN5	HepG2	cell-line	cell-line	cell-line	none	profile	passed
ENCFF361WHM	ENCFF361WHM	ENCSR808FFI	ENCSR318CNS	BPNet	sequence contribution scores profile	bigWig	ChIP-seq	ZKSCAN8	HepG2	cell-line	cell-line	cell-line	none	profile	passed
ENCFF558MMD	ENCFF558MMD	ENCSR448UKK	ENCSR648SBK	BPNet	sequence contribution scores profile	bigWig	ChIP-seq	ZKSCAN8	K562	cell-line	cell-line	cell-line	none	profile	passed
ENCFF054PMR	ENCFF054PMR	ENCSR751PNN	ENCSR680TYT	BPNet	sequence contribution scores profile	bigWig	ChIP-seq	ZNF112	HEK293	cell-line	cell-line	cell-line	none	profile	passed
ENCFF202TYC	ENCFF202TYC	ENCSR711KBM	ENCSR835UBF	BPNet	sequence contribution scores profile	bigWig	ChIP-seq	ZNF12	HepG2	cell-line	cell-line	cell-line	none	profile	passed
ENCFF289BIF	ENCFF289BIF	ENCSR041YBR	ENCSR035AXW	BPNet	sequence contribution scores profile	bigWig	ChIP-seq	ZNF12	K562	cell-line	cell-line	cell-line	none	profile	passed
ENCFF376QOE	ENCFF376QOE	ENCSR224QDY	ENCSR370XXE	BPNet	sequence contribution scores profile	bigWig	ChIP-seq	ZNF121	HEK293	cell-line	cell-line	cell-line	none	profile	passed
ENCFF058SAL	ENCFF058SAL	ENCSR945QEW	ENCSR279WZH	BPNet	sequence contribution scores profile	bigWig	ChIP-seq	ZNF121	HepG2	cell-line	cell-line	cell-line	none	profile	passed
ENCFF496PRX	ENCFF496PRX	ENCSR799URB	ENCSR391MTA	BPNet	sequence contribution scores profile	bigWig	ChIP-seq	ZNF121	K562	cell-line	cell-line	cell-line	none	profile	passed
ENCFF858MXC	ENCFF858MXC	ENCSR283MWQ	ENCSR039OVW	BPNet	sequence contribution scores profile	bigWig	ChIP-seq	ZNF133	HEK293	cell-line	cell-line	cell-line	none	profile	passed
ENCFF541YBK	ENCFF541YBK	ENCSR553NTC	ENCSR725JVK	BPNet	sequence contribution scores profile	bigWig	ChIP-seq	ZNF134	K562	cell-line	cell-line	cell-line	none	profile	passed
ENCFF707KWF	ENCFF707KWF	ENCSR464KFG	ENCSR374NAK	BPNet	sequence contribution scores profile	bigWig	ChIP-seq	ZNF140	HEK293	cell-line	cell-line	cell-line	none	profile	passed
ENCFF865NJQ	ENCFF865NJQ	ENCSR512ECF	ENCSR101IBF	BPNet	sequence contribution scores profile	bigWig	ChIP-seq	ZNF142	HepG2	cell-line	cell-line	cell-line	none	profile	passed
ENCFF447KVN	ENCFF447KVN	ENCSR080UEM	ENCSR622AVH	BPNet	sequence contribution scores profile	bigWig	ChIP-seq	ZNF143	HepG2	cell-line	cell-line	cell-line	none	profile	passed
ENCFF198FSG	ENCFF198FSG	ENCSR427WZJ	ENCSR694XKS	BPNet	sequence contribution scores profile	bigWig	ChIP-seq	ZNF143	K562	cell-line	cell-line	cell-line	none	profile	passed
ENCFF285VZH	ENCFF285VZH	ENCSR063FUV	ENCSR643MAZ	BPNet	sequence contribution scores profile	bigWig	ChIP-seq	ZNF143	WTC11	cell-line	cell-line	cell-line	none	profile	passed
ENCFF238QNY	ENCFF238QNY	ENCSR689YFA	ENCSR026AKK	BPNet	sequence contribution scores profile	bigWig	ChIP-seq	ZNF146	HEK293	cell-line	cell-line	cell-line	none	profile	passed
ENCFF129XYF	ENCFF129XYF	ENCSR957LTN	ENCSR960XYX	BPNet	sequence contribution scores profile	bigWig	ChIP-seq	ZNF146	HepG2	cell-line	cell-line	cell-line	none	profile	passed
ENCFF732OSA	ENCFF732OSA	ENCSR713IFY	ENCSR132QOJ	BPNet	sequence contribution scores profile	bigWig	ChIP-seq	ZNF146	K562	cell-line	cell-line	cell-line	none	profile	passed
ENCFF190ZHF	ENCFF190ZHF	ENCSR018MSO	ENCSR954JSO	BPNet	sequence contribution scores profile	bigWig	ChIP-seq	ZNF148	K562	cell-line	cell-line	cell-line	none	profile	passed
ENCFF431YON	ENCFF431YON	ENCSR564YYW	ENCSR213DSH	BPNet	sequence contribution scores profile	bigWig	ChIP-seq	ZNF157	HEK293	cell-line	cell-line	cell-line	none	profile	passed
ENCFF300RCP	ENCFF300RCP	ENCSR093HXE	ENCSR101YMY	BPNet	sequence contribution scores profile	bigWig	ChIP-seq	ZNF16	HEK293	cell-line	cell-line	cell-line	none	profile	passed
ENCFF165IMW	ENCFF165IMW	ENCSR011PEI	ENCSR983EKD	BPNet	sequence contribution scores profile	bigWig	ChIP-seq	ZNF175	K562	cell-line	cell-line	cell-line	none	profile	passed
ENCFF505RDL	ENCFF505RDL	ENCSR977HTH	ENCSR114LPS	BPNet	sequence contribution scores profile	bigWig	ChIP-seq	ZNF18	HEK293	cell-line	cell-line	cell-line	none	profile	passed
ENCFF437MJD	ENCFF437MJD	ENCSR553ZJQ	ENCSR672NTT	BPNet	sequence contribution scores profile	bigWig	ChIP-seq	ZNF18	HepG2	cell-line	cell-line	cell-line	none	profile	passed
ENCFF915NJH	ENCFF915NJH	ENCSR020UPN	ENCSR263RCM	BPNet	sequence contribution scores profile	bigWig	ChIP-seq	ZNF184	HEK293	cell-line	cell-line	cell-line	none	profile	passed
ENCFF150GBW	ENCFF150GBW	ENCSR546IHU	ENCSR869HTL	BPNet	sequence contribution scores profile	bigWig	ChIP-seq	ZNF184	K562	cell-line	cell-line	cell-line	none	profile	passed
ENCFF265VLA	ENCFF265VLA	ENCSR621ATC	ENCSR229FNP	BPNet	sequence contribution scores profile	bigWig	ChIP-seq	ZNF184	K562	cell-line	cell-line	cell-line	none	profile	passed
ENCFF997DAI	ENCFF997DAI	ENCSR526HRN	ENCSR322UJZ	BPNet	sequence contribution scores profile	bigWig	ChIP-seq	ZNF184	K562	cell-line	cell-line	cell-line	none	profile	passed
ENCFF883TFX	ENCFF883TFX	ENCSR640STN	ENCSR901OTZ	BPNet	sequence contribution scores profile	bigWig	ChIP-seq	ZNF184	WTC11	cell-line	cell-line	cell-line	none	profile	passed
ENCFF286UQJ	ENCFF286UQJ	ENCSR163RYW	ENCSR177YND	BPNet	sequence contribution scores profile	bigWig	ChIP-seq	ZNF189	HEK293	cell-line	cell-line	cell-line	none	profile	passed
ENCFF500QST	ENCFF500QST	ENCSR720PDY	ENCSR794XBB	BPNet	sequence contribution scores profile	bigWig	ChIP-seq	ZNF20	HepG2	cell-line	cell-line	cell-line	none	profile	passed
ENCFF110PJG	ENCFF110PJG	ENCSR157CEN	ENCSR574PLQ	BPNet	sequence contribution scores profile	bigWig	ChIP-seq	ZNF205	HepG2	cell-line	cell-line	cell-line	none	profile	passed
ENCFF858VBY	ENCFF858VBY	ENCSR365DQH	ENCSR520DWU	BPNet	sequence contribution scores profile	bigWig	ChIP-seq	ZNF211	HEK293	cell-line	cell-line	cell-line	none	profile	passed
ENCFF347JZQ	ENCFF347JZQ	ENCSR993DED	ENCSR054SSY	BPNet	sequence contribution scores profile	bigWig	ChIP-seq	ZNF214	HEK293	cell-line	cell-line	cell-line	none	profile	passed
ENCFF903VPH	ENCFF903VPH	ENCSR906PCS	ENCSR464VPP	BPNet	sequence contribution scores profile	bigWig	ChIP-seq	ZNF223	HEK293	cell-line	cell-line	cell-line	none	profile	passed
ENCFF360ODY	ENCFF360ODY	ENCSR679KXF	ENCSR340HRP	BPNet	sequence contribution scores profile	bigWig	ChIP-seq	ZNF23	HEK293	cell-line	cell-line	cell-line	none	profile	passed
ENCFF255QRH	ENCFF255QRH	ENCSR837GLU	ENCSR348QIE	BPNet	sequence contribution scores profile	bigWig	ChIP-seq	ZNF232	HepG2	cell-line	cell-line	cell-line	none	profile	passed
ENCFF465IXY	ENCFF465IXY	ENCSR360ECJ	ENCSR185CCX	BPNet	sequence contribution scores profile	bigWig	ChIP-seq	ZNF232	K562	cell-line	cell-line	cell-line	none	profile	passed
ENCFF534DVD	ENCFF534DVD	ENCSR440COG	ENCSR233CVW	BPNet	sequence contribution scores profile	bigWig	ChIP-seq	ZNF239	HEK293	cell-line	cell-line	cell-line	none	profile	passed
ENCFF826DWZ	ENCFF826DWZ	ENCSR606KTL	ENCSR955PBS	BPNet	sequence contribution scores profile	bigWig	ChIP-seq	ZNF239	K562	cell-line	cell-line	cell-line	none	profile	passed
ENCFF713TNX	ENCFF713TNX	ENCSR072PWP	ENCSR696HRR	BPNet	sequence contribution scores profile	bigWig	ChIP-seq	ZNF24	GM12878	cell-line	cell-line	cell-line	none	profile	passed
ENCFF160FPL	ENCFF160FPL	ENCSR984MDV	ENCSR012PCW	BPNet	sequence contribution scores profile	bigWig	ChIP-seq	ZNF24	HEK293	cell-line	cell-line	cell-line	none	profile	passed
ENCFF598PEF	ENCFF598PEF	ENCSR362NWP	ENCSR179TNV	BPNet	sequence contribution scores profile	bigWig	ChIP-seq	ZNF24	HepG2	cell-line	cell-line	cell-line	none	profile	passed
ENCFF835IMP	ENCFF835IMP	ENCSR791AGT	ENCSR109TRH	BPNet	sequence contribution scores profile	bigWig	ChIP-seq	ZNF24	HepG2	cell-line	cell-line	cell-line	none	profile	passed
ENCFF003TEJ	ENCFF003TEJ	ENCSR385AHH	ENCSR803RKQ	BPNet	sequence contribution scores profile	bigWig	ChIP-seq	ZNF24	K562	cell-line	cell-line	cell-line	none	profile	passed
ENCFF064SMC	ENCFF064SMC	ENCSR117WTM	ENCSR536QWE	BPNet	sequence contribution scores profile	bigWig	ChIP-seq	ZNF24	K562	cell-line	cell-line	cell-line	none	profile	passed
ENCFF470LZN	ENCFF470LZN	ENCSR099NCH	ENCSR622JDV	BPNet	sequence contribution scores profile	bigWig	ChIP-seq	ZNF24	K562	cell-line	cell-line	cell-line	none	profile	passed
ENCFF550EZT	ENCFF550EZT	ENCSR695EQB	ENCSR606DQT	BPNet	sequence contribution scores profile	bigWig	ChIP-seq	ZNF24	K562	cell-line	cell-line	cell-line	none	profile	passed
ENCFF698VCJ	ENCFF698VCJ	ENCSR503VTG	ENCSR910FKH	BPNet	sequence contribution scores profile	bigWig	ChIP-seq	ZNF24	MCF-7	cell-line	cell-line	cell-line	none	profile	passed
ENCFF412ADT	ENCFF412ADT	ENCSR338SEM	ENCSR594BQE	BPNet	sequence contribution scores profile	bigWig	ChIP-seq	ZNF248	HEK293	cell-line	cell-line	cell-line	none	profile	passed
ENCFF803YKU	ENCFF803YKU	ENCSR028EGI	ENCSR065HJU	BPNet	sequence contribution scores profile	bigWig	ChIP-seq	ZNF26	HEK293	cell-line	cell-line	cell-line	none	profile	passed
ENCFF793YKO	ENCFF793YKO	ENCSR000EVD	ENCSR143IUV	BPNet	sequence contribution scores profile	bigWig	ChIP-seq	ZNF263	HEK293	cell-line	cell-line	cell-line	none	profile	passed
ENCFF421HXU	ENCFF421HXU	ENCSR313MMD	ENCSR197RBG	BPNet	sequence contribution scores profile	bigWig	ChIP-seq	ZNF263	HepG2	cell-line	cell-line	cell-line	none	profile	passed
ENCFF035BNJ	ENCFF035BNJ	ENCSR000EWN	ENCSR229HUB	BPNet	sequence contribution scores profile	bigWig	ChIP-seq	ZNF263	K562	cell-line	cell-line	cell-line	none	profile	passed
ENCFF269DLA	ENCFF269DLA	ENCSR845GGY	ENCSR749YHO	BPNet	sequence contribution scores profile	bigWig	ChIP-seq	ZNF263	K562	cell-line	cell-line	cell-line	none	profile	passed
ENCFF554YWK	ENCFF554YWK	ENCSR156JWW	ENCSR162AVH	BPNet	sequence contribution scores profile	bigWig	ChIP-seq	ZNF263	WTC11	cell-line	cell-line	cell-line	none	profile	passed
ENCFF349OQS	ENCFF349OQS	ENCSR248BVU	ENCSR020DMV	BPNet	sequence contribution scores profile	bigWig	ChIP-seq	ZNF264	HepG2	cell-line	cell-line	cell-line	none	profile	passed
ENCFF143WWM	ENCFF143WWM	ENCSR466VYP	ENCSR521XAG	BPNet	sequence contribution scores profile	bigWig	ChIP-seq	ZNF266	HEK293	cell-line	cell-line	cell-line	none	profile	passed
ENCFF320BQG	ENCFF320BQG	ENCSR000EUI	ENCSR982WSU	BPNet	sequence contribution scores profile	bigWig	ChIP-seq	ZNF274	GM08714	cell-line	cell-line	cell-line	none	profile	passed
ENCFF613AGD	ENCFF613AGD	ENCSR000EUN	ENCSR912JCS	BPNet	sequence contribution scores profile	bigWig	ChIP-seq	ZNF274	H1	cell-line	cell-line	cell-line	none	profile	passed
ENCFF702UBU	ENCFF702UBU	ENCSR101FJM	ENCSR079PXR	BPNet	sequence contribution scores profile	bigWig	ChIP-seq	ZNF274	HCT116	cell-line	cell-line	cell-line	none	profile	passed
ENCFF998MXD	ENCFF998MXD	ENCSR178QVJ	ENCSR804PIO	BPNet	sequence contribution scores profile	bigWig	ChIP-seq	ZNF274	HEK293	cell-line	cell-line	cell-line	none	profile	passed
ENCFF518QHB	ENCFF518QHB	ENCSR000EVX	ENCSR253FIG	BPNet	sequence contribution scores profile	bigWig	ChIP-seq	ZNF274	K562	cell-line	cell-line	cell-line	none	profile	passed
ENCFF773THJ	ENCFF773THJ	ENCSR000EWY	ENCSR821NQF	BPNet	sequence contribution scores profile	bigWig	ChIP-seq	ZNF274	NT2/D1	cell-line	cell-line	cell-line	none	profile	passed
ENCFF476XUJ	ENCFF476XUJ	ENCSR403MJY	ENCSR712WOB	BPNet	sequence contribution scores profile	bigWig	ChIP-seq	ZNF281	HepG2	cell-line	cell-line	cell-line	none	profile	passed
ENCFF450MEB	ENCFF450MEB	ENCSR214EKV	ENCSR537AXI	BPNet	sequence contribution scores profile	bigWig	ChIP-seq	ZNF281	K562	cell-line	cell-line	cell-line	none	profile	passed
ENCFF131TMO	ENCFF131TMO	ENCSR032DGZ	ENCSR699TVO	BPNet	sequence contribution scores profile	bigWig	ChIP-seq	ZNF281	WTC11	cell-line	cell-line	cell-line	none	profile	passed
ENCFF463URN	ENCFF463URN	ENCSR742TMU	ENCSR610PAH	BPNet	sequence contribution scores profile	bigWig	ChIP-seq	ZNF282	K562	cell-line	cell-line	cell-line	none	profile	passed
ENCFF504IMC	ENCFF504IMC	ENCSR853BYT	ENCSR582TRX	BPNet	sequence contribution scores profile	bigWig	ChIP-seq	ZNF292	HepG2	cell-line	cell-line	cell-line	none	profile	passed
ENCFF861FDY	ENCFF861FDY	ENCSR862LJQ	ENCSR406XKS	BPNet	sequence contribution scores profile	bigWig	ChIP-seq	ZNF296	HepG2	cell-line	cell-line	cell-line	none	profile	passed
ENCFF149KXL	ENCFF149KXL	ENCSR934RJP	ENCSR155QUT	BPNet	sequence contribution scores profile	bigWig	ChIP-seq	ZNF3	K562	cell-line	cell-line	cell-line	none	profile	passed
ENCFF505KFI	ENCFF505KFI	ENCSR195QFV	ENCSR943BMU	BPNet	sequence contribution scores profile	bigWig	ChIP-seq	ZNF3	K562	cell-line	cell-line	cell-line	none	profile	passed
ENCFF249HDJ	ENCFF249HDJ	ENCSR513MGG	ENCSR967FUB	BPNet	sequence contribution scores profile	bigWig	ChIP-seq	ZNF302	HEK293	cell-line	cell-line	cell-line	none	profile	passed
ENCFF609OJL	ENCFF609OJL	ENCSR167KBO	ENCSR989MRU	BPNet	sequence contribution scores profile	bigWig	ChIP-seq	ZNF316	K562	cell-line	cell-line	cell-line	none	profile	passed
ENCFF901LEF	ENCFF901LEF	ENCSR200JYP	ENCSR182LDE	BPNet	sequence contribution scores profile	bigWig	ChIP-seq	ZNF316	K562	cell-line	cell-line	cell-line	none	profile	passed
ENCFF388FVP	ENCFF388FVP	ENCSR016OHL	ENCSR164VUV	BPNet	sequence contribution scores profile	bigWig	ChIP-seq	ZNF317	HepG2	cell-line	cell-line	cell-line	none	profile	passed
ENCFF081YQL	ENCFF081YQL	ENCSR976MXN	ENCSR390SED	BPNet	sequence contribution scores profile	bigWig	ChIP-seq	ZNF317	K562	cell-line	cell-line	cell-line	none	profile	passed
ENCFF024WBW	ENCFF024WBW	ENCSR795KRU	ENCSR329FHN	BPNet	sequence contribution scores profile	bigWig	ChIP-seq	ZNF317	WTC11	cell-line	cell-line	cell-line	none	profile	passed
ENCFF500OZE	ENCFF500OZE	ENCSR712KVZ	ENCSR861IYW	BPNet	sequence contribution scores profile	bigWig	ChIP-seq	ZNF324	K562	cell-line	cell-line	cell-line	none	profile	passed
ENCFF821WBX	ENCFF821WBX	ENCSR681KXT	ENCSR113XXA	BPNet	sequence contribution scores profile	bigWig	ChIP-seq	ZNF329	HepG2	cell-line	cell-line	cell-line	none	profile	passed
ENCFF259PPM	ENCFF259PPM	ENCSR918LRB	ENCSR494MGN	BPNet	sequence contribution scores profile	bigWig	ChIP-seq	ZNF331	GM23338	cell-line	cell-line	cell-line	none	profile	passed
ENCFF121FHW	ENCFF121FHW	ENCSR369TCR	ENCSR536CRO	BPNet	sequence contribution scores profile	bigWig	ChIP-seq	ZNF331	HepG2	cell-line	cell-line	cell-line	none	profile	passed
ENCFF118VFM	ENCFF118VFM	ENCSR185FOY	ENCSR866NFF	BPNet	sequence contribution scores profile	bigWig	ChIP-seq	ZNF341	HEK293	cell-line	cell-line	cell-line	none	profile	passed
ENCFF202PCC	ENCFF202PCC	ENCSR842SRB	ENCSR424FUY	BPNet	sequence contribution scores profile	bigWig	ChIP-seq	ZNF350	HepG2	cell-line	cell-line	cell-line	none	profile	passed
ENCFF673CAA	ENCFF673CAA	ENCSR715QNO	ENCSR361HXQ	BPNet	sequence contribution scores profile	bigWig	ChIP-seq	ZNF362	HEK293	cell-line	cell-line	cell-line	none	profile	passed
ENCFF048OTL	ENCFF048OTL	ENCSR032LZZ	ENCSR837NIM	BPNet	sequence contribution scores profile	bigWig	ChIP-seq	ZNF362	HepG2	cell-line	cell-line	cell-line	none	profile	passed
ENCFF531KWL	ENCFF531KWL	ENCSR048WVW	ENCSR388YVJ	BPNet	sequence contribution scores profile	bigWig	ChIP-seq	ZNF367	HepG2	cell-line	cell-line	cell-line	none	profile	passed
ENCFF601URR	ENCFF601URR	ENCSR371LLY	ENCSR668MDE	BPNet	sequence contribution scores profile	bigWig	ChIP-seq	ZNF37A	HEK293	cell-line	cell-line	cell-line	none	profile	passed
ENCFF461XXX	ENCFF461XXX	ENCSR000DYP	ENCSR607ZHJ	BPNet	sequence contribution scores profile	bigWig	ChIP-seq	ZNF384	GM12878	cell-line	cell-line	cell-line	none	profile	passed
ENCFF711IBI	ENCFF711IBI	ENCSR882ICT	ENCSR589ELT	BPNet	sequence contribution scores profile	bigWig	ChIP-seq	ZNF384	HEK293T	cell-line	cell-line	cell-line	none	profile	passed
ENCFF960KFS	ENCFF960KFS	ENCSR101FJU	ENCSR186EZI	BPNet	sequence contribution scores profile	bigWig	ChIP-seq	ZNF384	HepG2	cell-line	cell-line	cell-line	none	profile	passed
ENCFF747VUQ	ENCFF747VUQ	ENCSR000EFP	ENCSR860AZD	BPNet	sequence contribution scores profile	bigWig	ChIP-seq	ZNF384	K562	cell-line	cell-line	cell-line	none	profile	passed
ENCFF719SWF	ENCFF719SWF	ENCSR125DNC	ENCSR523EEX	BPNet	sequence contribution scores profile	bigWig	ChIP-seq	ZNF394	HEK293	cell-line	cell-line	cell-line	none	profile	passed
ENCFF123DYI	ENCFF123DYI	ENCSR462QZZ	ENCSR605ZPT	BPNet	sequence contribution scores profile	bigWig	ChIP-seq	ZNF395	K562	cell-line	cell-line	cell-line	none	profile	passed
ENCFF262GIG	ENCFF262GIG	ENCSR439OCL	ENCSR455WPF	BPNet	sequence contribution scores profile	bigWig	ChIP-seq	ZNF407	K562	cell-line	cell-line	cell-line	none	profile	passed
ENCFF668IUQ	ENCFF668IUQ	ENCSR011NOZ	ENCSR723BLF	BPNet	sequence contribution scores profile	bigWig	ChIP-seq	ZNF407	K562	cell-line	cell-line	cell-line	none	profile	passed
ENCFF973HMH	ENCFF973HMH	ENCSR235PYI	ENCSR666XEJ	BPNet	sequence contribution scores profile	bigWig	ChIP-seq	ZNF41	K562	cell-line	cell-line	cell-line	none	profile	passed
ENCFF699NKY	ENCFF699NKY	ENCSR477OJI	ENCSR286FWU	BPNet	sequence contribution scores profile	bigWig	ChIP-seq	ZNF423	HEK293	cell-line	cell-line	cell-line	none	profile	passed
ENCFF881JMF	ENCFF881JMF	ENCSR413CVQ	ENCSR148KSW	BPNet	sequence contribution scores profile	bigWig	ChIP-seq	ZNF423	WTC11	cell-line	cell-line	cell-line	none	profile	passed
ENCFF851EHH	ENCFF851EHH	ENCSR618END	ENCSR278QPL	BPNet	sequence contribution scores profile	bigWig	ChIP-seq	ZNF430	HepG2	cell-line	cell-line	cell-line	none	profile	passed
ENCFF267OKB	ENCFF267OKB	ENCSR914HPP	ENCSR611LDB	BPNet	sequence contribution scores profile	bigWig	ChIP-seq	ZNF44	HepG2	cell-line	cell-line	cell-line	none	profile	passed
ENCFF056EKX	ENCFF056EKX	ENCSR673GDQ	ENCSR071CNE	BPNet	sequence contribution scores profile	bigWig	ChIP-seq	ZNF441	HepG2	cell-line	cell-line	cell-line	none	profile	passed
ENCFF615XRF	ENCFF615XRF	ENCSR038XIA	ENCSR468ULA	BPNet	sequence contribution scores profile	bigWig	ChIP-seq	ZNF444	MCF-7	cell-line	cell-line	cell-line	none	profile	passed
ENCFF031WUQ	ENCFF031WUQ	ENCSR738SLS	ENCSR809HTU	BPNet	sequence contribution scores profile	bigWig	ChIP-seq	ZNF449	HEK293	cell-line	cell-line	cell-line	none	profile	passed
ENCFF379TLR	ENCFF379TLR	ENCSR415AEB	ENCSR166CDD	BPNet	sequence contribution scores profile	bigWig	ChIP-seq	ZNF48	HepG2	cell-line	cell-line	cell-line	none	profile	passed
ENCFF155HJU	ENCFF155HJU	ENCSR542PZA	ENCSR594HLF	BPNet	sequence contribution scores profile	bigWig	ChIP-seq	ZNF490	HepG2	cell-line	cell-line	cell-line	none	profile	passed
ENCFF535TOT	ENCFF535TOT	ENCSR461ZJT	ENCSR479YFJ	BPNet	sequence contribution scores profile	bigWig	ChIP-seq	ZNF501	HEK293	cell-line	cell-line	cell-line	none	profile	passed
ENCFF804ZNN	ENCFF804ZNN	ENCSR595FAO	ENCSR226RHX	BPNet	sequence contribution scores profile	bigWig	ChIP-seq	ZNF510	HEK293	cell-line	cell-line	cell-line	none	profile	passed
ENCFF334OER	ENCFF334OER	ENCSR701RXW	ENCSR154RFY	BPNet	sequence contribution scores profile	bigWig	ChIP-seq	ZNF530	HEK293	cell-line	cell-line	cell-line	none	profile	passed
ENCFF402OUD	ENCFF402OUD	ENCSR909TSW	ENCSR730YDI	BPNet	sequence contribution scores profile	bigWig	ChIP-seq	ZNF547	HEK293	cell-line	cell-line	cell-line	none	profile	passed
ENCFF664KBT	ENCFF664KBT	ENCSR892ZTO	ENCSR293AOG	BPNet	sequence contribution scores profile	bigWig	ChIP-seq	ZNF548	HEK293	cell-line	cell-line	cell-line	none	profile	passed
ENCFF097UGP	ENCFF097UGP	ENCSR185QFX	ENCSR989FNU	BPNet	sequence contribution scores profile	bigWig	ChIP-seq	ZNF549	HEK293	cell-line	cell-line	cell-line	none	profile	passed
ENCFF331UZB	ENCFF331UZB	ENCSR545ACM	ENCSR747QXK	BPNet	sequence contribution scores profile	bigWig	ChIP-seq	ZNF549	HepG2	cell-line	cell-line	cell-line	none	profile	passed
ENCFF623GXP	ENCFF623GXP	ENCSR325VYA	ENCSR011WOV	BPNet	sequence contribution scores profile	bigWig	ChIP-seq	ZNF557	HepG2	cell-line	cell-line	cell-line	none	profile	passed
ENCFF424BYM	ENCFF424BYM	ENCSR125ULS	ENCSR626JLM	BPNet	sequence contribution scores profile	bigWig	ChIP-seq	ZNF561	HEK293	cell-line	cell-line	cell-line	none	profile	passed
ENCFF272KZB	ENCFF272KZB	ENCSR727IJD	ENCSR281SKK	BPNet	sequence contribution scores profile	bigWig	ChIP-seq	ZNF562	HepG2	cell-line	cell-line	cell-line	none	profile	passed
ENCFF914NNN	ENCFF914NNN	ENCSR397EOT	ENCSR846MFZ	BPNet	sequence contribution scores profile	bigWig	ChIP-seq	ZNF564	HepG2	cell-line	cell-line	cell-line	none	profile	passed
ENCFF315III	ENCFF315III	ENCSR754ALX	ENCSR545WAG	BPNet	sequence contribution scores profile	bigWig	ChIP-seq	ZNF565	SK-N-SH	cell-line	cell-line	cell-line	none	profile	passed
ENCFF243YBJ	ENCFF243YBJ	ENCSR886YJI	ENCSR078RTA	BPNet	sequence contribution scores profile	bigWig	ChIP-seq	ZNF574	HepG2	cell-line	cell-line	cell-line	none	profile	passed
ENCFF231IDR	ENCFF231IDR	ENCSR402JAC	ENCSR631TCZ	BPNet	sequence contribution scores profile	bigWig	ChIP-seq	ZNF574	MCF-7	cell-line	cell-line	cell-line	none	profile	passed
ENCFF917ZNN	ENCFF917ZNN	ENCSR668HOP	ENCSR959CUQ	BPNet	sequence contribution scores profile	bigWig	ChIP-seq	ZNF580	HEK293	cell-line	cell-line	cell-line	none	profile	passed
ENCFF815VNE	ENCFF815VNE	ENCSR149ZBI	ENCSR384YJU	BPNet	sequence contribution scores profile	bigWig	ChIP-seq	ZNF584	K562	cell-line	cell-line	cell-line	none	profile	passed
ENCFF379DIM	ENCFF379DIM	ENCSR011XCI	ENCSR206HFO	BPNet	sequence contribution scores profile	bigWig	ChIP-seq	ZNF585B	HEK293	cell-line	cell-line	cell-line	none	profile	passed
ENCFF368BIZ	ENCFF368BIZ	ENCSR344SBD	ENCSR630UCD	BPNet	sequence contribution scores profile	bigWig	ChIP-seq	ZNF596	HEK293	cell-line	cell-line	cell-line	none	profile	passed
ENCFF190AWO	ENCFF190AWO	ENCSR903JFF	ENCSR924AMT	BPNet	sequence contribution scores profile	bigWig	ChIP-seq	ZNF605	HepG2	cell-line	cell-line	cell-line	none	profile	passed
ENCFF593CSD	ENCFF593CSD	ENCSR691TXI	ENCSR034YDZ	BPNet	sequence contribution scores profile	bigWig	ChIP-seq	ZNF610	HEK293	cell-line	cell-line	cell-line	none	profile	passed
ENCFF173MRB	ENCFF173MRB	ENCSR022IZK	ENCSR793WAG	BPNet	sequence contribution scores profile	bigWig	ChIP-seq	ZNF623	HEK293	cell-line	cell-line	cell-line	none	profile	passed
ENCFF765XNW	ENCFF765XNW	ENCSR488ZNK	ENCSR246WPX	BPNet	sequence contribution scores profile	bigWig	ChIP-seq	ZNF646	HepG2	cell-line	cell-line	cell-line	none	profile	passed
ENCFF007CUP	ENCFF007CUP	ENCSR283DOU	ENCSR216GEU	BPNet	sequence contribution scores profile	bigWig	ChIP-seq	ZNF660	HEK293	cell-line	cell-line	cell-line	none	profile	passed
ENCFF646VHD	ENCFF646VHD	ENCSR714LZQ	ENCSR782FWV	BPNet	sequence contribution scores profile	bigWig	ChIP-seq	ZNF664	HEK293	cell-line	cell-line	cell-line	none	profile	passed
ENCFF872AYP	ENCFF872AYP	ENCSR279KDC	ENCSR642ICI	BPNet	sequence contribution scores profile	bigWig	ChIP-seq	ZNF677	HEK293	cell-line	cell-line	cell-line	none	profile	passed
ENCFF315WVB	ENCFF315WVB	ENCSR307CKC	ENCSR285CBS	BPNet	sequence contribution scores profile	bigWig	ChIP-seq	ZNF680	HEK293	cell-line	cell-line	cell-line	none	profile	passed
ENCFF593CNJ	ENCFF593CNJ	ENCSR418MKG	ENCSR561WGU	BPNet	sequence contribution scores profile	bigWig	ChIP-seq	ZNF692	HEK293	cell-line	cell-line	cell-line	none	profile	passed
ENCFF742OPJ	ENCFF742OPJ	ENCSR454SCH	ENCSR633VZO	BPNet	sequence contribution scores profile	bigWig	ChIP-seq	ZNF7	K562	cell-line	cell-line	cell-line	none	profile	passed
ENCFF078RWN	ENCFF078RWN	ENCSR207GYC	ENCSR954CQT	BPNet	sequence contribution scores profile	bigWig	ChIP-seq	ZNF70	SK-N-SH	cell-line	cell-line	cell-line	none	profile	passed
ENCFF223ALV	ENCFF223ALV	ENCSR547TGL	ENCSR978UNF	BPNet	sequence contribution scores profile	bigWig	ChIP-seq	ZNF701	HEK293	cell-line	cell-line	cell-line	none	profile	passed
ENCFF873YHA	ENCFF873YHA	ENCSR194KWL	ENCSR546QIV	BPNet	sequence contribution scores profile	bigWig	ChIP-seq	ZNF704	HEK293	cell-line	cell-line	cell-line	none	profile	passed
ENCFF439ZJQ	ENCFF439ZJQ	ENCSR854IPI	ENCSR480HEH	BPNet	sequence contribution scores profile	bigWig	ChIP-seq	ZNF707	HEK293	cell-line	cell-line	cell-line	none	profile	passed
ENCFF549AZL	ENCFF549AZL	ENCSR017XHZ	ENCSR043MDP	BPNet	sequence contribution scores profile	bigWig	ChIP-seq	ZNF707	HepG2	cell-line	cell-line	cell-line	none	profile	passed
ENCFF368QRU	ENCFF368QRU	ENCSR077TKJ	ENCSR000RSZ	BPNet	sequence contribution scores profile	bigWig	ChIP-seq	ZNF707	K562	cell-line	cell-line	cell-line	none	profile	passed
ENCFF990RLR	ENCFF990RLR	ENCSR755ZAY	ENCSR726XMS	BPNet	sequence contribution scores profile	bigWig	ChIP-seq	ZNF740	HepG2	cell-line	cell-line	cell-line	none	profile	passed
ENCFF002WAZ	ENCFF002WAZ	ENCSR737UST	ENCSR880BCZ	BPNet	sequence contribution scores profile	bigWig	ChIP-seq	ZNF740	K562	cell-line	cell-line	cell-line	none	profile	passed
ENCFF909YWY	ENCFF909YWY	ENCSR427XYP	ENCSR563SSN	BPNet	sequence contribution scores profile	bigWig	ChIP-seq	ZNF740	K562	cell-line	cell-line	cell-line	none	profile	passed
ENCFF992QYD	ENCFF992QYD	ENCSR591MYB	ENCSR922IZN	BPNet	sequence contribution scores profile	bigWig	ChIP-seq	ZNF746	HepG2	cell-line	cell-line	cell-line	none	profile	passed
ENCFF032HMB	ENCFF032HMB	ENCSR099MNR	ENCSR319GCA	BPNet	sequence contribution scores profile	bigWig	ChIP-seq	ZNF75A	K562	cell-line	cell-line	cell-line	none	profile	passed
ENCFF691DCU	ENCFF691DCU	ENCSR072LQF	ENCSR275URJ	BPNet	sequence contribution scores profile	bigWig	ChIP-seq	ZNF76	HEK293	cell-line	cell-line	cell-line	none	profile	passed
ENCFF492IDH	ENCFF492IDH	ENCSR869RSW	ENCSR220OPP	BPNet	sequence contribution scores profile	bigWig	ChIP-seq	ZNF766	HepG2	cell-line	cell-line	cell-line	none	profile	passed
ENCFF879LGO	ENCFF879LGO	ENCSR194IJN	ENCSR030UBN	BPNet	sequence contribution scores profile	bigWig	ChIP-seq	ZNF766	K562	cell-line	cell-line	cell-line	none	profile	passed
ENCFF131ZWU	ENCFF131ZWU	ENCSR242BGR	ENCSR055REJ	BPNet	sequence contribution scores profile	bigWig	ChIP-seq	ZNF770	HEK293	cell-line	cell-line	cell-line	none	profile	passed
ENCFF505IFB	ENCFF505IFB	ENCSR510GKB	ENCSR032AHU	BPNet	sequence contribution scores profile	bigWig	ChIP-seq	ZNF770	HepG2	cell-line	cell-line	cell-line	none	profile	passed
ENCFF521TIL	ENCFF521TIL	ENCSR995FUM	ENCSR384BIM	BPNet	sequence contribution scores profile	bigWig	ChIP-seq	ZNF79	K562	cell-line	cell-line	cell-line	none	profile	passed
ENCFF806YQH	ENCFF806YQH	ENCSR325QLX	ENCSR812AAD	BPNet	sequence contribution scores profile	bigWig	ChIP-seq	ZNF8	SK-N-SH	cell-line	cell-line	cell-line	none	profile	passed
ENCFF068ESQ	ENCFF068ESQ	ENCSR701WPG	ENCSR786LIM	BPNet	sequence contribution scores profile	bigWig	ChIP-seq	ZNF800	HepG2	cell-line	cell-line	cell-line	none	profile	passed
ENCFF657SBN	ENCFF657SBN	ENCSR257XVY	ENCSR832DWY	BPNet	sequence contribution scores profile	bigWig	ChIP-seq	ZNF83	K562	cell-line	cell-line	cell-line	none	profile	passed
ENCFF029ZEK	ENCFF029ZEK	ENCSR891KPP	ENCSR144JWD	BPNet	sequence contribution scores profile	bigWig	ChIP-seq	ZNF865	HepG2	cell-line	cell-line	cell-line	none	profile	passed
ENCFF794MFQ	ENCFF794MFQ	ENCSR864VJE	ENCSR201ESU	BPNet	sequence contribution scores profile	bigWig	ChIP-seq	ZSCAN16	HEK293	cell-line	cell-line	cell-line	none	profile	passed
ENCFF723IKI	ENCFF723IKI	ENCSR253CKN	ENCSR591HHL	BPNet	sequence contribution scores profile	bigWig	ChIP-seq	ZSCAN21	HEK293	cell-line	cell-line	cell-line	none	profile	passed
ENCFF515YDF	ENCFF515YDF	ENCSR210DDA	ENCSR873BKE	BPNet	sequence contribution scores profile	bigWig	ChIP-seq	ZSCAN21	HepG2	cell-line	cell-line	cell-line	none	profile	passed
ENCFF661JEX	ENCFF661JEX	ENCSR050KWL	ENCSR880BAN	BPNet	sequence contribution scores profile	bigWig	ChIP-seq	ZSCAN22	HepG2	cell-line	cell-line	cell-line	none	profile	passed
ENCFF912BDQ	ENCFF912BDQ	ENCSR412YGM	ENCSR268UNG	BPNet	sequence contribution scores profile	bigWig	ChIP-seq	ZSCAN29	GM12878	cell-line	cell-line	cell-line	none	profile	passed
ENCFF254XNU	ENCFF254XNU	ENCSR422VAG	ENCSR171VVK	BPNet	sequence contribution scores profile	bigWig	ChIP-seq	ZSCAN29	HepG2	cell-line	cell-line	cell-line	none	profile	passed
ENCFF601YZH	ENCFF601YZH	ENCSR175SZH	ENCSR451MPB	BPNet	sequence contribution scores profile	bigWig	ChIP-seq	ZSCAN29	K562	cell-line	cell-line	cell-line	none	profile	passed
ENCFF824WTG	ENCFF824WTG	ENCSR635EXI	ENCSR926KQC	BPNet	sequence contribution scores profile	bigWig	ChIP-seq	ZSCAN29	K562	cell-line	cell-line	cell-line	none	profile	passed
ENCFF638TRQ	ENCFF638TRQ	ENCSR493VBX	ENCSR887KCX	BPNet	sequence contribution scores profile	bigWig	ChIP-seq	ZSCAN31	HepG2	cell-line	cell-line	cell-line	none	profile	passed
ENCFF699SDV	ENCFF699SDV	ENCSR211GNP	ENCSR931GRD	BPNet	sequence contribution scores profile	bigWig	ChIP-seq	ZSCAN4	HEK293	cell-line	cell-line	cell-line	none	profile	passed
ENCFF610TKB	ENCFF610TKB	ENCSR731AGO	ENCSR905ZVU	BPNet	sequence contribution scores profile	bigWig	ChIP-seq	ZSCAN5C	HEK293	cell-line	cell-line	cell-line	none	profile	passed
ENCFF501MHI	ENCFF501MHI	ENCSR559IOZ	ENCSR987TUW	BPNet	sequence contribution scores profile	bigWig	ChIP-seq	ZXDB	HEK293	cell-line	cell-line	cell-line	none	profile	passed
