track_key	file_accession	experiment	model_accession	model	track_type	format	assay	target	biosample	tissue	organ	system	strand	score_type	qc_flag
ENCFF774SGQ	ENCFF774SGQ	ENCSR590KEQ	ENCSR728JEK	BPNet	observed signal profile	bigWig	ChIP-seq	ARNT	GM12878	cell-line	cell-line	cell-line	minus	none	passed
ENCFF828QIP	ENCFF828QIP	ENCSR590KEQ	ENCSR728JEK	BPNet	observed signal profile	bigWig	ChIP-seq	ARNT	GM12878	cell-line	cell-line	cell-line	plus	none	passed
ENCFF961GRB	ENCFF961GRB	ENCSR760UKJ	ENCSR572ENG	BPNet	observed signal profile	bigWig	ChIP-seq	ARNT	HEK293T	cell-line	cell-line	cell-line	minus	none	passed
ENCFF088URA	ENCFF088URA	ENCSR760UKJ	ENCSR572ENG	BPNet	observed signal profile	bigWig	ChIP-seq	ARNT	HEK293T	cell-line	cell-line	cell-line	plus	none	passed
ENCFF857WDQ	ENCFF857WDQ	ENCSR267TGY	ENCSR041XVL	BPNet	observed signal profile	bigWig	ChIP-seq	ARNT2	HepG2	cell-line	cell-line	cell-line	minus	none	passed
ENCFF236SOS	ENCFF236SOS	ENCSR267TGY	ENCSR041XVL	BPNet	observed signal profile	bigWig	ChIP-seq	ARNT2	HepG2	cell-line	cell-line	cell-line	plus	none	passed
ENCFF830IPJ	ENCFF830IPJ	ENCSR794LVK	ENCSR768KYM	BPNet	observed signal profile	bigWig	ChIP-seq	ARNTL	HepG2	cell-line	cell-line	cell-line	minus	none	passed
ENCFF414FSH	ENCFF414FSH	ENCSR794LVK	ENCSR768KYM	BPNet	observed signal profile	bigWig	ChIP-seq	ARNTL	HepG2	cell-line	cell-line	cell-line	plus	none	passed
ENCFF641QOG	ENCFF641QOG	ENCSR949COJ	ENCSR195HNX	BPNet	observed signal profile	bigWig	ChIP-seq	ARNTL	SK-N-SH	cell-line	cell-line	cell-line	minus	none	passed
ENCFF597MYM	ENCFF597MYM	ENCSR949COJ	ENCSR195HNX	BPNet	observed signal profile	bigWig	ChIP-seq	ARNTL	SK-N-SH	cell-line	cell-line	cell-line	plus	none	passed
ENCFF935VNH	ENCFF935VNH	ENCSR253OON	ENCSR921NDS	BPNet	observed signal profile	bigWig	ChIP-seq	ATF1	HepG2	cell-line	cell-line	cell-line	minus	none	passed
ENCFF175OCH	ENCFF175OCH	ENCSR253OON	ENCSR921NDS	BPNet	observed signal profile	bigWig	ChIP-seq	ATF1	HepG2	cell-line	cell-line	cell-line	plus	none	passed
ENCFF040AIO	ENCFF040AIO	ENCSR085XDP	ENCSR492OAC	BPNet	observed signal profile	bigWig	ChIP-seq	ATF1	K562	cell-line	cell-line	cell-line	minus	none	passed
ENCFF297WKK	ENCFF297WKK	ENCSR091GVJ	ENCSR901APQ	BPNet	observed signal profile	bigWig	ChIP-seq	ATF1	K562	cell-line	cell-line	cell-line	minus	none	passed
ENCFF712WSV	ENCFF712WSV	ENCSR000DNZ	ENCSR945EBR	BPNet	observed signal profile	bigWig	ChIP-seq	ATF1	K562	cell-line	cell-line	cell-line	minus	none	passed
ENCFF758KGV	ENCFF758KGV	ENCSR159OCC	ENCSR098GCX	BPNet	observed signal profile	bigWig	ChIP-seq	ATF1	K562	cell-line	cell-line	cell-line	minus	none	passed
ENCFF500PGR	ENCFF500PGR	ENCSR000DNZ	ENCSR945EBR	BPNet	observed signal profile	bigWig	ChIP-seq	ATF1	K562	cell-line	cell-line	cell-line	plus	none	passed
ENCFF804INB	ENCFF804INB	ENCSR159OCC	ENCSR098GCX	BPNet	observed signal profile	bigWig	ChIP-seq	ATF1	K562	cell-line	cell-line	cell-line	plus	none	passed
ENCFF817XDH	ENCFF817XDH	ENCSR085XDP	ENCSR492OAC	BPNet	observed signal profile	bigWig	ChIP-seq	ATF1	K562	cell-line	cell-line	cell-line	plus	none	passed
ENCFF970RDV	ENCFF970RDV	ENCSR091GVJ	ENCSR901APQ	BPNet	observed signal profile	bigWig	ChIP-seq	ATF1	K562	cell-line	cell-line	cell-line	plus	none	passed
ENCFF862QJI	ENCFF862QJI	ENCSR887VJM	ENCSR066VPU	BPNet	observed signal profile	bigWig	ChIP-seq	ATF1	WTC11	cell-line	cell-line	cell-line	minus	none	passed
ENCFF363ICA	ENCFF363ICA	ENCSR887VJM	ENCSR066VPU	BPNet	observed signal profile	bigWig	ChIP-seq	ATF1	WTC11	cell-line	cell-line	cell-line	plus	none	passed
ENCFF410PER	ENCFF410PER	ENCSR961PPA	ENCSR948FHI	BPNet	observed signal profile	bigWig	ChIP-seq	ATF2	GM12878	cell-line	cell-line	cell-line	minus	none	passed
ENCFF607AUQ	ENCFF607AUQ	ENCSR000BQK	ENCSR805HVX	BPNet	observed signal profile	bigWig	ChIP-seq	ATF2	GM12878	cell-line	cell-line	cell-line	minus	none	passed
ENCFF617AVQ	ENCFF617AVQ	ENCSR000BQK	ENCSR805HVX	BPNet	observed signal profile	bigWig	ChIP-seq	ATF2	GM12878	cell-line	cell-line	cell-line	plus	none	passed
ENCFF850LHA	ENCFF850LHA	ENCSR961PPA	ENCSR948FHI	BPNet	observed signal profile	bigWig	ChIP-seq	ATF2	GM12878	cell-line	cell-line	cell-line	plus	none	passed
ENCFF349QDO	ENCFF349QDO	ENCSR000BQU	ENCSR351BPK	BPNet	observed signal profile	bigWig	ChIP-seq	ATF2	H1	cell-line	cell-line	cell-line	minus	none	passed
ENCFF193WDL	ENCFF193WDL	ENCSR000BQU	ENCSR351BPK	BPNet	observed signal profile	bigWig	ChIP-seq	ATF2	H1	cell-line	cell-line	cell-line	plus	none	passed
ENCFF169KOF	ENCFF169KOF	ENCSR217HTK	ENCSR510IRZ	BPNet	observed signal profile	bigWig	ChIP-seq	ATF2	HEK293	cell-line	cell-line	cell-line	minus	none	passed
ENCFF477UUN	ENCFF477UUN	ENCSR217HTK	ENCSR510IRZ	BPNet	observed signal profile	bigWig	ChIP-seq	ATF2	HEK293	cell-line	cell-line	cell-line	plus	none	passed
ENCFF802PEB	ENCFF802PEB	ENCSR908HWZ	ENCSR290NUC	BPNet	observed signal profile	bigWig	ChIP-seq	ATF2	HepG2	cell-line	cell-line	cell-line	minus	none	passed
ENCFF867UZD	ENCFF867UZD	ENCSR047BUZ	ENCSR268FRB	BPNet	observed signal profile	bigWig	ChIP-seq	ATF2	HepG2	cell-line	cell-line	cell-line	minus	none	passed
ENCFF099CPL	ENCFF099CPL	ENCSR908HWZ	ENCSR290NUC	BPNet	observed signal profile	bigWig	ChIP-seq	ATF2	HepG2	cell-line	cell-line	cell-line	plus	none	passed
ENCFF601UGA	ENCFF601UGA	ENCSR047BUZ	ENCSR268FRB	BPNet	observed signal profile	bigWig	ChIP-seq	ATF2	HepG2	cell-line	cell-line	cell-line	plus	none	passed
ENCFF097QIJ	ENCFF097QIJ	ENCSR869IUD	ENCSR762MDC	BPNet	observed signal profile	bigWig	ChIP-seq	ATF2	K562	cell-line	cell-line	cell-line	minus	none	passed
ENCFF446BEB	ENCFF446BEB	ENCSR014ARU	ENCSR329DYY	BPNet	observed signal profile	bigWig	ChIP-seq	ATF2	K562	cell-line	cell-line	cell-line	minus	none	passed
ENCFF358HHV	ENCFF358HHV	ENCSR869IUD	ENCSR762MDC	BPNet	observed signal profile	bigWig	ChIP-seq	ATF2	K562	cell-line	cell-line	cell-line	plus	none	passed
ENCFF455COS	ENCFF455COS	ENCSR014ARU	ENCSR329DYY	BPNet	observed signal profile	bigWig	ChIP-seq	ATF2	K562	cell-line	cell-line	cell-line	plus	none	passed
ENCFF383GXN	ENCFF383GXN	ENCSR000BPS	ENCSR473TBT	BPNet	observed signal profile	bigWig	ChIP-seq	ATF3	A549	cell-line	cell-line	cell-line	minus	none	passed
ENCFF215QYE	ENCFF215QYE	ENCSR000BPS	ENCSR473TBT	BPNet	observed signal profile	bigWig	ChIP-seq	ATF3	A549	cell-line	cell-line	cell-line	plus	none	passed
ENCFF826QCD	ENCFF826QCD	ENCSR000BKC	ENCSR957UER	BPNet	observed signal profile	bigWig	ChIP-seq	ATF3	H1	cell-line	cell-line	cell-line	minus	none	passed
ENCFF049PVW	ENCFF049PVW	ENCSR000BKC	ENCSR957UER	BPNet	observed signal profile	bigWig	ChIP-seq	ATF3	H1	cell-line	cell-line	cell-line	plus	none	passed
ENCFF448JMN	ENCFF448JMN	ENCSR000BUG	ENCSR070KTD	BPNet	observed signal profile	bigWig	ChIP-seq	ATF3	HCT116	cell-line	cell-line	cell-line	minus	none	passed
ENCFF611DYN	ENCFF611DYN	ENCSR000BUG	ENCSR070KTD	BPNet	observed signal profile	bigWig	ChIP-seq	ATF3	HCT116	cell-line	cell-line	cell-line	plus	none	passed
ENCFF677ULU	ENCFF677ULU	ENCSR000BKE	ENCSR469WUV	BPNet	observed signal profile	bigWig	ChIP-seq	ATF3	HepG2	cell-line	cell-line	cell-line	minus	none	passed
ENCFF996VTL	ENCFF996VTL	ENCSR402ZCY	ENCSR295WDS	BPNet	observed signal profile	bigWig	ChIP-seq	ATF3	HepG2	cell-line	cell-line	cell-line	minus	none	passed
ENCFF383HQT	ENCFF383HQT	ENCSR000BKE	ENCSR469WUV	BPNet	observed signal profile	bigWig	ChIP-seq	ATF3	HepG2	cell-line	cell-line	cell-line	plus	none	passed
ENCFF706MCE	ENCFF706MCE	ENCSR402ZCY	ENCSR295WDS	BPNet	observed signal profile	bigWig	ChIP-seq	ATF3	HepG2	cell-line	cell-line	cell-line	plus	none	passed
ENCFF035WYB	ENCFF035WYB	ENCSR632DCH	ENCSR697WUY	BPNet	observed signal profile	bigWig	ChIP-seq	ATF3	K562	cell-line	cell-line	cell-line	minus	none	passed
ENCFF571WKY	ENCFF571WKY	ENCSR028UIU	ENCSR405ECI	BPNet	observed signal profile	bigWig	ChIP-seq	ATF3	K562	cell-line	cell-line	cell-line	minus	none	passed
ENCFF771YVZ	ENCFF771YVZ	ENCSR000DOG	ENCSR171HUI	BPNet	observed signal profile	bigWig	ChIP-seq	ATF3	K562	cell-line	cell-line	cell-line	minus	none	passed
ENCFF892EUE	ENCFF892EUE	ENCSR000BNU	ENCSR938IXD	BPNet	observed signal profile	bigWig	ChIP-seq	ATF3	K562	cell-line	cell-line	cell-line	minus	none	passed
ENCFF007HOD	ENCFF007HOD	ENCSR632DCH	ENCSR697WUY	BPNet	observed signal profile	bigWig	ChIP-seq	ATF3	K562	cell-line	cell-line	cell-line	plus	none	passed
ENCFF399UKS	ENCFF399UKS	ENCSR000DOG	ENCSR171HUI	BPNet	observed signal profile	bigWig	ChIP-seq	ATF3	K562	cell-line	cell-line	cell-line	plus	none	passed
ENCFF530FEE	ENCFF530FEE	ENCSR028UIU	ENCSR405ECI	BPNet	observed signal profile	bigWig	ChIP-seq	ATF3	K562	cell-line	cell-line	cell-line	plus	none	passed
ENCFF930APT	ENCFF930APT	ENCSR000BNU	ENCSR938IXD	BPNet	observed signal profile	bigWig	ChIP-seq	ATF3	K562	cell-line	cell-line	cell-line	plus	none	passed
ENCFF596DGU	ENCFF596DGU	ENCSR205FOW	ENCSR747WRJ	BPNet	observed signal profile	bigWig	ChIP-seq	ATF3	liver	liver	liver	digestive-system	minus	none	passed
ENCFF903URJ	ENCFF903URJ	ENCSR480LIS	ENCSR899JOK	BPNet	observed signal profile	bigWig	ChIP-seq	ATF3	liver	liver	liver	digestive-system	minus	none	passed
ENCFF040WUE	ENCFF040WUE	ENCSR205FOW	ENCSR747WRJ	BPNet	observed signal profile	bigWig	ChIP-seq	ATF3	liver	liver	liver	digestive-system	plus	none	passed
ENCFF229QLO	ENCFF229QLO	ENCSR480LIS	ENCSR899JOK	BPNet	observed signal profile	bigWig	ChIP-seq	ATF3	liver	liver	liver	digestive-system	plus	none	passed
ENCFF436CJJ	ENCFF436CJJ	ENCSR965SHB	ENCSR542HXB	BPNet	observed signal profile	bigWig	ChIP-seq	ATF4	HepG2	cell-line	cell-line	cell-line	minus	none	passed
ENCFF706MCP	ENCFF706MCP	ENCSR803PAI	ENCSR800VEQ	BPNet	observed signal profile	bigWig	ChIP-seq	ATF4	HepG2	cell-line	cell-line	cell-line	minus	none	passed
ENCFF841HWR	ENCFF841HWR	ENCSR288ZFV	ENCSR541PJK	BPNet	observed signal profile	bigWig	ChIP-seq	ATF4	HepG2	cell-line	cell-line	cell-line	minus	none	passed
ENCFF556NXT	ENCFF556NXT	ENCSR965SHB	ENCSR542HXB	BPNet	observed signal profile	bigWig	ChIP-seq	ATF4	HepG2	cell-line	cell-line	cell-line	plus	none	passed
ENCFF648IMM	ENCFF648IMM	ENCSR288ZFV	ENCSR541PJK	BPNet	observed signal profile	bigWig	ChIP-seq	ATF4	HepG2	cell-line	cell-line	cell-line	plus	none	passed
ENCFF681YEY	ENCFF681YEY	ENCSR803PAI	ENCSR800VEQ	BPNet	observed signal profile	bigWig	ChIP-seq	ATF4	HepG2	cell-line	cell-line	cell-line	plus	none	passed
ENCFF558UYD	ENCFF558UYD	ENCSR145TSJ	ENCSR254DFG	BPNet	observed signal profile	bigWig	ChIP-seq	ATF4	K562	cell-line	cell-line	cell-line	minus	none	passed
ENCFF993VMJ	ENCFF993VMJ	ENCSR044UJJ	ENCSR545YPY	BPNet	observed signal profile	bigWig	ChIP-seq	ATF4	K562	cell-line	cell-line	cell-line	minus	none	passed
ENCFF031LYT	ENCFF031LYT	ENCSR044UJJ	ENCSR545YPY	BPNet	observed signal profile	bigWig	ChIP-seq	ATF4	K562	cell-line	cell-line	cell-line	plus	none	passed
ENCFF284GUG	ENCFF284GUG	ENCSR145TSJ	ENCSR254DFG	BPNet	observed signal profile	bigWig	ChIP-seq	ATF4	K562	cell-line	cell-line	cell-line	plus	none	passed
ENCFF868AFW	ENCFF868AFW	ENCSR161CZA	ENCSR234UFS	BPNet	observed signal profile	bigWig	ChIP-seq	ATOH8	A549	cell-line	cell-line	cell-line	minus	none	passed
ENCFF564JSB	ENCFF564JSB	ENCSR161CZA	ENCSR234UFS	BPNet	observed signal profile	bigWig	ChIP-seq	ATOH8	A549	cell-line	cell-line	cell-line	plus	none	passed
ENCFF011DYW	ENCFF011DYW	ENCSR636MKU	ENCSR478VGG	BPNet	observed signal profile	bigWig	ChIP-seq	BACH1	GM12878	cell-line	cell-line	cell-line	minus	none	passed
ENCFF809QEE	ENCFF809QEE	ENCSR636MKU	ENCSR478VGG	BPNet	observed signal profile	bigWig	ChIP-seq	BACH1	GM12878	cell-line	cell-line	cell-line	plus	none	passed
ENCFF459ZVA	ENCFF459ZVA	ENCSR740NPG	ENCSR166BIR	BPNet	observed signal profile	bigWig	ChIP-seq	BACH1	K562	cell-line	cell-line	cell-line	minus	none	passed
ENCFF840OHK	ENCFF840OHK	ENCSR000EGD	ENCSR326GUZ	BPNet	observed signal profile	bigWig	ChIP-seq	BACH1	K562	cell-line	cell-line	cell-line	minus	none	passed
ENCFF197VVP	ENCFF197VVP	ENCSR740NPG	ENCSR166BIR	BPNet	observed signal profile	bigWig	ChIP-seq	BACH1	K562	cell-line	cell-line	cell-line	plus	none	passed
ENCFF317BME	ENCFF317BME	ENCSR000EGD	ENCSR326GUZ	BPNet	observed signal profile	bigWig	ChIP-seq	BACH1	K562	cell-line	cell-line	cell-line	plus	none	passed
ENCFF355VCP	ENCFF355VCP	ENCSR036THH	ENCSR467XIK	BPNet	observed signal profile	bigWig	ChIP-seq	BACH2	SK-N-SH	cell-line	cell-line	cell-line	minus	none	passed
ENCFF242NHF	ENCFF242NHF	ENCSR036THH	ENCSR467XIK	BPNet	observed signal profile	bigWig	ChIP-seq	BACH2	SK-N-SH	cell-line	cell-line	cell-line	plus	none	passed
ENCFF684UKC	ENCFF684UKC	ENCSR000BGT	ENCSR367ANH	BPNet	observed signal profile	bigWig	ChIP-seq	BATF	GM12878	cell-line	cell-line	cell-line	minus	none	passed
ENCFF632OUQ	ENCFF632OUQ	ENCSR000BGT	ENCSR367ANH	BPNet	observed signal profile	bigWig	ChIP-seq	BATF	GM12878	cell-line	cell-line	cell-line	plus	none	passed
ENCFF008HKS	ENCFF008HKS	ENCSR507BRS	ENCSR611OLN	BPNet	observed signal profile	bigWig	ChIP-seq	BATF2	HepG2	cell-line	cell-line	cell-line	minus	none	passed
ENCFF302LAG	ENCFF302LAG	ENCSR507BRS	ENCSR611OLN	BPNet	observed signal profile	bigWig	ChIP-seq	BATF2	HepG2	cell-line	cell-line	cell-line	plus	none	passed
ENCFF110LJI	ENCFF110LJI	ENCSR000BHA	ENCSR683WNX	BPNet	observed signal profile	bigWig	ChIP-seq	BCL11A	GM12878	cell-line	cell-line	cell-line	minus	none	passed
ENCFF988WXQ	ENCFF988WXQ	ENCSR000BHA	ENCSR683WNX	BPNet	observed signal profile	bigWig	ChIP-seq	BCL11A	GM12878	cell-line	cell-line	cell-line	plus	none	passed
ENCFF144HFX	ENCFF144HFX	ENCSR021DJC	ENCSR027OIP	BPNet	observed signal profile	bigWig	ChIP-seq	BCL11A	HEK293	cell-line	cell-line	cell-line	minus	none	passed
ENCFF312MVQ	ENCFF312MVQ	ENCSR021DJC	ENCSR027OIP	BPNet	observed signal profile	bigWig	ChIP-seq	BCL11A	HEK293	cell-line	cell-line	cell-line	plus	none	passed
ENCFF042ZII	ENCFF042ZII	ENCSR770PQN	ENCSR676KNH	BPNet	observed signal profile	bigWig	ChIP-seq	BCL11B	HEK293	cell-line	cell-line	cell-line	minus	none	passed
ENCFF901CDP	ENCFF901CDP	ENCSR770PQN	ENCSR676KNH	BPNet	observed signal profile	bigWig	ChIP-seq	BCL11B	HEK293	cell-line	cell-line	cell-line	plus	none	passed
ENCFF158HNR	ENCFF158HNR	ENCSR759BDG	ENCSR679ZPP	BPNet	observed signal profile	bigWig	ChIP-seq	BCL6	HepG2	cell-line	cell-line	cell-line	minus	none	passed
ENCFF625HMI	ENCFF625HMI	ENCSR759BDG	ENCSR679ZPP	BPNet	observed signal profile	bigWig	ChIP-seq	BCL6	HepG2	cell-line	cell-line	cell-line	plus	none	passed
ENCFF466EGU	ENCFF466EGU	ENCSR673SGK	ENCSR317PHW	BPNet	observed signal profile	bigWig	ChIP-seq	BCL6B	HEK293	cell-line	cell-line	cell-line	minus	none	passed
ENCFF767YAJ	ENCFF767YAJ	ENCSR673SGK	ENCSR317PHW	BPNet	observed signal profile	bigWig	ChIP-seq	BCL6B	HEK293	cell-line	cell-line	cell-line	plus	none	passed
ENCFF521LEH	ENCFF521LEH	ENCSR888QFJ	ENCSR298UPH	BPNet	observed signal profile	bigWig	ChIP-seq	BHLHA15	HepG2	cell-line	cell-line	cell-line	minus	none	passed
ENCFF216HZK	ENCFF216HZK	ENCSR888QFJ	ENCSR298UPH	BPNet	observed signal profile	bigWig	ChIP-seq	BHLHA15	HepG2	cell-line	cell-line	cell-line	plus	none	passed
ENCFF449WQX	ENCFF449WQX	ENCSR000DYJ	ENCSR748VCW	BPNet	observed signal profile	bigWig	ChIP-seq	BHLHE40	A549	cell-line	cell-line	cell-line	minus	none	passed
ENCFF983OKC	ENCFF983OKC	ENCSR000DYJ	ENCSR748VCW	BPNet	observed signal profile	bigWig	ChIP-seq	BHLHE40	A549	cell-line	cell-line	cell-line	plus	none	passed
ENCFF194GGG	ENCFF194GGG	ENCSR987MTA	ENCSR342AKH	BPNet	observed signal profile	bigWig	ChIP-seq	BHLHE40	GM12878	cell-line	cell-line	cell-line	minus	none	passed
ENCFF821BJV	ENCFF821BJV	ENCSR000DZJ	ENCSR239UVB	BPNet	observed signal profile	bigWig	ChIP-seq	BHLHE40	GM12878	cell-line	cell-line	cell-line	minus	none	passed
ENCFF925TUB	ENCFF925TUB	ENCSR000DZJ	ENCSR239UVB	BPNet	observed signal profile	bigWig	ChIP-seq	BHLHE40	GM12878	cell-line	cell-line	cell-line	plus	none	passed
ENCFF952ASU	ENCFF952ASU	ENCSR987MTA	ENCSR342AKH	BPNet	observed signal profile	bigWig	ChIP-seq	BHLHE40	GM12878	cell-line	cell-line	cell-line	plus	none	passed
ENCFF613ZIH	ENCFF613ZIH	ENCSR000EDT	ENCSR185XMD	BPNet	observed signal profile	bigWig	ChIP-seq	BHLHE40	HepG2	cell-line	cell-line	cell-line	minus	none	passed
ENCFF738GGW	ENCFF738GGW	ENCSR000BID	ENCSR485MPU	BPNet	observed signal profile	bigWig	ChIP-seq	BHLHE40	HepG2	cell-line	cell-line	cell-line	minus	none	passed
ENCFF285UTZ	ENCFF285UTZ	ENCSR000EDT	ENCSR185XMD	BPNet	observed signal profile	bigWig	ChIP-seq	BHLHE40	HepG2	cell-line	cell-line	cell-line	plus	none	passed
ENCFF682WDM	ENCFF682WDM	ENCSR000BID	ENCSR485MPU	BPNet	observed signal profile	bigWig	ChIP-seq	BHLHE40	HepG2	cell-line	cell-line	cell-line	plus	none	passed
ENCFF027QDD	ENCFF027QDD	ENCSR957KYB	ENCSR695LTU	BPNet	observed signal profile	bigWig	ChIP-seq	BHLHE40	IMR-90	cell-line	cell-line	cell-line	minus	none	passed
ENCFF941QLL	ENCFF941QLL	ENCSR957KYB	ENCSR695LTU	BPNet	observed signal profile	bigWig	ChIP-seq	BHLHE40	IMR-90	cell-line	cell-line	cell-line	plus	none	passed
ENCFF968FRQ	ENCFF968FRQ	ENCSR000EGV	ENCSR789BUU	BPNet	observed signal profile	bigWig	ChIP-seq	BHLHE40	K562	cell-line	cell-line	cell-line	minus	none	passed
ENCFF474KLH	ENCFF474KLH	ENCSR000EGV	ENCSR789BUU	BPNet	observed signal profile	bigWig	ChIP-seq	BHLHE40	K562	cell-line	cell-line	cell-line	plus	none	passed
ENCFF840QRA	ENCFF840QRA	ENCSR754GYI	ENCSR103PKW	BPNet	observed signal profile	bigWig	ChIP-seq	BNC2	SK-N-SH	cell-line	cell-line	cell-line	minus	none	passed
ENCFF798VGA	ENCFF798VGA	ENCSR754GYI	ENCSR103PKW	BPNet	observed signal profile	bigWig	ChIP-seq	BNC2	SK-N-SH	cell-line	cell-line	cell-line	plus	none	passed
ENCFF267ODH	ENCFF267ODH	ENCSR860UHK	ENCSR898TRL	BPNet	observed signal profile	bigWig	ChIP-seq	CBFB	GM12878	cell-line	cell-line	cell-line	minus	none	passed
ENCFF698NNK	ENCFF698NNK	ENCSR860UHK	ENCSR898TRL	BPNet	observed signal profile	bigWig	ChIP-seq	CBFB	GM12878	cell-line	cell-line	cell-line	plus	none	passed
ENCFF207HFK	ENCFF207HFK	ENCSR479RZV	ENCSR392OOL	BPNet	observed signal profile	bigWig	ChIP-seq	CBFB	HepG2	cell-line	cell-line	cell-line	minus	none	passed
ENCFF942IQP	ENCFF942IQP	ENCSR479RZV	ENCSR392OOL	BPNet	observed signal profile	bigWig	ChIP-seq	CBFB	HepG2	cell-line	cell-line	cell-line	plus	none	passed
ENCFF405UTK	ENCFF405UTK	ENCSR116NDV	ENCSR869FJD	BPNet	observed signal profile	bigWig	ChIP-seq	CBFB	K562	cell-line	cell-line	cell-line	minus	none	passed
ENCFF839TXF	ENCFF839TXF	ENCSR116NDV	ENCSR869FJD	BPNet	observed signal profile	bigWig	ChIP-seq	CBFB	K562	cell-line	cell-line	cell-line	plus	none	passed
ENCFF152RES	ENCFF152RES	ENCSR142IGM	ENCSR470KOS	BPNet	observed signal profile	bigWig	ChIP-seq	CEBPA	HepG2	cell-line	cell-line	cell-line	minus	none	passed
ENCFF007CBJ	ENCFF007CBJ	ENCSR142IGM	ENCSR470KOS	BPNet	observed signal profile	bigWig	ChIP-seq	CEBPA	HepG2	cell-line	cell-line	cell-line	plus	none	passed
ENCFF114HLB	ENCFF114HLB	ENCSR447ZMS	ENCSR499GKM	BPNet	observed signal profile	bigWig	ChIP-seq	CEBPB	A549	cell-line	cell-line	cell-line	minus	none	passed
ENCFF168QIF	ENCFF168QIF	ENCSR701TCU	ENCSR858CXQ	BPNet	observed signal profile	bigWig	ChIP-seq	CEBPB	A549	cell-line	cell-line	cell-line	minus	none	passed
ENCFF249QEB	ENCFF249QEB	ENCSR000DYI	ENCSR369ECF	BPNet	observed signal profile	bigWig	ChIP-seq	CEBPB	A549	cell-line	cell-line	cell-line	minus	none	passed
ENCFF302EDA	ENCFF302EDA	ENCSR190VMK	ENCSR193DUC	BPNet	observed signal profile	bigWig	ChIP-seq	CEBPB	A549	cell-line	cell-line	cell-line	minus	none	passed
ENCFF375ARB	ENCFF375ARB	ENCSR752AQK	ENCSR592NTA	BPNet	observed signal profile	bigWig	ChIP-seq	CEBPB	A549	cell-line	cell-line	cell-line	minus	none	passed
ENCFF392FWK	ENCFF392FWK	ENCSR182OZC	ENCSR817FCW	BPNet	observed signal profile	bigWig	ChIP-seq	CEBPB	A549	cell-line	cell-line	cell-line	minus	none	passed
ENCFF435PHO	ENCFF435PHO	ENCSR269IUA	ENCSR354GWM	BPNet	observed signal profile	bigWig	ChIP-seq	CEBPB	A549	cell-line	cell-line	cell-line	minus	none	passed
ENCFF491EOV	ENCFF491EOV	ENCSR299ILN	ENCSR484BEY	BPNet	observed signal profile	bigWig	ChIP-seq	CEBPB	A549	cell-line	cell-line	cell-line	minus	none	passed
ENCFF511LYX	ENCFF511LYX	ENCSR216GEB	ENCSR837GTG	BPNet	observed signal profile	bigWig	ChIP-seq	CEBPB	A549	cell-line	cell-line	cell-line	minus	none	passed
ENCFF537LGB	ENCFF537LGB	ENCSR000BUB	ENCSR532EMH	BPNet	observed signal profile	bigWig	ChIP-seq	CEBPB	A549	cell-line	cell-line	cell-line	minus	none	passed
ENCFF760XFY	ENCFF760XFY	ENCSR375BUB	ENCSR371YSK	BPNet	observed signal profile	bigWig	ChIP-seq	CEBPB	A549	cell-line	cell-line	cell-line	minus	none	passed
ENCFF822NNL	ENCFF822NNL	ENCSR606ZTC	ENCSR646YTU	BPNet	observed signal profile	bigWig	ChIP-seq	CEBPB	A549	cell-line	cell-line	cell-line	minus	none	passed
ENCFF955HOF	ENCFF955HOF	ENCSR853DWE	ENCSR104TSU	BPNet	observed signal profile	bigWig	ChIP-seq	CEBPB	A549	cell-line	cell-line	cell-line	minus	none	passed
ENCFF989CWV	ENCFF989CWV	ENCSR474DCX	ENCSR613GGY	BPNet	observed signal profile	bigWig	ChIP-seq	CEBPB	A549	cell-line	cell-line	cell-line	minus	none	passed
ENCFF110FAO	ENCFF110FAO	ENCSR701TCU	ENCSR858CXQ	BPNet	observed signal profile	bigWig	ChIP-seq	CEBPB	A549	cell-line	cell-line	cell-line	plus	none	passed
ENCFF294YCF	ENCFF294YCF	ENCSR853DWE	ENCSR104TSU	BPNet	observed signal profile	bigWig	ChIP-seq	CEBPB	A549	cell-line	cell-line	cell-line	plus	none	passed
ENCFF325TZJ	ENCFF325TZJ	ENCSR269IUA	ENCSR354GWM	BPNet	observed signal profile	bigWig	ChIP-seq	CEBPB	A549	cell-line	cell-line	cell-line	plus	none	passed
ENCFF377OBZ	ENCFF377OBZ	ENCSR000BUB	ENCSR532EMH	BPNet	observed signal profile	bigWig	ChIP-seq	CEBPB	A549	cell-line	cell-line	cell-line	plus	none	passed
ENCFF397EME	ENCFF397EME	ENCSR606ZTC	ENCSR646YTU	BPNet	observed signal profile	bigWig	ChIP-seq	CEBPB	A549	cell-line	cell-line	cell-line	plus	none	passed
ENCFF547FLV	ENCFF547FLV	ENCSR299ILN	ENCSR484BEY	BPNet	observed signal profile	bigWig	ChIP-seq	CEBPB	A549	cell-line	cell-line	cell-line	plus	none	passed
ENCFF567YSH	ENCFF567YSH	ENCSR447ZMS	ENCSR499GKM	BPNet	observed signal profile	bigWig	ChIP-seq	CEBPB	A549	cell-line	cell-line	cell-line	plus	none	passed
ENCFF600XMW	ENCFF600XMW	ENCSR752AQK	ENCSR592NTA	BPNet	observed signal profile	bigWig	ChIP-seq	CEBPB	A549	cell-line	cell-line	cell-line	plus	none	passed
ENCFF741GHZ	ENCFF741GHZ	ENCSR182OZC	ENCSR817FCW	BPNet	observed signal profile	bigWig	ChIP-seq	CEBPB	A549	cell-line	cell-line	cell-line	plus	none	passed
ENCFF812MFQ	ENCFF812MFQ	ENCSR474DCX	ENCSR613GGY	BPNet	observed signal profile	bigWig	ChIP-seq	CEBPB	A549	cell-line	cell-line	cell-line	plus	none	passed
ENCFF842GSB	ENCFF842GSB	ENCSR375BUB	ENCSR371YSK	BPNet	observed signal profile	bigWig	ChIP-seq	CEBPB	A549	cell-line	cell-line	cell-line	plus	none	passed
ENCFF873AHJ	ENCFF873AHJ	ENCSR000DYI	ENCSR369ECF	BPNet	observed signal profile	bigWig	ChIP-seq	CEBPB	A549	cell-line	cell-line	cell-line	plus	none	passed
ENCFF909JTP	ENCFF909JTP	ENCSR190VMK	ENCSR193DUC	BPNet	observed signal profile	bigWig	ChIP-seq	CEBPB	A549	cell-line	cell-line	cell-line	plus	none	passed
ENCFF959KNY	ENCFF959KNY	ENCSR216GEB	ENCSR837GTG	BPNet	observed signal profile	bigWig	ChIP-seq	CEBPB	A549	cell-line	cell-line	cell-line	plus	none	passed
ENCFF427CTA	ENCFF427CTA	ENCSR000BRX	ENCSR924MMU	BPNet	observed signal profile	bigWig	ChIP-seq	CEBPB	GM12878	cell-line	cell-line	cell-line	minus	none	passed
ENCFF231JLP	ENCFF231JLP	ENCSR000BRX	ENCSR924MMU	BPNet	observed signal profile	bigWig	ChIP-seq	CEBPB	GM12878	cell-line	cell-line	cell-line	plus	none	passed
ENCFF797NHL	ENCFF797NHL	ENCSR000EBV	ENCSR108YJK	BPNet	observed signal profile	bigWig	ChIP-seq	CEBPB	H1	cell-line	cell-line	cell-line	minus	none	passed
ENCFF578WIR	ENCFF578WIR	ENCSR000EBV	ENCSR108YJK	BPNet	observed signal profile	bigWig	ChIP-seq	CEBPB	H1	cell-line	cell-line	cell-line	plus	none	passed
ENCFF297FUX	ENCFF297FUX	ENCSR000BSD	ENCSR866PPS	BPNet	observed signal profile	bigWig	ChIP-seq	CEBPB	HCT116	cell-line	cell-line	cell-line	minus	none	passed
ENCFF742SUZ	ENCFF742SUZ	ENCSR000BSD	ENCSR866PPS	BPNet	observed signal profile	bigWig	ChIP-seq	CEBPB	HCT116	cell-line	cell-line	cell-line	plus	none	passed
ENCFF717WJK	ENCFF717WJK	ENCSR000EDA	ENCSR401SDK	BPNet	observed signal profile	bigWig	ChIP-seq	CEBPB	HeLa-S3	cell-line	cell-line	cell-line	minus	none	passed
ENCFF670EIP	ENCFF670EIP	ENCSR000EDA	ENCSR401SDK	BPNet	observed signal profile	bigWig	ChIP-seq	CEBPB	HeLa-S3	cell-line	cell-line	cell-line	plus	none	passed
ENCFF166CLU	ENCFF166CLU	ENCSR000EEE	ENCSR130EWG	BPNet	observed signal profile	bigWig	ChIP-seq	CEBPB	HepG2	cell-line	cell-line	cell-line	minus	none	passed
ENCFF191OVS	ENCFF191OVS	ENCSR000EEX	ENCSR992MXV	BPNet	observed signal profile	bigWig	ChIP-seq	CEBPB	HepG2	cell-line	cell-line	cell-line	minus	none	passed
ENCFF839NQA	ENCFF839NQA	ENCSR000BQI	ENCSR191MIR	BPNet	observed signal profile	bigWig	ChIP-seq	CEBPB	HepG2	cell-line	cell-line	cell-line	minus	none	passed
ENCFF206FUW	ENCFF206FUW	ENCSR000EEX	ENCSR992MXV	BPNet	observed signal profile	bigWig	ChIP-seq	CEBPB	HepG2	cell-line	cell-line	cell-line	plus	none	passed
ENCFF350OYP	ENCFF350OYP	ENCSR000EEE	ENCSR130EWG	BPNet	observed signal profile	bigWig	ChIP-seq	CEBPB	HepG2	cell-line	cell-line	cell-line	plus	none	passed
ENCFF777HXN	ENCFF777HXN	ENCSR000BQI	ENCSR191MIR	BPNet	observed signal profile	bigWig	ChIP-seq	CEBPB	HepG2	cell-line	cell-line	cell-line	plus	none	passed
ENCFF434KYF	ENCFF434KYF	ENCSR000EFM	ENCSR585GEN	BPNet	observed signal profile	bigWig	ChIP-seq	CEBPB	IMR-90	cell-line	cell-line	cell-line	minus	none	passed
ENCFF529IRQ	ENCFF529IRQ	ENCSR000EFM	ENCSR585GEN	BPNet	observed signal profile	bigWig	ChIP-seq	CEBPB	IMR-90	cell-line	cell-line	cell-line	plus	none	passed
ENCFF754OOL	ENCFF754OOL	ENCSR000BTT	ENCSR373YBM	BPNet	observed signal profile	bigWig	ChIP-seq	CEBPB	Ishikawa	cell-line	cell-line	cell-line	minus	none	passed
ENCFF058IZE	ENCFF058IZE	ENCSR000BTT	ENCSR373YBM	BPNet	observed signal profile	bigWig	ChIP-seq	CEBPB	Ishikawa	cell-line	cell-line	cell-line	plus	none	passed
ENCFF135ZRS	ENCFF135ZRS	ENCSR000EHE	ENCSR613ADC	BPNet	observed signal profile	bigWig	ChIP-seq	CEBPB	K562	cell-line	cell-line	cell-line	minus	none	passed
ENCFF575UEM	ENCFF575UEM	ENCSR000BRQ	ENCSR073GKS	BPNet	observed signal profile	bigWig	ChIP-seq	CEBPB	K562	cell-line	cell-line	cell-line	minus	none	passed
ENCFF902UOX	ENCFF902UOX	ENCSR416QLJ	ENCSR700UVP	BPNet	observed signal profile	bigWig	ChIP-seq	CEBPB	K562	cell-line	cell-line	cell-line	minus	none	passed
ENCFF426XNL	ENCFF426XNL	ENCSR416QLJ	ENCSR700UVP	BPNet	observed signal profile	bigWig	ChIP-seq	CEBPB	K562	cell-line	cell-line	cell-line	plus	none	passed
ENCFF450OKF	ENCFF450OKF	ENCSR000BRQ	ENCSR073GKS	BPNet	observed signal profile	bigWig	ChIP-seq	CEBPB	K562	cell-line	cell-line	cell-line	plus	none	passed
ENCFF975EXE	ENCFF975EXE	ENCSR000EHE	ENCSR613ADC	BPNet	observed signal profile	bigWig	ChIP-seq	CEBPB	K562	cell-line	cell-line	cell-line	plus	none	passed
ENCFF786LAP	ENCFF786LAP	ENCSR000BSR	ENCSR389GZV	BPNet	observed signal profile	bigWig	ChIP-seq	CEBPB	MCF-7	cell-line	cell-line	cell-line	minus	none	passed
ENCFF601JDB	ENCFF601JDB	ENCSR000BSR	ENCSR389GZV	BPNet	observed signal profile	bigWig	ChIP-seq	CEBPB	MCF-7	cell-line	cell-line	cell-line	plus	none	passed
ENCFF217XEV	ENCFF217XEV	ENCSR520MCD	ENCSR607OUC	BPNet	observed signal profile	bigWig	ChIP-seq	CEBPD	HepG2	cell-line	cell-line	cell-line	minus	none	passed
ENCFF650KET	ENCFF650KET	ENCSR520MCD	ENCSR607OUC	BPNet	observed signal profile	bigWig	ChIP-seq	CEBPD	HepG2	cell-line	cell-line	cell-line	plus	none	passed
ENCFF325NAF	ENCFF325NAF	ENCSR639IIZ	ENCSR251BTR	BPNet	observed signal profile	bigWig	ChIP-seq	CEBPG	HepG2	cell-line	cell-line	cell-line	minus	none	passed
ENCFF394ZFX	ENCFF394ZFX	ENCSR639IIZ	ENCSR251BTR	BPNet	observed signal profile	bigWig	ChIP-seq	CEBPG	HepG2	cell-line	cell-line	cell-line	plus	none	passed
ENCFF330EPH	ENCFF330EPH	ENCSR620VIC	ENCSR136AYM	BPNet	observed signal profile	bigWig	ChIP-seq	CEBPG	K562	cell-line	cell-line	cell-line	minus	none	passed
ENCFF709FEB	ENCFF709FEB	ENCSR490LWA	ENCSR228BHD	BPNet	observed signal profile	bigWig	ChIP-seq	CEBPG	K562	cell-line	cell-line	cell-line	minus	none	passed
ENCFF871KZZ	ENCFF871KZZ	ENCSR058DRG	ENCSR311RPM	BPNet	observed signal profile	bigWig	ChIP-seq	CEBPG	K562	cell-line	cell-line	cell-line	minus	none	passed
ENCFF297EWM	ENCFF297EWM	ENCSR058DRG	ENCSR311RPM	BPNet	observed signal profile	bigWig	ChIP-seq	CEBPG	K562	cell-line	cell-line	cell-line	plus	none	passed
ENCFF718LFF	ENCFF718LFF	ENCSR620VIC	ENCSR136AYM	BPNet	observed signal profile	bigWig	ChIP-seq	CEBPG	K562	cell-line	cell-line	cell-line	plus	none	passed
ENCFF953AYY	ENCFF953AYY	ENCSR490LWA	ENCSR228BHD	BPNet	observed signal profile	bigWig	ChIP-seq	CEBPG	K562	cell-line	cell-line	cell-line	plus	none	passed
ENCFF531QHG	ENCFF531QHG	ENCSR094ZCF	ENCSR699NDH	BPNet	observed signal profile	bigWig	ChIP-seq	CEBPG	MCF-7	cell-line	cell-line	cell-line	minus	none	passed
ENCFF176IKV	ENCFF176IKV	ENCSR094ZCF	ENCSR699NDH	BPNet	observed signal profile	bigWig	ChIP-seq	CEBPG	MCF-7	cell-line	cell-line	cell-line	plus	none	passed
ENCFF901REP	ENCFF901REP	ENCSR228OQM	ENCSR652BKL	BPNet	observed signal profile	bigWig	ChIP-seq	CLOCK	K562	cell-line	cell-line	cell-line	minus	none	passed
ENCFF248PKM	ENCFF248PKM	ENCSR228OQM	ENCSR652BKL	BPNet	observed signal profile	bigWig	ChIP-seq	CLOCK	K562	cell-line	cell-line	cell-line	plus	none	passed
ENCFF154GGS	ENCFF154GGS	ENCSR934JDG	ENCSR223EKK	BPNet	observed signal profile	bigWig	ChIP-seq	CLOCK	MCF-7	cell-line	cell-line	cell-line	minus	none	passed
ENCFF907ZRS	ENCFF907ZRS	ENCSR699YFX	ENCSR259WPF	BPNet	observed signal profile	bigWig	ChIP-seq	CLOCK	MCF-7	cell-line	cell-line	cell-line	minus	none	passed
ENCFF082BAL	ENCFF082BAL	ENCSR934JDG	ENCSR223EKK	BPNet	observed signal profile	bigWig	ChIP-seq	CLOCK	MCF-7	cell-line	cell-line	cell-line	plus	none	passed
ENCFF232VRX	ENCFF232VRX	ENCSR699YFX	ENCSR259WPF	BPNet	observed signal profile	bigWig	ChIP-seq	CLOCK	MCF-7	cell-line	cell-line	cell-line	plus	none	passed
ENCFF567DGM	ENCFF567DGM	ENCSR000BRA	ENCSR142HMT	BPNet	observed signal profile	bigWig	ChIP-seq	CREB1	A549	cell-line	cell-line	cell-line	minus	none	passed
ENCFF058WAN	ENCFF058WAN	ENCSR000BRA	ENCSR142HMT	BPNet	observed signal profile	bigWig	ChIP-seq	CREB1	A549	cell-line	cell-line	cell-line	plus	none	passed
ENCFF011REN	ENCFF011REN	ENCSR000BUF	ENCSR386RTL	BPNet	observed signal profile	bigWig	ChIP-seq	CREB1	GM12878	cell-line	cell-line	cell-line	minus	none	passed
ENCFF036GQE	ENCFF036GQE	ENCSR000BUF	ENCSR386RTL	BPNet	observed signal profile	bigWig	ChIP-seq	CREB1	GM12878	cell-line	cell-line	cell-line	plus	none	passed
ENCFF221JEI	ENCFF221JEI	ENCSR214ZAV	ENCSR854EDY	BPNet	observed signal profile	bigWig	ChIP-seq	CREB1	GM23338	cell-line	cell-line	cell-line	minus	none	passed
ENCFF992FOZ	ENCFF992FOZ	ENCSR214ZAV	ENCSR854EDY	BPNet	observed signal profile	bigWig	ChIP-seq	CREB1	GM23338	cell-line	cell-line	cell-line	plus	none	passed
ENCFF409GLT	ENCFF409GLT	ENCSR000BSN	ENCSR068UQY	BPNet	observed signal profile	bigWig	ChIP-seq	CREB1	H1	cell-line	cell-line	cell-line	minus	none	passed
ENCFF118VUN	ENCFF118VUN	ENCSR000BSN	ENCSR068UQY	BPNet	observed signal profile	bigWig	ChIP-seq	CREB1	H1	cell-line	cell-line	cell-line	plus	none	passed
ENCFF042VHQ	ENCFF042VHQ	ENCSR000BVL	ENCSR546LCZ	BPNet	observed signal profile	bigWig	ChIP-seq	CREB1	HepG2	cell-line	cell-line	cell-line	minus	none	passed
ENCFF043MXU	ENCFF043MXU	ENCSR331ORD	ENCSR983YAI	BPNet	observed signal profile	bigWig	ChIP-seq	CREB1	HepG2	cell-line	cell-line	cell-line	minus	none	passed
ENCFF999LQC	ENCFF999LQC	ENCSR112ALD	ENCSR590FMJ	BPNet	observed signal profile	bigWig	ChIP-seq	CREB1	HepG2	cell-line	cell-line	cell-line	minus	none	passed
ENCFF475EOF	ENCFF475EOF	ENCSR331ORD	ENCSR983YAI	BPNet	observed signal profile	bigWig	ChIP-seq	CREB1	HepG2	cell-line	cell-line	cell-line	plus	none	passed
ENCFF695WRP	ENCFF695WRP	ENCSR112ALD	ENCSR590FMJ	BPNet	observed signal profile	bigWig	ChIP-seq	CREB1	HepG2	cell-line	cell-line	cell-line	plus	none	passed
ENCFF969XSJ	ENCFF969XSJ	ENCSR000BVL	ENCSR546LCZ	BPNet	observed signal profile	bigWig	ChIP-seq	CREB1	HepG2	cell-line	cell-line	cell-line	plus	none	passed
ENCFF159SIR	ENCFF159SIR	ENCSR000BUR	ENCSR101JSJ	BPNet	observed signal profile	bigWig	ChIP-seq	CREB1	Ishikawa	cell-line	cell-line	cell-line	minus	none	passed
ENCFF114WUI	ENCFF114WUI	ENCSR000BUR	ENCSR101JSJ	BPNet	observed signal profile	bigWig	ChIP-seq	CREB1	Ishikawa	cell-line	cell-line	cell-line	plus	none	passed
ENCFF083DRK	ENCFF083DRK	ENCSR471WXT	ENCSR908WRX	BPNet	observed signal profile	bigWig	ChIP-seq	CREB1	K562	cell-line	cell-line	cell-line	minus	none	passed
ENCFF146DUL	ENCFF146DUL	ENCSR000BSO	ENCSR159GCM	BPNet	observed signal profile	bigWig	ChIP-seq	CREB1	K562	cell-line	cell-line	cell-line	minus	none	passed
ENCFF834WXX	ENCFF834WXX	ENCSR000BSO	ENCSR159GCM	BPNet	observed signal profile	bigWig	ChIP-seq	CREB1	K562	cell-line	cell-line	cell-line	plus	none	passed
ENCFF920PSF	ENCFF920PSF	ENCSR471WXT	ENCSR908WRX	BPNet	observed signal profile	bigWig	ChIP-seq	CREB1	K562	cell-line	cell-line	cell-line	plus	none	passed
ENCFF624QCL	ENCFF624QCL	ENCSR897JAS	ENCSR087LYI	BPNet	observed signal profile	bigWig	ChIP-seq	CREB1	MCF-7	cell-line	cell-line	cell-line	minus	none	passed
ENCFF793MHF	ENCFF793MHF	ENCSR620DUQ	ENCSR292IHN	BPNet	observed signal profile	bigWig	ChIP-seq	CREB1	MCF-7	cell-line	cell-line	cell-line	minus	none	passed
ENCFF171AXU	ENCFF171AXU	ENCSR897JAS	ENCSR087LYI	BPNet	observed signal profile	bigWig	ChIP-seq	CREB1	MCF-7	cell-line	cell-line	cell-line	plus	none	passed
ENCFF464FRH	ENCFF464FRH	ENCSR620DUQ	ENCSR292IHN	BPNet	observed signal profile	bigWig	ChIP-seq	CREB1	MCF-7	cell-line	cell-line	cell-line	plus	none	passed
ENCFF668QBW	ENCFF668QBW	ENCSR855XFL	ENCSR193GDX	BPNet	observed signal profile	bigWig	ChIP-seq	CREB3	HepG2	cell-line	cell-line	cell-line	minus	none	passed
ENCFF847YSM	ENCFF847YSM	ENCSR855XFL	ENCSR193GDX	BPNet	observed signal profile	bigWig	ChIP-seq	CREB3	HepG2	cell-line	cell-line	cell-line	plus	none	passed
ENCFF536UKC	ENCFF536UKC	ENCSR093FKD	ENCSR406DVL	BPNet	observed signal profile	bigWig	ChIP-seq	CREB3	K562	cell-line	cell-line	cell-line	minus	none	passed
ENCFF843RCX	ENCFF843RCX	ENCSR093FKD	ENCSR406DVL	BPNet	observed signal profile	bigWig	ChIP-seq	CREB3	K562	cell-line	cell-line	cell-line	plus	none	passed
ENCFF804QMN	ENCFF804QMN	ENCSR109YGM	ENCSR658LOZ	BPNet	observed signal profile	bigWig	ChIP-seq	CREB3L1	K562	cell-line	cell-line	cell-line	minus	none	passed
ENCFF752KMU	ENCFF752KMU	ENCSR109YGM	ENCSR658LOZ	BPNet	observed signal profile	bigWig	ChIP-seq	CREB3L1	K562	cell-line	cell-line	cell-line	plus	none	passed
ENCFF839TGK	ENCFF839TGK	ENCSR935PEA	ENCSR900VOQ	BPNet	observed signal profile	bigWig	ChIP-seq	CREB5	K562	cell-line	cell-line	cell-line	minus	none	passed
ENCFF318EXY	ENCFF318EXY	ENCSR935PEA	ENCSR900VOQ	BPNet	observed signal profile	bigWig	ChIP-seq	CREB5	K562	cell-line	cell-line	cell-line	plus	none	passed
ENCFF485OTK	ENCFF485OTK	ENCSR758GOA	ENCSR254GJX	BPNet	observed signal profile	bigWig	ChIP-seq	CREB5	SK-N-SH	cell-line	cell-line	cell-line	minus	none	passed
ENCFF003AUH	ENCFF003AUH	ENCSR758GOA	ENCSR254GJX	BPNet	observed signal profile	bigWig	ChIP-seq	CREB5	SK-N-SH	cell-line	cell-line	cell-line	plus	none	passed
ENCFF727FSA	ENCFF727FSA	ENCSR237OGW	ENCSR598TKV	BPNet	observed signal profile	bigWig	ChIP-seq	CREBL2	HepG2	cell-line	cell-line	cell-line	minus	none	passed
ENCFF567ONZ	ENCFF567ONZ	ENCSR237OGW	ENCSR598TKV	BPNet	observed signal profile	bigWig	ChIP-seq	CREBL2	HepG2	cell-line	cell-line	cell-line	plus	none	passed
ENCFF379JRL	ENCFF379JRL	ENCSR839XZU	ENCSR016SWO	BPNet	observed signal profile	bigWig	ChIP-seq	CREM	GM12878	cell-line	cell-line	cell-line	minus	none	passed
ENCFF341CTO	ENCFF341CTO	ENCSR839XZU	ENCSR016SWO	BPNet	observed signal profile	bigWig	ChIP-seq	CREM	GM12878	cell-line	cell-line	cell-line	plus	none	passed
ENCFF440UOF	ENCFF440UOF	ENCSR799FCZ	ENCSR278LKR	BPNet	observed signal profile	bigWig	ChIP-seq	CREM	HepG2	cell-line	cell-line	cell-line	minus	none	passed
ENCFF486JDQ	ENCFF486JDQ	ENCSR903ELW	ENCSR683NNE	BPNet	observed signal profile	bigWig	ChIP-seq	CREM	HepG2	cell-line	cell-line	cell-line	minus	none	passed
ENCFF212QOZ	ENCFF212QOZ	ENCSR799FCZ	ENCSR278LKR	BPNet	observed signal profile	bigWig	ChIP-seq	CREM	HepG2	cell-line	cell-line	cell-line	plus	none	passed
ENCFF664OIA	ENCFF664OIA	ENCSR903ELW	ENCSR683NNE	BPNet	observed signal profile	bigWig	ChIP-seq	CREM	HepG2	cell-line	cell-line	cell-line	plus	none	passed
ENCFF417DNM	ENCFF417DNM	ENCSR077DKV	ENCSR048MNW	BPNet	observed signal profile	bigWig	ChIP-seq	CREM	K562	cell-line	cell-line	cell-line	minus	none	passed
ENCFF323RHF	ENCFF323RHF	ENCSR077DKV	ENCSR048MNW	BPNet	observed signal profile	bigWig	ChIP-seq	CREM	K562	cell-line	cell-line	cell-line	plus	none	passed
ENCFF582PIT	ENCFF582PIT	ENCSR564TIP	ENCSR081VHO	BPNet	observed signal profile	bigWig	ChIP-seq	CREM	WTC11	cell-line	cell-line	cell-line	minus	none	passed
ENCFF155UNU	ENCFF155UNU	ENCSR564TIP	ENCSR081VHO	BPNet	observed signal profile	bigWig	ChIP-seq	CREM	WTC11	cell-line	cell-line	cell-line	plus	none	passed
ENCFF186IZG	ENCFF186IZG	ENCSR857PBV	ENCSR489YNA	BPNet	observed signal profile	bigWig	ChIP-seq	CTCF	22Rv1	cell-line	cell-line	cell-line	minus	none	passed
ENCFF446GND	ENCFF446GND	ENCSR847XGE	ENCSR050LLD	BPNet	observed signal profile	bigWig	ChIP-seq	CTCF	22Rv1	cell-line	cell-line	cell-line	minus	none	passed
ENCFF332YTJ	ENCFF332YTJ	ENCSR857PBV	ENCSR489YNA	BPNet	observed signal profile	bigWig	ChIP-seq	CTCF	22Rv1	cell-line	cell-line	cell-line	plus	none	passed
ENCFF517GRL	ENCFF517GRL	ENCSR847XGE	ENCSR050LLD	BPNet	observed signal profile	bigWig	ChIP-seq	CTCF	22Rv1	cell-line	cell-line	cell-line	plus	none	passed
ENCFF019SNQ	ENCFF019SNQ	ENCSR249JOH	ENCSR725HHO	BPNet	observed signal profile	bigWig	ChIP-seq	CTCF	A549	cell-line	cell-line	cell-line	minus	none	passed
ENCFF033RFA	ENCFF033RFA	ENCSR553UWG	ENCSR911PNG	BPNet	observed signal profile	bigWig	ChIP-seq	CTCF	A549	cell-line	cell-line	cell-line	minus	none	passed
ENCFF152SNZ	ENCFF152SNZ	ENCSR130TQM	ENCSR832RWD	BPNet	observed signal profile	bigWig	ChIP-seq	CTCF	A549	cell-line	cell-line	cell-line	minus	none	passed
ENCFF189NMO	ENCFF189NMO	ENCSR000AUF	ENCSR460WLC	BPNet	observed signal profile	bigWig	ChIP-seq	CTCF	A549	cell-line	cell-line	cell-line	minus	none	passed
ENCFF240DTK	ENCFF240DTK	ENCSR000DNA	ENCSR006HEA	BPNet	observed signal profile	bigWig	ChIP-seq	CTCF	A549	cell-line	cell-line	cell-line	minus	none	passed
ENCFF268JZJ	ENCFF268JZJ	ENCSR287UXS	ENCSR022WFB	BPNet	observed signal profile	bigWig	ChIP-seq	CTCF	A549	cell-line	cell-line	cell-line	minus	none	passed
ENCFF395GJB	ENCFF395GJB	ENCSR851SOK	ENCSR537HTN	BPNet	observed signal profile	bigWig	ChIP-seq	CTCF	A549	cell-line	cell-line	cell-line	minus	none	passed
ENCFF431RIH	ENCFF431RIH	ENCSR000DPF	ENCSR129HIU	BPNet	observed signal profile	bigWig	ChIP-seq	CTCF	A549	cell-line	cell-line	cell-line	minus	none	passed
ENCFF495CAC	ENCFF495CAC	ENCSR000BHW	ENCSR103KFR	BPNet	observed signal profile	bigWig	ChIP-seq	CTCF	A549	cell-line	cell-line	cell-line	minus	none	passed
ENCFF548LMP	ENCFF548LMP	ENCSR384KPP	ENCSR276DUH	BPNet	observed signal profile	bigWig	ChIP-seq	CTCF	A549	cell-line	cell-line	cell-line	minus	none	passed
ENCFF749KVL	ENCFF749KVL	ENCSR414CQB	ENCSR308BOQ	BPNet	observed signal profile	bigWig	ChIP-seq	CTCF	A549	cell-line	cell-line	cell-line	minus	none	passed
ENCFF771AQR	ENCFF771AQR	ENCSR000AUE	ENCSR762DDL	BPNet	observed signal profile	bigWig	ChIP-seq	CTCF	A549	cell-line	cell-line	cell-line	minus	none	passed
ENCFF816XFY	ENCFF816XFY	ENCSR173IEA	ENCSR766KYD	BPNet	observed signal profile	bigWig	ChIP-seq	CTCF	A549	cell-line	cell-line	cell-line	minus	none	passed
ENCFF846BNA	ENCFF846BNA	ENCSR432AXE	ENCSR972KHT	BPNet	observed signal profile	bigWig	ChIP-seq	CTCF	A549	cell-line	cell-line	cell-line	minus	none	passed
ENCFF863HHN	ENCFF863HHN	ENCSR336VBV	ENCSR079ECO	BPNet	observed signal profile	bigWig	ChIP-seq	CTCF	A549	cell-line	cell-line	cell-line	minus	none	passed
ENCFF922KQM	ENCFF922KQM	ENCSR000BHV	ENCSR546FWR	BPNet	observed signal profile	bigWig	ChIP-seq	CTCF	A549	cell-line	cell-line	cell-line	minus	none	passed
ENCFF944ESL	ENCFF944ESL	ENCSR035OXA	ENCSR124VGY	BPNet	observed signal profile	bigWig	ChIP-seq	CTCF	A549	cell-line	cell-line	cell-line	minus	none	passed
ENCFF982ZMN	ENCFF982ZMN	ENCSR876UZD	ENCSR130FCJ	BPNet	observed signal profile	bigWig	ChIP-seq	CTCF	A549	cell-line	cell-line	cell-line	minus	none	passed
ENCFF997GOZ	ENCFF997GOZ	ENCSR000DYD	ENCSR702YGF	BPNet	observed signal profile	bigWig	ChIP-seq	CTCF	A549	cell-line	cell-line	cell-line	minus	none	passed
ENCFF050ZIG	ENCFF050ZIG	ENCSR035OXA	ENCSR124VGY	BPNet	observed signal profile	bigWig	ChIP-seq	CTCF	A549	cell-line	cell-line	cell-line	plus	none	passed
ENCFF092MMB	ENCFF092MMB	ENCSR000DNA	ENCSR006HEA	BPNet	observed signal profile	bigWig	ChIP-seq	CTCF	A549	cell-line	cell-line	cell-line	plus	none	passed
ENCFF094QAU	ENCFF094QAU	ENCSR000AUF	ENCSR460WLC	BPNet	observed signal profile	bigWig	ChIP-seq	CTCF	A549	cell-line	cell-line	cell-line	plus	none	passed
ENCFF107JJE	ENCFF107JJE	ENCSR432AXE	ENCSR972KHT	BPNet	observed signal profile	bigWig	ChIP-seq	CTCF	A549	cell-line	cell-line	cell-line	plus	none	passed
ENCFF127SYB	ENCFF127SYB	ENCSR553UWG	ENCSR911PNG	BPNet	observed signal profile	bigWig	ChIP-seq	CTCF	A549	cell-line	cell-line	cell-line	plus	none	passed
ENCFF180PCY	ENCFF180PCY	ENCSR173IEA	ENCSR766KYD	BPNet	observed signal profile	bigWig	ChIP-seq	CTCF	A549	cell-line	cell-line	cell-line	plus	none	passed
ENCFF214UEJ	ENCFF214UEJ	ENCSR000BHW	ENCSR103KFR	BPNet	observed signal profile	bigWig	ChIP-seq	CTCF	A549	cell-line	cell-line	cell-line	plus	none	passed
ENCFF444VLT	ENCFF444VLT	ENCSR876UZD	ENCSR130FCJ	BPNet	observed signal profile	bigWig	ChIP-seq	CTCF	A549	cell-line	cell-line	cell-line	plus	none	passed
ENCFF511PXH	ENCFF511PXH	ENCSR000DPF	ENCSR129HIU	BPNet	observed signal profile	bigWig	ChIP-seq	CTCF	A549	cell-line	cell-line	cell-line	plus	none	passed
ENCFF631PBK	ENCFF631PBK	ENCSR000BHV	ENCSR546FWR	BPNet	observed signal profile	bigWig	ChIP-seq	CTCF	A549	cell-line	cell-line	cell-line	plus	none	passed
ENCFF649KAA	ENCFF649KAA	ENCSR414CQB	ENCSR308BOQ	BPNet	observed signal profile	bigWig	ChIP-seq	CTCF	A549	cell-line	cell-line	cell-line	plus	none	passed
ENCFF715ARF	ENCFF715ARF	ENCSR384KPP	ENCSR276DUH	BPNet	observed signal profile	bigWig	ChIP-seq	CTCF	A549	cell-line	cell-line	cell-line	plus	none	passed
ENCFF763RAO	ENCFF763RAO	ENCSR336VBV	ENCSR079ECO	BPNet	observed signal profile	bigWig	ChIP-seq	CTCF	A549	cell-line	cell-line	cell-line	plus	none	passed
ENCFF800MZK	ENCFF800MZK	ENCSR851SOK	ENCSR537HTN	BPNet	observed signal profile	bigWig	ChIP-seq	CTCF	A549	cell-line	cell-line	cell-line	plus	none	passed
ENCFF805DWL	ENCFF805DWL	ENCSR000DYD	ENCSR702YGF	BPNet	observed signal profile	bigWig	ChIP-seq	CTCF	A549	cell-line	cell-line	cell-line	plus	none	passed
ENCFF856SBP	ENCFF856SBP	ENCSR000AUE	ENCSR762DDL	BPNet	observed signal profile	bigWig	ChIP-seq	CTCF	A549	cell-line	cell-line	cell-line	plus	none	passed
ENCFF900PBL	ENCFF900PBL	ENCSR249JOH	ENCSR725HHO	BPNet	observed signal profile	bigWig	ChIP-seq	CTCF	A549	cell-line	cell-line	cell-line	plus	none	passed
ENCFF943TUA	ENCFF943TUA	ENCSR287UXS	ENCSR022WFB	BPNet	observed signal profile	bigWig	ChIP-seq	CTCF	A549	cell-line	cell-line	cell-line	plus	none	passed
ENCFF996ROL	ENCFF996ROL	ENCSR130TQM	ENCSR832RWD	BPNet	observed signal profile	bigWig	ChIP-seq	CTCF	A549	cell-line	cell-line	cell-line	plus	none	passed
ENCFF244LAT	ENCFF244LAT	ENCSR611JJS	ENCSR920OKJ	BPNet	observed signal profile	bigWig	ChIP-seq	CTCF	A673	cell-line	cell-line	cell-line	minus	none	passed
ENCFF624JLZ	ENCFF624JLZ	ENCSR611JJS	ENCSR920OKJ	BPNet	observed signal profile	bigWig	ChIP-seq	CTCF	A673	cell-line	cell-line	cell-line	plus	none	passed
ENCFF287LDH	ENCFF287LDH	ENCSR000DPG	ENCSR378SIR	BPNet	observed signal profile	bigWig	ChIP-seq	CTCF	AG04449	cell-line	cell-line	cell-line	minus	none	passed
ENCFF931CEG	ENCFF931CEG	ENCSR000DPG	ENCSR378SIR	BPNet	observed signal profile	bigWig	ChIP-seq	CTCF	AG04449	cell-line	cell-line	cell-line	plus	none	passed
ENCFF872HFW	ENCFF872HFW	ENCSR000DPM	ENCSR853WQB	BPNet	observed signal profile	bigWig	ChIP-seq	CTCF	AG04450	cell-line	cell-line	cell-line	minus	none	passed
ENCFF756EKI	ENCFF756EKI	ENCSR000DPM	ENCSR853WQB	BPNet	observed signal profile	bigWig	ChIP-seq	CTCF	AG04450	cell-line	cell-line	cell-line	plus	none	passed
ENCFF357JHE	ENCFF357JHE	ENCSR000DPP	ENCSR909PCF	BPNet	observed signal profile	bigWig	ChIP-seq	CTCF	AG09309	cell-line	cell-line	cell-line	minus	none	passed
ENCFF171HKC	ENCFF171HKC	ENCSR000DPP	ENCSR909PCF	BPNet	observed signal profile	bigWig	ChIP-seq	CTCF	AG09309	cell-line	cell-line	cell-line	plus	none	passed
ENCFF566OSL	ENCFF566OSL	ENCSR000DPS	ENCSR681HNW	BPNet	observed signal profile	bigWig	ChIP-seq	CTCF	AG09319	cell-line	cell-line	cell-line	minus	none	passed
ENCFF995DOA	ENCFF995DOA	ENCSR000DPS	ENCSR681HNW	BPNet	observed signal profile	bigWig	ChIP-seq	CTCF	AG09319	cell-line	cell-line	cell-line	plus	none	passed
ENCFF359FJN	ENCFF359FJN	ENCSR000DPV	ENCSR945LOE	BPNet	observed signal profile	bigWig	ChIP-seq	CTCF	AG10803	cell-line	cell-line	cell-line	minus	none	passed
ENCFF943BXX	ENCFF943BXX	ENCSR000DPV	ENCSR945LOE	BPNet	observed signal profile	bigWig	ChIP-seq	CTCF	AG10803	cell-line	cell-line	cell-line	plus	none	passed
ENCFF434GPT	ENCFF434GPT	ENCSR075NRV	ENCSR589SIZ	BPNet	observed signal profile	bigWig	ChIP-seq	CTCF	B-cell	b-cell	immune	immune-system	minus	none	passed
ENCFF773JXT	ENCFF773JXT	ENCSR000AUV	ENCSR703RYO	BPNet	observed signal profile	bigWig	ChIP-seq	CTCF	B-cell	b-cell	immune	immune-system	minus	none	passed
ENCFF703CSX	ENCFF703CSX	ENCSR000AUV	ENCSR703RYO	BPNet	observed signal profile	bigWig	ChIP-seq	CTCF	B-cell	b-cell	immune	immune-system	plus	none	passed
ENCFF920BQK	ENCFF920BQK	ENCSR075NRV	ENCSR589SIZ	BPNet	observed signal profile	bigWig	ChIP-seq	CTCF	B-cell	b-cell	immune	immune-system	plus	none	passed
ENCFF824WKN	ENCFF824WKN	ENCSR000DQD	ENCSR809LZD	BPNet	observed signal profile	bigWig	ChIP-seq	CTCF	BE2C	cell-line	cell-line	cell-line	minus	none	passed
ENCFF345YZI	ENCFF345YZI	ENCSR000DQD	ENCSR809LZD	BPNet	observed signal profile	bigWig	ChIP-seq	CTCF	BE2C	cell-line	cell-line	cell-line	plus	none	passed
ENCFF981KZU	ENCFF981KZU	ENCSR000DQI	ENCSR396FYG	BPNet	observed signal profile	bigWig	ChIP-seq	CTCF	BJ	cell-line	cell-line	cell-line	minus	none	passed
ENCFF050HJV	ENCFF050HJV	ENCSR000DQI	ENCSR396FYG	BPNet	observed signal profile	bigWig	ChIP-seq	CTCF	BJ	cell-line	cell-line	cell-line	plus	none	passed
ENCFF746SNU	ENCFF746SNU	ENCSR460LGH	ENCSR097TEU	BPNet	observed signal profile	bigWig	ChIP-seq	CTCF	C4-2B	cell-line	cell-line	cell-line	minus	none	passed
ENCFF467EAT	ENCFF467EAT	ENCSR460LGH	ENCSR097TEU	BPNet	observed signal profile	bigWig	ChIP-seq	CTCF	C4-2B	cell-line	cell-line	cell-line	plus	none	passed
ENCFF494GAJ	ENCFF494GAJ	ENCSR000ATN	ENCSR973TTH	BPNet	observed signal profile	bigWig	ChIP-seq	CTCF	CD14-positive-monocyte	cd	immune	immune-system	minus	none	passed
ENCFF668EHG	ENCFF668EHG	ENCSR162KZY	ENCSR644MSL	BPNet	observed signal profile	bigWig	ChIP-seq	CTCF	CD14-positive-monocyte	cd	immune	immune-system	minus	none	passed
ENCFF153XOW	ENCFF153XOW	ENCSR000ATN	ENCSR973TTH	BPNet	observed signal profile	bigWig	ChIP-seq	CTCF	CD14-positive-monocyte	cd	immune	immune-system	plus	none	passed
ENCFF525KTQ	ENCFF525KTQ	ENCSR162KZY	ENCSR644MSL	BPNet	observed signal profile	bigWig	ChIP-seq	CTCF	CD14-positive-monocyte	cd	immune	immune-system	plus	none	passed
ENCFF317ZZR	ENCFF317ZZR	ENCSR470KCE	ENCSR110MUG	BPNet	observed signal profile	bigWig	ChIP-seq	CTCF	CD4-positive,-alpha-beta-T-cell	t-cell	immune	immune-system	minus	none	passed
ENCFF243YPT	ENCFF243YPT	ENCSR470KCE	ENCSR110MUG	BPNet	observed signal profile	bigWig	ChIP-seq	CTCF	CD4-positive,-alpha-beta-T-cell	t-cell	immune	immune-system	plus	none	passed
ENCFF010KEY	ENCFF010KEY	ENCSR116AKQ	ENCSR301ZKN	BPNet	observed signal profile	bigWig	ChIP-seq	CTCF	CD8-positive,-alpha-beta-T-cell	t-cell	immune	immune-system	minus	none	passed
ENCFF521VTG	ENCFF521VTG	ENCSR116AKQ	ENCSR301ZKN	BPNet	observed signal profile	bigWig	ChIP-seq	CTCF	CD8-positive,-alpha-beta-T-cell	t-cell	immune	immune-system	plus	none	passed
ENCFF584BLP	ENCFF584BLP	ENCSR961IOA	ENCSR990LSR	BPNet	observed signal profile	bigWig	ChIP-seq	CTCF	Caco-2	cell-line	cell-line	cell-line	minus	none	passed
ENCFF791IFX	ENCFF791IFX	ENCSR000DQN	ENCSR832NEH	BPNet	observed signal profile	bigWig	ChIP-seq	CTCF	Caco-2	cell-line	cell-line	cell-line	minus	none	passed
ENCFF459VZH	ENCFF459VZH	ENCSR000DQN	ENCSR832NEH	BPNet	observed signal profile	bigWig	ChIP-seq	CTCF	Caco-2	cell-line	cell-line	cell-line	plus	none	passed
ENCFF697KUY	ENCFF697KUY	ENCSR961IOA	ENCSR990LSR	BPNet	observed signal profile	bigWig	ChIP-seq	CTCF	Caco-2	cell-line	cell-line	cell-line	plus	none	passed
ENCFF552BSB	ENCFF552BSB	ENCSR921ERP	ENCSR429DFS	BPNet	observed signal profile	bigWig	ChIP-seq	CTCF	Calu3	cell-line	cell-line	cell-line	minus	none	passed
ENCFF599DRR	ENCFF599DRR	ENCSR921ERP	ENCSR429DFS	BPNet	observed signal profile	bigWig	ChIP-seq	CTCF	Calu3	cell-line	cell-line	cell-line	plus	none	passed
ENCFF365MOU	ENCFF365MOU	ENCSR000DMY	ENCSR144FRI	BPNet	observed signal profile	bigWig	ChIP-seq	CTCF	D721Med	cell-line	cell-line	cell-line	minus	none	passed
ENCFF821PHX	ENCFF821PHX	ENCSR000DMY	ENCSR144FRI	BPNet	observed signal profile	bigWig	ChIP-seq	CTCF	D721Med	cell-line	cell-line	cell-line	plus	none	passed
ENCFF038OXI	ENCFF038OXI	ENCSR000AQU	ENCSR804TKE	BPNet	observed signal profile	bigWig	ChIP-seq	CTCF	DND-41	cell-line	cell-line	cell-line	minus	none	passed
ENCFF442SVN	ENCFF442SVN	ENCSR000AQU	ENCSR804TKE	BPNet	observed signal profile	bigWig	ChIP-seq	CTCF	DND-41	cell-line	cell-line	cell-line	plus	none	passed
ENCFF142ALG	ENCFF142ALG	ENCSR084RDK	ENCSR151HUS	BPNet	observed signal profile	bigWig	ChIP-seq	CTCF	DOHH2	cell-line	cell-line	cell-line	minus	none	passed
ENCFF371VQO	ENCFF371VQO	ENCSR084RDK	ENCSR151HUS	BPNet	observed signal profile	bigWig	ChIP-seq	CTCF	DOHH2	cell-line	cell-line	cell-line	plus	none	passed
ENCFF152VFC	ENCFF152VFC	ENCSR000DQW	ENCSR734CVF	BPNet	observed signal profile	bigWig	ChIP-seq	CTCF	GM06990	cell-line	cell-line	cell-line	minus	none	passed
ENCFF645PXA	ENCFF645PXA	ENCSR000DQW	ENCSR734CVF	BPNet	observed signal profile	bigWig	ChIP-seq	CTCF	GM06990	cell-line	cell-line	cell-line	plus	none	passed
ENCFF097ZNZ	ENCFF097ZNZ	ENCSR000DKP	ENCSR737MKU	BPNet	observed signal profile	bigWig	ChIP-seq	CTCF	GM10248	cell-line	cell-line	cell-line	minus	none	passed
ENCFF943WHG	ENCFF943WHG	ENCSR000DKP	ENCSR737MKU	BPNet	observed signal profile	bigWig	ChIP-seq	CTCF	GM10248	cell-line	cell-line	cell-line	plus	none	passed
ENCFF375LDZ	ENCFF375LDZ	ENCSR000DKR	ENCSR678ZBU	BPNet	observed signal profile	bigWig	ChIP-seq	CTCF	GM10266	cell-line	cell-line	cell-line	minus	none	passed
ENCFF533WGE	ENCFF533WGE	ENCSR000DKR	ENCSR678ZBU	BPNet	observed signal profile	bigWig	ChIP-seq	CTCF	GM10266	cell-line	cell-line	cell-line	plus	none	passed
ENCFF598LVB	ENCFF598LVB	ENCSR000DRB	ENCSR838GVN	BPNet	observed signal profile	bigWig	ChIP-seq	CTCF	GM12864	cell-line	cell-line	cell-line	minus	none	passed
ENCFF566ESP	ENCFF566ESP	ENCSR000DRB	ENCSR838GVN	BPNet	observed signal profile	bigWig	ChIP-seq	CTCF	GM12864	cell-line	cell-line	cell-line	plus	none	passed
ENCFF339GYA	ENCFF339GYA	ENCSR000DRE	ENCSR328AFR	BPNet	observed signal profile	bigWig	ChIP-seq	CTCF	GM12865	cell-line	cell-line	cell-line	minus	none	passed
ENCFF760TOK	ENCFF760TOK	ENCSR000DRE	ENCSR328AFR	BPNet	observed signal profile	bigWig	ChIP-seq	CTCF	GM12865	cell-line	cell-line	cell-line	plus	none	passed
ENCFF145TQV	ENCFF145TQV	ENCSR000DRN	ENCSR423ZAB	BPNet	observed signal profile	bigWig	ChIP-seq	CTCF	GM12872	cell-line	cell-line	cell-line	minus	none	passed
ENCFF713GRE	ENCFF713GRE	ENCSR000DRN	ENCSR423ZAB	BPNet	observed signal profile	bigWig	ChIP-seq	CTCF	GM12872	cell-line	cell-line	cell-line	plus	none	passed
ENCFF579SQP	ENCFF579SQP	ENCSR000DRP	ENCSR268ALZ	BPNet	observed signal profile	bigWig	ChIP-seq	CTCF	GM12873	cell-line	cell-line	cell-line	minus	none	passed
ENCFF822MUC	ENCFF822MUC	ENCSR000DRP	ENCSR268ALZ	BPNet	observed signal profile	bigWig	ChIP-seq	CTCF	GM12873	cell-line	cell-line	cell-line	plus	none	passed
ENCFF673XPP	ENCFF673XPP	ENCSR000DRR	ENCSR660QIG	BPNet	observed signal profile	bigWig	ChIP-seq	CTCF	GM12874	cell-line	cell-line	cell-line	minus	none	passed
ENCFF817DKA	ENCFF817DKA	ENCSR000DRR	ENCSR660QIG	BPNet	observed signal profile	bigWig	ChIP-seq	CTCF	GM12874	cell-line	cell-line	cell-line	plus	none	passed
ENCFF621FQD	ENCFF621FQD	ENCSR000DRU	ENCSR803FJZ	BPNet	observed signal profile	bigWig	ChIP-seq	CTCF	GM12875	cell-line	cell-line	cell-line	minus	none	passed
ENCFF500JCY	ENCFF500JCY	ENCSR000DRU	ENCSR803FJZ	BPNet	observed signal profile	bigWig	ChIP-seq	CTCF	GM12875	cell-line	cell-line	cell-line	plus	none	passed
ENCFF148FMP	ENCFF148FMP	ENCSR000AKB	ENCSR828JES	BPNet	observed signal profile	bigWig	ChIP-seq	CTCF	GM12878	cell-line	cell-line	cell-line	minus	none	passed
ENCFF278SDV	ENCFF278SDV	ENCSR000DZN	ENCSR419MKE	BPNet	observed signal profile	bigWig	ChIP-seq	CTCF	GM12878	cell-line	cell-line	cell-line	minus	none	passed
ENCFF420VFK	ENCFF420VFK	ENCSR000DRZ	ENCSR079TDJ	BPNet	observed signal profile	bigWig	ChIP-seq	CTCF	GM12878	cell-line	cell-line	cell-line	minus	none	passed
ENCFF666NYW	ENCFF666NYW	ENCSR000DKV	ENCSR991FIE	BPNet	observed signal profile	bigWig	ChIP-seq	CTCF	GM12878	cell-line	cell-line	cell-line	minus	none	passed
ENCFF031BVL	ENCFF031BVL	ENCSR000AKB	ENCSR828JES	BPNet	observed signal profile	bigWig	ChIP-seq	CTCF	GM12878	cell-line	cell-line	cell-line	plus	none	passed
ENCFF527YQK	ENCFF527YQK	ENCSR000DKV	ENCSR991FIE	BPNet	observed signal profile	bigWig	ChIP-seq	CTCF	GM12878	cell-line	cell-line	cell-line	plus	none	passed
ENCFF592AST	ENCFF592AST	ENCSR000DRZ	ENCSR079TDJ	BPNet	observed signal profile	bigWig	ChIP-seq	CTCF	GM12878	cell-line	cell-line	cell-line	plus	none	passed
ENCFF984UHW	ENCFF984UHW	ENCSR000DZN	ENCSR419MKE	BPNet	observed signal profile	bigWig	ChIP-seq	CTCF	GM12878	cell-line	cell-line	cell-line	plus	none	passed
ENCFF549PKG	ENCFF549PKG	ENCSR000DKZ	ENCSR203ACM	BPNet	observed signal profile	bigWig	ChIP-seq	CTCF	GM13976	cell-line	cell-line	cell-line	minus	none	passed
ENCFF366AFX	ENCFF366AFX	ENCSR000DKZ	ENCSR203ACM	BPNet	observed signal profile	bigWig	ChIP-seq	CTCF	GM13976	cell-line	cell-line	cell-line	plus	none	passed
ENCFF290KKM	ENCFF290KKM	ENCSR000DLB	ENCSR184UDP	BPNet	observed signal profile	bigWig	ChIP-seq	CTCF	GM13977	cell-line	cell-line	cell-line	minus	none	passed
ENCFF736JWJ	ENCFF736JWJ	ENCSR000DLB	ENCSR184UDP	BPNet	observed signal profile	bigWig	ChIP-seq	CTCF	GM13977	cell-line	cell-line	cell-line	plus	none	passed
ENCFF827EPH	ENCFF827EPH	ENCSR000DLG	ENCSR625FMQ	BPNet	observed signal profile	bigWig	ChIP-seq	CTCF	GM20000	cell-line	cell-line	cell-line	minus	none	passed
ENCFF313PGW	ENCFF313PGW	ENCSR000DLG	ENCSR625FMQ	BPNet	observed signal profile	bigWig	ChIP-seq	CTCF	GM20000	cell-line	cell-line	cell-line	plus	none	passed
ENCFF148UIP	ENCFF148UIP	ENCSR932ZMX	ENCSR861XDX	BPNet	observed signal profile	bigWig	ChIP-seq	CTCF	GM23338	cell-line	cell-line	cell-line	minus	none	passed
ENCFF478IWJ	ENCFF478IWJ	ENCSR611HGB	ENCSR014TCF	BPNet	observed signal profile	bigWig	ChIP-seq	CTCF	GM23338	cell-line	cell-line	cell-line	minus	none	passed
ENCFF752QYY	ENCFF752QYY	ENCSR987GXT	ENCSR623FBO	BPNet	observed signal profile	bigWig	ChIP-seq	CTCF	GM23338	cell-line	cell-line	cell-line	minus	none	passed
ENCFF088PYY	ENCFF088PYY	ENCSR987GXT	ENCSR623FBO	BPNet	observed signal profile	bigWig	ChIP-seq	CTCF	GM23338	cell-line	cell-line	cell-line	plus	none	passed
ENCFF234INL	ENCFF234INL	ENCSR611HGB	ENCSR014TCF	BPNet	observed signal profile	bigWig	ChIP-seq	CTCF	GM23338	cell-line	cell-line	cell-line	plus	none	passed
ENCFF449ZHD	ENCFF449ZHD	ENCSR932ZMX	ENCSR861XDX	BPNet	observed signal profile	bigWig	ChIP-seq	CTCF	GM23338	cell-line	cell-line	cell-line	plus	none	passed
ENCFF042HTY	ENCFF042HTY	ENCSR000DLK	ENCSR951XDR	BPNet	observed signal profile	bigWig	ChIP-seq	CTCF	H1	cell-line	cell-line	cell-line	minus	none	passed
ENCFF099UGV	ENCFF099UGV	ENCSR000BNH	ENCSR564EWM	BPNet	observed signal profile	bigWig	ChIP-seq	CTCF	H1	cell-line	cell-line	cell-line	minus	none	passed
ENCFF239QGY	ENCFF239QGY	ENCSR000AMF	ENCSR388MGB	BPNet	observed signal profile	bigWig	ChIP-seq	CTCF	H1	cell-line	cell-line	cell-line	minus	none	passed
ENCFF036UFW	ENCFF036UFW	ENCSR000DLK	ENCSR951XDR	BPNet	observed signal profile	bigWig	ChIP-seq	CTCF	H1	cell-line	cell-line	cell-line	plus	none	passed
ENCFF365KIP	ENCFF365KIP	ENCSR000BNH	ENCSR564EWM	BPNet	observed signal profile	bigWig	ChIP-seq	CTCF	H1	cell-line	cell-line	cell-line	plus	none	passed
ENCFF695ZKP	ENCFF695ZKP	ENCSR000AMF	ENCSR388MGB	BPNet	observed signal profile	bigWig	ChIP-seq	CTCF	H1	cell-line	cell-line	cell-line	plus	none	passed
ENCFF712PSL	ENCFF712PSL	ENCSR000DKN	ENCSR334UTF	BPNet	observed signal profile	bigWig	ChIP-seq	CTCF	H54	cell-line	cell-line	cell-line	minus	none	passed
ENCFF757ZMA	ENCFF757ZMA	ENCSR000DKN	ENCSR334UTF	BPNet	observed signal profile	bigWig	ChIP-seq	CTCF	H54	cell-line	cell-line	cell-line	plus	none	passed
ENCFF699DRU	ENCFF699DRU	ENCSR871MKQ	ENCSR047KAE	BPNet	observed signal profile	bigWig	ChIP-seq	CTCF	H9	cell-line	cell-line	cell-line	minus	none	passed
ENCFF459DCV	ENCFF459DCV	ENCSR871MKQ	ENCSR047KAE	BPNet	observed signal profile	bigWig	ChIP-seq	CTCF	H9	cell-line	cell-line	cell-line	plus	none	passed
ENCFF011HWI	ENCFF011HWI	ENCSR446FOM	ENCSR450FNU	BPNet	observed signal profile	bigWig	ChIP-seq	CTCF	HCT116	cell-line	cell-line	cell-line	minus	none	passed
ENCFF100YKG	ENCFF100YKG	ENCSR107GWZ	ENCSR809QEU	BPNet	observed signal profile	bigWig	ChIP-seq	CTCF	HCT116	cell-line	cell-line	cell-line	minus	none	passed
ENCFF107WPR	ENCFF107WPR	ENCSR059BCO	ENCSR007ULB	BPNet	observed signal profile	bigWig	ChIP-seq	CTCF	HCT116	cell-line	cell-line	cell-line	minus	none	passed
ENCFF123QDT	ENCFF123QDT	ENCSR048RGR	ENCSR122FGV	BPNet	observed signal profile	bigWig	ChIP-seq	CTCF	HCT116	cell-line	cell-line	cell-line	minus	none	passed
ENCFF153AXI	ENCFF153AXI	ENCSR216SIK	ENCSR446GUY	BPNet	observed signal profile	bigWig	ChIP-seq	CTCF	HCT116	cell-line	cell-line	cell-line	minus	none	passed
ENCFF168HZK	ENCFF168HZK	ENCSR240PRQ	ENCSR414BOR	BPNet	observed signal profile	bigWig	ChIP-seq	CTCF	HCT116	cell-line	cell-line	cell-line	minus	none	passed
ENCFF307YKI	ENCFF307YKI	ENCSR979ZEO	ENCSR458KCW	BPNet	observed signal profile	bigWig	ChIP-seq	CTCF	HCT116	cell-line	cell-line	cell-line	minus	none	passed
ENCFF319RUE	ENCFF319RUE	ENCSR288YJL	ENCSR824RSD	BPNet	observed signal profile	bigWig	ChIP-seq	CTCF	HCT116	cell-line	cell-line	cell-line	minus	none	passed
ENCFF336GIF	ENCFF336GIF	ENCSR597TGH	ENCSR987ARI	BPNet	observed signal profile	bigWig	ChIP-seq	CTCF	HCT116	cell-line	cell-line	cell-line	minus	none	passed
ENCFF463NZG	ENCFF463NZG	ENCSR000DTO	ENCSR479EDA	BPNet	observed signal profile	bigWig	ChIP-seq	CTCF	HCT116	cell-line	cell-line	cell-line	minus	none	passed
ENCFF510HHC	ENCFF510HHC	ENCSR352EIC	ENCSR635JNK	BPNet	observed signal profile	bigWig	ChIP-seq	CTCF	HCT116	cell-line	cell-line	cell-line	minus	none	passed
ENCFF674SEW	ENCFF674SEW	ENCSR341OQG	ENCSR326PBH	BPNet	observed signal profile	bigWig	ChIP-seq	CTCF	HCT116	cell-line	cell-line	cell-line	minus	none	passed
ENCFF712YZW	ENCFF712YZW	ENCSR450DXU	ENCSR808TEA	BPNet	observed signal profile	bigWig	ChIP-seq	CTCF	HCT116	cell-line	cell-line	cell-line	minus	none	passed
ENCFF776XIM	ENCFF776XIM	ENCSR000BSE	ENCSR411AQS	BPNet	observed signal profile	bigWig	ChIP-seq	CTCF	HCT116	cell-line	cell-line	cell-line	minus	none	passed
ENCFF802IKQ	ENCFF802IKQ	ENCSR671ITY	ENCSR053AKB	BPNet	observed signal profile	bigWig	ChIP-seq	CTCF	HCT116	cell-line	cell-line	cell-line	minus	none	passed
ENCFF809DJV	ENCFF809DJV	ENCSR954MUZ	ENCSR522YJE	BPNet	observed signal profile	bigWig	ChIP-seq	CTCF	HCT116	cell-line	cell-line	cell-line	minus	none	passed
ENCFF837KYL	ENCFF837KYL	ENCSR160GVO	ENCSR212VCX	BPNet	observed signal profile	bigWig	ChIP-seq	CTCF	HCT116	cell-line	cell-line	cell-line	minus	none	passed
ENCFF846FXX	ENCFF846FXX	ENCSR385CDF	ENCSR991MUU	BPNet	observed signal profile	bigWig	ChIP-seq	CTCF	HCT116	cell-line	cell-line	cell-line	minus	none	passed
ENCFF913FLU	ENCFF913FLU	ENCSR908TBJ	ENCSR837PNF	BPNet	observed signal profile	bigWig	ChIP-seq	CTCF	HCT116	cell-line	cell-line	cell-line	minus	none	passed
ENCFF034ZNS	ENCFF034ZNS	ENCSR446FOM	ENCSR450FNU	BPNet	observed signal profile	bigWig	ChIP-seq	CTCF	HCT116	cell-line	cell-line	cell-line	plus	none	passed
ENCFF125ZKX	ENCFF125ZKX	ENCSR059BCO	ENCSR007ULB	BPNet	observed signal profile	bigWig	ChIP-seq	CTCF	HCT116	cell-line	cell-line	cell-line	plus	none	passed
ENCFF152VKE	ENCFF152VKE	ENCSR000DTO	ENCSR479EDA	BPNet	observed signal profile	bigWig	ChIP-seq	CTCF	HCT116	cell-line	cell-line	cell-line	plus	none	passed
ENCFF188MEP	ENCFF188MEP	ENCSR048RGR	ENCSR122FGV	BPNet	observed signal profile	bigWig	ChIP-seq	CTCF	HCT116	cell-line	cell-line	cell-line	plus	none	passed
ENCFF313PQL	ENCFF313PQL	ENCSR240PRQ	ENCSR414BOR	BPNet	observed signal profile	bigWig	ChIP-seq	CTCF	HCT116	cell-line	cell-line	cell-line	plus	none	passed
ENCFF365DIW	ENCFF365DIW	ENCSR288YJL	ENCSR824RSD	BPNet	observed signal profile	bigWig	ChIP-seq	CTCF	HCT116	cell-line	cell-line	cell-line	plus	none	passed
ENCFF398WIF	ENCFF398WIF	ENCSR954MUZ	ENCSR522YJE	BPNet	observed signal profile	bigWig	ChIP-seq	CTCF	HCT116	cell-line	cell-line	cell-line	plus	none	passed
ENCFF437ESP	ENCFF437ESP	ENCSR450DXU	ENCSR808TEA	BPNet	observed signal profile	bigWig	ChIP-seq	CTCF	HCT116	cell-line	cell-line	cell-line	plus	none	passed
ENCFF461XNJ	ENCFF461XNJ	ENCSR597TGH	ENCSR987ARI	BPNet	observed signal profile	bigWig	ChIP-seq	CTCF	HCT116	cell-line	cell-line	cell-line	plus	none	passed
ENCFF505HTW	ENCFF505HTW	ENCSR000BSE	ENCSR411AQS	BPNet	observed signal profile	bigWig	ChIP-seq	CTCF	HCT116	cell-line	cell-line	cell-line	plus	none	passed
ENCFF523VQJ	ENCFF523VQJ	ENCSR216SIK	ENCSR446GUY	BPNet	observed signal profile	bigWig	ChIP-seq	CTCF	HCT116	cell-line	cell-line	cell-line	plus	none	passed
ENCFF563CBB	ENCFF563CBB	ENCSR341OQG	ENCSR326PBH	BPNet	observed signal profile	bigWig	ChIP-seq	CTCF	HCT116	cell-line	cell-line	cell-line	plus	none	passed
ENCFF653IBF	ENCFF653IBF	ENCSR352EIC	ENCSR635JNK	BPNet	observed signal profile	bigWig	ChIP-seq	CTCF	HCT116	cell-line	cell-line	cell-line	plus	none	passed
ENCFF662UGE	ENCFF662UGE	ENCSR979ZEO	ENCSR458KCW	BPNet	observed signal profile	bigWig	ChIP-seq	CTCF	HCT116	cell-line	cell-line	cell-line	plus	none	passed
ENCFF680UGK	ENCFF680UGK	ENCSR160GVO	ENCSR212VCX	BPNet	observed signal profile	bigWig	ChIP-seq	CTCF	HCT116	cell-line	cell-line	cell-line	plus	none	passed
ENCFF753MUX	ENCFF753MUX	ENCSR908TBJ	ENCSR837PNF	BPNet	observed signal profile	bigWig	ChIP-seq	CTCF	HCT116	cell-line	cell-line	cell-line	plus	none	passed
ENCFF853KXF	ENCFF853KXF	ENCSR385CDF	ENCSR991MUU	BPNet	observed signal profile	bigWig	ChIP-seq	CTCF	HCT116	cell-line	cell-line	cell-line	plus	none	passed
ENCFF860HEY	ENCFF860HEY	ENCSR107GWZ	ENCSR809QEU	BPNet	observed signal profile	bigWig	ChIP-seq	CTCF	HCT116	cell-line	cell-line	cell-line	plus	none	passed
ENCFF875TTV	ENCFF875TTV	ENCSR671ITY	ENCSR053AKB	BPNet	observed signal profile	bigWig	ChIP-seq	CTCF	HCT116	cell-line	cell-line	cell-line	plus	none	passed
ENCFF571SJS	ENCFF571SJS	ENCSR617IFZ	ENCSR468NBS	BPNet	observed signal profile	bigWig	ChIP-seq	CTCF	HEK293	cell-line	cell-line	cell-line	minus	none	passed
ENCFF785RMO	ENCFF785RMO	ENCSR000DTW	ENCSR937GND	BPNet	observed signal profile	bigWig	ChIP-seq	CTCF	HEK293	cell-line	cell-line	cell-line	minus	none	passed
ENCFF554JTM	ENCFF554JTM	ENCSR617IFZ	ENCSR468NBS	BPNet	observed signal profile	bigWig	ChIP-seq	CTCF	HEK293	cell-line	cell-line	cell-line	plus	none	passed
ENCFF657TTR	ENCFF657TTR	ENCSR000DTW	ENCSR937GND	BPNet	observed signal profile	bigWig	ChIP-seq	CTCF	HEK293	cell-line	cell-line	cell-line	plus	none	passed
ENCFF551VME	ENCFF551VME	ENCSR000DUM	ENCSR868VBN	BPNet	observed signal profile	bigWig	ChIP-seq	CTCF	HFF-Myc	cell-line	cell-line	cell-line	minus	none	passed
ENCFF281STX	ENCFF281STX	ENCSR000DUM	ENCSR868VBN	BPNet	observed signal profile	bigWig	ChIP-seq	CTCF	HFF-Myc	cell-line	cell-line	cell-line	plus	none	passed
ENCFF570IUD	ENCFF570IUD	ENCSR163ULN	ENCSR395UKF	BPNet	observed signal profile	bigWig	ChIP-seq	CTCF	HFFc6	cell-line	cell-line	cell-line	minus	none	passed
ENCFF906LND	ENCFF906LND	ENCSR163ULN	ENCSR395UKF	BPNet	observed signal profile	bigWig	ChIP-seq	CTCF	HFFc6	cell-line	cell-line	cell-line	plus	none	passed
ENCFF756VYA	ENCFF756VYA	ENCSR000DUP	ENCSR275BLH	BPNet	observed signal profile	bigWig	ChIP-seq	CTCF	HL-60	cell-line	cell-line	cell-line	minus	none	passed
ENCFF658CZG	ENCFF658CZG	ENCSR000DUP	ENCSR275BLH	BPNet	observed signal profile	bigWig	ChIP-seq	CTCF	HL-60	cell-line	cell-line	cell-line	plus	none	passed
ENCFF057PWO	ENCFF057PWO	ENCSR000AOA	ENCSR052JJA	BPNet	observed signal profile	bigWig	ChIP-seq	CTCF	HeLa-S3	cell-line	cell-line	cell-line	minus	none	passed
ENCFF432AXV	ENCFF432AXV	ENCSR000DLO	ENCSR971MHL	BPNet	observed signal profile	bigWig	ChIP-seq	CTCF	HeLa-S3	cell-line	cell-line	cell-line	minus	none	passed
ENCFF630TFG	ENCFF630TFG	ENCSR000DUB	ENCSR351FAH	BPNet	observed signal profile	bigWig	ChIP-seq	CTCF	HeLa-S3	cell-line	cell-line	cell-line	minus	none	passed
ENCFF004MMK	ENCFF004MMK	ENCSR000DUB	ENCSR351FAH	BPNet	observed signal profile	bigWig	ChIP-seq	CTCF	HeLa-S3	cell-line	cell-line	cell-line	plus	none	passed
ENCFF482JGI	ENCFF482JGI	ENCSR000AOA	ENCSR052JJA	BPNet	observed signal profile	bigWig	ChIP-seq	CTCF	HeLa-S3	cell-line	cell-line	cell-line	plus	none	passed
ENCFF714EXQ	ENCFF714EXQ	ENCSR000DLO	ENCSR971MHL	BPNet	observed signal profile	bigWig	ChIP-seq	CTCF	HeLa-S3	cell-line	cell-line	cell-line	plus	none	passed
ENCFF149UIQ	ENCFF149UIQ	ENCSR000DUG	ENCSR314HTI	BPNet	observed signal profile	bigWig	ChIP-seq	CTCF	HepG2	cell-line	cell-line	cell-line	minus	none	passed
ENCFF263JOG	ENCFF263JOG	ENCSR607XFI	ENCSR019KHO	BPNet	observed signal profile	bigWig	ChIP-seq	CTCF	HepG2	cell-line	cell-line	cell-line	minus	none	passed
ENCFF678IPO	ENCFF678IPO	ENCSR000BIE	ENCSR810FHL	BPNet	observed signal profile	bigWig	ChIP-seq	CTCF	HepG2	cell-line	cell-line	cell-line	minus	none	passed
ENCFF837NAK	ENCFF837NAK	ENCSR000DLS	ENCSR393NEE	BPNet	observed signal profile	bigWig	ChIP-seq	CTCF	HepG2	cell-line	cell-line	cell-line	minus	none	passed
ENCFF913NLR	ENCFF913NLR	ENCSR000AMA	ENCSR999XPW	BPNet	observed signal profile	bigWig	ChIP-seq	CTCF	HepG2	cell-line	cell-line	cell-line	minus	none	passed
ENCFF139PRX	ENCFF139PRX	ENCSR000AMA	ENCSR999XPW	BPNet	observed signal profile	bigWig	ChIP-seq	CTCF	HepG2	cell-line	cell-line	cell-line	plus	none	passed
ENCFF251SCR	ENCFF251SCR	ENCSR000DLS	ENCSR393NEE	BPNet	observed signal profile	bigWig	ChIP-seq	CTCF	HepG2	cell-line	cell-line	cell-line	plus	none	passed
ENCFF391JYP	ENCFF391JYP	ENCSR607XFI	ENCSR019KHO	BPNet	observed signal profile	bigWig	ChIP-seq	CTCF	HepG2	cell-line	cell-line	cell-line	plus	none	passed
ENCFF399UBK	ENCFF399UBK	ENCSR000BIE	ENCSR810FHL	BPNet	observed signal profile	bigWig	ChIP-seq	CTCF	HepG2	cell-line	cell-line	cell-line	plus	none	passed
ENCFF801NXZ	ENCFF801NXZ	ENCSR000DUG	ENCSR314HTI	BPNet	observed signal profile	bigWig	ChIP-seq	CTCF	HepG2	cell-line	cell-line	cell-line	plus	none	passed
ENCFF735XEZ	ENCFF735XEZ	ENCSR000EFI	ENCSR691RJO	BPNet	observed signal profile	bigWig	ChIP-seq	CTCF	IMR-90	cell-line	cell-line	cell-line	minus	none	passed
ENCFF846QZS	ENCFF846QZS	ENCSR000EFI	ENCSR691RJO	BPNet	observed signal profile	bigWig	ChIP-seq	CTCF	IMR-90	cell-line	cell-line	cell-line	plus	none	passed
ENCFF475CQV	ENCFF475CQV	ENCSR000BQE	ENCSR417SZU	BPNet	observed signal profile	bigWig	ChIP-seq	CTCF	Ishikawa	cell-line	cell-line	cell-line	minus	none	passed
ENCFF513IOP	ENCFF513IOP	ENCSR000BQE	ENCSR417SZU	BPNet	observed signal profile	bigWig	ChIP-seq	CTCF	Ishikawa	cell-line	cell-line	cell-line	plus	none	passed
ENCFF174NES	ENCFF174NES	ENCSR000DWE	ENCSR263BFL	BPNet	observed signal profile	bigWig	ChIP-seq	CTCF	K562	cell-line	cell-line	cell-line	minus	none	passed
ENCFF536SJW	ENCFF536SJW	ENCSR000DMA	ENCSR951XAM	BPNet	observed signal profile	bigWig	ChIP-seq	CTCF	K562	cell-line	cell-line	cell-line	minus	none	passed
ENCFF700RUX	ENCFF700RUX	ENCSR000BPJ	ENCSR733IVP	BPNet	observed signal profile	bigWig	ChIP-seq	CTCF	K562	cell-line	cell-line	cell-line	minus	none	passed
ENCFF725NUV	ENCFF725NUV	ENCSR000EGM	ENCSR957ZSR	BPNet	observed signal profile	bigWig	ChIP-seq	CTCF	K562	cell-line	cell-line	cell-line	minus	none	passed
ENCFF801BKL	ENCFF801BKL	ENCSR000AKO	ENCSR415PVR	BPNet	observed signal profile	bigWig	ChIP-seq	CTCF	K562	cell-line	cell-line	cell-line	minus	none	passed
ENCFF019CQA	ENCFF019CQA	ENCSR000AKO	ENCSR415PVR	BPNet	observed signal profile	bigWig	ChIP-seq	CTCF	K562	cell-line	cell-line	cell-line	plus	none	passed
ENCFF034XKA	ENCFF034XKA	ENCSR000DMA	ENCSR951XAM	BPNet	observed signal profile	bigWig	ChIP-seq	CTCF	K562	cell-line	cell-line	cell-line	plus	none	passed
ENCFF164NWF	ENCFF164NWF	ENCSR000DWE	ENCSR263BFL	BPNet	observed signal profile	bigWig	ChIP-seq	CTCF	K562	cell-line	cell-line	cell-line	plus	none	passed
ENCFF562PHD	ENCFF562PHD	ENCSR000BPJ	ENCSR733IVP	BPNet	observed signal profile	bigWig	ChIP-seq	CTCF	K562	cell-line	cell-line	cell-line	plus	none	passed
ENCFF885WDJ	ENCFF885WDJ	ENCSR000EGM	ENCSR957ZSR	BPNet	observed signal profile	bigWig	ChIP-seq	CTCF	K562	cell-line	cell-line	cell-line	plus	none	passed
ENCFF074IUT	ENCFF074IUT	ENCSR430YRJ	ENCSR697GRK	BPNet	observed signal profile	bigWig	ChIP-seq	CTCF	KMS-11	cell-line	cell-line	cell-line	minus	none	passed
ENCFF238CJC	ENCFF238CJC	ENCSR430YRJ	ENCSR697GRK	BPNet	observed signal profile	bigWig	ChIP-seq	CTCF	KMS-11	cell-line	cell-line	cell-line	plus	none	passed
ENCFF538TZW	ENCFF538TZW	ENCSR315NAC	ENCSR130PWB	BPNet	observed signal profile	bigWig	ChIP-seq	CTCF	LNCAP	cell-line	cell-line	cell-line	minus	none	passed
ENCFF996YMI	ENCFF996YMI	ENCSR673WZL	ENCSR520XYQ	BPNet	observed signal profile	bigWig	ChIP-seq	CTCF	LNCAP	cell-line	cell-line	cell-line	minus	none	passed
ENCFF123GWJ	ENCFF123GWJ	ENCSR673WZL	ENCSR520XYQ	BPNet	observed signal profile	bigWig	ChIP-seq	CTCF	LNCAP	cell-line	cell-line	cell-line	plus	none	passed
ENCFF794NOS	ENCFF794NOS	ENCSR315NAC	ENCSR130PWB	BPNet	observed signal profile	bigWig	ChIP-seq	CTCF	LNCAP	cell-line	cell-line	cell-line	plus	none	passed
ENCFF064LMO	ENCFF064LMO	ENCSR000DMF	ENCSR531NRZ	BPNet	observed signal profile	bigWig	ChIP-seq	CTCF	LNCaP-clone-FGC	cell-line	cell-line	cell-line	minus	none	passed
ENCFF179PJR	ENCFF179PJR	ENCSR000DME	ENCSR124ANL	BPNet	observed signal profile	bigWig	ChIP-seq	CTCF	LNCaP-clone-FGC	cell-line	cell-line	cell-line	minus	none	passed
ENCFF074YQH	ENCFF074YQH	ENCSR000DMF	ENCSR531NRZ	BPNet	observed signal profile	bigWig	ChIP-seq	CTCF	LNCaP-clone-FGC	cell-line	cell-line	cell-line	plus	none	passed
ENCFF530IRN	ENCFF530IRN	ENCSR000DME	ENCSR124ANL	BPNet	observed signal profile	bigWig	ChIP-seq	CTCF	LNCaP-clone-FGC	cell-line	cell-line	cell-line	plus	none	passed
ENCFF857GAR	ENCFF857GAR	ENCSR464DKE	ENCSR015MLK	BPNet	observed signal profile	bigWig	ChIP-seq	CTCF	Loucy	cell-line	cell-line	cell-line	minus	none	passed
ENCFF404LXG	ENCFF404LXG	ENCSR464DKE	ENCSR015MLK	BPNet	observed signal profile	bigWig	ChIP-seq	CTCF	Loucy	cell-line	cell-line	cell-line	plus	none	passed
ENCFF458IHE	ENCFF458IHE	ENCSR193SZD	ENCSR086VQU	BPNet	observed signal profile	bigWig	ChIP-seq	CTCF	MCF-10A	cell-line	cell-line	cell-line	minus	none	passed
ENCFF703JYP	ENCFF703JYP	ENCSR193SZD	ENCSR086VQU	BPNet	observed signal profile	bigWig	ChIP-seq	CTCF	MCF-10A	cell-line	cell-line	cell-line	plus	none	passed
ENCFF176OBC	ENCFF176OBC	ENCSR000AHD	ENCSR867WPY	BPNet	observed signal profile	bigWig	ChIP-seq	CTCF	MCF-7	cell-line	cell-line	cell-line	minus	none	passed
ENCFF298CVK	ENCFF298CVK	ENCSR000DMV	ENCSR981SVE	BPNet	observed signal profile	bigWig	ChIP-seq	CTCF	MCF-7	cell-line	cell-line	cell-line	minus	none	passed
ENCFF329GTV	ENCFF329GTV	ENCSR000DML	ENCSR570LWR	BPNet	observed signal profile	bigWig	ChIP-seq	CTCF	MCF-7	cell-line	cell-line	cell-line	minus	none	passed
ENCFF371CFS	ENCFF371CFS	ENCSR000DMO	ENCSR927TIG	BPNet	observed signal profile	bigWig	ChIP-seq	CTCF	MCF-7	cell-line	cell-line	cell-line	minus	none	passed
ENCFF385QOV	ENCFF385QOV	ENCSR560BUE	ENCSR230CZR	BPNet	observed signal profile	bigWig	ChIP-seq	CTCF	MCF-7	cell-line	cell-line	cell-line	minus	none	passed
ENCFF438CKM	ENCFF438CKM	ENCSR000DWH	ENCSR339GNY	BPNet	observed signal profile	bigWig	ChIP-seq	CTCF	MCF-7	cell-line	cell-line	cell-line	minus	none	passed
ENCFF614XQU	ENCFF614XQU	ENCSR000DMR	ENCSR074QPD	BPNet	observed signal profile	bigWig	ChIP-seq	CTCF	MCF-7	cell-line	cell-line	cell-line	minus	none	passed
ENCFF711ABW	ENCFF711ABW	ENCSR000DMS	ENCSR304HYA	BPNet	observed signal profile	bigWig	ChIP-seq	CTCF	MCF-7	cell-line	cell-line	cell-line	minus	none	passed
ENCFF062FDX	ENCFF062FDX	ENCSR560BUE	ENCSR230CZR	BPNet	observed signal profile	bigWig	ChIP-seq	CTCF	MCF-7	cell-line	cell-line	cell-line	plus	none	passed
ENCFF152ZCY	ENCFF152ZCY	ENCSR000DMR	ENCSR074QPD	BPNet	observed signal profile	bigWig	ChIP-seq	CTCF	MCF-7	cell-line	cell-line	cell-line	plus	none	passed
ENCFF367NDV	ENCFF367NDV	ENCSR000DWH	ENCSR339GNY	BPNet	observed signal profile	bigWig	ChIP-seq	CTCF	MCF-7	cell-line	cell-line	cell-line	plus	none	passed
ENCFF472JZN	ENCFF472JZN	ENCSR000DML	ENCSR570LWR	BPNet	observed signal profile	bigWig	ChIP-seq	CTCF	MCF-7	cell-line	cell-line	cell-line	plus	none	passed
ENCFF500IZN	ENCFF500IZN	ENCSR000DMO	ENCSR927TIG	BPNet	observed signal profile	bigWig	ChIP-seq	CTCF	MCF-7	cell-line	cell-line	cell-line	plus	none	passed
ENCFF544HJD	ENCFF544HJD	ENCSR000DMS	ENCSR304HYA	BPNet	observed signal profile	bigWig	ChIP-seq	CTCF	MCF-7	cell-line	cell-line	cell-line	plus	none	passed
ENCFF560YKB	ENCFF560YKB	ENCSR000AHD	ENCSR867WPY	BPNet	observed signal profile	bigWig	ChIP-seq	CTCF	MCF-7	cell-line	cell-line	cell-line	plus	none	passed
ENCFF593EAU	ENCFF593EAU	ENCSR000DMV	ENCSR981SVE	BPNet	observed signal profile	bigWig	ChIP-seq	CTCF	MCF-7	cell-line	cell-line	cell-line	plus	none	passed
ENCFF449BSE	ENCFF449BSE	ENCSR402IDP	ENCSR138KWF	BPNet	observed signal profile	bigWig	ChIP-seq	CTCF	MM.1S	cell-line	cell-line	cell-line	minus	none	passed
ENCFF705PHQ	ENCFF705PHQ	ENCSR402IDP	ENCSR138KWF	BPNet	observed signal profile	bigWig	ChIP-seq	CTCF	MM.1S	cell-line	cell-line	cell-line	plus	none	passed
ENCFF229RNB	ENCFF229RNB	ENCSR000DWN	ENCSR819SXO	BPNet	observed signal profile	bigWig	ChIP-seq	CTCF	NB4	cell-line	cell-line	cell-line	minus	none	passed
ENCFF149DVH	ENCFF149DVH	ENCSR000DWN	ENCSR819SXO	BPNet	observed signal profile	bigWig	ChIP-seq	CTCF	NB4	cell-line	cell-line	cell-line	plus	none	passed
ENCFF037UES	ENCFF037UES	ENCSR072EUE	ENCSR154BBO	BPNet	observed signal profile	bigWig	ChIP-seq	CTCF	OCI-LY1	cell-line	cell-line	cell-line	minus	none	passed
ENCFF385DAT	ENCFF385DAT	ENCSR072EUE	ENCSR154BBO	BPNet	observed signal profile	bigWig	ChIP-seq	CTCF	OCI-LY1	cell-line	cell-line	cell-line	plus	none	passed
ENCFF673LXS	ENCFF673LXS	ENCSR756ZKG	ENCSR558MKV	BPNet	observed signal profile	bigWig	ChIP-seq	CTCF	OCI-LY3	cell-line	cell-line	cell-line	minus	none	passed
ENCFF969PRW	ENCFF969PRW	ENCSR756ZKG	ENCSR558MKV	BPNet	observed signal profile	bigWig	ChIP-seq	CTCF	OCI-LY3	cell-line	cell-line	cell-line	plus	none	passed
ENCFF377WNU	ENCFF377WNU	ENCSR027HML	ENCSR114GIC	BPNet	observed signal profile	bigWig	ChIP-seq	CTCF	OCI-LY7	cell-line	cell-line	cell-line	minus	none	passed
ENCFF189GVI	ENCFF189GVI	ENCSR027HML	ENCSR114GIC	BPNet	observed signal profile	bigWig	ChIP-seq	CTCF	OCI-LY7	cell-line	cell-line	cell-line	plus	none	passed
ENCFF652WMY	ENCFF652WMY	ENCSR359LOD	ENCSR989TFC	BPNet	observed signal profile	bigWig	ChIP-seq	CTCF	PC-3	cell-line	cell-line	cell-line	minus	none	passed
ENCFF872VAN	ENCFF872VAN	ENCSR359LOD	ENCSR989TFC	BPNet	observed signal profile	bigWig	ChIP-seq	CTCF	PC-3	cell-line	cell-line	cell-line	plus	none	passed
ENCFF433MIJ	ENCFF433MIJ	ENCSR243INX	ENCSR183DBQ	BPNet	observed signal profile	bigWig	ChIP-seq	CTCF	PC-9	cell-line	cell-line	cell-line	minus	none	passed
ENCFF386DIY	ENCFF386DIY	ENCSR243INX	ENCSR183DBQ	BPNet	observed signal profile	bigWig	ChIP-seq	CTCF	PC-9	cell-line	cell-line	cell-line	plus	none	passed
ENCFF067PBG	ENCFF067PBG	ENCSR203QEB	ENCSR595ARZ	BPNet	observed signal profile	bigWig	ChIP-seq	CTCF	Panc1	cell-line	cell-line	cell-line	minus	none	passed
ENCFF397QUS	ENCFF397QUS	ENCSR203QEB	ENCSR595ARZ	BPNet	observed signal profile	bigWig	ChIP-seq	CTCF	Panc1	cell-line	cell-line	cell-line	plus	none	passed
ENCFF143RWF	ENCFF143RWF	ENCSR391ZKN	ENCSR059RRH	BPNet	observed signal profile	bigWig	ChIP-seq	CTCF	Peyer's-patch	eye	eye	sensory-system	minus	none	passed
ENCFF157LSF	ENCFF157LSF	ENCSR375VXU	ENCSR061TLE	BPNet	observed signal profile	bigWig	ChIP-seq	CTCF	Peyer's-patch	eye	eye	sensory-system	minus	none	passed
ENCFF277HYL	ENCFF277HYL	ENCSR419ANE	ENCSR583PRG	BPNet	observed signal profile	bigWig	ChIP-seq	CTCF	Peyer's-patch	eye	eye	sensory-system	minus	none	passed
ENCFF314FBF	ENCFF314FBF	ENCSR568IVD	ENCSR150JOI	BPNet	observed signal profile	bigWig	ChIP-seq	CTCF	Peyer's-patch	eye	eye	sensory-system	minus	none	passed
ENCFF414ELD	ENCFF414ELD	ENCSR542SCB	ENCSR060YDH	BPNet	observed signal profile	bigWig	ChIP-seq	CTCF	Peyer's-patch	eye	eye	sensory-system	minus	none	passed
ENCFF608WBT	ENCFF608WBT	ENCSR799WDT	ENCSR654QKU	BPNet	observed signal profile	bigWig	ChIP-seq	CTCF	Peyer's-patch	eye	eye	sensory-system	minus	none	passed
ENCFF039XHT	ENCFF039XHT	ENCSR391ZKN	ENCSR059RRH	BPNet	observed signal profile	bigWig	ChIP-seq	CTCF	Peyer's-patch	eye	eye	sensory-system	plus	none	passed
ENCFF096OWQ	ENCFF096OWQ	ENCSR799WDT	ENCSR654QKU	BPNet	observed signal profile	bigWig	ChIP-seq	CTCF	Peyer's-patch	eye	eye	sensory-system	plus	none	passed
ENCFF280YIJ	ENCFF280YIJ	ENCSR375VXU	ENCSR061TLE	BPNet	observed signal profile	bigWig	ChIP-seq	CTCF	Peyer's-patch	eye	eye	sensory-system	plus	none	passed
ENCFF503ABZ	ENCFF503ABZ	ENCSR419ANE	ENCSR583PRG	BPNet	observed signal profile	bigWig	ChIP-seq	CTCF	Peyer's-patch	eye	eye	sensory-system	plus	none	passed
ENCFF731DJU	ENCFF731DJU	ENCSR568IVD	ENCSR150JOI	BPNet	observed signal profile	bigWig	ChIP-seq	CTCF	Peyer's-patch	eye	eye	sensory-system	plus	none	passed
ENCFF805RLX	ENCFF805RLX	ENCSR542SCB	ENCSR060YDH	BPNet	observed signal profile	bigWig	ChIP-seq	CTCF	Peyer's-patch	eye	eye	sensory-system	plus	none	passed
ENCFF035PWV	ENCFF035PWV	ENCSR303GFI	ENCSR308VAP	BPNet	observed signal profile	bigWig	ChIP-seq	CTCF	RWPE1	cell-line	cell-line	cell-line	minus	none	passed
ENCFF728RJI	ENCFF728RJI	ENCSR303GFI	ENCSR308VAP	BPNet	observed signal profile	bigWig	ChIP-seq	CTCF	RWPE1	cell-line	cell-line	cell-line	plus	none	passed
ENCFF732TTN	ENCFF732TTN	ENCSR856JJB	ENCSR551RQP	BPNet	observed signal profile	bigWig	ChIP-seq	CTCF	RWPE2	cell-line	cell-line	cell-line	minus	none	passed
ENCFF970KZY	ENCFF970KZY	ENCSR856JJB	ENCSR551RQP	BPNet	observed signal profile	bigWig	ChIP-seq	CTCF	RWPE2	cell-line	cell-line	cell-line	plus	none	passed
ENCFF194BWI	ENCFF194BWI	ENCSR000DXQ	ENCSR252BKY	BPNet	observed signal profile	bigWig	ChIP-seq	CTCF	SK-N-SH	cell-line	cell-line	cell-line	minus	none	passed
ENCFF362FTN	ENCFF362FTN	ENCSR000BLX	ENCSR134WBS	BPNet	observed signal profile	bigWig	ChIP-seq	CTCF	SK-N-SH	cell-line	cell-line	cell-line	minus	none	passed
ENCFF441DGH	ENCFF441DGH	ENCSR541AMF	ENCSR306PMY	BPNet	observed signal profile	bigWig	ChIP-seq	CTCF	SK-N-SH	cell-line	cell-line	cell-line	minus	none	passed
ENCFF795RCU	ENCFF795RCU	ENCSR000EIC	ENCSR616ZXI	BPNet	observed signal profile	bigWig	ChIP-seq	CTCF	SK-N-SH	cell-line	cell-line	cell-line	minus	none	passed
ENCFF289ZLK	ENCFF289ZLK	ENCSR000BLX	ENCSR134WBS	BPNet	observed signal profile	bigWig	ChIP-seq	CTCF	SK-N-SH	cell-line	cell-line	cell-line	plus	none	passed
ENCFF368CDF	ENCFF368CDF	ENCSR000EIC	ENCSR616ZXI	BPNet	observed signal profile	bigWig	ChIP-seq	CTCF	SK-N-SH	cell-line	cell-line	cell-line	plus	none	passed
ENCFF777TBL	ENCFF777TBL	ENCSR541AMF	ENCSR306PMY	BPNet	observed signal profile	bigWig	ChIP-seq	CTCF	SK-N-SH	cell-line	cell-line	cell-line	plus	none	passed
ENCFF980DLH	ENCFF980DLH	ENCSR000DXQ	ENCSR252BKY	BPNet	observed signal profile	bigWig	ChIP-seq	CTCF	SK-N-SH	cell-line	cell-line	cell-line	plus	none	passed
ENCFF768QZB	ENCFF768QZB	ENCSR125DKL	ENCSR945WSJ	BPNet	observed signal profile	bigWig	ChIP-seq	CTCF	SU-DHL-6	cell-line	cell-line	cell-line	minus	none	passed
ENCFF438WTC	ENCFF438WTC	ENCSR125DKL	ENCSR945WSJ	BPNet	observed signal profile	bigWig	ChIP-seq	CTCF	SU-DHL-6	cell-line	cell-line	cell-line	plus	none	passed
ENCFF019EZK	ENCFF019EZK	ENCSR000BNO	ENCSR950HAX	BPNet	observed signal profile	bigWig	ChIP-seq	CTCF	T47D	cell-line	cell-line	cell-line	minus	none	passed
ENCFF694JAG	ENCFF694JAG	ENCSR000BNO	ENCSR950HAX	BPNet	observed signal profile	bigWig	ChIP-seq	CTCF	T47D	cell-line	cell-line	cell-line	plus	none	passed
ENCFF801ZFX	ENCFF801ZFX	ENCSR265ARE	ENCSR950XKG	BPNet	observed signal profile	bigWig	ChIP-seq	CTCF	VCaP	cell-line	cell-line	cell-line	minus	none	passed
ENCFF157QNF	ENCFF157QNF	ENCSR265ARE	ENCSR950XKG	BPNet	observed signal profile	bigWig	ChIP-seq	CTCF	VCaP	cell-line	cell-line	cell-line	plus	none	passed
ENCFF525RVT	ENCFF525RVT	ENCSR000DXW	ENCSR957WLY	BPNet	observed signal profile	bigWig	ChIP-seq	CTCF	WERI-Rb-1	cell-line	cell-line	cell-line	minus	none	passed
ENCFF112WHA	ENCFF112WHA	ENCSR000DXW	ENCSR957WLY	BPNet	observed signal profile	bigWig	ChIP-seq	CTCF	WERI-Rb-1	cell-line	cell-line	cell-line	plus	none	passed
ENCFF275DPJ	ENCFF275DPJ	ENCSR000DYB	ENCSR802AQG	BPNet	observed signal profile	bigWig	ChIP-seq	CTCF	WI38	cell-line	cell-line	cell-line	minus	none	passed
ENCFF453HLC	ENCFF453HLC	ENCSR000DYB	ENCSR802AQG	BPNet	observed signal profile	bigWig	ChIP-seq	CTCF	WI38	cell-line	cell-line	cell-line	plus	none	passed
ENCFF218JJU	ENCFF218JJU	ENCSR992XTY	ENCSR010BYI	BPNet	observed signal profile	bigWig	ChIP-seq	CTCF	WTC11	cell-line	cell-line	cell-line	minus	none	passed
ENCFF825VAI	ENCFF825VAI	ENCSR992XTY	ENCSR010BYI	BPNet	observed signal profile	bigWig	ChIP-seq	CTCF	WTC11	cell-line	cell-line	cell-line	plus	none	passed
ENCFF659KRM	ENCFF659KRM	ENCSR806WWX	ENCSR859DOV	BPNet	observed signal profile	bigWig	ChIP-seq	CTCF	activated-CD4-positive,-alpha-beta-T-cell	t-cell	immune	immune-system	minus	none	passed
ENCFF612IHS	ENCFF612IHS	ENCSR806WWX	ENCSR859DOV	BPNet	observed signal profile	bigWig	ChIP-seq	CTCF	activated-CD4-positive,-alpha-beta-T-cell	t-cell	immune	immune-system	plus	none	passed
ENCFF368BOT	ENCFF368BOT	ENCSR347MXL	ENCSR238POW	BPNet	observed signal profile	bigWig	ChIP-seq	CTCF	activated-CD8-positive,-alpha-beta-T-cell	t-cell	immune	immune-system	minus	none	passed
ENCFF854HTU	ENCFF854HTU	ENCSR347MXL	ENCSR238POW	BPNet	observed signal profile	bigWig	ChIP-seq	CTCF	activated-CD8-positive,-alpha-beta-T-cell	t-cell	immune	immune-system	plus	none	passed
ENCFF422JKT	ENCFF422JKT	ENCSR770IWO	ENCSR430TGX	BPNet	observed signal profile	bigWig	ChIP-seq	CTCF	adrenal-gland	renal	kidney	excretory-system	minus	none	passed
ENCFF453BIR	ENCFF453BIR	ENCSR408ZEE	ENCSR694LPN	BPNet	observed signal profile	bigWig	ChIP-seq	CTCF	adrenal-gland	renal	kidney	excretory-system	minus	none	passed
ENCFF572IBW	ENCFF572IBW	ENCSR450BLH	ENCSR859ZSI	BPNet	observed signal profile	bigWig	ChIP-seq	CTCF	adrenal-gland	renal	kidney	excretory-system	minus	none	passed
ENCFF674WJQ	ENCFF674WJQ	ENCSR899JSO	ENCSR300KET	BPNet	observed signal profile	bigWig	ChIP-seq	CTCF	adrenal-gland	renal	kidney	excretory-system	minus	none	passed
ENCFF714HNU	ENCFF714HNU	ENCSR014GSQ	ENCSR312WCC	BPNet	observed signal profile	bigWig	ChIP-seq	CTCF	adrenal-gland	renal	kidney	excretory-system	minus	none	passed
ENCFF116COP	ENCFF116COP	ENCSR014GSQ	ENCSR312WCC	BPNet	observed signal profile	bigWig	ChIP-seq	CTCF	adrenal-gland	renal	kidney	excretory-system	plus	none	passed
ENCFF180QEI	ENCFF180QEI	ENCSR770IWO	ENCSR430TGX	BPNet	observed signal profile	bigWig	ChIP-seq	CTCF	adrenal-gland	renal	kidney	excretory-system	plus	none	passed
ENCFF249TXR	ENCFF249TXR	ENCSR450BLH	ENCSR859ZSI	BPNet	observed signal profile	bigWig	ChIP-seq	CTCF	adrenal-gland	renal	kidney	excretory-system	plus	none	passed
ENCFF486BET	ENCFF486BET	ENCSR899JSO	ENCSR300KET	BPNet	observed signal profile	bigWig	ChIP-seq	CTCF	adrenal-gland	renal	kidney	excretory-system	plus	none	passed
ENCFF819PHQ	ENCFF819PHQ	ENCSR408ZEE	ENCSR694LPN	BPNet	observed signal profile	bigWig	ChIP-seq	CTCF	adrenal-gland	renal	kidney	excretory-system	plus	none	passed
ENCFF134XVD	ENCFF134XVD	ENCSR960MDF	ENCSR059JVC	BPNet	observed signal profile	bigWig	ChIP-seq	CTCF	ascending-aorta	aorta	blood-vessel	circulatory-system	minus	none	passed
ENCFF395IIL	ENCFF395IIL	ENCSR846JKO	ENCSR158XRS	BPNet	observed signal profile	bigWig	ChIP-seq	CTCF	ascending-aorta	aorta	blood-vessel	circulatory-system	minus	none	passed
ENCFF808OTA	ENCFF808OTA	ENCSR555DCD	ENCSR496CAI	BPNet	observed signal profile	bigWig	ChIP-seq	CTCF	ascending-aorta	aorta	blood-vessel	circulatory-system	minus	none	passed
ENCFF454QMY	ENCFF454QMY	ENCSR846JKO	ENCSR158XRS	BPNet	observed signal profile	bigWig	ChIP-seq	CTCF	ascending-aorta	aorta	blood-vessel	circulatory-system	plus	none	passed
ENCFF851JTV	ENCFF851JTV	ENCSR555DCD	ENCSR496CAI	BPNet	observed signal profile	bigWig	ChIP-seq	CTCF	ascending-aorta	aorta	blood-vessel	circulatory-system	plus	none	passed
ENCFF880QLG	ENCFF880QLG	ENCSR960MDF	ENCSR059JVC	BPNet	observed signal profile	bigWig	ChIP-seq	CTCF	ascending-aorta	aorta	blood-vessel	circulatory-system	plus	none	passed
ENCFF339DEK	ENCFF339DEK	ENCSR461VHZ	ENCSR376CPP	BPNet	observed signal profile	bigWig	ChIP-seq	CTCF	astrocyte	astrocyte	nerve	central-nervous-system	minus	none	passed
ENCFF812CNX	ENCFF812CNX	ENCSR000AOO	ENCSR914MYE	BPNet	observed signal profile	bigWig	ChIP-seq	CTCF	astrocyte	astrocyte	nerve	central-nervous-system	minus	none	passed
ENCFF131CKH	ENCFF131CKH	ENCSR461VHZ	ENCSR376CPP	BPNet	observed signal profile	bigWig	ChIP-seq	CTCF	astrocyte	astrocyte	nerve	central-nervous-system	plus	none	passed
ENCFF221TLO	ENCFF221TLO	ENCSR000AOO	ENCSR914MYE	BPNet	observed signal profile	bigWig	ChIP-seq	CTCF	astrocyte	astrocyte	nerve	central-nervous-system	plus	none	passed
ENCFF836GBY	ENCFF836GBY	ENCSR000DSZ	ENCSR761SWJ	BPNet	observed signal profile	bigWig	ChIP-seq	CTCF	astrocyte-of-the-cerebellum	cerebell	brain	central-nervous-system	minus	none	passed
ENCFF955DCY	ENCFF955DCY	ENCSR000DSZ	ENCSR761SWJ	BPNet	observed signal profile	bigWig	ChIP-seq	CTCF	astrocyte-of-the-cerebellum	cerebell	brain	central-nervous-system	plus	none	passed
ENCFF565TNK	ENCFF565TNK	ENCSR000DSU	ENCSR956MDS	BPNet	observed signal profile	bigWig	ChIP-seq	CTCF	astrocyte-of-the-spinal-cord	spinal	CNS	central-nervous-system	minus	none	passed
ENCFF940AIE	ENCFF940AIE	ENCSR000DSU	ENCSR956MDS	BPNet	observed signal profile	bigWig	ChIP-seq	CTCF	astrocyte-of-the-spinal-cord	spinal	CNS	central-nervous-system	plus	none	passed
ENCFF303HKR	ENCFF303HKR	ENCSR619IUE	ENCSR279XHJ	BPNet	observed signal profile	bigWig	ChIP-seq	CTCF	bipolar-neuron	neuron	nerve	central-nervous-system	minus	none	passed
ENCFF399YFU	ENCFF399YFU	ENCSR066BZZ	ENCSR729UBC	BPNet	observed signal profile	bigWig	ChIP-seq	CTCF	bipolar-neuron	neuron	nerve	central-nervous-system	minus	none	passed
ENCFF196BMT	ENCFF196BMT	ENCSR066BZZ	ENCSR729UBC	BPNet	observed signal profile	bigWig	ChIP-seq	CTCF	bipolar-neuron	neuron	nerve	central-nervous-system	plus	none	passed
ENCFF877RZM	ENCFF877RZM	ENCSR619IUE	ENCSR279XHJ	BPNet	observed signal profile	bigWig	ChIP-seq	CTCF	bipolar-neuron	neuron	nerve	central-nervous-system	plus	none	passed
ENCFF232AXF	ENCFF232AXF	ENCSR408XTO	ENCSR612FYX	BPNet	observed signal profile	bigWig	ChIP-seq	CTCF	body-of-pancreas	pancreas	pancreas	digestive-system	minus	none	passed
ENCFF289IBO	ENCFF289IBO	ENCSR307PFP	ENCSR063UWV	BPNet	observed signal profile	bigWig	ChIP-seq	CTCF	body-of-pancreas	pancreas	pancreas	digestive-system	minus	none	passed
ENCFF485RXO	ENCFF485RXO	ENCSR484DDO	ENCSR019XAE	BPNet	observed signal profile	bigWig	ChIP-seq	CTCF	body-of-pancreas	pancreas	pancreas	digestive-system	minus	none	passed
ENCFF610LCN	ENCFF610LCN	ENCSR572DUJ	ENCSR771MUU	BPNet	observed signal profile	bigWig	ChIP-seq	CTCF	body-of-pancreas	pancreas	pancreas	digestive-system	minus	none	passed
ENCFF758OIA	ENCFF758OIA	ENCSR265PFQ	ENCSR145SQF	BPNet	observed signal profile	bigWig	ChIP-seq	CTCF	body-of-pancreas	pancreas	pancreas	digestive-system	minus	none	passed
ENCFF932DLB	ENCFF932DLB	ENCSR687APM	ENCSR643WMK	BPNet	observed signal profile	bigWig	ChIP-seq	CTCF	body-of-pancreas	pancreas	pancreas	digestive-system	minus	none	passed
ENCFF992NPV	ENCFF992NPV	ENCSR585KBH	ENCSR852JRK	BPNet	observed signal profile	bigWig	ChIP-seq	CTCF	body-of-pancreas	pancreas	pancreas	digestive-system	minus	none	passed
ENCFF144ZSL	ENCFF144ZSL	ENCSR572DUJ	ENCSR771MUU	BPNet	observed signal profile	bigWig	ChIP-seq	CTCF	body-of-pancreas	pancreas	pancreas	digestive-system	plus	none	passed
ENCFF151NYV	ENCFF151NYV	ENCSR484DDO	ENCSR019XAE	BPNet	observed signal profile	bigWig	ChIP-seq	CTCF	body-of-pancreas	pancreas	pancreas	digestive-system	plus	none	passed
ENCFF292JRZ	ENCFF292JRZ	ENCSR585KBH	ENCSR852JRK	BPNet	observed signal profile	bigWig	ChIP-seq	CTCF	body-of-pancreas	pancreas	pancreas	digestive-system	plus	none	passed
ENCFF312PRE	ENCFF312PRE	ENCSR265PFQ	ENCSR145SQF	BPNet	observed signal profile	bigWig	ChIP-seq	CTCF	body-of-pancreas	pancreas	pancreas	digestive-system	plus	none	passed
ENCFF364IXI	ENCFF364IXI	ENCSR687APM	ENCSR643WMK	BPNet	observed signal profile	bigWig	ChIP-seq	CTCF	body-of-pancreas	pancreas	pancreas	digestive-system	plus	none	passed
ENCFF665VFG	ENCFF665VFG	ENCSR408XTO	ENCSR612FYX	BPNet	observed signal profile	bigWig	ChIP-seq	CTCF	body-of-pancreas	pancreas	pancreas	digestive-system	plus	none	passed
ENCFF683VNN	ENCFF683VNN	ENCSR307PFP	ENCSR063UWV	BPNet	observed signal profile	bigWig	ChIP-seq	CTCF	body-of-pancreas	pancreas	pancreas	digestive-system	plus	none	passed
ENCFF035OZG	ENCFF035OZG	ENCSR225KOS	ENCSR918KZG	BPNet	observed signal profile	bigWig	ChIP-seq	CTCF	brain	brain	brain	central-nervous-system	minus	none	passed
ENCFF722KWV	ENCFF722KWV	ENCSR423MQG	ENCSR175KCA	BPNet	observed signal profile	bigWig	ChIP-seq	CTCF	brain	brain	brain	central-nervous-system	minus	none	passed
ENCFF728IAI	ENCFF728IAI	ENCSR467EQP	ENCSR126YGH	BPNet	observed signal profile	bigWig	ChIP-seq	CTCF	brain	brain	brain	central-nervous-system	minus	none	passed
ENCFF808TLA	ENCFF808TLA	ENCSR930SOT	ENCSR331RTK	BPNet	observed signal profile	bigWig	ChIP-seq	CTCF	brain	brain	brain	central-nervous-system	minus	none	passed
ENCFF217AYS	ENCFF217AYS	ENCSR467EQP	ENCSR126YGH	BPNet	observed signal profile	bigWig	ChIP-seq	CTCF	brain	brain	brain	central-nervous-system	plus	none	passed
ENCFF256SCH	ENCFF256SCH	ENCSR225KOS	ENCSR918KZG	BPNet	observed signal profile	bigWig	ChIP-seq	CTCF	brain	brain	brain	central-nervous-system	plus	none	passed
ENCFF720QVS	ENCFF720QVS	ENCSR930SOT	ENCSR331RTK	BPNet	observed signal profile	bigWig	ChIP-seq	CTCF	brain	brain	brain	central-nervous-system	plus	none	passed
ENCFF869QVS	ENCFF869QVS	ENCSR423MQG	ENCSR175KCA	BPNet	observed signal profile	bigWig	ChIP-seq	CTCF	brain	brain	brain	central-nervous-system	plus	none	passed
ENCFF299AUA	ENCFF299AUA	ENCSR000DTA	ENCSR796FYA	BPNet	observed signal profile	bigWig	ChIP-seq	CTCF	brain-microvascular-endothelial-cell	brain	brain	central-nervous-system	minus	none	passed
ENCFF487JOE	ENCFF487JOE	ENCSR000DTA	ENCSR796FYA	BPNet	observed signal profile	bigWig	ChIP-seq	CTCF	brain-microvascular-endothelial-cell	brain	brain	central-nervous-system	plus	none	passed
ENCFF306CYT	ENCFF306CYT	ENCSR661NXJ	ENCSR583RUF	BPNet	observed signal profile	bigWig	ChIP-seq	CTCF	breast-epithelium	breast	breast	integumental-system	minus	none	passed
ENCFF628YJP	ENCFF628YJP	ENCSR697YIN	ENCSR582FZD	BPNet	observed signal profile	bigWig	ChIP-seq	CTCF	breast-epithelium	breast	breast	integumental-system	minus	none	passed
ENCFF890PXV	ENCFF890PXV	ENCSR304XUZ	ENCSR666EFV	BPNet	observed signal profile	bigWig	ChIP-seq	CTCF	breast-epithelium	breast	breast	integumental-system	minus	none	passed
ENCFF397VWG	ENCFF397VWG	ENCSR661NXJ	ENCSR583RUF	BPNet	observed signal profile	bigWig	ChIP-seq	CTCF	breast-epithelium	breast	breast	integumental-system	plus	none	passed
ENCFF663WFE	ENCFF663WFE	ENCSR304XUZ	ENCSR666EFV	BPNet	observed signal profile	bigWig	ChIP-seq	CTCF	breast-epithelium	breast	breast	integumental-system	plus	none	passed
ENCFF917MOI	ENCFF917MOI	ENCSR697YIN	ENCSR582FZD	BPNet	observed signal profile	bigWig	ChIP-seq	CTCF	breast-epithelium	breast	breast	integumental-system	plus	none	passed
ENCFF188LCG	ENCFF188LCG	ENCSR000DXI	ENCSR653NRQ	BPNet	observed signal profile	bigWig	ChIP-seq	CTCF	bronchial-epithelial-cell	epithelial	epithelial	integumental-system	minus	none	passed
ENCFF030CAH	ENCFF030CAH	ENCSR000DXI	ENCSR653NRQ	BPNet	observed signal profile	bigWig	ChIP-seq	CTCF	bronchial-epithelial-cell	epithelial	epithelial	integumental-system	plus	none	passed
ENCFF444CER	ENCFF444CER	ENCSR000DTF	ENCSR933NVB	BPNet	observed signal profile	bigWig	ChIP-seq	CTCF	cardiac-fibroblast	fibroblast	fibroblast	integumental-system	minus	none	passed
ENCFF179EAR	ENCFF179EAR	ENCSR000DTF	ENCSR933NVB	BPNet	observed signal profile	bigWig	ChIP-seq	CTCF	cardiac-fibroblast	fibroblast	fibroblast	integumental-system	plus	none	passed
ENCFF125FVN	ENCFF125FVN	ENCSR000DTI	ENCSR415YPD	BPNet	observed signal profile	bigWig	ChIP-seq	CTCF	cardiac-muscle-cell	muscle	muscle	musculature	minus	none	passed
ENCFF201USU	ENCFF201USU	ENCSR713SXF	ENCSR736HNR	BPNet	observed signal profile	bigWig	ChIP-seq	CTCF	cardiac-muscle-cell	muscle	muscle	musculature	minus	none	passed
ENCFF174OKU	ENCFF174OKU	ENCSR713SXF	ENCSR736HNR	BPNet	observed signal profile	bigWig	ChIP-seq	CTCF	cardiac-muscle-cell	muscle	muscle	musculature	plus	none	passed
ENCFF735JPE	ENCFF735JPE	ENCSR000DTI	ENCSR415YPD	BPNet	observed signal profile	bigWig	ChIP-seq	CTCF	cardiac-muscle-cell	muscle	muscle	musculature	plus	none	passed
ENCFF844UDB	ENCFF844UDB	ENCSR190BZA	ENCSR967PAB	BPNet	observed signal profile	bigWig	ChIP-seq	CTCF	chondrocyte	cell-line	cell-line	cell-line	minus	none	passed
ENCFF274VKA	ENCFF274VKA	ENCSR190BZA	ENCSR967PAB	BPNet	observed signal profile	bigWig	ChIP-seq	CTCF	chondrocyte	cell-line	cell-line	cell-line	plus	none	passed
ENCFF217EGZ	ENCFF217EGZ	ENCSR000DTL	ENCSR432WYA	BPNet	observed signal profile	bigWig	ChIP-seq	CTCF	choroid-plexus-epithelial-cell	epithelial	epithelial	integumental-system	minus	none	passed
ENCFF479TAN	ENCFF479TAN	ENCSR000DTL	ENCSR432WYA	BPNet	observed signal profile	bigWig	ChIP-seq	CTCF	choroid-plexus-epithelial-cell	epithelial	epithelial	integumental-system	plus	none	passed
ENCFF504CFM	ENCFF504CFM	ENCSR380WJL	ENCSR033HMP	BPNet	observed signal profile	bigWig	ChIP-seq	CTCF	colonic-mucosa	colon	large-intestine	digestive-system	minus	none	passed
ENCFF945IBY	ENCFF945IBY	ENCSR380WJL	ENCSR033HMP	BPNet	observed signal profile	bigWig	ChIP-seq	CTCF	colonic-mucosa	colon	large-intestine	digestive-system	plus	none	passed
ENCFF223CDP	ENCFF223CDP	ENCSR447ANW	ENCSR829GKW	BPNet	observed signal profile	bigWig	ChIP-seq	CTCF	coronary-artery	artery	blood-vessel	circulatory-system	minus	none	passed
ENCFF560FRM	ENCFF560FRM	ENCSR175FLL	ENCSR930AZR	BPNet	observed signal profile	bigWig	ChIP-seq	CTCF	coronary-artery	artery	blood-vessel	circulatory-system	minus	none	passed
ENCFF370WWY	ENCFF370WWY	ENCSR447ANW	ENCSR829GKW	BPNet	observed signal profile	bigWig	ChIP-seq	CTCF	coronary-artery	artery	blood-vessel	circulatory-system	plus	none	passed
ENCFF944AEV	ENCFF944AEV	ENCSR175FLL	ENCSR930AZR	BPNet	observed signal profile	bigWig	ChIP-seq	CTCF	coronary-artery	artery	blood-vessel	circulatory-system	plus	none	passed
ENCFF007SVW	ENCFF007SVW	ENCSR699BRV	ENCSR207QOS	BPNet	observed signal profile	bigWig	ChIP-seq	CTCF	dorsolateral-prefrontal-cortex	prefrontal	brain	central-nervous-system	minus	none	passed
ENCFF009HKH	ENCFF009HKH	ENCSR847OSL	ENCSR732HRT	BPNet	observed signal profile	bigWig	ChIP-seq	CTCF	dorsolateral-prefrontal-cortex	prefrontal	brain	central-nervous-system	minus	none	passed
ENCFF035EZP	ENCFF035EZP	ENCSR957UPE	ENCSR319AOD	BPNet	observed signal profile	bigWig	ChIP-seq	CTCF	dorsolateral-prefrontal-cortex	prefrontal	brain	central-nervous-system	minus	none	passed
ENCFF035WDV	ENCFF035WDV	ENCSR689LFJ	ENCSR575LCC	BPNet	observed signal profile	bigWig	ChIP-seq	CTCF	dorsolateral-prefrontal-cortex	prefrontal	brain	central-nervous-system	minus	none	passed
ENCFF038CFQ	ENCFF038CFQ	ENCSR068DJS	ENCSR226JYD	BPNet	observed signal profile	bigWig	ChIP-seq	CTCF	dorsolateral-prefrontal-cortex	prefrontal	brain	central-nervous-system	minus	none	passed
ENCFF044SXO	ENCFF044SXO	ENCSR967QUQ	ENCSR197FFI	BPNet	observed signal profile	bigWig	ChIP-seq	CTCF	dorsolateral-prefrontal-cortex	prefrontal	brain	central-nervous-system	minus	none	passed
ENCFF044ZSY	ENCFF044ZSY	ENCSR813KUE	ENCSR171JOI	BPNet	observed signal profile	bigWig	ChIP-seq	CTCF	dorsolateral-prefrontal-cortex	prefrontal	brain	central-nervous-system	minus	none	passed
ENCFF051GJH	ENCFF051GJH	ENCSR763VUL	ENCSR663VTZ	BPNet	observed signal profile	bigWig	ChIP-seq	CTCF	dorsolateral-prefrontal-cortex	prefrontal	brain	central-nervous-system	minus	none	passed
ENCFF066RCI	ENCFF066RCI	ENCSR841XDW	ENCSR274DCI	BPNet	observed signal profile	bigWig	ChIP-seq	CTCF	dorsolateral-prefrontal-cortex	prefrontal	brain	central-nervous-system	minus	none	passed
ENCFF104HDH	ENCFF104HDH	ENCSR757DFT	ENCSR446AYX	BPNet	observed signal profile	bigWig	ChIP-seq	CTCF	dorsolateral-prefrontal-cortex	prefrontal	brain	central-nervous-system	minus	none	passed
ENCFF140XVV	ENCFF140XVV	ENCSR819WDZ	ENCSR578PWG	BPNet	observed signal profile	bigWig	ChIP-seq	CTCF	dorsolateral-prefrontal-cortex	prefrontal	brain	central-nervous-system	minus	none	passed
ENCFF155IGX	ENCFF155IGX	ENCSR092VKJ	ENCSR319XSD	BPNet	observed signal profile	bigWig	ChIP-seq	CTCF	dorsolateral-prefrontal-cortex	prefrontal	brain	central-nervous-system	minus	none	passed
ENCFF169BSY	ENCFF169BSY	ENCSR194JAU	ENCSR395UGO	BPNet	observed signal profile	bigWig	ChIP-seq	CTCF	dorsolateral-prefrontal-cortex	prefrontal	brain	central-nervous-system	minus	none	passed
ENCFF187WDK	ENCFF187WDK	ENCSR251BHU	ENCSR691TTX	BPNet	observed signal profile	bigWig	ChIP-seq	CTCF	dorsolateral-prefrontal-cortex	prefrontal	brain	central-nervous-system	minus	none	passed
ENCFF221SAK	ENCFF221SAK	ENCSR378KET	ENCSR365YNU	BPNet	observed signal profile	bigWig	ChIP-seq	CTCF	dorsolateral-prefrontal-cortex	prefrontal	brain	central-nervous-system	minus	none	passed
ENCFF245AXD	ENCFF245AXD	ENCSR932XBJ	ENCSR740WUD	BPNet	observed signal profile	bigWig	ChIP-seq	CTCF	dorsolateral-prefrontal-cortex	prefrontal	brain	central-nervous-system	minus	none	passed
ENCFF278UJT	ENCFF278UJT	ENCSR832TWW	ENCSR152KSC	BPNet	observed signal profile	bigWig	ChIP-seq	CTCF	dorsolateral-prefrontal-cortex	prefrontal	brain	central-nervous-system	minus	none	passed
ENCFF279XBI	ENCFF279XBI	ENCSR575WYM	ENCSR290OCP	BPNet	observed signal profile	bigWig	ChIP-seq	CTCF	dorsolateral-prefrontal-cortex	prefrontal	brain	central-nervous-system	minus	none	passed
ENCFF287RVN	ENCFF287RVN	ENCSR259PNW	ENCSR305AFX	BPNet	observed signal profile	bigWig	ChIP-seq	CTCF	dorsolateral-prefrontal-cortex	prefrontal	brain	central-nervous-system	minus	none	passed
ENCFF343QAS	ENCFF343QAS	ENCSR275JVX	ENCSR990AIS	BPNet	observed signal profile	bigWig	ChIP-seq	CTCF	dorsolateral-prefrontal-cortex	prefrontal	brain	central-nervous-system	minus	none	passed
ENCFF400MUS	ENCFF400MUS	ENCSR237BTA	ENCSR207ITR	BPNet	observed signal profile	bigWig	ChIP-seq	CTCF	dorsolateral-prefrontal-cortex	prefrontal	brain	central-nervous-system	minus	none	passed
ENCFF403CED	ENCFF403CED	ENCSR610UDC	ENCSR917OQB	BPNet	observed signal profile	bigWig	ChIP-seq	CTCF	dorsolateral-prefrontal-cortex	prefrontal	brain	central-nervous-system	minus	none	passed
ENCFF423MRL	ENCFF423MRL	ENCSR168KQC	ENCSR915WTK	BPNet	observed signal profile	bigWig	ChIP-seq	CTCF	dorsolateral-prefrontal-cortex	prefrontal	brain	central-nervous-system	minus	none	passed
ENCFF428VLH	ENCFF428VLH	ENCSR244KEW	ENCSR435PGE	BPNet	observed signal profile	bigWig	ChIP-seq	CTCF	dorsolateral-prefrontal-cortex	prefrontal	brain	central-nervous-system	minus	none	passed
ENCFF429PKN	ENCFF429PKN	ENCSR230RQK	ENCSR838NLY	BPNet	observed signal profile	bigWig	ChIP-seq	CTCF	dorsolateral-prefrontal-cortex	prefrontal	brain	central-nervous-system	minus	none	passed
ENCFF439QXR	ENCFF439QXR	ENCSR452KYY	ENCSR792CTN	BPNet	observed signal profile	bigWig	ChIP-seq	CTCF	dorsolateral-prefrontal-cortex	prefrontal	brain	central-nervous-system	minus	none	passed
ENCFF489YML	ENCFF489YML	ENCSR332WTG	ENCSR211BCT	BPNet	observed signal profile	bigWig	ChIP-seq	CTCF	dorsolateral-prefrontal-cortex	prefrontal	brain	central-nervous-system	minus	none	passed
ENCFF491ICC	ENCFF491ICC	ENCSR351SWL	ENCSR917JSR	BPNet	observed signal profile	bigWig	ChIP-seq	CTCF	dorsolateral-prefrontal-cortex	prefrontal	brain	central-nervous-system	minus	none	passed
ENCFF500QYZ	ENCFF500QYZ	ENCSR740GKG	ENCSR891TQN	BPNet	observed signal profile	bigWig	ChIP-seq	CTCF	dorsolateral-prefrontal-cortex	prefrontal	brain	central-nervous-system	minus	none	passed
ENCFF503CWD	ENCFF503CWD	ENCSR445NJB	ENCSR662LQZ	BPNet	observed signal profile	bigWig	ChIP-seq	CTCF	dorsolateral-prefrontal-cortex	prefrontal	brain	central-nervous-system	minus	none	passed
ENCFF514MLY	ENCFF514MLY	ENCSR369RRE	ENCSR487KKJ	BPNet	observed signal profile	bigWig	ChIP-seq	CTCF	dorsolateral-prefrontal-cortex	prefrontal	brain	central-nervous-system	minus	none	passed
ENCFF524BYD	ENCFF524BYD	ENCSR666JEF	ENCSR540HDD	BPNet	observed signal profile	bigWig	ChIP-seq	CTCF	dorsolateral-prefrontal-cortex	prefrontal	brain	central-nervous-system	minus	none	passed
ENCFF531MDH	ENCFF531MDH	ENCSR094PSL	ENCSR070AQF	BPNet	observed signal profile	bigWig	ChIP-seq	CTCF	dorsolateral-prefrontal-cortex	prefrontal	brain	central-nervous-system	minus	none	passed
ENCFF541OTX	ENCFF541OTX	ENCSR329KRE	ENCSR242HBW	BPNet	observed signal profile	bigWig	ChIP-seq	CTCF	dorsolateral-prefrontal-cortex	prefrontal	brain	central-nervous-system	minus	none	passed
ENCFF548EYN	ENCFF548EYN	ENCSR211AFA	ENCSR808FYY	BPNet	observed signal profile	bigWig	ChIP-seq	CTCF	dorsolateral-prefrontal-cortex	prefrontal	brain	central-nervous-system	minus	none	passed
ENCFF560ISV	ENCFF560ISV	ENCSR680WMF	ENCSR065XUI	BPNet	observed signal profile	bigWig	ChIP-seq	CTCF	dorsolateral-prefrontal-cortex	prefrontal	brain	central-nervous-system	minus	none	passed
ENCFF577WGG	ENCFF577WGG	ENCSR779YTI	ENCSR349AYE	BPNet	observed signal profile	bigWig	ChIP-seq	CTCF	dorsolateral-prefrontal-cortex	prefrontal	brain	central-nervous-system	minus	none	passed
ENCFF604IQG	ENCFF604IQG	ENCSR525VXD	ENCSR363MRN	BPNet	observed signal profile	bigWig	ChIP-seq	CTCF	dorsolateral-prefrontal-cortex	prefrontal	brain	central-nervous-system	minus	none	passed
ENCFF620KCD	ENCFF620KCD	ENCSR705DNM	ENCSR935UWO	BPNet	observed signal profile	bigWig	ChIP-seq	CTCF	dorsolateral-prefrontal-cortex	prefrontal	brain	central-nervous-system	minus	none	passed
ENCFF652MMV	ENCFF652MMV	ENCSR979PTL	ENCSR149WTJ	BPNet	observed signal profile	bigWig	ChIP-seq	CTCF	dorsolateral-prefrontal-cortex	prefrontal	brain	central-nervous-system	minus	none	passed
ENCFF674APR	ENCFF674APR	ENCSR300WOR	ENCSR672ITV	BPNet	observed signal profile	bigWig	ChIP-seq	CTCF	dorsolateral-prefrontal-cortex	prefrontal	brain	central-nervous-system	minus	none	passed
ENCFF735EKC	ENCFF735EKC	ENCSR724YTA	ENCSR285JON	BPNet	observed signal profile	bigWig	ChIP-seq	CTCF	dorsolateral-prefrontal-cortex	prefrontal	brain	central-nervous-system	minus	none	passed
ENCFF752OEP	ENCFF752OEP	ENCSR073BPG	ENCSR808COC	BPNet	observed signal profile	bigWig	ChIP-seq	CTCF	dorsolateral-prefrontal-cortex	prefrontal	brain	central-nervous-system	minus	none	passed
ENCFF781VXM	ENCFF781VXM	ENCSR922HGS	ENCSR001VXW	BPNet	observed signal profile	bigWig	ChIP-seq	CTCF	dorsolateral-prefrontal-cortex	prefrontal	brain	central-nervous-system	minus	none	passed
ENCFF825IYK	ENCFF825IYK	ENCSR372JWF	ENCSR674MGL	BPNet	observed signal profile	bigWig	ChIP-seq	CTCF	dorsolateral-prefrontal-cortex	prefrontal	brain	central-nervous-system	minus	none	passed
ENCFF837BYP	ENCFF837BYP	ENCSR423ZUM	ENCSR695MWH	BPNet	observed signal profile	bigWig	ChIP-seq	CTCF	dorsolateral-prefrontal-cortex	prefrontal	brain	central-nervous-system	minus	none	passed
ENCFF869ZVQ	ENCFF869ZVQ	ENCSR778NDP	ENCSR914ELN	BPNet	observed signal profile	bigWig	ChIP-seq	CTCF	dorsolateral-prefrontal-cortex	prefrontal	brain	central-nervous-system	minus	none	passed
ENCFF890UNJ	ENCFF890UNJ	ENCSR384DBJ	ENCSR946VEN	BPNet	observed signal profile	bigWig	ChIP-seq	CTCF	dorsolateral-prefrontal-cortex	prefrontal	brain	central-nervous-system	minus	none	passed
ENCFF891NST	ENCFF891NST	ENCSR059KXR	ENCSR061INZ	BPNet	observed signal profile	bigWig	ChIP-seq	CTCF	dorsolateral-prefrontal-cortex	prefrontal	brain	central-nervous-system	minus	none	passed
ENCFF894QFQ	ENCFF894QFQ	ENCSR270KFY	ENCSR264QGG	BPNet	observed signal profile	bigWig	ChIP-seq	CTCF	dorsolateral-prefrontal-cortex	prefrontal	brain	central-nervous-system	minus	none	passed
ENCFF908WZD	ENCFF908WZD	ENCSR374PKX	ENCSR832HMN	BPNet	observed signal profile	bigWig	ChIP-seq	CTCF	dorsolateral-prefrontal-cortex	prefrontal	brain	central-nervous-system	minus	none	passed
ENCFF912VDL	ENCFF912VDL	ENCSR378BVM	ENCSR852SMJ	BPNet	observed signal profile	bigWig	ChIP-seq	CTCF	dorsolateral-prefrontal-cortex	prefrontal	brain	central-nervous-system	minus	none	passed
ENCFF923PTZ	ENCFF923PTZ	ENCSR676LDQ	ENCSR605ZJX	BPNet	observed signal profile	bigWig	ChIP-seq	CTCF	dorsolateral-prefrontal-cortex	prefrontal	brain	central-nervous-system	minus	none	passed
ENCFF940MTZ	ENCFF940MTZ	ENCSR443NWG	ENCSR461VQZ	BPNet	observed signal profile	bigWig	ChIP-seq	CTCF	dorsolateral-prefrontal-cortex	prefrontal	brain	central-nervous-system	minus	none	passed
ENCFF943WVF	ENCFF943WVF	ENCSR715FHW	ENCSR289FFZ	BPNet	observed signal profile	bigWig	ChIP-seq	CTCF	dorsolateral-prefrontal-cortex	prefrontal	brain	central-nervous-system	minus	none	passed
ENCFF979AAM	ENCFF979AAM	ENCSR755WXO	ENCSR545LOJ	BPNet	observed signal profile	bigWig	ChIP-seq	CTCF	dorsolateral-prefrontal-cortex	prefrontal	brain	central-nervous-system	minus	none	passed
ENCFF979HYC	ENCFF979HYC	ENCSR913SEI	ENCSR304KCJ	BPNet	observed signal profile	bigWig	ChIP-seq	CTCF	dorsolateral-prefrontal-cortex	prefrontal	brain	central-nervous-system	minus	none	passed
ENCFF980PTN	ENCFF980PTN	ENCSR619WGF	ENCSR446DVI	BPNet	observed signal profile	bigWig	ChIP-seq	CTCF	dorsolateral-prefrontal-cortex	prefrontal	brain	central-nervous-system	minus	none	passed
ENCFF993KKH	ENCFF993KKH	ENCSR062JAC	ENCSR167VES	BPNet	observed signal profile	bigWig	ChIP-seq	CTCF	dorsolateral-prefrontal-cortex	prefrontal	brain	central-nervous-system	minus	none	passed
ENCFF017IYO	ENCFF017IYO	ENCSR740GKG	ENCSR891TQN	BPNet	observed signal profile	bigWig	ChIP-seq	CTCF	dorsolateral-prefrontal-cortex	prefrontal	brain	central-nervous-system	plus	none	passed
ENCFF047BZK	ENCFF047BZK	ENCSR813KUE	ENCSR171JOI	BPNet	observed signal profile	bigWig	ChIP-seq	CTCF	dorsolateral-prefrontal-cortex	prefrontal	brain	central-nervous-system	plus	none	passed
ENCFF072QOA	ENCFF072QOA	ENCSR329KRE	ENCSR242HBW	BPNet	observed signal profile	bigWig	ChIP-seq	CTCF	dorsolateral-prefrontal-cortex	prefrontal	brain	central-nervous-system	plus	none	passed
ENCFF073AHQ	ENCFF073AHQ	ENCSR932XBJ	ENCSR740WUD	BPNet	observed signal profile	bigWig	ChIP-seq	CTCF	dorsolateral-prefrontal-cortex	prefrontal	brain	central-nervous-system	plus	none	passed
ENCFF090KSW	ENCFF090KSW	ENCSR211AFA	ENCSR808FYY	BPNet	observed signal profile	bigWig	ChIP-seq	CTCF	dorsolateral-prefrontal-cortex	prefrontal	brain	central-nervous-system	plus	none	passed
ENCFF098SUU	ENCFF098SUU	ENCSR525VXD	ENCSR363MRN	BPNet	observed signal profile	bigWig	ChIP-seq	CTCF	dorsolateral-prefrontal-cortex	prefrontal	brain	central-nervous-system	plus	none	passed
ENCFF101RDI	ENCFF101RDI	ENCSR259PNW	ENCSR305AFX	BPNet	observed signal profile	bigWig	ChIP-seq	CTCF	dorsolateral-prefrontal-cortex	prefrontal	brain	central-nervous-system	plus	none	passed
ENCFF197DYK	ENCFF197DYK	ENCSR332WTG	ENCSR211BCT	BPNet	observed signal profile	bigWig	ChIP-seq	CTCF	dorsolateral-prefrontal-cortex	prefrontal	brain	central-nervous-system	plus	none	passed
ENCFF197LNQ	ENCFF197LNQ	ENCSR705DNM	ENCSR935UWO	BPNet	observed signal profile	bigWig	ChIP-seq	CTCF	dorsolateral-prefrontal-cortex	prefrontal	brain	central-nervous-system	plus	none	passed
ENCFF210EAS	ENCFF210EAS	ENCSR237BTA	ENCSR207ITR	BPNet	observed signal profile	bigWig	ChIP-seq	CTCF	dorsolateral-prefrontal-cortex	prefrontal	brain	central-nervous-system	plus	none	passed
ENCFF218KYZ	ENCFF218KYZ	ENCSR819WDZ	ENCSR578PWG	BPNet	observed signal profile	bigWig	ChIP-seq	CTCF	dorsolateral-prefrontal-cortex	prefrontal	brain	central-nervous-system	plus	none	passed
ENCFF243BCL	ENCFF243BCL	ENCSR445NJB	ENCSR662LQZ	BPNet	observed signal profile	bigWig	ChIP-seq	CTCF	dorsolateral-prefrontal-cortex	prefrontal	brain	central-nervous-system	plus	none	passed
ENCFF250IKL	ENCFF250IKL	ENCSR763VUL	ENCSR663VTZ	BPNet	observed signal profile	bigWig	ChIP-seq	CTCF	dorsolateral-prefrontal-cortex	prefrontal	brain	central-nervous-system	plus	none	passed
ENCFF256DQY	ENCFF256DQY	ENCSR168KQC	ENCSR915WTK	BPNet	observed signal profile	bigWig	ChIP-seq	CTCF	dorsolateral-prefrontal-cortex	prefrontal	brain	central-nervous-system	plus	none	passed
ENCFF263WVW	ENCFF263WVW	ENCSR778NDP	ENCSR914ELN	BPNet	observed signal profile	bigWig	ChIP-seq	CTCF	dorsolateral-prefrontal-cortex	prefrontal	brain	central-nervous-system	plus	none	passed
ENCFF272WJM	ENCFF272WJM	ENCSR369RRE	ENCSR487KKJ	BPNet	observed signal profile	bigWig	ChIP-seq	CTCF	dorsolateral-prefrontal-cortex	prefrontal	brain	central-nervous-system	plus	none	passed
ENCFF302YTU	ENCFF302YTU	ENCSR922HGS	ENCSR001VXW	BPNet	observed signal profile	bigWig	ChIP-seq	CTCF	dorsolateral-prefrontal-cortex	prefrontal	brain	central-nervous-system	plus	none	passed
ENCFF304RBK	ENCFF304RBK	ENCSR270KFY	ENCSR264QGG	BPNet	observed signal profile	bigWig	ChIP-seq	CTCF	dorsolateral-prefrontal-cortex	prefrontal	brain	central-nervous-system	plus	none	passed
ENCFF313ZKY	ENCFF313ZKY	ENCSR832TWW	ENCSR152KSC	BPNet	observed signal profile	bigWig	ChIP-seq	CTCF	dorsolateral-prefrontal-cortex	prefrontal	brain	central-nervous-system	plus	none	passed
ENCFF314OQS	ENCFF314OQS	ENCSR847OSL	ENCSR732HRT	BPNet	observed signal profile	bigWig	ChIP-seq	CTCF	dorsolateral-prefrontal-cortex	prefrontal	brain	central-nervous-system	plus	none	passed
ENCFF335UIH	ENCFF335UIH	ENCSR423ZUM	ENCSR695MWH	BPNet	observed signal profile	bigWig	ChIP-seq	CTCF	dorsolateral-prefrontal-cortex	prefrontal	brain	central-nervous-system	plus	none	passed
ENCFF353BCC	ENCFF353BCC	ENCSR689LFJ	ENCSR575LCC	BPNet	observed signal profile	bigWig	ChIP-seq	CTCF	dorsolateral-prefrontal-cortex	prefrontal	brain	central-nervous-system	plus	none	passed
ENCFF355BYP	ENCFF355BYP	ENCSR384DBJ	ENCSR946VEN	BPNet	observed signal profile	bigWig	ChIP-seq	CTCF	dorsolateral-prefrontal-cortex	prefrontal	brain	central-nervous-system	plus	none	passed
ENCFF367ZXH	ENCFF367ZXH	ENCSR068DJS	ENCSR226JYD	BPNet	observed signal profile	bigWig	ChIP-seq	CTCF	dorsolateral-prefrontal-cortex	prefrontal	brain	central-nervous-system	plus	none	passed
ENCFF374NUO	ENCFF374NUO	ENCSR610UDC	ENCSR917OQB	BPNet	observed signal profile	bigWig	ChIP-seq	CTCF	dorsolateral-prefrontal-cortex	prefrontal	brain	central-nervous-system	plus	none	passed
ENCFF382LIO	ENCFF382LIO	ENCSR351SWL	ENCSR917JSR	BPNet	observed signal profile	bigWig	ChIP-seq	CTCF	dorsolateral-prefrontal-cortex	prefrontal	brain	central-nervous-system	plus	none	passed
ENCFF416WAR	ENCFF416WAR	ENCSR194JAU	ENCSR395UGO	BPNet	observed signal profile	bigWig	ChIP-seq	CTCF	dorsolateral-prefrontal-cortex	prefrontal	brain	central-nervous-system	plus	none	passed
ENCFF432GJJ	ENCFF432GJJ	ENCSR452KYY	ENCSR792CTN	BPNet	observed signal profile	bigWig	ChIP-seq	CTCF	dorsolateral-prefrontal-cortex	prefrontal	brain	central-nervous-system	plus	none	passed
ENCFF440BEU	ENCFF440BEU	ENCSR779YTI	ENCSR349AYE	BPNet	observed signal profile	bigWig	ChIP-seq	CTCF	dorsolateral-prefrontal-cortex	prefrontal	brain	central-nervous-system	plus	none	passed
ENCFF441UNH	ENCFF441UNH	ENCSR666JEF	ENCSR540HDD	BPNet	observed signal profile	bigWig	ChIP-seq	CTCF	dorsolateral-prefrontal-cortex	prefrontal	brain	central-nervous-system	plus	none	passed
ENCFF446WCL	ENCFF446WCL	ENCSR755WXO	ENCSR545LOJ	BPNet	observed signal profile	bigWig	ChIP-seq	CTCF	dorsolateral-prefrontal-cortex	prefrontal	brain	central-nervous-system	plus	none	passed
ENCFF448YDT	ENCFF448YDT	ENCSR957UPE	ENCSR319AOD	BPNet	observed signal profile	bigWig	ChIP-seq	CTCF	dorsolateral-prefrontal-cortex	prefrontal	brain	central-nervous-system	plus	none	passed
ENCFF501JWT	ENCFF501JWT	ENCSR300WOR	ENCSR672ITV	BPNet	observed signal profile	bigWig	ChIP-seq	CTCF	dorsolateral-prefrontal-cortex	prefrontal	brain	central-nervous-system	plus	none	passed
ENCFF507RIK	ENCFF507RIK	ENCSR073BPG	ENCSR808COC	BPNet	observed signal profile	bigWig	ChIP-seq	CTCF	dorsolateral-prefrontal-cortex	prefrontal	brain	central-nervous-system	plus	none	passed
ENCFF521SJI	ENCFF521SJI	ENCSR062JAC	ENCSR167VES	BPNet	observed signal profile	bigWig	ChIP-seq	CTCF	dorsolateral-prefrontal-cortex	prefrontal	brain	central-nervous-system	plus	none	passed
ENCFF555ZSU	ENCFF555ZSU	ENCSR967QUQ	ENCSR197FFI	BPNet	observed signal profile	bigWig	ChIP-seq	CTCF	dorsolateral-prefrontal-cortex	prefrontal	brain	central-nervous-system	plus	none	passed
ENCFF563PLC	ENCFF563PLC	ENCSR059KXR	ENCSR061INZ	BPNet	observed signal profile	bigWig	ChIP-seq	CTCF	dorsolateral-prefrontal-cortex	prefrontal	brain	central-nervous-system	plus	none	passed
ENCFF568POK	ENCFF568POK	ENCSR251BHU	ENCSR691TTX	BPNet	observed signal profile	bigWig	ChIP-seq	CTCF	dorsolateral-prefrontal-cortex	prefrontal	brain	central-nervous-system	plus	none	passed
ENCFF587OGQ	ENCFF587OGQ	ENCSR378KET	ENCSR365YNU	BPNet	observed signal profile	bigWig	ChIP-seq	CTCF	dorsolateral-prefrontal-cortex	prefrontal	brain	central-nervous-system	plus	none	passed
ENCFF603ZEZ	ENCFF603ZEZ	ENCSR244KEW	ENCSR435PGE	BPNet	observed signal profile	bigWig	ChIP-seq	CTCF	dorsolateral-prefrontal-cortex	prefrontal	brain	central-nervous-system	plus	none	passed
ENCFF616SMU	ENCFF616SMU	ENCSR374PKX	ENCSR832HMN	BPNet	observed signal profile	bigWig	ChIP-seq	CTCF	dorsolateral-prefrontal-cortex	prefrontal	brain	central-nervous-system	plus	none	passed
ENCFF623QTY	ENCFF623QTY	ENCSR841XDW	ENCSR274DCI	BPNet	observed signal profile	bigWig	ChIP-seq	CTCF	dorsolateral-prefrontal-cortex	prefrontal	brain	central-nervous-system	plus	none	passed
ENCFF627QDQ	ENCFF627QDQ	ENCSR575WYM	ENCSR290OCP	BPNet	observed signal profile	bigWig	ChIP-seq	CTCF	dorsolateral-prefrontal-cortex	prefrontal	brain	central-nervous-system	plus	none	passed
ENCFF692DEB	ENCFF692DEB	ENCSR680WMF	ENCSR065XUI	BPNet	observed signal profile	bigWig	ChIP-seq	CTCF	dorsolateral-prefrontal-cortex	prefrontal	brain	central-nervous-system	plus	none	passed
ENCFF702DSR	ENCFF702DSR	ENCSR979PTL	ENCSR149WTJ	BPNet	observed signal profile	bigWig	ChIP-seq	CTCF	dorsolateral-prefrontal-cortex	prefrontal	brain	central-nervous-system	plus	none	passed
ENCFF709KPO	ENCFF709KPO	ENCSR443NWG	ENCSR461VQZ	BPNet	observed signal profile	bigWig	ChIP-seq	CTCF	dorsolateral-prefrontal-cortex	prefrontal	brain	central-nervous-system	plus	none	passed
ENCFF742RRH	ENCFF742RRH	ENCSR676LDQ	ENCSR605ZJX	BPNet	observed signal profile	bigWig	ChIP-seq	CTCF	dorsolateral-prefrontal-cortex	prefrontal	brain	central-nervous-system	plus	none	passed
ENCFF760JFG	ENCFF760JFG	ENCSR275JVX	ENCSR990AIS	BPNet	observed signal profile	bigWig	ChIP-seq	CTCF	dorsolateral-prefrontal-cortex	prefrontal	brain	central-nervous-system	plus	none	passed
ENCFF768BTL	ENCFF768BTL	ENCSR372JWF	ENCSR674MGL	BPNet	observed signal profile	bigWig	ChIP-seq	CTCF	dorsolateral-prefrontal-cortex	prefrontal	brain	central-nervous-system	plus	none	passed
ENCFF799WGV	ENCFF799WGV	ENCSR913SEI	ENCSR304KCJ	BPNet	observed signal profile	bigWig	ChIP-seq	CTCF	dorsolateral-prefrontal-cortex	prefrontal	brain	central-nervous-system	plus	none	passed
ENCFF819EFW	ENCFF819EFW	ENCSR619WGF	ENCSR446DVI	BPNet	observed signal profile	bigWig	ChIP-seq	CTCF	dorsolateral-prefrontal-cortex	prefrontal	brain	central-nervous-system	plus	none	passed
ENCFF834TVM	ENCFF834TVM	ENCSR230RQK	ENCSR838NLY	BPNet	observed signal profile	bigWig	ChIP-seq	CTCF	dorsolateral-prefrontal-cortex	prefrontal	brain	central-nervous-system	plus	none	passed
ENCFF863DRC	ENCFF863DRC	ENCSR699BRV	ENCSR207QOS	BPNet	observed signal profile	bigWig	ChIP-seq	CTCF	dorsolateral-prefrontal-cortex	prefrontal	brain	central-nervous-system	plus	none	passed
ENCFF876LYH	ENCFF876LYH	ENCSR715FHW	ENCSR289FFZ	BPNet	observed signal profile	bigWig	ChIP-seq	CTCF	dorsolateral-prefrontal-cortex	prefrontal	brain	central-nervous-system	plus	none	passed
ENCFF887IVR	ENCFF887IVR	ENCSR092VKJ	ENCSR319XSD	BPNet	observed signal profile	bigWig	ChIP-seq	CTCF	dorsolateral-prefrontal-cortex	prefrontal	brain	central-nervous-system	plus	none	passed
ENCFF923BPV	ENCFF923BPV	ENCSR094PSL	ENCSR070AQF	BPNet	observed signal profile	bigWig	ChIP-seq	CTCF	dorsolateral-prefrontal-cortex	prefrontal	brain	central-nervous-system	plus	none	passed
ENCFF946INV	ENCFF946INV	ENCSR724YTA	ENCSR285JON	BPNet	observed signal profile	bigWig	ChIP-seq	CTCF	dorsolateral-prefrontal-cortex	prefrontal	brain	central-nervous-system	plus	none	passed
ENCFF970TZP	ENCFF970TZP	ENCSR378BVM	ENCSR852SMJ	BPNet	observed signal profile	bigWig	ChIP-seq	CTCF	dorsolateral-prefrontal-cortex	prefrontal	brain	central-nervous-system	plus	none	passed
ENCFF980ADK	ENCFF980ADK	ENCSR757DFT	ENCSR446AYX	BPNet	observed signal profile	bigWig	ChIP-seq	CTCF	dorsolateral-prefrontal-cortex	prefrontal	brain	central-nervous-system	plus	none	passed
ENCFF006ZFX	ENCFF006ZFX	ENCSR031PXV	ENCSR038XID	BPNet	observed signal profile	bigWig	ChIP-seq	CTCF	endothelial-cell	endothelial	blood-vessel	circulatory-system	minus	none	passed
ENCFF349ART	ENCFF349ART	ENCSR031PXV	ENCSR038XID	BPNet	observed signal profile	bigWig	ChIP-seq	CTCF	endothelial-cell	endothelial	blood-vessel	circulatory-system	plus	none	passed
ENCFF310GAQ	ENCFF310GAQ	ENCSR000DLW	ENCSR147WHF	BPNet	observed signal profile	bigWig	ChIP-seq	CTCF	endothelial-cell-of-umbilical-vein	endothelial	blood-vessel	circulatory-system	minus	none	passed
ENCFF837URK	ENCFF837URK	ENCSR000DVP	ENCSR198GBA	BPNet	observed signal profile	bigWig	ChIP-seq	CTCF	endothelial-cell-of-umbilical-vein	endothelial	blood-vessel	circulatory-system	minus	none	passed
ENCFF911VSJ	ENCFF911VSJ	ENCSR000ALA	ENCSR616FKR	BPNet	observed signal profile	bigWig	ChIP-seq	CTCF	endothelial-cell-of-umbilical-vein	endothelial	blood-vessel	circulatory-system	minus	none	passed
ENCFF133HWI	ENCFF133HWI	ENCSR000DLW	ENCSR147WHF	BPNet	observed signal profile	bigWig	ChIP-seq	CTCF	endothelial-cell-of-umbilical-vein	endothelial	blood-vessel	circulatory-system	plus	none	passed
ENCFF307CCH	ENCFF307CCH	ENCSR000ALA	ENCSR616FKR	BPNet	observed signal profile	bigWig	ChIP-seq	CTCF	endothelial-cell-of-umbilical-vein	endothelial	blood-vessel	circulatory-system	plus	none	passed
ENCFF513EVX	ENCFF513EVX	ENCSR000DVP	ENCSR198GBA	BPNet	observed signal profile	bigWig	ChIP-seq	CTCF	endothelial-cell-of-umbilical-vein	endothelial	blood-vessel	circulatory-system	plus	none	passed
ENCFF591DGZ	ENCFF591DGZ	ENCSR000DTR	ENCSR743IWP	BPNet	observed signal profile	bigWig	ChIP-seq	CTCF	epithelial-cell-of-esophagus	epithelial	epithelial	integumental-system	minus	none	passed
ENCFF967PRR	ENCFF967PRR	ENCSR000DTR	ENCSR743IWP	BPNet	observed signal profile	bigWig	ChIP-seq	CTCF	epithelial-cell-of-esophagus	epithelial	epithelial	integumental-system	plus	none	passed
ENCFF137NPW	ENCFF137NPW	ENCSR196HOM	ENCSR205JEX	BPNet	observed signal profile	bigWig	ChIP-seq	CTCF	epithelial-cell-of-prostate	epithelial	epithelial	integumental-system	minus	none	passed
ENCFF037TJV	ENCFF037TJV	ENCSR196HOM	ENCSR205JEX	BPNet	observed signal profile	bigWig	ChIP-seq	CTCF	epithelial-cell-of-prostate	epithelial	epithelial	integumental-system	plus	none	passed
ENCFF784UOT	ENCFF784UOT	ENCSR000DXD	ENCSR463FSZ	BPNet	observed signal profile	bigWig	ChIP-seq	CTCF	epithelial-cell-of-proximal-tubule	epithelial	epithelial	integumental-system	minus	none	passed
ENCFF374FYS	ENCFF374FYS	ENCSR000DXD	ENCSR463FSZ	BPNet	observed signal profile	bigWig	ChIP-seq	CTCF	epithelial-cell-of-proximal-tubule	epithelial	epithelial	integumental-system	plus	none	passed
ENCFF234DAA	ENCFF234DAA	ENCSR559KAB	ENCSR710THJ	BPNet	observed signal profile	bigWig	ChIP-seq	CTCF	esophagus-muscularis-mucosa	esophag	stomach	digestive-system	minus	none	passed
ENCFF334QSG	ENCFF334QSG	ENCSR443WKD	ENCSR875SFQ	BPNet	observed signal profile	bigWig	ChIP-seq	CTCF	esophagus-muscularis-mucosa	esophag	stomach	digestive-system	minus	none	passed
ENCFF577MFZ	ENCFF577MFZ	ENCSR073TPC	ENCSR061RKJ	BPNet	observed signal profile	bigWig	ChIP-seq	CTCF	esophagus-muscularis-mucosa	esophag	stomach	digestive-system	minus	none	passed
ENCFF951DHM	ENCFF951DHM	ENCSR074SFL	ENCSR213UJA	BPNet	observed signal profile	bigWig	ChIP-seq	CTCF	esophagus-muscularis-mucosa	esophag	stomach	digestive-system	minus	none	passed
ENCFF958KCU	ENCFF958KCU	ENCSR353DFU	ENCSR838SGS	BPNet	observed signal profile	bigWig	ChIP-seq	CTCF	esophagus-muscularis-mucosa	esophag	stomach	digestive-system	minus	none	passed
ENCFF028PAA	ENCFF028PAA	ENCSR559KAB	ENCSR710THJ	BPNet	observed signal profile	bigWig	ChIP-seq	CTCF	esophagus-muscularis-mucosa	esophag	stomach	digestive-system	plus	none	passed
ENCFF036ZHD	ENCFF036ZHD	ENCSR443WKD	ENCSR875SFQ	BPNet	observed signal profile	bigWig	ChIP-seq	CTCF	esophagus-muscularis-mucosa	esophag	stomach	digestive-system	plus	none	passed
ENCFF112LQV	ENCFF112LQV	ENCSR073TPC	ENCSR061RKJ	BPNet	observed signal profile	bigWig	ChIP-seq	CTCF	esophagus-muscularis-mucosa	esophag	stomach	digestive-system	plus	none	passed
ENCFF386YHN	ENCFF386YHN	ENCSR074SFL	ENCSR213UJA	BPNet	observed signal profile	bigWig	ChIP-seq	CTCF	esophagus-muscularis-mucosa	esophag	stomach	digestive-system	plus	none	passed
ENCFF782CZN	ENCFF782CZN	ENCSR353DFU	ENCSR838SGS	BPNet	observed signal profile	bigWig	ChIP-seq	CTCF	esophagus-muscularis-mucosa	esophag	stomach	digestive-system	plus	none	passed
ENCFF068OQJ	ENCFF068OQJ	ENCSR450FRI	ENCSR344GRT	BPNet	observed signal profile	bigWig	ChIP-seq	CTCF	esophagus-squamous-epithelium	esophag	stomach	digestive-system	minus	none	passed
ENCFF190XCB	ENCFF190XCB	ENCSR756URL	ENCSR985TGA	BPNet	observed signal profile	bigWig	ChIP-seq	CTCF	esophagus-squamous-epithelium	esophag	stomach	digestive-system	minus	none	passed
ENCFF406HRV	ENCFF406HRV	ENCSR838RUX	ENCSR712PPO	BPNet	observed signal profile	bigWig	ChIP-seq	CTCF	esophagus-squamous-epithelium	esophag	stomach	digestive-system	minus	none	passed
ENCFF704WAJ	ENCFF704WAJ	ENCSR266UTR	ENCSR942GLY	BPNet	observed signal profile	bigWig	ChIP-seq	CTCF	esophagus-squamous-epithelium	esophag	stomach	digestive-system	minus	none	passed
ENCFF706PUL	ENCFF706PUL	ENCSR003SZZ	ENCSR224LAT	BPNet	observed signal profile	bigWig	ChIP-seq	CTCF	esophagus-squamous-epithelium	esophag	stomach	digestive-system	minus	none	passed
ENCFF797CZM	ENCFF797CZM	ENCSR773JBP	ENCSR550FVE	BPNet	observed signal profile	bigWig	ChIP-seq	CTCF	esophagus-squamous-epithelium	esophag	stomach	digestive-system	minus	none	passed
ENCFF453ECT	ENCFF453ECT	ENCSR838RUX	ENCSR712PPO	BPNet	observed signal profile	bigWig	ChIP-seq	CTCF	esophagus-squamous-epithelium	esophag	stomach	digestive-system	plus	none	passed
ENCFF501WSR	ENCFF501WSR	ENCSR756URL	ENCSR985TGA	BPNet	observed signal profile	bigWig	ChIP-seq	CTCF	esophagus-squamous-epithelium	esophag	stomach	digestive-system	plus	none	passed
ENCFF571JZJ	ENCFF571JZJ	ENCSR773JBP	ENCSR550FVE	BPNet	observed signal profile	bigWig	ChIP-seq	CTCF	esophagus-squamous-epithelium	esophag	stomach	digestive-system	plus	none	passed
ENCFF612ZWX	ENCFF612ZWX	ENCSR003SZZ	ENCSR224LAT	BPNet	observed signal profile	bigWig	ChIP-seq	CTCF	esophagus-squamous-epithelium	esophag	stomach	digestive-system	plus	none	passed
ENCFF790VJW	ENCFF790VJW	ENCSR266UTR	ENCSR942GLY	BPNet	observed signal profile	bigWig	ChIP-seq	CTCF	esophagus-squamous-epithelium	esophag	stomach	digestive-system	plus	none	passed
ENCFF804FNG	ENCFF804FNG	ENCSR450FRI	ENCSR344GRT	BPNet	observed signal profile	bigWig	ChIP-seq	CTCF	esophagus-squamous-epithelium	esophag	stomach	digestive-system	plus	none	passed
ENCFF168DII	ENCFF168DII	ENCSR000APM	ENCSR628HLT	BPNet	observed signal profile	bigWig	ChIP-seq	CTCF	fibroblast-of-dermis	fibroblast	fibroblast	integumental-system	minus	none	passed
ENCFF645GTG	ENCFF645GTG	ENCSR000APM	ENCSR628HLT	BPNet	observed signal profile	bigWig	ChIP-seq	CTCF	fibroblast-of-dermis	fibroblast	fibroblast	integumental-system	plus	none	passed
ENCFF230ECN	ENCFF230ECN	ENCSR000DVA	ENCSR641JQM	BPNet	observed signal profile	bigWig	ChIP-seq	CTCF	fibroblast-of-lung	fibroblast	fibroblast	integumental-system	minus	none	passed
ENCFF737HGK	ENCFF737HGK	ENCSR000ANO	ENCSR075HNI	BPNet	observed signal profile	bigWig	ChIP-seq	CTCF	fibroblast-of-lung	fibroblast	fibroblast	integumental-system	minus	none	passed
ENCFF964EPN	ENCFF964EPN	ENCSR000DWY	ENCSR175NFF	BPNet	observed signal profile	bigWig	ChIP-seq	CTCF	fibroblast-of-lung	fibroblast	fibroblast	integumental-system	minus	none	passed
ENCFF125CLK	ENCFF125CLK	ENCSR000ANO	ENCSR075HNI	BPNet	observed signal profile	bigWig	ChIP-seq	CTCF	fibroblast-of-lung	fibroblast	fibroblast	integumental-system	plus	none	passed
ENCFF306ABL	ENCFF306ABL	ENCSR000DVA	ENCSR641JQM	BPNet	observed signal profile	bigWig	ChIP-seq	CTCF	fibroblast-of-lung	fibroblast	fibroblast	integumental-system	plus	none	passed
ENCFF955UVO	ENCFF955UVO	ENCSR000DWY	ENCSR175NFF	BPNet	observed signal profile	bigWig	ChIP-seq	CTCF	fibroblast-of-lung	fibroblast	fibroblast	integumental-system	plus	none	passed
ENCFF440FCS	ENCFF440FCS	ENCSR000DUU	ENCSR427BPN	BPNet	observed signal profile	bigWig	ChIP-seq	CTCF	fibroblast-of-mammary-gland	fibroblast	fibroblast	integumental-system	minus	none	passed
ENCFF518BRF	ENCFF518BRF	ENCSR000DUU	ENCSR427BPN	BPNet	observed signal profile	bigWig	ChIP-seq	CTCF	fibroblast-of-mammary-gland	fibroblast	fibroblast	integumental-system	plus	none	passed
ENCFF167YHC	ENCFF167YHC	ENCSR000DUX	ENCSR136OKJ	BPNet	observed signal profile	bigWig	ChIP-seq	CTCF	fibroblast-of-pulmonary-artery	fibroblast	fibroblast	integumental-system	minus	none	passed
ENCFF265EQA	ENCFF265EQA	ENCSR000DUX	ENCSR136OKJ	BPNet	observed signal profile	bigWig	ChIP-seq	CTCF	fibroblast-of-pulmonary-artery	fibroblast	fibroblast	integumental-system	plus	none	passed
ENCFF746GEU	ENCFF746GEU	ENCSR000DPY	ENCSR032ZUX	BPNet	observed signal profile	bigWig	ChIP-seq	CTCF	fibroblast-of-the-aortic-adventitia	fibroblast	fibroblast	integumental-system	minus	none	passed
ENCFF366NHR	ENCFF366NHR	ENCSR000DPY	ENCSR032ZUX	BPNet	observed signal profile	bigWig	ChIP-seq	CTCF	fibroblast-of-the-aortic-adventitia	fibroblast	fibroblast	integumental-system	plus	none	passed
ENCFF129VLW	ENCFF129VLW	ENCSR000DVQ	ENCSR568PVC	BPNet	observed signal profile	bigWig	ChIP-seq	CTCF	fibroblast-of-villous-mesenchyme	fibroblast	fibroblast	integumental-system	minus	none	passed
ENCFF444SSB	ENCFF444SSB	ENCSR000DVQ	ENCSR568PVC	BPNet	observed signal profile	bigWig	ChIP-seq	CTCF	fibroblast-of-villous-mesenchyme	fibroblast	fibroblast	integumental-system	plus	none	passed
ENCFF500NGY	ENCFF500NGY	ENCSR000DWQ	ENCSR215ALR	BPNet	observed signal profile	bigWig	ChIP-seq	CTCF	foreskin-fibroblast	fibroblast	fibroblast	integumental-system	minus	none	passed
ENCFF714XBB	ENCFF714XBB	ENCSR000DUH	ENCSR967AQL	BPNet	observed signal profile	bigWig	ChIP-seq	CTCF	foreskin-fibroblast	fibroblast	fibroblast	integumental-system	minus	none	passed
ENCFF373DNS	ENCFF373DNS	ENCSR000DWQ	ENCSR215ALR	BPNet	observed signal profile	bigWig	ChIP-seq	CTCF	foreskin-fibroblast	fibroblast	fibroblast	integumental-system	plus	none	passed
ENCFF855AKJ	ENCFF855AKJ	ENCSR000DUH	ENCSR967AQL	BPNet	observed signal profile	bigWig	ChIP-seq	CTCF	foreskin-fibroblast	fibroblast	fibroblast	integumental-system	plus	none	passed
ENCFF296RUT	ENCFF296RUT	ENCSR036EGV	ENCSR426XPR	BPNet	observed signal profile	bigWig	ChIP-seq	CTCF	foreskin-keratinocyte	skin	skin	integumental-system	minus	none	passed
ENCFF340IUZ	ENCFF340IUZ	ENCSR817HTJ	ENCSR397LCP	BPNet	observed signal profile	bigWig	ChIP-seq	CTCF	foreskin-keratinocyte	skin	skin	integumental-system	minus	none	passed
ENCFF990WTM	ENCFF990WTM	ENCSR812FNU	ENCSR787BHA	BPNet	observed signal profile	bigWig	ChIP-seq	CTCF	foreskin-keratinocyte	skin	skin	integumental-system	minus	none	passed
ENCFF455SHO	ENCFF455SHO	ENCSR812FNU	ENCSR787BHA	BPNet	observed signal profile	bigWig	ChIP-seq	CTCF	foreskin-keratinocyte	skin	skin	integumental-system	plus	none	passed
ENCFF496FTW	ENCFF496FTW	ENCSR817HTJ	ENCSR397LCP	BPNet	observed signal profile	bigWig	ChIP-seq	CTCF	foreskin-keratinocyte	skin	skin	integumental-system	plus	none	passed
ENCFF583EOV	ENCFF583EOV	ENCSR036EGV	ENCSR426XPR	BPNet	observed signal profile	bigWig	ChIP-seq	CTCF	foreskin-keratinocyte	skin	skin	integumental-system	plus	none	passed
ENCFF106HKN	ENCFF106HKN	ENCSR594NSU	ENCSR549TOP	BPNet	observed signal profile	bigWig	ChIP-seq	CTCF	gastrocnemius-medialis	medialis	muscle	musculature	minus	none	passed
ENCFF615WUJ	ENCFF615WUJ	ENCSR355ALW	ENCSR397OAF	BPNet	observed signal profile	bigWig	ChIP-seq	CTCF	gastrocnemius-medialis	medialis	muscle	musculature	minus	none	passed
ENCFF645MJT	ENCFF645MJT	ENCSR428BKN	ENCSR110KDN	BPNet	observed signal profile	bigWig	ChIP-seq	CTCF	gastrocnemius-medialis	medialis	muscle	musculature	minus	none	passed
ENCFF704HQG	ENCFF704HQG	ENCSR071XWO	ENCSR333BEL	BPNet	observed signal profile	bigWig	ChIP-seq	CTCF	gastrocnemius-medialis	medialis	muscle	musculature	minus	none	passed
ENCFF951XIO	ENCFF951XIO	ENCSR998NQG	ENCSR362SBX	BPNet	observed signal profile	bigWig	ChIP-seq	CTCF	gastrocnemius-medialis	medialis	muscle	musculature	minus	none	passed
ENCFF129ZIB	ENCFF129ZIB	ENCSR594NSU	ENCSR549TOP	BPNet	observed signal profile	bigWig	ChIP-seq	CTCF	gastrocnemius-medialis	medialis	muscle	musculature	plus	none	passed
ENCFF194WYO	ENCFF194WYO	ENCSR428BKN	ENCSR110KDN	BPNet	observed signal profile	bigWig	ChIP-seq	CTCF	gastrocnemius-medialis	medialis	muscle	musculature	plus	none	passed
ENCFF377EFG	ENCFF377EFG	ENCSR998NQG	ENCSR362SBX	BPNet	observed signal profile	bigWig	ChIP-seq	CTCF	gastrocnemius-medialis	medialis	muscle	musculature	plus	none	passed
ENCFF537DWC	ENCFF537DWC	ENCSR071XWO	ENCSR333BEL	BPNet	observed signal profile	bigWig	ChIP-seq	CTCF	gastrocnemius-medialis	medialis	muscle	musculature	plus	none	passed
ENCFF693PGM	ENCFF693PGM	ENCSR355ALW	ENCSR397OAF	BPNet	observed signal profile	bigWig	ChIP-seq	CTCF	gastrocnemius-medialis	medialis	muscle	musculature	plus	none	passed
ENCFF050NUU	ENCFF050NUU	ENCSR146BGM	ENCSR275BUX	BPNet	observed signal profile	bigWig	ChIP-seq	CTCF	gastroesophageal-sphincter	esophag	stomach	digestive-system	minus	none	passed
ENCFF327DZO	ENCFF327DZO	ENCSR206ETG	ENCSR176KHX	BPNet	observed signal profile	bigWig	ChIP-seq	CTCF	gastroesophageal-sphincter	esophag	stomach	digestive-system	minus	none	passed
ENCFF414KJS	ENCFF414KJS	ENCSR661XNQ	ENCSR650AHN	BPNet	observed signal profile	bigWig	ChIP-seq	CTCF	gastroesophageal-sphincter	esophag	stomach	digestive-system	minus	none	passed
ENCFF767KHF	ENCFF767KHF	ENCSR805YLE	ENCSR686NPX	BPNet	observed signal profile	bigWig	ChIP-seq	CTCF	gastroesophageal-sphincter	esophag	stomach	digestive-system	minus	none	passed
ENCFF885BMA	ENCFF885BMA	ENCSR186NVR	ENCSR016LLR	BPNet	observed signal profile	bigWig	ChIP-seq	CTCF	gastroesophageal-sphincter	esophag	stomach	digestive-system	minus	none	passed
ENCFF901RFQ	ENCFF901RFQ	ENCSR298ZPF	ENCSR131CQW	BPNet	observed signal profile	bigWig	ChIP-seq	CTCF	gastroesophageal-sphincter	esophag	stomach	digestive-system	minus	none	passed
ENCFF080LBJ	ENCFF080LBJ	ENCSR298ZPF	ENCSR131CQW	BPNet	observed signal profile	bigWig	ChIP-seq	CTCF	gastroesophageal-sphincter	esophag	stomach	digestive-system	plus	none	passed
ENCFF146QKN	ENCFF146QKN	ENCSR146BGM	ENCSR275BUX	BPNet	observed signal profile	bigWig	ChIP-seq	CTCF	gastroesophageal-sphincter	esophag	stomach	digestive-system	plus	none	passed
ENCFF365PDE	ENCFF365PDE	ENCSR206ETG	ENCSR176KHX	BPNet	observed signal profile	bigWig	ChIP-seq	CTCF	gastroesophageal-sphincter	esophag	stomach	digestive-system	plus	none	passed
ENCFF429BQQ	ENCFF429BQQ	ENCSR661XNQ	ENCSR650AHN	BPNet	observed signal profile	bigWig	ChIP-seq	CTCF	gastroesophageal-sphincter	esophag	stomach	digestive-system	plus	none	passed
ENCFF454SYI	ENCFF454SYI	ENCSR186NVR	ENCSR016LLR	BPNet	observed signal profile	bigWig	ChIP-seq	CTCF	gastroesophageal-sphincter	esophag	stomach	digestive-system	plus	none	passed
ENCFF502AIE	ENCFF502AIE	ENCSR805YLE	ENCSR686NPX	BPNet	observed signal profile	bigWig	ChIP-seq	CTCF	gastroesophageal-sphincter	esophag	stomach	digestive-system	plus	none	passed
ENCFF395JIS	ENCFF395JIS	ENCSR489QDF	ENCSR445PKJ	BPNet	observed signal profile	bigWig	ChIP-seq	CTCF	glutamatergic-neuron	neuron	nerve	central-nervous-system	minus	none	passed
ENCFF017SJH	ENCFF017SJH	ENCSR489QDF	ENCSR445PKJ	BPNet	observed signal profile	bigWig	ChIP-seq	CTCF	glutamatergic-neuron	neuron	nerve	central-nervous-system	plus	none	passed
ENCFF095LGK	ENCFF095LGK	ENCSR565HBN	ENCSR868KFG	BPNet	observed signal profile	bigWig	ChIP-seq	CTCF	heart-left-ventricle	heart	heart	circulatory-system	minus	none	passed
ENCFF129JXF	ENCFF129JXF	ENCSR350NBQ	ENCSR349KLJ	BPNet	observed signal profile	bigWig	ChIP-seq	CTCF	heart-left-ventricle	heart	heart	circulatory-system	minus	none	passed
ENCFF151KNG	ENCFF151KNG	ENCSR718SDR	ENCSR632DRZ	BPNet	observed signal profile	bigWig	ChIP-seq	CTCF	heart-left-ventricle	heart	heart	circulatory-system	minus	none	passed
ENCFF247VES	ENCFF247VES	ENCSR834XPX	ENCSR003EBX	BPNet	observed signal profile	bigWig	ChIP-seq	CTCF	heart-left-ventricle	heart	heart	circulatory-system	minus	none	passed
ENCFF393JGS	ENCFF393JGS	ENCSR355PMV	ENCSR078MYC	BPNet	observed signal profile	bigWig	ChIP-seq	CTCF	heart-left-ventricle	heart	heart	circulatory-system	minus	none	passed
ENCFF401MUD	ENCFF401MUD	ENCSR296JFK	ENCSR395DVX	BPNet	observed signal profile	bigWig	ChIP-seq	CTCF	heart-left-ventricle	heart	heart	circulatory-system	minus	none	passed
ENCFF411OKU	ENCFF411OKU	ENCSR825NXC	ENCSR469EFI	BPNet	observed signal profile	bigWig	ChIP-seq	CTCF	heart-left-ventricle	heart	heart	circulatory-system	minus	none	passed
ENCFF466KHD	ENCFF466KHD	ENCSR461HOC	ENCSR715LMF	BPNet	observed signal profile	bigWig	ChIP-seq	CTCF	heart-left-ventricle	heart	heart	circulatory-system	minus	none	passed
ENCFF580KST	ENCFF580KST	ENCSR791AYW	ENCSR008DFV	BPNet	observed signal profile	bigWig	ChIP-seq	CTCF	heart-left-ventricle	heart	heart	circulatory-system	minus	none	passed
ENCFF655WAY	ENCFF655WAY	ENCSR578AKX	ENCSR770GGU	BPNet	observed signal profile	bigWig	ChIP-seq	CTCF	heart-left-ventricle	heart	heart	circulatory-system	minus	none	passed
ENCFF726XOF	ENCFF726XOF	ENCSR544APK	ENCSR573LUK	BPNet	observed signal profile	bigWig	ChIP-seq	CTCF	heart-left-ventricle	heart	heart	circulatory-system	minus	none	passed
ENCFF898XFS	ENCFF898XFS	ENCSR778ZPK	ENCSR025NXO	BPNet	observed signal profile	bigWig	ChIP-seq	CTCF	heart-left-ventricle	heart	heart	circulatory-system	minus	none	passed
ENCFF904YMF	ENCFF904YMF	ENCSR904RIA	ENCSR248QOW	BPNet	observed signal profile	bigWig	ChIP-seq	CTCF	heart-left-ventricle	heart	heart	circulatory-system	minus	none	passed
ENCFF928GMF	ENCFF928GMF	ENCSR881YFU	ENCSR164NLQ	BPNet	observed signal profile	bigWig	ChIP-seq	CTCF	heart-left-ventricle	heart	heart	circulatory-system	minus	none	passed
ENCFF311QAD	ENCFF311QAD	ENCSR791AYW	ENCSR008DFV	BPNet	observed signal profile	bigWig	ChIP-seq	CTCF	heart-left-ventricle	heart	heart	circulatory-system	plus	none	passed
ENCFF322HRR	ENCFF322HRR	ENCSR718SDR	ENCSR632DRZ	BPNet	observed signal profile	bigWig	ChIP-seq	CTCF	heart-left-ventricle	heart	heart	circulatory-system	plus	none	passed
ENCFF520WDA	ENCFF520WDA	ENCSR565HBN	ENCSR868KFG	BPNet	observed signal profile	bigWig	ChIP-seq	CTCF	heart-left-ventricle	heart	heart	circulatory-system	plus	none	passed
ENCFF535EBW	ENCFF535EBW	ENCSR544APK	ENCSR573LUK	BPNet	observed signal profile	bigWig	ChIP-seq	CTCF	heart-left-ventricle	heart	heart	circulatory-system	plus	none	passed
ENCFF598ROL	ENCFF598ROL	ENCSR355PMV	ENCSR078MYC	BPNet	observed signal profile	bigWig	ChIP-seq	CTCF	heart-left-ventricle	heart	heart	circulatory-system	plus	none	passed
ENCFF619KEL	ENCFF619KEL	ENCSR461HOC	ENCSR715LMF	BPNet	observed signal profile	bigWig	ChIP-seq	CTCF	heart-left-ventricle	heart	heart	circulatory-system	plus	none	passed
ENCFF649NXZ	ENCFF649NXZ	ENCSR881YFU	ENCSR164NLQ	BPNet	observed signal profile	bigWig	ChIP-seq	CTCF	heart-left-ventricle	heart	heart	circulatory-system	plus	none	passed
ENCFF733YQG	ENCFF733YQG	ENCSR904RIA	ENCSR248QOW	BPNet	observed signal profile	bigWig	ChIP-seq	CTCF	heart-left-ventricle	heart	heart	circulatory-system	plus	none	passed
ENCFF736DOK	ENCFF736DOK	ENCSR825NXC	ENCSR469EFI	BPNet	observed signal profile	bigWig	ChIP-seq	CTCF	heart-left-ventricle	heart	heart	circulatory-system	plus	none	passed
ENCFF738OBD	ENCFF738OBD	ENCSR296JFK	ENCSR395DVX	BPNet	observed signal profile	bigWig	ChIP-seq	CTCF	heart-left-ventricle	heart	heart	circulatory-system	plus	none	passed
ENCFF800KYU	ENCFF800KYU	ENCSR350NBQ	ENCSR349KLJ	BPNet	observed signal profile	bigWig	ChIP-seq	CTCF	heart-left-ventricle	heart	heart	circulatory-system	plus	none	passed
ENCFF804SWP	ENCFF804SWP	ENCSR778ZPK	ENCSR025NXO	BPNet	observed signal profile	bigWig	ChIP-seq	CTCF	heart-left-ventricle	heart	heart	circulatory-system	plus	none	passed
ENCFF835HDG	ENCFF835HDG	ENCSR834XPX	ENCSR003EBX	BPNet	observed signal profile	bigWig	ChIP-seq	CTCF	heart-left-ventricle	heart	heart	circulatory-system	plus	none	passed
ENCFF965KME	ENCFF965KME	ENCSR578AKX	ENCSR770GGU	BPNet	observed signal profile	bigWig	ChIP-seq	CTCF	heart-left-ventricle	heart	heart	circulatory-system	plus	none	passed
ENCFF037QOT	ENCFF037QOT	ENCSR585JVS	ENCSR932SYD	BPNet	observed signal profile	bigWig	ChIP-seq	CTCF	heart-right-ventricle	heart	heart	circulatory-system	minus	none	passed
ENCFF186WMJ	ENCFF186WMJ	ENCSR138FTN	ENCSR601CJR	BPNet	observed signal profile	bigWig	ChIP-seq	CTCF	heart-right-ventricle	heart	heart	circulatory-system	minus	none	passed
ENCFF410EWE	ENCFF410EWE	ENCSR840EYN	ENCSR625KKR	BPNet	observed signal profile	bigWig	ChIP-seq	CTCF	heart-right-ventricle	heart	heart	circulatory-system	minus	none	passed
ENCFF429BCN	ENCFF429BCN	ENCSR089NBS	ENCSR081IKT	BPNet	observed signal profile	bigWig	ChIP-seq	CTCF	heart-right-ventricle	heart	heart	circulatory-system	minus	none	passed
ENCFF552SQS	ENCFF552SQS	ENCSR587KPW	ENCSR489DNU	BPNet	observed signal profile	bigWig	ChIP-seq	CTCF	heart-right-ventricle	heart	heart	circulatory-system	minus	none	passed
ENCFF622PBY	ENCFF622PBY	ENCSR505RTK	ENCSR325CRC	BPNet	observed signal profile	bigWig	ChIP-seq	CTCF	heart-right-ventricle	heart	heart	circulatory-system	minus	none	passed
ENCFF673IQN	ENCFF673IQN	ENCSR105KGD	ENCSR088AMF	BPNet	observed signal profile	bigWig	ChIP-seq	CTCF	heart-right-ventricle	heart	heart	circulatory-system	minus	none	passed
ENCFF888YUU	ENCFF888YUU	ENCSR473DVS	ENCSR788INN	BPNet	observed signal profile	bigWig	ChIP-seq	CTCF	heart-right-ventricle	heart	heart	circulatory-system	minus	none	passed
ENCFF936BMI	ENCFF936BMI	ENCSR928RNP	ENCSR616WTU	BPNet	observed signal profile	bigWig	ChIP-seq	CTCF	heart-right-ventricle	heart	heart	circulatory-system	minus	none	passed
ENCFF988LKY	ENCFF988LKY	ENCSR323ZAP	ENCSR760DOP	BPNet	observed signal profile	bigWig	ChIP-seq	CTCF	heart-right-ventricle	heart	heart	circulatory-system	minus	none	passed
ENCFF992BKH	ENCFF992BKH	ENCSR376EOW	ENCSR287YDH	BPNet	observed signal profile	bigWig	ChIP-seq	CTCF	heart-right-ventricle	heart	heart	circulatory-system	minus	none	passed
ENCFF008MEA	ENCFF008MEA	ENCSR323ZAP	ENCSR760DOP	BPNet	observed signal profile	bigWig	ChIP-seq	CTCF	heart-right-ventricle	heart	heart	circulatory-system	plus	none	passed
ENCFF116UQY	ENCFF116UQY	ENCSR138FTN	ENCSR601CJR	BPNet	observed signal profile	bigWig	ChIP-seq	CTCF	heart-right-ventricle	heart	heart	circulatory-system	plus	none	passed
ENCFF243FEU	ENCFF243FEU	ENCSR840EYN	ENCSR625KKR	BPNet	observed signal profile	bigWig	ChIP-seq	CTCF	heart-right-ventricle	heart	heart	circulatory-system	plus	none	passed
ENCFF253NEG	ENCFF253NEG	ENCSR089NBS	ENCSR081IKT	BPNet	observed signal profile	bigWig	ChIP-seq	CTCF	heart-right-ventricle	heart	heart	circulatory-system	plus	none	passed
ENCFF277XCF	ENCFF277XCF	ENCSR105KGD	ENCSR088AMF	BPNet	observed signal profile	bigWig	ChIP-seq	CTCF	heart-right-ventricle	heart	heart	circulatory-system	plus	none	passed
ENCFF308EZP	ENCFF308EZP	ENCSR376EOW	ENCSR287YDH	BPNet	observed signal profile	bigWig	ChIP-seq	CTCF	heart-right-ventricle	heart	heart	circulatory-system	plus	none	passed
ENCFF517XBC	ENCFF517XBC	ENCSR587KPW	ENCSR489DNU	BPNet	observed signal profile	bigWig	ChIP-seq	CTCF	heart-right-ventricle	heart	heart	circulatory-system	plus	none	passed
ENCFF601PBF	ENCFF601PBF	ENCSR505RTK	ENCSR325CRC	BPNet	observed signal profile	bigWig	ChIP-seq	CTCF	heart-right-ventricle	heart	heart	circulatory-system	plus	none	passed
ENCFF658HSR	ENCFF658HSR	ENCSR473DVS	ENCSR788INN	BPNet	observed signal profile	bigWig	ChIP-seq	CTCF	heart-right-ventricle	heart	heart	circulatory-system	plus	none	passed
ENCFF959UIJ	ENCFF959UIJ	ENCSR585JVS	ENCSR932SYD	BPNet	observed signal profile	bigWig	ChIP-seq	CTCF	heart-right-ventricle	heart	heart	circulatory-system	plus	none	passed
ENCFF967ZNK	ENCFF967ZNK	ENCSR928RNP	ENCSR616WTU	BPNet	observed signal profile	bigWig	ChIP-seq	CTCF	heart-right-ventricle	heart	heart	circulatory-system	plus	none	passed
ENCFF816ROI	ENCFF816ROI	ENCSR252QYR	ENCSR525ROU	BPNet	observed signal profile	bigWig	ChIP-seq	CTCF	hepatocyte	hepato	liver	digestive-system	minus	none	passed
ENCFF748TBQ	ENCFF748TBQ	ENCSR252QYR	ENCSR525ROU	BPNet	observed signal profile	bigWig	ChIP-seq	CTCF	hepatocyte	hepato	liver	digestive-system	plus	none	passed
ENCFF316IMG	ENCFF316IMG	ENCSR000DWX	ENCSR551IVT	BPNet	observed signal profile	bigWig	ChIP-seq	CTCF	keratinocyte	keratinocyte	skin	integumental-system	minus	none	passed
ENCFF396PSL	ENCFF396PSL	ENCSR000DNC	ENCSR782QKV	BPNet	observed signal profile	bigWig	ChIP-seq	CTCF	keratinocyte	keratinocyte	skin	integumental-system	minus	none	passed
ENCFF859LND	ENCFF859LND	ENCSR000ALJ	ENCSR463ELC	BPNet	observed signal profile	bigWig	ChIP-seq	CTCF	keratinocyte	keratinocyte	skin	integumental-system	minus	none	passed
ENCFF012PID	ENCFF012PID	ENCSR000DNC	ENCSR782QKV	BPNet	observed signal profile	bigWig	ChIP-seq	CTCF	keratinocyte	keratinocyte	skin	integumental-system	plus	none	passed
ENCFF680TPV	ENCFF680TPV	ENCSR000ALJ	ENCSR463ELC	BPNet	observed signal profile	bigWig	ChIP-seq	CTCF	keratinocyte	keratinocyte	skin	integumental-system	plus	none	passed
ENCFF920EUI	ENCFF920EUI	ENCSR000DWX	ENCSR551IVT	BPNet	observed signal profile	bigWig	ChIP-seq	CTCF	keratinocyte	keratinocyte	skin	integumental-system	plus	none	passed
ENCFF669ETU	ENCFF669ETU	ENCSR000DMC	ENCSR551FFQ	BPNet	observed signal profile	bigWig	ChIP-seq	CTCF	kidney	kidney	kidney	excretory-system	minus	none	passed
ENCFF582XIB	ENCFF582XIB	ENCSR000DMC	ENCSR551FFQ	BPNet	observed signal profile	bigWig	ChIP-seq	CTCF	kidney	kidney	kidney	excretory-system	plus	none	passed
ENCFF811JMH	ENCFF811JMH	ENCSR000DVH	ENCSR607PEH	BPNet	observed signal profile	bigWig	ChIP-seq	CTCF	kidney-epithelial-cell	epithelial	epithelial	integumental-system	minus	none	passed
ENCFF188AVK	ENCFF188AVK	ENCSR000DVH	ENCSR607PEH	BPNet	observed signal profile	bigWig	ChIP-seq	CTCF	kidney-epithelial-cell	epithelial	epithelial	integumental-system	plus	none	passed
ENCFF127FBR	ENCFF127FBR	ENCSR255SQR	ENCSR105FZO	BPNet	observed signal profile	bigWig	ChIP-seq	CTCF	left-lung	lung	lung	respiratory-system	minus	none	passed
ENCFF480VPZ	ENCFF480VPZ	ENCSR736PZW	ENCSR262QVN	BPNet	observed signal profile	bigWig	ChIP-seq	CTCF	left-lung	lung	lung	respiratory-system	minus	none	passed
ENCFF373EFH	ENCFF373EFH	ENCSR736PZW	ENCSR262QVN	BPNet	observed signal profile	bigWig	ChIP-seq	CTCF	left-lung	lung	lung	respiratory-system	plus	none	passed
ENCFF952PFL	ENCFF952PFL	ENCSR255SQR	ENCSR105FZO	BPNet	observed signal profile	bigWig	ChIP-seq	CTCF	left-lung	lung	lung	respiratory-system	plus	none	passed
ENCFF600MUO	ENCFF600MUO	ENCSR068HEE	ENCSR134HNL	BPNet	observed signal profile	bigWig	ChIP-seq	CTCF	left-ventricle-myocardium-inferior	ventricle	heart	circulatory-system	minus	none	passed
ENCFF273TQL	ENCFF273TQL	ENCSR068HEE	ENCSR134HNL	BPNet	observed signal profile	bigWig	ChIP-seq	CTCF	left-ventricle-myocardium-inferior	ventricle	heart	circulatory-system	plus	none	passed
ENCFF279IBK	ENCFF279IBK	ENCSR254YRM	ENCSR430UIV	BPNet	observed signal profile	bigWig	ChIP-seq	CTCF	liver	liver	liver	digestive-system	minus	none	passed
ENCFF564OKB	ENCFF564OKB	ENCSR254YRM	ENCSR430UIV	BPNet	observed signal profile	bigWig	ChIP-seq	CTCF	liver	liver	liver	digestive-system	plus	none	passed
ENCFF432YVC	ENCFF432YVC	ENCSR252XWG	ENCSR859OWB	BPNet	observed signal profile	bigWig	ChIP-seq	CTCF	lower-leg-skin	skin	skin	integumental-system	minus	none	passed
ENCFF291MFJ	ENCFF291MFJ	ENCSR252XWG	ENCSR859OWB	BPNet	observed signal profile	bigWig	ChIP-seq	CTCF	lower-leg-skin	skin	skin	integumental-system	plus	none	passed
ENCFF062FCN	ENCFF062FCN	ENCSR133AFF	ENCSR108URW	BPNet	observed signal profile	bigWig	ChIP-seq	CTCF	lower-lobe-of-left-lung	lung	lung	respiratory-system	minus	none	passed
ENCFF224UIX	ENCFF224UIX	ENCSR195POA	ENCSR437REB	BPNet	observed signal profile	bigWig	ChIP-seq	CTCF	lower-lobe-of-left-lung	lung	lung	respiratory-system	minus	none	passed
ENCFF145AJB	ENCFF145AJB	ENCSR195POA	ENCSR437REB	BPNet	observed signal profile	bigWig	ChIP-seq	CTCF	lower-lobe-of-left-lung	lung	lung	respiratory-system	plus	none	passed
ENCFF450TMI	ENCFF450TMI	ENCSR133AFF	ENCSR108URW	BPNet	observed signal profile	bigWig	ChIP-seq	CTCF	lower-lobe-of-left-lung	lung	lung	respiratory-system	plus	none	passed
ENCFF897BGI	ENCFF897BGI	ENCSR863HZM	ENCSR619FPQ	BPNet	observed signal profile	bigWig	ChIP-seq	CTCF	lower-lobe-of-right-lung	lung	lung	respiratory-system	minus	none	passed
ENCFF691KEG	ENCFF691KEG	ENCSR863HZM	ENCSR619FPQ	BPNet	observed signal profile	bigWig	ChIP-seq	CTCF	lower-lobe-of-right-lung	lung	lung	respiratory-system	plus	none	passed
ENCFF427BGU	ENCFF427BGU	ENCSR000DMH	ENCSR127LIU	BPNet	observed signal profile	bigWig	ChIP-seq	CTCF	lung	lung	lung	respiratory-system	minus	none	passed
ENCFF412PGA	ENCFF412PGA	ENCSR000DMH	ENCSR127LIU	BPNet	observed signal profile	bigWig	ChIP-seq	CTCF	lung	lung	lung	respiratory-system	plus	none	passed
ENCFF213LIC	ENCFF213LIC	ENCSR000DUS	ENCSR101RHS	BPNet	observed signal profile	bigWig	ChIP-seq	CTCF	mammary-epithelial-cell	epithelial	epithelial	integumental-system	minus	none	passed
ENCFF484RYT	ENCFF484RYT	ENCSR000ALV	ENCSR270VTJ	BPNet	observed signal profile	bigWig	ChIP-seq	CTCF	mammary-epithelial-cell	epithelial	epithelial	integumental-system	minus	none	passed
ENCFF115FQF	ENCFF115FQF	ENCSR000ALV	ENCSR270VTJ	BPNet	observed signal profile	bigWig	ChIP-seq	CTCF	mammary-epithelial-cell	epithelial	epithelial	integumental-system	plus	none	passed
ENCFF293XCE	ENCFF293XCE	ENCSR000DUS	ENCSR101RHS	BPNet	observed signal profile	bigWig	ChIP-seq	CTCF	mammary-epithelial-cell	epithelial	epithelial	integumental-system	plus	none	passed
ENCFF703GOT	ENCFF703GOT	ENCSR647SQF	ENCSR455DWB	BPNet	observed signal profile	bigWig	ChIP-seq	CTCF	mesothelial-cell-of-epicardium	epicardium	heart	circulatory-system	minus	none	passed
ENCFF579JMY	ENCFF579JMY	ENCSR647SQF	ENCSR455DWB	BPNet	observed signal profile	bigWig	ChIP-seq	CTCF	mesothelial-cell-of-epicardium	epicardium	heart	circulatory-system	plus	none	passed
ENCFF179ZAN	ENCFF179ZAN	ENCSR038VWU	ENCSR295BWW	BPNet	observed signal profile	bigWig	ChIP-seq	CTCF	mucosa-of-descending-colon	colon	large-intestine	digestive-system	minus	none	passed
ENCFF412KYU	ENCFF412KYU	ENCSR038VWU	ENCSR295BWW	BPNet	observed signal profile	bigWig	ChIP-seq	CTCF	mucosa-of-descending-colon	colon	large-intestine	digestive-system	plus	none	passed
ENCFF684LAV	ENCFF684LAV	ENCSR000ANS	ENCSR476TGO	BPNet	observed signal profile	bigWig	ChIP-seq	CTCF	myotube	myotube	muscle	musculature	minus	none	passed
ENCFF641BQR	ENCFF641BQR	ENCSR000ANS	ENCSR476TGO	BPNet	observed signal profile	bigWig	ChIP-seq	CTCF	myotube	myotube	muscle	musculature	plus	none	passed
ENCFF265SOU	ENCFF265SOU	ENCSR856TKC	ENCSR686ZIO	BPNet	observed signal profile	bigWig	ChIP-seq	CTCF	natural-killer-cell	killer	immune	immune-system	minus	none	passed
ENCFF674RBF	ENCFF674RBF	ENCSR856TKC	ENCSR686ZIO	BPNet	observed signal profile	bigWig	ChIP-seq	CTCF	natural-killer-cell	killer	immune	immune-system	plus	none	passed
ENCFF407AGL	ENCFF407AGL	ENCSR966OUM	ENCSR352YYZ	BPNet	observed signal profile	bigWig	ChIP-seq	CTCF	nephron	nephron	kidney	excretory-system	minus	none	passed
ENCFF709YJY	ENCFF709YJY	ENCSR194WQV	ENCSR404EXQ	BPNet	observed signal profile	bigWig	ChIP-seq	CTCF	nephron	nephron	kidney	excretory-system	minus	none	passed
ENCFF814FFZ	ENCFF814FFZ	ENCSR266ZUX	ENCSR372ZDP	BPNet	observed signal profile	bigWig	ChIP-seq	CTCF	nephron	nephron	kidney	excretory-system	minus	none	passed
ENCFF424JCG	ENCFF424JCG	ENCSR966OUM	ENCSR352YYZ	BPNet	observed signal profile	bigWig	ChIP-seq	CTCF	nephron	nephron	kidney	excretory-system	plus	none	passed
ENCFF441JNQ	ENCFF441JNQ	ENCSR194WQV	ENCSR404EXQ	BPNet	observed signal profile	bigWig	ChIP-seq	CTCF	nephron	nephron	kidney	excretory-system	plus	none	passed
ENCFF466BYL	ENCFF466BYL	ENCSR266ZUX	ENCSR372ZDP	BPNet	observed signal profile	bigWig	ChIP-seq	CTCF	nephron	nephron	kidney	excretory-system	plus	none	passed
ENCFF699MVN	ENCFF699MVN	ENCSR799GJD	ENCSR008NLN	BPNet	observed signal profile	bigWig	ChIP-seq	CTCF	nephron-progenitor-cell	nephron	kidney	excretory-system	minus	none	passed
ENCFF848YSE	ENCFF848YSE	ENCSR799GJD	ENCSR008NLN	BPNet	observed signal profile	bigWig	ChIP-seq	CTCF	nephron-progenitor-cell	nephron	kidney	excretory-system	plus	none	passed
ENCFF011CGV	ENCFF011CGV	ENCSR822CEA	ENCSR031QLT	BPNet	observed signal profile	bigWig	ChIP-seq	CTCF	neural-cell	neural	nerve	central-nervous-system	minus	none	passed
ENCFF676UXM	ENCFF676UXM	ENCSR822CEA	ENCSR031QLT	BPNet	observed signal profile	bigWig	ChIP-seq	CTCF	neural-cell	neural	nerve	central-nervous-system	plus	none	passed
ENCFF381JPJ	ENCFF381JPJ	ENCSR218MVT	ENCSR131TMB	BPNet	observed signal profile	bigWig	ChIP-seq	CTCF	neural-crest-cell	neural	nerve	central-nervous-system	minus	none	passed
ENCFF026YFR	ENCFF026YFR	ENCSR218MVT	ENCSR131TMB	BPNet	observed signal profile	bigWig	ChIP-seq	CTCF	neural-crest-cell	neural	nerve	central-nervous-system	plus	none	passed
ENCFF010EXL	ENCFF010EXL	ENCSR125NBL	ENCSR428GEX	BPNet	observed signal profile	bigWig	ChIP-seq	CTCF	neural-progenitor-cell	neural	nerve	central-nervous-system	minus	none	passed
ENCFF067DUX	ENCFF067DUX	ENCSR260FAS	ENCSR281EXL	BPNet	observed signal profile	bigWig	ChIP-seq	CTCF	neural-progenitor-cell	neural	nerve	central-nervous-system	minus	none	passed
ENCFF120RDT	ENCFF120RDT	ENCSR260FAS	ENCSR281EXL	BPNet	observed signal profile	bigWig	ChIP-seq	CTCF	neural-progenitor-cell	neural	nerve	central-nervous-system	plus	none	passed
ENCFF296WCU	ENCFF296WCU	ENCSR125NBL	ENCSR428GEX	BPNet	observed signal profile	bigWig	ChIP-seq	CTCF	neural-progenitor-cell	neural	nerve	central-nervous-system	plus	none	passed
ENCFF110YAL	ENCFF110YAL	ENCSR785YRL	ENCSR756LRY	BPNet	observed signal profile	bigWig	ChIP-seq	CTCF	neutrophil	cell-line	cell-line	cell-line	minus	none	passed
ENCFF985FRO	ENCFF985FRO	ENCSR785YRL	ENCSR756LRY	BPNet	observed signal profile	bigWig	ChIP-seq	CTCF	neutrophil	cell-line	cell-line	cell-line	plus	none	passed
ENCFF161SRD	ENCFF161SRD	ENCSR225OKX	ENCSR099PRX	BPNet	observed signal profile	bigWig	ChIP-seq	CTCF	omental-fat-pad	fat	skin	integumental-system	minus	none	passed
ENCFF964XHE	ENCFF964XHE	ENCSR225OKX	ENCSR099PRX	BPNet	observed signal profile	bigWig	ChIP-seq	CTCF	omental-fat-pad	fat	skin	integumental-system	plus	none	passed
ENCFF428KLG	ENCFF428KLG	ENCSR000APF	ENCSR645FGW	BPNet	observed signal profile	bigWig	ChIP-seq	CTCF	osteoblast	cell-line	cell-line	cell-line	minus	none	passed
ENCFF126BLF	ENCFF126BLF	ENCSR000APF	ENCSR645FGW	BPNet	observed signal profile	bigWig	ChIP-seq	CTCF	osteoblast	cell-line	cell-line	cell-line	plus	none	passed
ENCFF095VZQ	ENCFF095VZQ	ENCSR300DWM	ENCSR173HHH	BPNet	observed signal profile	bigWig	ChIP-seq	CTCF	osteocyte	osteocyte	bone	skeletal-system	minus	none	passed
ENCFF352VZQ	ENCFF352VZQ	ENCSR300DWM	ENCSR173HHH	BPNet	observed signal profile	bigWig	ChIP-seq	CTCF	osteocyte	osteocyte	bone	skeletal-system	plus	none	passed
ENCFF071SQL	ENCFF071SQL	ENCSR493APD	ENCSR323LBL	BPNet	observed signal profile	bigWig	ChIP-seq	CTCF	ovary	ovary	ovary	reproductive-system	minus	none	passed
ENCFF330OWT	ENCFF330OWT	ENCSR548DDS	ENCSR837MDI	BPNet	observed signal profile	bigWig	ChIP-seq	CTCF	ovary	ovary	ovary	reproductive-system	minus	none	passed
ENCFF370XNM	ENCFF370XNM	ENCSR934GQS	ENCSR183LYL	BPNet	observed signal profile	bigWig	ChIP-seq	CTCF	ovary	ovary	ovary	reproductive-system	minus	none	passed
ENCFF373LYK	ENCFF373LYK	ENCSR934GQS	ENCSR183LYL	BPNet	observed signal profile	bigWig	ChIP-seq	CTCF	ovary	ovary	ovary	reproductive-system	plus	none	passed
ENCFF698RNW	ENCFF698RNW	ENCSR493APD	ENCSR323LBL	BPNet	observed signal profile	bigWig	ChIP-seq	CTCF	ovary	ovary	ovary	reproductive-system	plus	none	passed
ENCFF770XIA	ENCFF770XIA	ENCSR548DDS	ENCSR837MDI	BPNet	observed signal profile	bigWig	ChIP-seq	CTCF	ovary	ovary	ovary	reproductive-system	plus	none	passed
ENCFF029NDB	ENCFF029NDB	ENCSR113COJ	ENCSR481SCY	BPNet	observed signal profile	bigWig	ChIP-seq	CTCF	pancreas	pancreas	pancreas	digestive-system	minus	none	passed
ENCFF483YPD	ENCFF483YPD	ENCSR000DND	ENCSR431LWM	BPNet	observed signal profile	bigWig	ChIP-seq	CTCF	pancreas	pancreas	pancreas	digestive-system	minus	none	passed
ENCFF500QQW	ENCFF500QQW	ENCSR774PGN	ENCSR431SPK	BPNet	observed signal profile	bigWig	ChIP-seq	CTCF	pancreas	pancreas	pancreas	digestive-system	minus	none	passed
ENCFF553TFC	ENCFF553TFC	ENCSR852BLA	ENCSR362ECX	BPNet	observed signal profile	bigWig	ChIP-seq	CTCF	pancreas	pancreas	pancreas	digestive-system	minus	none	passed
ENCFF823IIN	ENCFF823IIN	ENCSR253ALG	ENCSR465DTI	BPNet	observed signal profile	bigWig	ChIP-seq	CTCF	pancreas	pancreas	pancreas	digestive-system	minus	none	passed
ENCFF300MWK	ENCFF300MWK	ENCSR000DND	ENCSR431LWM	BPNet	observed signal profile	bigWig	ChIP-seq	CTCF	pancreas	pancreas	pancreas	digestive-system	plus	none	passed
ENCFF369HWH	ENCFF369HWH	ENCSR253ALG	ENCSR465DTI	BPNet	observed signal profile	bigWig	ChIP-seq	CTCF	pancreas	pancreas	pancreas	digestive-system	plus	none	passed
ENCFF503HVZ	ENCFF503HVZ	ENCSR852BLA	ENCSR362ECX	BPNet	observed signal profile	bigWig	ChIP-seq	CTCF	pancreas	pancreas	pancreas	digestive-system	plus	none	passed
ENCFF795VGO	ENCFF795VGO	ENCSR774PGN	ENCSR431SPK	BPNet	observed signal profile	bigWig	ChIP-seq	CTCF	pancreas	pancreas	pancreas	digestive-system	plus	none	passed
ENCFF879XLD	ENCFF879XLD	ENCSR113COJ	ENCSR481SCY	BPNet	observed signal profile	bigWig	ChIP-seq	CTCF	pancreas	pancreas	pancreas	digestive-system	plus	none	passed
ENCFF153EVI	ENCFF153EVI	ENCSR291YNH	ENCSR658NCK	BPNet	observed signal profile	bigWig	ChIP-seq	CTCF	placenta	placenta	placenta	reproductive-system	minus	none	passed
ENCFF368AAS	ENCFF368AAS	ENCSR291YNH	ENCSR658NCK	BPNet	observed signal profile	bigWig	ChIP-seq	CTCF	placenta	placenta	placenta	reproductive-system	plus	none	passed
ENCFF096FZM	ENCFF096FZM	ENCSR901NIN	ENCSR772WOB	BPNet	observed signal profile	bigWig	ChIP-seq	CTCF	progenitor-cell-of-endocrine-pancreas	pancreas	pancreas	digestive-system	minus	none	passed
ENCFF815PJS	ENCFF815PJS	ENCSR901NIN	ENCSR772WOB	BPNet	observed signal profile	bigWig	ChIP-seq	CTCF	progenitor-cell-of-endocrine-pancreas	pancreas	pancreas	digestive-system	plus	none	passed
ENCFF095UWI	ENCFF095UWI	ENCSR230ORT	ENCSR242VPF	BPNet	observed signal profile	bigWig	ChIP-seq	CTCF	prostate-gland	prostate	testis	reproductive-system	minus	none	passed
ENCFF552XGJ	ENCFF552XGJ	ENCSR946MNG	ENCSR510ORC	BPNet	observed signal profile	bigWig	ChIP-seq	CTCF	prostate-gland	prostate	testis	reproductive-system	minus	none	passed
ENCFF765PMN	ENCFF765PMN	ENCSR829HTO	ENCSR092FZF	BPNet	observed signal profile	bigWig	ChIP-seq	CTCF	prostate-gland	prostate	testis	reproductive-system	minus	none	passed
ENCFF960GSG	ENCFF960GSG	ENCSR720USO	ENCSR774CHZ	BPNet	observed signal profile	bigWig	ChIP-seq	CTCF	prostate-gland	prostate	testis	reproductive-system	minus	none	passed
ENCFF062GKK	ENCFF062GKK	ENCSR720USO	ENCSR774CHZ	BPNet	observed signal profile	bigWig	ChIP-seq	CTCF	prostate-gland	prostate	testis	reproductive-system	plus	none	passed
ENCFF558GIJ	ENCFF558GIJ	ENCSR946MNG	ENCSR510ORC	BPNet	observed signal profile	bigWig	ChIP-seq	CTCF	prostate-gland	prostate	testis	reproductive-system	plus	none	passed
ENCFF898UHN	ENCFF898UHN	ENCSR829HTO	ENCSR092FZF	BPNet	observed signal profile	bigWig	ChIP-seq	CTCF	prostate-gland	prostate	testis	reproductive-system	plus	none	passed
ENCFF937HYR	ENCFF937HYR	ENCSR230ORT	ENCSR242VPF	BPNet	observed signal profile	bigWig	ChIP-seq	CTCF	prostate-gland	prostate	testis	reproductive-system	plus	none	passed
ENCFF367HLC	ENCFF367HLC	ENCSR984IUE	ENCSR838QYE	BPNet	observed signal profile	bigWig	ChIP-seq	CTCF	psoas-muscle	muscle	muscle	musculature	minus	none	passed
ENCFF267YBS	ENCFF267YBS	ENCSR984IUE	ENCSR838QYE	BPNet	observed signal profile	bigWig	ChIP-seq	CTCF	psoas-muscle	muscle	muscle	musculature	plus	none	passed
ENCFF784GZS	ENCFF784GZS	ENCSR000DVI	ENCSR185MST	BPNet	observed signal profile	bigWig	ChIP-seq	CTCF	retinal-pigment-epithelial-cell	epithelial	epithelial	integumental-system	minus	none	passed
ENCFF449OSV	ENCFF449OSV	ENCSR000DVI	ENCSR185MST	BPNet	observed signal profile	bigWig	ChIP-seq	CTCF	retinal-pigment-epithelial-cell	epithelial	epithelial	integumental-system	plus	none	passed
ENCFF259CLY	ENCFF259CLY	ENCSR401KRN	ENCSR541ODB	BPNet	observed signal profile	bigWig	ChIP-seq	CTCF	right-atrium-auricular-region	atrium	heart	circulatory-system	minus	none	passed
ENCFF485RYK	ENCFF485RYK	ENCSR066GBX	ENCSR564QNO	BPNet	observed signal profile	bigWig	ChIP-seq	CTCF	right-atrium-auricular-region	atrium	heart	circulatory-system	minus	none	passed
ENCFF673CQS	ENCFF673CQS	ENCSR232OFD	ENCSR557FKB	BPNet	observed signal profile	bigWig	ChIP-seq	CTCF	right-atrium-auricular-region	atrium	heart	circulatory-system	minus	none	passed
ENCFF511PAE	ENCFF511PAE	ENCSR066GBX	ENCSR564QNO	BPNet	observed signal profile	bigWig	ChIP-seq	CTCF	right-atrium-auricular-region	atrium	heart	circulatory-system	plus	none	passed
ENCFF668YSJ	ENCFF668YSJ	ENCSR401KRN	ENCSR541ODB	BPNet	observed signal profile	bigWig	ChIP-seq	CTCF	right-atrium-auricular-region	atrium	heart	circulatory-system	plus	none	passed
ENCFF747NDO	ENCFF747NDO	ENCSR232OFD	ENCSR557FKB	BPNet	observed signal profile	bigWig	ChIP-seq	CTCF	right-atrium-auricular-region	atrium	heart	circulatory-system	plus	none	passed
ENCFF050QNV	ENCFF050QNV	ENCSR837OOH	ENCSR360JKL	BPNet	observed signal profile	bigWig	ChIP-seq	CTCF	right-lobe-of-liver	liver	liver	digestive-system	minus	none	passed
ENCFF111RIK	ENCFF111RIK	ENCSR911GFJ	ENCSR949KOB	BPNet	observed signal profile	bigWig	ChIP-seq	CTCF	right-lobe-of-liver	liver	liver	digestive-system	minus	none	passed
ENCFF131LTI	ENCFF131LTI	ENCSR000VGD	ENCSR933NFV	BPNet	observed signal profile	bigWig	ChIP-seq	CTCF	right-lobe-of-liver	liver	liver	digestive-system	minus	none	passed
ENCFF296TYZ	ENCFF296TYZ	ENCSR839NFL	ENCSR686AGK	BPNet	observed signal profile	bigWig	ChIP-seq	CTCF	right-lobe-of-liver	liver	liver	digestive-system	minus	none	passed
ENCFF163URF	ENCFF163URF	ENCSR839NFL	ENCSR686AGK	BPNet	observed signal profile	bigWig	ChIP-seq	CTCF	right-lobe-of-liver	liver	liver	digestive-system	plus	none	passed
ENCFF491ARL	ENCFF491ARL	ENCSR837OOH	ENCSR360JKL	BPNet	observed signal profile	bigWig	ChIP-seq	CTCF	right-lobe-of-liver	liver	liver	digestive-system	plus	none	passed
ENCFF577TGC	ENCFF577TGC	ENCSR911GFJ	ENCSR949KOB	BPNet	observed signal profile	bigWig	ChIP-seq	CTCF	right-lobe-of-liver	liver	liver	digestive-system	plus	none	passed
ENCFF792NVF	ENCFF792NVF	ENCSR000VGD	ENCSR933NFV	BPNet	observed signal profile	bigWig	ChIP-seq	CTCF	right-lobe-of-liver	liver	liver	digestive-system	plus	none	passed
ENCFF631RSI	ENCFF631RSI	ENCSR925GDS	ENCSR325SKA	BPNet	observed signal profile	bigWig	ChIP-seq	CTCF	sigmoid-colon	colon	large-intestine	digestive-system	minus	none	passed
ENCFF703GNV	ENCFF703GNV	ENCSR857RJQ	ENCSR972EIV	BPNet	observed signal profile	bigWig	ChIP-seq	CTCF	sigmoid-colon	colon	large-intestine	digestive-system	minus	none	passed
ENCFF755BXI	ENCFF755BXI	ENCSR721AHD	ENCSR523MJC	BPNet	observed signal profile	bigWig	ChIP-seq	CTCF	sigmoid-colon	colon	large-intestine	digestive-system	minus	none	passed
ENCFF954THE	ENCFF954THE	ENCSR222SQE	ENCSR375WGZ	BPNet	observed signal profile	bigWig	ChIP-seq	CTCF	sigmoid-colon	colon	large-intestine	digestive-system	minus	none	passed
ENCFF258BMH	ENCFF258BMH	ENCSR925GDS	ENCSR325SKA	BPNet	observed signal profile	bigWig	ChIP-seq	CTCF	sigmoid-colon	colon	large-intestine	digestive-system	plus	none	passed
ENCFF308ABD	ENCFF308ABD	ENCSR721AHD	ENCSR523MJC	BPNet	observed signal profile	bigWig	ChIP-seq	CTCF	sigmoid-colon	colon	large-intestine	digestive-system	plus	none	passed
ENCFF453HMJ	ENCFF453HMJ	ENCSR857RJQ	ENCSR972EIV	BPNet	observed signal profile	bigWig	ChIP-seq	CTCF	sigmoid-colon	colon	large-intestine	digestive-system	plus	none	passed
ENCFF507CAJ	ENCFF507CAJ	ENCSR222SQE	ENCSR375WGZ	BPNet	observed signal profile	bigWig	ChIP-seq	CTCF	sigmoid-colon	colon	large-intestine	digestive-system	plus	none	passed
ENCFF933NOO	ENCFF933NOO	ENCSR000ANE	ENCSR148IZB	BPNet	observed signal profile	bigWig	ChIP-seq	CTCF	skeletal-muscle-myoblast	muscle	muscle	musculature	minus	none	passed
ENCFF074UKD	ENCFF074UKD	ENCSR000ANE	ENCSR148IZB	BPNet	observed signal profile	bigWig	ChIP-seq	CTCF	skeletal-muscle-myoblast	muscle	muscle	musculature	plus	none	passed
ENCFF555FPT	ENCFF555FPT	ENCSR261VAS	ENCSR801SLD	BPNet	observed signal profile	bigWig	ChIP-seq	CTCF	smooth-muscle-cell	muscle	muscle	musculature	minus	none	passed
ENCFF968NXW	ENCFF968NXW	ENCSR261VAS	ENCSR801SLD	BPNet	observed signal profile	bigWig	ChIP-seq	CTCF	smooth-muscle-cell	muscle	muscle	musculature	plus	none	passed
ENCFF115BVR	ENCFF115BVR	ENCSR601FEB	ENCSR238LOA	BPNet	observed signal profile	bigWig	ChIP-seq	CTCF	spleen	spleen	spleen	endocrine-system	minus	none	passed
ENCFF153JQW	ENCFF153JQW	ENCSR225YGX	ENCSR082VPZ	BPNet	observed signal profile	bigWig	ChIP-seq	CTCF	spleen	spleen	spleen	endocrine-system	minus	none	passed
ENCFF184WYT	ENCFF184WYT	ENCSR961SKY	ENCSR977SBI	BPNet	observed signal profile	bigWig	ChIP-seq	CTCF	spleen	spleen	spleen	endocrine-system	minus	none	passed
ENCFF189AMN	ENCFF189AMN	ENCSR343RJH	ENCSR179EGZ	BPNet	observed signal profile	bigWig	ChIP-seq	CTCF	spleen	spleen	spleen	endocrine-system	minus	none	passed
ENCFF548XVT	ENCFF548XVT	ENCSR692ILH	ENCSR538GXZ	BPNet	observed signal profile	bigWig	ChIP-seq	CTCF	spleen	spleen	spleen	endocrine-system	minus	none	passed
ENCFF705AIY	ENCFF705AIY	ENCSR967BSF	ENCSR501GMR	BPNet	observed signal profile	bigWig	ChIP-seq	CTCF	spleen	spleen	spleen	endocrine-system	minus	none	passed
ENCFF722RWQ	ENCFF722RWQ	ENCSR028YEV	ENCSR729PQJ	BPNet	observed signal profile	bigWig	ChIP-seq	CTCF	spleen	spleen	spleen	endocrine-system	minus	none	passed
ENCFF728VCL	ENCFF728VCL	ENCSR266CJT	ENCSR103WPA	BPNet	observed signal profile	bigWig	ChIP-seq	CTCF	spleen	spleen	spleen	endocrine-system	minus	none	passed
ENCFF789BIR	ENCFF789BIR	ENCSR000DNI	ENCSR896AXL	BPNet	observed signal profile	bigWig	ChIP-seq	CTCF	spleen	spleen	spleen	endocrine-system	minus	none	passed
ENCFF810IVG	ENCFF810IVG	ENCSR595BPR	ENCSR152KNT	BPNet	observed signal profile	bigWig	ChIP-seq	CTCF	spleen	spleen	spleen	endocrine-system	minus	none	passed
ENCFF850YQT	ENCFF850YQT	ENCSR482PMN	ENCSR587YQB	BPNet	observed signal profile	bigWig	ChIP-seq	CTCF	spleen	spleen	spleen	endocrine-system	minus	none	passed
ENCFF864VVY	ENCFF864VVY	ENCSR234HEM	ENCSR700WKB	BPNet	observed signal profile	bigWig	ChIP-seq	CTCF	spleen	spleen	spleen	endocrine-system	minus	none	passed
ENCFF963SKR	ENCFF963SKR	ENCSR466TNQ	ENCSR025HVE	BPNet	observed signal profile	bigWig	ChIP-seq	CTCF	spleen	spleen	spleen	endocrine-system	minus	none	passed
ENCFF192IEJ	ENCFF192IEJ	ENCSR961SKY	ENCSR977SBI	BPNet	observed signal profile	bigWig	ChIP-seq	CTCF	spleen	spleen	spleen	endocrine-system	plus	none	passed
ENCFF213TYN	ENCFF213TYN	ENCSR967BSF	ENCSR501GMR	BPNet	observed signal profile	bigWig	ChIP-seq	CTCF	spleen	spleen	spleen	endocrine-system	plus	none	passed
ENCFF241GAN	ENCFF241GAN	ENCSR466TNQ	ENCSR025HVE	BPNet	observed signal profile	bigWig	ChIP-seq	CTCF	spleen	spleen	spleen	endocrine-system	plus	none	passed
ENCFF284OZT	ENCFF284OZT	ENCSR595BPR	ENCSR152KNT	BPNet	observed signal profile	bigWig	ChIP-seq	CTCF	spleen	spleen	spleen	endocrine-system	plus	none	passed
ENCFF318RRN	ENCFF318RRN	ENCSR692ILH	ENCSR538GXZ	BPNet	observed signal profile	bigWig	ChIP-seq	CTCF	spleen	spleen	spleen	endocrine-system	plus	none	passed
ENCFF357HWK	ENCFF357HWK	ENCSR266CJT	ENCSR103WPA	BPNet	observed signal profile	bigWig	ChIP-seq	CTCF	spleen	spleen	spleen	endocrine-system	plus	none	passed
ENCFF363QIE	ENCFF363QIE	ENCSR000DNI	ENCSR896AXL	BPNet	observed signal profile	bigWig	ChIP-seq	CTCF	spleen	spleen	spleen	endocrine-system	plus	none	passed
ENCFF458WCG	ENCFF458WCG	ENCSR601FEB	ENCSR238LOA	BPNet	observed signal profile	bigWig	ChIP-seq	CTCF	spleen	spleen	spleen	endocrine-system	plus	none	passed
ENCFF605DHG	ENCFF605DHG	ENCSR234HEM	ENCSR700WKB	BPNet	observed signal profile	bigWig	ChIP-seq	CTCF	spleen	spleen	spleen	endocrine-system	plus	none	passed
ENCFF766VQT	ENCFF766VQT	ENCSR343RJH	ENCSR179EGZ	BPNet	observed signal profile	bigWig	ChIP-seq	CTCF	spleen	spleen	spleen	endocrine-system	plus	none	passed
ENCFF855NKW	ENCFF855NKW	ENCSR028YEV	ENCSR729PQJ	BPNet	observed signal profile	bigWig	ChIP-seq	CTCF	spleen	spleen	spleen	endocrine-system	plus	none	passed
ENCFF875JGK	ENCFF875JGK	ENCSR225YGX	ENCSR082VPZ	BPNet	observed signal profile	bigWig	ChIP-seq	CTCF	spleen	spleen	spleen	endocrine-system	plus	none	passed
ENCFF919AUR	ENCFF919AUR	ENCSR482PMN	ENCSR587YQB	BPNet	observed signal profile	bigWig	ChIP-seq	CTCF	spleen	spleen	spleen	endocrine-system	plus	none	passed
ENCFF147RWB	ENCFF147RWB	ENCSR037GKL	ENCSR941MYR	BPNet	observed signal profile	bigWig	ChIP-seq	CTCF	stomach	stomach	stomach	digestive-system	minus	none	passed
ENCFF323YFK	ENCFF323YFK	ENCSR361KVZ	ENCSR702HRP	BPNet	observed signal profile	bigWig	ChIP-seq	CTCF	stomach	stomach	stomach	digestive-system	minus	none	passed
ENCFF392FKX	ENCFF392FKX	ENCSR185CCV	ENCSR347XWJ	BPNet	observed signal profile	bigWig	ChIP-seq	CTCF	stomach	stomach	stomach	digestive-system	minus	none	passed
ENCFF709RPT	ENCFF709RPT	ENCSR173AIR	ENCSR364NWB	BPNet	observed signal profile	bigWig	ChIP-seq	CTCF	stomach	stomach	stomach	digestive-system	minus	none	passed
ENCFF837XJB	ENCFF837XJB	ENCSR549WAU	ENCSR714QWP	BPNet	observed signal profile	bigWig	ChIP-seq	CTCF	stomach	stomach	stomach	digestive-system	minus	none	passed
ENCFF212PGW	ENCFF212PGW	ENCSR361KVZ	ENCSR702HRP	BPNet	observed signal profile	bigWig	ChIP-seq	CTCF	stomach	stomach	stomach	digestive-system	plus	none	passed
ENCFF397IBA	ENCFF397IBA	ENCSR185CCV	ENCSR347XWJ	BPNet	observed signal profile	bigWig	ChIP-seq	CTCF	stomach	stomach	stomach	digestive-system	plus	none	passed
ENCFF457ZXY	ENCFF457ZXY	ENCSR037GKL	ENCSR941MYR	BPNet	observed signal profile	bigWig	ChIP-seq	CTCF	stomach	stomach	stomach	digestive-system	plus	none	passed
ENCFF514FOJ	ENCFF514FOJ	ENCSR549WAU	ENCSR714QWP	BPNet	observed signal profile	bigWig	ChIP-seq	CTCF	stomach	stomach	stomach	digestive-system	plus	none	passed
ENCFF630JCI	ENCFF630JCI	ENCSR173AIR	ENCSR364NWB	BPNet	observed signal profile	bigWig	ChIP-seq	CTCF	stomach	stomach	stomach	digestive-system	plus	none	passed
ENCFF228RGK	ENCFF228RGK	ENCSR485VQV	ENCSR537HGK	BPNet	observed signal profile	bigWig	ChIP-seq	CTCF	suprapubic-skin	skin	skin	integumental-system	minus	none	passed
ENCFF407LRB	ENCFF407LRB	ENCSR756KRS	ENCSR809MWA	BPNet	observed signal profile	bigWig	ChIP-seq	CTCF	suprapubic-skin	skin	skin	integumental-system	minus	none	passed
ENCFF408VNV	ENCFF408VNV	ENCSR515LRI	ENCSR897VGC	BPNet	observed signal profile	bigWig	ChIP-seq	CTCF	suprapubic-skin	skin	skin	integumental-system	minus	none	passed
ENCFF390VDB	ENCFF390VDB	ENCSR515LRI	ENCSR897VGC	BPNet	observed signal profile	bigWig	ChIP-seq	CTCF	suprapubic-skin	skin	skin	integumental-system	plus	none	passed
ENCFF823WBJ	ENCFF823WBJ	ENCSR756KRS	ENCSR809MWA	BPNet	observed signal profile	bigWig	ChIP-seq	CTCF	suprapubic-skin	skin	skin	integumental-system	plus	none	passed
ENCFF953TYW	ENCFF953TYW	ENCSR485VQV	ENCSR537HGK	BPNet	observed signal profile	bigWig	ChIP-seq	CTCF	suprapubic-skin	skin	skin	integumental-system	plus	none	passed
ENCFF696YAJ	ENCFF696YAJ	ENCSR494TNM	ENCSR261GQD	BPNet	observed signal profile	bigWig	ChIP-seq	CTCF	testis	testis	testis	reproductive-system	minus	none	passed
ENCFF805TIQ	ENCFF805TIQ	ENCSR981CID	ENCSR791EEQ	BPNet	observed signal profile	bigWig	ChIP-seq	CTCF	testis	testis	testis	reproductive-system	minus	none	passed
ENCFF838ASP	ENCFF838ASP	ENCSR753RME	ENCSR037QZH	BPNet	observed signal profile	bigWig	ChIP-seq	CTCF	testis	testis	testis	reproductive-system	minus	none	passed
ENCFF401YPQ	ENCFF401YPQ	ENCSR981CID	ENCSR791EEQ	BPNet	observed signal profile	bigWig	ChIP-seq	CTCF	testis	testis	testis	reproductive-system	plus	none	passed
ENCFF625SZV	ENCFF625SZV	ENCSR753RME	ENCSR037QZH	BPNet	observed signal profile	bigWig	ChIP-seq	CTCF	testis	testis	testis	reproductive-system	plus	none	passed
ENCFF939FBB	ENCFF939FBB	ENCSR494TNM	ENCSR261GQD	BPNet	observed signal profile	bigWig	ChIP-seq	CTCF	testis	testis	testis	reproductive-system	plus	none	passed
ENCFF933PIP	ENCFF933PIP	ENCSR668BTN	ENCSR021JLV	BPNet	observed signal profile	bigWig	ChIP-seq	CTCF	thoracic-aorta	aorta	blood-vessel	circulatory-system	minus	none	passed
ENCFF964LRU	ENCFF964LRU	ENCSR549TXG	ENCSR236LRV	BPNet	observed signal profile	bigWig	ChIP-seq	CTCF	thoracic-aorta	aorta	blood-vessel	circulatory-system	minus	none	passed
ENCFF197RRG	ENCFF197RRG	ENCSR549TXG	ENCSR236LRV	BPNet	observed signal profile	bigWig	ChIP-seq	CTCF	thoracic-aorta	aorta	blood-vessel	circulatory-system	plus	none	passed
ENCFF858TUS	ENCFF858TUS	ENCSR668BTN	ENCSR021JLV	BPNet	observed signal profile	bigWig	ChIP-seq	CTCF	thoracic-aorta	aorta	blood-vessel	circulatory-system	plus	none	passed
ENCFF046VGM	ENCFF046VGM	ENCSR145HBC	ENCSR144BSP	BPNet	observed signal profile	bigWig	ChIP-seq	CTCF	thyroid-gland	thyroid	thyroid	endocrine-system	minus	none	passed
ENCFF364GFC	ENCFF364GFC	ENCSR033KMZ	ENCSR455OZY	BPNet	observed signal profile	bigWig	ChIP-seq	CTCF	thyroid-gland	thyroid	thyroid	endocrine-system	minus	none	passed
ENCFF636IKM	ENCFF636IKM	ENCSR505ZGX	ENCSR409HVZ	BPNet	observed signal profile	bigWig	ChIP-seq	CTCF	thyroid-gland	thyroid	thyroid	endocrine-system	minus	none	passed
ENCFF669SOO	ENCFF669SOO	ENCSR492ZIW	ENCSR614KWL	BPNet	observed signal profile	bigWig	ChIP-seq	CTCF	thyroid-gland	thyroid	thyroid	endocrine-system	minus	none	passed
ENCFF729XRR	ENCFF729XRR	ENCSR331OGX	ENCSR457LFM	BPNet	observed signal profile	bigWig	ChIP-seq	CTCF	thyroid-gland	thyroid	thyroid	endocrine-system	minus	none	passed
ENCFF923QPD	ENCFF923QPD	ENCSR744YJR	ENCSR722PLM	BPNet	observed signal profile	bigWig	ChIP-seq	CTCF	thyroid-gland	thyroid	thyroid	endocrine-system	minus	none	passed
ENCFF994MAK	ENCFF994MAK	ENCSR955BIB	ENCSR535ZZH	BPNet	observed signal profile	bigWig	ChIP-seq	CTCF	thyroid-gland	thyroid	thyroid	endocrine-system	minus	none	passed
ENCFF026PRI	ENCFF026PRI	ENCSR955BIB	ENCSR535ZZH	BPNet	observed signal profile	bigWig	ChIP-seq	CTCF	thyroid-gland	thyroid	thyroid	endocrine-system	plus	none	passed
ENCFF054MUI	ENCFF054MUI	ENCSR744YJR	ENCSR722PLM	BPNet	observed signal profile	bigWig	ChIP-seq	CTCF	thyroid-gland	thyroid	thyroid	endocrine-system	plus	none	passed
ENCFF450XON	ENCFF450XON	ENCSR331OGX	ENCSR457LFM	BPNet	observed signal profile	bigWig	ChIP-seq	CTCF	thyroid-gland	thyroid	thyroid	endocrine-system	plus	none	passed
ENCFF698STL	ENCFF698STL	ENCSR505ZGX	ENCSR409HVZ	BPNet	observed signal profile	bigWig	ChIP-seq	CTCF	thyroid-gland	thyroid	thyroid	endocrine-system	plus	none	passed
ENCFF708VTC	ENCFF708VTC	ENCSR145HBC	ENCSR144BSP	BPNet	observed signal profile	bigWig	ChIP-seq	CTCF	thyroid-gland	thyroid	thyroid	endocrine-system	plus	none	passed
ENCFF775ZGH	ENCFF775ZGH	ENCSR033KMZ	ENCSR455OZY	BPNet	observed signal profile	bigWig	ChIP-seq	CTCF	thyroid-gland	thyroid	thyroid	endocrine-system	plus	none	passed
ENCFF870YPP	ENCFF870YPP	ENCSR492ZIW	ENCSR614KWL	BPNet	observed signal profile	bigWig	ChIP-seq	CTCF	thyroid-gland	thyroid	thyroid	endocrine-system	plus	none	passed
ENCFF135YEW	ENCFF135YEW	ENCSR079YAP	ENCSR694KSW	BPNet	observed signal profile	bigWig	ChIP-seq	CTCF	tibial-artery	artery	blood-vessel	circulatory-system	minus	none	passed
ENCFF825ZNG	ENCFF825ZNG	ENCSR699BEK	ENCSR828ZNK	BPNet	observed signal profile	bigWig	ChIP-seq	CTCF	tibial-artery	artery	blood-vessel	circulatory-system	minus	none	passed
ENCFF185GJD	ENCFF185GJD	ENCSR079YAP	ENCSR694KSW	BPNet	observed signal profile	bigWig	ChIP-seq	CTCF	tibial-artery	artery	blood-vessel	circulatory-system	plus	none	passed
ENCFF715NDR	ENCFF715NDR	ENCSR699BEK	ENCSR828ZNK	BPNet	observed signal profile	bigWig	ChIP-seq	CTCF	tibial-artery	artery	blood-vessel	circulatory-system	plus	none	passed
ENCFF066BZF	ENCFF066BZF	ENCSR469POZ	ENCSR584FMJ	BPNet	observed signal profile	bigWig	ChIP-seq	CTCF	tibial-nerve	nerve	nerve	peripheral-nervous-system	minus	none	passed
ENCFF217OMU	ENCFF217OMU	ENCSR434XLP	ENCSR883CCS	BPNet	observed signal profile	bigWig	ChIP-seq	CTCF	tibial-nerve	nerve	nerve	peripheral-nervous-system	minus	none	passed
ENCFF315NQO	ENCFF315NQO	ENCSR875NEW	ENCSR551MYW	BPNet	observed signal profile	bigWig	ChIP-seq	CTCF	tibial-nerve	nerve	nerve	peripheral-nervous-system	minus	none	passed
ENCFF374IYI	ENCFF374IYI	ENCSR793YAD	ENCSR035AVH	BPNet	observed signal profile	bigWig	ChIP-seq	CTCF	tibial-nerve	nerve	nerve	peripheral-nervous-system	minus	none	passed
ENCFF465UXV	ENCFF465UXV	ENCSR689VEF	ENCSR121YAV	BPNet	observed signal profile	bigWig	ChIP-seq	CTCF	tibial-nerve	nerve	nerve	peripheral-nervous-system	minus	none	passed
ENCFF996BGR	ENCFF996BGR	ENCSR822PJT	ENCSR490SUU	BPNet	observed signal profile	bigWig	ChIP-seq	CTCF	tibial-nerve	nerve	nerve	peripheral-nervous-system	minus	none	passed
ENCFF163PZE	ENCFF163PZE	ENCSR469POZ	ENCSR584FMJ	BPNet	observed signal profile	bigWig	ChIP-seq	CTCF	tibial-nerve	nerve	nerve	peripheral-nervous-system	plus	none	passed
ENCFF467PAN	ENCFF467PAN	ENCSR793YAD	ENCSR035AVH	BPNet	observed signal profile	bigWig	ChIP-seq	CTCF	tibial-nerve	nerve	nerve	peripheral-nervous-system	plus	none	passed
ENCFF484YDS	ENCFF484YDS	ENCSR875NEW	ENCSR551MYW	BPNet	observed signal profile	bigWig	ChIP-seq	CTCF	tibial-nerve	nerve	nerve	peripheral-nervous-system	plus	none	passed
ENCFF542ETV	ENCFF542ETV	ENCSR822PJT	ENCSR490SUU	BPNet	observed signal profile	bigWig	ChIP-seq	CTCF	tibial-nerve	nerve	nerve	peripheral-nervous-system	plus	none	passed
ENCFF597OUV	ENCFF597OUV	ENCSR689VEF	ENCSR121YAV	BPNet	observed signal profile	bigWig	ChIP-seq	CTCF	tibial-nerve	nerve	nerve	peripheral-nervous-system	plus	none	passed
ENCFF978YUS	ENCFF978YUS	ENCSR434XLP	ENCSR883CCS	BPNet	observed signal profile	bigWig	ChIP-seq	CTCF	tibial-nerve	nerve	nerve	peripheral-nervous-system	plus	none	passed
ENCFF020LJF	ENCFF020LJF	ENCSR558HTE	ENCSR494BOQ	BPNet	observed signal profile	bigWig	ChIP-seq	CTCF	transverse-colon	colon	large-intestine	digestive-system	minus	none	passed
ENCFF176LRQ	ENCFF176LRQ	ENCSR833FWC	ENCSR722GKY	BPNet	observed signal profile	bigWig	ChIP-seq	CTCF	transverse-colon	colon	large-intestine	digestive-system	minus	none	passed
ENCFF285FZU	ENCFF285FZU	ENCSR449SEF	ENCSR478UGE	BPNet	observed signal profile	bigWig	ChIP-seq	CTCF	transverse-colon	colon	large-intestine	digestive-system	minus	none	passed
ENCFF362CIW	ENCFF362CIW	ENCSR102CSD	ENCSR493APS	BPNet	observed signal profile	bigWig	ChIP-seq	CTCF	transverse-colon	colon	large-intestine	digestive-system	minus	none	passed
ENCFF499UJB	ENCFF499UJB	ENCSR608WPS	ENCSR438UFD	BPNet	observed signal profile	bigWig	ChIP-seq	CTCF	transverse-colon	colon	large-intestine	digestive-system	minus	none	passed
ENCFF674JVE	ENCFF674JVE	ENCSR907BES	ENCSR119NPW	BPNet	observed signal profile	bigWig	ChIP-seq	CTCF	transverse-colon	colon	large-intestine	digestive-system	minus	none	passed
ENCFF797WDJ	ENCFF797WDJ	ENCSR236YGF	ENCSR292IMR	BPNet	observed signal profile	bigWig	ChIP-seq	CTCF	transverse-colon	colon	large-intestine	digestive-system	minus	none	passed
ENCFF973VWD	ENCFF973VWD	ENCSR769WKR	ENCSR118KLN	BPNet	observed signal profile	bigWig	ChIP-seq	CTCF	transverse-colon	colon	large-intestine	digestive-system	minus	none	passed
ENCFF029IIT	ENCFF029IIT	ENCSR608WPS	ENCSR438UFD	BPNet	observed signal profile	bigWig	ChIP-seq	CTCF	transverse-colon	colon	large-intestine	digestive-system	plus	none	passed
ENCFF108NAG	ENCFF108NAG	ENCSR769WKR	ENCSR118KLN	BPNet	observed signal profile	bigWig	ChIP-seq	CTCF	transverse-colon	colon	large-intestine	digestive-system	plus	none	passed
ENCFF125PZD	ENCFF125PZD	ENCSR833FWC	ENCSR722GKY	BPNet	observed signal profile	bigWig	ChIP-seq	CTCF	transverse-colon	colon	large-intestine	digestive-system	plus	none	passed
ENCFF189DCM	ENCFF189DCM	ENCSR907BES	ENCSR119NPW	BPNet	observed signal profile	bigWig	ChIP-seq	CTCF	transverse-colon	colon	large-intestine	digestive-system	plus	none	passed
ENCFF269QHC	ENCFF269QHC	ENCSR102CSD	ENCSR493APS	BPNet	observed signal profile	bigWig	ChIP-seq	CTCF	transverse-colon	colon	large-intestine	digestive-system	plus	none	passed
ENCFF346RSK	ENCFF346RSK	ENCSR449SEF	ENCSR478UGE	BPNet	observed signal profile	bigWig	ChIP-seq	CTCF	transverse-colon	colon	large-intestine	digestive-system	plus	none	passed
ENCFF659AHS	ENCFF659AHS	ENCSR236YGF	ENCSR292IMR	BPNet	observed signal profile	bigWig	ChIP-seq	CTCF	transverse-colon	colon	large-intestine	digestive-system	plus	none	passed
ENCFF910XNG	ENCFF910XNG	ENCSR558HTE	ENCSR494BOQ	BPNet	observed signal profile	bigWig	ChIP-seq	CTCF	transverse-colon	colon	large-intestine	digestive-system	plus	none	passed
ENCFF923STG	ENCFF923STG	ENCSR458PYQ	ENCSR833ODX	BPNet	observed signal profile	bigWig	ChIP-seq	CTCF	type-B-pancreatic-cell	pancreatic	pancreas	digestive-system	minus	none	passed
ENCFF478KYS	ENCFF478KYS	ENCSR458PYQ	ENCSR833ODX	BPNet	observed signal profile	bigWig	ChIP-seq	CTCF	type-B-pancreatic-cell	pancreatic	pancreas	digestive-system	plus	none	passed
ENCFF205YYW	ENCFF205YYW	ENCSR964BKO	ENCSR766YAQ	BPNet	observed signal profile	bigWig	ChIP-seq	CTCF	upper-lobe-of-left-lung	lung	lung	respiratory-system	minus	none	passed
ENCFF241ACH	ENCFF241ACH	ENCSR972LYL	ENCSR064NKL	BPNet	observed signal profile	bigWig	ChIP-seq	CTCF	upper-lobe-of-left-lung	lung	lung	respiratory-system	minus	none	passed
ENCFF397QCC	ENCFF397QCC	ENCSR463XCZ	ENCSR269BYH	BPNet	observed signal profile	bigWig	ChIP-seq	CTCF	upper-lobe-of-left-lung	lung	lung	respiratory-system	minus	none	passed
ENCFF449QOB	ENCFF449QOB	ENCSR224WWI	ENCSR040DDI	BPNet	observed signal profile	bigWig	ChIP-seq	CTCF	upper-lobe-of-left-lung	lung	lung	respiratory-system	minus	none	passed
ENCFF597ESX	ENCFF597ESX	ENCSR027FSZ	ENCSR427ESN	BPNet	observed signal profile	bigWig	ChIP-seq	CTCF	upper-lobe-of-left-lung	lung	lung	respiratory-system	minus	none	passed
ENCFF630JLN	ENCFF630JLN	ENCSR799TJD	ENCSR493WJZ	BPNet	observed signal profile	bigWig	ChIP-seq	CTCF	upper-lobe-of-left-lung	lung	lung	respiratory-system	minus	none	passed
ENCFF718FWD	ENCFF718FWD	ENCSR970UZD	ENCSR771GVO	BPNet	observed signal profile	bigWig	ChIP-seq	CTCF	upper-lobe-of-left-lung	lung	lung	respiratory-system	minus	none	passed
ENCFF106FDD	ENCFF106FDD	ENCSR027FSZ	ENCSR427ESN	BPNet	observed signal profile	bigWig	ChIP-seq	CTCF	upper-lobe-of-left-lung	lung	lung	respiratory-system	plus	none	passed
ENCFF126BLI	ENCFF126BLI	ENCSR970UZD	ENCSR771GVO	BPNet	observed signal profile	bigWig	ChIP-seq	CTCF	upper-lobe-of-left-lung	lung	lung	respiratory-system	plus	none	passed
ENCFF316VQI	ENCFF316VQI	ENCSR964BKO	ENCSR766YAQ	BPNet	observed signal profile	bigWig	ChIP-seq	CTCF	upper-lobe-of-left-lung	lung	lung	respiratory-system	plus	none	passed
ENCFF652POD	ENCFF652POD	ENCSR972LYL	ENCSR064NKL	BPNet	observed signal profile	bigWig	ChIP-seq	CTCF	upper-lobe-of-left-lung	lung	lung	respiratory-system	plus	none	passed
ENCFF850SZL	ENCFF850SZL	ENCSR224WWI	ENCSR040DDI	BPNet	observed signal profile	bigWig	ChIP-seq	CTCF	upper-lobe-of-left-lung	lung	lung	respiratory-system	plus	none	passed
ENCFF900MQF	ENCFF900MQF	ENCSR799TJD	ENCSR493WJZ	BPNet	observed signal profile	bigWig	ChIP-seq	CTCF	upper-lobe-of-left-lung	lung	lung	respiratory-system	plus	none	passed
ENCFF951WOU	ENCFF951WOU	ENCSR463XCZ	ENCSR269BYH	BPNet	observed signal profile	bigWig	ChIP-seq	CTCF	upper-lobe-of-left-lung	lung	lung	respiratory-system	plus	none	passed
ENCFF918WEZ	ENCFF918WEZ	ENCSR164ASX	ENCSR082SMZ	BPNet	observed signal profile	bigWig	ChIP-seq	CTCF	upper-lobe-of-right-lung	lung	lung	respiratory-system	minus	none	passed
ENCFF696GSF	ENCFF696GSF	ENCSR164ASX	ENCSR082SMZ	BPNet	observed signal profile	bigWig	ChIP-seq	CTCF	upper-lobe-of-right-lung	lung	lung	respiratory-system	plus	none	passed
ENCFF043DAL	ENCFF043DAL	ENCSR684PGO	ENCSR718POP	BPNet	observed signal profile	bigWig	ChIP-seq	CTCF	uterus	uterus	uterus	reproductive-system	minus	none	passed
ENCFF059BXV	ENCFF059BXV	ENCSR798NVH	ENCSR249ADA	BPNet	observed signal profile	bigWig	ChIP-seq	CTCF	uterus	uterus	uterus	reproductive-system	minus	none	passed
ENCFF533XQQ	ENCFF533XQQ	ENCSR527TPP	ENCSR483OSA	BPNet	observed signal profile	bigWig	ChIP-seq	CTCF	uterus	uterus	uterus	reproductive-system	minus	none	passed
ENCFF914VVS	ENCFF914VVS	ENCSR392SFJ	ENCSR400TWQ	BPNet	observed signal profile	bigWig	ChIP-seq	CTCF	uterus	uterus	uterus	reproductive-system	minus	none	passed
ENCFF089PBU	ENCFF089PBU	ENCSR798NVH	ENCSR249ADA	BPNet	observed signal profile	bigWig	ChIP-seq	CTCF	uterus	uterus	uterus	reproductive-system	plus	none	passed
ENCFF317DFX	ENCFF317DFX	ENCSR684PGO	ENCSR718POP	BPNet	observed signal profile	bigWig	ChIP-seq	CTCF	uterus	uterus	uterus	reproductive-system	plus	none	passed
ENCFF823EOF	ENCFF823EOF	ENCSR392SFJ	ENCSR400TWQ	BPNet	observed signal profile	bigWig	ChIP-seq	CTCF	uterus	uterus	uterus	reproductive-system	plus	none	passed
ENCFF839IPZ	ENCFF839IPZ	ENCSR527TPP	ENCSR483OSA	BPNet	observed signal profile	bigWig	ChIP-seq	CTCF	uterus	uterus	uterus	reproductive-system	plus	none	passed
ENCFF125MBH	ENCFF125MBH	ENCSR655ECZ	ENCSR221ZYT	BPNet	observed signal profile	bigWig	ChIP-seq	CTCF	vagina	cell-line	cell-line	cell-line	minus	none	passed
ENCFF158VKM	ENCFF158VKM	ENCSR606TNN	ENCSR135HOE	BPNet	observed signal profile	bigWig	ChIP-seq	CTCF	vagina	cell-line	cell-line	cell-line	minus	none	passed
ENCFF653MFN	ENCFF653MFN	ENCSR614HHL	ENCSR622WYX	BPNet	observed signal profile	bigWig	ChIP-seq	CTCF	vagina	cell-line	cell-line	cell-line	minus	none	passed
ENCFF075UFA	ENCFF075UFA	ENCSR655ECZ	ENCSR221ZYT	BPNet	observed signal profile	bigWig	ChIP-seq	CTCF	vagina	cell-line	cell-line	cell-line	plus	none	passed
ENCFF286BDO	ENCFF286BDO	ENCSR614HHL	ENCSR622WYX	BPNet	observed signal profile	bigWig	ChIP-seq	CTCF	vagina	cell-line	cell-line	cell-line	plus	none	passed
ENCFF599LEH	ENCFF599LEH	ENCSR606TNN	ENCSR135HOE	BPNet	observed signal profile	bigWig	ChIP-seq	CTCF	vagina	cell-line	cell-line	cell-line	plus	none	passed
ENCFF440OAQ	ENCFF440OAQ	ENCSR000BNK	ENCSR197EFB	BPNet	observed signal profile	bigWig	ChIP-seq	CTCFL	K562	cell-line	cell-line	cell-line	minus	none	passed
ENCFF580DJE	ENCFF580DJE	ENCSR000BNK	ENCSR197EFB	BPNet	observed signal profile	bigWig	ChIP-seq	CTCFL	K562	cell-line	cell-line	cell-line	plus	none	passed
ENCFF403ETY	ENCFF403ETY	ENCSR000DYR	ENCSR664ZPG	BPNet	observed signal profile	bigWig	ChIP-seq	CUX1	GM12878	cell-line	cell-line	cell-line	minus	none	passed
ENCFF544EXQ	ENCFF544EXQ	ENCSR000DYR	ENCSR664ZPG	BPNet	observed signal profile	bigWig	ChIP-seq	CUX1	GM12878	cell-line	cell-line	cell-line	plus	none	passed
ENCFF231JFR	ENCFF231JFR	ENCSR178NTX	ENCSR103ZBY	BPNet	observed signal profile	bigWig	ChIP-seq	CUX1	K562	cell-line	cell-line	cell-line	minus	none	passed
ENCFF868ISI	ENCFF868ISI	ENCSR000EFO	ENCSR505YUX	BPNet	observed signal profile	bigWig	ChIP-seq	CUX1	K562	cell-line	cell-line	cell-line	minus	none	passed
ENCFF161MZX	ENCFF161MZX	ENCSR000EFO	ENCSR505YUX	BPNet	observed signal profile	bigWig	ChIP-seq	CUX1	K562	cell-line	cell-line	cell-line	plus	none	passed
ENCFF240YEJ	ENCFF240YEJ	ENCSR178NTX	ENCSR103ZBY	BPNet	observed signal profile	bigWig	ChIP-seq	CUX1	K562	cell-line	cell-line	cell-line	plus	none	passed
ENCFF519LJE	ENCFF519LJE	ENCSR017CEO	ENCSR867JJN	BPNet	observed signal profile	bigWig	ChIP-seq	CUX1	MCF-7	cell-line	cell-line	cell-line	minus	none	passed
ENCFF310XCW	ENCFF310XCW	ENCSR017CEO	ENCSR867JJN	BPNet	observed signal profile	bigWig	ChIP-seq	CUX1	MCF-7	cell-line	cell-line	cell-line	plus	none	passed
ENCFF919DLN	ENCFF919DLN	ENCSR387BVC	ENCSR171QCE	BPNet	observed signal profile	bigWig	ChIP-seq	DDIT3	K562	cell-line	cell-line	cell-line	minus	none	passed
ENCFF131NJV	ENCFF131NJV	ENCSR387BVC	ENCSR171QCE	BPNet	observed signal profile	bigWig	ChIP-seq	DDIT3	K562	cell-line	cell-line	cell-line	plus	none	passed
ENCFF288ULR	ENCFF288ULR	ENCSR387SYS	ENCSR059IIP	BPNet	observed signal profile	bigWig	ChIP-seq	DEAF1	K562	cell-line	cell-line	cell-line	minus	none	passed
ENCFF650KII	ENCFF650KII	ENCSR387SYS	ENCSR059IIP	BPNet	observed signal profile	bigWig	ChIP-seq	DEAF1	K562	cell-line	cell-line	cell-line	plus	none	passed
ENCFF371AEM	ENCFF371AEM	ENCSR272TOJ	ENCSR619SOZ	BPNet	observed signal profile	bigWig	ChIP-seq	DLX6	HepG2	cell-line	cell-line	cell-line	minus	none	passed
ENCFF113ZPC	ENCFF113ZPC	ENCSR272TOJ	ENCSR619SOZ	BPNet	observed signal profile	bigWig	ChIP-seq	DLX6	HepG2	cell-line	cell-line	cell-line	plus	none	passed
ENCFF463YWG	ENCFF463YWG	ENCSR091IQZ	ENCSR317BMS	BPNet	observed signal profile	bigWig	ChIP-seq	DMBX1	K562	cell-line	cell-line	cell-line	minus	none	passed
ENCFF802EPH	ENCFF802EPH	ENCSR091IQZ	ENCSR317BMS	BPNet	observed signal profile	bigWig	ChIP-seq	DMBX1	K562	cell-line	cell-line	cell-line	plus	none	passed
ENCFF785BIS	ENCFF785BIS	ENCSR015KAM	ENCSR196XSB	BPNet	observed signal profile	bigWig	ChIP-seq	DMTF1	K562	cell-line	cell-line	cell-line	minus	none	passed
ENCFF745WBY	ENCFF745WBY	ENCSR015KAM	ENCSR196XSB	BPNet	observed signal profile	bigWig	ChIP-seq	DMTF1	K562	cell-line	cell-line	cell-line	plus	none	passed
ENCFF007YSP	ENCFF007YSP	ENCSR000EVM	ENCSR979WUZ	BPNet	observed signal profile	bigWig	ChIP-seq	E2F1	HeLa-S3	cell-line	cell-line	cell-line	minus	none	passed
ENCFF481RRS	ENCFF481RRS	ENCSR000EVJ	ENCSR511FGO	BPNet	observed signal profile	bigWig	ChIP-seq	E2F1	HeLa-S3	cell-line	cell-line	cell-line	minus	none	passed
ENCFF255ZTY	ENCFF255ZTY	ENCSR000EVM	ENCSR979WUZ	BPNet	observed signal profile	bigWig	ChIP-seq	E2F1	HeLa-S3	cell-line	cell-line	cell-line	plus	none	passed
ENCFF908JQW	ENCFF908JQW	ENCSR000EVJ	ENCSR511FGO	BPNet	observed signal profile	bigWig	ChIP-seq	E2F1	HeLa-S3	cell-line	cell-line	cell-line	plus	none	passed
ENCFF907OUU	ENCFF907OUU	ENCSR717ZZW	ENCSR386IGL	BPNet	observed signal profile	bigWig	ChIP-seq	E2F1	HepG2	cell-line	cell-line	cell-line	minus	none	passed
ENCFF787KJH	ENCFF787KJH	ENCSR717ZZW	ENCSR386IGL	BPNet	observed signal profile	bigWig	ChIP-seq	E2F1	HepG2	cell-line	cell-line	cell-line	plus	none	passed
ENCFF172CZL	ENCFF172CZL	ENCSR720HUL	ENCSR316WMH	BPNet	observed signal profile	bigWig	ChIP-seq	E2F1	K562	cell-line	cell-line	cell-line	minus	none	passed
ENCFF275MSQ	ENCFF275MSQ	ENCSR563LLO	ENCSR529PNO	BPNet	observed signal profile	bigWig	ChIP-seq	E2F1	K562	cell-line	cell-line	cell-line	minus	none	passed
ENCFF815CBI	ENCFF815CBI	ENCSR153DWR	ENCSR650ADC	BPNet	observed signal profile	bigWig	ChIP-seq	E2F1	K562	cell-line	cell-line	cell-line	minus	none	passed
ENCFF238PDS	ENCFF238PDS	ENCSR720HUL	ENCSR316WMH	BPNet	observed signal profile	bigWig	ChIP-seq	E2F1	K562	cell-line	cell-line	cell-line	plus	none	passed
ENCFF258KND	ENCFF258KND	ENCSR153DWR	ENCSR650ADC	BPNet	observed signal profile	bigWig	ChIP-seq	E2F1	K562	cell-line	cell-line	cell-line	plus	none	passed
ENCFF439MSS	ENCFF439MSS	ENCSR563LLO	ENCSR529PNO	BPNet	observed signal profile	bigWig	ChIP-seq	E2F1	K562	cell-line	cell-line	cell-line	plus	none	passed
ENCFF601MRI	ENCFF601MRI	ENCSR000EWX	ENCSR250WBG	BPNet	observed signal profile	bigWig	ChIP-seq	E2F1	MCF-7	cell-line	cell-line	cell-line	minus	none	passed
ENCFF650WOW	ENCFF650WOW	ENCSR000EWX	ENCSR250WBG	BPNet	observed signal profile	bigWig	ChIP-seq	E2F1	MCF-7	cell-line	cell-line	cell-line	plus	none	passed
ENCFF395XHZ	ENCFF395XHZ	ENCSR836SPL	ENCSR660YFG	BPNet	observed signal profile	bigWig	ChIP-seq	E2F1	WTC11	cell-line	cell-line	cell-line	minus	none	passed
ENCFF478RAN	ENCFF478RAN	ENCSR836SPL	ENCSR660YFG	BPNet	observed signal profile	bigWig	ChIP-seq	E2F1	WTC11	cell-line	cell-line	cell-line	plus	none	passed
ENCFF382CMB	ENCFF382CMB	ENCSR013RNH	ENCSR093EEJ	BPNet	observed signal profile	bigWig	ChIP-seq	E2F2	HepG2	cell-line	cell-line	cell-line	minus	none	passed
ENCFF236KMN	ENCFF236KMN	ENCSR013RNH	ENCSR093EEJ	BPNet	observed signal profile	bigWig	ChIP-seq	E2F2	HepG2	cell-line	cell-line	cell-line	plus	none	passed
ENCFF166LSO	ENCFF166LSO	ENCSR036QIR	ENCSR985PEG	BPNet	observed signal profile	bigWig	ChIP-seq	E2F3	K562	cell-line	cell-line	cell-line	minus	none	passed
ENCFF191WPA	ENCFF191WPA	ENCSR036QIR	ENCSR985PEG	BPNet	observed signal profile	bigWig	ChIP-seq	E2F3	K562	cell-line	cell-line	cell-line	plus	none	passed
ENCFF839LKK	ENCFF839LKK	ENCSR000DYY	ENCSR914CPB	BPNet	observed signal profile	bigWig	ChIP-seq	E2F4	GM12878	cell-line	cell-line	cell-line	minus	none	passed
ENCFF505SSK	ENCFF505SSK	ENCSR000DYY	ENCSR914CPB	BPNet	observed signal profile	bigWig	ChIP-seq	E2F4	GM12878	cell-line	cell-line	cell-line	plus	none	passed
ENCFF735IXZ	ENCFF735IXZ	ENCSR000EVL	ENCSR671EAM	BPNet	observed signal profile	bigWig	ChIP-seq	E2F4	HeLa-S3	cell-line	cell-line	cell-line	minus	none	passed
ENCFF034BYU	ENCFF034BYU	ENCSR000EVL	ENCSR671EAM	BPNet	observed signal profile	bigWig	ChIP-seq	E2F4	HeLa-S3	cell-line	cell-line	cell-line	plus	none	passed
ENCFF173OXS	ENCFF173OXS	ENCSR924LSO	ENCSR747ZTJ	BPNet	observed signal profile	bigWig	ChIP-seq	E2F4	HepG2	cell-line	cell-line	cell-line	minus	none	passed
ENCFF718EFI	ENCFF718EFI	ENCSR924LSO	ENCSR747ZTJ	BPNet	observed signal profile	bigWig	ChIP-seq	E2F4	HepG2	cell-line	cell-line	cell-line	plus	none	passed
ENCFF600LGC	ENCFF600LGC	ENCSR000EWL	ENCSR128HGV	BPNet	observed signal profile	bigWig	ChIP-seq	E2F4	K562	cell-line	cell-line	cell-line	minus	none	passed
ENCFF966MHO	ENCFF966MHO	ENCSR368GJN	ENCSR584OCJ	BPNet	observed signal profile	bigWig	ChIP-seq	E2F4	K562	cell-line	cell-line	cell-line	minus	none	passed
ENCFF584FZC	ENCFF584FZC	ENCSR368GJN	ENCSR584OCJ	BPNet	observed signal profile	bigWig	ChIP-seq	E2F4	K562	cell-line	cell-line	cell-line	plus	none	passed
ENCFF603SCD	ENCFF603SCD	ENCSR000EWL	ENCSR128HGV	BPNet	observed signal profile	bigWig	ChIP-seq	E2F4	K562	cell-line	cell-line	cell-line	plus	none	passed
ENCFF225MPD	ENCFF225MPD	ENCSR000DOR	ENCSR980THB	BPNet	observed signal profile	bigWig	ChIP-seq	E2F4	MCF-10A	cell-line	cell-line	cell-line	minus	none	passed
ENCFF406BBF	ENCFF406BBF	ENCSR000DOR	ENCSR980THB	BPNet	observed signal profile	bigWig	ChIP-seq	E2F4	MCF-10A	cell-line	cell-line	cell-line	plus	none	passed
ENCFF337VRN	ENCFF337VRN	ENCSR264OKN	ENCSR688BPP	BPNet	observed signal profile	bigWig	ChIP-seq	E2F4	WTC11	cell-line	cell-line	cell-line	minus	none	passed
ENCFF298AVN	ENCFF298AVN	ENCSR264OKN	ENCSR688BPP	BPNet	observed signal profile	bigWig	ChIP-seq	E2F4	WTC11	cell-line	cell-line	cell-line	plus	none	passed
ENCFF881OVR	ENCFF881OVR	ENCSR000BTC	ENCSR643EQH	BPNet	observed signal profile	bigWig	ChIP-seq	E2F6	A549	cell-line	cell-line	cell-line	minus	none	passed
ENCFF527SNU	ENCFF527SNU	ENCSR000BTC	ENCSR643EQH	BPNet	observed signal profile	bigWig	ChIP-seq	E2F6	A549	cell-line	cell-line	cell-line	plus	none	passed
ENCFF160EEC	ENCFF160EEC	ENCSR000BSI	ENCSR665ZHK	BPNet	observed signal profile	bigWig	ChIP-seq	E2F6	H1	cell-line	cell-line	cell-line	minus	none	passed
ENCFF797IUX	ENCFF797IUX	ENCSR000BSI	ENCSR665ZHK	BPNet	observed signal profile	bigWig	ChIP-seq	E2F6	H1	cell-line	cell-line	cell-line	plus	none	passed
ENCFF635SVU	ENCFF635SVU	ENCSR000EVK	ENCSR653MUZ	BPNet	observed signal profile	bigWig	ChIP-seq	E2F6	HeLa-S3	cell-line	cell-line	cell-line	minus	none	passed
ENCFF962EKN	ENCFF962EKN	ENCSR000EVK	ENCSR653MUZ	BPNet	observed signal profile	bigWig	ChIP-seq	E2F6	HeLa-S3	cell-line	cell-line	cell-line	plus	none	passed
ENCFF547SHG	ENCFF547SHG	ENCSR000BLI	ENCSR471ZAF	BPNet	observed signal profile	bigWig	ChIP-seq	E2F6	K562	cell-line	cell-line	cell-line	minus	none	passed
ENCFF793UHI	ENCFF793UHI	ENCSR000EWJ	ENCSR350YIB	BPNet	observed signal profile	bigWig	ChIP-seq	E2F6	K562	cell-line	cell-line	cell-line	minus	none	passed
ENCFF154RXR	ENCFF154RXR	ENCSR000BLI	ENCSR471ZAF	BPNet	observed signal profile	bigWig	ChIP-seq	E2F6	K562	cell-line	cell-line	cell-line	plus	none	passed
ENCFF952UUC	ENCFF952UUC	ENCSR000EWJ	ENCSR350YIB	BPNet	observed signal profile	bigWig	ChIP-seq	E2F6	K562	cell-line	cell-line	cell-line	plus	none	passed
ENCFF651VJD	ENCFF651VJD	ENCSR171CAY	ENCSR419OTG	BPNet	observed signal profile	bigWig	ChIP-seq	E2F7	K562	cell-line	cell-line	cell-line	minus	none	passed
ENCFF816JGN	ENCFF816JGN	ENCSR171CAY	ENCSR419OTG	BPNet	observed signal profile	bigWig	ChIP-seq	E2F7	K562	cell-line	cell-line	cell-line	plus	none	passed
ENCFF780EXD	ENCFF780EXD	ENCSR793HVL	ENCSR150VCL	BPNet	observed signal profile	bigWig	ChIP-seq	E2F8	GM12878	cell-line	cell-line	cell-line	minus	none	passed
ENCFF770FOO	ENCFF770FOO	ENCSR793HVL	ENCSR150VCL	BPNet	observed signal profile	bigWig	ChIP-seq	E2F8	GM12878	cell-line	cell-line	cell-line	plus	none	passed
ENCFF422CMC	ENCFF422CMC	ENCSR634GEO	ENCSR585ZGK	BPNet	observed signal profile	bigWig	ChIP-seq	E2F8	HepG2	cell-line	cell-line	cell-line	minus	none	passed
ENCFF404VWY	ENCFF404VWY	ENCSR634GEO	ENCSR585ZGK	BPNet	observed signal profile	bigWig	ChIP-seq	E2F8	HepG2	cell-line	cell-line	cell-line	plus	none	passed
ENCFF583ZUB	ENCFF583ZUB	ENCSR953DVM	ENCSR493NOM	BPNet	observed signal profile	bigWig	ChIP-seq	E2F8	K562	cell-line	cell-line	cell-line	minus	none	passed
ENCFF847GMP	ENCFF847GMP	ENCSR953DVM	ENCSR493NOM	BPNet	observed signal profile	bigWig	ChIP-seq	E2F8	K562	cell-line	cell-line	cell-line	plus	none	passed
ENCFF776DGE	ENCFF776DGE	ENCSR897ZXU	ENCSR214PBV	BPNet	observed signal profile	bigWig	ChIP-seq	E2F8	MCF-7	cell-line	cell-line	cell-line	minus	none	passed
ENCFF095IIO	ENCFF095IIO	ENCSR897ZXU	ENCSR214PBV	BPNet	observed signal profile	bigWig	ChIP-seq	E2F8	MCF-7	cell-line	cell-line	cell-line	plus	none	passed
ENCFF103IPI	ENCFF103IPI	ENCSR439WAF	ENCSR691OIV	BPNet	observed signal profile	bigWig	ChIP-seq	E4F1	GM12878	cell-line	cell-line	cell-line	minus	none	passed
ENCFF008HEY	ENCFF008HEY	ENCSR439WAF	ENCSR691OIV	BPNet	observed signal profile	bigWig	ChIP-seq	E4F1	GM12878	cell-line	cell-line	cell-line	plus	none	passed
ENCFF238HKS	ENCFF238HKS	ENCSR731LHZ	ENCSR647ENX	BPNet	observed signal profile	bigWig	ChIP-seq	E4F1	K562	cell-line	cell-line	cell-line	minus	none	passed
ENCFF912NAX	ENCFF912NAX	ENCSR731LHZ	ENCSR647ENX	BPNet	observed signal profile	bigWig	ChIP-seq	E4F1	K562	cell-line	cell-line	cell-line	plus	none	passed
ENCFF078IKD	ENCFF078IKD	ENCSR000BGU	ENCSR249YHP	BPNet	observed signal profile	bigWig	ChIP-seq	EBF1	GM12878	cell-line	cell-line	cell-line	minus	none	passed
ENCFF714HFG	ENCFF714HFG	ENCSR000DZQ	ENCSR457BBJ	BPNet	observed signal profile	bigWig	ChIP-seq	EBF1	GM12878	cell-line	cell-line	cell-line	minus	none	passed
ENCFF069LBA	ENCFF069LBA	ENCSR000DZQ	ENCSR457BBJ	BPNet	observed signal profile	bigWig	ChIP-seq	EBF1	GM12878	cell-line	cell-line	cell-line	plus	none	passed
ENCFF339OUY	ENCFF339OUY	ENCSR000BGU	ENCSR249YHP	BPNet	observed signal profile	bigWig	ChIP-seq	EBF1	GM12878	cell-line	cell-line	cell-line	plus	none	passed
ENCFF086NDY	ENCFF086NDY	ENCSR000BMQ	ENCSR141EXZ	BPNet	observed signal profile	bigWig	ChIP-seq	EGR1	GM12878	cell-line	cell-line	cell-line	minus	none	passed
ENCFF169QQC	ENCFF169QQC	ENCSR000BRG	ENCSR415CSY	BPNet	observed signal profile	bigWig	ChIP-seq	EGR1	GM12878	cell-line	cell-line	cell-line	minus	none	passed
ENCFF146GGQ	ENCFF146GGQ	ENCSR000BMQ	ENCSR141EXZ	BPNet	observed signal profile	bigWig	ChIP-seq	EGR1	GM12878	cell-line	cell-line	cell-line	plus	none	passed
ENCFF777CPE	ENCFF777CPE	ENCSR000BRG	ENCSR415CSY	BPNet	observed signal profile	bigWig	ChIP-seq	EGR1	GM12878	cell-line	cell-line	cell-line	plus	none	passed
ENCFF951AHB	ENCFF951AHB	ENCSR000BJA	ENCSR113DKE	BPNet	observed signal profile	bigWig	ChIP-seq	EGR1	H1	cell-line	cell-line	cell-line	minus	none	passed
ENCFF347QSQ	ENCFF347QSQ	ENCSR000BJA	ENCSR113DKE	BPNet	observed signal profile	bigWig	ChIP-seq	EGR1	H1	cell-line	cell-line	cell-line	plus	none	passed
ENCFF121MQY	ENCFF121MQY	ENCSR000BRZ	ENCSR752ARC	BPNet	observed signal profile	bigWig	ChIP-seq	EGR1	HCT116	cell-line	cell-line	cell-line	minus	none	passed
ENCFF069CSI	ENCFF069CSI	ENCSR000BRZ	ENCSR752ARC	BPNet	observed signal profile	bigWig	ChIP-seq	EGR1	HCT116	cell-line	cell-line	cell-line	plus	none	passed
ENCFF222TDJ	ENCFF222TDJ	ENCSR026GSW	ENCSR358DTM	BPNet	observed signal profile	bigWig	ChIP-seq	EGR1	HepG2	cell-line	cell-line	cell-line	minus	none	passed
ENCFF117OYS	ENCFF117OYS	ENCSR026GSW	ENCSR358DTM	BPNet	observed signal profile	bigWig	ChIP-seq	EGR1	HepG2	cell-line	cell-line	cell-line	plus	none	passed
ENCFF207ZJG	ENCFF207ZJG	ENCSR000BSQ	ENCSR133QFY	BPNet	observed signal profile	bigWig	ChIP-seq	EGR1	Ishikawa	cell-line	cell-line	cell-line	minus	none	passed
ENCFF524ZJP	ENCFF524ZJP	ENCSR000BSQ	ENCSR133QFY	BPNet	observed signal profile	bigWig	ChIP-seq	EGR1	Ishikawa	cell-line	cell-line	cell-line	plus	none	passed
ENCFF028BZD	ENCFF028BZD	ENCSR000BNE	ENCSR461IMZ	BPNet	observed signal profile	bigWig	ChIP-seq	EGR1	K562	cell-line	cell-line	cell-line	minus	none	passed
ENCFF093LYK	ENCFF093LYK	ENCSR211LTF	ENCSR531UJV	BPNet	observed signal profile	bigWig	ChIP-seq	EGR1	K562	cell-line	cell-line	cell-line	minus	none	passed
ENCFF386NEO	ENCFF386NEO	ENCSR024CNP	ENCSR706MJY	BPNet	observed signal profile	bigWig	ChIP-seq	EGR1	K562	cell-line	cell-line	cell-line	minus	none	passed
ENCFF054RCV	ENCFF054RCV	ENCSR211LTF	ENCSR531UJV	BPNet	observed signal profile	bigWig	ChIP-seq	EGR1	K562	cell-line	cell-line	cell-line	plus	none	passed
ENCFF207KHG	ENCFF207KHG	ENCSR000BNE	ENCSR461IMZ	BPNet	observed signal profile	bigWig	ChIP-seq	EGR1	K562	cell-line	cell-line	cell-line	plus	none	passed
ENCFF336SMV	ENCFF336SMV	ENCSR024CNP	ENCSR706MJY	BPNet	observed signal profile	bigWig	ChIP-seq	EGR1	K562	cell-line	cell-line	cell-line	plus	none	passed
ENCFF905YFS	ENCFF905YFS	ENCSR000BUX	ENCSR764MGW	BPNet	observed signal profile	bigWig	ChIP-seq	EGR1	MCF-7	cell-line	cell-line	cell-line	minus	none	passed
ENCFF884FLI	ENCFF884FLI	ENCSR000BUX	ENCSR764MGW	BPNet	observed signal profile	bigWig	ChIP-seq	EGR1	MCF-7	cell-line	cell-line	cell-line	plus	none	passed
ENCFF290EPM	ENCFF290EPM	ENCSR290ZOS	ENCSR774YHV	BPNet	observed signal profile	bigWig	ChIP-seq	EGR1	liver	liver	liver	digestive-system	minus	none	passed
ENCFF981RCN	ENCFF981RCN	ENCSR736BUG	ENCSR482OFY	BPNet	observed signal profile	bigWig	ChIP-seq	EGR1	liver	liver	liver	digestive-system	minus	none	passed
ENCFF406DWH	ENCFF406DWH	ENCSR290ZOS	ENCSR774YHV	BPNet	observed signal profile	bigWig	ChIP-seq	EGR1	liver	liver	liver	digestive-system	plus	none	passed
ENCFF733IVH	ENCFF733IVH	ENCSR736BUG	ENCSR482OFY	BPNet	observed signal profile	bigWig	ChIP-seq	EGR1	liver	liver	liver	digestive-system	plus	none	passed
ENCFF183HTJ	ENCFF183HTJ	ENCSR919CZU	ENCSR905WNQ	BPNet	observed signal profile	bigWig	ChIP-seq	EGR2	HEK293	cell-line	cell-line	cell-line	minus	none	passed
ENCFF989PFO	ENCFF989PFO	ENCSR919CZU	ENCSR905WNQ	BPNet	observed signal profile	bigWig	ChIP-seq	EGR2	HEK293	cell-line	cell-line	cell-line	plus	none	passed
ENCFF023SHA	ENCFF023SHA	ENCSR000BPT	ENCSR115KTR	BPNet	observed signal profile	bigWig	ChIP-seq	ELF1	A549	cell-line	cell-line	cell-line	minus	none	passed
ENCFF177YDR	ENCFF177YDR	ENCSR000BPT	ENCSR115KTR	BPNet	observed signal profile	bigWig	ChIP-seq	ELF1	A549	cell-line	cell-line	cell-line	plus	none	passed
ENCFF050RUL	ENCFF050RUL	ENCSR000BMB	ENCSR284EMN	BPNet	observed signal profile	bigWig	ChIP-seq	ELF1	GM12878	cell-line	cell-line	cell-line	minus	none	passed
ENCFF320WBE	ENCFF320WBE	ENCSR841NDX	ENCSR583JLE	BPNet	observed signal profile	bigWig	ChIP-seq	ELF1	GM12878	cell-line	cell-line	cell-line	minus	none	passed
ENCFF106HBZ	ENCFF106HBZ	ENCSR841NDX	ENCSR583JLE	BPNet	observed signal profile	bigWig	ChIP-seq	ELF1	GM12878	cell-line	cell-line	cell-line	plus	none	passed
ENCFF698DRL	ENCFF698DRL	ENCSR000BMB	ENCSR284EMN	BPNet	observed signal profile	bigWig	ChIP-seq	ELF1	GM12878	cell-line	cell-line	cell-line	plus	none	passed
ENCFF258LIP	ENCFF258LIP	ENCSR000BVH	ENCSR661QJF	BPNet	observed signal profile	bigWig	ChIP-seq	ELF1	HCT116	cell-line	cell-line	cell-line	minus	none	passed
ENCFF067LTV	ENCFF067LTV	ENCSR000BVH	ENCSR661QJF	BPNet	observed signal profile	bigWig	ChIP-seq	ELF1	HCT116	cell-line	cell-line	cell-line	plus	none	passed
ENCFF303HCR	ENCFF303HCR	ENCSR321VGW	ENCSR013GZY	BPNet	observed signal profile	bigWig	ChIP-seq	ELF1	HepG2	cell-line	cell-line	cell-line	minus	none	passed
ENCFF764DMB	ENCFF764DMB	ENCSR000BMZ	ENCSR242YWK	BPNet	observed signal profile	bigWig	ChIP-seq	ELF1	HepG2	cell-line	cell-line	cell-line	minus	none	passed
ENCFF097GOY	ENCFF097GOY	ENCSR000BMZ	ENCSR242YWK	BPNet	observed signal profile	bigWig	ChIP-seq	ELF1	HepG2	cell-line	cell-line	cell-line	plus	none	passed
ENCFF587BXK	ENCFF587BXK	ENCSR321VGW	ENCSR013GZY	BPNet	observed signal profile	bigWig	ChIP-seq	ELF1	HepG2	cell-line	cell-line	cell-line	plus	none	passed
ENCFF138SYS	ENCFF138SYS	ENCSR502OEK	ENCSR436LIQ	BPNet	observed signal profile	bigWig	ChIP-seq	ELF1	K562	cell-line	cell-line	cell-line	minus	none	passed
ENCFF147BZO	ENCFF147BZO	ENCSR744CXJ	ENCSR323SIL	BPNet	observed signal profile	bigWig	ChIP-seq	ELF1	K562	cell-line	cell-line	cell-line	minus	none	passed
ENCFF239KPS	ENCFF239KPS	ENCSR975SSR	ENCSR339PZZ	BPNet	observed signal profile	bigWig	ChIP-seq	ELF1	K562	cell-line	cell-line	cell-line	minus	none	passed
ENCFF852PLQ	ENCFF852PLQ	ENCSR000BMD	ENCSR736MKZ	BPNet	observed signal profile	bigWig	ChIP-seq	ELF1	K562	cell-line	cell-line	cell-line	minus	none	passed
ENCFF232IGZ	ENCFF232IGZ	ENCSR502OEK	ENCSR436LIQ	BPNet	observed signal profile	bigWig	ChIP-seq	ELF1	K562	cell-line	cell-line	cell-line	plus	none	passed
ENCFF246JPU	ENCFF246JPU	ENCSR975SSR	ENCSR339PZZ	BPNet	observed signal profile	bigWig	ChIP-seq	ELF1	K562	cell-line	cell-line	cell-line	plus	none	passed
ENCFF596QRL	ENCFF596QRL	ENCSR744CXJ	ENCSR323SIL	BPNet	observed signal profile	bigWig	ChIP-seq	ELF1	K562	cell-line	cell-line	cell-line	plus	none	passed
ENCFF853VGC	ENCFF853VGC	ENCSR000BMD	ENCSR736MKZ	BPNet	observed signal profile	bigWig	ChIP-seq	ELF1	K562	cell-line	cell-line	cell-line	plus	none	passed
ENCFF301JLE	ENCFF301JLE	ENCSR475SOC	ENCSR694XCP	BPNet	observed signal profile	bigWig	ChIP-seq	ELF1	MCF-7	cell-line	cell-line	cell-line	minus	none	passed
ENCFF559KEN	ENCFF559KEN	ENCSR000BSS	ENCSR136DQJ	BPNet	observed signal profile	bigWig	ChIP-seq	ELF1	MCF-7	cell-line	cell-line	cell-line	minus	none	passed
ENCFF935AVN	ENCFF935AVN	ENCSR502NRF	ENCSR585SAF	BPNet	observed signal profile	bigWig	ChIP-seq	ELF1	MCF-7	cell-line	cell-line	cell-line	minus	none	passed
ENCFF331LAW	ENCFF331LAW	ENCSR475SOC	ENCSR694XCP	BPNet	observed signal profile	bigWig	ChIP-seq	ELF1	MCF-7	cell-line	cell-line	cell-line	plus	none	passed
ENCFF374IND	ENCFF374IND	ENCSR502NRF	ENCSR585SAF	BPNet	observed signal profile	bigWig	ChIP-seq	ELF1	MCF-7	cell-line	cell-line	cell-line	plus	none	passed
ENCFF976WDD	ENCFF976WDD	ENCSR000BSS	ENCSR136DQJ	BPNet	observed signal profile	bigWig	ChIP-seq	ELF1	MCF-7	cell-line	cell-line	cell-line	plus	none	passed
ENCFF425UPY	ENCFF425UPY	ENCSR000BTA	ENCSR201AZL	BPNet	observed signal profile	bigWig	ChIP-seq	ELF1	SK-N-SH	cell-line	cell-line	cell-line	minus	none	passed
ENCFF345PJF	ENCFF345PJF	ENCSR000BTA	ENCSR201AZL	BPNet	observed signal profile	bigWig	ChIP-seq	ELF1	SK-N-SH	cell-line	cell-line	cell-line	plus	none	passed
ENCFF423ZBI	ENCFF423ZBI	ENCSR594HXD	ENCSR588DJP	BPNet	observed signal profile	bigWig	ChIP-seq	ELF2	K562	cell-line	cell-line	cell-line	minus	none	passed
ENCFF174MWV	ENCFF174MWV	ENCSR594HXD	ENCSR588DJP	BPNet	observed signal profile	bigWig	ChIP-seq	ELF2	K562	cell-line	cell-line	cell-line	plus	none	passed
ENCFF274AKF	ENCFF274AKF	ENCSR778QLY	ENCSR438TVE	BPNet	observed signal profile	bigWig	ChIP-seq	ELF4	HEK293T	cell-line	cell-line	cell-line	minus	none	passed
ENCFF381SKS	ENCFF381SKS	ENCSR778QLY	ENCSR438TVE	BPNet	observed signal profile	bigWig	ChIP-seq	ELF4	HEK293T	cell-line	cell-line	cell-line	plus	none	passed
ENCFF113AZJ	ENCFF113AZJ	ENCSR980HGI	ENCSR863FYT	BPNet	observed signal profile	bigWig	ChIP-seq	ELF4	HepG2	cell-line	cell-line	cell-line	minus	none	passed
ENCFF822OFR	ENCFF822OFR	ENCSR980HGI	ENCSR863FYT	BPNet	observed signal profile	bigWig	ChIP-seq	ELF4	HepG2	cell-line	cell-line	cell-line	plus	none	passed
ENCFF308CYZ	ENCFF308CYZ	ENCSR498JCG	ENCSR158YZZ	BPNet	observed signal profile	bigWig	ChIP-seq	ELF4	K562	cell-line	cell-line	cell-line	minus	none	passed
ENCFF940HJG	ENCFF940HJG	ENCSR638QHV	ENCSR159BWT	BPNet	observed signal profile	bigWig	ChIP-seq	ELF4	K562	cell-line	cell-line	cell-line	minus	none	passed
ENCFF960JKB	ENCFF960JKB	ENCSR494ZGC	ENCSR747NTS	BPNet	observed signal profile	bigWig	ChIP-seq	ELF4	K562	cell-line	cell-line	cell-line	minus	none	passed
ENCFF081HBR	ENCFF081HBR	ENCSR494ZGC	ENCSR747NTS	BPNet	observed signal profile	bigWig	ChIP-seq	ELF4	K562	cell-line	cell-line	cell-line	plus	none	passed
ENCFF416CGA	ENCFF416CGA	ENCSR498JCG	ENCSR158YZZ	BPNet	observed signal profile	bigWig	ChIP-seq	ELF4	K562	cell-line	cell-line	cell-line	plus	none	passed
ENCFF920FEB	ENCFF920FEB	ENCSR638QHV	ENCSR159BWT	BPNet	observed signal profile	bigWig	ChIP-seq	ELF4	K562	cell-line	cell-line	cell-line	plus	none	passed
ENCFF821APZ	ENCFF821APZ	ENCSR000DZB	ENCSR617OUA	BPNet	observed signal profile	bigWig	ChIP-seq	ELK1	GM12878	cell-line	cell-line	cell-line	minus	none	passed
ENCFF305DBU	ENCFF305DBU	ENCSR000DZB	ENCSR617OUA	BPNet	observed signal profile	bigWig	ChIP-seq	ELK1	GM12878	cell-line	cell-line	cell-line	plus	none	passed
ENCFF500YNA	ENCFF500YNA	ENCSR000ECI	ENCSR534OYO	BPNet	observed signal profile	bigWig	ChIP-seq	ELK1	HeLa-S3	cell-line	cell-line	cell-line	minus	none	passed
ENCFF377BSH	ENCFF377BSH	ENCSR000ECI	ENCSR534OYO	BPNet	observed signal profile	bigWig	ChIP-seq	ELK1	HeLa-S3	cell-line	cell-line	cell-line	plus	none	passed
ENCFF517ZIG	ENCFF517ZIG	ENCSR717QSS	ENCSR472YSZ	BPNet	observed signal profile	bigWig	ChIP-seq	ELK1	HepG2	cell-line	cell-line	cell-line	minus	none	passed
ENCFF725DPR	ENCFF725DPR	ENCSR717QSS	ENCSR472YSZ	BPNet	observed signal profile	bigWig	ChIP-seq	ELK1	HepG2	cell-line	cell-line	cell-line	plus	none	passed
ENCFF922EMP	ENCFF922EMP	ENCSR000EFU	ENCSR865CAR	BPNet	observed signal profile	bigWig	ChIP-seq	ELK1	K562	cell-line	cell-line	cell-line	minus	none	passed
ENCFF967QCM	ENCFF967QCM	ENCSR000EFU	ENCSR865CAR	BPNet	observed signal profile	bigWig	ChIP-seq	ELK1	K562	cell-line	cell-line	cell-line	plus	none	passed
ENCFF025ESB	ENCFF025ESB	ENCSR382WLL	ENCSR832UMB	BPNet	observed signal profile	bigWig	ChIP-seq	ELK1	MCF-7	cell-line	cell-line	cell-line	minus	none	passed
ENCFF963ZIS	ENCFF963ZIS	ENCSR382WLL	ENCSR832UMB	BPNet	observed signal profile	bigWig	ChIP-seq	ELK1	MCF-7	cell-line	cell-line	cell-line	plus	none	passed
ENCFF958JWH	ENCFF958JWH	ENCSR000EVI	ENCSR655PCK	BPNet	observed signal profile	bigWig	ChIP-seq	ELK4	HeLa-S3	cell-line	cell-line	cell-line	minus	none	passed
ENCFF657KFP	ENCFF657KFP	ENCSR000EVI	ENCSR655PCK	BPNet	observed signal profile	bigWig	ChIP-seq	ELK4	HeLa-S3	cell-line	cell-line	cell-line	plus	none	passed
ENCFF976KMA	ENCFF976KMA	ENCSR513YMV	ENCSR506QNM	BPNet	observed signal profile	bigWig	ChIP-seq	ELK4	HepG2	cell-line	cell-line	cell-line	minus	none	passed
ENCFF564YWD	ENCFF564YWD	ENCSR513YMV	ENCSR506QNM	BPNet	observed signal profile	bigWig	ChIP-seq	ELK4	HepG2	cell-line	cell-line	cell-line	plus	none	passed
ENCFF581HIF	ENCFF581HIF	ENCSR463GOT	ENCSR695QWL	BPNet	observed signal profile	bigWig	ChIP-seq	ESR1	MCF-7	cell-line	cell-line	cell-line	minus	none	passed
ENCFF840RBN	ENCFF840RBN	ENCSR463GOT	ENCSR695QWL	BPNet	observed signal profile	bigWig	ChIP-seq	ESR1	MCF-7	cell-line	cell-line	cell-line	plus	none	passed
ENCFF655UJE	ENCFF655UJE	ENCSR000DYQ	ENCSR853ETF	BPNet	observed signal profile	bigWig	ChIP-seq	ESRRA	GM12878	cell-line	cell-line	cell-line	minus	none	passed
ENCFF949XXS	ENCFF949XXS	ENCSR000DYQ	ENCSR853ETF	BPNet	observed signal profile	bigWig	ChIP-seq	ESRRA	GM12878	cell-line	cell-line	cell-line	plus	none	passed
ENCFF605ZVI	ENCFF605ZVI	ENCSR267NVP	ENCSR471MWU	BPNet	observed signal profile	bigWig	ChIP-seq	ESRRA	HepG2	cell-line	cell-line	cell-line	minus	none	passed
ENCFF906ANX	ENCFF906ANX	ENCSR267NVP	ENCSR471MWU	BPNet	observed signal profile	bigWig	ChIP-seq	ESRRA	HepG2	cell-line	cell-line	cell-line	plus	none	passed
ENCFF681NOI	ENCFF681NOI	ENCSR486IFJ	ENCSR374XGJ	BPNet	observed signal profile	bigWig	ChIP-seq	ESRRA	K562	cell-line	cell-line	cell-line	minus	none	passed
ENCFF621YNR	ENCFF621YNR	ENCSR486IFJ	ENCSR374XGJ	BPNet	observed signal profile	bigWig	ChIP-seq	ESRRA	K562	cell-line	cell-line	cell-line	plus	none	passed
ENCFF424LWL	ENCFF424LWL	ENCSR954WVZ	ENCSR442IDC	BPNet	observed signal profile	bigWig	ChIP-seq	ESRRA	MCF-7	cell-line	cell-line	cell-line	minus	none	passed
ENCFF526PCL	ENCFF526PCL	ENCSR954WVZ	ENCSR442IDC	BPNet	observed signal profile	bigWig	ChIP-seq	ESRRA	MCF-7	cell-line	cell-line	cell-line	plus	none	passed
ENCFF992FUB	ENCFF992FUB	ENCSR029OPK	ENCSR856ZTS	BPNet	observed signal profile	bigWig	ChIP-seq	ESRRA	WTC11	cell-line	cell-line	cell-line	minus	none	passed
ENCFF665WJE	ENCFF665WJE	ENCSR029OPK	ENCSR856ZTS	BPNet	observed signal profile	bigWig	ChIP-seq	ESRRA	WTC11	cell-line	cell-line	cell-line	plus	none	passed
ENCFF353ZUK	ENCFF353ZUK	ENCSR000BPU	ENCSR908RRF	BPNet	observed signal profile	bigWig	ChIP-seq	ETS1	A549	cell-line	cell-line	cell-line	minus	none	passed
ENCFF348QRO	ENCFF348QRO	ENCSR000BPU	ENCSR908RRF	BPNet	observed signal profile	bigWig	ChIP-seq	ETS1	A549	cell-line	cell-line	cell-line	plus	none	passed
ENCFF353NTO	ENCFF353NTO	ENCSR000BKA	ENCSR946PGY	BPNet	observed signal profile	bigWig	ChIP-seq	ETS1	GM12878	cell-line	cell-line	cell-line	minus	none	passed
ENCFF319HJS	ENCFF319HJS	ENCSR000BKA	ENCSR946PGY	BPNet	observed signal profile	bigWig	ChIP-seq	ETS1	GM12878	cell-line	cell-line	cell-line	plus	none	passed
ENCFF010MSQ	ENCFF010MSQ	ENCSR534VHI	ENCSR696AKY	BPNet	observed signal profile	bigWig	ChIP-seq	ETS1	GM23338	cell-line	cell-line	cell-line	minus	none	passed
ENCFF255FHS	ENCFF255FHS	ENCSR534VHI	ENCSR696AKY	BPNet	observed signal profile	bigWig	ChIP-seq	ETS1	GM23338	cell-line	cell-line	cell-line	plus	none	passed
ENCFF710WIZ	ENCFF710WIZ	ENCSR681WHQ	ENCSR340ZGI	BPNet	observed signal profile	bigWig	ChIP-seq	ETS1	HepG2	cell-line	cell-line	cell-line	minus	none	passed
ENCFF092QXW	ENCFF092QXW	ENCSR681WHQ	ENCSR340ZGI	BPNet	observed signal profile	bigWig	ChIP-seq	ETS1	HepG2	cell-line	cell-line	cell-line	plus	none	passed
ENCFF881EOD	ENCFF881EOD	ENCSR000BKQ	ENCSR800TIT	BPNet	observed signal profile	bigWig	ChIP-seq	ETS1	K562	cell-line	cell-line	cell-line	minus	none	passed
ENCFF011VRV	ENCFF011VRV	ENCSR000BKQ	ENCSR800TIT	BPNet	observed signal profile	bigWig	ChIP-seq	ETS1	K562	cell-line	cell-line	cell-line	plus	none	passed
ENCFF316QLJ	ENCFF316QLJ	ENCSR277DMR	ENCSR763TSQ	BPNet	observed signal profile	bigWig	ChIP-seq	ETV1	K562	cell-line	cell-line	cell-line	minus	none	passed
ENCFF481AFT	ENCFF481AFT	ENCSR277DMR	ENCSR763TSQ	BPNet	observed signal profile	bigWig	ChIP-seq	ETV1	K562	cell-line	cell-line	cell-line	plus	none	passed
ENCFF251GMC	ENCFF251GMC	ENCSR714YZG	ENCSR349BWF	BPNet	observed signal profile	bigWig	ChIP-seq	ETV4	HepG2	cell-line	cell-line	cell-line	minus	none	passed
ENCFF652RTO	ENCFF652RTO	ENCSR537FDJ	ENCSR024PCE	BPNet	observed signal profile	bigWig	ChIP-seq	ETV4	HepG2	cell-line	cell-line	cell-line	minus	none	passed
ENCFF110GHN	ENCFF110GHN	ENCSR714YZG	ENCSR349BWF	BPNet	observed signal profile	bigWig	ChIP-seq	ETV4	HepG2	cell-line	cell-line	cell-line	plus	none	passed
ENCFF556KQN	ENCFF556KQN	ENCSR537FDJ	ENCSR024PCE	BPNet	observed signal profile	bigWig	ChIP-seq	ETV4	HepG2	cell-line	cell-line	cell-line	plus	none	passed
ENCFF501YBT	ENCFF501YBT	ENCSR096IIB	ENCSR301LBE	BPNet	observed signal profile	bigWig	ChIP-seq	ETV5	HepG2	cell-line	cell-line	cell-line	minus	none	passed
ENCFF531YDY	ENCFF531YDY	ENCSR096IIB	ENCSR301LBE	BPNet	observed signal profile	bigWig	ChIP-seq	ETV5	HepG2	cell-line	cell-line	cell-line	plus	none	passed
ENCFF509IXM	ENCFF509IXM	ENCSR971EWR	ENCSR267TUB	BPNet	observed signal profile	bigWig	ChIP-seq	ETV5	K562	cell-line	cell-line	cell-line	minus	none	passed
ENCFF356IPB	ENCFF356IPB	ENCSR971EWR	ENCSR267TUB	BPNet	observed signal profile	bigWig	ChIP-seq	ETV5	K562	cell-line	cell-line	cell-line	plus	none	passed
ENCFF769OWI	ENCFF769OWI	ENCSR626VUC	ENCSR478NYG	BPNet	observed signal profile	bigWig	ChIP-seq	ETV6	GM12878	cell-line	cell-line	cell-line	minus	none	passed
ENCFF355NTY	ENCFF355NTY	ENCSR626VUC	ENCSR478NYG	BPNet	observed signal profile	bigWig	ChIP-seq	ETV6	GM12878	cell-line	cell-line	cell-line	plus	none	passed
ENCFF759BFM	ENCFF759BFM	ENCSR925TWM	ENCSR643ACX	BPNet	observed signal profile	bigWig	ChIP-seq	ETV6	HepG2	cell-line	cell-line	cell-line	minus	none	passed
ENCFF572XKP	ENCFF572XKP	ENCSR925TWM	ENCSR643ACX	BPNet	observed signal profile	bigWig	ChIP-seq	ETV6	HepG2	cell-line	cell-line	cell-line	plus	none	passed
ENCFF111ICJ	ENCFF111ICJ	ENCSR124BJR	ENCSR239YSE	BPNet	observed signal profile	bigWig	ChIP-seq	ETV6	K562	cell-line	cell-line	cell-line	minus	none	passed
ENCFF662XFJ	ENCFF662XFJ	ENCSR000FCE	ENCSR442XPS	BPNet	observed signal profile	bigWig	ChIP-seq	ETV6	K562	cell-line	cell-line	cell-line	minus	none	passed
ENCFF248YGO	ENCFF248YGO	ENCSR000FCE	ENCSR442XPS	BPNet	observed signal profile	bigWig	ChIP-seq	ETV6	K562	cell-line	cell-line	cell-line	plus	none	passed
ENCFF315KVD	ENCFF315KVD	ENCSR124BJR	ENCSR239YSE	BPNet	observed signal profile	bigWig	ChIP-seq	ETV6	K562	cell-line	cell-line	cell-line	plus	none	passed
ENCFF071CSY	ENCFF071CSY	ENCSR029TLS	ENCSR658UPZ	BPNet	observed signal profile	bigWig	ChIP-seq	ETV6	WTC11	cell-line	cell-line	cell-line	minus	none	passed
ENCFF984ERE	ENCFF984ERE	ENCSR029TLS	ENCSR658UPZ	BPNet	observed signal profile	bigWig	ChIP-seq	ETV6	WTC11	cell-line	cell-line	cell-line	plus	none	passed
ENCFF532QTK	ENCFF532QTK	ENCSR941WVJ	ENCSR841VEE	BPNet	observed signal profile	bigWig	ChIP-seq	FBXL19	HepG2	cell-line	cell-line	cell-line	minus	none	passed
ENCFF350WML	ENCFF350WML	ENCSR941WVJ	ENCSR841VEE	BPNet	observed signal profile	bigWig	ChIP-seq	FBXL19	HepG2	cell-line	cell-line	cell-line	plus	none	passed
ENCFF043KPY	ENCFF043KPY	ENCSR827NWO	ENCSR722ZLL	BPNet	observed signal profile	bigWig	ChIP-seq	FEZF1	HEK293	cell-line	cell-line	cell-line	minus	none	passed
ENCFF496HYH	ENCFF496HYH	ENCSR827NWO	ENCSR722ZLL	BPNet	observed signal profile	bigWig	ChIP-seq	FEZF1	HEK293	cell-line	cell-line	cell-line	plus	none	passed
ENCFF338DJP	ENCFF338DJP	ENCSR000EYZ	ENCSR205QBW	BPNet	observed signal profile	bigWig	ChIP-seq	FOS	GM12878	cell-line	cell-line	cell-line	minus	none	passed
ENCFF083PGK	ENCFF083PGK	ENCSR000EYZ	ENCSR205QBW	BPNet	observed signal profile	bigWig	ChIP-seq	FOS	GM12878	cell-line	cell-line	cell-line	plus	none	passed
ENCFF485UCM	ENCFF485UCM	ENCSR124AIG	ENCSR728DMH	BPNet	observed signal profile	bigWig	ChIP-seq	FOS	IMR-90	cell-line	cell-line	cell-line	minus	none	passed
ENCFF430QLH	ENCFF430QLH	ENCSR124AIG	ENCSR728DMH	BPNet	observed signal profile	bigWig	ChIP-seq	FOS	IMR-90	cell-line	cell-line	cell-line	plus	none	passed
ENCFF557XLH	ENCFF557XLH	ENCSR000FAI	ENCSR250RRT	BPNet	observed signal profile	bigWig	ChIP-seq	FOS	K562	cell-line	cell-line	cell-line	minus	none	passed
ENCFF333YLS	ENCFF333YLS	ENCSR000FAI	ENCSR250RRT	BPNet	observed signal profile	bigWig	ChIP-seq	FOS	K562	cell-line	cell-line	cell-line	plus	none	passed
ENCFF113YSU	ENCFF113YSU	ENCSR000DOP	ENCSR010RMO	BPNet	observed signal profile	bigWig	ChIP-seq	FOS	MCF-10A	cell-line	cell-line	cell-line	minus	none	passed
ENCFF373OJL	ENCFF373OJL	ENCSR000DOO	ENCSR575RVZ	BPNet	observed signal profile	bigWig	ChIP-seq	FOS	MCF-10A	cell-line	cell-line	cell-line	minus	none	passed
ENCFF509FBV	ENCFF509FBV	ENCSR000DOT	ENCSR248ICS	BPNet	observed signal profile	bigWig	ChIP-seq	FOS	MCF-10A	cell-line	cell-line	cell-line	minus	none	passed
ENCFF759HBU	ENCFF759HBU	ENCSR000DON	ENCSR657QSG	BPNet	observed signal profile	bigWig	ChIP-seq	FOS	MCF-10A	cell-line	cell-line	cell-line	minus	none	passed
ENCFF092ANN	ENCFF092ANN	ENCSR000DON	ENCSR657QSG	BPNet	observed signal profile	bigWig	ChIP-seq	FOS	MCF-10A	cell-line	cell-line	cell-line	plus	none	passed
ENCFF504RWG	ENCFF504RWG	ENCSR000DOT	ENCSR248ICS	BPNet	observed signal profile	bigWig	ChIP-seq	FOS	MCF-10A	cell-line	cell-line	cell-line	plus	none	passed
ENCFF511MPD	ENCFF511MPD	ENCSR000DOP	ENCSR010RMO	BPNet	observed signal profile	bigWig	ChIP-seq	FOS	MCF-10A	cell-line	cell-line	cell-line	plus	none	passed
ENCFF770MZJ	ENCFF770MZJ	ENCSR000DOO	ENCSR575RVZ	BPNet	observed signal profile	bigWig	ChIP-seq	FOS	MCF-10A	cell-line	cell-line	cell-line	plus	none	passed
ENCFF962SSG	ENCFF962SSG	ENCSR569XNP	ENCSR335UTI	BPNet	observed signal profile	bigWig	ChIP-seq	FOS	MCF-7	cell-line	cell-line	cell-line	minus	none	passed
ENCFF865RQL	ENCFF865RQL	ENCSR569XNP	ENCSR335UTI	BPNet	observed signal profile	bigWig	ChIP-seq	FOS	MCF-7	cell-line	cell-line	cell-line	plus	none	passed
ENCFF720WLX	ENCFF720WLX	ENCSR000EVU	ENCSR233XFQ	BPNet	observed signal profile	bigWig	ChIP-seq	FOS	endothelial-cell-of-umbilical-vein	endothelial	blood-vessel	circulatory-system	minus	none	passed
ENCFF909TCC	ENCFF909TCC	ENCSR000EVU	ENCSR233XFQ	BPNet	observed signal profile	bigWig	ChIP-seq	FOS	endothelial-cell-of-umbilical-vein	endothelial	blood-vessel	circulatory-system	plus	none	passed
ENCFF892TDN	ENCFF892TDN	ENCSR000BTE	ENCSR474ZEM	BPNet	observed signal profile	bigWig	ChIP-seq	FOSL1	HCT116	cell-line	cell-line	cell-line	minus	none	passed
ENCFF872NZX	ENCFF872NZX	ENCSR000BTE	ENCSR474ZEM	BPNet	observed signal profile	bigWig	ChIP-seq	FOSL1	HCT116	cell-line	cell-line	cell-line	plus	none	passed
ENCFF876TTB	ENCFF876TTB	ENCSR767NGL	ENCSR020BAF	BPNet	observed signal profile	bigWig	ChIP-seq	FOSL1	HepG2	cell-line	cell-line	cell-line	minus	none	passed
ENCFF292JSG	ENCFF292JSG	ENCSR767NGL	ENCSR020BAF	BPNet	observed signal profile	bigWig	ChIP-seq	FOSL1	HepG2	cell-line	cell-line	cell-line	plus	none	passed
ENCFF668RJL	ENCFF668RJL	ENCSR239ZLZ	ENCSR285NIO	BPNet	observed signal profile	bigWig	ChIP-seq	FOSL1	K562	cell-line	cell-line	cell-line	minus	none	passed
ENCFF955DFV	ENCFF955DFV	ENCSR000BMV	ENCSR071ZMQ	BPNet	observed signal profile	bigWig	ChIP-seq	FOSL1	K562	cell-line	cell-line	cell-line	minus	none	passed
ENCFF214XUW	ENCFF214XUW	ENCSR239ZLZ	ENCSR285NIO	BPNet	observed signal profile	bigWig	ChIP-seq	FOSL1	K562	cell-line	cell-line	cell-line	plus	none	passed
ENCFF545XPA	ENCFF545XPA	ENCSR000BMV	ENCSR071ZMQ	BPNet	observed signal profile	bigWig	ChIP-seq	FOSL1	K562	cell-line	cell-line	cell-line	plus	none	passed
ENCFF501YLQ	ENCFF501YLQ	ENCSR950CIR	ENCSR043OMU	BPNet	observed signal profile	bigWig	ChIP-seq	FOSL1	glutamatergic-neuron	neuron	nerve	central-nervous-system	minus	none	passed
ENCFF137WGJ	ENCFF137WGJ	ENCSR950CIR	ENCSR043OMU	BPNet	observed signal profile	bigWig	ChIP-seq	FOSL1	glutamatergic-neuron	neuron	nerve	central-nervous-system	plus	none	passed
ENCFF178ZJH	ENCFF178ZJH	ENCSR330IJE	ENCSR373VZG	BPNet	observed signal profile	bigWig	ChIP-seq	FOSL2	A549	cell-line	cell-line	cell-line	minus	none	passed
ENCFF192URA	ENCFF192URA	ENCSR274WRI	ENCSR928CRM	BPNet	observed signal profile	bigWig	ChIP-seq	FOSL2	A549	cell-line	cell-line	cell-line	minus	none	passed
ENCFF193HNM	ENCFF193HNM	ENCSR448TVS	ENCSR554ZTS	BPNet	observed signal profile	bigWig	ChIP-seq	FOSL2	A549	cell-line	cell-line	cell-line	minus	none	passed
ENCFF207SME	ENCFF207SME	ENCSR563GCV	ENCSR345YQI	BPNet	observed signal profile	bigWig	ChIP-seq	FOSL2	A549	cell-line	cell-line	cell-line	minus	none	passed
ENCFF401XRU	ENCFF401XRU	ENCSR593DGU	ENCSR262NQG	BPNet	observed signal profile	bigWig	ChIP-seq	FOSL2	A549	cell-line	cell-line	cell-line	minus	none	passed
ENCFF602JZU	ENCFF602JZU	ENCSR535HFQ	ENCSR041NSU	BPNet	observed signal profile	bigWig	ChIP-seq	FOSL2	A549	cell-line	cell-line	cell-line	minus	none	passed
ENCFF643XQB	ENCFF643XQB	ENCSR775UFR	ENCSR712WIM	BPNet	observed signal profile	bigWig	ChIP-seq	FOSL2	A549	cell-line	cell-line	cell-line	minus	none	passed
ENCFF665GLU	ENCFF665GLU	ENCSR242EWU	ENCSR133ETC	BPNet	observed signal profile	bigWig	ChIP-seq	FOSL2	A549	cell-line	cell-line	cell-line	minus	none	passed
ENCFF665ZIN	ENCFF665ZIN	ENCSR067XTW	ENCSR749BUO	BPNet	observed signal profile	bigWig	ChIP-seq	FOSL2	A549	cell-line	cell-line	cell-line	minus	none	passed
ENCFF794PVY	ENCFF794PVY	ENCSR000BQO	ENCSR237ZVN	BPNet	observed signal profile	bigWig	ChIP-seq	FOSL2	A549	cell-line	cell-line	cell-line	minus	none	passed
ENCFF801EAU	ENCFF801EAU	ENCSR686HIU	ENCSR765JSW	BPNet	observed signal profile	bigWig	ChIP-seq	FOSL2	A549	cell-line	cell-line	cell-line	minus	none	passed
ENCFF882JEH	ENCFF882JEH	ENCSR103UVU	ENCSR041VYT	BPNet	observed signal profile	bigWig	ChIP-seq	FOSL2	A549	cell-line	cell-line	cell-line	minus	none	passed
ENCFF885MKA	ENCFF885MKA	ENCSR900RUE	ENCSR012NRW	BPNet	observed signal profile	bigWig	ChIP-seq	FOSL2	A549	cell-line	cell-line	cell-line	minus	none	passed
ENCFF981EHU	ENCFF981EHU	ENCSR111ZXV	ENCSR868DKN	BPNet	observed signal profile	bigWig	ChIP-seq	FOSL2	A549	cell-line	cell-line	cell-line	minus	none	passed
ENCFF025FTN	ENCFF025FTN	ENCSR103UVU	ENCSR041VYT	BPNet	observed signal profile	bigWig	ChIP-seq	FOSL2	A549	cell-line	cell-line	cell-line	plus	none	passed
ENCFF309LNF	ENCFF309LNF	ENCSR686HIU	ENCSR765JSW	BPNet	observed signal profile	bigWig	ChIP-seq	FOSL2	A549	cell-line	cell-line	cell-line	plus	none	passed
ENCFF314JOZ	ENCFF314JOZ	ENCSR111ZXV	ENCSR868DKN	BPNet	observed signal profile	bigWig	ChIP-seq	FOSL2	A549	cell-line	cell-line	cell-line	plus	none	passed
ENCFF316WSA	ENCFF316WSA	ENCSR900RUE	ENCSR012NRW	BPNet	observed signal profile	bigWig	ChIP-seq	FOSL2	A549	cell-line	cell-line	cell-line	plus	none	passed
ENCFF409WEI	ENCFF409WEI	ENCSR067XTW	ENCSR749BUO	BPNet	observed signal profile	bigWig	ChIP-seq	FOSL2	A549	cell-line	cell-line	cell-line	plus	none	passed
ENCFF529OKE	ENCFF529OKE	ENCSR242EWU	ENCSR133ETC	BPNet	observed signal profile	bigWig	ChIP-seq	FOSL2	A549	cell-line	cell-line	cell-line	plus	none	passed
ENCFF569BJI	ENCFF569BJI	ENCSR775UFR	ENCSR712WIM	BPNet	observed signal profile	bigWig	ChIP-seq	FOSL2	A549	cell-line	cell-line	cell-line	plus	none	passed
ENCFF675ARR	ENCFF675ARR	ENCSR563GCV	ENCSR345YQI	BPNet	observed signal profile	bigWig	ChIP-seq	FOSL2	A549	cell-line	cell-line	cell-line	plus	none	passed
ENCFF722ZUW	ENCFF722ZUW	ENCSR274WRI	ENCSR928CRM	BPNet	observed signal profile	bigWig	ChIP-seq	FOSL2	A549	cell-line	cell-line	cell-line	plus	none	passed
ENCFF746MZQ	ENCFF746MZQ	ENCSR000BQO	ENCSR237ZVN	BPNet	observed signal profile	bigWig	ChIP-seq	FOSL2	A549	cell-line	cell-line	cell-line	plus	none	passed
ENCFF799AVD	ENCFF799AVD	ENCSR330IJE	ENCSR373VZG	BPNet	observed signal profile	bigWig	ChIP-seq	FOSL2	A549	cell-line	cell-line	cell-line	plus	none	passed
ENCFF841UVM	ENCFF841UVM	ENCSR535HFQ	ENCSR041NSU	BPNet	observed signal profile	bigWig	ChIP-seq	FOSL2	A549	cell-line	cell-line	cell-line	plus	none	passed
ENCFF915IRX	ENCFF915IRX	ENCSR593DGU	ENCSR262NQG	BPNet	observed signal profile	bigWig	ChIP-seq	FOSL2	A549	cell-line	cell-line	cell-line	plus	none	passed
ENCFF968QRK	ENCFF968QRK	ENCSR448TVS	ENCSR554ZTS	BPNet	observed signal profile	bigWig	ChIP-seq	FOSL2	A549	cell-line	cell-line	cell-line	plus	none	passed
ENCFF500XRP	ENCFF500XRP	ENCSR249EYB	ENCSR346SIK	BPNet	observed signal profile	bigWig	ChIP-seq	FOSL2	HepG2	cell-line	cell-line	cell-line	minus	none	passed
ENCFF754REW	ENCFF754REW	ENCSR000BHP	ENCSR508NQY	BPNet	observed signal profile	bigWig	ChIP-seq	FOSL2	HepG2	cell-line	cell-line	cell-line	minus	none	passed
ENCFF160ZUT	ENCFF160ZUT	ENCSR000BHP	ENCSR508NQY	BPNet	observed signal profile	bigWig	ChIP-seq	FOSL2	HepG2	cell-line	cell-line	cell-line	plus	none	passed
ENCFF982UNR	ENCFF982UNR	ENCSR249EYB	ENCSR346SIK	BPNet	observed signal profile	bigWig	ChIP-seq	FOSL2	HepG2	cell-line	cell-line	cell-line	plus	none	passed
ENCFF138UKU	ENCFF138UKU	ENCSR000BUI	ENCSR692KCM	BPNet	observed signal profile	bigWig	ChIP-seq	FOSL2	MCF-7	cell-line	cell-line	cell-line	minus	none	passed
ENCFF959FXV	ENCFF959FXV	ENCSR546KCN	ENCSR660BJD	BPNet	observed signal profile	bigWig	ChIP-seq	FOSL2	MCF-7	cell-line	cell-line	cell-line	minus	none	passed
ENCFF615XQH	ENCFF615XQH	ENCSR000BUI	ENCSR692KCM	BPNet	observed signal profile	bigWig	ChIP-seq	FOSL2	MCF-7	cell-line	cell-line	cell-line	plus	none	passed
ENCFF802SNT	ENCFF802SNT	ENCSR546KCN	ENCSR660BJD	BPNet	observed signal profile	bigWig	ChIP-seq	FOSL2	MCF-7	cell-line	cell-line	cell-line	plus	none	passed
ENCFF678DQN	ENCFF678DQN	ENCSR000BVB	ENCSR219JFH	BPNet	observed signal profile	bigWig	ChIP-seq	FOSL2	SK-N-SH	cell-line	cell-line	cell-line	minus	none	passed
ENCFF621VYF	ENCFF621VYF	ENCSR000BVB	ENCSR219JFH	BPNet	observed signal profile	bigWig	ChIP-seq	FOSL2	SK-N-SH	cell-line	cell-line	cell-line	plus	none	passed
ENCFF848NEA	ENCFF848NEA	ENCSR000BRD	ENCSR373ZLZ	BPNet	observed signal profile	bigWig	ChIP-seq	FOXA1	A549	cell-line	cell-line	cell-line	minus	none	passed
ENCFF100QAF	ENCFF100QAF	ENCSR000BRD	ENCSR373ZLZ	BPNet	observed signal profile	bigWig	ChIP-seq	FOXA1	A549	cell-line	cell-line	cell-line	plus	none	passed
ENCFF119AOV	ENCFF119AOV	ENCSR094WHO	ENCSR174RYL	BPNet	observed signal profile	bigWig	ChIP-seq	FOXA1	HEK293T	cell-line	cell-line	cell-line	minus	none	passed
ENCFF248EYD	ENCFF248EYD	ENCSR094WHO	ENCSR174RYL	BPNet	observed signal profile	bigWig	ChIP-seq	FOXA1	HEK293T	cell-line	cell-line	cell-line	plus	none	passed
ENCFF571ACR	ENCFF571ACR	ENCSR000BLE	ENCSR852HSZ	BPNet	observed signal profile	bigWig	ChIP-seq	FOXA1	HepG2	cell-line	cell-line	cell-line	minus	none	passed
ENCFF657ZOY	ENCFF657ZOY	ENCSR865RXA	ENCSR337KST	BPNet	observed signal profile	bigWig	ChIP-seq	FOXA1	HepG2	cell-line	cell-line	cell-line	minus	none	passed
ENCFF729SSH	ENCFF729SSH	ENCSR000BMO	ENCSR210RPB	BPNet	observed signal profile	bigWig	ChIP-seq	FOXA1	HepG2	cell-line	cell-line	cell-line	minus	none	passed
ENCFF961KBL	ENCFF961KBL	ENCSR267DFA	ENCSR262LEY	BPNet	observed signal profile	bigWig	ChIP-seq	FOXA1	HepG2	cell-line	cell-line	cell-line	minus	none	passed
ENCFF364ONT	ENCFF364ONT	ENCSR865RXA	ENCSR337KST	BPNet	observed signal profile	bigWig	ChIP-seq	FOXA1	HepG2	cell-line	cell-line	cell-line	plus	none	passed
ENCFF579CBF	ENCFF579CBF	ENCSR267DFA	ENCSR262LEY	BPNet	observed signal profile	bigWig	ChIP-seq	FOXA1	HepG2	cell-line	cell-line	cell-line	plus	none	passed
ENCFF583RTY	ENCFF583RTY	ENCSR000BLE	ENCSR852HSZ	BPNet	observed signal profile	bigWig	ChIP-seq	FOXA1	HepG2	cell-line	cell-line	cell-line	plus	none	passed
ENCFF698AQQ	ENCFF698AQQ	ENCSR000BMO	ENCSR210RPB	BPNet	observed signal profile	bigWig	ChIP-seq	FOXA1	HepG2	cell-line	cell-line	cell-line	plus	none	passed
ENCFF716EOT	ENCFF716EOT	ENCSR819LHG	ENCSR976UGF	BPNet	observed signal profile	bigWig	ChIP-seq	FOXA1	K562	cell-line	cell-line	cell-line	minus	none	passed
ENCFF520LCT	ENCFF520LCT	ENCSR819LHG	ENCSR976UGF	BPNet	observed signal profile	bigWig	ChIP-seq	FOXA1	K562	cell-line	cell-line	cell-line	plus	none	passed
ENCFF017QNM	ENCFF017QNM	ENCSR126YEB	ENCSR452QKS	BPNet	observed signal profile	bigWig	ChIP-seq	FOXA1	MCF-7	cell-line	cell-line	cell-line	minus	none	passed
ENCFF551YQY	ENCFF551YQY	ENCSR126YEB	ENCSR452QKS	BPNet	observed signal profile	bigWig	ChIP-seq	FOXA1	MCF-7	cell-line	cell-line	cell-line	plus	none	passed
ENCFF187QON	ENCFF187QON	ENCSR000BKY	ENCSR353SEK	BPNet	observed signal profile	bigWig	ChIP-seq	FOXA1	T47D	cell-line	cell-line	cell-line	minus	none	passed
ENCFF937KLM	ENCFF937KLM	ENCSR000BKY	ENCSR353SEK	BPNet	observed signal profile	bigWig	ChIP-seq	FOXA1	T47D	cell-line	cell-line	cell-line	plus	none	passed
ENCFF503GTE	ENCFF503GTE	ENCSR324RCI	ENCSR578NTH	BPNet	observed signal profile	bigWig	ChIP-seq	FOXA1	liver	liver	liver	digestive-system	minus	none	passed
ENCFF850BCW	ENCFF850BCW	ENCSR735KEY	ENCSR604GWZ	BPNet	observed signal profile	bigWig	ChIP-seq	FOXA1	liver	liver	liver	digestive-system	minus	none	passed
ENCFF264YIE	ENCFF264YIE	ENCSR324RCI	ENCSR578NTH	BPNet	observed signal profile	bigWig	ChIP-seq	FOXA1	liver	liver	liver	digestive-system	plus	none	passed
ENCFF475OKI	ENCFF475OKI	ENCSR735KEY	ENCSR604GWZ	BPNet	observed signal profile	bigWig	ChIP-seq	FOXA1	liver	liver	liver	digestive-system	plus	none	passed
ENCFF159WUD	ENCFF159WUD	ENCSR000BRE	ENCSR252KEN	BPNet	observed signal profile	bigWig	ChIP-seq	FOXA2	A549	cell-line	cell-line	cell-line	minus	none	passed
ENCFF061EMJ	ENCFF061EMJ	ENCSR000BRE	ENCSR252KEN	BPNet	observed signal profile	bigWig	ChIP-seq	FOXA2	A549	cell-line	cell-line	cell-line	plus	none	passed
ENCFF284IEQ	ENCFF284IEQ	ENCSR490AMH	ENCSR215RUL	BPNet	observed signal profile	bigWig	ChIP-seq	FOXA2	HepG2	cell-line	cell-line	cell-line	minus	none	passed
ENCFF472UHH	ENCFF472UHH	ENCSR000BNI	ENCSR435KHB	BPNet	observed signal profile	bigWig	ChIP-seq	FOXA2	HepG2	cell-line	cell-line	cell-line	minus	none	passed
ENCFF516AXB	ENCFF516AXB	ENCSR066EBK	ENCSR441PYW	BPNet	observed signal profile	bigWig	ChIP-seq	FOXA2	HepG2	cell-line	cell-line	cell-line	minus	none	passed
ENCFF318IWB	ENCFF318IWB	ENCSR066EBK	ENCSR441PYW	BPNet	observed signal profile	bigWig	ChIP-seq	FOXA2	HepG2	cell-line	cell-line	cell-line	plus	none	passed
ENCFF686SCT	ENCFF686SCT	ENCSR490AMH	ENCSR215RUL	BPNet	observed signal profile	bigWig	ChIP-seq	FOXA2	HepG2	cell-line	cell-line	cell-line	plus	none	passed
ENCFF790IVK	ENCFF790IVK	ENCSR000BNI	ENCSR435KHB	BPNet	observed signal profile	bigWig	ChIP-seq	FOXA2	HepG2	cell-line	cell-line	cell-line	plus	none	passed
ENCFF236QPQ	ENCFF236QPQ	ENCSR080XEY	ENCSR318CMD	BPNet	observed signal profile	bigWig	ChIP-seq	FOXA2	liver	liver	liver	digestive-system	minus	none	passed
ENCFF381FVX	ENCFF381FVX	ENCSR310NYI	ENCSR670OIJ	BPNet	observed signal profile	bigWig	ChIP-seq	FOXA2	liver	liver	liver	digestive-system	minus	none	passed
ENCFF716KKD	ENCFF716KKD	ENCSR310NYI	ENCSR670OIJ	BPNet	observed signal profile	bigWig	ChIP-seq	FOXA2	liver	liver	liver	digestive-system	plus	none	passed
ENCFF900DXP	ENCFF900DXP	ENCSR080XEY	ENCSR318CMD	BPNet	observed signal profile	bigWig	ChIP-seq	FOXA2	liver	liver	liver	digestive-system	plus	none	passed
ENCFF306LLI	ENCFF306LLI	ENCSR092OVN	ENCSR743PLW	BPNet	observed signal profile	bigWig	ChIP-seq	FOXA3	HepG2	cell-line	cell-line	cell-line	minus	none	passed
ENCFF372VLK	ENCFF372VLK	ENCSR092OVN	ENCSR743PLW	BPNet	observed signal profile	bigWig	ChIP-seq	FOXA3	HepG2	cell-line	cell-line	cell-line	plus	none	passed
ENCFF242POM	ENCFF242POM	ENCSR231ZVN	ENCSR845IQV	BPNet	observed signal profile	bigWig	ChIP-seq	FOXA3	K562	cell-line	cell-line	cell-line	minus	none	passed
ENCFF918LHS	ENCFF918LHS	ENCSR788DXU	ENCSR579GZS	BPNet	observed signal profile	bigWig	ChIP-seq	FOXA3	K562	cell-line	cell-line	cell-line	minus	none	passed
ENCFF009RUB	ENCFF009RUB	ENCSR788DXU	ENCSR579GZS	BPNet	observed signal profile	bigWig	ChIP-seq	FOXA3	K562	cell-line	cell-line	cell-line	plus	none	passed
ENCFF289NJP	ENCFF289NJP	ENCSR231ZVN	ENCSR845IQV	BPNet	observed signal profile	bigWig	ChIP-seq	FOXA3	K562	cell-line	cell-line	cell-line	plus	none	passed
ENCFF480TYM	ENCFF480TYM	ENCSR170AMG	ENCSR710SMT	BPNet	observed signal profile	bigWig	ChIP-seq	FOXC1	HepG2	cell-line	cell-line	cell-line	minus	none	passed
ENCFF301CXY	ENCFF301CXY	ENCSR170AMG	ENCSR710SMT	BPNet	observed signal profile	bigWig	ChIP-seq	FOXC1	HepG2	cell-line	cell-line	cell-line	plus	none	passed
ENCFF849MIO	ENCFF849MIO	ENCSR445FHB	ENCSR592DBM	BPNet	observed signal profile	bigWig	ChIP-seq	FOXF2	A549	cell-line	cell-line	cell-line	minus	none	passed
ENCFF567ZNC	ENCFF567ZNC	ENCSR445FHB	ENCSR592DBM	BPNet	observed signal profile	bigWig	ChIP-seq	FOXF2	A549	cell-line	cell-line	cell-line	plus	none	passed
ENCFF907XGP	ENCFF907XGP	ENCSR847LBF	ENCSR813CXV	BPNet	observed signal profile	bigWig	ChIP-seq	FOXJ2	K562	cell-line	cell-line	cell-line	minus	none	passed
ENCFF049WTI	ENCFF049WTI	ENCSR847LBF	ENCSR813CXV	BPNet	observed signal profile	bigWig	ChIP-seq	FOXJ2	K562	cell-line	cell-line	cell-line	plus	none	passed
ENCFF212JNO	ENCFF212JNO	ENCSR413AJG	ENCSR117OOQ	BPNet	observed signal profile	bigWig	ChIP-seq	FOXJ3	HepG2	cell-line	cell-line	cell-line	minus	none	passed
ENCFF478CCZ	ENCFF478CCZ	ENCSR413AJG	ENCSR117OOQ	BPNet	observed signal profile	bigWig	ChIP-seq	FOXJ3	HepG2	cell-line	cell-line	cell-line	plus	none	passed
ENCFF577WLN	ENCFF577WLN	ENCSR603BJQ	ENCSR630JWB	BPNet	observed signal profile	bigWig	ChIP-seq	FOXK1	HepG2	cell-line	cell-line	cell-line	minus	none	passed
ENCFF055YGU	ENCFF055YGU	ENCSR603BJQ	ENCSR630JWB	BPNet	observed signal profile	bigWig	ChIP-seq	FOXK1	HepG2	cell-line	cell-line	cell-line	plus	none	passed
ENCFF075VQR	ENCFF075VQR	ENCSR352RXE	ENCSR008HTX	BPNet	observed signal profile	bigWig	ChIP-seq	FOXK1	WTC11	cell-line	cell-line	cell-line	minus	none	passed
ENCFF324ETI	ENCFF324ETI	ENCSR352RXE	ENCSR008HTX	BPNet	observed signal profile	bigWig	ChIP-seq	FOXK1	WTC11	cell-line	cell-line	cell-line	plus	none	passed
ENCFF245JUQ	ENCFF245JUQ	ENCSR861JUQ	ENCSR974FAN	BPNet	observed signal profile	bigWig	ChIP-seq	FOXK2	GM12878	cell-line	cell-line	cell-line	minus	none	passed
ENCFF926YAW	ENCFF926YAW	ENCSR861JUQ	ENCSR974FAN	BPNet	observed signal profile	bigWig	ChIP-seq	FOXK2	GM12878	cell-line	cell-line	cell-line	plus	none	passed
ENCFF587UJP	ENCFF587UJP	ENCSR872BOU	ENCSR796VDC	BPNet	observed signal profile	bigWig	ChIP-seq	FOXK2	HEK293T	cell-line	cell-line	cell-line	minus	none	passed
ENCFF247BHA	ENCFF247BHA	ENCSR872BOU	ENCSR796VDC	BPNet	observed signal profile	bigWig	ChIP-seq	FOXK2	HEK293T	cell-line	cell-line	cell-line	plus	none	passed
ENCFF063UGF	ENCFF063UGF	ENCSR171FUX	ENCSR445YTW	BPNet	observed signal profile	bigWig	ChIP-seq	FOXK2	HepG2	cell-line	cell-line	cell-line	minus	none	passed
ENCFF654CXJ	ENCFF654CXJ	ENCSR171FUX	ENCSR445YTW	BPNet	observed signal profile	bigWig	ChIP-seq	FOXK2	HepG2	cell-line	cell-line	cell-line	plus	none	passed
ENCFF010ZXO	ENCFF010ZXO	ENCSR302AWT	ENCSR505DVX	BPNet	observed signal profile	bigWig	ChIP-seq	FOXK2	K562	cell-line	cell-line	cell-line	minus	none	passed
ENCFF681WBL	ENCFF681WBL	ENCSR508DQA	ENCSR414RCN	BPNet	observed signal profile	bigWig	ChIP-seq	FOXK2	K562	cell-line	cell-line	cell-line	minus	none	passed
ENCFF090UXE	ENCFF090UXE	ENCSR508DQA	ENCSR414RCN	BPNet	observed signal profile	bigWig	ChIP-seq	FOXK2	K562	cell-line	cell-line	cell-line	plus	none	passed
ENCFF316ASS	ENCFF316ASS	ENCSR302AWT	ENCSR505DVX	BPNet	observed signal profile	bigWig	ChIP-seq	FOXK2	K562	cell-line	cell-line	cell-line	plus	none	passed
ENCFF261OGQ	ENCFF261OGQ	ENCSR321OAA	ENCSR997YCM	BPNet	observed signal profile	bigWig	ChIP-seq	FOXO1	HepG2	cell-line	cell-line	cell-line	minus	none	passed
ENCFF138OEX	ENCFF138OEX	ENCSR321OAA	ENCSR997YCM	BPNet	observed signal profile	bigWig	ChIP-seq	FOXO1	HepG2	cell-line	cell-line	cell-line	plus	none	passed
ENCFF281UPT	ENCFF281UPT	ENCSR232LLP	ENCSR113IMV	BPNet	observed signal profile	bigWig	ChIP-seq	FOXP4	HepG2	cell-line	cell-line	cell-line	minus	none	passed
ENCFF905ZEL	ENCFF905ZEL	ENCSR232LLP	ENCSR113IMV	BPNet	observed signal profile	bigWig	ChIP-seq	FOXP4	HepG2	cell-line	cell-line	cell-line	plus	none	passed
ENCFF701DGT	ENCFF701DGT	ENCSR507RVF	ENCSR978WVS	BPNet	observed signal profile	bigWig	ChIP-seq	FOXP4	WTC11	cell-line	cell-line	cell-line	minus	none	passed
ENCFF626VQH	ENCFF626VQH	ENCSR507RVF	ENCSR978WVS	BPNet	observed signal profile	bigWig	ChIP-seq	FOXP4	WTC11	cell-line	cell-line	cell-line	plus	none	passed
ENCFF433TFG	ENCFF433TFG	ENCSR326AQV	ENCSR392ZHM	BPNet	observed signal profile	bigWig	ChIP-seq	FOXS1	A549	cell-line	cell-line	cell-line	minus	none	passed
ENCFF279YMQ	ENCFF279YMQ	ENCSR326AQV	ENCSR392ZHM	BPNet	observed signal profile	bigWig	ChIP-seq	FOXS1	A549	cell-line	cell-line	cell-line	plus	none	passed
ENCFF788YAX	ENCFF788YAX	ENCSR000BPY	ENCSR698TVC	BPNet	observed signal profile	bigWig	ChIP-seq	GABPA	A549	cell-line	cell-line	cell-line	minus	none	passed
ENCFF590DBS	ENCFF590DBS	ENCSR000BPY	ENCSR698TVC	BPNet	observed signal profile	bigWig	ChIP-seq	GABPA	A549	cell-line	cell-line	cell-line	plus	none	passed
ENCFF013EYL	ENCFF013EYL	ENCSR331HPA	ENCSR090VBP	BPNet	observed signal profile	bigWig	ChIP-seq	GABPA	GM12878	cell-line	cell-line	cell-line	minus	none	passed
ENCFF576EXS	ENCFF576EXS	ENCSR331HPA	ENCSR090VBP	BPNet	observed signal profile	bigWig	ChIP-seq	GABPA	GM12878	cell-line	cell-line	cell-line	plus	none	passed
ENCFF991KTQ	ENCFF991KTQ	ENCSR000BIW	ENCSR257FAI	BPNet	observed signal profile	bigWig	ChIP-seq	GABPA	H1	cell-line	cell-line	cell-line	minus	none	passed
ENCFF129IMR	ENCFF129IMR	ENCSR000BIW	ENCSR257FAI	BPNet	observed signal profile	bigWig	ChIP-seq	GABPA	H1	cell-line	cell-line	cell-line	plus	none	passed
ENCFF899MRY	ENCFF899MRY	ENCSR000BTK	ENCSR388LEE	BPNet	observed signal profile	bigWig	ChIP-seq	GABPA	HL-60	cell-line	cell-line	cell-line	minus	none	passed
ENCFF469HVQ	ENCFF469HVQ	ENCSR000BTK	ENCSR388LEE	BPNet	observed signal profile	bigWig	ChIP-seq	GABPA	HL-60	cell-line	cell-line	cell-line	plus	none	passed
ENCFF961ROG	ENCFF961ROG	ENCSR000BHS	ENCSR891IWC	BPNet	observed signal profile	bigWig	ChIP-seq	GABPA	HeLa-S3	cell-line	cell-line	cell-line	minus	none	passed
ENCFF977SIM	ENCFF977SIM	ENCSR000BHS	ENCSR891IWC	BPNet	observed signal profile	bigWig	ChIP-seq	GABPA	HeLa-S3	cell-line	cell-line	cell-line	plus	none	passed
ENCFF538ELZ	ENCFF538ELZ	ENCSR000BJK	ENCSR273NDD	BPNet	observed signal profile	bigWig	ChIP-seq	GABPA	HepG2	cell-line	cell-line	cell-line	minus	none	passed
ENCFF930MSI	ENCFF930MSI	ENCSR269TNX	ENCSR205TJY	BPNet	observed signal profile	bigWig	ChIP-seq	GABPA	HepG2	cell-line	cell-line	cell-line	minus	none	passed
ENCFF784JSW	ENCFF784JSW	ENCSR000BJK	ENCSR273NDD	BPNet	observed signal profile	bigWig	ChIP-seq	GABPA	HepG2	cell-line	cell-line	cell-line	plus	none	passed
ENCFF786VTG	ENCFF786VTG	ENCSR269TNX	ENCSR205TJY	BPNet	observed signal profile	bigWig	ChIP-seq	GABPA	HepG2	cell-line	cell-line	cell-line	plus	none	passed
ENCFF391GVD	ENCFF391GVD	ENCSR000BLO	ENCSR845VGY	BPNet	observed signal profile	bigWig	ChIP-seq	GABPA	K562	cell-line	cell-line	cell-line	minus	none	passed
ENCFF667NFI	ENCFF667NFI	ENCSR290MUH	ENCSR804SSS	BPNet	observed signal profile	bigWig	ChIP-seq	GABPA	K562	cell-line	cell-line	cell-line	minus	none	passed
ENCFF490LFG	ENCFF490LFG	ENCSR290MUH	ENCSR804SSS	BPNet	observed signal profile	bigWig	ChIP-seq	GABPA	K562	cell-line	cell-line	cell-line	plus	none	passed
ENCFF565HRS	ENCFF565HRS	ENCSR000BLO	ENCSR845VGY	BPNet	observed signal profile	bigWig	ChIP-seq	GABPA	K562	cell-line	cell-line	cell-line	plus	none	passed
ENCFF195OFZ	ENCFF195OFZ	ENCSR000BUK	ENCSR958ARQ	BPNet	observed signal profile	bigWig	ChIP-seq	GABPA	MCF-7	cell-line	cell-line	cell-line	minus	none	passed
ENCFF924EVO	ENCFF924EVO	ENCSR038RXU	ENCSR055NZW	BPNet	observed signal profile	bigWig	ChIP-seq	GABPA	MCF-7	cell-line	cell-line	cell-line	minus	none	passed
ENCFF550UKF	ENCFF550UKF	ENCSR038RXU	ENCSR055NZW	BPNet	observed signal profile	bigWig	ChIP-seq	GABPA	MCF-7	cell-line	cell-line	cell-line	plus	none	passed
ENCFF552GNQ	ENCFF552GNQ	ENCSR000BUK	ENCSR958ARQ	BPNet	observed signal profile	bigWig	ChIP-seq	GABPA	MCF-7	cell-line	cell-line	cell-line	plus	none	passed
ENCFF920ESX	ENCFF920ESX	ENCSR000BTG	ENCSR811MOX	BPNet	observed signal profile	bigWig	ChIP-seq	GABPA	SK-N-SH	cell-line	cell-line	cell-line	minus	none	passed
ENCFF159XZU	ENCFF159XZU	ENCSR000BTG	ENCSR811MOX	BPNet	observed signal profile	bigWig	ChIP-seq	GABPA	SK-N-SH	cell-line	cell-line	cell-line	plus	none	passed
ENCFF136UND	ENCFF136UND	ENCSR350ORK	ENCSR226TGJ	BPNet	observed signal profile	bigWig	ChIP-seq	GABPA	liver	liver	liver	digestive-system	minus	none	passed
ENCFF783BJX	ENCFF783BJX	ENCSR038GMB	ENCSR358PPS	BPNet	observed signal profile	bigWig	ChIP-seq	GABPA	liver	liver	liver	digestive-system	minus	none	passed
ENCFF325CHJ	ENCFF325CHJ	ENCSR038GMB	ENCSR358PPS	BPNet	observed signal profile	bigWig	ChIP-seq	GABPA	liver	liver	liver	digestive-system	plus	none	passed
ENCFF976IDW	ENCFF976IDW	ENCSR350ORK	ENCSR226TGJ	BPNet	observed signal profile	bigWig	ChIP-seq	GABPA	liver	liver	liver	digestive-system	plus	none	passed
ENCFF568WOV	ENCFF568WOV	ENCSR000EFT	ENCSR411PLH	BPNet	observed signal profile	bigWig	ChIP-seq	GATA1	K562	cell-line	cell-line	cell-line	minus	none	passed
ENCFF706CKG	ENCFF706CKG	ENCSR000EWM	ENCSR240HOK	BPNet	observed signal profile	bigWig	ChIP-seq	GATA1	K562	cell-line	cell-line	cell-line	minus	none	passed
ENCFF159UWS	ENCFF159UWS	ENCSR000EWM	ENCSR240HOK	BPNet	observed signal profile	bigWig	ChIP-seq	GATA1	K562	cell-line	cell-line	cell-line	plus	none	passed
ENCFF738IXK	ENCFF738IXK	ENCSR000EFT	ENCSR411PLH	BPNet	observed signal profile	bigWig	ChIP-seq	GATA1	K562	cell-line	cell-line	cell-line	plus	none	passed
ENCFF585ICN	ENCFF585ICN	ENCSR000EXP	ENCSR809QGC	BPNet	observed signal profile	bigWig	ChIP-seq	GATA1	erythroblast	cell-line	cell-line	cell-line	minus	none	passed
ENCFF609GQS	ENCFF609GQS	ENCSR000EXP	ENCSR809QGC	BPNet	observed signal profile	bigWig	ChIP-seq	GATA1	erythroblast	cell-line	cell-line	cell-line	plus	none	passed
ENCFF321NOH	ENCFF321NOH	ENCSR897LDT	ENCSR811SYR	BPNet	observed signal profile	bigWig	ChIP-seq	GATA2	HepG2	cell-line	cell-line	cell-line	minus	none	passed
ENCFF251QFH	ENCFF251QFH	ENCSR897LDT	ENCSR811SYR	BPNet	observed signal profile	bigWig	ChIP-seq	GATA2	HepG2	cell-line	cell-line	cell-line	plus	none	passed
ENCFF152AOV	ENCFF152AOV	ENCSR000EWG	ENCSR149QYI	BPNet	observed signal profile	bigWig	ChIP-seq	GATA2	K562	cell-line	cell-line	cell-line	minus	none	passed
ENCFF409FLX	ENCFF409FLX	ENCSR000DKA	ENCSR433LIB	BPNet	observed signal profile	bigWig	ChIP-seq	GATA2	K562	cell-line	cell-line	cell-line	minus	none	passed
ENCFF667CSC	ENCFF667CSC	ENCSR257RKC	ENCSR225UHZ	BPNet	observed signal profile	bigWig	ChIP-seq	GATA2	K562	cell-line	cell-line	cell-line	minus	none	passed
ENCFF881MJU	ENCFF881MJU	ENCSR000BKM	ENCSR915HTG	BPNet	observed signal profile	bigWig	ChIP-seq	GATA2	K562	cell-line	cell-line	cell-line	minus	none	passed
ENCFF006BVS	ENCFF006BVS	ENCSR000EWG	ENCSR149QYI	BPNet	observed signal profile	bigWig	ChIP-seq	GATA2	K562	cell-line	cell-line	cell-line	plus	none	passed
ENCFF092GCI	ENCFF092GCI	ENCSR000BKM	ENCSR915HTG	BPNet	observed signal profile	bigWig	ChIP-seq	GATA2	K562	cell-line	cell-line	cell-line	plus	none	passed
ENCFF435IRS	ENCFF435IRS	ENCSR000DKA	ENCSR433LIB	BPNet	observed signal profile	bigWig	ChIP-seq	GATA2	K562	cell-line	cell-line	cell-line	plus	none	passed
ENCFF532NNK	ENCFF532NNK	ENCSR257RKC	ENCSR225UHZ	BPNet	observed signal profile	bigWig	ChIP-seq	GATA2	K562	cell-line	cell-line	cell-line	plus	none	passed
ENCFF279QVW	ENCFF279QVW	ENCSR000EYB	ENCSR675GYS	BPNet	observed signal profile	bigWig	ChIP-seq	GATA2	SH-SY5Y	cell-line	cell-line	cell-line	minus	none	passed
ENCFF171XKK	ENCFF171XKK	ENCSR000EYB	ENCSR675GYS	BPNet	observed signal profile	bigWig	ChIP-seq	GATA2	SH-SY5Y	cell-line	cell-line	cell-line	plus	none	passed
ENCFF920IVT	ENCFF920IVT	ENCSR706VOO	ENCSR310GUZ	BPNet	observed signal profile	bigWig	ChIP-seq	GATA2	SK-N-SH	cell-line	cell-line	cell-line	minus	none	passed
ENCFF450XVQ	ENCFF450XVQ	ENCSR706VOO	ENCSR310GUZ	BPNet	observed signal profile	bigWig	ChIP-seq	GATA2	SK-N-SH	cell-line	cell-line	cell-line	plus	none	passed
ENCFF686CYY	ENCFF686CYY	ENCSR000BTI	ENCSR720ABP	BPNet	observed signal profile	bigWig	ChIP-seq	GATA3	A549	cell-line	cell-line	cell-line	minus	none	passed
ENCFF693CMD	ENCFF693CMD	ENCSR000BTI	ENCSR720ABP	BPNet	observed signal profile	bigWig	ChIP-seq	GATA3	A549	cell-line	cell-line	cell-line	plus	none	passed
ENCFF534UXK	ENCFF534UXK	ENCSR423RTK	ENCSR747MPB	BPNet	observed signal profile	bigWig	ChIP-seq	GATA3	MCF-7	cell-line	cell-line	cell-line	minus	none	passed
ENCFF537JAX	ENCFF537JAX	ENCSR000BST	ENCSR091JYC	BPNet	observed signal profile	bigWig	ChIP-seq	GATA3	MCF-7	cell-line	cell-line	cell-line	minus	none	passed
ENCFF490IBE	ENCFF490IBE	ENCSR423RTK	ENCSR747MPB	BPNet	observed signal profile	bigWig	ChIP-seq	GATA3	MCF-7	cell-line	cell-line	cell-line	plus	none	passed
ENCFF988ZJM	ENCFF988ZJM	ENCSR000BST	ENCSR091JYC	BPNet	observed signal profile	bigWig	ChIP-seq	GATA3	MCF-7	cell-line	cell-line	cell-line	plus	none	passed
ENCFF995ZIS	ENCFF995ZIS	ENCSR000BTH	ENCSR855YZS	BPNet	observed signal profile	bigWig	ChIP-seq	GATA3	SK-N-SH	cell-line	cell-line	cell-line	minus	none	passed
ENCFF761TTW	ENCFF761TTW	ENCSR000BTH	ENCSR855YZS	BPNet	observed signal profile	bigWig	ChIP-seq	GATA3	SK-N-SH	cell-line	cell-line	cell-line	plus	none	passed
ENCFF571PRQ	ENCFF571PRQ	ENCSR000BMX	ENCSR786MYZ	BPNet	observed signal profile	bigWig	ChIP-seq	GATA3	T47D	cell-line	cell-line	cell-line	minus	none	passed
ENCFF257WFF	ENCFF257WFF	ENCSR000BMX	ENCSR786MYZ	BPNet	observed signal profile	bigWig	ChIP-seq	GATA3	T47D	cell-line	cell-line	cell-line	plus	none	passed
ENCFF731ZZK	ENCFF731ZZK	ENCSR590CNM	ENCSR619UDQ	BPNet	observed signal profile	bigWig	ChIP-seq	GATA4	HepG2	cell-line	cell-line	cell-line	minus	none	passed
ENCFF329QDJ	ENCFF329QDJ	ENCSR590CNM	ENCSR619UDQ	BPNet	observed signal profile	bigWig	ChIP-seq	GATA4	HepG2	cell-line	cell-line	cell-line	plus	none	passed
ENCFF088AWN	ENCFF088AWN	ENCSR849FVL	ENCSR870DPI	BPNet	observed signal profile	bigWig	ChIP-seq	GFI1	HepG2	cell-line	cell-line	cell-line	minus	none	passed
ENCFF282VIN	ENCFF282VIN	ENCSR849FVL	ENCSR870DPI	BPNet	observed signal profile	bigWig	ChIP-seq	GFI1	HepG2	cell-line	cell-line	cell-line	plus	none	passed
ENCFF543HOK	ENCFF543HOK	ENCSR445PDR	ENCSR026EBR	BPNet	observed signal profile	bigWig	ChIP-seq	GFI1B	HEK293	cell-line	cell-line	cell-line	minus	none	passed
ENCFF980XCC	ENCFF980XCC	ENCSR445PDR	ENCSR026EBR	BPNet	observed signal profile	bigWig	ChIP-seq	GFI1B	HEK293	cell-line	cell-line	cell-line	plus	none	passed
ENCFF492HTT	ENCFF492HTT	ENCSR211PZO	ENCSR285UTX	BPNet	observed signal profile	bigWig	ChIP-seq	GLI4	HEK293	cell-line	cell-line	cell-line	minus	none	passed
ENCFF296ISD	ENCFF296ISD	ENCSR211PZO	ENCSR285UTX	BPNet	observed signal profile	bigWig	ChIP-seq	GLI4	HEK293	cell-line	cell-line	cell-line	plus	none	passed
ENCFF963KXM	ENCFF963KXM	ENCSR482BBZ	ENCSR184DFX	BPNet	observed signal profile	bigWig	ChIP-seq	GLIS1	HEK293	cell-line	cell-line	cell-line	minus	none	passed
ENCFF205RST	ENCFF205RST	ENCSR482BBZ	ENCSR184DFX	BPNet	observed signal profile	bigWig	ChIP-seq	GLIS1	HEK293	cell-line	cell-line	cell-line	plus	none	passed
ENCFF200FDA	ENCFF200FDA	ENCSR535DIA	ENCSR934MIG	BPNet	observed signal profile	bigWig	ChIP-seq	GLIS2	HEK293	cell-line	cell-line	cell-line	minus	none	passed
ENCFF469TED	ENCFF469TED	ENCSR535DIA	ENCSR934MIG	BPNet	observed signal profile	bigWig	ChIP-seq	GLIS2	HEK293	cell-line	cell-line	cell-line	plus	none	passed
ENCFF063XZW	ENCFF063XZW	ENCSR780OXL	ENCSR520BKB	BPNet	observed signal profile	bigWig	ChIP-seq	GMEB1	HepG2	cell-line	cell-line	cell-line	minus	none	passed
ENCFF235QKO	ENCFF235QKO	ENCSR780OXL	ENCSR520BKB	BPNet	observed signal profile	bigWig	ChIP-seq	GMEB1	HepG2	cell-line	cell-line	cell-line	plus	none	passed
ENCFF466UPS	ENCFF466UPS	ENCSR928KOR	ENCSR948NTC	BPNet	observed signal profile	bigWig	ChIP-seq	GMEB1	K562	cell-line	cell-line	cell-line	minus	none	passed
ENCFF937HWX	ENCFF937HWX	ENCSR376RCX	ENCSR016LNK	BPNet	observed signal profile	bigWig	ChIP-seq	GMEB1	K562	cell-line	cell-line	cell-line	minus	none	passed
ENCFF140IVW	ENCFF140IVW	ENCSR928KOR	ENCSR948NTC	BPNet	observed signal profile	bigWig	ChIP-seq	GMEB1	K562	cell-line	cell-line	cell-line	plus	none	passed
ENCFF337EIC	ENCFF337EIC	ENCSR376RCX	ENCSR016LNK	BPNet	observed signal profile	bigWig	ChIP-seq	GMEB1	K562	cell-line	cell-line	cell-line	plus	none	passed
ENCFF155SIO	ENCFF155SIO	ENCSR745VSQ	ENCSR800IAB	BPNet	observed signal profile	bigWig	ChIP-seq	GMEB2	HepG2	cell-line	cell-line	cell-line	minus	none	passed
ENCFF209IUO	ENCFF209IUO	ENCSR745VSQ	ENCSR800IAB	BPNet	observed signal profile	bigWig	ChIP-seq	GMEB2	HepG2	cell-line	cell-line	cell-line	plus	none	passed
ENCFF885MZS	ENCFF885MZS	ENCSR091JXL	ENCSR122YYA	BPNet	observed signal profile	bigWig	ChIP-seq	HES1	K562	cell-line	cell-line	cell-line	minus	none	passed
ENCFF431JMQ	ENCFF431JMQ	ENCSR091JXL	ENCSR122YYA	BPNet	observed signal profile	bigWig	ChIP-seq	HES1	K562	cell-line	cell-line	cell-line	plus	none	passed
ENCFF551YSX	ENCFF551YSX	ENCSR109ODF	ENCSR221HJH	BPNet	observed signal profile	bigWig	ChIP-seq	HES1	MCF-7	cell-line	cell-line	cell-line	minus	none	passed
ENCFF423QAW	ENCFF423QAW	ENCSR109ODF	ENCSR221HJH	BPNet	observed signal profile	bigWig	ChIP-seq	HES1	MCF-7	cell-line	cell-line	cell-line	plus	none	passed
ENCFF267LLS	ENCFF267LLS	ENCSR803GYT	ENCSR970AAN	BPNet	observed signal profile	bigWig	ChIP-seq	HIC1	HEK293	cell-line	cell-line	cell-line	minus	none	passed
ENCFF266IFI	ENCFF266IFI	ENCSR803GYT	ENCSR970AAN	BPNet	observed signal profile	bigWig	ChIP-seq	HIC1	HEK293	cell-line	cell-line	cell-line	plus	none	passed
ENCFF531BBM	ENCFF531BBM	ENCSR015LYB	ENCSR300LYZ	BPNet	observed signal profile	bigWig	ChIP-seq	HIC2	HepG2	cell-line	cell-line	cell-line	minus	none	passed
ENCFF506DJT	ENCFF506DJT	ENCSR015LYB	ENCSR300LYZ	BPNet	observed signal profile	bigWig	ChIP-seq	HIC2	HepG2	cell-line	cell-line	cell-line	plus	none	passed
ENCFF882VGZ	ENCFF882VGZ	ENCSR621PAN	ENCSR326BKK	BPNet	observed signal profile	bigWig	ChIP-seq	HINFP	HepG2	cell-line	cell-line	cell-line	minus	none	passed
ENCFF194BMQ	ENCFF194BMQ	ENCSR621PAN	ENCSR326BKK	BPNet	observed signal profile	bigWig	ChIP-seq	HINFP	HepG2	cell-line	cell-line	cell-line	plus	none	passed
ENCFF242SFC	ENCFF242SFC	ENCSR619GFP	ENCSR727YCU	BPNet	observed signal profile	bigWig	ChIP-seq	HINFP	K562	cell-line	cell-line	cell-line	minus	none	passed
ENCFF743RAN	ENCFF743RAN	ENCSR619GFP	ENCSR727YCU	BPNet	observed signal profile	bigWig	ChIP-seq	HINFP	K562	cell-line	cell-line	cell-line	plus	none	passed
ENCFF489BMS	ENCFF489BMS	ENCSR528PSI	ENCSR436HTS	BPNet	observed signal profile	bigWig	ChIP-seq	HLF	HepG2	cell-line	cell-line	cell-line	minus	none	passed
ENCFF324BBP	ENCFF324BBP	ENCSR528PSI	ENCSR436HTS	BPNet	observed signal profile	bigWig	ChIP-seq	HLF	HepG2	cell-line	cell-line	cell-line	plus	none	passed
ENCFF987FME	ENCFF987FME	ENCSR757IIU	ENCSR846NWW	BPNet	observed signal profile	bigWig	ChIP-seq	HMBOX1	K562	cell-line	cell-line	cell-line	minus	none	passed
ENCFF293DFE	ENCFF293DFE	ENCSR757IIU	ENCSR846NWW	BPNet	observed signal profile	bigWig	ChIP-seq	HMBOX1	K562	cell-line	cell-line	cell-line	plus	none	passed
ENCFF370RMF	ENCFF370RMF	ENCSR626HJW	ENCSR792APP	BPNet	observed signal profile	bigWig	ChIP-seq	HMG20A	K562	cell-line	cell-line	cell-line	minus	none	passed
ENCFF618CZA	ENCFF618CZA	ENCSR626HJW	ENCSR792APP	BPNet	observed signal profile	bigWig	ChIP-seq	HMG20A	K562	cell-line	cell-line	cell-line	plus	none	passed
ENCFF292SZU	ENCFF292SZU	ENCSR633HRJ	ENCSR983GOH	BPNet	observed signal profile	bigWig	ChIP-seq	HNF1A	HepG2	cell-line	cell-line	cell-line	minus	none	passed
ENCFF727ZOW	ENCFF727ZOW	ENCSR800QIT	ENCSR432QOH	BPNet	observed signal profile	bigWig	ChIP-seq	HNF1A	HepG2	cell-line	cell-line	cell-line	minus	none	passed
ENCFF209VJE	ENCFF209VJE	ENCSR633HRJ	ENCSR983GOH	BPNet	observed signal profile	bigWig	ChIP-seq	HNF1A	HepG2	cell-line	cell-line	cell-line	plus	none	passed
ENCFF953NCX	ENCFF953NCX	ENCSR800QIT	ENCSR432QOH	BPNet	observed signal profile	bigWig	ChIP-seq	HNF1A	HepG2	cell-line	cell-line	cell-line	plus	none	passed
ENCFF235BYV	ENCFF235BYV	ENCSR127XTZ	ENCSR416MSB	BPNet	observed signal profile	bigWig	ChIP-seq	HNF1B	HepG2	cell-line	cell-line	cell-line	minus	none	passed
ENCFF081VMY	ENCFF081VMY	ENCSR127XTZ	ENCSR416MSB	BPNet	observed signal profile	bigWig	ChIP-seq	HNF1B	HepG2	cell-line	cell-line	cell-line	plus	none	passed
ENCFF290ZUY	ENCFF290ZUY	ENCSR000EEU	ENCSR468WGQ	BPNet	observed signal profile	bigWig	ChIP-seq	HNF4A	HepG2	cell-line	cell-line	cell-line	minus	none	passed
ENCFF295UWJ	ENCFF295UWJ	ENCSR469FBY	ENCSR714LTU	BPNet	observed signal profile	bigWig	ChIP-seq	HNF4A	HepG2	cell-line	cell-line	cell-line	minus	none	passed
ENCFF307THG	ENCFF307THG	ENCSR000BLF	ENCSR412QFT	BPNet	observed signal profile	bigWig	ChIP-seq	HNF4A	HepG2	cell-line	cell-line	cell-line	minus	none	passed
ENCFF059JOD	ENCFF059JOD	ENCSR000EEU	ENCSR468WGQ	BPNet	observed signal profile	bigWig	ChIP-seq	HNF4A	HepG2	cell-line	cell-line	cell-line	plus	none	passed
ENCFF131MJG	ENCFF131MJG	ENCSR000BLF	ENCSR412QFT	BPNet	observed signal profile	bigWig	ChIP-seq	HNF4A	HepG2	cell-line	cell-line	cell-line	plus	none	passed
ENCFF357NSN	ENCFF357NSN	ENCSR469FBY	ENCSR714LTU	BPNet	observed signal profile	bigWig	ChIP-seq	HNF4A	HepG2	cell-line	cell-line	cell-line	plus	none	passed
ENCFF031IMG	ENCFF031IMG	ENCSR445QRF	ENCSR430OFY	BPNet	observed signal profile	bigWig	ChIP-seq	HNF4A	liver	liver	liver	digestive-system	minus	none	passed
ENCFF433WNE	ENCFF433WNE	ENCSR601OGE	ENCSR553GPB	BPNet	observed signal profile	bigWig	ChIP-seq	HNF4A	liver	liver	liver	digestive-system	minus	none	passed
ENCFF787PXG	ENCFF787PXG	ENCSR601OGE	ENCSR553GPB	BPNet	observed signal profile	bigWig	ChIP-seq	HNF4A	liver	liver	liver	digestive-system	plus	none	passed
ENCFF862MRN	ENCFF862MRN	ENCSR445QRF	ENCSR430OFY	BPNet	observed signal profile	bigWig	ChIP-seq	HNF4A	liver	liver	liver	digestive-system	plus	none	passed
ENCFF168YAH	ENCFF168YAH	ENCSR000BNJ	ENCSR137AQD	BPNet	observed signal profile	bigWig	ChIP-seq	HNF4G	HepG2	cell-line	cell-line	cell-line	minus	none	passed
ENCFF712EOH	ENCFF712EOH	ENCSR793EHQ	ENCSR912RVZ	BPNet	observed signal profile	bigWig	ChIP-seq	HNF4G	HepG2	cell-line	cell-line	cell-line	minus	none	passed
ENCFF738IAK	ENCFF738IAK	ENCSR000BNJ	ENCSR137AQD	BPNet	observed signal profile	bigWig	ChIP-seq	HNF4G	HepG2	cell-line	cell-line	cell-line	plus	none	passed
ENCFF807EPS	ENCFF807EPS	ENCSR793EHQ	ENCSR912RVZ	BPNet	observed signal profile	bigWig	ChIP-seq	HNF4G	HepG2	cell-line	cell-line	cell-line	plus	none	passed
ENCFF273CDW	ENCFF273CDW	ENCSR297GII	ENCSR434NAO	BPNet	observed signal profile	bigWig	ChIP-seq	HNF4G	liver	liver	liver	digestive-system	minus	none	passed
ENCFF873SEA	ENCFF873SEA	ENCSR297GII	ENCSR434NAO	BPNet	observed signal profile	bigWig	ChIP-seq	HNF4G	liver	liver	liver	digestive-system	plus	none	passed
ENCFF089RCG	ENCFF089RCG	ENCSR692RKS	ENCSR601QBK	BPNet	observed signal profile	bigWig	ChIP-seq	HOXA10	HepG2	cell-line	cell-line	cell-line	minus	none	passed
ENCFF687CJS	ENCFF687CJS	ENCSR692RKS	ENCSR601QBK	BPNet	observed signal profile	bigWig	ChIP-seq	HOXA10	HepG2	cell-line	cell-line	cell-line	plus	none	passed
ENCFF645WWO	ENCFF645WWO	ENCSR418XXL	ENCSR857TAH	BPNet	observed signal profile	bigWig	ChIP-seq	HOXD13	HEK293	cell-line	cell-line	cell-line	minus	none	passed
ENCFF236KQX	ENCFF236KQX	ENCSR418XXL	ENCSR857TAH	BPNet	observed signal profile	bigWig	ChIP-seq	HOXD13	HEK293	cell-line	cell-line	cell-line	plus	none	passed
ENCFF331XDU	ENCFF331XDU	ENCSR000EET	ENCSR302TER	BPNet	observed signal profile	bigWig	ChIP-seq	HSF1	HepG2	cell-line	cell-line	cell-line	minus	none	passed
ENCFF494API	ENCFF494API	ENCSR000EET	ENCSR302TER	BPNet	observed signal profile	bigWig	ChIP-seq	HSF1	HepG2	cell-line	cell-line	cell-line	plus	none	passed
ENCFF004VPV	ENCFF004VPV	ENCSR062HDL	ENCSR728XOJ	BPNet	observed signal profile	bigWig	ChIP-seq	HSF1	MCF-7	cell-line	cell-line	cell-line	minus	none	passed
ENCFF872NJJ	ENCFF872NJJ	ENCSR062HDL	ENCSR728XOJ	BPNet	observed signal profile	bigWig	ChIP-seq	HSF1	MCF-7	cell-line	cell-line	cell-line	plus	none	passed
ENCFF804IIM	ENCFF804IIM	ENCSR764ZBK	ENCSR271JMS	BPNet	observed signal profile	bigWig	ChIP-seq	HSF2	HepG2	cell-line	cell-line	cell-line	minus	none	passed
ENCFF085YPH	ENCFF085YPH	ENCSR764ZBK	ENCSR271JMS	BPNet	observed signal profile	bigWig	ChIP-seq	HSF2	HepG2	cell-line	cell-line	cell-line	plus	none	passed
ENCFF322CFL	ENCFF322CFL	ENCSR000EUJ	ENCSR920YZT	BPNet	observed signal profile	bigWig	ChIP-seq	IKZF1	GM12878	cell-line	cell-line	cell-line	minus	none	passed
ENCFF895OPK	ENCFF895OPK	ENCSR441VHN	ENCSR142BYT	BPNet	observed signal profile	bigWig	ChIP-seq	IKZF1	GM12878	cell-line	cell-line	cell-line	minus	none	passed
ENCFF933COP	ENCFF933COP	ENCSR874AFU	ENCSR199HXS	BPNet	observed signal profile	bigWig	ChIP-seq	IKZF1	GM12878	cell-line	cell-line	cell-line	minus	none	passed
ENCFF048EPQ	ENCFF048EPQ	ENCSR441VHN	ENCSR142BYT	BPNet	observed signal profile	bigWig	ChIP-seq	IKZF1	GM12878	cell-line	cell-line	cell-line	plus	none	passed
ENCFF223ZOL	ENCFF223ZOL	ENCSR000EUJ	ENCSR920YZT	BPNet	observed signal profile	bigWig	ChIP-seq	IKZF1	GM12878	cell-line	cell-line	cell-line	plus	none	passed
ENCFF609RMM	ENCFF609RMM	ENCSR874AFU	ENCSR199HXS	BPNet	observed signal profile	bigWig	ChIP-seq	IKZF1	GM12878	cell-line	cell-line	cell-line	plus	none	passed
ENCFF284GTN	ENCFF284GTN	ENCSR395HWC	ENCSR740JNL	BPNet	observed signal profile	bigWig	ChIP-seq	IKZF1	K562	cell-line	cell-line	cell-line	minus	none	passed
ENCFF724YTN	ENCFF724YTN	ENCSR948VFL	ENCSR167KIF	BPNet	observed signal profile	bigWig	ChIP-seq	IKZF1	K562	cell-line	cell-line	cell-line	minus	none	passed
ENCFF080EMF	ENCFF080EMF	ENCSR395HWC	ENCSR740JNL	BPNet	observed signal profile	bigWig	ChIP-seq	IKZF1	K562	cell-line	cell-line	cell-line	plus	none	passed
ENCFF199EOO	ENCFF199EOO	ENCSR948VFL	ENCSR167KIF	BPNet	observed signal profile	bigWig	ChIP-seq	IKZF1	K562	cell-line	cell-line	cell-line	plus	none	passed
ENCFF183KHS	ENCFF183KHS	ENCSR822AHX	ENCSR099EKK	BPNet	observed signal profile	bigWig	ChIP-seq	IKZF2	GM12878	cell-line	cell-line	cell-line	minus	none	passed
ENCFF613XAZ	ENCFF613XAZ	ENCSR680UQE	ENCSR289CZE	BPNet	observed signal profile	bigWig	ChIP-seq	IKZF2	GM12878	cell-line	cell-line	cell-line	minus	none	passed
ENCFF957VCK	ENCFF957VCK	ENCSR822AHX	ENCSR099EKK	BPNet	observed signal profile	bigWig	ChIP-seq	IKZF2	GM12878	cell-line	cell-line	cell-line	plus	none	passed
ENCFF999OMT	ENCFF999OMT	ENCSR680UQE	ENCSR289CZE	BPNet	observed signal profile	bigWig	ChIP-seq	IKZF2	GM12878	cell-line	cell-line	cell-line	plus	none	passed
ENCFF569HRT	ENCFF569HRT	ENCSR890DSP	ENCSR576SBT	BPNet	observed signal profile	bigWig	ChIP-seq	IRF1	HepG2	cell-line	cell-line	cell-line	minus	none	passed
ENCFF885XQE	ENCFF885XQE	ENCSR890DSP	ENCSR576SBT	BPNet	observed signal profile	bigWig	ChIP-seq	IRF1	HepG2	cell-line	cell-line	cell-line	plus	none	passed
ENCFF594VPB	ENCFF594VPB	ENCSR854MCV	ENCSR783LKI	BPNet	observed signal profile	bigWig	ChIP-seq	IRF1	K562	cell-line	cell-line	cell-line	minus	none	passed
ENCFF782HTX	ENCFF782HTX	ENCSR000EGK	ENCSR125AQC	BPNet	observed signal profile	bigWig	ChIP-seq	IRF1	K562	cell-line	cell-line	cell-line	minus	none	passed
ENCFF828VPC	ENCFF828VPC	ENCSR000EGU	ENCSR915BZL	BPNet	observed signal profile	bigWig	ChIP-seq	IRF1	K562	cell-line	cell-line	cell-line	minus	none	passed
ENCFF926PDP	ENCFF926PDP	ENCSR000EGL	ENCSR730ZXN	BPNet	observed signal profile	bigWig	ChIP-seq	IRF1	K562	cell-line	cell-line	cell-line	minus	none	passed
ENCFF661LGB	ENCFF661LGB	ENCSR000EGL	ENCSR730ZXN	BPNet	observed signal profile	bigWig	ChIP-seq	IRF1	K562	cell-line	cell-line	cell-line	plus	none	passed
ENCFF707LGY	ENCFF707LGY	ENCSR000EGK	ENCSR125AQC	BPNet	observed signal profile	bigWig	ChIP-seq	IRF1	K562	cell-line	cell-line	cell-line	plus	none	passed
ENCFF741TED	ENCFF741TED	ENCSR854MCV	ENCSR783LKI	BPNet	observed signal profile	bigWig	ChIP-seq	IRF1	K562	cell-line	cell-line	cell-line	plus	none	passed
ENCFF748RYQ	ENCFF748RYQ	ENCSR000EGU	ENCSR915BZL	BPNet	observed signal profile	bigWig	ChIP-seq	IRF1	K562	cell-line	cell-line	cell-line	plus	none	passed
ENCFF382NTC	ENCFF382NTC	ENCSR604UJV	ENCSR841NXD	BPNet	observed signal profile	bigWig	ChIP-seq	IRF2	HepG2	cell-line	cell-line	cell-line	minus	none	passed
ENCFF618LRC	ENCFF618LRC	ENCSR604UJV	ENCSR841NXD	BPNet	observed signal profile	bigWig	ChIP-seq	IRF2	HepG2	cell-line	cell-line	cell-line	plus	none	passed
ENCFF348VIL	ENCFF348VIL	ENCSR645ZWR	ENCSR075JNC	BPNet	observed signal profile	bigWig	ChIP-seq	IRF2	K562	cell-line	cell-line	cell-line	minus	none	passed
ENCFF975TJY	ENCFF975TJY	ENCSR376WCJ	ENCSR921WDF	BPNet	observed signal profile	bigWig	ChIP-seq	IRF2	K562	cell-line	cell-line	cell-line	minus	none	passed
ENCFF578IQE	ENCFF578IQE	ENCSR645ZWR	ENCSR075JNC	BPNet	observed signal profile	bigWig	ChIP-seq	IRF2	K562	cell-line	cell-line	cell-line	plus	none	passed
ENCFF887MPK	ENCFF887MPK	ENCSR376WCJ	ENCSR921WDF	BPNet	observed signal profile	bigWig	ChIP-seq	IRF2	K562	cell-line	cell-line	cell-line	plus	none	passed
ENCFF818SSX	ENCFF818SSX	ENCSR000BGY	ENCSR430POV	BPNet	observed signal profile	bigWig	ChIP-seq	IRF4	GM12878	cell-line	cell-line	cell-line	minus	none	passed
ENCFF248XOI	ENCFF248XOI	ENCSR000BGY	ENCSR430POV	BPNet	observed signal profile	bigWig	ChIP-seq	IRF4	GM12878	cell-line	cell-line	cell-line	plus	none	passed
ENCFF268LXY	ENCFF268LXY	ENCSR225UTR	ENCSR032XTF	BPNet	observed signal profile	bigWig	ChIP-seq	IRX3	HepG2	cell-line	cell-line	cell-line	minus	none	passed
ENCFF939ACK	ENCFF939ACK	ENCSR225UTR	ENCSR032XTF	BPNet	observed signal profile	bigWig	ChIP-seq	IRX3	HepG2	cell-line	cell-line	cell-line	plus	none	passed
ENCFF715WOE	ENCFF715WOE	ENCSR008LHT	ENCSR301GLQ	BPNet	observed signal profile	bigWig	ChIP-seq	ISL1	SK-N-SH	cell-line	cell-line	cell-line	minus	none	passed
ENCFF462CXW	ENCFF462CXW	ENCSR008LHT	ENCSR301GLQ	BPNet	observed signal profile	bigWig	ChIP-seq	ISL1	SK-N-SH	cell-line	cell-line	cell-line	plus	none	passed
ENCFF014JFA	ENCFF014JFA	ENCSR192PBJ	ENCSR858EUR	BPNet	observed signal profile	bigWig	ChIP-seq	JUN	A549	cell-line	cell-line	cell-line	minus	none	passed
ENCFF131EBS	ENCFF131EBS	ENCSR991RJM	ENCSR176VCX	BPNet	observed signal profile	bigWig	ChIP-seq	JUN	A549	cell-line	cell-line	cell-line	minus	none	passed
ENCFF153BEO	ENCFF153BEO	ENCSR783THJ	ENCSR276WFD	BPNet	observed signal profile	bigWig	ChIP-seq	JUN	A549	cell-line	cell-line	cell-line	minus	none	passed
ENCFF161OXK	ENCFF161OXK	ENCSR793HZD	ENCSR529PUA	BPNet	observed signal profile	bigWig	ChIP-seq	JUN	A549	cell-line	cell-line	cell-line	minus	none	passed
ENCFF169BCD	ENCFF169BCD	ENCSR110UPH	ENCSR608HKT	BPNet	observed signal profile	bigWig	ChIP-seq	JUN	A549	cell-line	cell-line	cell-line	minus	none	passed
ENCFF335TSI	ENCFF335TSI	ENCSR991VVW	ENCSR354DBP	BPNet	observed signal profile	bigWig	ChIP-seq	JUN	A549	cell-line	cell-line	cell-line	minus	none	passed
ENCFF390BXP	ENCFF390BXP	ENCSR022WVP	ENCSR020RYL	BPNet	observed signal profile	bigWig	ChIP-seq	JUN	A549	cell-line	cell-line	cell-line	minus	none	passed
ENCFF520JNC	ENCFF520JNC	ENCSR708DGM	ENCSR967RSX	BPNet	observed signal profile	bigWig	ChIP-seq	JUN	A549	cell-line	cell-line	cell-line	minus	none	passed
ENCFF531WST	ENCFF531WST	ENCSR664ZHF	ENCSR993QBC	BPNet	observed signal profile	bigWig	ChIP-seq	JUN	A549	cell-line	cell-line	cell-line	minus	none	passed
ENCFF570UGV	ENCFF570UGV	ENCSR048CVK	ENCSR105KWV	BPNet	observed signal profile	bigWig	ChIP-seq	JUN	A549	cell-line	cell-line	cell-line	minus	none	passed
ENCFF617RQP	ENCFF617RQP	ENCSR628MQN	ENCSR680RTV	BPNet	observed signal profile	bigWig	ChIP-seq	JUN	A549	cell-line	cell-line	cell-line	minus	none	passed
ENCFF660CMY	ENCFF660CMY	ENCSR996DUT	ENCSR508ZXB	BPNet	observed signal profile	bigWig	ChIP-seq	JUN	A549	cell-line	cell-line	cell-line	minus	none	passed
ENCFF736CSL	ENCFF736CSL	ENCSR090RGB	ENCSR545KHX	BPNet	observed signal profile	bigWig	ChIP-seq	JUN	A549	cell-line	cell-line	cell-line	minus	none	passed
ENCFF787XJU	ENCFF787XJU	ENCSR604CKQ	ENCSR398FIK	BPNet	observed signal profile	bigWig	ChIP-seq	JUN	A549	cell-line	cell-line	cell-line	minus	none	passed
ENCFF856ZEN	ENCFF856ZEN	ENCSR716SJK	ENCSR507OSG	BPNet	observed signal profile	bigWig	ChIP-seq	JUN	A549	cell-line	cell-line	cell-line	minus	none	passed
ENCFF898ZNP	ENCFF898ZNP	ENCSR612GKD	ENCSR797NTV	BPNet	observed signal profile	bigWig	ChIP-seq	JUN	A549	cell-line	cell-line	cell-line	minus	none	passed
ENCFF060QUJ	ENCFF060QUJ	ENCSR192PBJ	ENCSR858EUR	BPNet	observed signal profile	bigWig	ChIP-seq	JUN	A549	cell-line	cell-line	cell-line	plus	none	passed
ENCFF185MDZ	ENCFF185MDZ	ENCSR090RGB	ENCSR545KHX	BPNet	observed signal profile	bigWig	ChIP-seq	JUN	A549	cell-line	cell-line	cell-line	plus	none	passed
ENCFF420VQW	ENCFF420VQW	ENCSR793HZD	ENCSR529PUA	BPNet	observed signal profile	bigWig	ChIP-seq	JUN	A549	cell-line	cell-line	cell-line	plus	none	passed
ENCFF430XGP	ENCFF430XGP	ENCSR048CVK	ENCSR105KWV	BPNet	observed signal profile	bigWig	ChIP-seq	JUN	A549	cell-line	cell-line	cell-line	plus	none	passed
ENCFF431BDD	ENCFF431BDD	ENCSR708DGM	ENCSR967RSX	BPNet	observed signal profile	bigWig	ChIP-seq	JUN	A549	cell-line	cell-line	cell-line	plus	none	passed
ENCFF497NNP	ENCFF497NNP	ENCSR991RJM	ENCSR176VCX	BPNet	observed signal profile	bigWig	ChIP-seq	JUN	A549	cell-line	cell-line	cell-line	plus	none	passed
ENCFF508IPZ	ENCFF508IPZ	ENCSR716SJK	ENCSR507OSG	BPNet	observed signal profile	bigWig	ChIP-seq	JUN	A549	cell-line	cell-line	cell-line	plus	none	passed
ENCFF564OLL	ENCFF564OLL	ENCSR612GKD	ENCSR797NTV	BPNet	observed signal profile	bigWig	ChIP-seq	JUN	A549	cell-line	cell-line	cell-line	plus	none	passed
ENCFF615YFS	ENCFF615YFS	ENCSR110UPH	ENCSR608HKT	BPNet	observed signal profile	bigWig	ChIP-seq	JUN	A549	cell-line	cell-line	cell-line	plus	none	passed
ENCFF699UDU	ENCFF699UDU	ENCSR991VVW	ENCSR354DBP	BPNet	observed signal profile	bigWig	ChIP-seq	JUN	A549	cell-line	cell-line	cell-line	plus	none	passed
ENCFF717NXG	ENCFF717NXG	ENCSR628MQN	ENCSR680RTV	BPNet	observed signal profile	bigWig	ChIP-seq	JUN	A549	cell-line	cell-line	cell-line	plus	none	passed
ENCFF742BUV	ENCFF742BUV	ENCSR664ZHF	ENCSR993QBC	BPNet	observed signal profile	bigWig	ChIP-seq	JUN	A549	cell-line	cell-line	cell-line	plus	none	passed
ENCFF742TXZ	ENCFF742TXZ	ENCSR022WVP	ENCSR020RYL	BPNet	observed signal profile	bigWig	ChIP-seq	JUN	A549	cell-line	cell-line	cell-line	plus	none	passed
ENCFF901QJT	ENCFF901QJT	ENCSR783THJ	ENCSR276WFD	BPNet	observed signal profile	bigWig	ChIP-seq	JUN	A549	cell-line	cell-line	cell-line	plus	none	passed
ENCFF931VAH	ENCFF931VAH	ENCSR604CKQ	ENCSR398FIK	BPNet	observed signal profile	bigWig	ChIP-seq	JUN	A549	cell-line	cell-line	cell-line	plus	none	passed
ENCFF959DPX	ENCFF959DPX	ENCSR996DUT	ENCSR508ZXB	BPNet	observed signal profile	bigWig	ChIP-seq	JUN	A549	cell-line	cell-line	cell-line	plus	none	passed
ENCFF303PBJ	ENCFF303PBJ	ENCSR000EDG	ENCSR114FHF	BPNet	observed signal profile	bigWig	ChIP-seq	JUN	HeLa-S3	cell-line	cell-line	cell-line	minus	none	passed
ENCFF230JDW	ENCFF230JDW	ENCSR000EDG	ENCSR114FHF	BPNet	observed signal profile	bigWig	ChIP-seq	JUN	HeLa-S3	cell-line	cell-line	cell-line	plus	none	passed
ENCFF005UZT	ENCFF005UZT	ENCSR747VUU	ENCSR703JZI	BPNet	observed signal profile	bigWig	ChIP-seq	JUN	HepG2	cell-line	cell-line	cell-line	minus	none	passed
ENCFF552EAV	ENCFF552EAV	ENCSR000EEK	ENCSR701HFV	BPNet	observed signal profile	bigWig	ChIP-seq	JUN	HepG2	cell-line	cell-line	cell-line	minus	none	passed
ENCFF242RAI	ENCFF242RAI	ENCSR747VUU	ENCSR703JZI	BPNet	observed signal profile	bigWig	ChIP-seq	JUN	HepG2	cell-line	cell-line	cell-line	plus	none	passed
ENCFF749IRC	ENCFF749IRC	ENCSR000EEK	ENCSR701HFV	BPNet	observed signal profile	bigWig	ChIP-seq	JUN	HepG2	cell-line	cell-line	cell-line	plus	none	passed
ENCFF370FPF	ENCFF370FPF	ENCSR000FAH	ENCSR748TEQ	BPNet	observed signal profile	bigWig	ChIP-seq	JUN	K562	cell-line	cell-line	cell-line	minus	none	passed
ENCFF523HYC	ENCFF523HYC	ENCSR000EGH	ENCSR345GVW	BPNet	observed signal profile	bigWig	ChIP-seq	JUN	K562	cell-line	cell-line	cell-line	minus	none	passed
ENCFF730XMK	ENCFF730XMK	ENCSR000EZT	ENCSR354JEC	BPNet	observed signal profile	bigWig	ChIP-seq	JUN	K562	cell-line	cell-line	cell-line	minus	none	passed
ENCFF743SIL	ENCFF743SIL	ENCSR000EZX	ENCSR550GGT	BPNet	observed signal profile	bigWig	ChIP-seq	JUN	K562	cell-line	cell-line	cell-line	minus	none	passed
ENCFF778LPR	ENCFF778LPR	ENCSR000EZW	ENCSR083GMU	BPNet	observed signal profile	bigWig	ChIP-seq	JUN	K562	cell-line	cell-line	cell-line	minus	none	passed
ENCFF783MMZ	ENCFF783MMZ	ENCSR946WBN	ENCSR554NXB	BPNet	observed signal profile	bigWig	ChIP-seq	JUN	K562	cell-line	cell-line	cell-line	minus	none	passed
ENCFF808AVQ	ENCFF808AVQ	ENCSR000EFS	ENCSR020CRX	BPNet	observed signal profile	bigWig	ChIP-seq	JUN	K562	cell-line	cell-line	cell-line	minus	none	passed
ENCFF547ZFL	ENCFF547ZFL	ENCSR946WBN	ENCSR554NXB	BPNet	observed signal profile	bigWig	ChIP-seq	JUN	K562	cell-line	cell-line	cell-line	plus	none	passed
ENCFF657NBB	ENCFF657NBB	ENCSR000EGH	ENCSR345GVW	BPNet	observed signal profile	bigWig	ChIP-seq	JUN	K562	cell-line	cell-line	cell-line	plus	none	passed
ENCFF710PTY	ENCFF710PTY	ENCSR000EZW	ENCSR083GMU	BPNet	observed signal profile	bigWig	ChIP-seq	JUN	K562	cell-line	cell-line	cell-line	plus	none	passed
ENCFF788HRT	ENCFF788HRT	ENCSR000EFS	ENCSR020CRX	BPNet	observed signal profile	bigWig	ChIP-seq	JUN	K562	cell-line	cell-line	cell-line	plus	none	passed
ENCFF792XZA	ENCFF792XZA	ENCSR000EZX	ENCSR550GGT	BPNet	observed signal profile	bigWig	ChIP-seq	JUN	K562	cell-line	cell-line	cell-line	plus	none	passed
ENCFF971EZG	ENCFF971EZG	ENCSR000EZT	ENCSR354JEC	BPNet	observed signal profile	bigWig	ChIP-seq	JUN	K562	cell-line	cell-line	cell-line	plus	none	passed
ENCFF980SGH	ENCFF980SGH	ENCSR000FAH	ENCSR748TEQ	BPNet	observed signal profile	bigWig	ChIP-seq	JUN	K562	cell-line	cell-line	cell-line	plus	none	passed
ENCFF762DZE	ENCFF762DZE	ENCSR176EXN	ENCSR570FQB	BPNet	observed signal profile	bigWig	ChIP-seq	JUN	MCF-7	cell-line	cell-line	cell-line	minus	none	passed
ENCFF324LQJ	ENCFF324LQJ	ENCSR176EXN	ENCSR570FQB	BPNet	observed signal profile	bigWig	ChIP-seq	JUN	MCF-7	cell-line	cell-line	cell-line	plus	none	passed
ENCFF260AJF	ENCFF260AJF	ENCSR000EFA	ENCSR403FHV	BPNet	observed signal profile	bigWig	ChIP-seq	JUN	endothelial-cell-of-umbilical-vein	endothelial	blood-vessel	circulatory-system	minus	none	passed
ENCFF955TET	ENCFF955TET	ENCSR000EFA	ENCSR403FHV	BPNet	observed signal profile	bigWig	ChIP-seq	JUN	endothelial-cell-of-umbilical-vein	endothelial	blood-vessel	circulatory-system	plus	none	passed
ENCFF003JDN	ENCFF003JDN	ENCSR814UWE	ENCSR661VEX	BPNet	observed signal profile	bigWig	ChIP-seq	JUNB	A549	cell-line	cell-line	cell-line	minus	none	passed
ENCFF023WGK	ENCFF023WGK	ENCSR523BPZ	ENCSR906DCL	BPNet	observed signal profile	bigWig	ChIP-seq	JUNB	A549	cell-line	cell-line	cell-line	minus	none	passed
ENCFF290HBW	ENCFF290HBW	ENCSR426BPV	ENCSR159OXE	BPNet	observed signal profile	bigWig	ChIP-seq	JUNB	A549	cell-line	cell-line	cell-line	minus	none	passed
ENCFF328TOF	ENCFF328TOF	ENCSR431LRW	ENCSR899KPV	BPNet	observed signal profile	bigWig	ChIP-seq	JUNB	A549	cell-line	cell-line	cell-line	minus	none	passed
ENCFF362PJV	ENCFF362PJV	ENCSR332WDQ	ENCSR460LMU	BPNet	observed signal profile	bigWig	ChIP-seq	JUNB	A549	cell-line	cell-line	cell-line	minus	none	passed
ENCFF402FFJ	ENCFF402FFJ	ENCSR269RPR	ENCSR511DGD	BPNet	observed signal profile	bigWig	ChIP-seq	JUNB	A549	cell-line	cell-line	cell-line	minus	none	passed
ENCFF538TDI	ENCFF538TDI	ENCSR656VWZ	ENCSR994GDM	BPNet	observed signal profile	bigWig	ChIP-seq	JUNB	A549	cell-line	cell-line	cell-line	minus	none	passed
ENCFF580XRU	ENCFF580XRU	ENCSR163EXK	ENCSR825LRL	BPNet	observed signal profile	bigWig	ChIP-seq	JUNB	A549	cell-line	cell-line	cell-line	minus	none	passed
ENCFF590BLQ	ENCFF590BLQ	ENCSR871NPV	ENCSR601GCZ	BPNet	observed signal profile	bigWig	ChIP-seq	JUNB	A549	cell-line	cell-line	cell-line	minus	none	passed
ENCFF711EVL	ENCFF711EVL	ENCSR666BEY	ENCSR998JNO	BPNet	observed signal profile	bigWig	ChIP-seq	JUNB	A549	cell-line	cell-line	cell-line	minus	none	passed
ENCFF723EYC	ENCFF723EYC	ENCSR226UQG	ENCSR018JTI	BPNet	observed signal profile	bigWig	ChIP-seq	JUNB	A549	cell-line	cell-line	cell-line	minus	none	passed
ENCFF961UUC	ENCFF961UUC	ENCSR490YTY	ENCSR462UAB	BPNet	observed signal profile	bigWig	ChIP-seq	JUNB	A549	cell-line	cell-line	cell-line	minus	none	passed
ENCFF010FIN	ENCFF010FIN	ENCSR666BEY	ENCSR998JNO	BPNet	observed signal profile	bigWig	ChIP-seq	JUNB	A549	cell-line	cell-line	cell-line	plus	none	passed
ENCFF118VAT	ENCFF118VAT	ENCSR163EXK	ENCSR825LRL	BPNet	observed signal profile	bigWig	ChIP-seq	JUNB	A549	cell-line	cell-line	cell-line	plus	none	passed
ENCFF159XPC	ENCFF159XPC	ENCSR431LRW	ENCSR899KPV	BPNet	observed signal profile	bigWig	ChIP-seq	JUNB	A549	cell-line	cell-line	cell-line	plus	none	passed
ENCFF198QFT	ENCFF198QFT	ENCSR332WDQ	ENCSR460LMU	BPNet	observed signal profile	bigWig	ChIP-seq	JUNB	A549	cell-line	cell-line	cell-line	plus	none	passed
ENCFF250JGK	ENCFF250JGK	ENCSR226UQG	ENCSR018JTI	BPNet	observed signal profile	bigWig	ChIP-seq	JUNB	A549	cell-line	cell-line	cell-line	plus	none	passed
ENCFF332UPM	ENCFF332UPM	ENCSR656VWZ	ENCSR994GDM	BPNet	observed signal profile	bigWig	ChIP-seq	JUNB	A549	cell-line	cell-line	cell-line	plus	none	passed
ENCFF340ORZ	ENCFF340ORZ	ENCSR426BPV	ENCSR159OXE	BPNet	observed signal profile	bigWig	ChIP-seq	JUNB	A549	cell-line	cell-line	cell-line	plus	none	passed
ENCFF353JON	ENCFF353JON	ENCSR269RPR	ENCSR511DGD	BPNet	observed signal profile	bigWig	ChIP-seq	JUNB	A549	cell-line	cell-line	cell-line	plus	none	passed
ENCFF389ZKJ	ENCFF389ZKJ	ENCSR871NPV	ENCSR601GCZ	BPNet	observed signal profile	bigWig	ChIP-seq	JUNB	A549	cell-line	cell-line	cell-line	plus	none	passed
ENCFF589OHL	ENCFF589OHL	ENCSR523BPZ	ENCSR906DCL	BPNet	observed signal profile	bigWig	ChIP-seq	JUNB	A549	cell-line	cell-line	cell-line	plus	none	passed
ENCFF763UGT	ENCFF763UGT	ENCSR490YTY	ENCSR462UAB	BPNet	observed signal profile	bigWig	ChIP-seq	JUNB	A549	cell-line	cell-line	cell-line	plus	none	passed
ENCFF881BXH	ENCFF881BXH	ENCSR814UWE	ENCSR661VEX	BPNet	observed signal profile	bigWig	ChIP-seq	JUNB	A549	cell-line	cell-line	cell-line	plus	none	passed
ENCFF866NXN	ENCFF866NXN	ENCSR897MMC	ENCSR496BQS	BPNet	observed signal profile	bigWig	ChIP-seq	JUNB	GM12878	cell-line	cell-line	cell-line	minus	none	passed
ENCFF912ETY	ENCFF912ETY	ENCSR897MMC	ENCSR496BQS	BPNet	observed signal profile	bigWig	ChIP-seq	JUNB	GM12878	cell-line	cell-line	cell-line	plus	none	passed
ENCFF722RIO	ENCFF722RIO	ENCSR685GGQ	ENCSR244PLN	BPNet	observed signal profile	bigWig	ChIP-seq	JUNB	HepG2	cell-line	cell-line	cell-line	minus	none	passed
ENCFF010CGK	ENCFF010CGK	ENCSR685GGQ	ENCSR244PLN	BPNet	observed signal profile	bigWig	ChIP-seq	JUNB	HepG2	cell-line	cell-line	cell-line	plus	none	passed
ENCFF064RXT	ENCFF064RXT	ENCSR795IYP	ENCSR224QHS	BPNet	observed signal profile	bigWig	ChIP-seq	JUNB	K562	cell-line	cell-line	cell-line	minus	none	passed
ENCFF244UJT	ENCFF244UJT	ENCSR000DJY	ENCSR784NBM	BPNet	observed signal profile	bigWig	ChIP-seq	JUNB	K562	cell-line	cell-line	cell-line	minus	none	passed
ENCFF504CQW	ENCFF504CQW	ENCSR525VAT	ENCSR262LYW	BPNet	observed signal profile	bigWig	ChIP-seq	JUNB	K562	cell-line	cell-line	cell-line	minus	none	passed
ENCFF299EUQ	ENCFF299EUQ	ENCSR000DJY	ENCSR784NBM	BPNet	observed signal profile	bigWig	ChIP-seq	JUNB	K562	cell-line	cell-line	cell-line	plus	none	passed
ENCFF493PQS	ENCFF493PQS	ENCSR795IYP	ENCSR224QHS	BPNet	observed signal profile	bigWig	ChIP-seq	JUNB	K562	cell-line	cell-line	cell-line	plus	none	passed
ENCFF608SAP	ENCFF608SAP	ENCSR525VAT	ENCSR262LYW	BPNet	observed signal profile	bigWig	ChIP-seq	JUNB	K562	cell-line	cell-line	cell-line	plus	none	passed
ENCFF993UTL	ENCFF993UTL	ENCSR000DYS	ENCSR842QLN	BPNet	observed signal profile	bigWig	ChIP-seq	JUND	GM12878	cell-line	cell-line	cell-line	minus	none	passed
ENCFF964HVY	ENCFF964HVY	ENCSR000DYS	ENCSR842QLN	BPNet	observed signal profile	bigWig	ChIP-seq	JUND	GM12878	cell-line	cell-line	cell-line	plus	none	passed
ENCFF312GLW	ENCFF312GLW	ENCSR000EBZ	ENCSR241ZHQ	BPNet	observed signal profile	bigWig	ChIP-seq	JUND	H1	cell-line	cell-line	cell-line	minus	none	passed
ENCFF664YYY	ENCFF664YYY	ENCSR000EBZ	ENCSR241ZHQ	BPNet	observed signal profile	bigWig	ChIP-seq	JUND	H1	cell-line	cell-line	cell-line	plus	none	passed
ENCFF287KDK	ENCFF287KDK	ENCSR000BSA	ENCSR650VIY	BPNet	observed signal profile	bigWig	ChIP-seq	JUND	HCT116	cell-line	cell-line	cell-line	minus	none	passed
ENCFF830JNE	ENCFF830JNE	ENCSR000BSA	ENCSR650VIY	BPNet	observed signal profile	bigWig	ChIP-seq	JUND	HCT116	cell-line	cell-line	cell-line	plus	none	passed
ENCFF733FTA	ENCFF733FTA	ENCSR000EDH	ENCSR830DFE	BPNet	observed signal profile	bigWig	ChIP-seq	JUND	HeLa-S3	cell-line	cell-line	cell-line	minus	none	passed
ENCFF061QOA	ENCFF061QOA	ENCSR000EDH	ENCSR830DFE	BPNet	observed signal profile	bigWig	ChIP-seq	JUND	HeLa-S3	cell-line	cell-line	cell-line	plus	none	passed
ENCFF026AKD	ENCFF026AKD	ENCSR282ZLP	ENCSR900EBT	BPNet	observed signal profile	bigWig	ChIP-seq	JUND	HepG2	cell-line	cell-line	cell-line	minus	none	passed
ENCFF437AEJ	ENCFF437AEJ	ENCSR000BGK	ENCSR482CTQ	BPNet	observed signal profile	bigWig	ChIP-seq	JUND	HepG2	cell-line	cell-line	cell-line	minus	none	passed
ENCFF721HCU	ENCFF721HCU	ENCSR000EEI	ENCSR439DKF	BPNet	observed signal profile	bigWig	ChIP-seq	JUND	HepG2	cell-line	cell-line	cell-line	minus	none	passed
ENCFF100XRW	ENCFF100XRW	ENCSR000EEI	ENCSR439DKF	BPNet	observed signal profile	bigWig	ChIP-seq	JUND	HepG2	cell-line	cell-line	cell-line	plus	none	passed
ENCFF245PNV	ENCFF245PNV	ENCSR282ZLP	ENCSR900EBT	BPNet	observed signal profile	bigWig	ChIP-seq	JUND	HepG2	cell-line	cell-line	cell-line	plus	none	passed
ENCFF434CQY	ENCFF434CQY	ENCSR000BGK	ENCSR482CTQ	BPNet	observed signal profile	bigWig	ChIP-seq	JUND	HepG2	cell-line	cell-line	cell-line	plus	none	passed
ENCFF295KND	ENCFF295KND	ENCSR000EGN	ENCSR711UTT	BPNet	observed signal profile	bigWig	ChIP-seq	JUND	K562	cell-line	cell-line	cell-line	minus	none	passed
ENCFF477TNY	ENCFF477TNY	ENCSR000DJX	ENCSR767UUB	BPNet	observed signal profile	bigWig	ChIP-seq	JUND	K562	cell-line	cell-line	cell-line	minus	none	passed
ENCFF681ZSG	ENCFF681ZSG	ENCSR000EGN	ENCSR711UTT	BPNet	observed signal profile	bigWig	ChIP-seq	JUND	K562	cell-line	cell-line	cell-line	plus	none	passed
ENCFF818VSV	ENCFF818VSV	ENCSR000DJX	ENCSR767UUB	BPNet	observed signal profile	bigWig	ChIP-seq	JUND	K562	cell-line	cell-line	cell-line	plus	none	passed
ENCFF924JWS	ENCFF924JWS	ENCSR000BSU	ENCSR900RMO	BPNet	observed signal profile	bigWig	ChIP-seq	JUND	MCF-7	cell-line	cell-line	cell-line	minus	none	passed
ENCFF257CBU	ENCFF257CBU	ENCSR000BSU	ENCSR900RMO	BPNet	observed signal profile	bigWig	ChIP-seq	JUND	MCF-7	cell-line	cell-line	cell-line	plus	none	passed
ENCFF398UMT	ENCFF398UMT	ENCSR000EIB	ENCSR623RBI	BPNet	observed signal profile	bigWig	ChIP-seq	JUND	SK-N-SH	cell-line	cell-line	cell-line	minus	none	passed
ENCFF564KUK	ENCFF564KUK	ENCSR000BSK	ENCSR824SLK	BPNet	observed signal profile	bigWig	ChIP-seq	JUND	SK-N-SH	cell-line	cell-line	cell-line	minus	none	passed
ENCFF055AAJ	ENCFF055AAJ	ENCSR000EIB	ENCSR623RBI	BPNet	observed signal profile	bigWig	ChIP-seq	JUND	SK-N-SH	cell-line	cell-line	cell-line	plus	none	passed
ENCFF677JBL	ENCFF677JBL	ENCSR000BSK	ENCSR824SLK	BPNet	observed signal profile	bigWig	ChIP-seq	JUND	SK-N-SH	cell-line	cell-line	cell-line	plus	none	passed
ENCFF726LHE	ENCFF726LHE	ENCSR000BVO	ENCSR525XFD	BPNet	observed signal profile	bigWig	ChIP-seq	JUND	T47D	cell-line	cell-line	cell-line	minus	none	passed
ENCFF118VRO	ENCFF118VRO	ENCSR000BVO	ENCSR525XFD	BPNet	observed signal profile	bigWig	ChIP-seq	JUND	T47D	cell-line	cell-line	cell-line	plus	none	passed
ENCFF326JPA	ENCFF326JPA	ENCSR837GTK	ENCSR985CKW	BPNet	observed signal profile	bigWig	ChIP-seq	JUND	liver	liver	liver	digestive-system	minus	none	passed
ENCFF646VJX	ENCFF646VJX	ENCSR196HGZ	ENCSR816TMP	BPNet	observed signal profile	bigWig	ChIP-seq	JUND	liver	liver	liver	digestive-system	minus	none	passed
ENCFF376WFY	ENCFF376WFY	ENCSR196HGZ	ENCSR816TMP	BPNet	observed signal profile	bigWig	ChIP-seq	JUND	liver	liver	liver	digestive-system	plus	none	passed
ENCFF381SUM	ENCFF381SUM	ENCSR837GTK	ENCSR985CKW	BPNet	observed signal profile	bigWig	ChIP-seq	JUND	liver	liver	liver	digestive-system	plus	none	passed
ENCFF965HNS	ENCFF965HNS	ENCSR859BMR	ENCSR960UKV	BPNet	observed signal profile	bigWig	ChIP-seq	KLF1	HEK293	cell-line	cell-line	cell-line	minus	none	passed
ENCFF328CBE	ENCFF328CBE	ENCSR859BMR	ENCSR960UKV	BPNet	observed signal profile	bigWig	ChIP-seq	KLF1	HEK293	cell-line	cell-line	cell-line	plus	none	passed
ENCFF228CNX	ENCFF228CNX	ENCSR550HCT	ENCSR424EEB	BPNet	observed signal profile	bigWig	ChIP-seq	KLF1	K562	cell-line	cell-line	cell-line	minus	none	passed
ENCFF919BME	ENCFF919BME	ENCSR550HCT	ENCSR424EEB	BPNet	observed signal profile	bigWig	ChIP-seq	KLF1	K562	cell-line	cell-line	cell-line	plus	none	passed
ENCFF907KIH	ENCFF907KIH	ENCSR006GAQ	ENCSR438XYE	BPNet	observed signal profile	bigWig	ChIP-seq	KLF10	HEK293	cell-line	cell-line	cell-line	minus	none	passed
ENCFF742HOR	ENCFF742HOR	ENCSR006GAQ	ENCSR438XYE	BPNet	observed signal profile	bigWig	ChIP-seq	KLF10	HEK293	cell-line	cell-line	cell-line	plus	none	passed
ENCFF938JVY	ENCFF938JVY	ENCSR616OSG	ENCSR909CUD	BPNet	observed signal profile	bigWig	ChIP-seq	KLF11	HepG2	cell-line	cell-line	cell-line	minus	none	passed
ENCFF748ZBU	ENCFF748ZBU	ENCSR616OSG	ENCSR909CUD	BPNet	observed signal profile	bigWig	ChIP-seq	KLF11	HepG2	cell-line	cell-line	cell-line	plus	none	passed
ENCFF606OPK	ENCFF606OPK	ENCSR552YWL	ENCSR610GYE	BPNet	observed signal profile	bigWig	ChIP-seq	KLF12	HepG2	cell-line	cell-line	cell-line	minus	none	passed
ENCFF351HSX	ENCFF351HSX	ENCSR552YWL	ENCSR610GYE	BPNet	observed signal profile	bigWig	ChIP-seq	KLF12	HepG2	cell-line	cell-line	cell-line	plus	none	passed
ENCFF743BBU	ENCFF743BBU	ENCSR608HVP	ENCSR243TNZ	BPNet	observed signal profile	bigWig	ChIP-seq	KLF13	K562	cell-line	cell-line	cell-line	minus	none	passed
ENCFF469EPI	ENCFF469EPI	ENCSR608HVP	ENCSR243TNZ	BPNet	observed signal profile	bigWig	ChIP-seq	KLF13	K562	cell-line	cell-line	cell-line	plus	none	passed
ENCFF103USS	ENCFF103USS	ENCSR397DQC	ENCSR401QUW	BPNet	observed signal profile	bigWig	ChIP-seq	KLF16	HEK293	cell-line	cell-line	cell-line	minus	none	passed
ENCFF106CSL	ENCFF106CSL	ENCSR397DQC	ENCSR401QUW	BPNet	observed signal profile	bigWig	ChIP-seq	KLF16	HEK293	cell-line	cell-line	cell-line	plus	none	passed
ENCFF762NDD	ENCFF762NDD	ENCSR009KLQ	ENCSR911FYQ	BPNet	observed signal profile	bigWig	ChIP-seq	KLF16	HepG2	cell-line	cell-line	cell-line	minus	none	passed
ENCFF543BFI	ENCFF543BFI	ENCSR009KLQ	ENCSR911FYQ	BPNet	observed signal profile	bigWig	ChIP-seq	KLF16	HepG2	cell-line	cell-line	cell-line	plus	none	passed
ENCFF069GLA	ENCFF069GLA	ENCSR760UVO	ENCSR904YCG	BPNet	observed signal profile	bigWig	ChIP-seq	KLF16	K562	cell-line	cell-line	cell-line	minus	none	passed
ENCFF844PAH	ENCFF844PAH	ENCSR760UVO	ENCSR904YCG	BPNet	observed signal profile	bigWig	ChIP-seq	KLF16	K562	cell-line	cell-line	cell-line	plus	none	passed
ENCFF246YVW	ENCFF246YVW	ENCSR065WUF	ENCSR225AAV	BPNet	observed signal profile	bigWig	ChIP-seq	KLF17	HEK293	cell-line	cell-line	cell-line	minus	none	passed
ENCFF553CTI	ENCFF553CTI	ENCSR065WUF	ENCSR225AAV	BPNet	observed signal profile	bigWig	ChIP-seq	KLF17	HEK293	cell-line	cell-line	cell-line	plus	none	passed
ENCFF480FIY	ENCFF480FIY	ENCSR757EKM	ENCSR327WUN	BPNet	observed signal profile	bigWig	ChIP-seq	KLF6	HepG2	cell-line	cell-line	cell-line	minus	none	passed
ENCFF402ZQX	ENCFF402ZQX	ENCSR757EKM	ENCSR327WUN	BPNet	observed signal profile	bigWig	ChIP-seq	KLF6	HepG2	cell-line	cell-line	cell-line	plus	none	passed
ENCFF418NHG	ENCFF418NHG	ENCSR604VWJ	ENCSR374OIO	BPNet	observed signal profile	bigWig	ChIP-seq	KLF7	HEK293	cell-line	cell-line	cell-line	minus	none	passed
ENCFF195RTW	ENCFF195RTW	ENCSR604VWJ	ENCSR374OIO	BPNet	observed signal profile	bigWig	ChIP-seq	KLF7	HEK293	cell-line	cell-line	cell-line	plus	none	passed
ENCFF845CHA	ENCFF845CHA	ENCSR635NOQ	ENCSR985CNW	BPNet	observed signal profile	bigWig	ChIP-seq	KLF8	HEK293	cell-line	cell-line	cell-line	minus	none	passed
ENCFF480GEE	ENCFF480GEE	ENCSR635NOQ	ENCSR985CNW	BPNet	observed signal profile	bigWig	ChIP-seq	KLF8	HEK293	cell-line	cell-line	cell-line	plus	none	passed
ENCFF094PJK	ENCFF094PJK	ENCSR076EZB	ENCSR847MYV	BPNet	observed signal profile	bigWig	ChIP-seq	KLF9	HEK293	cell-line	cell-line	cell-line	minus	none	passed
ENCFF487OWQ	ENCFF487OWQ	ENCSR076EZB	ENCSR847MYV	BPNet	observed signal profile	bigWig	ChIP-seq	KLF9	HEK293	cell-line	cell-line	cell-line	plus	none	passed
ENCFF311GJC	ENCFF311GJC	ENCSR938ETG	ENCSR965WIT	BPNet	observed signal profile	bigWig	ChIP-seq	KLF9	HepG2	cell-line	cell-line	cell-line	minus	none	passed
ENCFF327YSC	ENCFF327YSC	ENCSR938ETG	ENCSR965WIT	BPNet	observed signal profile	bigWig	ChIP-seq	KLF9	HepG2	cell-line	cell-line	cell-line	plus	none	passed
ENCFF819CFD	ENCFF819CFD	ENCSR125ZYC	ENCSR919ZUT	BPNet	observed signal profile	bigWig	ChIP-seq	KLF9	MCF-7	cell-line	cell-line	cell-line	minus	none	passed
ENCFF863BCM	ENCFF863BCM	ENCSR125ZYC	ENCSR919ZUT	BPNet	observed signal profile	bigWig	ChIP-seq	KLF9	MCF-7	cell-line	cell-line	cell-line	plus	none	passed
ENCFF833LKE	ENCFF833LKE	ENCSR469GZL	ENCSR773SAO	BPNet	observed signal profile	bigWig	ChIP-seq	LCOR	HepG2	cell-line	cell-line	cell-line	minus	none	passed
ENCFF630GHW	ENCFF630GHW	ENCSR469GZL	ENCSR773SAO	BPNet	observed signal profile	bigWig	ChIP-seq	LCOR	HepG2	cell-line	cell-line	cell-line	plus	none	passed
ENCFF917WUH	ENCFF917WUH	ENCSR672OHP	ENCSR177JJR	BPNet	observed signal profile	bigWig	ChIP-seq	LCOR	K562	cell-line	cell-line	cell-line	minus	none	passed
ENCFF782IYK	ENCFF782IYK	ENCSR672OHP	ENCSR177JJR	BPNet	observed signal profile	bigWig	ChIP-seq	LCOR	K562	cell-line	cell-line	cell-line	plus	none	passed
ENCFF115ZEB	ENCFF115ZEB	ENCSR950NAZ	ENCSR053GEB	BPNet	observed signal profile	bigWig	ChIP-seq	LCORL	HepG2	cell-line	cell-line	cell-line	minus	none	passed
ENCFF838XFI	ENCFF838XFI	ENCSR880PMU	ENCSR647YVY	BPNet	observed signal profile	bigWig	ChIP-seq	LCORL	HepG2	cell-line	cell-line	cell-line	minus	none	passed
ENCFF345UFL	ENCFF345UFL	ENCSR950NAZ	ENCSR053GEB	BPNet	observed signal profile	bigWig	ChIP-seq	LCORL	HepG2	cell-line	cell-line	cell-line	plus	none	passed
ENCFF871MTY	ENCFF871MTY	ENCSR880PMU	ENCSR647YVY	BPNet	observed signal profile	bigWig	ChIP-seq	LCORL	HepG2	cell-line	cell-line	cell-line	plus	none	passed
ENCFF538AKW	ENCFF538AKW	ENCSR832OGB	ENCSR775TZV	BPNet	observed signal profile	bigWig	ChIP-seq	LEF1	K562	cell-line	cell-line	cell-line	minus	none	passed
ENCFF922SOO	ENCFF922SOO	ENCSR343ELW	ENCSR184ULM	BPNet	observed signal profile	bigWig	ChIP-seq	LEF1	K562	cell-line	cell-line	cell-line	minus	none	passed
ENCFF595WVO	ENCFF595WVO	ENCSR343ELW	ENCSR184ULM	BPNet	observed signal profile	bigWig	ChIP-seq	LEF1	K562	cell-line	cell-line	cell-line	plus	none	passed
ENCFF867CME	ENCFF867CME	ENCSR832OGB	ENCSR775TZV	BPNet	observed signal profile	bigWig	ChIP-seq	LEF1	K562	cell-line	cell-line	cell-line	plus	none	passed
ENCFF463OJP	ENCFF463OJP	ENCSR597MCV	ENCSR479OOG	BPNet	observed signal profile	bigWig	ChIP-seq	LIN54	HepG2	cell-line	cell-line	cell-line	minus	none	passed
ENCFF904RJA	ENCFF904RJA	ENCSR597MCV	ENCSR479OOG	BPNet	observed signal profile	bigWig	ChIP-seq	LIN54	HepG2	cell-line	cell-line	cell-line	plus	none	passed
ENCFF776AFI	ENCFF776AFI	ENCSR140DSL	ENCSR635EFD	BPNet	observed signal profile	bigWig	ChIP-seq	MAFF	HeLa-S3	cell-line	cell-line	cell-line	minus	none	passed
ENCFF942EVL	ENCFF942EVL	ENCSR140DSL	ENCSR635EFD	BPNet	observed signal profile	bigWig	ChIP-seq	MAFF	HeLa-S3	cell-line	cell-line	cell-line	plus	none	passed
ENCFF902DCH	ENCFF902DCH	ENCSR000EEC	ENCSR689UDB	BPNet	observed signal profile	bigWig	ChIP-seq	MAFF	HepG2	cell-line	cell-line	cell-line	minus	none	passed
ENCFF159UZK	ENCFF159UZK	ENCSR000EEC	ENCSR689UDB	BPNet	observed signal profile	bigWig	ChIP-seq	MAFF	HepG2	cell-line	cell-line	cell-line	plus	none	passed
ENCFF127ESC	ENCFF127ESC	ENCSR000EGI	ENCSR512XRO	BPNet	observed signal profile	bigWig	ChIP-seq	MAFF	K562	cell-line	cell-line	cell-line	minus	none	passed
ENCFF874KIB	ENCFF874KIB	ENCSR000EGI	ENCSR512XRO	BPNet	observed signal profile	bigWig	ChIP-seq	MAFF	K562	cell-line	cell-line	cell-line	plus	none	passed
ENCFF876TPM	ENCFF876TPM	ENCSR708KAA	ENCSR512FKE	BPNet	observed signal profile	bigWig	ChIP-seq	MAFG	HepG2	cell-line	cell-line	cell-line	minus	none	passed
ENCFF007PJI	ENCFF007PJI	ENCSR708KAA	ENCSR512FKE	BPNet	observed signal profile	bigWig	ChIP-seq	MAFG	HepG2	cell-line	cell-line	cell-line	plus	none	passed
ENCFF967XVJ	ENCFF967XVJ	ENCSR818DQV	ENCSR324HYA	BPNet	observed signal profile	bigWig	ChIP-seq	MAFG	K562	cell-line	cell-line	cell-line	minus	none	passed
ENCFF878BPR	ENCFF878BPR	ENCSR818DQV	ENCSR324HYA	BPNet	observed signal profile	bigWig	ChIP-seq	MAFG	K562	cell-line	cell-line	cell-line	plus	none	passed
ENCFF062DJL	ENCFF062DJL	ENCSR541WQI	ENCSR415PWX	BPNet	observed signal profile	bigWig	ChIP-seq	MAFK	A549	cell-line	cell-line	cell-line	minus	none	passed
ENCFF893AIN	ENCFF893AIN	ENCSR541WQI	ENCSR415PWX	BPNet	observed signal profile	bigWig	ChIP-seq	MAFK	A549	cell-line	cell-line	cell-line	plus	none	passed
ENCFF185OLH	ENCFF185OLH	ENCSR000DYV	ENCSR538HRY	BPNet	observed signal profile	bigWig	ChIP-seq	MAFK	GM12878	cell-line	cell-line	cell-line	minus	none	passed
ENCFF610ZLA	ENCFF610ZLA	ENCSR000DYV	ENCSR538HRY	BPNet	observed signal profile	bigWig	ChIP-seq	MAFK	GM12878	cell-line	cell-line	cell-line	plus	none	passed
ENCFF310KDJ	ENCFF310KDJ	ENCSR000EBS	ENCSR489JND	BPNet	observed signal profile	bigWig	ChIP-seq	MAFK	H1	cell-line	cell-line	cell-line	minus	none	passed
ENCFF275APR	ENCFF275APR	ENCSR000EBS	ENCSR489JND	BPNet	observed signal profile	bigWig	ChIP-seq	MAFK	H1	cell-line	cell-line	cell-line	plus	none	passed
ENCFF258CMH	ENCFF258CMH	ENCSR000ECK	ENCSR772QXK	BPNet	observed signal profile	bigWig	ChIP-seq	MAFK	HeLa-S3	cell-line	cell-line	cell-line	minus	none	passed
ENCFF684RJS	ENCFF684RJS	ENCSR000ECK	ENCSR772QXK	BPNet	observed signal profile	bigWig	ChIP-seq	MAFK	HeLa-S3	cell-line	cell-line	cell-line	plus	none	passed
ENCFF065DUB	ENCFF065DUB	ENCSR000EDZ	ENCSR804YJX	BPNet	observed signal profile	bigWig	ChIP-seq	MAFK	HepG2	cell-line	cell-line	cell-line	minus	none	passed
ENCFF237TNA	ENCFF237TNA	ENCSR000EEB	ENCSR171MQW	BPNet	observed signal profile	bigWig	ChIP-seq	MAFK	HepG2	cell-line	cell-line	cell-line	minus	none	passed
ENCFF805XVR	ENCFF805XVR	ENCSR000EEB	ENCSR171MQW	BPNet	observed signal profile	bigWig	ChIP-seq	MAFK	HepG2	cell-line	cell-line	cell-line	plus	none	passed
ENCFF849YQJ	ENCFF849YQJ	ENCSR000EDZ	ENCSR804YJX	BPNet	observed signal profile	bigWig	ChIP-seq	MAFK	HepG2	cell-line	cell-line	cell-line	plus	none	passed
ENCFF518FHI	ENCFF518FHI	ENCSR000EFH	ENCSR476QNT	BPNet	observed signal profile	bigWig	ChIP-seq	MAFK	IMR-90	cell-line	cell-line	cell-line	minus	none	passed
ENCFF741VPZ	ENCFF741VPZ	ENCSR000EFH	ENCSR476QNT	BPNet	observed signal profile	bigWig	ChIP-seq	MAFK	IMR-90	cell-line	cell-line	cell-line	plus	none	passed
ENCFF529LMB	ENCFF529LMB	ENCSR000EGX	ENCSR562GPY	BPNet	observed signal profile	bigWig	ChIP-seq	MAFK	K562	cell-line	cell-line	cell-line	minus	none	passed
ENCFF943IQY	ENCFF943IQY	ENCSR000EGX	ENCSR562GPY	BPNet	observed signal profile	bigWig	ChIP-seq	MAFK	K562	cell-line	cell-line	cell-line	plus	none	passed
ENCFF096GRP	ENCFF096GRP	ENCSR555PBN	ENCSR478ZIL	BPNet	observed signal profile	bigWig	ChIP-seq	MAFK	MCF-7	cell-line	cell-line	cell-line	minus	none	passed
ENCFF220DUQ	ENCFF220DUQ	ENCSR555PBN	ENCSR478ZIL	BPNet	observed signal profile	bigWig	ChIP-seq	MAFK	MCF-7	cell-line	cell-line	cell-line	plus	none	passed
ENCFF650DFF	ENCFF650DFF	ENCSR000BTJ	ENCSR659CLW	BPNet	observed signal profile	bigWig	ChIP-seq	MAX	A549	cell-line	cell-line	cell-line	minus	none	passed
ENCFF691XQX	ENCFF691XQX	ENCSR000DYG	ENCSR497CAB	BPNet	observed signal profile	bigWig	ChIP-seq	MAX	A549	cell-line	cell-line	cell-line	minus	none	passed
ENCFF232ODC	ENCFF232ODC	ENCSR000BTJ	ENCSR659CLW	BPNet	observed signal profile	bigWig	ChIP-seq	MAX	A549	cell-line	cell-line	cell-line	plus	none	passed
ENCFF774VQC	ENCFF774VQC	ENCSR000DYG	ENCSR497CAB	BPNet	observed signal profile	bigWig	ChIP-seq	MAX	A549	cell-line	cell-line	cell-line	plus	none	passed
ENCFF013PEM	ENCFF013PEM	ENCSR000DZF	ENCSR419HPN	BPNet	observed signal profile	bigWig	ChIP-seq	MAX	GM12878	cell-line	cell-line	cell-line	minus	none	passed
ENCFF494MPI	ENCFF494MPI	ENCSR000DZF	ENCSR419HPN	BPNet	observed signal profile	bigWig	ChIP-seq	MAX	GM12878	cell-line	cell-line	cell-line	plus	none	passed
ENCFF582VLP	ENCFF582VLP	ENCSR000BSJ	ENCSR217JCX	BPNet	observed signal profile	bigWig	ChIP-seq	MAX	H1	cell-line	cell-line	cell-line	minus	none	passed
ENCFF222GHN	ENCFF222GHN	ENCSR000BSJ	ENCSR217JCX	BPNet	observed signal profile	bigWig	ChIP-seq	MAX	H1	cell-line	cell-line	cell-line	plus	none	passed
ENCFF732OEO	ENCFF732OEO	ENCSR000BSH	ENCSR944KJS	BPNet	observed signal profile	bigWig	ChIP-seq	MAX	HCT116	cell-line	cell-line	cell-line	minus	none	passed
ENCFF757NZM	ENCFF757NZM	ENCSR000BSH	ENCSR944KJS	BPNet	observed signal profile	bigWig	ChIP-seq	MAX	HCT116	cell-line	cell-line	cell-line	plus	none	passed
ENCFF354YQF	ENCFF354YQF	ENCSR000EZF	ENCSR575CEK	BPNet	observed signal profile	bigWig	ChIP-seq	MAX	HeLa-S3	cell-line	cell-line	cell-line	minus	none	passed
ENCFF613MAI	ENCFF613MAI	ENCSR000ECN	ENCSR524JTY	BPNet	observed signal profile	bigWig	ChIP-seq	MAX	HeLa-S3	cell-line	cell-line	cell-line	minus	none	passed
ENCFF922KZV	ENCFF922KZV	ENCSR000EZF	ENCSR575CEK	BPNet	observed signal profile	bigWig	ChIP-seq	MAX	HeLa-S3	cell-line	cell-line	cell-line	plus	none	passed
ENCFF995QOX	ENCFF995QOX	ENCSR000ECN	ENCSR524JTY	BPNet	observed signal profile	bigWig	ChIP-seq	MAX	HeLa-S3	cell-line	cell-line	cell-line	plus	none	passed
ENCFF272IGS	ENCFF272IGS	ENCSR168DYA	ENCSR173YVF	BPNet	observed signal profile	bigWig	ChIP-seq	MAX	HepG2	cell-line	cell-line	cell-line	minus	none	passed
ENCFF341WDB	ENCFF341WDB	ENCSR000BTM	ENCSR625YWT	BPNet	observed signal profile	bigWig	ChIP-seq	MAX	HepG2	cell-line	cell-line	cell-line	minus	none	passed
ENCFF664YFD	ENCFF664YFD	ENCSR000EDS	ENCSR086FPA	BPNet	observed signal profile	bigWig	ChIP-seq	MAX	HepG2	cell-line	cell-line	cell-line	minus	none	passed
ENCFF378DEO	ENCFF378DEO	ENCSR000EDS	ENCSR086FPA	BPNet	observed signal profile	bigWig	ChIP-seq	MAX	HepG2	cell-line	cell-line	cell-line	plus	none	passed
ENCFF534TER	ENCFF534TER	ENCSR000BTM	ENCSR625YWT	BPNet	observed signal profile	bigWig	ChIP-seq	MAX	HepG2	cell-line	cell-line	cell-line	plus	none	passed
ENCFF721CGH	ENCFF721CGH	ENCSR168DYA	ENCSR173YVF	BPNet	observed signal profile	bigWig	ChIP-seq	MAX	HepG2	cell-line	cell-line	cell-line	plus	none	passed
ENCFF042MJT	ENCFF042MJT	ENCSR000BTY	ENCSR419SPJ	BPNet	observed signal profile	bigWig	ChIP-seq	MAX	Ishikawa	cell-line	cell-line	cell-line	minus	none	passed
ENCFF925HLW	ENCFF925HLW	ENCSR000BTY	ENCSR419SPJ	BPNet	observed signal profile	bigWig	ChIP-seq	MAX	Ishikawa	cell-line	cell-line	cell-line	plus	none	passed
ENCFF215KLI	ENCFF215KLI	ENCSR000EFV	ENCSR098FIX	BPNet	observed signal profile	bigWig	ChIP-seq	MAX	K562	cell-line	cell-line	cell-line	minus	none	passed
ENCFF297AHO	ENCFF297AHO	ENCSR000FAE	ENCSR445ZHD	BPNet	observed signal profile	bigWig	ChIP-seq	MAX	K562	cell-line	cell-line	cell-line	minus	none	passed
ENCFF518NWC	ENCFF518NWC	ENCSR000BLP	ENCSR327GNG	BPNet	observed signal profile	bigWig	ChIP-seq	MAX	K562	cell-line	cell-line	cell-line	minus	none	passed
ENCFF930XYJ	ENCFF930XYJ	ENCSR158LJN	ENCSR742NEE	BPNet	observed signal profile	bigWig	ChIP-seq	MAX	K562	cell-line	cell-line	cell-line	minus	none	passed
ENCFF373BZG	ENCFF373BZG	ENCSR158LJN	ENCSR742NEE	BPNet	observed signal profile	bigWig	ChIP-seq	MAX	K562	cell-line	cell-line	cell-line	plus	none	passed
ENCFF521QCL	ENCFF521QCL	ENCSR000FAE	ENCSR445ZHD	BPNet	observed signal profile	bigWig	ChIP-seq	MAX	K562	cell-line	cell-line	cell-line	plus	none	passed
ENCFF523CJP	ENCFF523CJP	ENCSR000BLP	ENCSR327GNG	BPNet	observed signal profile	bigWig	ChIP-seq	MAX	K562	cell-line	cell-line	cell-line	plus	none	passed
ENCFF676ISG	ENCFF676ISG	ENCSR000EFV	ENCSR098FIX	BPNet	observed signal profile	bigWig	ChIP-seq	MAX	K562	cell-line	cell-line	cell-line	plus	none	passed
ENCFF653XMO	ENCFF653XMO	ENCSR000BUL	ENCSR259ENO	BPNet	observed signal profile	bigWig	ChIP-seq	MAX	MCF-7	cell-line	cell-line	cell-line	minus	none	passed
ENCFF304OXQ	ENCFF304OXQ	ENCSR000BUL	ENCSR259ENO	BPNet	observed signal profile	bigWig	ChIP-seq	MAX	MCF-7	cell-line	cell-line	cell-line	plus	none	passed
ENCFF221HKN	ENCFF221HKN	ENCSR000EHS	ENCSR809RVJ	BPNet	observed signal profile	bigWig	ChIP-seq	MAX	NB4	cell-line	cell-line	cell-line	minus	none	passed
ENCFF886OIW	ENCFF886OIW	ENCSR000EHS	ENCSR809RVJ	BPNet	observed signal profile	bigWig	ChIP-seq	MAX	NB4	cell-line	cell-line	cell-line	plus	none	passed
ENCFF689AEH	ENCFF689AEH	ENCSR000BVD	ENCSR058ERJ	BPNet	observed signal profile	bigWig	ChIP-seq	MAX	SK-N-SH	cell-line	cell-line	cell-line	minus	none	passed
ENCFF784SHA	ENCFF784SHA	ENCSR000BVD	ENCSR058ERJ	BPNet	observed signal profile	bigWig	ChIP-seq	MAX	SK-N-SH	cell-line	cell-line	cell-line	plus	none	passed
ENCFF617WWR	ENCFF617WWR	ENCSR349FYX	ENCSR232HJN	BPNet	observed signal profile	bigWig	ChIP-seq	MAX	WTC11	cell-line	cell-line	cell-line	minus	none	passed
ENCFF366MOA	ENCFF366MOA	ENCSR349FYX	ENCSR232HJN	BPNet	observed signal profile	bigWig	ChIP-seq	MAX	WTC11	cell-line	cell-line	cell-line	plus	none	passed
ENCFF766QEX	ENCFF766QEX	ENCSR000EEZ	ENCSR180XFU	BPNet	observed signal profile	bigWig	ChIP-seq	MAX	endothelial-cell-of-umbilical-vein	endothelial	blood-vessel	circulatory-system	minus	none	passed
ENCFF493YBY	ENCFF493YBY	ENCSR000EEZ	ENCSR180XFU	BPNet	observed signal profile	bigWig	ChIP-seq	MAX	endothelial-cell-of-umbilical-vein	endothelial	blood-vessel	circulatory-system	plus	none	passed
ENCFF103LDA	ENCFF103LDA	ENCSR521IID	ENCSR114XLN	BPNet	observed signal profile	bigWig	ChIP-seq	MAX	liver	liver	liver	digestive-system	minus	none	passed
ENCFF794PHR	ENCFF794PHR	ENCSR847DIT	ENCSR950MFN	BPNet	observed signal profile	bigWig	ChIP-seq	MAX	liver	liver	liver	digestive-system	minus	none	passed
ENCFF320OFH	ENCFF320OFH	ENCSR847DIT	ENCSR950MFN	BPNet	observed signal profile	bigWig	ChIP-seq	MAX	liver	liver	liver	digestive-system	plus	none	passed
ENCFF854ZIS	ENCFF854ZIS	ENCSR521IID	ENCSR114XLN	BPNet	observed signal profile	bigWig	ChIP-seq	MAX	liver	liver	liver	digestive-system	plus	none	passed
ENCFF382RUJ	ENCFF382RUJ	ENCSR636YLV	ENCSR118TTR	BPNet	observed signal profile	bigWig	ChIP-seq	MAZ	A549	cell-line	cell-line	cell-line	minus	none	passed
ENCFF789XZS	ENCFF789XZS	ENCSR636YLV	ENCSR118TTR	BPNet	observed signal profile	bigWig	ChIP-seq	MAZ	A549	cell-line	cell-line	cell-line	plus	none	passed
ENCFF262KJA	ENCFF262KJA	ENCSR000DZA	ENCSR461ZEC	BPNet	observed signal profile	bigWig	ChIP-seq	MAZ	GM12878	cell-line	cell-line	cell-line	minus	none	passed
ENCFF698BDT	ENCFF698BDT	ENCSR903MVU	ENCSR335TIH	BPNet	observed signal profile	bigWig	ChIP-seq	MAZ	GM12878	cell-line	cell-line	cell-line	minus	none	passed
ENCFF267PJG	ENCFF267PJG	ENCSR000DZA	ENCSR461ZEC	BPNet	observed signal profile	bigWig	ChIP-seq	MAZ	GM12878	cell-line	cell-line	cell-line	plus	none	passed
ENCFF283QXX	ENCFF283QXX	ENCSR903MVU	ENCSR335TIH	BPNet	observed signal profile	bigWig	ChIP-seq	MAZ	GM12878	cell-line	cell-line	cell-line	plus	none	passed
ENCFF689SNT	ENCFF689SNT	ENCSR290SSQ	ENCSR821GPM	BPNet	observed signal profile	bigWig	ChIP-seq	MAZ	HEK293	cell-line	cell-line	cell-line	minus	none	passed
ENCFF170IBB	ENCFF170IBB	ENCSR290SSQ	ENCSR821GPM	BPNet	observed signal profile	bigWig	ChIP-seq	MAZ	HEK293	cell-line	cell-line	cell-line	plus	none	passed
ENCFF820YRB	ENCFF820YRB	ENCSR000ECL	ENCSR868PEZ	BPNet	observed signal profile	bigWig	ChIP-seq	MAZ	HeLa-S3	cell-line	cell-line	cell-line	minus	none	passed
ENCFF464LOD	ENCFF464LOD	ENCSR000ECL	ENCSR868PEZ	BPNet	observed signal profile	bigWig	ChIP-seq	MAZ	HeLa-S3	cell-line	cell-line	cell-line	plus	none	passed
ENCFF005OBG	ENCFF005OBG	ENCSR000EDN	ENCSR364YEH	BPNet	observed signal profile	bigWig	ChIP-seq	MAZ	HepG2	cell-line	cell-line	cell-line	minus	none	passed
ENCFF694RMR	ENCFF694RMR	ENCSR700PNE	ENCSR898PVS	BPNet	observed signal profile	bigWig	ChIP-seq	MAZ	HepG2	cell-line	cell-line	cell-line	minus	none	passed
ENCFF178TFZ	ENCFF178TFZ	ENCSR700PNE	ENCSR898PVS	BPNet	observed signal profile	bigWig	ChIP-seq	MAZ	HepG2	cell-line	cell-line	cell-line	plus	none	passed
ENCFF316PCU	ENCFF316PCU	ENCSR000EDN	ENCSR364YEH	BPNet	observed signal profile	bigWig	ChIP-seq	MAZ	HepG2	cell-line	cell-line	cell-line	plus	none	passed
ENCFF487CXZ	ENCFF487CXZ	ENCSR000EFF	ENCSR982VJO	BPNet	observed signal profile	bigWig	ChIP-seq	MAZ	IMR-90	cell-line	cell-line	cell-line	minus	none	passed
ENCFF696SJX	ENCFF696SJX	ENCSR000EFF	ENCSR982VJO	BPNet	observed signal profile	bigWig	ChIP-seq	MAZ	IMR-90	cell-line	cell-line	cell-line	plus	none	passed
ENCFF027ZNV	ENCFF027ZNV	ENCSR000EFX	ENCSR535NQC	BPNet	observed signal profile	bigWig	ChIP-seq	MAZ	K562	cell-line	cell-line	cell-line	minus	none	passed
ENCFF242RGU	ENCFF242RGU	ENCSR163IUV	ENCSR499PPK	BPNet	observed signal profile	bigWig	ChIP-seq	MAZ	K562	cell-line	cell-line	cell-line	minus	none	passed
ENCFF548BWG	ENCFF548BWG	ENCSR643JRH	ENCSR098VYP	BPNet	observed signal profile	bigWig	ChIP-seq	MAZ	K562	cell-line	cell-line	cell-line	minus	none	passed
ENCFF041XNM	ENCFF041XNM	ENCSR000EFX	ENCSR535NQC	BPNet	observed signal profile	bigWig	ChIP-seq	MAZ	K562	cell-line	cell-line	cell-line	plus	none	passed
ENCFF707NMX	ENCFF707NMX	ENCSR643JRH	ENCSR098VYP	BPNet	observed signal profile	bigWig	ChIP-seq	MAZ	K562	cell-line	cell-line	cell-line	plus	none	passed
ENCFF739LPO	ENCFF739LPO	ENCSR163IUV	ENCSR499PPK	BPNet	observed signal profile	bigWig	ChIP-seq	MAZ	K562	cell-line	cell-line	cell-line	plus	none	passed
ENCFF132PTK	ENCFF132PTK	ENCSR288IJC	ENCSR249QEG	BPNet	observed signal profile	bigWig	ChIP-seq	MAZ	MCF-7	cell-line	cell-line	cell-line	minus	none	passed
ENCFF868XLU	ENCFF868XLU	ENCSR288IJC	ENCSR249QEG	BPNet	observed signal profile	bigWig	ChIP-seq	MAZ	MCF-7	cell-line	cell-line	cell-line	plus	none	passed
ENCFF045FND	ENCFF045FND	ENCSR260UJI	ENCSR735EUV	BPNet	observed signal profile	bigWig	ChIP-seq	MBD1	HepG2	cell-line	cell-line	cell-line	minus	none	passed
ENCFF148OWS	ENCFF148OWS	ENCSR396QWK	ENCSR664JFH	BPNet	observed signal profile	bigWig	ChIP-seq	MBD1	HepG2	cell-line	cell-line	cell-line	minus	none	passed
ENCFF373KBG	ENCFF373KBG	ENCSR260UJI	ENCSR735EUV	BPNet	observed signal profile	bigWig	ChIP-seq	MBD1	HepG2	cell-line	cell-line	cell-line	plus	none	passed
ENCFF385TRB	ENCFF385TRB	ENCSR396QWK	ENCSR664JFH	BPNet	observed signal profile	bigWig	ChIP-seq	MBD1	HepG2	cell-line	cell-line	cell-line	plus	none	passed
ENCFF834ARF	ENCFF834ARF	ENCSR158BGH	ENCSR613UNL	BPNet	observed signal profile	bigWig	ChIP-seq	MBD1	K562	cell-line	cell-line	cell-line	minus	none	passed
ENCFF450FPL	ENCFF450FPL	ENCSR158BGH	ENCSR613UNL	BPNet	observed signal profile	bigWig	ChIP-seq	MBD1	K562	cell-line	cell-line	cell-line	plus	none	passed
ENCFF181IHN	ENCFF181IHN	ENCSR000BKB	ENCSR275MUR	BPNet	observed signal profile	bigWig	ChIP-seq	MEF2A	GM12878	cell-line	cell-line	cell-line	minus	none	passed
ENCFF762KMG	ENCFF762KMG	ENCSR000BKB	ENCSR275MUR	BPNet	observed signal profile	bigWig	ChIP-seq	MEF2A	GM12878	cell-line	cell-line	cell-line	plus	none	passed
ENCFF097JPI	ENCFF097JPI	ENCSR000BNV	ENCSR334ZYL	BPNet	observed signal profile	bigWig	ChIP-seq	MEF2A	K562	cell-line	cell-line	cell-line	minus	none	passed
ENCFF251TDW	ENCFF251TDW	ENCSR000BNV	ENCSR334ZYL	BPNet	observed signal profile	bigWig	ChIP-seq	MEF2A	K562	cell-line	cell-line	cell-line	plus	none	passed
ENCFF874FKX	ENCFF874FKX	ENCSR000BVC	ENCSR697PQB	BPNet	observed signal profile	bigWig	ChIP-seq	MEF2A	SK-N-SH	cell-line	cell-line	cell-line	minus	none	passed
ENCFF127ERE	ENCFF127ERE	ENCSR000BVC	ENCSR697PQB	BPNet	observed signal profile	bigWig	ChIP-seq	MEF2A	SK-N-SH	cell-line	cell-line	cell-line	plus	none	passed
ENCFF521BFW	ENCFF521BFW	ENCSR177VFS	ENCSR970WDM	BPNet	observed signal profile	bigWig	ChIP-seq	MEF2B	GM12878	cell-line	cell-line	cell-line	minus	none	passed
ENCFF474GWV	ENCFF474GWV	ENCSR177VFS	ENCSR970WDM	BPNet	observed signal profile	bigWig	ChIP-seq	MEF2B	GM12878	cell-line	cell-line	cell-line	plus	none	passed
ENCFF591EBE	ENCFF591EBE	ENCSR000BNG	ENCSR020NVK	BPNet	observed signal profile	bigWig	ChIP-seq	MEF2C	GM12878	cell-line	cell-line	cell-line	minus	none	passed
ENCFF484XGP	ENCFF484XGP	ENCSR000BNG	ENCSR020NVK	BPNet	observed signal profile	bigWig	ChIP-seq	MEF2C	GM12878	cell-line	cell-line	cell-line	plus	none	passed
ENCFF989ZXV	ENCFF989ZXV	ENCSR923MOO	ENCSR230CCY	BPNet	observed signal profile	bigWig	ChIP-seq	MEF2D	HepG2	cell-line	cell-line	cell-line	minus	none	passed
ENCFF517NGG	ENCFF517NGG	ENCSR923MOO	ENCSR230CCY	BPNet	observed signal profile	bigWig	ChIP-seq	MEF2D	HepG2	cell-line	cell-line	cell-line	plus	none	passed
ENCFF295NDI	ENCFF295NDI	ENCSR647ZXA	ENCSR388OSJ	BPNet	observed signal profile	bigWig	ChIP-seq	MEF2D	K562	cell-line	cell-line	cell-line	minus	none	passed
ENCFF039SVL	ENCFF039SVL	ENCSR647ZXA	ENCSR388OSJ	BPNet	observed signal profile	bigWig	ChIP-seq	MEF2D	K562	cell-line	cell-line	cell-line	plus	none	passed
ENCFF701ING	ENCFF701ING	ENCSR186JMM	ENCSR961ONW	BPNet	observed signal profile	bigWig	ChIP-seq	MEIS1	HEK293	cell-line	cell-line	cell-line	minus	none	passed
ENCFF299LOZ	ENCFF299LOZ	ENCSR186JMM	ENCSR961ONW	BPNet	observed signal profile	bigWig	ChIP-seq	MEIS1	HEK293	cell-line	cell-line	cell-line	plus	none	passed
ENCFF654VRN	ENCFF654VRN	ENCSR695WOH	ENCSR308XUJ	BPNet	observed signal profile	bigWig	ChIP-seq	MEIS1	HepG2	cell-line	cell-line	cell-line	minus	none	passed
ENCFF092QLW	ENCFF092QLW	ENCSR695WOH	ENCSR308XUJ	BPNet	observed signal profile	bigWig	ChIP-seq	MEIS1	HepG2	cell-line	cell-line	cell-line	plus	none	passed
ENCFF004UGY	ENCFF004UGY	ENCSR830LDY	ENCSR181VDR	BPNet	observed signal profile	bigWig	ChIP-seq	MEIS2	HepG2	cell-line	cell-line	cell-line	minus	none	passed
ENCFF413POV	ENCFF413POV	ENCSR830LDY	ENCSR181VDR	BPNet	observed signal profile	bigWig	ChIP-seq	MEIS2	HepG2	cell-line	cell-line	cell-line	plus	none	passed
ENCFF293DWE	ENCFF293DWE	ENCSR851BNE	ENCSR603QNK	BPNet	observed signal profile	bigWig	ChIP-seq	MEIS2	K562	cell-line	cell-line	cell-line	minus	none	passed
ENCFF851UGI	ENCFF851UGI	ENCSR851BNE	ENCSR603QNK	BPNet	observed signal profile	bigWig	ChIP-seq	MEIS2	K562	cell-line	cell-line	cell-line	plus	none	passed
ENCFF708KKB	ENCFF708KKB	ENCSR912NEF	ENCSR230PRA	BPNet	observed signal profile	bigWig	ChIP-seq	MGA	HepG2	cell-line	cell-line	cell-line	minus	none	passed
ENCFF248MVP	ENCFF248MVP	ENCSR912NEF	ENCSR230PRA	BPNet	observed signal profile	bigWig	ChIP-seq	MGA	HepG2	cell-line	cell-line	cell-line	plus	none	passed
ENCFF089AWQ	ENCFF089AWQ	ENCSR710WLO	ENCSR460CBW	BPNet	observed signal profile	bigWig	ChIP-seq	MGA	K562	cell-line	cell-line	cell-line	minus	none	passed
ENCFF615ITW	ENCFF615ITW	ENCSR710WLO	ENCSR460CBW	BPNet	observed signal profile	bigWig	ChIP-seq	MGA	K562	cell-line	cell-line	cell-line	plus	none	passed
ENCFF156CWM	ENCFF156CWM	ENCSR797SWM	ENCSR551LHV	BPNet	observed signal profile	bigWig	ChIP-seq	MITF	K562	cell-line	cell-line	cell-line	minus	none	passed
ENCFF402OTJ	ENCFF402OTJ	ENCSR000FCB	ENCSR286KMC	BPNet	observed signal profile	bigWig	ChIP-seq	MITF	K562	cell-line	cell-line	cell-line	minus	none	passed
ENCFF270WTZ	ENCFF270WTZ	ENCSR000FCB	ENCSR286KMC	BPNet	observed signal profile	bigWig	ChIP-seq	MITF	K562	cell-line	cell-line	cell-line	plus	none	passed
ENCFF909JON	ENCFF909JON	ENCSR797SWM	ENCSR551LHV	BPNet	observed signal profile	bigWig	ChIP-seq	MITF	K562	cell-line	cell-line	cell-line	plus	none	passed
ENCFF239ZTQ	ENCFF239ZTQ	ENCSR966PJY	ENCSR799OQI	BPNet	observed signal profile	bigWig	ChIP-seq	MIXL1	HepG2	cell-line	cell-line	cell-line	minus	none	passed
ENCFF901RZM	ENCFF901RZM	ENCSR966PJY	ENCSR799OQI	BPNet	observed signal profile	bigWig	ChIP-seq	MIXL1	HepG2	cell-line	cell-line	cell-line	plus	none	passed
ENCFF182AWZ	ENCFF182AWZ	ENCSR125DAD	ENCSR141QPF	BPNet	observed signal profile	bigWig	ChIP-seq	MLX	HepG2	cell-line	cell-line	cell-line	minus	none	passed
ENCFF259PUM	ENCFF259PUM	ENCSR125DAD	ENCSR141QPF	BPNet	observed signal profile	bigWig	ChIP-seq	MLX	HepG2	cell-line	cell-line	cell-line	plus	none	passed
ENCFF823UQK	ENCFF823UQK	ENCSR802UCW	ENCSR042HWF	BPNet	observed signal profile	bigWig	ChIP-seq	MLXIP	HepG2	cell-line	cell-line	cell-line	minus	none	passed
ENCFF916KUI	ENCFF916KUI	ENCSR802UCW	ENCSR042HWF	BPNet	observed signal profile	bigWig	ChIP-seq	MLXIP	HepG2	cell-line	cell-line	cell-line	plus	none	passed
ENCFF013JSK	ENCFF013JSK	ENCSR261EDU	ENCSR165AJR	BPNet	observed signal profile	bigWig	ChIP-seq	MNT	HepG2	cell-line	cell-line	cell-line	minus	none	passed
ENCFF264IOQ	ENCFF264IOQ	ENCSR730TBC	ENCSR981BLG	BPNet	observed signal profile	bigWig	ChIP-seq	MNT	HepG2	cell-line	cell-line	cell-line	minus	none	passed
ENCFF297DHD	ENCFF297DHD	ENCSR261EDU	ENCSR165AJR	BPNet	observed signal profile	bigWig	ChIP-seq	MNT	HepG2	cell-line	cell-line	cell-line	plus	none	passed
ENCFF906PUL	ENCFF906PUL	ENCSR730TBC	ENCSR981BLG	BPNet	observed signal profile	bigWig	ChIP-seq	MNT	HepG2	cell-line	cell-line	cell-line	plus	none	passed
ENCFF321RPH	ENCFF321RPH	ENCSR979QYJ	ENCSR796WXI	BPNet	observed signal profile	bigWig	ChIP-seq	MNT	K562	cell-line	cell-line	cell-line	minus	none	passed
ENCFF512GGG	ENCFF512GGG	ENCSR390VGH	ENCSR702FUG	BPNet	observed signal profile	bigWig	ChIP-seq	MNT	K562	cell-line	cell-line	cell-line	minus	none	passed
ENCFF852DFK	ENCFF852DFK	ENCSR512NLO	ENCSR320KQY	BPNet	observed signal profile	bigWig	ChIP-seq	MNT	K562	cell-line	cell-line	cell-line	minus	none	passed
ENCFF119DGU	ENCFF119DGU	ENCSR512NLO	ENCSR320KQY	BPNet	observed signal profile	bigWig	ChIP-seq	MNT	K562	cell-line	cell-line	cell-line	plus	none	passed
ENCFF120EMV	ENCFF120EMV	ENCSR390VGH	ENCSR702FUG	BPNet	observed signal profile	bigWig	ChIP-seq	MNT	K562	cell-line	cell-line	cell-line	plus	none	passed
ENCFF154MJZ	ENCFF154MJZ	ENCSR979QYJ	ENCSR796WXI	BPNet	observed signal profile	bigWig	ChIP-seq	MNT	K562	cell-line	cell-line	cell-line	plus	none	passed
ENCFF076HXC	ENCFF076HXC	ENCSR663ZZZ	ENCSR942KSS	BPNet	observed signal profile	bigWig	ChIP-seq	MNT	MCF-7	cell-line	cell-line	cell-line	minus	none	passed
ENCFF968JNA	ENCFF968JNA	ENCSR663ZZZ	ENCSR942KSS	BPNet	observed signal profile	bigWig	ChIP-seq	MNT	MCF-7	cell-line	cell-line	cell-line	plus	none	passed
ENCFF843ZXW	ENCFF843ZXW	ENCSR194NVP	ENCSR754RTF	BPNet	observed signal profile	bigWig	ChIP-seq	MTF1	HepG2	cell-line	cell-line	cell-line	minus	none	passed
ENCFF788VWV	ENCFF788VWV	ENCSR194NVP	ENCSR754RTF	BPNet	observed signal profile	bigWig	ChIP-seq	MTF1	HepG2	cell-line	cell-line	cell-line	plus	none	passed
ENCFF507GLL	ENCFF507GLL	ENCSR000DZI	ENCSR363LRQ	BPNet	observed signal profile	bigWig	ChIP-seq	MXI1	GM12878	cell-line	cell-line	cell-line	minus	none	passed
ENCFF139FQP	ENCFF139FQP	ENCSR000DZI	ENCSR363LRQ	BPNet	observed signal profile	bigWig	ChIP-seq	MXI1	GM12878	cell-line	cell-line	cell-line	plus	none	passed
ENCFF854YUI	ENCFF854YUI	ENCSR000EBR	ENCSR404AIR	BPNet	observed signal profile	bigWig	ChIP-seq	MXI1	H1	cell-line	cell-line	cell-line	minus	none	passed
ENCFF607EEE	ENCFF607EEE	ENCSR000EBR	ENCSR404AIR	BPNet	observed signal profile	bigWig	ChIP-seq	MXI1	H1	cell-line	cell-line	cell-line	plus	none	passed
ENCFF206UQS	ENCFF206UQS	ENCSR000ECU	ENCSR362OIW	BPNet	observed signal profile	bigWig	ChIP-seq	MXI1	HeLa-S3	cell-line	cell-line	cell-line	minus	none	passed
ENCFF319ZRC	ENCFF319ZRC	ENCSR000ECU	ENCSR362OIW	BPNet	observed signal profile	bigWig	ChIP-seq	MXI1	HeLa-S3	cell-line	cell-line	cell-line	plus	none	passed
ENCFF942MXT	ENCFF942MXT	ENCSR000EDU	ENCSR207EEE	BPNet	observed signal profile	bigWig	ChIP-seq	MXI1	HepG2	cell-line	cell-line	cell-line	minus	none	passed
ENCFF505UJI	ENCFF505UJI	ENCSR000EDU	ENCSR207EEE	BPNet	observed signal profile	bigWig	ChIP-seq	MXI1	HepG2	cell-line	cell-line	cell-line	plus	none	passed
ENCFF317GEU	ENCFF317GEU	ENCSR000EFE	ENCSR450MOL	BPNet	observed signal profile	bigWig	ChIP-seq	MXI1	IMR-90	cell-line	cell-line	cell-line	minus	none	passed
ENCFF151ZRK	ENCFF151ZRK	ENCSR000EFE	ENCSR450MOL	BPNet	observed signal profile	bigWig	ChIP-seq	MXI1	IMR-90	cell-line	cell-line	cell-line	plus	none	passed
ENCFF369ZYX	ENCFF369ZYX	ENCSR000EGZ	ENCSR574SIH	BPNet	observed signal profile	bigWig	ChIP-seq	MXI1	K562	cell-line	cell-line	cell-line	minus	none	passed
ENCFF907ZMR	ENCFF907ZMR	ENCSR000EGZ	ENCSR574SIH	BPNet	observed signal profile	bigWig	ChIP-seq	MXI1	K562	cell-line	cell-line	cell-line	plus	none	passed
ENCFF080HAK	ENCFF080HAK	ENCSR000EIA	ENCSR486KID	BPNet	observed signal profile	bigWig	ChIP-seq	MXI1	SK-N-SH	cell-line	cell-line	cell-line	minus	none	passed
ENCFF392GOZ	ENCFF392GOZ	ENCSR000EIA	ENCSR486KID	BPNet	observed signal profile	bigWig	ChIP-seq	MXI1	SK-N-SH	cell-line	cell-line	cell-line	plus	none	passed
ENCFF085WQS	ENCFF085WQS	ENCSR934NHU	ENCSR563HKR	BPNet	observed signal profile	bigWig	ChIP-seq	MXI1	neural-cell	neural	nerve	central-nervous-system	minus	none	passed
ENCFF466PJQ	ENCFF466PJQ	ENCSR934NHU	ENCSR563HKR	BPNet	observed signal profile	bigWig	ChIP-seq	MXI1	neural-cell	neural	nerve	central-nervous-system	plus	none	passed
ENCFF181PVH	ENCFF181PVH	ENCSR581KCO	ENCSR028NEG	BPNet	observed signal profile	bigWig	ChIP-seq	MYBL2	HepG2	cell-line	cell-line	cell-line	minus	none	passed
ENCFF222AFB	ENCFF222AFB	ENCSR000BRO	ENCSR719FRN	BPNet	observed signal profile	bigWig	ChIP-seq	MYBL2	HepG2	cell-line	cell-line	cell-line	minus	none	passed
ENCFF325VGJ	ENCFF325VGJ	ENCSR000BRO	ENCSR719FRN	BPNet	observed signal profile	bigWig	ChIP-seq	MYBL2	HepG2	cell-line	cell-line	cell-line	plus	none	passed
ENCFF480JQX	ENCFF480JQX	ENCSR581KCO	ENCSR028NEG	BPNet	observed signal profile	bigWig	ChIP-seq	MYBL2	HepG2	cell-line	cell-line	cell-line	plus	none	passed
ENCFF157IRC	ENCFF157IRC	ENCSR162IEM	ENCSR205DJP	BPNet	observed signal profile	bigWig	ChIP-seq	MYBL2	K562	cell-line	cell-line	cell-line	minus	none	passed
ENCFF910KGC	ENCFF910KGC	ENCSR162IEM	ENCSR205DJP	BPNet	observed signal profile	bigWig	ChIP-seq	MYBL2	K562	cell-line	cell-line	cell-line	plus	none	passed
ENCFF392AZN	ENCFF392AZN	ENCSR000DYC	ENCSR488KUW	BPNet	observed signal profile	bigWig	ChIP-seq	MYC	A549	cell-line	cell-line	cell-line	minus	none	passed
ENCFF292UWT	ENCFF292UWT	ENCSR000DYC	ENCSR488KUW	BPNet	observed signal profile	bigWig	ChIP-seq	MYC	A549	cell-line	cell-line	cell-line	plus	none	passed
ENCFF983QIH	ENCFF983QIH	ENCSR000EBY	ENCSR659ZTN	BPNet	observed signal profile	bigWig	ChIP-seq	MYC	H1	cell-line	cell-line	cell-line	minus	none	passed
ENCFF747IHD	ENCFF747IHD	ENCSR000EBY	ENCSR659ZTN	BPNet	observed signal profile	bigWig	ChIP-seq	MYC	H1	cell-line	cell-line	cell-line	plus	none	passed
ENCFF117ZDA	ENCFF117ZDA	ENCSR000EZD	ENCSR786SZX	BPNet	observed signal profile	bigWig	ChIP-seq	MYC	HeLa-S3	cell-line	cell-line	cell-line	minus	none	passed
ENCFF504KHT	ENCFF504KHT	ENCSR000EZD	ENCSR786SZX	BPNet	observed signal profile	bigWig	ChIP-seq	MYC	HeLa-S3	cell-line	cell-line	cell-line	plus	none	passed
ENCFF017IDC	ENCFF017IDC	ENCSR784BVD	ENCSR255YZO	BPNet	observed signal profile	bigWig	ChIP-seq	MYC	HepG2	cell-line	cell-line	cell-line	minus	none	passed
ENCFF616WMT	ENCFF616WMT	ENCSR784BVD	ENCSR255YZO	BPNet	observed signal profile	bigWig	ChIP-seq	MYC	HepG2	cell-line	cell-line	cell-line	plus	none	passed
ENCFF074HJC	ENCFF074HJC	ENCSR000DLZ	ENCSR490UCL	BPNet	observed signal profile	bigWig	ChIP-seq	MYC	K562	cell-line	cell-line	cell-line	minus	none	passed
ENCFF233UQK	ENCFF233UQK	ENCSR000EZU	ENCSR073AVM	BPNet	observed signal profile	bigWig	ChIP-seq	MYC	K562	cell-line	cell-line	cell-line	minus	none	passed
ENCFF463MVY	ENCFF463MVY	ENCSR744JJU	ENCSR475EUF	BPNet	observed signal profile	bigWig	ChIP-seq	MYC	K562	cell-line	cell-line	cell-line	minus	none	passed
ENCFF465INQ	ENCFF465INQ	ENCSR000EZV	ENCSR137NGE	BPNet	observed signal profile	bigWig	ChIP-seq	MYC	K562	cell-line	cell-line	cell-line	minus	none	passed
ENCFF586HVZ	ENCFF586HVZ	ENCSR000EGS	ENCSR874LMM	BPNet	observed signal profile	bigWig	ChIP-seq	MYC	K562	cell-line	cell-line	cell-line	minus	none	passed
ENCFF753ZVT	ENCFF753ZVT	ENCSR000FAG	ENCSR698FPV	BPNet	observed signal profile	bigWig	ChIP-seq	MYC	K562	cell-line	cell-line	cell-line	minus	none	passed
ENCFF771GZF	ENCFF771GZF	ENCSR000FAZ	ENCSR232ZNL	BPNet	observed signal profile	bigWig	ChIP-seq	MYC	K562	cell-line	cell-line	cell-line	minus	none	passed
ENCFF799VJZ	ENCFF799VJZ	ENCSR000EGJ	ENCSR391PGO	BPNet	observed signal profile	bigWig	ChIP-seq	MYC	K562	cell-line	cell-line	cell-line	minus	none	passed
ENCFF212IAW	ENCFF212IAW	ENCSR000FAG	ENCSR698FPV	BPNet	observed signal profile	bigWig	ChIP-seq	MYC	K562	cell-line	cell-line	cell-line	plus	none	passed
ENCFF250WQH	ENCFF250WQH	ENCSR000EGJ	ENCSR391PGO	BPNet	observed signal profile	bigWig	ChIP-seq	MYC	K562	cell-line	cell-line	cell-line	plus	none	passed
ENCFF337EJB	ENCFF337EJB	ENCSR000EGS	ENCSR874LMM	BPNet	observed signal profile	bigWig	ChIP-seq	MYC	K562	cell-line	cell-line	cell-line	plus	none	passed
ENCFF349BBY	ENCFF349BBY	ENCSR744JJU	ENCSR475EUF	BPNet	observed signal profile	bigWig	ChIP-seq	MYC	K562	cell-line	cell-line	cell-line	plus	none	passed
ENCFF450WIV	ENCFF450WIV	ENCSR000DLZ	ENCSR490UCL	BPNet	observed signal profile	bigWig	ChIP-seq	MYC	K562	cell-line	cell-line	cell-line	plus	none	passed
ENCFF544TNC	ENCFF544TNC	ENCSR000EZU	ENCSR073AVM	BPNet	observed signal profile	bigWig	ChIP-seq	MYC	K562	cell-line	cell-line	cell-line	plus	none	passed
ENCFF700HGL	ENCFF700HGL	ENCSR000EZV	ENCSR137NGE	BPNet	observed signal profile	bigWig	ChIP-seq	MYC	K562	cell-line	cell-line	cell-line	plus	none	passed
ENCFF755DKA	ENCFF755DKA	ENCSR000FAZ	ENCSR232ZNL	BPNet	observed signal profile	bigWig	ChIP-seq	MYC	K562	cell-line	cell-line	cell-line	plus	none	passed
ENCFF268AQX	ENCFF268AQX	ENCSR000DOM	ENCSR079MXR	BPNet	observed signal profile	bigWig	ChIP-seq	MYC	MCF-10A	cell-line	cell-line	cell-line	minus	none	passed
ENCFF997SGL	ENCFF997SGL	ENCSR000DOS	ENCSR918OTZ	BPNet	observed signal profile	bigWig	ChIP-seq	MYC	MCF-10A	cell-line	cell-line	cell-line	minus	none	passed
ENCFF040BYC	ENCFF040BYC	ENCSR000DOM	ENCSR079MXR	BPNet	observed signal profile	bigWig	ChIP-seq	MYC	MCF-10A	cell-line	cell-line	cell-line	plus	none	passed
ENCFF291DIC	ENCFF291DIC	ENCSR000DOS	ENCSR918OTZ	BPNet	observed signal profile	bigWig	ChIP-seq	MYC	MCF-10A	cell-line	cell-line	cell-line	plus	none	passed
ENCFF326VOO	ENCFF326VOO	ENCSR000DMQ	ENCSR510MGV	BPNet	observed signal profile	bigWig	ChIP-seq	MYC	MCF-7	cell-line	cell-line	cell-line	minus	none	passed
ENCFF386LIC	ENCFF386LIC	ENCSR000DMJ	ENCSR842YFB	BPNet	observed signal profile	bigWig	ChIP-seq	MYC	MCF-7	cell-line	cell-line	cell-line	minus	none	passed
ENCFF540KIO	ENCFF540KIO	ENCSR000DMP	ENCSR289YVT	BPNet	observed signal profile	bigWig	ChIP-seq	MYC	MCF-7	cell-line	cell-line	cell-line	minus	none	passed
ENCFF893SFL	ENCFF893SFL	ENCSR000DMM	ENCSR486QYR	BPNet	observed signal profile	bigWig	ChIP-seq	MYC	MCF-7	cell-line	cell-line	cell-line	minus	none	passed
ENCFF013MGI	ENCFF013MGI	ENCSR000DMQ	ENCSR510MGV	BPNet	observed signal profile	bigWig	ChIP-seq	MYC	MCF-7	cell-line	cell-line	cell-line	plus	none	passed
ENCFF447HVB	ENCFF447HVB	ENCSR000DMJ	ENCSR842YFB	BPNet	observed signal profile	bigWig	ChIP-seq	MYC	MCF-7	cell-line	cell-line	cell-line	plus	none	passed
ENCFF451KCC	ENCFF451KCC	ENCSR000DMP	ENCSR289YVT	BPNet	observed signal profile	bigWig	ChIP-seq	MYC	MCF-7	cell-line	cell-line	cell-line	plus	none	passed
ENCFF644KBW	ENCFF644KBW	ENCSR000DMM	ENCSR486QYR	BPNet	observed signal profile	bigWig	ChIP-seq	MYC	MCF-7	cell-line	cell-line	cell-line	plus	none	passed
ENCFF340LVK	ENCFF340LVK	ENCSR000EHR	ENCSR864IWY	BPNet	observed signal profile	bigWig	ChIP-seq	MYC	NB4	cell-line	cell-line	cell-line	minus	none	passed
ENCFF084ZDV	ENCFF084ZDV	ENCSR000EHR	ENCSR864IWY	BPNet	observed signal profile	bigWig	ChIP-seq	MYC	NB4	cell-line	cell-line	cell-line	plus	none	passed
ENCFF725SPT	ENCFF725SPT	ENCSR707BNG	ENCSR948VXG	BPNet	observed signal profile	bigWig	ChIP-seq	MYNN	HEK293	cell-line	cell-line	cell-line	minus	none	passed
ENCFF696TUF	ENCFF696TUF	ENCSR707BNG	ENCSR948VXG	BPNet	observed signal profile	bigWig	ChIP-seq	MYNN	HEK293	cell-line	cell-line	cell-line	plus	none	passed
ENCFF017SKX	ENCFF017SKX	ENCSR737LTZ	ENCSR073PHB	BPNet	observed signal profile	bigWig	ChIP-seq	MYNN	K562	cell-line	cell-line	cell-line	minus	none	passed
ENCFF786NFG	ENCFF786NFG	ENCSR992KLV	ENCSR395MQN	BPNet	observed signal profile	bigWig	ChIP-seq	MYNN	K562	cell-line	cell-line	cell-line	minus	none	passed
ENCFF093MFO	ENCFF093MFO	ENCSR992KLV	ENCSR395MQN	BPNet	observed signal profile	bigWig	ChIP-seq	MYNN	K562	cell-line	cell-line	cell-line	plus	none	passed
ENCFF484LUP	ENCFF484LUP	ENCSR737LTZ	ENCSR073PHB	BPNet	observed signal profile	bigWig	ChIP-seq	MYNN	K562	cell-line	cell-line	cell-line	plus	none	passed
ENCFF779VZC	ENCFF779VZC	ENCSR056SXR	ENCSR326TEK	BPNet	observed signal profile	bigWig	ChIP-seq	MYPOP	HepG2	cell-line	cell-line	cell-line	minus	none	passed
ENCFF113YPJ	ENCFF113YPJ	ENCSR056SXR	ENCSR326TEK	BPNet	observed signal profile	bigWig	ChIP-seq	MYPOP	HepG2	cell-line	cell-line	cell-line	plus	none	passed
ENCFF726WVD	ENCFF726WVD	ENCSR298QUH	ENCSR570SUC	BPNet	observed signal profile	bigWig	ChIP-seq	MZF1	HEK293	cell-line	cell-line	cell-line	minus	none	passed
ENCFF376OLP	ENCFF376OLP	ENCSR298QUH	ENCSR570SUC	BPNet	observed signal profile	bigWig	ChIP-seq	MZF1	HEK293	cell-line	cell-line	cell-line	plus	none	passed
ENCFF790WZE	ENCFF790WZE	ENCSR545ADB	ENCSR998XFJ	BPNet	observed signal profile	bigWig	ChIP-seq	NACC2	HepG2	cell-line	cell-line	cell-line	minus	none	passed
ENCFF437LTR	ENCFF437LTR	ENCSR545ADB	ENCSR998XFJ	BPNet	observed signal profile	bigWig	ChIP-seq	NACC2	HepG2	cell-line	cell-line	cell-line	plus	none	passed
ENCFF270WKS	ENCFF270WKS	ENCSR061DGF	ENCSR570MMB	BPNet	observed signal profile	bigWig	ChIP-seq	NANOG	GM23338	cell-line	cell-line	cell-line	minus	none	passed
ENCFF520DPY	ENCFF520DPY	ENCSR061DGF	ENCSR570MMB	BPNet	observed signal profile	bigWig	ChIP-seq	NANOG	GM23338	cell-line	cell-line	cell-line	plus	none	passed
ENCFF809DPR	ENCFF809DPR	ENCSR000BQL	ENCSR855QIU	BPNet	observed signal profile	bigWig	ChIP-seq	NFATC1	GM12878	cell-line	cell-line	cell-line	minus	none	passed
ENCFF242XMG	ENCFF242XMG	ENCSR000BQL	ENCSR855QIU	BPNet	observed signal profile	bigWig	ChIP-seq	NFATC1	GM12878	cell-line	cell-line	cell-line	plus	none	passed
ENCFF132VVJ	ENCFF132VVJ	ENCSR437GBJ	ENCSR764UVH	BPNet	observed signal profile	bigWig	ChIP-seq	NFATC3	GM12878	cell-line	cell-line	cell-line	minus	none	passed
ENCFF424BRP	ENCFF424BRP	ENCSR437GBJ	ENCSR764UVH	BPNet	observed signal profile	bigWig	ChIP-seq	NFATC3	GM12878	cell-line	cell-line	cell-line	plus	none	passed
ENCFF766UUS	ENCFF766UUS	ENCSR670FDA	ENCSR051TQJ	BPNet	observed signal profile	bigWig	ChIP-seq	NFATC3	K562	cell-line	cell-line	cell-line	minus	none	passed
ENCFF391DGJ	ENCFF391DGJ	ENCSR670FDA	ENCSR051TQJ	BPNet	observed signal profile	bigWig	ChIP-seq	NFATC3	K562	cell-line	cell-line	cell-line	plus	none	passed
ENCFF464WGH	ENCFF464WGH	ENCSR983FBD	ENCSR016LTD	BPNet	observed signal profile	bigWig	ChIP-seq	NFE2	HepG2	cell-line	cell-line	cell-line	minus	none	passed
ENCFF398SUJ	ENCFF398SUJ	ENCSR983FBD	ENCSR016LTD	BPNet	observed signal profile	bigWig	ChIP-seq	NFE2	HepG2	cell-line	cell-line	cell-line	plus	none	passed
ENCFF115MMG	ENCFF115MMG	ENCSR000FCC	ENCSR620LZN	BPNet	observed signal profile	bigWig	ChIP-seq	NFE2	K562	cell-line	cell-line	cell-line	minus	none	passed
ENCFF339BCS	ENCFF339BCS	ENCSR552YGL	ENCSR714BAN	BPNet	observed signal profile	bigWig	ChIP-seq	NFE2	K562	cell-line	cell-line	cell-line	minus	none	passed
ENCFF552JHW	ENCFF552JHW	ENCSR000FAF	ENCSR833AMA	BPNet	observed signal profile	bigWig	ChIP-seq	NFE2	K562	cell-line	cell-line	cell-line	minus	none	passed
ENCFF165VAW	ENCFF165VAW	ENCSR000FCC	ENCSR620LZN	BPNet	observed signal profile	bigWig	ChIP-seq	NFE2	K562	cell-line	cell-line	cell-line	plus	none	passed
ENCFF707HBG	ENCFF707HBG	ENCSR000FAF	ENCSR833AMA	BPNet	observed signal profile	bigWig	ChIP-seq	NFE2	K562	cell-line	cell-line	cell-line	plus	none	passed
ENCFF966BCJ	ENCFF966BCJ	ENCSR552YGL	ENCSR714BAN	BPNet	observed signal profile	bigWig	ChIP-seq	NFE2	K562	cell-line	cell-line	cell-line	plus	none	passed
ENCFF838TJY	ENCFF838TJY	ENCSR584GHV	ENCSR834TYB	BPNet	observed signal profile	bigWig	ChIP-seq	NFE2L2	A549	cell-line	cell-line	cell-line	minus	none	passed
ENCFF221ORX	ENCFF221ORX	ENCSR584GHV	ENCSR834TYB	BPNet	observed signal profile	bigWig	ChIP-seq	NFE2L2	A549	cell-line	cell-line	cell-line	plus	none	passed
ENCFF176EAR	ENCFF176EAR	ENCSR707IUN	ENCSR143VJB	BPNet	observed signal profile	bigWig	ChIP-seq	NFE2L2	HeLa-S3	cell-line	cell-line	cell-line	minus	none	passed
ENCFF297DTO	ENCFF297DTO	ENCSR707IUN	ENCSR143VJB	BPNet	observed signal profile	bigWig	ChIP-seq	NFE2L2	HeLa-S3	cell-line	cell-line	cell-line	plus	none	passed
ENCFF846BMC	ENCFF846BMC	ENCSR488EES	ENCSR301SDD	BPNet	observed signal profile	bigWig	ChIP-seq	NFE2L2	HepG2	cell-line	cell-line	cell-line	minus	none	passed
ENCFF857VJO	ENCFF857VJO	ENCSR488EES	ENCSR301SDD	BPNet	observed signal profile	bigWig	ChIP-seq	NFE2L2	HepG2	cell-line	cell-line	cell-line	plus	none	passed
ENCFF131JAG	ENCFF131JAG	ENCSR197WGI	ENCSR719DDK	BPNet	observed signal profile	bigWig	ChIP-seq	NFE2L2	IMR-90	cell-line	cell-line	cell-line	minus	none	passed
ENCFF662GDY	ENCFF662GDY	ENCSR197WGI	ENCSR719DDK	BPNet	observed signal profile	bigWig	ChIP-seq	NFE2L2	IMR-90	cell-line	cell-line	cell-line	plus	none	passed
ENCFF925MYJ	ENCFF925MYJ	ENCSR226QQM	ENCSR930KVA	BPNet	observed signal profile	bigWig	ChIP-seq	NFIA	HepG2	cell-line	cell-line	cell-line	minus	none	passed
ENCFF133UWZ	ENCFF133UWZ	ENCSR226QQM	ENCSR930KVA	BPNet	observed signal profile	bigWig	ChIP-seq	NFIA	HepG2	cell-line	cell-line	cell-line	plus	none	passed
ENCFF723LWB	ENCFF723LWB	ENCSR414WBQ	ENCSR279NFG	BPNet	observed signal profile	bigWig	ChIP-seq	NFIB	HepG2	cell-line	cell-line	cell-line	minus	none	passed
ENCFF556DHC	ENCFF556DHC	ENCSR414WBQ	ENCSR279NFG	BPNet	observed signal profile	bigWig	ChIP-seq	NFIB	HepG2	cell-line	cell-line	cell-line	plus	none	passed
ENCFF090WCT	ENCFF090WCT	ENCSR582ZOA	ENCSR705OPV	BPNet	observed signal profile	bigWig	ChIP-seq	NFIB	MCF-7	cell-line	cell-line	cell-line	minus	none	passed
ENCFF252VSK	ENCFF252VSK	ENCSR702BYX	ENCSR903JQN	BPNet	observed signal profile	bigWig	ChIP-seq	NFIB	MCF-7	cell-line	cell-line	cell-line	minus	none	passed
ENCFF362QTS	ENCFF362QTS	ENCSR582ZOA	ENCSR705OPV	BPNet	observed signal profile	bigWig	ChIP-seq	NFIB	MCF-7	cell-line	cell-line	cell-line	plus	none	passed
ENCFF840YKB	ENCFF840YKB	ENCSR702BYX	ENCSR903JQN	BPNet	observed signal profile	bigWig	ChIP-seq	NFIB	MCF-7	cell-line	cell-line	cell-line	plus	none	passed
ENCFF583KLX	ENCFF583KLX	ENCSR000BRN	ENCSR370SAQ	BPNet	observed signal profile	bigWig	ChIP-seq	NFIC	GM12878	cell-line	cell-line	cell-line	minus	none	passed
ENCFF371AFN	ENCFF371AFN	ENCSR000BRN	ENCSR370SAQ	BPNet	observed signal profile	bigWig	ChIP-seq	NFIC	GM12878	cell-line	cell-line	cell-line	plus	none	passed
ENCFF150GBJ	ENCFF150GBJ	ENCSR000BQX	ENCSR448HYK	BPNet	observed signal profile	bigWig	ChIP-seq	NFIC	HepG2	cell-line	cell-line	cell-line	minus	none	passed
ENCFF255NZY	ENCFF255NZY	ENCSR000BQX	ENCSR448HYK	BPNet	observed signal profile	bigWig	ChIP-seq	NFIC	HepG2	cell-line	cell-line	cell-line	plus	none	passed
ENCFF916XWO	ENCFF916XWO	ENCSR000BUT	ENCSR178HFG	BPNet	observed signal profile	bigWig	ChIP-seq	NFIC	Ishikawa	cell-line	cell-line	cell-line	minus	none	passed
ENCFF100PEJ	ENCFF100PEJ	ENCSR000BUT	ENCSR178HFG	BPNet	observed signal profile	bigWig	ChIP-seq	NFIC	Ishikawa	cell-line	cell-line	cell-line	plus	none	passed
ENCFF384PSO	ENCFF384PSO	ENCSR796ITY	ENCSR829TWW	BPNet	observed signal profile	bigWig	ChIP-seq	NFIC	K562	cell-line	cell-line	cell-line	minus	none	passed
ENCFF212FQC	ENCFF212FQC	ENCSR796ITY	ENCSR829TWW	BPNet	observed signal profile	bigWig	ChIP-seq	NFIC	K562	cell-line	cell-line	cell-line	plus	none	passed
ENCFF947PXN	ENCFF947PXN	ENCSR000BSV	ENCSR975ZPP	BPNet	observed signal profile	bigWig	ChIP-seq	NFIC	SK-N-SH	cell-line	cell-line	cell-line	minus	none	passed
ENCFF900VQT	ENCFF900VQT	ENCSR000BSV	ENCSR975ZPP	BPNet	observed signal profile	bigWig	ChIP-seq	NFIC	SK-N-SH	cell-line	cell-line	cell-line	plus	none	passed
ENCFF542CNK	ENCFF542CNK	ENCSR201GGK	ENCSR264TFB	BPNet	observed signal profile	bigWig	ChIP-seq	NFIL3	HepG2	cell-line	cell-line	cell-line	minus	none	passed
ENCFF666FIF	ENCFF666FIF	ENCSR201GGK	ENCSR264TFB	BPNet	observed signal profile	bigWig	ChIP-seq	NFIL3	HepG2	cell-line	cell-line	cell-line	plus	none	passed
ENCFF701HQW	ENCFF701HQW	ENCSR574VJG	ENCSR049VIS	BPNet	observed signal profile	bigWig	ChIP-seq	NFIX	K562	cell-line	cell-line	cell-line	minus	none	passed
ENCFF547NBW	ENCFF547NBW	ENCSR574VJG	ENCSR049VIS	BPNet	observed signal profile	bigWig	ChIP-seq	NFIX	K562	cell-line	cell-line	cell-line	plus	none	passed
ENCFF830FBK	ENCFF830FBK	ENCSR000DNN	ENCSR941VQC	BPNet	observed signal profile	bigWig	ChIP-seq	NFYA	GM12878	cell-line	cell-line	cell-line	minus	none	passed
ENCFF379CSJ	ENCFF379CSJ	ENCSR000DNN	ENCSR941VQC	BPNet	observed signal profile	bigWig	ChIP-seq	NFYA	GM12878	cell-line	cell-line	cell-line	plus	none	passed
ENCFF981CTA	ENCFF981CTA	ENCSR000DNS	ENCSR043YIY	BPNet	observed signal profile	bigWig	ChIP-seq	NFYA	HeLa-S3	cell-line	cell-line	cell-line	minus	none	passed
ENCFF286DLB	ENCFF286DLB	ENCSR000DNS	ENCSR043YIY	BPNet	observed signal profile	bigWig	ChIP-seq	NFYA	HeLa-S3	cell-line	cell-line	cell-line	plus	none	passed
ENCFF227GJT	ENCFF227GJT	ENCSR124APT	ENCSR871HZE	BPNet	observed signal profile	bigWig	ChIP-seq	NFYA	HepG2	cell-line	cell-line	cell-line	minus	none	passed
ENCFF882KNC	ENCFF882KNC	ENCSR124APT	ENCSR871HZE	BPNet	observed signal profile	bigWig	ChIP-seq	NFYA	HepG2	cell-line	cell-line	cell-line	plus	none	passed
ENCFF394RPB	ENCFF394RPB	ENCSR000EGR	ENCSR130BYS	BPNet	observed signal profile	bigWig	ChIP-seq	NFYA	K562	cell-line	cell-line	cell-line	minus	none	passed
ENCFF894VVT	ENCFF894VVT	ENCSR163VTS	ENCSR549HCY	BPNet	observed signal profile	bigWig	ChIP-seq	NFYA	K562	cell-line	cell-line	cell-line	minus	none	passed
ENCFF515XOD	ENCFF515XOD	ENCSR000EGR	ENCSR130BYS	BPNet	observed signal profile	bigWig	ChIP-seq	NFYA	K562	cell-line	cell-line	cell-line	plus	none	passed
ENCFF792TUM	ENCFF792TUM	ENCSR163VTS	ENCSR549HCY	BPNet	observed signal profile	bigWig	ChIP-seq	NFYA	K562	cell-line	cell-line	cell-line	plus	none	passed
ENCFF431RGF	ENCFF431RGF	ENCSR000DNM	ENCSR769ACL	BPNet	observed signal profile	bigWig	ChIP-seq	NFYB	GM12878	cell-line	cell-line	cell-line	minus	none	passed
ENCFF137WKG	ENCFF137WKG	ENCSR000DNM	ENCSR769ACL	BPNet	observed signal profile	bigWig	ChIP-seq	NFYB	GM12878	cell-line	cell-line	cell-line	plus	none	passed
ENCFF779IAK	ENCFF779IAK	ENCSR000DNR	ENCSR129DJF	BPNet	observed signal profile	bigWig	ChIP-seq	NFYB	HeLa-S3	cell-line	cell-line	cell-line	minus	none	passed
ENCFF658RRC	ENCFF658RRC	ENCSR000DNR	ENCSR129DJF	BPNet	observed signal profile	bigWig	ChIP-seq	NFYB	HeLa-S3	cell-line	cell-line	cell-line	plus	none	passed
ENCFF531ALO	ENCFF531ALO	ENCSR935GZV	ENCSR317XKM	BPNet	observed signal profile	bigWig	ChIP-seq	NFYB	HepG2	cell-line	cell-line	cell-line	minus	none	passed
ENCFF321IRD	ENCFF321IRD	ENCSR935GZV	ENCSR317XKM	BPNet	observed signal profile	bigWig	ChIP-seq	NFYB	HepG2	cell-line	cell-line	cell-line	plus	none	passed
ENCFF587IWC	ENCFF587IWC	ENCSR000EGQ	ENCSR821CQP	BPNet	observed signal profile	bigWig	ChIP-seq	NFYB	K562	cell-line	cell-line	cell-line	minus	none	passed
ENCFF690RJP	ENCFF690RJP	ENCSR000EGQ	ENCSR821CQP	BPNet	observed signal profile	bigWig	ChIP-seq	NFYB	K562	cell-line	cell-line	cell-line	plus	none	passed
ENCFF428BUU	ENCFF428BUU	ENCSR146UIC	ENCSR619ZLZ	BPNet	observed signal profile	bigWig	ChIP-seq	NFYB	WTC11	cell-line	cell-line	cell-line	minus	none	passed
ENCFF997MLB	ENCFF997MLB	ENCSR146UIC	ENCSR619ZLZ	BPNet	observed signal profile	bigWig	ChIP-seq	NFYB	WTC11	cell-line	cell-line	cell-line	plus	none	passed
ENCFF087DVW	ENCFF087DVW	ENCSR569ARC	ENCSR683SPA	BPNet	observed signal profile	bigWig	ChIP-seq	NFYC	HepG2	cell-line	cell-line	cell-line	minus	none	passed
ENCFF476RAM	ENCFF476RAM	ENCSR569ARC	ENCSR683SPA	BPNet	observed signal profile	bigWig	ChIP-seq	NFYC	HepG2	cell-line	cell-line	cell-line	plus	none	passed
ENCFF691MQJ	ENCFF691MQJ	ENCSR784VIQ	ENCSR989CSU	BPNet	observed signal profile	bigWig	ChIP-seq	NR2C1	GM12878	cell-line	cell-line	cell-line	minus	none	passed
ENCFF907OCT	ENCFF907OCT	ENCSR784VIQ	ENCSR989CSU	BPNet	observed signal profile	bigWig	ChIP-seq	NR2C1	GM12878	cell-line	cell-line	cell-line	plus	none	passed
ENCFF596DWC	ENCFF596DWC	ENCSR178DEG	ENCSR071NXN	BPNet	observed signal profile	bigWig	ChIP-seq	NR2C1	K562	cell-line	cell-line	cell-line	minus	none	passed
ENCFF822PAV	ENCFF822PAV	ENCSR742IDN	ENCSR234QDQ	BPNet	observed signal profile	bigWig	ChIP-seq	NR2C1	K562	cell-line	cell-line	cell-line	minus	none	passed
ENCFF211REZ	ENCFF211REZ	ENCSR178DEG	ENCSR071NXN	BPNet	observed signal profile	bigWig	ChIP-seq	NR2C1	K562	cell-line	cell-line	cell-line	plus	none	passed
ENCFF586UAV	ENCFF586UAV	ENCSR742IDN	ENCSR234QDQ	BPNet	observed signal profile	bigWig	ChIP-seq	NR2C1	K562	cell-line	cell-line	cell-line	plus	none	passed
ENCFF635EOO	ENCFF635EOO	ENCSR000EUL	ENCSR254CFS	BPNet	observed signal profile	bigWig	ChIP-seq	NR2C2	GM12878	cell-line	cell-line	cell-line	minus	none	passed
ENCFF942ZXJ	ENCFF942ZXJ	ENCSR000EUL	ENCSR254CFS	BPNet	observed signal profile	bigWig	ChIP-seq	NR2C2	GM12878	cell-line	cell-line	cell-line	plus	none	passed
ENCFF315IPS	ENCFF315IPS	ENCSR000EVN	ENCSR085ZRK	BPNet	observed signal profile	bigWig	ChIP-seq	NR2C2	HeLa-S3	cell-line	cell-line	cell-line	minus	none	passed
ENCFF648RAX	ENCFF648RAX	ENCSR000EVN	ENCSR085ZRK	BPNet	observed signal profile	bigWig	ChIP-seq	NR2C2	HeLa-S3	cell-line	cell-line	cell-line	plus	none	passed
ENCFF286RLI	ENCFF286RLI	ENCSR559ZKI	ENCSR820PTP	BPNet	observed signal profile	bigWig	ChIP-seq	NR2C2	HepG2	cell-line	cell-line	cell-line	minus	none	passed
ENCFF727WYT	ENCFF727WYT	ENCSR000EVS	ENCSR258XPK	BPNet	observed signal profile	bigWig	ChIP-seq	NR2C2	HepG2	cell-line	cell-line	cell-line	minus	none	passed
ENCFF221SPX	ENCFF221SPX	ENCSR559ZKI	ENCSR820PTP	BPNet	observed signal profile	bigWig	ChIP-seq	NR2C2	HepG2	cell-line	cell-line	cell-line	plus	none	passed
ENCFF456LBJ	ENCFF456LBJ	ENCSR000EVS	ENCSR258XPK	BPNet	observed signal profile	bigWig	ChIP-seq	NR2C2	HepG2	cell-line	cell-line	cell-line	plus	none	passed
ENCFF659UMB	ENCFF659UMB	ENCSR750LYM	ENCSR424KNM	BPNet	observed signal profile	bigWig	ChIP-seq	NR2C2	K562	cell-line	cell-line	cell-line	minus	none	passed
ENCFF700POM	ENCFF700POM	ENCSR516SWI	ENCSR092JCQ	BPNet	observed signal profile	bigWig	ChIP-seq	NR2C2	K562	cell-line	cell-line	cell-line	minus	none	passed
ENCFF152AVV	ENCFF152AVV	ENCSR516SWI	ENCSR092JCQ	BPNet	observed signal profile	bigWig	ChIP-seq	NR2C2	K562	cell-line	cell-line	cell-line	plus	none	passed
ENCFF532IGU	ENCFF532IGU	ENCSR750LYM	ENCSR424KNM	BPNet	observed signal profile	bigWig	ChIP-seq	NR2C2	K562	cell-line	cell-line	cell-line	plus	none	passed
ENCFF287MBD	ENCFF287MBD	ENCSR454GVT	ENCSR457LIE	BPNet	observed signal profile	bigWig	ChIP-seq	NR2C2	WTC11	cell-line	cell-line	cell-line	minus	none	passed
ENCFF119OBE	ENCFF119OBE	ENCSR454GVT	ENCSR457LIE	BPNet	observed signal profile	bigWig	ChIP-seq	NR2C2	WTC11	cell-line	cell-line	cell-line	plus	none	passed
ENCFF464STO	ENCFF464STO	ENCSR514VYD	ENCSR861AYR	BPNet	observed signal profile	bigWig	ChIP-seq	NR2F1	GM12878	cell-line	cell-line	cell-line	minus	none	passed
ENCFF014HSE	ENCFF014HSE	ENCSR514VYD	ENCSR861AYR	BPNet	observed signal profile	bigWig	ChIP-seq	NR2F1	GM12878	cell-line	cell-line	cell-line	plus	none	passed
ENCFF517SHF	ENCFF517SHF	ENCSR136OFY	ENCSR591QMC	BPNet	observed signal profile	bigWig	ChIP-seq	NR2F1	HepG2	cell-line	cell-line	cell-line	minus	none	passed
ENCFF909CNY	ENCFF909CNY	ENCSR662EOU	ENCSR124SSR	BPNet	observed signal profile	bigWig	ChIP-seq	NR2F1	HepG2	cell-line	cell-line	cell-line	minus	none	passed
ENCFF699LDS	ENCFF699LDS	ENCSR662EOU	ENCSR124SSR	BPNet	observed signal profile	bigWig	ChIP-seq	NR2F1	HepG2	cell-line	cell-line	cell-line	plus	none	passed
ENCFF731YNG	ENCFF731YNG	ENCSR136OFY	ENCSR591QMC	BPNet	observed signal profile	bigWig	ChIP-seq	NR2F1	HepG2	cell-line	cell-line	cell-line	plus	none	passed
ENCFF859MTF	ENCFF859MTF	ENCSR970NKQ	ENCSR871YCI	BPNet	observed signal profile	bigWig	ChIP-seq	NR2F1	K562	cell-line	cell-line	cell-line	minus	none	passed
ENCFF797KHJ	ENCFF797KHJ	ENCSR970NKQ	ENCSR871YCI	BPNet	observed signal profile	bigWig	ChIP-seq	NR2F1	K562	cell-line	cell-line	cell-line	plus	none	passed
ENCFF540YHP	ENCFF540YHP	ENCSR000BVM	ENCSR332AIQ	BPNet	observed signal profile	bigWig	ChIP-seq	NR2F2	HepG2	cell-line	cell-line	cell-line	minus	none	passed
ENCFF277OSN	ENCFF277OSN	ENCSR000BVM	ENCSR332AIQ	BPNet	observed signal profile	bigWig	ChIP-seq	NR2F2	HepG2	cell-line	cell-line	cell-line	plus	none	passed
ENCFF083WNR	ENCFF083WNR	ENCSR000BRS	ENCSR713NVW	BPNet	observed signal profile	bigWig	ChIP-seq	NR2F2	K562	cell-line	cell-line	cell-line	minus	none	passed
ENCFF458YRD	ENCFF458YRD	ENCSR000BRS	ENCSR713NVW	BPNet	observed signal profile	bigWig	ChIP-seq	NR2F2	K562	cell-line	cell-line	cell-line	plus	none	passed
ENCFF429LXO	ENCFF429LXO	ENCSR000BUY	ENCSR883SOG	BPNet	observed signal profile	bigWig	ChIP-seq	NR2F2	MCF-7	cell-line	cell-line	cell-line	minus	none	passed
ENCFF221QWU	ENCFF221QWU	ENCSR000BUY	ENCSR883SOG	BPNet	observed signal profile	bigWig	ChIP-seq	NR2F2	MCF-7	cell-line	cell-line	cell-line	plus	none	passed
ENCFF509AEF	ENCFF509AEF	ENCSR168SMX	ENCSR457NZG	BPNet	observed signal profile	bigWig	ChIP-seq	NR2F2	liver	liver	liver	digestive-system	minus	none	passed
ENCFF573DRL	ENCFF573DRL	ENCSR338MMB	ENCSR168OJP	BPNet	observed signal profile	bigWig	ChIP-seq	NR2F2	liver	liver	liver	digestive-system	minus	none	passed
ENCFF261TQR	ENCFF261TQR	ENCSR168SMX	ENCSR457NZG	BPNet	observed signal profile	bigWig	ChIP-seq	NR2F2	liver	liver	liver	digestive-system	plus	none	passed
ENCFF677QGZ	ENCFF677QGZ	ENCSR338MMB	ENCSR168OJP	BPNet	observed signal profile	bigWig	ChIP-seq	NR2F2	liver	liver	liver	digestive-system	plus	none	passed
ENCFF849CFU	ENCFF849CFU	ENCSR518WPL	ENCSR759JDH	BPNet	observed signal profile	bigWig	ChIP-seq	NR2F6	HepG2	cell-line	cell-line	cell-line	minus	none	passed
ENCFF947PTV	ENCFF947PTV	ENCSR798IJO	ENCSR390ZVY	BPNet	observed signal profile	bigWig	ChIP-seq	NR2F6	HepG2	cell-line	cell-line	cell-line	minus	none	passed
ENCFF295THO	ENCFF295THO	ENCSR798IJO	ENCSR390ZVY	BPNet	observed signal profile	bigWig	ChIP-seq	NR2F6	HepG2	cell-line	cell-line	cell-line	plus	none	passed
ENCFF815HYM	ENCFF815HYM	ENCSR518WPL	ENCSR759JDH	BPNet	observed signal profile	bigWig	ChIP-seq	NR2F6	HepG2	cell-line	cell-line	cell-line	plus	none	passed
ENCFF346KCU	ENCFF346KCU	ENCSR087TYG	ENCSR168LQY	BPNet	observed signal profile	bigWig	ChIP-seq	NR2F6	K562	cell-line	cell-line	cell-line	minus	none	passed
ENCFF938EWF	ENCFF938EWF	ENCSR707QWA	ENCSR190HFL	BPNet	observed signal profile	bigWig	ChIP-seq	NR2F6	K562	cell-line	cell-line	cell-line	minus	none	passed
ENCFF159HAH	ENCFF159HAH	ENCSR707QWA	ENCSR190HFL	BPNet	observed signal profile	bigWig	ChIP-seq	NR2F6	K562	cell-line	cell-line	cell-line	plus	none	passed
ENCFF933RLS	ENCFF933RLS	ENCSR087TYG	ENCSR168LQY	BPNet	observed signal profile	bigWig	ChIP-seq	NR2F6	K562	cell-line	cell-line	cell-line	plus	none	passed
ENCFF039BKZ	ENCFF039BKZ	ENCSR458VTP	ENCSR788MPQ	BPNet	observed signal profile	bigWig	ChIP-seq	NR3C1	A549	cell-line	cell-line	cell-line	minus	none	passed
ENCFF130ZCJ	ENCFF130ZCJ	ENCSR952GOL	ENCSR352KUO	BPNet	observed signal profile	bigWig	ChIP-seq	NR3C1	A549	cell-line	cell-line	cell-line	minus	none	passed
ENCFF273KMF	ENCFF273KMF	ENCSR471EKW	ENCSR885SKN	BPNet	observed signal profile	bigWig	ChIP-seq	NR3C1	A549	cell-line	cell-line	cell-line	minus	none	passed
ENCFF325ZLH	ENCFF325ZLH	ENCSR255CTA	ENCSR306DVJ	BPNet	observed signal profile	bigWig	ChIP-seq	NR3C1	A549	cell-line	cell-line	cell-line	minus	none	passed
ENCFF341TUN	ENCFF341TUN	ENCSR908AOO	ENCSR538QXL	BPNet	observed signal profile	bigWig	ChIP-seq	NR3C1	A549	cell-line	cell-line	cell-line	minus	none	passed
ENCFF489UVO	ENCFF489UVO	ENCSR287FWE	ENCSR589BOE	BPNet	observed signal profile	bigWig	ChIP-seq	NR3C1	A549	cell-line	cell-line	cell-line	minus	none	passed
ENCFF536BGC	ENCFF536BGC	ENCSR857QEA	ENCSR475WFL	BPNet	observed signal profile	bigWig	ChIP-seq	NR3C1	A549	cell-line	cell-line	cell-line	minus	none	passed
ENCFF560YQE	ENCFF560YQE	ENCSR660RYY	ENCSR567LVX	BPNet	observed signal profile	bigWig	ChIP-seq	NR3C1	A549	cell-line	cell-line	cell-line	minus	none	passed
ENCFF653DYU	ENCFF653DYU	ENCSR070VXO	ENCSR368FNT	BPNet	observed signal profile	bigWig	ChIP-seq	NR3C1	A549	cell-line	cell-line	cell-line	minus	none	passed
ENCFF660QHM	ENCFF660QHM	ENCSR720DXT	ENCSR072HFH	BPNet	observed signal profile	bigWig	ChIP-seq	NR3C1	A549	cell-line	cell-line	cell-line	minus	none	passed
ENCFF794QGA	ENCFF794QGA	ENCSR773NQB	ENCSR865TVN	BPNet	observed signal profile	bigWig	ChIP-seq	NR3C1	A549	cell-line	cell-line	cell-line	minus	none	passed
ENCFF798FHH	ENCFF798FHH	ENCSR686PFM	ENCSR200MKB	BPNet	observed signal profile	bigWig	ChIP-seq	NR3C1	A549	cell-line	cell-line	cell-line	minus	none	passed
ENCFF822MBY	ENCFF822MBY	ENCSR424JOE	ENCSR480CPV	BPNet	observed signal profile	bigWig	ChIP-seq	NR3C1	A549	cell-line	cell-line	cell-line	minus	none	passed
ENCFF859MQU	ENCFF859MQU	ENCSR919OXR	ENCSR171TAJ	BPNet	observed signal profile	bigWig	ChIP-seq	NR3C1	A549	cell-line	cell-line	cell-line	minus	none	passed
ENCFF893HZC	ENCFF893HZC	ENCSR385RUW	ENCSR882RIC	BPNet	observed signal profile	bigWig	ChIP-seq	NR3C1	A549	cell-line	cell-line	cell-line	minus	none	passed
ENCFF002RCU	ENCFF002RCU	ENCSR471EKW	ENCSR885SKN	BPNet	observed signal profile	bigWig	ChIP-seq	NR3C1	A549	cell-line	cell-line	cell-line	plus	none	passed
ENCFF020JTM	ENCFF020JTM	ENCSR458VTP	ENCSR788MPQ	BPNet	observed signal profile	bigWig	ChIP-seq	NR3C1	A549	cell-line	cell-line	cell-line	plus	none	passed
ENCFF065SJW	ENCFF065SJW	ENCSR773NQB	ENCSR865TVN	BPNet	observed signal profile	bigWig	ChIP-seq	NR3C1	A549	cell-line	cell-line	cell-line	plus	none	passed
ENCFF184EMA	ENCFF184EMA	ENCSR660RYY	ENCSR567LVX	BPNet	observed signal profile	bigWig	ChIP-seq	NR3C1	A549	cell-line	cell-line	cell-line	plus	none	passed
ENCFF210EMG	ENCFF210EMG	ENCSR385RUW	ENCSR882RIC	BPNet	observed signal profile	bigWig	ChIP-seq	NR3C1	A549	cell-line	cell-line	cell-line	plus	none	passed
ENCFF343WIT	ENCFF343WIT	ENCSR424JOE	ENCSR480CPV	BPNet	observed signal profile	bigWig	ChIP-seq	NR3C1	A549	cell-line	cell-line	cell-line	plus	none	passed
ENCFF367BPS	ENCFF367BPS	ENCSR857QEA	ENCSR475WFL	BPNet	observed signal profile	bigWig	ChIP-seq	NR3C1	A549	cell-line	cell-line	cell-line	plus	none	passed
ENCFF438HAT	ENCFF438HAT	ENCSR287FWE	ENCSR589BOE	BPNet	observed signal profile	bigWig	ChIP-seq	NR3C1	A549	cell-line	cell-line	cell-line	plus	none	passed
ENCFF475TQB	ENCFF475TQB	ENCSR255CTA	ENCSR306DVJ	BPNet	observed signal profile	bigWig	ChIP-seq	NR3C1	A549	cell-line	cell-line	cell-line	plus	none	passed
ENCFF554AGP	ENCFF554AGP	ENCSR952GOL	ENCSR352KUO	BPNet	observed signal profile	bigWig	ChIP-seq	NR3C1	A549	cell-line	cell-line	cell-line	plus	none	passed
ENCFF646HHN	ENCFF646HHN	ENCSR070VXO	ENCSR368FNT	BPNet	observed signal profile	bigWig	ChIP-seq	NR3C1	A549	cell-line	cell-line	cell-line	plus	none	passed
ENCFF742VZJ	ENCFF742VZJ	ENCSR720DXT	ENCSR072HFH	BPNet	observed signal profile	bigWig	ChIP-seq	NR3C1	A549	cell-line	cell-line	cell-line	plus	none	passed
ENCFF760MTQ	ENCFF760MTQ	ENCSR919OXR	ENCSR171TAJ	BPNet	observed signal profile	bigWig	ChIP-seq	NR3C1	A549	cell-line	cell-line	cell-line	plus	none	passed
ENCFF777QXF	ENCFF777QXF	ENCSR908AOO	ENCSR538QXL	BPNet	observed signal profile	bigWig	ChIP-seq	NR3C1	A549	cell-line	cell-line	cell-line	plus	none	passed
ENCFF818IJB	ENCFF818IJB	ENCSR686PFM	ENCSR200MKB	BPNet	observed signal profile	bigWig	ChIP-seq	NR3C1	A549	cell-line	cell-line	cell-line	plus	none	passed
ENCFF949DGR	ENCFF949DGR	ENCSR310OZS	ENCSR647CHM	BPNet	observed signal profile	bigWig	ChIP-seq	NR5A1	HepG2	cell-line	cell-line	cell-line	minus	none	passed
ENCFF810HAI	ENCFF810HAI	ENCSR310OZS	ENCSR647CHM	BPNet	observed signal profile	bigWig	ChIP-seq	NR5A1	HepG2	cell-line	cell-line	cell-line	plus	none	passed
ENCFF599JSN	ENCFF599JSN	ENCSR190GIW	ENCSR357CBX	BPNet	observed signal profile	bigWig	ChIP-seq	NR5A2	A549	cell-line	cell-line	cell-line	minus	none	passed
ENCFF514RRW	ENCFF514RRW	ENCSR190GIW	ENCSR357CBX	BPNet	observed signal profile	bigWig	ChIP-seq	NR5A2	A549	cell-line	cell-line	cell-line	plus	none	passed
ENCFF542AJQ	ENCFF542AJQ	ENCSR000DZO	ENCSR661AQY	BPNet	observed signal profile	bigWig	ChIP-seq	NRF1	GM12878	cell-line	cell-line	cell-line	minus	none	passed
ENCFF107QRG	ENCFF107QRG	ENCSR000DZO	ENCSR661AQY	BPNet	observed signal profile	bigWig	ChIP-seq	NRF1	GM12878	cell-line	cell-line	cell-line	plus	none	passed
ENCFF826PEH	ENCFF826PEH	ENCSR000ECC	ENCSR210HYL	BPNet	observed signal profile	bigWig	ChIP-seq	NRF1	H1	cell-line	cell-line	cell-line	minus	none	passed
ENCFF799WBP	ENCFF799WBP	ENCSR000ECC	ENCSR210HYL	BPNet	observed signal profile	bigWig	ChIP-seq	NRF1	H1	cell-line	cell-line	cell-line	plus	none	passed
ENCFF172IXT	ENCFF172IXT	ENCSR000EDJ	ENCSR570WGA	BPNet	observed signal profile	bigWig	ChIP-seq	NRF1	HeLa-S3	cell-line	cell-line	cell-line	minus	none	passed
ENCFF525KPI	ENCFF525KPI	ENCSR000EDJ	ENCSR570WGA	BPNet	observed signal profile	bigWig	ChIP-seq	NRF1	HeLa-S3	cell-line	cell-line	cell-line	plus	none	passed
ENCFF163TTR	ENCFF163TTR	ENCSR689JMY	ENCSR904TGB	BPNet	observed signal profile	bigWig	ChIP-seq	NRF1	HepG2	cell-line	cell-line	cell-line	minus	none	passed
ENCFF525HPI	ENCFF525HPI	ENCSR853ADA	ENCSR920BWT	BPNet	observed signal profile	bigWig	ChIP-seq	NRF1	HepG2	cell-line	cell-line	cell-line	minus	none	passed
ENCFF779XUN	ENCFF779XUN	ENCSR000EEH	ENCSR356BZM	BPNet	observed signal profile	bigWig	ChIP-seq	NRF1	HepG2	cell-line	cell-line	cell-line	minus	none	passed
ENCFF261CFL	ENCFF261CFL	ENCSR000EEH	ENCSR356BZM	BPNet	observed signal profile	bigWig	ChIP-seq	NRF1	HepG2	cell-line	cell-line	cell-line	plus	none	passed
ENCFF330JQU	ENCFF330JQU	ENCSR689JMY	ENCSR904TGB	BPNet	observed signal profile	bigWig	ChIP-seq	NRF1	HepG2	cell-line	cell-line	cell-line	plus	none	passed
ENCFF768RAQ	ENCFF768RAQ	ENCSR853ADA	ENCSR920BWT	BPNet	observed signal profile	bigWig	ChIP-seq	NRF1	HepG2	cell-line	cell-line	cell-line	plus	none	passed
ENCFF229IXC	ENCFF229IXC	ENCSR837EYC	ENCSR401AOR	BPNet	observed signal profile	bigWig	ChIP-seq	NRF1	K562	cell-line	cell-line	cell-line	minus	none	passed
ENCFF425XEZ	ENCFF425XEZ	ENCSR494TDU	ENCSR565KGD	BPNet	observed signal profile	bigWig	ChIP-seq	NRF1	K562	cell-line	cell-line	cell-line	minus	none	passed
ENCFF517SCT	ENCFF517SCT	ENCSR000EHH	ENCSR344GIT	BPNet	observed signal profile	bigWig	ChIP-seq	NRF1	K562	cell-line	cell-line	cell-line	minus	none	passed
ENCFF848RIH	ENCFF848RIH	ENCSR998AJK	ENCSR241UYL	BPNet	observed signal profile	bigWig	ChIP-seq	NRF1	K562	cell-line	cell-line	cell-line	minus	none	passed
ENCFF404HUQ	ENCFF404HUQ	ENCSR837EYC	ENCSR401AOR	BPNet	observed signal profile	bigWig	ChIP-seq	NRF1	K562	cell-line	cell-line	cell-line	plus	none	passed
ENCFF482QHX	ENCFF482QHX	ENCSR000EHH	ENCSR344GIT	BPNet	observed signal profile	bigWig	ChIP-seq	NRF1	K562	cell-line	cell-line	cell-line	plus	none	passed
ENCFF698OEB	ENCFF698OEB	ENCSR494TDU	ENCSR565KGD	BPNet	observed signal profile	bigWig	ChIP-seq	NRF1	K562	cell-line	cell-line	cell-line	plus	none	passed
ENCFF993ZRN	ENCFF993ZRN	ENCSR998AJK	ENCSR241UYL	BPNet	observed signal profile	bigWig	ChIP-seq	NRF1	K562	cell-line	cell-line	cell-line	plus	none	passed
ENCFF150AIT	ENCFF150AIT	ENCSR135ANT	ENCSR214IZN	BPNet	observed signal profile	bigWig	ChIP-seq	NRF1	MCF-7	cell-line	cell-line	cell-line	minus	none	passed
ENCFF841LKE	ENCFF841LKE	ENCSR135ANT	ENCSR214IZN	BPNet	observed signal profile	bigWig	ChIP-seq	NRF1	MCF-7	cell-line	cell-line	cell-line	plus	none	passed
ENCFF950FVH	ENCFF950FVH	ENCSR000EHZ	ENCSR782UXR	BPNet	observed signal profile	bigWig	ChIP-seq	NRF1	SK-N-SH	cell-line	cell-line	cell-line	minus	none	passed
ENCFF710YEJ	ENCFF710YEJ	ENCSR000EHZ	ENCSR782UXR	BPNet	observed signal profile	bigWig	ChIP-seq	NRF1	SK-N-SH	cell-line	cell-line	cell-line	plus	none	passed
ENCFF094QWW	ENCFF094QWW	ENCSR956OSX	ENCSR181GHL	BPNet	observed signal profile	bigWig	ChIP-seq	ONECUT1	HepG2	cell-line	cell-line	cell-line	minus	none	passed
ENCFF860GMC	ENCFF860GMC	ENCSR956OSX	ENCSR181GHL	BPNet	observed signal profile	bigWig	ChIP-seq	ONECUT1	HepG2	cell-line	cell-line	cell-line	plus	none	passed
ENCFF922QET	ENCFF922QET	ENCSR661PKJ	ENCSR030NUO	BPNet	observed signal profile	bigWig	ChIP-seq	ONECUT2	HepG2	cell-line	cell-line	cell-line	minus	none	passed
ENCFF644ARJ	ENCFF644ARJ	ENCSR661PKJ	ENCSR030NUO	BPNet	observed signal profile	bigWig	ChIP-seq	ONECUT2	HepG2	cell-line	cell-line	cell-line	plus	none	passed
ENCFF850JXL	ENCFF850JXL	ENCSR324LTM	ENCSR685EWN	BPNet	observed signal profile	bigWig	ChIP-seq	OSR2	HEK293	cell-line	cell-line	cell-line	minus	none	passed
ENCFF922KUM	ENCFF922KUM	ENCSR324LTM	ENCSR685EWN	BPNet	observed signal profile	bigWig	ChIP-seq	OSR2	HEK293	cell-line	cell-line	cell-line	plus	none	passed
ENCFF943ZWZ	ENCFF943ZWZ	ENCSR475ZYA	ENCSR929JHW	BPNet	observed signal profile	bigWig	ChIP-seq	OTX1	K562	cell-line	cell-line	cell-line	minus	none	passed
ENCFF866QJA	ENCFF866QJA	ENCSR475ZYA	ENCSR929JHW	BPNet	observed signal profile	bigWig	ChIP-seq	OTX1	K562	cell-line	cell-line	cell-line	plus	none	passed
ENCFF954AIF	ENCFF954AIF	ENCSR004HEA	ENCSR248HLP	BPNet	observed signal profile	bigWig	ChIP-seq	OTX2	WTC11	cell-line	cell-line	cell-line	minus	none	passed
ENCFF940WUD	ENCFF940WUD	ENCSR004HEA	ENCSR248HLP	BPNet	observed signal profile	bigWig	ChIP-seq	OTX2	WTC11	cell-line	cell-line	cell-line	plus	none	passed
ENCFF099XER	ENCFF099XER	ENCSR829WBA	ENCSR446WNF	BPNet	observed signal profile	bigWig	ChIP-seq	OVOL1	MCF-7	cell-line	cell-line	cell-line	minus	none	passed
ENCFF119VWX	ENCFF119VWX	ENCSR829WBA	ENCSR446WNF	BPNet	observed signal profile	bigWig	ChIP-seq	OVOL1	MCF-7	cell-line	cell-line	cell-line	plus	none	passed
ENCFF369MJJ	ENCFF369MJJ	ENCSR966ULI	ENCSR024NUR	BPNet	observed signal profile	bigWig	ChIP-seq	PATZ1	HEK293	cell-line	cell-line	cell-line	minus	none	passed
ENCFF762ABJ	ENCFF762ABJ	ENCSR966ULI	ENCSR024NUR	BPNet	observed signal profile	bigWig	ChIP-seq	PATZ1	HEK293	cell-line	cell-line	cell-line	plus	none	passed
ENCFF635NEP	ENCFF635NEP	ENCSR658YLN	ENCSR507HQC	BPNet	observed signal profile	bigWig	ChIP-seq	PATZ1	HepG2	cell-line	cell-line	cell-line	minus	none	passed
ENCFF521MLG	ENCFF521MLG	ENCSR658YLN	ENCSR507HQC	BPNet	observed signal profile	bigWig	ChIP-seq	PATZ1	HepG2	cell-line	cell-line	cell-line	plus	none	passed
ENCFF501ZDG	ENCFF501ZDG	ENCSR969AIM	ENCSR712MTB	BPNet	observed signal profile	bigWig	ChIP-seq	PATZ1	SK-N-SH	cell-line	cell-line	cell-line	minus	none	passed
ENCFF307KOM	ENCFF307KOM	ENCSR969AIM	ENCSR712MTB	BPNet	observed signal profile	bigWig	ChIP-seq	PATZ1	SK-N-SH	cell-line	cell-line	cell-line	plus	none	passed
ENCFF140JMI	ENCFF140JMI	ENCSR000BHD	ENCSR273TEU	BPNet	observed signal profile	bigWig	ChIP-seq	PAX5	GM12878	cell-line	cell-line	cell-line	minus	none	passed
ENCFF961QJR	ENCFF961QJR	ENCSR000BHJ	ENCSR040PVF	BPNet	observed signal profile	bigWig	ChIP-seq	PAX5	GM12878	cell-line	cell-line	cell-line	minus	none	passed
ENCFF242YSS	ENCFF242YSS	ENCSR000BHD	ENCSR273TEU	BPNet	observed signal profile	bigWig	ChIP-seq	PAX5	GM12878	cell-line	cell-line	cell-line	plus	none	passed
ENCFF307XVQ	ENCFF307XVQ	ENCSR000BHJ	ENCSR040PVF	BPNet	observed signal profile	bigWig	ChIP-seq	PAX5	GM12878	cell-line	cell-line	cell-line	plus	none	passed
ENCFF513VOP	ENCFF513VOP	ENCSR000BJI	ENCSR387UVY	BPNet	observed signal profile	bigWig	ChIP-seq	PAX5	GM12892	cell-line	cell-line	cell-line	minus	none	passed
ENCFF798WPQ	ENCFF798WPQ	ENCSR000BJI	ENCSR387UVY	BPNet	observed signal profile	bigWig	ChIP-seq	PAX5	GM12892	cell-line	cell-line	cell-line	plus	none	passed
ENCFF843QEL	ENCFF843QEL	ENCSR192AFN	ENCSR113JWW	BPNet	observed signal profile	bigWig	ChIP-seq	PAX8	GM12878	cell-line	cell-line	cell-line	minus	none	passed
ENCFF343HXS	ENCFF343HXS	ENCSR192AFN	ENCSR113JWW	BPNet	observed signal profile	bigWig	ChIP-seq	PAX8	GM12878	cell-line	cell-line	cell-line	plus	none	passed
ENCFF530KTK	ENCFF530KTK	ENCSR637RKG	ENCSR433EIH	BPNet	observed signal profile	bigWig	ChIP-seq	PBX1	A549	cell-line	cell-line	cell-line	minus	none	passed
ENCFF775MJF	ENCFF775MJF	ENCSR637RKG	ENCSR433EIH	BPNet	observed signal profile	bigWig	ChIP-seq	PBX1	A549	cell-line	cell-line	cell-line	plus	none	passed
ENCFF748NOF	ENCFF748NOF	ENCSR849DFF	ENCSR636OJZ	BPNet	observed signal profile	bigWig	ChIP-seq	PBX2	HepG2	cell-line	cell-line	cell-line	minus	none	passed
ENCFF264EZA	ENCFF264EZA	ENCSR849DFF	ENCSR636OJZ	BPNet	observed signal profile	bigWig	ChIP-seq	PBX2	HepG2	cell-line	cell-line	cell-line	plus	none	passed
ENCFF381JBG	ENCFF381JBG	ENCSR263DFP	ENCSR551HZJ	BPNet	observed signal profile	bigWig	ChIP-seq	PBX2	K562	cell-line	cell-line	cell-line	minus	none	passed
ENCFF467RKP	ENCFF467RKP	ENCSR633EIC	ENCSR745SNO	BPNet	observed signal profile	bigWig	ChIP-seq	PBX2	K562	cell-line	cell-line	cell-line	minus	none	passed
ENCFF228SKG	ENCFF228SKG	ENCSR633EIC	ENCSR745SNO	BPNet	observed signal profile	bigWig	ChIP-seq	PBX2	K562	cell-line	cell-line	cell-line	plus	none	passed
ENCFF327ZUP	ENCFF327ZUP	ENCSR263DFP	ENCSR551HZJ	BPNet	observed signal profile	bigWig	ChIP-seq	PBX2	K562	cell-line	cell-line	cell-line	plus	none	passed
ENCFF711KXY	ENCFF711KXY	ENCSR000BTN	ENCSR087MEY	BPNet	observed signal profile	bigWig	ChIP-seq	PBX3	A549	cell-line	cell-line	cell-line	minus	none	passed
ENCFF789XCT	ENCFF789XCT	ENCSR000BTN	ENCSR087MEY	BPNet	observed signal profile	bigWig	ChIP-seq	PBX3	A549	cell-line	cell-line	cell-line	plus	none	passed
ENCFF316MAU	ENCFF316MAU	ENCSR000BGR	ENCSR101PVF	BPNet	observed signal profile	bigWig	ChIP-seq	PBX3	GM12878	cell-line	cell-line	cell-line	minus	none	passed
ENCFF551PEA	ENCFF551PEA	ENCSR000BGR	ENCSR101PVF	BPNet	observed signal profile	bigWig	ChIP-seq	PBX3	GM12878	cell-line	cell-line	cell-line	plus	none	passed
ENCFF881PDB	ENCFF881PDB	ENCSR865HXK	ENCSR645VWV	BPNet	observed signal profile	bigWig	ChIP-seq	PBX3	HEK293	cell-line	cell-line	cell-line	minus	none	passed
ENCFF278MLV	ENCFF278MLV	ENCSR865HXK	ENCSR645VWV	BPNet	observed signal profile	bigWig	ChIP-seq	PBX3	HEK293	cell-line	cell-line	cell-line	plus	none	passed
ENCFF851XAP	ENCFF851XAP	ENCSR000BVE	ENCSR592CCC	BPNet	observed signal profile	bigWig	ChIP-seq	PBX3	SK-N-SH	cell-line	cell-line	cell-line	minus	none	passed
ENCFF728TUT	ENCFF728TUT	ENCSR000BVE	ENCSR592CCC	BPNet	observed signal profile	bigWig	ChIP-seq	PBX3	SK-N-SH	cell-line	cell-line	cell-line	plus	none	passed
ENCFF822WRR	ENCFF822WRR	ENCSR374MAS	ENCSR531XTW	BPNet	observed signal profile	bigWig	ChIP-seq	PITX1	HepG2	cell-line	cell-line	cell-line	minus	none	passed
ENCFF908GHD	ENCFF908GHD	ENCSR374MAS	ENCSR531XTW	BPNet	observed signal profile	bigWig	ChIP-seq	PITX1	HepG2	cell-line	cell-line	cell-line	plus	none	passed
ENCFF626YYS	ENCFF626YYS	ENCSR711XNY	ENCSR001IUM	BPNet	observed signal profile	bigWig	ChIP-seq	PKNOX1	GM12878	cell-line	cell-line	cell-line	minus	none	passed
ENCFF868QNF	ENCFF868QNF	ENCSR711XNY	ENCSR001IUM	BPNet	observed signal profile	bigWig	ChIP-seq	PKNOX1	GM12878	cell-line	cell-line	cell-line	plus	none	passed
ENCFF921RXE	ENCFF921RXE	ENCSR233FAG	ENCSR610UPY	BPNet	observed signal profile	bigWig	ChIP-seq	PKNOX1	HEK293T	cell-line	cell-line	cell-line	minus	none	passed
ENCFF852IOM	ENCFF852IOM	ENCSR233FAG	ENCSR610UPY	BPNet	observed signal profile	bigWig	ChIP-seq	PKNOX1	HEK293T	cell-line	cell-line	cell-line	plus	none	passed
ENCFF474ZVZ	ENCFF474ZVZ	ENCSR115SMW	ENCSR509JOV	BPNet	observed signal profile	bigWig	ChIP-seq	PKNOX1	K562	cell-line	cell-line	cell-line	minus	none	passed
ENCFF154KYQ	ENCFF154KYQ	ENCSR115SMW	ENCSR509JOV	BPNet	observed signal profile	bigWig	ChIP-seq	PKNOX1	K562	cell-line	cell-line	cell-line	plus	none	passed
ENCFF748HIH	ENCFF748HIH	ENCSR986XYK	ENCSR949ALP	BPNet	observed signal profile	bigWig	ChIP-seq	PKNOX1	MCF-7	cell-line	cell-line	cell-line	minus	none	passed
ENCFF332FKE	ENCFF332FKE	ENCSR986XYK	ENCSR949ALP	BPNet	observed signal profile	bigWig	ChIP-seq	PKNOX1	MCF-7	cell-line	cell-line	cell-line	plus	none	passed
ENCFF331AKN	ENCFF331AKN	ENCSR871EQD	ENCSR608CDL	BPNet	observed signal profile	bigWig	ChIP-seq	POU2F1	HepG2	cell-line	cell-line	cell-line	minus	none	passed
ENCFF120YCS	ENCFF120YCS	ENCSR871EQD	ENCSR608CDL	BPNet	observed signal profile	bigWig	ChIP-seq	POU2F1	HepG2	cell-line	cell-line	cell-line	plus	none	passed
ENCFF623OYC	ENCFF623OYC	ENCSR000BGP	ENCSR218LOC	BPNet	observed signal profile	bigWig	ChIP-seq	POU2F2	GM12878	cell-line	cell-line	cell-line	minus	none	passed
ENCFF881XMY	ENCFF881XMY	ENCSR000BGP	ENCSR218LOC	BPNet	observed signal profile	bigWig	ChIP-seq	POU2F2	GM12878	cell-line	cell-line	cell-line	plus	none	passed
ENCFF261ACY	ENCFF261ACY	ENCSR000BII	ENCSR898ALC	BPNet	observed signal profile	bigWig	ChIP-seq	POU2F2	GM12891	cell-line	cell-line	cell-line	minus	none	passed
ENCFF052DSZ	ENCFF052DSZ	ENCSR000BII	ENCSR898ALC	BPNet	observed signal profile	bigWig	ChIP-seq	POU2F2	GM12891	cell-line	cell-line	cell-line	plus	none	passed
ENCFF303FIN	ENCFF303FIN	ENCSR264RJX	ENCSR214WIR	BPNet	observed signal profile	bigWig	ChIP-seq	POU5F1	GM23338	cell-line	cell-line	cell-line	minus	none	passed
ENCFF276PBR	ENCFF276PBR	ENCSR264RJX	ENCSR214WIR	BPNet	observed signal profile	bigWig	ChIP-seq	POU5F1	GM23338	cell-line	cell-line	cell-line	plus	none	passed
ENCFF120XMF	ENCFF120XMF	ENCSR362VCG	ENCSR888ILP	BPNet	observed signal profile	bigWig	ChIP-seq	POU5F1	bipolar-neuron	neuron	nerve	central-nervous-system	minus	none	passed
ENCFF965GNH	ENCFF965GNH	ENCSR362VCG	ENCSR888ILP	BPNet	observed signal profile	bigWig	ChIP-seq	POU5F1	bipolar-neuron	neuron	nerve	central-nervous-system	plus	none	passed
ENCFF019ZYN	ENCFF019ZYN	ENCSR706OJM	ENCSR079JGV	BPNet	observed signal profile	bigWig	ChIP-seq	POU6F1	SK-N-SH	cell-line	cell-line	cell-line	minus	none	passed
ENCFF859HNM	ENCFF859HNM	ENCSR706OJM	ENCSR079JGV	BPNet	observed signal profile	bigWig	ChIP-seq	POU6F1	SK-N-SH	cell-line	cell-line	cell-line	plus	none	passed
ENCFF691WGX	ENCFF691WGX	ENCSR130VQL	ENCSR103TWX	BPNet	observed signal profile	bigWig	ChIP-seq	PPARG	HepG2	cell-line	cell-line	cell-line	minus	none	passed
ENCFF325GRK	ENCFF325GRK	ENCSR130VQL	ENCSR103TWX	BPNet	observed signal profile	bigWig	ChIP-seq	PPARG	HepG2	cell-line	cell-line	cell-line	plus	none	passed
ENCFF997EEW	ENCFF997EEW	ENCSR977FEF	ENCSR852CZQ	BPNet	observed signal profile	bigWig	ChIP-seq	PRDM1	A549	cell-line	cell-line	cell-line	minus	none	passed
ENCFF092BOB	ENCFF092BOB	ENCSR977FEF	ENCSR852CZQ	BPNet	observed signal profile	bigWig	ChIP-seq	PRDM1	A549	cell-line	cell-line	cell-line	plus	none	passed
ENCFF152WKW	ENCFF152WKW	ENCSR098YLE	ENCSR613DGQ	BPNet	observed signal profile	bigWig	ChIP-seq	PRDM1	HEK293	cell-line	cell-line	cell-line	minus	none	passed
ENCFF911ROX	ENCFF911ROX	ENCSR098YLE	ENCSR613DGQ	BPNet	observed signal profile	bigWig	ChIP-seq	PRDM1	HEK293	cell-line	cell-line	cell-line	plus	none	passed
ENCFF287ZPS	ENCFF287ZPS	ENCSR000ECY	ENCSR490LLP	BPNet	observed signal profile	bigWig	ChIP-seq	PRDM1	HeLa-S3	cell-line	cell-line	cell-line	minus	none	passed
ENCFF577RXM	ENCFF577RXM	ENCSR000ECY	ENCSR490LLP	BPNet	observed signal profile	bigWig	ChIP-seq	PRDM1	HeLa-S3	cell-line	cell-line	cell-line	plus	none	passed
ENCFF857XMU	ENCFF857XMU	ENCSR223TAV	ENCSR076JOR	BPNet	observed signal profile	bigWig	ChIP-seq	PRDM10	HEK293	cell-line	cell-line	cell-line	minus	none	passed
ENCFF778ZVJ	ENCFF778ZVJ	ENCSR223TAV	ENCSR076JOR	BPNet	observed signal profile	bigWig	ChIP-seq	PRDM10	HEK293	cell-line	cell-line	cell-line	plus	none	passed
ENCFF383XSB	ENCFF383XSB	ENCSR289PSX	ENCSR263GYU	BPNet	observed signal profile	bigWig	ChIP-seq	PRDM10	HepG2	cell-line	cell-line	cell-line	minus	none	passed
ENCFF672YZJ	ENCFF672YZJ	ENCSR289PSX	ENCSR263GYU	BPNet	observed signal profile	bigWig	ChIP-seq	PRDM10	HepG2	cell-line	cell-line	cell-line	plus	none	passed
ENCFF908MBJ	ENCFF908MBJ	ENCSR120MPG	ENCSR413MCR	BPNet	observed signal profile	bigWig	ChIP-seq	PRDM10	K562	cell-line	cell-line	cell-line	minus	none	passed
ENCFF828OMG	ENCFF828OMG	ENCSR120MPG	ENCSR413MCR	BPNet	observed signal profile	bigWig	ChIP-seq	PRDM10	K562	cell-line	cell-line	cell-line	plus	none	passed
ENCFF010LLG	ENCFF010LLG	ENCSR011INW	ENCSR950RRT	BPNet	observed signal profile	bigWig	ChIP-seq	PRDM15	HepG2	cell-line	cell-line	cell-line	minus	none	passed
ENCFF461GXL	ENCFF461GXL	ENCSR011INW	ENCSR950RRT	BPNet	observed signal profile	bigWig	ChIP-seq	PRDM15	HepG2	cell-line	cell-line	cell-line	plus	none	passed
ENCFF587GBF	ENCFF587GBF	ENCSR092DCD	ENCSR239YJA	BPNet	observed signal profile	bigWig	ChIP-seq	PRDM15	WTC11	cell-line	cell-line	cell-line	minus	none	passed
ENCFF047BXS	ENCFF047BXS	ENCSR092DCD	ENCSR239YJA	BPNet	observed signal profile	bigWig	ChIP-seq	PRDM15	WTC11	cell-line	cell-line	cell-line	plus	none	passed
ENCFF321SBY	ENCFF321SBY	ENCSR443MVV	ENCSR592KSS	BPNet	observed signal profile	bigWig	ChIP-seq	PRDM4	HEK293	cell-line	cell-line	cell-line	minus	none	passed
ENCFF744GRP	ENCFF744GRP	ENCSR443MVV	ENCSR592KSS	BPNet	observed signal profile	bigWig	ChIP-seq	PRDM4	HEK293	cell-line	cell-line	cell-line	plus	none	passed
ENCFF575CFY	ENCFF575CFY	ENCSR892QHR	ENCSR210CAR	BPNet	observed signal profile	bigWig	ChIP-seq	PRDM6	HEK293	cell-line	cell-line	cell-line	minus	none	passed
ENCFF866UPF	ENCFF866UPF	ENCSR892QHR	ENCSR210CAR	BPNet	observed signal profile	bigWig	ChIP-seq	PRDM6	HEK293	cell-line	cell-line	cell-line	plus	none	passed
ENCFF510JIV	ENCFF510JIV	ENCSR443YTB	ENCSR817XQQ	BPNet	observed signal profile	bigWig	ChIP-seq	PROX1	HepG2	cell-line	cell-line	cell-line	minus	none	passed
ENCFF227QSZ	ENCFF227QSZ	ENCSR443YTB	ENCSR817XQQ	BPNet	observed signal profile	bigWig	ChIP-seq	PROX1	HepG2	cell-line	cell-line	cell-line	plus	none	passed
ENCFF691WNI	ENCFF691WNI	ENCSR144NTH	ENCSR796ANQ	BPNet	observed signal profile	bigWig	ChIP-seq	RBAK	HepG2	cell-line	cell-line	cell-line	minus	none	passed
ENCFF011KGZ	ENCFF011KGZ	ENCSR144NTH	ENCSR796ANQ	BPNet	observed signal profile	bigWig	ChIP-seq	RBAK	HepG2	cell-line	cell-line	cell-line	plus	none	passed
ENCFF988EPL	ENCFF988EPL	ENCSR596FEL	ENCSR261VHA	BPNet	observed signal profile	bigWig	ChIP-seq	RBPJ	HepG2	cell-line	cell-line	cell-line	minus	none	passed
ENCFF567NVR	ENCFF567NVR	ENCSR596FEL	ENCSR261VHA	BPNet	observed signal profile	bigWig	ChIP-seq	RBPJ	HepG2	cell-line	cell-line	cell-line	plus	none	passed
ENCFF854MIW	ENCFF854MIW	ENCSR740XMB	ENCSR986MEJ	BPNet	observed signal profile	bigWig	ChIP-seq	RBPJ	K562	cell-line	cell-line	cell-line	minus	none	passed
ENCFF854QWR	ENCFF854QWR	ENCSR740XMB	ENCSR986MEJ	BPNet	observed signal profile	bigWig	ChIP-seq	RBPJ	K562	cell-line	cell-line	cell-line	plus	none	passed
ENCFF069RLB	ENCFF069RLB	ENCSR000EAG	ENCSR003PRH	BPNet	observed signal profile	bigWig	ChIP-seq	RELA	GM12878	cell-line	cell-line	cell-line	minus	none	passed
ENCFF821EZM	ENCFF821EZM	ENCSR664POU	ENCSR056PCS	BPNet	observed signal profile	bigWig	ChIP-seq	RELA	GM12878	cell-line	cell-line	cell-line	minus	none	passed
ENCFF154WSE	ENCFF154WSE	ENCSR664POU	ENCSR056PCS	BPNet	observed signal profile	bigWig	ChIP-seq	RELA	GM12878	cell-line	cell-line	cell-line	plus	none	passed
ENCFF717GRK	ENCFF717GRK	ENCSR000EAG	ENCSR003PRH	BPNet	observed signal profile	bigWig	ChIP-seq	RELA	GM12878	cell-line	cell-line	cell-line	plus	none	passed
ENCFF788KMV	ENCFF788KMV	ENCSR000EAI	ENCSR040NUE	BPNet	observed signal profile	bigWig	ChIP-seq	RELA	GM12891	cell-line	cell-line	cell-line	minus	none	passed
ENCFF125YCE	ENCFF125YCE	ENCSR000EAI	ENCSR040NUE	BPNet	observed signal profile	bigWig	ChIP-seq	RELA	GM12891	cell-line	cell-line	cell-line	plus	none	passed
ENCFF943ZOH	ENCFF943ZOH	ENCSR000EAN	ENCSR544MSV	BPNet	observed signal profile	bigWig	ChIP-seq	RELA	GM12892	cell-line	cell-line	cell-line	minus	none	passed
ENCFF529FYU	ENCFF529FYU	ENCSR000EAN	ENCSR544MSV	BPNet	observed signal profile	bigWig	ChIP-seq	RELA	GM12892	cell-line	cell-line	cell-line	plus	none	passed
ENCFF300HJT	ENCFF300HJT	ENCSR000EAQ	ENCSR246TIE	BPNet	observed signal profile	bigWig	ChIP-seq	RELA	GM15510	cell-line	cell-line	cell-line	minus	none	passed
ENCFF661XZA	ENCFF661XZA	ENCSR000EAQ	ENCSR246TIE	BPNet	observed signal profile	bigWig	ChIP-seq	RELA	GM15510	cell-line	cell-line	cell-line	plus	none	passed
ENCFF622XSS	ENCFF622XSS	ENCSR000EBD	ENCSR648RAH	BPNet	observed signal profile	bigWig	ChIP-seq	RELA	GM18951	cell-line	cell-line	cell-line	minus	none	passed
ENCFF203BHQ	ENCFF203BHQ	ENCSR000EBD	ENCSR648RAH	BPNet	observed signal profile	bigWig	ChIP-seq	RELA	GM18951	cell-line	cell-line	cell-line	plus	none	passed
ENCFF975NLS	ENCFF975NLS	ENCSR000EBM	ENCSR243UOT	BPNet	observed signal profile	bigWig	ChIP-seq	RELA	GM19193	cell-line	cell-line	cell-line	minus	none	passed
ENCFF566MTC	ENCFF566MTC	ENCSR000EBM	ENCSR243UOT	BPNet	observed signal profile	bigWig	ChIP-seq	RELA	GM19193	cell-line	cell-line	cell-line	plus	none	passed
ENCFF795MHZ	ENCFF795MHZ	ENCSR580HOI	ENCSR794EAB	BPNet	observed signal profile	bigWig	ChIP-seq	RELA	HepG2	cell-line	cell-line	cell-line	minus	none	passed
ENCFF754XIB	ENCFF754XIB	ENCSR580HOI	ENCSR794EAB	BPNet	observed signal profile	bigWig	ChIP-seq	RELA	HepG2	cell-line	cell-line	cell-line	plus	none	passed
ENCFF078IXA	ENCFF078IXA	ENCSR387QUV	ENCSR677QQV	BPNet	observed signal profile	bigWig	ChIP-seq	RELB	GM12878	cell-line	cell-line	cell-line	minus	none	passed
ENCFF039ZPD	ENCFF039ZPD	ENCSR387QUV	ENCSR677QQV	BPNet	observed signal profile	bigWig	ChIP-seq	RELB	GM12878	cell-line	cell-line	cell-line	plus	none	passed
ENCFF262EWA	ENCFF262EWA	ENCSR892DRK	ENCSR584FHS	BPNet	observed signal profile	bigWig	ChIP-seq	REST	A549	cell-line	cell-line	cell-line	minus	none	passed
ENCFF524WRJ	ENCFF524WRJ	ENCSR000BQP	ENCSR108OCH	BPNet	observed signal profile	bigWig	ChIP-seq	REST	A549	cell-line	cell-line	cell-line	minus	none	passed
ENCFF216AAW	ENCFF216AAW	ENCSR000BQP	ENCSR108OCH	BPNet	observed signal profile	bigWig	ChIP-seq	REST	A549	cell-line	cell-line	cell-line	plus	none	passed
ENCFF874CJS	ENCFF874CJS	ENCSR892DRK	ENCSR584FHS	BPNet	observed signal profile	bigWig	ChIP-seq	REST	A549	cell-line	cell-line	cell-line	plus	none	passed
ENCFF024GAN	ENCFF024GAN	ENCSR000BGF	ENCSR784NGD	BPNet	observed signal profile	bigWig	ChIP-seq	REST	GM12878	cell-line	cell-line	cell-line	minus	none	passed
ENCFF114EUI	ENCFF114EUI	ENCSR000BQS	ENCSR805DLB	BPNet	observed signal profile	bigWig	ChIP-seq	REST	GM12878	cell-line	cell-line	cell-line	minus	none	passed
ENCFF094ZEJ	ENCFF094ZEJ	ENCSR000BQS	ENCSR805DLB	BPNet	observed signal profile	bigWig	ChIP-seq	REST	GM12878	cell-line	cell-line	cell-line	plus	none	passed
ENCFF858OYN	ENCFF858OYN	ENCSR000BGF	ENCSR784NGD	BPNet	observed signal profile	bigWig	ChIP-seq	REST	GM12878	cell-line	cell-line	cell-line	plus	none	passed
ENCFF262IOK	ENCFF262IOK	ENCSR871KYB	ENCSR543TOL	BPNet	observed signal profile	bigWig	ChIP-seq	REST	GM23338	cell-line	cell-line	cell-line	minus	none	passed
ENCFF298TDM	ENCFF298TDM	ENCSR871KYB	ENCSR543TOL	BPNet	observed signal profile	bigWig	ChIP-seq	REST	GM23338	cell-line	cell-line	cell-line	plus	none	passed
ENCFF289USP	ENCFF289USP	ENCSR000BHM	ENCSR235MZF	BPNet	observed signal profile	bigWig	ChIP-seq	REST	H1	cell-line	cell-line	cell-line	minus	none	passed
ENCFF678UEB	ENCFF678UEB	ENCSR663WAR	ENCSR296LFF	BPNet	observed signal profile	bigWig	ChIP-seq	REST	H1	cell-line	cell-line	cell-line	minus	none	passed
ENCFF065RIM	ENCFF065RIM	ENCSR000BHM	ENCSR235MZF	BPNet	observed signal profile	bigWig	ChIP-seq	REST	H1	cell-line	cell-line	cell-line	plus	none	passed
ENCFF688LYJ	ENCFF688LYJ	ENCSR663WAR	ENCSR296LFF	BPNet	observed signal profile	bigWig	ChIP-seq	REST	H1	cell-line	cell-line	cell-line	plus	none	passed
ENCFF810IQY	ENCFF810IQY	ENCSR000BVI	ENCSR148KXV	BPNet	observed signal profile	bigWig	ChIP-seq	REST	HCT116	cell-line	cell-line	cell-line	minus	none	passed
ENCFF939LAN	ENCFF939LAN	ENCSR000BVI	ENCSR148KXV	BPNet	observed signal profile	bigWig	ChIP-seq	REST	HCT116	cell-line	cell-line	cell-line	plus	none	passed
ENCFF297WTK	ENCFF297WTK	ENCSR896UBV	ENCSR067SUX	BPNet	observed signal profile	bigWig	ChIP-seq	REST	HEK293	cell-line	cell-line	cell-line	minus	none	passed
ENCFF761PVC	ENCFF761PVC	ENCSR896UBV	ENCSR067SUX	BPNet	observed signal profile	bigWig	ChIP-seq	REST	HEK293	cell-line	cell-line	cell-line	plus	none	passed
ENCFF528NMC	ENCFF528NMC	ENCSR000BTF	ENCSR900KSB	BPNet	observed signal profile	bigWig	ChIP-seq	REST	HL-60	cell-line	cell-line	cell-line	minus	none	passed
ENCFF045SUK	ENCFF045SUK	ENCSR000BTF	ENCSR900KSB	BPNet	observed signal profile	bigWig	ChIP-seq	REST	HL-60	cell-line	cell-line	cell-line	plus	none	passed
ENCFF095DPA	ENCFF095DPA	ENCSR000BMN	ENCSR673YCJ	BPNet	observed signal profile	bigWig	ChIP-seq	REST	HeLa-S3	cell-line	cell-line	cell-line	minus	none	passed
ENCFF297AUZ	ENCFF297AUZ	ENCSR000BMN	ENCSR673YCJ	BPNet	observed signal profile	bigWig	ChIP-seq	REST	HeLa-S3	cell-line	cell-line	cell-line	plus	none	passed
ENCFF433RDH	ENCFF433RDH	ENCSR000BJL	ENCSR596AXW	BPNet	observed signal profile	bigWig	ChIP-seq	REST	HepG2	cell-line	cell-line	cell-line	minus	none	passed
ENCFF864FRL	ENCFF864FRL	ENCSR000BOT	ENCSR629ECU	BPNet	observed signal profile	bigWig	ChIP-seq	REST	HepG2	cell-line	cell-line	cell-line	minus	none	passed
ENCFF413PDF	ENCFF413PDF	ENCSR000BOT	ENCSR629ECU	BPNet	observed signal profile	bigWig	ChIP-seq	REST	HepG2	cell-line	cell-line	cell-line	plus	none	passed
ENCFF972LTH	ENCFF972LTH	ENCSR000BJL	ENCSR596AXW	BPNet	observed signal profile	bigWig	ChIP-seq	REST	HepG2	cell-line	cell-line	cell-line	plus	none	passed
ENCFF645TMF	ENCFF645TMF	ENCSR000BUU	ENCSR174BCS	BPNet	observed signal profile	bigWig	ChIP-seq	REST	Ishikawa	cell-line	cell-line	cell-line	minus	none	passed
ENCFF453YQP	ENCFF453YQP	ENCSR000BUU	ENCSR174BCS	BPNet	observed signal profile	bigWig	ChIP-seq	REST	Ishikawa	cell-line	cell-line	cell-line	plus	none	passed
ENCFF102KSP	ENCFF102KSP	ENCSR054JMQ	ENCSR759WXZ	BPNet	observed signal profile	bigWig	ChIP-seq	REST	K562	cell-line	cell-line	cell-line	minus	none	passed
ENCFF150YFH	ENCFF150YFH	ENCSR000ATM	ENCSR867KCV	BPNet	observed signal profile	bigWig	ChIP-seq	REST	K562	cell-line	cell-line	cell-line	minus	none	passed
ENCFF571NVM	ENCFF571NVM	ENCSR137ZMQ	ENCSR831SVZ	BPNet	observed signal profile	bigWig	ChIP-seq	REST	K562	cell-line	cell-line	cell-line	minus	none	passed
ENCFF626IVM	ENCFF626IVM	ENCSR000BMW	ENCSR364RHG	BPNet	observed signal profile	bigWig	ChIP-seq	REST	K562	cell-line	cell-line	cell-line	minus	none	passed
ENCFF471NNW	ENCFF471NNW	ENCSR000BMW	ENCSR364RHG	BPNet	observed signal profile	bigWig	ChIP-seq	REST	K562	cell-line	cell-line	cell-line	plus	none	passed
ENCFF740RDF	ENCFF740RDF	ENCSR000ATM	ENCSR867KCV	BPNet	observed signal profile	bigWig	ChIP-seq	REST	K562	cell-line	cell-line	cell-line	plus	none	passed
ENCFF830NQN	ENCFF830NQN	ENCSR054JMQ	ENCSR759WXZ	BPNet	observed signal profile	bigWig	ChIP-seq	REST	K562	cell-line	cell-line	cell-line	plus	none	passed
ENCFF913FYS	ENCFF913FYS	ENCSR137ZMQ	ENCSR831SVZ	BPNet	observed signal profile	bigWig	ChIP-seq	REST	K562	cell-line	cell-line	cell-line	plus	none	passed
ENCFF765BVE	ENCFF765BVE	ENCSR000BSP	ENCSR640PXF	BPNet	observed signal profile	bigWig	ChIP-seq	REST	MCF-7	cell-line	cell-line	cell-line	minus	none	passed
ENCFF712QLP	ENCFF712QLP	ENCSR000BSP	ENCSR640PXF	BPNet	observed signal profile	bigWig	ChIP-seq	REST	MCF-7	cell-line	cell-line	cell-line	plus	none	passed
ENCFF890VVN	ENCFF890VVN	ENCSR000BJP	ENCSR811WIG	BPNet	observed signal profile	bigWig	ChIP-seq	REST	PFSK-1	cell-line	cell-line	cell-line	minus	none	passed
ENCFF971ZOX	ENCFF971ZOX	ENCSR000BOX	ENCSR229LTB	BPNet	observed signal profile	bigWig	ChIP-seq	REST	PFSK-1	cell-line	cell-line	cell-line	minus	none	passed
ENCFF282ZTW	ENCFF282ZTW	ENCSR000BOX	ENCSR229LTB	BPNet	observed signal profile	bigWig	ChIP-seq	REST	PFSK-1	cell-line	cell-line	cell-line	plus	none	passed
ENCFF606PGH	ENCFF606PGH	ENCSR000BJP	ENCSR811WIG	BPNet	observed signal profile	bigWig	ChIP-seq	REST	PFSK-1	cell-line	cell-line	cell-line	plus	none	passed
ENCFF624DYW	ENCFF624DYW	ENCSR000BJO	ENCSR862SMK	BPNet	observed signal profile	bigWig	ChIP-seq	REST	Panc1	cell-line	cell-line	cell-line	minus	none	passed
ENCFF902FLT	ENCFF902FLT	ENCSR000BPK	ENCSR765OBS	BPNet	observed signal profile	bigWig	ChIP-seq	REST	Panc1	cell-line	cell-line	cell-line	minus	none	passed
ENCFF909PHF	ENCFF909PHF	ENCSR000BUP	ENCSR132GIN	BPNet	observed signal profile	bigWig	ChIP-seq	REST	Panc1	cell-line	cell-line	cell-line	minus	none	passed
ENCFF580QKS	ENCFF580QKS	ENCSR000BUP	ENCSR132GIN	BPNet	observed signal profile	bigWig	ChIP-seq	REST	Panc1	cell-line	cell-line	cell-line	plus	none	passed
ENCFF630WKH	ENCFF630WKH	ENCSR000BJO	ENCSR862SMK	BPNet	observed signal profile	bigWig	ChIP-seq	REST	Panc1	cell-line	cell-line	cell-line	plus	none	passed
ENCFF873GBC	ENCFF873GBC	ENCSR000BPK	ENCSR765OBS	BPNet	observed signal profile	bigWig	ChIP-seq	REST	Panc1	cell-line	cell-line	cell-line	plus	none	passed
ENCFF232GAD	ENCFF232GAD	ENCSR000BJJ	ENCSR468KZB	BPNet	observed signal profile	bigWig	ChIP-seq	REST	SK-N-SH	cell-line	cell-line	cell-line	minus	none	passed
ENCFF996UJU	ENCFF996UJU	ENCSR000BOZ	ENCSR386QUI	BPNet	observed signal profile	bigWig	ChIP-seq	REST	SK-N-SH	cell-line	cell-line	cell-line	minus	none	passed
ENCFF090OLE	ENCFF090OLE	ENCSR000BJJ	ENCSR468KZB	BPNet	observed signal profile	bigWig	ChIP-seq	REST	SK-N-SH	cell-line	cell-line	cell-line	plus	none	passed
ENCFF225OJS	ENCFF225OJS	ENCSR000BOZ	ENCSR386QUI	BPNet	observed signal profile	bigWig	ChIP-seq	REST	SK-N-SH	cell-line	cell-line	cell-line	plus	none	passed
ENCFF337YTY	ENCFF337YTY	ENCSR867WPH	ENCSR596SVU	BPNet	observed signal profile	bigWig	ChIP-seq	REST	liver	liver	liver	digestive-system	minus	none	passed
ENCFF765HEE	ENCFF765HEE	ENCSR893QWP	ENCSR314BIS	BPNet	observed signal profile	bigWig	ChIP-seq	REST	liver	liver	liver	digestive-system	minus	none	passed
ENCFF050UYU	ENCFF050UYU	ENCSR867WPH	ENCSR596SVU	BPNet	observed signal profile	bigWig	ChIP-seq	REST	liver	liver	liver	digestive-system	plus	none	passed
ENCFF811ZGQ	ENCFF811ZGQ	ENCSR893QWP	ENCSR314BIS	BPNet	observed signal profile	bigWig	ChIP-seq	REST	liver	liver	liver	digestive-system	plus	none	passed
ENCFF933MCP	ENCFF933MCP	ENCSR000BTV	ENCSR282ZFA	BPNet	observed signal profile	bigWig	ChIP-seq	REST	neural-cell	neural	nerve	central-nervous-system	minus	none	passed
ENCFF059BLT	ENCFF059BLT	ENCSR000BTV	ENCSR282ZFA	BPNet	observed signal profile	bigWig	ChIP-seq	REST	neural-cell	neural	nerve	central-nervous-system	plus	none	passed
ENCFF656HDF	ENCFF656HDF	ENCSR928API	ENCSR223XGT	BPNet	observed signal profile	bigWig	ChIP-seq	RFX1	HepG2	cell-line	cell-line	cell-line	minus	none	passed
ENCFF296MZH	ENCFF296MZH	ENCSR928API	ENCSR223XGT	BPNet	observed signal profile	bigWig	ChIP-seq	RFX1	HepG2	cell-line	cell-line	cell-line	plus	none	passed
ENCFF719HMX	ENCFF719HMX	ENCSR968GIB	ENCSR853BLF	BPNet	observed signal profile	bigWig	ChIP-seq	RFX1	K562	cell-line	cell-line	cell-line	minus	none	passed
ENCFF858AEY	ENCFF858AEY	ENCSR041AXL	ENCSR830DNP	BPNet	observed signal profile	bigWig	ChIP-seq	RFX1	K562	cell-line	cell-line	cell-line	minus	none	passed
ENCFF517WBZ	ENCFF517WBZ	ENCSR968GIB	ENCSR853BLF	BPNet	observed signal profile	bigWig	ChIP-seq	RFX1	K562	cell-line	cell-line	cell-line	plus	none	passed
ENCFF672BKY	ENCFF672BKY	ENCSR041AXL	ENCSR830DNP	BPNet	observed signal profile	bigWig	ChIP-seq	RFX1	K562	cell-line	cell-line	cell-line	plus	none	passed
ENCFF012UOH	ENCFF012UOH	ENCSR788XNX	ENCSR594OAT	BPNet	observed signal profile	bigWig	ChIP-seq	RFX1	MCF-7	cell-line	cell-line	cell-line	minus	none	passed
ENCFF269BBV	ENCFF269BBV	ENCSR066TET	ENCSR936WXH	BPNet	observed signal profile	bigWig	ChIP-seq	RFX1	MCF-7	cell-line	cell-line	cell-line	minus	none	passed
ENCFF459XDY	ENCFF459XDY	ENCSR788XNX	ENCSR594OAT	BPNet	observed signal profile	bigWig	ChIP-seq	RFX1	MCF-7	cell-line	cell-line	cell-line	plus	none	passed
ENCFF868HFQ	ENCFF868HFQ	ENCSR066TET	ENCSR936WXH	BPNet	observed signal profile	bigWig	ChIP-seq	RFX1	MCF-7	cell-line	cell-line	cell-line	plus	none	passed
ENCFF465FXO	ENCFF465FXO	ENCSR633OVO	ENCSR926TQA	BPNet	observed signal profile	bigWig	ChIP-seq	RFX3	HepG2	cell-line	cell-line	cell-line	minus	none	passed
ENCFF124TFI	ENCFF124TFI	ENCSR633OVO	ENCSR926TQA	BPNet	observed signal profile	bigWig	ChIP-seq	RFX3	HepG2	cell-line	cell-line	cell-line	plus	none	passed
ENCFF817EZC	ENCFF817EZC	ENCSR000DZW	ENCSR391ETD	BPNet	observed signal profile	bigWig	ChIP-seq	RFX5	GM12878	cell-line	cell-line	cell-line	minus	none	passed
ENCFF178VNK	ENCFF178VNK	ENCSR000DZW	ENCSR391ETD	BPNet	observed signal profile	bigWig	ChIP-seq	RFX5	GM12878	cell-line	cell-line	cell-line	plus	none	passed
ENCFF505TIB	ENCFF505TIB	ENCSR000ECX	ENCSR220MGX	BPNet	observed signal profile	bigWig	ChIP-seq	RFX5	HeLa-S3	cell-line	cell-line	cell-line	minus	none	passed
ENCFF755HTL	ENCFF755HTL	ENCSR000ECX	ENCSR220MGX	BPNet	observed signal profile	bigWig	ChIP-seq	RFX5	HeLa-S3	cell-line	cell-line	cell-line	plus	none	passed
ENCFF992MSS	ENCFF992MSS	ENCSR000EHY	ENCSR121FOZ	BPNet	observed signal profile	bigWig	ChIP-seq	RFX5	SK-N-SH	cell-line	cell-line	cell-line	minus	none	passed
ENCFF181HZG	ENCFF181HZG	ENCSR000EHY	ENCSR121FOZ	BPNet	observed signal profile	bigWig	ChIP-seq	RFX5	SK-N-SH	cell-line	cell-line	cell-line	plus	none	passed
ENCFF003NSZ	ENCFF003NSZ	ENCSR588AKU	ENCSR789XHT	BPNet	observed signal profile	bigWig	ChIP-seq	RUNX1	K562	cell-line	cell-line	cell-line	minus	none	passed
ENCFF703NVY	ENCFF703NVY	ENCSR414TYY	ENCSR832AOA	BPNet	observed signal profile	bigWig	ChIP-seq	RUNX1	K562	cell-line	cell-line	cell-line	minus	none	passed
ENCFF463CWZ	ENCFF463CWZ	ENCSR414TYY	ENCSR832AOA	BPNet	observed signal profile	bigWig	ChIP-seq	RUNX1	K562	cell-line	cell-line	cell-line	plus	none	passed
ENCFF950IVJ	ENCFF950IVJ	ENCSR588AKU	ENCSR789XHT	BPNet	observed signal profile	bigWig	ChIP-seq	RUNX1	K562	cell-line	cell-line	cell-line	plus	none	passed
ENCFF225ITR	ENCFF225ITR	ENCSR000BRI	ENCSR130BYX	BPNet	observed signal profile	bigWig	ChIP-seq	RUNX3	GM12878	cell-line	cell-line	cell-line	minus	none	passed
ENCFF476JYJ	ENCFF476JYJ	ENCSR000BRI	ENCSR130BYX	BPNet	observed signal profile	bigWig	ChIP-seq	RUNX3	GM12878	cell-line	cell-line	cell-line	plus	none	passed
ENCFF185ZVP	ENCFF185ZVP	ENCSR000BHU	ENCSR654MSE	BPNet	observed signal profile	bigWig	ChIP-seq	RXRA	HepG2	cell-line	cell-line	cell-line	minus	none	passed
ENCFF300RDZ	ENCFF300RDZ	ENCSR416HDG	ENCSR471TML	BPNet	observed signal profile	bigWig	ChIP-seq	RXRA	HepG2	cell-line	cell-line	cell-line	minus	none	passed
ENCFF722RCA	ENCFF722RCA	ENCSR000BHU	ENCSR654MSE	BPNet	observed signal profile	bigWig	ChIP-seq	RXRA	HepG2	cell-line	cell-line	cell-line	plus	none	passed
ENCFF795PHQ	ENCFF795PHQ	ENCSR416HDG	ENCSR471TML	BPNet	observed signal profile	bigWig	ChIP-seq	RXRA	HepG2	cell-line	cell-line	cell-line	plus	none	passed
ENCFF224YXJ	ENCFF224YXJ	ENCSR000BVG	ENCSR558EIT	BPNet	observed signal profile	bigWig	ChIP-seq	RXRA	SK-N-SH	cell-line	cell-line	cell-line	minus	none	passed
ENCFF859QVS	ENCFF859QVS	ENCSR000BVG	ENCSR558EIT	BPNet	observed signal profile	bigWig	ChIP-seq	RXRA	SK-N-SH	cell-line	cell-line	cell-line	plus	none	passed
ENCFF424PDQ	ENCFF424PDQ	ENCSR352QSB	ENCSR212YIK	BPNet	observed signal profile	bigWig	ChIP-seq	RXRA	liver	liver	liver	digestive-system	minus	none	passed
ENCFF815BMV	ENCFF815BMV	ENCSR098XMN	ENCSR952CID	BPNet	observed signal profile	bigWig	ChIP-seq	RXRA	liver	liver	liver	digestive-system	minus	none	passed
ENCFF189RDH	ENCFF189RDH	ENCSR352QSB	ENCSR212YIK	BPNet	observed signal profile	bigWig	ChIP-seq	RXRA	liver	liver	liver	digestive-system	plus	none	passed
ENCFF619JKA	ENCFF619JKA	ENCSR098XMN	ENCSR952CID	BPNet	observed signal profile	bigWig	ChIP-seq	RXRA	liver	liver	liver	digestive-system	plus	none	passed
ENCFF131MJY	ENCFF131MJY	ENCSR560SEP	ENCSR997OKZ	BPNet	observed signal profile	bigWig	ChIP-seq	RXRB	HepG2	cell-line	cell-line	cell-line	minus	none	passed
ENCFF323AEP	ENCFF323AEP	ENCSR560SEP	ENCSR997OKZ	BPNet	observed signal profile	bigWig	ChIP-seq	RXRB	HepG2	cell-line	cell-line	cell-line	plus	none	passed
ENCFF323FLJ	ENCFF323FLJ	ENCSR605MGM	ENCSR372ZFV	BPNet	observed signal profile	bigWig	ChIP-seq	SCRT1	HEK293	cell-line	cell-line	cell-line	minus	none	passed
ENCFF251RRH	ENCFF251RRH	ENCSR605MGM	ENCSR372ZFV	BPNet	observed signal profile	bigWig	ChIP-seq	SCRT1	HEK293	cell-line	cell-line	cell-line	plus	none	passed
ENCFF259EMN	ENCFF259EMN	ENCSR338DGO	ENCSR305GED	BPNet	observed signal profile	bigWig	ChIP-seq	SCRT2	HEK293	cell-line	cell-line	cell-line	minus	none	passed
ENCFF904BXT	ENCFF904BXT	ENCSR338DGO	ENCSR305GED	BPNet	observed signal profile	bigWig	ChIP-seq	SCRT2	HEK293	cell-line	cell-line	cell-line	plus	none	passed
ENCFF244PSP	ENCFF244PSP	ENCSR561BQM	ENCSR159ONX	BPNet	observed signal profile	bigWig	ChIP-seq	SIX1	HepG2	cell-line	cell-line	cell-line	minus	none	passed
ENCFF306XBM	ENCFF306XBM	ENCSR561BQM	ENCSR159ONX	BPNet	observed signal profile	bigWig	ChIP-seq	SIX1	HepG2	cell-line	cell-line	cell-line	plus	none	passed
ENCFF789ZAK	ENCFF789ZAK	ENCSR849TMV	ENCSR409XHT	BPNet	observed signal profile	bigWig	ChIP-seq	SIX4	HepG2	cell-line	cell-line	cell-line	minus	none	passed
ENCFF371YUV	ENCFF371YUV	ENCSR849TMV	ENCSR409XHT	BPNet	observed signal profile	bigWig	ChIP-seq	SIX4	HepG2	cell-line	cell-line	cell-line	plus	none	passed
ENCFF642YMI	ENCFF642YMI	ENCSR279IEM	ENCSR333NFQ	BPNet	observed signal profile	bigWig	ChIP-seq	SIX4	MCF-7	cell-line	cell-line	cell-line	minus	none	passed
ENCFF090SIG	ENCFF090SIG	ENCSR279IEM	ENCSR333NFQ	BPNet	observed signal profile	bigWig	ChIP-seq	SIX4	MCF-7	cell-line	cell-line	cell-line	plus	none	passed
ENCFF422PJM	ENCFF422PJM	ENCSR513WUJ	ENCSR704PVF	BPNet	observed signal profile	bigWig	ChIP-seq	SIX4	WTC11	cell-line	cell-line	cell-line	minus	none	passed
ENCFF548TUT	ENCFF548TUT	ENCSR513WUJ	ENCSR704PVF	BPNet	observed signal profile	bigWig	ChIP-seq	SIX4	WTC11	cell-line	cell-line	cell-line	plus	none	passed
ENCFF174WJT	ENCFF174WJT	ENCSR000BRL	ENCSR256TQO	BPNet	observed signal profile	bigWig	ChIP-seq	SIX5	A549	cell-line	cell-line	cell-line	minus	none	passed
ENCFF553FPH	ENCFF553FPH	ENCSR000BRL	ENCSR256TQO	BPNet	observed signal profile	bigWig	ChIP-seq	SIX5	A549	cell-line	cell-line	cell-line	plus	none	passed
ENCFF065EIM	ENCFF065EIM	ENCSR068QXO	ENCSR361LND	BPNet	observed signal profile	bigWig	ChIP-seq	SMAD4	K562	cell-line	cell-line	cell-line	minus	none	passed
ENCFF999BLS	ENCFF999BLS	ENCSR068QXO	ENCSR361LND	BPNet	observed signal profile	bigWig	ChIP-seq	SMAD4	K562	cell-line	cell-line	cell-line	plus	none	passed
ENCFF138JMB	ENCFF138JMB	ENCSR715UCI	ENCSR272FDJ	BPNet	observed signal profile	bigWig	ChIP-seq	SOX13	HepG2	cell-line	cell-line	cell-line	minus	none	passed
ENCFF358DZA	ENCFF358DZA	ENCSR445ACU	ENCSR435HHZ	BPNet	observed signal profile	bigWig	ChIP-seq	SOX13	HepG2	cell-line	cell-line	cell-line	minus	none	passed
ENCFF259OXE	ENCFF259OXE	ENCSR715UCI	ENCSR272FDJ	BPNet	observed signal profile	bigWig	ChIP-seq	SOX13	HepG2	cell-line	cell-line	cell-line	plus	none	passed
ENCFF443ZFE	ENCFF443ZFE	ENCSR445ACU	ENCSR435HHZ	BPNet	observed signal profile	bigWig	ChIP-seq	SOX13	HepG2	cell-line	cell-line	cell-line	plus	none	passed
ENCFF838DKG	ENCFF838DKG	ENCSR961WLZ	ENCSR510YVW	BPNet	observed signal profile	bigWig	ChIP-seq	SOX5	HepG2	cell-line	cell-line	cell-line	minus	none	passed
ENCFF353ARZ	ENCFF353ARZ	ENCSR961WLZ	ENCSR510YVW	BPNet	observed signal profile	bigWig	ChIP-seq	SOX5	HepG2	cell-line	cell-line	cell-line	plus	none	passed
ENCFF293XVB	ENCFF293XVB	ENCSR766TSU	ENCSR193HCH	BPNet	observed signal profile	bigWig	ChIP-seq	SOX6	HepG2	cell-line	cell-line	cell-line	minus	none	passed
ENCFF268HGI	ENCFF268HGI	ENCSR766TSU	ENCSR193HCH	BPNet	observed signal profile	bigWig	ChIP-seq	SOX6	HepG2	cell-line	cell-line	cell-line	plus	none	passed
ENCFF358JZU	ENCFF358JZU	ENCSR788RSW	ENCSR049JJJ	BPNet	observed signal profile	bigWig	ChIP-seq	SOX6	K562	cell-line	cell-line	cell-line	minus	none	passed
ENCFF644MSB	ENCFF644MSB	ENCSR788RSW	ENCSR049JJJ	BPNet	observed signal profile	bigWig	ChIP-seq	SOX6	K562	cell-line	cell-line	cell-line	plus	none	passed
ENCFF949YZO	ENCFF949YZO	ENCSR000BPE	ENCSR165NXF	BPNet	observed signal profile	bigWig	ChIP-seq	SP1	A549	cell-line	cell-line	cell-line	minus	none	passed
ENCFF733WUG	ENCFF733WUG	ENCSR000BPE	ENCSR165NXF	BPNet	observed signal profile	bigWig	ChIP-seq	SP1	A549	cell-line	cell-line	cell-line	plus	none	passed
ENCFF356CGI	ENCFF356CGI	ENCSR000BHK	ENCSR095LRJ	BPNet	observed signal profile	bigWig	ChIP-seq	SP1	GM12878	cell-line	cell-line	cell-line	minus	none	passed
ENCFF197NEE	ENCFF197NEE	ENCSR000BHK	ENCSR095LRJ	BPNet	observed signal profile	bigWig	ChIP-seq	SP1	GM12878	cell-line	cell-line	cell-line	plus	none	passed
ENCFF159JXB	ENCFF159JXB	ENCSR000BIR	ENCSR872UCX	BPNet	observed signal profile	bigWig	ChIP-seq	SP1	H1	cell-line	cell-line	cell-line	minus	none	passed
ENCFF069LKP	ENCFF069LKP	ENCSR000BIR	ENCSR872UCX	BPNet	observed signal profile	bigWig	ChIP-seq	SP1	H1	cell-line	cell-line	cell-line	plus	none	passed
ENCFF464KMB	ENCFF464KMB	ENCSR000BSF	ENCSR957HMT	BPNet	observed signal profile	bigWig	ChIP-seq	SP1	HCT116	cell-line	cell-line	cell-line	minus	none	passed
ENCFF430WQA	ENCFF430WQA	ENCSR000BSF	ENCSR957HMT	BPNet	observed signal profile	bigWig	ChIP-seq	SP1	HCT116	cell-line	cell-line	cell-line	plus	none	passed
ENCFF514APE	ENCFF514APE	ENCSR906PEI	ENCSR172ILE	BPNet	observed signal profile	bigWig	ChIP-seq	SP1	HEK293T	cell-line	cell-line	cell-line	minus	none	passed
ENCFF203NKF	ENCFF203NKF	ENCSR906PEI	ENCSR172ILE	BPNet	observed signal profile	bigWig	ChIP-seq	SP1	HEK293T	cell-line	cell-line	cell-line	plus	none	passed
ENCFF083AAB	ENCFF083AAB	ENCSR460YAM	ENCSR981BPZ	BPNet	observed signal profile	bigWig	ChIP-seq	SP1	HepG2	cell-line	cell-line	cell-line	minus	none	passed
ENCFF323FLG	ENCFF323FLG	ENCSR000BJX	ENCSR574YOJ	BPNet	observed signal profile	bigWig	ChIP-seq	SP1	HepG2	cell-line	cell-line	cell-line	minus	none	passed
ENCFF738VHI	ENCFF738VHI	ENCSR334KIQ	ENCSR359WFD	BPNet	observed signal profile	bigWig	ChIP-seq	SP1	HepG2	cell-line	cell-line	cell-line	minus	none	passed
ENCFF383BEH	ENCFF383BEH	ENCSR000BJX	ENCSR574YOJ	BPNet	observed signal profile	bigWig	ChIP-seq	SP1	HepG2	cell-line	cell-line	cell-line	plus	none	passed
ENCFF476DCX	ENCFF476DCX	ENCSR334KIQ	ENCSR359WFD	BPNet	observed signal profile	bigWig	ChIP-seq	SP1	HepG2	cell-line	cell-line	cell-line	plus	none	passed
ENCFF932VOF	ENCFF932VOF	ENCSR460YAM	ENCSR981BPZ	BPNet	observed signal profile	bigWig	ChIP-seq	SP1	HepG2	cell-line	cell-line	cell-line	plus	none	passed
ENCFF051ELH	ENCFF051ELH	ENCSR991ELG	ENCSR790HBQ	BPNet	observed signal profile	bigWig	ChIP-seq	SP1	K562	cell-line	cell-line	cell-line	minus	none	passed
ENCFF082VHT	ENCFF082VHT	ENCSR372IML	ENCSR955QBD	BPNet	observed signal profile	bigWig	ChIP-seq	SP1	K562	cell-line	cell-line	cell-line	minus	none	passed
ENCFF464EQX	ENCFF464EQX	ENCSR000BKO	ENCSR807ZPN	BPNet	observed signal profile	bigWig	ChIP-seq	SP1	K562	cell-line	cell-line	cell-line	minus	none	passed
ENCFF201OES	ENCFF201OES	ENCSR372IML	ENCSR955QBD	BPNet	observed signal profile	bigWig	ChIP-seq	SP1	K562	cell-line	cell-line	cell-line	plus	none	passed
ENCFF859AHC	ENCFF859AHC	ENCSR000BKO	ENCSR807ZPN	BPNet	observed signal profile	bigWig	ChIP-seq	SP1	K562	cell-line	cell-line	cell-line	plus	none	passed
ENCFF878XRE	ENCFF878XRE	ENCSR991ELG	ENCSR790HBQ	BPNet	observed signal profile	bigWig	ChIP-seq	SP1	K562	cell-line	cell-line	cell-line	plus	none	passed
ENCFF668IBX	ENCFF668IBX	ENCSR729LGA	ENCSR543HQM	BPNet	observed signal profile	bigWig	ChIP-seq	SP1	MCF-7	cell-line	cell-line	cell-line	minus	none	passed
ENCFF659IIJ	ENCFF659IIJ	ENCSR729LGA	ENCSR543HQM	BPNet	observed signal profile	bigWig	ChIP-seq	SP1	MCF-7	cell-line	cell-line	cell-line	plus	none	passed
ENCFF691OMF	ENCFF691OMF	ENCSR583CGO	ENCSR786LMT	BPNet	observed signal profile	bigWig	ChIP-seq	SP1	WTC11	cell-line	cell-line	cell-line	minus	none	passed
ENCFF379SQT	ENCFF379SQT	ENCSR583CGO	ENCSR786LMT	BPNet	observed signal profile	bigWig	ChIP-seq	SP1	WTC11	cell-line	cell-line	cell-line	plus	none	passed
ENCFF462MJF	ENCFF462MJF	ENCSR085IXF	ENCSR730HDS	BPNet	observed signal profile	bigWig	ChIP-seq	SP1	liver	liver	liver	digestive-system	minus	none	passed
ENCFF830BTL	ENCFF830BTL	ENCSR386YIH	ENCSR764SPF	BPNet	observed signal profile	bigWig	ChIP-seq	SP1	liver	liver	liver	digestive-system	minus	none	passed
ENCFF022BGY	ENCFF022BGY	ENCSR386YIH	ENCSR764SPF	BPNet	observed signal profile	bigWig	ChIP-seq	SP1	liver	liver	liver	digestive-system	plus	none	passed
ENCFF360GSZ	ENCFF360GSZ	ENCSR085IXF	ENCSR730HDS	BPNet	observed signal profile	bigWig	ChIP-seq	SP1	liver	liver	liver	digestive-system	plus	none	passed
ENCFF795FPH	ENCFF795FPH	ENCSR107DKT	ENCSR376FIT	BPNet	observed signal profile	bigWig	ChIP-seq	SP140L	HepG2	cell-line	cell-line	cell-line	minus	none	passed
ENCFF109ZMW	ENCFF109ZMW	ENCSR107DKT	ENCSR376FIT	BPNet	observed signal profile	bigWig	ChIP-seq	SP140L	HepG2	cell-line	cell-line	cell-line	plus	none	passed
ENCFF419ONC	ENCFF419ONC	ENCSR807LQP	ENCSR154LJQ	BPNet	observed signal profile	bigWig	ChIP-seq	SP2	HEK293	cell-line	cell-line	cell-line	minus	none	passed
ENCFF875UET	ENCFF875UET	ENCSR807LQP	ENCSR154LJQ	BPNet	observed signal profile	bigWig	ChIP-seq	SP2	HEK293	cell-line	cell-line	cell-line	plus	none	passed
ENCFF292JRF	ENCFF292JRF	ENCSR946RZN	ENCSR052HWR	BPNet	observed signal profile	bigWig	ChIP-seq	SP2	HepG2	cell-line	cell-line	cell-line	minus	none	passed
ENCFF447WLP	ENCFF447WLP	ENCSR946RZN	ENCSR052HWR	BPNet	observed signal profile	bigWig	ChIP-seq	SP2	HepG2	cell-line	cell-line	cell-line	plus	none	passed
ENCFF089BTQ	ENCFF089BTQ	ENCSR000BNL	ENCSR578OAK	BPNet	observed signal profile	bigWig	ChIP-seq	SP2	K562	cell-line	cell-line	cell-line	minus	none	passed
ENCFF678ZUA	ENCFF678ZUA	ENCSR000BNL	ENCSR578OAK	BPNet	observed signal profile	bigWig	ChIP-seq	SP2	K562	cell-line	cell-line	cell-line	plus	none	passed
ENCFF162VXJ	ENCFF162VXJ	ENCSR141PZA	ENCSR640UGN	BPNet	observed signal profile	bigWig	ChIP-seq	SP3	HEK293	cell-line	cell-line	cell-line	minus	none	passed
ENCFF625JYT	ENCFF625JYT	ENCSR141PZA	ENCSR640UGN	BPNet	observed signal profile	bigWig	ChIP-seq	SP3	HEK293	cell-line	cell-line	cell-line	plus	none	passed
ENCFF625LBY	ENCFF625LBY	ENCSR000BQV	ENCSR649EJS	BPNet	observed signal profile	bigWig	ChIP-seq	SP4	H1	cell-line	cell-line	cell-line	minus	none	passed
ENCFF828DMS	ENCFF828DMS	ENCSR000BQV	ENCSR649EJS	BPNet	observed signal profile	bigWig	ChIP-seq	SP4	H1	cell-line	cell-line	cell-line	plus	none	passed
ENCFF124KOP	ENCFF124KOP	ENCSR642PQK	ENCSR715EEU	BPNet	observed signal profile	bigWig	ChIP-seq	SP4	HepG2	cell-line	cell-line	cell-line	minus	none	passed
ENCFF306CXV	ENCFF306CXV	ENCSR642PQK	ENCSR715EEU	BPNet	observed signal profile	bigWig	ChIP-seq	SP4	HepG2	cell-line	cell-line	cell-line	plus	none	passed
ENCFF652ALB	ENCFF652ALB	ENCSR019NPF	ENCSR773LDV	BPNet	observed signal profile	bigWig	ChIP-seq	SP5	HepG2	cell-line	cell-line	cell-line	minus	none	passed
ENCFF873VTQ	ENCFF873VTQ	ENCSR019NPF	ENCSR773LDV	BPNet	observed signal profile	bigWig	ChIP-seq	SP5	HepG2	cell-line	cell-line	cell-line	plus	none	passed
ENCFF233ARJ	ENCFF233ARJ	ENCSR468IJT	ENCSR374VXB	BPNet	observed signal profile	bigWig	ChIP-seq	SP7	HEK293	cell-line	cell-line	cell-line	minus	none	passed
ENCFF777AVF	ENCFF777AVF	ENCSR468IJT	ENCSR374VXB	BPNet	observed signal profile	bigWig	ChIP-seq	SP7	HEK293	cell-line	cell-line	cell-line	plus	none	passed
ENCFF669EHS	ENCFF669EHS	ENCSR042GSX	ENCSR757BLN	BPNet	observed signal profile	bigWig	ChIP-seq	SPDEF	MCF-7	cell-line	cell-line	cell-line	minus	none	passed
ENCFF837HMI	ENCFF837HMI	ENCSR042GSX	ENCSR757BLN	BPNet	observed signal profile	bigWig	ChIP-seq	SPDEF	MCF-7	cell-line	cell-line	cell-line	plus	none	passed
ENCFF920KBR	ENCFF920KBR	ENCSR897MYK	ENCSR182NCE	BPNet	observed signal profile	bigWig	ChIP-seq	SREBF1	A549	cell-line	cell-line	cell-line	minus	none	passed
ENCFF191IJL	ENCFF191IJL	ENCSR897MYK	ENCSR182NCE	BPNet	observed signal profile	bigWig	ChIP-seq	SREBF1	A549	cell-line	cell-line	cell-line	plus	none	passed
ENCFF337XRF	ENCFF337XRF	ENCSR815ZDS	ENCSR766FSS	BPNet	observed signal profile	bigWig	ChIP-seq	SREBF1	K562	cell-line	cell-line	cell-line	minus	none	passed
ENCFF007JSD	ENCFF007JSD	ENCSR815ZDS	ENCSR766FSS	BPNet	observed signal profile	bigWig	ChIP-seq	SREBF1	K562	cell-line	cell-line	cell-line	plus	none	passed
ENCFF348HOZ	ENCFF348HOZ	ENCSR197DJH	ENCSR495FTX	BPNet	observed signal profile	bigWig	ChIP-seq	SREBF1	MCF-7	cell-line	cell-line	cell-line	minus	none	passed
ENCFF419TBX	ENCFF419TBX	ENCSR197DJH	ENCSR495FTX	BPNet	observed signal profile	bigWig	ChIP-seq	SREBF1	MCF-7	cell-line	cell-line	cell-line	plus	none	passed
ENCFF177CRU	ENCFF177CRU	ENCSR041XML	ENCSR771NZC	BPNet	observed signal profile	bigWig	ChIP-seq	SRF	GM12878	cell-line	cell-line	cell-line	minus	none	passed
ENCFF830AEW	ENCFF830AEW	ENCSR000BGE	ENCSR040IAH	BPNet	observed signal profile	bigWig	ChIP-seq	SRF	GM12878	cell-line	cell-line	cell-line	minus	none	passed
ENCFF972XJV	ENCFF972XJV	ENCSR000BMI	ENCSR862QUY	BPNet	observed signal profile	bigWig	ChIP-seq	SRF	GM12878	cell-line	cell-line	cell-line	minus	none	passed
ENCFF224OSD	ENCFF224OSD	ENCSR041XML	ENCSR771NZC	BPNet	observed signal profile	bigWig	ChIP-seq	SRF	GM12878	cell-line	cell-line	cell-line	plus	none	passed
ENCFF260DVV	ENCFF260DVV	ENCSR000BMI	ENCSR862QUY	BPNet	observed signal profile	bigWig	ChIP-seq	SRF	GM12878	cell-line	cell-line	cell-line	plus	none	passed
ENCFF708CZN	ENCFF708CZN	ENCSR000BGE	ENCSR040IAH	BPNet	observed signal profile	bigWig	ChIP-seq	SRF	GM12878	cell-line	cell-line	cell-line	plus	none	passed
ENCFF759YRP	ENCFF759YRP	ENCSR000BIV	ENCSR721HTE	BPNet	observed signal profile	bigWig	ChIP-seq	SRF	H1	cell-line	cell-line	cell-line	minus	none	passed
ENCFF324FUC	ENCFF324FUC	ENCSR000BIV	ENCSR721HTE	BPNet	observed signal profile	bigWig	ChIP-seq	SRF	H1	cell-line	cell-line	cell-line	plus	none	passed
ENCFF385PIK	ENCFF385PIK	ENCSR000BSC	ENCSR113HVZ	BPNet	observed signal profile	bigWig	ChIP-seq	SRF	HCT116	cell-line	cell-line	cell-line	minus	none	passed
ENCFF168ZJR	ENCFF168ZJR	ENCSR000BSC	ENCSR113HVZ	BPNet	observed signal profile	bigWig	ChIP-seq	SRF	HCT116	cell-line	cell-line	cell-line	plus	none	passed
ENCFF513PFI	ENCFF513PFI	ENCSR000BLV	ENCSR076JVF	BPNet	observed signal profile	bigWig	ChIP-seq	SRF	HepG2	cell-line	cell-line	cell-line	minus	none	passed
ENCFF868ZJJ	ENCFF868ZJJ	ENCSR516SMM	ENCSR272YCO	BPNet	observed signal profile	bigWig	ChIP-seq	SRF	HepG2	cell-line	cell-line	cell-line	minus	none	passed
ENCFF451MZE	ENCFF451MZE	ENCSR516SMM	ENCSR272YCO	BPNet	observed signal profile	bigWig	ChIP-seq	SRF	HepG2	cell-line	cell-line	cell-line	plus	none	passed
ENCFF699CAG	ENCFF699CAG	ENCSR000BLV	ENCSR076JVF	BPNet	observed signal profile	bigWig	ChIP-seq	SRF	HepG2	cell-line	cell-line	cell-line	plus	none	passed
ENCFF898SLO	ENCFF898SLO	ENCSR000BTD	ENCSR871TEZ	BPNet	observed signal profile	bigWig	ChIP-seq	SRF	Ishikawa	cell-line	cell-line	cell-line	minus	none	passed
ENCFF471DHN	ENCFF471DHN	ENCSR000BTD	ENCSR871TEZ	BPNet	observed signal profile	bigWig	ChIP-seq	SRF	Ishikawa	cell-line	cell-line	cell-line	plus	none	passed
ENCFF416HME	ENCFF416HME	ENCSR582IAO	ENCSR133SHN	BPNet	observed signal profile	bigWig	ChIP-seq	SRF	K562	cell-line	cell-line	cell-line	minus	none	passed
ENCFF552KGW	ENCFF552KGW	ENCSR504HOI	ENCSR029FHA	BPNet	observed signal profile	bigWig	ChIP-seq	SRF	K562	cell-line	cell-line	cell-line	minus	none	passed
ENCFF791HYE	ENCFF791HYE	ENCSR000BLK	ENCSR307JOH	BPNet	observed signal profile	bigWig	ChIP-seq	SRF	K562	cell-line	cell-line	cell-line	minus	none	passed
ENCFF036KZX	ENCFF036KZX	ENCSR504HOI	ENCSR029FHA	BPNet	observed signal profile	bigWig	ChIP-seq	SRF	K562	cell-line	cell-line	cell-line	plus	none	passed
ENCFF375IBY	ENCFF375IBY	ENCSR000BLK	ENCSR307JOH	BPNet	observed signal profile	bigWig	ChIP-seq	SRF	K562	cell-line	cell-line	cell-line	plus	none	passed
ENCFF873ADD	ENCFF873ADD	ENCSR582IAO	ENCSR133SHN	BPNet	observed signal profile	bigWig	ChIP-seq	SRF	K562	cell-line	cell-line	cell-line	plus	none	passed
ENCFF687LJG	ENCFF687LJG	ENCSR000BVA	ENCSR830FWJ	BPNet	observed signal profile	bigWig	ChIP-seq	SRF	MCF-7	cell-line	cell-line	cell-line	minus	none	passed
ENCFF942FPX	ENCFF942FPX	ENCSR000BVA	ENCSR830FWJ	BPNet	observed signal profile	bigWig	ChIP-seq	SRF	MCF-7	cell-line	cell-line	cell-line	plus	none	passed
ENCFF539JHW	ENCFF539JHW	ENCSR000FAV	ENCSR467YMS	BPNet	observed signal profile	bigWig	ChIP-seq	STAT1	K562	cell-line	cell-line	cell-line	minus	none	passed
ENCFF607RSM	ENCFF607RSM	ENCSR000FAU	ENCSR300AVN	BPNet	observed signal profile	bigWig	ChIP-seq	STAT1	K562	cell-line	cell-line	cell-line	minus	none	passed
ENCFF195UXH	ENCFF195UXH	ENCSR000FAV	ENCSR467YMS	BPNet	observed signal profile	bigWig	ChIP-seq	STAT1	K562	cell-line	cell-line	cell-line	plus	none	passed
ENCFF949JWJ	ENCFF949JWJ	ENCSR000FAU	ENCSR300AVN	BPNet	observed signal profile	bigWig	ChIP-seq	STAT1	K562	cell-line	cell-line	cell-line	plus	none	passed
ENCFF427PWE	ENCFF427PWE	ENCSR000FBC	ENCSR986WNQ	BPNet	observed signal profile	bigWig	ChIP-seq	STAT2	K562	cell-line	cell-line	cell-line	minus	none	passed
ENCFF831LSY	ENCFF831LSY	ENCSR000FAT	ENCSR783CQO	BPNet	observed signal profile	bigWig	ChIP-seq	STAT2	K562	cell-line	cell-line	cell-line	minus	none	passed
ENCFF573PGK	ENCFF573PGK	ENCSR000FBC	ENCSR986WNQ	BPNet	observed signal profile	bigWig	ChIP-seq	STAT2	K562	cell-line	cell-line	cell-line	plus	none	passed
ENCFF865PQS	ENCFF865PQS	ENCSR000FAT	ENCSR783CQO	BPNet	observed signal profile	bigWig	ChIP-seq	STAT2	K562	cell-line	cell-line	cell-line	plus	none	passed
ENCFF233OUE	ENCFF233OUE	ENCSR000DZV	ENCSR597MUO	BPNet	observed signal profile	bigWig	ChIP-seq	STAT3	GM12878	cell-line	cell-line	cell-line	minus	none	passed
ENCFF937BXC	ENCFF937BXC	ENCSR000DZV	ENCSR597MUO	BPNet	observed signal profile	bigWig	ChIP-seq	STAT3	GM12878	cell-line	cell-line	cell-line	plus	none	passed
ENCFF566AIZ	ENCFF566AIZ	ENCSR000EDC	ENCSR099YQW	BPNet	observed signal profile	bigWig	ChIP-seq	STAT3	HeLa-S3	cell-line	cell-line	cell-line	minus	none	passed
ENCFF338DLJ	ENCFF338DLJ	ENCSR000EDC	ENCSR099YQW	BPNet	observed signal profile	bigWig	ChIP-seq	STAT3	HeLa-S3	cell-line	cell-line	cell-line	plus	none	passed
ENCFF352SIC	ENCFF352SIC	ENCSR000DOQ	ENCSR628VMP	BPNet	observed signal profile	bigWig	ChIP-seq	STAT3	MCF-10A	cell-line	cell-line	cell-line	minus	none	passed
ENCFF802GGK	ENCFF802GGK	ENCSR000DPB	ENCSR133LTU	BPNet	observed signal profile	bigWig	ChIP-seq	STAT3	MCF-10A	cell-line	cell-line	cell-line	minus	none	passed
ENCFF382VPJ	ENCFF382VPJ	ENCSR000DPB	ENCSR133LTU	BPNet	observed signal profile	bigWig	ChIP-seq	STAT3	MCF-10A	cell-line	cell-line	cell-line	plus	none	passed
ENCFF922LXF	ENCFF922LXF	ENCSR000DOQ	ENCSR628VMP	BPNet	observed signal profile	bigWig	ChIP-seq	STAT3	MCF-10A	cell-line	cell-line	cell-line	plus	none	passed
ENCFF198FAO	ENCFF198FAO	ENCSR000BRR	ENCSR509ZMB	BPNet	observed signal profile	bigWig	ChIP-seq	STAT5A	K562	cell-line	cell-line	cell-line	minus	none	passed
ENCFF578CQU	ENCFF578CQU	ENCSR000BRR	ENCSR509ZMB	BPNet	observed signal profile	bigWig	ChIP-seq	STAT5A	K562	cell-line	cell-line	cell-line	plus	none	passed
ENCFF802YPW	ENCFF802YPW	ENCSR000DZZ	ENCSR748FOU	BPNet	observed signal profile	bigWig	ChIP-seq	TBP	GM12878	cell-line	cell-line	cell-line	minus	none	passed
ENCFF849AJW	ENCFF849AJW	ENCSR000DZZ	ENCSR748FOU	BPNet	observed signal profile	bigWig	ChIP-seq	TBP	GM12878	cell-line	cell-line	cell-line	plus	none	passed
ENCFF798LZG	ENCFF798LZG	ENCSR000ECB	ENCSR071LQR	BPNet	observed signal profile	bigWig	ChIP-seq	TBP	H1	cell-line	cell-line	cell-line	minus	none	passed
ENCFF699IBL	ENCFF699IBL	ENCSR000ECB	ENCSR071LQR	BPNet	observed signal profile	bigWig	ChIP-seq	TBP	H1	cell-line	cell-line	cell-line	plus	none	passed
ENCFF354YMA	ENCFF354YMA	ENCSR000EDD	ENCSR209XCM	BPNet	observed signal profile	bigWig	ChIP-seq	TBP	HeLa-S3	cell-line	cell-line	cell-line	minus	none	passed
ENCFF675FGP	ENCFF675FGP	ENCSR000EDD	ENCSR209XCM	BPNet	observed signal profile	bigWig	ChIP-seq	TBP	HeLa-S3	cell-line	cell-line	cell-line	plus	none	passed
ENCFF577CHD	ENCFF577CHD	ENCSR000EEL	ENCSR997SZY	BPNet	observed signal profile	bigWig	ChIP-seq	TBP	HepG2	cell-line	cell-line	cell-line	minus	none	passed
ENCFF226QZK	ENCFF226QZK	ENCSR000EEL	ENCSR997SZY	BPNet	observed signal profile	bigWig	ChIP-seq	TBP	HepG2	cell-line	cell-line	cell-line	plus	none	passed
ENCFF974FPU	ENCFF974FPU	ENCSR410FEH	ENCSR351RCV	BPNet	observed signal profile	bigWig	ChIP-seq	TBX2	HepG2	cell-line	cell-line	cell-line	minus	none	passed
ENCFF069DMM	ENCFF069DMM	ENCSR410FEH	ENCSR351RCV	BPNet	observed signal profile	bigWig	ChIP-seq	TBX2	HepG2	cell-line	cell-line	cell-line	plus	none	passed
ENCFF443NPA	ENCFF443NPA	ENCSR739IHN	ENCSR476ZGO	BPNet	observed signal profile	bigWig	ChIP-seq	TBX21	GM12878	cell-line	cell-line	cell-line	minus	none	passed
ENCFF971LVT	ENCFF971LVT	ENCSR739IHN	ENCSR476ZGO	BPNet	observed signal profile	bigWig	ChIP-seq	TBX21	GM12878	cell-line	cell-line	cell-line	plus	none	passed
ENCFF217BAX	ENCFF217BAX	ENCSR238QRG	ENCSR660GND	BPNet	observed signal profile	bigWig	ChIP-seq	TBX3	HepG2	cell-line	cell-line	cell-line	minus	none	passed
ENCFF308YKK	ENCFF308YKK	ENCSR605YWG	ENCSR409NTB	BPNet	observed signal profile	bigWig	ChIP-seq	TBX3	HepG2	cell-line	cell-line	cell-line	minus	none	passed
ENCFF661FGJ	ENCFF661FGJ	ENCSR605YWG	ENCSR409NTB	BPNet	observed signal profile	bigWig	ChIP-seq	TBX3	HepG2	cell-line	cell-line	cell-line	plus	none	passed
ENCFF876ZYU	ENCFF876ZYU	ENCSR238QRG	ENCSR660GND	BPNet	observed signal profile	bigWig	ChIP-seq	TBX3	HepG2	cell-line	cell-line	cell-line	plus	none	passed
ENCFF057KRZ	ENCFF057KRZ	ENCSR725VFL	ENCSR739XCG	BPNet	observed signal profile	bigWig	ChIP-seq	TCF12	GM12878	cell-line	cell-line	cell-line	minus	none	passed
ENCFF411VVS	ENCFF411VVS	ENCSR000BGZ	ENCSR714UPI	BPNet	observed signal profile	bigWig	ChIP-seq	TCF12	GM12878	cell-line	cell-line	cell-line	minus	none	passed
ENCFF164ULY	ENCFF164ULY	ENCSR725VFL	ENCSR739XCG	BPNet	observed signal profile	bigWig	ChIP-seq	TCF12	GM12878	cell-line	cell-line	cell-line	plus	none	passed
ENCFF965GSB	ENCFF965GSB	ENCSR000BGZ	ENCSR714UPI	BPNet	observed signal profile	bigWig	ChIP-seq	TCF12	GM12878	cell-line	cell-line	cell-line	plus	none	passed
ENCFF686ROF	ENCFF686ROF	ENCSR000BUV	ENCSR829DZW	BPNet	observed signal profile	bigWig	ChIP-seq	TCF12	Ishikawa	cell-line	cell-line	cell-line	minus	none	passed
ENCFF052GEX	ENCFF052GEX	ENCSR000BUV	ENCSR829DZW	BPNet	observed signal profile	bigWig	ChIP-seq	TCF12	Ishikawa	cell-line	cell-line	cell-line	plus	none	passed
ENCFF224JWG	ENCFF224JWG	ENCSR189TRZ	ENCSR615MHS	BPNet	observed signal profile	bigWig	ChIP-seq	TCF12	K562	cell-line	cell-line	cell-line	minus	none	passed
ENCFF704SGI	ENCFF704SGI	ENCSR744WOO	ENCSR122AAT	BPNet	observed signal profile	bigWig	ChIP-seq	TCF12	K562	cell-line	cell-line	cell-line	minus	none	passed
ENCFF206FMH	ENCFF206FMH	ENCSR189TRZ	ENCSR615MHS	BPNet	observed signal profile	bigWig	ChIP-seq	TCF12	K562	cell-line	cell-line	cell-line	plus	none	passed
ENCFF423QNX	ENCFF423QNX	ENCSR744WOO	ENCSR122AAT	BPNet	observed signal profile	bigWig	ChIP-seq	TCF12	K562	cell-line	cell-line	cell-line	plus	none	passed
ENCFF390QSS	ENCFF390QSS	ENCSR000BSL	ENCSR715JCY	BPNet	observed signal profile	bigWig	ChIP-seq	TCF12	SK-N-SH	cell-line	cell-line	cell-line	minus	none	passed
ENCFF793WQX	ENCFF793WQX	ENCSR000BSL	ENCSR715JCY	BPNet	observed signal profile	bigWig	ChIP-seq	TCF12	SK-N-SH	cell-line	cell-line	cell-line	plus	none	passed
ENCFF540EIA	ENCFF540EIA	ENCSR000BQT	ENCSR326PIH	BPNet	observed signal profile	bigWig	ChIP-seq	TCF3	GM12878	cell-line	cell-line	cell-line	minus	none	passed
ENCFF201EBC	ENCFF201EBC	ENCSR000BQT	ENCSR326PIH	BPNet	observed signal profile	bigWig	ChIP-seq	TCF3	GM12878	cell-line	cell-line	cell-line	plus	none	passed
ENCFF774UGV	ENCFF774UGV	ENCSR970OJY	ENCSR902ISQ	BPNet	observed signal profile	bigWig	ChIP-seq	TCF3	K562	cell-line	cell-line	cell-line	minus	none	passed
ENCFF293TYI	ENCFF293TYI	ENCSR970OJY	ENCSR902ISQ	BPNet	observed signal profile	bigWig	ChIP-seq	TCF3	K562	cell-line	cell-line	cell-line	plus	none	passed
ENCFF970ZPG	ENCFF970ZPG	ENCSR922RFY	ENCSR292VIZ	BPNet	observed signal profile	bigWig	ChIP-seq	TCF4	SK-N-SH	cell-line	cell-line	cell-line	minus	none	passed
ENCFF822AKB	ENCFF822AKB	ENCSR922RFY	ENCSR292VIZ	BPNet	observed signal profile	bigWig	ChIP-seq	TCF4	SK-N-SH	cell-line	cell-line	cell-line	plus	none	passed
ENCFF036IDL	ENCFF036IDL	ENCSR501DKS	ENCSR292YQD	BPNet	observed signal profile	bigWig	ChIP-seq	TCF7	GM12878	cell-line	cell-line	cell-line	minus	none	passed
ENCFF031CLR	ENCFF031CLR	ENCSR501DKS	ENCSR292YQD	BPNet	observed signal profile	bigWig	ChIP-seq	TCF7	GM12878	cell-line	cell-line	cell-line	plus	none	passed
ENCFF611FDW	ENCFF611FDW	ENCSR444LIN	ENCSR251GZI	BPNet	observed signal profile	bigWig	ChIP-seq	TCF7	HepG2	cell-line	cell-line	cell-line	minus	none	passed
ENCFF195MHL	ENCFF195MHL	ENCSR444LIN	ENCSR251GZI	BPNet	observed signal profile	bigWig	ChIP-seq	TCF7	HepG2	cell-line	cell-line	cell-line	plus	none	passed
ENCFF526CVS	ENCFF526CVS	ENCSR863KUB	ENCSR123FJN	BPNet	observed signal profile	bigWig	ChIP-seq	TCF7	K562	cell-line	cell-line	cell-line	minus	none	passed
ENCFF655VNN	ENCFF655VNN	ENCSR863KUB	ENCSR123FJN	BPNet	observed signal profile	bigWig	ChIP-seq	TCF7	K562	cell-line	cell-line	cell-line	plus	none	passed
ENCFF346MGX	ENCFF346MGX	ENCSR000EVQ	ENCSR605YBA	BPNet	observed signal profile	bigWig	ChIP-seq	TCF7L2	HepG2	cell-line	cell-line	cell-line	minus	none	passed
ENCFF625JVM	ENCFF625JVM	ENCSR346BOD	ENCSR522OOX	BPNet	observed signal profile	bigWig	ChIP-seq	TCF7L2	HepG2	cell-line	cell-line	cell-line	minus	none	passed
ENCFF074IVP	ENCFF074IVP	ENCSR000EVQ	ENCSR605YBA	BPNet	observed signal profile	bigWig	ChIP-seq	TCF7L2	HepG2	cell-line	cell-line	cell-line	plus	none	passed
ENCFF109KNW	ENCFF109KNW	ENCSR346BOD	ENCSR522OOX	BPNet	observed signal profile	bigWig	ChIP-seq	TCF7L2	HepG2	cell-line	cell-line	cell-line	plus	none	passed
ENCFF020ZXE	ENCFF020ZXE	ENCSR497JLX	ENCSR472NZD	BPNet	observed signal profile	bigWig	ChIP-seq	TEAD1	HepG2	cell-line	cell-line	cell-line	minus	none	passed
ENCFF431EPI	ENCFF431EPI	ENCSR497JLX	ENCSR472NZD	BPNet	observed signal profile	bigWig	ChIP-seq	TEAD1	HepG2	cell-line	cell-line	cell-line	plus	none	passed
ENCFF390YGE	ENCFF390YGE	ENCSR228ELU	ENCSR675KBB	BPNet	observed signal profile	bigWig	ChIP-seq	TEAD1	K562	cell-line	cell-line	cell-line	minus	none	passed
ENCFF898ENQ	ENCFF898ENQ	ENCSR591ASD	ENCSR945UJQ	BPNet	observed signal profile	bigWig	ChIP-seq	TEAD1	K562	cell-line	cell-line	cell-line	minus	none	passed
ENCFF587JJF	ENCFF587JJF	ENCSR228ELU	ENCSR675KBB	BPNet	observed signal profile	bigWig	ChIP-seq	TEAD1	K562	cell-line	cell-line	cell-line	plus	none	passed
ENCFF658XNK	ENCFF658XNK	ENCSR591ASD	ENCSR945UJQ	BPNet	observed signal profile	bigWig	ChIP-seq	TEAD1	K562	cell-line	cell-line	cell-line	plus	none	passed
ENCFF120SFH	ENCFF120SFH	ENCSR934WOF	ENCSR839ENT	BPNet	observed signal profile	bigWig	ChIP-seq	TEAD1	WTC11	cell-line	cell-line	cell-line	minus	none	passed
ENCFF784PKM	ENCFF784PKM	ENCSR934WOF	ENCSR839ENT	BPNet	observed signal profile	bigWig	ChIP-seq	TEAD1	WTC11	cell-line	cell-line	cell-line	plus	none	passed
ENCFF168LMK	ENCFF168LMK	ENCSR635GTR	ENCSR858BRS	BPNet	observed signal profile	bigWig	ChIP-seq	TEAD2	K562	cell-line	cell-line	cell-line	minus	none	passed
ENCFF070ZLN	ENCFF070ZLN	ENCSR635GTR	ENCSR858BRS	BPNet	observed signal profile	bigWig	ChIP-seq	TEAD2	K562	cell-line	cell-line	cell-line	plus	none	passed
ENCFF779LDV	ENCFF779LDV	ENCSR000BUD	ENCSR759JAZ	BPNet	observed signal profile	bigWig	ChIP-seq	TEAD4	A549	cell-line	cell-line	cell-line	minus	none	passed
ENCFF141QPG	ENCFF141QPG	ENCSR000BUD	ENCSR759JAZ	BPNet	observed signal profile	bigWig	ChIP-seq	TEAD4	A549	cell-line	cell-line	cell-line	plus	none	passed
ENCFF066DEK	ENCFF066DEK	ENCSR000BRY	ENCSR057JRV	BPNet	observed signal profile	bigWig	ChIP-seq	TEAD4	H1	cell-line	cell-line	cell-line	minus	none	passed
ENCFF259YSH	ENCFF259YSH	ENCSR000BRY	ENCSR057JRV	BPNet	observed signal profile	bigWig	ChIP-seq	TEAD4	H1	cell-line	cell-line	cell-line	plus	none	passed
ENCFF286DPK	ENCFF286DPK	ENCSR000BVJ	ENCSR255BMC	BPNet	observed signal profile	bigWig	ChIP-seq	TEAD4	HCT116	cell-line	cell-line	cell-line	minus	none	passed
ENCFF145PHF	ENCFF145PHF	ENCSR000BVJ	ENCSR255BMC	BPNet	observed signal profile	bigWig	ChIP-seq	TEAD4	HCT116	cell-line	cell-line	cell-line	plus	none	passed
ENCFF032TKC	ENCFF032TKC	ENCSR000BRP	ENCSR543PPH	BPNet	observed signal profile	bigWig	ChIP-seq	TEAD4	HepG2	cell-line	cell-line	cell-line	minus	none	passed
ENCFF265GFS	ENCFF265GFS	ENCSR800JRG	ENCSR502ZZU	BPNet	observed signal profile	bigWig	ChIP-seq	TEAD4	HepG2	cell-line	cell-line	cell-line	minus	none	passed
ENCFF092KWF	ENCFF092KWF	ENCSR000BRP	ENCSR543PPH	BPNet	observed signal profile	bigWig	ChIP-seq	TEAD4	HepG2	cell-line	cell-line	cell-line	plus	none	passed
ENCFF931IZV	ENCFF931IZV	ENCSR800JRG	ENCSR502ZZU	BPNet	observed signal profile	bigWig	ChIP-seq	TEAD4	HepG2	cell-line	cell-line	cell-line	plus	none	passed
ENCFF689FFC	ENCFF689FFC	ENCSR000BSW	ENCSR719TPB	BPNet	observed signal profile	bigWig	ChIP-seq	TEAD4	Ishikawa	cell-line	cell-line	cell-line	minus	none	passed
ENCFF943QXR	ENCFF943QXR	ENCSR000BSW	ENCSR719TPB	BPNet	observed signal profile	bigWig	ChIP-seq	TEAD4	Ishikawa	cell-line	cell-line	cell-line	plus	none	passed
ENCFF014PHZ	ENCFF014PHZ	ENCSR000BRK	ENCSR584QDL	BPNet	observed signal profile	bigWig	ChIP-seq	TEAD4	K562	cell-line	cell-line	cell-line	minus	none	passed
ENCFF192HCU	ENCFF192HCU	ENCSR817FMN	ENCSR541KST	BPNet	observed signal profile	bigWig	ChIP-seq	TEAD4	K562	cell-line	cell-line	cell-line	minus	none	passed
ENCFF168CCJ	ENCFF168CCJ	ENCSR000BRK	ENCSR584QDL	BPNet	observed signal profile	bigWig	ChIP-seq	TEAD4	K562	cell-line	cell-line	cell-line	plus	none	passed
ENCFF436GHT	ENCFF436GHT	ENCSR817FMN	ENCSR541KST	BPNet	observed signal profile	bigWig	ChIP-seq	TEAD4	K562	cell-line	cell-line	cell-line	plus	none	passed
ENCFF993CYJ	ENCFF993CYJ	ENCSR000BUO	ENCSR654ETW	BPNet	observed signal profile	bigWig	ChIP-seq	TEAD4	MCF-7	cell-line	cell-line	cell-line	minus	none	passed
ENCFF148CVK	ENCFF148CVK	ENCSR000BUO	ENCSR654ETW	BPNet	observed signal profile	bigWig	ChIP-seq	TEAD4	MCF-7	cell-line	cell-line	cell-line	plus	none	passed
ENCFF311ZIN	ENCFF311ZIN	ENCSR000BUQ	ENCSR137PEF	BPNet	observed signal profile	bigWig	ChIP-seq	TEAD4	SK-N-SH	cell-line	cell-line	cell-line	minus	none	passed
ENCFF449JCP	ENCFF449JCP	ENCSR000BUQ	ENCSR137PEF	BPNet	observed signal profile	bigWig	ChIP-seq	TEAD4	SK-N-SH	cell-line	cell-line	cell-line	plus	none	passed
ENCFF483ATG	ENCFF483ATG	ENCSR285HHZ	ENCSR598CXV	BPNet	observed signal profile	bigWig	ChIP-seq	TEAD4	WTC11	cell-line	cell-line	cell-line	minus	none	passed
ENCFF884HDG	ENCFF884HDG	ENCSR285HHZ	ENCSR598CXV	BPNet	observed signal profile	bigWig	ChIP-seq	TEAD4	WTC11	cell-line	cell-line	cell-line	plus	none	passed
ENCFF601KBZ	ENCFF601KBZ	ENCSR583KLD	ENCSR286SAG	BPNet	observed signal profile	bigWig	ChIP-seq	TEF	HepG2	cell-line	cell-line	cell-line	minus	none	passed
ENCFF003VKT	ENCFF003VKT	ENCSR583KLD	ENCSR286SAG	BPNet	observed signal profile	bigWig	ChIP-seq	TEF	HepG2	cell-line	cell-line	cell-line	plus	none	passed
ENCFF262AMX	ENCFF262AMX	ENCSR630GGD	ENCSR606WDD	BPNet	observed signal profile	bigWig	ChIP-seq	TFAP2B	SK-N-SH	cell-line	cell-line	cell-line	minus	none	passed
ENCFF553XPN	ENCFF553XPN	ENCSR630GGD	ENCSR606WDD	BPNet	observed signal profile	bigWig	ChIP-seq	TFAP2B	SK-N-SH	cell-line	cell-line	cell-line	plus	none	passed
ENCFF117UHK	ENCFF117UHK	ENCSR587BVQ	ENCSR832QSI	BPNet	observed signal profile	bigWig	ChIP-seq	TFAP4	HepG2	cell-line	cell-line	cell-line	minus	none	passed
ENCFF668WSG	ENCFF668WSG	ENCSR103SZL	ENCSR050VWT	BPNet	observed signal profile	bigWig	ChIP-seq	TFAP4	HepG2	cell-line	cell-line	cell-line	minus	none	passed
ENCFF231GLP	ENCFF231GLP	ENCSR103SZL	ENCSR050VWT	BPNet	observed signal profile	bigWig	ChIP-seq	TFAP4	HepG2	cell-line	cell-line	cell-line	plus	none	passed
ENCFF380OZM	ENCFF380OZM	ENCSR587BVQ	ENCSR832QSI	BPNet	observed signal profile	bigWig	ChIP-seq	TFAP4	HepG2	cell-line	cell-line	cell-line	plus	none	passed
ENCFF350IEQ	ENCFF350IEQ	ENCSR784IMK	ENCSR468IYH	BPNet	observed signal profile	bigWig	ChIP-seq	TFAP4	K562	cell-line	cell-line	cell-line	minus	none	passed
ENCFF783AWF	ENCFF783AWF	ENCSR784IMK	ENCSR468IYH	BPNet	observed signal profile	bigWig	ChIP-seq	TFAP4	K562	cell-line	cell-line	cell-line	plus	none	passed
ENCFF438AVR	ENCFF438AVR	ENCSR998OMC	ENCSR119FPN	BPNet	observed signal profile	bigWig	ChIP-seq	TFCP2	K562	cell-line	cell-line	cell-line	minus	none	passed
ENCFF268THN	ENCFF268THN	ENCSR998OMC	ENCSR119FPN	BPNet	observed signal profile	bigWig	ChIP-seq	TFCP2	K562	cell-line	cell-line	cell-line	plus	none	passed
ENCFF012BJP	ENCFF012BJP	ENCSR558OMR	ENCSR843PGH	BPNet	observed signal profile	bigWig	ChIP-seq	TFDP1	HepG2	cell-line	cell-line	cell-line	minus	none	passed
ENCFF668CFN	ENCFF668CFN	ENCSR558OMR	ENCSR843PGH	BPNet	observed signal profile	bigWig	ChIP-seq	TFDP1	HepG2	cell-line	cell-line	cell-line	plus	none	passed
ENCFF780WWM	ENCFF780WWM	ENCSR901VIE	ENCSR881WQN	BPNet	observed signal profile	bigWig	ChIP-seq	TFDP1	K562	cell-line	cell-line	cell-line	minus	none	passed
ENCFF831TYH	ENCFF831TYH	ENCSR017GBO	ENCSR510PVF	BPNet	observed signal profile	bigWig	ChIP-seq	TFDP1	K562	cell-line	cell-line	cell-line	minus	none	passed
ENCFF029LUM	ENCFF029LUM	ENCSR901VIE	ENCSR881WQN	BPNet	observed signal profile	bigWig	ChIP-seq	TFDP1	K562	cell-line	cell-line	cell-line	plus	none	passed
ENCFF642DWE	ENCFF642DWE	ENCSR017GBO	ENCSR510PVF	BPNet	observed signal profile	bigWig	ChIP-seq	TFDP1	K562	cell-line	cell-line	cell-line	plus	none	passed
ENCFF871IMA	ENCFF871IMA	ENCSR589SNT	ENCSR969SPC	BPNet	observed signal profile	bigWig	ChIP-seq	TFE3	HepG2	cell-line	cell-line	cell-line	minus	none	passed
ENCFF259PPD	ENCFF259PPD	ENCSR589SNT	ENCSR969SPC	BPNet	observed signal profile	bigWig	ChIP-seq	TFE3	HepG2	cell-line	cell-line	cell-line	plus	none	passed
ENCFF412WFH	ENCFF412WFH	ENCSR953KEY	ENCSR570QRK	BPNet	observed signal profile	bigWig	ChIP-seq	TFE3	K562	cell-line	cell-line	cell-line	minus	none	passed
ENCFF499PBI	ENCFF499PBI	ENCSR953KEY	ENCSR570QRK	BPNet	observed signal profile	bigWig	ChIP-seq	TFE3	K562	cell-line	cell-line	cell-line	plus	none	passed
ENCFF641NHZ	ENCFF641NHZ	ENCSR993LMB	ENCSR943QHF	BPNet	observed signal profile	bigWig	ChIP-seq	TGIF2	HepG2	cell-line	cell-line	cell-line	minus	none	passed
ENCFF688YBQ	ENCFF688YBQ	ENCSR993LMB	ENCSR943QHF	BPNet	observed signal profile	bigWig	ChIP-seq	TGIF2	HepG2	cell-line	cell-line	cell-line	plus	none	passed
ENCFF008LBO	ENCFF008LBO	ENCSR910UQX	ENCSR196PHG	BPNet	observed signal profile	bigWig	ChIP-seq	TGIF2	WTC11	cell-line	cell-line	cell-line	minus	none	passed
ENCFF840ZQD	ENCFF840ZQD	ENCSR910UQX	ENCSR196PHG	BPNet	observed signal profile	bigWig	ChIP-seq	TGIF2	WTC11	cell-line	cell-line	cell-line	plus	none	passed
ENCFF533LSG	ENCFF533LSG	ENCSR000BNN	ENCSR817TLV	BPNet	observed signal profile	bigWig	ChIP-seq	THAP1	K562	cell-line	cell-line	cell-line	minus	none	passed
ENCFF262NZW	ENCFF262NZW	ENCSR000BNN	ENCSR817TLV	BPNet	observed signal profile	bigWig	ChIP-seq	THAP1	K562	cell-line	cell-line	cell-line	plus	none	passed
ENCFF746GSL	ENCFF746GSL	ENCSR562POI	ENCSR016OLY	BPNet	observed signal profile	bigWig	ChIP-seq	THAP11	HepG2	cell-line	cell-line	cell-line	minus	none	passed
ENCFF657KFA	ENCFF657KFA	ENCSR562POI	ENCSR016OLY	BPNet	observed signal profile	bigWig	ChIP-seq	THAP11	HepG2	cell-line	cell-line	cell-line	plus	none	passed
ENCFF625AHS	ENCFF625AHS	ENCSR551QJT	ENCSR262IPW	BPNet	observed signal profile	bigWig	ChIP-seq	THRA	HepG2	cell-line	cell-line	cell-line	minus	none	passed
ENCFF766MXL	ENCFF766MXL	ENCSR551QJT	ENCSR262IPW	BPNet	observed signal profile	bigWig	ChIP-seq	THRA	HepG2	cell-line	cell-line	cell-line	plus	none	passed
ENCFF389GHY	ENCFF389GHY	ENCSR264CZJ	ENCSR668XFM	BPNet	observed signal profile	bigWig	ChIP-seq	THRA	K562	cell-line	cell-line	cell-line	minus	none	passed
ENCFF415SGH	ENCFF415SGH	ENCSR264CZJ	ENCSR668XFM	BPNet	observed signal profile	bigWig	ChIP-seq	THRA	K562	cell-line	cell-line	cell-line	plus	none	passed
ENCFF014SHM	ENCFF014SHM	ENCSR430JGJ	ENCSR015WPR	BPNet	observed signal profile	bigWig	ChIP-seq	THRB	HepG2	cell-line	cell-line	cell-line	minus	none	passed
ENCFF857LNI	ENCFF857LNI	ENCSR430JGJ	ENCSR015WPR	BPNet	observed signal profile	bigWig	ChIP-seq	THRB	HepG2	cell-line	cell-line	cell-line	plus	none	passed
ENCFF109KPL	ENCFF109KPL	ENCSR112XUO	ENCSR143XGL	BPNet	observed signal profile	bigWig	ChIP-seq	TP53	A549	cell-line	cell-line	cell-line	minus	none	passed
ENCFF569MZQ	ENCFF569MZQ	ENCSR112XUO	ENCSR143XGL	BPNet	observed signal profile	bigWig	ChIP-seq	TP53	A549	cell-line	cell-line	cell-line	plus	none	passed
ENCFF751GZD	ENCFF751GZD	ENCSR980EGJ	ENCSR636VPX	BPNet	observed signal profile	bigWig	ChIP-seq	TP53	HepG2	cell-line	cell-line	cell-line	minus	none	passed
ENCFF733BOO	ENCFF733BOO	ENCSR980EGJ	ENCSR636VPX	BPNet	observed signal profile	bigWig	ChIP-seq	TP53	HepG2	cell-line	cell-line	cell-line	plus	none	passed
ENCFF376JWJ	ENCFF376JWJ	ENCSR760GZL	ENCSR435SAV	BPNet	observed signal profile	bigWig	ChIP-seq	TP53	WTC11	cell-line	cell-line	cell-line	minus	none	passed
ENCFF783ETE	ENCFF783ETE	ENCSR760GZL	ENCSR435SAV	BPNet	observed signal profile	bigWig	ChIP-seq	TP53	WTC11	cell-line	cell-line	cell-line	plus	none	passed
ENCFF137AKU	ENCFF137AKU	ENCSR282NLQ	ENCSR410KJV	BPNet	observed signal profile	bigWig	ChIP-seq	TSHZ2	SK-N-SH	cell-line	cell-line	cell-line	minus	none	passed
ENCFF814RYD	ENCFF814RYD	ENCSR282NLQ	ENCSR410KJV	BPNet	observed signal profile	bigWig	ChIP-seq	TSHZ2	SK-N-SH	cell-line	cell-line	cell-line	plus	none	passed
ENCFF122TUT	ENCFF122TUT	ENCSR000BHX	ENCSR586UXJ	BPNet	observed signal profile	bigWig	ChIP-seq	USF1	A549	cell-line	cell-line	cell-line	minus	none	passed
ENCFF228JUF	ENCFF228JUF	ENCSR000BJB	ENCSR054RWA	BPNet	observed signal profile	bigWig	ChIP-seq	USF1	A549	cell-line	cell-line	cell-line	minus	none	passed
ENCFF326HNT	ENCFF326HNT	ENCSR000BPV	ENCSR983UAU	BPNet	observed signal profile	bigWig	ChIP-seq	USF1	A549	cell-line	cell-line	cell-line	minus	none	passed
ENCFF590MBE	ENCFF590MBE	ENCSR000BPV	ENCSR983UAU	BPNet	observed signal profile	bigWig	ChIP-seq	USF1	A549	cell-line	cell-line	cell-line	plus	none	passed
ENCFF812EUB	ENCFF812EUB	ENCSR000BHX	ENCSR586UXJ	BPNet	observed signal profile	bigWig	ChIP-seq	USF1	A549	cell-line	cell-line	cell-line	plus	none	passed
ENCFF886JFM	ENCFF886JFM	ENCSR000BJB	ENCSR054RWA	BPNet	observed signal profile	bigWig	ChIP-seq	USF1	A549	cell-line	cell-line	cell-line	plus	none	passed
ENCFF670PAF	ENCFF670PAF	ENCSR000BGI	ENCSR511BKM	BPNet	observed signal profile	bigWig	ChIP-seq	USF1	GM12878	cell-line	cell-line	cell-line	minus	none	passed
ENCFF448EHI	ENCFF448EHI	ENCSR000BGI	ENCSR511BKM	BPNet	observed signal profile	bigWig	ChIP-seq	USF1	GM12878	cell-line	cell-line	cell-line	plus	none	passed
ENCFF979NYZ	ENCFF979NYZ	ENCSR000BIU	ENCSR516GXG	BPNet	observed signal profile	bigWig	ChIP-seq	USF1	H1	cell-line	cell-line	cell-line	minus	none	passed
ENCFF220CFW	ENCFF220CFW	ENCSR000BIU	ENCSR516GXG	BPNet	observed signal profile	bigWig	ChIP-seq	USF1	H1	cell-line	cell-line	cell-line	plus	none	passed
ENCFF484NLV	ENCFF484NLV	ENCSR000BVK	ENCSR462DYM	BPNet	observed signal profile	bigWig	ChIP-seq	USF1	HCT116	cell-line	cell-line	cell-line	minus	none	passed
ENCFF584ZBN	ENCFF584ZBN	ENCSR000BVK	ENCSR462DYM	BPNet	observed signal profile	bigWig	ChIP-seq	USF1	HCT116	cell-line	cell-line	cell-line	plus	none	passed
ENCFF606ZNM	ENCFF606ZNM	ENCSR000BGM	ENCSR830EXL	BPNet	observed signal profile	bigWig	ChIP-seq	USF1	HepG2	cell-line	cell-line	cell-line	minus	none	passed
ENCFF649OKY	ENCFF649OKY	ENCSR099FCQ	ENCSR969UXT	BPNet	observed signal profile	bigWig	ChIP-seq	USF1	HepG2	cell-line	cell-line	cell-line	minus	none	passed
ENCFF024FQW	ENCFF024FQW	ENCSR099FCQ	ENCSR969UXT	BPNet	observed signal profile	bigWig	ChIP-seq	USF1	HepG2	cell-line	cell-line	cell-line	plus	none	passed
ENCFF552MNG	ENCFF552MNG	ENCSR000BGM	ENCSR830EXL	BPNet	observed signal profile	bigWig	ChIP-seq	USF1	HepG2	cell-line	cell-line	cell-line	plus	none	passed
ENCFF552DKE	ENCFF552DKE	ENCSR000BSX	ENCSR684JSF	BPNet	observed signal profile	bigWig	ChIP-seq	USF1	Ishikawa	cell-line	cell-line	cell-line	minus	none	passed
ENCFF505WMP	ENCFF505WMP	ENCSR000BSX	ENCSR684JSF	BPNet	observed signal profile	bigWig	ChIP-seq	USF1	Ishikawa	cell-line	cell-line	cell-line	plus	none	passed
ENCFF231RAQ	ENCFF231RAQ	ENCSR787CHF	ENCSR910XFU	BPNet	observed signal profile	bigWig	ChIP-seq	USF1	K562	cell-line	cell-line	cell-line	minus	none	passed
ENCFF661QTV	ENCFF661QTV	ENCSR000BKT	ENCSR524FDF	BPNet	observed signal profile	bigWig	ChIP-seq	USF1	K562	cell-line	cell-line	cell-line	minus	none	passed
ENCFF723VRZ	ENCFF723VRZ	ENCSR787CHF	ENCSR910XFU	BPNet	observed signal profile	bigWig	ChIP-seq	USF1	K562	cell-line	cell-line	cell-line	plus	none	passed
ENCFF858GCG	ENCFF858GCG	ENCSR000BKT	ENCSR524FDF	BPNet	observed signal profile	bigWig	ChIP-seq	USF1	K562	cell-line	cell-line	cell-line	plus	none	passed
ENCFF126EVG	ENCFF126EVG	ENCSR000BTZ	ENCSR909XMT	BPNet	observed signal profile	bigWig	ChIP-seq	USF1	SK-N-SH	cell-line	cell-line	cell-line	minus	none	passed
ENCFF980ZDS	ENCFF980ZDS	ENCSR000BMF	ENCSR204CFN	BPNet	observed signal profile	bigWig	ChIP-seq	USF1	SK-N-SH	cell-line	cell-line	cell-line	minus	none	passed
ENCFF486LYO	ENCFF486LYO	ENCSR000BMF	ENCSR204CFN	BPNet	observed signal profile	bigWig	ChIP-seq	USF1	SK-N-SH	cell-line	cell-line	cell-line	plus	none	passed
ENCFF566JDO	ENCFF566JDO	ENCSR000BTZ	ENCSR909XMT	BPNet	observed signal profile	bigWig	ChIP-seq	USF1	SK-N-SH	cell-line	cell-line	cell-line	plus	none	passed
ENCFF592TRR	ENCFF592TRR	ENCSR248QBT	ENCSR373FAY	BPNet	observed signal profile	bigWig	ChIP-seq	USF1	WTC11	cell-line	cell-line	cell-line	minus	none	passed
ENCFF246WPJ	ENCFF246WPJ	ENCSR248QBT	ENCSR373FAY	BPNet	observed signal profile	bigWig	ChIP-seq	USF1	WTC11	cell-line	cell-line	cell-line	plus	none	passed
ENCFF596QST	ENCFF596QST	ENCSR563FBT	ENCSR476XIR	BPNet	observed signal profile	bigWig	ChIP-seq	USF2	A549	cell-line	cell-line	cell-line	minus	none	passed
ENCFF185DBH	ENCFF185DBH	ENCSR563FBT	ENCSR476XIR	BPNet	observed signal profile	bigWig	ChIP-seq	USF2	A549	cell-line	cell-line	cell-line	plus	none	passed
ENCFF538IXE	ENCFF538IXE	ENCSR000DZU	ENCSR355QCJ	BPNet	observed signal profile	bigWig	ChIP-seq	USF2	GM12878	cell-line	cell-line	cell-line	minus	none	passed
ENCFF557QWG	ENCFF557QWG	ENCSR000DZU	ENCSR355QCJ	BPNet	observed signal profile	bigWig	ChIP-seq	USF2	GM12878	cell-line	cell-line	cell-line	plus	none	passed
ENCFF334IXJ	ENCFF334IXJ	ENCSR000ECD	ENCSR859LAQ	BPNet	observed signal profile	bigWig	ChIP-seq	USF2	H1	cell-line	cell-line	cell-line	minus	none	passed
ENCFF274EQW	ENCFF274EQW	ENCSR000ECD	ENCSR859LAQ	BPNet	observed signal profile	bigWig	ChIP-seq	USF2	H1	cell-line	cell-line	cell-line	plus	none	passed
ENCFF180RQE	ENCFF180RQE	ENCSR000ECW	ENCSR577OOY	BPNet	observed signal profile	bigWig	ChIP-seq	USF2	HeLa-S3	cell-line	cell-line	cell-line	minus	none	passed
ENCFF221RNJ	ENCFF221RNJ	ENCSR000ECW	ENCSR577OOY	BPNet	observed signal profile	bigWig	ChIP-seq	USF2	HeLa-S3	cell-line	cell-line	cell-line	plus	none	passed
ENCFF287PRI	ENCFF287PRI	ENCSR145QNL	ENCSR241GBH	BPNet	observed signal profile	bigWig	ChIP-seq	USF2	HepG2	cell-line	cell-line	cell-line	minus	none	passed
ENCFF608WWA	ENCFF608WWA	ENCSR000EEF	ENCSR376OGT	BPNet	observed signal profile	bigWig	ChIP-seq	USF2	HepG2	cell-line	cell-line	cell-line	minus	none	passed
ENCFF057NUJ	ENCFF057NUJ	ENCSR145QNL	ENCSR241GBH	BPNet	observed signal profile	bigWig	ChIP-seq	USF2	HepG2	cell-line	cell-line	cell-line	plus	none	passed
ENCFF169XBM	ENCFF169XBM	ENCSR000EEF	ENCSR376OGT	BPNet	observed signal profile	bigWig	ChIP-seq	USF2	HepG2	cell-line	cell-line	cell-line	plus	none	passed
ENCFF953DIK	ENCFF953DIK	ENCSR513UQG	ENCSR638GTJ	BPNet	observed signal profile	bigWig	ChIP-seq	USF2	IMR-90	cell-line	cell-line	cell-line	minus	none	passed
ENCFF322UEI	ENCFF322UEI	ENCSR513UQG	ENCSR638GTJ	BPNet	observed signal profile	bigWig	ChIP-seq	USF2	IMR-90	cell-line	cell-line	cell-line	plus	none	passed
ENCFF349DDD	ENCFF349DDD	ENCSR359NFW	ENCSR720OWM	BPNet	observed signal profile	bigWig	ChIP-seq	USF2	K562	cell-line	cell-line	cell-line	minus	none	passed
ENCFF650MAH	ENCFF650MAH	ENCSR000EHG	ENCSR637VKB	BPNet	observed signal profile	bigWig	ChIP-seq	USF2	K562	cell-line	cell-line	cell-line	minus	none	passed
ENCFF819IJD	ENCFF819IJD	ENCSR578KEN	ENCSR074MKL	BPNet	observed signal profile	bigWig	ChIP-seq	USF2	K562	cell-line	cell-line	cell-line	minus	none	passed
ENCFF462BQA	ENCFF462BQA	ENCSR359NFW	ENCSR720OWM	BPNet	observed signal profile	bigWig	ChIP-seq	USF2	K562	cell-line	cell-line	cell-line	plus	none	passed
ENCFF777GBD	ENCFF777GBD	ENCSR000EHG	ENCSR637VKB	BPNet	observed signal profile	bigWig	ChIP-seq	USF2	K562	cell-line	cell-line	cell-line	plus	none	passed
ENCFF869HEV	ENCFF869HEV	ENCSR578KEN	ENCSR074MKL	BPNet	observed signal profile	bigWig	ChIP-seq	USF2	K562	cell-line	cell-line	cell-line	plus	none	passed
ENCFF861KFD	ENCFF861KFD	ENCSR945NFL	ENCSR861TDJ	BPNet	observed signal profile	bigWig	ChIP-seq	USF2	SK-N-SH	cell-line	cell-line	cell-line	minus	none	passed
ENCFF448ONM	ENCFF448ONM	ENCSR945NFL	ENCSR861TDJ	BPNet	observed signal profile	bigWig	ChIP-seq	USF2	SK-N-SH	cell-line	cell-line	cell-line	plus	none	passed
ENCFF620YXY	ENCFF620YXY	ENCSR229QAN	ENCSR218ZQT	BPNet	observed signal profile	bigWig	ChIP-seq	USF2	WTC11	cell-line	cell-line	cell-line	minus	none	passed
ENCFF338DHX	ENCFF338DHX	ENCSR229QAN	ENCSR218ZQT	BPNet	observed signal profile	bigWig	ChIP-seq	USF2	WTC11	cell-line	cell-line	cell-line	plus	none	passed
ENCFF115HKL	ENCFF115HKL	ENCSR189YMA	ENCSR970FXF	BPNet	observed signal profile	bigWig	ChIP-seq	VEZF1	K562	cell-line	cell-line	cell-line	minus	none	passed
ENCFF482VTW	ENCFF482VTW	ENCSR189YMA	ENCSR970FXF	BPNet	observed signal profile	bigWig	ChIP-seq	VEZF1	K562	cell-line	cell-line	cell-line	plus	none	passed
ENCFF442QVX	ENCFF442QVX	ENCSR966PJJ	ENCSR129GSW	BPNet	observed signal profile	bigWig	ChIP-seq	WT1	HEK293	cell-line	cell-line	cell-line	minus	none	passed
ENCFF956URR	ENCFF956URR	ENCSR966PJJ	ENCSR129GSW	BPNet	observed signal profile	bigWig	ChIP-seq	WT1	HEK293	cell-line	cell-line	cell-line	plus	none	passed
ENCFF042GCN	ENCFF042GCN	ENCSR988EVQ	ENCSR431QUE	BPNet	observed signal profile	bigWig	ChIP-seq	XBP1	HepG2	cell-line	cell-line	cell-line	minus	none	passed
ENCFF612PDJ	ENCFF612PDJ	ENCSR988EVQ	ENCSR431QUE	BPNet	observed signal profile	bigWig	ChIP-seq	XBP1	HepG2	cell-line	cell-line	cell-line	plus	none	passed
ENCFF731LMT	ENCFF731LMT	ENCSR000BPM	ENCSR623ODG	BPNet	observed signal profile	bigWig	ChIP-seq	YY1	A549	cell-line	cell-line	cell-line	minus	none	passed
ENCFF726XJM	ENCFF726XJM	ENCSR000BPM	ENCSR623ODG	BPNet	observed signal profile	bigWig	ChIP-seq	YY1	A549	cell-line	cell-line	cell-line	plus	none	passed
ENCFF056XRN	ENCFF056XRN	ENCSR000BNP	ENCSR466HDF	BPNet	observed signal profile	bigWig	ChIP-seq	YY1	GM12878	cell-line	cell-line	cell-line	minus	none	passed
ENCFF313HGX	ENCFF313HGX	ENCSR000EUM	ENCSR401RIZ	BPNet	observed signal profile	bigWig	ChIP-seq	YY1	GM12878	cell-line	cell-line	cell-line	minus	none	passed
ENCFF608PFP	ENCFF608PFP	ENCSR000EUM	ENCSR401RIZ	BPNet	observed signal profile	bigWig	ChIP-seq	YY1	GM12878	cell-line	cell-line	cell-line	plus	none	passed
ENCFF713JCF	ENCFF713JCF	ENCSR000BNP	ENCSR466HDF	BPNet	observed signal profile	bigWig	ChIP-seq	YY1	GM12878	cell-line	cell-line	cell-line	plus	none	passed
ENCFF846GBW	ENCFF846GBW	ENCSR000BKJ	ENCSR407QBH	BPNet	observed signal profile	bigWig	ChIP-seq	YY1	GM12891	cell-line	cell-line	cell-line	minus	none	passed
ENCFF157BLA	ENCFF157BLA	ENCSR000BKJ	ENCSR407QBH	BPNet	observed signal profile	bigWig	ChIP-seq	YY1	GM12891	cell-line	cell-line	cell-line	plus	none	passed
ENCFF814KLS	ENCFF814KLS	ENCSR000BLT	ENCSR805DUE	BPNet	observed signal profile	bigWig	ChIP-seq	YY1	GM12892	cell-line	cell-line	cell-line	minus	none	passed
ENCFF012POM	ENCFF012POM	ENCSR000BLT	ENCSR805DUE	BPNet	observed signal profile	bigWig	ChIP-seq	YY1	GM12892	cell-line	cell-line	cell-line	plus	none	passed
ENCFF667KDB	ENCFF667KDB	ENCSR000BKD	ENCSR123TMK	BPNet	observed signal profile	bigWig	ChIP-seq	YY1	H1	cell-line	cell-line	cell-line	minus	none	passed
ENCFF869VLL	ENCFF869VLL	ENCSR000BKD	ENCSR123TMK	BPNet	observed signal profile	bigWig	ChIP-seq	YY1	H1	cell-line	cell-line	cell-line	plus	none	passed
ENCFF627HEF	ENCFF627HEF	ENCSR000BNX	ENCSR976XZG	BPNet	observed signal profile	bigWig	ChIP-seq	YY1	HCT116	cell-line	cell-line	cell-line	minus	none	passed
ENCFF628ICU	ENCFF628ICU	ENCSR000BNX	ENCSR976XZG	BPNet	observed signal profile	bigWig	ChIP-seq	YY1	HCT116	cell-line	cell-line	cell-line	plus	none	passed
ENCFF687DDW	ENCFF687DDW	ENCSR859RAO	ENCSR972DQJ	BPNet	observed signal profile	bigWig	ChIP-seq	YY1	HEK293	cell-line	cell-line	cell-line	minus	none	passed
ENCFF593YXP	ENCFF593YXP	ENCSR859RAO	ENCSR972DQJ	BPNet	observed signal profile	bigWig	ChIP-seq	YY1	HEK293	cell-line	cell-line	cell-line	plus	none	passed
ENCFF485GCB	ENCFF485GCB	ENCSR000BNT	ENCSR715ALH	BPNet	observed signal profile	bigWig	ChIP-seq	YY1	HepG2	cell-line	cell-line	cell-line	minus	none	passed
ENCFF438NHE	ENCFF438NHE	ENCSR000BNT	ENCSR715ALH	BPNet	observed signal profile	bigWig	ChIP-seq	YY1	HepG2	cell-line	cell-line	cell-line	plus	none	passed
ENCFF364LSD	ENCFF364LSD	ENCSR000BSY	ENCSR809DOC	BPNet	observed signal profile	bigWig	ChIP-seq	YY1	Ishikawa	cell-line	cell-line	cell-line	minus	none	passed
ENCFF838VNG	ENCFF838VNG	ENCSR000BSY	ENCSR809DOC	BPNet	observed signal profile	bigWig	ChIP-seq	YY1	Ishikawa	cell-line	cell-line	cell-line	plus	none	passed
ENCFF346TIG	ENCFF346TIG	ENCSR000BKU	ENCSR141YSY	BPNet	observed signal profile	bigWig	ChIP-seq	YY1	K562	cell-line	cell-line	cell-line	minus	none	passed
ENCFF508BBZ	ENCFF508BBZ	ENCSR000EWF	ENCSR911NSC	BPNet	observed signal profile	bigWig	ChIP-seq	YY1	K562	cell-line	cell-line	cell-line	minus	none	passed
ENCFF800XIR	ENCFF800XIR	ENCSR000BMH	ENCSR763WTY	BPNet	observed signal profile	bigWig	ChIP-seq	YY1	K562	cell-line	cell-line	cell-line	minus	none	passed
ENCFF564CYJ	ENCFF564CYJ	ENCSR000BMH	ENCSR763WTY	BPNet	observed signal profile	bigWig	ChIP-seq	YY1	K562	cell-line	cell-line	cell-line	plus	none	passed
ENCFF603UZF	ENCFF603UZF	ENCSR000BKU	ENCSR141YSY	BPNet	observed signal profile	bigWig	ChIP-seq	YY1	K562	cell-line	cell-line	cell-line	plus	none	passed
ENCFF845IHD	ENCFF845IHD	ENCSR000EWF	ENCSR911NSC	BPNet	observed signal profile	bigWig	ChIP-seq	YY1	K562	cell-line	cell-line	cell-line	plus	none	passed
ENCFF259EKZ	ENCFF259EKZ	ENCSR000EXG	ENCSR918YXR	BPNet	observed signal profile	bigWig	ChIP-seq	YY1	NT2/D1	cell-line	cell-line	cell-line	minus	none	passed
ENCFF693ZBH	ENCFF693ZBH	ENCSR000EXG	ENCSR918YXR	BPNet	observed signal profile	bigWig	ChIP-seq	YY1	NT2/D1	cell-line	cell-line	cell-line	plus	none	passed
ENCFF042YHD	ENCFF042YHD	ENCSR000BSM	ENCSR098EIV	BPNet	observed signal profile	bigWig	ChIP-seq	YY1	SK-N-SH	cell-line	cell-line	cell-line	minus	none	passed
ENCFF577DOC	ENCFF577DOC	ENCSR000BLZ	ENCSR538CIU	BPNet	observed signal profile	bigWig	ChIP-seq	YY1	SK-N-SH	cell-line	cell-line	cell-line	minus	none	passed
ENCFF172JPW	ENCFF172JPW	ENCSR000BLZ	ENCSR538CIU	BPNet	observed signal profile	bigWig	ChIP-seq	YY1	SK-N-SH	cell-line	cell-line	cell-line	plus	none	passed
ENCFF326JNB	ENCFF326JNB	ENCSR000BSM	ENCSR098EIV	BPNet	observed signal profile	bigWig	ChIP-seq	YY1	SK-N-SH	cell-line	cell-line	cell-line	plus	none	passed
ENCFF462IPH	ENCFF462IPH	ENCSR382MOM	ENCSR628OOA	BPNet	observed signal profile	bigWig	ChIP-seq	YY1	liver	liver	liver	digestive-system	minus	none	passed
ENCFF748PEX	ENCFF748PEX	ENCSR994YLZ	ENCSR998DCF	BPNet	observed signal profile	bigWig	ChIP-seq	YY1	liver	liver	liver	digestive-system	minus	none	passed
ENCFF549JCY	ENCFF549JCY	ENCSR994YLZ	ENCSR998DCF	BPNet	observed signal profile	bigWig	ChIP-seq	YY1	liver	liver	liver	digestive-system	plus	none	passed
ENCFF835OWE	ENCFF835OWE	ENCSR382MOM	ENCSR628OOA	BPNet	observed signal profile	bigWig	ChIP-seq	YY1	liver	liver	liver	digestive-system	plus	none	passed
ENCFF268NOC	ENCFF268NOC	ENCSR692HSE	ENCSR313BRF	BPNet	observed signal profile	bigWig	ChIP-seq	YY2	HEK293	cell-line	cell-line	cell-line	minus	none	passed
ENCFF567RNL	ENCFF567RNL	ENCSR692HSE	ENCSR313BRF	BPNet	observed signal profile	bigWig	ChIP-seq	YY2	HEK293	cell-line	cell-line	cell-line	plus	none	passed
ENCFF055JQG	ENCFF055JQG	ENCSR207PFI	ENCSR975UIJ	BPNet	observed signal profile	bigWig	ChIP-seq	ZBED1	GM12878	cell-line	cell-line	cell-line	minus	none	passed
ENCFF024LJB	ENCFF024LJB	ENCSR207PFI	ENCSR975UIJ	BPNet	observed signal profile	bigWig	ChIP-seq	ZBED1	GM12878	cell-line	cell-line	cell-line	plus	none	passed
ENCFF985DDP	ENCFF985DDP	ENCSR409PMR	ENCSR554MLU	BPNet	observed signal profile	bigWig	ChIP-seq	ZBED4	HepG2	cell-line	cell-line	cell-line	minus	none	passed
ENCFF730SKY	ENCFF730SKY	ENCSR409PMR	ENCSR554MLU	BPNet	observed signal profile	bigWig	ChIP-seq	ZBED4	HepG2	cell-line	cell-line	cell-line	plus	none	passed
ENCFF028YTF	ENCFF028YTF	ENCSR656SIB	ENCSR000RSV	BPNet	observed signal profile	bigWig	ChIP-seq	ZBED5	HepG2	cell-line	cell-line	cell-line	minus	none	passed
ENCFF108DJB	ENCFF108DJB	ENCSR656SIB	ENCSR000RSV	BPNet	observed signal profile	bigWig	ChIP-seq	ZBED5	HepG2	cell-line	cell-line	cell-line	plus	none	passed
ENCFF707COU	ENCFF707COU	ENCSR057DTZ	ENCSR549XOW	BPNet	observed signal profile	bigWig	ChIP-seq	ZBTB11	GM12878	cell-line	cell-line	cell-line	minus	none	passed
ENCFF756UDV	ENCFF756UDV	ENCSR057DTZ	ENCSR549XOW	BPNet	observed signal profile	bigWig	ChIP-seq	ZBTB11	GM12878	cell-line	cell-line	cell-line	plus	none	passed
ENCFF163HZY	ENCFF163HZY	ENCSR882ZTS	ENCSR475ZNU	BPNet	observed signal profile	bigWig	ChIP-seq	ZBTB11	HEK293	cell-line	cell-line	cell-line	minus	none	passed
ENCFF258CJX	ENCFF258CJX	ENCSR882ZTS	ENCSR475ZNU	BPNet	observed signal profile	bigWig	ChIP-seq	ZBTB11	HEK293	cell-line	cell-line	cell-line	plus	none	passed
ENCFF266JGY	ENCFF266JGY	ENCSR331GDC	ENCSR135ESM	BPNet	observed signal profile	bigWig	ChIP-seq	ZBTB11	K562	cell-line	cell-line	cell-line	minus	none	passed
ENCFF330QFZ	ENCFF330QFZ	ENCSR706BJO	ENCSR873OML	BPNet	observed signal profile	bigWig	ChIP-seq	ZBTB11	K562	cell-line	cell-line	cell-line	minus	none	passed
ENCFF982AJW	ENCFF982AJW	ENCSR985OYK	ENCSR327WKX	BPNet	observed signal profile	bigWig	ChIP-seq	ZBTB11	K562	cell-line	cell-line	cell-line	minus	none	passed
ENCFF231OEB	ENCFF231OEB	ENCSR331GDC	ENCSR135ESM	BPNet	observed signal profile	bigWig	ChIP-seq	ZBTB11	K562	cell-line	cell-line	cell-line	plus	none	passed
ENCFF916HXN	ENCFF916HXN	ENCSR706BJO	ENCSR873OML	BPNet	observed signal profile	bigWig	ChIP-seq	ZBTB11	K562	cell-line	cell-line	cell-line	plus	none	passed
ENCFF977DLE	ENCFF977DLE	ENCSR985OYK	ENCSR327WKX	BPNet	observed signal profile	bigWig	ChIP-seq	ZBTB11	K562	cell-line	cell-line	cell-line	plus	none	passed
ENCFF249NRA	ENCFF249NRA	ENCSR155VDK	ENCSR336QZC	BPNet	observed signal profile	bigWig	ChIP-seq	ZBTB11	MCF-7	cell-line	cell-line	cell-line	minus	none	passed
ENCFF421GWF	ENCFF421GWF	ENCSR155VDK	ENCSR336QZC	BPNet	observed signal profile	bigWig	ChIP-seq	ZBTB11	MCF-7	cell-line	cell-line	cell-line	plus	none	passed
ENCFF627HWA	ENCFF627HWA	ENCSR543KOA	ENCSR598KIL	BPNet	observed signal profile	bigWig	ChIP-seq	ZBTB12	HEK293	cell-line	cell-line	cell-line	minus	none	passed
ENCFF414YAU	ENCFF414YAU	ENCSR543KOA	ENCSR598KIL	BPNet	observed signal profile	bigWig	ChIP-seq	ZBTB12	HEK293	cell-line	cell-line	cell-line	plus	none	passed
ENCFF773FAK	ENCFF773FAK	ENCSR532WFC	ENCSR818NPV	BPNet	observed signal profile	bigWig	ChIP-seq	ZBTB14	HepG2	cell-line	cell-line	cell-line	minus	none	passed
ENCFF190XQZ	ENCFF190XQZ	ENCSR532WFC	ENCSR818NPV	BPNet	observed signal profile	bigWig	ChIP-seq	ZBTB14	HepG2	cell-line	cell-line	cell-line	plus	none	passed
ENCFF642OZF	ENCFF642OZF	ENCSR631WAA	ENCSR667GBL	BPNet	observed signal profile	bigWig	ChIP-seq	ZBTB17	HEK293	cell-line	cell-line	cell-line	minus	none	passed
ENCFF247UOJ	ENCFF247UOJ	ENCSR631WAA	ENCSR667GBL	BPNet	observed signal profile	bigWig	ChIP-seq	ZBTB17	HEK293	cell-line	cell-line	cell-line	plus	none	passed
ENCFF049YKD	ENCFF049YKD	ENCSR175MIA	ENCSR356QWJ	BPNet	observed signal profile	bigWig	ChIP-seq	ZBTB2	HepG2	cell-line	cell-line	cell-line	minus	none	passed
ENCFF936YYI	ENCFF936YYI	ENCSR175MIA	ENCSR356QWJ	BPNet	observed signal profile	bigWig	ChIP-seq	ZBTB2	HepG2	cell-line	cell-line	cell-line	plus	none	passed
ENCFF736QTR	ENCFF736QTR	ENCSR321MSF	ENCSR374BHO	BPNet	observed signal profile	bigWig	ChIP-seq	ZBTB21	HEK293	cell-line	cell-line	cell-line	minus	none	passed
ENCFF966VZG	ENCFF966VZG	ENCSR321MSF	ENCSR374BHO	BPNet	observed signal profile	bigWig	ChIP-seq	ZBTB21	HEK293	cell-line	cell-line	cell-line	plus	none	passed
ENCFF371YUR	ENCFF371YUR	ENCSR549PAU	ENCSR546ZRV	BPNet	observed signal profile	bigWig	ChIP-seq	ZBTB21	HepG2	cell-line	cell-line	cell-line	minus	none	passed
ENCFF626NOJ	ENCFF626NOJ	ENCSR549PAU	ENCSR546ZRV	BPNet	observed signal profile	bigWig	ChIP-seq	ZBTB21	HepG2	cell-line	cell-line	cell-line	plus	none	passed
ENCFF135OLO	ENCFF135OLO	ENCSR962BEI	ENCSR118JRA	BPNet	observed signal profile	bigWig	ChIP-seq	ZBTB21	WTC11	cell-line	cell-line	cell-line	minus	none	passed
ENCFF182JST	ENCFF182JST	ENCSR962BEI	ENCSR118JRA	BPNet	observed signal profile	bigWig	ChIP-seq	ZBTB21	WTC11	cell-line	cell-line	cell-line	plus	none	passed
ENCFF180SSG	ENCFF180SSG	ENCSR184SVO	ENCSR326ECX	BPNet	observed signal profile	bigWig	ChIP-seq	ZBTB26	HepG2	cell-line	cell-line	cell-line	minus	none	passed
ENCFF756ROD	ENCFF756ROD	ENCSR184SVO	ENCSR326ECX	BPNet	observed signal profile	bigWig	ChIP-seq	ZBTB26	HepG2	cell-line	cell-line	cell-line	plus	none	passed
ENCFF017VVF	ENCFF017VVF	ENCSR000BPZ	ENCSR783JAW	BPNet	observed signal profile	bigWig	ChIP-seq	ZBTB33	A549	cell-line	cell-line	cell-line	minus	none	passed
ENCFF410TDR	ENCFF410TDR	ENCSR000BPZ	ENCSR783JAW	BPNet	observed signal profile	bigWig	ChIP-seq	ZBTB33	A549	cell-line	cell-line	cell-line	plus	none	passed
ENCFF985GEO	ENCFF985GEO	ENCSR000BHC	ENCSR996JFB	BPNet	observed signal profile	bigWig	ChIP-seq	ZBTB33	GM12878	cell-line	cell-line	cell-line	minus	none	passed
ENCFF652ALT	ENCFF652ALT	ENCSR000BHC	ENCSR996JFB	BPNet	observed signal profile	bigWig	ChIP-seq	ZBTB33	GM12878	cell-line	cell-line	cell-line	plus	none	passed
ENCFF917LXM	ENCFF917LXM	ENCSR000BNY	ENCSR232OWT	BPNet	observed signal profile	bigWig	ChIP-seq	ZBTB33	HCT116	cell-line	cell-line	cell-line	minus	none	passed
ENCFF579YUN	ENCFF579YUN	ENCSR000BNY	ENCSR232OWT	BPNet	observed signal profile	bigWig	ChIP-seq	ZBTB33	HCT116	cell-line	cell-line	cell-line	plus	none	passed
ENCFF281UDQ	ENCFF281UDQ	ENCSR000BNA	ENCSR045NYB	BPNet	observed signal profile	bigWig	ChIP-seq	ZBTB33	HepG2	cell-line	cell-line	cell-line	minus	none	passed
ENCFF955ZLK	ENCFF955ZLK	ENCSR000BHR	ENCSR936MXU	BPNet	observed signal profile	bigWig	ChIP-seq	ZBTB33	HepG2	cell-line	cell-line	cell-line	minus	none	passed
ENCFF167CPH	ENCFF167CPH	ENCSR000BNA	ENCSR045NYB	BPNet	observed signal profile	bigWig	ChIP-seq	ZBTB33	HepG2	cell-line	cell-line	cell-line	plus	none	passed
ENCFF864AEZ	ENCFF864AEZ	ENCSR000BHR	ENCSR936MXU	BPNet	observed signal profile	bigWig	ChIP-seq	ZBTB33	HepG2	cell-line	cell-line	cell-line	plus	none	passed
ENCFF041ZVU	ENCFF041ZVU	ENCSR000BKF	ENCSR933IYO	BPNet	observed signal profile	bigWig	ChIP-seq	ZBTB33	K562	cell-line	cell-line	cell-line	minus	none	passed
ENCFF051TIC	ENCFF051TIC	ENCSR000BKF	ENCSR933IYO	BPNet	observed signal profile	bigWig	ChIP-seq	ZBTB33	K562	cell-line	cell-line	cell-line	plus	none	passed
ENCFF619GBW	ENCFF619GBW	ENCSR000BTS	ENCSR546ZGT	BPNet	observed signal profile	bigWig	ChIP-seq	ZBTB33	SK-N-SH	cell-line	cell-line	cell-line	minus	none	passed
ENCFF683KBQ	ENCFF683KBQ	ENCSR000BTS	ENCSR546ZGT	BPNet	observed signal profile	bigWig	ChIP-seq	ZBTB33	SK-N-SH	cell-line	cell-line	cell-line	plus	none	passed
ENCFF623EAP	ENCFF623EAP	ENCSR943MQH	ENCSR575OXS	BPNet	observed signal profile	bigWig	ChIP-seq	ZBTB33	WTC11	cell-line	cell-line	cell-line	minus	none	passed
ENCFF839UMH	ENCFF839UMH	ENCSR943MQH	ENCSR575OXS	BPNet	observed signal profile	bigWig	ChIP-seq	ZBTB33	WTC11	cell-line	cell-line	cell-line	plus	none	passed
ENCFF163BHV	ENCFF163BHV	ENCSR345YWJ	ENCSR900SAH	BPNet	observed signal profile	bigWig	ChIP-seq	ZBTB33	liver	liver	liver	digestive-system	minus	none	passed
ENCFF287SVK	ENCFF287SVK	ENCSR516HUP	ENCSR700BQI	BPNet	observed signal profile	bigWig	ChIP-seq	ZBTB33	liver	liver	liver	digestive-system	minus	none	passed
ENCFF608GKH	ENCFF608GKH	ENCSR516HUP	ENCSR700BQI	BPNet	observed signal profile	bigWig	ChIP-seq	ZBTB33	liver	liver	liver	digestive-system	plus	none	passed
ENCFF711ZKE	ENCFF711ZKE	ENCSR345YWJ	ENCSR900SAH	BPNet	observed signal profile	bigWig	ChIP-seq	ZBTB33	liver	liver	liver	digestive-system	plus	none	passed
ENCFF092FEL	ENCFF092FEL	ENCSR775YXE	ENCSR002PIA	BPNet	observed signal profile	bigWig	ChIP-seq	ZBTB37	HepG2	cell-line	cell-line	cell-line	minus	none	passed
ENCFF955ASZ	ENCFF955ASZ	ENCSR775YXE	ENCSR002PIA	BPNet	observed signal profile	bigWig	ChIP-seq	ZBTB37	HepG2	cell-line	cell-line	cell-line	plus	none	passed
ENCFF764KPZ	ENCFF764KPZ	ENCSR189YYK	ENCSR823DBW	BPNet	observed signal profile	bigWig	ChIP-seq	ZBTB40	GM12878	cell-line	cell-line	cell-line	minus	none	passed
ENCFF982XNI	ENCFF982XNI	ENCSR189YYK	ENCSR823DBW	BPNet	observed signal profile	bigWig	ChIP-seq	ZBTB40	GM12878	cell-line	cell-line	cell-line	plus	none	passed
ENCFF335OAK	ENCFF335OAK	ENCSR525YFS	ENCSR668FSC	BPNet	observed signal profile	bigWig	ChIP-seq	ZBTB40	HepG2	cell-line	cell-line	cell-line	minus	none	passed
ENCFF588AMR	ENCFF588AMR	ENCSR200AWS	ENCSR351SGY	BPNet	observed signal profile	bigWig	ChIP-seq	ZBTB40	HepG2	cell-line	cell-line	cell-line	minus	none	passed
ENCFF535YFV	ENCFF535YFV	ENCSR525YFS	ENCSR668FSC	BPNet	observed signal profile	bigWig	ChIP-seq	ZBTB40	HepG2	cell-line	cell-line	cell-line	plus	none	passed
ENCFF841EPK	ENCFF841EPK	ENCSR200AWS	ENCSR351SGY	BPNet	observed signal profile	bigWig	ChIP-seq	ZBTB40	HepG2	cell-line	cell-line	cell-line	plus	none	passed
ENCFF246ARB	ENCFF246ARB	ENCSR237VLT	ENCSR087JVK	BPNet	observed signal profile	bigWig	ChIP-seq	ZBTB40	K562	cell-line	cell-line	cell-line	minus	none	passed
ENCFF647VNB	ENCFF647VNB	ENCSR579YNY	ENCSR629SAH	BPNet	observed signal profile	bigWig	ChIP-seq	ZBTB40	K562	cell-line	cell-line	cell-line	minus	none	passed
ENCFF685VGB	ENCFF685VGB	ENCSR158RYZ	ENCSR512YWH	BPNet	observed signal profile	bigWig	ChIP-seq	ZBTB40	K562	cell-line	cell-line	cell-line	minus	none	passed
ENCFF360PIN	ENCFF360PIN	ENCSR579YNY	ENCSR629SAH	BPNet	observed signal profile	bigWig	ChIP-seq	ZBTB40	K562	cell-line	cell-line	cell-line	plus	none	passed
ENCFF393ZNG	ENCFF393ZNG	ENCSR158RYZ	ENCSR512YWH	BPNet	observed signal profile	bigWig	ChIP-seq	ZBTB40	K562	cell-line	cell-line	cell-line	plus	none	passed
ENCFF784NZV	ENCFF784NZV	ENCSR237VLT	ENCSR087JVK	BPNet	observed signal profile	bigWig	ChIP-seq	ZBTB40	K562	cell-line	cell-line	cell-line	plus	none	passed
ENCFF556DOF	ENCFF556DOF	ENCSR318LVG	ENCSR580KUK	BPNet	observed signal profile	bigWig	ChIP-seq	ZBTB40	MCF-7	cell-line	cell-line	cell-line	minus	none	passed
ENCFF977LVV	ENCFF977LVV	ENCSR318LVG	ENCSR580KUK	BPNet	observed signal profile	bigWig	ChIP-seq	ZBTB40	MCF-7	cell-line	cell-line	cell-line	plus	none	passed
ENCFF739ODC	ENCFF739ODC	ENCSR232AAR	ENCSR701JFB	BPNet	observed signal profile	bigWig	ChIP-seq	ZBTB42	HepG2	cell-line	cell-line	cell-line	minus	none	passed
ENCFF958XWZ	ENCFF958XWZ	ENCSR232AAR	ENCSR701JFB	BPNet	observed signal profile	bigWig	ChIP-seq	ZBTB42	HepG2	cell-line	cell-line	cell-line	plus	none	passed
ENCFF235CCO	ENCFF235CCO	ENCSR076STQ	ENCSR015WPQ	BPNet	observed signal profile	bigWig	ChIP-seq	ZBTB44	HEK293	cell-line	cell-line	cell-line	minus	none	passed
ENCFF958PYA	ENCFF958PYA	ENCSR076STQ	ENCSR015WPQ	BPNet	observed signal profile	bigWig	ChIP-seq	ZBTB44	HEK293	cell-line	cell-line	cell-line	plus	none	passed
ENCFF242KXR	ENCFF242KXR	ENCSR781EQJ	ENCSR798RSV	BPNet	observed signal profile	bigWig	ChIP-seq	ZBTB48	HEK293	cell-line	cell-line	cell-line	minus	none	passed
ENCFF411KOJ	ENCFF411KOJ	ENCSR781EQJ	ENCSR798RSV	BPNet	observed signal profile	bigWig	ChIP-seq	ZBTB48	HEK293	cell-line	cell-line	cell-line	plus	none	passed
ENCFF019YLB	ENCFF019YLB	ENCSR389PWB	ENCSR473KQM	BPNet	observed signal profile	bigWig	ChIP-seq	ZBTB5	K562	cell-line	cell-line	cell-line	minus	none	passed
ENCFF474VSI	ENCFF474VSI	ENCSR786OQY	ENCSR012UFW	BPNet	observed signal profile	bigWig	ChIP-seq	ZBTB5	K562	cell-line	cell-line	cell-line	minus	none	passed
ENCFF188ZXK	ENCFF188ZXK	ENCSR786OQY	ENCSR012UFW	BPNet	observed signal profile	bigWig	ChIP-seq	ZBTB5	K562	cell-line	cell-line	cell-line	plus	none	passed
ENCFF631NBF	ENCFF631NBF	ENCSR389PWB	ENCSR473KQM	BPNet	observed signal profile	bigWig	ChIP-seq	ZBTB5	K562	cell-line	cell-line	cell-line	plus	none	passed
ENCFF293LBG	ENCFF293LBG	ENCSR619OUC	ENCSR309MGH	BPNet	observed signal profile	bigWig	ChIP-seq	ZBTB6	HEK293	cell-line	cell-line	cell-line	minus	none	passed
ENCFF523OOF	ENCFF523OOF	ENCSR619OUC	ENCSR309MGH	BPNet	observed signal profile	bigWig	ChIP-seq	ZBTB6	HEK293	cell-line	cell-line	cell-line	plus	none	passed
ENCFF895BFI	ENCFF895BFI	ENCSR481FEC	ENCSR761KMA	BPNet	observed signal profile	bigWig	ChIP-seq	ZBTB8A	HEK293	cell-line	cell-line	cell-line	minus	none	passed
ENCFF891QYQ	ENCFF891QYQ	ENCSR481FEC	ENCSR761KMA	BPNet	observed signal profile	bigWig	ChIP-seq	ZBTB8A	HEK293	cell-line	cell-line	cell-line	plus	none	passed
ENCFF807EAO	ENCFF807EAO	ENCSR625XAV	ENCSR893JLL	BPNet	observed signal profile	bigWig	ChIP-seq	ZBTB8A	HepG2	cell-line	cell-line	cell-line	minus	none	passed
ENCFF778FII	ENCFF778FII	ENCSR625XAV	ENCSR893JLL	BPNet	observed signal profile	bigWig	ChIP-seq	ZBTB8A	HepG2	cell-line	cell-line	cell-line	plus	none	passed
ENCFF691AAA	ENCFF691AAA	ENCSR000BND	ENCSR759DXD	BPNet	observed signal profile	bigWig	ChIP-seq	ZEB1	GM12878	cell-line	cell-line	cell-line	minus	none	passed
ENCFF945EQH	ENCFF945EQH	ENCSR000BND	ENCSR759DXD	BPNet	observed signal profile	bigWig	ChIP-seq	ZEB1	GM12878	cell-line	cell-line	cell-line	plus	none	passed
ENCFF988TTV	ENCFF988TTV	ENCSR909HMT	ENCSR424NLV	BPNet	observed signal profile	bigWig	ChIP-seq	ZEB1	HEK293	cell-line	cell-line	cell-line	minus	none	passed
ENCFF081IBI	ENCFF081IBI	ENCSR909HMT	ENCSR424NLV	BPNet	observed signal profile	bigWig	ChIP-seq	ZEB1	HEK293	cell-line	cell-line	cell-line	plus	none	passed
ENCFF688USZ	ENCFF688USZ	ENCSR000BVN	ENCSR864UBB	BPNet	observed signal profile	bigWig	ChIP-seq	ZEB1	HepG2	cell-line	cell-line	cell-line	minus	none	passed
ENCFF745XIS	ENCFF745XIS	ENCSR000BVN	ENCSR864UBB	BPNet	observed signal profile	bigWig	ChIP-seq	ZEB1	HepG2	cell-line	cell-line	cell-line	plus	none	passed
ENCFF731YVO	ENCFF731YVO	ENCSR418KUS	ENCSR167ATD	BPNet	observed signal profile	bigWig	ChIP-seq	ZEB1	bipolar-neuron	neuron	nerve	central-nervous-system	minus	none	passed
ENCFF358ZAG	ENCFF358ZAG	ENCSR418KUS	ENCSR167ATD	BPNet	observed signal profile	bigWig	ChIP-seq	ZEB1	bipolar-neuron	neuron	nerve	central-nervous-system	plus	none	passed
ENCFF505HND	ENCFF505HND	ENCSR417VWF	ENCSR320EEO	BPNet	observed signal profile	bigWig	ChIP-seq	ZEB2	HEK293	cell-line	cell-line	cell-line	minus	none	passed
ENCFF281RKM	ENCFF281RKM	ENCSR417VWF	ENCSR320EEO	BPNet	observed signal profile	bigWig	ChIP-seq	ZEB2	HEK293	cell-line	cell-line	cell-line	plus	none	passed
ENCFF206GWZ	ENCFF206GWZ	ENCSR004GKA	ENCSR131HUW	BPNet	observed signal profile	bigWig	ChIP-seq	ZEB2	K562	cell-line	cell-line	cell-line	minus	none	passed
ENCFF822IRY	ENCFF822IRY	ENCSR322CFO	ENCSR981GUY	BPNet	observed signal profile	bigWig	ChIP-seq	ZEB2	K562	cell-line	cell-line	cell-line	minus	none	passed
ENCFF223BUO	ENCFF223BUO	ENCSR322CFO	ENCSR981GUY	BPNet	observed signal profile	bigWig	ChIP-seq	ZEB2	K562	cell-line	cell-line	cell-line	plus	none	passed
ENCFF259LRB	ENCFF259LRB	ENCSR004GKA	ENCSR131HUW	BPNet	observed signal profile	bigWig	ChIP-seq	ZEB2	K562	cell-line	cell-line	cell-line	plus	none	passed
ENCFF465LWD	ENCFF465LWD	ENCSR409DYM	ENCSR616OXL	BPNet	observed signal profile	bigWig	ChIP-seq	ZFAT	HepG2	cell-line	cell-line	cell-line	minus	none	passed
ENCFF423YCX	ENCFF423YCX	ENCSR409DYM	ENCSR616OXL	BPNet	observed signal profile	bigWig	ChIP-seq	ZFAT	HepG2	cell-line	cell-line	cell-line	plus	none	passed
ENCFF583ZCU	ENCFF583ZCU	ENCSR879RGN	ENCSR339CDB	BPNet	observed signal profile	bigWig	ChIP-seq	ZFHX3	HepG2	cell-line	cell-line	cell-line	minus	none	passed
ENCFF114XEU	ENCFF114XEU	ENCSR879RGN	ENCSR339CDB	BPNet	observed signal profile	bigWig	ChIP-seq	ZFHX3	HepG2	cell-line	cell-line	cell-line	plus	none	passed
ENCFF150BBN	ENCFF150BBN	ENCSR586DEH	ENCSR556WFV	BPNet	observed signal profile	bigWig	ChIP-seq	ZFP1	HepG2	cell-line	cell-line	cell-line	minus	none	passed
ENCFF138XLO	ENCFF138XLO	ENCSR586DEH	ENCSR556WFV	BPNet	observed signal profile	bigWig	ChIP-seq	ZFP1	HepG2	cell-line	cell-line	cell-line	plus	none	passed
ENCFF199ONO	ENCFF199ONO	ENCSR134QIE	ENCSR097ZPZ	BPNet	observed signal profile	bigWig	ChIP-seq	ZFP3	HEK293	cell-line	cell-line	cell-line	minus	none	passed
ENCFF180USL	ENCFF180USL	ENCSR134QIE	ENCSR097ZPZ	BPNet	observed signal profile	bigWig	ChIP-seq	ZFP3	HEK293	cell-line	cell-line	cell-line	plus	none	passed
ENCFF253JKD	ENCFF253JKD	ENCSR581GUY	ENCSR333QKK	BPNet	observed signal profile	bigWig	ChIP-seq	ZFP3	SK-N-SH	cell-line	cell-line	cell-line	minus	none	passed
ENCFF878WKE	ENCFF878WKE	ENCSR581GUY	ENCSR333QKK	BPNet	observed signal profile	bigWig	ChIP-seq	ZFP3	SK-N-SH	cell-line	cell-line	cell-line	plus	none	passed
ENCFF131ZRY	ENCFF131ZRY	ENCSR365GRX	ENCSR068EXE	BPNet	observed signal profile	bigWig	ChIP-seq	ZFP37	HEK293	cell-line	cell-line	cell-line	minus	none	passed
ENCFF952NYR	ENCFF952NYR	ENCSR365GRX	ENCSR068EXE	BPNet	observed signal profile	bigWig	ChIP-seq	ZFP37	HEK293	cell-line	cell-line	cell-line	plus	none	passed
ENCFF189WBM	ENCFF189WBM	ENCSR678KUJ	ENCSR551SZJ	BPNet	observed signal profile	bigWig	ChIP-seq	ZFP91	HepG2	cell-line	cell-line	cell-line	minus	none	passed
ENCFF521JSQ	ENCFF521JSQ	ENCSR678KUJ	ENCSR551SZJ	BPNet	observed signal profile	bigWig	ChIP-seq	ZFP91	HepG2	cell-line	cell-line	cell-line	plus	none	passed
ENCFF752EFO	ENCFF752EFO	ENCSR201DCF	ENCSR493AYF	BPNet	observed signal profile	bigWig	ChIP-seq	ZFP91	K562	cell-line	cell-line	cell-line	minus	none	passed
ENCFF888BCX	ENCFF888BCX	ENCSR898XMH	ENCSR673ZFH	BPNet	observed signal profile	bigWig	ChIP-seq	ZFP91	K562	cell-line	cell-line	cell-line	minus	none	passed
ENCFF223KQI	ENCFF223KQI	ENCSR201DCF	ENCSR493AYF	BPNet	observed signal profile	bigWig	ChIP-seq	ZFP91	K562	cell-line	cell-line	cell-line	plus	none	passed
ENCFF734PMO	ENCFF734PMO	ENCSR898XMH	ENCSR673ZFH	BPNet	observed signal profile	bigWig	ChIP-seq	ZFP91	K562	cell-line	cell-line	cell-line	plus	none	passed
ENCFF155IOD	ENCFF155IOD	ENCSR949OEV	ENCSR132EJY	BPNet	observed signal profile	bigWig	ChIP-seq	ZFY	HepG2	cell-line	cell-line	cell-line	minus	none	passed
ENCFF552QOH	ENCFF552QOH	ENCSR949OEV	ENCSR132EJY	BPNet	observed signal profile	bigWig	ChIP-seq	ZFY	HepG2	cell-line	cell-line	cell-line	plus	none	passed
ENCFF097SDH	ENCFF097SDH	ENCSR887MXT	ENCSR813OAN	BPNet	observed signal profile	bigWig	ChIP-seq	ZHX1	HeLa-S3	cell-line	cell-line	cell-line	minus	none	passed
ENCFF948RDG	ENCFF948RDG	ENCSR887MXT	ENCSR813OAN	BPNet	observed signal profile	bigWig	ChIP-seq	ZHX1	HeLa-S3	cell-line	cell-line	cell-line	plus	none	passed
ENCFF245NCL	ENCFF245NCL	ENCSR978DQT	ENCSR930QQH	BPNet	observed signal profile	bigWig	ChIP-seq	ZHX1	HepG2	cell-line	cell-line	cell-line	minus	none	passed
ENCFF272APJ	ENCFF272APJ	ENCSR978DQT	ENCSR930QQH	BPNet	observed signal profile	bigWig	ChIP-seq	ZHX1	HepG2	cell-line	cell-line	cell-line	plus	none	passed
ENCFF370ZWZ	ENCFF370ZWZ	ENCSR401VBM	ENCSR785ULR	BPNet	observed signal profile	bigWig	ChIP-seq	ZHX2	HepG2	cell-line	cell-line	cell-line	minus	none	passed
ENCFF662OHM	ENCFF662OHM	ENCSR401VBM	ENCSR785ULR	BPNet	observed signal profile	bigWig	ChIP-seq	ZHX2	HepG2	cell-line	cell-line	cell-line	plus	none	passed
ENCFF041VHP	ENCFF041VHP	ENCSR728MWW	ENCSR084MUM	BPNet	observed signal profile	bigWig	ChIP-seq	ZIC2	HEK293	cell-line	cell-line	cell-line	minus	none	passed
ENCFF017WQT	ENCFF017WQT	ENCSR728MWW	ENCSR084MUM	BPNet	observed signal profile	bigWig	ChIP-seq	ZIC2	HEK293	cell-line	cell-line	cell-line	plus	none	passed
ENCFF865ZPM	ENCFF865ZPM	ENCSR000ECJ	ENCSR467JKG	BPNet	observed signal profile	bigWig	ChIP-seq	ZKSCAN1	HeLa-S3	cell-line	cell-line	cell-line	minus	none	passed
ENCFF748QPY	ENCFF748QPY	ENCSR000ECJ	ENCSR467JKG	BPNet	observed signal profile	bigWig	ChIP-seq	ZKSCAN1	HeLa-S3	cell-line	cell-line	cell-line	plus	none	passed
ENCFF550ZXQ	ENCFF550ZXQ	ENCSR882ERE	ENCSR392WCU	BPNet	observed signal profile	bigWig	ChIP-seq	ZKSCAN1	K562	cell-line	cell-line	cell-line	minus	none	passed
ENCFF276LFS	ENCFF276LFS	ENCSR882ERE	ENCSR392WCU	BPNet	observed signal profile	bigWig	ChIP-seq	ZKSCAN1	K562	cell-line	cell-line	cell-line	plus	none	passed
ENCFF821YVH	ENCFF821YVH	ENCSR449UFF	ENCSR836IBM	BPNet	observed signal profile	bigWig	ChIP-seq	ZKSCAN1	MCF-7	cell-line	cell-line	cell-line	minus	none	passed
ENCFF553GZL	ENCFF553GZL	ENCSR449UFF	ENCSR836IBM	BPNet	observed signal profile	bigWig	ChIP-seq	ZKSCAN1	MCF-7	cell-line	cell-line	cell-line	plus	none	passed
ENCFF304VGM	ENCFF304VGM	ENCSR159BTO	ENCSR899YIJ	BPNet	observed signal profile	bigWig	ChIP-seq	ZKSCAN5	HepG2	cell-line	cell-line	cell-line	minus	none	passed
ENCFF579TQM	ENCFF579TQM	ENCSR159BTO	ENCSR899YIJ	BPNet	observed signal profile	bigWig	ChIP-seq	ZKSCAN5	HepG2	cell-line	cell-line	cell-line	plus	none	passed
ENCFF850AXU	ENCFF850AXU	ENCSR808FFI	ENCSR318CNS	BPNet	observed signal profile	bigWig	ChIP-seq	ZKSCAN8	HepG2	cell-line	cell-line	cell-line	minus	none	passed
ENCFF849LWV	ENCFF849LWV	ENCSR808FFI	ENCSR318CNS	BPNet	observed signal profile	bigWig	ChIP-seq	ZKSCAN8	HepG2	cell-line	cell-line	cell-line	plus	none	passed
ENCFF760ETQ	ENCFF760ETQ	ENCSR448UKK	ENCSR648SBK	BPNet	observed signal profile	bigWig	ChIP-seq	ZKSCAN8	K562	cell-line	cell-line	cell-line	minus	none	passed
ENCFF777SGI	ENCFF777SGI	ENCSR448UKK	ENCSR648SBK	BPNet	observed signal profile	bigWig	ChIP-seq	ZKSCAN8	K562	cell-line	cell-line	cell-line	plus	none	passed
ENCFF492UFQ	ENCFF492UFQ	ENCSR751PNN	ENCSR680TYT	BPNet	observed signal profile	bigWig	ChIP-seq	ZNF112	HEK293	cell-line	cell-line	cell-line	minus	none	passed
ENCFF051CDF	ENCFF051CDF	ENCSR751PNN	ENCSR680TYT	BPNet	observed signal profile	bigWig	ChIP-seq	ZNF112	HEK293	cell-line	cell-line	cell-line	plus	none	passed
ENCFF669GGI	ENCFF669GGI	ENCSR711KBM	ENCSR835UBF	BPNet	observed signal profile	bigWig	ChIP-seq	ZNF12	HepG2	cell-line	cell-line	cell-line	minus	none	passed
ENCFF374CID	ENCFF374CID	ENCSR711KBM	ENCSR835UBF	BPNet	observed signal profile	bigWig	ChIP-seq	ZNF12	HepG2	cell-line	cell-line	cell-line	plus	none	passed
ENCFF243WPQ	ENCFF243WPQ	ENCSR041YBR	ENCSR035AXW	BPNet	observed signal profile	bigWig	ChIP-seq	ZNF12	K562	cell-line	cell-line	cell-line	minus	none	passed
ENCFF346INU	ENCFF346INU	ENCSR041YBR	ENCSR035AXW	BPNet	observed signal profile	bigWig	ChIP-seq	ZNF12	K562	cell-line	cell-line	cell-line	plus	none	passed
ENCFF830RGB	ENCFF830RGB	ENCSR224QDY	ENCSR370XXE	BPNet	observed signal profile	bigWig	ChIP-seq	ZNF121	HEK293	cell-line	cell-line	cell-line	minus	none	passed
ENCFF111QPN	ENCFF111QPN	ENCSR224QDY	ENCSR370XXE	BPNet	observed signal profile	bigWig	ChIP-seq	ZNF121	HEK293	cell-line	cell-line	cell-line	plus	none	passed
ENCFF944VAD	ENCFF944VAD	ENCSR945QEW	ENCSR279WZH	BPNet	observed signal profile	bigWig	ChIP-seq	ZNF121	HepG2	cell-line	cell-line	cell-line	minus	none	passed
ENCFF695FZR	ENCFF695FZR	ENCSR945QEW	ENCSR279WZH	BPNet	observed signal profile	bigWig	ChIP-seq	ZNF121	HepG2	cell-line	cell-line	cell-line	plus	none	passed
ENCFF639IEO	ENCFF639IEO	ENCSR799URB	ENCSR391MTA	BPNet	observed signal profile	bigWig	ChIP-seq	ZNF121	K562	cell-line	cell-line	cell-line	minus	none	passed
ENCFF797RWO	ENCFF797RWO	ENCSR799URB	ENCSR391MTA	BPNet	observed signal profile	bigWig	ChIP-seq	ZNF121	K562	cell-line	cell-line	cell-line	plus	none	passed
ENCFF443CSF	ENCFF443CSF	ENCSR283MWQ	ENCSR039OVW	BPNet	observed signal profile	bigWig	ChIP-seq	ZNF133	HEK293	cell-line	cell-line	cell-line	minus	none	passed
ENCFF727YLF	ENCFF727YLF	ENCSR283MWQ	ENCSR039OVW	BPNet	observed signal profile	bigWig	ChIP-seq	ZNF133	HEK293	cell-line	cell-line	cell-line	plus	none	passed
ENCFF604PHS	ENCFF604PHS	ENCSR553NTC	ENCSR725JVK	BPNet	observed signal profile	bigWig	ChIP-seq	ZNF134	K562	cell-line	cell-line	cell-line	minus	none	passed
ENCFF760QJV	ENCFF760QJV	ENCSR553NTC	ENCSR725JVK	BPNet	observed signal profile	bigWig	ChIP-seq	ZNF134	K562	cell-line	cell-line	cell-line	plus	none	passed
ENCFF843JZO	ENCFF843JZO	ENCSR464KFG	ENCSR374NAK	BPNet	observed signal profile	bigWig	ChIP-seq	ZNF140	HEK293	cell-line	cell-line	cell-line	minus	none	passed
ENCFF240IES	ENCFF240IES	ENCSR464KFG	ENCSR374NAK	BPNet	observed signal profile	bigWig	ChIP-seq	ZNF140	HEK293	cell-line	cell-line	cell-line	plus	none	passed
ENCFF221PTE	ENCFF221PTE	ENCSR512ECF	ENCSR101IBF	BPNet	observed signal profile	bigWig	ChIP-seq	ZNF142	HepG2	cell-line	cell-line	cell-line	minus	none	passed
ENCFF214NNP	ENCFF214NNP	ENCSR512ECF	ENCSR101IBF	BPNet	observed signal profile	bigWig	ChIP-seq	ZNF142	HepG2	cell-line	cell-line	cell-line	plus	none	passed
ENCFF055OQS	ENCFF055OQS	ENCSR080UEM	ENCSR622AVH	BPNet	observed signal profile	bigWig	ChIP-seq	ZNF143	HepG2	cell-line	cell-line	cell-line	minus	none	passed
ENCFF149MFX	ENCFF149MFX	ENCSR080UEM	ENCSR622AVH	BPNet	observed signal profile	bigWig	ChIP-seq	ZNF143	HepG2	cell-line	cell-line	cell-line	plus	none	passed
ENCFF648VDP	ENCFF648VDP	ENCSR427WZJ	ENCSR694XKS	BPNet	observed signal profile	bigWig	ChIP-seq	ZNF143	K562	cell-line	cell-line	cell-line	minus	none	passed
ENCFF448XZE	ENCFF448XZE	ENCSR427WZJ	ENCSR694XKS	BPNet	observed signal profile	bigWig	ChIP-seq	ZNF143	K562	cell-line	cell-line	cell-line	plus	none	passed
ENCFF899PTV	ENCFF899PTV	ENCSR063FUV	ENCSR643MAZ	BPNet	observed signal profile	bigWig	ChIP-seq	ZNF143	WTC11	cell-line	cell-line	cell-line	minus	none	passed
ENCFF113OPX	ENCFF113OPX	ENCSR063FUV	ENCSR643MAZ	BPNet	observed signal profile	bigWig	ChIP-seq	ZNF143	WTC11	cell-line	cell-line	cell-line	plus	none	passed
ENCFF692HYS	ENCFF692HYS	ENCSR689YFA	ENCSR026AKK	BPNet	observed signal profile	bigWig	ChIP-seq	ZNF146	HEK293	cell-line	cell-line	cell-line	minus	none	passed
ENCFF620TYQ	ENCFF620TYQ	ENCSR689YFA	ENCSR026AKK	BPNet	observed signal profile	bigWig	ChIP-seq	ZNF146	HEK293	cell-line	cell-line	cell-line	plus	none	passed
ENCFF526AYW	ENCFF526AYW	ENCSR957LTN	ENCSR960XYX	BPNet	observed signal profile	bigWig	ChIP-seq	ZNF146	HepG2	cell-line	cell-line	cell-line	minus	none	passed
ENCFF207JVA	ENCFF207JVA	ENCSR957LTN	ENCSR960XYX	BPNet	observed signal profile	bigWig	ChIP-seq	ZNF146	HepG2	cell-line	cell-line	cell-line	plus	none	passed
ENCFF283JDZ	ENCFF283JDZ	ENCSR713IFY	ENCSR132QOJ	BPNet	observed signal profile	bigWig	ChIP-seq	ZNF146	K562	cell-line	cell-line	cell-line	minus	none	passed
ENCFF373JLE	ENCFF373JLE	ENCSR713IFY	ENCSR132QOJ	BPNet	observed signal profile	bigWig	ChIP-seq	ZNF146	K562	cell-line	cell-line	cell-line	plus	none	passed
ENCFF556PVZ	ENCFF556PVZ	ENCSR018MSO	ENCSR954JSO	BPNet	observed signal profile	bigWig	ChIP-seq	ZNF148	K562	cell-line	cell-line	cell-line	minus	none	passed
ENCFF722VTP	ENCFF722VTP	ENCSR018MSO	ENCSR954JSO	BPNet	observed signal profile	bigWig	ChIP-seq	ZNF148	K562	cell-line	cell-line	cell-line	plus	none	passed
ENCFF709OYV	ENCFF709OYV	ENCSR564YYW	ENCSR213DSH	BPNet	observed signal profile	bigWig	ChIP-seq	ZNF157	HEK293	cell-line	cell-line	cell-line	minus	none	passed
ENCFF315LJI	ENCFF315LJI	ENCSR564YYW	ENCSR213DSH	BPNet	observed signal profile	bigWig	ChIP-seq	ZNF157	HEK293	cell-line	cell-line	cell-line	plus	none	passed
ENCFF725PNN	ENCFF725PNN	ENCSR093HXE	ENCSR101YMY	BPNet	observed signal profile	bigWig	ChIP-seq	ZNF16	HEK293	cell-line	cell-line	cell-line	minus	none	passed
ENCFF172ZEE	ENCFF172ZEE	ENCSR093HXE	ENCSR101YMY	BPNet	observed signal profile	bigWig	ChIP-seq	ZNF16	HEK293	cell-line	cell-line	cell-line	plus	none	passed
ENCFF895QXL	ENCFF895QXL	ENCSR011PEI	ENCSR983EKD	BPNet	observed signal profile	bigWig	ChIP-seq	ZNF175	K562	cell-line	cell-line	cell-line	minus	none	passed
ENCFF961TYM	ENCFF961TYM	ENCSR011PEI	ENCSR983EKD	BPNet	observed signal profile	bigWig	ChIP-seq	ZNF175	K562	cell-line	cell-line	cell-line	plus	none	passed
ENCFF671PHH	ENCFF671PHH	ENCSR977HTH	ENCSR114LPS	BPNet	observed signal profile	bigWig	ChIP-seq	ZNF18	HEK293	cell-line	cell-line	cell-line	minus	none	passed
ENCFF557TLF	ENCFF557TLF	ENCSR977HTH	ENCSR114LPS	BPNet	observed signal profile	bigWig	ChIP-seq	ZNF18	HEK293	cell-line	cell-line	cell-line	plus	none	passed
ENCFF038FAI	ENCFF038FAI	ENCSR553ZJQ	ENCSR672NTT	BPNet	observed signal profile	bigWig	ChIP-seq	ZNF18	HepG2	cell-line	cell-line	cell-line	minus	none	passed
ENCFF929GAO	ENCFF929GAO	ENCSR553ZJQ	ENCSR672NTT	BPNet	observed signal profile	bigWig	ChIP-seq	ZNF18	HepG2	cell-line	cell-line	cell-line	plus	none	passed
ENCFF219DVH	ENCFF219DVH	ENCSR020UPN	ENCSR263RCM	BPNet	observed signal profile	bigWig	ChIP-seq	ZNF184	HEK293	cell-line	cell-line	cell-line	minus	none	passed
ENCFF523NYV	ENCFF523NYV	ENCSR020UPN	ENCSR263RCM	BPNet	observed signal profile	bigWig	ChIP-seq	ZNF184	HEK293	cell-line	cell-line	cell-line	plus	none	passed
ENCFF164ZZR	ENCFF164ZZR	ENCSR621ATC	ENCSR229FNP	BPNet	observed signal profile	bigWig	ChIP-seq	ZNF184	K562	cell-line	cell-line	cell-line	minus	none	passed
ENCFF365IJD	ENCFF365IJD	ENCSR526HRN	ENCSR322UJZ	BPNet	observed signal profile	bigWig	ChIP-seq	ZNF184	K562	cell-line	cell-line	cell-line	minus	none	passed
ENCFF555KEL	ENCFF555KEL	ENCSR546IHU	ENCSR869HTL	BPNet	observed signal profile	bigWig	ChIP-seq	ZNF184	K562	cell-line	cell-line	cell-line	minus	none	passed
ENCFF038NFY	ENCFF038NFY	ENCSR546IHU	ENCSR869HTL	BPNet	observed signal profile	bigWig	ChIP-seq	ZNF184	K562	cell-line	cell-line	cell-line	plus	none	passed
ENCFF266MSU	ENCFF266MSU	ENCSR621ATC	ENCSR229FNP	BPNet	observed signal profile	bigWig	ChIP-seq	ZNF184	K562	cell-line	cell-line	cell-line	plus	none	passed
ENCFF469EJC	ENCFF469EJC	ENCSR526HRN	ENCSR322UJZ	BPNet	observed signal profile	bigWig	ChIP-seq	ZNF184	K562	cell-line	cell-line	cell-line	plus	none	passed
ENCFF846GGH	ENCFF846GGH	ENCSR640STN	ENCSR901OTZ	BPNet	observed signal profile	bigWig	ChIP-seq	ZNF184	WTC11	cell-line	cell-line	cell-line	minus	none	passed
ENCFF307OXT	ENCFF307OXT	ENCSR640STN	ENCSR901OTZ	BPNet	observed signal profile	bigWig	ChIP-seq	ZNF184	WTC11	cell-line	cell-line	cell-line	plus	none	passed
ENCFF655JQQ	ENCFF655JQQ	ENCSR163RYW	ENCSR177YND	BPNet	observed signal profile	bigWig	ChIP-seq	ZNF189	HEK293	cell-line	cell-line	cell-line	minus	none	passed
ENCFF078SEE	ENCFF078SEE	ENCSR163RYW	ENCSR177YND	BPNet	observed signal profile	bigWig	ChIP-seq	ZNF189	HEK293	cell-line	cell-line	cell-line	plus	none	passed
ENCFF511QWY	ENCFF511QWY	ENCSR720PDY	ENCSR794XBB	BPNet	observed signal profile	bigWig	ChIP-seq	ZNF20	HepG2	cell-line	cell-line	cell-line	minus	none	passed
ENCFF351CMC	ENCFF351CMC	ENCSR720PDY	ENCSR794XBB	BPNet	observed signal profile	bigWig	ChIP-seq	ZNF20	HepG2	cell-line	cell-line	cell-line	plus	none	passed
ENCFF155SNI	ENCFF155SNI	ENCSR157CEN	ENCSR574PLQ	BPNet	observed signal profile	bigWig	ChIP-seq	ZNF205	HepG2	cell-line	cell-line	cell-line	minus	none	passed
ENCFF528NCW	ENCFF528NCW	ENCSR157CEN	ENCSR574PLQ	BPNet	observed signal profile	bigWig	ChIP-seq	ZNF205	HepG2	cell-line	cell-line	cell-line	plus	none	passed
ENCFF911MET	ENCFF911MET	ENCSR365DQH	ENCSR520DWU	BPNet	observed signal profile	bigWig	ChIP-seq	ZNF211	HEK293	cell-line	cell-line	cell-line	minus	none	passed
ENCFF152YHD	ENCFF152YHD	ENCSR365DQH	ENCSR520DWU	BPNet	observed signal profile	bigWig	ChIP-seq	ZNF211	HEK293	cell-line	cell-line	cell-line	plus	none	passed
ENCFF407CIM	ENCFF407CIM	ENCSR993DED	ENCSR054SSY	BPNet	observed signal profile	bigWig	ChIP-seq	ZNF214	HEK293	cell-line	cell-line	cell-line	minus	none	passed
ENCFF259WYG	ENCFF259WYG	ENCSR993DED	ENCSR054SSY	BPNet	observed signal profile	bigWig	ChIP-seq	ZNF214	HEK293	cell-line	cell-line	cell-line	plus	none	passed
ENCFF508KFJ	ENCFF508KFJ	ENCSR906PCS	ENCSR464VPP	BPNet	observed signal profile	bigWig	ChIP-seq	ZNF223	HEK293	cell-line	cell-line	cell-line	minus	none	passed
ENCFF897PZW	ENCFF897PZW	ENCSR906PCS	ENCSR464VPP	BPNet	observed signal profile	bigWig	ChIP-seq	ZNF223	HEK293	cell-line	cell-line	cell-line	plus	none	passed
ENCFF738AXB	ENCFF738AXB	ENCSR679KXF	ENCSR340HRP	BPNet	observed signal profile	bigWig	ChIP-seq	ZNF23	HEK293	cell-line	cell-line	cell-line	minus	none	passed
ENCFF069GRO	ENCFF069GRO	ENCSR679KXF	ENCSR340HRP	BPNet	observed signal profile	bigWig	ChIP-seq	ZNF23	HEK293	cell-line	cell-line	cell-line	plus	none	passed
ENCFF390DZW	ENCFF390DZW	ENCSR837GLU	ENCSR348QIE	BPNet	observed signal profile	bigWig	ChIP-seq	ZNF232	HepG2	cell-line	cell-line	cell-line	minus	none	passed
ENCFF546CCP	ENCFF546CCP	ENCSR837GLU	ENCSR348QIE	BPNet	observed signal profile	bigWig	ChIP-seq	ZNF232	HepG2	cell-line	cell-line	cell-line	plus	none	passed
ENCFF175YBS	ENCFF175YBS	ENCSR360ECJ	ENCSR185CCX	BPNet	observed signal profile	bigWig	ChIP-seq	ZNF232	K562	cell-line	cell-line	cell-line	minus	none	passed
ENCFF388KJB	ENCFF388KJB	ENCSR360ECJ	ENCSR185CCX	BPNet	observed signal profile	bigWig	ChIP-seq	ZNF232	K562	cell-line	cell-line	cell-line	plus	none	passed
ENCFF692WZZ	ENCFF692WZZ	ENCSR440COG	ENCSR233CVW	BPNet	observed signal profile	bigWig	ChIP-seq	ZNF239	HEK293	cell-line	cell-line	cell-line	minus	none	passed
ENCFF249ERG	ENCFF249ERG	ENCSR440COG	ENCSR233CVW	BPNet	observed signal profile	bigWig	ChIP-seq	ZNF239	HEK293	cell-line	cell-line	cell-line	plus	none	passed
ENCFF699MTF	ENCFF699MTF	ENCSR606KTL	ENCSR955PBS	BPNet	observed signal profile	bigWig	ChIP-seq	ZNF239	K562	cell-line	cell-line	cell-line	minus	none	passed
ENCFF834FOL	ENCFF834FOL	ENCSR606KTL	ENCSR955PBS	BPNet	observed signal profile	bigWig	ChIP-seq	ZNF239	K562	cell-line	cell-line	cell-line	plus	none	passed
ENCFF558UWC	ENCFF558UWC	ENCSR072PWP	ENCSR696HRR	BPNet	observed signal profile	bigWig	ChIP-seq	ZNF24	GM12878	cell-line	cell-line	cell-line	minus	none	passed
ENCFF327UHD	ENCFF327UHD	ENCSR072PWP	ENCSR696HRR	BPNet	observed signal profile	bigWig	ChIP-seq	ZNF24	GM12878	cell-line	cell-line	cell-line	plus	none	passed
ENCFF592IBR	ENCFF592IBR	ENCSR984MDV	ENCSR012PCW	BPNet	observed signal profile	bigWig	ChIP-seq	ZNF24	HEK293	cell-line	cell-line	cell-line	minus	none	passed
ENCFF405YGP	ENCFF405YGP	ENCSR984MDV	ENCSR012PCW	BPNet	observed signal profile	bigWig	ChIP-seq	ZNF24	HEK293	cell-line	cell-line	cell-line	plus	none	passed
ENCFF805RRB	ENCFF805RRB	ENCSR362NWP	ENCSR179TNV	BPNet	observed signal profile	bigWig	ChIP-seq	ZNF24	HepG2	cell-line	cell-line	cell-line	minus	none	passed
ENCFF843SRY	ENCFF843SRY	ENCSR791AGT	ENCSR109TRH	BPNet	observed signal profile	bigWig	ChIP-seq	ZNF24	HepG2	cell-line	cell-line	cell-line	minus	none	passed
ENCFF922LHC	ENCFF922LHC	ENCSR362NWP	ENCSR179TNV	BPNet	observed signal profile	bigWig	ChIP-seq	ZNF24	HepG2	cell-line	cell-line	cell-line	plus	none	passed
ENCFF974UPI	ENCFF974UPI	ENCSR791AGT	ENCSR109TRH	BPNet	observed signal profile	bigWig	ChIP-seq	ZNF24	HepG2	cell-line	cell-line	cell-line	plus	none	passed
ENCFF543IDM	ENCFF543IDM	ENCSR117WTM	ENCSR536QWE	BPNet	observed signal profile	bigWig	ChIP-seq	ZNF24	K562	cell-line	cell-line	cell-line	minus	none	passed
ENCFF561BAM	ENCFF561BAM	ENCSR385AHH	ENCSR803RKQ	BPNet	observed signal profile	bigWig	ChIP-seq	ZNF24	K562	cell-line	cell-line	cell-line	minus	none	passed
ENCFF713CQE	ENCFF713CQE	ENCSR099NCH	ENCSR622JDV	BPNet	observed signal profile	bigWig	ChIP-seq	ZNF24	K562	cell-line	cell-line	cell-line	minus	none	passed
ENCFF761BLO	ENCFF761BLO	ENCSR695EQB	ENCSR606DQT	BPNet	observed signal profile	bigWig	ChIP-seq	ZNF24	K562	cell-line	cell-line	cell-line	minus	none	passed
ENCFF155SMH	ENCFF155SMH	ENCSR695EQB	ENCSR606DQT	BPNet	observed signal profile	bigWig	ChIP-seq	ZNF24	K562	cell-line	cell-line	cell-line	plus	none	passed
ENCFF168FTM	ENCFF168FTM	ENCSR117WTM	ENCSR536QWE	BPNet	observed signal profile	bigWig	ChIP-seq	ZNF24	K562	cell-line	cell-line	cell-line	plus	none	passed
ENCFF200QMN	ENCFF200QMN	ENCSR099NCH	ENCSR622JDV	BPNet	observed signal profile	bigWig	ChIP-seq	ZNF24	K562	cell-line	cell-line	cell-line	plus	none	passed
ENCFF466ECA	ENCFF466ECA	ENCSR385AHH	ENCSR803RKQ	BPNet	observed signal profile	bigWig	ChIP-seq	ZNF24	K562	cell-line	cell-line	cell-line	plus	none	passed
ENCFF760CVL	ENCFF760CVL	ENCSR503VTG	ENCSR910FKH	BPNet	observed signal profile	bigWig	ChIP-seq	ZNF24	MCF-7	cell-line	cell-line	cell-line	minus	none	passed
ENCFF879LYH	ENCFF879LYH	ENCSR503VTG	ENCSR910FKH	BPNet	observed signal profile	bigWig	ChIP-seq	ZNF24	MCF-7	cell-line	cell-line	cell-line	plus	none	passed
ENCFF807MTI	ENCFF807MTI	ENCSR338SEM	ENCSR594BQE	BPNet	observed signal profile	bigWig	ChIP-seq	ZNF248	HEK293	cell-line	cell-line	cell-line	minus	none	passed
ENCFF467QYR	ENCFF467QYR	ENCSR338SEM	ENCSR594BQE	BPNet	observed signal profile	bigWig	ChIP-seq	ZNF248	HEK293	cell-line	cell-line	cell-line	plus	none	passed
ENCFF255JBE	ENCFF255JBE	ENCSR028EGI	ENCSR065HJU	BPNet	observed signal profile	bigWig	ChIP-seq	ZNF26	HEK293	cell-line	cell-line	cell-line	minus	none	passed
ENCFF542JPK	ENCFF542JPK	ENCSR028EGI	ENCSR065HJU	BPNet	observed signal profile	bigWig	ChIP-seq	ZNF26	HEK293	cell-line	cell-line	cell-line	plus	none	passed
ENCFF829QQV	ENCFF829QQV	ENCSR000EVD	ENCSR143IUV	BPNet	observed signal profile	bigWig	ChIP-seq	ZNF263	HEK293	cell-line	cell-line	cell-line	minus	none	passed
ENCFF409PKQ	ENCFF409PKQ	ENCSR000EVD	ENCSR143IUV	BPNet	observed signal profile	bigWig	ChIP-seq	ZNF263	HEK293	cell-line	cell-line	cell-line	plus	none	passed
ENCFF313OMP	ENCFF313OMP	ENCSR313MMD	ENCSR197RBG	BPNet	observed signal profile	bigWig	ChIP-seq	ZNF263	HepG2	cell-line	cell-line	cell-line	minus	none	passed
ENCFF559IZE	ENCFF559IZE	ENCSR313MMD	ENCSR197RBG	BPNet	observed signal profile	bigWig	ChIP-seq	ZNF263	HepG2	cell-line	cell-line	cell-line	plus	none	passed
ENCFF246YNP	ENCFF246YNP	ENCSR000EWN	ENCSR229HUB	BPNet	observed signal profile	bigWig	ChIP-seq	ZNF263	K562	cell-line	cell-line	cell-line	minus	none	passed
ENCFF642STZ	ENCFF642STZ	ENCSR845GGY	ENCSR749YHO	BPNet	observed signal profile	bigWig	ChIP-seq	ZNF263	K562	cell-line	cell-line	cell-line	minus	none	passed
ENCFF049AMK	ENCFF049AMK	ENCSR845GGY	ENCSR749YHO	BPNet	observed signal profile	bigWig	ChIP-seq	ZNF263	K562	cell-line	cell-line	cell-line	plus	none	passed
ENCFF928HQW	ENCFF928HQW	ENCSR000EWN	ENCSR229HUB	BPNet	observed signal profile	bigWig	ChIP-seq	ZNF263	K562	cell-line	cell-line	cell-line	plus	none	passed
ENCFF343KWI	ENCFF343KWI	ENCSR156JWW	ENCSR162AVH	BPNet	observed signal profile	bigWig	ChIP-seq	ZNF263	WTC11	cell-line	cell-line	cell-line	minus	none	passed
ENCFF621FTS	ENCFF621FTS	ENCSR156JWW	ENCSR162AVH	BPNet	observed signal profile	bigWig	ChIP-seq	ZNF263	WTC11	cell-line	cell-line	cell-line	plus	none	passed
ENCFF978BPK	ENCFF978BPK	ENCSR248BVU	ENCSR020DMV	BPNet	observed signal profile	bigWig	ChIP-seq	ZNF264	HepG2	cell-line	cell-line	cell-line	minus	none	passed
ENCFF601BHK	ENCFF601BHK	ENCSR248BVU	ENCSR020DMV	BPNet	observed signal profile	bigWig	ChIP-seq	ZNF264	HepG2	cell-line	cell-line	cell-line	plus	none	passed
ENCFF321YPO	ENCFF321YPO	ENCSR466VYP	ENCSR521XAG	BPNet	observed signal profile	bigWig	ChIP-seq	ZNF266	HEK293	cell-line	cell-line	cell-line	minus	none	passed
ENCFF269TMT	ENCFF269TMT	ENCSR466VYP	ENCSR521XAG	BPNet	observed signal profile	bigWig	ChIP-seq	ZNF266	HEK293	cell-line	cell-line	cell-line	plus	none	passed
ENCFF978IQN	ENCFF978IQN	ENCSR000EUI	ENCSR982WSU	BPNet	observed signal profile	bigWig	ChIP-seq	ZNF274	GM08714	cell-line	cell-line	cell-line	minus	none	passed
ENCFF508KFL	ENCFF508KFL	ENCSR000EUI	ENCSR982WSU	BPNet	observed signal profile	bigWig	ChIP-seq	ZNF274	GM08714	cell-line	cell-line	cell-line	plus	none	passed
ENCFF667LDY	ENCFF667LDY	ENCSR000EUN	ENCSR912JCS	BPNet	observed signal profile	bigWig	ChIP-seq	ZNF274	H1	cell-line	cell-line	cell-line	minus	none	passed
ENCFF650QED	ENCFF650QED	ENCSR000EUN	ENCSR912JCS	BPNet	observed signal profile	bigWig	ChIP-seq	ZNF274	H1	cell-line	cell-line	cell-line	plus	none	passed
ENCFF785HSP	ENCFF785HSP	ENCSR101FJM	ENCSR079PXR	BPNet	observed signal profile	bigWig	ChIP-seq	ZNF274	HCT116	cell-line	cell-line	cell-line	minus	none	passed
ENCFF883ZHJ	ENCFF883ZHJ	ENCSR101FJM	ENCSR079PXR	BPNet	observed signal profile	bigWig	ChIP-seq	ZNF274	HCT116	cell-line	cell-line	cell-line	plus	none	passed
ENCFF881SZB	ENCFF881SZB	ENCSR178QVJ	ENCSR804PIO	BPNet	observed signal profile	bigWig	ChIP-seq	ZNF274	HEK293	cell-line	cell-line	cell-line	minus	none	passed
ENCFF990FLW	ENCFF990FLW	ENCSR178QVJ	ENCSR804PIO	BPNet	observed signal profile	bigWig	ChIP-seq	ZNF274	HEK293	cell-line	cell-line	cell-line	plus	none	passed
ENCFF620DAB	ENCFF620DAB	ENCSR000EVX	ENCSR253FIG	BPNet	observed signal profile	bigWig	ChIP-seq	ZNF274	K562	cell-line	cell-line	cell-line	minus	none	passed
ENCFF190OMR	ENCFF190OMR	ENCSR000EVX	ENCSR253FIG	BPNet	observed signal profile	bigWig	ChIP-seq	ZNF274	K562	cell-line	cell-line	cell-line	plus	none	passed
ENCFF105IVG	ENCFF105IVG	ENCSR000EWY	ENCSR821NQF	BPNet	observed signal profile	bigWig	ChIP-seq	ZNF274	NT2/D1	cell-line	cell-line	cell-line	minus	none	passed
ENCFF466XEF	ENCFF466XEF	ENCSR000EWY	ENCSR821NQF	BPNet	observed signal profile	bigWig	ChIP-seq	ZNF274	NT2/D1	cell-line	cell-line	cell-line	plus	none	passed
ENCFF464DJJ	ENCFF464DJJ	ENCSR403MJY	ENCSR712WOB	BPNet	observed signal profile	bigWig	ChIP-seq	ZNF281	HepG2	cell-line	cell-line	cell-line	minus	none	passed
ENCFF180OMG	ENCFF180OMG	ENCSR403MJY	ENCSR712WOB	BPNet	observed signal profile	bigWig	ChIP-seq	ZNF281	HepG2	cell-line	cell-line	cell-line	plus	none	passed
ENCFF757UTU	ENCFF757UTU	ENCSR214EKV	ENCSR537AXI	BPNet	observed signal profile	bigWig	ChIP-seq	ZNF281	K562	cell-line	cell-line	cell-line	minus	none	passed
ENCFF458FOI	ENCFF458FOI	ENCSR214EKV	ENCSR537AXI	BPNet	observed signal profile	bigWig	ChIP-seq	ZNF281	K562	cell-line	cell-line	cell-line	plus	none	passed
ENCFF361HPX	ENCFF361HPX	ENCSR032DGZ	ENCSR699TVO	BPNet	observed signal profile	bigWig	ChIP-seq	ZNF281	WTC11	cell-line	cell-line	cell-line	minus	none	passed
ENCFF025EEM	ENCFF025EEM	ENCSR032DGZ	ENCSR699TVO	BPNet	observed signal profile	bigWig	ChIP-seq	ZNF281	WTC11	cell-line	cell-line	cell-line	plus	none	passed
ENCFF135PAJ	ENCFF135PAJ	ENCSR742TMU	ENCSR610PAH	BPNet	observed signal profile	bigWig	ChIP-seq	ZNF282	K562	cell-line	cell-line	cell-line	minus	none	passed
ENCFF481HKF	ENCFF481HKF	ENCSR742TMU	ENCSR610PAH	BPNet	observed signal profile	bigWig	ChIP-seq	ZNF282	K562	cell-line	cell-line	cell-line	plus	none	passed
ENCFF728OYN	ENCFF728OYN	ENCSR853BYT	ENCSR582TRX	BPNet	observed signal profile	bigWig	ChIP-seq	ZNF292	HepG2	cell-line	cell-line	cell-line	minus	none	passed
ENCFF694UIM	ENCFF694UIM	ENCSR853BYT	ENCSR582TRX	BPNet	observed signal profile	bigWig	ChIP-seq	ZNF292	HepG2	cell-line	cell-line	cell-line	plus	none	passed
ENCFF563XVF	ENCFF563XVF	ENCSR862LJQ	ENCSR406XKS	BPNet	observed signal profile	bigWig	ChIP-seq	ZNF296	HepG2	cell-line	cell-line	cell-line	minus	none	passed
ENCFF983SUD	ENCFF983SUD	ENCSR862LJQ	ENCSR406XKS	BPNet	observed signal profile	bigWig	ChIP-seq	ZNF296	HepG2	cell-line	cell-line	cell-line	plus	none	passed
ENCFF167BPC	ENCFF167BPC	ENCSR934RJP	ENCSR155QUT	BPNet	observed signal profile	bigWig	ChIP-seq	ZNF3	K562	cell-line	cell-line	cell-line	minus	none	passed
ENCFF388VND	ENCFF388VND	ENCSR195QFV	ENCSR943BMU	BPNet	observed signal profile	bigWig	ChIP-seq	ZNF3	K562	cell-line	cell-line	cell-line	minus	none	passed
ENCFF159NFR	ENCFF159NFR	ENCSR934RJP	ENCSR155QUT	BPNet	observed signal profile	bigWig	ChIP-seq	ZNF3	K562	cell-line	cell-line	cell-line	plus	none	passed
ENCFF250INW	ENCFF250INW	ENCSR195QFV	ENCSR943BMU	BPNet	observed signal profile	bigWig	ChIP-seq	ZNF3	K562	cell-line	cell-line	cell-line	plus	none	passed
ENCFF974QMC	ENCFF974QMC	ENCSR513MGG	ENCSR967FUB	BPNet	observed signal profile	bigWig	ChIP-seq	ZNF302	HEK293	cell-line	cell-line	cell-line	minus	none	passed
ENCFF911PYF	ENCFF911PYF	ENCSR513MGG	ENCSR967FUB	BPNet	observed signal profile	bigWig	ChIP-seq	ZNF302	HEK293	cell-line	cell-line	cell-line	plus	none	passed
ENCFF295BDG	ENCFF295BDG	ENCSR167KBO	ENCSR989MRU	BPNet	observed signal profile	bigWig	ChIP-seq	ZNF316	K562	cell-line	cell-line	cell-line	minus	none	passed
ENCFF496CRZ	ENCFF496CRZ	ENCSR200JYP	ENCSR182LDE	BPNet	observed signal profile	bigWig	ChIP-seq	ZNF316	K562	cell-line	cell-line	cell-line	minus	none	passed
ENCFF627UGR	ENCFF627UGR	ENCSR167KBO	ENCSR989MRU	BPNet	observed signal profile	bigWig	ChIP-seq	ZNF316	K562	cell-line	cell-line	cell-line	plus	none	passed
ENCFF842PET	ENCFF842PET	ENCSR200JYP	ENCSR182LDE	BPNet	observed signal profile	bigWig	ChIP-seq	ZNF316	K562	cell-line	cell-line	cell-line	plus	none	passed
ENCFF010LPP	ENCFF010LPP	ENCSR016OHL	ENCSR164VUV	BPNet	observed signal profile	bigWig	ChIP-seq	ZNF317	HepG2	cell-line	cell-line	cell-line	minus	none	passed
ENCFF306HFL	ENCFF306HFL	ENCSR016OHL	ENCSR164VUV	BPNet	observed signal profile	bigWig	ChIP-seq	ZNF317	HepG2	cell-line	cell-line	cell-line	plus	none	passed
ENCFF407KJO	ENCFF407KJO	ENCSR976MXN	ENCSR390SED	BPNet	observed signal profile	bigWig	ChIP-seq	ZNF317	K562	cell-line	cell-line	cell-line	minus	none	passed
ENCFF606GQI	ENCFF606GQI	ENCSR976MXN	ENCSR390SED	BPNet	observed signal profile	bigWig	ChIP-seq	ZNF317	K562	cell-line	cell-line	cell-line	plus	none	passed
ENCFF326LMW	ENCFF326LMW	ENCSR795KRU	ENCSR329FHN	BPNet	observed signal profile	bigWig	ChIP-seq	ZNF317	WTC11	cell-line	cell-line	cell-line	minus	none	passed
ENCFF130BSC	ENCFF130BSC	ENCSR795KRU	ENCSR329FHN	BPNet	observed signal profile	bigWig	ChIP-seq	ZNF317	WTC11	cell-line	cell-line	cell-line	plus	none	passed
ENCFF246MDI	ENCFF246MDI	ENCSR712KVZ	ENCSR861IYW	BPNet	observed signal profile	bigWig	ChIP-seq	ZNF324	K562	cell-line	cell-line	cell-line	minus	none	passed
ENCFF071DNL	ENCFF071DNL	ENCSR712KVZ	ENCSR861IYW	BPNet	observed signal profile	bigWig	ChIP-seq	ZNF324	K562	cell-line	cell-line	cell-line	plus	none	passed
ENCFF301BEW	ENCFF301BEW	ENCSR681KXT	ENCSR113XXA	BPNet	observed signal profile	bigWig	ChIP-seq	ZNF329	HepG2	cell-line	cell-line	cell-line	minus	none	passed
ENCFF721ORE	ENCFF721ORE	ENCSR681KXT	ENCSR113XXA	BPNet	observed signal profile	bigWig	ChIP-seq	ZNF329	HepG2	cell-line	cell-line	cell-line	plus	none	passed
ENCFF612HTP	ENCFF612HTP	ENCSR918LRB	ENCSR494MGN	BPNet	observed signal profile	bigWig	ChIP-seq	ZNF331	GM23338	cell-line	cell-line	cell-line	minus	none	passed
ENCFF736DGD	ENCFF736DGD	ENCSR918LRB	ENCSR494MGN	BPNet	observed signal profile	bigWig	ChIP-seq	ZNF331	GM23338	cell-line	cell-line	cell-line	plus	none	passed
ENCFF835POH	ENCFF835POH	ENCSR369TCR	ENCSR536CRO	BPNet	observed signal profile	bigWig	ChIP-seq	ZNF331	HepG2	cell-line	cell-line	cell-line	minus	none	passed
ENCFF189VSO	ENCFF189VSO	ENCSR369TCR	ENCSR536CRO	BPNet	observed signal profile	bigWig	ChIP-seq	ZNF331	HepG2	cell-line	cell-line	cell-line	plus	none	passed
ENCFF415JRF	ENCFF415JRF	ENCSR185FOY	ENCSR866NFF	BPNet	observed signal profile	bigWig	ChIP-seq	ZNF341	HEK293	cell-line	cell-line	cell-line	minus	none	passed
ENCFF634KMO	ENCFF634KMO	ENCSR185FOY	ENCSR866NFF	BPNet	observed signal profile	bigWig	ChIP-seq	ZNF341	HEK293	cell-line	cell-line	cell-line	plus	none	passed
ENCFF364GYN	ENCFF364GYN	ENCSR842SRB	ENCSR424FUY	BPNet	observed signal profile	bigWig	ChIP-seq	ZNF350	HepG2	cell-line	cell-line	cell-line	minus	none	passed
ENCFF981ZFY	ENCFF981ZFY	ENCSR842SRB	ENCSR424FUY	BPNet	observed signal profile	bigWig	ChIP-seq	ZNF350	HepG2	cell-line	cell-line	cell-line	plus	none	passed
ENCFF377OSK	ENCFF377OSK	ENCSR715QNO	ENCSR361HXQ	BPNet	observed signal profile	bigWig	ChIP-seq	ZNF362	HEK293	cell-line	cell-line	cell-line	minus	none	passed
ENCFF966LRW	ENCFF966LRW	ENCSR715QNO	ENCSR361HXQ	BPNet	observed signal profile	bigWig	ChIP-seq	ZNF362	HEK293	cell-line	cell-line	cell-line	plus	none	passed
ENCFF433JYV	ENCFF433JYV	ENCSR032LZZ	ENCSR837NIM	BPNet	observed signal profile	bigWig	ChIP-seq	ZNF362	HepG2	cell-line	cell-line	cell-line	minus	none	passed
ENCFF870MBI	ENCFF870MBI	ENCSR032LZZ	ENCSR837NIM	BPNet	observed signal profile	bigWig	ChIP-seq	ZNF362	HepG2	cell-line	cell-line	cell-line	plus	none	passed
ENCFF779WUT	ENCFF779WUT	ENCSR048WVW	ENCSR388YVJ	BPNet	observed signal profile	bigWig	ChIP-seq	ZNF367	HepG2	cell-line	cell-line	cell-line	minus	none	passed
ENCFF215KYL	ENCFF215KYL	ENCSR048WVW	ENCSR388YVJ	BPNet	observed signal profile	bigWig	ChIP-seq	ZNF367	HepG2	cell-line	cell-line	cell-line	plus	none	passed
ENCFF123JYQ	ENCFF123JYQ	ENCSR371LLY	ENCSR668MDE	BPNet	observed signal profile	bigWig	ChIP-seq	ZNF37A	HEK293	cell-line	cell-line	cell-line	minus	none	passed
ENCFF306SKB	ENCFF306SKB	ENCSR371LLY	ENCSR668MDE	BPNet	observed signal profile	bigWig	ChIP-seq	ZNF37A	HEK293	cell-line	cell-line	cell-line	plus	none	passed
ENCFF660OAD	ENCFF660OAD	ENCSR000DYP	ENCSR607ZHJ	BPNet	observed signal profile	bigWig	ChIP-seq	ZNF384	GM12878	cell-line	cell-line	cell-line	minus	none	passed
ENCFF229WSS	ENCFF229WSS	ENCSR000DYP	ENCSR607ZHJ	BPNet	observed signal profile	bigWig	ChIP-seq	ZNF384	GM12878	cell-line	cell-line	cell-line	plus	none	passed
ENCFF215USH	ENCFF215USH	ENCSR882ICT	ENCSR589ELT	BPNet	observed signal profile	bigWig	ChIP-seq	ZNF384	HEK293T	cell-line	cell-line	cell-line	minus	none	passed
ENCFF743KPP	ENCFF743KPP	ENCSR882ICT	ENCSR589ELT	BPNet	observed signal profile	bigWig	ChIP-seq	ZNF384	HEK293T	cell-line	cell-line	cell-line	plus	none	passed
ENCFF830IEV	ENCFF830IEV	ENCSR101FJU	ENCSR186EZI	BPNet	observed signal profile	bigWig	ChIP-seq	ZNF384	HepG2	cell-line	cell-line	cell-line	minus	none	passed
ENCFF402CGS	ENCFF402CGS	ENCSR101FJU	ENCSR186EZI	BPNet	observed signal profile	bigWig	ChIP-seq	ZNF384	HepG2	cell-line	cell-line	cell-line	plus	none	passed
ENCFF433JUK	ENCFF433JUK	ENCSR000EFP	ENCSR860AZD	BPNet	observed signal profile	bigWig	ChIP-seq	ZNF384	K562	cell-line	cell-line	cell-line	minus	none	passed
ENCFF326WJH	ENCFF326WJH	ENCSR000EFP	ENCSR860AZD	BPNet	observed signal profile	bigWig	ChIP-seq	ZNF384	K562	cell-line	cell-line	cell-line	plus	none	passed
ENCFF550YUM	ENCFF550YUM	ENCSR125DNC	ENCSR523EEX	BPNet	observed signal profile	bigWig	ChIP-seq	ZNF394	HEK293	cell-line	cell-line	cell-line	minus	none	passed
ENCFF615RSR	ENCFF615RSR	ENCSR125DNC	ENCSR523EEX	BPNet	observed signal profile	bigWig	ChIP-seq	ZNF394	HEK293	cell-line	cell-line	cell-line	plus	none	passed
ENCFF159QQW	ENCFF159QQW	ENCSR462QZZ	ENCSR605ZPT	BPNet	observed signal profile	bigWig	ChIP-seq	ZNF395	K562	cell-line	cell-line	cell-line	minus	none	passed
ENCFF374PAX	ENCFF374PAX	ENCSR462QZZ	ENCSR605ZPT	BPNet	observed signal profile	bigWig	ChIP-seq	ZNF395	K562	cell-line	cell-line	cell-line	plus	none	passed
ENCFF459MVT	ENCFF459MVT	ENCSR011NOZ	ENCSR723BLF	BPNet	observed signal profile	bigWig	ChIP-seq	ZNF407	K562	cell-line	cell-line	cell-line	minus	none	passed
ENCFF554HXU	ENCFF554HXU	ENCSR439OCL	ENCSR455WPF	BPNet	observed signal profile	bigWig	ChIP-seq	ZNF407	K562	cell-line	cell-line	cell-line	minus	none	passed
ENCFF031KYT	ENCFF031KYT	ENCSR011NOZ	ENCSR723BLF	BPNet	observed signal profile	bigWig	ChIP-seq	ZNF407	K562	cell-line	cell-line	cell-line	plus	none	passed
ENCFF532DAK	ENCFF532DAK	ENCSR439OCL	ENCSR455WPF	BPNet	observed signal profile	bigWig	ChIP-seq	ZNF407	K562	cell-line	cell-line	cell-line	plus	none	passed
ENCFF037SOF	ENCFF037SOF	ENCSR235PYI	ENCSR666XEJ	BPNet	observed signal profile	bigWig	ChIP-seq	ZNF41	K562	cell-line	cell-line	cell-line	minus	none	passed
ENCFF521EMT	ENCFF521EMT	ENCSR235PYI	ENCSR666XEJ	BPNet	observed signal profile	bigWig	ChIP-seq	ZNF41	K562	cell-line	cell-line	cell-line	plus	none	passed
ENCFF675FFC	ENCFF675FFC	ENCSR477OJI	ENCSR286FWU	BPNet	observed signal profile	bigWig	ChIP-seq	ZNF423	HEK293	cell-line	cell-line	cell-line	minus	none	passed
ENCFF390TYI	ENCFF390TYI	ENCSR477OJI	ENCSR286FWU	BPNet	observed signal profile	bigWig	ChIP-seq	ZNF423	HEK293	cell-line	cell-line	cell-line	plus	none	passed
ENCFF023WQU	ENCFF023WQU	ENCSR413CVQ	ENCSR148KSW	BPNet	observed signal profile	bigWig	ChIP-seq	ZNF423	WTC11	cell-line	cell-line	cell-line	minus	none	passed
ENCFF146QTF	ENCFF146QTF	ENCSR413CVQ	ENCSR148KSW	BPNet	observed signal profile	bigWig	ChIP-seq	ZNF423	WTC11	cell-line	cell-line	cell-line	plus	none	passed
ENCFF691XSL	ENCFF691XSL	ENCSR618END	ENCSR278QPL	BPNet	observed signal profile	bigWig	ChIP-seq	ZNF430	HepG2	cell-line	cell-line	cell-line	minus	none	passed
ENCFF433VWY	ENCFF433VWY	ENCSR618END	ENCSR278QPL	BPNet	observed signal profile	bigWig	ChIP-seq	ZNF430	HepG2	cell-line	cell-line	cell-line	plus	none	passed
ENCFF228NYY	ENCFF228NYY	ENCSR914HPP	ENCSR611LDB	BPNet	observed signal profile	bigWig	ChIP-seq	ZNF44	HepG2	cell-line	cell-line	cell-line	minus	none	passed
ENCFF025HWX	ENCFF025HWX	ENCSR914HPP	ENCSR611LDB	BPNet	observed signal profile	bigWig	ChIP-seq	ZNF44	HepG2	cell-line	cell-line	cell-line	plus	none	passed
ENCFF834ISJ	ENCFF834ISJ	ENCSR673GDQ	ENCSR071CNE	BPNet	observed signal profile	bigWig	ChIP-seq	ZNF441	HepG2	cell-line	cell-line	cell-line	minus	none	passed
ENCFF378KMM	ENCFF378KMM	ENCSR673GDQ	ENCSR071CNE	BPNet	observed signal profile	bigWig	ChIP-seq	ZNF441	HepG2	cell-line	cell-line	cell-line	plus	none	passed
ENCFF301OZE	ENCFF301OZE	ENCSR038XIA	ENCSR468ULA	BPNet	observed signal profile	bigWig	ChIP-seq	ZNF444	MCF-7	cell-line	cell-line	cell-line	minus	none	passed
ENCFF955SCZ	ENCFF955SCZ	ENCSR038XIA	ENCSR468ULA	BPNet	observed signal profile	bigWig	ChIP-seq	ZNF444	MCF-7	cell-line	cell-line	cell-line	plus	none	passed
ENCFF622UAR	ENCFF622UAR	ENCSR738SLS	ENCSR809HTU	BPNet	observed signal profile	bigWig	ChIP-seq	ZNF449	HEK293	cell-line	cell-line	cell-line	minus	none	passed
ENCFF223CXX	ENCFF223CXX	ENCSR738SLS	ENCSR809HTU	BPNet	observed signal profile	bigWig	ChIP-seq	ZNF449	HEK293	cell-line	cell-line	cell-line	plus	none	passed
ENCFF101DHR	ENCFF101DHR	ENCSR415AEB	ENCSR166CDD	BPNet	observed signal profile	bigWig	ChIP-seq	ZNF48	HepG2	cell-line	cell-line	cell-line	minus	none	passed
ENCFF742QRL	ENCFF742QRL	ENCSR415AEB	ENCSR166CDD	BPNet	observed signal profile	bigWig	ChIP-seq	ZNF48	HepG2	cell-line	cell-line	cell-line	plus	none	passed
ENCFF777KIM	ENCFF777KIM	ENCSR542PZA	ENCSR594HLF	BPNet	observed signal profile	bigWig	ChIP-seq	ZNF490	HepG2	cell-line	cell-line	cell-line	minus	none	passed
ENCFF553PIS	ENCFF553PIS	ENCSR542PZA	ENCSR594HLF	BPNet	observed signal profile	bigWig	ChIP-seq	ZNF490	HepG2	cell-line	cell-line	cell-line	plus	none	passed
ENCFF536WIX	ENCFF536WIX	ENCSR461ZJT	ENCSR479YFJ	BPNet	observed signal profile	bigWig	ChIP-seq	ZNF501	HEK293	cell-line	cell-line	cell-line	minus	none	passed
ENCFF094TOP	ENCFF094TOP	ENCSR461ZJT	ENCSR479YFJ	BPNet	observed signal profile	bigWig	ChIP-seq	ZNF501	HEK293	cell-line	cell-line	cell-line	plus	none	passed
ENCFF925OCW	ENCFF925OCW	ENCSR595FAO	ENCSR226RHX	BPNet	observed signal profile	bigWig	ChIP-seq	ZNF510	HEK293	cell-line	cell-line	cell-line	minus	none	passed
ENCFF127XZJ	ENCFF127XZJ	ENCSR595FAO	ENCSR226RHX	BPNet	observed signal profile	bigWig	ChIP-seq	ZNF510	HEK293	cell-line	cell-line	cell-line	plus	none	passed
ENCFF864UCZ	ENCFF864UCZ	ENCSR701RXW	ENCSR154RFY	BPNet	observed signal profile	bigWig	ChIP-seq	ZNF530	HEK293	cell-line	cell-line	cell-line	minus	none	passed
ENCFF574SQJ	ENCFF574SQJ	ENCSR701RXW	ENCSR154RFY	BPNet	observed signal profile	bigWig	ChIP-seq	ZNF530	HEK293	cell-line	cell-line	cell-line	plus	none	passed
ENCFF778AMK	ENCFF778AMK	ENCSR909TSW	ENCSR730YDI	BPNet	observed signal profile	bigWig	ChIP-seq	ZNF547	HEK293	cell-line	cell-line	cell-line	minus	none	passed
ENCFF722DQH	ENCFF722DQH	ENCSR909TSW	ENCSR730YDI	BPNet	observed signal profile	bigWig	ChIP-seq	ZNF547	HEK293	cell-line	cell-line	cell-line	plus	none	passed
ENCFF727RUO	ENCFF727RUO	ENCSR892ZTO	ENCSR293AOG	BPNet	observed signal profile	bigWig	ChIP-seq	ZNF548	HEK293	cell-line	cell-line	cell-line	minus	none	passed
ENCFF336HFY	ENCFF336HFY	ENCSR892ZTO	ENCSR293AOG	BPNet	observed signal profile	bigWig	ChIP-seq	ZNF548	HEK293	cell-line	cell-line	cell-line	plus	none	passed
ENCFF294QFR	ENCFF294QFR	ENCSR185QFX	ENCSR989FNU	BPNet	observed signal profile	bigWig	ChIP-seq	ZNF549	HEK293	cell-line	cell-line	cell-line	minus	none	passed
ENCFF636GHE	ENCFF636GHE	ENCSR185QFX	ENCSR989FNU	BPNet	observed signal profile	bigWig	ChIP-seq	ZNF549	HEK293	cell-line	cell-line	cell-line	plus	none	passed
ENCFF870PQQ	ENCFF870PQQ	ENCSR545ACM	ENCSR747QXK	BPNet	observed signal profile	bigWig	ChIP-seq	ZNF549	HepG2	cell-line	cell-line	cell-line	minus	none	passed
ENCFF354ZCA	ENCFF354ZCA	ENCSR545ACM	ENCSR747QXK	BPNet	observed signal profile	bigWig	ChIP-seq	ZNF549	HepG2	cell-line	cell-line	cell-line	plus	none	passed
ENCFF323ZIX	ENCFF323ZIX	ENCSR325VYA	ENCSR011WOV	BPNet	observed signal profile	bigWig	ChIP-seq	ZNF557	HepG2	cell-line	cell-line	cell-line	minus	none	passed
ENCFF841OKC	ENCFF841OKC	ENCSR325VYA	ENCSR011WOV	BPNet	observed signal profile	bigWig	ChIP-seq	ZNF557	HepG2	cell-line	cell-line	cell-line	plus	none	passed
ENCFF949DPB	ENCFF949DPB	ENCSR125ULS	ENCSR626JLM	BPNet	observed signal profile	bigWig	ChIP-seq	ZNF561	HEK293	cell-line	cell-line	cell-line	minus	none	passed
ENCFF184CVG	ENCFF184CVG	ENCSR125ULS	ENCSR626JLM	BPNet	observed signal profile	bigWig	ChIP-seq	ZNF561	HEK293	cell-line	cell-line	cell-line	plus	none	passed
ENCFF322QXY	ENCFF322QXY	ENCSR727IJD	ENCSR281SKK	BPNet	observed signal profile	bigWig	ChIP-seq	ZNF562	HepG2	cell-line	cell-line	cell-line	minus	none	passed
ENCFF371YHH	ENCFF371YHH	ENCSR727IJD	ENCSR281SKK	BPNet	observed signal profile	bigWig	ChIP-seq	ZNF562	HepG2	cell-line	cell-line	cell-line	plus	none	passed
ENCFF659MSH	ENCFF659MSH	ENCSR397EOT	ENCSR846MFZ	BPNet	observed signal profile	bigWig	ChIP-seq	ZNF564	HepG2	cell-line	cell-line	cell-line	minus	none	passed
ENCFF724KWQ	ENCFF724KWQ	ENCSR397EOT	ENCSR846MFZ	BPNet	observed signal profile	bigWig	ChIP-seq	ZNF564	HepG2	cell-line	cell-line	cell-line	plus	none	passed
ENCFF491XQI	ENCFF491XQI	ENCSR754ALX	ENCSR545WAG	BPNet	observed signal profile	bigWig	ChIP-seq	ZNF565	SK-N-SH	cell-line	cell-line	cell-line	minus	none	passed
ENCFF516ILA	ENCFF516ILA	ENCSR754ALX	ENCSR545WAG	BPNet	observed signal profile	bigWig	ChIP-seq	ZNF565	SK-N-SH	cell-line	cell-line	cell-line	plus	none	passed
ENCFF010KEW	ENCFF010KEW	ENCSR886YJI	ENCSR078RTA	BPNet	observed signal profile	bigWig	ChIP-seq	ZNF574	HepG2	cell-line	cell-line	cell-line	minus	none	passed
ENCFF558FLT	ENCFF558FLT	ENCSR886YJI	ENCSR078RTA	BPNet	observed signal profile	bigWig	ChIP-seq	ZNF574	HepG2	cell-line	cell-line	cell-line	plus	none	passed
ENCFF987OQT	ENCFF987OQT	ENCSR402JAC	ENCSR631TCZ	BPNet	observed signal profile	bigWig	ChIP-seq	ZNF574	MCF-7	cell-line	cell-line	cell-line	minus	none	passed
ENCFF515GSU	ENCFF515GSU	ENCSR402JAC	ENCSR631TCZ	BPNet	observed signal profile	bigWig	ChIP-seq	ZNF574	MCF-7	cell-line	cell-line	cell-line	plus	none	passed
ENCFF681XYK	ENCFF681XYK	ENCSR668HOP	ENCSR959CUQ	BPNet	observed signal profile	bigWig	ChIP-seq	ZNF580	HEK293	cell-line	cell-line	cell-line	minus	none	passed
ENCFF839ORO	ENCFF839ORO	ENCSR668HOP	ENCSR959CUQ	BPNet	observed signal profile	bigWig	ChIP-seq	ZNF580	HEK293	cell-line	cell-line	cell-line	plus	none	passed
ENCFF677DNL	ENCFF677DNL	ENCSR149ZBI	ENCSR384YJU	BPNet	observed signal profile	bigWig	ChIP-seq	ZNF584	K562	cell-line	cell-line	cell-line	minus	none	passed
ENCFF254RBY	ENCFF254RBY	ENCSR149ZBI	ENCSR384YJU	BPNet	observed signal profile	bigWig	ChIP-seq	ZNF584	K562	cell-line	cell-line	cell-line	plus	none	passed
ENCFF275HQB	ENCFF275HQB	ENCSR011XCI	ENCSR206HFO	BPNet	observed signal profile	bigWig	ChIP-seq	ZNF585B	HEK293	cell-line	cell-line	cell-line	minus	none	passed
ENCFF122XFX	ENCFF122XFX	ENCSR011XCI	ENCSR206HFO	BPNet	observed signal profile	bigWig	ChIP-seq	ZNF585B	HEK293	cell-line	cell-line	cell-line	plus	none	passed
ENCFF482RJF	ENCFF482RJF	ENCSR344SBD	ENCSR630UCD	BPNet	observed signal profile	bigWig	ChIP-seq	ZNF596	HEK293	cell-line	cell-line	cell-line	minus	none	passed
ENCFF897YWK	ENCFF897YWK	ENCSR344SBD	ENCSR630UCD	BPNet	observed signal profile	bigWig	ChIP-seq	ZNF596	HEK293	cell-line	cell-line	cell-line	plus	none	passed
ENCFF865TQG	ENCFF865TQG	ENCSR903JFF	ENCSR924AMT	BPNet	observed signal profile	bigWig	ChIP-seq	ZNF605	HepG2	cell-line	cell-line	cell-line	minus	none	passed
ENCFF814YYG	ENCFF814YYG	ENCSR903JFF	ENCSR924AMT	BPNet	observed signal profile	bigWig	ChIP-seq	ZNF605	HepG2	cell-line	cell-line	cell-line	plus	none	passed
ENCFF459WCO	ENCFF459WCO	ENCSR691TXI	ENCSR034YDZ	BPNet	observed signal profile	bigWig	ChIP-seq	ZNF610	HEK293	cell-line	cell-line	cell-line	minus	none	passed
ENCFF359KVS	ENCFF359KVS	ENCSR691TXI	ENCSR034YDZ	BPNet	observed signal profile	bigWig	ChIP-seq	ZNF610	HEK293	cell-line	cell-line	cell-line	plus	none	passed
ENCFF138VUH	ENCFF138VUH	ENCSR022IZK	ENCSR793WAG	BPNet	observed signal profile	bigWig	ChIP-seq	ZNF623	HEK293	cell-line	cell-line	cell-line	minus	none	passed
ENCFF201AFW	ENCFF201AFW	ENCSR022IZK	ENCSR793WAG	BPNet	observed signal profile	bigWig	ChIP-seq	ZNF623	HEK293	cell-line	cell-line	cell-line	plus	none	passed
ENCFF891WUG	ENCFF891WUG	ENCSR488ZNK	ENCSR246WPX	BPNet	observed signal profile	bigWig	ChIP-seq	ZNF646	HepG2	cell-line	cell-line	cell-line	minus	none	passed
ENCFF541GYQ	ENCFF541GYQ	ENCSR488ZNK	ENCSR246WPX	BPNet	observed signal profile	bigWig	ChIP-seq	ZNF646	HepG2	cell-line	cell-line	cell-line	plus	none	passed
ENCFF332HKX	ENCFF332HKX	ENCSR283DOU	ENCSR216GEU	BPNet	observed signal profile	bigWig	ChIP-seq	ZNF660	HEK293	cell-line	cell-line	cell-line	minus	none	passed
ENCFF074GBZ	ENCFF074GBZ	ENCSR283DOU	ENCSR216GEU	BPNet	observed signal profile	bigWig	ChIP-seq	ZNF660	HEK293	cell-line	cell-line	cell-line	plus	none	passed
ENCFF979VKJ	ENCFF979VKJ	ENCSR714LZQ	ENCSR782FWV	BPNet	observed signal profile	bigWig	ChIP-seq	ZNF664	HEK293	cell-line	cell-line	cell-line	minus	none	passed
ENCFF314TDF	ENCFF314TDF	ENCSR714LZQ	ENCSR782FWV	BPNet	observed signal profile	bigWig	ChIP-seq	ZNF664	HEK293	cell-line	cell-line	cell-line	plus	none	passed
ENCFF315MCD	ENCFF315MCD	ENCSR279KDC	ENCSR642ICI	BPNet	observed signal profile	bigWig	ChIP-seq	ZNF677	HEK293	cell-line	cell-line	cell-line	minus	none	passed
ENCFF999DER	ENCFF999DER	ENCSR279KDC	ENCSR642ICI	BPNet	observed signal profile	bigWig	ChIP-seq	ZNF677	HEK293	cell-line	cell-line	cell-line	plus	none	passed
ENCFF804BQY	ENCFF804BQY	ENCSR307CKC	ENCSR285CBS	BPNet	observed signal profile	bigWig	ChIP-seq	ZNF680	HEK293	cell-line	cell-line	cell-line	minus	none	passed
ENCFF802ZHR	ENCFF802ZHR	ENCSR307CKC	ENCSR285CBS	BPNet	observed signal profile	bigWig	ChIP-seq	ZNF680	HEK293	cell-line	cell-line	cell-line	plus	none	passed
ENCFF558FVH	ENCFF558FVH	ENCSR418MKG	ENCSR561WGU	BPNet	observed signal profile	bigWig	ChIP-seq	ZNF692	HEK293	cell-line	cell-line	cell-line	minus	none	passed
ENCFF151AJY	ENCFF151AJY	ENCSR418MKG	ENCSR561WGU	BPNet	observed signal profile	bigWig	ChIP-seq	ZNF692	HEK293	cell-line	cell-line	cell-line	plus	none	passed
ENCFF113RUM	ENCFF113RUM	ENCSR454SCH	ENCSR633VZO	BPNet	observed signal profile	bigWig	ChIP-seq	ZNF7	K562	cell-line	cell-line	cell-line	minus	none	passed
ENCFF176XCU	ENCFF176XCU	ENCSR454SCH	ENCSR633VZO	BPNet	observed signal profile	bigWig	ChIP-seq	ZNF7	K562	cell-line	cell-line	cell-line	plus	none	passed
ENCFF073TJR	ENCFF073TJR	ENCSR207GYC	ENCSR954CQT	BPNet	observed signal profile	bigWig	ChIP-seq	ZNF70	SK-N-SH	cell-line	cell-line	cell-line	minus	none	passed
ENCFF212VND	ENCFF212VND	ENCSR207GYC	ENCSR954CQT	BPNet	observed signal profile	bigWig	ChIP-seq	ZNF70	SK-N-SH	cell-line	cell-line	cell-line	plus	none	passed
ENCFF954PUS	ENCFF954PUS	ENCSR547TGL	ENCSR978UNF	BPNet	observed signal profile	bigWig	ChIP-seq	ZNF701	HEK293	cell-line	cell-line	cell-line	minus	none	passed
ENCFF972UAA	ENCFF972UAA	ENCSR547TGL	ENCSR978UNF	BPNet	observed signal profile	bigWig	ChIP-seq	ZNF701	HEK293	cell-line	cell-line	cell-line	plus	none	passed
ENCFF749OCV	ENCFF749OCV	ENCSR194KWL	ENCSR546QIV	BPNet	observed signal profile	bigWig	ChIP-seq	ZNF704	HEK293	cell-line	cell-line	cell-line	minus	none	passed
ENCFF171JMI	ENCFF171JMI	ENCSR194KWL	ENCSR546QIV	BPNet	observed signal profile	bigWig	ChIP-seq	ZNF704	HEK293	cell-line	cell-line	cell-line	plus	none	passed
ENCFF129ZFY	ENCFF129ZFY	ENCSR854IPI	ENCSR480HEH	BPNet	observed signal profile	bigWig	ChIP-seq	ZNF707	HEK293	cell-line	cell-line	cell-line	minus	none	passed
ENCFF425PDR	ENCFF425PDR	ENCSR854IPI	ENCSR480HEH	BPNet	observed signal profile	bigWig	ChIP-seq	ZNF707	HEK293	cell-line	cell-line	cell-line	plus	none	passed
ENCFF450HGM	ENCFF450HGM	ENCSR017XHZ	ENCSR043MDP	BPNet	observed signal profile	bigWig	ChIP-seq	ZNF707	HepG2	cell-line	cell-line	cell-line	minus	none	passed
ENCFF101WLD	ENCFF101WLD	ENCSR017XHZ	ENCSR043MDP	BPNet	observed signal profile	bigWig	ChIP-seq	ZNF707	HepG2	cell-line	cell-line	cell-line	plus	none	passed
ENCFF877DLZ	ENCFF877DLZ	ENCSR077TKJ	ENCSR000RSZ	BPNet	observed signal profile	bigWig	ChIP-seq	ZNF707	K562	cell-line	cell-line	cell-line	minus	none	passed
ENCFF795WEM	ENCFF795WEM	ENCSR077TKJ	ENCSR000RSZ	BPNet	observed signal profile	bigWig	ChIP-seq	ZNF707	K562	cell-line	cell-line	cell-line	plus	none	passed
ENCFF443FNH	ENCFF443FNH	ENCSR755ZAY	ENCSR726XMS	BPNet	observed signal profile	bigWig	ChIP-seq	ZNF740	HepG2	cell-line	cell-line	cell-line	minus	none	passed
ENCFF061FLK	ENCFF061FLK	ENCSR755ZAY	ENCSR726XMS	BPNet	observed signal profile	bigWig	ChIP-seq	ZNF740	HepG2	cell-line	cell-line	cell-line	plus	none	passed
ENCFF146EOA	ENCFF146EOA	ENCSR427XYP	ENCSR563SSN	BPNet	observed signal profile	bigWig	ChIP-seq	ZNF740	K562	cell-line	cell-line	cell-line	minus	none	passed
ENCFF763QZO	ENCFF763QZO	ENCSR737UST	ENCSR880BCZ	BPNet	observed signal profile	bigWig	ChIP-seq	ZNF740	K562	cell-line	cell-line	cell-line	minus	none	passed
ENCFF251XLY	ENCFF251XLY	ENCSR427XYP	ENCSR563SSN	BPNet	observed signal profile	bigWig	ChIP-seq	ZNF740	K562	cell-line	cell-line	cell-line	plus	none	passed
ENCFF697YUH	ENCFF697YUH	ENCSR737UST	ENCSR880BCZ	BPNet	observed signal profile	bigWig	ChIP-seq	ZNF740	K562	cell-line	cell-line	cell-line	plus	none	passed
ENCFF357PIF	ENCFF357PIF	ENCSR591MYB	ENCSR922IZN	BPNet	observed signal profile	bigWig	ChIP-seq	ZNF746	HepG2	cell-line	cell-line	cell-line	minus	none	passed
ENCFF489ENA	ENCFF489ENA	ENCSR591MYB	ENCSR922IZN	BPNet	observed signal profile	bigWig	ChIP-seq	ZNF746	HepG2	cell-line	cell-line	cell-line	plus	none	passed
ENCFF722JHI	ENCFF722JHI	ENCSR099MNR	ENCSR319GCA	BPNet	observed signal profile	bigWig	ChIP-seq	ZNF75A	K562	cell-line	cell-line	cell-line	minus	none	passed
ENCFF150DWV	ENCFF150DWV	ENCSR099MNR	ENCSR319GCA	BPNet	observed signal profile	bigWig	ChIP-seq	ZNF75A	K562	cell-line	cell-line	cell-line	plus	none	passed
ENCFF502YWH	ENCFF502YWH	ENCSR072LQF	ENCSR275URJ	BPNet	observed signal profile	bigWig	ChIP-seq	ZNF76	HEK293	cell-line	cell-line	cell-line	minus	none	passed
ENCFF034XBV	ENCFF034XBV	ENCSR072LQF	ENCSR275URJ	BPNet	observed signal profile	bigWig	ChIP-seq	ZNF76	HEK293	cell-line	cell-line	cell-line	plus	none	passed
ENCFF362HKN	ENCFF362HKN	ENCSR869RSW	ENCSR220OPP	BPNet	observed signal profile	bigWig	ChIP-seq	ZNF766	HepG2	cell-line	cell-line	cell-line	minus	none	passed
ENCFF512YWP	ENCFF512YWP	ENCSR869RSW	ENCSR220OPP	BPNet	observed signal profile	bigWig	ChIP-seq	ZNF766	HepG2	cell-line	cell-line	cell-line	plus	none	passed
ENCFF784CDS	ENCFF784CDS	ENCSR194IJN	ENCSR030UBN	BPNet	observed signal profile	bigWig	ChIP-seq	ZNF766	K562	cell-line	cell-line	cell-line	minus	none	passed
ENCFF812VEX	ENCFF812VEX	ENCSR194IJN	ENCSR030UBN	BPNet	observed signal profile	bigWig	ChIP-seq	ZNF766	K562	cell-line	cell-line	cell-line	plus	none	passed
ENCFF104XHB	ENCFF104XHB	ENCSR242BGR	ENCSR055REJ	BPNet	observed signal profile	bigWig	ChIP-seq	ZNF770	HEK293	cell-line	cell-line	cell-line	minus	none	passed
ENCFF801BNH	ENCFF801BNH	ENCSR242BGR	ENCSR055REJ	BPNet	observed signal profile	bigWig	ChIP-seq	ZNF770	HEK293	cell-line	cell-line	cell-line	plus	none	passed
ENCFF283WHQ	ENCFF283WHQ	ENCSR510GKB	ENCSR032AHU	BPNet	observed signal profile	bigWig	ChIP-seq	ZNF770	HepG2	cell-line	cell-line	cell-line	minus	none	passed
ENCFF680EDJ	ENCFF680EDJ	ENCSR510GKB	ENCSR032AHU	BPNet	observed signal profile	bigWig	ChIP-seq	ZNF770	HepG2	cell-line	cell-line	cell-line	plus	none	passed
ENCFF584QDD	ENCFF584QDD	ENCSR995FUM	ENCSR384BIM	BPNet	observed signal profile	bigWig	ChIP-seq	ZNF79	K562	cell-line	cell-line	cell-line	minus	none	passed
ENCFF721YNA	ENCFF721YNA	ENCSR995FUM	ENCSR384BIM	BPNet	observed signal profile	bigWig	ChIP-seq	ZNF79	K562	cell-line	cell-line	cell-line	plus	none	passed
ENCFF677ZVC	ENCFF677ZVC	ENCSR325QLX	ENCSR812AAD	BPNet	observed signal profile	bigWig	ChIP-seq	ZNF8	SK-N-SH	cell-line	cell-line	cell-line	minus	none	passed
ENCFF283VKS	ENCFF283VKS	ENCSR325QLX	ENCSR812AAD	BPNet	observed signal profile	bigWig	ChIP-seq	ZNF8	SK-N-SH	cell-line	cell-line	cell-line	plus	none	passed
ENCFF461EQO	ENCFF461EQO	ENCSR701WPG	ENCSR786LIM	BPNet	observed signal profile	bigWig	ChIP-seq	ZNF800	HepG2	cell-line	cell-line	cell-line	minus	none	passed
ENCFF260OFG	ENCFF260OFG	ENCSR701WPG	ENCSR786LIM	BPNet	observed signal profile	bigWig	ChIP-seq	ZNF800	HepG2	cell-line	cell-line	cell-line	plus	none	passed
ENCFF311UHD	ENCFF311UHD	ENCSR257XVY	ENCSR832DWY	BPNet	observed signal profile	bigWig	ChIP-seq	ZNF83	K562	cell-line	cell-line	cell-line	minus	none	passed
ENCFF394LQX	ENCFF394LQX	ENCSR257XVY	ENCSR832DWY	BPNet	observed signal profile	bigWig	ChIP-seq	ZNF83	K562	cell-line	cell-line	cell-line	plus	none	passed
ENCFF742VML	ENCFF742VML	ENCSR891KPP	ENCSR144JWD	BPNet	observed signal profile	bigWig	ChIP-seq	ZNF865	HepG2	cell-line	cell-line	cell-line	minus	none	passed
ENCFF990COZ	ENCFF990COZ	ENCSR891KPP	ENCSR144JWD	BPNet	observed signal profile	bigWig	ChIP-seq	ZNF865	HepG2	cell-line	cell-line	cell-line	plus	none	passed
ENCFF810FMO	ENCFF810FMO	ENCSR864VJE	ENCSR201ESU	BPNet	observed signal profile	bigWig	ChIP-seq	ZSCAN16	HEK293	cell-line	cell-line	cell-line	minus	none	passed
ENCFF134QXR	ENCFF134QXR	ENCSR864VJE	ENCSR201ESU	BPNet	observed signal profile	bigWig	ChIP-seq	ZSCAN16	HEK293	cell-line	cell-line	cell-line	plus	none	passed
ENCFF484DOJ	ENCFF484DOJ	ENCSR253CKN	ENCSR591HHL	BPNet	observed signal profile	bigWig	ChIP-seq	ZSCAN21	HEK293	cell-line	cell-line	cell-line	minus	none	passed
ENCFF928NDD	ENCFF928NDD	ENCSR253CKN	ENCSR591HHL	BPNet	observed signal profile	bigWig	ChIP-seq	ZSCAN21	HEK293	cell-line	cell-line	cell-line	plus	none	passed
ENCFF763WUU	ENCFF763WUU	ENCSR210DDA	ENCSR873BKE	BPNet	observed signal profile	bigWig	ChIP-seq	ZSCAN21	HepG2	cell-line	cell-line	cell-line	minus	none	passed
ENCFF205TUU	ENCFF205TUU	ENCSR210DDA	ENCSR873BKE	BPNet	observed signal profile	bigWig	ChIP-seq	ZSCAN21	HepG2	cell-line	cell-line	cell-line	plus	none	passed
ENCFF643RJP	ENCFF643RJP	ENCSR050KWL	ENCSR880BAN	BPNet	observed signal profile	bigWig	ChIP-seq	ZSCAN22	HepG2	cell-line	cell-line	cell-line	minus	none	passed
ENCFF724BWS	ENCFF724BWS	ENCSR050KWL	ENCSR880BAN	BPNet	observed signal profile	bigWig	ChIP-seq	ZSCAN22	HepG2	cell-line	cell-line	cell-line	plus	none	passed
ENCFF757UOO	ENCFF757UOO	ENCSR412YGM	ENCSR268UNG	BPNet	observed signal profile	bigWig	ChIP-seq	ZSCAN29	GM12878	cell-line	cell-line	cell-line	minus	none	passed
ENCFF350CLU	ENCFF350CLU	ENCSR412YGM	ENCSR268UNG	BPNet	observed signal profile	bigWig	ChIP-seq	ZSCAN29	GM12878	cell-line	cell-line	cell-line	plus	none	passed
ENCFF495DRH	ENCFF495DRH	ENCSR422VAG	ENCSR171VVK	BPNet	observed signal profile	bigWig	ChIP-seq	ZSCAN29	HepG2	cell-line	cell-line	cell-line	minus	none	passed
ENCFF630OMG	ENCFF630OMG	ENCSR422VAG	ENCSR171VVK	BPNet	observed signal profile	bigWig	ChIP-seq	ZSCAN29	HepG2	cell-line	cell-line	cell-line	plus	none	passed
ENCFF548LSO	ENCFF548LSO	ENCSR635EXI	ENCSR926KQC	BPNet	observed signal profile	bigWig	ChIP-seq	ZSCAN29	K562	cell-line	cell-line	cell-line	minus	none	passed
ENCFF851BFK	ENCFF851BFK	ENCSR175SZH	ENCSR451MPB	BPNet	observed signal profile	bigWig	ChIP-seq	ZSCAN29	K562	cell-line	cell-line	cell-line	minus	none	passed
ENCFF651EWL	ENCFF651EWL	ENCSR175SZH	ENCSR451MPB	BPNet	observed signal profile	bigWig	ChIP-seq	ZSCAN29	K562	cell-line	cell-line	cell-line	plus	none	passed
ENCFF776ZTV	ENCFF776ZTV	ENCSR635EXI	ENCSR926KQC	BPNet	observed signal profile	bigWig	ChIP-seq	ZSCAN29	K562	cell-line	cell-line	cell-line	plus	none	passed
ENCFF130KNF	ENCFF130KNF	ENCSR493VBX	ENCSR887KCX	BPNet	observed signal profile	bigWig	ChIP-seq	ZSCAN31	HepG2	cell-line	cell-line	cell-line	minus	none	passed
ENCFF358SKX	ENCFF358SKX	ENCSR493VBX	ENCSR887KCX	BPNet	observed signal profile	bigWig	ChIP-seq	ZSCAN31	HepG2	cell-line	cell-line	cell-line	plus	none	passed
ENCFF854MUV	ENCFF854MUV	ENCSR211GNP	ENCSR931GRD	BPNet	observed signal profile	bigWig	ChIP-seq	ZSCAN4	HEK293	cell-line	cell-line	cell-line	minus	none	passed
ENCFF877KVZ	ENCFF877KVZ	ENCSR211GNP	ENCSR931GRD	BPNet	observed signal profile	bigWig	ChIP-seq	ZSCAN4	HEK293	cell-line	cell-line	cell-line	plus	none	passed
ENCFF058FBN	ENCFF058FBN	ENCSR731AGO	ENCSR905ZVU	BPNet	observed signal profile	bigWig	ChIP-seq	ZSCAN5C	HEK293	cell-line	cell-line	cell-line	minus	none	passed
ENCFF647HRD	ENCFF647HRD	ENCSR731AGO	ENCSR905ZVU	BPNet	observed signal profile	bigWig	ChIP-seq	ZSCAN5C	HEK293	cell-line	cell-line	cell-line	plus	none	passed
ENCFF761BCD	ENCFF761BCD	ENCSR559IOZ	ENCSR987TUW	BPNet	observed signal profile	bigWig	ChIP-seq	ZXDB	HEK293	cell-line	cell-line	cell-line	minus	none	passed
ENCFF312BGI	ENCFF312BGI	ENCSR559IOZ	ENCSR987TUW	BPNet	observed signal profile	bigWig	ChIP-seq	ZXDB	HEK293	cell-line	cell-line	cell-line	plus	none	passed
