track_key	file_accession	experiment	model_accession	model	track_type	format	assay	target	biosample	tissue	organ	system	strand	score_type	qc_flag
ENCFF944XTC	ENCFF944XTC	ENCSR590KEQ	ENCSR728JEK	BPNet	normalized predicted signal profile	bigWig	ChIP-seq	ARNT	GM12878	cell-line	cell-line	cell-line	minus	none	passed
ENCFF356HEC	ENCFF356HEC	ENCSR590KEQ	ENCSR728JEK	BPNet	normalized predicted signal profile	bigWig	ChIP-seq	ARNT	GM12878	cell-line	cell-line	cell-line	plus	none	passed
ENCFF650OUD	ENCFF650OUD	ENCSR760UKJ	ENCSR572ENG	BPNet	normalized predicted signal profile	bigWig	ChIP-seq	ARNT	HEK293T	cell-line	cell-line	cell-line	minus	none	passed
ENCFF147KWK	ENCFF147KWK	ENCSR760UKJ	ENCSR572ENG	BPNet	normalized predicted signal profile	bigWig	ChIP-seq	ARNT	HEK293T	cell-line	cell-line	cell-line	plus	none	passed
ENCFF202VVC	ENCFF202VVC	ENCSR267TGY	ENCSR041XVL	BPNet	normalized predicted signal profile	bigWig	ChIP-seq	ARNT2	HepG2	cell-line	cell-line	cell-line	minus	none	passed
ENCFF844ESL	ENCFF844ESL	ENCSR267TGY	ENCSR041XVL	BPNet	normalized predicted signal profile	bigWig	ChIP-seq	ARNT2	HepG2	cell-line	cell-line	cell-line	plus	none	passed
ENCFF581ULJ	ENCFF581ULJ	ENCSR794LVK	ENCSR768KYM	BPNet	normalized predicted signal profile	bigWig	ChIP-seq	ARNTL	HepG2	cell-line	cell-line	cell-line	minus	none	passed
ENCFF725PCO	ENCFF725PCO	ENCSR794LVK	ENCSR768KYM	BPNet	normalized predicted signal profile	bigWig	ChIP-seq	ARNTL	HepG2	cell-line	cell-line	cell-line	plus	none	passed
ENCFF831TIL	ENCFF831TIL	ENCSR949COJ	ENCSR195HNX	BPNet	normalized predicted signal profile	bigWig	ChIP-seq	ARNTL	SK-N-SH	cell-line	cell-line	cell-line	minus	none	passed
ENCFF831VKM	ENCFF831VKM	ENCSR949COJ	ENCSR195HNX	BPNet	normalized predicted signal profile	bigWig	ChIP-seq	ARNTL	SK-N-SH	cell-line	cell-line	cell-line	plus	none	passed
ENCFF610AKO	ENCFF610AKO	ENCSR253OON	ENCSR921NDS	BPNet	normalized predicted signal profile	bigWig	ChIP-seq	ATF1	HepG2	cell-line	cell-line	cell-line	minus	none	passed
ENCFF516TUM	ENCFF516TUM	ENCSR253OON	ENCSR921NDS	BPNet	normalized predicted signal profile	bigWig	ChIP-seq	ATF1	HepG2	cell-line	cell-line	cell-line	plus	none	passed
ENCFF163ATG	ENCFF163ATG	ENCSR159OCC	ENCSR098GCX	BPNet	normalized predicted signal profile	bigWig	ChIP-seq	ATF1	K562	cell-line	cell-line	cell-line	minus	none	passed
ENCFF532NWF	ENCFF532NWF	ENCSR085XDP	ENCSR492OAC	BPNet	normalized predicted signal profile	bigWig	ChIP-seq	ATF1	K562	cell-line	cell-line	cell-line	minus	none	passed
ENCFF543PYZ	ENCFF543PYZ	ENCSR000DNZ	ENCSR945EBR	BPNet	normalized predicted signal profile	bigWig	ChIP-seq	ATF1	K562	cell-line	cell-line	cell-line	minus	none	passed
ENCFF835PPR	ENCFF835PPR	ENCSR091GVJ	ENCSR901APQ	BPNet	normalized predicted signal profile	bigWig	ChIP-seq	ATF1	K562	cell-line	cell-line	cell-line	minus	none	passed
ENCFF041SJO	ENCFF041SJO	ENCSR159OCC	ENCSR098GCX	BPNet	normalized predicted signal profile	bigWig	ChIP-seq	ATF1	K562	cell-line	cell-line	cell-line	plus	none	passed
ENCFF086IVV	ENCFF086IVV	ENCSR000DNZ	ENCSR945EBR	BPNet	normalized predicted signal profile	bigWig	ChIP-seq	ATF1	K562	cell-line	cell-line	cell-line	plus	none	passed
ENCFF759OKQ	ENCFF759OKQ	ENCSR091GVJ	ENCSR901APQ	BPNet	normalized predicted signal profile	bigWig	ChIP-seq	ATF1	K562	cell-line	cell-line	cell-line	plus	none	passed
ENCFF971GUK	ENCFF971GUK	ENCSR085XDP	ENCSR492OAC	BPNet	normalized predicted signal profile	bigWig	ChIP-seq	ATF1	K562	cell-line	cell-line	cell-line	plus	none	passed
ENCFF978WGW	ENCFF978WGW	ENCSR887VJM	ENCSR066VPU	BPNet	normalized predicted signal profile	bigWig	ChIP-seq	ATF1	WTC11	cell-line	cell-line	cell-line	minus	none	passed
ENCFF877UNU	ENCFF877UNU	ENCSR887VJM	ENCSR066VPU	BPNet	normalized predicted signal profile	bigWig	ChIP-seq	ATF1	WTC11	cell-line	cell-line	cell-line	plus	none	passed
ENCFF307NYS	ENCFF307NYS	ENCSR961PPA	ENCSR948FHI	BPNet	normalized predicted signal profile	bigWig	ChIP-seq	ATF2	GM12878	cell-line	cell-line	cell-line	minus	none	passed
ENCFF485KBV	ENCFF485KBV	ENCSR000BQK	ENCSR805HVX	BPNet	normalized predicted signal profile	bigWig	ChIP-seq	ATF2	GM12878	cell-line	cell-line	cell-line	minus	none	passed
ENCFF550MAG	ENCFF550MAG	ENCSR961PPA	ENCSR948FHI	BPNet	normalized predicted signal profile	bigWig	ChIP-seq	ATF2	GM12878	cell-line	cell-line	cell-line	plus	none	passed
ENCFF869ZRG	ENCFF869ZRG	ENCSR000BQK	ENCSR805HVX	BPNet	normalized predicted signal profile	bigWig	ChIP-seq	ATF2	GM12878	cell-line	cell-line	cell-line	plus	none	passed
ENCFF991CEB	ENCFF991CEB	ENCSR000BQU	ENCSR351BPK	BPNet	normalized predicted signal profile	bigWig	ChIP-seq	ATF2	H1	cell-line	cell-line	cell-line	minus	none	passed
ENCFF793TGL	ENCFF793TGL	ENCSR000BQU	ENCSR351BPK	BPNet	normalized predicted signal profile	bigWig	ChIP-seq	ATF2	H1	cell-line	cell-line	cell-line	plus	none	passed
ENCFF825WXK	ENCFF825WXK	ENCSR217HTK	ENCSR510IRZ	BPNet	normalized predicted signal profile	bigWig	ChIP-seq	ATF2	HEK293	cell-line	cell-line	cell-line	minus	none	passed
ENCFF017VWJ	ENCFF017VWJ	ENCSR217HTK	ENCSR510IRZ	BPNet	normalized predicted signal profile	bigWig	ChIP-seq	ATF2	HEK293	cell-line	cell-line	cell-line	plus	none	passed
ENCFF214XDE	ENCFF214XDE	ENCSR047BUZ	ENCSR268FRB	BPNet	normalized predicted signal profile	bigWig	ChIP-seq	ATF2	HepG2	cell-line	cell-line	cell-line	minus	none	passed
ENCFF601LUS	ENCFF601LUS	ENCSR908HWZ	ENCSR290NUC	BPNet	normalized predicted signal profile	bigWig	ChIP-seq	ATF2	HepG2	cell-line	cell-line	cell-line	minus	none	passed
ENCFF090DTZ	ENCFF090DTZ	ENCSR908HWZ	ENCSR290NUC	BPNet	normalized predicted signal profile	bigWig	ChIP-seq	ATF2	HepG2	cell-line	cell-line	cell-line	plus	none	passed
ENCFF601TLV	ENCFF601TLV	ENCSR047BUZ	ENCSR268FRB	BPNet	normalized predicted signal profile	bigWig	ChIP-seq	ATF2	HepG2	cell-line	cell-line	cell-line	plus	none	passed
ENCFF784YNM	ENCFF784YNM	ENCSR014ARU	ENCSR329DYY	BPNet	normalized predicted signal profile	bigWig	ChIP-seq	ATF2	K562	cell-line	cell-line	cell-line	minus	none	passed
ENCFF981YWK	ENCFF981YWK	ENCSR869IUD	ENCSR762MDC	BPNet	normalized predicted signal profile	bigWig	ChIP-seq	ATF2	K562	cell-line	cell-line	cell-line	minus	none	passed
ENCFF354MYF	ENCFF354MYF	ENCSR869IUD	ENCSR762MDC	BPNet	normalized predicted signal profile	bigWig	ChIP-seq	ATF2	K562	cell-line	cell-line	cell-line	plus	none	passed
ENCFF511RKT	ENCFF511RKT	ENCSR014ARU	ENCSR329DYY	BPNet	normalized predicted signal profile	bigWig	ChIP-seq	ATF2	K562	cell-line	cell-line	cell-line	plus	none	passed
ENCFF595XMX	ENCFF595XMX	ENCSR000BPS	ENCSR473TBT	BPNet	normalized predicted signal profile	bigWig	ChIP-seq	ATF3	A549	cell-line	cell-line	cell-line	minus	none	passed
ENCFF520HSW	ENCFF520HSW	ENCSR000BPS	ENCSR473TBT	BPNet	normalized predicted signal profile	bigWig	ChIP-seq	ATF3	A549	cell-line	cell-line	cell-line	plus	none	passed
ENCFF759DQE	ENCFF759DQE	ENCSR000BKC	ENCSR957UER	BPNet	normalized predicted signal profile	bigWig	ChIP-seq	ATF3	H1	cell-line	cell-line	cell-line	minus	none	passed
ENCFF794VES	ENCFF794VES	ENCSR000BKC	ENCSR957UER	BPNet	normalized predicted signal profile	bigWig	ChIP-seq	ATF3	H1	cell-line	cell-line	cell-line	plus	none	passed
ENCFF227HXY	ENCFF227HXY	ENCSR000BUG	ENCSR070KTD	BPNet	normalized predicted signal profile	bigWig	ChIP-seq	ATF3	HCT116	cell-line	cell-line	cell-line	minus	none	passed
ENCFF044NXD	ENCFF044NXD	ENCSR000BUG	ENCSR070KTD	BPNet	normalized predicted signal profile	bigWig	ChIP-seq	ATF3	HCT116	cell-line	cell-line	cell-line	plus	none	passed
ENCFF760OPV	ENCFF760OPV	ENCSR000BKE	ENCSR469WUV	BPNet	normalized predicted signal profile	bigWig	ChIP-seq	ATF3	HepG2	cell-line	cell-line	cell-line	minus	none	passed
ENCFF885GRU	ENCFF885GRU	ENCSR402ZCY	ENCSR295WDS	BPNet	normalized predicted signal profile	bigWig	ChIP-seq	ATF3	HepG2	cell-line	cell-line	cell-line	minus	none	passed
ENCFF642FHJ	ENCFF642FHJ	ENCSR000BKE	ENCSR469WUV	BPNet	normalized predicted signal profile	bigWig	ChIP-seq	ATF3	HepG2	cell-line	cell-line	cell-line	plus	none	passed
ENCFF926HGL	ENCFF926HGL	ENCSR402ZCY	ENCSR295WDS	BPNet	normalized predicted signal profile	bigWig	ChIP-seq	ATF3	HepG2	cell-line	cell-line	cell-line	plus	none	passed
ENCFF131JTA	ENCFF131JTA	ENCSR000DOG	ENCSR171HUI	BPNet	normalized predicted signal profile	bigWig	ChIP-seq	ATF3	K562	cell-line	cell-line	cell-line	minus	none	passed
ENCFF590YYZ	ENCFF590YYZ	ENCSR000BNU	ENCSR938IXD	BPNet	normalized predicted signal profile	bigWig	ChIP-seq	ATF3	K562	cell-line	cell-line	cell-line	minus	none	passed
ENCFF805GVC	ENCFF805GVC	ENCSR632DCH	ENCSR697WUY	BPNet	normalized predicted signal profile	bigWig	ChIP-seq	ATF3	K562	cell-line	cell-line	cell-line	minus	none	passed
ENCFF955KXI	ENCFF955KXI	ENCSR028UIU	ENCSR405ECI	BPNet	normalized predicted signal profile	bigWig	ChIP-seq	ATF3	K562	cell-line	cell-line	cell-line	minus	none	passed
ENCFF003XTG	ENCFF003XTG	ENCSR632DCH	ENCSR697WUY	BPNet	normalized predicted signal profile	bigWig	ChIP-seq	ATF3	K562	cell-line	cell-line	cell-line	plus	none	passed
ENCFF334ETN	ENCFF334ETN	ENCSR000DOG	ENCSR171HUI	BPNet	normalized predicted signal profile	bigWig	ChIP-seq	ATF3	K562	cell-line	cell-line	cell-line	plus	none	passed
ENCFF647AEQ	ENCFF647AEQ	ENCSR028UIU	ENCSR405ECI	BPNet	normalized predicted signal profile	bigWig	ChIP-seq	ATF3	K562	cell-line	cell-line	cell-line	plus	none	passed
ENCFF799FIK	ENCFF799FIK	ENCSR000BNU	ENCSR938IXD	BPNet	normalized predicted signal profile	bigWig	ChIP-seq	ATF3	K562	cell-line	cell-line	cell-line	plus	none	passed
ENCFF358CDF	ENCFF358CDF	ENCSR480LIS	ENCSR899JOK	BPNet	normalized predicted signal profile	bigWig	ChIP-seq	ATF3	liver	liver	liver	digestive-system	minus	none	passed
ENCFF378ISO	ENCFF378ISO	ENCSR205FOW	ENCSR747WRJ	BPNet	normalized predicted signal profile	bigWig	ChIP-seq	ATF3	liver	liver	liver	digestive-system	minus	none	passed
ENCFF186HSL	ENCFF186HSL	ENCSR205FOW	ENCSR747WRJ	BPNet	normalized predicted signal profile	bigWig	ChIP-seq	ATF3	liver	liver	liver	digestive-system	plus	none	passed
ENCFF687FFD	ENCFF687FFD	ENCSR480LIS	ENCSR899JOK	BPNet	normalized predicted signal profile	bigWig	ChIP-seq	ATF3	liver	liver	liver	digestive-system	plus	none	passed
ENCFF077TPO	ENCFF077TPO	ENCSR288ZFV	ENCSR541PJK	BPNet	normalized predicted signal profile	bigWig	ChIP-seq	ATF4	HepG2	cell-line	cell-line	cell-line	minus	none	passed
ENCFF218XOX	ENCFF218XOX	ENCSR965SHB	ENCSR542HXB	BPNet	normalized predicted signal profile	bigWig	ChIP-seq	ATF4	HepG2	cell-line	cell-line	cell-line	minus	none	passed
ENCFF468ACX	ENCFF468ACX	ENCSR803PAI	ENCSR800VEQ	BPNet	normalized predicted signal profile	bigWig	ChIP-seq	ATF4	HepG2	cell-line	cell-line	cell-line	minus	none	passed
ENCFF073DVB	ENCFF073DVB	ENCSR965SHB	ENCSR542HXB	BPNet	normalized predicted signal profile	bigWig	ChIP-seq	ATF4	HepG2	cell-line	cell-line	cell-line	plus	none	passed
ENCFF448QRE	ENCFF448QRE	ENCSR288ZFV	ENCSR541PJK	BPNet	normalized predicted signal profile	bigWig	ChIP-seq	ATF4	HepG2	cell-line	cell-line	cell-line	plus	none	passed
ENCFF518NLW	ENCFF518NLW	ENCSR803PAI	ENCSR800VEQ	BPNet	normalized predicted signal profile	bigWig	ChIP-seq	ATF4	HepG2	cell-line	cell-line	cell-line	plus	none	passed
ENCFF484GBX	ENCFF484GBX	ENCSR044UJJ	ENCSR545YPY	BPNet	normalized predicted signal profile	bigWig	ChIP-seq	ATF4	K562	cell-line	cell-line	cell-line	minus	none	passed
ENCFF500WUN	ENCFF500WUN	ENCSR145TSJ	ENCSR254DFG	BPNet	normalized predicted signal profile	bigWig	ChIP-seq	ATF4	K562	cell-line	cell-line	cell-line	minus	none	passed
ENCFF226QER	ENCFF226QER	ENCSR044UJJ	ENCSR545YPY	BPNet	normalized predicted signal profile	bigWig	ChIP-seq	ATF4	K562	cell-line	cell-line	cell-line	plus	none	passed
ENCFF768MGU	ENCFF768MGU	ENCSR145TSJ	ENCSR254DFG	BPNet	normalized predicted signal profile	bigWig	ChIP-seq	ATF4	K562	cell-line	cell-line	cell-line	plus	none	passed
ENCFF013YWC	ENCFF013YWC	ENCSR161CZA	ENCSR234UFS	BPNet	normalized predicted signal profile	bigWig	ChIP-seq	ATOH8	A549	cell-line	cell-line	cell-line	minus	none	passed
ENCFF097EHV	ENCFF097EHV	ENCSR161CZA	ENCSR234UFS	BPNet	normalized predicted signal profile	bigWig	ChIP-seq	ATOH8	A549	cell-line	cell-line	cell-line	plus	none	passed
ENCFF739HZC	ENCFF739HZC	ENCSR636MKU	ENCSR478VGG	BPNet	normalized predicted signal profile	bigWig	ChIP-seq	BACH1	GM12878	cell-line	cell-line	cell-line	minus	none	passed
ENCFF727BVR	ENCFF727BVR	ENCSR636MKU	ENCSR478VGG	BPNet	normalized predicted signal profile	bigWig	ChIP-seq	BACH1	GM12878	cell-line	cell-line	cell-line	plus	none	passed
ENCFF270EEI	ENCFF270EEI	ENCSR000EGD	ENCSR326GUZ	BPNet	normalized predicted signal profile	bigWig	ChIP-seq	BACH1	K562	cell-line	cell-line	cell-line	minus	none	passed
ENCFF647AQI	ENCFF647AQI	ENCSR740NPG	ENCSR166BIR	BPNet	normalized predicted signal profile	bigWig	ChIP-seq	BACH1	K562	cell-line	cell-line	cell-line	minus	none	passed
ENCFF597CPC	ENCFF597CPC	ENCSR000EGD	ENCSR326GUZ	BPNet	normalized predicted signal profile	bigWig	ChIP-seq	BACH1	K562	cell-line	cell-line	cell-line	plus	none	passed
ENCFF695PDM	ENCFF695PDM	ENCSR740NPG	ENCSR166BIR	BPNet	normalized predicted signal profile	bigWig	ChIP-seq	BACH1	K562	cell-line	cell-line	cell-line	plus	none	passed
ENCFF805MXQ	ENCFF805MXQ	ENCSR036THH	ENCSR467XIK	BPNet	normalized predicted signal profile	bigWig	ChIP-seq	BACH2	SK-N-SH	cell-line	cell-line	cell-line	minus	none	passed
ENCFF271LZV	ENCFF271LZV	ENCSR036THH	ENCSR467XIK	BPNet	normalized predicted signal profile	bigWig	ChIP-seq	BACH2	SK-N-SH	cell-line	cell-line	cell-line	plus	none	passed
ENCFF581LTB	ENCFF581LTB	ENCSR000BGT	ENCSR367ANH	BPNet	normalized predicted signal profile	bigWig	ChIP-seq	BATF	GM12878	cell-line	cell-line	cell-line	minus	none	passed
ENCFF559VMI	ENCFF559VMI	ENCSR000BGT	ENCSR367ANH	BPNet	normalized predicted signal profile	bigWig	ChIP-seq	BATF	GM12878	cell-line	cell-line	cell-line	plus	none	passed
ENCFF518BJR	ENCFF518BJR	ENCSR507BRS	ENCSR611OLN	BPNet	normalized predicted signal profile	bigWig	ChIP-seq	BATF2	HepG2	cell-line	cell-line	cell-line	minus	none	passed
ENCFF171LWG	ENCFF171LWG	ENCSR507BRS	ENCSR611OLN	BPNet	normalized predicted signal profile	bigWig	ChIP-seq	BATF2	HepG2	cell-line	cell-line	cell-line	plus	none	passed
ENCFF119MHF	ENCFF119MHF	ENCSR000BHA	ENCSR683WNX	BPNet	normalized predicted signal profile	bigWig	ChIP-seq	BCL11A	GM12878	cell-line	cell-line	cell-line	minus	none	passed
ENCFF737KDQ	ENCFF737KDQ	ENCSR000BHA	ENCSR683WNX	BPNet	normalized predicted signal profile	bigWig	ChIP-seq	BCL11A	GM12878	cell-line	cell-line	cell-line	plus	none	passed
ENCFF624XBL	ENCFF624XBL	ENCSR021DJC	ENCSR027OIP	BPNet	normalized predicted signal profile	bigWig	ChIP-seq	BCL11A	HEK293	cell-line	cell-line	cell-line	minus	none	passed
ENCFF446RUR	ENCFF446RUR	ENCSR021DJC	ENCSR027OIP	BPNet	normalized predicted signal profile	bigWig	ChIP-seq	BCL11A	HEK293	cell-line	cell-line	cell-line	plus	none	passed
ENCFF020UYK	ENCFF020UYK	ENCSR770PQN	ENCSR676KNH	BPNet	normalized predicted signal profile	bigWig	ChIP-seq	BCL11B	HEK293	cell-line	cell-line	cell-line	minus	none	passed
ENCFF910NDG	ENCFF910NDG	ENCSR770PQN	ENCSR676KNH	BPNet	normalized predicted signal profile	bigWig	ChIP-seq	BCL11B	HEK293	cell-line	cell-line	cell-line	plus	none	passed
ENCFF636FDC	ENCFF636FDC	ENCSR759BDG	ENCSR679ZPP	BPNet	normalized predicted signal profile	bigWig	ChIP-seq	BCL6	HepG2	cell-line	cell-line	cell-line	minus	none	passed
ENCFF662GWY	ENCFF662GWY	ENCSR759BDG	ENCSR679ZPP	BPNet	normalized predicted signal profile	bigWig	ChIP-seq	BCL6	HepG2	cell-line	cell-line	cell-line	plus	none	passed
ENCFF109GSM	ENCFF109GSM	ENCSR673SGK	ENCSR317PHW	BPNet	normalized predicted signal profile	bigWig	ChIP-seq	BCL6B	HEK293	cell-line	cell-line	cell-line	minus	none	passed
ENCFF246IKG	ENCFF246IKG	ENCSR673SGK	ENCSR317PHW	BPNet	normalized predicted signal profile	bigWig	ChIP-seq	BCL6B	HEK293	cell-line	cell-line	cell-line	plus	none	passed
ENCFF047WKF	ENCFF047WKF	ENCSR888QFJ	ENCSR298UPH	BPNet	normalized predicted signal profile	bigWig	ChIP-seq	BHLHA15	HepG2	cell-line	cell-line	cell-line	minus	none	passed
ENCFF249UIP	ENCFF249UIP	ENCSR888QFJ	ENCSR298UPH	BPNet	normalized predicted signal profile	bigWig	ChIP-seq	BHLHA15	HepG2	cell-line	cell-line	cell-line	plus	none	passed
ENCFF341XXC	ENCFF341XXC	ENCSR000DYJ	ENCSR748VCW	BPNet	normalized predicted signal profile	bigWig	ChIP-seq	BHLHE40	A549	cell-line	cell-line	cell-line	minus	none	passed
ENCFF951BKW	ENCFF951BKW	ENCSR000DYJ	ENCSR748VCW	BPNet	normalized predicted signal profile	bigWig	ChIP-seq	BHLHE40	A549	cell-line	cell-line	cell-line	plus	none	passed
ENCFF152ZCW	ENCFF152ZCW	ENCSR987MTA	ENCSR342AKH	BPNet	normalized predicted signal profile	bigWig	ChIP-seq	BHLHE40	GM12878	cell-line	cell-line	cell-line	minus	none	passed
ENCFF235XLI	ENCFF235XLI	ENCSR000DZJ	ENCSR239UVB	BPNet	normalized predicted signal profile	bigWig	ChIP-seq	BHLHE40	GM12878	cell-line	cell-line	cell-line	minus	none	passed
ENCFF002TNI	ENCFF002TNI	ENCSR000DZJ	ENCSR239UVB	BPNet	normalized predicted signal profile	bigWig	ChIP-seq	BHLHE40	GM12878	cell-line	cell-line	cell-line	plus	none	passed
ENCFF634JMG	ENCFF634JMG	ENCSR987MTA	ENCSR342AKH	BPNet	normalized predicted signal profile	bigWig	ChIP-seq	BHLHE40	GM12878	cell-line	cell-line	cell-line	plus	none	passed
ENCFF133OPN	ENCFF133OPN	ENCSR000BID	ENCSR485MPU	BPNet	normalized predicted signal profile	bigWig	ChIP-seq	BHLHE40	HepG2	cell-line	cell-line	cell-line	minus	none	passed
ENCFF769DMI	ENCFF769DMI	ENCSR000EDT	ENCSR185XMD	BPNet	normalized predicted signal profile	bigWig	ChIP-seq	BHLHE40	HepG2	cell-line	cell-line	cell-line	minus	none	passed
ENCFF034ZPY	ENCFF034ZPY	ENCSR000BID	ENCSR485MPU	BPNet	normalized predicted signal profile	bigWig	ChIP-seq	BHLHE40	HepG2	cell-line	cell-line	cell-line	plus	none	passed
ENCFF134WBE	ENCFF134WBE	ENCSR000EDT	ENCSR185XMD	BPNet	normalized predicted signal profile	bigWig	ChIP-seq	BHLHE40	HepG2	cell-line	cell-line	cell-line	plus	none	passed
ENCFF025EJT	ENCFF025EJT	ENCSR957KYB	ENCSR695LTU	BPNet	normalized predicted signal profile	bigWig	ChIP-seq	BHLHE40	IMR-90	cell-line	cell-line	cell-line	minus	none	passed
ENCFF828LZM	ENCFF828LZM	ENCSR957KYB	ENCSR695LTU	BPNet	normalized predicted signal profile	bigWig	ChIP-seq	BHLHE40	IMR-90	cell-line	cell-line	cell-line	plus	none	passed
ENCFF490CZG	ENCFF490CZG	ENCSR000EGV	ENCSR789BUU	BPNet	normalized predicted signal profile	bigWig	ChIP-seq	BHLHE40	K562	cell-line	cell-line	cell-line	minus	none	passed
ENCFF159QVU	ENCFF159QVU	ENCSR000EGV	ENCSR789BUU	BPNet	normalized predicted signal profile	bigWig	ChIP-seq	BHLHE40	K562	cell-line	cell-line	cell-line	plus	none	passed
ENCFF577ITC	ENCFF577ITC	ENCSR754GYI	ENCSR103PKW	BPNet	normalized predicted signal profile	bigWig	ChIP-seq	BNC2	SK-N-SH	cell-line	cell-line	cell-line	minus	none	passed
ENCFF971EKA	ENCFF971EKA	ENCSR754GYI	ENCSR103PKW	BPNet	normalized predicted signal profile	bigWig	ChIP-seq	BNC2	SK-N-SH	cell-line	cell-line	cell-line	plus	none	passed
ENCFF312SMH	ENCFF312SMH	ENCSR860UHK	ENCSR898TRL	BPNet	normalized predicted signal profile	bigWig	ChIP-seq	CBFB	GM12878	cell-line	cell-line	cell-line	minus	none	passed
ENCFF920TDD	ENCFF920TDD	ENCSR860UHK	ENCSR898TRL	BPNet	normalized predicted signal profile	bigWig	ChIP-seq	CBFB	GM12878	cell-line	cell-line	cell-line	plus	none	passed
ENCFF195PZI	ENCFF195PZI	ENCSR479RZV	ENCSR392OOL	BPNet	normalized predicted signal profile	bigWig	ChIP-seq	CBFB	HepG2	cell-line	cell-line	cell-line	minus	none	passed
ENCFF673YJA	ENCFF673YJA	ENCSR479RZV	ENCSR392OOL	BPNet	normalized predicted signal profile	bigWig	ChIP-seq	CBFB	HepG2	cell-line	cell-line	cell-line	plus	none	passed
ENCFF653HRU	ENCFF653HRU	ENCSR116NDV	ENCSR869FJD	BPNet	normalized predicted signal profile	bigWig	ChIP-seq	CBFB	K562	cell-line	cell-line	cell-line	minus	none	passed
ENCFF726DHH	ENCFF726DHH	ENCSR116NDV	ENCSR869FJD	BPNet	normalized predicted signal profile	bigWig	ChIP-seq	CBFB	K562	cell-line	cell-line	cell-line	plus	none	passed
ENCFF751EQT	ENCFF751EQT	ENCSR142IGM	ENCSR470KOS	BPNet	normalized predicted signal profile	bigWig	ChIP-seq	CEBPA	HepG2	cell-line	cell-line	cell-line	minus	none	passed
ENCFF705CEI	ENCFF705CEI	ENCSR142IGM	ENCSR470KOS	BPNet	normalized predicted signal profile	bigWig	ChIP-seq	CEBPA	HepG2	cell-line	cell-line	cell-line	plus	none	passed
ENCFF011KZH	ENCFF011KZH	ENCSR269IUA	ENCSR354GWM	BPNet	normalized predicted signal profile	bigWig	ChIP-seq	CEBPB	A549	cell-line	cell-line	cell-line	minus	none	passed
ENCFF178IWM	ENCFF178IWM	ENCSR853DWE	ENCSR104TSU	BPNet	normalized predicted signal profile	bigWig	ChIP-seq	CEBPB	A549	cell-line	cell-line	cell-line	minus	none	passed
ENCFF221QQX	ENCFF221QQX	ENCSR299ILN	ENCSR484BEY	BPNet	normalized predicted signal profile	bigWig	ChIP-seq	CEBPB	A549	cell-line	cell-line	cell-line	minus	none	passed
ENCFF261XRG	ENCFF261XRG	ENCSR606ZTC	ENCSR646YTU	BPNet	normalized predicted signal profile	bigWig	ChIP-seq	CEBPB	A549	cell-line	cell-line	cell-line	minus	none	passed
ENCFF336TZC	ENCFF336TZC	ENCSR752AQK	ENCSR592NTA	BPNet	normalized predicted signal profile	bigWig	ChIP-seq	CEBPB	A549	cell-line	cell-line	cell-line	minus	none	passed
ENCFF372AMS	ENCFF372AMS	ENCSR701TCU	ENCSR858CXQ	BPNet	normalized predicted signal profile	bigWig	ChIP-seq	CEBPB	A549	cell-line	cell-line	cell-line	minus	none	passed
ENCFF617YVJ	ENCFF617YVJ	ENCSR447ZMS	ENCSR499GKM	BPNet	normalized predicted signal profile	bigWig	ChIP-seq	CEBPB	A549	cell-line	cell-line	cell-line	minus	none	passed
ENCFF633WJL	ENCFF633WJL	ENCSR375BUB	ENCSR371YSK	BPNet	normalized predicted signal profile	bigWig	ChIP-seq	CEBPB	A549	cell-line	cell-line	cell-line	minus	none	passed
ENCFF647ZHH	ENCFF647ZHH	ENCSR474DCX	ENCSR613GGY	BPNet	normalized predicted signal profile	bigWig	ChIP-seq	CEBPB	A549	cell-line	cell-line	cell-line	minus	none	passed
ENCFF665BJM	ENCFF665BJM	ENCSR182OZC	ENCSR817FCW	BPNet	normalized predicted signal profile	bigWig	ChIP-seq	CEBPB	A549	cell-line	cell-line	cell-line	minus	none	passed
ENCFF677NYJ	ENCFF677NYJ	ENCSR216GEB	ENCSR837GTG	BPNet	normalized predicted signal profile	bigWig	ChIP-seq	CEBPB	A549	cell-line	cell-line	cell-line	minus	none	passed
ENCFF802IWM	ENCFF802IWM	ENCSR000BUB	ENCSR532EMH	BPNet	normalized predicted signal profile	bigWig	ChIP-seq	CEBPB	A549	cell-line	cell-line	cell-line	minus	none	passed
ENCFF814OON	ENCFF814OON	ENCSR190VMK	ENCSR193DUC	BPNet	normalized predicted signal profile	bigWig	ChIP-seq	CEBPB	A549	cell-line	cell-line	cell-line	minus	none	passed
ENCFF946IRO	ENCFF946IRO	ENCSR000DYI	ENCSR369ECF	BPNet	normalized predicted signal profile	bigWig	ChIP-seq	CEBPB	A549	cell-line	cell-line	cell-line	minus	none	passed
ENCFF021XKQ	ENCFF021XKQ	ENCSR474DCX	ENCSR613GGY	BPNet	normalized predicted signal profile	bigWig	ChIP-seq	CEBPB	A549	cell-line	cell-line	cell-line	plus	none	passed
ENCFF044HXP	ENCFF044HXP	ENCSR000BUB	ENCSR532EMH	BPNet	normalized predicted signal profile	bigWig	ChIP-seq	CEBPB	A549	cell-line	cell-line	cell-line	plus	none	passed
ENCFF071MWG	ENCFF071MWG	ENCSR299ILN	ENCSR484BEY	BPNet	normalized predicted signal profile	bigWig	ChIP-seq	CEBPB	A549	cell-line	cell-line	cell-line	plus	none	passed
ENCFF210LAX	ENCFF210LAX	ENCSR701TCU	ENCSR858CXQ	BPNet	normalized predicted signal profile	bigWig	ChIP-seq	CEBPB	A549	cell-line	cell-line	cell-line	plus	none	passed
ENCFF446HGO	ENCFF446HGO	ENCSR000DYI	ENCSR369ECF	BPNet	normalized predicted signal profile	bigWig	ChIP-seq	CEBPB	A549	cell-line	cell-line	cell-line	plus	none	passed
ENCFF508NEG	ENCFF508NEG	ENCSR752AQK	ENCSR592NTA	BPNet	normalized predicted signal profile	bigWig	ChIP-seq	CEBPB	A549	cell-line	cell-line	cell-line	plus	none	passed
ENCFF546YLC	ENCFF546YLC	ENCSR447ZMS	ENCSR499GKM	BPNet	normalized predicted signal profile	bigWig	ChIP-seq	CEBPB	A549	cell-line	cell-line	cell-line	plus	none	passed
ENCFF592XLB	ENCFF592XLB	ENCSR269IUA	ENCSR354GWM	BPNet	normalized predicted signal profile	bigWig	ChIP-seq	CEBPB	A549	cell-line	cell-line	cell-line	plus	none	passed
ENCFF699UFK	ENCFF699UFK	ENCSR182OZC	ENCSR817FCW	BPNet	normalized predicted signal profile	bigWig	ChIP-seq	CEBPB	A549	cell-line	cell-line	cell-line	plus	none	passed
ENCFF702POJ	ENCFF702POJ	ENCSR216GEB	ENCSR837GTG	BPNet	normalized predicted signal profile	bigWig	ChIP-seq	CEBPB	A549	cell-line	cell-line	cell-line	plus	none	passed
ENCFF744YJT	ENCFF744YJT	ENCSR375BUB	ENCSR371YSK	BPNet	normalized predicted signal profile	bigWig	ChIP-seq	CEBPB	A549	cell-line	cell-line	cell-line	plus	none	passed
ENCFF782DRG	ENCFF782DRG	ENCSR606ZTC	ENCSR646YTU	BPNet	normalized predicted signal profile	bigWig	ChIP-seq	CEBPB	A549	cell-line	cell-line	cell-line	plus	none	passed
ENCFF807UWO	ENCFF807UWO	ENCSR853DWE	ENCSR104TSU	BPNet	normalized predicted signal profile	bigWig	ChIP-seq	CEBPB	A549	cell-line	cell-line	cell-line	plus	none	passed
ENCFF868LUO	ENCFF868LUO	ENCSR190VMK	ENCSR193DUC	BPNet	normalized predicted signal profile	bigWig	ChIP-seq	CEBPB	A549	cell-line	cell-line	cell-line	plus	none	passed
ENCFF028BND	ENCFF028BND	ENCSR000BRX	ENCSR924MMU	BPNet	normalized predicted signal profile	bigWig	ChIP-seq	CEBPB	GM12878	cell-line	cell-line	cell-line	minus	none	passed
ENCFF164MAS	ENCFF164MAS	ENCSR000BRX	ENCSR924MMU	BPNet	normalized predicted signal profile	bigWig	ChIP-seq	CEBPB	GM12878	cell-line	cell-line	cell-line	plus	none	passed
ENCFF105OMC	ENCFF105OMC	ENCSR000EBV	ENCSR108YJK	BPNet	normalized predicted signal profile	bigWig	ChIP-seq	CEBPB	H1	cell-line	cell-line	cell-line	minus	none	passed
ENCFF484SYB	ENCFF484SYB	ENCSR000EBV	ENCSR108YJK	BPNet	normalized predicted signal profile	bigWig	ChIP-seq	CEBPB	H1	cell-line	cell-line	cell-line	plus	none	passed
ENCFF317ITK	ENCFF317ITK	ENCSR000BSD	ENCSR866PPS	BPNet	normalized predicted signal profile	bigWig	ChIP-seq	CEBPB	HCT116	cell-line	cell-line	cell-line	minus	none	passed
ENCFF917MOG	ENCFF917MOG	ENCSR000BSD	ENCSR866PPS	BPNet	normalized predicted signal profile	bigWig	ChIP-seq	CEBPB	HCT116	cell-line	cell-line	cell-line	plus	none	passed
ENCFF183VNF	ENCFF183VNF	ENCSR000EDA	ENCSR401SDK	BPNet	normalized predicted signal profile	bigWig	ChIP-seq	CEBPB	HeLa-S3	cell-line	cell-line	cell-line	minus	none	passed
ENCFF181EAY	ENCFF181EAY	ENCSR000EDA	ENCSR401SDK	BPNet	normalized predicted signal profile	bigWig	ChIP-seq	CEBPB	HeLa-S3	cell-line	cell-line	cell-line	plus	none	passed
ENCFF145OVD	ENCFF145OVD	ENCSR000EEX	ENCSR992MXV	BPNet	normalized predicted signal profile	bigWig	ChIP-seq	CEBPB	HepG2	cell-line	cell-line	cell-line	minus	none	passed
ENCFF877PTK	ENCFF877PTK	ENCSR000BQI	ENCSR191MIR	BPNet	normalized predicted signal profile	bigWig	ChIP-seq	CEBPB	HepG2	cell-line	cell-line	cell-line	minus	none	passed
ENCFF932UAK	ENCFF932UAK	ENCSR000EEE	ENCSR130EWG	BPNet	normalized predicted signal profile	bigWig	ChIP-seq	CEBPB	HepG2	cell-line	cell-line	cell-line	minus	none	passed
ENCFF103NDO	ENCFF103NDO	ENCSR000EEX	ENCSR992MXV	BPNet	normalized predicted signal profile	bigWig	ChIP-seq	CEBPB	HepG2	cell-line	cell-line	cell-line	plus	none	passed
ENCFF118JQF	ENCFF118JQF	ENCSR000BQI	ENCSR191MIR	BPNet	normalized predicted signal profile	bigWig	ChIP-seq	CEBPB	HepG2	cell-line	cell-line	cell-line	plus	none	passed
ENCFF548CCW	ENCFF548CCW	ENCSR000EEE	ENCSR130EWG	BPNet	normalized predicted signal profile	bigWig	ChIP-seq	CEBPB	HepG2	cell-line	cell-line	cell-line	plus	none	passed
ENCFF425JRT	ENCFF425JRT	ENCSR000EFM	ENCSR585GEN	BPNet	normalized predicted signal profile	bigWig	ChIP-seq	CEBPB	IMR-90	cell-line	cell-line	cell-line	minus	none	passed
ENCFF448FJH	ENCFF448FJH	ENCSR000EFM	ENCSR585GEN	BPNet	normalized predicted signal profile	bigWig	ChIP-seq	CEBPB	IMR-90	cell-line	cell-line	cell-line	plus	none	passed
ENCFF936EDF	ENCFF936EDF	ENCSR000BTT	ENCSR373YBM	BPNet	normalized predicted signal profile	bigWig	ChIP-seq	CEBPB	Ishikawa	cell-line	cell-line	cell-line	minus	none	passed
ENCFF872GMP	ENCFF872GMP	ENCSR000BTT	ENCSR373YBM	BPNet	normalized predicted signal profile	bigWig	ChIP-seq	CEBPB	Ishikawa	cell-line	cell-line	cell-line	plus	none	passed
ENCFF230FMH	ENCFF230FMH	ENCSR000EHE	ENCSR613ADC	BPNet	normalized predicted signal profile	bigWig	ChIP-seq	CEBPB	K562	cell-line	cell-line	cell-line	minus	none	passed
ENCFF448AXW	ENCFF448AXW	ENCSR416QLJ	ENCSR700UVP	BPNet	normalized predicted signal profile	bigWig	ChIP-seq	CEBPB	K562	cell-line	cell-line	cell-line	minus	none	passed
ENCFF746BTJ	ENCFF746BTJ	ENCSR000BRQ	ENCSR073GKS	BPNet	normalized predicted signal profile	bigWig	ChIP-seq	CEBPB	K562	cell-line	cell-line	cell-line	minus	none	passed
ENCFF008XIE	ENCFF008XIE	ENCSR000EHE	ENCSR613ADC	BPNet	normalized predicted signal profile	bigWig	ChIP-seq	CEBPB	K562	cell-line	cell-line	cell-line	plus	none	passed
ENCFF304FWT	ENCFF304FWT	ENCSR000BRQ	ENCSR073GKS	BPNet	normalized predicted signal profile	bigWig	ChIP-seq	CEBPB	K562	cell-line	cell-line	cell-line	plus	none	passed
ENCFF972PKV	ENCFF972PKV	ENCSR416QLJ	ENCSR700UVP	BPNet	normalized predicted signal profile	bigWig	ChIP-seq	CEBPB	K562	cell-line	cell-line	cell-line	plus	none	passed
ENCFF169QOH	ENCFF169QOH	ENCSR000BSR	ENCSR389GZV	BPNet	normalized predicted signal profile	bigWig	ChIP-seq	CEBPB	MCF-7	cell-line	cell-line	cell-line	minus	none	passed
ENCFF452VOV	ENCFF452VOV	ENCSR000BSR	ENCSR389GZV	BPNet	normalized predicted signal profile	bigWig	ChIP-seq	CEBPB	MCF-7	cell-line	cell-line	cell-line	plus	none	passed
ENCFF419MYQ	ENCFF419MYQ	ENCSR520MCD	ENCSR607OUC	BPNet	normalized predicted signal profile	bigWig	ChIP-seq	CEBPD	HepG2	cell-line	cell-line	cell-line	minus	none	passed
ENCFF554ARV	ENCFF554ARV	ENCSR520MCD	ENCSR607OUC	BPNet	normalized predicted signal profile	bigWig	ChIP-seq	CEBPD	HepG2	cell-line	cell-line	cell-line	plus	none	passed
ENCFF899MCD	ENCFF899MCD	ENCSR639IIZ	ENCSR251BTR	BPNet	normalized predicted signal profile	bigWig	ChIP-seq	CEBPG	HepG2	cell-line	cell-line	cell-line	minus	none	passed
ENCFF511AGJ	ENCFF511AGJ	ENCSR639IIZ	ENCSR251BTR	BPNet	normalized predicted signal profile	bigWig	ChIP-seq	CEBPG	HepG2	cell-line	cell-line	cell-line	plus	none	passed
ENCFF240NHD	ENCFF240NHD	ENCSR058DRG	ENCSR311RPM	BPNet	normalized predicted signal profile	bigWig	ChIP-seq	CEBPG	K562	cell-line	cell-line	cell-line	minus	none	passed
ENCFF299CHW	ENCFF299CHW	ENCSR490LWA	ENCSR228BHD	BPNet	normalized predicted signal profile	bigWig	ChIP-seq	CEBPG	K562	cell-line	cell-line	cell-line	minus	none	passed
ENCFF853XVT	ENCFF853XVT	ENCSR620VIC	ENCSR136AYM	BPNet	normalized predicted signal profile	bigWig	ChIP-seq	CEBPG	K562	cell-line	cell-line	cell-line	minus	none	passed
ENCFF298JHC	ENCFF298JHC	ENCSR490LWA	ENCSR228BHD	BPNet	normalized predicted signal profile	bigWig	ChIP-seq	CEBPG	K562	cell-line	cell-line	cell-line	plus	none	passed
ENCFF645NAC	ENCFF645NAC	ENCSR058DRG	ENCSR311RPM	BPNet	normalized predicted signal profile	bigWig	ChIP-seq	CEBPG	K562	cell-line	cell-line	cell-line	plus	none	passed
ENCFF930JVP	ENCFF930JVP	ENCSR620VIC	ENCSR136AYM	BPNet	normalized predicted signal profile	bigWig	ChIP-seq	CEBPG	K562	cell-line	cell-line	cell-line	plus	none	passed
ENCFF061NYX	ENCFF061NYX	ENCSR094ZCF	ENCSR699NDH	BPNet	normalized predicted signal profile	bigWig	ChIP-seq	CEBPG	MCF-7	cell-line	cell-line	cell-line	minus	none	passed
ENCFF372URF	ENCFF372URF	ENCSR094ZCF	ENCSR699NDH	BPNet	normalized predicted signal profile	bigWig	ChIP-seq	CEBPG	MCF-7	cell-line	cell-line	cell-line	plus	none	passed
ENCFF912QNL	ENCFF912QNL	ENCSR228OQM	ENCSR652BKL	BPNet	normalized predicted signal profile	bigWig	ChIP-seq	CLOCK	K562	cell-line	cell-line	cell-line	minus	none	passed
ENCFF695MZT	ENCFF695MZT	ENCSR228OQM	ENCSR652BKL	BPNet	normalized predicted signal profile	bigWig	ChIP-seq	CLOCK	K562	cell-line	cell-line	cell-line	plus	none	passed
ENCFF092VMK	ENCFF092VMK	ENCSR699YFX	ENCSR259WPF	BPNet	normalized predicted signal profile	bigWig	ChIP-seq	CLOCK	MCF-7	cell-line	cell-line	cell-line	minus	none	passed
ENCFF776KEV	ENCFF776KEV	ENCSR934JDG	ENCSR223EKK	BPNet	normalized predicted signal profile	bigWig	ChIP-seq	CLOCK	MCF-7	cell-line	cell-line	cell-line	minus	none	passed
ENCFF005AZR	ENCFF005AZR	ENCSR934JDG	ENCSR223EKK	BPNet	normalized predicted signal profile	bigWig	ChIP-seq	CLOCK	MCF-7	cell-line	cell-line	cell-line	plus	none	passed
ENCFF601UQH	ENCFF601UQH	ENCSR699YFX	ENCSR259WPF	BPNet	normalized predicted signal profile	bigWig	ChIP-seq	CLOCK	MCF-7	cell-line	cell-line	cell-line	plus	none	passed
ENCFF845ZLR	ENCFF845ZLR	ENCSR000BRA	ENCSR142HMT	BPNet	normalized predicted signal profile	bigWig	ChIP-seq	CREB1	A549	cell-line	cell-line	cell-line	minus	none	passed
ENCFF178FTT	ENCFF178FTT	ENCSR000BRA	ENCSR142HMT	BPNet	normalized predicted signal profile	bigWig	ChIP-seq	CREB1	A549	cell-line	cell-line	cell-line	plus	none	passed
ENCFF476KPQ	ENCFF476KPQ	ENCSR000BUF	ENCSR386RTL	BPNet	normalized predicted signal profile	bigWig	ChIP-seq	CREB1	GM12878	cell-line	cell-line	cell-line	minus	none	passed
ENCFF639ROF	ENCFF639ROF	ENCSR000BUF	ENCSR386RTL	BPNet	normalized predicted signal profile	bigWig	ChIP-seq	CREB1	GM12878	cell-line	cell-line	cell-line	plus	none	passed
ENCFF862FZG	ENCFF862FZG	ENCSR214ZAV	ENCSR854EDY	BPNet	normalized predicted signal profile	bigWig	ChIP-seq	CREB1	GM23338	cell-line	cell-line	cell-line	minus	none	passed
ENCFF660DAV	ENCFF660DAV	ENCSR214ZAV	ENCSR854EDY	BPNet	normalized predicted signal profile	bigWig	ChIP-seq	CREB1	GM23338	cell-line	cell-line	cell-line	plus	none	passed
ENCFF181YXE	ENCFF181YXE	ENCSR000BSN	ENCSR068UQY	BPNet	normalized predicted signal profile	bigWig	ChIP-seq	CREB1	H1	cell-line	cell-line	cell-line	minus	none	passed
ENCFF571YZP	ENCFF571YZP	ENCSR000BSN	ENCSR068UQY	BPNet	normalized predicted signal profile	bigWig	ChIP-seq	CREB1	H1	cell-line	cell-line	cell-line	plus	none	passed
ENCFF279MAF	ENCFF279MAF	ENCSR000BVL	ENCSR546LCZ	BPNet	normalized predicted signal profile	bigWig	ChIP-seq	CREB1	HepG2	cell-line	cell-line	cell-line	minus	none	passed
ENCFF505TBC	ENCFF505TBC	ENCSR331ORD	ENCSR983YAI	BPNet	normalized predicted signal profile	bigWig	ChIP-seq	CREB1	HepG2	cell-line	cell-line	cell-line	minus	none	passed
ENCFF667WAI	ENCFF667WAI	ENCSR112ALD	ENCSR590FMJ	BPNet	normalized predicted signal profile	bigWig	ChIP-seq	CREB1	HepG2	cell-line	cell-line	cell-line	minus	none	passed
ENCFF548OOR	ENCFF548OOR	ENCSR000BVL	ENCSR546LCZ	BPNet	normalized predicted signal profile	bigWig	ChIP-seq	CREB1	HepG2	cell-line	cell-line	cell-line	plus	none	passed
ENCFF881IJD	ENCFF881IJD	ENCSR112ALD	ENCSR590FMJ	BPNet	normalized predicted signal profile	bigWig	ChIP-seq	CREB1	HepG2	cell-line	cell-line	cell-line	plus	none	passed
ENCFF998WJS	ENCFF998WJS	ENCSR331ORD	ENCSR983YAI	BPNet	normalized predicted signal profile	bigWig	ChIP-seq	CREB1	HepG2	cell-line	cell-line	cell-line	plus	none	passed
ENCFF905FLB	ENCFF905FLB	ENCSR000BUR	ENCSR101JSJ	BPNet	normalized predicted signal profile	bigWig	ChIP-seq	CREB1	Ishikawa	cell-line	cell-line	cell-line	minus	none	passed
ENCFF619GZL	ENCFF619GZL	ENCSR000BUR	ENCSR101JSJ	BPNet	normalized predicted signal profile	bigWig	ChIP-seq	CREB1	Ishikawa	cell-line	cell-line	cell-line	plus	none	passed
ENCFF816HOE	ENCFF816HOE	ENCSR471WXT	ENCSR908WRX	BPNet	normalized predicted signal profile	bigWig	ChIP-seq	CREB1	K562	cell-line	cell-line	cell-line	minus	none	passed
ENCFF964GDJ	ENCFF964GDJ	ENCSR000BSO	ENCSR159GCM	BPNet	normalized predicted signal profile	bigWig	ChIP-seq	CREB1	K562	cell-line	cell-line	cell-line	minus	none	passed
ENCFF487KOZ	ENCFF487KOZ	ENCSR471WXT	ENCSR908WRX	BPNet	normalized predicted signal profile	bigWig	ChIP-seq	CREB1	K562	cell-line	cell-line	cell-line	plus	none	passed
ENCFF809PKV	ENCFF809PKV	ENCSR000BSO	ENCSR159GCM	BPNet	normalized predicted signal profile	bigWig	ChIP-seq	CREB1	K562	cell-line	cell-line	cell-line	plus	none	passed
ENCFF554LSM	ENCFF554LSM	ENCSR620DUQ	ENCSR292IHN	BPNet	normalized predicted signal profile	bigWig	ChIP-seq	CREB1	MCF-7	cell-line	cell-line	cell-line	minus	none	passed
ENCFF653AYM	ENCFF653AYM	ENCSR897JAS	ENCSR087LYI	BPNet	normalized predicted signal profile	bigWig	ChIP-seq	CREB1	MCF-7	cell-line	cell-line	cell-line	minus	none	passed
ENCFF256AVZ	ENCFF256AVZ	ENCSR897JAS	ENCSR087LYI	BPNet	normalized predicted signal profile	bigWig	ChIP-seq	CREB1	MCF-7	cell-line	cell-line	cell-line	plus	none	passed
ENCFF714GKY	ENCFF714GKY	ENCSR620DUQ	ENCSR292IHN	BPNet	normalized predicted signal profile	bigWig	ChIP-seq	CREB1	MCF-7	cell-line	cell-line	cell-line	plus	none	passed
ENCFF739RGA	ENCFF739RGA	ENCSR855XFL	ENCSR193GDX	BPNet	normalized predicted signal profile	bigWig	ChIP-seq	CREB3	HepG2	cell-line	cell-line	cell-line	minus	none	passed
ENCFF401BNC	ENCFF401BNC	ENCSR855XFL	ENCSR193GDX	BPNet	normalized predicted signal profile	bigWig	ChIP-seq	CREB3	HepG2	cell-line	cell-line	cell-line	plus	none	passed
ENCFF081WMU	ENCFF081WMU	ENCSR093FKD	ENCSR406DVL	BPNet	normalized predicted signal profile	bigWig	ChIP-seq	CREB3	K562	cell-line	cell-line	cell-line	minus	none	passed
ENCFF471OYR	ENCFF471OYR	ENCSR093FKD	ENCSR406DVL	BPNet	normalized predicted signal profile	bigWig	ChIP-seq	CREB3	K562	cell-line	cell-line	cell-line	plus	none	passed
ENCFF494FRN	ENCFF494FRN	ENCSR109YGM	ENCSR658LOZ	BPNet	normalized predicted signal profile	bigWig	ChIP-seq	CREB3L1	K562	cell-line	cell-line	cell-line	minus	none	passed
ENCFF848XHT	ENCFF848XHT	ENCSR109YGM	ENCSR658LOZ	BPNet	normalized predicted signal profile	bigWig	ChIP-seq	CREB3L1	K562	cell-line	cell-line	cell-line	plus	none	passed
ENCFF976NWP	ENCFF976NWP	ENCSR935PEA	ENCSR900VOQ	BPNet	normalized predicted signal profile	bigWig	ChIP-seq	CREB5	K562	cell-line	cell-line	cell-line	minus	none	passed
ENCFF970RLQ	ENCFF970RLQ	ENCSR935PEA	ENCSR900VOQ	BPNet	normalized predicted signal profile	bigWig	ChIP-seq	CREB5	K562	cell-line	cell-line	cell-line	plus	none	passed
ENCFF383GJG	ENCFF383GJG	ENCSR758GOA	ENCSR254GJX	BPNet	normalized predicted signal profile	bigWig	ChIP-seq	CREB5	SK-N-SH	cell-line	cell-line	cell-line	minus	none	passed
ENCFF203QWR	ENCFF203QWR	ENCSR758GOA	ENCSR254GJX	BPNet	normalized predicted signal profile	bigWig	ChIP-seq	CREB5	SK-N-SH	cell-line	cell-line	cell-line	plus	none	passed
ENCFF320AOA	ENCFF320AOA	ENCSR237OGW	ENCSR598TKV	BPNet	normalized predicted signal profile	bigWig	ChIP-seq	CREBL2	HepG2	cell-line	cell-line	cell-line	minus	none	passed
ENCFF018KBM	ENCFF018KBM	ENCSR237OGW	ENCSR598TKV	BPNet	normalized predicted signal profile	bigWig	ChIP-seq	CREBL2	HepG2	cell-line	cell-line	cell-line	plus	none	passed
ENCFF836VZB	ENCFF836VZB	ENCSR839XZU	ENCSR016SWO	BPNet	normalized predicted signal profile	bigWig	ChIP-seq	CREM	GM12878	cell-line	cell-line	cell-line	minus	none	passed
ENCFF034APY	ENCFF034APY	ENCSR839XZU	ENCSR016SWO	BPNet	normalized predicted signal profile	bigWig	ChIP-seq	CREM	GM12878	cell-line	cell-line	cell-line	plus	none	passed
ENCFF268ZTS	ENCFF268ZTS	ENCSR903ELW	ENCSR683NNE	BPNet	normalized predicted signal profile	bigWig	ChIP-seq	CREM	HepG2	cell-line	cell-line	cell-line	minus	none	passed
ENCFF849BYR	ENCFF849BYR	ENCSR799FCZ	ENCSR278LKR	BPNet	normalized predicted signal profile	bigWig	ChIP-seq	CREM	HepG2	cell-line	cell-line	cell-line	minus	none	passed
ENCFF339ECQ	ENCFF339ECQ	ENCSR903ELW	ENCSR683NNE	BPNet	normalized predicted signal profile	bigWig	ChIP-seq	CREM	HepG2	cell-line	cell-line	cell-line	plus	none	passed
ENCFF823MTW	ENCFF823MTW	ENCSR799FCZ	ENCSR278LKR	BPNet	normalized predicted signal profile	bigWig	ChIP-seq	CREM	HepG2	cell-line	cell-line	cell-line	plus	none	passed
ENCFF036NJT	ENCFF036NJT	ENCSR077DKV	ENCSR048MNW	BPNet	normalized predicted signal profile	bigWig	ChIP-seq	CREM	K562	cell-line	cell-line	cell-line	minus	none	passed
ENCFF951PJM	ENCFF951PJM	ENCSR077DKV	ENCSR048MNW	BPNet	normalized predicted signal profile	bigWig	ChIP-seq	CREM	K562	cell-line	cell-line	cell-line	plus	none	passed
ENCFF369UOL	ENCFF369UOL	ENCSR564TIP	ENCSR081VHO	BPNet	normalized predicted signal profile	bigWig	ChIP-seq	CREM	WTC11	cell-line	cell-line	cell-line	minus	none	passed
ENCFF130JJZ	ENCFF130JJZ	ENCSR564TIP	ENCSR081VHO	BPNet	normalized predicted signal profile	bigWig	ChIP-seq	CREM	WTC11	cell-line	cell-line	cell-line	plus	none	passed
ENCFF128TQP	ENCFF128TQP	ENCSR857PBV	ENCSR489YNA	BPNet	normalized predicted signal profile	bigWig	ChIP-seq	CTCF	22Rv1	cell-line	cell-line	cell-line	minus	none	passed
ENCFF389JRY	ENCFF389JRY	ENCSR847XGE	ENCSR050LLD	BPNet	normalized predicted signal profile	bigWig	ChIP-seq	CTCF	22Rv1	cell-line	cell-line	cell-line	minus	none	passed
ENCFF166XND	ENCFF166XND	ENCSR847XGE	ENCSR050LLD	BPNet	normalized predicted signal profile	bigWig	ChIP-seq	CTCF	22Rv1	cell-line	cell-line	cell-line	plus	none	passed
ENCFF769PDU	ENCFF769PDU	ENCSR857PBV	ENCSR489YNA	BPNet	normalized predicted signal profile	bigWig	ChIP-seq	CTCF	22Rv1	cell-line	cell-line	cell-line	plus	none	passed
ENCFF024XVH	ENCFF024XVH	ENCSR000BHW	ENCSR103KFR	BPNet	normalized predicted signal profile	bigWig	ChIP-seq	CTCF	A549	cell-line	cell-line	cell-line	minus	none	passed
ENCFF072RGA	ENCFF072RGA	ENCSR000DYD	ENCSR702YGF	BPNet	normalized predicted signal profile	bigWig	ChIP-seq	CTCF	A549	cell-line	cell-line	cell-line	minus	none	passed
ENCFF145OHJ	ENCFF145OHJ	ENCSR384KPP	ENCSR276DUH	BPNet	normalized predicted signal profile	bigWig	ChIP-seq	CTCF	A549	cell-line	cell-line	cell-line	minus	none	passed
ENCFF147RJB	ENCFF147RJB	ENCSR851SOK	ENCSR537HTN	BPNet	normalized predicted signal profile	bigWig	ChIP-seq	CTCF	A549	cell-line	cell-line	cell-line	minus	none	passed
ENCFF191QDQ	ENCFF191QDQ	ENCSR173IEA	ENCSR766KYD	BPNet	normalized predicted signal profile	bigWig	ChIP-seq	CTCF	A549	cell-line	cell-line	cell-line	minus	none	passed
ENCFF194CNC	ENCFF194CNC	ENCSR414CQB	ENCSR308BOQ	BPNet	normalized predicted signal profile	bigWig	ChIP-seq	CTCF	A549	cell-line	cell-line	cell-line	minus	none	passed
ENCFF196EFP	ENCFF196EFP	ENCSR000DPF	ENCSR129HIU	BPNet	normalized predicted signal profile	bigWig	ChIP-seq	CTCF	A549	cell-line	cell-line	cell-line	minus	none	passed
ENCFF236GBE	ENCFF236GBE	ENCSR000BHV	ENCSR546FWR	BPNet	normalized predicted signal profile	bigWig	ChIP-seq	CTCF	A549	cell-line	cell-line	cell-line	minus	none	passed
ENCFF376LHP	ENCFF376LHP	ENCSR876UZD	ENCSR130FCJ	BPNet	normalized predicted signal profile	bigWig	ChIP-seq	CTCF	A549	cell-line	cell-line	cell-line	minus	none	passed
ENCFF390EUD	ENCFF390EUD	ENCSR035OXA	ENCSR124VGY	BPNet	normalized predicted signal profile	bigWig	ChIP-seq	CTCF	A549	cell-line	cell-line	cell-line	minus	none	passed
ENCFF467UOA	ENCFF467UOA	ENCSR000AUE	ENCSR762DDL	BPNet	normalized predicted signal profile	bigWig	ChIP-seq	CTCF	A549	cell-line	cell-line	cell-line	minus	none	passed
ENCFF482NCU	ENCFF482NCU	ENCSR130TQM	ENCSR832RWD	BPNet	normalized predicted signal profile	bigWig	ChIP-seq	CTCF	A549	cell-line	cell-line	cell-line	minus	none	passed
ENCFF552WCJ	ENCFF552WCJ	ENCSR432AXE	ENCSR972KHT	BPNet	normalized predicted signal profile	bigWig	ChIP-seq	CTCF	A549	cell-line	cell-line	cell-line	minus	none	passed
ENCFF643XNR	ENCFF643XNR	ENCSR000DNA	ENCSR006HEA	BPNet	normalized predicted signal profile	bigWig	ChIP-seq	CTCF	A549	cell-line	cell-line	cell-line	minus	none	passed
ENCFF655ONV	ENCFF655ONV	ENCSR287UXS	ENCSR022WFB	BPNet	normalized predicted signal profile	bigWig	ChIP-seq	CTCF	A549	cell-line	cell-line	cell-line	minus	none	passed
ENCFF708DNG	ENCFF708DNG	ENCSR336VBV	ENCSR079ECO	BPNet	normalized predicted signal profile	bigWig	ChIP-seq	CTCF	A549	cell-line	cell-line	cell-line	minus	none	passed
ENCFF879GRD	ENCFF879GRD	ENCSR249JOH	ENCSR725HHO	BPNet	normalized predicted signal profile	bigWig	ChIP-seq	CTCF	A549	cell-line	cell-line	cell-line	minus	none	passed
ENCFF943CVQ	ENCFF943CVQ	ENCSR553UWG	ENCSR911PNG	BPNet	normalized predicted signal profile	bigWig	ChIP-seq	CTCF	A549	cell-line	cell-line	cell-line	minus	none	passed
ENCFF990ZBV	ENCFF990ZBV	ENCSR000AUF	ENCSR460WLC	BPNet	normalized predicted signal profile	bigWig	ChIP-seq	CTCF	A549	cell-line	cell-line	cell-line	minus	none	passed
ENCFF057PRX	ENCFF057PRX	ENCSR249JOH	ENCSR725HHO	BPNet	normalized predicted signal profile	bigWig	ChIP-seq	CTCF	A549	cell-line	cell-line	cell-line	plus	none	passed
ENCFF110OUL	ENCFF110OUL	ENCSR000DYD	ENCSR702YGF	BPNet	normalized predicted signal profile	bigWig	ChIP-seq	CTCF	A549	cell-line	cell-line	cell-line	plus	none	passed
ENCFF146DAE	ENCFF146DAE	ENCSR287UXS	ENCSR022WFB	BPNet	normalized predicted signal profile	bigWig	ChIP-seq	CTCF	A549	cell-line	cell-line	cell-line	plus	none	passed
ENCFF280ZDQ	ENCFF280ZDQ	ENCSR336VBV	ENCSR079ECO	BPNet	normalized predicted signal profile	bigWig	ChIP-seq	CTCF	A549	cell-line	cell-line	cell-line	plus	none	passed
ENCFF360TXW	ENCFF360TXW	ENCSR035OXA	ENCSR124VGY	BPNet	normalized predicted signal profile	bigWig	ChIP-seq	CTCF	A549	cell-line	cell-line	cell-line	plus	none	passed
ENCFF378AOZ	ENCFF378AOZ	ENCSR000BHV	ENCSR546FWR	BPNet	normalized predicted signal profile	bigWig	ChIP-seq	CTCF	A549	cell-line	cell-line	cell-line	plus	none	passed
ENCFF425WLY	ENCFF425WLY	ENCSR000DPF	ENCSR129HIU	BPNet	normalized predicted signal profile	bigWig	ChIP-seq	CTCF	A549	cell-line	cell-line	cell-line	plus	none	passed
ENCFF476GGA	ENCFF476GGA	ENCSR414CQB	ENCSR308BOQ	BPNet	normalized predicted signal profile	bigWig	ChIP-seq	CTCF	A549	cell-line	cell-line	cell-line	plus	none	passed
ENCFF483UKB	ENCFF483UKB	ENCSR432AXE	ENCSR972KHT	BPNet	normalized predicted signal profile	bigWig	ChIP-seq	CTCF	A549	cell-line	cell-line	cell-line	plus	none	passed
ENCFF570MFU	ENCFF570MFU	ENCSR000AUF	ENCSR460WLC	BPNet	normalized predicted signal profile	bigWig	ChIP-seq	CTCF	A549	cell-line	cell-line	cell-line	plus	none	passed
ENCFF593TJA	ENCFF593TJA	ENCSR000BHW	ENCSR103KFR	BPNet	normalized predicted signal profile	bigWig	ChIP-seq	CTCF	A549	cell-line	cell-line	cell-line	plus	none	passed
ENCFF605UEO	ENCFF605UEO	ENCSR130TQM	ENCSR832RWD	BPNet	normalized predicted signal profile	bigWig	ChIP-seq	CTCF	A549	cell-line	cell-line	cell-line	plus	none	passed
ENCFF617DIN	ENCFF617DIN	ENCSR173IEA	ENCSR766KYD	BPNet	normalized predicted signal profile	bigWig	ChIP-seq	CTCF	A549	cell-line	cell-line	cell-line	plus	none	passed
ENCFF624NIW	ENCFF624NIW	ENCSR000DNA	ENCSR006HEA	BPNet	normalized predicted signal profile	bigWig	ChIP-seq	CTCF	A549	cell-line	cell-line	cell-line	plus	none	passed
ENCFF626ZWA	ENCFF626ZWA	ENCSR876UZD	ENCSR130FCJ	BPNet	normalized predicted signal profile	bigWig	ChIP-seq	CTCF	A549	cell-line	cell-line	cell-line	plus	none	passed
ENCFF754HXL	ENCFF754HXL	ENCSR851SOK	ENCSR537HTN	BPNet	normalized predicted signal profile	bigWig	ChIP-seq	CTCF	A549	cell-line	cell-line	cell-line	plus	none	passed
ENCFF757CYU	ENCFF757CYU	ENCSR384KPP	ENCSR276DUH	BPNet	normalized predicted signal profile	bigWig	ChIP-seq	CTCF	A549	cell-line	cell-line	cell-line	plus	none	passed
ENCFF766JUS	ENCFF766JUS	ENCSR553UWG	ENCSR911PNG	BPNet	normalized predicted signal profile	bigWig	ChIP-seq	CTCF	A549	cell-line	cell-line	cell-line	plus	none	passed
ENCFF803THK	ENCFF803THK	ENCSR000AUE	ENCSR762DDL	BPNet	normalized predicted signal profile	bigWig	ChIP-seq	CTCF	A549	cell-line	cell-line	cell-line	plus	none	passed
ENCFF906QYE	ENCFF906QYE	ENCSR611JJS	ENCSR920OKJ	BPNet	normalized predicted signal profile	bigWig	ChIP-seq	CTCF	A673	cell-line	cell-line	cell-line	minus	none	passed
ENCFF795GDC	ENCFF795GDC	ENCSR611JJS	ENCSR920OKJ	BPNet	normalized predicted signal profile	bigWig	ChIP-seq	CTCF	A673	cell-line	cell-line	cell-line	plus	none	passed
ENCFF836NLX	ENCFF836NLX	ENCSR000DPG	ENCSR378SIR	BPNet	normalized predicted signal profile	bigWig	ChIP-seq	CTCF	AG04449	cell-line	cell-line	cell-line	minus	none	passed
ENCFF350WIR	ENCFF350WIR	ENCSR000DPG	ENCSR378SIR	BPNet	normalized predicted signal profile	bigWig	ChIP-seq	CTCF	AG04449	cell-line	cell-line	cell-line	plus	none	passed
ENCFF566VNP	ENCFF566VNP	ENCSR000DPM	ENCSR853WQB	BPNet	normalized predicted signal profile	bigWig	ChIP-seq	CTCF	AG04450	cell-line	cell-line	cell-line	minus	none	passed
ENCFF941KIW	ENCFF941KIW	ENCSR000DPM	ENCSR853WQB	BPNet	normalized predicted signal profile	bigWig	ChIP-seq	CTCF	AG04450	cell-line	cell-line	cell-line	plus	none	passed
ENCFF651RWI	ENCFF651RWI	ENCSR000DPP	ENCSR909PCF	BPNet	normalized predicted signal profile	bigWig	ChIP-seq	CTCF	AG09309	cell-line	cell-line	cell-line	minus	none	passed
ENCFF562JJW	ENCFF562JJW	ENCSR000DPP	ENCSR909PCF	BPNet	normalized predicted signal profile	bigWig	ChIP-seq	CTCF	AG09309	cell-line	cell-line	cell-line	plus	none	passed
ENCFF436BJB	ENCFF436BJB	ENCSR000DPS	ENCSR681HNW	BPNet	normalized predicted signal profile	bigWig	ChIP-seq	CTCF	AG09319	cell-line	cell-line	cell-line	minus	none	passed
ENCFF477DKZ	ENCFF477DKZ	ENCSR000DPS	ENCSR681HNW	BPNet	normalized predicted signal profile	bigWig	ChIP-seq	CTCF	AG09319	cell-line	cell-line	cell-line	plus	none	passed
ENCFF432NZU	ENCFF432NZU	ENCSR000DPV	ENCSR945LOE	BPNet	normalized predicted signal profile	bigWig	ChIP-seq	CTCF	AG10803	cell-line	cell-line	cell-line	minus	none	passed
ENCFF557PUA	ENCFF557PUA	ENCSR000DPV	ENCSR945LOE	BPNet	normalized predicted signal profile	bigWig	ChIP-seq	CTCF	AG10803	cell-line	cell-line	cell-line	plus	none	passed
ENCFF048GUL	ENCFF048GUL	ENCSR000AUV	ENCSR703RYO	BPNet	normalized predicted signal profile	bigWig	ChIP-seq	CTCF	B-cell	b-cell	immune	immune-system	minus	none	passed
ENCFF524XFJ	ENCFF524XFJ	ENCSR075NRV	ENCSR589SIZ	BPNet	normalized predicted signal profile	bigWig	ChIP-seq	CTCF	B-cell	b-cell	immune	immune-system	minus	none	passed
ENCFF416PND	ENCFF416PND	ENCSR000AUV	ENCSR703RYO	BPNet	normalized predicted signal profile	bigWig	ChIP-seq	CTCF	B-cell	b-cell	immune	immune-system	plus	none	passed
ENCFF822JSQ	ENCFF822JSQ	ENCSR075NRV	ENCSR589SIZ	BPNet	normalized predicted signal profile	bigWig	ChIP-seq	CTCF	B-cell	b-cell	immune	immune-system	plus	none	passed
ENCFF641QTJ	ENCFF641QTJ	ENCSR000DQD	ENCSR809LZD	BPNet	normalized predicted signal profile	bigWig	ChIP-seq	CTCF	BE2C	cell-line	cell-line	cell-line	minus	none	passed
ENCFF050OQF	ENCFF050OQF	ENCSR000DQD	ENCSR809LZD	BPNet	normalized predicted signal profile	bigWig	ChIP-seq	CTCF	BE2C	cell-line	cell-line	cell-line	plus	none	passed
ENCFF214LUS	ENCFF214LUS	ENCSR000DQI	ENCSR396FYG	BPNet	normalized predicted signal profile	bigWig	ChIP-seq	CTCF	BJ	cell-line	cell-line	cell-line	minus	none	passed
ENCFF580WJT	ENCFF580WJT	ENCSR000DQI	ENCSR396FYG	BPNet	normalized predicted signal profile	bigWig	ChIP-seq	CTCF	BJ	cell-line	cell-line	cell-line	plus	none	passed
ENCFF157WHR	ENCFF157WHR	ENCSR460LGH	ENCSR097TEU	BPNet	normalized predicted signal profile	bigWig	ChIP-seq	CTCF	C4-2B	cell-line	cell-line	cell-line	minus	none	passed
ENCFF721KBY	ENCFF721KBY	ENCSR460LGH	ENCSR097TEU	BPNet	normalized predicted signal profile	bigWig	ChIP-seq	CTCF	C4-2B	cell-line	cell-line	cell-line	plus	none	passed
ENCFF272PHY	ENCFF272PHY	ENCSR162KZY	ENCSR644MSL	BPNet	normalized predicted signal profile	bigWig	ChIP-seq	CTCF	CD14-positive-monocyte	cd	immune	immune-system	minus	none	passed
ENCFF350JVC	ENCFF350JVC	ENCSR000ATN	ENCSR973TTH	BPNet	normalized predicted signal profile	bigWig	ChIP-seq	CTCF	CD14-positive-monocyte	cd	immune	immune-system	minus	none	passed
ENCFF246OUO	ENCFF246OUO	ENCSR000ATN	ENCSR973TTH	BPNet	normalized predicted signal profile	bigWig	ChIP-seq	CTCF	CD14-positive-monocyte	cd	immune	immune-system	plus	none	passed
ENCFF980NPJ	ENCFF980NPJ	ENCSR162KZY	ENCSR644MSL	BPNet	normalized predicted signal profile	bigWig	ChIP-seq	CTCF	CD14-positive-monocyte	cd	immune	immune-system	plus	none	passed
ENCFF259CIZ	ENCFF259CIZ	ENCSR470KCE	ENCSR110MUG	BPNet	normalized predicted signal profile	bigWig	ChIP-seq	CTCF	CD4-positive,-alpha-beta-T-cell	t-cell	immune	immune-system	minus	none	passed
ENCFF590NNC	ENCFF590NNC	ENCSR470KCE	ENCSR110MUG	BPNet	normalized predicted signal profile	bigWig	ChIP-seq	CTCF	CD4-positive,-alpha-beta-T-cell	t-cell	immune	immune-system	plus	none	passed
ENCFF070MMK	ENCFF070MMK	ENCSR116AKQ	ENCSR301ZKN	BPNet	normalized predicted signal profile	bigWig	ChIP-seq	CTCF	CD8-positive,-alpha-beta-T-cell	t-cell	immune	immune-system	minus	none	passed
ENCFF858CTK	ENCFF858CTK	ENCSR116AKQ	ENCSR301ZKN	BPNet	normalized predicted signal profile	bigWig	ChIP-seq	CTCF	CD8-positive,-alpha-beta-T-cell	t-cell	immune	immune-system	plus	none	passed
ENCFF398QEM	ENCFF398QEM	ENCSR961IOA	ENCSR990LSR	BPNet	normalized predicted signal profile	bigWig	ChIP-seq	CTCF	Caco-2	cell-line	cell-line	cell-line	minus	none	passed
ENCFF797KSQ	ENCFF797KSQ	ENCSR000DQN	ENCSR832NEH	BPNet	normalized predicted signal profile	bigWig	ChIP-seq	CTCF	Caco-2	cell-line	cell-line	cell-line	minus	none	passed
ENCFF367TEF	ENCFF367TEF	ENCSR961IOA	ENCSR990LSR	BPNet	normalized predicted signal profile	bigWig	ChIP-seq	CTCF	Caco-2	cell-line	cell-line	cell-line	plus	none	passed
ENCFF394RXW	ENCFF394RXW	ENCSR000DQN	ENCSR832NEH	BPNet	normalized predicted signal profile	bigWig	ChIP-seq	CTCF	Caco-2	cell-line	cell-line	cell-line	plus	none	passed
ENCFF965RAV	ENCFF965RAV	ENCSR921ERP	ENCSR429DFS	BPNet	normalized predicted signal profile	bigWig	ChIP-seq	CTCF	Calu3	cell-line	cell-line	cell-line	minus	none	passed
ENCFF184ATV	ENCFF184ATV	ENCSR921ERP	ENCSR429DFS	BPNet	normalized predicted signal profile	bigWig	ChIP-seq	CTCF	Calu3	cell-line	cell-line	cell-line	plus	none	passed
ENCFF410ROS	ENCFF410ROS	ENCSR000DMY	ENCSR144FRI	BPNet	normalized predicted signal profile	bigWig	ChIP-seq	CTCF	D721Med	cell-line	cell-line	cell-line	minus	none	passed
ENCFF676NCL	ENCFF676NCL	ENCSR000DMY	ENCSR144FRI	BPNet	normalized predicted signal profile	bigWig	ChIP-seq	CTCF	D721Med	cell-line	cell-line	cell-line	plus	none	passed
ENCFF355YAV	ENCFF355YAV	ENCSR000AQU	ENCSR804TKE	BPNet	normalized predicted signal profile	bigWig	ChIP-seq	CTCF	DND-41	cell-line	cell-line	cell-line	minus	none	passed
ENCFF164TCM	ENCFF164TCM	ENCSR000AQU	ENCSR804TKE	BPNet	normalized predicted signal profile	bigWig	ChIP-seq	CTCF	DND-41	cell-line	cell-line	cell-line	plus	none	passed
ENCFF250GDB	ENCFF250GDB	ENCSR084RDK	ENCSR151HUS	BPNet	normalized predicted signal profile	bigWig	ChIP-seq	CTCF	DOHH2	cell-line	cell-line	cell-line	minus	none	passed
ENCFF157SWR	ENCFF157SWR	ENCSR084RDK	ENCSR151HUS	BPNet	normalized predicted signal profile	bigWig	ChIP-seq	CTCF	DOHH2	cell-line	cell-line	cell-line	plus	none	passed
ENCFF685ONX	ENCFF685ONX	ENCSR000DQW	ENCSR734CVF	BPNet	normalized predicted signal profile	bigWig	ChIP-seq	CTCF	GM06990	cell-line	cell-line	cell-line	minus	none	passed
ENCFF897BFE	ENCFF897BFE	ENCSR000DQW	ENCSR734CVF	BPNet	normalized predicted signal profile	bigWig	ChIP-seq	CTCF	GM06990	cell-line	cell-line	cell-line	plus	none	passed
ENCFF276JZB	ENCFF276JZB	ENCSR000DKP	ENCSR737MKU	BPNet	normalized predicted signal profile	bigWig	ChIP-seq	CTCF	GM10248	cell-line	cell-line	cell-line	minus	none	passed
ENCFF676RWG	ENCFF676RWG	ENCSR000DKP	ENCSR737MKU	BPNet	normalized predicted signal profile	bigWig	ChIP-seq	CTCF	GM10248	cell-line	cell-line	cell-line	plus	none	passed
ENCFF371ROG	ENCFF371ROG	ENCSR000DKR	ENCSR678ZBU	BPNet	normalized predicted signal profile	bigWig	ChIP-seq	CTCF	GM10266	cell-line	cell-line	cell-line	minus	none	passed
ENCFF409WGJ	ENCFF409WGJ	ENCSR000DKR	ENCSR678ZBU	BPNet	normalized predicted signal profile	bigWig	ChIP-seq	CTCF	GM10266	cell-line	cell-line	cell-line	plus	none	passed
ENCFF333ISS	ENCFF333ISS	ENCSR000DRB	ENCSR838GVN	BPNet	normalized predicted signal profile	bigWig	ChIP-seq	CTCF	GM12864	cell-line	cell-line	cell-line	minus	none	passed
ENCFF142JMD	ENCFF142JMD	ENCSR000DRB	ENCSR838GVN	BPNet	normalized predicted signal profile	bigWig	ChIP-seq	CTCF	GM12864	cell-line	cell-line	cell-line	plus	none	passed
ENCFF842XJD	ENCFF842XJD	ENCSR000DRE	ENCSR328AFR	BPNet	normalized predicted signal profile	bigWig	ChIP-seq	CTCF	GM12865	cell-line	cell-line	cell-line	minus	none	passed
ENCFF343RYT	ENCFF343RYT	ENCSR000DRE	ENCSR328AFR	BPNet	normalized predicted signal profile	bigWig	ChIP-seq	CTCF	GM12865	cell-line	cell-line	cell-line	plus	none	passed
ENCFF233BNR	ENCFF233BNR	ENCSR000DRN	ENCSR423ZAB	BPNet	normalized predicted signal profile	bigWig	ChIP-seq	CTCF	GM12872	cell-line	cell-line	cell-line	minus	none	passed
ENCFF181ZFD	ENCFF181ZFD	ENCSR000DRN	ENCSR423ZAB	BPNet	normalized predicted signal profile	bigWig	ChIP-seq	CTCF	GM12872	cell-line	cell-line	cell-line	plus	none	passed
ENCFF445FUI	ENCFF445FUI	ENCSR000DRP	ENCSR268ALZ	BPNet	normalized predicted signal profile	bigWig	ChIP-seq	CTCF	GM12873	cell-line	cell-line	cell-line	minus	none	passed
ENCFF364LJD	ENCFF364LJD	ENCSR000DRP	ENCSR268ALZ	BPNet	normalized predicted signal profile	bigWig	ChIP-seq	CTCF	GM12873	cell-line	cell-line	cell-line	plus	none	passed
ENCFF023HBJ	ENCFF023HBJ	ENCSR000DRR	ENCSR660QIG	BPNet	normalized predicted signal profile	bigWig	ChIP-seq	CTCF	GM12874	cell-line	cell-line	cell-line	minus	none	passed
ENCFF342CUO	ENCFF342CUO	ENCSR000DRR	ENCSR660QIG	BPNet	normalized predicted signal profile	bigWig	ChIP-seq	CTCF	GM12874	cell-line	cell-line	cell-line	plus	none	passed
ENCFF947YPI	ENCFF947YPI	ENCSR000DRU	ENCSR803FJZ	BPNet	normalized predicted signal profile	bigWig	ChIP-seq	CTCF	GM12875	cell-line	cell-line	cell-line	minus	none	passed
ENCFF265WDO	ENCFF265WDO	ENCSR000DRU	ENCSR803FJZ	BPNet	normalized predicted signal profile	bigWig	ChIP-seq	CTCF	GM12875	cell-line	cell-line	cell-line	plus	none	passed
ENCFF391FCS	ENCFF391FCS	ENCSR000DKV	ENCSR991FIE	BPNet	normalized predicted signal profile	bigWig	ChIP-seq	CTCF	GM12878	cell-line	cell-line	cell-line	minus	none	passed
ENCFF393MAY	ENCFF393MAY	ENCSR000DRZ	ENCSR079TDJ	BPNet	normalized predicted signal profile	bigWig	ChIP-seq	CTCF	GM12878	cell-line	cell-line	cell-line	minus	none	passed
ENCFF552DBX	ENCFF552DBX	ENCSR000AKB	ENCSR828JES	BPNet	normalized predicted signal profile	bigWig	ChIP-seq	CTCF	GM12878	cell-line	cell-line	cell-line	minus	none	passed
ENCFF629LJF	ENCFF629LJF	ENCSR000DZN	ENCSR419MKE	BPNet	normalized predicted signal profile	bigWig	ChIP-seq	CTCF	GM12878	cell-line	cell-line	cell-line	minus	none	passed
ENCFF160YUK	ENCFF160YUK	ENCSR000AKB	ENCSR828JES	BPNet	normalized predicted signal profile	bigWig	ChIP-seq	CTCF	GM12878	cell-line	cell-line	cell-line	plus	none	passed
ENCFF351AST	ENCFF351AST	ENCSR000DKV	ENCSR991FIE	BPNet	normalized predicted signal profile	bigWig	ChIP-seq	CTCF	GM12878	cell-line	cell-line	cell-line	plus	none	passed
ENCFF354VOQ	ENCFF354VOQ	ENCSR000DZN	ENCSR419MKE	BPNet	normalized predicted signal profile	bigWig	ChIP-seq	CTCF	GM12878	cell-line	cell-line	cell-line	plus	none	passed
ENCFF449LGQ	ENCFF449LGQ	ENCSR000DRZ	ENCSR079TDJ	BPNet	normalized predicted signal profile	bigWig	ChIP-seq	CTCF	GM12878	cell-line	cell-line	cell-line	plus	none	passed
ENCFF765GII	ENCFF765GII	ENCSR000DKZ	ENCSR203ACM	BPNet	normalized predicted signal profile	bigWig	ChIP-seq	CTCF	GM13976	cell-line	cell-line	cell-line	minus	none	passed
ENCFF904VFY	ENCFF904VFY	ENCSR000DKZ	ENCSR203ACM	BPNet	normalized predicted signal profile	bigWig	ChIP-seq	CTCF	GM13976	cell-line	cell-line	cell-line	plus	none	passed
ENCFF325MBX	ENCFF325MBX	ENCSR000DLB	ENCSR184UDP	BPNet	normalized predicted signal profile	bigWig	ChIP-seq	CTCF	GM13977	cell-line	cell-line	cell-line	minus	none	passed
ENCFF843ARE	ENCFF843ARE	ENCSR000DLB	ENCSR184UDP	BPNet	normalized predicted signal profile	bigWig	ChIP-seq	CTCF	GM13977	cell-line	cell-line	cell-line	plus	none	passed
ENCFF221IDF	ENCFF221IDF	ENCSR000DLG	ENCSR625FMQ	BPNet	normalized predicted signal profile	bigWig	ChIP-seq	CTCF	GM20000	cell-line	cell-line	cell-line	minus	none	passed
ENCFF600CNW	ENCFF600CNW	ENCSR000DLG	ENCSR625FMQ	BPNet	normalized predicted signal profile	bigWig	ChIP-seq	CTCF	GM20000	cell-line	cell-line	cell-line	plus	none	passed
ENCFF115RAJ	ENCFF115RAJ	ENCSR611HGB	ENCSR014TCF	BPNet	normalized predicted signal profile	bigWig	ChIP-seq	CTCF	GM23338	cell-line	cell-line	cell-line	minus	none	passed
ENCFF819JCO	ENCFF819JCO	ENCSR987GXT	ENCSR623FBO	BPNet	normalized predicted signal profile	bigWig	ChIP-seq	CTCF	GM23338	cell-line	cell-line	cell-line	minus	none	passed
ENCFF874GWU	ENCFF874GWU	ENCSR932ZMX	ENCSR861XDX	BPNet	normalized predicted signal profile	bigWig	ChIP-seq	CTCF	GM23338	cell-line	cell-line	cell-line	minus	none	passed
ENCFF479UPG	ENCFF479UPG	ENCSR987GXT	ENCSR623FBO	BPNet	normalized predicted signal profile	bigWig	ChIP-seq	CTCF	GM23338	cell-line	cell-line	cell-line	plus	none	passed
ENCFF494UBL	ENCFF494UBL	ENCSR932ZMX	ENCSR861XDX	BPNet	normalized predicted signal profile	bigWig	ChIP-seq	CTCF	GM23338	cell-line	cell-line	cell-line	plus	none	passed
ENCFF496VEG	ENCFF496VEG	ENCSR611HGB	ENCSR014TCF	BPNet	normalized predicted signal profile	bigWig	ChIP-seq	CTCF	GM23338	cell-line	cell-line	cell-line	plus	none	passed
ENCFF735TPS	ENCFF735TPS	ENCSR000BNH	ENCSR564EWM	BPNet	normalized predicted signal profile	bigWig	ChIP-seq	CTCF	H1	cell-line	cell-line	cell-line	minus	none	passed
ENCFF961DPT	ENCFF961DPT	ENCSR000DLK	ENCSR951XDR	BPNet	normalized predicted signal profile	bigWig	ChIP-seq	CTCF	H1	cell-line	cell-line	cell-line	minus	none	passed
ENCFF968SVX	ENCFF968SVX	ENCSR000AMF	ENCSR388MGB	BPNet	normalized predicted signal profile	bigWig	ChIP-seq	CTCF	H1	cell-line	cell-line	cell-line	minus	none	passed
ENCFF015LDR	ENCFF015LDR	ENCSR000DLK	ENCSR951XDR	BPNet	normalized predicted signal profile	bigWig	ChIP-seq	CTCF	H1	cell-line	cell-line	cell-line	plus	none	passed
ENCFF300SQS	ENCFF300SQS	ENCSR000BNH	ENCSR564EWM	BPNet	normalized predicted signal profile	bigWig	ChIP-seq	CTCF	H1	cell-line	cell-line	cell-line	plus	none	passed
ENCFF741UQQ	ENCFF741UQQ	ENCSR000AMF	ENCSR388MGB	BPNet	normalized predicted signal profile	bigWig	ChIP-seq	CTCF	H1	cell-line	cell-line	cell-line	plus	none	passed
ENCFF253CRW	ENCFF253CRW	ENCSR000DKN	ENCSR334UTF	BPNet	normalized predicted signal profile	bigWig	ChIP-seq	CTCF	H54	cell-line	cell-line	cell-line	minus	none	passed
ENCFF825XVD	ENCFF825XVD	ENCSR000DKN	ENCSR334UTF	BPNet	normalized predicted signal profile	bigWig	ChIP-seq	CTCF	H54	cell-line	cell-line	cell-line	plus	none	passed
ENCFF853TCR	ENCFF853TCR	ENCSR871MKQ	ENCSR047KAE	BPNet	normalized predicted signal profile	bigWig	ChIP-seq	CTCF	H9	cell-line	cell-line	cell-line	minus	none	passed
ENCFF285VDD	ENCFF285VDD	ENCSR871MKQ	ENCSR047KAE	BPNet	normalized predicted signal profile	bigWig	ChIP-seq	CTCF	H9	cell-line	cell-line	cell-line	plus	none	passed
ENCFF146JOE	ENCFF146JOE	ENCSR107GWZ	ENCSR809QEU	BPNet	normalized predicted signal profile	bigWig	ChIP-seq	CTCF	HCT116	cell-line	cell-line	cell-line	minus	none	passed
ENCFF212CDN	ENCFF212CDN	ENCSR450DXU	ENCSR808TEA	BPNet	normalized predicted signal profile	bigWig	ChIP-seq	CTCF	HCT116	cell-line	cell-line	cell-line	minus	none	passed
ENCFF301ODB	ENCFF301ODB	ENCSR597TGH	ENCSR987ARI	BPNet	normalized predicted signal profile	bigWig	ChIP-seq	CTCF	HCT116	cell-line	cell-line	cell-line	minus	none	passed
ENCFF341SRD	ENCFF341SRD	ENCSR954MUZ	ENCSR522YJE	BPNet	normalized predicted signal profile	bigWig	ChIP-seq	CTCF	HCT116	cell-line	cell-line	cell-line	minus	none	passed
ENCFF352FGW	ENCFF352FGW	ENCSR000BSE	ENCSR411AQS	BPNet	normalized predicted signal profile	bigWig	ChIP-seq	CTCF	HCT116	cell-line	cell-line	cell-line	minus	none	passed
ENCFF397XBH	ENCFF397XBH	ENCSR385CDF	ENCSR991MUU	BPNet	normalized predicted signal profile	bigWig	ChIP-seq	CTCF	HCT116	cell-line	cell-line	cell-line	minus	none	passed
ENCFF439CBI	ENCFF439CBI	ENCSR341OQG	ENCSR326PBH	BPNet	normalized predicted signal profile	bigWig	ChIP-seq	CTCF	HCT116	cell-line	cell-line	cell-line	minus	none	passed
ENCFF501QYE	ENCFF501QYE	ENCSR908TBJ	ENCSR837PNF	BPNet	normalized predicted signal profile	bigWig	ChIP-seq	CTCF	HCT116	cell-line	cell-line	cell-line	minus	none	passed
ENCFF546EXG	ENCFF546EXG	ENCSR000DTO	ENCSR479EDA	BPNet	normalized predicted signal profile	bigWig	ChIP-seq	CTCF	HCT116	cell-line	cell-line	cell-line	minus	none	passed
ENCFF641OIM	ENCFF641OIM	ENCSR671ITY	ENCSR053AKB	BPNet	normalized predicted signal profile	bigWig	ChIP-seq	CTCF	HCT116	cell-line	cell-line	cell-line	minus	none	passed
ENCFF697HDR	ENCFF697HDR	ENCSR446FOM	ENCSR450FNU	BPNet	normalized predicted signal profile	bigWig	ChIP-seq	CTCF	HCT116	cell-line	cell-line	cell-line	minus	none	passed
ENCFF723WRS	ENCFF723WRS	ENCSR059BCO	ENCSR007ULB	BPNet	normalized predicted signal profile	bigWig	ChIP-seq	CTCF	HCT116	cell-line	cell-line	cell-line	minus	none	passed
ENCFF725LLI	ENCFF725LLI	ENCSR240PRQ	ENCSR414BOR	BPNet	normalized predicted signal profile	bigWig	ChIP-seq	CTCF	HCT116	cell-line	cell-line	cell-line	minus	none	passed
ENCFF727LQN	ENCFF727LQN	ENCSR160GVO	ENCSR212VCX	BPNet	normalized predicted signal profile	bigWig	ChIP-seq	CTCF	HCT116	cell-line	cell-line	cell-line	minus	none	passed
ENCFF766VXZ	ENCFF766VXZ	ENCSR352EIC	ENCSR635JNK	BPNet	normalized predicted signal profile	bigWig	ChIP-seq	CTCF	HCT116	cell-line	cell-line	cell-line	minus	none	passed
ENCFF890WSS	ENCFF890WSS	ENCSR288YJL	ENCSR824RSD	BPNet	normalized predicted signal profile	bigWig	ChIP-seq	CTCF	HCT116	cell-line	cell-line	cell-line	minus	none	passed
ENCFF897LFJ	ENCFF897LFJ	ENCSR048RGR	ENCSR122FGV	BPNet	normalized predicted signal profile	bigWig	ChIP-seq	CTCF	HCT116	cell-line	cell-line	cell-line	minus	none	passed
ENCFF929MUB	ENCFF929MUB	ENCSR216SIK	ENCSR446GUY	BPNet	normalized predicted signal profile	bigWig	ChIP-seq	CTCF	HCT116	cell-line	cell-line	cell-line	minus	none	passed
ENCFF940NYV	ENCFF940NYV	ENCSR979ZEO	ENCSR458KCW	BPNet	normalized predicted signal profile	bigWig	ChIP-seq	CTCF	HCT116	cell-line	cell-line	cell-line	minus	none	passed
ENCFF012JDW	ENCFF012JDW	ENCSR059BCO	ENCSR007ULB	BPNet	normalized predicted signal profile	bigWig	ChIP-seq	CTCF	HCT116	cell-line	cell-line	cell-line	plus	none	passed
ENCFF109SJD	ENCFF109SJD	ENCSR979ZEO	ENCSR458KCW	BPNet	normalized predicted signal profile	bigWig	ChIP-seq	CTCF	HCT116	cell-line	cell-line	cell-line	plus	none	passed
ENCFF219VDF	ENCFF219VDF	ENCSR671ITY	ENCSR053AKB	BPNet	normalized predicted signal profile	bigWig	ChIP-seq	CTCF	HCT116	cell-line	cell-line	cell-line	plus	none	passed
ENCFF232RXC	ENCFF232RXC	ENCSR288YJL	ENCSR824RSD	BPNet	normalized predicted signal profile	bigWig	ChIP-seq	CTCF	HCT116	cell-line	cell-line	cell-line	plus	none	passed
ENCFF251IGW	ENCFF251IGW	ENCSR954MUZ	ENCSR522YJE	BPNet	normalized predicted signal profile	bigWig	ChIP-seq	CTCF	HCT116	cell-line	cell-line	cell-line	plus	none	passed
ENCFF318BZV	ENCFF318BZV	ENCSR000BSE	ENCSR411AQS	BPNet	normalized predicted signal profile	bigWig	ChIP-seq	CTCF	HCT116	cell-line	cell-line	cell-line	plus	none	passed
ENCFF343MGV	ENCFF343MGV	ENCSR341OQG	ENCSR326PBH	BPNet	normalized predicted signal profile	bigWig	ChIP-seq	CTCF	HCT116	cell-line	cell-line	cell-line	plus	none	passed
ENCFF347HOO	ENCFF347HOO	ENCSR352EIC	ENCSR635JNK	BPNet	normalized predicted signal profile	bigWig	ChIP-seq	CTCF	HCT116	cell-line	cell-line	cell-line	plus	none	passed
ENCFF468LMJ	ENCFF468LMJ	ENCSR048RGR	ENCSR122FGV	BPNet	normalized predicted signal profile	bigWig	ChIP-seq	CTCF	HCT116	cell-line	cell-line	cell-line	plus	none	passed
ENCFF504BGD	ENCFF504BGD	ENCSR160GVO	ENCSR212VCX	BPNet	normalized predicted signal profile	bigWig	ChIP-seq	CTCF	HCT116	cell-line	cell-line	cell-line	plus	none	passed
ENCFF644CSF	ENCFF644CSF	ENCSR597TGH	ENCSR987ARI	BPNet	normalized predicted signal profile	bigWig	ChIP-seq	CTCF	HCT116	cell-line	cell-line	cell-line	plus	none	passed
ENCFF644LMT	ENCFF644LMT	ENCSR000DTO	ENCSR479EDA	BPNet	normalized predicted signal profile	bigWig	ChIP-seq	CTCF	HCT116	cell-line	cell-line	cell-line	plus	none	passed
ENCFF666ROR	ENCFF666ROR	ENCSR107GWZ	ENCSR809QEU	BPNet	normalized predicted signal profile	bigWig	ChIP-seq	CTCF	HCT116	cell-line	cell-line	cell-line	plus	none	passed
ENCFF676MBR	ENCFF676MBR	ENCSR450DXU	ENCSR808TEA	BPNet	normalized predicted signal profile	bigWig	ChIP-seq	CTCF	HCT116	cell-line	cell-line	cell-line	plus	none	passed
ENCFF758ALZ	ENCFF758ALZ	ENCSR385CDF	ENCSR991MUU	BPNet	normalized predicted signal profile	bigWig	ChIP-seq	CTCF	HCT116	cell-line	cell-line	cell-line	plus	none	passed
ENCFF762VNL	ENCFF762VNL	ENCSR908TBJ	ENCSR837PNF	BPNet	normalized predicted signal profile	bigWig	ChIP-seq	CTCF	HCT116	cell-line	cell-line	cell-line	plus	none	passed
ENCFF918ZUL	ENCFF918ZUL	ENCSR446FOM	ENCSR450FNU	BPNet	normalized predicted signal profile	bigWig	ChIP-seq	CTCF	HCT116	cell-line	cell-line	cell-line	plus	none	passed
ENCFF964YYG	ENCFF964YYG	ENCSR216SIK	ENCSR446GUY	BPNet	normalized predicted signal profile	bigWig	ChIP-seq	CTCF	HCT116	cell-line	cell-line	cell-line	plus	none	passed
ENCFF992LHL	ENCFF992LHL	ENCSR240PRQ	ENCSR414BOR	BPNet	normalized predicted signal profile	bigWig	ChIP-seq	CTCF	HCT116	cell-line	cell-line	cell-line	plus	none	passed
ENCFF550VHQ	ENCFF550VHQ	ENCSR617IFZ	ENCSR468NBS	BPNet	normalized predicted signal profile	bigWig	ChIP-seq	CTCF	HEK293	cell-line	cell-line	cell-line	minus	none	passed
ENCFF882SIT	ENCFF882SIT	ENCSR000DTW	ENCSR937GND	BPNet	normalized predicted signal profile	bigWig	ChIP-seq	CTCF	HEK293	cell-line	cell-line	cell-line	minus	none	passed
ENCFF004DFO	ENCFF004DFO	ENCSR617IFZ	ENCSR468NBS	BPNet	normalized predicted signal profile	bigWig	ChIP-seq	CTCF	HEK293	cell-line	cell-line	cell-line	plus	none	passed
ENCFF529DTH	ENCFF529DTH	ENCSR000DTW	ENCSR937GND	BPNet	normalized predicted signal profile	bigWig	ChIP-seq	CTCF	HEK293	cell-line	cell-line	cell-line	plus	none	passed
ENCFF696SCV	ENCFF696SCV	ENCSR000DUM	ENCSR868VBN	BPNet	normalized predicted signal profile	bigWig	ChIP-seq	CTCF	HFF-Myc	cell-line	cell-line	cell-line	minus	none	passed
ENCFF027HZF	ENCFF027HZF	ENCSR000DUM	ENCSR868VBN	BPNet	normalized predicted signal profile	bigWig	ChIP-seq	CTCF	HFF-Myc	cell-line	cell-line	cell-line	plus	none	passed
ENCFF826KBS	ENCFF826KBS	ENCSR163ULN	ENCSR395UKF	BPNet	normalized predicted signal profile	bigWig	ChIP-seq	CTCF	HFFc6	cell-line	cell-line	cell-line	minus	none	passed
ENCFF014MBH	ENCFF014MBH	ENCSR163ULN	ENCSR395UKF	BPNet	normalized predicted signal profile	bigWig	ChIP-seq	CTCF	HFFc6	cell-line	cell-line	cell-line	plus	none	passed
ENCFF269SGZ	ENCFF269SGZ	ENCSR000DUP	ENCSR275BLH	BPNet	normalized predicted signal profile	bigWig	ChIP-seq	CTCF	HL-60	cell-line	cell-line	cell-line	minus	none	passed
ENCFF289DBK	ENCFF289DBK	ENCSR000DUP	ENCSR275BLH	BPNet	normalized predicted signal profile	bigWig	ChIP-seq	CTCF	HL-60	cell-line	cell-line	cell-line	plus	none	passed
ENCFF479NPF	ENCFF479NPF	ENCSR000AOA	ENCSR052JJA	BPNet	normalized predicted signal profile	bigWig	ChIP-seq	CTCF	HeLa-S3	cell-line	cell-line	cell-line	minus	none	passed
ENCFF552UTX	ENCFF552UTX	ENCSR000DUB	ENCSR351FAH	BPNet	normalized predicted signal profile	bigWig	ChIP-seq	CTCF	HeLa-S3	cell-line	cell-line	cell-line	minus	none	passed
ENCFF800IIN	ENCFF800IIN	ENCSR000DLO	ENCSR971MHL	BPNet	normalized predicted signal profile	bigWig	ChIP-seq	CTCF	HeLa-S3	cell-line	cell-line	cell-line	minus	none	passed
ENCFF118FJR	ENCFF118FJR	ENCSR000DUB	ENCSR351FAH	BPNet	normalized predicted signal profile	bigWig	ChIP-seq	CTCF	HeLa-S3	cell-line	cell-line	cell-line	plus	none	passed
ENCFF406BBR	ENCFF406BBR	ENCSR000AOA	ENCSR052JJA	BPNet	normalized predicted signal profile	bigWig	ChIP-seq	CTCF	HeLa-S3	cell-line	cell-line	cell-line	plus	none	passed
ENCFF875OKT	ENCFF875OKT	ENCSR000DLO	ENCSR971MHL	BPNet	normalized predicted signal profile	bigWig	ChIP-seq	CTCF	HeLa-S3	cell-line	cell-line	cell-line	plus	none	passed
ENCFF205OIY	ENCFF205OIY	ENCSR607XFI	ENCSR019KHO	BPNet	normalized predicted signal profile	bigWig	ChIP-seq	CTCF	HepG2	cell-line	cell-line	cell-line	minus	none	passed
ENCFF319PZL	ENCFF319PZL	ENCSR000BIE	ENCSR810FHL	BPNet	normalized predicted signal profile	bigWig	ChIP-seq	CTCF	HepG2	cell-line	cell-line	cell-line	minus	none	passed
ENCFF326XCT	ENCFF326XCT	ENCSR000AMA	ENCSR999XPW	BPNet	normalized predicted signal profile	bigWig	ChIP-seq	CTCF	HepG2	cell-line	cell-line	cell-line	minus	none	passed
ENCFF563APM	ENCFF563APM	ENCSR000DLS	ENCSR393NEE	BPNet	normalized predicted signal profile	bigWig	ChIP-seq	CTCF	HepG2	cell-line	cell-line	cell-line	minus	none	passed
ENCFF649VDY	ENCFF649VDY	ENCSR000DUG	ENCSR314HTI	BPNet	normalized predicted signal profile	bigWig	ChIP-seq	CTCF	HepG2	cell-line	cell-line	cell-line	minus	none	passed
ENCFF315STK	ENCFF315STK	ENCSR000DUG	ENCSR314HTI	BPNet	normalized predicted signal profile	bigWig	ChIP-seq	CTCF	HepG2	cell-line	cell-line	cell-line	plus	none	passed
ENCFF369TUU	ENCFF369TUU	ENCSR000BIE	ENCSR810FHL	BPNet	normalized predicted signal profile	bigWig	ChIP-seq	CTCF	HepG2	cell-line	cell-line	cell-line	plus	none	passed
ENCFF462KWV	ENCFF462KWV	ENCSR000AMA	ENCSR999XPW	BPNet	normalized predicted signal profile	bigWig	ChIP-seq	CTCF	HepG2	cell-line	cell-line	cell-line	plus	none	passed
ENCFF482UZE	ENCFF482UZE	ENCSR607XFI	ENCSR019KHO	BPNet	normalized predicted signal profile	bigWig	ChIP-seq	CTCF	HepG2	cell-line	cell-line	cell-line	plus	none	passed
ENCFF639SJV	ENCFF639SJV	ENCSR000DLS	ENCSR393NEE	BPNet	normalized predicted signal profile	bigWig	ChIP-seq	CTCF	HepG2	cell-line	cell-line	cell-line	plus	none	passed
ENCFF243YDI	ENCFF243YDI	ENCSR000EFI	ENCSR691RJO	BPNet	normalized predicted signal profile	bigWig	ChIP-seq	CTCF	IMR-90	cell-line	cell-line	cell-line	minus	none	passed
ENCFF726PWP	ENCFF726PWP	ENCSR000EFI	ENCSR691RJO	BPNet	normalized predicted signal profile	bigWig	ChIP-seq	CTCF	IMR-90	cell-line	cell-line	cell-line	plus	none	passed
ENCFF320OLD	ENCFF320OLD	ENCSR000BQE	ENCSR417SZU	BPNet	normalized predicted signal profile	bigWig	ChIP-seq	CTCF	Ishikawa	cell-line	cell-line	cell-line	minus	none	passed
ENCFF268PLM	ENCFF268PLM	ENCSR000BQE	ENCSR417SZU	BPNet	normalized predicted signal profile	bigWig	ChIP-seq	CTCF	Ishikawa	cell-line	cell-line	cell-line	plus	none	passed
ENCFF005TYM	ENCFF005TYM	ENCSR000BPJ	ENCSR733IVP	BPNet	normalized predicted signal profile	bigWig	ChIP-seq	CTCF	K562	cell-line	cell-line	cell-line	minus	none	passed
ENCFF041IFC	ENCFF041IFC	ENCSR000AKO	ENCSR415PVR	BPNet	normalized predicted signal profile	bigWig	ChIP-seq	CTCF	K562	cell-line	cell-line	cell-line	minus	none	passed
ENCFF195AJV	ENCFF195AJV	ENCSR000EGM	ENCSR957ZSR	BPNet	normalized predicted signal profile	bigWig	ChIP-seq	CTCF	K562	cell-line	cell-line	cell-line	minus	none	passed
ENCFF198PNM	ENCFF198PNM	ENCSR000DWE	ENCSR263BFL	BPNet	normalized predicted signal profile	bigWig	ChIP-seq	CTCF	K562	cell-line	cell-line	cell-line	minus	none	passed
ENCFF503FAZ	ENCFF503FAZ	ENCSR000DMA	ENCSR951XAM	BPNet	normalized predicted signal profile	bigWig	ChIP-seq	CTCF	K562	cell-line	cell-line	cell-line	minus	none	passed
ENCFF104RYD	ENCFF104RYD	ENCSR000DWE	ENCSR263BFL	BPNet	normalized predicted signal profile	bigWig	ChIP-seq	CTCF	K562	cell-line	cell-line	cell-line	plus	none	passed
ENCFF139UPA	ENCFF139UPA	ENCSR000AKO	ENCSR415PVR	BPNet	normalized predicted signal profile	bigWig	ChIP-seq	CTCF	K562	cell-line	cell-line	cell-line	plus	none	passed
ENCFF424JQU	ENCFF424JQU	ENCSR000BPJ	ENCSR733IVP	BPNet	normalized predicted signal profile	bigWig	ChIP-seq	CTCF	K562	cell-line	cell-line	cell-line	plus	none	passed
ENCFF441UUV	ENCFF441UUV	ENCSR000DMA	ENCSR951XAM	BPNet	normalized predicted signal profile	bigWig	ChIP-seq	CTCF	K562	cell-line	cell-line	cell-line	plus	none	passed
ENCFF695QWU	ENCFF695QWU	ENCSR000EGM	ENCSR957ZSR	BPNet	normalized predicted signal profile	bigWig	ChIP-seq	CTCF	K562	cell-line	cell-line	cell-line	plus	none	passed
ENCFF575TCK	ENCFF575TCK	ENCSR430YRJ	ENCSR697GRK	BPNet	normalized predicted signal profile	bigWig	ChIP-seq	CTCF	KMS-11	cell-line	cell-line	cell-line	minus	none	passed
ENCFF253GKT	ENCFF253GKT	ENCSR430YRJ	ENCSR697GRK	BPNet	normalized predicted signal profile	bigWig	ChIP-seq	CTCF	KMS-11	cell-line	cell-line	cell-line	plus	none	passed
ENCFF779UUD	ENCFF779UUD	ENCSR315NAC	ENCSR130PWB	BPNet	normalized predicted signal profile	bigWig	ChIP-seq	CTCF	LNCAP	cell-line	cell-line	cell-line	minus	none	passed
ENCFF838ENN	ENCFF838ENN	ENCSR673WZL	ENCSR520XYQ	BPNet	normalized predicted signal profile	bigWig	ChIP-seq	CTCF	LNCAP	cell-line	cell-line	cell-line	minus	none	passed
ENCFF672FNR	ENCFF672FNR	ENCSR673WZL	ENCSR520XYQ	BPNet	normalized predicted signal profile	bigWig	ChIP-seq	CTCF	LNCAP	cell-line	cell-line	cell-line	plus	none	passed
ENCFF969XHV	ENCFF969XHV	ENCSR315NAC	ENCSR130PWB	BPNet	normalized predicted signal profile	bigWig	ChIP-seq	CTCF	LNCAP	cell-line	cell-line	cell-line	plus	none	passed
ENCFF462BNN	ENCFF462BNN	ENCSR000DME	ENCSR124ANL	BPNet	normalized predicted signal profile	bigWig	ChIP-seq	CTCF	LNCaP-clone-FGC	cell-line	cell-line	cell-line	minus	none	passed
ENCFF613CLL	ENCFF613CLL	ENCSR000DMF	ENCSR531NRZ	BPNet	normalized predicted signal profile	bigWig	ChIP-seq	CTCF	LNCaP-clone-FGC	cell-line	cell-line	cell-line	minus	none	passed
ENCFF258SYF	ENCFF258SYF	ENCSR000DMF	ENCSR531NRZ	BPNet	normalized predicted signal profile	bigWig	ChIP-seq	CTCF	LNCaP-clone-FGC	cell-line	cell-line	cell-line	plus	none	passed
ENCFF539JNM	ENCFF539JNM	ENCSR000DME	ENCSR124ANL	BPNet	normalized predicted signal profile	bigWig	ChIP-seq	CTCF	LNCaP-clone-FGC	cell-line	cell-line	cell-line	plus	none	passed
ENCFF320LCU	ENCFF320LCU	ENCSR464DKE	ENCSR015MLK	BPNet	normalized predicted signal profile	bigWig	ChIP-seq	CTCF	Loucy	cell-line	cell-line	cell-line	minus	none	passed
ENCFF250ZRJ	ENCFF250ZRJ	ENCSR464DKE	ENCSR015MLK	BPNet	normalized predicted signal profile	bigWig	ChIP-seq	CTCF	Loucy	cell-line	cell-line	cell-line	plus	none	passed
ENCFF277CVX	ENCFF277CVX	ENCSR193SZD	ENCSR086VQU	BPNet	normalized predicted signal profile	bigWig	ChIP-seq	CTCF	MCF-10A	cell-line	cell-line	cell-line	minus	none	passed
ENCFF533VPH	ENCFF533VPH	ENCSR193SZD	ENCSR086VQU	BPNet	normalized predicted signal profile	bigWig	ChIP-seq	CTCF	MCF-10A	cell-line	cell-line	cell-line	plus	none	passed
ENCFF003THE	ENCFF003THE	ENCSR000DMS	ENCSR304HYA	BPNet	normalized predicted signal profile	bigWig	ChIP-seq	CTCF	MCF-7	cell-line	cell-line	cell-line	minus	none	passed
ENCFF074MEC	ENCFF074MEC	ENCSR000AHD	ENCSR867WPY	BPNet	normalized predicted signal profile	bigWig	ChIP-seq	CTCF	MCF-7	cell-line	cell-line	cell-line	minus	none	passed
ENCFF105DSS	ENCFF105DSS	ENCSR000DML	ENCSR570LWR	BPNet	normalized predicted signal profile	bigWig	ChIP-seq	CTCF	MCF-7	cell-line	cell-line	cell-line	minus	none	passed
ENCFF370KNV	ENCFF370KNV	ENCSR000DWH	ENCSR339GNY	BPNet	normalized predicted signal profile	bigWig	ChIP-seq	CTCF	MCF-7	cell-line	cell-line	cell-line	minus	none	passed
ENCFF431FWV	ENCFF431FWV	ENCSR000DMV	ENCSR981SVE	BPNet	normalized predicted signal profile	bigWig	ChIP-seq	CTCF	MCF-7	cell-line	cell-line	cell-line	minus	none	passed
ENCFF517EPM	ENCFF517EPM	ENCSR000DMR	ENCSR074QPD	BPNet	normalized predicted signal profile	bigWig	ChIP-seq	CTCF	MCF-7	cell-line	cell-line	cell-line	minus	none	passed
ENCFF533TSL	ENCFF533TSL	ENCSR000DMO	ENCSR927TIG	BPNet	normalized predicted signal profile	bigWig	ChIP-seq	CTCF	MCF-7	cell-line	cell-line	cell-line	minus	none	passed
ENCFF907CCW	ENCFF907CCW	ENCSR560BUE	ENCSR230CZR	BPNet	normalized predicted signal profile	bigWig	ChIP-seq	CTCF	MCF-7	cell-line	cell-line	cell-line	minus	none	passed
ENCFF016BAC	ENCFF016BAC	ENCSR000DMR	ENCSR074QPD	BPNet	normalized predicted signal profile	bigWig	ChIP-seq	CTCF	MCF-7	cell-line	cell-line	cell-line	plus	none	passed
ENCFF047VLE	ENCFF047VLE	ENCSR560BUE	ENCSR230CZR	BPNet	normalized predicted signal profile	bigWig	ChIP-seq	CTCF	MCF-7	cell-line	cell-line	cell-line	plus	none	passed
ENCFF358YTC	ENCFF358YTC	ENCSR000AHD	ENCSR867WPY	BPNet	normalized predicted signal profile	bigWig	ChIP-seq	CTCF	MCF-7	cell-line	cell-line	cell-line	plus	none	passed
ENCFF461NWP	ENCFF461NWP	ENCSR000DMO	ENCSR927TIG	BPNet	normalized predicted signal profile	bigWig	ChIP-seq	CTCF	MCF-7	cell-line	cell-line	cell-line	plus	none	passed
ENCFF489REY	ENCFF489REY	ENCSR000DML	ENCSR570LWR	BPNet	normalized predicted signal profile	bigWig	ChIP-seq	CTCF	MCF-7	cell-line	cell-line	cell-line	plus	none	passed
ENCFF505YAS	ENCFF505YAS	ENCSR000DMV	ENCSR981SVE	BPNet	normalized predicted signal profile	bigWig	ChIP-seq	CTCF	MCF-7	cell-line	cell-line	cell-line	plus	none	passed
ENCFF632GFV	ENCFF632GFV	ENCSR000DMS	ENCSR304HYA	BPNet	normalized predicted signal profile	bigWig	ChIP-seq	CTCF	MCF-7	cell-line	cell-line	cell-line	plus	none	passed
ENCFF819PIC	ENCFF819PIC	ENCSR000DWH	ENCSR339GNY	BPNet	normalized predicted signal profile	bigWig	ChIP-seq	CTCF	MCF-7	cell-line	cell-line	cell-line	plus	none	passed
ENCFF141FCX	ENCFF141FCX	ENCSR402IDP	ENCSR138KWF	BPNet	normalized predicted signal profile	bigWig	ChIP-seq	CTCF	MM.1S	cell-line	cell-line	cell-line	minus	none	passed
ENCFF107IKH	ENCFF107IKH	ENCSR402IDP	ENCSR138KWF	BPNet	normalized predicted signal profile	bigWig	ChIP-seq	CTCF	MM.1S	cell-line	cell-line	cell-line	plus	none	passed
ENCFF237XCK	ENCFF237XCK	ENCSR000DWN	ENCSR819SXO	BPNet	normalized predicted signal profile	bigWig	ChIP-seq	CTCF	NB4	cell-line	cell-line	cell-line	minus	none	passed
ENCFF359LSP	ENCFF359LSP	ENCSR000DWN	ENCSR819SXO	BPNet	normalized predicted signal profile	bigWig	ChIP-seq	CTCF	NB4	cell-line	cell-line	cell-line	plus	none	passed
ENCFF246SJZ	ENCFF246SJZ	ENCSR072EUE	ENCSR154BBO	BPNet	normalized predicted signal profile	bigWig	ChIP-seq	CTCF	OCI-LY1	cell-line	cell-line	cell-line	minus	none	passed
ENCFF216OSN	ENCFF216OSN	ENCSR072EUE	ENCSR154BBO	BPNet	normalized predicted signal profile	bigWig	ChIP-seq	CTCF	OCI-LY1	cell-line	cell-line	cell-line	plus	none	passed
ENCFF603MLB	ENCFF603MLB	ENCSR756ZKG	ENCSR558MKV	BPNet	normalized predicted signal profile	bigWig	ChIP-seq	CTCF	OCI-LY3	cell-line	cell-line	cell-line	minus	none	passed
ENCFF524IQT	ENCFF524IQT	ENCSR756ZKG	ENCSR558MKV	BPNet	normalized predicted signal profile	bigWig	ChIP-seq	CTCF	OCI-LY3	cell-line	cell-line	cell-line	plus	none	passed
ENCFF632ZHN	ENCFF632ZHN	ENCSR027HML	ENCSR114GIC	BPNet	normalized predicted signal profile	bigWig	ChIP-seq	CTCF	OCI-LY7	cell-line	cell-line	cell-line	minus	none	passed
ENCFF480MYJ	ENCFF480MYJ	ENCSR027HML	ENCSR114GIC	BPNet	normalized predicted signal profile	bigWig	ChIP-seq	CTCF	OCI-LY7	cell-line	cell-line	cell-line	plus	none	passed
ENCFF593GKU	ENCFF593GKU	ENCSR359LOD	ENCSR989TFC	BPNet	normalized predicted signal profile	bigWig	ChIP-seq	CTCF	PC-3	cell-line	cell-line	cell-line	minus	none	passed
ENCFF934KAG	ENCFF934KAG	ENCSR359LOD	ENCSR989TFC	BPNet	normalized predicted signal profile	bigWig	ChIP-seq	CTCF	PC-3	cell-line	cell-line	cell-line	plus	none	passed
ENCFF338JSH	ENCFF338JSH	ENCSR243INX	ENCSR183DBQ	BPNet	normalized predicted signal profile	bigWig	ChIP-seq	CTCF	PC-9	cell-line	cell-line	cell-line	minus	none	passed
ENCFF547BWH	ENCFF547BWH	ENCSR243INX	ENCSR183DBQ	BPNet	normalized predicted signal profile	bigWig	ChIP-seq	CTCF	PC-9	cell-line	cell-line	cell-line	plus	none	passed
ENCFF386HEJ	ENCFF386HEJ	ENCSR203QEB	ENCSR595ARZ	BPNet	normalized predicted signal profile	bigWig	ChIP-seq	CTCF	Panc1	cell-line	cell-line	cell-line	minus	none	passed
ENCFF955EAH	ENCFF955EAH	ENCSR203QEB	ENCSR595ARZ	BPNet	normalized predicted signal profile	bigWig	ChIP-seq	CTCF	Panc1	cell-line	cell-line	cell-line	plus	none	passed
ENCFF111XCD	ENCFF111XCD	ENCSR419ANE	ENCSR583PRG	BPNet	normalized predicted signal profile	bigWig	ChIP-seq	CTCF	Peyer's-patch	eye	eye	sensory-system	minus	none	passed
ENCFF215RMS	ENCFF215RMS	ENCSR391ZKN	ENCSR059RRH	BPNet	normalized predicted signal profile	bigWig	ChIP-seq	CTCF	Peyer's-patch	eye	eye	sensory-system	minus	none	passed
ENCFF733EOY	ENCFF733EOY	ENCSR375VXU	ENCSR061TLE	BPNet	normalized predicted signal profile	bigWig	ChIP-seq	CTCF	Peyer's-patch	eye	eye	sensory-system	minus	none	passed
ENCFF860VES	ENCFF860VES	ENCSR568IVD	ENCSR150JOI	BPNet	normalized predicted signal profile	bigWig	ChIP-seq	CTCF	Peyer's-patch	eye	eye	sensory-system	minus	none	passed
ENCFF925GYD	ENCFF925GYD	ENCSR542SCB	ENCSR060YDH	BPNet	normalized predicted signal profile	bigWig	ChIP-seq	CTCF	Peyer's-patch	eye	eye	sensory-system	minus	none	passed
ENCFF981DZT	ENCFF981DZT	ENCSR799WDT	ENCSR654QKU	BPNet	normalized predicted signal profile	bigWig	ChIP-seq	CTCF	Peyer's-patch	eye	eye	sensory-system	minus	none	passed
ENCFF218ODK	ENCFF218ODK	ENCSR391ZKN	ENCSR059RRH	BPNet	normalized predicted signal profile	bigWig	ChIP-seq	CTCF	Peyer's-patch	eye	eye	sensory-system	plus	none	passed
ENCFF425ZZJ	ENCFF425ZZJ	ENCSR799WDT	ENCSR654QKU	BPNet	normalized predicted signal profile	bigWig	ChIP-seq	CTCF	Peyer's-patch	eye	eye	sensory-system	plus	none	passed
ENCFF428QCM	ENCFF428QCM	ENCSR419ANE	ENCSR583PRG	BPNet	normalized predicted signal profile	bigWig	ChIP-seq	CTCF	Peyer's-patch	eye	eye	sensory-system	plus	none	passed
ENCFF467ISO	ENCFF467ISO	ENCSR542SCB	ENCSR060YDH	BPNet	normalized predicted signal profile	bigWig	ChIP-seq	CTCF	Peyer's-patch	eye	eye	sensory-system	plus	none	passed
ENCFF677AAQ	ENCFF677AAQ	ENCSR375VXU	ENCSR061TLE	BPNet	normalized predicted signal profile	bigWig	ChIP-seq	CTCF	Peyer's-patch	eye	eye	sensory-system	plus	none	passed
ENCFF821GPR	ENCFF821GPR	ENCSR568IVD	ENCSR150JOI	BPNet	normalized predicted signal profile	bigWig	ChIP-seq	CTCF	Peyer's-patch	eye	eye	sensory-system	plus	none	passed
ENCFF920PTZ	ENCFF920PTZ	ENCSR303GFI	ENCSR308VAP	BPNet	normalized predicted signal profile	bigWig	ChIP-seq	CTCF	RWPE1	cell-line	cell-line	cell-line	minus	none	passed
ENCFF011RUH	ENCFF011RUH	ENCSR303GFI	ENCSR308VAP	BPNet	normalized predicted signal profile	bigWig	ChIP-seq	CTCF	RWPE1	cell-line	cell-line	cell-line	plus	none	passed
ENCFF646YJE	ENCFF646YJE	ENCSR856JJB	ENCSR551RQP	BPNet	normalized predicted signal profile	bigWig	ChIP-seq	CTCF	RWPE2	cell-line	cell-line	cell-line	minus	none	passed
ENCFF341XNF	ENCFF341XNF	ENCSR856JJB	ENCSR551RQP	BPNet	normalized predicted signal profile	bigWig	ChIP-seq	CTCF	RWPE2	cell-line	cell-line	cell-line	plus	none	passed
ENCFF058GYA	ENCFF058GYA	ENCSR000EIC	ENCSR616ZXI	BPNet	normalized predicted signal profile	bigWig	ChIP-seq	CTCF	SK-N-SH	cell-line	cell-line	cell-line	minus	none	passed
ENCFF209OQS	ENCFF209OQS	ENCSR000BLX	ENCSR134WBS	BPNet	normalized predicted signal profile	bigWig	ChIP-seq	CTCF	SK-N-SH	cell-line	cell-line	cell-line	minus	none	passed
ENCFF388TGC	ENCFF388TGC	ENCSR541AMF	ENCSR306PMY	BPNet	normalized predicted signal profile	bigWig	ChIP-seq	CTCF	SK-N-SH	cell-line	cell-line	cell-line	minus	none	passed
ENCFF526CKN	ENCFF526CKN	ENCSR000DXQ	ENCSR252BKY	BPNet	normalized predicted signal profile	bigWig	ChIP-seq	CTCF	SK-N-SH	cell-line	cell-line	cell-line	minus	none	passed
ENCFF037KRQ	ENCFF037KRQ	ENCSR541AMF	ENCSR306PMY	BPNet	normalized predicted signal profile	bigWig	ChIP-seq	CTCF	SK-N-SH	cell-line	cell-line	cell-line	plus	none	passed
ENCFF079CTN	ENCFF079CTN	ENCSR000BLX	ENCSR134WBS	BPNet	normalized predicted signal profile	bigWig	ChIP-seq	CTCF	SK-N-SH	cell-line	cell-line	cell-line	plus	none	passed
ENCFF661RHI	ENCFF661RHI	ENCSR000DXQ	ENCSR252BKY	BPNet	normalized predicted signal profile	bigWig	ChIP-seq	CTCF	SK-N-SH	cell-line	cell-line	cell-line	plus	none	passed
ENCFF777MPK	ENCFF777MPK	ENCSR000EIC	ENCSR616ZXI	BPNet	normalized predicted signal profile	bigWig	ChIP-seq	CTCF	SK-N-SH	cell-line	cell-line	cell-line	plus	none	passed
ENCFF050QLL	ENCFF050QLL	ENCSR125DKL	ENCSR945WSJ	BPNet	normalized predicted signal profile	bigWig	ChIP-seq	CTCF	SU-DHL-6	cell-line	cell-line	cell-line	minus	none	passed
ENCFF909BVB	ENCFF909BVB	ENCSR125DKL	ENCSR945WSJ	BPNet	normalized predicted signal profile	bigWig	ChIP-seq	CTCF	SU-DHL-6	cell-line	cell-line	cell-line	plus	none	passed
ENCFF676IQA	ENCFF676IQA	ENCSR000BNO	ENCSR950HAX	BPNet	normalized predicted signal profile	bigWig	ChIP-seq	CTCF	T47D	cell-line	cell-line	cell-line	minus	none	passed
ENCFF201VYF	ENCFF201VYF	ENCSR000BNO	ENCSR950HAX	BPNet	normalized predicted signal profile	bigWig	ChIP-seq	CTCF	T47D	cell-line	cell-line	cell-line	plus	none	passed
ENCFF821SDF	ENCFF821SDF	ENCSR265ARE	ENCSR950XKG	BPNet	normalized predicted signal profile	bigWig	ChIP-seq	CTCF	VCaP	cell-line	cell-line	cell-line	minus	none	passed
ENCFF282OXX	ENCFF282OXX	ENCSR265ARE	ENCSR950XKG	BPNet	normalized predicted signal profile	bigWig	ChIP-seq	CTCF	VCaP	cell-line	cell-line	cell-line	plus	none	passed
ENCFF510TBO	ENCFF510TBO	ENCSR000DXW	ENCSR957WLY	BPNet	normalized predicted signal profile	bigWig	ChIP-seq	CTCF	WERI-Rb-1	cell-line	cell-line	cell-line	minus	none	passed
ENCFF657RVP	ENCFF657RVP	ENCSR000DXW	ENCSR957WLY	BPNet	normalized predicted signal profile	bigWig	ChIP-seq	CTCF	WERI-Rb-1	cell-line	cell-line	cell-line	plus	none	passed
ENCFF809HCA	ENCFF809HCA	ENCSR000DYB	ENCSR802AQG	BPNet	normalized predicted signal profile	bigWig	ChIP-seq	CTCF	WI38	cell-line	cell-line	cell-line	minus	none	passed
ENCFF628XBH	ENCFF628XBH	ENCSR000DYB	ENCSR802AQG	BPNet	normalized predicted signal profile	bigWig	ChIP-seq	CTCF	WI38	cell-line	cell-line	cell-line	plus	none	passed
ENCFF354FYY	ENCFF354FYY	ENCSR992XTY	ENCSR010BYI	BPNet	normalized predicted signal profile	bigWig	ChIP-seq	CTCF	WTC11	cell-line	cell-line	cell-line	minus	none	passed
ENCFF428FDR	ENCFF428FDR	ENCSR992XTY	ENCSR010BYI	BPNet	normalized predicted signal profile	bigWig	ChIP-seq	CTCF	WTC11	cell-line	cell-line	cell-line	plus	none	passed
ENCFF393EMV	ENCFF393EMV	ENCSR806WWX	ENCSR859DOV	BPNet	normalized predicted signal profile	bigWig	ChIP-seq	CTCF	activated-CD4-positive,-alpha-beta-T-cell	t-cell	immune	immune-system	minus	none	passed
ENCFF183DBA	ENCFF183DBA	ENCSR806WWX	ENCSR859DOV	BPNet	normalized predicted signal profile	bigWig	ChIP-seq	CTCF	activated-CD4-positive,-alpha-beta-T-cell	t-cell	immune	immune-system	plus	none	passed
ENCFF201ILR	ENCFF201ILR	ENCSR347MXL	ENCSR238POW	BPNet	normalized predicted signal profile	bigWig	ChIP-seq	CTCF	activated-CD8-positive,-alpha-beta-T-cell	t-cell	immune	immune-system	minus	none	passed
ENCFF903IGU	ENCFF903IGU	ENCSR347MXL	ENCSR238POW	BPNet	normalized predicted signal profile	bigWig	ChIP-seq	CTCF	activated-CD8-positive,-alpha-beta-T-cell	t-cell	immune	immune-system	plus	none	passed
ENCFF371HMV	ENCFF371HMV	ENCSR450BLH	ENCSR859ZSI	BPNet	normalized predicted signal profile	bigWig	ChIP-seq	CTCF	adrenal-gland	renal	kidney	excretory-system	minus	none	passed
ENCFF514BWH	ENCFF514BWH	ENCSR408ZEE	ENCSR694LPN	BPNet	normalized predicted signal profile	bigWig	ChIP-seq	CTCF	adrenal-gland	renal	kidney	excretory-system	minus	none	passed
ENCFF727HRK	ENCFF727HRK	ENCSR899JSO	ENCSR300KET	BPNet	normalized predicted signal profile	bigWig	ChIP-seq	CTCF	adrenal-gland	renal	kidney	excretory-system	minus	none	passed
ENCFF797OKT	ENCFF797OKT	ENCSR770IWO	ENCSR430TGX	BPNet	normalized predicted signal profile	bigWig	ChIP-seq	CTCF	adrenal-gland	renal	kidney	excretory-system	minus	none	passed
ENCFF944RPI	ENCFF944RPI	ENCSR014GSQ	ENCSR312WCC	BPNet	normalized predicted signal profile	bigWig	ChIP-seq	CTCF	adrenal-gland	renal	kidney	excretory-system	minus	none	passed
ENCFF133WNW	ENCFF133WNW	ENCSR770IWO	ENCSR430TGX	BPNet	normalized predicted signal profile	bigWig	ChIP-seq	CTCF	adrenal-gland	renal	kidney	excretory-system	plus	none	passed
ENCFF249ZOC	ENCFF249ZOC	ENCSR450BLH	ENCSR859ZSI	BPNet	normalized predicted signal profile	bigWig	ChIP-seq	CTCF	adrenal-gland	renal	kidney	excretory-system	plus	none	passed
ENCFF569COS	ENCFF569COS	ENCSR899JSO	ENCSR300KET	BPNet	normalized predicted signal profile	bigWig	ChIP-seq	CTCF	adrenal-gland	renal	kidney	excretory-system	plus	none	passed
ENCFF734LNS	ENCFF734LNS	ENCSR014GSQ	ENCSR312WCC	BPNet	normalized predicted signal profile	bigWig	ChIP-seq	CTCF	adrenal-gland	renal	kidney	excretory-system	plus	none	passed
ENCFF818LWW	ENCFF818LWW	ENCSR408ZEE	ENCSR694LPN	BPNet	normalized predicted signal profile	bigWig	ChIP-seq	CTCF	adrenal-gland	renal	kidney	excretory-system	plus	none	passed
ENCFF447XKE	ENCFF447XKE	ENCSR555DCD	ENCSR496CAI	BPNet	normalized predicted signal profile	bigWig	ChIP-seq	CTCF	ascending-aorta	aorta	blood-vessel	circulatory-system	minus	none	passed
ENCFF624LHN	ENCFF624LHN	ENCSR846JKO	ENCSR158XRS	BPNet	normalized predicted signal profile	bigWig	ChIP-seq	CTCF	ascending-aorta	aorta	blood-vessel	circulatory-system	minus	none	passed
ENCFF888SOG	ENCFF888SOG	ENCSR960MDF	ENCSR059JVC	BPNet	normalized predicted signal profile	bigWig	ChIP-seq	CTCF	ascending-aorta	aorta	blood-vessel	circulatory-system	minus	none	passed
ENCFF155LSA	ENCFF155LSA	ENCSR960MDF	ENCSR059JVC	BPNet	normalized predicted signal profile	bigWig	ChIP-seq	CTCF	ascending-aorta	aorta	blood-vessel	circulatory-system	plus	none	passed
ENCFF777LDN	ENCFF777LDN	ENCSR555DCD	ENCSR496CAI	BPNet	normalized predicted signal profile	bigWig	ChIP-seq	CTCF	ascending-aorta	aorta	blood-vessel	circulatory-system	plus	none	passed
ENCFF913AKG	ENCFF913AKG	ENCSR846JKO	ENCSR158XRS	BPNet	normalized predicted signal profile	bigWig	ChIP-seq	CTCF	ascending-aorta	aorta	blood-vessel	circulatory-system	plus	none	passed
ENCFF312PFM	ENCFF312PFM	ENCSR000AOO	ENCSR914MYE	BPNet	normalized predicted signal profile	bigWig	ChIP-seq	CTCF	astrocyte	astrocyte	nerve	central-nervous-system	minus	none	passed
ENCFF542DMR	ENCFF542DMR	ENCSR461VHZ	ENCSR376CPP	BPNet	normalized predicted signal profile	bigWig	ChIP-seq	CTCF	astrocyte	astrocyte	nerve	central-nervous-system	minus	none	passed
ENCFF407OBT	ENCFF407OBT	ENCSR000AOO	ENCSR914MYE	BPNet	normalized predicted signal profile	bigWig	ChIP-seq	CTCF	astrocyte	astrocyte	nerve	central-nervous-system	plus	none	passed
ENCFF878ETR	ENCFF878ETR	ENCSR461VHZ	ENCSR376CPP	BPNet	normalized predicted signal profile	bigWig	ChIP-seq	CTCF	astrocyte	astrocyte	nerve	central-nervous-system	plus	none	passed
ENCFF722QXB	ENCFF722QXB	ENCSR000DSZ	ENCSR761SWJ	BPNet	normalized predicted signal profile	bigWig	ChIP-seq	CTCF	astrocyte-of-the-cerebellum	cerebell	brain	central-nervous-system	minus	none	passed
ENCFF442YWF	ENCFF442YWF	ENCSR000DSZ	ENCSR761SWJ	BPNet	normalized predicted signal profile	bigWig	ChIP-seq	CTCF	astrocyte-of-the-cerebellum	cerebell	brain	central-nervous-system	plus	none	passed
ENCFF442GIH	ENCFF442GIH	ENCSR000DSU	ENCSR956MDS	BPNet	normalized predicted signal profile	bigWig	ChIP-seq	CTCF	astrocyte-of-the-spinal-cord	spinal	CNS	central-nervous-system	minus	none	passed
ENCFF989ZLE	ENCFF989ZLE	ENCSR000DSU	ENCSR956MDS	BPNet	normalized predicted signal profile	bigWig	ChIP-seq	CTCF	astrocyte-of-the-spinal-cord	spinal	CNS	central-nervous-system	plus	none	passed
ENCFF180XSK	ENCFF180XSK	ENCSR619IUE	ENCSR279XHJ	BPNet	normalized predicted signal profile	bigWig	ChIP-seq	CTCF	bipolar-neuron	neuron	nerve	central-nervous-system	minus	none	passed
ENCFF392DHG	ENCFF392DHG	ENCSR066BZZ	ENCSR729UBC	BPNet	normalized predicted signal profile	bigWig	ChIP-seq	CTCF	bipolar-neuron	neuron	nerve	central-nervous-system	minus	none	passed
ENCFF627TLL	ENCFF627TLL	ENCSR066BZZ	ENCSR729UBC	BPNet	normalized predicted signal profile	bigWig	ChIP-seq	CTCF	bipolar-neuron	neuron	nerve	central-nervous-system	plus	none	passed
ENCFF683SEU	ENCFF683SEU	ENCSR619IUE	ENCSR279XHJ	BPNet	normalized predicted signal profile	bigWig	ChIP-seq	CTCF	bipolar-neuron	neuron	nerve	central-nervous-system	plus	none	passed
ENCFF072KOF	ENCFF072KOF	ENCSR484DDO	ENCSR019XAE	BPNet	normalized predicted signal profile	bigWig	ChIP-seq	CTCF	body-of-pancreas	pancreas	pancreas	digestive-system	minus	none	passed
ENCFF085VGP	ENCFF085VGP	ENCSR585KBH	ENCSR852JRK	BPNet	normalized predicted signal profile	bigWig	ChIP-seq	CTCF	body-of-pancreas	pancreas	pancreas	digestive-system	minus	none	passed
ENCFF397HRN	ENCFF397HRN	ENCSR307PFP	ENCSR063UWV	BPNet	normalized predicted signal profile	bigWig	ChIP-seq	CTCF	body-of-pancreas	pancreas	pancreas	digestive-system	minus	none	passed
ENCFF628JWS	ENCFF628JWS	ENCSR572DUJ	ENCSR771MUU	BPNet	normalized predicted signal profile	bigWig	ChIP-seq	CTCF	body-of-pancreas	pancreas	pancreas	digestive-system	minus	none	passed
ENCFF630ZUX	ENCFF630ZUX	ENCSR408XTO	ENCSR612FYX	BPNet	normalized predicted signal profile	bigWig	ChIP-seq	CTCF	body-of-pancreas	pancreas	pancreas	digestive-system	minus	none	passed
ENCFF703EYJ	ENCFF703EYJ	ENCSR265PFQ	ENCSR145SQF	BPNet	normalized predicted signal profile	bigWig	ChIP-seq	CTCF	body-of-pancreas	pancreas	pancreas	digestive-system	minus	none	passed
ENCFF716CXU	ENCFF716CXU	ENCSR687APM	ENCSR643WMK	BPNet	normalized predicted signal profile	bigWig	ChIP-seq	CTCF	body-of-pancreas	pancreas	pancreas	digestive-system	minus	none	passed
ENCFF138PKF	ENCFF138PKF	ENCSR572DUJ	ENCSR771MUU	BPNet	normalized predicted signal profile	bigWig	ChIP-seq	CTCF	body-of-pancreas	pancreas	pancreas	digestive-system	plus	none	passed
ENCFF181CEJ	ENCFF181CEJ	ENCSR408XTO	ENCSR612FYX	BPNet	normalized predicted signal profile	bigWig	ChIP-seq	CTCF	body-of-pancreas	pancreas	pancreas	digestive-system	plus	none	passed
ENCFF587OTP	ENCFF587OTP	ENCSR307PFP	ENCSR063UWV	BPNet	normalized predicted signal profile	bigWig	ChIP-seq	CTCF	body-of-pancreas	pancreas	pancreas	digestive-system	plus	none	passed
ENCFF627WJY	ENCFF627WJY	ENCSR484DDO	ENCSR019XAE	BPNet	normalized predicted signal profile	bigWig	ChIP-seq	CTCF	body-of-pancreas	pancreas	pancreas	digestive-system	plus	none	passed
ENCFF630DPF	ENCFF630DPF	ENCSR687APM	ENCSR643WMK	BPNet	normalized predicted signal profile	bigWig	ChIP-seq	CTCF	body-of-pancreas	pancreas	pancreas	digestive-system	plus	none	passed
ENCFF885AZN	ENCFF885AZN	ENCSR265PFQ	ENCSR145SQF	BPNet	normalized predicted signal profile	bigWig	ChIP-seq	CTCF	body-of-pancreas	pancreas	pancreas	digestive-system	plus	none	passed
ENCFF921HHU	ENCFF921HHU	ENCSR585KBH	ENCSR852JRK	BPNet	normalized predicted signal profile	bigWig	ChIP-seq	CTCF	body-of-pancreas	pancreas	pancreas	digestive-system	plus	none	passed
ENCFF345NFJ	ENCFF345NFJ	ENCSR225KOS	ENCSR918KZG	BPNet	normalized predicted signal profile	bigWig	ChIP-seq	CTCF	brain	brain	brain	central-nervous-system	minus	none	passed
ENCFF418UTW	ENCFF418UTW	ENCSR930SOT	ENCSR331RTK	BPNet	normalized predicted signal profile	bigWig	ChIP-seq	CTCF	brain	brain	brain	central-nervous-system	minus	none	passed
ENCFF565ESP	ENCFF565ESP	ENCSR467EQP	ENCSR126YGH	BPNet	normalized predicted signal profile	bigWig	ChIP-seq	CTCF	brain	brain	brain	central-nervous-system	minus	none	passed
ENCFF618IMM	ENCFF618IMM	ENCSR423MQG	ENCSR175KCA	BPNet	normalized predicted signal profile	bigWig	ChIP-seq	CTCF	brain	brain	brain	central-nervous-system	minus	none	passed
ENCFF472XZV	ENCFF472XZV	ENCSR225KOS	ENCSR918KZG	BPNet	normalized predicted signal profile	bigWig	ChIP-seq	CTCF	brain	brain	brain	central-nervous-system	plus	none	passed
ENCFF622GEB	ENCFF622GEB	ENCSR467EQP	ENCSR126YGH	BPNet	normalized predicted signal profile	bigWig	ChIP-seq	CTCF	brain	brain	brain	central-nervous-system	plus	none	passed
ENCFF728QSZ	ENCFF728QSZ	ENCSR930SOT	ENCSR331RTK	BPNet	normalized predicted signal profile	bigWig	ChIP-seq	CTCF	brain	brain	brain	central-nervous-system	plus	none	passed
ENCFF859FMV	ENCFF859FMV	ENCSR423MQG	ENCSR175KCA	BPNet	normalized predicted signal profile	bigWig	ChIP-seq	CTCF	brain	brain	brain	central-nervous-system	plus	none	passed
ENCFF749KUO	ENCFF749KUO	ENCSR000DTA	ENCSR796FYA	BPNet	normalized predicted signal profile	bigWig	ChIP-seq	CTCF	brain-microvascular-endothelial-cell	brain	brain	central-nervous-system	minus	none	passed
ENCFF838ZBS	ENCFF838ZBS	ENCSR000DTA	ENCSR796FYA	BPNet	normalized predicted signal profile	bigWig	ChIP-seq	CTCF	brain-microvascular-endothelial-cell	brain	brain	central-nervous-system	plus	none	passed
ENCFF134JPQ	ENCFF134JPQ	ENCSR304XUZ	ENCSR666EFV	BPNet	normalized predicted signal profile	bigWig	ChIP-seq	CTCF	breast-epithelium	breast	breast	integumental-system	minus	none	passed
ENCFF405AJY	ENCFF405AJY	ENCSR661NXJ	ENCSR583RUF	BPNet	normalized predicted signal profile	bigWig	ChIP-seq	CTCF	breast-epithelium	breast	breast	integumental-system	minus	none	passed
ENCFF464EKX	ENCFF464EKX	ENCSR697YIN	ENCSR582FZD	BPNet	normalized predicted signal profile	bigWig	ChIP-seq	CTCF	breast-epithelium	breast	breast	integumental-system	minus	none	passed
ENCFF067GFX	ENCFF067GFX	ENCSR304XUZ	ENCSR666EFV	BPNet	normalized predicted signal profile	bigWig	ChIP-seq	CTCF	breast-epithelium	breast	breast	integumental-system	plus	none	passed
ENCFF637RSA	ENCFF637RSA	ENCSR697YIN	ENCSR582FZD	BPNet	normalized predicted signal profile	bigWig	ChIP-seq	CTCF	breast-epithelium	breast	breast	integumental-system	plus	none	passed
ENCFF779LAM	ENCFF779LAM	ENCSR661NXJ	ENCSR583RUF	BPNet	normalized predicted signal profile	bigWig	ChIP-seq	CTCF	breast-epithelium	breast	breast	integumental-system	plus	none	passed
ENCFF496DAE	ENCFF496DAE	ENCSR000DXI	ENCSR653NRQ	BPNet	normalized predicted signal profile	bigWig	ChIP-seq	CTCF	bronchial-epithelial-cell	epithelial	epithelial	integumental-system	minus	none	passed
ENCFF764PDB	ENCFF764PDB	ENCSR000DXI	ENCSR653NRQ	BPNet	normalized predicted signal profile	bigWig	ChIP-seq	CTCF	bronchial-epithelial-cell	epithelial	epithelial	integumental-system	plus	none	passed
ENCFF071PQT	ENCFF071PQT	ENCSR000DTF	ENCSR933NVB	BPNet	normalized predicted signal profile	bigWig	ChIP-seq	CTCF	cardiac-fibroblast	fibroblast	fibroblast	integumental-system	minus	none	passed
ENCFF972ZTL	ENCFF972ZTL	ENCSR000DTF	ENCSR933NVB	BPNet	normalized predicted signal profile	bigWig	ChIP-seq	CTCF	cardiac-fibroblast	fibroblast	fibroblast	integumental-system	plus	none	passed
ENCFF632TVR	ENCFF632TVR	ENCSR000DTI	ENCSR415YPD	BPNet	normalized predicted signal profile	bigWig	ChIP-seq	CTCF	cardiac-muscle-cell	muscle	muscle	musculature	minus	none	passed
ENCFF815ENG	ENCFF815ENG	ENCSR713SXF	ENCSR736HNR	BPNet	normalized predicted signal profile	bigWig	ChIP-seq	CTCF	cardiac-muscle-cell	muscle	muscle	musculature	minus	none	passed
ENCFF039TLW	ENCFF039TLW	ENCSR713SXF	ENCSR736HNR	BPNet	normalized predicted signal profile	bigWig	ChIP-seq	CTCF	cardiac-muscle-cell	muscle	muscle	musculature	plus	none	passed
ENCFF482VIY	ENCFF482VIY	ENCSR000DTI	ENCSR415YPD	BPNet	normalized predicted signal profile	bigWig	ChIP-seq	CTCF	cardiac-muscle-cell	muscle	muscle	musculature	plus	none	passed
ENCFF707HXR	ENCFF707HXR	ENCSR190BZA	ENCSR967PAB	BPNet	normalized predicted signal profile	bigWig	ChIP-seq	CTCF	chondrocyte	cell-line	cell-line	cell-line	minus	none	passed
ENCFF477FDW	ENCFF477FDW	ENCSR190BZA	ENCSR967PAB	BPNet	normalized predicted signal profile	bigWig	ChIP-seq	CTCF	chondrocyte	cell-line	cell-line	cell-line	plus	none	passed
ENCFF152UXV	ENCFF152UXV	ENCSR000DTL	ENCSR432WYA	BPNet	normalized predicted signal profile	bigWig	ChIP-seq	CTCF	choroid-plexus-epithelial-cell	epithelial	epithelial	integumental-system	minus	none	passed
ENCFF972YTR	ENCFF972YTR	ENCSR000DTL	ENCSR432WYA	BPNet	normalized predicted signal profile	bigWig	ChIP-seq	CTCF	choroid-plexus-epithelial-cell	epithelial	epithelial	integumental-system	plus	none	passed
ENCFF325NDP	ENCFF325NDP	ENCSR380WJL	ENCSR033HMP	BPNet	normalized predicted signal profile	bigWig	ChIP-seq	CTCF	colonic-mucosa	colon	large-intestine	digestive-system	minus	none	passed
ENCFF470GIG	ENCFF470GIG	ENCSR380WJL	ENCSR033HMP	BPNet	normalized predicted signal profile	bigWig	ChIP-seq	CTCF	colonic-mucosa	colon	large-intestine	digestive-system	plus	none	passed
ENCFF424ODQ	ENCFF424ODQ	ENCSR175FLL	ENCSR930AZR	BPNet	normalized predicted signal profile	bigWig	ChIP-seq	CTCF	coronary-artery	artery	blood-vessel	circulatory-system	minus	none	passed
ENCFF793NPB	ENCFF793NPB	ENCSR447ANW	ENCSR829GKW	BPNet	normalized predicted signal profile	bigWig	ChIP-seq	CTCF	coronary-artery	artery	blood-vessel	circulatory-system	minus	none	passed
ENCFF365WTG	ENCFF365WTG	ENCSR175FLL	ENCSR930AZR	BPNet	normalized predicted signal profile	bigWig	ChIP-seq	CTCF	coronary-artery	artery	blood-vessel	circulatory-system	plus	none	passed
ENCFF716WWB	ENCFF716WWB	ENCSR447ANW	ENCSR829GKW	BPNet	normalized predicted signal profile	bigWig	ChIP-seq	CTCF	coronary-artery	artery	blood-vessel	circulatory-system	plus	none	passed
ENCFF019ZGZ	ENCFF019ZGZ	ENCSR092VKJ	ENCSR319XSD	BPNet	normalized predicted signal profile	bigWig	ChIP-seq	CTCF	dorsolateral-prefrontal-cortex	prefrontal	brain	central-nervous-system	minus	none	passed
ENCFF030TGN	ENCFF030TGN	ENCSR351SWL	ENCSR917JSR	BPNet	normalized predicted signal profile	bigWig	ChIP-seq	CTCF	dorsolateral-prefrontal-cortex	prefrontal	brain	central-nervous-system	minus	none	passed
ENCFF038DQN	ENCFF038DQN	ENCSR813KUE	ENCSR171JOI	BPNet	normalized predicted signal profile	bigWig	ChIP-seq	CTCF	dorsolateral-prefrontal-cortex	prefrontal	brain	central-nervous-system	minus	none	passed
ENCFF047MOC	ENCFF047MOC	ENCSR073BPG	ENCSR808COC	BPNet	normalized predicted signal profile	bigWig	ChIP-seq	CTCF	dorsolateral-prefrontal-cortex	prefrontal	brain	central-nervous-system	minus	none	passed
ENCFF053LTV	ENCFF053LTV	ENCSR059KXR	ENCSR061INZ	BPNet	normalized predicted signal profile	bigWig	ChIP-seq	CTCF	dorsolateral-prefrontal-cortex	prefrontal	brain	central-nervous-system	minus	none	passed
ENCFF053RCW	ENCFF053RCW	ENCSR724YTA	ENCSR285JON	BPNet	normalized predicted signal profile	bigWig	ChIP-seq	CTCF	dorsolateral-prefrontal-cortex	prefrontal	brain	central-nervous-system	minus	none	passed
ENCFF063WRQ	ENCFF063WRQ	ENCSR610UDC	ENCSR917OQB	BPNet	normalized predicted signal profile	bigWig	ChIP-seq	CTCF	dorsolateral-prefrontal-cortex	prefrontal	brain	central-nervous-system	minus	none	passed
ENCFF075RYA	ENCFF075RYA	ENCSR230RQK	ENCSR838NLY	BPNet	normalized predicted signal profile	bigWig	ChIP-seq	CTCF	dorsolateral-prefrontal-cortex	prefrontal	brain	central-nervous-system	minus	none	passed
ENCFF078RSU	ENCFF078RSU	ENCSR259PNW	ENCSR305AFX	BPNet	normalized predicted signal profile	bigWig	ChIP-seq	CTCF	dorsolateral-prefrontal-cortex	prefrontal	brain	central-nervous-system	minus	none	passed
ENCFF097ZSJ	ENCFF097ZSJ	ENCSR378BVM	ENCSR852SMJ	BPNet	normalized predicted signal profile	bigWig	ChIP-seq	CTCF	dorsolateral-prefrontal-cortex	prefrontal	brain	central-nervous-system	minus	none	passed
ENCFF101ALY	ENCFF101ALY	ENCSR957UPE	ENCSR319AOD	BPNet	normalized predicted signal profile	bigWig	ChIP-seq	CTCF	dorsolateral-prefrontal-cortex	prefrontal	brain	central-nervous-system	minus	none	passed
ENCFF102FSV	ENCFF102FSV	ENCSR619WGF	ENCSR446DVI	BPNet	normalized predicted signal profile	bigWig	ChIP-seq	CTCF	dorsolateral-prefrontal-cortex	prefrontal	brain	central-nervous-system	minus	none	passed
ENCFF142UXD	ENCFF142UXD	ENCSR423ZUM	ENCSR695MWH	BPNet	normalized predicted signal profile	bigWig	ChIP-seq	CTCF	dorsolateral-prefrontal-cortex	prefrontal	brain	central-nervous-system	minus	none	passed
ENCFF147SLL	ENCFF147SLL	ENCSR819WDZ	ENCSR578PWG	BPNet	normalized predicted signal profile	bigWig	ChIP-seq	CTCF	dorsolateral-prefrontal-cortex	prefrontal	brain	central-nervous-system	minus	none	passed
ENCFF170KXP	ENCFF170KXP	ENCSR932XBJ	ENCSR740WUD	BPNet	normalized predicted signal profile	bigWig	ChIP-seq	CTCF	dorsolateral-prefrontal-cortex	prefrontal	brain	central-nervous-system	minus	none	passed
ENCFF175AOD	ENCFF175AOD	ENCSR832TWW	ENCSR152KSC	BPNet	normalized predicted signal profile	bigWig	ChIP-seq	CTCF	dorsolateral-prefrontal-cortex	prefrontal	brain	central-nervous-system	minus	none	passed
ENCFF178VBN	ENCFF178VBN	ENCSR666JEF	ENCSR540HDD	BPNet	normalized predicted signal profile	bigWig	ChIP-seq	CTCF	dorsolateral-prefrontal-cortex	prefrontal	brain	central-nervous-system	minus	none	passed
ENCFF179NQL	ENCFF179NQL	ENCSR689LFJ	ENCSR575LCC	BPNet	normalized predicted signal profile	bigWig	ChIP-seq	CTCF	dorsolateral-prefrontal-cortex	prefrontal	brain	central-nervous-system	minus	none	passed
ENCFF218ILE	ENCFF218ILE	ENCSR270KFY	ENCSR264QGG	BPNet	normalized predicted signal profile	bigWig	ChIP-seq	CTCF	dorsolateral-prefrontal-cortex	prefrontal	brain	central-nervous-system	minus	none	passed
ENCFF226LDI	ENCFF226LDI	ENCSR443NWG	ENCSR461VQZ	BPNet	normalized predicted signal profile	bigWig	ChIP-seq	CTCF	dorsolateral-prefrontal-cortex	prefrontal	brain	central-nervous-system	minus	none	passed
ENCFF253RDZ	ENCFF253RDZ	ENCSR094PSL	ENCSR070AQF	BPNet	normalized predicted signal profile	bigWig	ChIP-seq	CTCF	dorsolateral-prefrontal-cortex	prefrontal	brain	central-nervous-system	minus	none	passed
ENCFF260VPV	ENCFF260VPV	ENCSR575WYM	ENCSR290OCP	BPNet	normalized predicted signal profile	bigWig	ChIP-seq	CTCF	dorsolateral-prefrontal-cortex	prefrontal	brain	central-nervous-system	minus	none	passed
ENCFF269LPI	ENCFF269LPI	ENCSR757DFT	ENCSR446AYX	BPNet	normalized predicted signal profile	bigWig	ChIP-seq	CTCF	dorsolateral-prefrontal-cortex	prefrontal	brain	central-nervous-system	minus	none	passed
ENCFF269ZDE	ENCFF269ZDE	ENCSR062JAC	ENCSR167VES	BPNet	normalized predicted signal profile	bigWig	ChIP-seq	CTCF	dorsolateral-prefrontal-cortex	prefrontal	brain	central-nervous-system	minus	none	passed
ENCFF287RDM	ENCFF287RDM	ENCSR763VUL	ENCSR663VTZ	BPNet	normalized predicted signal profile	bigWig	ChIP-seq	CTCF	dorsolateral-prefrontal-cortex	prefrontal	brain	central-nervous-system	minus	none	passed
ENCFF301OOH	ENCFF301OOH	ENCSR378KET	ENCSR365YNU	BPNet	normalized predicted signal profile	bigWig	ChIP-seq	CTCF	dorsolateral-prefrontal-cortex	prefrontal	brain	central-nervous-system	minus	none	passed
ENCFF309IZC	ENCFF309IZC	ENCSR755WXO	ENCSR545LOJ	BPNet	normalized predicted signal profile	bigWig	ChIP-seq	CTCF	dorsolateral-prefrontal-cortex	prefrontal	brain	central-nervous-system	minus	none	passed
ENCFF314GGY	ENCFF314GGY	ENCSR740GKG	ENCSR891TQN	BPNet	normalized predicted signal profile	bigWig	ChIP-seq	CTCF	dorsolateral-prefrontal-cortex	prefrontal	brain	central-nervous-system	minus	none	passed
ENCFF326BUE	ENCFF326BUE	ENCSR275JVX	ENCSR990AIS	BPNet	normalized predicted signal profile	bigWig	ChIP-seq	CTCF	dorsolateral-prefrontal-cortex	prefrontal	brain	central-nervous-system	minus	none	passed
ENCFF330YFV	ENCFF330YFV	ENCSR168KQC	ENCSR915WTK	BPNet	normalized predicted signal profile	bigWig	ChIP-seq	CTCF	dorsolateral-prefrontal-cortex	prefrontal	brain	central-nervous-system	minus	none	passed
ENCFF336SRO	ENCFF336SRO	ENCSR068DJS	ENCSR226JYD	BPNet	normalized predicted signal profile	bigWig	ChIP-seq	CTCF	dorsolateral-prefrontal-cortex	prefrontal	brain	central-nervous-system	minus	none	passed
ENCFF344FSX	ENCFF344FSX	ENCSR211AFA	ENCSR808FYY	BPNet	normalized predicted signal profile	bigWig	ChIP-seq	CTCF	dorsolateral-prefrontal-cortex	prefrontal	brain	central-nervous-system	minus	none	passed
ENCFF350IQN	ENCFF350IQN	ENCSR779YTI	ENCSR349AYE	BPNet	normalized predicted signal profile	bigWig	ChIP-seq	CTCF	dorsolateral-prefrontal-cortex	prefrontal	brain	central-nervous-system	minus	none	passed
ENCFF377TTS	ENCFF377TTS	ENCSR237BTA	ENCSR207ITR	BPNet	normalized predicted signal profile	bigWig	ChIP-seq	CTCF	dorsolateral-prefrontal-cortex	prefrontal	brain	central-nervous-system	minus	none	passed
ENCFF377WAH	ENCFF377WAH	ENCSR300WOR	ENCSR672ITV	BPNet	normalized predicted signal profile	bigWig	ChIP-seq	CTCF	dorsolateral-prefrontal-cortex	prefrontal	brain	central-nervous-system	minus	none	passed
ENCFF417MYV	ENCFF417MYV	ENCSR847OSL	ENCSR732HRT	BPNet	normalized predicted signal profile	bigWig	ChIP-seq	CTCF	dorsolateral-prefrontal-cortex	prefrontal	brain	central-nervous-system	minus	none	passed
ENCFF442CPY	ENCFF442CPY	ENCSR374PKX	ENCSR832HMN	BPNet	normalized predicted signal profile	bigWig	ChIP-seq	CTCF	dorsolateral-prefrontal-cortex	prefrontal	brain	central-nervous-system	minus	none	passed
ENCFF487YLS	ENCFF487YLS	ENCSR680WMF	ENCSR065XUI	BPNet	normalized predicted signal profile	bigWig	ChIP-seq	CTCF	dorsolateral-prefrontal-cortex	prefrontal	brain	central-nervous-system	minus	none	passed
ENCFF503UON	ENCFF503UON	ENCSR699BRV	ENCSR207QOS	BPNet	normalized predicted signal profile	bigWig	ChIP-seq	CTCF	dorsolateral-prefrontal-cortex	prefrontal	brain	central-nervous-system	minus	none	passed
ENCFF504FVQ	ENCFF504FVQ	ENCSR244KEW	ENCSR435PGE	BPNet	normalized predicted signal profile	bigWig	ChIP-seq	CTCF	dorsolateral-prefrontal-cortex	prefrontal	brain	central-nervous-system	minus	none	passed
ENCFF546FMR	ENCFF546FMR	ENCSR841XDW	ENCSR274DCI	BPNet	normalized predicted signal profile	bigWig	ChIP-seq	CTCF	dorsolateral-prefrontal-cortex	prefrontal	brain	central-nervous-system	minus	none	passed
ENCFF552TFE	ENCFF552TFE	ENCSR445NJB	ENCSR662LQZ	BPNet	normalized predicted signal profile	bigWig	ChIP-seq	CTCF	dorsolateral-prefrontal-cortex	prefrontal	brain	central-nervous-system	minus	none	passed
ENCFF565XYD	ENCFF565XYD	ENCSR967QUQ	ENCSR197FFI	BPNet	normalized predicted signal profile	bigWig	ChIP-seq	CTCF	dorsolateral-prefrontal-cortex	prefrontal	brain	central-nervous-system	minus	none	passed
ENCFF593ECB	ENCFF593ECB	ENCSR913SEI	ENCSR304KCJ	BPNet	normalized predicted signal profile	bigWig	ChIP-seq	CTCF	dorsolateral-prefrontal-cortex	prefrontal	brain	central-nervous-system	minus	none	passed
ENCFF600PYB	ENCFF600PYB	ENCSR372JWF	ENCSR674MGL	BPNet	normalized predicted signal profile	bigWig	ChIP-seq	CTCF	dorsolateral-prefrontal-cortex	prefrontal	brain	central-nervous-system	minus	none	passed
ENCFF627BYD	ENCFF627BYD	ENCSR369RRE	ENCSR487KKJ	BPNet	normalized predicted signal profile	bigWig	ChIP-seq	CTCF	dorsolateral-prefrontal-cortex	prefrontal	brain	central-nervous-system	minus	none	passed
ENCFF640MKV	ENCFF640MKV	ENCSR525VXD	ENCSR363MRN	BPNet	normalized predicted signal profile	bigWig	ChIP-seq	CTCF	dorsolateral-prefrontal-cortex	prefrontal	brain	central-nervous-system	minus	none	passed
ENCFF681YAS	ENCFF681YAS	ENCSR715FHW	ENCSR289FFZ	BPNet	normalized predicted signal profile	bigWig	ChIP-seq	CTCF	dorsolateral-prefrontal-cortex	prefrontal	brain	central-nervous-system	minus	none	passed
ENCFF701ICA	ENCFF701ICA	ENCSR384DBJ	ENCSR946VEN	BPNet	normalized predicted signal profile	bigWig	ChIP-seq	CTCF	dorsolateral-prefrontal-cortex	prefrontal	brain	central-nervous-system	minus	none	passed
ENCFF723QYP	ENCFF723QYP	ENCSR705DNM	ENCSR935UWO	BPNet	normalized predicted signal profile	bigWig	ChIP-seq	CTCF	dorsolateral-prefrontal-cortex	prefrontal	brain	central-nervous-system	minus	none	passed
ENCFF736BNA	ENCFF736BNA	ENCSR979PTL	ENCSR149WTJ	BPNet	normalized predicted signal profile	bigWig	ChIP-seq	CTCF	dorsolateral-prefrontal-cortex	prefrontal	brain	central-nervous-system	minus	none	passed
ENCFF752MQX	ENCFF752MQX	ENCSR251BHU	ENCSR691TTX	BPNet	normalized predicted signal profile	bigWig	ChIP-seq	CTCF	dorsolateral-prefrontal-cortex	prefrontal	brain	central-nervous-system	minus	none	passed
ENCFF786FCK	ENCFF786FCK	ENCSR332WTG	ENCSR211BCT	BPNet	normalized predicted signal profile	bigWig	ChIP-seq	CTCF	dorsolateral-prefrontal-cortex	prefrontal	brain	central-nervous-system	minus	none	passed
ENCFF786UOV	ENCFF786UOV	ENCSR922HGS	ENCSR001VXW	BPNet	normalized predicted signal profile	bigWig	ChIP-seq	CTCF	dorsolateral-prefrontal-cortex	prefrontal	brain	central-nervous-system	minus	none	passed
ENCFF802POT	ENCFF802POT	ENCSR452KYY	ENCSR792CTN	BPNet	normalized predicted signal profile	bigWig	ChIP-seq	CTCF	dorsolateral-prefrontal-cortex	prefrontal	brain	central-nervous-system	minus	none	passed
ENCFF850BAZ	ENCFF850BAZ	ENCSR329KRE	ENCSR242HBW	BPNet	normalized predicted signal profile	bigWig	ChIP-seq	CTCF	dorsolateral-prefrontal-cortex	prefrontal	brain	central-nervous-system	minus	none	passed
ENCFF854VVE	ENCFF854VVE	ENCSR676LDQ	ENCSR605ZJX	BPNet	normalized predicted signal profile	bigWig	ChIP-seq	CTCF	dorsolateral-prefrontal-cortex	prefrontal	brain	central-nervous-system	minus	none	passed
ENCFF921XXT	ENCFF921XXT	ENCSR194JAU	ENCSR395UGO	BPNet	normalized predicted signal profile	bigWig	ChIP-seq	CTCF	dorsolateral-prefrontal-cortex	prefrontal	brain	central-nervous-system	minus	none	passed
ENCFF972YGG	ENCFF972YGG	ENCSR778NDP	ENCSR914ELN	BPNet	normalized predicted signal profile	bigWig	ChIP-seq	CTCF	dorsolateral-prefrontal-cortex	prefrontal	brain	central-nervous-system	minus	none	passed
ENCFF008HMP	ENCFF008HMP	ENCSR237BTA	ENCSR207ITR	BPNet	normalized predicted signal profile	bigWig	ChIP-seq	CTCF	dorsolateral-prefrontal-cortex	prefrontal	brain	central-nervous-system	plus	none	passed
ENCFF012BDA	ENCFF012BDA	ENCSR062JAC	ENCSR167VES	BPNet	normalized predicted signal profile	bigWig	ChIP-seq	CTCF	dorsolateral-prefrontal-cortex	prefrontal	brain	central-nervous-system	plus	none	passed
ENCFF024UQA	ENCFF024UQA	ENCSR270KFY	ENCSR264QGG	BPNet	normalized predicted signal profile	bigWig	ChIP-seq	CTCF	dorsolateral-prefrontal-cortex	prefrontal	brain	central-nervous-system	plus	none	passed
ENCFF026GKO	ENCFF026GKO	ENCSR666JEF	ENCSR540HDD	BPNet	normalized predicted signal profile	bigWig	ChIP-seq	CTCF	dorsolateral-prefrontal-cortex	prefrontal	brain	central-nervous-system	plus	none	passed
ENCFF077SZG	ENCFF077SZG	ENCSR610UDC	ENCSR917OQB	BPNet	normalized predicted signal profile	bigWig	ChIP-seq	CTCF	dorsolateral-prefrontal-cortex	prefrontal	brain	central-nervous-system	plus	none	passed
ENCFF097IIO	ENCFF097IIO	ENCSR755WXO	ENCSR545LOJ	BPNet	normalized predicted signal profile	bigWig	ChIP-seq	CTCF	dorsolateral-prefrontal-cortex	prefrontal	brain	central-nervous-system	plus	none	passed
ENCFF126XOL	ENCFF126XOL	ENCSR384DBJ	ENCSR946VEN	BPNet	normalized predicted signal profile	bigWig	ChIP-seq	CTCF	dorsolateral-prefrontal-cortex	prefrontal	brain	central-nervous-system	plus	none	passed
ENCFF166FFL	ENCFF166FFL	ENCSR168KQC	ENCSR915WTK	BPNet	normalized predicted signal profile	bigWig	ChIP-seq	CTCF	dorsolateral-prefrontal-cortex	prefrontal	brain	central-nervous-system	plus	none	passed
ENCFF183FIS	ENCFF183FIS	ENCSR575WYM	ENCSR290OCP	BPNet	normalized predicted signal profile	bigWig	ChIP-seq	CTCF	dorsolateral-prefrontal-cortex	prefrontal	brain	central-nervous-system	plus	none	passed
ENCFF183XUL	ENCFF183XUL	ENCSR452KYY	ENCSR792CTN	BPNet	normalized predicted signal profile	bigWig	ChIP-seq	CTCF	dorsolateral-prefrontal-cortex	prefrontal	brain	central-nervous-system	plus	none	passed
ENCFF189IKZ	ENCFF189IKZ	ENCSR073BPG	ENCSR808COC	BPNet	normalized predicted signal profile	bigWig	ChIP-seq	CTCF	dorsolateral-prefrontal-cortex	prefrontal	brain	central-nervous-system	plus	none	passed
ENCFF192TKI	ENCFF192TKI	ENCSR332WTG	ENCSR211BCT	BPNet	normalized predicted signal profile	bigWig	ChIP-seq	CTCF	dorsolateral-prefrontal-cortex	prefrontal	brain	central-nervous-system	plus	none	passed
ENCFF193VWR	ENCFF193VWR	ENCSR369RRE	ENCSR487KKJ	BPNet	normalized predicted signal profile	bigWig	ChIP-seq	CTCF	dorsolateral-prefrontal-cortex	prefrontal	brain	central-nervous-system	plus	none	passed
ENCFF199LLO	ENCFF199LLO	ENCSR913SEI	ENCSR304KCJ	BPNet	normalized predicted signal profile	bigWig	ChIP-seq	CTCF	dorsolateral-prefrontal-cortex	prefrontal	brain	central-nervous-system	plus	none	passed
ENCFF226YGV	ENCFF226YGV	ENCSR423ZUM	ENCSR695MWH	BPNet	normalized predicted signal profile	bigWig	ChIP-seq	CTCF	dorsolateral-prefrontal-cortex	prefrontal	brain	central-nervous-system	plus	none	passed
ENCFF235FXF	ENCFF235FXF	ENCSR094PSL	ENCSR070AQF	BPNet	normalized predicted signal profile	bigWig	ChIP-seq	CTCF	dorsolateral-prefrontal-cortex	prefrontal	brain	central-nervous-system	plus	none	passed
ENCFF250NIK	ENCFF250NIK	ENCSR378KET	ENCSR365YNU	BPNet	normalized predicted signal profile	bigWig	ChIP-seq	CTCF	dorsolateral-prefrontal-cortex	prefrontal	brain	central-nervous-system	plus	none	passed
ENCFF265YAY	ENCFF265YAY	ENCSR372JWF	ENCSR674MGL	BPNet	normalized predicted signal profile	bigWig	ChIP-seq	CTCF	dorsolateral-prefrontal-cortex	prefrontal	brain	central-nervous-system	plus	none	passed
ENCFF311AQF	ENCFF311AQF	ENCSR841XDW	ENCSR274DCI	BPNet	normalized predicted signal profile	bigWig	ChIP-seq	CTCF	dorsolateral-prefrontal-cortex	prefrontal	brain	central-nervous-system	plus	none	passed
ENCFF319OXU	ENCFF319OXU	ENCSR059KXR	ENCSR061INZ	BPNet	normalized predicted signal profile	bigWig	ChIP-seq	CTCF	dorsolateral-prefrontal-cortex	prefrontal	brain	central-nervous-system	plus	none	passed
ENCFF335KLO	ENCFF335KLO	ENCSR329KRE	ENCSR242HBW	BPNet	normalized predicted signal profile	bigWig	ChIP-seq	CTCF	dorsolateral-prefrontal-cortex	prefrontal	brain	central-nervous-system	plus	none	passed
ENCFF340FZL	ENCFF340FZL	ENCSR699BRV	ENCSR207QOS	BPNet	normalized predicted signal profile	bigWig	ChIP-seq	CTCF	dorsolateral-prefrontal-cortex	prefrontal	brain	central-nervous-system	plus	none	passed
ENCFF340XRV	ENCFF340XRV	ENCSR211AFA	ENCSR808FYY	BPNet	normalized predicted signal profile	bigWig	ChIP-seq	CTCF	dorsolateral-prefrontal-cortex	prefrontal	brain	central-nervous-system	plus	none	passed
ENCFF340YWA	ENCFF340YWA	ENCSR967QUQ	ENCSR197FFI	BPNet	normalized predicted signal profile	bigWig	ChIP-seq	CTCF	dorsolateral-prefrontal-cortex	prefrontal	brain	central-nervous-system	plus	none	passed
ENCFF389DBH	ENCFF389DBH	ENCSR705DNM	ENCSR935UWO	BPNet	normalized predicted signal profile	bigWig	ChIP-seq	CTCF	dorsolateral-prefrontal-cortex	prefrontal	brain	central-nervous-system	plus	none	passed
ENCFF403EBB	ENCFF403EBB	ENCSR092VKJ	ENCSR319XSD	BPNet	normalized predicted signal profile	bigWig	ChIP-seq	CTCF	dorsolateral-prefrontal-cortex	prefrontal	brain	central-nervous-system	plus	none	passed
ENCFF409CZS	ENCFF409CZS	ENCSR351SWL	ENCSR917JSR	BPNet	normalized predicted signal profile	bigWig	ChIP-seq	CTCF	dorsolateral-prefrontal-cortex	prefrontal	brain	central-nervous-system	plus	none	passed
ENCFF424ZGL	ENCFF424ZGL	ENCSR275JVX	ENCSR990AIS	BPNet	normalized predicted signal profile	bigWig	ChIP-seq	CTCF	dorsolateral-prefrontal-cortex	prefrontal	brain	central-nervous-system	plus	none	passed
ENCFF445WRH	ENCFF445WRH	ENCSR932XBJ	ENCSR740WUD	BPNet	normalized predicted signal profile	bigWig	ChIP-seq	CTCF	dorsolateral-prefrontal-cortex	prefrontal	brain	central-nervous-system	plus	none	passed
ENCFF475KLR	ENCFF475KLR	ENCSR378BVM	ENCSR852SMJ	BPNet	normalized predicted signal profile	bigWig	ChIP-seq	CTCF	dorsolateral-prefrontal-cortex	prefrontal	brain	central-nervous-system	plus	none	passed
ENCFF497XYV	ENCFF497XYV	ENCSR259PNW	ENCSR305AFX	BPNet	normalized predicted signal profile	bigWig	ChIP-seq	CTCF	dorsolateral-prefrontal-cortex	prefrontal	brain	central-nervous-system	plus	none	passed
ENCFF514JVN	ENCFF514JVN	ENCSR300WOR	ENCSR672ITV	BPNet	normalized predicted signal profile	bigWig	ChIP-seq	CTCF	dorsolateral-prefrontal-cortex	prefrontal	brain	central-nervous-system	plus	none	passed
ENCFF545LZK	ENCFF545LZK	ENCSR619WGF	ENCSR446DVI	BPNet	normalized predicted signal profile	bigWig	ChIP-seq	CTCF	dorsolateral-prefrontal-cortex	prefrontal	brain	central-nervous-system	plus	none	passed
ENCFF567RDJ	ENCFF567RDJ	ENCSR068DJS	ENCSR226JYD	BPNet	normalized predicted signal profile	bigWig	ChIP-seq	CTCF	dorsolateral-prefrontal-cortex	prefrontal	brain	central-nervous-system	plus	none	passed
ENCFF588JKP	ENCFF588JKP	ENCSR819WDZ	ENCSR578PWG	BPNet	normalized predicted signal profile	bigWig	ChIP-seq	CTCF	dorsolateral-prefrontal-cortex	prefrontal	brain	central-nervous-system	plus	none	passed
ENCFF592QZT	ENCFF592QZT	ENCSR445NJB	ENCSR662LQZ	BPNet	normalized predicted signal profile	bigWig	ChIP-seq	CTCF	dorsolateral-prefrontal-cortex	prefrontal	brain	central-nervous-system	plus	none	passed
ENCFF611YUF	ENCFF611YUF	ENCSR922HGS	ENCSR001VXW	BPNet	normalized predicted signal profile	bigWig	ChIP-seq	CTCF	dorsolateral-prefrontal-cortex	prefrontal	brain	central-nervous-system	plus	none	passed
ENCFF689RWT	ENCFF689RWT	ENCSR957UPE	ENCSR319AOD	BPNet	normalized predicted signal profile	bigWig	ChIP-seq	CTCF	dorsolateral-prefrontal-cortex	prefrontal	brain	central-nervous-system	plus	none	passed
ENCFF697DDR	ENCFF697DDR	ENCSR374PKX	ENCSR832HMN	BPNet	normalized predicted signal profile	bigWig	ChIP-seq	CTCF	dorsolateral-prefrontal-cortex	prefrontal	brain	central-nervous-system	plus	none	passed
ENCFF701FLR	ENCFF701FLR	ENCSR525VXD	ENCSR363MRN	BPNet	normalized predicted signal profile	bigWig	ChIP-seq	CTCF	dorsolateral-prefrontal-cortex	prefrontal	brain	central-nervous-system	plus	none	passed
ENCFF726MET	ENCFF726MET	ENCSR443NWG	ENCSR461VQZ	BPNet	normalized predicted signal profile	bigWig	ChIP-seq	CTCF	dorsolateral-prefrontal-cortex	prefrontal	brain	central-nervous-system	plus	none	passed
ENCFF739ZYJ	ENCFF739ZYJ	ENCSR763VUL	ENCSR663VTZ	BPNet	normalized predicted signal profile	bigWig	ChIP-seq	CTCF	dorsolateral-prefrontal-cortex	prefrontal	brain	central-nervous-system	plus	none	passed
ENCFF751IYD	ENCFF751IYD	ENCSR757DFT	ENCSR446AYX	BPNet	normalized predicted signal profile	bigWig	ChIP-seq	CTCF	dorsolateral-prefrontal-cortex	prefrontal	brain	central-nervous-system	plus	none	passed
ENCFF758HPE	ENCFF758HPE	ENCSR715FHW	ENCSR289FFZ	BPNet	normalized predicted signal profile	bigWig	ChIP-seq	CTCF	dorsolateral-prefrontal-cortex	prefrontal	brain	central-nervous-system	plus	none	passed
ENCFF761TBF	ENCFF761TBF	ENCSR194JAU	ENCSR395UGO	BPNet	normalized predicted signal profile	bigWig	ChIP-seq	CTCF	dorsolateral-prefrontal-cortex	prefrontal	brain	central-nervous-system	plus	none	passed
ENCFF785UBL	ENCFF785UBL	ENCSR230RQK	ENCSR838NLY	BPNet	normalized predicted signal profile	bigWig	ChIP-seq	CTCF	dorsolateral-prefrontal-cortex	prefrontal	brain	central-nervous-system	plus	none	passed
ENCFF790DTO	ENCFF790DTO	ENCSR251BHU	ENCSR691TTX	BPNet	normalized predicted signal profile	bigWig	ChIP-seq	CTCF	dorsolateral-prefrontal-cortex	prefrontal	brain	central-nervous-system	plus	none	passed
ENCFF820KLR	ENCFF820KLR	ENCSR740GKG	ENCSR891TQN	BPNet	normalized predicted signal profile	bigWig	ChIP-seq	CTCF	dorsolateral-prefrontal-cortex	prefrontal	brain	central-nervous-system	plus	none	passed
ENCFF836UUE	ENCFF836UUE	ENCSR778NDP	ENCSR914ELN	BPNet	normalized predicted signal profile	bigWig	ChIP-seq	CTCF	dorsolateral-prefrontal-cortex	prefrontal	brain	central-nervous-system	plus	none	passed
ENCFF849HVC	ENCFF849HVC	ENCSR244KEW	ENCSR435PGE	BPNet	normalized predicted signal profile	bigWig	ChIP-seq	CTCF	dorsolateral-prefrontal-cortex	prefrontal	brain	central-nervous-system	plus	none	passed
ENCFF864WNY	ENCFF864WNY	ENCSR680WMF	ENCSR065XUI	BPNet	normalized predicted signal profile	bigWig	ChIP-seq	CTCF	dorsolateral-prefrontal-cortex	prefrontal	brain	central-nervous-system	plus	none	passed
ENCFF869UMP	ENCFF869UMP	ENCSR813KUE	ENCSR171JOI	BPNet	normalized predicted signal profile	bigWig	ChIP-seq	CTCF	dorsolateral-prefrontal-cortex	prefrontal	brain	central-nervous-system	plus	none	passed
ENCFF872NFK	ENCFF872NFK	ENCSR979PTL	ENCSR149WTJ	BPNet	normalized predicted signal profile	bigWig	ChIP-seq	CTCF	dorsolateral-prefrontal-cortex	prefrontal	brain	central-nervous-system	plus	none	passed
ENCFF874HSN	ENCFF874HSN	ENCSR779YTI	ENCSR349AYE	BPNet	normalized predicted signal profile	bigWig	ChIP-seq	CTCF	dorsolateral-prefrontal-cortex	prefrontal	brain	central-nervous-system	plus	none	passed
ENCFF887IFO	ENCFF887IFO	ENCSR689LFJ	ENCSR575LCC	BPNet	normalized predicted signal profile	bigWig	ChIP-seq	CTCF	dorsolateral-prefrontal-cortex	prefrontal	brain	central-nervous-system	plus	none	passed
ENCFF902AGU	ENCFF902AGU	ENCSR724YTA	ENCSR285JON	BPNet	normalized predicted signal profile	bigWig	ChIP-seq	CTCF	dorsolateral-prefrontal-cortex	prefrontal	brain	central-nervous-system	plus	none	passed
ENCFF966CIK	ENCFF966CIK	ENCSR832TWW	ENCSR152KSC	BPNet	normalized predicted signal profile	bigWig	ChIP-seq	CTCF	dorsolateral-prefrontal-cortex	prefrontal	brain	central-nervous-system	plus	none	passed
ENCFF979BHB	ENCFF979BHB	ENCSR847OSL	ENCSR732HRT	BPNet	normalized predicted signal profile	bigWig	ChIP-seq	CTCF	dorsolateral-prefrontal-cortex	prefrontal	brain	central-nervous-system	plus	none	passed
ENCFF996JIN	ENCFF996JIN	ENCSR676LDQ	ENCSR605ZJX	BPNet	normalized predicted signal profile	bigWig	ChIP-seq	CTCF	dorsolateral-prefrontal-cortex	prefrontal	brain	central-nervous-system	plus	none	passed
ENCFF064EDH	ENCFF064EDH	ENCSR031PXV	ENCSR038XID	BPNet	normalized predicted signal profile	bigWig	ChIP-seq	CTCF	endothelial-cell	endothelial	blood-vessel	circulatory-system	minus	none	passed
ENCFF639SIS	ENCFF639SIS	ENCSR031PXV	ENCSR038XID	BPNet	normalized predicted signal profile	bigWig	ChIP-seq	CTCF	endothelial-cell	endothelial	blood-vessel	circulatory-system	plus	none	passed
ENCFF169HLG	ENCFF169HLG	ENCSR000DVP	ENCSR198GBA	BPNet	normalized predicted signal profile	bigWig	ChIP-seq	CTCF	endothelial-cell-of-umbilical-vein	endothelial	blood-vessel	circulatory-system	minus	none	passed
ENCFF936HIX	ENCFF936HIX	ENCSR000ALA	ENCSR616FKR	BPNet	normalized predicted signal profile	bigWig	ChIP-seq	CTCF	endothelial-cell-of-umbilical-vein	endothelial	blood-vessel	circulatory-system	minus	none	passed
ENCFF983DYZ	ENCFF983DYZ	ENCSR000DLW	ENCSR147WHF	BPNet	normalized predicted signal profile	bigWig	ChIP-seq	CTCF	endothelial-cell-of-umbilical-vein	endothelial	blood-vessel	circulatory-system	minus	none	passed
ENCFF208NNE	ENCFF208NNE	ENCSR000DLW	ENCSR147WHF	BPNet	normalized predicted signal profile	bigWig	ChIP-seq	CTCF	endothelial-cell-of-umbilical-vein	endothelial	blood-vessel	circulatory-system	plus	none	passed
ENCFF337FPH	ENCFF337FPH	ENCSR000ALA	ENCSR616FKR	BPNet	normalized predicted signal profile	bigWig	ChIP-seq	CTCF	endothelial-cell-of-umbilical-vein	endothelial	blood-vessel	circulatory-system	plus	none	passed
ENCFF755MWQ	ENCFF755MWQ	ENCSR000DVP	ENCSR198GBA	BPNet	normalized predicted signal profile	bigWig	ChIP-seq	CTCF	endothelial-cell-of-umbilical-vein	endothelial	blood-vessel	circulatory-system	plus	none	passed
ENCFF900ZNG	ENCFF900ZNG	ENCSR000DTR	ENCSR743IWP	BPNet	normalized predicted signal profile	bigWig	ChIP-seq	CTCF	epithelial-cell-of-esophagus	epithelial	epithelial	integumental-system	minus	none	passed
ENCFF092GQG	ENCFF092GQG	ENCSR000DTR	ENCSR743IWP	BPNet	normalized predicted signal profile	bigWig	ChIP-seq	CTCF	epithelial-cell-of-esophagus	epithelial	epithelial	integumental-system	plus	none	passed
ENCFF830TEY	ENCFF830TEY	ENCSR196HOM	ENCSR205JEX	BPNet	normalized predicted signal profile	bigWig	ChIP-seq	CTCF	epithelial-cell-of-prostate	epithelial	epithelial	integumental-system	minus	none	passed
ENCFF794NZA	ENCFF794NZA	ENCSR196HOM	ENCSR205JEX	BPNet	normalized predicted signal profile	bigWig	ChIP-seq	CTCF	epithelial-cell-of-prostate	epithelial	epithelial	integumental-system	plus	none	passed
ENCFF793CDA	ENCFF793CDA	ENCSR000DXD	ENCSR463FSZ	BPNet	normalized predicted signal profile	bigWig	ChIP-seq	CTCF	epithelial-cell-of-proximal-tubule	epithelial	epithelial	integumental-system	minus	none	passed
ENCFF608VAD	ENCFF608VAD	ENCSR000DXD	ENCSR463FSZ	BPNet	normalized predicted signal profile	bigWig	ChIP-seq	CTCF	epithelial-cell-of-proximal-tubule	epithelial	epithelial	integumental-system	plus	none	passed
ENCFF183FAD	ENCFF183FAD	ENCSR559KAB	ENCSR710THJ	BPNet	normalized predicted signal profile	bigWig	ChIP-seq	CTCF	esophagus-muscularis-mucosa	esophag	stomach	digestive-system	minus	none	passed
ENCFF320KJH	ENCFF320KJH	ENCSR443WKD	ENCSR875SFQ	BPNet	normalized predicted signal profile	bigWig	ChIP-seq	CTCF	esophagus-muscularis-mucosa	esophag	stomach	digestive-system	minus	none	passed
ENCFF405DTO	ENCFF405DTO	ENCSR073TPC	ENCSR061RKJ	BPNet	normalized predicted signal profile	bigWig	ChIP-seq	CTCF	esophagus-muscularis-mucosa	esophag	stomach	digestive-system	minus	none	passed
ENCFF503RPZ	ENCFF503RPZ	ENCSR353DFU	ENCSR838SGS	BPNet	normalized predicted signal profile	bigWig	ChIP-seq	CTCF	esophagus-muscularis-mucosa	esophag	stomach	digestive-system	minus	none	passed
ENCFF861NUL	ENCFF861NUL	ENCSR074SFL	ENCSR213UJA	BPNet	normalized predicted signal profile	bigWig	ChIP-seq	CTCF	esophagus-muscularis-mucosa	esophag	stomach	digestive-system	minus	none	passed
ENCFF289LKB	ENCFF289LKB	ENCSR353DFU	ENCSR838SGS	BPNet	normalized predicted signal profile	bigWig	ChIP-seq	CTCF	esophagus-muscularis-mucosa	esophag	stomach	digestive-system	plus	none	passed
ENCFF469AZQ	ENCFF469AZQ	ENCSR074SFL	ENCSR213UJA	BPNet	normalized predicted signal profile	bigWig	ChIP-seq	CTCF	esophagus-muscularis-mucosa	esophag	stomach	digestive-system	plus	none	passed
ENCFF473FLT	ENCFF473FLT	ENCSR443WKD	ENCSR875SFQ	BPNet	normalized predicted signal profile	bigWig	ChIP-seq	CTCF	esophagus-muscularis-mucosa	esophag	stomach	digestive-system	plus	none	passed
ENCFF528AXO	ENCFF528AXO	ENCSR073TPC	ENCSR061RKJ	BPNet	normalized predicted signal profile	bigWig	ChIP-seq	CTCF	esophagus-muscularis-mucosa	esophag	stomach	digestive-system	plus	none	passed
ENCFF780HLQ	ENCFF780HLQ	ENCSR559KAB	ENCSR710THJ	BPNet	normalized predicted signal profile	bigWig	ChIP-seq	CTCF	esophagus-muscularis-mucosa	esophag	stomach	digestive-system	plus	none	passed
ENCFF064LRF	ENCFF064LRF	ENCSR838RUX	ENCSR712PPO	BPNet	normalized predicted signal profile	bigWig	ChIP-seq	CTCF	esophagus-squamous-epithelium	esophag	stomach	digestive-system	minus	none	passed
ENCFF538BGF	ENCFF538BGF	ENCSR266UTR	ENCSR942GLY	BPNet	normalized predicted signal profile	bigWig	ChIP-seq	CTCF	esophagus-squamous-epithelium	esophag	stomach	digestive-system	minus	none	passed
ENCFF622TYM	ENCFF622TYM	ENCSR450FRI	ENCSR344GRT	BPNet	normalized predicted signal profile	bigWig	ChIP-seq	CTCF	esophagus-squamous-epithelium	esophag	stomach	digestive-system	minus	none	passed
ENCFF709HMJ	ENCFF709HMJ	ENCSR756URL	ENCSR985TGA	BPNet	normalized predicted signal profile	bigWig	ChIP-seq	CTCF	esophagus-squamous-epithelium	esophag	stomach	digestive-system	minus	none	passed
ENCFF948DZK	ENCFF948DZK	ENCSR773JBP	ENCSR550FVE	BPNet	normalized predicted signal profile	bigWig	ChIP-seq	CTCF	esophagus-squamous-epithelium	esophag	stomach	digestive-system	minus	none	passed
ENCFF992WPW	ENCFF992WPW	ENCSR003SZZ	ENCSR224LAT	BPNet	normalized predicted signal profile	bigWig	ChIP-seq	CTCF	esophagus-squamous-epithelium	esophag	stomach	digestive-system	minus	none	passed
ENCFF045BVU	ENCFF045BVU	ENCSR773JBP	ENCSR550FVE	BPNet	normalized predicted signal profile	bigWig	ChIP-seq	CTCF	esophagus-squamous-epithelium	esophag	stomach	digestive-system	plus	none	passed
ENCFF215NHX	ENCFF215NHX	ENCSR266UTR	ENCSR942GLY	BPNet	normalized predicted signal profile	bigWig	ChIP-seq	CTCF	esophagus-squamous-epithelium	esophag	stomach	digestive-system	plus	none	passed
ENCFF391HYZ	ENCFF391HYZ	ENCSR838RUX	ENCSR712PPO	BPNet	normalized predicted signal profile	bigWig	ChIP-seq	CTCF	esophagus-squamous-epithelium	esophag	stomach	digestive-system	plus	none	passed
ENCFF828VEG	ENCFF828VEG	ENCSR756URL	ENCSR985TGA	BPNet	normalized predicted signal profile	bigWig	ChIP-seq	CTCF	esophagus-squamous-epithelium	esophag	stomach	digestive-system	plus	none	passed
ENCFF902VJG	ENCFF902VJG	ENCSR003SZZ	ENCSR224LAT	BPNet	normalized predicted signal profile	bigWig	ChIP-seq	CTCF	esophagus-squamous-epithelium	esophag	stomach	digestive-system	plus	none	passed
ENCFF944IOH	ENCFF944IOH	ENCSR450FRI	ENCSR344GRT	BPNet	normalized predicted signal profile	bigWig	ChIP-seq	CTCF	esophagus-squamous-epithelium	esophag	stomach	digestive-system	plus	none	passed
ENCFF170EKP	ENCFF170EKP	ENCSR000APM	ENCSR628HLT	BPNet	normalized predicted signal profile	bigWig	ChIP-seq	CTCF	fibroblast-of-dermis	fibroblast	fibroblast	integumental-system	minus	none	passed
ENCFF234PJB	ENCFF234PJB	ENCSR000APM	ENCSR628HLT	BPNet	normalized predicted signal profile	bigWig	ChIP-seq	CTCF	fibroblast-of-dermis	fibroblast	fibroblast	integumental-system	plus	none	passed
ENCFF557LLC	ENCFF557LLC	ENCSR000DWY	ENCSR175NFF	BPNet	normalized predicted signal profile	bigWig	ChIP-seq	CTCF	fibroblast-of-lung	fibroblast	fibroblast	integumental-system	minus	none	passed
ENCFF734AOT	ENCFF734AOT	ENCSR000ANO	ENCSR075HNI	BPNet	normalized predicted signal profile	bigWig	ChIP-seq	CTCF	fibroblast-of-lung	fibroblast	fibroblast	integumental-system	minus	none	passed
ENCFF969LCL	ENCFF969LCL	ENCSR000DVA	ENCSR641JQM	BPNet	normalized predicted signal profile	bigWig	ChIP-seq	CTCF	fibroblast-of-lung	fibroblast	fibroblast	integumental-system	minus	none	passed
ENCFF073VCC	ENCFF073VCC	ENCSR000ANO	ENCSR075HNI	BPNet	normalized predicted signal profile	bigWig	ChIP-seq	CTCF	fibroblast-of-lung	fibroblast	fibroblast	integumental-system	plus	none	passed
ENCFF561HYQ	ENCFF561HYQ	ENCSR000DWY	ENCSR175NFF	BPNet	normalized predicted signal profile	bigWig	ChIP-seq	CTCF	fibroblast-of-lung	fibroblast	fibroblast	integumental-system	plus	none	passed
ENCFF921XKW	ENCFF921XKW	ENCSR000DVA	ENCSR641JQM	BPNet	normalized predicted signal profile	bigWig	ChIP-seq	CTCF	fibroblast-of-lung	fibroblast	fibroblast	integumental-system	plus	none	passed
ENCFF811MMO	ENCFF811MMO	ENCSR000DUU	ENCSR427BPN	BPNet	normalized predicted signal profile	bigWig	ChIP-seq	CTCF	fibroblast-of-mammary-gland	fibroblast	fibroblast	integumental-system	minus	none	passed
ENCFF852FAW	ENCFF852FAW	ENCSR000DUU	ENCSR427BPN	BPNet	normalized predicted signal profile	bigWig	ChIP-seq	CTCF	fibroblast-of-mammary-gland	fibroblast	fibroblast	integumental-system	plus	none	passed
ENCFF875TRS	ENCFF875TRS	ENCSR000DUX	ENCSR136OKJ	BPNet	normalized predicted signal profile	bigWig	ChIP-seq	CTCF	fibroblast-of-pulmonary-artery	fibroblast	fibroblast	integumental-system	minus	none	passed
ENCFF550IDF	ENCFF550IDF	ENCSR000DUX	ENCSR136OKJ	BPNet	normalized predicted signal profile	bigWig	ChIP-seq	CTCF	fibroblast-of-pulmonary-artery	fibroblast	fibroblast	integumental-system	plus	none	passed
ENCFF589WEQ	ENCFF589WEQ	ENCSR000DPY	ENCSR032ZUX	BPNet	normalized predicted signal profile	bigWig	ChIP-seq	CTCF	fibroblast-of-the-aortic-adventitia	fibroblast	fibroblast	integumental-system	minus	none	passed
ENCFF077TEX	ENCFF077TEX	ENCSR000DPY	ENCSR032ZUX	BPNet	normalized predicted signal profile	bigWig	ChIP-seq	CTCF	fibroblast-of-the-aortic-adventitia	fibroblast	fibroblast	integumental-system	plus	none	passed
ENCFF619ARR	ENCFF619ARR	ENCSR000DVQ	ENCSR568PVC	BPNet	normalized predicted signal profile	bigWig	ChIP-seq	CTCF	fibroblast-of-villous-mesenchyme	fibroblast	fibroblast	integumental-system	minus	none	passed
ENCFF744SJT	ENCFF744SJT	ENCSR000DVQ	ENCSR568PVC	BPNet	normalized predicted signal profile	bigWig	ChIP-seq	CTCF	fibroblast-of-villous-mesenchyme	fibroblast	fibroblast	integumental-system	plus	none	passed
ENCFF135IKF	ENCFF135IKF	ENCSR000DUH	ENCSR967AQL	BPNet	normalized predicted signal profile	bigWig	ChIP-seq	CTCF	foreskin-fibroblast	fibroblast	fibroblast	integumental-system	minus	none	passed
ENCFF232RXP	ENCFF232RXP	ENCSR000DWQ	ENCSR215ALR	BPNet	normalized predicted signal profile	bigWig	ChIP-seq	CTCF	foreskin-fibroblast	fibroblast	fibroblast	integumental-system	minus	none	passed
ENCFF860JRV	ENCFF860JRV	ENCSR000DWQ	ENCSR215ALR	BPNet	normalized predicted signal profile	bigWig	ChIP-seq	CTCF	foreskin-fibroblast	fibroblast	fibroblast	integumental-system	plus	none	passed
ENCFF980LOR	ENCFF980LOR	ENCSR000DUH	ENCSR967AQL	BPNet	normalized predicted signal profile	bigWig	ChIP-seq	CTCF	foreskin-fibroblast	fibroblast	fibroblast	integumental-system	plus	none	passed
ENCFF282PHY	ENCFF282PHY	ENCSR817HTJ	ENCSR397LCP	BPNet	normalized predicted signal profile	bigWig	ChIP-seq	CTCF	foreskin-keratinocyte	skin	skin	integumental-system	minus	none	passed
ENCFF403UKO	ENCFF403UKO	ENCSR812FNU	ENCSR787BHA	BPNet	normalized predicted signal profile	bigWig	ChIP-seq	CTCF	foreskin-keratinocyte	skin	skin	integumental-system	minus	none	passed
ENCFF783AZQ	ENCFF783AZQ	ENCSR036EGV	ENCSR426XPR	BPNet	normalized predicted signal profile	bigWig	ChIP-seq	CTCF	foreskin-keratinocyte	skin	skin	integumental-system	minus	none	passed
ENCFF163DKG	ENCFF163DKG	ENCSR812FNU	ENCSR787BHA	BPNet	normalized predicted signal profile	bigWig	ChIP-seq	CTCF	foreskin-keratinocyte	skin	skin	integumental-system	plus	none	passed
ENCFF190ZVE	ENCFF190ZVE	ENCSR036EGV	ENCSR426XPR	BPNet	normalized predicted signal profile	bigWig	ChIP-seq	CTCF	foreskin-keratinocyte	skin	skin	integumental-system	plus	none	passed
ENCFF217BCK	ENCFF217BCK	ENCSR817HTJ	ENCSR397LCP	BPNet	normalized predicted signal profile	bigWig	ChIP-seq	CTCF	foreskin-keratinocyte	skin	skin	integumental-system	plus	none	passed
ENCFF222URF	ENCFF222URF	ENCSR071XWO	ENCSR333BEL	BPNet	normalized predicted signal profile	bigWig	ChIP-seq	CTCF	gastrocnemius-medialis	medialis	muscle	musculature	minus	none	passed
ENCFF315GHQ	ENCFF315GHQ	ENCSR998NQG	ENCSR362SBX	BPNet	normalized predicted signal profile	bigWig	ChIP-seq	CTCF	gastrocnemius-medialis	medialis	muscle	musculature	minus	none	passed
ENCFF695RGA	ENCFF695RGA	ENCSR428BKN	ENCSR110KDN	BPNet	normalized predicted signal profile	bigWig	ChIP-seq	CTCF	gastrocnemius-medialis	medialis	muscle	musculature	minus	none	passed
ENCFF702FSR	ENCFF702FSR	ENCSR594NSU	ENCSR549TOP	BPNet	normalized predicted signal profile	bigWig	ChIP-seq	CTCF	gastrocnemius-medialis	medialis	muscle	musculature	minus	none	passed
ENCFF739EXI	ENCFF739EXI	ENCSR355ALW	ENCSR397OAF	BPNet	normalized predicted signal profile	bigWig	ChIP-seq	CTCF	gastrocnemius-medialis	medialis	muscle	musculature	minus	none	passed
ENCFF202DZL	ENCFF202DZL	ENCSR594NSU	ENCSR549TOP	BPNet	normalized predicted signal profile	bigWig	ChIP-seq	CTCF	gastrocnemius-medialis	medialis	muscle	musculature	plus	none	passed
ENCFF228QOR	ENCFF228QOR	ENCSR071XWO	ENCSR333BEL	BPNet	normalized predicted signal profile	bigWig	ChIP-seq	CTCF	gastrocnemius-medialis	medialis	muscle	musculature	plus	none	passed
ENCFF621ATX	ENCFF621ATX	ENCSR355ALW	ENCSR397OAF	BPNet	normalized predicted signal profile	bigWig	ChIP-seq	CTCF	gastrocnemius-medialis	medialis	muscle	musculature	plus	none	passed
ENCFF681NPT	ENCFF681NPT	ENCSR428BKN	ENCSR110KDN	BPNet	normalized predicted signal profile	bigWig	ChIP-seq	CTCF	gastrocnemius-medialis	medialis	muscle	musculature	plus	none	passed
ENCFF687YAQ	ENCFF687YAQ	ENCSR998NQG	ENCSR362SBX	BPNet	normalized predicted signal profile	bigWig	ChIP-seq	CTCF	gastrocnemius-medialis	medialis	muscle	musculature	plus	none	passed
ENCFF188SCQ	ENCFF188SCQ	ENCSR661XNQ	ENCSR650AHN	BPNet	normalized predicted signal profile	bigWig	ChIP-seq	CTCF	gastroesophageal-sphincter	esophag	stomach	digestive-system	minus	none	passed
ENCFF591AQE	ENCFF591AQE	ENCSR805YLE	ENCSR686NPX	BPNet	normalized predicted signal profile	bigWig	ChIP-seq	CTCF	gastroesophageal-sphincter	esophag	stomach	digestive-system	minus	none	passed
ENCFF702ICI	ENCFF702ICI	ENCSR146BGM	ENCSR275BUX	BPNet	normalized predicted signal profile	bigWig	ChIP-seq	CTCF	gastroesophageal-sphincter	esophag	stomach	digestive-system	minus	none	passed
ENCFF848PLL	ENCFF848PLL	ENCSR206ETG	ENCSR176KHX	BPNet	normalized predicted signal profile	bigWig	ChIP-seq	CTCF	gastroesophageal-sphincter	esophag	stomach	digestive-system	minus	none	passed
ENCFF856GXZ	ENCFF856GXZ	ENCSR186NVR	ENCSR016LLR	BPNet	normalized predicted signal profile	bigWig	ChIP-seq	CTCF	gastroesophageal-sphincter	esophag	stomach	digestive-system	minus	none	passed
ENCFF913MFN	ENCFF913MFN	ENCSR298ZPF	ENCSR131CQW	BPNet	normalized predicted signal profile	bigWig	ChIP-seq	CTCF	gastroesophageal-sphincter	esophag	stomach	digestive-system	minus	none	passed
ENCFF072WFO	ENCFF072WFO	ENCSR298ZPF	ENCSR131CQW	BPNet	normalized predicted signal profile	bigWig	ChIP-seq	CTCF	gastroesophageal-sphincter	esophag	stomach	digestive-system	plus	none	passed
ENCFF091YZQ	ENCFF091YZQ	ENCSR146BGM	ENCSR275BUX	BPNet	normalized predicted signal profile	bigWig	ChIP-seq	CTCF	gastroesophageal-sphincter	esophag	stomach	digestive-system	plus	none	passed
ENCFF212OEL	ENCFF212OEL	ENCSR805YLE	ENCSR686NPX	BPNet	normalized predicted signal profile	bigWig	ChIP-seq	CTCF	gastroesophageal-sphincter	esophag	stomach	digestive-system	plus	none	passed
ENCFF342YKU	ENCFF342YKU	ENCSR661XNQ	ENCSR650AHN	BPNet	normalized predicted signal profile	bigWig	ChIP-seq	CTCF	gastroesophageal-sphincter	esophag	stomach	digestive-system	plus	none	passed
ENCFF347AHG	ENCFF347AHG	ENCSR206ETG	ENCSR176KHX	BPNet	normalized predicted signal profile	bigWig	ChIP-seq	CTCF	gastroesophageal-sphincter	esophag	stomach	digestive-system	plus	none	passed
ENCFF669MKO	ENCFF669MKO	ENCSR186NVR	ENCSR016LLR	BPNet	normalized predicted signal profile	bigWig	ChIP-seq	CTCF	gastroesophageal-sphincter	esophag	stomach	digestive-system	plus	none	passed
ENCFF419OEZ	ENCFF419OEZ	ENCSR489QDF	ENCSR445PKJ	BPNet	normalized predicted signal profile	bigWig	ChIP-seq	CTCF	glutamatergic-neuron	neuron	nerve	central-nervous-system	minus	none	passed
ENCFF998JRD	ENCFF998JRD	ENCSR489QDF	ENCSR445PKJ	BPNet	normalized predicted signal profile	bigWig	ChIP-seq	CTCF	glutamatergic-neuron	neuron	nerve	central-nervous-system	plus	none	passed
ENCFF046WPM	ENCFF046WPM	ENCSR791AYW	ENCSR008DFV	BPNet	normalized predicted signal profile	bigWig	ChIP-seq	CTCF	heart-left-ventricle	heart	heart	circulatory-system	minus	none	passed
ENCFF066THJ	ENCFF066THJ	ENCSR355PMV	ENCSR078MYC	BPNet	normalized predicted signal profile	bigWig	ChIP-seq	CTCF	heart-left-ventricle	heart	heart	circulatory-system	minus	none	passed
ENCFF146CMB	ENCFF146CMB	ENCSR296JFK	ENCSR395DVX	BPNet	normalized predicted signal profile	bigWig	ChIP-seq	CTCF	heart-left-ventricle	heart	heart	circulatory-system	minus	none	passed
ENCFF245WBJ	ENCFF245WBJ	ENCSR544APK	ENCSR573LUK	BPNet	normalized predicted signal profile	bigWig	ChIP-seq	CTCF	heart-left-ventricle	heart	heart	circulatory-system	minus	none	passed
ENCFF380RHX	ENCFF380RHX	ENCSR578AKX	ENCSR770GGU	BPNet	normalized predicted signal profile	bigWig	ChIP-seq	CTCF	heart-left-ventricle	heart	heart	circulatory-system	minus	none	passed
ENCFF400RDJ	ENCFF400RDJ	ENCSR350NBQ	ENCSR349KLJ	BPNet	normalized predicted signal profile	bigWig	ChIP-seq	CTCF	heart-left-ventricle	heart	heart	circulatory-system	minus	none	passed
ENCFF529YFU	ENCFF529YFU	ENCSR904RIA	ENCSR248QOW	BPNet	normalized predicted signal profile	bigWig	ChIP-seq	CTCF	heart-left-ventricle	heart	heart	circulatory-system	minus	none	passed
ENCFF581YQE	ENCFF581YQE	ENCSR834XPX	ENCSR003EBX	BPNet	normalized predicted signal profile	bigWig	ChIP-seq	CTCF	heart-left-ventricle	heart	heart	circulatory-system	minus	none	passed
ENCFF623GTG	ENCFF623GTG	ENCSR778ZPK	ENCSR025NXO	BPNet	normalized predicted signal profile	bigWig	ChIP-seq	CTCF	heart-left-ventricle	heart	heart	circulatory-system	minus	none	passed
ENCFF642ZFO	ENCFF642ZFO	ENCSR825NXC	ENCSR469EFI	BPNet	normalized predicted signal profile	bigWig	ChIP-seq	CTCF	heart-left-ventricle	heart	heart	circulatory-system	minus	none	passed
ENCFF783DIJ	ENCFF783DIJ	ENCSR881YFU	ENCSR164NLQ	BPNet	normalized predicted signal profile	bigWig	ChIP-seq	CTCF	heart-left-ventricle	heart	heart	circulatory-system	minus	none	passed
ENCFF795WSY	ENCFF795WSY	ENCSR565HBN	ENCSR868KFG	BPNet	normalized predicted signal profile	bigWig	ChIP-seq	CTCF	heart-left-ventricle	heart	heart	circulatory-system	minus	none	passed
ENCFF811SUO	ENCFF811SUO	ENCSR718SDR	ENCSR632DRZ	BPNet	normalized predicted signal profile	bigWig	ChIP-seq	CTCF	heart-left-ventricle	heart	heart	circulatory-system	minus	none	passed
ENCFF860TCQ	ENCFF860TCQ	ENCSR461HOC	ENCSR715LMF	BPNet	normalized predicted signal profile	bigWig	ChIP-seq	CTCF	heart-left-ventricle	heart	heart	circulatory-system	minus	none	passed
ENCFF010TIO	ENCFF010TIO	ENCSR565HBN	ENCSR868KFG	BPNet	normalized predicted signal profile	bigWig	ChIP-seq	CTCF	heart-left-ventricle	heart	heart	circulatory-system	plus	none	passed
ENCFF108SPZ	ENCFF108SPZ	ENCSR296JFK	ENCSR395DVX	BPNet	normalized predicted signal profile	bigWig	ChIP-seq	CTCF	heart-left-ventricle	heart	heart	circulatory-system	plus	none	passed
ENCFF122QKG	ENCFF122QKG	ENCSR778ZPK	ENCSR025NXO	BPNet	normalized predicted signal profile	bigWig	ChIP-seq	CTCF	heart-left-ventricle	heart	heart	circulatory-system	plus	none	passed
ENCFF291CUX	ENCFF291CUX	ENCSR904RIA	ENCSR248QOW	BPNet	normalized predicted signal profile	bigWig	ChIP-seq	CTCF	heart-left-ventricle	heart	heart	circulatory-system	plus	none	passed
ENCFF367LXI	ENCFF367LXI	ENCSR791AYW	ENCSR008DFV	BPNet	normalized predicted signal profile	bigWig	ChIP-seq	CTCF	heart-left-ventricle	heart	heart	circulatory-system	plus	none	passed
ENCFF440CUY	ENCFF440CUY	ENCSR834XPX	ENCSR003EBX	BPNet	normalized predicted signal profile	bigWig	ChIP-seq	CTCF	heart-left-ventricle	heart	heart	circulatory-system	plus	none	passed
ENCFF469AGD	ENCFF469AGD	ENCSR350NBQ	ENCSR349KLJ	BPNet	normalized predicted signal profile	bigWig	ChIP-seq	CTCF	heart-left-ventricle	heart	heart	circulatory-system	plus	none	passed
ENCFF517SDT	ENCFF517SDT	ENCSR718SDR	ENCSR632DRZ	BPNet	normalized predicted signal profile	bigWig	ChIP-seq	CTCF	heart-left-ventricle	heart	heart	circulatory-system	plus	none	passed
ENCFF570OMK	ENCFF570OMK	ENCSR578AKX	ENCSR770GGU	BPNet	normalized predicted signal profile	bigWig	ChIP-seq	CTCF	heart-left-ventricle	heart	heart	circulatory-system	plus	none	passed
ENCFF597WVN	ENCFF597WVN	ENCSR881YFU	ENCSR164NLQ	BPNet	normalized predicted signal profile	bigWig	ChIP-seq	CTCF	heart-left-ventricle	heart	heart	circulatory-system	plus	none	passed
ENCFF631QAP	ENCFF631QAP	ENCSR825NXC	ENCSR469EFI	BPNet	normalized predicted signal profile	bigWig	ChIP-seq	CTCF	heart-left-ventricle	heart	heart	circulatory-system	plus	none	passed
ENCFF749CHN	ENCFF749CHN	ENCSR461HOC	ENCSR715LMF	BPNet	normalized predicted signal profile	bigWig	ChIP-seq	CTCF	heart-left-ventricle	heart	heart	circulatory-system	plus	none	passed
ENCFF824KYK	ENCFF824KYK	ENCSR355PMV	ENCSR078MYC	BPNet	normalized predicted signal profile	bigWig	ChIP-seq	CTCF	heart-left-ventricle	heart	heart	circulatory-system	plus	none	passed
ENCFF937LVH	ENCFF937LVH	ENCSR544APK	ENCSR573LUK	BPNet	normalized predicted signal profile	bigWig	ChIP-seq	CTCF	heart-left-ventricle	heart	heart	circulatory-system	plus	none	passed
ENCFF025BMJ	ENCFF025BMJ	ENCSR376EOW	ENCSR287YDH	BPNet	normalized predicted signal profile	bigWig	ChIP-seq	CTCF	heart-right-ventricle	heart	heart	circulatory-system	minus	none	passed
ENCFF105TCE	ENCFF105TCE	ENCSR105KGD	ENCSR088AMF	BPNet	normalized predicted signal profile	bigWig	ChIP-seq	CTCF	heart-right-ventricle	heart	heart	circulatory-system	minus	none	passed
ENCFF478FPY	ENCFF478FPY	ENCSR473DVS	ENCSR788INN	BPNet	normalized predicted signal profile	bigWig	ChIP-seq	CTCF	heart-right-ventricle	heart	heart	circulatory-system	minus	none	passed
ENCFF515FBL	ENCFF515FBL	ENCSR585JVS	ENCSR932SYD	BPNet	normalized predicted signal profile	bigWig	ChIP-seq	CTCF	heart-right-ventricle	heart	heart	circulatory-system	minus	none	passed
ENCFF531JZJ	ENCFF531JZJ	ENCSR138FTN	ENCSR601CJR	BPNet	normalized predicted signal profile	bigWig	ChIP-seq	CTCF	heart-right-ventricle	heart	heart	circulatory-system	minus	none	passed
ENCFF681KBR	ENCFF681KBR	ENCSR089NBS	ENCSR081IKT	BPNet	normalized predicted signal profile	bigWig	ChIP-seq	CTCF	heart-right-ventricle	heart	heart	circulatory-system	minus	none	passed
ENCFF719WJC	ENCFF719WJC	ENCSR323ZAP	ENCSR760DOP	BPNet	normalized predicted signal profile	bigWig	ChIP-seq	CTCF	heart-right-ventricle	heart	heart	circulatory-system	minus	none	passed
ENCFF720UKP	ENCFF720UKP	ENCSR587KPW	ENCSR489DNU	BPNet	normalized predicted signal profile	bigWig	ChIP-seq	CTCF	heart-right-ventricle	heart	heart	circulatory-system	minus	none	passed
ENCFF803ZPC	ENCFF803ZPC	ENCSR505RTK	ENCSR325CRC	BPNet	normalized predicted signal profile	bigWig	ChIP-seq	CTCF	heart-right-ventricle	heart	heart	circulatory-system	minus	none	passed
ENCFF925FVZ	ENCFF925FVZ	ENCSR840EYN	ENCSR625KKR	BPNet	normalized predicted signal profile	bigWig	ChIP-seq	CTCF	heart-right-ventricle	heart	heart	circulatory-system	minus	none	passed
ENCFF948CSN	ENCFF948CSN	ENCSR928RNP	ENCSR616WTU	BPNet	normalized predicted signal profile	bigWig	ChIP-seq	CTCF	heart-right-ventricle	heart	heart	circulatory-system	minus	none	passed
ENCFF177OQB	ENCFF177OQB	ENCSR138FTN	ENCSR601CJR	BPNet	normalized predicted signal profile	bigWig	ChIP-seq	CTCF	heart-right-ventricle	heart	heart	circulatory-system	plus	none	passed
ENCFF272JSZ	ENCFF272JSZ	ENCSR089NBS	ENCSR081IKT	BPNet	normalized predicted signal profile	bigWig	ChIP-seq	CTCF	heart-right-ventricle	heart	heart	circulatory-system	plus	none	passed
ENCFF321BSE	ENCFF321BSE	ENCSR473DVS	ENCSR788INN	BPNet	normalized predicted signal profile	bigWig	ChIP-seq	CTCF	heart-right-ventricle	heart	heart	circulatory-system	plus	none	passed
ENCFF477YYR	ENCFF477YYR	ENCSR928RNP	ENCSR616WTU	BPNet	normalized predicted signal profile	bigWig	ChIP-seq	CTCF	heart-right-ventricle	heart	heart	circulatory-system	plus	none	passed
ENCFF560GCL	ENCFF560GCL	ENCSR505RTK	ENCSR325CRC	BPNet	normalized predicted signal profile	bigWig	ChIP-seq	CTCF	heart-right-ventricle	heart	heart	circulatory-system	plus	none	passed
ENCFF583KOW	ENCFF583KOW	ENCSR840EYN	ENCSR625KKR	BPNet	normalized predicted signal profile	bigWig	ChIP-seq	CTCF	heart-right-ventricle	heart	heart	circulatory-system	plus	none	passed
ENCFF611RHU	ENCFF611RHU	ENCSR585JVS	ENCSR932SYD	BPNet	normalized predicted signal profile	bigWig	ChIP-seq	CTCF	heart-right-ventricle	heart	heart	circulatory-system	plus	none	passed
ENCFF650MEB	ENCFF650MEB	ENCSR587KPW	ENCSR489DNU	BPNet	normalized predicted signal profile	bigWig	ChIP-seq	CTCF	heart-right-ventricle	heart	heart	circulatory-system	plus	none	passed
ENCFF857YFB	ENCFF857YFB	ENCSR376EOW	ENCSR287YDH	BPNet	normalized predicted signal profile	bigWig	ChIP-seq	CTCF	heart-right-ventricle	heart	heart	circulatory-system	plus	none	passed
ENCFF873IBE	ENCFF873IBE	ENCSR105KGD	ENCSR088AMF	BPNet	normalized predicted signal profile	bigWig	ChIP-seq	CTCF	heart-right-ventricle	heart	heart	circulatory-system	plus	none	passed
ENCFF912MJH	ENCFF912MJH	ENCSR323ZAP	ENCSR760DOP	BPNet	normalized predicted signal profile	bigWig	ChIP-seq	CTCF	heart-right-ventricle	heart	heart	circulatory-system	plus	none	passed
ENCFF706KEW	ENCFF706KEW	ENCSR252QYR	ENCSR525ROU	BPNet	normalized predicted signal profile	bigWig	ChIP-seq	CTCF	hepatocyte	hepato	liver	digestive-system	minus	none	passed
ENCFF282LNT	ENCFF282LNT	ENCSR252QYR	ENCSR525ROU	BPNet	normalized predicted signal profile	bigWig	ChIP-seq	CTCF	hepatocyte	hepato	liver	digestive-system	plus	none	passed
ENCFF296WWV	ENCFF296WWV	ENCSR000DWX	ENCSR551IVT	BPNet	normalized predicted signal profile	bigWig	ChIP-seq	CTCF	keratinocyte	keratinocyte	skin	integumental-system	minus	none	passed
ENCFF325ESP	ENCFF325ESP	ENCSR000ALJ	ENCSR463ELC	BPNet	normalized predicted signal profile	bigWig	ChIP-seq	CTCF	keratinocyte	keratinocyte	skin	integumental-system	minus	none	passed
ENCFF507VVK	ENCFF507VVK	ENCSR000DNC	ENCSR782QKV	BPNet	normalized predicted signal profile	bigWig	ChIP-seq	CTCF	keratinocyte	keratinocyte	skin	integumental-system	minus	none	passed
ENCFF118LBI	ENCFF118LBI	ENCSR000DWX	ENCSR551IVT	BPNet	normalized predicted signal profile	bigWig	ChIP-seq	CTCF	keratinocyte	keratinocyte	skin	integumental-system	plus	none	passed
ENCFF686RXO	ENCFF686RXO	ENCSR000DNC	ENCSR782QKV	BPNet	normalized predicted signal profile	bigWig	ChIP-seq	CTCF	keratinocyte	keratinocyte	skin	integumental-system	plus	none	passed
ENCFF840UTA	ENCFF840UTA	ENCSR000ALJ	ENCSR463ELC	BPNet	normalized predicted signal profile	bigWig	ChIP-seq	CTCF	keratinocyte	keratinocyte	skin	integumental-system	plus	none	passed
ENCFF549XMT	ENCFF549XMT	ENCSR000DMC	ENCSR551FFQ	BPNet	normalized predicted signal profile	bigWig	ChIP-seq	CTCF	kidney	kidney	kidney	excretory-system	minus	none	passed
ENCFF601DIG	ENCFF601DIG	ENCSR000DMC	ENCSR551FFQ	BPNet	normalized predicted signal profile	bigWig	ChIP-seq	CTCF	kidney	kidney	kidney	excretory-system	plus	none	passed
ENCFF858HKG	ENCFF858HKG	ENCSR000DVH	ENCSR607PEH	BPNet	normalized predicted signal profile	bigWig	ChIP-seq	CTCF	kidney-epithelial-cell	epithelial	epithelial	integumental-system	minus	none	passed
ENCFF266FIC	ENCFF266FIC	ENCSR000DVH	ENCSR607PEH	BPNet	normalized predicted signal profile	bigWig	ChIP-seq	CTCF	kidney-epithelial-cell	epithelial	epithelial	integumental-system	plus	none	passed
ENCFF119VFD	ENCFF119VFD	ENCSR736PZW	ENCSR262QVN	BPNet	normalized predicted signal profile	bigWig	ChIP-seq	CTCF	left-lung	lung	lung	respiratory-system	minus	none	passed
ENCFF868CRM	ENCFF868CRM	ENCSR255SQR	ENCSR105FZO	BPNet	normalized predicted signal profile	bigWig	ChIP-seq	CTCF	left-lung	lung	lung	respiratory-system	minus	none	passed
ENCFF267EUC	ENCFF267EUC	ENCSR255SQR	ENCSR105FZO	BPNet	normalized predicted signal profile	bigWig	ChIP-seq	CTCF	left-lung	lung	lung	respiratory-system	plus	none	passed
ENCFF740EAV	ENCFF740EAV	ENCSR736PZW	ENCSR262QVN	BPNet	normalized predicted signal profile	bigWig	ChIP-seq	CTCF	left-lung	lung	lung	respiratory-system	plus	none	passed
ENCFF377NVU	ENCFF377NVU	ENCSR068HEE	ENCSR134HNL	BPNet	normalized predicted signal profile	bigWig	ChIP-seq	CTCF	left-ventricle-myocardium-inferior	ventricle	heart	circulatory-system	minus	none	passed
ENCFF597WEP	ENCFF597WEP	ENCSR068HEE	ENCSR134HNL	BPNet	normalized predicted signal profile	bigWig	ChIP-seq	CTCF	left-ventricle-myocardium-inferior	ventricle	heart	circulatory-system	plus	none	passed
ENCFF283ASR	ENCFF283ASR	ENCSR254YRM	ENCSR430UIV	BPNet	normalized predicted signal profile	bigWig	ChIP-seq	CTCF	liver	liver	liver	digestive-system	minus	none	passed
ENCFF558LPM	ENCFF558LPM	ENCSR254YRM	ENCSR430UIV	BPNet	normalized predicted signal profile	bigWig	ChIP-seq	CTCF	liver	liver	liver	digestive-system	plus	none	passed
ENCFF425PTA	ENCFF425PTA	ENCSR252XWG	ENCSR859OWB	BPNet	normalized predicted signal profile	bigWig	ChIP-seq	CTCF	lower-leg-skin	skin	skin	integumental-system	minus	none	passed
ENCFF292WPJ	ENCFF292WPJ	ENCSR252XWG	ENCSR859OWB	BPNet	normalized predicted signal profile	bigWig	ChIP-seq	CTCF	lower-leg-skin	skin	skin	integumental-system	plus	none	passed
ENCFF144VAC	ENCFF144VAC	ENCSR195POA	ENCSR437REB	BPNet	normalized predicted signal profile	bigWig	ChIP-seq	CTCF	lower-lobe-of-left-lung	lung	lung	respiratory-system	minus	none	passed
ENCFF872PID	ENCFF872PID	ENCSR133AFF	ENCSR108URW	BPNet	normalized predicted signal profile	bigWig	ChIP-seq	CTCF	lower-lobe-of-left-lung	lung	lung	respiratory-system	minus	none	passed
ENCFF437DJL	ENCFF437DJL	ENCSR195POA	ENCSR437REB	BPNet	normalized predicted signal profile	bigWig	ChIP-seq	CTCF	lower-lobe-of-left-lung	lung	lung	respiratory-system	plus	none	passed
ENCFF971HFT	ENCFF971HFT	ENCSR133AFF	ENCSR108URW	BPNet	normalized predicted signal profile	bigWig	ChIP-seq	CTCF	lower-lobe-of-left-lung	lung	lung	respiratory-system	plus	none	passed
ENCFF778JXT	ENCFF778JXT	ENCSR863HZM	ENCSR619FPQ	BPNet	normalized predicted signal profile	bigWig	ChIP-seq	CTCF	lower-lobe-of-right-lung	lung	lung	respiratory-system	minus	none	passed
ENCFF990RFU	ENCFF990RFU	ENCSR863HZM	ENCSR619FPQ	BPNet	normalized predicted signal profile	bigWig	ChIP-seq	CTCF	lower-lobe-of-right-lung	lung	lung	respiratory-system	plus	none	passed
ENCFF070VTA	ENCFF070VTA	ENCSR000DMH	ENCSR127LIU	BPNet	normalized predicted signal profile	bigWig	ChIP-seq	CTCF	lung	lung	lung	respiratory-system	minus	none	passed
ENCFF106MLT	ENCFF106MLT	ENCSR000DMH	ENCSR127LIU	BPNet	normalized predicted signal profile	bigWig	ChIP-seq	CTCF	lung	lung	lung	respiratory-system	plus	none	passed
ENCFF071ASS	ENCFF071ASS	ENCSR000ALV	ENCSR270VTJ	BPNet	normalized predicted signal profile	bigWig	ChIP-seq	CTCF	mammary-epithelial-cell	epithelial	epithelial	integumental-system	minus	none	passed
ENCFF359KJO	ENCFF359KJO	ENCSR000DUS	ENCSR101RHS	BPNet	normalized predicted signal profile	bigWig	ChIP-seq	CTCF	mammary-epithelial-cell	epithelial	epithelial	integumental-system	minus	none	passed
ENCFF416NTA	ENCFF416NTA	ENCSR000ALV	ENCSR270VTJ	BPNet	normalized predicted signal profile	bigWig	ChIP-seq	CTCF	mammary-epithelial-cell	epithelial	epithelial	integumental-system	plus	none	passed
ENCFF659LTR	ENCFF659LTR	ENCSR000DUS	ENCSR101RHS	BPNet	normalized predicted signal profile	bigWig	ChIP-seq	CTCF	mammary-epithelial-cell	epithelial	epithelial	integumental-system	plus	none	passed
ENCFF576QQS	ENCFF576QQS	ENCSR647SQF	ENCSR455DWB	BPNet	normalized predicted signal profile	bigWig	ChIP-seq	CTCF	mesothelial-cell-of-epicardium	epicardium	heart	circulatory-system	minus	none	passed
ENCFF543EFM	ENCFF543EFM	ENCSR647SQF	ENCSR455DWB	BPNet	normalized predicted signal profile	bigWig	ChIP-seq	CTCF	mesothelial-cell-of-epicardium	epicardium	heart	circulatory-system	plus	none	passed
ENCFF154SIW	ENCFF154SIW	ENCSR038VWU	ENCSR295BWW	BPNet	normalized predicted signal profile	bigWig	ChIP-seq	CTCF	mucosa-of-descending-colon	colon	large-intestine	digestive-system	minus	none	passed
ENCFF428USR	ENCFF428USR	ENCSR038VWU	ENCSR295BWW	BPNet	normalized predicted signal profile	bigWig	ChIP-seq	CTCF	mucosa-of-descending-colon	colon	large-intestine	digestive-system	plus	none	passed
ENCFF456XDX	ENCFF456XDX	ENCSR000ANS	ENCSR476TGO	BPNet	normalized predicted signal profile	bigWig	ChIP-seq	CTCF	myotube	myotube	muscle	musculature	minus	none	passed
ENCFF167MEK	ENCFF167MEK	ENCSR000ANS	ENCSR476TGO	BPNet	normalized predicted signal profile	bigWig	ChIP-seq	CTCF	myotube	myotube	muscle	musculature	plus	none	passed
ENCFF299SUI	ENCFF299SUI	ENCSR856TKC	ENCSR686ZIO	BPNet	normalized predicted signal profile	bigWig	ChIP-seq	CTCF	natural-killer-cell	killer	immune	immune-system	minus	none	passed
ENCFF859CUD	ENCFF859CUD	ENCSR856TKC	ENCSR686ZIO	BPNet	normalized predicted signal profile	bigWig	ChIP-seq	CTCF	natural-killer-cell	killer	immune	immune-system	plus	none	passed
ENCFF402TKP	ENCFF402TKP	ENCSR266ZUX	ENCSR372ZDP	BPNet	normalized predicted signal profile	bigWig	ChIP-seq	CTCF	nephron	nephron	kidney	excretory-system	minus	none	passed
ENCFF586VXR	ENCFF586VXR	ENCSR194WQV	ENCSR404EXQ	BPNet	normalized predicted signal profile	bigWig	ChIP-seq	CTCF	nephron	nephron	kidney	excretory-system	minus	none	passed
ENCFF760LNB	ENCFF760LNB	ENCSR966OUM	ENCSR352YYZ	BPNet	normalized predicted signal profile	bigWig	ChIP-seq	CTCF	nephron	nephron	kidney	excretory-system	minus	none	passed
ENCFF081XFJ	ENCFF081XFJ	ENCSR966OUM	ENCSR352YYZ	BPNet	normalized predicted signal profile	bigWig	ChIP-seq	CTCF	nephron	nephron	kidney	excretory-system	plus	none	passed
ENCFF201OMT	ENCFF201OMT	ENCSR266ZUX	ENCSR372ZDP	BPNet	normalized predicted signal profile	bigWig	ChIP-seq	CTCF	nephron	nephron	kidney	excretory-system	plus	none	passed
ENCFF486HCJ	ENCFF486HCJ	ENCSR194WQV	ENCSR404EXQ	BPNet	normalized predicted signal profile	bigWig	ChIP-seq	CTCF	nephron	nephron	kidney	excretory-system	plus	none	passed
ENCFF745GCY	ENCFF745GCY	ENCSR799GJD	ENCSR008NLN	BPNet	normalized predicted signal profile	bigWig	ChIP-seq	CTCF	nephron-progenitor-cell	nephron	kidney	excretory-system	minus	none	passed
ENCFF891KYJ	ENCFF891KYJ	ENCSR799GJD	ENCSR008NLN	BPNet	normalized predicted signal profile	bigWig	ChIP-seq	CTCF	nephron-progenitor-cell	nephron	kidney	excretory-system	plus	none	passed
ENCFF026CKT	ENCFF026CKT	ENCSR822CEA	ENCSR031QLT	BPNet	normalized predicted signal profile	bigWig	ChIP-seq	CTCF	neural-cell	neural	nerve	central-nervous-system	minus	none	passed
ENCFF471TPJ	ENCFF471TPJ	ENCSR822CEA	ENCSR031QLT	BPNet	normalized predicted signal profile	bigWig	ChIP-seq	CTCF	neural-cell	neural	nerve	central-nervous-system	plus	none	passed
ENCFF281VTE	ENCFF281VTE	ENCSR218MVT	ENCSR131TMB	BPNet	normalized predicted signal profile	bigWig	ChIP-seq	CTCF	neural-crest-cell	neural	nerve	central-nervous-system	minus	none	passed
ENCFF636BML	ENCFF636BML	ENCSR218MVT	ENCSR131TMB	BPNet	normalized predicted signal profile	bigWig	ChIP-seq	CTCF	neural-crest-cell	neural	nerve	central-nervous-system	plus	none	passed
ENCFF178JCH	ENCFF178JCH	ENCSR125NBL	ENCSR428GEX	BPNet	normalized predicted signal profile	bigWig	ChIP-seq	CTCF	neural-progenitor-cell	neural	nerve	central-nervous-system	minus	none	passed
ENCFF853EJY	ENCFF853EJY	ENCSR260FAS	ENCSR281EXL	BPNet	normalized predicted signal profile	bigWig	ChIP-seq	CTCF	neural-progenitor-cell	neural	nerve	central-nervous-system	minus	none	passed
ENCFF740OIB	ENCFF740OIB	ENCSR125NBL	ENCSR428GEX	BPNet	normalized predicted signal profile	bigWig	ChIP-seq	CTCF	neural-progenitor-cell	neural	nerve	central-nervous-system	plus	none	passed
ENCFF790OMR	ENCFF790OMR	ENCSR260FAS	ENCSR281EXL	BPNet	normalized predicted signal profile	bigWig	ChIP-seq	CTCF	neural-progenitor-cell	neural	nerve	central-nervous-system	plus	none	passed
ENCFF931CKA	ENCFF931CKA	ENCSR785YRL	ENCSR756LRY	BPNet	normalized predicted signal profile	bigWig	ChIP-seq	CTCF	neutrophil	cell-line	cell-line	cell-line	minus	none	passed
ENCFF571AXY	ENCFF571AXY	ENCSR785YRL	ENCSR756LRY	BPNet	normalized predicted signal profile	bigWig	ChIP-seq	CTCF	neutrophil	cell-line	cell-line	cell-line	plus	none	passed
ENCFF315UVN	ENCFF315UVN	ENCSR225OKX	ENCSR099PRX	BPNet	normalized predicted signal profile	bigWig	ChIP-seq	CTCF	omental-fat-pad	fat	skin	integumental-system	minus	none	passed
ENCFF107UTZ	ENCFF107UTZ	ENCSR225OKX	ENCSR099PRX	BPNet	normalized predicted signal profile	bigWig	ChIP-seq	CTCF	omental-fat-pad	fat	skin	integumental-system	plus	none	passed
ENCFF190BFE	ENCFF190BFE	ENCSR000APF	ENCSR645FGW	BPNet	normalized predicted signal profile	bigWig	ChIP-seq	CTCF	osteoblast	cell-line	cell-line	cell-line	minus	none	passed
ENCFF802EGI	ENCFF802EGI	ENCSR000APF	ENCSR645FGW	BPNet	normalized predicted signal profile	bigWig	ChIP-seq	CTCF	osteoblast	cell-line	cell-line	cell-line	plus	none	passed
ENCFF581FPY	ENCFF581FPY	ENCSR300DWM	ENCSR173HHH	BPNet	normalized predicted signal profile	bigWig	ChIP-seq	CTCF	osteocyte	osteocyte	bone	skeletal-system	minus	none	passed
ENCFF026NJC	ENCFF026NJC	ENCSR300DWM	ENCSR173HHH	BPNet	normalized predicted signal profile	bigWig	ChIP-seq	CTCF	osteocyte	osteocyte	bone	skeletal-system	plus	none	passed
ENCFF522LMR	ENCFF522LMR	ENCSR548DDS	ENCSR837MDI	BPNet	normalized predicted signal profile	bigWig	ChIP-seq	CTCF	ovary	ovary	ovary	reproductive-system	minus	none	passed
ENCFF523LTD	ENCFF523LTD	ENCSR493APD	ENCSR323LBL	BPNet	normalized predicted signal profile	bigWig	ChIP-seq	CTCF	ovary	ovary	ovary	reproductive-system	minus	none	passed
ENCFF684FEP	ENCFF684FEP	ENCSR934GQS	ENCSR183LYL	BPNet	normalized predicted signal profile	bigWig	ChIP-seq	CTCF	ovary	ovary	ovary	reproductive-system	minus	none	passed
ENCFF171XWM	ENCFF171XWM	ENCSR934GQS	ENCSR183LYL	BPNet	normalized predicted signal profile	bigWig	ChIP-seq	CTCF	ovary	ovary	ovary	reproductive-system	plus	none	passed
ENCFF246TCF	ENCFF246TCF	ENCSR493APD	ENCSR323LBL	BPNet	normalized predicted signal profile	bigWig	ChIP-seq	CTCF	ovary	ovary	ovary	reproductive-system	plus	none	passed
ENCFF602VEN	ENCFF602VEN	ENCSR548DDS	ENCSR837MDI	BPNet	normalized predicted signal profile	bigWig	ChIP-seq	CTCF	ovary	ovary	ovary	reproductive-system	plus	none	passed
ENCFF123VTG	ENCFF123VTG	ENCSR000DND	ENCSR431LWM	BPNet	normalized predicted signal profile	bigWig	ChIP-seq	CTCF	pancreas	pancreas	pancreas	digestive-system	minus	none	passed
ENCFF523EXA	ENCFF523EXA	ENCSR774PGN	ENCSR431SPK	BPNet	normalized predicted signal profile	bigWig	ChIP-seq	CTCF	pancreas	pancreas	pancreas	digestive-system	minus	none	passed
ENCFF803JIG	ENCFF803JIG	ENCSR253ALG	ENCSR465DTI	BPNet	normalized predicted signal profile	bigWig	ChIP-seq	CTCF	pancreas	pancreas	pancreas	digestive-system	minus	none	passed
ENCFF924NJD	ENCFF924NJD	ENCSR113COJ	ENCSR481SCY	BPNet	normalized predicted signal profile	bigWig	ChIP-seq	CTCF	pancreas	pancreas	pancreas	digestive-system	minus	none	passed
ENCFF930IAI	ENCFF930IAI	ENCSR852BLA	ENCSR362ECX	BPNet	normalized predicted signal profile	bigWig	ChIP-seq	CTCF	pancreas	pancreas	pancreas	digestive-system	minus	none	passed
ENCFF212UYK	ENCFF212UYK	ENCSR774PGN	ENCSR431SPK	BPNet	normalized predicted signal profile	bigWig	ChIP-seq	CTCF	pancreas	pancreas	pancreas	digestive-system	plus	none	passed
ENCFF494CQE	ENCFF494CQE	ENCSR000DND	ENCSR431LWM	BPNet	normalized predicted signal profile	bigWig	ChIP-seq	CTCF	pancreas	pancreas	pancreas	digestive-system	plus	none	passed
ENCFF649PQW	ENCFF649PQW	ENCSR852BLA	ENCSR362ECX	BPNet	normalized predicted signal profile	bigWig	ChIP-seq	CTCF	pancreas	pancreas	pancreas	digestive-system	plus	none	passed
ENCFF837DHO	ENCFF837DHO	ENCSR253ALG	ENCSR465DTI	BPNet	normalized predicted signal profile	bigWig	ChIP-seq	CTCF	pancreas	pancreas	pancreas	digestive-system	plus	none	passed
ENCFF905DNO	ENCFF905DNO	ENCSR113COJ	ENCSR481SCY	BPNet	normalized predicted signal profile	bigWig	ChIP-seq	CTCF	pancreas	pancreas	pancreas	digestive-system	plus	none	passed
ENCFF620MGX	ENCFF620MGX	ENCSR291YNH	ENCSR658NCK	BPNet	normalized predicted signal profile	bigWig	ChIP-seq	CTCF	placenta	placenta	placenta	reproductive-system	minus	none	passed
ENCFF058LYN	ENCFF058LYN	ENCSR291YNH	ENCSR658NCK	BPNet	normalized predicted signal profile	bigWig	ChIP-seq	CTCF	placenta	placenta	placenta	reproductive-system	plus	none	passed
ENCFF289DCV	ENCFF289DCV	ENCSR901NIN	ENCSR772WOB	BPNet	normalized predicted signal profile	bigWig	ChIP-seq	CTCF	progenitor-cell-of-endocrine-pancreas	pancreas	pancreas	digestive-system	minus	none	passed
ENCFF211XMZ	ENCFF211XMZ	ENCSR901NIN	ENCSR772WOB	BPNet	normalized predicted signal profile	bigWig	ChIP-seq	CTCF	progenitor-cell-of-endocrine-pancreas	pancreas	pancreas	digestive-system	plus	none	passed
ENCFF497JHD	ENCFF497JHD	ENCSR720USO	ENCSR774CHZ	BPNet	normalized predicted signal profile	bigWig	ChIP-seq	CTCF	prostate-gland	prostate	testis	reproductive-system	minus	none	passed
ENCFF609IPS	ENCFF609IPS	ENCSR230ORT	ENCSR242VPF	BPNet	normalized predicted signal profile	bigWig	ChIP-seq	CTCF	prostate-gland	prostate	testis	reproductive-system	minus	none	passed
ENCFF820KJC	ENCFF820KJC	ENCSR829HTO	ENCSR092FZF	BPNet	normalized predicted signal profile	bigWig	ChIP-seq	CTCF	prostate-gland	prostate	testis	reproductive-system	minus	none	passed
ENCFF893CCL	ENCFF893CCL	ENCSR946MNG	ENCSR510ORC	BPNet	normalized predicted signal profile	bigWig	ChIP-seq	CTCF	prostate-gland	prostate	testis	reproductive-system	minus	none	passed
ENCFF185NHL	ENCFF185NHL	ENCSR720USO	ENCSR774CHZ	BPNet	normalized predicted signal profile	bigWig	ChIP-seq	CTCF	prostate-gland	prostate	testis	reproductive-system	plus	none	passed
ENCFF522QDZ	ENCFF522QDZ	ENCSR946MNG	ENCSR510ORC	BPNet	normalized predicted signal profile	bigWig	ChIP-seq	CTCF	prostate-gland	prostate	testis	reproductive-system	plus	none	passed
ENCFF739VBR	ENCFF739VBR	ENCSR829HTO	ENCSR092FZF	BPNet	normalized predicted signal profile	bigWig	ChIP-seq	CTCF	prostate-gland	prostate	testis	reproductive-system	plus	none	passed
ENCFF879ERS	ENCFF879ERS	ENCSR230ORT	ENCSR242VPF	BPNet	normalized predicted signal profile	bigWig	ChIP-seq	CTCF	prostate-gland	prostate	testis	reproductive-system	plus	none	passed
ENCFF190QCG	ENCFF190QCG	ENCSR984IUE	ENCSR838QYE	BPNet	normalized predicted signal profile	bigWig	ChIP-seq	CTCF	psoas-muscle	muscle	muscle	musculature	minus	none	passed
ENCFF285ERX	ENCFF285ERX	ENCSR984IUE	ENCSR838QYE	BPNet	normalized predicted signal profile	bigWig	ChIP-seq	CTCF	psoas-muscle	muscle	muscle	musculature	plus	none	passed
ENCFF544PEM	ENCFF544PEM	ENCSR000DVI	ENCSR185MST	BPNet	normalized predicted signal profile	bigWig	ChIP-seq	CTCF	retinal-pigment-epithelial-cell	epithelial	epithelial	integumental-system	minus	none	passed
ENCFF851GZA	ENCFF851GZA	ENCSR000DVI	ENCSR185MST	BPNet	normalized predicted signal profile	bigWig	ChIP-seq	CTCF	retinal-pigment-epithelial-cell	epithelial	epithelial	integumental-system	plus	none	passed
ENCFF371ZZI	ENCFF371ZZI	ENCSR066GBX	ENCSR564QNO	BPNet	normalized predicted signal profile	bigWig	ChIP-seq	CTCF	right-atrium-auricular-region	atrium	heart	circulatory-system	minus	none	passed
ENCFF434QQS	ENCFF434QQS	ENCSR401KRN	ENCSR541ODB	BPNet	normalized predicted signal profile	bigWig	ChIP-seq	CTCF	right-atrium-auricular-region	atrium	heart	circulatory-system	minus	none	passed
ENCFF968UTN	ENCFF968UTN	ENCSR232OFD	ENCSR557FKB	BPNet	normalized predicted signal profile	bigWig	ChIP-seq	CTCF	right-atrium-auricular-region	atrium	heart	circulatory-system	minus	none	passed
ENCFF144MDF	ENCFF144MDF	ENCSR066GBX	ENCSR564QNO	BPNet	normalized predicted signal profile	bigWig	ChIP-seq	CTCF	right-atrium-auricular-region	atrium	heart	circulatory-system	plus	none	passed
ENCFF485BTQ	ENCFF485BTQ	ENCSR232OFD	ENCSR557FKB	BPNet	normalized predicted signal profile	bigWig	ChIP-seq	CTCF	right-atrium-auricular-region	atrium	heart	circulatory-system	plus	none	passed
ENCFF593BFS	ENCFF593BFS	ENCSR401KRN	ENCSR541ODB	BPNet	normalized predicted signal profile	bigWig	ChIP-seq	CTCF	right-atrium-auricular-region	atrium	heart	circulatory-system	plus	none	passed
ENCFF463VMN	ENCFF463VMN	ENCSR911GFJ	ENCSR949KOB	BPNet	normalized predicted signal profile	bigWig	ChIP-seq	CTCF	right-lobe-of-liver	liver	liver	digestive-system	minus	none	passed
ENCFF666YYX	ENCFF666YYX	ENCSR839NFL	ENCSR686AGK	BPNet	normalized predicted signal profile	bigWig	ChIP-seq	CTCF	right-lobe-of-liver	liver	liver	digestive-system	minus	none	passed
ENCFF699BXH	ENCFF699BXH	ENCSR837OOH	ENCSR360JKL	BPNet	normalized predicted signal profile	bigWig	ChIP-seq	CTCF	right-lobe-of-liver	liver	liver	digestive-system	minus	none	passed
ENCFF724KTB	ENCFF724KTB	ENCSR000VGD	ENCSR933NFV	BPNet	normalized predicted signal profile	bigWig	ChIP-seq	CTCF	right-lobe-of-liver	liver	liver	digestive-system	minus	none	passed
ENCFF340QTM	ENCFF340QTM	ENCSR000VGD	ENCSR933NFV	BPNet	normalized predicted signal profile	bigWig	ChIP-seq	CTCF	right-lobe-of-liver	liver	liver	digestive-system	plus	none	passed
ENCFF368FDZ	ENCFF368FDZ	ENCSR839NFL	ENCSR686AGK	BPNet	normalized predicted signal profile	bigWig	ChIP-seq	CTCF	right-lobe-of-liver	liver	liver	digestive-system	plus	none	passed
ENCFF587EDZ	ENCFF587EDZ	ENCSR837OOH	ENCSR360JKL	BPNet	normalized predicted signal profile	bigWig	ChIP-seq	CTCF	right-lobe-of-liver	liver	liver	digestive-system	plus	none	passed
ENCFF892DBC	ENCFF892DBC	ENCSR911GFJ	ENCSR949KOB	BPNet	normalized predicted signal profile	bigWig	ChIP-seq	CTCF	right-lobe-of-liver	liver	liver	digestive-system	plus	none	passed
ENCFF076GOC	ENCFF076GOC	ENCSR721AHD	ENCSR523MJC	BPNet	normalized predicted signal profile	bigWig	ChIP-seq	CTCF	sigmoid-colon	colon	large-intestine	digestive-system	minus	none	passed
ENCFF504SSF	ENCFF504SSF	ENCSR222SQE	ENCSR375WGZ	BPNet	normalized predicted signal profile	bigWig	ChIP-seq	CTCF	sigmoid-colon	colon	large-intestine	digestive-system	minus	none	passed
ENCFF600ZPA	ENCFF600ZPA	ENCSR925GDS	ENCSR325SKA	BPNet	normalized predicted signal profile	bigWig	ChIP-seq	CTCF	sigmoid-colon	colon	large-intestine	digestive-system	minus	none	passed
ENCFF799MED	ENCFF799MED	ENCSR857RJQ	ENCSR972EIV	BPNet	normalized predicted signal profile	bigWig	ChIP-seq	CTCF	sigmoid-colon	colon	large-intestine	digestive-system	minus	none	passed
ENCFF172CQP	ENCFF172CQP	ENCSR222SQE	ENCSR375WGZ	BPNet	normalized predicted signal profile	bigWig	ChIP-seq	CTCF	sigmoid-colon	colon	large-intestine	digestive-system	plus	none	passed
ENCFF461MOX	ENCFF461MOX	ENCSR925GDS	ENCSR325SKA	BPNet	normalized predicted signal profile	bigWig	ChIP-seq	CTCF	sigmoid-colon	colon	large-intestine	digestive-system	plus	none	passed
ENCFF529STO	ENCFF529STO	ENCSR721AHD	ENCSR523MJC	BPNet	normalized predicted signal profile	bigWig	ChIP-seq	CTCF	sigmoid-colon	colon	large-intestine	digestive-system	plus	none	passed
ENCFF759XMD	ENCFF759XMD	ENCSR857RJQ	ENCSR972EIV	BPNet	normalized predicted signal profile	bigWig	ChIP-seq	CTCF	sigmoid-colon	colon	large-intestine	digestive-system	plus	none	passed
ENCFF935WDN	ENCFF935WDN	ENCSR000ANE	ENCSR148IZB	BPNet	normalized predicted signal profile	bigWig	ChIP-seq	CTCF	skeletal-muscle-myoblast	muscle	muscle	musculature	minus	none	passed
ENCFF885FWH	ENCFF885FWH	ENCSR000ANE	ENCSR148IZB	BPNet	normalized predicted signal profile	bigWig	ChIP-seq	CTCF	skeletal-muscle-myoblast	muscle	muscle	musculature	plus	none	passed
ENCFF443RPG	ENCFF443RPG	ENCSR261VAS	ENCSR801SLD	BPNet	normalized predicted signal profile	bigWig	ChIP-seq	CTCF	smooth-muscle-cell	muscle	muscle	musculature	minus	none	passed
ENCFF902OOU	ENCFF902OOU	ENCSR261VAS	ENCSR801SLD	BPNet	normalized predicted signal profile	bigWig	ChIP-seq	CTCF	smooth-muscle-cell	muscle	muscle	musculature	plus	none	passed
ENCFF024IGK	ENCFF024IGK	ENCSR000DNI	ENCSR896AXL	BPNet	normalized predicted signal profile	bigWig	ChIP-seq	CTCF	spleen	spleen	spleen	endocrine-system	minus	none	passed
ENCFF209OML	ENCFF209OML	ENCSR692ILH	ENCSR538GXZ	BPNet	normalized predicted signal profile	bigWig	ChIP-seq	CTCF	spleen	spleen	spleen	endocrine-system	minus	none	passed
ENCFF284VNX	ENCFF284VNX	ENCSR266CJT	ENCSR103WPA	BPNet	normalized predicted signal profile	bigWig	ChIP-seq	CTCF	spleen	spleen	spleen	endocrine-system	minus	none	passed
ENCFF420UPE	ENCFF420UPE	ENCSR967BSF	ENCSR501GMR	BPNet	normalized predicted signal profile	bigWig	ChIP-seq	CTCF	spleen	spleen	spleen	endocrine-system	minus	none	passed
ENCFF452SEM	ENCFF452SEM	ENCSR961SKY	ENCSR977SBI	BPNet	normalized predicted signal profile	bigWig	ChIP-seq	CTCF	spleen	spleen	spleen	endocrine-system	minus	none	passed
ENCFF542TVH	ENCFF542TVH	ENCSR482PMN	ENCSR587YQB	BPNet	normalized predicted signal profile	bigWig	ChIP-seq	CTCF	spleen	spleen	spleen	endocrine-system	minus	none	passed
ENCFF673HZF	ENCFF673HZF	ENCSR343RJH	ENCSR179EGZ	BPNet	normalized predicted signal profile	bigWig	ChIP-seq	CTCF	spleen	spleen	spleen	endocrine-system	minus	none	passed
ENCFF690PMN	ENCFF690PMN	ENCSR595BPR	ENCSR152KNT	BPNet	normalized predicted signal profile	bigWig	ChIP-seq	CTCF	spleen	spleen	spleen	endocrine-system	minus	none	passed
ENCFF751KWT	ENCFF751KWT	ENCSR601FEB	ENCSR238LOA	BPNet	normalized predicted signal profile	bigWig	ChIP-seq	CTCF	spleen	spleen	spleen	endocrine-system	minus	none	passed
ENCFF804XAC	ENCFF804XAC	ENCSR234HEM	ENCSR700WKB	BPNet	normalized predicted signal profile	bigWig	ChIP-seq	CTCF	spleen	spleen	spleen	endocrine-system	minus	none	passed
ENCFF857XXI	ENCFF857XXI	ENCSR225YGX	ENCSR082VPZ	BPNet	normalized predicted signal profile	bigWig	ChIP-seq	CTCF	spleen	spleen	spleen	endocrine-system	minus	none	passed
ENCFF883FZS	ENCFF883FZS	ENCSR028YEV	ENCSR729PQJ	BPNet	normalized predicted signal profile	bigWig	ChIP-seq	CTCF	spleen	spleen	spleen	endocrine-system	minus	none	passed
ENCFF885RDK	ENCFF885RDK	ENCSR466TNQ	ENCSR025HVE	BPNet	normalized predicted signal profile	bigWig	ChIP-seq	CTCF	spleen	spleen	spleen	endocrine-system	minus	none	passed
ENCFF139SLI	ENCFF139SLI	ENCSR000DNI	ENCSR896AXL	BPNet	normalized predicted signal profile	bigWig	ChIP-seq	CTCF	spleen	spleen	spleen	endocrine-system	plus	none	passed
ENCFF259RNY	ENCFF259RNY	ENCSR482PMN	ENCSR587YQB	BPNet	normalized predicted signal profile	bigWig	ChIP-seq	CTCF	spleen	spleen	spleen	endocrine-system	plus	none	passed
ENCFF399KVV	ENCFF399KVV	ENCSR601FEB	ENCSR238LOA	BPNet	normalized predicted signal profile	bigWig	ChIP-seq	CTCF	spleen	spleen	spleen	endocrine-system	plus	none	passed
ENCFF521XZP	ENCFF521XZP	ENCSR343RJH	ENCSR179EGZ	BPNet	normalized predicted signal profile	bigWig	ChIP-seq	CTCF	spleen	spleen	spleen	endocrine-system	plus	none	passed
ENCFF632ASV	ENCFF632ASV	ENCSR595BPR	ENCSR152KNT	BPNet	normalized predicted signal profile	bigWig	ChIP-seq	CTCF	spleen	spleen	spleen	endocrine-system	plus	none	passed
ENCFF745AZU	ENCFF745AZU	ENCSR967BSF	ENCSR501GMR	BPNet	normalized predicted signal profile	bigWig	ChIP-seq	CTCF	spleen	spleen	spleen	endocrine-system	plus	none	passed
ENCFF796HQD	ENCFF796HQD	ENCSR692ILH	ENCSR538GXZ	BPNet	normalized predicted signal profile	bigWig	ChIP-seq	CTCF	spleen	spleen	spleen	endocrine-system	plus	none	passed
ENCFF798LJB	ENCFF798LJB	ENCSR028YEV	ENCSR729PQJ	BPNet	normalized predicted signal profile	bigWig	ChIP-seq	CTCF	spleen	spleen	spleen	endocrine-system	plus	none	passed
ENCFF865WKL	ENCFF865WKL	ENCSR961SKY	ENCSR977SBI	BPNet	normalized predicted signal profile	bigWig	ChIP-seq	CTCF	spleen	spleen	spleen	endocrine-system	plus	none	passed
ENCFF867BPS	ENCFF867BPS	ENCSR466TNQ	ENCSR025HVE	BPNet	normalized predicted signal profile	bigWig	ChIP-seq	CTCF	spleen	spleen	spleen	endocrine-system	plus	none	passed
ENCFF905AZR	ENCFF905AZR	ENCSR234HEM	ENCSR700WKB	BPNet	normalized predicted signal profile	bigWig	ChIP-seq	CTCF	spleen	spleen	spleen	endocrine-system	plus	none	passed
ENCFF915JFK	ENCFF915JFK	ENCSR266CJT	ENCSR103WPA	BPNet	normalized predicted signal profile	bigWig	ChIP-seq	CTCF	spleen	spleen	spleen	endocrine-system	plus	none	passed
ENCFF942KYP	ENCFF942KYP	ENCSR225YGX	ENCSR082VPZ	BPNet	normalized predicted signal profile	bigWig	ChIP-seq	CTCF	spleen	spleen	spleen	endocrine-system	plus	none	passed
ENCFF484YVG	ENCFF484YVG	ENCSR361KVZ	ENCSR702HRP	BPNet	normalized predicted signal profile	bigWig	ChIP-seq	CTCF	stomach	stomach	stomach	digestive-system	minus	none	passed
ENCFF548FGR	ENCFF548FGR	ENCSR549WAU	ENCSR714QWP	BPNet	normalized predicted signal profile	bigWig	ChIP-seq	CTCF	stomach	stomach	stomach	digestive-system	minus	none	passed
ENCFF791PJY	ENCFF791PJY	ENCSR185CCV	ENCSR347XWJ	BPNet	normalized predicted signal profile	bigWig	ChIP-seq	CTCF	stomach	stomach	stomach	digestive-system	minus	none	passed
ENCFF857VJJ	ENCFF857VJJ	ENCSR173AIR	ENCSR364NWB	BPNet	normalized predicted signal profile	bigWig	ChIP-seq	CTCF	stomach	stomach	stomach	digestive-system	minus	none	passed
ENCFF978SLZ	ENCFF978SLZ	ENCSR037GKL	ENCSR941MYR	BPNet	normalized predicted signal profile	bigWig	ChIP-seq	CTCF	stomach	stomach	stomach	digestive-system	minus	none	passed
ENCFF296WCN	ENCFF296WCN	ENCSR549WAU	ENCSR714QWP	BPNet	normalized predicted signal profile	bigWig	ChIP-seq	CTCF	stomach	stomach	stomach	digestive-system	plus	none	passed
ENCFF345IUJ	ENCFF345IUJ	ENCSR361KVZ	ENCSR702HRP	BPNet	normalized predicted signal profile	bigWig	ChIP-seq	CTCF	stomach	stomach	stomach	digestive-system	plus	none	passed
ENCFF816UEW	ENCFF816UEW	ENCSR173AIR	ENCSR364NWB	BPNet	normalized predicted signal profile	bigWig	ChIP-seq	CTCF	stomach	stomach	stomach	digestive-system	plus	none	passed
ENCFF906XVI	ENCFF906XVI	ENCSR185CCV	ENCSR347XWJ	BPNet	normalized predicted signal profile	bigWig	ChIP-seq	CTCF	stomach	stomach	stomach	digestive-system	plus	none	passed
ENCFF998AWI	ENCFF998AWI	ENCSR037GKL	ENCSR941MYR	BPNet	normalized predicted signal profile	bigWig	ChIP-seq	CTCF	stomach	stomach	stomach	digestive-system	plus	none	passed
ENCFF027ZQP	ENCFF027ZQP	ENCSR485VQV	ENCSR537HGK	BPNet	normalized predicted signal profile	bigWig	ChIP-seq	CTCF	suprapubic-skin	skin	skin	integumental-system	minus	none	passed
ENCFF247JXI	ENCFF247JXI	ENCSR756KRS	ENCSR809MWA	BPNet	normalized predicted signal profile	bigWig	ChIP-seq	CTCF	suprapubic-skin	skin	skin	integumental-system	minus	none	passed
ENCFF474KUO	ENCFF474KUO	ENCSR515LRI	ENCSR897VGC	BPNet	normalized predicted signal profile	bigWig	ChIP-seq	CTCF	suprapubic-skin	skin	skin	integumental-system	minus	none	passed
ENCFF163ZFT	ENCFF163ZFT	ENCSR515LRI	ENCSR897VGC	BPNet	normalized predicted signal profile	bigWig	ChIP-seq	CTCF	suprapubic-skin	skin	skin	integumental-system	plus	none	passed
ENCFF809XVM	ENCFF809XVM	ENCSR485VQV	ENCSR537HGK	BPNet	normalized predicted signal profile	bigWig	ChIP-seq	CTCF	suprapubic-skin	skin	skin	integumental-system	plus	none	passed
ENCFF866AVZ	ENCFF866AVZ	ENCSR756KRS	ENCSR809MWA	BPNet	normalized predicted signal profile	bigWig	ChIP-seq	CTCF	suprapubic-skin	skin	skin	integumental-system	plus	none	passed
ENCFF367NCB	ENCFF367NCB	ENCSR494TNM	ENCSR261GQD	BPNet	normalized predicted signal profile	bigWig	ChIP-seq	CTCF	testis	testis	testis	reproductive-system	minus	none	passed
ENCFF528YEZ	ENCFF528YEZ	ENCSR981CID	ENCSR791EEQ	BPNet	normalized predicted signal profile	bigWig	ChIP-seq	CTCF	testis	testis	testis	reproductive-system	minus	none	passed
ENCFF541KDQ	ENCFF541KDQ	ENCSR753RME	ENCSR037QZH	BPNet	normalized predicted signal profile	bigWig	ChIP-seq	CTCF	testis	testis	testis	reproductive-system	minus	none	passed
ENCFF401WPQ	ENCFF401WPQ	ENCSR494TNM	ENCSR261GQD	BPNet	normalized predicted signal profile	bigWig	ChIP-seq	CTCF	testis	testis	testis	reproductive-system	plus	none	passed
ENCFF809SOE	ENCFF809SOE	ENCSR981CID	ENCSR791EEQ	BPNet	normalized predicted signal profile	bigWig	ChIP-seq	CTCF	testis	testis	testis	reproductive-system	plus	none	passed
ENCFF869KPC	ENCFF869KPC	ENCSR753RME	ENCSR037QZH	BPNet	normalized predicted signal profile	bigWig	ChIP-seq	CTCF	testis	testis	testis	reproductive-system	plus	none	passed
ENCFF403LJZ	ENCFF403LJZ	ENCSR549TXG	ENCSR236LRV	BPNet	normalized predicted signal profile	bigWig	ChIP-seq	CTCF	thoracic-aorta	aorta	blood-vessel	circulatory-system	minus	none	passed
ENCFF821TEV	ENCFF821TEV	ENCSR668BTN	ENCSR021JLV	BPNet	normalized predicted signal profile	bigWig	ChIP-seq	CTCF	thoracic-aorta	aorta	blood-vessel	circulatory-system	minus	none	passed
ENCFF593WMO	ENCFF593WMO	ENCSR549TXG	ENCSR236LRV	BPNet	normalized predicted signal profile	bigWig	ChIP-seq	CTCF	thoracic-aorta	aorta	blood-vessel	circulatory-system	plus	none	passed
ENCFF605UJM	ENCFF605UJM	ENCSR668BTN	ENCSR021JLV	BPNet	normalized predicted signal profile	bigWig	ChIP-seq	CTCF	thoracic-aorta	aorta	blood-vessel	circulatory-system	plus	none	passed
ENCFF113WHM	ENCFF113WHM	ENCSR331OGX	ENCSR457LFM	BPNet	normalized predicted signal profile	bigWig	ChIP-seq	CTCF	thyroid-gland	thyroid	thyroid	endocrine-system	minus	none	passed
ENCFF127ZYE	ENCFF127ZYE	ENCSR505ZGX	ENCSR409HVZ	BPNet	normalized predicted signal profile	bigWig	ChIP-seq	CTCF	thyroid-gland	thyroid	thyroid	endocrine-system	minus	none	passed
ENCFF193SZM	ENCFF193SZM	ENCSR955BIB	ENCSR535ZZH	BPNet	normalized predicted signal profile	bigWig	ChIP-seq	CTCF	thyroid-gland	thyroid	thyroid	endocrine-system	minus	none	passed
ENCFF246HGY	ENCFF246HGY	ENCSR033KMZ	ENCSR455OZY	BPNet	normalized predicted signal profile	bigWig	ChIP-seq	CTCF	thyroid-gland	thyroid	thyroid	endocrine-system	minus	none	passed
ENCFF364GIY	ENCFF364GIY	ENCSR492ZIW	ENCSR614KWL	BPNet	normalized predicted signal profile	bigWig	ChIP-seq	CTCF	thyroid-gland	thyroid	thyroid	endocrine-system	minus	none	passed
ENCFF894BIZ	ENCFF894BIZ	ENCSR744YJR	ENCSR722PLM	BPNet	normalized predicted signal profile	bigWig	ChIP-seq	CTCF	thyroid-gland	thyroid	thyroid	endocrine-system	minus	none	passed
ENCFF968YPU	ENCFF968YPU	ENCSR145HBC	ENCSR144BSP	BPNet	normalized predicted signal profile	bigWig	ChIP-seq	CTCF	thyroid-gland	thyroid	thyroid	endocrine-system	minus	none	passed
ENCFF163YMQ	ENCFF163YMQ	ENCSR505ZGX	ENCSR409HVZ	BPNet	normalized predicted signal profile	bigWig	ChIP-seq	CTCF	thyroid-gland	thyroid	thyroid	endocrine-system	plus	none	passed
ENCFF177JPZ	ENCFF177JPZ	ENCSR744YJR	ENCSR722PLM	BPNet	normalized predicted signal profile	bigWig	ChIP-seq	CTCF	thyroid-gland	thyroid	thyroid	endocrine-system	plus	none	passed
ENCFF200GIS	ENCFF200GIS	ENCSR033KMZ	ENCSR455OZY	BPNet	normalized predicted signal profile	bigWig	ChIP-seq	CTCF	thyroid-gland	thyroid	thyroid	endocrine-system	plus	none	passed
ENCFF432KZH	ENCFF432KZH	ENCSR492ZIW	ENCSR614KWL	BPNet	normalized predicted signal profile	bigWig	ChIP-seq	CTCF	thyroid-gland	thyroid	thyroid	endocrine-system	plus	none	passed
ENCFF470DCV	ENCFF470DCV	ENCSR955BIB	ENCSR535ZZH	BPNet	normalized predicted signal profile	bigWig	ChIP-seq	CTCF	thyroid-gland	thyroid	thyroid	endocrine-system	plus	none	passed
ENCFF567FZA	ENCFF567FZA	ENCSR145HBC	ENCSR144BSP	BPNet	normalized predicted signal profile	bigWig	ChIP-seq	CTCF	thyroid-gland	thyroid	thyroid	endocrine-system	plus	none	passed
ENCFF824KDK	ENCFF824KDK	ENCSR331OGX	ENCSR457LFM	BPNet	normalized predicted signal profile	bigWig	ChIP-seq	CTCF	thyroid-gland	thyroid	thyroid	endocrine-system	plus	none	passed
ENCFF727TOH	ENCFF727TOH	ENCSR699BEK	ENCSR828ZNK	BPNet	normalized predicted signal profile	bigWig	ChIP-seq	CTCF	tibial-artery	artery	blood-vessel	circulatory-system	minus	none	passed
ENCFF841DWF	ENCFF841DWF	ENCSR079YAP	ENCSR694KSW	BPNet	normalized predicted signal profile	bigWig	ChIP-seq	CTCF	tibial-artery	artery	blood-vessel	circulatory-system	minus	none	passed
ENCFF194SGE	ENCFF194SGE	ENCSR079YAP	ENCSR694KSW	BPNet	normalized predicted signal profile	bigWig	ChIP-seq	CTCF	tibial-artery	artery	blood-vessel	circulatory-system	plus	none	passed
ENCFF209HIG	ENCFF209HIG	ENCSR699BEK	ENCSR828ZNK	BPNet	normalized predicted signal profile	bigWig	ChIP-seq	CTCF	tibial-artery	artery	blood-vessel	circulatory-system	plus	none	passed
ENCFF253MTV	ENCFF253MTV	ENCSR469POZ	ENCSR584FMJ	BPNet	normalized predicted signal profile	bigWig	ChIP-seq	CTCF	tibial-nerve	nerve	nerve	peripheral-nervous-system	minus	none	passed
ENCFF360YEI	ENCFF360YEI	ENCSR793YAD	ENCSR035AVH	BPNet	normalized predicted signal profile	bigWig	ChIP-seq	CTCF	tibial-nerve	nerve	nerve	peripheral-nervous-system	minus	none	passed
ENCFF390ZUR	ENCFF390ZUR	ENCSR689VEF	ENCSR121YAV	BPNet	normalized predicted signal profile	bigWig	ChIP-seq	CTCF	tibial-nerve	nerve	nerve	peripheral-nervous-system	minus	none	passed
ENCFF597AMD	ENCFF597AMD	ENCSR434XLP	ENCSR883CCS	BPNet	normalized predicted signal profile	bigWig	ChIP-seq	CTCF	tibial-nerve	nerve	nerve	peripheral-nervous-system	minus	none	passed
ENCFF637TUB	ENCFF637TUB	ENCSR822PJT	ENCSR490SUU	BPNet	normalized predicted signal profile	bigWig	ChIP-seq	CTCF	tibial-nerve	nerve	nerve	peripheral-nervous-system	minus	none	passed
ENCFF790EVG	ENCFF790EVG	ENCSR875NEW	ENCSR551MYW	BPNet	normalized predicted signal profile	bigWig	ChIP-seq	CTCF	tibial-nerve	nerve	nerve	peripheral-nervous-system	minus	none	passed
ENCFF087CTL	ENCFF087CTL	ENCSR469POZ	ENCSR584FMJ	BPNet	normalized predicted signal profile	bigWig	ChIP-seq	CTCF	tibial-nerve	nerve	nerve	peripheral-nervous-system	plus	none	passed
ENCFF287BQS	ENCFF287BQS	ENCSR793YAD	ENCSR035AVH	BPNet	normalized predicted signal profile	bigWig	ChIP-seq	CTCF	tibial-nerve	nerve	nerve	peripheral-nervous-system	plus	none	passed
ENCFF509FDW	ENCFF509FDW	ENCSR822PJT	ENCSR490SUU	BPNet	normalized predicted signal profile	bigWig	ChIP-seq	CTCF	tibial-nerve	nerve	nerve	peripheral-nervous-system	plus	none	passed
ENCFF575INK	ENCFF575INK	ENCSR689VEF	ENCSR121YAV	BPNet	normalized predicted signal profile	bigWig	ChIP-seq	CTCF	tibial-nerve	nerve	nerve	peripheral-nervous-system	plus	none	passed
ENCFF751KJP	ENCFF751KJP	ENCSR875NEW	ENCSR551MYW	BPNet	normalized predicted signal profile	bigWig	ChIP-seq	CTCF	tibial-nerve	nerve	nerve	peripheral-nervous-system	plus	none	passed
ENCFF886KDB	ENCFF886KDB	ENCSR434XLP	ENCSR883CCS	BPNet	normalized predicted signal profile	bigWig	ChIP-seq	CTCF	tibial-nerve	nerve	nerve	peripheral-nervous-system	plus	none	passed
ENCFF171IMS	ENCFF171IMS	ENCSR558HTE	ENCSR494BOQ	BPNet	normalized predicted signal profile	bigWig	ChIP-seq	CTCF	transverse-colon	colon	large-intestine	digestive-system	minus	none	passed
ENCFF178JQR	ENCFF178JQR	ENCSR608WPS	ENCSR438UFD	BPNet	normalized predicted signal profile	bigWig	ChIP-seq	CTCF	transverse-colon	colon	large-intestine	digestive-system	minus	none	passed
ENCFF305DEL	ENCFF305DEL	ENCSR833FWC	ENCSR722GKY	BPNet	normalized predicted signal profile	bigWig	ChIP-seq	CTCF	transverse-colon	colon	large-intestine	digestive-system	minus	none	passed
ENCFF485LOS	ENCFF485LOS	ENCSR102CSD	ENCSR493APS	BPNet	normalized predicted signal profile	bigWig	ChIP-seq	CTCF	transverse-colon	colon	large-intestine	digestive-system	minus	none	passed
ENCFF538AJS	ENCFF538AJS	ENCSR769WKR	ENCSR118KLN	BPNet	normalized predicted signal profile	bigWig	ChIP-seq	CTCF	transverse-colon	colon	large-intestine	digestive-system	minus	none	passed
ENCFF608TZN	ENCFF608TZN	ENCSR236YGF	ENCSR292IMR	BPNet	normalized predicted signal profile	bigWig	ChIP-seq	CTCF	transverse-colon	colon	large-intestine	digestive-system	minus	none	passed
ENCFF637IVD	ENCFF637IVD	ENCSR907BES	ENCSR119NPW	BPNet	normalized predicted signal profile	bigWig	ChIP-seq	CTCF	transverse-colon	colon	large-intestine	digestive-system	minus	none	passed
ENCFF705JXQ	ENCFF705JXQ	ENCSR449SEF	ENCSR478UGE	BPNet	normalized predicted signal profile	bigWig	ChIP-seq	CTCF	transverse-colon	colon	large-intestine	digestive-system	minus	none	passed
ENCFF005CBU	ENCFF005CBU	ENCSR769WKR	ENCSR118KLN	BPNet	normalized predicted signal profile	bigWig	ChIP-seq	CTCF	transverse-colon	colon	large-intestine	digestive-system	plus	none	passed
ENCFF115WEV	ENCFF115WEV	ENCSR833FWC	ENCSR722GKY	BPNet	normalized predicted signal profile	bigWig	ChIP-seq	CTCF	transverse-colon	colon	large-intestine	digestive-system	plus	none	passed
ENCFF232LQQ	ENCFF232LQQ	ENCSR608WPS	ENCSR438UFD	BPNet	normalized predicted signal profile	bigWig	ChIP-seq	CTCF	transverse-colon	colon	large-intestine	digestive-system	plus	none	passed
ENCFF418ONH	ENCFF418ONH	ENCSR102CSD	ENCSR493APS	BPNet	normalized predicted signal profile	bigWig	ChIP-seq	CTCF	transverse-colon	colon	large-intestine	digestive-system	plus	none	passed
ENCFF547LLV	ENCFF547LLV	ENCSR907BES	ENCSR119NPW	BPNet	normalized predicted signal profile	bigWig	ChIP-seq	CTCF	transverse-colon	colon	large-intestine	digestive-system	plus	none	passed
ENCFF654KLO	ENCFF654KLO	ENCSR449SEF	ENCSR478UGE	BPNet	normalized predicted signal profile	bigWig	ChIP-seq	CTCF	transverse-colon	colon	large-intestine	digestive-system	plus	none	passed
ENCFF855XLR	ENCFF855XLR	ENCSR558HTE	ENCSR494BOQ	BPNet	normalized predicted signal profile	bigWig	ChIP-seq	CTCF	transverse-colon	colon	large-intestine	digestive-system	plus	none	passed
ENCFF914EFD	ENCFF914EFD	ENCSR236YGF	ENCSR292IMR	BPNet	normalized predicted signal profile	bigWig	ChIP-seq	CTCF	transverse-colon	colon	large-intestine	digestive-system	plus	none	passed
ENCFF218RMA	ENCFF218RMA	ENCSR458PYQ	ENCSR833ODX	BPNet	normalized predicted signal profile	bigWig	ChIP-seq	CTCF	type-B-pancreatic-cell	pancreatic	pancreas	digestive-system	minus	none	passed
ENCFF826OSR	ENCFF826OSR	ENCSR458PYQ	ENCSR833ODX	BPNet	normalized predicted signal profile	bigWig	ChIP-seq	CTCF	type-B-pancreatic-cell	pancreatic	pancreas	digestive-system	plus	none	passed
ENCFF172TTW	ENCFF172TTW	ENCSR224WWI	ENCSR040DDI	BPNet	normalized predicted signal profile	bigWig	ChIP-seq	CTCF	upper-lobe-of-left-lung	lung	lung	respiratory-system	minus	none	passed
ENCFF263IQX	ENCFF263IQX	ENCSR964BKO	ENCSR766YAQ	BPNet	normalized predicted signal profile	bigWig	ChIP-seq	CTCF	upper-lobe-of-left-lung	lung	lung	respiratory-system	minus	none	passed
ENCFF317YTQ	ENCFF317YTQ	ENCSR027FSZ	ENCSR427ESN	BPNet	normalized predicted signal profile	bigWig	ChIP-seq	CTCF	upper-lobe-of-left-lung	lung	lung	respiratory-system	minus	none	passed
ENCFF383GPC	ENCFF383GPC	ENCSR970UZD	ENCSR771GVO	BPNet	normalized predicted signal profile	bigWig	ChIP-seq	CTCF	upper-lobe-of-left-lung	lung	lung	respiratory-system	minus	none	passed
ENCFF406YIT	ENCFF406YIT	ENCSR799TJD	ENCSR493WJZ	BPNet	normalized predicted signal profile	bigWig	ChIP-seq	CTCF	upper-lobe-of-left-lung	lung	lung	respiratory-system	minus	none	passed
ENCFF620NKU	ENCFF620NKU	ENCSR972LYL	ENCSR064NKL	BPNet	normalized predicted signal profile	bigWig	ChIP-seq	CTCF	upper-lobe-of-left-lung	lung	lung	respiratory-system	minus	none	passed
ENCFF832RXN	ENCFF832RXN	ENCSR463XCZ	ENCSR269BYH	BPNet	normalized predicted signal profile	bigWig	ChIP-seq	CTCF	upper-lobe-of-left-lung	lung	lung	respiratory-system	minus	none	passed
ENCFF079QAJ	ENCFF079QAJ	ENCSR972LYL	ENCSR064NKL	BPNet	normalized predicted signal profile	bigWig	ChIP-seq	CTCF	upper-lobe-of-left-lung	lung	lung	respiratory-system	plus	none	passed
ENCFF412IBY	ENCFF412IBY	ENCSR027FSZ	ENCSR427ESN	BPNet	normalized predicted signal profile	bigWig	ChIP-seq	CTCF	upper-lobe-of-left-lung	lung	lung	respiratory-system	plus	none	passed
ENCFF467DJG	ENCFF467DJG	ENCSR799TJD	ENCSR493WJZ	BPNet	normalized predicted signal profile	bigWig	ChIP-seq	CTCF	upper-lobe-of-left-lung	lung	lung	respiratory-system	plus	none	passed
ENCFF496RQY	ENCFF496RQY	ENCSR463XCZ	ENCSR269BYH	BPNet	normalized predicted signal profile	bigWig	ChIP-seq	CTCF	upper-lobe-of-left-lung	lung	lung	respiratory-system	plus	none	passed
ENCFF552PBM	ENCFF552PBM	ENCSR964BKO	ENCSR766YAQ	BPNet	normalized predicted signal profile	bigWig	ChIP-seq	CTCF	upper-lobe-of-left-lung	lung	lung	respiratory-system	plus	none	passed
ENCFF828YDQ	ENCFF828YDQ	ENCSR970UZD	ENCSR771GVO	BPNet	normalized predicted signal profile	bigWig	ChIP-seq	CTCF	upper-lobe-of-left-lung	lung	lung	respiratory-system	plus	none	passed
ENCFF987QYO	ENCFF987QYO	ENCSR224WWI	ENCSR040DDI	BPNet	normalized predicted signal profile	bigWig	ChIP-seq	CTCF	upper-lobe-of-left-lung	lung	lung	respiratory-system	plus	none	passed
ENCFF463JMM	ENCFF463JMM	ENCSR164ASX	ENCSR082SMZ	BPNet	normalized predicted signal profile	bigWig	ChIP-seq	CTCF	upper-lobe-of-right-lung	lung	lung	respiratory-system	minus	none	passed
ENCFF772NFQ	ENCFF772NFQ	ENCSR164ASX	ENCSR082SMZ	BPNet	normalized predicted signal profile	bigWig	ChIP-seq	CTCF	upper-lobe-of-right-lung	lung	lung	respiratory-system	plus	none	passed
ENCFF133QVL	ENCFF133QVL	ENCSR684PGO	ENCSR718POP	BPNet	normalized predicted signal profile	bigWig	ChIP-seq	CTCF	uterus	uterus	uterus	reproductive-system	minus	none	passed
ENCFF278MMT	ENCFF278MMT	ENCSR527TPP	ENCSR483OSA	BPNet	normalized predicted signal profile	bigWig	ChIP-seq	CTCF	uterus	uterus	uterus	reproductive-system	minus	none	passed
ENCFF689CCL	ENCFF689CCL	ENCSR798NVH	ENCSR249ADA	BPNet	normalized predicted signal profile	bigWig	ChIP-seq	CTCF	uterus	uterus	uterus	reproductive-system	minus	none	passed
ENCFF782SIA	ENCFF782SIA	ENCSR392SFJ	ENCSR400TWQ	BPNet	normalized predicted signal profile	bigWig	ChIP-seq	CTCF	uterus	uterus	uterus	reproductive-system	minus	none	passed
ENCFF089VNQ	ENCFF089VNQ	ENCSR392SFJ	ENCSR400TWQ	BPNet	normalized predicted signal profile	bigWig	ChIP-seq	CTCF	uterus	uterus	uterus	reproductive-system	plus	none	passed
ENCFF101WEC	ENCFF101WEC	ENCSR684PGO	ENCSR718POP	BPNet	normalized predicted signal profile	bigWig	ChIP-seq	CTCF	uterus	uterus	uterus	reproductive-system	plus	none	passed
ENCFF182LFZ	ENCFF182LFZ	ENCSR798NVH	ENCSR249ADA	BPNet	normalized predicted signal profile	bigWig	ChIP-seq	CTCF	uterus	uterus	uterus	reproductive-system	plus	none	passed
ENCFF710ZJD	ENCFF710ZJD	ENCSR527TPP	ENCSR483OSA	BPNet	normalized predicted signal profile	bigWig	ChIP-seq	CTCF	uterus	uterus	uterus	reproductive-system	plus	none	passed
ENCFF385UKQ	ENCFF385UKQ	ENCSR614HHL	ENCSR622WYX	BPNet	normalized predicted signal profile	bigWig	ChIP-seq	CTCF	vagina	cell-line	cell-line	cell-line	minus	none	passed
ENCFF524KTG	ENCFF524KTG	ENCSR655ECZ	ENCSR221ZYT	BPNet	normalized predicted signal profile	bigWig	ChIP-seq	CTCF	vagina	cell-line	cell-line	cell-line	minus	none	passed
ENCFF646DQO	ENCFF646DQO	ENCSR606TNN	ENCSR135HOE	BPNet	normalized predicted signal profile	bigWig	ChIP-seq	CTCF	vagina	cell-line	cell-line	cell-line	minus	none	passed
ENCFF094MGF	ENCFF094MGF	ENCSR606TNN	ENCSR135HOE	BPNet	normalized predicted signal profile	bigWig	ChIP-seq	CTCF	vagina	cell-line	cell-line	cell-line	plus	none	passed
ENCFF261AXS	ENCFF261AXS	ENCSR655ECZ	ENCSR221ZYT	BPNet	normalized predicted signal profile	bigWig	ChIP-seq	CTCF	vagina	cell-line	cell-line	cell-line	plus	none	passed
ENCFF490MEZ	ENCFF490MEZ	ENCSR614HHL	ENCSR622WYX	BPNet	normalized predicted signal profile	bigWig	ChIP-seq	CTCF	vagina	cell-line	cell-line	cell-line	plus	none	passed
ENCFF486HLG	ENCFF486HLG	ENCSR000BNK	ENCSR197EFB	BPNet	normalized predicted signal profile	bigWig	ChIP-seq	CTCFL	K562	cell-line	cell-line	cell-line	minus	none	passed
ENCFF478DNT	ENCFF478DNT	ENCSR000BNK	ENCSR197EFB	BPNet	normalized predicted signal profile	bigWig	ChIP-seq	CTCFL	K562	cell-line	cell-line	cell-line	plus	none	passed
ENCFF446KZJ	ENCFF446KZJ	ENCSR000DYR	ENCSR664ZPG	BPNet	normalized predicted signal profile	bigWig	ChIP-seq	CUX1	GM12878	cell-line	cell-line	cell-line	minus	none	passed
ENCFF262JQN	ENCFF262JQN	ENCSR000DYR	ENCSR664ZPG	BPNet	normalized predicted signal profile	bigWig	ChIP-seq	CUX1	GM12878	cell-line	cell-line	cell-line	plus	none	passed
ENCFF023ERP	ENCFF023ERP	ENCSR178NTX	ENCSR103ZBY	BPNet	normalized predicted signal profile	bigWig	ChIP-seq	CUX1	K562	cell-line	cell-line	cell-line	minus	none	passed
ENCFF547HBV	ENCFF547HBV	ENCSR000EFO	ENCSR505YUX	BPNet	normalized predicted signal profile	bigWig	ChIP-seq	CUX1	K562	cell-line	cell-line	cell-line	minus	none	passed
ENCFF027GLR	ENCFF027GLR	ENCSR178NTX	ENCSR103ZBY	BPNet	normalized predicted signal profile	bigWig	ChIP-seq	CUX1	K562	cell-line	cell-line	cell-line	plus	none	passed
ENCFF317LEN	ENCFF317LEN	ENCSR000EFO	ENCSR505YUX	BPNet	normalized predicted signal profile	bigWig	ChIP-seq	CUX1	K562	cell-line	cell-line	cell-line	plus	none	passed
ENCFF764IHJ	ENCFF764IHJ	ENCSR017CEO	ENCSR867JJN	BPNet	normalized predicted signal profile	bigWig	ChIP-seq	CUX1	MCF-7	cell-line	cell-line	cell-line	minus	none	passed
ENCFF206JID	ENCFF206JID	ENCSR017CEO	ENCSR867JJN	BPNet	normalized predicted signal profile	bigWig	ChIP-seq	CUX1	MCF-7	cell-line	cell-line	cell-line	plus	none	passed
ENCFF941PBW	ENCFF941PBW	ENCSR387BVC	ENCSR171QCE	BPNet	normalized predicted signal profile	bigWig	ChIP-seq	DDIT3	K562	cell-line	cell-line	cell-line	minus	none	passed
ENCFF790UFT	ENCFF790UFT	ENCSR387BVC	ENCSR171QCE	BPNet	normalized predicted signal profile	bigWig	ChIP-seq	DDIT3	K562	cell-line	cell-line	cell-line	plus	none	passed
ENCFF939CCN	ENCFF939CCN	ENCSR387SYS	ENCSR059IIP	BPNet	normalized predicted signal profile	bigWig	ChIP-seq	DEAF1	K562	cell-line	cell-line	cell-line	minus	none	passed
ENCFF821PVK	ENCFF821PVK	ENCSR387SYS	ENCSR059IIP	BPNet	normalized predicted signal profile	bigWig	ChIP-seq	DEAF1	K562	cell-line	cell-line	cell-line	plus	none	passed
ENCFF741LQN	ENCFF741LQN	ENCSR272TOJ	ENCSR619SOZ	BPNet	normalized predicted signal profile	bigWig	ChIP-seq	DLX6	HepG2	cell-line	cell-line	cell-line	minus	none	passed
ENCFF758VAA	ENCFF758VAA	ENCSR272TOJ	ENCSR619SOZ	BPNet	normalized predicted signal profile	bigWig	ChIP-seq	DLX6	HepG2	cell-line	cell-line	cell-line	plus	none	passed
ENCFF826XLV	ENCFF826XLV	ENCSR091IQZ	ENCSR317BMS	BPNet	normalized predicted signal profile	bigWig	ChIP-seq	DMBX1	K562	cell-line	cell-line	cell-line	minus	none	passed
ENCFF070DKH	ENCFF070DKH	ENCSR091IQZ	ENCSR317BMS	BPNet	normalized predicted signal profile	bigWig	ChIP-seq	DMBX1	K562	cell-line	cell-line	cell-line	plus	none	passed
ENCFF701WVT	ENCFF701WVT	ENCSR015KAM	ENCSR196XSB	BPNet	normalized predicted signal profile	bigWig	ChIP-seq	DMTF1	K562	cell-line	cell-line	cell-line	minus	none	passed
ENCFF565AHE	ENCFF565AHE	ENCSR015KAM	ENCSR196XSB	BPNet	normalized predicted signal profile	bigWig	ChIP-seq	DMTF1	K562	cell-line	cell-line	cell-line	plus	none	passed
ENCFF038APG	ENCFF038APG	ENCSR000EVJ	ENCSR511FGO	BPNet	normalized predicted signal profile	bigWig	ChIP-seq	E2F1	HeLa-S3	cell-line	cell-line	cell-line	minus	none	passed
ENCFF647DNS	ENCFF647DNS	ENCSR000EVM	ENCSR979WUZ	BPNet	normalized predicted signal profile	bigWig	ChIP-seq	E2F1	HeLa-S3	cell-line	cell-line	cell-line	minus	none	passed
ENCFF193LEJ	ENCFF193LEJ	ENCSR000EVJ	ENCSR511FGO	BPNet	normalized predicted signal profile	bigWig	ChIP-seq	E2F1	HeLa-S3	cell-line	cell-line	cell-line	plus	none	passed
ENCFF817HLX	ENCFF817HLX	ENCSR000EVM	ENCSR979WUZ	BPNet	normalized predicted signal profile	bigWig	ChIP-seq	E2F1	HeLa-S3	cell-line	cell-line	cell-line	plus	none	passed
ENCFF561NDQ	ENCFF561NDQ	ENCSR717ZZW	ENCSR386IGL	BPNet	normalized predicted signal profile	bigWig	ChIP-seq	E2F1	HepG2	cell-line	cell-line	cell-line	minus	none	passed
ENCFF157ZND	ENCFF157ZND	ENCSR717ZZW	ENCSR386IGL	BPNet	normalized predicted signal profile	bigWig	ChIP-seq	E2F1	HepG2	cell-line	cell-line	cell-line	plus	none	passed
ENCFF441DYG	ENCFF441DYG	ENCSR153DWR	ENCSR650ADC	BPNet	normalized predicted signal profile	bigWig	ChIP-seq	E2F1	K562	cell-line	cell-line	cell-line	minus	none	passed
ENCFF550LVU	ENCFF550LVU	ENCSR563LLO	ENCSR529PNO	BPNet	normalized predicted signal profile	bigWig	ChIP-seq	E2F1	K562	cell-line	cell-line	cell-line	minus	none	passed
ENCFF900GTT	ENCFF900GTT	ENCSR720HUL	ENCSR316WMH	BPNet	normalized predicted signal profile	bigWig	ChIP-seq	E2F1	K562	cell-line	cell-line	cell-line	minus	none	passed
ENCFF026MEU	ENCFF026MEU	ENCSR563LLO	ENCSR529PNO	BPNet	normalized predicted signal profile	bigWig	ChIP-seq	E2F1	K562	cell-line	cell-line	cell-line	plus	none	passed
ENCFF253EDM	ENCFF253EDM	ENCSR720HUL	ENCSR316WMH	BPNet	normalized predicted signal profile	bigWig	ChIP-seq	E2F1	K562	cell-line	cell-line	cell-line	plus	none	passed
ENCFF353AOY	ENCFF353AOY	ENCSR153DWR	ENCSR650ADC	BPNet	normalized predicted signal profile	bigWig	ChIP-seq	E2F1	K562	cell-line	cell-line	cell-line	plus	none	passed
ENCFF152PXP	ENCFF152PXP	ENCSR000EWX	ENCSR250WBG	BPNet	normalized predicted signal profile	bigWig	ChIP-seq	E2F1	MCF-7	cell-line	cell-line	cell-line	minus	none	passed
ENCFF757WFY	ENCFF757WFY	ENCSR000EWX	ENCSR250WBG	BPNet	normalized predicted signal profile	bigWig	ChIP-seq	E2F1	MCF-7	cell-line	cell-line	cell-line	plus	none	passed
ENCFF388MJG	ENCFF388MJG	ENCSR836SPL	ENCSR660YFG	BPNet	normalized predicted signal profile	bigWig	ChIP-seq	E2F1	WTC11	cell-line	cell-line	cell-line	minus	none	passed
ENCFF204ICV	ENCFF204ICV	ENCSR836SPL	ENCSR660YFG	BPNet	normalized predicted signal profile	bigWig	ChIP-seq	E2F1	WTC11	cell-line	cell-line	cell-line	plus	none	passed
ENCFF282JIG	ENCFF282JIG	ENCSR013RNH	ENCSR093EEJ	BPNet	normalized predicted signal profile	bigWig	ChIP-seq	E2F2	HepG2	cell-line	cell-line	cell-line	minus	none	passed
ENCFF412BTU	ENCFF412BTU	ENCSR013RNH	ENCSR093EEJ	BPNet	normalized predicted signal profile	bigWig	ChIP-seq	E2F2	HepG2	cell-line	cell-line	cell-line	plus	none	passed
ENCFF776ILW	ENCFF776ILW	ENCSR036QIR	ENCSR985PEG	BPNet	normalized predicted signal profile	bigWig	ChIP-seq	E2F3	K562	cell-line	cell-line	cell-line	minus	none	passed
ENCFF226CSC	ENCFF226CSC	ENCSR036QIR	ENCSR985PEG	BPNet	normalized predicted signal profile	bigWig	ChIP-seq	E2F3	K562	cell-line	cell-line	cell-line	plus	none	passed
ENCFF346TEP	ENCFF346TEP	ENCSR000DYY	ENCSR914CPB	BPNet	normalized predicted signal profile	bigWig	ChIP-seq	E2F4	GM12878	cell-line	cell-line	cell-line	minus	none	passed
ENCFF512DLD	ENCFF512DLD	ENCSR000DYY	ENCSR914CPB	BPNet	normalized predicted signal profile	bigWig	ChIP-seq	E2F4	GM12878	cell-line	cell-line	cell-line	plus	none	passed
ENCFF894YQD	ENCFF894YQD	ENCSR000EVL	ENCSR671EAM	BPNet	normalized predicted signal profile	bigWig	ChIP-seq	E2F4	HeLa-S3	cell-line	cell-line	cell-line	minus	none	passed
ENCFF453CGE	ENCFF453CGE	ENCSR000EVL	ENCSR671EAM	BPNet	normalized predicted signal profile	bigWig	ChIP-seq	E2F4	HeLa-S3	cell-line	cell-line	cell-line	plus	none	passed
ENCFF227MZW	ENCFF227MZW	ENCSR924LSO	ENCSR747ZTJ	BPNet	normalized predicted signal profile	bigWig	ChIP-seq	E2F4	HepG2	cell-line	cell-line	cell-line	minus	none	passed
ENCFF161TRL	ENCFF161TRL	ENCSR924LSO	ENCSR747ZTJ	BPNet	normalized predicted signal profile	bigWig	ChIP-seq	E2F4	HepG2	cell-line	cell-line	cell-line	plus	none	passed
ENCFF342BUZ	ENCFF342BUZ	ENCSR000EWL	ENCSR128HGV	BPNet	normalized predicted signal profile	bigWig	ChIP-seq	E2F4	K562	cell-line	cell-line	cell-line	minus	none	passed
ENCFF590VUR	ENCFF590VUR	ENCSR368GJN	ENCSR584OCJ	BPNet	normalized predicted signal profile	bigWig	ChIP-seq	E2F4	K562	cell-line	cell-line	cell-line	minus	none	passed
ENCFF857FDH	ENCFF857FDH	ENCSR000EWL	ENCSR128HGV	BPNet	normalized predicted signal profile	bigWig	ChIP-seq	E2F4	K562	cell-line	cell-line	cell-line	plus	none	passed
ENCFF963ROC	ENCFF963ROC	ENCSR368GJN	ENCSR584OCJ	BPNet	normalized predicted signal profile	bigWig	ChIP-seq	E2F4	K562	cell-line	cell-line	cell-line	plus	none	passed
ENCFF444OOP	ENCFF444OOP	ENCSR000DOR	ENCSR980THB	BPNet	normalized predicted signal profile	bigWig	ChIP-seq	E2F4	MCF-10A	cell-line	cell-line	cell-line	minus	none	passed
ENCFF942YSF	ENCFF942YSF	ENCSR000DOR	ENCSR980THB	BPNet	normalized predicted signal profile	bigWig	ChIP-seq	E2F4	MCF-10A	cell-line	cell-line	cell-line	plus	none	passed
ENCFF417EKL	ENCFF417EKL	ENCSR264OKN	ENCSR688BPP	BPNet	normalized predicted signal profile	bigWig	ChIP-seq	E2F4	WTC11	cell-line	cell-line	cell-line	minus	none	passed
ENCFF617YBQ	ENCFF617YBQ	ENCSR264OKN	ENCSR688BPP	BPNet	normalized predicted signal profile	bigWig	ChIP-seq	E2F4	WTC11	cell-line	cell-line	cell-line	plus	none	passed
ENCFF073RQD	ENCFF073RQD	ENCSR000BTC	ENCSR643EQH	BPNet	normalized predicted signal profile	bigWig	ChIP-seq	E2F6	A549	cell-line	cell-line	cell-line	minus	none	passed
ENCFF672ULV	ENCFF672ULV	ENCSR000BTC	ENCSR643EQH	BPNet	normalized predicted signal profile	bigWig	ChIP-seq	E2F6	A549	cell-line	cell-line	cell-line	plus	none	passed
ENCFF880SMD	ENCFF880SMD	ENCSR000BSI	ENCSR665ZHK	BPNet	normalized predicted signal profile	bigWig	ChIP-seq	E2F6	H1	cell-line	cell-line	cell-line	minus	none	passed
ENCFF455UPI	ENCFF455UPI	ENCSR000BSI	ENCSR665ZHK	BPNet	normalized predicted signal profile	bigWig	ChIP-seq	E2F6	H1	cell-line	cell-line	cell-line	plus	none	passed
ENCFF484KNS	ENCFF484KNS	ENCSR000EVK	ENCSR653MUZ	BPNet	normalized predicted signal profile	bigWig	ChIP-seq	E2F6	HeLa-S3	cell-line	cell-line	cell-line	minus	none	passed
ENCFF431QJT	ENCFF431QJT	ENCSR000EVK	ENCSR653MUZ	BPNet	normalized predicted signal profile	bigWig	ChIP-seq	E2F6	HeLa-S3	cell-line	cell-line	cell-line	plus	none	passed
ENCFF033GBV	ENCFF033GBV	ENCSR000EWJ	ENCSR350YIB	BPNet	normalized predicted signal profile	bigWig	ChIP-seq	E2F6	K562	cell-line	cell-line	cell-line	minus	none	passed
ENCFF898PKT	ENCFF898PKT	ENCSR000BLI	ENCSR471ZAF	BPNet	normalized predicted signal profile	bigWig	ChIP-seq	E2F6	K562	cell-line	cell-line	cell-line	minus	none	passed
ENCFF180LQC	ENCFF180LQC	ENCSR000BLI	ENCSR471ZAF	BPNet	normalized predicted signal profile	bigWig	ChIP-seq	E2F6	K562	cell-line	cell-line	cell-line	plus	none	passed
ENCFF405AEU	ENCFF405AEU	ENCSR000EWJ	ENCSR350YIB	BPNet	normalized predicted signal profile	bigWig	ChIP-seq	E2F6	K562	cell-line	cell-line	cell-line	plus	none	passed
ENCFF163ERR	ENCFF163ERR	ENCSR171CAY	ENCSR419OTG	BPNet	normalized predicted signal profile	bigWig	ChIP-seq	E2F7	K562	cell-line	cell-line	cell-line	minus	none	passed
ENCFF130ZYD	ENCFF130ZYD	ENCSR171CAY	ENCSR419OTG	BPNet	normalized predicted signal profile	bigWig	ChIP-seq	E2F7	K562	cell-line	cell-line	cell-line	plus	none	passed
ENCFF420SKQ	ENCFF420SKQ	ENCSR793HVL	ENCSR150VCL	BPNet	normalized predicted signal profile	bigWig	ChIP-seq	E2F8	GM12878	cell-line	cell-line	cell-line	minus	none	passed
ENCFF006QZR	ENCFF006QZR	ENCSR793HVL	ENCSR150VCL	BPNet	normalized predicted signal profile	bigWig	ChIP-seq	E2F8	GM12878	cell-line	cell-line	cell-line	plus	none	passed
ENCFF456YAT	ENCFF456YAT	ENCSR634GEO	ENCSR585ZGK	BPNet	normalized predicted signal profile	bigWig	ChIP-seq	E2F8	HepG2	cell-line	cell-line	cell-line	minus	none	passed
ENCFF057MIR	ENCFF057MIR	ENCSR634GEO	ENCSR585ZGK	BPNet	normalized predicted signal profile	bigWig	ChIP-seq	E2F8	HepG2	cell-line	cell-line	cell-line	plus	none	passed
ENCFF709TML	ENCFF709TML	ENCSR953DVM	ENCSR493NOM	BPNet	normalized predicted signal profile	bigWig	ChIP-seq	E2F8	K562	cell-line	cell-line	cell-line	minus	none	passed
ENCFF038LXX	ENCFF038LXX	ENCSR953DVM	ENCSR493NOM	BPNet	normalized predicted signal profile	bigWig	ChIP-seq	E2F8	K562	cell-line	cell-line	cell-line	plus	none	passed
ENCFF456MWG	ENCFF456MWG	ENCSR897ZXU	ENCSR214PBV	BPNet	normalized predicted signal profile	bigWig	ChIP-seq	E2F8	MCF-7	cell-line	cell-line	cell-line	minus	none	passed
ENCFF470LWZ	ENCFF470LWZ	ENCSR897ZXU	ENCSR214PBV	BPNet	normalized predicted signal profile	bigWig	ChIP-seq	E2F8	MCF-7	cell-line	cell-line	cell-line	plus	none	passed
ENCFF107YZB	ENCFF107YZB	ENCSR439WAF	ENCSR691OIV	BPNet	normalized predicted signal profile	bigWig	ChIP-seq	E4F1	GM12878	cell-line	cell-line	cell-line	minus	none	passed
ENCFF855WPS	ENCFF855WPS	ENCSR439WAF	ENCSR691OIV	BPNet	normalized predicted signal profile	bigWig	ChIP-seq	E4F1	GM12878	cell-line	cell-line	cell-line	plus	none	passed
ENCFF319OLA	ENCFF319OLA	ENCSR731LHZ	ENCSR647ENX	BPNet	normalized predicted signal profile	bigWig	ChIP-seq	E4F1	K562	cell-line	cell-line	cell-line	minus	none	passed
ENCFF511KZD	ENCFF511KZD	ENCSR731LHZ	ENCSR647ENX	BPNet	normalized predicted signal profile	bigWig	ChIP-seq	E4F1	K562	cell-line	cell-line	cell-line	plus	none	passed
ENCFF085DOF	ENCFF085DOF	ENCSR000DZQ	ENCSR457BBJ	BPNet	normalized predicted signal profile	bigWig	ChIP-seq	EBF1	GM12878	cell-line	cell-line	cell-line	minus	none	passed
ENCFF522CDI	ENCFF522CDI	ENCSR000BGU	ENCSR249YHP	BPNet	normalized predicted signal profile	bigWig	ChIP-seq	EBF1	GM12878	cell-line	cell-line	cell-line	minus	none	passed
ENCFF300XOR	ENCFF300XOR	ENCSR000BGU	ENCSR249YHP	BPNet	normalized predicted signal profile	bigWig	ChIP-seq	EBF1	GM12878	cell-line	cell-line	cell-line	plus	none	passed
ENCFF517FZG	ENCFF517FZG	ENCSR000DZQ	ENCSR457BBJ	BPNet	normalized predicted signal profile	bigWig	ChIP-seq	EBF1	GM12878	cell-line	cell-line	cell-line	plus	none	passed
ENCFF390AEM	ENCFF390AEM	ENCSR000BRG	ENCSR415CSY	BPNet	normalized predicted signal profile	bigWig	ChIP-seq	EGR1	GM12878	cell-line	cell-line	cell-line	minus	none	passed
ENCFF829HOL	ENCFF829HOL	ENCSR000BMQ	ENCSR141EXZ	BPNet	normalized predicted signal profile	bigWig	ChIP-seq	EGR1	GM12878	cell-line	cell-line	cell-line	minus	none	passed
ENCFF409GRP	ENCFF409GRP	ENCSR000BMQ	ENCSR141EXZ	BPNet	normalized predicted signal profile	bigWig	ChIP-seq	EGR1	GM12878	cell-line	cell-line	cell-line	plus	none	passed
ENCFF739IMN	ENCFF739IMN	ENCSR000BRG	ENCSR415CSY	BPNet	normalized predicted signal profile	bigWig	ChIP-seq	EGR1	GM12878	cell-line	cell-line	cell-line	plus	none	passed
ENCFF860EVW	ENCFF860EVW	ENCSR000BJA	ENCSR113DKE	BPNet	normalized predicted signal profile	bigWig	ChIP-seq	EGR1	H1	cell-line	cell-line	cell-line	minus	none	passed
ENCFF967ESW	ENCFF967ESW	ENCSR000BJA	ENCSR113DKE	BPNet	normalized predicted signal profile	bigWig	ChIP-seq	EGR1	H1	cell-line	cell-line	cell-line	plus	none	passed
ENCFF534UET	ENCFF534UET	ENCSR000BRZ	ENCSR752ARC	BPNet	normalized predicted signal profile	bigWig	ChIP-seq	EGR1	HCT116	cell-line	cell-line	cell-line	minus	none	passed
ENCFF682DGH	ENCFF682DGH	ENCSR000BRZ	ENCSR752ARC	BPNet	normalized predicted signal profile	bigWig	ChIP-seq	EGR1	HCT116	cell-line	cell-line	cell-line	plus	none	passed
ENCFF345WIU	ENCFF345WIU	ENCSR026GSW	ENCSR358DTM	BPNet	normalized predicted signal profile	bigWig	ChIP-seq	EGR1	HepG2	cell-line	cell-line	cell-line	minus	none	passed
ENCFF079DUZ	ENCFF079DUZ	ENCSR026GSW	ENCSR358DTM	BPNet	normalized predicted signal profile	bigWig	ChIP-seq	EGR1	HepG2	cell-line	cell-line	cell-line	plus	none	passed
ENCFF416DRY	ENCFF416DRY	ENCSR000BSQ	ENCSR133QFY	BPNet	normalized predicted signal profile	bigWig	ChIP-seq	EGR1	Ishikawa	cell-line	cell-line	cell-line	minus	none	passed
ENCFF836KGW	ENCFF836KGW	ENCSR000BSQ	ENCSR133QFY	BPNet	normalized predicted signal profile	bigWig	ChIP-seq	EGR1	Ishikawa	cell-line	cell-line	cell-line	plus	none	passed
ENCFF152TIO	ENCFF152TIO	ENCSR211LTF	ENCSR531UJV	BPNet	normalized predicted signal profile	bigWig	ChIP-seq	EGR1	K562	cell-line	cell-line	cell-line	minus	none	passed
ENCFF296CQV	ENCFF296CQV	ENCSR024CNP	ENCSR706MJY	BPNet	normalized predicted signal profile	bigWig	ChIP-seq	EGR1	K562	cell-line	cell-line	cell-line	minus	none	passed
ENCFF981LAP	ENCFF981LAP	ENCSR000BNE	ENCSR461IMZ	BPNet	normalized predicted signal profile	bigWig	ChIP-seq	EGR1	K562	cell-line	cell-line	cell-line	minus	none	passed
ENCFF272MPL	ENCFF272MPL	ENCSR211LTF	ENCSR531UJV	BPNet	normalized predicted signal profile	bigWig	ChIP-seq	EGR1	K562	cell-line	cell-line	cell-line	plus	none	passed
ENCFF695TWE	ENCFF695TWE	ENCSR000BNE	ENCSR461IMZ	BPNet	normalized predicted signal profile	bigWig	ChIP-seq	EGR1	K562	cell-line	cell-line	cell-line	plus	none	passed
ENCFF786XOV	ENCFF786XOV	ENCSR024CNP	ENCSR706MJY	BPNet	normalized predicted signal profile	bigWig	ChIP-seq	EGR1	K562	cell-line	cell-line	cell-line	plus	none	passed
ENCFF809POB	ENCFF809POB	ENCSR000BUX	ENCSR764MGW	BPNet	normalized predicted signal profile	bigWig	ChIP-seq	EGR1	MCF-7	cell-line	cell-line	cell-line	minus	none	passed
ENCFF140RZO	ENCFF140RZO	ENCSR000BUX	ENCSR764MGW	BPNet	normalized predicted signal profile	bigWig	ChIP-seq	EGR1	MCF-7	cell-line	cell-line	cell-line	plus	none	passed
ENCFF118COX	ENCFF118COX	ENCSR736BUG	ENCSR482OFY	BPNet	normalized predicted signal profile	bigWig	ChIP-seq	EGR1	liver	liver	liver	digestive-system	minus	none	passed
ENCFF683TVK	ENCFF683TVK	ENCSR290ZOS	ENCSR774YHV	BPNet	normalized predicted signal profile	bigWig	ChIP-seq	EGR1	liver	liver	liver	digestive-system	minus	none	passed
ENCFF691JWQ	ENCFF691JWQ	ENCSR290ZOS	ENCSR774YHV	BPNet	normalized predicted signal profile	bigWig	ChIP-seq	EGR1	liver	liver	liver	digestive-system	plus	none	passed
ENCFF966YBM	ENCFF966YBM	ENCSR736BUG	ENCSR482OFY	BPNet	normalized predicted signal profile	bigWig	ChIP-seq	EGR1	liver	liver	liver	digestive-system	plus	none	passed
ENCFF062DNL	ENCFF062DNL	ENCSR919CZU	ENCSR905WNQ	BPNet	normalized predicted signal profile	bigWig	ChIP-seq	EGR2	HEK293	cell-line	cell-line	cell-line	minus	none	passed
ENCFF534OCA	ENCFF534OCA	ENCSR919CZU	ENCSR905WNQ	BPNet	normalized predicted signal profile	bigWig	ChIP-seq	EGR2	HEK293	cell-line	cell-line	cell-line	plus	none	passed
ENCFF079GKB	ENCFF079GKB	ENCSR000BPT	ENCSR115KTR	BPNet	normalized predicted signal profile	bigWig	ChIP-seq	ELF1	A549	cell-line	cell-line	cell-line	minus	none	passed
ENCFF067TAG	ENCFF067TAG	ENCSR000BPT	ENCSR115KTR	BPNet	normalized predicted signal profile	bigWig	ChIP-seq	ELF1	A549	cell-line	cell-line	cell-line	plus	none	passed
ENCFF338ZZG	ENCFF338ZZG	ENCSR841NDX	ENCSR583JLE	BPNet	normalized predicted signal profile	bigWig	ChIP-seq	ELF1	GM12878	cell-line	cell-line	cell-line	minus	none	passed
ENCFF650WZM	ENCFF650WZM	ENCSR000BMB	ENCSR284EMN	BPNet	normalized predicted signal profile	bigWig	ChIP-seq	ELF1	GM12878	cell-line	cell-line	cell-line	minus	none	passed
ENCFF491IYW	ENCFF491IYW	ENCSR000BMB	ENCSR284EMN	BPNet	normalized predicted signal profile	bigWig	ChIP-seq	ELF1	GM12878	cell-line	cell-line	cell-line	plus	none	passed
ENCFF625FWE	ENCFF625FWE	ENCSR841NDX	ENCSR583JLE	BPNet	normalized predicted signal profile	bigWig	ChIP-seq	ELF1	GM12878	cell-line	cell-line	cell-line	plus	none	passed
ENCFF826LUI	ENCFF826LUI	ENCSR000BVH	ENCSR661QJF	BPNet	normalized predicted signal profile	bigWig	ChIP-seq	ELF1	HCT116	cell-line	cell-line	cell-line	minus	none	passed
ENCFF118VOQ	ENCFF118VOQ	ENCSR000BVH	ENCSR661QJF	BPNet	normalized predicted signal profile	bigWig	ChIP-seq	ELF1	HCT116	cell-line	cell-line	cell-line	plus	none	passed
ENCFF180XUK	ENCFF180XUK	ENCSR321VGW	ENCSR013GZY	BPNet	normalized predicted signal profile	bigWig	ChIP-seq	ELF1	HepG2	cell-line	cell-line	cell-line	minus	none	passed
ENCFF518IRX	ENCFF518IRX	ENCSR000BMZ	ENCSR242YWK	BPNet	normalized predicted signal profile	bigWig	ChIP-seq	ELF1	HepG2	cell-line	cell-line	cell-line	minus	none	passed
ENCFF099AQL	ENCFF099AQL	ENCSR000BMZ	ENCSR242YWK	BPNet	normalized predicted signal profile	bigWig	ChIP-seq	ELF1	HepG2	cell-line	cell-line	cell-line	plus	none	passed
ENCFF802UMR	ENCFF802UMR	ENCSR321VGW	ENCSR013GZY	BPNet	normalized predicted signal profile	bigWig	ChIP-seq	ELF1	HepG2	cell-line	cell-line	cell-line	plus	none	passed
ENCFF047YHV	ENCFF047YHV	ENCSR000BMD	ENCSR736MKZ	BPNet	normalized predicted signal profile	bigWig	ChIP-seq	ELF1	K562	cell-line	cell-line	cell-line	minus	none	passed
ENCFF248AYI	ENCFF248AYI	ENCSR975SSR	ENCSR339PZZ	BPNet	normalized predicted signal profile	bigWig	ChIP-seq	ELF1	K562	cell-line	cell-line	cell-line	minus	none	passed
ENCFF651LDT	ENCFF651LDT	ENCSR744CXJ	ENCSR323SIL	BPNet	normalized predicted signal profile	bigWig	ChIP-seq	ELF1	K562	cell-line	cell-line	cell-line	minus	none	passed
ENCFF896HVF	ENCFF896HVF	ENCSR502OEK	ENCSR436LIQ	BPNet	normalized predicted signal profile	bigWig	ChIP-seq	ELF1	K562	cell-line	cell-line	cell-line	minus	none	passed
ENCFF145FZT	ENCFF145FZT	ENCSR502OEK	ENCSR436LIQ	BPNet	normalized predicted signal profile	bigWig	ChIP-seq	ELF1	K562	cell-line	cell-line	cell-line	plus	none	passed
ENCFF232LOV	ENCFF232LOV	ENCSR975SSR	ENCSR339PZZ	BPNet	normalized predicted signal profile	bigWig	ChIP-seq	ELF1	K562	cell-line	cell-line	cell-line	plus	none	passed
ENCFF241CMK	ENCFF241CMK	ENCSR744CXJ	ENCSR323SIL	BPNet	normalized predicted signal profile	bigWig	ChIP-seq	ELF1	K562	cell-line	cell-line	cell-line	plus	none	passed
ENCFF475KCY	ENCFF475KCY	ENCSR000BMD	ENCSR736MKZ	BPNet	normalized predicted signal profile	bigWig	ChIP-seq	ELF1	K562	cell-line	cell-line	cell-line	plus	none	passed
ENCFF048RHZ	ENCFF048RHZ	ENCSR475SOC	ENCSR694XCP	BPNet	normalized predicted signal profile	bigWig	ChIP-seq	ELF1	MCF-7	cell-line	cell-line	cell-line	minus	none	passed
ENCFF065GTX	ENCFF065GTX	ENCSR502NRF	ENCSR585SAF	BPNet	normalized predicted signal profile	bigWig	ChIP-seq	ELF1	MCF-7	cell-line	cell-line	cell-line	minus	none	passed
ENCFF645EYT	ENCFF645EYT	ENCSR000BSS	ENCSR136DQJ	BPNet	normalized predicted signal profile	bigWig	ChIP-seq	ELF1	MCF-7	cell-line	cell-line	cell-line	minus	none	passed
ENCFF227JUA	ENCFF227JUA	ENCSR475SOC	ENCSR694XCP	BPNet	normalized predicted signal profile	bigWig	ChIP-seq	ELF1	MCF-7	cell-line	cell-line	cell-line	plus	none	passed
ENCFF404XWY	ENCFF404XWY	ENCSR000BSS	ENCSR136DQJ	BPNet	normalized predicted signal profile	bigWig	ChIP-seq	ELF1	MCF-7	cell-line	cell-line	cell-line	plus	none	passed
ENCFF452JPC	ENCFF452JPC	ENCSR502NRF	ENCSR585SAF	BPNet	normalized predicted signal profile	bigWig	ChIP-seq	ELF1	MCF-7	cell-line	cell-line	cell-line	plus	none	passed
ENCFF063RMA	ENCFF063RMA	ENCSR000BTA	ENCSR201AZL	BPNet	normalized predicted signal profile	bigWig	ChIP-seq	ELF1	SK-N-SH	cell-line	cell-line	cell-line	minus	none	passed
ENCFF582SQQ	ENCFF582SQQ	ENCSR000BTA	ENCSR201AZL	BPNet	normalized predicted signal profile	bigWig	ChIP-seq	ELF1	SK-N-SH	cell-line	cell-line	cell-line	plus	none	passed
ENCFF575MBO	ENCFF575MBO	ENCSR594HXD	ENCSR588DJP	BPNet	normalized predicted signal profile	bigWig	ChIP-seq	ELF2	K562	cell-line	cell-line	cell-line	minus	none	passed
ENCFF650QCZ	ENCFF650QCZ	ENCSR594HXD	ENCSR588DJP	BPNet	normalized predicted signal profile	bigWig	ChIP-seq	ELF2	K562	cell-line	cell-line	cell-line	plus	none	passed
ENCFF871FWV	ENCFF871FWV	ENCSR778QLY	ENCSR438TVE	BPNet	normalized predicted signal profile	bigWig	ChIP-seq	ELF4	HEK293T	cell-line	cell-line	cell-line	minus	none	passed
ENCFF856TDM	ENCFF856TDM	ENCSR778QLY	ENCSR438TVE	BPNet	normalized predicted signal profile	bigWig	ChIP-seq	ELF4	HEK293T	cell-line	cell-line	cell-line	plus	none	passed
ENCFF387FWU	ENCFF387FWU	ENCSR980HGI	ENCSR863FYT	BPNet	normalized predicted signal profile	bigWig	ChIP-seq	ELF4	HepG2	cell-line	cell-line	cell-line	minus	none	passed
ENCFF289IFJ	ENCFF289IFJ	ENCSR980HGI	ENCSR863FYT	BPNet	normalized predicted signal profile	bigWig	ChIP-seq	ELF4	HepG2	cell-line	cell-line	cell-line	plus	none	passed
ENCFF405MSN	ENCFF405MSN	ENCSR494ZGC	ENCSR747NTS	BPNet	normalized predicted signal profile	bigWig	ChIP-seq	ELF4	K562	cell-line	cell-line	cell-line	minus	none	passed
ENCFF707ZSQ	ENCFF707ZSQ	ENCSR638QHV	ENCSR159BWT	BPNet	normalized predicted signal profile	bigWig	ChIP-seq	ELF4	K562	cell-line	cell-line	cell-line	minus	none	passed
ENCFF860TXW	ENCFF860TXW	ENCSR498JCG	ENCSR158YZZ	BPNet	normalized predicted signal profile	bigWig	ChIP-seq	ELF4	K562	cell-line	cell-line	cell-line	minus	none	passed
ENCFF231DLJ	ENCFF231DLJ	ENCSR638QHV	ENCSR159BWT	BPNet	normalized predicted signal profile	bigWig	ChIP-seq	ELF4	K562	cell-line	cell-line	cell-line	plus	none	passed
ENCFF357ERV	ENCFF357ERV	ENCSR494ZGC	ENCSR747NTS	BPNet	normalized predicted signal profile	bigWig	ChIP-seq	ELF4	K562	cell-line	cell-line	cell-line	plus	none	passed
ENCFF401IMK	ENCFF401IMK	ENCSR498JCG	ENCSR158YZZ	BPNet	normalized predicted signal profile	bigWig	ChIP-seq	ELF4	K562	cell-line	cell-line	cell-line	plus	none	passed
ENCFF588TFS	ENCFF588TFS	ENCSR000DZB	ENCSR617OUA	BPNet	normalized predicted signal profile	bigWig	ChIP-seq	ELK1	GM12878	cell-line	cell-line	cell-line	minus	none	passed
ENCFF435RRV	ENCFF435RRV	ENCSR000DZB	ENCSR617OUA	BPNet	normalized predicted signal profile	bigWig	ChIP-seq	ELK1	GM12878	cell-line	cell-line	cell-line	plus	none	passed
ENCFF597DGP	ENCFF597DGP	ENCSR000ECI	ENCSR534OYO	BPNet	normalized predicted signal profile	bigWig	ChIP-seq	ELK1	HeLa-S3	cell-line	cell-line	cell-line	minus	none	passed
ENCFF151SSL	ENCFF151SSL	ENCSR000ECI	ENCSR534OYO	BPNet	normalized predicted signal profile	bigWig	ChIP-seq	ELK1	HeLa-S3	cell-line	cell-line	cell-line	plus	none	passed
ENCFF983SKR	ENCFF983SKR	ENCSR717QSS	ENCSR472YSZ	BPNet	normalized predicted signal profile	bigWig	ChIP-seq	ELK1	HepG2	cell-line	cell-line	cell-line	minus	none	passed
ENCFF832YCR	ENCFF832YCR	ENCSR717QSS	ENCSR472YSZ	BPNet	normalized predicted signal profile	bigWig	ChIP-seq	ELK1	HepG2	cell-line	cell-line	cell-line	plus	none	passed
ENCFF723RGL	ENCFF723RGL	ENCSR000EFU	ENCSR865CAR	BPNet	normalized predicted signal profile	bigWig	ChIP-seq	ELK1	K562	cell-line	cell-line	cell-line	minus	none	passed
ENCFF228FTR	ENCFF228FTR	ENCSR000EFU	ENCSR865CAR	BPNet	normalized predicted signal profile	bigWig	ChIP-seq	ELK1	K562	cell-line	cell-line	cell-line	plus	none	passed
ENCFF424CEB	ENCFF424CEB	ENCSR382WLL	ENCSR832UMB	BPNet	normalized predicted signal profile	bigWig	ChIP-seq	ELK1	MCF-7	cell-line	cell-line	cell-line	minus	none	passed
ENCFF744ZSF	ENCFF744ZSF	ENCSR382WLL	ENCSR832UMB	BPNet	normalized predicted signal profile	bigWig	ChIP-seq	ELK1	MCF-7	cell-line	cell-line	cell-line	plus	none	passed
ENCFF853BAV	ENCFF853BAV	ENCSR000EVI	ENCSR655PCK	BPNet	normalized predicted signal profile	bigWig	ChIP-seq	ELK4	HeLa-S3	cell-line	cell-line	cell-line	minus	none	passed
ENCFF460DTT	ENCFF460DTT	ENCSR000EVI	ENCSR655PCK	BPNet	normalized predicted signal profile	bigWig	ChIP-seq	ELK4	HeLa-S3	cell-line	cell-line	cell-line	plus	none	passed
ENCFF590MID	ENCFF590MID	ENCSR513YMV	ENCSR506QNM	BPNet	normalized predicted signal profile	bigWig	ChIP-seq	ELK4	HepG2	cell-line	cell-line	cell-line	minus	none	passed
ENCFF385VIB	ENCFF385VIB	ENCSR513YMV	ENCSR506QNM	BPNet	normalized predicted signal profile	bigWig	ChIP-seq	ELK4	HepG2	cell-line	cell-line	cell-line	plus	none	passed
ENCFF052QSG	ENCFF052QSG	ENCSR463GOT	ENCSR695QWL	BPNet	normalized predicted signal profile	bigWig	ChIP-seq	ESR1	MCF-7	cell-line	cell-line	cell-line	minus	none	passed
ENCFF209LAY	ENCFF209LAY	ENCSR463GOT	ENCSR695QWL	BPNet	normalized predicted signal profile	bigWig	ChIP-seq	ESR1	MCF-7	cell-line	cell-line	cell-line	plus	none	passed
ENCFF425DED	ENCFF425DED	ENCSR000DYQ	ENCSR853ETF	BPNet	normalized predicted signal profile	bigWig	ChIP-seq	ESRRA	GM12878	cell-line	cell-line	cell-line	minus	none	passed
ENCFF972AFL	ENCFF972AFL	ENCSR000DYQ	ENCSR853ETF	BPNet	normalized predicted signal profile	bigWig	ChIP-seq	ESRRA	GM12878	cell-line	cell-line	cell-line	plus	none	passed
ENCFF260JEQ	ENCFF260JEQ	ENCSR267NVP	ENCSR471MWU	BPNet	normalized predicted signal profile	bigWig	ChIP-seq	ESRRA	HepG2	cell-line	cell-line	cell-line	minus	none	passed
ENCFF054CFT	ENCFF054CFT	ENCSR267NVP	ENCSR471MWU	BPNet	normalized predicted signal profile	bigWig	ChIP-seq	ESRRA	HepG2	cell-line	cell-line	cell-line	plus	none	passed
ENCFF053ZGG	ENCFF053ZGG	ENCSR486IFJ	ENCSR374XGJ	BPNet	normalized predicted signal profile	bigWig	ChIP-seq	ESRRA	K562	cell-line	cell-line	cell-line	minus	none	passed
ENCFF961BUB	ENCFF961BUB	ENCSR486IFJ	ENCSR374XGJ	BPNet	normalized predicted signal profile	bigWig	ChIP-seq	ESRRA	K562	cell-line	cell-line	cell-line	plus	none	passed
ENCFF327RGQ	ENCFF327RGQ	ENCSR954WVZ	ENCSR442IDC	BPNet	normalized predicted signal profile	bigWig	ChIP-seq	ESRRA	MCF-7	cell-line	cell-line	cell-line	minus	none	passed
ENCFF006SIB	ENCFF006SIB	ENCSR954WVZ	ENCSR442IDC	BPNet	normalized predicted signal profile	bigWig	ChIP-seq	ESRRA	MCF-7	cell-line	cell-line	cell-line	plus	none	passed
ENCFF276RWT	ENCFF276RWT	ENCSR029OPK	ENCSR856ZTS	BPNet	normalized predicted signal profile	bigWig	ChIP-seq	ESRRA	WTC11	cell-line	cell-line	cell-line	minus	none	passed
ENCFF593GPO	ENCFF593GPO	ENCSR029OPK	ENCSR856ZTS	BPNet	normalized predicted signal profile	bigWig	ChIP-seq	ESRRA	WTC11	cell-line	cell-line	cell-line	plus	none	passed
ENCFF128RNE	ENCFF128RNE	ENCSR000BPU	ENCSR908RRF	BPNet	normalized predicted signal profile	bigWig	ChIP-seq	ETS1	A549	cell-line	cell-line	cell-line	minus	none	passed
ENCFF239FMI	ENCFF239FMI	ENCSR000BPU	ENCSR908RRF	BPNet	normalized predicted signal profile	bigWig	ChIP-seq	ETS1	A549	cell-line	cell-line	cell-line	plus	none	passed
ENCFF179EQG	ENCFF179EQG	ENCSR000BKA	ENCSR946PGY	BPNet	normalized predicted signal profile	bigWig	ChIP-seq	ETS1	GM12878	cell-line	cell-line	cell-line	minus	none	passed
ENCFF559XWQ	ENCFF559XWQ	ENCSR000BKA	ENCSR946PGY	BPNet	normalized predicted signal profile	bigWig	ChIP-seq	ETS1	GM12878	cell-line	cell-line	cell-line	plus	none	passed
ENCFF851XAD	ENCFF851XAD	ENCSR534VHI	ENCSR696AKY	BPNet	normalized predicted signal profile	bigWig	ChIP-seq	ETS1	GM23338	cell-line	cell-line	cell-line	minus	none	passed
ENCFF226GOW	ENCFF226GOW	ENCSR534VHI	ENCSR696AKY	BPNet	normalized predicted signal profile	bigWig	ChIP-seq	ETS1	GM23338	cell-line	cell-line	cell-line	plus	none	passed
ENCFF379PIK	ENCFF379PIK	ENCSR681WHQ	ENCSR340ZGI	BPNet	normalized predicted signal profile	bigWig	ChIP-seq	ETS1	HepG2	cell-line	cell-line	cell-line	minus	none	passed
ENCFF532XRS	ENCFF532XRS	ENCSR681WHQ	ENCSR340ZGI	BPNet	normalized predicted signal profile	bigWig	ChIP-seq	ETS1	HepG2	cell-line	cell-line	cell-line	plus	none	passed
ENCFF874FXA	ENCFF874FXA	ENCSR000BKQ	ENCSR800TIT	BPNet	normalized predicted signal profile	bigWig	ChIP-seq	ETS1	K562	cell-line	cell-line	cell-line	minus	none	passed
ENCFF008DZT	ENCFF008DZT	ENCSR000BKQ	ENCSR800TIT	BPNet	normalized predicted signal profile	bigWig	ChIP-seq	ETS1	K562	cell-line	cell-line	cell-line	plus	none	passed
ENCFF198PTZ	ENCFF198PTZ	ENCSR277DMR	ENCSR763TSQ	BPNet	normalized predicted signal profile	bigWig	ChIP-seq	ETV1	K562	cell-line	cell-line	cell-line	minus	none	passed
ENCFF516WIG	ENCFF516WIG	ENCSR277DMR	ENCSR763TSQ	BPNet	normalized predicted signal profile	bigWig	ChIP-seq	ETV1	K562	cell-line	cell-line	cell-line	plus	none	passed
ENCFF603ASD	ENCFF603ASD	ENCSR714YZG	ENCSR349BWF	BPNet	normalized predicted signal profile	bigWig	ChIP-seq	ETV4	HepG2	cell-line	cell-line	cell-line	minus	none	passed
ENCFF727BOT	ENCFF727BOT	ENCSR537FDJ	ENCSR024PCE	BPNet	normalized predicted signal profile	bigWig	ChIP-seq	ETV4	HepG2	cell-line	cell-line	cell-line	minus	none	passed
ENCFF287RAJ	ENCFF287RAJ	ENCSR714YZG	ENCSR349BWF	BPNet	normalized predicted signal profile	bigWig	ChIP-seq	ETV4	HepG2	cell-line	cell-line	cell-line	plus	none	passed
ENCFF904OMU	ENCFF904OMU	ENCSR537FDJ	ENCSR024PCE	BPNet	normalized predicted signal profile	bigWig	ChIP-seq	ETV4	HepG2	cell-line	cell-line	cell-line	plus	none	passed
ENCFF630TQM	ENCFF630TQM	ENCSR096IIB	ENCSR301LBE	BPNet	normalized predicted signal profile	bigWig	ChIP-seq	ETV5	HepG2	cell-line	cell-line	cell-line	minus	none	passed
ENCFF371GCI	ENCFF371GCI	ENCSR096IIB	ENCSR301LBE	BPNet	normalized predicted signal profile	bigWig	ChIP-seq	ETV5	HepG2	cell-line	cell-line	cell-line	plus	none	passed
ENCFF789OYF	ENCFF789OYF	ENCSR971EWR	ENCSR267TUB	BPNet	normalized predicted signal profile	bigWig	ChIP-seq	ETV5	K562	cell-line	cell-line	cell-line	minus	none	passed
ENCFF656CUV	ENCFF656CUV	ENCSR971EWR	ENCSR267TUB	BPNet	normalized predicted signal profile	bigWig	ChIP-seq	ETV5	K562	cell-line	cell-line	cell-line	plus	none	passed
ENCFF652OJL	ENCFF652OJL	ENCSR626VUC	ENCSR478NYG	BPNet	normalized predicted signal profile	bigWig	ChIP-seq	ETV6	GM12878	cell-line	cell-line	cell-line	minus	none	passed
ENCFF718WXJ	ENCFF718WXJ	ENCSR626VUC	ENCSR478NYG	BPNet	normalized predicted signal profile	bigWig	ChIP-seq	ETV6	GM12878	cell-line	cell-line	cell-line	plus	none	passed
ENCFF073ZWQ	ENCFF073ZWQ	ENCSR925TWM	ENCSR643ACX	BPNet	normalized predicted signal profile	bigWig	ChIP-seq	ETV6	HepG2	cell-line	cell-line	cell-line	minus	none	passed
ENCFF685DZQ	ENCFF685DZQ	ENCSR925TWM	ENCSR643ACX	BPNet	normalized predicted signal profile	bigWig	ChIP-seq	ETV6	HepG2	cell-line	cell-line	cell-line	plus	none	passed
ENCFF543LQQ	ENCFF543LQQ	ENCSR124BJR	ENCSR239YSE	BPNet	normalized predicted signal profile	bigWig	ChIP-seq	ETV6	K562	cell-line	cell-line	cell-line	minus	none	passed
ENCFF566AYA	ENCFF566AYA	ENCSR000FCE	ENCSR442XPS	BPNet	normalized predicted signal profile	bigWig	ChIP-seq	ETV6	K562	cell-line	cell-line	cell-line	minus	none	passed
ENCFF171WFL	ENCFF171WFL	ENCSR000FCE	ENCSR442XPS	BPNet	normalized predicted signal profile	bigWig	ChIP-seq	ETV6	K562	cell-line	cell-line	cell-line	plus	none	passed
ENCFF763IWK	ENCFF763IWK	ENCSR124BJR	ENCSR239YSE	BPNet	normalized predicted signal profile	bigWig	ChIP-seq	ETV6	K562	cell-line	cell-line	cell-line	plus	none	passed
ENCFF425WSJ	ENCFF425WSJ	ENCSR029TLS	ENCSR658UPZ	BPNet	normalized predicted signal profile	bigWig	ChIP-seq	ETV6	WTC11	cell-line	cell-line	cell-line	minus	none	passed
ENCFF646QQO	ENCFF646QQO	ENCSR029TLS	ENCSR658UPZ	BPNet	normalized predicted signal profile	bigWig	ChIP-seq	ETV6	WTC11	cell-line	cell-line	cell-line	plus	none	passed
ENCFF443RQS	ENCFF443RQS	ENCSR941WVJ	ENCSR841VEE	BPNet	normalized predicted signal profile	bigWig	ChIP-seq	FBXL19	HepG2	cell-line	cell-line	cell-line	minus	none	passed
ENCFF108QCN	ENCFF108QCN	ENCSR941WVJ	ENCSR841VEE	BPNet	normalized predicted signal profile	bigWig	ChIP-seq	FBXL19	HepG2	cell-line	cell-line	cell-line	plus	none	passed
ENCFF077DIY	ENCFF077DIY	ENCSR827NWO	ENCSR722ZLL	BPNet	normalized predicted signal profile	bigWig	ChIP-seq	FEZF1	HEK293	cell-line	cell-line	cell-line	minus	none	passed
ENCFF626BHK	ENCFF626BHK	ENCSR827NWO	ENCSR722ZLL	BPNet	normalized predicted signal profile	bigWig	ChIP-seq	FEZF1	HEK293	cell-line	cell-line	cell-line	plus	none	passed
ENCFF142UPC	ENCFF142UPC	ENCSR000EYZ	ENCSR205QBW	BPNet	normalized predicted signal profile	bigWig	ChIP-seq	FOS	GM12878	cell-line	cell-line	cell-line	minus	none	passed
ENCFF562MBM	ENCFF562MBM	ENCSR000EYZ	ENCSR205QBW	BPNet	normalized predicted signal profile	bigWig	ChIP-seq	FOS	GM12878	cell-line	cell-line	cell-line	plus	none	passed
ENCFF338ZFO	ENCFF338ZFO	ENCSR124AIG	ENCSR728DMH	BPNet	normalized predicted signal profile	bigWig	ChIP-seq	FOS	IMR-90	cell-line	cell-line	cell-line	minus	none	passed
ENCFF741SLD	ENCFF741SLD	ENCSR124AIG	ENCSR728DMH	BPNet	normalized predicted signal profile	bigWig	ChIP-seq	FOS	IMR-90	cell-line	cell-line	cell-line	plus	none	passed
ENCFF424MGL	ENCFF424MGL	ENCSR000FAI	ENCSR250RRT	BPNet	normalized predicted signal profile	bigWig	ChIP-seq	FOS	K562	cell-line	cell-line	cell-line	minus	none	passed
ENCFF304SCK	ENCFF304SCK	ENCSR000FAI	ENCSR250RRT	BPNet	normalized predicted signal profile	bigWig	ChIP-seq	FOS	K562	cell-line	cell-line	cell-line	plus	none	passed
ENCFF010LMU	ENCFF010LMU	ENCSR000DOT	ENCSR248ICS	BPNet	normalized predicted signal profile	bigWig	ChIP-seq	FOS	MCF-10A	cell-line	cell-line	cell-line	minus	none	passed
ENCFF127VJO	ENCFF127VJO	ENCSR000DOP	ENCSR010RMO	BPNet	normalized predicted signal profile	bigWig	ChIP-seq	FOS	MCF-10A	cell-line	cell-line	cell-line	minus	none	passed
ENCFF185NYP	ENCFF185NYP	ENCSR000DON	ENCSR657QSG	BPNet	normalized predicted signal profile	bigWig	ChIP-seq	FOS	MCF-10A	cell-line	cell-line	cell-line	minus	none	passed
ENCFF717CCJ	ENCFF717CCJ	ENCSR000DOO	ENCSR575RVZ	BPNet	normalized predicted signal profile	bigWig	ChIP-seq	FOS	MCF-10A	cell-line	cell-line	cell-line	minus	none	passed
ENCFF027JCG	ENCFF027JCG	ENCSR000DOP	ENCSR010RMO	BPNet	normalized predicted signal profile	bigWig	ChIP-seq	FOS	MCF-10A	cell-line	cell-line	cell-line	plus	none	passed
ENCFF297UPZ	ENCFF297UPZ	ENCSR000DOT	ENCSR248ICS	BPNet	normalized predicted signal profile	bigWig	ChIP-seq	FOS	MCF-10A	cell-line	cell-line	cell-line	plus	none	passed
ENCFF596TDN	ENCFF596TDN	ENCSR000DOO	ENCSR575RVZ	BPNet	normalized predicted signal profile	bigWig	ChIP-seq	FOS	MCF-10A	cell-line	cell-line	cell-line	plus	none	passed
ENCFF747PWC	ENCFF747PWC	ENCSR000DON	ENCSR657QSG	BPNet	normalized predicted signal profile	bigWig	ChIP-seq	FOS	MCF-10A	cell-line	cell-line	cell-line	plus	none	passed
ENCFF290OCU	ENCFF290OCU	ENCSR569XNP	ENCSR335UTI	BPNet	normalized predicted signal profile	bigWig	ChIP-seq	FOS	MCF-7	cell-line	cell-line	cell-line	minus	none	passed
ENCFF667OUG	ENCFF667OUG	ENCSR569XNP	ENCSR335UTI	BPNet	normalized predicted signal profile	bigWig	ChIP-seq	FOS	MCF-7	cell-line	cell-line	cell-line	plus	none	passed
ENCFF923FJU	ENCFF923FJU	ENCSR000EVU	ENCSR233XFQ	BPNet	normalized predicted signal profile	bigWig	ChIP-seq	FOS	endothelial-cell-of-umbilical-vein	endothelial	blood-vessel	circulatory-system	minus	none	passed
ENCFF981HIH	ENCFF981HIH	ENCSR000EVU	ENCSR233XFQ	BPNet	normalized predicted signal profile	bigWig	ChIP-seq	FOS	endothelial-cell-of-umbilical-vein	endothelial	blood-vessel	circulatory-system	plus	none	passed
ENCFF335SNE	ENCFF335SNE	ENCSR000BTE	ENCSR474ZEM	BPNet	normalized predicted signal profile	bigWig	ChIP-seq	FOSL1	HCT116	cell-line	cell-line	cell-line	minus	none	passed
ENCFF761BOX	ENCFF761BOX	ENCSR000BTE	ENCSR474ZEM	BPNet	normalized predicted signal profile	bigWig	ChIP-seq	FOSL1	HCT116	cell-line	cell-line	cell-line	plus	none	passed
ENCFF228KBD	ENCFF228KBD	ENCSR767NGL	ENCSR020BAF	BPNet	normalized predicted signal profile	bigWig	ChIP-seq	FOSL1	HepG2	cell-line	cell-line	cell-line	minus	none	passed
ENCFF640OOL	ENCFF640OOL	ENCSR767NGL	ENCSR020BAF	BPNet	normalized predicted signal profile	bigWig	ChIP-seq	FOSL1	HepG2	cell-line	cell-line	cell-line	plus	none	passed
ENCFF055DSE	ENCFF055DSE	ENCSR239ZLZ	ENCSR285NIO	BPNet	normalized predicted signal profile	bigWig	ChIP-seq	FOSL1	K562	cell-line	cell-line	cell-line	minus	none	passed
ENCFF708FAP	ENCFF708FAP	ENCSR000BMV	ENCSR071ZMQ	BPNet	normalized predicted signal profile	bigWig	ChIP-seq	FOSL1	K562	cell-line	cell-line	cell-line	minus	none	passed
ENCFF270PFX	ENCFF270PFX	ENCSR239ZLZ	ENCSR285NIO	BPNet	normalized predicted signal profile	bigWig	ChIP-seq	FOSL1	K562	cell-line	cell-line	cell-line	plus	none	passed
ENCFF858FKK	ENCFF858FKK	ENCSR000BMV	ENCSR071ZMQ	BPNet	normalized predicted signal profile	bigWig	ChIP-seq	FOSL1	K562	cell-line	cell-line	cell-line	plus	none	passed
ENCFF220LLE	ENCFF220LLE	ENCSR950CIR	ENCSR043OMU	BPNet	normalized predicted signal profile	bigWig	ChIP-seq	FOSL1	glutamatergic-neuron	neuron	nerve	central-nervous-system	minus	none	passed
ENCFF664ZSO	ENCFF664ZSO	ENCSR950CIR	ENCSR043OMU	BPNet	normalized predicted signal profile	bigWig	ChIP-seq	FOSL1	glutamatergic-neuron	neuron	nerve	central-nervous-system	plus	none	passed
ENCFF070RQP	ENCFF070RQP	ENCSR686HIU	ENCSR765JSW	BPNet	normalized predicted signal profile	bigWig	ChIP-seq	FOSL2	A549	cell-line	cell-line	cell-line	minus	none	passed
ENCFF132WSM	ENCFF132WSM	ENCSR775UFR	ENCSR712WIM	BPNet	normalized predicted signal profile	bigWig	ChIP-seq	FOSL2	A549	cell-line	cell-line	cell-line	minus	none	passed
ENCFF137LRX	ENCFF137LRX	ENCSR274WRI	ENCSR928CRM	BPNet	normalized predicted signal profile	bigWig	ChIP-seq	FOSL2	A549	cell-line	cell-line	cell-line	minus	none	passed
ENCFF215QBN	ENCFF215QBN	ENCSR593DGU	ENCSR262NQG	BPNet	normalized predicted signal profile	bigWig	ChIP-seq	FOSL2	A549	cell-line	cell-line	cell-line	minus	none	passed
ENCFF357VQO	ENCFF357VQO	ENCSR111ZXV	ENCSR868DKN	BPNet	normalized predicted signal profile	bigWig	ChIP-seq	FOSL2	A549	cell-line	cell-line	cell-line	minus	none	passed
ENCFF368MFL	ENCFF368MFL	ENCSR448TVS	ENCSR554ZTS	BPNet	normalized predicted signal profile	bigWig	ChIP-seq	FOSL2	A549	cell-line	cell-line	cell-line	minus	none	passed
ENCFF448KDJ	ENCFF448KDJ	ENCSR330IJE	ENCSR373VZG	BPNet	normalized predicted signal profile	bigWig	ChIP-seq	FOSL2	A549	cell-line	cell-line	cell-line	minus	none	passed
ENCFF496KIB	ENCFF496KIB	ENCSR563GCV	ENCSR345YQI	BPNet	normalized predicted signal profile	bigWig	ChIP-seq	FOSL2	A549	cell-line	cell-line	cell-line	minus	none	passed
ENCFF547GBF	ENCFF547GBF	ENCSR242EWU	ENCSR133ETC	BPNet	normalized predicted signal profile	bigWig	ChIP-seq	FOSL2	A549	cell-line	cell-line	cell-line	minus	none	passed
ENCFF626JCV	ENCFF626JCV	ENCSR000BQO	ENCSR237ZVN	BPNet	normalized predicted signal profile	bigWig	ChIP-seq	FOSL2	A549	cell-line	cell-line	cell-line	minus	none	passed
ENCFF886NVI	ENCFF886NVI	ENCSR103UVU	ENCSR041VYT	BPNet	normalized predicted signal profile	bigWig	ChIP-seq	FOSL2	A549	cell-line	cell-line	cell-line	minus	none	passed
ENCFF888RMS	ENCFF888RMS	ENCSR535HFQ	ENCSR041NSU	BPNet	normalized predicted signal profile	bigWig	ChIP-seq	FOSL2	A549	cell-line	cell-line	cell-line	minus	none	passed
ENCFF919NUN	ENCFF919NUN	ENCSR900RUE	ENCSR012NRW	BPNet	normalized predicted signal profile	bigWig	ChIP-seq	FOSL2	A549	cell-line	cell-line	cell-line	minus	none	passed
ENCFF920BPI	ENCFF920BPI	ENCSR067XTW	ENCSR749BUO	BPNet	normalized predicted signal profile	bigWig	ChIP-seq	FOSL2	A549	cell-line	cell-line	cell-line	minus	none	passed
ENCFF213LRC	ENCFF213LRC	ENCSR775UFR	ENCSR712WIM	BPNet	normalized predicted signal profile	bigWig	ChIP-seq	FOSL2	A549	cell-line	cell-line	cell-line	plus	none	passed
ENCFF311QCS	ENCFF311QCS	ENCSR103UVU	ENCSR041VYT	BPNet	normalized predicted signal profile	bigWig	ChIP-seq	FOSL2	A549	cell-line	cell-line	cell-line	plus	none	passed
ENCFF397ZPC	ENCFF397ZPC	ENCSR000BQO	ENCSR237ZVN	BPNet	normalized predicted signal profile	bigWig	ChIP-seq	FOSL2	A549	cell-line	cell-line	cell-line	plus	none	passed
ENCFF404JVQ	ENCFF404JVQ	ENCSR535HFQ	ENCSR041NSU	BPNet	normalized predicted signal profile	bigWig	ChIP-seq	FOSL2	A549	cell-line	cell-line	cell-line	plus	none	passed
ENCFF406NOB	ENCFF406NOB	ENCSR242EWU	ENCSR133ETC	BPNet	normalized predicted signal profile	bigWig	ChIP-seq	FOSL2	A549	cell-line	cell-line	cell-line	plus	none	passed
ENCFF430PPX	ENCFF430PPX	ENCSR330IJE	ENCSR373VZG	BPNet	normalized predicted signal profile	bigWig	ChIP-seq	FOSL2	A549	cell-line	cell-line	cell-line	plus	none	passed
ENCFF504BYW	ENCFF504BYW	ENCSR686HIU	ENCSR765JSW	BPNet	normalized predicted signal profile	bigWig	ChIP-seq	FOSL2	A549	cell-line	cell-line	cell-line	plus	none	passed
ENCFF523SJW	ENCFF523SJW	ENCSR067XTW	ENCSR749BUO	BPNet	normalized predicted signal profile	bigWig	ChIP-seq	FOSL2	A549	cell-line	cell-line	cell-line	plus	none	passed
ENCFF524XYF	ENCFF524XYF	ENCSR563GCV	ENCSR345YQI	BPNet	normalized predicted signal profile	bigWig	ChIP-seq	FOSL2	A549	cell-line	cell-line	cell-line	plus	none	passed
ENCFF598UYM	ENCFF598UYM	ENCSR593DGU	ENCSR262NQG	BPNet	normalized predicted signal profile	bigWig	ChIP-seq	FOSL2	A549	cell-line	cell-line	cell-line	plus	none	passed
ENCFF706IXL	ENCFF706IXL	ENCSR448TVS	ENCSR554ZTS	BPNet	normalized predicted signal profile	bigWig	ChIP-seq	FOSL2	A549	cell-line	cell-line	cell-line	plus	none	passed
ENCFF810LPG	ENCFF810LPG	ENCSR900RUE	ENCSR012NRW	BPNet	normalized predicted signal profile	bigWig	ChIP-seq	FOSL2	A549	cell-line	cell-line	cell-line	plus	none	passed
ENCFF921ARX	ENCFF921ARX	ENCSR274WRI	ENCSR928CRM	BPNet	normalized predicted signal profile	bigWig	ChIP-seq	FOSL2	A549	cell-line	cell-line	cell-line	plus	none	passed
ENCFF934CSJ	ENCFF934CSJ	ENCSR111ZXV	ENCSR868DKN	BPNet	normalized predicted signal profile	bigWig	ChIP-seq	FOSL2	A549	cell-line	cell-line	cell-line	plus	none	passed
ENCFF389OUM	ENCFF389OUM	ENCSR249EYB	ENCSR346SIK	BPNet	normalized predicted signal profile	bigWig	ChIP-seq	FOSL2	HepG2	cell-line	cell-line	cell-line	minus	none	passed
ENCFF652EOD	ENCFF652EOD	ENCSR000BHP	ENCSR508NQY	BPNet	normalized predicted signal profile	bigWig	ChIP-seq	FOSL2	HepG2	cell-line	cell-line	cell-line	minus	none	passed
ENCFF156FGE	ENCFF156FGE	ENCSR249EYB	ENCSR346SIK	BPNet	normalized predicted signal profile	bigWig	ChIP-seq	FOSL2	HepG2	cell-line	cell-line	cell-line	plus	none	passed
ENCFF471LCG	ENCFF471LCG	ENCSR000BHP	ENCSR508NQY	BPNet	normalized predicted signal profile	bigWig	ChIP-seq	FOSL2	HepG2	cell-line	cell-line	cell-line	plus	none	passed
ENCFF294APK	ENCFF294APK	ENCSR000BUI	ENCSR692KCM	BPNet	normalized predicted signal profile	bigWig	ChIP-seq	FOSL2	MCF-7	cell-line	cell-line	cell-line	minus	none	passed
ENCFF304ERX	ENCFF304ERX	ENCSR546KCN	ENCSR660BJD	BPNet	normalized predicted signal profile	bigWig	ChIP-seq	FOSL2	MCF-7	cell-line	cell-line	cell-line	minus	none	passed
ENCFF213IMY	ENCFF213IMY	ENCSR546KCN	ENCSR660BJD	BPNet	normalized predicted signal profile	bigWig	ChIP-seq	FOSL2	MCF-7	cell-line	cell-line	cell-line	plus	none	passed
ENCFF919CRP	ENCFF919CRP	ENCSR000BUI	ENCSR692KCM	BPNet	normalized predicted signal profile	bigWig	ChIP-seq	FOSL2	MCF-7	cell-line	cell-line	cell-line	plus	none	passed
ENCFF532ZRE	ENCFF532ZRE	ENCSR000BVB	ENCSR219JFH	BPNet	normalized predicted signal profile	bigWig	ChIP-seq	FOSL2	SK-N-SH	cell-line	cell-line	cell-line	minus	none	passed
ENCFF360DAL	ENCFF360DAL	ENCSR000BVB	ENCSR219JFH	BPNet	normalized predicted signal profile	bigWig	ChIP-seq	FOSL2	SK-N-SH	cell-line	cell-line	cell-line	plus	none	passed
ENCFF952OST	ENCFF952OST	ENCSR000BRD	ENCSR373ZLZ	BPNet	normalized predicted signal profile	bigWig	ChIP-seq	FOXA1	A549	cell-line	cell-line	cell-line	minus	none	passed
ENCFF491ARV	ENCFF491ARV	ENCSR000BRD	ENCSR373ZLZ	BPNet	normalized predicted signal profile	bigWig	ChIP-seq	FOXA1	A549	cell-line	cell-line	cell-line	plus	none	passed
ENCFF392VUN	ENCFF392VUN	ENCSR094WHO	ENCSR174RYL	BPNet	normalized predicted signal profile	bigWig	ChIP-seq	FOXA1	HEK293T	cell-line	cell-line	cell-line	minus	none	passed
ENCFF340YKR	ENCFF340YKR	ENCSR094WHO	ENCSR174RYL	BPNet	normalized predicted signal profile	bigWig	ChIP-seq	FOXA1	HEK293T	cell-line	cell-line	cell-line	plus	none	passed
ENCFF023TCR	ENCFF023TCR	ENCSR267DFA	ENCSR262LEY	BPNet	normalized predicted signal profile	bigWig	ChIP-seq	FOXA1	HepG2	cell-line	cell-line	cell-line	minus	none	passed
ENCFF150VKR	ENCFF150VKR	ENCSR000BLE	ENCSR852HSZ	BPNet	normalized predicted signal profile	bigWig	ChIP-seq	FOXA1	HepG2	cell-line	cell-line	cell-line	minus	none	passed
ENCFF506PNW	ENCFF506PNW	ENCSR000BMO	ENCSR210RPB	BPNet	normalized predicted signal profile	bigWig	ChIP-seq	FOXA1	HepG2	cell-line	cell-line	cell-line	minus	none	passed
ENCFF772LWA	ENCFF772LWA	ENCSR865RXA	ENCSR337KST	BPNet	normalized predicted signal profile	bigWig	ChIP-seq	FOXA1	HepG2	cell-line	cell-line	cell-line	minus	none	passed
ENCFF033UGI	ENCFF033UGI	ENCSR865RXA	ENCSR337KST	BPNet	normalized predicted signal profile	bigWig	ChIP-seq	FOXA1	HepG2	cell-line	cell-line	cell-line	plus	none	passed
ENCFF092YLR	ENCFF092YLR	ENCSR000BMO	ENCSR210RPB	BPNet	normalized predicted signal profile	bigWig	ChIP-seq	FOXA1	HepG2	cell-line	cell-line	cell-line	plus	none	passed
ENCFF261GHE	ENCFF261GHE	ENCSR267DFA	ENCSR262LEY	BPNet	normalized predicted signal profile	bigWig	ChIP-seq	FOXA1	HepG2	cell-line	cell-line	cell-line	plus	none	passed
ENCFF698WZM	ENCFF698WZM	ENCSR000BLE	ENCSR852HSZ	BPNet	normalized predicted signal profile	bigWig	ChIP-seq	FOXA1	HepG2	cell-line	cell-line	cell-line	plus	none	passed
ENCFF722YXQ	ENCFF722YXQ	ENCSR819LHG	ENCSR976UGF	BPNet	normalized predicted signal profile	bigWig	ChIP-seq	FOXA1	K562	cell-line	cell-line	cell-line	minus	none	passed
ENCFF731GYO	ENCFF731GYO	ENCSR819LHG	ENCSR976UGF	BPNet	normalized predicted signal profile	bigWig	ChIP-seq	FOXA1	K562	cell-line	cell-line	cell-line	plus	none	passed
ENCFF279WZN	ENCFF279WZN	ENCSR126YEB	ENCSR452QKS	BPNet	normalized predicted signal profile	bigWig	ChIP-seq	FOXA1	MCF-7	cell-line	cell-line	cell-line	minus	none	passed
ENCFF420VIH	ENCFF420VIH	ENCSR126YEB	ENCSR452QKS	BPNet	normalized predicted signal profile	bigWig	ChIP-seq	FOXA1	MCF-7	cell-line	cell-line	cell-line	plus	none	passed
ENCFF042YNX	ENCFF042YNX	ENCSR000BKY	ENCSR353SEK	BPNet	normalized predicted signal profile	bigWig	ChIP-seq	FOXA1	T47D	cell-line	cell-line	cell-line	minus	none	passed
ENCFF310HTB	ENCFF310HTB	ENCSR000BKY	ENCSR353SEK	BPNet	normalized predicted signal profile	bigWig	ChIP-seq	FOXA1	T47D	cell-line	cell-line	cell-line	plus	none	passed
ENCFF090BGJ	ENCFF090BGJ	ENCSR324RCI	ENCSR578NTH	BPNet	normalized predicted signal profile	bigWig	ChIP-seq	FOXA1	liver	liver	liver	digestive-system	minus	none	passed
ENCFF756JXP	ENCFF756JXP	ENCSR735KEY	ENCSR604GWZ	BPNet	normalized predicted signal profile	bigWig	ChIP-seq	FOXA1	liver	liver	liver	digestive-system	minus	none	passed
ENCFF781SDZ	ENCFF781SDZ	ENCSR735KEY	ENCSR604GWZ	BPNet	normalized predicted signal profile	bigWig	ChIP-seq	FOXA1	liver	liver	liver	digestive-system	plus	none	passed
ENCFF842OOI	ENCFF842OOI	ENCSR324RCI	ENCSR578NTH	BPNet	normalized predicted signal profile	bigWig	ChIP-seq	FOXA1	liver	liver	liver	digestive-system	plus	none	passed
ENCFF201RBZ	ENCFF201RBZ	ENCSR000BRE	ENCSR252KEN	BPNet	normalized predicted signal profile	bigWig	ChIP-seq	FOXA2	A549	cell-line	cell-line	cell-line	minus	none	passed
ENCFF985QAV	ENCFF985QAV	ENCSR000BRE	ENCSR252KEN	BPNet	normalized predicted signal profile	bigWig	ChIP-seq	FOXA2	A549	cell-line	cell-line	cell-line	plus	none	passed
ENCFF424MTJ	ENCFF424MTJ	ENCSR066EBK	ENCSR441PYW	BPNet	normalized predicted signal profile	bigWig	ChIP-seq	FOXA2	HepG2	cell-line	cell-line	cell-line	minus	none	passed
ENCFF511EXJ	ENCFF511EXJ	ENCSR000BNI	ENCSR435KHB	BPNet	normalized predicted signal profile	bigWig	ChIP-seq	FOXA2	HepG2	cell-line	cell-line	cell-line	minus	none	passed
ENCFF685SIO	ENCFF685SIO	ENCSR490AMH	ENCSR215RUL	BPNet	normalized predicted signal profile	bigWig	ChIP-seq	FOXA2	HepG2	cell-line	cell-line	cell-line	minus	none	passed
ENCFF158AMO	ENCFF158AMO	ENCSR000BNI	ENCSR435KHB	BPNet	normalized predicted signal profile	bigWig	ChIP-seq	FOXA2	HepG2	cell-line	cell-line	cell-line	plus	none	passed
ENCFF325KLS	ENCFF325KLS	ENCSR490AMH	ENCSR215RUL	BPNet	normalized predicted signal profile	bigWig	ChIP-seq	FOXA2	HepG2	cell-line	cell-line	cell-line	plus	none	passed
ENCFF651GPK	ENCFF651GPK	ENCSR066EBK	ENCSR441PYW	BPNet	normalized predicted signal profile	bigWig	ChIP-seq	FOXA2	HepG2	cell-line	cell-line	cell-line	plus	none	passed
ENCFF039HFT	ENCFF039HFT	ENCSR310NYI	ENCSR670OIJ	BPNet	normalized predicted signal profile	bigWig	ChIP-seq	FOXA2	liver	liver	liver	digestive-system	minus	none	passed
ENCFF471YWJ	ENCFF471YWJ	ENCSR080XEY	ENCSR318CMD	BPNet	normalized predicted signal profile	bigWig	ChIP-seq	FOXA2	liver	liver	liver	digestive-system	minus	none	passed
ENCFF317VLA	ENCFF317VLA	ENCSR080XEY	ENCSR318CMD	BPNet	normalized predicted signal profile	bigWig	ChIP-seq	FOXA2	liver	liver	liver	digestive-system	plus	none	passed
ENCFF913EHL	ENCFF913EHL	ENCSR310NYI	ENCSR670OIJ	BPNet	normalized predicted signal profile	bigWig	ChIP-seq	FOXA2	liver	liver	liver	digestive-system	plus	none	passed
ENCFF422RPG	ENCFF422RPG	ENCSR092OVN	ENCSR743PLW	BPNet	normalized predicted signal profile	bigWig	ChIP-seq	FOXA3	HepG2	cell-line	cell-line	cell-line	minus	none	passed
ENCFF661UVM	ENCFF661UVM	ENCSR092OVN	ENCSR743PLW	BPNet	normalized predicted signal profile	bigWig	ChIP-seq	FOXA3	HepG2	cell-line	cell-line	cell-line	plus	none	passed
ENCFF170GES	ENCFF170GES	ENCSR231ZVN	ENCSR845IQV	BPNet	normalized predicted signal profile	bigWig	ChIP-seq	FOXA3	K562	cell-line	cell-line	cell-line	minus	none	passed
ENCFF252NBQ	ENCFF252NBQ	ENCSR788DXU	ENCSR579GZS	BPNet	normalized predicted signal profile	bigWig	ChIP-seq	FOXA3	K562	cell-line	cell-line	cell-line	minus	none	passed
ENCFF843WKN	ENCFF843WKN	ENCSR231ZVN	ENCSR845IQV	BPNet	normalized predicted signal profile	bigWig	ChIP-seq	FOXA3	K562	cell-line	cell-line	cell-line	plus	none	passed
ENCFF996PTQ	ENCFF996PTQ	ENCSR788DXU	ENCSR579GZS	BPNet	normalized predicted signal profile	bigWig	ChIP-seq	FOXA3	K562	cell-line	cell-line	cell-line	plus	none	passed
ENCFF825MTM	ENCFF825MTM	ENCSR170AMG	ENCSR710SMT	BPNet	normalized predicted signal profile	bigWig	ChIP-seq	FOXC1	HepG2	cell-line	cell-line	cell-line	minus	none	passed
ENCFF026XFG	ENCFF026XFG	ENCSR170AMG	ENCSR710SMT	BPNet	normalized predicted signal profile	bigWig	ChIP-seq	FOXC1	HepG2	cell-line	cell-line	cell-line	plus	none	passed
ENCFF821DHN	ENCFF821DHN	ENCSR445FHB	ENCSR592DBM	BPNet	normalized predicted signal profile	bigWig	ChIP-seq	FOXF2	A549	cell-line	cell-line	cell-line	minus	none	passed
ENCFF627SFV	ENCFF627SFV	ENCSR445FHB	ENCSR592DBM	BPNet	normalized predicted signal profile	bigWig	ChIP-seq	FOXF2	A549	cell-line	cell-line	cell-line	plus	none	passed
ENCFF942IKO	ENCFF942IKO	ENCSR847LBF	ENCSR813CXV	BPNet	normalized predicted signal profile	bigWig	ChIP-seq	FOXJ2	K562	cell-line	cell-line	cell-line	minus	none	passed
ENCFF759ATB	ENCFF759ATB	ENCSR847LBF	ENCSR813CXV	BPNet	normalized predicted signal profile	bigWig	ChIP-seq	FOXJ2	K562	cell-line	cell-line	cell-line	plus	none	passed
ENCFF957DXP	ENCFF957DXP	ENCSR413AJG	ENCSR117OOQ	BPNet	normalized predicted signal profile	bigWig	ChIP-seq	FOXJ3	HepG2	cell-line	cell-line	cell-line	minus	none	passed
ENCFF801FPM	ENCFF801FPM	ENCSR413AJG	ENCSR117OOQ	BPNet	normalized predicted signal profile	bigWig	ChIP-seq	FOXJ3	HepG2	cell-line	cell-line	cell-line	plus	none	passed
ENCFF627JKC	ENCFF627JKC	ENCSR603BJQ	ENCSR630JWB	BPNet	normalized predicted signal profile	bigWig	ChIP-seq	FOXK1	HepG2	cell-line	cell-line	cell-line	minus	none	passed
ENCFF012POF	ENCFF012POF	ENCSR603BJQ	ENCSR630JWB	BPNet	normalized predicted signal profile	bigWig	ChIP-seq	FOXK1	HepG2	cell-line	cell-line	cell-line	plus	none	passed
ENCFF862JZX	ENCFF862JZX	ENCSR352RXE	ENCSR008HTX	BPNet	normalized predicted signal profile	bigWig	ChIP-seq	FOXK1	WTC11	cell-line	cell-line	cell-line	minus	none	passed
ENCFF837KWW	ENCFF837KWW	ENCSR352RXE	ENCSR008HTX	BPNet	normalized predicted signal profile	bigWig	ChIP-seq	FOXK1	WTC11	cell-line	cell-line	cell-line	plus	none	passed
ENCFF218VJX	ENCFF218VJX	ENCSR861JUQ	ENCSR974FAN	BPNet	normalized predicted signal profile	bigWig	ChIP-seq	FOXK2	GM12878	cell-line	cell-line	cell-line	minus	none	passed
ENCFF812KSS	ENCFF812KSS	ENCSR861JUQ	ENCSR974FAN	BPNet	normalized predicted signal profile	bigWig	ChIP-seq	FOXK2	GM12878	cell-line	cell-line	cell-line	plus	none	passed
ENCFF015UEW	ENCFF015UEW	ENCSR872BOU	ENCSR796VDC	BPNet	normalized predicted signal profile	bigWig	ChIP-seq	FOXK2	HEK293T	cell-line	cell-line	cell-line	minus	none	passed
ENCFF492WRX	ENCFF492WRX	ENCSR872BOU	ENCSR796VDC	BPNet	normalized predicted signal profile	bigWig	ChIP-seq	FOXK2	HEK293T	cell-line	cell-line	cell-line	plus	none	passed
ENCFF940DRK	ENCFF940DRK	ENCSR171FUX	ENCSR445YTW	BPNet	normalized predicted signal profile	bigWig	ChIP-seq	FOXK2	HepG2	cell-line	cell-line	cell-line	minus	none	passed
ENCFF387JCB	ENCFF387JCB	ENCSR171FUX	ENCSR445YTW	BPNet	normalized predicted signal profile	bigWig	ChIP-seq	FOXK2	HepG2	cell-line	cell-line	cell-line	plus	none	passed
ENCFF024ZTA	ENCFF024ZTA	ENCSR302AWT	ENCSR505DVX	BPNet	normalized predicted signal profile	bigWig	ChIP-seq	FOXK2	K562	cell-line	cell-line	cell-line	minus	none	passed
ENCFF696BSY	ENCFF696BSY	ENCSR508DQA	ENCSR414RCN	BPNet	normalized predicted signal profile	bigWig	ChIP-seq	FOXK2	K562	cell-line	cell-line	cell-line	minus	none	passed
ENCFF587DYL	ENCFF587DYL	ENCSR302AWT	ENCSR505DVX	BPNet	normalized predicted signal profile	bigWig	ChIP-seq	FOXK2	K562	cell-line	cell-line	cell-line	plus	none	passed
ENCFF990GNR	ENCFF990GNR	ENCSR508DQA	ENCSR414RCN	BPNet	normalized predicted signal profile	bigWig	ChIP-seq	FOXK2	K562	cell-line	cell-line	cell-line	plus	none	passed
ENCFF530XNM	ENCFF530XNM	ENCSR321OAA	ENCSR997YCM	BPNet	normalized predicted signal profile	bigWig	ChIP-seq	FOXO1	HepG2	cell-line	cell-line	cell-line	minus	none	passed
ENCFF144PWU	ENCFF144PWU	ENCSR321OAA	ENCSR997YCM	BPNet	normalized predicted signal profile	bigWig	ChIP-seq	FOXO1	HepG2	cell-line	cell-line	cell-line	plus	none	passed
ENCFF927VZW	ENCFF927VZW	ENCSR232LLP	ENCSR113IMV	BPNet	normalized predicted signal profile	bigWig	ChIP-seq	FOXP4	HepG2	cell-line	cell-line	cell-line	minus	none	passed
ENCFF060PTL	ENCFF060PTL	ENCSR232LLP	ENCSR113IMV	BPNet	normalized predicted signal profile	bigWig	ChIP-seq	FOXP4	HepG2	cell-line	cell-line	cell-line	plus	none	passed
ENCFF696TXE	ENCFF696TXE	ENCSR507RVF	ENCSR978WVS	BPNet	normalized predicted signal profile	bigWig	ChIP-seq	FOXP4	WTC11	cell-line	cell-line	cell-line	minus	none	passed
ENCFF199HCO	ENCFF199HCO	ENCSR507RVF	ENCSR978WVS	BPNet	normalized predicted signal profile	bigWig	ChIP-seq	FOXP4	WTC11	cell-line	cell-line	cell-line	plus	none	passed
ENCFF062QFN	ENCFF062QFN	ENCSR326AQV	ENCSR392ZHM	BPNet	normalized predicted signal profile	bigWig	ChIP-seq	FOXS1	A549	cell-line	cell-line	cell-line	minus	none	passed
ENCFF194ADO	ENCFF194ADO	ENCSR326AQV	ENCSR392ZHM	BPNet	normalized predicted signal profile	bigWig	ChIP-seq	FOXS1	A549	cell-line	cell-line	cell-line	plus	none	passed
ENCFF422IKQ	ENCFF422IKQ	ENCSR000BPY	ENCSR698TVC	BPNet	normalized predicted signal profile	bigWig	ChIP-seq	GABPA	A549	cell-line	cell-line	cell-line	minus	none	passed
ENCFF324WWW	ENCFF324WWW	ENCSR000BPY	ENCSR698TVC	BPNet	normalized predicted signal profile	bigWig	ChIP-seq	GABPA	A549	cell-line	cell-line	cell-line	plus	none	passed
ENCFF589PNV	ENCFF589PNV	ENCSR331HPA	ENCSR090VBP	BPNet	normalized predicted signal profile	bigWig	ChIP-seq	GABPA	GM12878	cell-line	cell-line	cell-line	minus	none	passed
ENCFF166IIJ	ENCFF166IIJ	ENCSR331HPA	ENCSR090VBP	BPNet	normalized predicted signal profile	bigWig	ChIP-seq	GABPA	GM12878	cell-line	cell-line	cell-line	plus	none	passed
ENCFF679EAO	ENCFF679EAO	ENCSR000BIW	ENCSR257FAI	BPNet	normalized predicted signal profile	bigWig	ChIP-seq	GABPA	H1	cell-line	cell-line	cell-line	minus	none	passed
ENCFF067LRW	ENCFF067LRW	ENCSR000BIW	ENCSR257FAI	BPNet	normalized predicted signal profile	bigWig	ChIP-seq	GABPA	H1	cell-line	cell-line	cell-line	plus	none	passed
ENCFF384IWJ	ENCFF384IWJ	ENCSR000BTK	ENCSR388LEE	BPNet	normalized predicted signal profile	bigWig	ChIP-seq	GABPA	HL-60	cell-line	cell-line	cell-line	minus	none	passed
ENCFF394XVZ	ENCFF394XVZ	ENCSR000BTK	ENCSR388LEE	BPNet	normalized predicted signal profile	bigWig	ChIP-seq	GABPA	HL-60	cell-line	cell-line	cell-line	plus	none	passed
ENCFF777DFR	ENCFF777DFR	ENCSR000BHS	ENCSR891IWC	BPNet	normalized predicted signal profile	bigWig	ChIP-seq	GABPA	HeLa-S3	cell-line	cell-line	cell-line	minus	none	passed
ENCFF530FBG	ENCFF530FBG	ENCSR000BHS	ENCSR891IWC	BPNet	normalized predicted signal profile	bigWig	ChIP-seq	GABPA	HeLa-S3	cell-line	cell-line	cell-line	plus	none	passed
ENCFF593EMW	ENCFF593EMW	ENCSR000BJK	ENCSR273NDD	BPNet	normalized predicted signal profile	bigWig	ChIP-seq	GABPA	HepG2	cell-line	cell-line	cell-line	minus	none	passed
ENCFF724XEF	ENCFF724XEF	ENCSR269TNX	ENCSR205TJY	BPNet	normalized predicted signal profile	bigWig	ChIP-seq	GABPA	HepG2	cell-line	cell-line	cell-line	minus	none	passed
ENCFF315JTI	ENCFF315JTI	ENCSR000BJK	ENCSR273NDD	BPNet	normalized predicted signal profile	bigWig	ChIP-seq	GABPA	HepG2	cell-line	cell-line	cell-line	plus	none	passed
ENCFF818JOQ	ENCFF818JOQ	ENCSR269TNX	ENCSR205TJY	BPNet	normalized predicted signal profile	bigWig	ChIP-seq	GABPA	HepG2	cell-line	cell-line	cell-line	plus	none	passed
ENCFF260CUU	ENCFF260CUU	ENCSR000BLO	ENCSR845VGY	BPNet	normalized predicted signal profile	bigWig	ChIP-seq	GABPA	K562	cell-line	cell-line	cell-line	minus	none	passed
ENCFF834EDV	ENCFF834EDV	ENCSR290MUH	ENCSR804SSS	BPNet	normalized predicted signal profile	bigWig	ChIP-seq	GABPA	K562	cell-line	cell-line	cell-line	minus	none	passed
ENCFF407DRW	ENCFF407DRW	ENCSR000BLO	ENCSR845VGY	BPNet	normalized predicted signal profile	bigWig	ChIP-seq	GABPA	K562	cell-line	cell-line	cell-line	plus	none	passed
ENCFF699HNC	ENCFF699HNC	ENCSR290MUH	ENCSR804SSS	BPNet	normalized predicted signal profile	bigWig	ChIP-seq	GABPA	K562	cell-line	cell-line	cell-line	plus	none	passed
ENCFF231TAG	ENCFF231TAG	ENCSR038RXU	ENCSR055NZW	BPNet	normalized predicted signal profile	bigWig	ChIP-seq	GABPA	MCF-7	cell-line	cell-line	cell-line	minus	none	passed
ENCFF402JRW	ENCFF402JRW	ENCSR000BUK	ENCSR958ARQ	BPNet	normalized predicted signal profile	bigWig	ChIP-seq	GABPA	MCF-7	cell-line	cell-line	cell-line	minus	none	passed
ENCFF285TXF	ENCFF285TXF	ENCSR000BUK	ENCSR958ARQ	BPNet	normalized predicted signal profile	bigWig	ChIP-seq	GABPA	MCF-7	cell-line	cell-line	cell-line	plus	none	passed
ENCFF373IEW	ENCFF373IEW	ENCSR038RXU	ENCSR055NZW	BPNet	normalized predicted signal profile	bigWig	ChIP-seq	GABPA	MCF-7	cell-line	cell-line	cell-line	plus	none	passed
ENCFF644ORI	ENCFF644ORI	ENCSR000BTG	ENCSR811MOX	BPNet	normalized predicted signal profile	bigWig	ChIP-seq	GABPA	SK-N-SH	cell-line	cell-line	cell-line	minus	none	passed
ENCFF216UWL	ENCFF216UWL	ENCSR000BTG	ENCSR811MOX	BPNet	normalized predicted signal profile	bigWig	ChIP-seq	GABPA	SK-N-SH	cell-line	cell-line	cell-line	plus	none	passed
ENCFF412DQO	ENCFF412DQO	ENCSR350ORK	ENCSR226TGJ	BPNet	normalized predicted signal profile	bigWig	ChIP-seq	GABPA	liver	liver	liver	digestive-system	minus	none	passed
ENCFF687SSP	ENCFF687SSP	ENCSR038GMB	ENCSR358PPS	BPNet	normalized predicted signal profile	bigWig	ChIP-seq	GABPA	liver	liver	liver	digestive-system	minus	none	passed
ENCFF012WDZ	ENCFF012WDZ	ENCSR038GMB	ENCSR358PPS	BPNet	normalized predicted signal profile	bigWig	ChIP-seq	GABPA	liver	liver	liver	digestive-system	plus	none	passed
ENCFF871KDC	ENCFF871KDC	ENCSR350ORK	ENCSR226TGJ	BPNet	normalized predicted signal profile	bigWig	ChIP-seq	GABPA	liver	liver	liver	digestive-system	plus	none	passed
ENCFF607XFM	ENCFF607XFM	ENCSR000EWM	ENCSR240HOK	BPNet	normalized predicted signal profile	bigWig	ChIP-seq	GATA1	K562	cell-line	cell-line	cell-line	minus	none	passed
ENCFF873CID	ENCFF873CID	ENCSR000EFT	ENCSR411PLH	BPNet	normalized predicted signal profile	bigWig	ChIP-seq	GATA1	K562	cell-line	cell-line	cell-line	minus	none	passed
ENCFF627VPZ	ENCFF627VPZ	ENCSR000EWM	ENCSR240HOK	BPNet	normalized predicted signal profile	bigWig	ChIP-seq	GATA1	K562	cell-line	cell-line	cell-line	plus	none	passed
ENCFF941YHL	ENCFF941YHL	ENCSR000EFT	ENCSR411PLH	BPNet	normalized predicted signal profile	bigWig	ChIP-seq	GATA1	K562	cell-line	cell-line	cell-line	plus	none	passed
ENCFF434EQK	ENCFF434EQK	ENCSR000EXP	ENCSR809QGC	BPNet	normalized predicted signal profile	bigWig	ChIP-seq	GATA1	erythroblast	cell-line	cell-line	cell-line	minus	none	passed
ENCFF127CMX	ENCFF127CMX	ENCSR000EXP	ENCSR809QGC	BPNet	normalized predicted signal profile	bigWig	ChIP-seq	GATA1	erythroblast	cell-line	cell-line	cell-line	plus	none	passed
ENCFF925NDZ	ENCFF925NDZ	ENCSR897LDT	ENCSR811SYR	BPNet	normalized predicted signal profile	bigWig	ChIP-seq	GATA2	HepG2	cell-line	cell-line	cell-line	minus	none	passed
ENCFF057LTI	ENCFF057LTI	ENCSR897LDT	ENCSR811SYR	BPNet	normalized predicted signal profile	bigWig	ChIP-seq	GATA2	HepG2	cell-line	cell-line	cell-line	plus	none	passed
ENCFF036SHR	ENCFF036SHR	ENCSR257RKC	ENCSR225UHZ	BPNet	normalized predicted signal profile	bigWig	ChIP-seq	GATA2	K562	cell-line	cell-line	cell-line	minus	none	passed
ENCFF255WCU	ENCFF255WCU	ENCSR000EWG	ENCSR149QYI	BPNet	normalized predicted signal profile	bigWig	ChIP-seq	GATA2	K562	cell-line	cell-line	cell-line	minus	none	passed
ENCFF778YTB	ENCFF778YTB	ENCSR000BKM	ENCSR915HTG	BPNet	normalized predicted signal profile	bigWig	ChIP-seq	GATA2	K562	cell-line	cell-line	cell-line	minus	none	passed
ENCFF954GES	ENCFF954GES	ENCSR000DKA	ENCSR433LIB	BPNet	normalized predicted signal profile	bigWig	ChIP-seq	GATA2	K562	cell-line	cell-line	cell-line	minus	none	passed
ENCFF283AYG	ENCFF283AYG	ENCSR000EWG	ENCSR149QYI	BPNet	normalized predicted signal profile	bigWig	ChIP-seq	GATA2	K562	cell-line	cell-line	cell-line	plus	none	passed
ENCFF745YDY	ENCFF745YDY	ENCSR000BKM	ENCSR915HTG	BPNet	normalized predicted signal profile	bigWig	ChIP-seq	GATA2	K562	cell-line	cell-line	cell-line	plus	none	passed
ENCFF791JEH	ENCFF791JEH	ENCSR000DKA	ENCSR433LIB	BPNet	normalized predicted signal profile	bigWig	ChIP-seq	GATA2	K562	cell-line	cell-line	cell-line	plus	none	passed
ENCFF853GHR	ENCFF853GHR	ENCSR257RKC	ENCSR225UHZ	BPNet	normalized predicted signal profile	bigWig	ChIP-seq	GATA2	K562	cell-line	cell-line	cell-line	plus	none	passed
ENCFF196WXV	ENCFF196WXV	ENCSR000EYB	ENCSR675GYS	BPNet	normalized predicted signal profile	bigWig	ChIP-seq	GATA2	SH-SY5Y	cell-line	cell-line	cell-line	minus	none	passed
ENCFF644OVW	ENCFF644OVW	ENCSR000EYB	ENCSR675GYS	BPNet	normalized predicted signal profile	bigWig	ChIP-seq	GATA2	SH-SY5Y	cell-line	cell-line	cell-line	plus	none	passed
ENCFF164MPW	ENCFF164MPW	ENCSR706VOO	ENCSR310GUZ	BPNet	normalized predicted signal profile	bigWig	ChIP-seq	GATA2	SK-N-SH	cell-line	cell-line	cell-line	minus	none	passed
ENCFF068LJH	ENCFF068LJH	ENCSR706VOO	ENCSR310GUZ	BPNet	normalized predicted signal profile	bigWig	ChIP-seq	GATA2	SK-N-SH	cell-line	cell-line	cell-line	plus	none	passed
ENCFF285JUU	ENCFF285JUU	ENCSR000BTI	ENCSR720ABP	BPNet	normalized predicted signal profile	bigWig	ChIP-seq	GATA3	A549	cell-line	cell-line	cell-line	minus	none	passed
ENCFF003GKV	ENCFF003GKV	ENCSR000BTI	ENCSR720ABP	BPNet	normalized predicted signal profile	bigWig	ChIP-seq	GATA3	A549	cell-line	cell-line	cell-line	plus	none	passed
ENCFF522WYW	ENCFF522WYW	ENCSR000BST	ENCSR091JYC	BPNet	normalized predicted signal profile	bigWig	ChIP-seq	GATA3	MCF-7	cell-line	cell-line	cell-line	minus	none	passed
ENCFF602XXP	ENCFF602XXP	ENCSR423RTK	ENCSR747MPB	BPNet	normalized predicted signal profile	bigWig	ChIP-seq	GATA3	MCF-7	cell-line	cell-line	cell-line	minus	none	passed
ENCFF110OHG	ENCFF110OHG	ENCSR423RTK	ENCSR747MPB	BPNet	normalized predicted signal profile	bigWig	ChIP-seq	GATA3	MCF-7	cell-line	cell-line	cell-line	plus	none	passed
ENCFF178EIW	ENCFF178EIW	ENCSR000BST	ENCSR091JYC	BPNet	normalized predicted signal profile	bigWig	ChIP-seq	GATA3	MCF-7	cell-line	cell-line	cell-line	plus	none	passed
ENCFF994NGK	ENCFF994NGK	ENCSR000BTH	ENCSR855YZS	BPNet	normalized predicted signal profile	bigWig	ChIP-seq	GATA3	SK-N-SH	cell-line	cell-line	cell-line	minus	none	passed
ENCFF524JJR	ENCFF524JJR	ENCSR000BTH	ENCSR855YZS	BPNet	normalized predicted signal profile	bigWig	ChIP-seq	GATA3	SK-N-SH	cell-line	cell-line	cell-line	plus	none	passed
ENCFF281AMO	ENCFF281AMO	ENCSR000BMX	ENCSR786MYZ	BPNet	normalized predicted signal profile	bigWig	ChIP-seq	GATA3	T47D	cell-line	cell-line	cell-line	minus	none	passed
ENCFF607INI	ENCFF607INI	ENCSR000BMX	ENCSR786MYZ	BPNet	normalized predicted signal profile	bigWig	ChIP-seq	GATA3	T47D	cell-line	cell-line	cell-line	plus	none	passed
ENCFF220ZGG	ENCFF220ZGG	ENCSR590CNM	ENCSR619UDQ	BPNet	normalized predicted signal profile	bigWig	ChIP-seq	GATA4	HepG2	cell-line	cell-line	cell-line	minus	none	passed
ENCFF588QQH	ENCFF588QQH	ENCSR590CNM	ENCSR619UDQ	BPNet	normalized predicted signal profile	bigWig	ChIP-seq	GATA4	HepG2	cell-line	cell-line	cell-line	plus	none	passed
ENCFF302HLO	ENCFF302HLO	ENCSR849FVL	ENCSR870DPI	BPNet	normalized predicted signal profile	bigWig	ChIP-seq	GFI1	HepG2	cell-line	cell-line	cell-line	minus	none	passed
ENCFF063VGW	ENCFF063VGW	ENCSR849FVL	ENCSR870DPI	BPNet	normalized predicted signal profile	bigWig	ChIP-seq	GFI1	HepG2	cell-line	cell-line	cell-line	plus	none	passed
ENCFF286NJA	ENCFF286NJA	ENCSR445PDR	ENCSR026EBR	BPNet	normalized predicted signal profile	bigWig	ChIP-seq	GFI1B	HEK293	cell-line	cell-line	cell-line	minus	none	passed
ENCFF174AFP	ENCFF174AFP	ENCSR445PDR	ENCSR026EBR	BPNet	normalized predicted signal profile	bigWig	ChIP-seq	GFI1B	HEK293	cell-line	cell-line	cell-line	plus	none	passed
ENCFF821WAG	ENCFF821WAG	ENCSR211PZO	ENCSR285UTX	BPNet	normalized predicted signal profile	bigWig	ChIP-seq	GLI4	HEK293	cell-line	cell-line	cell-line	minus	none	passed
ENCFF802ZYF	ENCFF802ZYF	ENCSR211PZO	ENCSR285UTX	BPNet	normalized predicted signal profile	bigWig	ChIP-seq	GLI4	HEK293	cell-line	cell-line	cell-line	plus	none	passed
ENCFF173YKT	ENCFF173YKT	ENCSR482BBZ	ENCSR184DFX	BPNet	normalized predicted signal profile	bigWig	ChIP-seq	GLIS1	HEK293	cell-line	cell-line	cell-line	minus	none	passed
ENCFF806FGL	ENCFF806FGL	ENCSR482BBZ	ENCSR184DFX	BPNet	normalized predicted signal profile	bigWig	ChIP-seq	GLIS1	HEK293	cell-line	cell-line	cell-line	plus	none	passed
ENCFF577YAR	ENCFF577YAR	ENCSR535DIA	ENCSR934MIG	BPNet	normalized predicted signal profile	bigWig	ChIP-seq	GLIS2	HEK293	cell-line	cell-line	cell-line	minus	none	passed
ENCFF264YAD	ENCFF264YAD	ENCSR535DIA	ENCSR934MIG	BPNet	normalized predicted signal profile	bigWig	ChIP-seq	GLIS2	HEK293	cell-line	cell-line	cell-line	plus	none	passed
ENCFF214NLV	ENCFF214NLV	ENCSR780OXL	ENCSR520BKB	BPNet	normalized predicted signal profile	bigWig	ChIP-seq	GMEB1	HepG2	cell-line	cell-line	cell-line	minus	none	passed
ENCFF955JYE	ENCFF955JYE	ENCSR780OXL	ENCSR520BKB	BPNet	normalized predicted signal profile	bigWig	ChIP-seq	GMEB1	HepG2	cell-line	cell-line	cell-line	plus	none	passed
ENCFF204DYV	ENCFF204DYV	ENCSR376RCX	ENCSR016LNK	BPNet	normalized predicted signal profile	bigWig	ChIP-seq	GMEB1	K562	cell-line	cell-line	cell-line	minus	none	passed
ENCFF333SLV	ENCFF333SLV	ENCSR928KOR	ENCSR948NTC	BPNet	normalized predicted signal profile	bigWig	ChIP-seq	GMEB1	K562	cell-line	cell-line	cell-line	minus	none	passed
ENCFF258BYR	ENCFF258BYR	ENCSR376RCX	ENCSR016LNK	BPNet	normalized predicted signal profile	bigWig	ChIP-seq	GMEB1	K562	cell-line	cell-line	cell-line	plus	none	passed
ENCFF765ZWW	ENCFF765ZWW	ENCSR928KOR	ENCSR948NTC	BPNet	normalized predicted signal profile	bigWig	ChIP-seq	GMEB1	K562	cell-line	cell-line	cell-line	plus	none	passed
ENCFF996BWT	ENCFF996BWT	ENCSR745VSQ	ENCSR800IAB	BPNet	normalized predicted signal profile	bigWig	ChIP-seq	GMEB2	HepG2	cell-line	cell-line	cell-line	minus	none	passed
ENCFF888NRX	ENCFF888NRX	ENCSR745VSQ	ENCSR800IAB	BPNet	normalized predicted signal profile	bigWig	ChIP-seq	GMEB2	HepG2	cell-line	cell-line	cell-line	plus	none	passed
ENCFF889YFZ	ENCFF889YFZ	ENCSR091JXL	ENCSR122YYA	BPNet	normalized predicted signal profile	bigWig	ChIP-seq	HES1	K562	cell-line	cell-line	cell-line	minus	none	passed
ENCFF735FMD	ENCFF735FMD	ENCSR091JXL	ENCSR122YYA	BPNet	normalized predicted signal profile	bigWig	ChIP-seq	HES1	K562	cell-line	cell-line	cell-line	plus	none	passed
ENCFF963DZD	ENCFF963DZD	ENCSR109ODF	ENCSR221HJH	BPNet	normalized predicted signal profile	bigWig	ChIP-seq	HES1	MCF-7	cell-line	cell-line	cell-line	minus	none	passed
ENCFF809HYY	ENCFF809HYY	ENCSR109ODF	ENCSR221HJH	BPNet	normalized predicted signal profile	bigWig	ChIP-seq	HES1	MCF-7	cell-line	cell-line	cell-line	plus	none	passed
ENCFF926KPJ	ENCFF926KPJ	ENCSR803GYT	ENCSR970AAN	BPNet	normalized predicted signal profile	bigWig	ChIP-seq	HIC1	HEK293	cell-line	cell-line	cell-line	minus	none	passed
ENCFF970DZB	ENCFF970DZB	ENCSR803GYT	ENCSR970AAN	BPNet	normalized predicted signal profile	bigWig	ChIP-seq	HIC1	HEK293	cell-line	cell-line	cell-line	plus	none	passed
ENCFF098NUV	ENCFF098NUV	ENCSR015LYB	ENCSR300LYZ	BPNet	normalized predicted signal profile	bigWig	ChIP-seq	HIC2	HepG2	cell-line	cell-line	cell-line	minus	none	passed
ENCFF622TWX	ENCFF622TWX	ENCSR015LYB	ENCSR300LYZ	BPNet	normalized predicted signal profile	bigWig	ChIP-seq	HIC2	HepG2	cell-line	cell-line	cell-line	plus	none	passed
ENCFF571XLF	ENCFF571XLF	ENCSR621PAN	ENCSR326BKK	BPNet	normalized predicted signal profile	bigWig	ChIP-seq	HINFP	HepG2	cell-line	cell-line	cell-line	minus	none	passed
ENCFF056DDL	ENCFF056DDL	ENCSR621PAN	ENCSR326BKK	BPNet	normalized predicted signal profile	bigWig	ChIP-seq	HINFP	HepG2	cell-line	cell-line	cell-line	plus	none	passed
ENCFF125LMR	ENCFF125LMR	ENCSR619GFP	ENCSR727YCU	BPNet	normalized predicted signal profile	bigWig	ChIP-seq	HINFP	K562	cell-line	cell-line	cell-line	minus	none	passed
ENCFF811BQR	ENCFF811BQR	ENCSR619GFP	ENCSR727YCU	BPNet	normalized predicted signal profile	bigWig	ChIP-seq	HINFP	K562	cell-line	cell-line	cell-line	plus	none	passed
ENCFF509WND	ENCFF509WND	ENCSR528PSI	ENCSR436HTS	BPNet	normalized predicted signal profile	bigWig	ChIP-seq	HLF	HepG2	cell-line	cell-line	cell-line	minus	none	passed
ENCFF637XUV	ENCFF637XUV	ENCSR528PSI	ENCSR436HTS	BPNet	normalized predicted signal profile	bigWig	ChIP-seq	HLF	HepG2	cell-line	cell-line	cell-line	plus	none	passed
ENCFF834RZO	ENCFF834RZO	ENCSR757IIU	ENCSR846NWW	BPNet	normalized predicted signal profile	bigWig	ChIP-seq	HMBOX1	K562	cell-line	cell-line	cell-line	minus	none	passed
ENCFF580ZWJ	ENCFF580ZWJ	ENCSR757IIU	ENCSR846NWW	BPNet	normalized predicted signal profile	bigWig	ChIP-seq	HMBOX1	K562	cell-line	cell-line	cell-line	plus	none	passed
ENCFF765VKE	ENCFF765VKE	ENCSR626HJW	ENCSR792APP	BPNet	normalized predicted signal profile	bigWig	ChIP-seq	HMG20A	K562	cell-line	cell-line	cell-line	minus	none	passed
ENCFF036DHO	ENCFF036DHO	ENCSR626HJW	ENCSR792APP	BPNet	normalized predicted signal profile	bigWig	ChIP-seq	HMG20A	K562	cell-line	cell-line	cell-line	plus	none	passed
ENCFF056YBT	ENCFF056YBT	ENCSR633HRJ	ENCSR983GOH	BPNet	normalized predicted signal profile	bigWig	ChIP-seq	HNF1A	HepG2	cell-line	cell-line	cell-line	minus	none	passed
ENCFF988ZFD	ENCFF988ZFD	ENCSR800QIT	ENCSR432QOH	BPNet	normalized predicted signal profile	bigWig	ChIP-seq	HNF1A	HepG2	cell-line	cell-line	cell-line	minus	none	passed
ENCFF111WEN	ENCFF111WEN	ENCSR633HRJ	ENCSR983GOH	BPNet	normalized predicted signal profile	bigWig	ChIP-seq	HNF1A	HepG2	cell-line	cell-line	cell-line	plus	none	passed
ENCFF760TKM	ENCFF760TKM	ENCSR800QIT	ENCSR432QOH	BPNet	normalized predicted signal profile	bigWig	ChIP-seq	HNF1A	HepG2	cell-line	cell-line	cell-line	plus	none	passed
ENCFF021HJY	ENCFF021HJY	ENCSR127XTZ	ENCSR416MSB	BPNet	normalized predicted signal profile	bigWig	ChIP-seq	HNF1B	HepG2	cell-line	cell-line	cell-line	minus	none	passed
ENCFF501QWV	ENCFF501QWV	ENCSR127XTZ	ENCSR416MSB	BPNet	normalized predicted signal profile	bigWig	ChIP-seq	HNF1B	HepG2	cell-line	cell-line	cell-line	plus	none	passed
ENCFF628XSZ	ENCFF628XSZ	ENCSR000BLF	ENCSR412QFT	BPNet	normalized predicted signal profile	bigWig	ChIP-seq	HNF4A	HepG2	cell-line	cell-line	cell-line	minus	none	passed
ENCFF749QBR	ENCFF749QBR	ENCSR469FBY	ENCSR714LTU	BPNet	normalized predicted signal profile	bigWig	ChIP-seq	HNF4A	HepG2	cell-line	cell-line	cell-line	minus	none	passed
ENCFF803LOX	ENCFF803LOX	ENCSR000EEU	ENCSR468WGQ	BPNet	normalized predicted signal profile	bigWig	ChIP-seq	HNF4A	HepG2	cell-line	cell-line	cell-line	minus	none	passed
ENCFF385UGE	ENCFF385UGE	ENCSR000BLF	ENCSR412QFT	BPNet	normalized predicted signal profile	bigWig	ChIP-seq	HNF4A	HepG2	cell-line	cell-line	cell-line	plus	none	passed
ENCFF630YED	ENCFF630YED	ENCSR000EEU	ENCSR468WGQ	BPNet	normalized predicted signal profile	bigWig	ChIP-seq	HNF4A	HepG2	cell-line	cell-line	cell-line	plus	none	passed
ENCFF837ZQS	ENCFF837ZQS	ENCSR469FBY	ENCSR714LTU	BPNet	normalized predicted signal profile	bigWig	ChIP-seq	HNF4A	HepG2	cell-line	cell-line	cell-line	plus	none	passed
ENCFF176IUL	ENCFF176IUL	ENCSR445QRF	ENCSR430OFY	BPNet	normalized predicted signal profile	bigWig	ChIP-seq	HNF4A	liver	liver	liver	digestive-system	minus	none	passed
ENCFF982KGK	ENCFF982KGK	ENCSR601OGE	ENCSR553GPB	BPNet	normalized predicted signal profile	bigWig	ChIP-seq	HNF4A	liver	liver	liver	digestive-system	minus	none	passed
ENCFF212IWP	ENCFF212IWP	ENCSR445QRF	ENCSR430OFY	BPNet	normalized predicted signal profile	bigWig	ChIP-seq	HNF4A	liver	liver	liver	digestive-system	plus	none	passed
ENCFF222LGS	ENCFF222LGS	ENCSR601OGE	ENCSR553GPB	BPNet	normalized predicted signal profile	bigWig	ChIP-seq	HNF4A	liver	liver	liver	digestive-system	plus	none	passed
ENCFF320ASV	ENCFF320ASV	ENCSR793EHQ	ENCSR912RVZ	BPNet	normalized predicted signal profile	bigWig	ChIP-seq	HNF4G	HepG2	cell-line	cell-line	cell-line	minus	none	passed
ENCFF884TZI	ENCFF884TZI	ENCSR000BNJ	ENCSR137AQD	BPNet	normalized predicted signal profile	bigWig	ChIP-seq	HNF4G	HepG2	cell-line	cell-line	cell-line	minus	none	passed
ENCFF016NBN	ENCFF016NBN	ENCSR793EHQ	ENCSR912RVZ	BPNet	normalized predicted signal profile	bigWig	ChIP-seq	HNF4G	HepG2	cell-line	cell-line	cell-line	plus	none	passed
ENCFF156IPE	ENCFF156IPE	ENCSR000BNJ	ENCSR137AQD	BPNet	normalized predicted signal profile	bigWig	ChIP-seq	HNF4G	HepG2	cell-line	cell-line	cell-line	plus	none	passed
ENCFF696ZEV	ENCFF696ZEV	ENCSR297GII	ENCSR434NAO	BPNet	normalized predicted signal profile	bigWig	ChIP-seq	HNF4G	liver	liver	liver	digestive-system	minus	none	passed
ENCFF471CYN	ENCFF471CYN	ENCSR297GII	ENCSR434NAO	BPNet	normalized predicted signal profile	bigWig	ChIP-seq	HNF4G	liver	liver	liver	digestive-system	plus	none	passed
ENCFF204HFR	ENCFF204HFR	ENCSR692RKS	ENCSR601QBK	BPNet	normalized predicted signal profile	bigWig	ChIP-seq	HOXA10	HepG2	cell-line	cell-line	cell-line	minus	none	passed
ENCFF233HCT	ENCFF233HCT	ENCSR692RKS	ENCSR601QBK	BPNet	normalized predicted signal profile	bigWig	ChIP-seq	HOXA10	HepG2	cell-line	cell-line	cell-line	plus	none	passed
ENCFF412WVC	ENCFF412WVC	ENCSR418XXL	ENCSR857TAH	BPNet	normalized predicted signal profile	bigWig	ChIP-seq	HOXD13	HEK293	cell-line	cell-line	cell-line	minus	none	passed
ENCFF059UXO	ENCFF059UXO	ENCSR418XXL	ENCSR857TAH	BPNet	normalized predicted signal profile	bigWig	ChIP-seq	HOXD13	HEK293	cell-line	cell-line	cell-line	plus	none	passed
ENCFF625VKB	ENCFF625VKB	ENCSR000EET	ENCSR302TER	BPNet	normalized predicted signal profile	bigWig	ChIP-seq	HSF1	HepG2	cell-line	cell-line	cell-line	minus	none	passed
ENCFF733GXP	ENCFF733GXP	ENCSR000EET	ENCSR302TER	BPNet	normalized predicted signal profile	bigWig	ChIP-seq	HSF1	HepG2	cell-line	cell-line	cell-line	plus	none	passed
ENCFF058TQY	ENCFF058TQY	ENCSR062HDL	ENCSR728XOJ	BPNet	normalized predicted signal profile	bigWig	ChIP-seq	HSF1	MCF-7	cell-line	cell-line	cell-line	minus	none	passed
ENCFF199ORB	ENCFF199ORB	ENCSR062HDL	ENCSR728XOJ	BPNet	normalized predicted signal profile	bigWig	ChIP-seq	HSF1	MCF-7	cell-line	cell-line	cell-line	plus	none	passed
ENCFF945ZHF	ENCFF945ZHF	ENCSR764ZBK	ENCSR271JMS	BPNet	normalized predicted signal profile	bigWig	ChIP-seq	HSF2	HepG2	cell-line	cell-line	cell-line	minus	none	passed
ENCFF120VDW	ENCFF120VDW	ENCSR764ZBK	ENCSR271JMS	BPNet	normalized predicted signal profile	bigWig	ChIP-seq	HSF2	HepG2	cell-line	cell-line	cell-line	plus	none	passed
ENCFF033RMG	ENCFF033RMG	ENCSR441VHN	ENCSR142BYT	BPNet	normalized predicted signal profile	bigWig	ChIP-seq	IKZF1	GM12878	cell-line	cell-line	cell-line	minus	none	passed
ENCFF545AVR	ENCFF545AVR	ENCSR874AFU	ENCSR199HXS	BPNet	normalized predicted signal profile	bigWig	ChIP-seq	IKZF1	GM12878	cell-line	cell-line	cell-line	minus	none	passed
ENCFF853MSW	ENCFF853MSW	ENCSR000EUJ	ENCSR920YZT	BPNet	normalized predicted signal profile	bigWig	ChIP-seq	IKZF1	GM12878	cell-line	cell-line	cell-line	minus	none	passed
ENCFF457XOA	ENCFF457XOA	ENCSR441VHN	ENCSR142BYT	BPNet	normalized predicted signal profile	bigWig	ChIP-seq	IKZF1	GM12878	cell-line	cell-line	cell-line	plus	none	passed
ENCFF634GOC	ENCFF634GOC	ENCSR000EUJ	ENCSR920YZT	BPNet	normalized predicted signal profile	bigWig	ChIP-seq	IKZF1	GM12878	cell-line	cell-line	cell-line	plus	none	passed
ENCFF879ATF	ENCFF879ATF	ENCSR874AFU	ENCSR199HXS	BPNet	normalized predicted signal profile	bigWig	ChIP-seq	IKZF1	GM12878	cell-line	cell-line	cell-line	plus	none	passed
ENCFF360IZO	ENCFF360IZO	ENCSR395HWC	ENCSR740JNL	BPNet	normalized predicted signal profile	bigWig	ChIP-seq	IKZF1	K562	cell-line	cell-line	cell-line	minus	none	passed
ENCFF681TEO	ENCFF681TEO	ENCSR948VFL	ENCSR167KIF	BPNet	normalized predicted signal profile	bigWig	ChIP-seq	IKZF1	K562	cell-line	cell-line	cell-line	minus	none	passed
ENCFF590KQF	ENCFF590KQF	ENCSR948VFL	ENCSR167KIF	BPNet	normalized predicted signal profile	bigWig	ChIP-seq	IKZF1	K562	cell-line	cell-line	cell-line	plus	none	passed
ENCFF682JUD	ENCFF682JUD	ENCSR395HWC	ENCSR740JNL	BPNet	normalized predicted signal profile	bigWig	ChIP-seq	IKZF1	K562	cell-line	cell-line	cell-line	plus	none	passed
ENCFF116OOX	ENCFF116OOX	ENCSR822AHX	ENCSR099EKK	BPNet	normalized predicted signal profile	bigWig	ChIP-seq	IKZF2	GM12878	cell-line	cell-line	cell-line	minus	none	passed
ENCFF265VCV	ENCFF265VCV	ENCSR680UQE	ENCSR289CZE	BPNet	normalized predicted signal profile	bigWig	ChIP-seq	IKZF2	GM12878	cell-line	cell-line	cell-line	minus	none	passed
ENCFF719QUJ	ENCFF719QUJ	ENCSR680UQE	ENCSR289CZE	BPNet	normalized predicted signal profile	bigWig	ChIP-seq	IKZF2	GM12878	cell-line	cell-line	cell-line	plus	none	passed
ENCFF758JCP	ENCFF758JCP	ENCSR822AHX	ENCSR099EKK	BPNet	normalized predicted signal profile	bigWig	ChIP-seq	IKZF2	GM12878	cell-line	cell-line	cell-line	plus	none	passed
ENCFF457TPV	ENCFF457TPV	ENCSR890DSP	ENCSR576SBT	BPNet	normalized predicted signal profile	bigWig	ChIP-seq	IRF1	HepG2	cell-line	cell-line	cell-line	minus	none	passed
ENCFF228CZQ	ENCFF228CZQ	ENCSR890DSP	ENCSR576SBT	BPNet	normalized predicted signal profile	bigWig	ChIP-seq	IRF1	HepG2	cell-line	cell-line	cell-line	plus	none	passed
ENCFF264LMJ	ENCFF264LMJ	ENCSR000EGL	ENCSR730ZXN	BPNet	normalized predicted signal profile	bigWig	ChIP-seq	IRF1	K562	cell-line	cell-line	cell-line	minus	none	passed
ENCFF424IBH	ENCFF424IBH	ENCSR000EGU	ENCSR915BZL	BPNet	normalized predicted signal profile	bigWig	ChIP-seq	IRF1	K562	cell-line	cell-line	cell-line	minus	none	passed
ENCFF705HVA	ENCFF705HVA	ENCSR854MCV	ENCSR783LKI	BPNet	normalized predicted signal profile	bigWig	ChIP-seq	IRF1	K562	cell-line	cell-line	cell-line	minus	none	passed
ENCFF997CQS	ENCFF997CQS	ENCSR000EGK	ENCSR125AQC	BPNet	normalized predicted signal profile	bigWig	ChIP-seq	IRF1	K562	cell-line	cell-line	cell-line	minus	none	passed
ENCFF144IWS	ENCFF144IWS	ENCSR854MCV	ENCSR783LKI	BPNet	normalized predicted signal profile	bigWig	ChIP-seq	IRF1	K562	cell-line	cell-line	cell-line	plus	none	passed
ENCFF366STU	ENCFF366STU	ENCSR000EGL	ENCSR730ZXN	BPNet	normalized predicted signal profile	bigWig	ChIP-seq	IRF1	K562	cell-line	cell-line	cell-line	plus	none	passed
ENCFF426CTJ	ENCFF426CTJ	ENCSR000EGU	ENCSR915BZL	BPNet	normalized predicted signal profile	bigWig	ChIP-seq	IRF1	K562	cell-line	cell-line	cell-line	plus	none	passed
ENCFF891SFA	ENCFF891SFA	ENCSR000EGK	ENCSR125AQC	BPNet	normalized predicted signal profile	bigWig	ChIP-seq	IRF1	K562	cell-line	cell-line	cell-line	plus	none	passed
ENCFF738JLV	ENCFF738JLV	ENCSR604UJV	ENCSR841NXD	BPNet	normalized predicted signal profile	bigWig	ChIP-seq	IRF2	HepG2	cell-line	cell-line	cell-line	minus	none	passed
ENCFF086FAK	ENCFF086FAK	ENCSR604UJV	ENCSR841NXD	BPNet	normalized predicted signal profile	bigWig	ChIP-seq	IRF2	HepG2	cell-line	cell-line	cell-line	plus	none	passed
ENCFF624EDC	ENCFF624EDC	ENCSR645ZWR	ENCSR075JNC	BPNet	normalized predicted signal profile	bigWig	ChIP-seq	IRF2	K562	cell-line	cell-line	cell-line	minus	none	passed
ENCFF867GYT	ENCFF867GYT	ENCSR376WCJ	ENCSR921WDF	BPNet	normalized predicted signal profile	bigWig	ChIP-seq	IRF2	K562	cell-line	cell-line	cell-line	minus	none	passed
ENCFF095QLA	ENCFF095QLA	ENCSR376WCJ	ENCSR921WDF	BPNet	normalized predicted signal profile	bigWig	ChIP-seq	IRF2	K562	cell-line	cell-line	cell-line	plus	none	passed
ENCFF424IEG	ENCFF424IEG	ENCSR645ZWR	ENCSR075JNC	BPNet	normalized predicted signal profile	bigWig	ChIP-seq	IRF2	K562	cell-line	cell-line	cell-line	plus	none	passed
ENCFF328GZK	ENCFF328GZK	ENCSR000BGY	ENCSR430POV	BPNet	normalized predicted signal profile	bigWig	ChIP-seq	IRF4	GM12878	cell-line	cell-line	cell-line	minus	none	passed
ENCFF425OTJ	ENCFF425OTJ	ENCSR000BGY	ENCSR430POV	BPNet	normalized predicted signal profile	bigWig	ChIP-seq	IRF4	GM12878	cell-line	cell-line	cell-line	plus	none	passed
ENCFF024YSW	ENCFF024YSW	ENCSR225UTR	ENCSR032XTF	BPNet	normalized predicted signal profile	bigWig	ChIP-seq	IRX3	HepG2	cell-line	cell-line	cell-line	minus	none	passed
ENCFF942NMI	ENCFF942NMI	ENCSR225UTR	ENCSR032XTF	BPNet	normalized predicted signal profile	bigWig	ChIP-seq	IRX3	HepG2	cell-line	cell-line	cell-line	plus	none	passed
ENCFF288TRR	ENCFF288TRR	ENCSR008LHT	ENCSR301GLQ	BPNet	normalized predicted signal profile	bigWig	ChIP-seq	ISL1	SK-N-SH	cell-line	cell-line	cell-line	minus	none	passed
ENCFF147MUK	ENCFF147MUK	ENCSR008LHT	ENCSR301GLQ	BPNet	normalized predicted signal profile	bigWig	ChIP-seq	ISL1	SK-N-SH	cell-line	cell-line	cell-line	plus	none	passed
ENCFF071QDC	ENCFF071QDC	ENCSR708DGM	ENCSR967RSX	BPNet	normalized predicted signal profile	bigWig	ChIP-seq	JUN	A549	cell-line	cell-line	cell-line	minus	none	passed
ENCFF209XOA	ENCFF209XOA	ENCSR783THJ	ENCSR276WFD	BPNet	normalized predicted signal profile	bigWig	ChIP-seq	JUN	A549	cell-line	cell-line	cell-line	minus	none	passed
ENCFF423VJA	ENCFF423VJA	ENCSR991VVW	ENCSR354DBP	BPNet	normalized predicted signal profile	bigWig	ChIP-seq	JUN	A549	cell-line	cell-line	cell-line	minus	none	passed
ENCFF426QSM	ENCFF426QSM	ENCSR612GKD	ENCSR797NTV	BPNet	normalized predicted signal profile	bigWig	ChIP-seq	JUN	A549	cell-line	cell-line	cell-line	minus	none	passed
ENCFF438HWE	ENCFF438HWE	ENCSR192PBJ	ENCSR858EUR	BPNet	normalized predicted signal profile	bigWig	ChIP-seq	JUN	A549	cell-line	cell-line	cell-line	minus	none	passed
ENCFF468KQF	ENCFF468KQF	ENCSR991RJM	ENCSR176VCX	BPNet	normalized predicted signal profile	bigWig	ChIP-seq	JUN	A549	cell-line	cell-line	cell-line	minus	none	passed
ENCFF513HBS	ENCFF513HBS	ENCSR628MQN	ENCSR680RTV	BPNet	normalized predicted signal profile	bigWig	ChIP-seq	JUN	A549	cell-line	cell-line	cell-line	minus	none	passed
ENCFF623HVU	ENCFF623HVU	ENCSR664ZHF	ENCSR993QBC	BPNet	normalized predicted signal profile	bigWig	ChIP-seq	JUN	A549	cell-line	cell-line	cell-line	minus	none	passed
ENCFF631ZKH	ENCFF631ZKH	ENCSR604CKQ	ENCSR398FIK	BPNet	normalized predicted signal profile	bigWig	ChIP-seq	JUN	A549	cell-line	cell-line	cell-line	minus	none	passed
ENCFF632HGD	ENCFF632HGD	ENCSR048CVK	ENCSR105KWV	BPNet	normalized predicted signal profile	bigWig	ChIP-seq	JUN	A549	cell-line	cell-line	cell-line	minus	none	passed
ENCFF655FVL	ENCFF655FVL	ENCSR022WVP	ENCSR020RYL	BPNet	normalized predicted signal profile	bigWig	ChIP-seq	JUN	A549	cell-line	cell-line	cell-line	minus	none	passed
ENCFF669BCK	ENCFF669BCK	ENCSR793HZD	ENCSR529PUA	BPNet	normalized predicted signal profile	bigWig	ChIP-seq	JUN	A549	cell-line	cell-line	cell-line	minus	none	passed
ENCFF750EGS	ENCFF750EGS	ENCSR090RGB	ENCSR545KHX	BPNet	normalized predicted signal profile	bigWig	ChIP-seq	JUN	A549	cell-line	cell-line	cell-line	minus	none	passed
ENCFF766CTQ	ENCFF766CTQ	ENCSR996DUT	ENCSR508ZXB	BPNet	normalized predicted signal profile	bigWig	ChIP-seq	JUN	A549	cell-line	cell-line	cell-line	minus	none	passed
ENCFF778SFC	ENCFF778SFC	ENCSR716SJK	ENCSR507OSG	BPNet	normalized predicted signal profile	bigWig	ChIP-seq	JUN	A549	cell-line	cell-line	cell-line	minus	none	passed
ENCFF964LQY	ENCFF964LQY	ENCSR110UPH	ENCSR608HKT	BPNet	normalized predicted signal profile	bigWig	ChIP-seq	JUN	A549	cell-line	cell-line	cell-line	minus	none	passed
ENCFF118TJL	ENCFF118TJL	ENCSR090RGB	ENCSR545KHX	BPNet	normalized predicted signal profile	bigWig	ChIP-seq	JUN	A549	cell-line	cell-line	cell-line	plus	none	passed
ENCFF160QHZ	ENCFF160QHZ	ENCSR022WVP	ENCSR020RYL	BPNet	normalized predicted signal profile	bigWig	ChIP-seq	JUN	A549	cell-line	cell-line	cell-line	plus	none	passed
ENCFF174QKZ	ENCFF174QKZ	ENCSR628MQN	ENCSR680RTV	BPNet	normalized predicted signal profile	bigWig	ChIP-seq	JUN	A549	cell-line	cell-line	cell-line	plus	none	passed
ENCFF186ZKF	ENCFF186ZKF	ENCSR708DGM	ENCSR967RSX	BPNet	normalized predicted signal profile	bigWig	ChIP-seq	JUN	A549	cell-line	cell-line	cell-line	plus	none	passed
ENCFF393IKP	ENCFF393IKP	ENCSR793HZD	ENCSR529PUA	BPNet	normalized predicted signal profile	bigWig	ChIP-seq	JUN	A549	cell-line	cell-line	cell-line	plus	none	passed
ENCFF412HKZ	ENCFF412HKZ	ENCSR664ZHF	ENCSR993QBC	BPNet	normalized predicted signal profile	bigWig	ChIP-seq	JUN	A549	cell-line	cell-line	cell-line	plus	none	passed
ENCFF493LJZ	ENCFF493LJZ	ENCSR716SJK	ENCSR507OSG	BPNet	normalized predicted signal profile	bigWig	ChIP-seq	JUN	A549	cell-line	cell-line	cell-line	plus	none	passed
ENCFF546CEK	ENCFF546CEK	ENCSR192PBJ	ENCSR858EUR	BPNet	normalized predicted signal profile	bigWig	ChIP-seq	JUN	A549	cell-line	cell-line	cell-line	plus	none	passed
ENCFF560NQE	ENCFF560NQE	ENCSR991VVW	ENCSR354DBP	BPNet	normalized predicted signal profile	bigWig	ChIP-seq	JUN	A549	cell-line	cell-line	cell-line	plus	none	passed
ENCFF640JHP	ENCFF640JHP	ENCSR110UPH	ENCSR608HKT	BPNet	normalized predicted signal profile	bigWig	ChIP-seq	JUN	A549	cell-line	cell-line	cell-line	plus	none	passed
ENCFF672ZPO	ENCFF672ZPO	ENCSR048CVK	ENCSR105KWV	BPNet	normalized predicted signal profile	bigWig	ChIP-seq	JUN	A549	cell-line	cell-line	cell-line	plus	none	passed
ENCFF705DDO	ENCFF705DDO	ENCSR996DUT	ENCSR508ZXB	BPNet	normalized predicted signal profile	bigWig	ChIP-seq	JUN	A549	cell-line	cell-line	cell-line	plus	none	passed
ENCFF720YZL	ENCFF720YZL	ENCSR783THJ	ENCSR276WFD	BPNet	normalized predicted signal profile	bigWig	ChIP-seq	JUN	A549	cell-line	cell-line	cell-line	plus	none	passed
ENCFF743FIZ	ENCFF743FIZ	ENCSR991RJM	ENCSR176VCX	BPNet	normalized predicted signal profile	bigWig	ChIP-seq	JUN	A549	cell-line	cell-line	cell-line	plus	none	passed
ENCFF800ADU	ENCFF800ADU	ENCSR612GKD	ENCSR797NTV	BPNet	normalized predicted signal profile	bigWig	ChIP-seq	JUN	A549	cell-line	cell-line	cell-line	plus	none	passed
ENCFF875UTC	ENCFF875UTC	ENCSR604CKQ	ENCSR398FIK	BPNet	normalized predicted signal profile	bigWig	ChIP-seq	JUN	A549	cell-line	cell-line	cell-line	plus	none	passed
ENCFF007PCA	ENCFF007PCA	ENCSR000EDG	ENCSR114FHF	BPNet	normalized predicted signal profile	bigWig	ChIP-seq	JUN	HeLa-S3	cell-line	cell-line	cell-line	minus	none	passed
ENCFF471CLZ	ENCFF471CLZ	ENCSR000EDG	ENCSR114FHF	BPNet	normalized predicted signal profile	bigWig	ChIP-seq	JUN	HeLa-S3	cell-line	cell-line	cell-line	plus	none	passed
ENCFF018YTH	ENCFF018YTH	ENCSR000EEK	ENCSR701HFV	BPNet	normalized predicted signal profile	bigWig	ChIP-seq	JUN	HepG2	cell-line	cell-line	cell-line	minus	none	passed
ENCFF692XKO	ENCFF692XKO	ENCSR747VUU	ENCSR703JZI	BPNet	normalized predicted signal profile	bigWig	ChIP-seq	JUN	HepG2	cell-line	cell-line	cell-line	minus	none	passed
ENCFF110EVV	ENCFF110EVV	ENCSR000EEK	ENCSR701HFV	BPNet	normalized predicted signal profile	bigWig	ChIP-seq	JUN	HepG2	cell-line	cell-line	cell-line	plus	none	passed
ENCFF610GCX	ENCFF610GCX	ENCSR747VUU	ENCSR703JZI	BPNet	normalized predicted signal profile	bigWig	ChIP-seq	JUN	HepG2	cell-line	cell-line	cell-line	plus	none	passed
ENCFF158WNO	ENCFF158WNO	ENCSR000EFS	ENCSR020CRX	BPNet	normalized predicted signal profile	bigWig	ChIP-seq	JUN	K562	cell-line	cell-line	cell-line	minus	none	passed
ENCFF278DQL	ENCFF278DQL	ENCSR000EZX	ENCSR550GGT	BPNet	normalized predicted signal profile	bigWig	ChIP-seq	JUN	K562	cell-line	cell-line	cell-line	minus	none	passed
ENCFF313CZA	ENCFF313CZA	ENCSR946WBN	ENCSR554NXB	BPNet	normalized predicted signal profile	bigWig	ChIP-seq	JUN	K562	cell-line	cell-line	cell-line	minus	none	passed
ENCFF406LAW	ENCFF406LAW	ENCSR000EZW	ENCSR083GMU	BPNet	normalized predicted signal profile	bigWig	ChIP-seq	JUN	K562	cell-line	cell-line	cell-line	minus	none	passed
ENCFF435TUK	ENCFF435TUK	ENCSR000EZT	ENCSR354JEC	BPNet	normalized predicted signal profile	bigWig	ChIP-seq	JUN	K562	cell-line	cell-line	cell-line	minus	none	passed
ENCFF854OIK	ENCFF854OIK	ENCSR000FAH	ENCSR748TEQ	BPNet	normalized predicted signal profile	bigWig	ChIP-seq	JUN	K562	cell-line	cell-line	cell-line	minus	none	passed
ENCFF931NOB	ENCFF931NOB	ENCSR000EGH	ENCSR345GVW	BPNet	normalized predicted signal profile	bigWig	ChIP-seq	JUN	K562	cell-line	cell-line	cell-line	minus	none	passed
ENCFF230DVG	ENCFF230DVG	ENCSR000EGH	ENCSR345GVW	BPNet	normalized predicted signal profile	bigWig	ChIP-seq	JUN	K562	cell-line	cell-line	cell-line	plus	none	passed
ENCFF260SWG	ENCFF260SWG	ENCSR000EZX	ENCSR550GGT	BPNet	normalized predicted signal profile	bigWig	ChIP-seq	JUN	K562	cell-line	cell-line	cell-line	plus	none	passed
ENCFF326FKZ	ENCFF326FKZ	ENCSR000EZT	ENCSR354JEC	BPNet	normalized predicted signal profile	bigWig	ChIP-seq	JUN	K562	cell-line	cell-line	cell-line	plus	none	passed
ENCFF514IVT	ENCFF514IVT	ENCSR000FAH	ENCSR748TEQ	BPNet	normalized predicted signal profile	bigWig	ChIP-seq	JUN	K562	cell-line	cell-line	cell-line	plus	none	passed
ENCFF591YVU	ENCFF591YVU	ENCSR000EZW	ENCSR083GMU	BPNet	normalized predicted signal profile	bigWig	ChIP-seq	JUN	K562	cell-line	cell-line	cell-line	plus	none	passed
ENCFF807TML	ENCFF807TML	ENCSR000EFS	ENCSR020CRX	BPNet	normalized predicted signal profile	bigWig	ChIP-seq	JUN	K562	cell-line	cell-line	cell-line	plus	none	passed
ENCFF962ZRX	ENCFF962ZRX	ENCSR946WBN	ENCSR554NXB	BPNet	normalized predicted signal profile	bigWig	ChIP-seq	JUN	K562	cell-line	cell-line	cell-line	plus	none	passed
ENCFF600QMD	ENCFF600QMD	ENCSR176EXN	ENCSR570FQB	BPNet	normalized predicted signal profile	bigWig	ChIP-seq	JUN	MCF-7	cell-line	cell-line	cell-line	minus	none	passed
ENCFF619EBR	ENCFF619EBR	ENCSR176EXN	ENCSR570FQB	BPNet	normalized predicted signal profile	bigWig	ChIP-seq	JUN	MCF-7	cell-line	cell-line	cell-line	plus	none	passed
ENCFF679SKI	ENCFF679SKI	ENCSR000EFA	ENCSR403FHV	BPNet	normalized predicted signal profile	bigWig	ChIP-seq	JUN	endothelial-cell-of-umbilical-vein	endothelial	blood-vessel	circulatory-system	minus	none	passed
ENCFF092SRK	ENCFF092SRK	ENCSR000EFA	ENCSR403FHV	BPNet	normalized predicted signal profile	bigWig	ChIP-seq	JUN	endothelial-cell-of-umbilical-vein	endothelial	blood-vessel	circulatory-system	plus	none	passed
ENCFF075UMF	ENCFF075UMF	ENCSR666BEY	ENCSR998JNO	BPNet	normalized predicted signal profile	bigWig	ChIP-seq	JUNB	A549	cell-line	cell-line	cell-line	minus	none	passed
ENCFF108VQK	ENCFF108VQK	ENCSR523BPZ	ENCSR906DCL	BPNet	normalized predicted signal profile	bigWig	ChIP-seq	JUNB	A549	cell-line	cell-line	cell-line	minus	none	passed
ENCFF157XPZ	ENCFF157XPZ	ENCSR269RPR	ENCSR511DGD	BPNet	normalized predicted signal profile	bigWig	ChIP-seq	JUNB	A549	cell-line	cell-line	cell-line	minus	none	passed
ENCFF246WUI	ENCFF246WUI	ENCSR656VWZ	ENCSR994GDM	BPNet	normalized predicted signal profile	bigWig	ChIP-seq	JUNB	A549	cell-line	cell-line	cell-line	minus	none	passed
ENCFF345CKU	ENCFF345CKU	ENCSR332WDQ	ENCSR460LMU	BPNet	normalized predicted signal profile	bigWig	ChIP-seq	JUNB	A549	cell-line	cell-line	cell-line	minus	none	passed
ENCFF361FRF	ENCFF361FRF	ENCSR490YTY	ENCSR462UAB	BPNet	normalized predicted signal profile	bigWig	ChIP-seq	JUNB	A549	cell-line	cell-line	cell-line	minus	none	passed
ENCFF384GWJ	ENCFF384GWJ	ENCSR814UWE	ENCSR661VEX	BPNet	normalized predicted signal profile	bigWig	ChIP-seq	JUNB	A549	cell-line	cell-line	cell-line	minus	none	passed
ENCFF389YAS	ENCFF389YAS	ENCSR426BPV	ENCSR159OXE	BPNet	normalized predicted signal profile	bigWig	ChIP-seq	JUNB	A549	cell-line	cell-line	cell-line	minus	none	passed
ENCFF600TCD	ENCFF600TCD	ENCSR871NPV	ENCSR601GCZ	BPNet	normalized predicted signal profile	bigWig	ChIP-seq	JUNB	A549	cell-line	cell-line	cell-line	minus	none	passed
ENCFF643IHR	ENCFF643IHR	ENCSR431LRW	ENCSR899KPV	BPNet	normalized predicted signal profile	bigWig	ChIP-seq	JUNB	A549	cell-line	cell-line	cell-line	minus	none	passed
ENCFF812NBX	ENCFF812NBX	ENCSR226UQG	ENCSR018JTI	BPNet	normalized predicted signal profile	bigWig	ChIP-seq	JUNB	A549	cell-line	cell-line	cell-line	minus	none	passed
ENCFF944RRE	ENCFF944RRE	ENCSR163EXK	ENCSR825LRL	BPNet	normalized predicted signal profile	bigWig	ChIP-seq	JUNB	A549	cell-line	cell-line	cell-line	minus	none	passed
ENCFF101IUG	ENCFF101IUG	ENCSR814UWE	ENCSR661VEX	BPNet	normalized predicted signal profile	bigWig	ChIP-seq	JUNB	A549	cell-line	cell-line	cell-line	plus	none	passed
ENCFF124QIH	ENCFF124QIH	ENCSR871NPV	ENCSR601GCZ	BPNet	normalized predicted signal profile	bigWig	ChIP-seq	JUNB	A549	cell-line	cell-line	cell-line	plus	none	passed
ENCFF171TQG	ENCFF171TQG	ENCSR163EXK	ENCSR825LRL	BPNet	normalized predicted signal profile	bigWig	ChIP-seq	JUNB	A549	cell-line	cell-line	cell-line	plus	none	passed
ENCFF199EER	ENCFF199EER	ENCSR656VWZ	ENCSR994GDM	BPNet	normalized predicted signal profile	bigWig	ChIP-seq	JUNB	A549	cell-line	cell-line	cell-line	plus	none	passed
ENCFF308IYD	ENCFF308IYD	ENCSR523BPZ	ENCSR906DCL	BPNet	normalized predicted signal profile	bigWig	ChIP-seq	JUNB	A549	cell-line	cell-line	cell-line	plus	none	passed
ENCFF341RDQ	ENCFF341RDQ	ENCSR269RPR	ENCSR511DGD	BPNet	normalized predicted signal profile	bigWig	ChIP-seq	JUNB	A549	cell-line	cell-line	cell-line	plus	none	passed
ENCFF409OYI	ENCFF409OYI	ENCSR666BEY	ENCSR998JNO	BPNet	normalized predicted signal profile	bigWig	ChIP-seq	JUNB	A549	cell-line	cell-line	cell-line	plus	none	passed
ENCFF519ACB	ENCFF519ACB	ENCSR332WDQ	ENCSR460LMU	BPNet	normalized predicted signal profile	bigWig	ChIP-seq	JUNB	A549	cell-line	cell-line	cell-line	plus	none	passed
ENCFF579XKZ	ENCFF579XKZ	ENCSR490YTY	ENCSR462UAB	BPNet	normalized predicted signal profile	bigWig	ChIP-seq	JUNB	A549	cell-line	cell-line	cell-line	plus	none	passed
ENCFF628ILZ	ENCFF628ILZ	ENCSR226UQG	ENCSR018JTI	BPNet	normalized predicted signal profile	bigWig	ChIP-seq	JUNB	A549	cell-line	cell-line	cell-line	plus	none	passed
ENCFF709QXX	ENCFF709QXX	ENCSR426BPV	ENCSR159OXE	BPNet	normalized predicted signal profile	bigWig	ChIP-seq	JUNB	A549	cell-line	cell-line	cell-line	plus	none	passed
ENCFF996PIY	ENCFF996PIY	ENCSR431LRW	ENCSR899KPV	BPNet	normalized predicted signal profile	bigWig	ChIP-seq	JUNB	A549	cell-line	cell-line	cell-line	plus	none	passed
ENCFF674ZWV	ENCFF674ZWV	ENCSR897MMC	ENCSR496BQS	BPNet	normalized predicted signal profile	bigWig	ChIP-seq	JUNB	GM12878	cell-line	cell-line	cell-line	minus	none	passed
ENCFF527GQM	ENCFF527GQM	ENCSR897MMC	ENCSR496BQS	BPNet	normalized predicted signal profile	bigWig	ChIP-seq	JUNB	GM12878	cell-line	cell-line	cell-line	plus	none	passed
ENCFF240WEP	ENCFF240WEP	ENCSR685GGQ	ENCSR244PLN	BPNet	normalized predicted signal profile	bigWig	ChIP-seq	JUNB	HepG2	cell-line	cell-line	cell-line	minus	none	passed
ENCFF191NUW	ENCFF191NUW	ENCSR685GGQ	ENCSR244PLN	BPNet	normalized predicted signal profile	bigWig	ChIP-seq	JUNB	HepG2	cell-line	cell-line	cell-line	plus	none	passed
ENCFF212FQA	ENCFF212FQA	ENCSR000DJY	ENCSR784NBM	BPNet	normalized predicted signal profile	bigWig	ChIP-seq	JUNB	K562	cell-line	cell-line	cell-line	minus	none	passed
ENCFF313NVZ	ENCFF313NVZ	ENCSR525VAT	ENCSR262LYW	BPNet	normalized predicted signal profile	bigWig	ChIP-seq	JUNB	K562	cell-line	cell-line	cell-line	minus	none	passed
ENCFF817GNN	ENCFF817GNN	ENCSR795IYP	ENCSR224QHS	BPNet	normalized predicted signal profile	bigWig	ChIP-seq	JUNB	K562	cell-line	cell-line	cell-line	minus	none	passed
ENCFF084XIC	ENCFF084XIC	ENCSR525VAT	ENCSR262LYW	BPNet	normalized predicted signal profile	bigWig	ChIP-seq	JUNB	K562	cell-line	cell-line	cell-line	plus	none	passed
ENCFF658DPM	ENCFF658DPM	ENCSR000DJY	ENCSR784NBM	BPNet	normalized predicted signal profile	bigWig	ChIP-seq	JUNB	K562	cell-line	cell-line	cell-line	plus	none	passed
ENCFF745VBW	ENCFF745VBW	ENCSR795IYP	ENCSR224QHS	BPNet	normalized predicted signal profile	bigWig	ChIP-seq	JUNB	K562	cell-line	cell-line	cell-line	plus	none	passed
ENCFF749QLE	ENCFF749QLE	ENCSR000DYS	ENCSR842QLN	BPNet	normalized predicted signal profile	bigWig	ChIP-seq	JUND	GM12878	cell-line	cell-line	cell-line	minus	none	passed
ENCFF793IQN	ENCFF793IQN	ENCSR000DYS	ENCSR842QLN	BPNet	normalized predicted signal profile	bigWig	ChIP-seq	JUND	GM12878	cell-line	cell-line	cell-line	plus	none	passed
ENCFF468WSN	ENCFF468WSN	ENCSR000EBZ	ENCSR241ZHQ	BPNet	normalized predicted signal profile	bigWig	ChIP-seq	JUND	H1	cell-line	cell-line	cell-line	minus	none	passed
ENCFF968CPY	ENCFF968CPY	ENCSR000EBZ	ENCSR241ZHQ	BPNet	normalized predicted signal profile	bigWig	ChIP-seq	JUND	H1	cell-line	cell-line	cell-line	plus	none	passed
ENCFF052OBJ	ENCFF052OBJ	ENCSR000BSA	ENCSR650VIY	BPNet	normalized predicted signal profile	bigWig	ChIP-seq	JUND	HCT116	cell-line	cell-line	cell-line	minus	none	passed
ENCFF272HMB	ENCFF272HMB	ENCSR000BSA	ENCSR650VIY	BPNet	normalized predicted signal profile	bigWig	ChIP-seq	JUND	HCT116	cell-line	cell-line	cell-line	plus	none	passed
ENCFF054PRQ	ENCFF054PRQ	ENCSR000EDH	ENCSR830DFE	BPNet	normalized predicted signal profile	bigWig	ChIP-seq	JUND	HeLa-S3	cell-line	cell-line	cell-line	minus	none	passed
ENCFF865DME	ENCFF865DME	ENCSR000EDH	ENCSR830DFE	BPNet	normalized predicted signal profile	bigWig	ChIP-seq	JUND	HeLa-S3	cell-line	cell-line	cell-line	plus	none	passed
ENCFF077JOT	ENCFF077JOT	ENCSR000BGK	ENCSR482CTQ	BPNet	normalized predicted signal profile	bigWig	ChIP-seq	JUND	HepG2	cell-line	cell-line	cell-line	minus	none	passed
ENCFF205TOH	ENCFF205TOH	ENCSR282ZLP	ENCSR900EBT	BPNet	normalized predicted signal profile	bigWig	ChIP-seq	JUND	HepG2	cell-line	cell-line	cell-line	minus	none	passed
ENCFF226LQR	ENCFF226LQR	ENCSR000EEI	ENCSR439DKF	BPNet	normalized predicted signal profile	bigWig	ChIP-seq	JUND	HepG2	cell-line	cell-line	cell-line	minus	none	passed
ENCFF339AUN	ENCFF339AUN	ENCSR000BGK	ENCSR482CTQ	BPNet	normalized predicted signal profile	bigWig	ChIP-seq	JUND	HepG2	cell-line	cell-line	cell-line	plus	none	passed
ENCFF469QVB	ENCFF469QVB	ENCSR282ZLP	ENCSR900EBT	BPNet	normalized predicted signal profile	bigWig	ChIP-seq	JUND	HepG2	cell-line	cell-line	cell-line	plus	none	passed
ENCFF983JPE	ENCFF983JPE	ENCSR000EEI	ENCSR439DKF	BPNet	normalized predicted signal profile	bigWig	ChIP-seq	JUND	HepG2	cell-line	cell-line	cell-line	plus	none	passed
ENCFF605QLL	ENCFF605QLL	ENCSR000EGN	ENCSR711UTT	BPNet	normalized predicted signal profile	bigWig	ChIP-seq	JUND	K562	cell-line	cell-line	cell-line	minus	none	passed
ENCFF796LAB	ENCFF796LAB	ENCSR000DJX	ENCSR767UUB	BPNet	normalized predicted signal profile	bigWig	ChIP-seq	JUND	K562	cell-line	cell-line	cell-line	minus	none	passed
ENCFF618DAM	ENCFF618DAM	ENCSR000EGN	ENCSR711UTT	BPNet	normalized predicted signal profile	bigWig	ChIP-seq	JUND	K562	cell-line	cell-line	cell-line	plus	none	passed
ENCFF665JEY	ENCFF665JEY	ENCSR000DJX	ENCSR767UUB	BPNet	normalized predicted signal profile	bigWig	ChIP-seq	JUND	K562	cell-line	cell-line	cell-line	plus	none	passed
ENCFF717WMT	ENCFF717WMT	ENCSR000BSU	ENCSR900RMO	BPNet	normalized predicted signal profile	bigWig	ChIP-seq	JUND	MCF-7	cell-line	cell-line	cell-line	minus	none	passed
ENCFF534FNN	ENCFF534FNN	ENCSR000BSU	ENCSR900RMO	BPNet	normalized predicted signal profile	bigWig	ChIP-seq	JUND	MCF-7	cell-line	cell-line	cell-line	plus	none	passed
ENCFF028KTY	ENCFF028KTY	ENCSR000BSK	ENCSR824SLK	BPNet	normalized predicted signal profile	bigWig	ChIP-seq	JUND	SK-N-SH	cell-line	cell-line	cell-line	minus	none	passed
ENCFF934PSC	ENCFF934PSC	ENCSR000EIB	ENCSR623RBI	BPNet	normalized predicted signal profile	bigWig	ChIP-seq	JUND	SK-N-SH	cell-line	cell-line	cell-line	minus	none	passed
ENCFF583SPJ	ENCFF583SPJ	ENCSR000BSK	ENCSR824SLK	BPNet	normalized predicted signal profile	bigWig	ChIP-seq	JUND	SK-N-SH	cell-line	cell-line	cell-line	plus	none	passed
ENCFF890ZCS	ENCFF890ZCS	ENCSR000EIB	ENCSR623RBI	BPNet	normalized predicted signal profile	bigWig	ChIP-seq	JUND	SK-N-SH	cell-line	cell-line	cell-line	plus	none	passed
ENCFF186RMX	ENCFF186RMX	ENCSR000BVO	ENCSR525XFD	BPNet	normalized predicted signal profile	bigWig	ChIP-seq	JUND	T47D	cell-line	cell-line	cell-line	minus	none	passed
ENCFF040WHU	ENCFF040WHU	ENCSR000BVO	ENCSR525XFD	BPNet	normalized predicted signal profile	bigWig	ChIP-seq	JUND	T47D	cell-line	cell-line	cell-line	plus	none	passed
ENCFF299NCL	ENCFF299NCL	ENCSR196HGZ	ENCSR816TMP	BPNet	normalized predicted signal profile	bigWig	ChIP-seq	JUND	liver	liver	liver	digestive-system	minus	none	passed
ENCFF529IIR	ENCFF529IIR	ENCSR837GTK	ENCSR985CKW	BPNet	normalized predicted signal profile	bigWig	ChIP-seq	JUND	liver	liver	liver	digestive-system	minus	none	passed
ENCFF133API	ENCFF133API	ENCSR837GTK	ENCSR985CKW	BPNet	normalized predicted signal profile	bigWig	ChIP-seq	JUND	liver	liver	liver	digestive-system	plus	none	passed
ENCFF585GLA	ENCFF585GLA	ENCSR196HGZ	ENCSR816TMP	BPNet	normalized predicted signal profile	bigWig	ChIP-seq	JUND	liver	liver	liver	digestive-system	plus	none	passed
ENCFF342LAT	ENCFF342LAT	ENCSR859BMR	ENCSR960UKV	BPNet	normalized predicted signal profile	bigWig	ChIP-seq	KLF1	HEK293	cell-line	cell-line	cell-line	minus	none	passed
ENCFF683IAH	ENCFF683IAH	ENCSR859BMR	ENCSR960UKV	BPNet	normalized predicted signal profile	bigWig	ChIP-seq	KLF1	HEK293	cell-line	cell-line	cell-line	plus	none	passed
ENCFF411VBP	ENCFF411VBP	ENCSR550HCT	ENCSR424EEB	BPNet	normalized predicted signal profile	bigWig	ChIP-seq	KLF1	K562	cell-line	cell-line	cell-line	minus	none	passed
ENCFF836AWH	ENCFF836AWH	ENCSR550HCT	ENCSR424EEB	BPNet	normalized predicted signal profile	bigWig	ChIP-seq	KLF1	K562	cell-line	cell-line	cell-line	plus	none	passed
ENCFF998AKV	ENCFF998AKV	ENCSR006GAQ	ENCSR438XYE	BPNet	normalized predicted signal profile	bigWig	ChIP-seq	KLF10	HEK293	cell-line	cell-line	cell-line	minus	none	passed
ENCFF690XBG	ENCFF690XBG	ENCSR006GAQ	ENCSR438XYE	BPNet	normalized predicted signal profile	bigWig	ChIP-seq	KLF10	HEK293	cell-line	cell-line	cell-line	plus	none	passed
ENCFF156OSZ	ENCFF156OSZ	ENCSR616OSG	ENCSR909CUD	BPNet	normalized predicted signal profile	bigWig	ChIP-seq	KLF11	HepG2	cell-line	cell-line	cell-line	minus	none	passed
ENCFF433WHL	ENCFF433WHL	ENCSR616OSG	ENCSR909CUD	BPNet	normalized predicted signal profile	bigWig	ChIP-seq	KLF11	HepG2	cell-line	cell-line	cell-line	plus	none	passed
ENCFF927FLH	ENCFF927FLH	ENCSR552YWL	ENCSR610GYE	BPNet	normalized predicted signal profile	bigWig	ChIP-seq	KLF12	HepG2	cell-line	cell-line	cell-line	minus	none	passed
ENCFF646IYJ	ENCFF646IYJ	ENCSR552YWL	ENCSR610GYE	BPNet	normalized predicted signal profile	bigWig	ChIP-seq	KLF12	HepG2	cell-line	cell-line	cell-line	plus	none	passed
ENCFF304OKC	ENCFF304OKC	ENCSR608HVP	ENCSR243TNZ	BPNet	normalized predicted signal profile	bigWig	ChIP-seq	KLF13	K562	cell-line	cell-line	cell-line	minus	none	passed
ENCFF892KLE	ENCFF892KLE	ENCSR608HVP	ENCSR243TNZ	BPNet	normalized predicted signal profile	bigWig	ChIP-seq	KLF13	K562	cell-line	cell-line	cell-line	plus	none	passed
ENCFF508WBF	ENCFF508WBF	ENCSR397DQC	ENCSR401QUW	BPNet	normalized predicted signal profile	bigWig	ChIP-seq	KLF16	HEK293	cell-line	cell-line	cell-line	minus	none	passed
ENCFF794OVX	ENCFF794OVX	ENCSR397DQC	ENCSR401QUW	BPNet	normalized predicted signal profile	bigWig	ChIP-seq	KLF16	HEK293	cell-line	cell-line	cell-line	plus	none	passed
ENCFF215KPP	ENCFF215KPP	ENCSR009KLQ	ENCSR911FYQ	BPNet	normalized predicted signal profile	bigWig	ChIP-seq	KLF16	HepG2	cell-line	cell-line	cell-line	minus	none	passed
ENCFF969GWC	ENCFF969GWC	ENCSR009KLQ	ENCSR911FYQ	BPNet	normalized predicted signal profile	bigWig	ChIP-seq	KLF16	HepG2	cell-line	cell-line	cell-line	plus	none	passed
ENCFF041SSD	ENCFF041SSD	ENCSR760UVO	ENCSR904YCG	BPNet	normalized predicted signal profile	bigWig	ChIP-seq	KLF16	K562	cell-line	cell-line	cell-line	minus	none	passed
ENCFF538TIT	ENCFF538TIT	ENCSR760UVO	ENCSR904YCG	BPNet	normalized predicted signal profile	bigWig	ChIP-seq	KLF16	K562	cell-line	cell-line	cell-line	plus	none	passed
ENCFF050XEI	ENCFF050XEI	ENCSR065WUF	ENCSR225AAV	BPNet	normalized predicted signal profile	bigWig	ChIP-seq	KLF17	HEK293	cell-line	cell-line	cell-line	minus	none	passed
ENCFF207WBO	ENCFF207WBO	ENCSR065WUF	ENCSR225AAV	BPNet	normalized predicted signal profile	bigWig	ChIP-seq	KLF17	HEK293	cell-line	cell-line	cell-line	plus	none	passed
ENCFF865FPJ	ENCFF865FPJ	ENCSR757EKM	ENCSR327WUN	BPNet	normalized predicted signal profile	bigWig	ChIP-seq	KLF6	HepG2	cell-line	cell-line	cell-line	minus	none	passed
ENCFF693VPR	ENCFF693VPR	ENCSR757EKM	ENCSR327WUN	BPNet	normalized predicted signal profile	bigWig	ChIP-seq	KLF6	HepG2	cell-line	cell-line	cell-line	plus	none	passed
ENCFF118JAK	ENCFF118JAK	ENCSR604VWJ	ENCSR374OIO	BPNet	normalized predicted signal profile	bigWig	ChIP-seq	KLF7	HEK293	cell-line	cell-line	cell-line	minus	none	passed
ENCFF223MLQ	ENCFF223MLQ	ENCSR604VWJ	ENCSR374OIO	BPNet	normalized predicted signal profile	bigWig	ChIP-seq	KLF7	HEK293	cell-line	cell-line	cell-line	plus	none	passed
ENCFF253XUF	ENCFF253XUF	ENCSR635NOQ	ENCSR985CNW	BPNet	normalized predicted signal profile	bigWig	ChIP-seq	KLF8	HEK293	cell-line	cell-line	cell-line	minus	none	passed
ENCFF569ABT	ENCFF569ABT	ENCSR635NOQ	ENCSR985CNW	BPNet	normalized predicted signal profile	bigWig	ChIP-seq	KLF8	HEK293	cell-line	cell-line	cell-line	plus	none	passed
ENCFF378GMM	ENCFF378GMM	ENCSR076EZB	ENCSR847MYV	BPNet	normalized predicted signal profile	bigWig	ChIP-seq	KLF9	HEK293	cell-line	cell-line	cell-line	minus	none	passed
ENCFF477GOR	ENCFF477GOR	ENCSR076EZB	ENCSR847MYV	BPNet	normalized predicted signal profile	bigWig	ChIP-seq	KLF9	HEK293	cell-line	cell-line	cell-line	plus	none	passed
ENCFF658IEQ	ENCFF658IEQ	ENCSR938ETG	ENCSR965WIT	BPNet	normalized predicted signal profile	bigWig	ChIP-seq	KLF9	HepG2	cell-line	cell-line	cell-line	minus	none	passed
ENCFF517SFO	ENCFF517SFO	ENCSR938ETG	ENCSR965WIT	BPNet	normalized predicted signal profile	bigWig	ChIP-seq	KLF9	HepG2	cell-line	cell-line	cell-line	plus	none	passed
ENCFF707LCY	ENCFF707LCY	ENCSR125ZYC	ENCSR919ZUT	BPNet	normalized predicted signal profile	bigWig	ChIP-seq	KLF9	MCF-7	cell-line	cell-line	cell-line	minus	none	passed
ENCFF459LOW	ENCFF459LOW	ENCSR125ZYC	ENCSR919ZUT	BPNet	normalized predicted signal profile	bigWig	ChIP-seq	KLF9	MCF-7	cell-line	cell-line	cell-line	plus	none	passed
ENCFF246RMD	ENCFF246RMD	ENCSR469GZL	ENCSR773SAO	BPNet	normalized predicted signal profile	bigWig	ChIP-seq	LCOR	HepG2	cell-line	cell-line	cell-line	minus	none	passed
ENCFF257IFV	ENCFF257IFV	ENCSR469GZL	ENCSR773SAO	BPNet	normalized predicted signal profile	bigWig	ChIP-seq	LCOR	HepG2	cell-line	cell-line	cell-line	plus	none	passed
ENCFF497PQS	ENCFF497PQS	ENCSR672OHP	ENCSR177JJR	BPNet	normalized predicted signal profile	bigWig	ChIP-seq	LCOR	K562	cell-line	cell-line	cell-line	minus	none	passed
ENCFF883ECL	ENCFF883ECL	ENCSR672OHP	ENCSR177JJR	BPNet	normalized predicted signal profile	bigWig	ChIP-seq	LCOR	K562	cell-line	cell-line	cell-line	plus	none	passed
ENCFF373GLN	ENCFF373GLN	ENCSR950NAZ	ENCSR053GEB	BPNet	normalized predicted signal profile	bigWig	ChIP-seq	LCORL	HepG2	cell-line	cell-line	cell-line	minus	none	passed
ENCFF715JUR	ENCFF715JUR	ENCSR880PMU	ENCSR647YVY	BPNet	normalized predicted signal profile	bigWig	ChIP-seq	LCORL	HepG2	cell-line	cell-line	cell-line	minus	none	passed
ENCFF077DSV	ENCFF077DSV	ENCSR950NAZ	ENCSR053GEB	BPNet	normalized predicted signal profile	bigWig	ChIP-seq	LCORL	HepG2	cell-line	cell-line	cell-line	plus	none	passed
ENCFF557YLN	ENCFF557YLN	ENCSR880PMU	ENCSR647YVY	BPNet	normalized predicted signal profile	bigWig	ChIP-seq	LCORL	HepG2	cell-line	cell-line	cell-line	plus	none	passed
ENCFF357KGE	ENCFF357KGE	ENCSR832OGB	ENCSR775TZV	BPNet	normalized predicted signal profile	bigWig	ChIP-seq	LEF1	K562	cell-line	cell-line	cell-line	minus	none	passed
ENCFF865RSK	ENCFF865RSK	ENCSR343ELW	ENCSR184ULM	BPNet	normalized predicted signal profile	bigWig	ChIP-seq	LEF1	K562	cell-line	cell-line	cell-line	minus	none	passed
ENCFF082RAT	ENCFF082RAT	ENCSR832OGB	ENCSR775TZV	BPNet	normalized predicted signal profile	bigWig	ChIP-seq	LEF1	K562	cell-line	cell-line	cell-line	plus	none	passed
ENCFF445LJS	ENCFF445LJS	ENCSR343ELW	ENCSR184ULM	BPNet	normalized predicted signal profile	bigWig	ChIP-seq	LEF1	K562	cell-line	cell-line	cell-line	plus	none	passed
ENCFF253HQI	ENCFF253HQI	ENCSR597MCV	ENCSR479OOG	BPNet	normalized predicted signal profile	bigWig	ChIP-seq	LIN54	HepG2	cell-line	cell-line	cell-line	minus	none	passed
ENCFF368VJC	ENCFF368VJC	ENCSR597MCV	ENCSR479OOG	BPNet	normalized predicted signal profile	bigWig	ChIP-seq	LIN54	HepG2	cell-line	cell-line	cell-line	plus	none	passed
ENCFF737KGZ	ENCFF737KGZ	ENCSR140DSL	ENCSR635EFD	BPNet	normalized predicted signal profile	bigWig	ChIP-seq	MAFF	HeLa-S3	cell-line	cell-line	cell-line	minus	none	passed
ENCFF716MZW	ENCFF716MZW	ENCSR140DSL	ENCSR635EFD	BPNet	normalized predicted signal profile	bigWig	ChIP-seq	MAFF	HeLa-S3	cell-line	cell-line	cell-line	plus	none	passed
ENCFF287LMB	ENCFF287LMB	ENCSR000EEC	ENCSR689UDB	BPNet	normalized predicted signal profile	bigWig	ChIP-seq	MAFF	HepG2	cell-line	cell-line	cell-line	minus	none	passed
ENCFF834WKF	ENCFF834WKF	ENCSR000EEC	ENCSR689UDB	BPNet	normalized predicted signal profile	bigWig	ChIP-seq	MAFF	HepG2	cell-line	cell-line	cell-line	plus	none	passed
ENCFF338POA	ENCFF338POA	ENCSR000EGI	ENCSR512XRO	BPNet	normalized predicted signal profile	bigWig	ChIP-seq	MAFF	K562	cell-line	cell-line	cell-line	minus	none	passed
ENCFF776CLS	ENCFF776CLS	ENCSR000EGI	ENCSR512XRO	BPNet	normalized predicted signal profile	bigWig	ChIP-seq	MAFF	K562	cell-line	cell-line	cell-line	plus	none	passed
ENCFF322TDC	ENCFF322TDC	ENCSR708KAA	ENCSR512FKE	BPNet	normalized predicted signal profile	bigWig	ChIP-seq	MAFG	HepG2	cell-line	cell-line	cell-line	minus	none	passed
ENCFF257BIA	ENCFF257BIA	ENCSR708KAA	ENCSR512FKE	BPNet	normalized predicted signal profile	bigWig	ChIP-seq	MAFG	HepG2	cell-line	cell-line	cell-line	plus	none	passed
ENCFF120KEZ	ENCFF120KEZ	ENCSR818DQV	ENCSR324HYA	BPNet	normalized predicted signal profile	bigWig	ChIP-seq	MAFG	K562	cell-line	cell-line	cell-line	minus	none	passed
ENCFF674DNL	ENCFF674DNL	ENCSR818DQV	ENCSR324HYA	BPNet	normalized predicted signal profile	bigWig	ChIP-seq	MAFG	K562	cell-line	cell-line	cell-line	plus	none	passed
ENCFF649TCE	ENCFF649TCE	ENCSR541WQI	ENCSR415PWX	BPNet	normalized predicted signal profile	bigWig	ChIP-seq	MAFK	A549	cell-line	cell-line	cell-line	minus	none	passed
ENCFF787QZX	ENCFF787QZX	ENCSR541WQI	ENCSR415PWX	BPNet	normalized predicted signal profile	bigWig	ChIP-seq	MAFK	A549	cell-line	cell-line	cell-line	plus	none	passed
ENCFF122ZXY	ENCFF122ZXY	ENCSR000DYV	ENCSR538HRY	BPNet	normalized predicted signal profile	bigWig	ChIP-seq	MAFK	GM12878	cell-line	cell-line	cell-line	minus	none	passed
ENCFF637ASS	ENCFF637ASS	ENCSR000DYV	ENCSR538HRY	BPNet	normalized predicted signal profile	bigWig	ChIP-seq	MAFK	GM12878	cell-line	cell-line	cell-line	plus	none	passed
ENCFF352KUO	ENCFF352KUO	ENCSR000EBS	ENCSR489JND	BPNet	normalized predicted signal profile	bigWig	ChIP-seq	MAFK	H1	cell-line	cell-line	cell-line	minus	none	passed
ENCFF373AES	ENCFF373AES	ENCSR000EBS	ENCSR489JND	BPNet	normalized predicted signal profile	bigWig	ChIP-seq	MAFK	H1	cell-line	cell-line	cell-line	plus	none	passed
ENCFF981ATF	ENCFF981ATF	ENCSR000ECK	ENCSR772QXK	BPNet	normalized predicted signal profile	bigWig	ChIP-seq	MAFK	HeLa-S3	cell-line	cell-line	cell-line	minus	none	passed
ENCFF021AZS	ENCFF021AZS	ENCSR000ECK	ENCSR772QXK	BPNet	normalized predicted signal profile	bigWig	ChIP-seq	MAFK	HeLa-S3	cell-line	cell-line	cell-line	plus	none	passed
ENCFF684GST	ENCFF684GST	ENCSR000EDZ	ENCSR804YJX	BPNet	normalized predicted signal profile	bigWig	ChIP-seq	MAFK	HepG2	cell-line	cell-line	cell-line	minus	none	passed
ENCFF733BWX	ENCFF733BWX	ENCSR000EEB	ENCSR171MQW	BPNet	normalized predicted signal profile	bigWig	ChIP-seq	MAFK	HepG2	cell-line	cell-line	cell-line	minus	none	passed
ENCFF136DSO	ENCFF136DSO	ENCSR000EDZ	ENCSR804YJX	BPNet	normalized predicted signal profile	bigWig	ChIP-seq	MAFK	HepG2	cell-line	cell-line	cell-line	plus	none	passed
ENCFF655VAX	ENCFF655VAX	ENCSR000EEB	ENCSR171MQW	BPNet	normalized predicted signal profile	bigWig	ChIP-seq	MAFK	HepG2	cell-line	cell-line	cell-line	plus	none	passed
ENCFF667GSA	ENCFF667GSA	ENCSR000EFH	ENCSR476QNT	BPNet	normalized predicted signal profile	bigWig	ChIP-seq	MAFK	IMR-90	cell-line	cell-line	cell-line	minus	none	passed
ENCFF411PLL	ENCFF411PLL	ENCSR000EFH	ENCSR476QNT	BPNet	normalized predicted signal profile	bigWig	ChIP-seq	MAFK	IMR-90	cell-line	cell-line	cell-line	plus	none	passed
ENCFF835WSD	ENCFF835WSD	ENCSR000EGX	ENCSR562GPY	BPNet	normalized predicted signal profile	bigWig	ChIP-seq	MAFK	K562	cell-line	cell-line	cell-line	minus	none	passed
ENCFF681OAE	ENCFF681OAE	ENCSR000EGX	ENCSR562GPY	BPNet	normalized predicted signal profile	bigWig	ChIP-seq	MAFK	K562	cell-line	cell-line	cell-line	plus	none	passed
ENCFF096DTZ	ENCFF096DTZ	ENCSR555PBN	ENCSR478ZIL	BPNet	normalized predicted signal profile	bigWig	ChIP-seq	MAFK	MCF-7	cell-line	cell-line	cell-line	minus	none	passed
ENCFF399MWU	ENCFF399MWU	ENCSR555PBN	ENCSR478ZIL	BPNet	normalized predicted signal profile	bigWig	ChIP-seq	MAFK	MCF-7	cell-line	cell-line	cell-line	plus	none	passed
ENCFF062MBQ	ENCFF062MBQ	ENCSR000DYG	ENCSR497CAB	BPNet	normalized predicted signal profile	bigWig	ChIP-seq	MAX	A549	cell-line	cell-line	cell-line	minus	none	passed
ENCFF691RST	ENCFF691RST	ENCSR000BTJ	ENCSR659CLW	BPNet	normalized predicted signal profile	bigWig	ChIP-seq	MAX	A549	cell-line	cell-line	cell-line	minus	none	passed
ENCFF159TUF	ENCFF159TUF	ENCSR000DYG	ENCSR497CAB	BPNet	normalized predicted signal profile	bigWig	ChIP-seq	MAX	A549	cell-line	cell-line	cell-line	plus	none	passed
ENCFF569OGI	ENCFF569OGI	ENCSR000BTJ	ENCSR659CLW	BPNet	normalized predicted signal profile	bigWig	ChIP-seq	MAX	A549	cell-line	cell-line	cell-line	plus	none	passed
ENCFF642WTE	ENCFF642WTE	ENCSR000DZF	ENCSR419HPN	BPNet	normalized predicted signal profile	bigWig	ChIP-seq	MAX	GM12878	cell-line	cell-line	cell-line	minus	none	passed
ENCFF982OAB	ENCFF982OAB	ENCSR000DZF	ENCSR419HPN	BPNet	normalized predicted signal profile	bigWig	ChIP-seq	MAX	GM12878	cell-line	cell-line	cell-line	plus	none	passed
ENCFF490XCN	ENCFF490XCN	ENCSR000BSJ	ENCSR217JCX	BPNet	normalized predicted signal profile	bigWig	ChIP-seq	MAX	H1	cell-line	cell-line	cell-line	minus	none	passed
ENCFF528ZDI	ENCFF528ZDI	ENCSR000BSJ	ENCSR217JCX	BPNet	normalized predicted signal profile	bigWig	ChIP-seq	MAX	H1	cell-line	cell-line	cell-line	plus	none	passed
ENCFF082GMR	ENCFF082GMR	ENCSR000BSH	ENCSR944KJS	BPNet	normalized predicted signal profile	bigWig	ChIP-seq	MAX	HCT116	cell-line	cell-line	cell-line	minus	none	passed
ENCFF446UCA	ENCFF446UCA	ENCSR000BSH	ENCSR944KJS	BPNet	normalized predicted signal profile	bigWig	ChIP-seq	MAX	HCT116	cell-line	cell-line	cell-line	plus	none	passed
ENCFF134MQX	ENCFF134MQX	ENCSR000EZF	ENCSR575CEK	BPNet	normalized predicted signal profile	bigWig	ChIP-seq	MAX	HeLa-S3	cell-line	cell-line	cell-line	minus	none	passed
ENCFF271XZE	ENCFF271XZE	ENCSR000ECN	ENCSR524JTY	BPNet	normalized predicted signal profile	bigWig	ChIP-seq	MAX	HeLa-S3	cell-line	cell-line	cell-line	minus	none	passed
ENCFF232XMM	ENCFF232XMM	ENCSR000EZF	ENCSR575CEK	BPNet	normalized predicted signal profile	bigWig	ChIP-seq	MAX	HeLa-S3	cell-line	cell-line	cell-line	plus	none	passed
ENCFF494UVM	ENCFF494UVM	ENCSR000ECN	ENCSR524JTY	BPNet	normalized predicted signal profile	bigWig	ChIP-seq	MAX	HeLa-S3	cell-line	cell-line	cell-line	plus	none	passed
ENCFF386AKK	ENCFF386AKK	ENCSR000EDS	ENCSR086FPA	BPNet	normalized predicted signal profile	bigWig	ChIP-seq	MAX	HepG2	cell-line	cell-line	cell-line	minus	none	passed
ENCFF496MWL	ENCFF496MWL	ENCSR168DYA	ENCSR173YVF	BPNet	normalized predicted signal profile	bigWig	ChIP-seq	MAX	HepG2	cell-line	cell-line	cell-line	minus	none	passed
ENCFF715JFO	ENCFF715JFO	ENCSR000BTM	ENCSR625YWT	BPNet	normalized predicted signal profile	bigWig	ChIP-seq	MAX	HepG2	cell-line	cell-line	cell-line	minus	none	passed
ENCFF581VLU	ENCFF581VLU	ENCSR168DYA	ENCSR173YVF	BPNet	normalized predicted signal profile	bigWig	ChIP-seq	MAX	HepG2	cell-line	cell-line	cell-line	plus	none	passed
ENCFF627FUR	ENCFF627FUR	ENCSR000EDS	ENCSR086FPA	BPNet	normalized predicted signal profile	bigWig	ChIP-seq	MAX	HepG2	cell-line	cell-line	cell-line	plus	none	passed
ENCFF866ALE	ENCFF866ALE	ENCSR000BTM	ENCSR625YWT	BPNet	normalized predicted signal profile	bigWig	ChIP-seq	MAX	HepG2	cell-line	cell-line	cell-line	plus	none	passed
ENCFF403SJA	ENCFF403SJA	ENCSR000BTY	ENCSR419SPJ	BPNet	normalized predicted signal profile	bigWig	ChIP-seq	MAX	Ishikawa	cell-line	cell-line	cell-line	minus	none	passed
ENCFF809OEK	ENCFF809OEK	ENCSR000BTY	ENCSR419SPJ	BPNet	normalized predicted signal profile	bigWig	ChIP-seq	MAX	Ishikawa	cell-line	cell-line	cell-line	plus	none	passed
ENCFF182VDJ	ENCFF182VDJ	ENCSR000BLP	ENCSR327GNG	BPNet	normalized predicted signal profile	bigWig	ChIP-seq	MAX	K562	cell-line	cell-line	cell-line	minus	none	passed
ENCFF753IXC	ENCFF753IXC	ENCSR000EFV	ENCSR098FIX	BPNet	normalized predicted signal profile	bigWig	ChIP-seq	MAX	K562	cell-line	cell-line	cell-line	minus	none	passed
ENCFF833RPM	ENCFF833RPM	ENCSR000FAE	ENCSR445ZHD	BPNet	normalized predicted signal profile	bigWig	ChIP-seq	MAX	K562	cell-line	cell-line	cell-line	minus	none	passed
ENCFF930VNH	ENCFF930VNH	ENCSR158LJN	ENCSR742NEE	BPNet	normalized predicted signal profile	bigWig	ChIP-seq	MAX	K562	cell-line	cell-line	cell-line	minus	none	passed
ENCFF136GIQ	ENCFF136GIQ	ENCSR158LJN	ENCSR742NEE	BPNet	normalized predicted signal profile	bigWig	ChIP-seq	MAX	K562	cell-line	cell-line	cell-line	plus	none	passed
ENCFF231QPT	ENCFF231QPT	ENCSR000BLP	ENCSR327GNG	BPNet	normalized predicted signal profile	bigWig	ChIP-seq	MAX	K562	cell-line	cell-line	cell-line	plus	none	passed
ENCFF285CMF	ENCFF285CMF	ENCSR000EFV	ENCSR098FIX	BPNet	normalized predicted signal profile	bigWig	ChIP-seq	MAX	K562	cell-line	cell-line	cell-line	plus	none	passed
ENCFF974JKD	ENCFF974JKD	ENCSR000FAE	ENCSR445ZHD	BPNet	normalized predicted signal profile	bigWig	ChIP-seq	MAX	K562	cell-line	cell-line	cell-line	plus	none	passed
ENCFF540BCW	ENCFF540BCW	ENCSR000BUL	ENCSR259ENO	BPNet	normalized predicted signal profile	bigWig	ChIP-seq	MAX	MCF-7	cell-line	cell-line	cell-line	minus	none	passed
ENCFF015IVN	ENCFF015IVN	ENCSR000BUL	ENCSR259ENO	BPNet	normalized predicted signal profile	bigWig	ChIP-seq	MAX	MCF-7	cell-line	cell-line	cell-line	plus	none	passed
ENCFF953TVY	ENCFF953TVY	ENCSR000EHS	ENCSR809RVJ	BPNet	normalized predicted signal profile	bigWig	ChIP-seq	MAX	NB4	cell-line	cell-line	cell-line	minus	none	passed
ENCFF011UNR	ENCFF011UNR	ENCSR000EHS	ENCSR809RVJ	BPNet	normalized predicted signal profile	bigWig	ChIP-seq	MAX	NB4	cell-line	cell-line	cell-line	plus	none	passed
ENCFF024ACS	ENCFF024ACS	ENCSR000BVD	ENCSR058ERJ	BPNet	normalized predicted signal profile	bigWig	ChIP-seq	MAX	SK-N-SH	cell-line	cell-line	cell-line	minus	none	passed
ENCFF437DBO	ENCFF437DBO	ENCSR000BVD	ENCSR058ERJ	BPNet	normalized predicted signal profile	bigWig	ChIP-seq	MAX	SK-N-SH	cell-line	cell-line	cell-line	plus	none	passed
ENCFF090RTP	ENCFF090RTP	ENCSR349FYX	ENCSR232HJN	BPNet	normalized predicted signal profile	bigWig	ChIP-seq	MAX	WTC11	cell-line	cell-line	cell-line	minus	none	passed
ENCFF559MZP	ENCFF559MZP	ENCSR349FYX	ENCSR232HJN	BPNet	normalized predicted signal profile	bigWig	ChIP-seq	MAX	WTC11	cell-line	cell-line	cell-line	plus	none	passed
ENCFF806XCC	ENCFF806XCC	ENCSR000EEZ	ENCSR180XFU	BPNet	normalized predicted signal profile	bigWig	ChIP-seq	MAX	endothelial-cell-of-umbilical-vein	endothelial	blood-vessel	circulatory-system	minus	none	passed
ENCFF592PBC	ENCFF592PBC	ENCSR000EEZ	ENCSR180XFU	BPNet	normalized predicted signal profile	bigWig	ChIP-seq	MAX	endothelial-cell-of-umbilical-vein	endothelial	blood-vessel	circulatory-system	plus	none	passed
ENCFF456QTA	ENCFF456QTA	ENCSR847DIT	ENCSR950MFN	BPNet	normalized predicted signal profile	bigWig	ChIP-seq	MAX	liver	liver	liver	digestive-system	minus	none	passed
ENCFF512CFU	ENCFF512CFU	ENCSR521IID	ENCSR114XLN	BPNet	normalized predicted signal profile	bigWig	ChIP-seq	MAX	liver	liver	liver	digestive-system	minus	none	passed
ENCFF235MYN	ENCFF235MYN	ENCSR847DIT	ENCSR950MFN	BPNet	normalized predicted signal profile	bigWig	ChIP-seq	MAX	liver	liver	liver	digestive-system	plus	none	passed
ENCFF500HUJ	ENCFF500HUJ	ENCSR521IID	ENCSR114XLN	BPNet	normalized predicted signal profile	bigWig	ChIP-seq	MAX	liver	liver	liver	digestive-system	plus	none	passed
ENCFF599OJS	ENCFF599OJS	ENCSR636YLV	ENCSR118TTR	BPNet	normalized predicted signal profile	bigWig	ChIP-seq	MAZ	A549	cell-line	cell-line	cell-line	minus	none	passed
ENCFF053IFF	ENCFF053IFF	ENCSR636YLV	ENCSR118TTR	BPNet	normalized predicted signal profile	bigWig	ChIP-seq	MAZ	A549	cell-line	cell-line	cell-line	plus	none	passed
ENCFF711XGL	ENCFF711XGL	ENCSR903MVU	ENCSR335TIH	BPNet	normalized predicted signal profile	bigWig	ChIP-seq	MAZ	GM12878	cell-line	cell-line	cell-line	minus	none	passed
ENCFF900YPH	ENCFF900YPH	ENCSR000DZA	ENCSR461ZEC	BPNet	normalized predicted signal profile	bigWig	ChIP-seq	MAZ	GM12878	cell-line	cell-line	cell-line	minus	none	passed
ENCFF193GVF	ENCFF193GVF	ENCSR000DZA	ENCSR461ZEC	BPNet	normalized predicted signal profile	bigWig	ChIP-seq	MAZ	GM12878	cell-line	cell-line	cell-line	plus	none	passed
ENCFF999COQ	ENCFF999COQ	ENCSR903MVU	ENCSR335TIH	BPNet	normalized predicted signal profile	bigWig	ChIP-seq	MAZ	GM12878	cell-line	cell-line	cell-line	plus	none	passed
ENCFF325QCC	ENCFF325QCC	ENCSR290SSQ	ENCSR821GPM	BPNet	normalized predicted signal profile	bigWig	ChIP-seq	MAZ	HEK293	cell-line	cell-line	cell-line	minus	none	passed
ENCFF584ASX	ENCFF584ASX	ENCSR290SSQ	ENCSR821GPM	BPNet	normalized predicted signal profile	bigWig	ChIP-seq	MAZ	HEK293	cell-line	cell-line	cell-line	plus	none	passed
ENCFF336WUV	ENCFF336WUV	ENCSR000ECL	ENCSR868PEZ	BPNet	normalized predicted signal profile	bigWig	ChIP-seq	MAZ	HeLa-S3	cell-line	cell-line	cell-line	minus	none	passed
ENCFF887EMT	ENCFF887EMT	ENCSR000ECL	ENCSR868PEZ	BPNet	normalized predicted signal profile	bigWig	ChIP-seq	MAZ	HeLa-S3	cell-line	cell-line	cell-line	plus	none	passed
ENCFF449VUE	ENCFF449VUE	ENCSR700PNE	ENCSR898PVS	BPNet	normalized predicted signal profile	bigWig	ChIP-seq	MAZ	HepG2	cell-line	cell-line	cell-line	minus	none	passed
ENCFF460QTK	ENCFF460QTK	ENCSR000EDN	ENCSR364YEH	BPNet	normalized predicted signal profile	bigWig	ChIP-seq	MAZ	HepG2	cell-line	cell-line	cell-line	minus	none	passed
ENCFF661ZXJ	ENCFF661ZXJ	ENCSR700PNE	ENCSR898PVS	BPNet	normalized predicted signal profile	bigWig	ChIP-seq	MAZ	HepG2	cell-line	cell-line	cell-line	plus	none	passed
ENCFF698IID	ENCFF698IID	ENCSR000EDN	ENCSR364YEH	BPNet	normalized predicted signal profile	bigWig	ChIP-seq	MAZ	HepG2	cell-line	cell-line	cell-line	plus	none	passed
ENCFF125NKV	ENCFF125NKV	ENCSR000EFF	ENCSR982VJO	BPNet	normalized predicted signal profile	bigWig	ChIP-seq	MAZ	IMR-90	cell-line	cell-line	cell-line	minus	none	passed
ENCFF565GVZ	ENCFF565GVZ	ENCSR000EFF	ENCSR982VJO	BPNet	normalized predicted signal profile	bigWig	ChIP-seq	MAZ	IMR-90	cell-line	cell-line	cell-line	plus	none	passed
ENCFF050EDP	ENCFF050EDP	ENCSR000EFX	ENCSR535NQC	BPNet	normalized predicted signal profile	bigWig	ChIP-seq	MAZ	K562	cell-line	cell-line	cell-line	minus	none	passed
ENCFF249DTG	ENCFF249DTG	ENCSR643JRH	ENCSR098VYP	BPNet	normalized predicted signal profile	bigWig	ChIP-seq	MAZ	K562	cell-line	cell-line	cell-line	minus	none	passed
ENCFF415IUG	ENCFF415IUG	ENCSR163IUV	ENCSR499PPK	BPNet	normalized predicted signal profile	bigWig	ChIP-seq	MAZ	K562	cell-line	cell-line	cell-line	minus	none	passed
ENCFF398MAF	ENCFF398MAF	ENCSR643JRH	ENCSR098VYP	BPNet	normalized predicted signal profile	bigWig	ChIP-seq	MAZ	K562	cell-line	cell-line	cell-line	plus	none	passed
ENCFF639SQZ	ENCFF639SQZ	ENCSR163IUV	ENCSR499PPK	BPNet	normalized predicted signal profile	bigWig	ChIP-seq	MAZ	K562	cell-line	cell-line	cell-line	plus	none	passed
ENCFF918GFB	ENCFF918GFB	ENCSR000EFX	ENCSR535NQC	BPNet	normalized predicted signal profile	bigWig	ChIP-seq	MAZ	K562	cell-line	cell-line	cell-line	plus	none	passed
ENCFF285WVO	ENCFF285WVO	ENCSR288IJC	ENCSR249QEG	BPNet	normalized predicted signal profile	bigWig	ChIP-seq	MAZ	MCF-7	cell-line	cell-line	cell-line	minus	none	passed
ENCFF947UER	ENCFF947UER	ENCSR288IJC	ENCSR249QEG	BPNet	normalized predicted signal profile	bigWig	ChIP-seq	MAZ	MCF-7	cell-line	cell-line	cell-line	plus	none	passed
ENCFF310OIG	ENCFF310OIG	ENCSR260UJI	ENCSR735EUV	BPNet	normalized predicted signal profile	bigWig	ChIP-seq	MBD1	HepG2	cell-line	cell-line	cell-line	minus	none	passed
ENCFF884FME	ENCFF884FME	ENCSR396QWK	ENCSR664JFH	BPNet	normalized predicted signal profile	bigWig	ChIP-seq	MBD1	HepG2	cell-line	cell-line	cell-line	minus	none	passed
ENCFF343WZD	ENCFF343WZD	ENCSR396QWK	ENCSR664JFH	BPNet	normalized predicted signal profile	bigWig	ChIP-seq	MBD1	HepG2	cell-line	cell-line	cell-line	plus	none	passed
ENCFF701SWW	ENCFF701SWW	ENCSR260UJI	ENCSR735EUV	BPNet	normalized predicted signal profile	bigWig	ChIP-seq	MBD1	HepG2	cell-line	cell-line	cell-line	plus	none	passed
ENCFF799LDX	ENCFF799LDX	ENCSR158BGH	ENCSR613UNL	BPNet	normalized predicted signal profile	bigWig	ChIP-seq	MBD1	K562	cell-line	cell-line	cell-line	minus	none	passed
ENCFF705EYM	ENCFF705EYM	ENCSR158BGH	ENCSR613UNL	BPNet	normalized predicted signal profile	bigWig	ChIP-seq	MBD1	K562	cell-line	cell-line	cell-line	plus	none	passed
ENCFF871RBC	ENCFF871RBC	ENCSR000BKB	ENCSR275MUR	BPNet	normalized predicted signal profile	bigWig	ChIP-seq	MEF2A	GM12878	cell-line	cell-line	cell-line	minus	none	passed
ENCFF637OVV	ENCFF637OVV	ENCSR000BKB	ENCSR275MUR	BPNet	normalized predicted signal profile	bigWig	ChIP-seq	MEF2A	GM12878	cell-line	cell-line	cell-line	plus	none	passed
ENCFF220JXA	ENCFF220JXA	ENCSR000BNV	ENCSR334ZYL	BPNet	normalized predicted signal profile	bigWig	ChIP-seq	MEF2A	K562	cell-line	cell-line	cell-line	minus	none	passed
ENCFF898FNP	ENCFF898FNP	ENCSR000BNV	ENCSR334ZYL	BPNet	normalized predicted signal profile	bigWig	ChIP-seq	MEF2A	K562	cell-line	cell-line	cell-line	plus	none	passed
ENCFF722ECB	ENCFF722ECB	ENCSR000BVC	ENCSR697PQB	BPNet	normalized predicted signal profile	bigWig	ChIP-seq	MEF2A	SK-N-SH	cell-line	cell-line	cell-line	minus	none	passed
ENCFF789GSL	ENCFF789GSL	ENCSR000BVC	ENCSR697PQB	BPNet	normalized predicted signal profile	bigWig	ChIP-seq	MEF2A	SK-N-SH	cell-line	cell-line	cell-line	plus	none	passed
ENCFF398FPA	ENCFF398FPA	ENCSR177VFS	ENCSR970WDM	BPNet	normalized predicted signal profile	bigWig	ChIP-seq	MEF2B	GM12878	cell-line	cell-line	cell-line	minus	none	passed
ENCFF223EUM	ENCFF223EUM	ENCSR177VFS	ENCSR970WDM	BPNet	normalized predicted signal profile	bigWig	ChIP-seq	MEF2B	GM12878	cell-line	cell-line	cell-line	plus	none	passed
ENCFF692KJV	ENCFF692KJV	ENCSR000BNG	ENCSR020NVK	BPNet	normalized predicted signal profile	bigWig	ChIP-seq	MEF2C	GM12878	cell-line	cell-line	cell-line	minus	none	passed
ENCFF937EGU	ENCFF937EGU	ENCSR000BNG	ENCSR020NVK	BPNet	normalized predicted signal profile	bigWig	ChIP-seq	MEF2C	GM12878	cell-line	cell-line	cell-line	plus	none	passed
ENCFF522IJY	ENCFF522IJY	ENCSR923MOO	ENCSR230CCY	BPNet	normalized predicted signal profile	bigWig	ChIP-seq	MEF2D	HepG2	cell-line	cell-line	cell-line	minus	none	passed
ENCFF094HZM	ENCFF094HZM	ENCSR923MOO	ENCSR230CCY	BPNet	normalized predicted signal profile	bigWig	ChIP-seq	MEF2D	HepG2	cell-line	cell-line	cell-line	plus	none	passed
ENCFF822SIK	ENCFF822SIK	ENCSR647ZXA	ENCSR388OSJ	BPNet	normalized predicted signal profile	bigWig	ChIP-seq	MEF2D	K562	cell-line	cell-line	cell-line	minus	none	passed
ENCFF824DYE	ENCFF824DYE	ENCSR647ZXA	ENCSR388OSJ	BPNet	normalized predicted signal profile	bigWig	ChIP-seq	MEF2D	K562	cell-line	cell-line	cell-line	plus	none	passed
ENCFF655QFZ	ENCFF655QFZ	ENCSR186JMM	ENCSR961ONW	BPNet	normalized predicted signal profile	bigWig	ChIP-seq	MEIS1	HEK293	cell-line	cell-line	cell-line	minus	none	passed
ENCFF303OSG	ENCFF303OSG	ENCSR186JMM	ENCSR961ONW	BPNet	normalized predicted signal profile	bigWig	ChIP-seq	MEIS1	HEK293	cell-line	cell-line	cell-line	plus	none	passed
ENCFF967NAM	ENCFF967NAM	ENCSR695WOH	ENCSR308XUJ	BPNet	normalized predicted signal profile	bigWig	ChIP-seq	MEIS1	HepG2	cell-line	cell-line	cell-line	minus	none	passed
ENCFF711BSZ	ENCFF711BSZ	ENCSR695WOH	ENCSR308XUJ	BPNet	normalized predicted signal profile	bigWig	ChIP-seq	MEIS1	HepG2	cell-line	cell-line	cell-line	plus	none	passed
ENCFF686KFU	ENCFF686KFU	ENCSR830LDY	ENCSR181VDR	BPNet	normalized predicted signal profile	bigWig	ChIP-seq	MEIS2	HepG2	cell-line	cell-line	cell-line	minus	none	passed
ENCFF531XUR	ENCFF531XUR	ENCSR830LDY	ENCSR181VDR	BPNet	normalized predicted signal profile	bigWig	ChIP-seq	MEIS2	HepG2	cell-line	cell-line	cell-line	plus	none	passed
ENCFF446UOF	ENCFF446UOF	ENCSR851BNE	ENCSR603QNK	BPNet	normalized predicted signal profile	bigWig	ChIP-seq	MEIS2	K562	cell-line	cell-line	cell-line	minus	none	passed
ENCFF350PMT	ENCFF350PMT	ENCSR851BNE	ENCSR603QNK	BPNet	normalized predicted signal profile	bigWig	ChIP-seq	MEIS2	K562	cell-line	cell-line	cell-line	plus	none	passed
ENCFF776IKQ	ENCFF776IKQ	ENCSR912NEF	ENCSR230PRA	BPNet	normalized predicted signal profile	bigWig	ChIP-seq	MGA	HepG2	cell-line	cell-line	cell-line	minus	none	passed
ENCFF976SIE	ENCFF976SIE	ENCSR912NEF	ENCSR230PRA	BPNet	normalized predicted signal profile	bigWig	ChIP-seq	MGA	HepG2	cell-line	cell-line	cell-line	plus	none	passed
ENCFF353ODS	ENCFF353ODS	ENCSR710WLO	ENCSR460CBW	BPNet	normalized predicted signal profile	bigWig	ChIP-seq	MGA	K562	cell-line	cell-line	cell-line	minus	none	passed
ENCFF895CUE	ENCFF895CUE	ENCSR710WLO	ENCSR460CBW	BPNet	normalized predicted signal profile	bigWig	ChIP-seq	MGA	K562	cell-line	cell-line	cell-line	plus	none	passed
ENCFF397WWR	ENCFF397WWR	ENCSR000FCB	ENCSR286KMC	BPNet	normalized predicted signal profile	bigWig	ChIP-seq	MITF	K562	cell-line	cell-line	cell-line	minus	none	passed
ENCFF469DJH	ENCFF469DJH	ENCSR797SWM	ENCSR551LHV	BPNet	normalized predicted signal profile	bigWig	ChIP-seq	MITF	K562	cell-line	cell-line	cell-line	minus	none	passed
ENCFF807BXK	ENCFF807BXK	ENCSR000FCB	ENCSR286KMC	BPNet	normalized predicted signal profile	bigWig	ChIP-seq	MITF	K562	cell-line	cell-line	cell-line	plus	none	passed
ENCFF914TPV	ENCFF914TPV	ENCSR797SWM	ENCSR551LHV	BPNet	normalized predicted signal profile	bigWig	ChIP-seq	MITF	K562	cell-line	cell-line	cell-line	plus	none	passed
ENCFF820VSQ	ENCFF820VSQ	ENCSR966PJY	ENCSR799OQI	BPNet	normalized predicted signal profile	bigWig	ChIP-seq	MIXL1	HepG2	cell-line	cell-line	cell-line	minus	none	passed
ENCFF059QIO	ENCFF059QIO	ENCSR966PJY	ENCSR799OQI	BPNet	normalized predicted signal profile	bigWig	ChIP-seq	MIXL1	HepG2	cell-line	cell-line	cell-line	plus	none	passed
ENCFF756HCC	ENCFF756HCC	ENCSR125DAD	ENCSR141QPF	BPNet	normalized predicted signal profile	bigWig	ChIP-seq	MLX	HepG2	cell-line	cell-line	cell-line	minus	none	passed
ENCFF920FME	ENCFF920FME	ENCSR125DAD	ENCSR141QPF	BPNet	normalized predicted signal profile	bigWig	ChIP-seq	MLX	HepG2	cell-line	cell-line	cell-line	plus	none	passed
ENCFF952JTE	ENCFF952JTE	ENCSR802UCW	ENCSR042HWF	BPNet	normalized predicted signal profile	bigWig	ChIP-seq	MLXIP	HepG2	cell-line	cell-line	cell-line	minus	none	passed
ENCFF817JUM	ENCFF817JUM	ENCSR802UCW	ENCSR042HWF	BPNet	normalized predicted signal profile	bigWig	ChIP-seq	MLXIP	HepG2	cell-line	cell-line	cell-line	plus	none	passed
ENCFF096YSR	ENCFF096YSR	ENCSR730TBC	ENCSR981BLG	BPNet	normalized predicted signal profile	bigWig	ChIP-seq	MNT	HepG2	cell-line	cell-line	cell-line	minus	none	passed
ENCFF980DRE	ENCFF980DRE	ENCSR261EDU	ENCSR165AJR	BPNet	normalized predicted signal profile	bigWig	ChIP-seq	MNT	HepG2	cell-line	cell-line	cell-line	minus	none	passed
ENCFF750ASA	ENCFF750ASA	ENCSR261EDU	ENCSR165AJR	BPNet	normalized predicted signal profile	bigWig	ChIP-seq	MNT	HepG2	cell-line	cell-line	cell-line	plus	none	passed
ENCFF887GLU	ENCFF887GLU	ENCSR730TBC	ENCSR981BLG	BPNet	normalized predicted signal profile	bigWig	ChIP-seq	MNT	HepG2	cell-line	cell-line	cell-line	plus	none	passed
ENCFF453ASF	ENCFF453ASF	ENCSR512NLO	ENCSR320KQY	BPNet	normalized predicted signal profile	bigWig	ChIP-seq	MNT	K562	cell-line	cell-line	cell-line	minus	none	passed
ENCFF622YDZ	ENCFF622YDZ	ENCSR979QYJ	ENCSR796WXI	BPNet	normalized predicted signal profile	bigWig	ChIP-seq	MNT	K562	cell-line	cell-line	cell-line	minus	none	passed
ENCFF654AVH	ENCFF654AVH	ENCSR390VGH	ENCSR702FUG	BPNet	normalized predicted signal profile	bigWig	ChIP-seq	MNT	K562	cell-line	cell-line	cell-line	minus	none	passed
ENCFF313ULC	ENCFF313ULC	ENCSR390VGH	ENCSR702FUG	BPNet	normalized predicted signal profile	bigWig	ChIP-seq	MNT	K562	cell-line	cell-line	cell-line	plus	none	passed
ENCFF502WQT	ENCFF502WQT	ENCSR512NLO	ENCSR320KQY	BPNet	normalized predicted signal profile	bigWig	ChIP-seq	MNT	K562	cell-line	cell-line	cell-line	plus	none	passed
ENCFF805BBZ	ENCFF805BBZ	ENCSR979QYJ	ENCSR796WXI	BPNet	normalized predicted signal profile	bigWig	ChIP-seq	MNT	K562	cell-line	cell-line	cell-line	plus	none	passed
ENCFF626YUN	ENCFF626YUN	ENCSR663ZZZ	ENCSR942KSS	BPNet	normalized predicted signal profile	bigWig	ChIP-seq	MNT	MCF-7	cell-line	cell-line	cell-line	minus	none	passed
ENCFF537LOG	ENCFF537LOG	ENCSR663ZZZ	ENCSR942KSS	BPNet	normalized predicted signal profile	bigWig	ChIP-seq	MNT	MCF-7	cell-line	cell-line	cell-line	plus	none	passed
ENCFF101ADW	ENCFF101ADW	ENCSR194NVP	ENCSR754RTF	BPNet	normalized predicted signal profile	bigWig	ChIP-seq	MTF1	HepG2	cell-line	cell-line	cell-line	minus	none	passed
ENCFF013ZFC	ENCFF013ZFC	ENCSR194NVP	ENCSR754RTF	BPNet	normalized predicted signal profile	bigWig	ChIP-seq	MTF1	HepG2	cell-line	cell-line	cell-line	plus	none	passed
ENCFF225XER	ENCFF225XER	ENCSR000DZI	ENCSR363LRQ	BPNet	normalized predicted signal profile	bigWig	ChIP-seq	MXI1	GM12878	cell-line	cell-line	cell-line	minus	none	passed
ENCFF699UTL	ENCFF699UTL	ENCSR000DZI	ENCSR363LRQ	BPNet	normalized predicted signal profile	bigWig	ChIP-seq	MXI1	GM12878	cell-line	cell-line	cell-line	plus	none	passed
ENCFF774DHR	ENCFF774DHR	ENCSR000EBR	ENCSR404AIR	BPNet	normalized predicted signal profile	bigWig	ChIP-seq	MXI1	H1	cell-line	cell-line	cell-line	minus	none	passed
ENCFF883UQR	ENCFF883UQR	ENCSR000EBR	ENCSR404AIR	BPNet	normalized predicted signal profile	bigWig	ChIP-seq	MXI1	H1	cell-line	cell-line	cell-line	plus	none	passed
ENCFF865XGY	ENCFF865XGY	ENCSR000ECU	ENCSR362OIW	BPNet	normalized predicted signal profile	bigWig	ChIP-seq	MXI1	HeLa-S3	cell-line	cell-line	cell-line	minus	none	passed
ENCFF693QXA	ENCFF693QXA	ENCSR000ECU	ENCSR362OIW	BPNet	normalized predicted signal profile	bigWig	ChIP-seq	MXI1	HeLa-S3	cell-line	cell-line	cell-line	plus	none	passed
ENCFF771DUU	ENCFF771DUU	ENCSR000EDU	ENCSR207EEE	BPNet	normalized predicted signal profile	bigWig	ChIP-seq	MXI1	HepG2	cell-line	cell-line	cell-line	minus	none	passed
ENCFF573KJE	ENCFF573KJE	ENCSR000EDU	ENCSR207EEE	BPNet	normalized predicted signal profile	bigWig	ChIP-seq	MXI1	HepG2	cell-line	cell-line	cell-line	plus	none	passed
ENCFF177ITT	ENCFF177ITT	ENCSR000EFE	ENCSR450MOL	BPNet	normalized predicted signal profile	bigWig	ChIP-seq	MXI1	IMR-90	cell-line	cell-line	cell-line	minus	none	passed
ENCFF571TSP	ENCFF571TSP	ENCSR000EFE	ENCSR450MOL	BPNet	normalized predicted signal profile	bigWig	ChIP-seq	MXI1	IMR-90	cell-line	cell-line	cell-line	plus	none	passed
ENCFF598XRA	ENCFF598XRA	ENCSR000EGZ	ENCSR574SIH	BPNet	normalized predicted signal profile	bigWig	ChIP-seq	MXI1	K562	cell-line	cell-line	cell-line	minus	none	passed
ENCFF333FRQ	ENCFF333FRQ	ENCSR000EGZ	ENCSR574SIH	BPNet	normalized predicted signal profile	bigWig	ChIP-seq	MXI1	K562	cell-line	cell-line	cell-line	plus	none	passed
ENCFF373OWN	ENCFF373OWN	ENCSR000EIA	ENCSR486KID	BPNet	normalized predicted signal profile	bigWig	ChIP-seq	MXI1	SK-N-SH	cell-line	cell-line	cell-line	minus	none	passed
ENCFF508VWJ	ENCFF508VWJ	ENCSR000EIA	ENCSR486KID	BPNet	normalized predicted signal profile	bigWig	ChIP-seq	MXI1	SK-N-SH	cell-line	cell-line	cell-line	plus	none	passed
ENCFF380CFE	ENCFF380CFE	ENCSR934NHU	ENCSR563HKR	BPNet	normalized predicted signal profile	bigWig	ChIP-seq	MXI1	neural-cell	neural	nerve	central-nervous-system	minus	none	passed
ENCFF766STF	ENCFF766STF	ENCSR934NHU	ENCSR563HKR	BPNet	normalized predicted signal profile	bigWig	ChIP-seq	MXI1	neural-cell	neural	nerve	central-nervous-system	plus	none	passed
ENCFF160HTL	ENCFF160HTL	ENCSR581KCO	ENCSR028NEG	BPNet	normalized predicted signal profile	bigWig	ChIP-seq	MYBL2	HepG2	cell-line	cell-line	cell-line	minus	none	passed
ENCFF257WFO	ENCFF257WFO	ENCSR000BRO	ENCSR719FRN	BPNet	normalized predicted signal profile	bigWig	ChIP-seq	MYBL2	HepG2	cell-line	cell-line	cell-line	minus	none	passed
ENCFF025LEL	ENCFF025LEL	ENCSR581KCO	ENCSR028NEG	BPNet	normalized predicted signal profile	bigWig	ChIP-seq	MYBL2	HepG2	cell-line	cell-line	cell-line	plus	none	passed
ENCFF445AZH	ENCFF445AZH	ENCSR000BRO	ENCSR719FRN	BPNet	normalized predicted signal profile	bigWig	ChIP-seq	MYBL2	HepG2	cell-line	cell-line	cell-line	plus	none	passed
ENCFF424HZW	ENCFF424HZW	ENCSR162IEM	ENCSR205DJP	BPNet	normalized predicted signal profile	bigWig	ChIP-seq	MYBL2	K562	cell-line	cell-line	cell-line	minus	none	passed
ENCFF155JVT	ENCFF155JVT	ENCSR162IEM	ENCSR205DJP	BPNet	normalized predicted signal profile	bigWig	ChIP-seq	MYBL2	K562	cell-line	cell-line	cell-line	plus	none	passed
ENCFF512MHT	ENCFF512MHT	ENCSR000DYC	ENCSR488KUW	BPNet	normalized predicted signal profile	bigWig	ChIP-seq	MYC	A549	cell-line	cell-line	cell-line	minus	none	passed
ENCFF266CWR	ENCFF266CWR	ENCSR000DYC	ENCSR488KUW	BPNet	normalized predicted signal profile	bigWig	ChIP-seq	MYC	A549	cell-line	cell-line	cell-line	plus	none	passed
ENCFF914YCE	ENCFF914YCE	ENCSR000EBY	ENCSR659ZTN	BPNet	normalized predicted signal profile	bigWig	ChIP-seq	MYC	H1	cell-line	cell-line	cell-line	minus	none	passed
ENCFF383LCL	ENCFF383LCL	ENCSR000EBY	ENCSR659ZTN	BPNet	normalized predicted signal profile	bigWig	ChIP-seq	MYC	H1	cell-line	cell-line	cell-line	plus	none	passed
ENCFF878YLJ	ENCFF878YLJ	ENCSR000EZD	ENCSR786SZX	BPNet	normalized predicted signal profile	bigWig	ChIP-seq	MYC	HeLa-S3	cell-line	cell-line	cell-line	minus	none	passed
ENCFF572PJP	ENCFF572PJP	ENCSR000EZD	ENCSR786SZX	BPNet	normalized predicted signal profile	bigWig	ChIP-seq	MYC	HeLa-S3	cell-line	cell-line	cell-line	plus	none	passed
ENCFF108VDS	ENCFF108VDS	ENCSR784BVD	ENCSR255YZO	BPNet	normalized predicted signal profile	bigWig	ChIP-seq	MYC	HepG2	cell-line	cell-line	cell-line	minus	none	passed
ENCFF746WGW	ENCFF746WGW	ENCSR784BVD	ENCSR255YZO	BPNet	normalized predicted signal profile	bigWig	ChIP-seq	MYC	HepG2	cell-line	cell-line	cell-line	plus	none	passed
ENCFF311CIG	ENCFF311CIG	ENCSR000DLZ	ENCSR490UCL	BPNet	normalized predicted signal profile	bigWig	ChIP-seq	MYC	K562	cell-line	cell-line	cell-line	minus	none	passed
ENCFF370HVA	ENCFF370HVA	ENCSR000FAZ	ENCSR232ZNL	BPNet	normalized predicted signal profile	bigWig	ChIP-seq	MYC	K562	cell-line	cell-line	cell-line	minus	none	passed
ENCFF372GSI	ENCFF372GSI	ENCSR000EZU	ENCSR073AVM	BPNet	normalized predicted signal profile	bigWig	ChIP-seq	MYC	K562	cell-line	cell-line	cell-line	minus	none	passed
ENCFF498NXL	ENCFF498NXL	ENCSR000FAG	ENCSR698FPV	BPNet	normalized predicted signal profile	bigWig	ChIP-seq	MYC	K562	cell-line	cell-line	cell-line	minus	none	passed
ENCFF836BNR	ENCFF836BNR	ENCSR744JJU	ENCSR475EUF	BPNet	normalized predicted signal profile	bigWig	ChIP-seq	MYC	K562	cell-line	cell-line	cell-line	minus	none	passed
ENCFF848YWO	ENCFF848YWO	ENCSR000EZV	ENCSR137NGE	BPNet	normalized predicted signal profile	bigWig	ChIP-seq	MYC	K562	cell-line	cell-line	cell-line	minus	none	passed
ENCFF923RAB	ENCFF923RAB	ENCSR000EGS	ENCSR874LMM	BPNet	normalized predicted signal profile	bigWig	ChIP-seq	MYC	K562	cell-line	cell-line	cell-line	minus	none	passed
ENCFF955XWP	ENCFF955XWP	ENCSR000EGJ	ENCSR391PGO	BPNet	normalized predicted signal profile	bigWig	ChIP-seq	MYC	K562	cell-line	cell-line	cell-line	minus	none	passed
ENCFF155KES	ENCFF155KES	ENCSR000EZV	ENCSR137NGE	BPNet	normalized predicted signal profile	bigWig	ChIP-seq	MYC	K562	cell-line	cell-line	cell-line	plus	none	passed
ENCFF181YXF	ENCFF181YXF	ENCSR000EGS	ENCSR874LMM	BPNet	normalized predicted signal profile	bigWig	ChIP-seq	MYC	K562	cell-line	cell-line	cell-line	plus	none	passed
ENCFF327HGE	ENCFF327HGE	ENCSR000FAZ	ENCSR232ZNL	BPNet	normalized predicted signal profile	bigWig	ChIP-seq	MYC	K562	cell-line	cell-line	cell-line	plus	none	passed
ENCFF584TWA	ENCFF584TWA	ENCSR000FAG	ENCSR698FPV	BPNet	normalized predicted signal profile	bigWig	ChIP-seq	MYC	K562	cell-line	cell-line	cell-line	plus	none	passed
ENCFF608JGM	ENCFF608JGM	ENCSR000EZU	ENCSR073AVM	BPNet	normalized predicted signal profile	bigWig	ChIP-seq	MYC	K562	cell-line	cell-line	cell-line	plus	none	passed
ENCFF719RBX	ENCFF719RBX	ENCSR000EGJ	ENCSR391PGO	BPNet	normalized predicted signal profile	bigWig	ChIP-seq	MYC	K562	cell-line	cell-line	cell-line	plus	none	passed
ENCFF794IQM	ENCFF794IQM	ENCSR000DLZ	ENCSR490UCL	BPNet	normalized predicted signal profile	bigWig	ChIP-seq	MYC	K562	cell-line	cell-line	cell-line	plus	none	passed
ENCFF947NDU	ENCFF947NDU	ENCSR744JJU	ENCSR475EUF	BPNet	normalized predicted signal profile	bigWig	ChIP-seq	MYC	K562	cell-line	cell-line	cell-line	plus	none	passed
ENCFF216JJZ	ENCFF216JJZ	ENCSR000DOM	ENCSR079MXR	BPNet	normalized predicted signal profile	bigWig	ChIP-seq	MYC	MCF-10A	cell-line	cell-line	cell-line	minus	none	passed
ENCFF899FDQ	ENCFF899FDQ	ENCSR000DOS	ENCSR918OTZ	BPNet	normalized predicted signal profile	bigWig	ChIP-seq	MYC	MCF-10A	cell-line	cell-line	cell-line	minus	none	passed
ENCFF637TZZ	ENCFF637TZZ	ENCSR000DOM	ENCSR079MXR	BPNet	normalized predicted signal profile	bigWig	ChIP-seq	MYC	MCF-10A	cell-line	cell-line	cell-line	plus	none	passed
ENCFF990WDZ	ENCFF990WDZ	ENCSR000DOS	ENCSR918OTZ	BPNet	normalized predicted signal profile	bigWig	ChIP-seq	MYC	MCF-10A	cell-line	cell-line	cell-line	plus	none	passed
ENCFF207LGB	ENCFF207LGB	ENCSR000DMP	ENCSR289YVT	BPNet	normalized predicted signal profile	bigWig	ChIP-seq	MYC	MCF-7	cell-line	cell-line	cell-line	minus	none	passed
ENCFF534SUC	ENCFF534SUC	ENCSR000DMQ	ENCSR510MGV	BPNet	normalized predicted signal profile	bigWig	ChIP-seq	MYC	MCF-7	cell-line	cell-line	cell-line	minus	none	passed
ENCFF593UOR	ENCFF593UOR	ENCSR000DMM	ENCSR486QYR	BPNet	normalized predicted signal profile	bigWig	ChIP-seq	MYC	MCF-7	cell-line	cell-line	cell-line	minus	none	passed
ENCFF992KHZ	ENCFF992KHZ	ENCSR000DMJ	ENCSR842YFB	BPNet	normalized predicted signal profile	bigWig	ChIP-seq	MYC	MCF-7	cell-line	cell-line	cell-line	minus	none	passed
ENCFF383ZAF	ENCFF383ZAF	ENCSR000DMQ	ENCSR510MGV	BPNet	normalized predicted signal profile	bigWig	ChIP-seq	MYC	MCF-7	cell-line	cell-line	cell-line	plus	none	passed
ENCFF574NAZ	ENCFF574NAZ	ENCSR000DMP	ENCSR289YVT	BPNet	normalized predicted signal profile	bigWig	ChIP-seq	MYC	MCF-7	cell-line	cell-line	cell-line	plus	none	passed
ENCFF716YRN	ENCFF716YRN	ENCSR000DMJ	ENCSR842YFB	BPNet	normalized predicted signal profile	bigWig	ChIP-seq	MYC	MCF-7	cell-line	cell-line	cell-line	plus	none	passed
ENCFF893JXT	ENCFF893JXT	ENCSR000DMM	ENCSR486QYR	BPNet	normalized predicted signal profile	bigWig	ChIP-seq	MYC	MCF-7	cell-line	cell-line	cell-line	plus	none	passed
ENCFF593VWQ	ENCFF593VWQ	ENCSR000EHR	ENCSR864IWY	BPNet	normalized predicted signal profile	bigWig	ChIP-seq	MYC	NB4	cell-line	cell-line	cell-line	minus	none	passed
ENCFF949EDX	ENCFF949EDX	ENCSR000EHR	ENCSR864IWY	BPNet	normalized predicted signal profile	bigWig	ChIP-seq	MYC	NB4	cell-line	cell-line	cell-line	plus	none	passed
ENCFF338KFF	ENCFF338KFF	ENCSR707BNG	ENCSR948VXG	BPNet	normalized predicted signal profile	bigWig	ChIP-seq	MYNN	HEK293	cell-line	cell-line	cell-line	minus	none	passed
ENCFF994XYZ	ENCFF994XYZ	ENCSR707BNG	ENCSR948VXG	BPNet	normalized predicted signal profile	bigWig	ChIP-seq	MYNN	HEK293	cell-line	cell-line	cell-line	plus	none	passed
ENCFF129NPX	ENCFF129NPX	ENCSR992KLV	ENCSR395MQN	BPNet	normalized predicted signal profile	bigWig	ChIP-seq	MYNN	K562	cell-line	cell-line	cell-line	minus	none	passed
ENCFF330ZIJ	ENCFF330ZIJ	ENCSR737LTZ	ENCSR073PHB	BPNet	normalized predicted signal profile	bigWig	ChIP-seq	MYNN	K562	cell-line	cell-line	cell-line	minus	none	passed
ENCFF149JSY	ENCFF149JSY	ENCSR737LTZ	ENCSR073PHB	BPNet	normalized predicted signal profile	bigWig	ChIP-seq	MYNN	K562	cell-line	cell-line	cell-line	plus	none	passed
ENCFF402PWI	ENCFF402PWI	ENCSR992KLV	ENCSR395MQN	BPNet	normalized predicted signal profile	bigWig	ChIP-seq	MYNN	K562	cell-line	cell-line	cell-line	plus	none	passed
ENCFF532RPT	ENCFF532RPT	ENCSR056SXR	ENCSR326TEK	BPNet	normalized predicted signal profile	bigWig	ChIP-seq	MYPOP	HepG2	cell-line	cell-line	cell-line	minus	none	passed
ENCFF413LVH	ENCFF413LVH	ENCSR056SXR	ENCSR326TEK	BPNet	normalized predicted signal profile	bigWig	ChIP-seq	MYPOP	HepG2	cell-line	cell-line	cell-line	plus	none	passed
ENCFF328EBC	ENCFF328EBC	ENCSR298QUH	ENCSR570SUC	BPNet	normalized predicted signal profile	bigWig	ChIP-seq	MZF1	HEK293	cell-line	cell-line	cell-line	minus	none	passed
ENCFF861PYN	ENCFF861PYN	ENCSR298QUH	ENCSR570SUC	BPNet	normalized predicted signal profile	bigWig	ChIP-seq	MZF1	HEK293	cell-line	cell-line	cell-line	plus	none	passed
ENCFF340DWG	ENCFF340DWG	ENCSR545ADB	ENCSR998XFJ	BPNet	normalized predicted signal profile	bigWig	ChIP-seq	NACC2	HepG2	cell-line	cell-line	cell-line	minus	none	passed
ENCFF951NBY	ENCFF951NBY	ENCSR545ADB	ENCSR998XFJ	BPNet	normalized predicted signal profile	bigWig	ChIP-seq	NACC2	HepG2	cell-line	cell-line	cell-line	plus	none	passed
ENCFF967IHK	ENCFF967IHK	ENCSR061DGF	ENCSR570MMB	BPNet	normalized predicted signal profile	bigWig	ChIP-seq	NANOG	GM23338	cell-line	cell-line	cell-line	minus	none	passed
ENCFF138WYD	ENCFF138WYD	ENCSR061DGF	ENCSR570MMB	BPNet	normalized predicted signal profile	bigWig	ChIP-seq	NANOG	GM23338	cell-line	cell-line	cell-line	plus	none	passed
ENCFF712ISV	ENCFF712ISV	ENCSR000BQL	ENCSR855QIU	BPNet	normalized predicted signal profile	bigWig	ChIP-seq	NFATC1	GM12878	cell-line	cell-line	cell-line	minus	none	passed
ENCFF935VYW	ENCFF935VYW	ENCSR000BQL	ENCSR855QIU	BPNet	normalized predicted signal profile	bigWig	ChIP-seq	NFATC1	GM12878	cell-line	cell-line	cell-line	plus	none	passed
ENCFF987ULJ	ENCFF987ULJ	ENCSR437GBJ	ENCSR764UVH	BPNet	normalized predicted signal profile	bigWig	ChIP-seq	NFATC3	GM12878	cell-line	cell-line	cell-line	minus	none	passed
ENCFF215ZAL	ENCFF215ZAL	ENCSR437GBJ	ENCSR764UVH	BPNet	normalized predicted signal profile	bigWig	ChIP-seq	NFATC3	GM12878	cell-line	cell-line	cell-line	plus	none	passed
ENCFF659TJS	ENCFF659TJS	ENCSR670FDA	ENCSR051TQJ	BPNet	normalized predicted signal profile	bigWig	ChIP-seq	NFATC3	K562	cell-line	cell-line	cell-line	minus	none	passed
ENCFF428ZBC	ENCFF428ZBC	ENCSR670FDA	ENCSR051TQJ	BPNet	normalized predicted signal profile	bigWig	ChIP-seq	NFATC3	K562	cell-line	cell-line	cell-line	plus	none	passed
ENCFF744RUK	ENCFF744RUK	ENCSR983FBD	ENCSR016LTD	BPNet	normalized predicted signal profile	bigWig	ChIP-seq	NFE2	HepG2	cell-line	cell-line	cell-line	minus	none	passed
ENCFF619ZIA	ENCFF619ZIA	ENCSR983FBD	ENCSR016LTD	BPNet	normalized predicted signal profile	bigWig	ChIP-seq	NFE2	HepG2	cell-line	cell-line	cell-line	plus	none	passed
ENCFF175PWK	ENCFF175PWK	ENCSR000FAF	ENCSR833AMA	BPNet	normalized predicted signal profile	bigWig	ChIP-seq	NFE2	K562	cell-line	cell-line	cell-line	minus	none	passed
ENCFF600AKL	ENCFF600AKL	ENCSR000FCC	ENCSR620LZN	BPNet	normalized predicted signal profile	bigWig	ChIP-seq	NFE2	K562	cell-line	cell-line	cell-line	minus	none	passed
ENCFF780SVD	ENCFF780SVD	ENCSR552YGL	ENCSR714BAN	BPNet	normalized predicted signal profile	bigWig	ChIP-seq	NFE2	K562	cell-line	cell-line	cell-line	minus	none	passed
ENCFF015LZV	ENCFF015LZV	ENCSR000FAF	ENCSR833AMA	BPNet	normalized predicted signal profile	bigWig	ChIP-seq	NFE2	K562	cell-line	cell-line	cell-line	plus	none	passed
ENCFF063HAO	ENCFF063HAO	ENCSR000FCC	ENCSR620LZN	BPNet	normalized predicted signal profile	bigWig	ChIP-seq	NFE2	K562	cell-line	cell-line	cell-line	plus	none	passed
ENCFF590NVD	ENCFF590NVD	ENCSR552YGL	ENCSR714BAN	BPNet	normalized predicted signal profile	bigWig	ChIP-seq	NFE2	K562	cell-line	cell-line	cell-line	plus	none	passed
ENCFF208RJG	ENCFF208RJG	ENCSR584GHV	ENCSR834TYB	BPNet	normalized predicted signal profile	bigWig	ChIP-seq	NFE2L2	A549	cell-line	cell-line	cell-line	minus	none	passed
ENCFF507QIL	ENCFF507QIL	ENCSR584GHV	ENCSR834TYB	BPNet	normalized predicted signal profile	bigWig	ChIP-seq	NFE2L2	A549	cell-line	cell-line	cell-line	plus	none	passed
ENCFF874OWO	ENCFF874OWO	ENCSR707IUN	ENCSR143VJB	BPNet	normalized predicted signal profile	bigWig	ChIP-seq	NFE2L2	HeLa-S3	cell-line	cell-line	cell-line	minus	none	passed
ENCFF444FZA	ENCFF444FZA	ENCSR707IUN	ENCSR143VJB	BPNet	normalized predicted signal profile	bigWig	ChIP-seq	NFE2L2	HeLa-S3	cell-line	cell-line	cell-line	plus	none	passed
ENCFF867PTM	ENCFF867PTM	ENCSR488EES	ENCSR301SDD	BPNet	normalized predicted signal profile	bigWig	ChIP-seq	NFE2L2	HepG2	cell-line	cell-line	cell-line	minus	none	passed
ENCFF788URV	ENCFF788URV	ENCSR488EES	ENCSR301SDD	BPNet	normalized predicted signal profile	bigWig	ChIP-seq	NFE2L2	HepG2	cell-line	cell-line	cell-line	plus	none	passed
ENCFF672WTJ	ENCFF672WTJ	ENCSR197WGI	ENCSR719DDK	BPNet	normalized predicted signal profile	bigWig	ChIP-seq	NFE2L2	IMR-90	cell-line	cell-line	cell-line	minus	none	passed
ENCFF645YZZ	ENCFF645YZZ	ENCSR197WGI	ENCSR719DDK	BPNet	normalized predicted signal profile	bigWig	ChIP-seq	NFE2L2	IMR-90	cell-line	cell-line	cell-line	plus	none	passed
ENCFF514NJN	ENCFF514NJN	ENCSR226QQM	ENCSR930KVA	BPNet	normalized predicted signal profile	bigWig	ChIP-seq	NFIA	HepG2	cell-line	cell-line	cell-line	minus	none	passed
ENCFF083IYR	ENCFF083IYR	ENCSR226QQM	ENCSR930KVA	BPNet	normalized predicted signal profile	bigWig	ChIP-seq	NFIA	HepG2	cell-line	cell-line	cell-line	plus	none	passed
ENCFF965EFJ	ENCFF965EFJ	ENCSR414WBQ	ENCSR279NFG	BPNet	normalized predicted signal profile	bigWig	ChIP-seq	NFIB	HepG2	cell-line	cell-line	cell-line	minus	none	passed
ENCFF535MSG	ENCFF535MSG	ENCSR414WBQ	ENCSR279NFG	BPNet	normalized predicted signal profile	bigWig	ChIP-seq	NFIB	HepG2	cell-line	cell-line	cell-line	plus	none	passed
ENCFF204FMO	ENCFF204FMO	ENCSR582ZOA	ENCSR705OPV	BPNet	normalized predicted signal profile	bigWig	ChIP-seq	NFIB	MCF-7	cell-line	cell-line	cell-line	minus	none	passed
ENCFF649XGL	ENCFF649XGL	ENCSR702BYX	ENCSR903JQN	BPNet	normalized predicted signal profile	bigWig	ChIP-seq	NFIB	MCF-7	cell-line	cell-line	cell-line	minus	none	passed
ENCFF810TUS	ENCFF810TUS	ENCSR582ZOA	ENCSR705OPV	BPNet	normalized predicted signal profile	bigWig	ChIP-seq	NFIB	MCF-7	cell-line	cell-line	cell-line	plus	none	passed
ENCFF856QNA	ENCFF856QNA	ENCSR702BYX	ENCSR903JQN	BPNet	normalized predicted signal profile	bigWig	ChIP-seq	NFIB	MCF-7	cell-line	cell-line	cell-line	plus	none	passed
ENCFF407VVK	ENCFF407VVK	ENCSR000BRN	ENCSR370SAQ	BPNet	normalized predicted signal profile	bigWig	ChIP-seq	NFIC	GM12878	cell-line	cell-line	cell-line	minus	none	passed
ENCFF747KYH	ENCFF747KYH	ENCSR000BRN	ENCSR370SAQ	BPNet	normalized predicted signal profile	bigWig	ChIP-seq	NFIC	GM12878	cell-line	cell-line	cell-line	plus	none	passed
ENCFF862PYL	ENCFF862PYL	ENCSR000BQX	ENCSR448HYK	BPNet	normalized predicted signal profile	bigWig	ChIP-seq	NFIC	HepG2	cell-line	cell-line	cell-line	minus	none	passed
ENCFF031JYW	ENCFF031JYW	ENCSR000BQX	ENCSR448HYK	BPNet	normalized predicted signal profile	bigWig	ChIP-seq	NFIC	HepG2	cell-line	cell-line	cell-line	plus	none	passed
ENCFF974BFM	ENCFF974BFM	ENCSR000BUT	ENCSR178HFG	BPNet	normalized predicted signal profile	bigWig	ChIP-seq	NFIC	Ishikawa	cell-line	cell-line	cell-line	minus	none	passed
ENCFF021YRK	ENCFF021YRK	ENCSR000BUT	ENCSR178HFG	BPNet	normalized predicted signal profile	bigWig	ChIP-seq	NFIC	Ishikawa	cell-line	cell-line	cell-line	plus	none	passed
ENCFF954HPM	ENCFF954HPM	ENCSR796ITY	ENCSR829TWW	BPNet	normalized predicted signal profile	bigWig	ChIP-seq	NFIC	K562	cell-line	cell-line	cell-line	minus	none	passed
ENCFF317VWE	ENCFF317VWE	ENCSR796ITY	ENCSR829TWW	BPNet	normalized predicted signal profile	bigWig	ChIP-seq	NFIC	K562	cell-line	cell-line	cell-line	plus	none	passed
ENCFF249HHU	ENCFF249HHU	ENCSR000BSV	ENCSR975ZPP	BPNet	normalized predicted signal profile	bigWig	ChIP-seq	NFIC	SK-N-SH	cell-line	cell-line	cell-line	minus	none	passed
ENCFF464DZP	ENCFF464DZP	ENCSR000BSV	ENCSR975ZPP	BPNet	normalized predicted signal profile	bigWig	ChIP-seq	NFIC	SK-N-SH	cell-line	cell-line	cell-line	plus	none	passed
ENCFF121BYH	ENCFF121BYH	ENCSR201GGK	ENCSR264TFB	BPNet	normalized predicted signal profile	bigWig	ChIP-seq	NFIL3	HepG2	cell-line	cell-line	cell-line	minus	none	passed
ENCFF831IMW	ENCFF831IMW	ENCSR201GGK	ENCSR264TFB	BPNet	normalized predicted signal profile	bigWig	ChIP-seq	NFIL3	HepG2	cell-line	cell-line	cell-line	plus	none	passed
ENCFF983JXK	ENCFF983JXK	ENCSR574VJG	ENCSR049VIS	BPNet	normalized predicted signal profile	bigWig	ChIP-seq	NFIX	K562	cell-line	cell-line	cell-line	minus	none	passed
ENCFF336SIF	ENCFF336SIF	ENCSR574VJG	ENCSR049VIS	BPNet	normalized predicted signal profile	bigWig	ChIP-seq	NFIX	K562	cell-line	cell-line	cell-line	plus	none	passed
ENCFF957IHX	ENCFF957IHX	ENCSR000DNN	ENCSR941VQC	BPNet	normalized predicted signal profile	bigWig	ChIP-seq	NFYA	GM12878	cell-line	cell-line	cell-line	minus	none	passed
ENCFF190KUX	ENCFF190KUX	ENCSR000DNN	ENCSR941VQC	BPNet	normalized predicted signal profile	bigWig	ChIP-seq	NFYA	GM12878	cell-line	cell-line	cell-line	plus	none	passed
ENCFF366CHK	ENCFF366CHK	ENCSR000DNS	ENCSR043YIY	BPNet	normalized predicted signal profile	bigWig	ChIP-seq	NFYA	HeLa-S3	cell-line	cell-line	cell-line	minus	none	passed
ENCFF473WQG	ENCFF473WQG	ENCSR000DNS	ENCSR043YIY	BPNet	normalized predicted signal profile	bigWig	ChIP-seq	NFYA	HeLa-S3	cell-line	cell-line	cell-line	plus	none	passed
ENCFF354ZJY	ENCFF354ZJY	ENCSR124APT	ENCSR871HZE	BPNet	normalized predicted signal profile	bigWig	ChIP-seq	NFYA	HepG2	cell-line	cell-line	cell-line	minus	none	passed
ENCFF854LNQ	ENCFF854LNQ	ENCSR124APT	ENCSR871HZE	BPNet	normalized predicted signal profile	bigWig	ChIP-seq	NFYA	HepG2	cell-line	cell-line	cell-line	plus	none	passed
ENCFF028PLK	ENCFF028PLK	ENCSR000EGR	ENCSR130BYS	BPNet	normalized predicted signal profile	bigWig	ChIP-seq	NFYA	K562	cell-line	cell-line	cell-line	minus	none	passed
ENCFF532TYU	ENCFF532TYU	ENCSR163VTS	ENCSR549HCY	BPNet	normalized predicted signal profile	bigWig	ChIP-seq	NFYA	K562	cell-line	cell-line	cell-line	minus	none	passed
ENCFF178OEZ	ENCFF178OEZ	ENCSR000EGR	ENCSR130BYS	BPNet	normalized predicted signal profile	bigWig	ChIP-seq	NFYA	K562	cell-line	cell-line	cell-line	plus	none	passed
ENCFF390AGR	ENCFF390AGR	ENCSR163VTS	ENCSR549HCY	BPNet	normalized predicted signal profile	bigWig	ChIP-seq	NFYA	K562	cell-line	cell-line	cell-line	plus	none	passed
ENCFF320VLK	ENCFF320VLK	ENCSR000DNM	ENCSR769ACL	BPNet	normalized predicted signal profile	bigWig	ChIP-seq	NFYB	GM12878	cell-line	cell-line	cell-line	minus	none	passed
ENCFF859CIN	ENCFF859CIN	ENCSR000DNM	ENCSR769ACL	BPNet	normalized predicted signal profile	bigWig	ChIP-seq	NFYB	GM12878	cell-line	cell-line	cell-line	plus	none	passed
ENCFF154ZRJ	ENCFF154ZRJ	ENCSR000DNR	ENCSR129DJF	BPNet	normalized predicted signal profile	bigWig	ChIP-seq	NFYB	HeLa-S3	cell-line	cell-line	cell-line	minus	none	passed
ENCFF383PCR	ENCFF383PCR	ENCSR000DNR	ENCSR129DJF	BPNet	normalized predicted signal profile	bigWig	ChIP-seq	NFYB	HeLa-S3	cell-line	cell-line	cell-line	plus	none	passed
ENCFF899COW	ENCFF899COW	ENCSR935GZV	ENCSR317XKM	BPNet	normalized predicted signal profile	bigWig	ChIP-seq	NFYB	HepG2	cell-line	cell-line	cell-line	minus	none	passed
ENCFF429XUR	ENCFF429XUR	ENCSR935GZV	ENCSR317XKM	BPNet	normalized predicted signal profile	bigWig	ChIP-seq	NFYB	HepG2	cell-line	cell-line	cell-line	plus	none	passed
ENCFF335HMH	ENCFF335HMH	ENCSR000EGQ	ENCSR821CQP	BPNet	normalized predicted signal profile	bigWig	ChIP-seq	NFYB	K562	cell-line	cell-line	cell-line	minus	none	passed
ENCFF640SMO	ENCFF640SMO	ENCSR000EGQ	ENCSR821CQP	BPNet	normalized predicted signal profile	bigWig	ChIP-seq	NFYB	K562	cell-line	cell-line	cell-line	plus	none	passed
ENCFF189UYN	ENCFF189UYN	ENCSR146UIC	ENCSR619ZLZ	BPNet	normalized predicted signal profile	bigWig	ChIP-seq	NFYB	WTC11	cell-line	cell-line	cell-line	minus	none	passed
ENCFF061GRX	ENCFF061GRX	ENCSR146UIC	ENCSR619ZLZ	BPNet	normalized predicted signal profile	bigWig	ChIP-seq	NFYB	WTC11	cell-line	cell-line	cell-line	plus	none	passed
ENCFF745AYD	ENCFF745AYD	ENCSR569ARC	ENCSR683SPA	BPNet	normalized predicted signal profile	bigWig	ChIP-seq	NFYC	HepG2	cell-line	cell-line	cell-line	minus	none	passed
ENCFF603HRY	ENCFF603HRY	ENCSR569ARC	ENCSR683SPA	BPNet	normalized predicted signal profile	bigWig	ChIP-seq	NFYC	HepG2	cell-line	cell-line	cell-line	plus	none	passed
ENCFF038RTE	ENCFF038RTE	ENCSR784VIQ	ENCSR989CSU	BPNet	normalized predicted signal profile	bigWig	ChIP-seq	NR2C1	GM12878	cell-line	cell-line	cell-line	minus	none	passed
ENCFF126DXT	ENCFF126DXT	ENCSR784VIQ	ENCSR989CSU	BPNet	normalized predicted signal profile	bigWig	ChIP-seq	NR2C1	GM12878	cell-line	cell-line	cell-line	plus	none	passed
ENCFF619LHR	ENCFF619LHR	ENCSR178DEG	ENCSR071NXN	BPNet	normalized predicted signal profile	bigWig	ChIP-seq	NR2C1	K562	cell-line	cell-line	cell-line	minus	none	passed
ENCFF708HRW	ENCFF708HRW	ENCSR742IDN	ENCSR234QDQ	BPNet	normalized predicted signal profile	bigWig	ChIP-seq	NR2C1	K562	cell-line	cell-line	cell-line	minus	none	passed
ENCFF459TJQ	ENCFF459TJQ	ENCSR742IDN	ENCSR234QDQ	BPNet	normalized predicted signal profile	bigWig	ChIP-seq	NR2C1	K562	cell-line	cell-line	cell-line	plus	none	passed
ENCFF522YSP	ENCFF522YSP	ENCSR178DEG	ENCSR071NXN	BPNet	normalized predicted signal profile	bigWig	ChIP-seq	NR2C1	K562	cell-line	cell-line	cell-line	plus	none	passed
ENCFF108XDG	ENCFF108XDG	ENCSR000EUL	ENCSR254CFS	BPNet	normalized predicted signal profile	bigWig	ChIP-seq	NR2C2	GM12878	cell-line	cell-line	cell-line	minus	none	passed
ENCFF227MLI	ENCFF227MLI	ENCSR000EUL	ENCSR254CFS	BPNet	normalized predicted signal profile	bigWig	ChIP-seq	NR2C2	GM12878	cell-line	cell-line	cell-line	plus	none	passed
ENCFF311OVX	ENCFF311OVX	ENCSR000EVN	ENCSR085ZRK	BPNet	normalized predicted signal profile	bigWig	ChIP-seq	NR2C2	HeLa-S3	cell-line	cell-line	cell-line	minus	none	passed
ENCFF654EQN	ENCFF654EQN	ENCSR000EVN	ENCSR085ZRK	BPNet	normalized predicted signal profile	bigWig	ChIP-seq	NR2C2	HeLa-S3	cell-line	cell-line	cell-line	plus	none	passed
ENCFF153DDB	ENCFF153DDB	ENCSR000EVS	ENCSR258XPK	BPNet	normalized predicted signal profile	bigWig	ChIP-seq	NR2C2	HepG2	cell-line	cell-line	cell-line	minus	none	passed
ENCFF155LUO	ENCFF155LUO	ENCSR559ZKI	ENCSR820PTP	BPNet	normalized predicted signal profile	bigWig	ChIP-seq	NR2C2	HepG2	cell-line	cell-line	cell-line	minus	none	passed
ENCFF461ANC	ENCFF461ANC	ENCSR559ZKI	ENCSR820PTP	BPNet	normalized predicted signal profile	bigWig	ChIP-seq	NR2C2	HepG2	cell-line	cell-line	cell-line	plus	none	passed
ENCFF886LWO	ENCFF886LWO	ENCSR000EVS	ENCSR258XPK	BPNet	normalized predicted signal profile	bigWig	ChIP-seq	NR2C2	HepG2	cell-line	cell-line	cell-line	plus	none	passed
ENCFF677JAO	ENCFF677JAO	ENCSR516SWI	ENCSR092JCQ	BPNet	normalized predicted signal profile	bigWig	ChIP-seq	NR2C2	K562	cell-line	cell-line	cell-line	minus	none	passed
ENCFF932YGJ	ENCFF932YGJ	ENCSR750LYM	ENCSR424KNM	BPNet	normalized predicted signal profile	bigWig	ChIP-seq	NR2C2	K562	cell-line	cell-line	cell-line	minus	none	passed
ENCFF155OHC	ENCFF155OHC	ENCSR750LYM	ENCSR424KNM	BPNet	normalized predicted signal profile	bigWig	ChIP-seq	NR2C2	K562	cell-line	cell-line	cell-line	plus	none	passed
ENCFF774URV	ENCFF774URV	ENCSR516SWI	ENCSR092JCQ	BPNet	normalized predicted signal profile	bigWig	ChIP-seq	NR2C2	K562	cell-line	cell-line	cell-line	plus	none	passed
ENCFF524KVF	ENCFF524KVF	ENCSR454GVT	ENCSR457LIE	BPNet	normalized predicted signal profile	bigWig	ChIP-seq	NR2C2	WTC11	cell-line	cell-line	cell-line	minus	none	passed
ENCFF079OJS	ENCFF079OJS	ENCSR454GVT	ENCSR457LIE	BPNet	normalized predicted signal profile	bigWig	ChIP-seq	NR2C2	WTC11	cell-line	cell-line	cell-line	plus	none	passed
ENCFF438IMR	ENCFF438IMR	ENCSR514VYD	ENCSR861AYR	BPNet	normalized predicted signal profile	bigWig	ChIP-seq	NR2F1	GM12878	cell-line	cell-line	cell-line	minus	none	passed
ENCFF031LFN	ENCFF031LFN	ENCSR514VYD	ENCSR861AYR	BPNet	normalized predicted signal profile	bigWig	ChIP-seq	NR2F1	GM12878	cell-line	cell-line	cell-line	plus	none	passed
ENCFF513SIQ	ENCFF513SIQ	ENCSR662EOU	ENCSR124SSR	BPNet	normalized predicted signal profile	bigWig	ChIP-seq	NR2F1	HepG2	cell-line	cell-line	cell-line	minus	none	passed
ENCFF866HHP	ENCFF866HHP	ENCSR136OFY	ENCSR591QMC	BPNet	normalized predicted signal profile	bigWig	ChIP-seq	NR2F1	HepG2	cell-line	cell-line	cell-line	minus	none	passed
ENCFF293PCJ	ENCFF293PCJ	ENCSR662EOU	ENCSR124SSR	BPNet	normalized predicted signal profile	bigWig	ChIP-seq	NR2F1	HepG2	cell-line	cell-line	cell-line	plus	none	passed
ENCFF682ZSR	ENCFF682ZSR	ENCSR136OFY	ENCSR591QMC	BPNet	normalized predicted signal profile	bigWig	ChIP-seq	NR2F1	HepG2	cell-line	cell-line	cell-line	plus	none	passed
ENCFF929HIF	ENCFF929HIF	ENCSR970NKQ	ENCSR871YCI	BPNet	normalized predicted signal profile	bigWig	ChIP-seq	NR2F1	K562	cell-line	cell-line	cell-line	minus	none	passed
ENCFF061PEI	ENCFF061PEI	ENCSR970NKQ	ENCSR871YCI	BPNet	normalized predicted signal profile	bigWig	ChIP-seq	NR2F1	K562	cell-line	cell-line	cell-line	plus	none	passed
ENCFF423GIP	ENCFF423GIP	ENCSR000BVM	ENCSR332AIQ	BPNet	normalized predicted signal profile	bigWig	ChIP-seq	NR2F2	HepG2	cell-line	cell-line	cell-line	minus	none	passed
ENCFF477LHH	ENCFF477LHH	ENCSR000BVM	ENCSR332AIQ	BPNet	normalized predicted signal profile	bigWig	ChIP-seq	NR2F2	HepG2	cell-line	cell-line	cell-line	plus	none	passed
ENCFF269PBY	ENCFF269PBY	ENCSR000BRS	ENCSR713NVW	BPNet	normalized predicted signal profile	bigWig	ChIP-seq	NR2F2	K562	cell-line	cell-line	cell-line	minus	none	passed
ENCFF948RPS	ENCFF948RPS	ENCSR000BRS	ENCSR713NVW	BPNet	normalized predicted signal profile	bigWig	ChIP-seq	NR2F2	K562	cell-line	cell-line	cell-line	plus	none	passed
ENCFF003DUM	ENCFF003DUM	ENCSR000BUY	ENCSR883SOG	BPNet	normalized predicted signal profile	bigWig	ChIP-seq	NR2F2	MCF-7	cell-line	cell-line	cell-line	minus	none	passed
ENCFF335OYA	ENCFF335OYA	ENCSR000BUY	ENCSR883SOG	BPNet	normalized predicted signal profile	bigWig	ChIP-seq	NR2F2	MCF-7	cell-line	cell-line	cell-line	plus	none	passed
ENCFF028MWB	ENCFF028MWB	ENCSR338MMB	ENCSR168OJP	BPNet	normalized predicted signal profile	bigWig	ChIP-seq	NR2F2	liver	liver	liver	digestive-system	minus	none	passed
ENCFF954ERO	ENCFF954ERO	ENCSR168SMX	ENCSR457NZG	BPNet	normalized predicted signal profile	bigWig	ChIP-seq	NR2F2	liver	liver	liver	digestive-system	minus	none	passed
ENCFF012FPY	ENCFF012FPY	ENCSR168SMX	ENCSR457NZG	BPNet	normalized predicted signal profile	bigWig	ChIP-seq	NR2F2	liver	liver	liver	digestive-system	plus	none	passed
ENCFF600DSO	ENCFF600DSO	ENCSR338MMB	ENCSR168OJP	BPNet	normalized predicted signal profile	bigWig	ChIP-seq	NR2F2	liver	liver	liver	digestive-system	plus	none	passed
ENCFF554KFU	ENCFF554KFU	ENCSR518WPL	ENCSR759JDH	BPNet	normalized predicted signal profile	bigWig	ChIP-seq	NR2F6	HepG2	cell-line	cell-line	cell-line	minus	none	passed
ENCFF610CNL	ENCFF610CNL	ENCSR798IJO	ENCSR390ZVY	BPNet	normalized predicted signal profile	bigWig	ChIP-seq	NR2F6	HepG2	cell-line	cell-line	cell-line	minus	none	passed
ENCFF017CHG	ENCFF017CHG	ENCSR798IJO	ENCSR390ZVY	BPNet	normalized predicted signal profile	bigWig	ChIP-seq	NR2F6	HepG2	cell-line	cell-line	cell-line	plus	none	passed
ENCFF624BPE	ENCFF624BPE	ENCSR518WPL	ENCSR759JDH	BPNet	normalized predicted signal profile	bigWig	ChIP-seq	NR2F6	HepG2	cell-line	cell-line	cell-line	plus	none	passed
ENCFF259BFF	ENCFF259BFF	ENCSR087TYG	ENCSR168LQY	BPNet	normalized predicted signal profile	bigWig	ChIP-seq	NR2F6	K562	cell-line	cell-line	cell-line	minus	none	passed
ENCFF725FKS	ENCFF725FKS	ENCSR707QWA	ENCSR190HFL	BPNet	normalized predicted signal profile	bigWig	ChIP-seq	NR2F6	K562	cell-line	cell-line	cell-line	minus	none	passed
ENCFF214HSH	ENCFF214HSH	ENCSR707QWA	ENCSR190HFL	BPNet	normalized predicted signal profile	bigWig	ChIP-seq	NR2F6	K562	cell-line	cell-line	cell-line	plus	none	passed
ENCFF620CRH	ENCFF620CRH	ENCSR087TYG	ENCSR168LQY	BPNet	normalized predicted signal profile	bigWig	ChIP-seq	NR2F6	K562	cell-line	cell-line	cell-line	plus	none	passed
ENCFF088FXI	ENCFF088FXI	ENCSR458VTP	ENCSR788MPQ	BPNet	normalized predicted signal profile	bigWig	ChIP-seq	NR3C1	A549	cell-line	cell-line	cell-line	minus	none	passed
ENCFF167YGK	ENCFF167YGK	ENCSR686PFM	ENCSR200MKB	BPNet	normalized predicted signal profile	bigWig	ChIP-seq	NR3C1	A549	cell-line	cell-line	cell-line	minus	none	passed
ENCFF211KNK	ENCFF211KNK	ENCSR660RYY	ENCSR567LVX	BPNet	normalized predicted signal profile	bigWig	ChIP-seq	NR3C1	A549	cell-line	cell-line	cell-line	minus	none	passed
ENCFF284PFK	ENCFF284PFK	ENCSR255CTA	ENCSR306DVJ	BPNet	normalized predicted signal profile	bigWig	ChIP-seq	NR3C1	A549	cell-line	cell-line	cell-line	minus	none	passed
ENCFF303CWO	ENCFF303CWO	ENCSR908AOO	ENCSR538QXL	BPNet	normalized predicted signal profile	bigWig	ChIP-seq	NR3C1	A549	cell-line	cell-line	cell-line	minus	none	passed
ENCFF345VQJ	ENCFF345VQJ	ENCSR952GOL	ENCSR352KUO	BPNet	normalized predicted signal profile	bigWig	ChIP-seq	NR3C1	A549	cell-line	cell-line	cell-line	minus	none	passed
ENCFF368ALZ	ENCFF368ALZ	ENCSR720DXT	ENCSR072HFH	BPNet	normalized predicted signal profile	bigWig	ChIP-seq	NR3C1	A549	cell-line	cell-line	cell-line	minus	none	passed
ENCFF379XCW	ENCFF379XCW	ENCSR471EKW	ENCSR885SKN	BPNet	normalized predicted signal profile	bigWig	ChIP-seq	NR3C1	A549	cell-line	cell-line	cell-line	minus	none	passed
ENCFF390XWS	ENCFF390XWS	ENCSR857QEA	ENCSR475WFL	BPNet	normalized predicted signal profile	bigWig	ChIP-seq	NR3C1	A549	cell-line	cell-line	cell-line	minus	none	passed
ENCFF420YRQ	ENCFF420YRQ	ENCSR424JOE	ENCSR480CPV	BPNet	normalized predicted signal profile	bigWig	ChIP-seq	NR3C1	A549	cell-line	cell-line	cell-line	minus	none	passed
ENCFF458TTK	ENCFF458TTK	ENCSR385RUW	ENCSR882RIC	BPNet	normalized predicted signal profile	bigWig	ChIP-seq	NR3C1	A549	cell-line	cell-line	cell-line	minus	none	passed
ENCFF608QOG	ENCFF608QOG	ENCSR773NQB	ENCSR865TVN	BPNet	normalized predicted signal profile	bigWig	ChIP-seq	NR3C1	A549	cell-line	cell-line	cell-line	minus	none	passed
ENCFF693AJB	ENCFF693AJB	ENCSR070VXO	ENCSR368FNT	BPNet	normalized predicted signal profile	bigWig	ChIP-seq	NR3C1	A549	cell-line	cell-line	cell-line	minus	none	passed
ENCFF845BQR	ENCFF845BQR	ENCSR287FWE	ENCSR589BOE	BPNet	normalized predicted signal profile	bigWig	ChIP-seq	NR3C1	A549	cell-line	cell-line	cell-line	minus	none	passed
ENCFF896DJT	ENCFF896DJT	ENCSR919OXR	ENCSR171TAJ	BPNet	normalized predicted signal profile	bigWig	ChIP-seq	NR3C1	A549	cell-line	cell-line	cell-line	minus	none	passed
ENCFF030JZZ	ENCFF030JZZ	ENCSR857QEA	ENCSR475WFL	BPNet	normalized predicted signal profile	bigWig	ChIP-seq	NR3C1	A549	cell-line	cell-line	cell-line	plus	none	passed
ENCFF062XUX	ENCFF062XUX	ENCSR255CTA	ENCSR306DVJ	BPNet	normalized predicted signal profile	bigWig	ChIP-seq	NR3C1	A549	cell-line	cell-line	cell-line	plus	none	passed
ENCFF342RTG	ENCFF342RTG	ENCSR385RUW	ENCSR882RIC	BPNet	normalized predicted signal profile	bigWig	ChIP-seq	NR3C1	A549	cell-line	cell-line	cell-line	plus	none	passed
ENCFF402GYB	ENCFF402GYB	ENCSR424JOE	ENCSR480CPV	BPNet	normalized predicted signal profile	bigWig	ChIP-seq	NR3C1	A549	cell-line	cell-line	cell-line	plus	none	passed
ENCFF413SLA	ENCFF413SLA	ENCSR070VXO	ENCSR368FNT	BPNet	normalized predicted signal profile	bigWig	ChIP-seq	NR3C1	A549	cell-line	cell-line	cell-line	plus	none	passed
ENCFF430BWZ	ENCFF430BWZ	ENCSR471EKW	ENCSR885SKN	BPNet	normalized predicted signal profile	bigWig	ChIP-seq	NR3C1	A549	cell-line	cell-line	cell-line	plus	none	passed
ENCFF463VHW	ENCFF463VHW	ENCSR287FWE	ENCSR589BOE	BPNet	normalized predicted signal profile	bigWig	ChIP-seq	NR3C1	A549	cell-line	cell-line	cell-line	plus	none	passed
ENCFF535WBL	ENCFF535WBL	ENCSR908AOO	ENCSR538QXL	BPNet	normalized predicted signal profile	bigWig	ChIP-seq	NR3C1	A549	cell-line	cell-line	cell-line	plus	none	passed
ENCFF550YMO	ENCFF550YMO	ENCSR458VTP	ENCSR788MPQ	BPNet	normalized predicted signal profile	bigWig	ChIP-seq	NR3C1	A549	cell-line	cell-line	cell-line	plus	none	passed
ENCFF551QNM	ENCFF551QNM	ENCSR720DXT	ENCSR072HFH	BPNet	normalized predicted signal profile	bigWig	ChIP-seq	NR3C1	A549	cell-line	cell-line	cell-line	plus	none	passed
ENCFF719MDU	ENCFF719MDU	ENCSR919OXR	ENCSR171TAJ	BPNet	normalized predicted signal profile	bigWig	ChIP-seq	NR3C1	A549	cell-line	cell-line	cell-line	plus	none	passed
ENCFF810YQE	ENCFF810YQE	ENCSR686PFM	ENCSR200MKB	BPNet	normalized predicted signal profile	bigWig	ChIP-seq	NR3C1	A549	cell-line	cell-line	cell-line	plus	none	passed
ENCFF884UPN	ENCFF884UPN	ENCSR773NQB	ENCSR865TVN	BPNet	normalized predicted signal profile	bigWig	ChIP-seq	NR3C1	A549	cell-line	cell-line	cell-line	plus	none	passed
ENCFF901IRT	ENCFF901IRT	ENCSR660RYY	ENCSR567LVX	BPNet	normalized predicted signal profile	bigWig	ChIP-seq	NR3C1	A549	cell-line	cell-line	cell-line	plus	none	passed
ENCFF963PFY	ENCFF963PFY	ENCSR952GOL	ENCSR352KUO	BPNet	normalized predicted signal profile	bigWig	ChIP-seq	NR3C1	A549	cell-line	cell-line	cell-line	plus	none	passed
ENCFF447QFC	ENCFF447QFC	ENCSR310OZS	ENCSR647CHM	BPNet	normalized predicted signal profile	bigWig	ChIP-seq	NR5A1	HepG2	cell-line	cell-line	cell-line	minus	none	passed
ENCFF425IOO	ENCFF425IOO	ENCSR310OZS	ENCSR647CHM	BPNet	normalized predicted signal profile	bigWig	ChIP-seq	NR5A1	HepG2	cell-line	cell-line	cell-line	plus	none	passed
ENCFF937HWU	ENCFF937HWU	ENCSR190GIW	ENCSR357CBX	BPNet	normalized predicted signal profile	bigWig	ChIP-seq	NR5A2	A549	cell-line	cell-line	cell-line	minus	none	passed
ENCFF683XQL	ENCFF683XQL	ENCSR190GIW	ENCSR357CBX	BPNet	normalized predicted signal profile	bigWig	ChIP-seq	NR5A2	A549	cell-line	cell-line	cell-line	plus	none	passed
ENCFF569PLV	ENCFF569PLV	ENCSR000DZO	ENCSR661AQY	BPNet	normalized predicted signal profile	bigWig	ChIP-seq	NRF1	GM12878	cell-line	cell-line	cell-line	minus	none	passed
ENCFF660GAR	ENCFF660GAR	ENCSR000DZO	ENCSR661AQY	BPNet	normalized predicted signal profile	bigWig	ChIP-seq	NRF1	GM12878	cell-line	cell-line	cell-line	plus	none	passed
ENCFF852HPA	ENCFF852HPA	ENCSR000ECC	ENCSR210HYL	BPNet	normalized predicted signal profile	bigWig	ChIP-seq	NRF1	H1	cell-line	cell-line	cell-line	minus	none	passed
ENCFF268FET	ENCFF268FET	ENCSR000ECC	ENCSR210HYL	BPNet	normalized predicted signal profile	bigWig	ChIP-seq	NRF1	H1	cell-line	cell-line	cell-line	plus	none	passed
ENCFF063PDY	ENCFF063PDY	ENCSR000EDJ	ENCSR570WGA	BPNet	normalized predicted signal profile	bigWig	ChIP-seq	NRF1	HeLa-S3	cell-line	cell-line	cell-line	minus	none	passed
ENCFF081TRB	ENCFF081TRB	ENCSR000EDJ	ENCSR570WGA	BPNet	normalized predicted signal profile	bigWig	ChIP-seq	NRF1	HeLa-S3	cell-line	cell-line	cell-line	plus	none	passed
ENCFF016MHD	ENCFF016MHD	ENCSR689JMY	ENCSR904TGB	BPNet	normalized predicted signal profile	bigWig	ChIP-seq	NRF1	HepG2	cell-line	cell-line	cell-line	minus	none	passed
ENCFF366EDY	ENCFF366EDY	ENCSR000EEH	ENCSR356BZM	BPNet	normalized predicted signal profile	bigWig	ChIP-seq	NRF1	HepG2	cell-line	cell-line	cell-line	minus	none	passed
ENCFF957DOC	ENCFF957DOC	ENCSR853ADA	ENCSR920BWT	BPNet	normalized predicted signal profile	bigWig	ChIP-seq	NRF1	HepG2	cell-line	cell-line	cell-line	minus	none	passed
ENCFF168EDY	ENCFF168EDY	ENCSR689JMY	ENCSR904TGB	BPNet	normalized predicted signal profile	bigWig	ChIP-seq	NRF1	HepG2	cell-line	cell-line	cell-line	plus	none	passed
ENCFF522WPA	ENCFF522WPA	ENCSR853ADA	ENCSR920BWT	BPNet	normalized predicted signal profile	bigWig	ChIP-seq	NRF1	HepG2	cell-line	cell-line	cell-line	plus	none	passed
ENCFF781ZJD	ENCFF781ZJD	ENCSR000EEH	ENCSR356BZM	BPNet	normalized predicted signal profile	bigWig	ChIP-seq	NRF1	HepG2	cell-line	cell-line	cell-line	plus	none	passed
ENCFF319BJA	ENCFF319BJA	ENCSR837EYC	ENCSR401AOR	BPNet	normalized predicted signal profile	bigWig	ChIP-seq	NRF1	K562	cell-line	cell-line	cell-line	minus	none	passed
ENCFF371QVY	ENCFF371QVY	ENCSR494TDU	ENCSR565KGD	BPNet	normalized predicted signal profile	bigWig	ChIP-seq	NRF1	K562	cell-line	cell-line	cell-line	minus	none	passed
ENCFF497SEF	ENCFF497SEF	ENCSR000EHH	ENCSR344GIT	BPNet	normalized predicted signal profile	bigWig	ChIP-seq	NRF1	K562	cell-line	cell-line	cell-line	minus	none	passed
ENCFF985BNG	ENCFF985BNG	ENCSR998AJK	ENCSR241UYL	BPNet	normalized predicted signal profile	bigWig	ChIP-seq	NRF1	K562	cell-line	cell-line	cell-line	minus	none	passed
ENCFF027CEZ	ENCFF027CEZ	ENCSR494TDU	ENCSR565KGD	BPNet	normalized predicted signal profile	bigWig	ChIP-seq	NRF1	K562	cell-line	cell-line	cell-line	plus	none	passed
ENCFF383KFV	ENCFF383KFV	ENCSR000EHH	ENCSR344GIT	BPNet	normalized predicted signal profile	bigWig	ChIP-seq	NRF1	K562	cell-line	cell-line	cell-line	plus	none	passed
ENCFF517GSJ	ENCFF517GSJ	ENCSR837EYC	ENCSR401AOR	BPNet	normalized predicted signal profile	bigWig	ChIP-seq	NRF1	K562	cell-line	cell-line	cell-line	plus	none	passed
ENCFF610PEX	ENCFF610PEX	ENCSR998AJK	ENCSR241UYL	BPNet	normalized predicted signal profile	bigWig	ChIP-seq	NRF1	K562	cell-line	cell-line	cell-line	plus	none	passed
ENCFF847LJW	ENCFF847LJW	ENCSR135ANT	ENCSR214IZN	BPNet	normalized predicted signal profile	bigWig	ChIP-seq	NRF1	MCF-7	cell-line	cell-line	cell-line	minus	none	passed
ENCFF433KWH	ENCFF433KWH	ENCSR135ANT	ENCSR214IZN	BPNet	normalized predicted signal profile	bigWig	ChIP-seq	NRF1	MCF-7	cell-line	cell-line	cell-line	plus	none	passed
ENCFF972NOA	ENCFF972NOA	ENCSR000EHZ	ENCSR782UXR	BPNet	normalized predicted signal profile	bigWig	ChIP-seq	NRF1	SK-N-SH	cell-line	cell-line	cell-line	minus	none	passed
ENCFF621TIL	ENCFF621TIL	ENCSR000EHZ	ENCSR782UXR	BPNet	normalized predicted signal profile	bigWig	ChIP-seq	NRF1	SK-N-SH	cell-line	cell-line	cell-line	plus	none	passed
ENCFF991LOF	ENCFF991LOF	ENCSR956OSX	ENCSR181GHL	BPNet	normalized predicted signal profile	bigWig	ChIP-seq	ONECUT1	HepG2	cell-line	cell-line	cell-line	minus	none	passed
ENCFF407EZV	ENCFF407EZV	ENCSR956OSX	ENCSR181GHL	BPNet	normalized predicted signal profile	bigWig	ChIP-seq	ONECUT1	HepG2	cell-line	cell-line	cell-line	plus	none	passed
ENCFF590AFR	ENCFF590AFR	ENCSR661PKJ	ENCSR030NUO	BPNet	normalized predicted signal profile	bigWig	ChIP-seq	ONECUT2	HepG2	cell-line	cell-line	cell-line	minus	none	passed
ENCFF196KCQ	ENCFF196KCQ	ENCSR661PKJ	ENCSR030NUO	BPNet	normalized predicted signal profile	bigWig	ChIP-seq	ONECUT2	HepG2	cell-line	cell-line	cell-line	plus	none	passed
ENCFF043NKR	ENCFF043NKR	ENCSR324LTM	ENCSR685EWN	BPNet	normalized predicted signal profile	bigWig	ChIP-seq	OSR2	HEK293	cell-line	cell-line	cell-line	minus	none	passed
ENCFF691OCZ	ENCFF691OCZ	ENCSR324LTM	ENCSR685EWN	BPNet	normalized predicted signal profile	bigWig	ChIP-seq	OSR2	HEK293	cell-line	cell-line	cell-line	plus	none	passed
ENCFF204CDY	ENCFF204CDY	ENCSR475ZYA	ENCSR929JHW	BPNet	normalized predicted signal profile	bigWig	ChIP-seq	OTX1	K562	cell-line	cell-line	cell-line	minus	none	passed
ENCFF039YLM	ENCFF039YLM	ENCSR475ZYA	ENCSR929JHW	BPNet	normalized predicted signal profile	bigWig	ChIP-seq	OTX1	K562	cell-line	cell-line	cell-line	plus	none	passed
ENCFF623LEY	ENCFF623LEY	ENCSR004HEA	ENCSR248HLP	BPNet	normalized predicted signal profile	bigWig	ChIP-seq	OTX2	WTC11	cell-line	cell-line	cell-line	minus	none	passed
ENCFF751UXW	ENCFF751UXW	ENCSR004HEA	ENCSR248HLP	BPNet	normalized predicted signal profile	bigWig	ChIP-seq	OTX2	WTC11	cell-line	cell-line	cell-line	plus	none	passed
ENCFF789LIJ	ENCFF789LIJ	ENCSR829WBA	ENCSR446WNF	BPNet	normalized predicted signal profile	bigWig	ChIP-seq	OVOL1	MCF-7	cell-line	cell-line	cell-line	minus	none	passed
ENCFF558CRS	ENCFF558CRS	ENCSR829WBA	ENCSR446WNF	BPNet	normalized predicted signal profile	bigWig	ChIP-seq	OVOL1	MCF-7	cell-line	cell-line	cell-line	plus	none	passed
ENCFF905WEQ	ENCFF905WEQ	ENCSR966ULI	ENCSR024NUR	BPNet	normalized predicted signal profile	bigWig	ChIP-seq	PATZ1	HEK293	cell-line	cell-line	cell-line	minus	none	passed
ENCFF019LCJ	ENCFF019LCJ	ENCSR966ULI	ENCSR024NUR	BPNet	normalized predicted signal profile	bigWig	ChIP-seq	PATZ1	HEK293	cell-line	cell-line	cell-line	plus	none	passed
ENCFF658RQV	ENCFF658RQV	ENCSR658YLN	ENCSR507HQC	BPNet	normalized predicted signal profile	bigWig	ChIP-seq	PATZ1	HepG2	cell-line	cell-line	cell-line	minus	none	passed
ENCFF859RJV	ENCFF859RJV	ENCSR658YLN	ENCSR507HQC	BPNet	normalized predicted signal profile	bigWig	ChIP-seq	PATZ1	HepG2	cell-line	cell-line	cell-line	plus	none	passed
ENCFF336GLM	ENCFF336GLM	ENCSR969AIM	ENCSR712MTB	BPNet	normalized predicted signal profile	bigWig	ChIP-seq	PATZ1	SK-N-SH	cell-line	cell-line	cell-line	minus	none	passed
ENCFF561EAO	ENCFF561EAO	ENCSR969AIM	ENCSR712MTB	BPNet	normalized predicted signal profile	bigWig	ChIP-seq	PATZ1	SK-N-SH	cell-line	cell-line	cell-line	plus	none	passed
ENCFF048COS	ENCFF048COS	ENCSR000BHD	ENCSR273TEU	BPNet	normalized predicted signal profile	bigWig	ChIP-seq	PAX5	GM12878	cell-line	cell-line	cell-line	minus	none	passed
ENCFF928VPW	ENCFF928VPW	ENCSR000BHJ	ENCSR040PVF	BPNet	normalized predicted signal profile	bigWig	ChIP-seq	PAX5	GM12878	cell-line	cell-line	cell-line	minus	none	passed
ENCFF025NOB	ENCFF025NOB	ENCSR000BHD	ENCSR273TEU	BPNet	normalized predicted signal profile	bigWig	ChIP-seq	PAX5	GM12878	cell-line	cell-line	cell-line	plus	none	passed
ENCFF814KMN	ENCFF814KMN	ENCSR000BHJ	ENCSR040PVF	BPNet	normalized predicted signal profile	bigWig	ChIP-seq	PAX5	GM12878	cell-line	cell-line	cell-line	plus	none	passed
ENCFF609ETB	ENCFF609ETB	ENCSR000BJI	ENCSR387UVY	BPNet	normalized predicted signal profile	bigWig	ChIP-seq	PAX5	GM12892	cell-line	cell-line	cell-line	minus	none	passed
ENCFF820KVI	ENCFF820KVI	ENCSR000BJI	ENCSR387UVY	BPNet	normalized predicted signal profile	bigWig	ChIP-seq	PAX5	GM12892	cell-line	cell-line	cell-line	plus	none	passed
ENCFF323LXD	ENCFF323LXD	ENCSR192AFN	ENCSR113JWW	BPNet	normalized predicted signal profile	bigWig	ChIP-seq	PAX8	GM12878	cell-line	cell-line	cell-line	minus	none	passed
ENCFF922XXI	ENCFF922XXI	ENCSR192AFN	ENCSR113JWW	BPNet	normalized predicted signal profile	bigWig	ChIP-seq	PAX8	GM12878	cell-line	cell-line	cell-line	plus	none	passed
ENCFF548WEB	ENCFF548WEB	ENCSR637RKG	ENCSR433EIH	BPNet	normalized predicted signal profile	bigWig	ChIP-seq	PBX1	A549	cell-line	cell-line	cell-line	minus	none	passed
ENCFF849BNU	ENCFF849BNU	ENCSR637RKG	ENCSR433EIH	BPNet	normalized predicted signal profile	bigWig	ChIP-seq	PBX1	A549	cell-line	cell-line	cell-line	plus	none	passed
ENCFF100TNZ	ENCFF100TNZ	ENCSR849DFF	ENCSR636OJZ	BPNet	normalized predicted signal profile	bigWig	ChIP-seq	PBX2	HepG2	cell-line	cell-line	cell-line	minus	none	passed
ENCFF013CJX	ENCFF013CJX	ENCSR849DFF	ENCSR636OJZ	BPNet	normalized predicted signal profile	bigWig	ChIP-seq	PBX2	HepG2	cell-line	cell-line	cell-line	plus	none	passed
ENCFF006VOP	ENCFF006VOP	ENCSR263DFP	ENCSR551HZJ	BPNet	normalized predicted signal profile	bigWig	ChIP-seq	PBX2	K562	cell-line	cell-line	cell-line	minus	none	passed
ENCFF277WVD	ENCFF277WVD	ENCSR633EIC	ENCSR745SNO	BPNet	normalized predicted signal profile	bigWig	ChIP-seq	PBX2	K562	cell-line	cell-line	cell-line	minus	none	passed
ENCFF190VAD	ENCFF190VAD	ENCSR263DFP	ENCSR551HZJ	BPNet	normalized predicted signal profile	bigWig	ChIP-seq	PBX2	K562	cell-line	cell-line	cell-line	plus	none	passed
ENCFF838WHJ	ENCFF838WHJ	ENCSR633EIC	ENCSR745SNO	BPNet	normalized predicted signal profile	bigWig	ChIP-seq	PBX2	K562	cell-line	cell-line	cell-line	plus	none	passed
ENCFF895BUB	ENCFF895BUB	ENCSR000BTN	ENCSR087MEY	BPNet	normalized predicted signal profile	bigWig	ChIP-seq	PBX3	A549	cell-line	cell-line	cell-line	minus	none	passed
ENCFF378GBA	ENCFF378GBA	ENCSR000BTN	ENCSR087MEY	BPNet	normalized predicted signal profile	bigWig	ChIP-seq	PBX3	A549	cell-line	cell-line	cell-line	plus	none	passed
ENCFF474KVP	ENCFF474KVP	ENCSR000BGR	ENCSR101PVF	BPNet	normalized predicted signal profile	bigWig	ChIP-seq	PBX3	GM12878	cell-line	cell-line	cell-line	minus	none	passed
ENCFF138ATN	ENCFF138ATN	ENCSR000BGR	ENCSR101PVF	BPNet	normalized predicted signal profile	bigWig	ChIP-seq	PBX3	GM12878	cell-line	cell-line	cell-line	plus	none	passed
ENCFF568NTD	ENCFF568NTD	ENCSR865HXK	ENCSR645VWV	BPNet	normalized predicted signal profile	bigWig	ChIP-seq	PBX3	HEK293	cell-line	cell-line	cell-line	minus	none	passed
ENCFF532NBM	ENCFF532NBM	ENCSR865HXK	ENCSR645VWV	BPNet	normalized predicted signal profile	bigWig	ChIP-seq	PBX3	HEK293	cell-line	cell-line	cell-line	plus	none	passed
ENCFF361OLH	ENCFF361OLH	ENCSR000BVE	ENCSR592CCC	BPNet	normalized predicted signal profile	bigWig	ChIP-seq	PBX3	SK-N-SH	cell-line	cell-line	cell-line	minus	none	passed
ENCFF299WCC	ENCFF299WCC	ENCSR000BVE	ENCSR592CCC	BPNet	normalized predicted signal profile	bigWig	ChIP-seq	PBX3	SK-N-SH	cell-line	cell-line	cell-line	plus	none	passed
ENCFF089OTO	ENCFF089OTO	ENCSR374MAS	ENCSR531XTW	BPNet	normalized predicted signal profile	bigWig	ChIP-seq	PITX1	HepG2	cell-line	cell-line	cell-line	minus	none	passed
ENCFF609VSE	ENCFF609VSE	ENCSR374MAS	ENCSR531XTW	BPNet	normalized predicted signal profile	bigWig	ChIP-seq	PITX1	HepG2	cell-line	cell-line	cell-line	plus	none	passed
ENCFF308XAG	ENCFF308XAG	ENCSR711XNY	ENCSR001IUM	BPNet	normalized predicted signal profile	bigWig	ChIP-seq	PKNOX1	GM12878	cell-line	cell-line	cell-line	minus	none	passed
ENCFF120SOT	ENCFF120SOT	ENCSR711XNY	ENCSR001IUM	BPNet	normalized predicted signal profile	bigWig	ChIP-seq	PKNOX1	GM12878	cell-line	cell-line	cell-line	plus	none	passed
ENCFF104DZX	ENCFF104DZX	ENCSR233FAG	ENCSR610UPY	BPNet	normalized predicted signal profile	bigWig	ChIP-seq	PKNOX1	HEK293T	cell-line	cell-line	cell-line	minus	none	passed
ENCFF261UXT	ENCFF261UXT	ENCSR233FAG	ENCSR610UPY	BPNet	normalized predicted signal profile	bigWig	ChIP-seq	PKNOX1	HEK293T	cell-line	cell-line	cell-line	plus	none	passed
ENCFF895VOD	ENCFF895VOD	ENCSR115SMW	ENCSR509JOV	BPNet	normalized predicted signal profile	bigWig	ChIP-seq	PKNOX1	K562	cell-line	cell-line	cell-line	minus	none	passed
ENCFF911KGU	ENCFF911KGU	ENCSR115SMW	ENCSR509JOV	BPNet	normalized predicted signal profile	bigWig	ChIP-seq	PKNOX1	K562	cell-line	cell-line	cell-line	plus	none	passed
ENCFF430ZRY	ENCFF430ZRY	ENCSR986XYK	ENCSR949ALP	BPNet	normalized predicted signal profile	bigWig	ChIP-seq	PKNOX1	MCF-7	cell-line	cell-line	cell-line	minus	none	passed
ENCFF349OUI	ENCFF349OUI	ENCSR986XYK	ENCSR949ALP	BPNet	normalized predicted signal profile	bigWig	ChIP-seq	PKNOX1	MCF-7	cell-line	cell-line	cell-line	plus	none	passed
ENCFF392JOC	ENCFF392JOC	ENCSR871EQD	ENCSR608CDL	BPNet	normalized predicted signal profile	bigWig	ChIP-seq	POU2F1	HepG2	cell-line	cell-line	cell-line	minus	none	passed
ENCFF803TIJ	ENCFF803TIJ	ENCSR871EQD	ENCSR608CDL	BPNet	normalized predicted signal profile	bigWig	ChIP-seq	POU2F1	HepG2	cell-line	cell-line	cell-line	plus	none	passed
ENCFF077OCQ	ENCFF077OCQ	ENCSR000BGP	ENCSR218LOC	BPNet	normalized predicted signal profile	bigWig	ChIP-seq	POU2F2	GM12878	cell-line	cell-line	cell-line	minus	none	passed
ENCFF236VZD	ENCFF236VZD	ENCSR000BGP	ENCSR218LOC	BPNet	normalized predicted signal profile	bigWig	ChIP-seq	POU2F2	GM12878	cell-line	cell-line	cell-line	plus	none	passed
ENCFF721DVH	ENCFF721DVH	ENCSR000BII	ENCSR898ALC	BPNet	normalized predicted signal profile	bigWig	ChIP-seq	POU2F2	GM12891	cell-line	cell-line	cell-line	minus	none	passed
ENCFF258GGS	ENCFF258GGS	ENCSR000BII	ENCSR898ALC	BPNet	normalized predicted signal profile	bigWig	ChIP-seq	POU2F2	GM12891	cell-line	cell-line	cell-line	plus	none	passed
ENCFF346KVZ	ENCFF346KVZ	ENCSR264RJX	ENCSR214WIR	BPNet	normalized predicted signal profile	bigWig	ChIP-seq	POU5F1	GM23338	cell-line	cell-line	cell-line	minus	none	passed
ENCFF740ITV	ENCFF740ITV	ENCSR264RJX	ENCSR214WIR	BPNet	normalized predicted signal profile	bigWig	ChIP-seq	POU5F1	GM23338	cell-line	cell-line	cell-line	plus	none	passed
ENCFF902CMN	ENCFF902CMN	ENCSR362VCG	ENCSR888ILP	BPNet	normalized predicted signal profile	bigWig	ChIP-seq	POU5F1	bipolar-neuron	neuron	nerve	central-nervous-system	minus	none	passed
ENCFF321FTA	ENCFF321FTA	ENCSR362VCG	ENCSR888ILP	BPNet	normalized predicted signal profile	bigWig	ChIP-seq	POU5F1	bipolar-neuron	neuron	nerve	central-nervous-system	plus	none	passed
ENCFF455LRV	ENCFF455LRV	ENCSR706OJM	ENCSR079JGV	BPNet	normalized predicted signal profile	bigWig	ChIP-seq	POU6F1	SK-N-SH	cell-line	cell-line	cell-line	minus	none	passed
ENCFF387GOI	ENCFF387GOI	ENCSR706OJM	ENCSR079JGV	BPNet	normalized predicted signal profile	bigWig	ChIP-seq	POU6F1	SK-N-SH	cell-line	cell-line	cell-line	plus	none	passed
ENCFF825QQW	ENCFF825QQW	ENCSR130VQL	ENCSR103TWX	BPNet	normalized predicted signal profile	bigWig	ChIP-seq	PPARG	HepG2	cell-line	cell-line	cell-line	minus	none	passed
ENCFF781RAZ	ENCFF781RAZ	ENCSR130VQL	ENCSR103TWX	BPNet	normalized predicted signal profile	bigWig	ChIP-seq	PPARG	HepG2	cell-line	cell-line	cell-line	plus	none	passed
ENCFF393SXP	ENCFF393SXP	ENCSR977FEF	ENCSR852CZQ	BPNet	normalized predicted signal profile	bigWig	ChIP-seq	PRDM1	A549	cell-line	cell-line	cell-line	minus	none	passed
ENCFF842TYX	ENCFF842TYX	ENCSR977FEF	ENCSR852CZQ	BPNet	normalized predicted signal profile	bigWig	ChIP-seq	PRDM1	A549	cell-line	cell-line	cell-line	plus	none	passed
ENCFF120AAN	ENCFF120AAN	ENCSR098YLE	ENCSR613DGQ	BPNet	normalized predicted signal profile	bigWig	ChIP-seq	PRDM1	HEK293	cell-line	cell-line	cell-line	minus	none	passed
ENCFF798ESZ	ENCFF798ESZ	ENCSR098YLE	ENCSR613DGQ	BPNet	normalized predicted signal profile	bigWig	ChIP-seq	PRDM1	HEK293	cell-line	cell-line	cell-line	plus	none	passed
ENCFF982DOW	ENCFF982DOW	ENCSR000ECY	ENCSR490LLP	BPNet	normalized predicted signal profile	bigWig	ChIP-seq	PRDM1	HeLa-S3	cell-line	cell-line	cell-line	minus	none	passed
ENCFF224NCS	ENCFF224NCS	ENCSR000ECY	ENCSR490LLP	BPNet	normalized predicted signal profile	bigWig	ChIP-seq	PRDM1	HeLa-S3	cell-line	cell-line	cell-line	plus	none	passed
ENCFF435KQZ	ENCFF435KQZ	ENCSR223TAV	ENCSR076JOR	BPNet	normalized predicted signal profile	bigWig	ChIP-seq	PRDM10	HEK293	cell-line	cell-line	cell-line	minus	none	passed
ENCFF323VBN	ENCFF323VBN	ENCSR223TAV	ENCSR076JOR	BPNet	normalized predicted signal profile	bigWig	ChIP-seq	PRDM10	HEK293	cell-line	cell-line	cell-line	plus	none	passed
ENCFF397BCX	ENCFF397BCX	ENCSR289PSX	ENCSR263GYU	BPNet	normalized predicted signal profile	bigWig	ChIP-seq	PRDM10	HepG2	cell-line	cell-line	cell-line	minus	none	passed
ENCFF536OZB	ENCFF536OZB	ENCSR289PSX	ENCSR263GYU	BPNet	normalized predicted signal profile	bigWig	ChIP-seq	PRDM10	HepG2	cell-line	cell-line	cell-line	plus	none	passed
ENCFF620OMP	ENCFF620OMP	ENCSR120MPG	ENCSR413MCR	BPNet	normalized predicted signal profile	bigWig	ChIP-seq	PRDM10	K562	cell-line	cell-line	cell-line	minus	none	passed
ENCFF940RSG	ENCFF940RSG	ENCSR120MPG	ENCSR413MCR	BPNet	normalized predicted signal profile	bigWig	ChIP-seq	PRDM10	K562	cell-line	cell-line	cell-line	plus	none	passed
ENCFF842JAY	ENCFF842JAY	ENCSR011INW	ENCSR950RRT	BPNet	normalized predicted signal profile	bigWig	ChIP-seq	PRDM15	HepG2	cell-line	cell-line	cell-line	minus	none	passed
ENCFF956MJP	ENCFF956MJP	ENCSR011INW	ENCSR950RRT	BPNet	normalized predicted signal profile	bigWig	ChIP-seq	PRDM15	HepG2	cell-line	cell-line	cell-line	plus	none	passed
ENCFF611KDJ	ENCFF611KDJ	ENCSR092DCD	ENCSR239YJA	BPNet	normalized predicted signal profile	bigWig	ChIP-seq	PRDM15	WTC11	cell-line	cell-line	cell-line	minus	none	passed
ENCFF010YWZ	ENCFF010YWZ	ENCSR092DCD	ENCSR239YJA	BPNet	normalized predicted signal profile	bigWig	ChIP-seq	PRDM15	WTC11	cell-line	cell-line	cell-line	plus	none	passed
ENCFF494DYX	ENCFF494DYX	ENCSR443MVV	ENCSR592KSS	BPNet	normalized predicted signal profile	bigWig	ChIP-seq	PRDM4	HEK293	cell-line	cell-line	cell-line	minus	none	passed
ENCFF243JUW	ENCFF243JUW	ENCSR443MVV	ENCSR592KSS	BPNet	normalized predicted signal profile	bigWig	ChIP-seq	PRDM4	HEK293	cell-line	cell-line	cell-line	plus	none	passed
ENCFF309PUL	ENCFF309PUL	ENCSR892QHR	ENCSR210CAR	BPNet	normalized predicted signal profile	bigWig	ChIP-seq	PRDM6	HEK293	cell-line	cell-line	cell-line	minus	none	passed
ENCFF401NNZ	ENCFF401NNZ	ENCSR892QHR	ENCSR210CAR	BPNet	normalized predicted signal profile	bigWig	ChIP-seq	PRDM6	HEK293	cell-line	cell-line	cell-line	plus	none	passed
ENCFF367JQW	ENCFF367JQW	ENCSR443YTB	ENCSR817XQQ	BPNet	normalized predicted signal profile	bigWig	ChIP-seq	PROX1	HepG2	cell-line	cell-line	cell-line	minus	none	passed
ENCFF028UTT	ENCFF028UTT	ENCSR443YTB	ENCSR817XQQ	BPNet	normalized predicted signal profile	bigWig	ChIP-seq	PROX1	HepG2	cell-line	cell-line	cell-line	plus	none	passed
ENCFF887XZW	ENCFF887XZW	ENCSR144NTH	ENCSR796ANQ	BPNet	normalized predicted signal profile	bigWig	ChIP-seq	RBAK	HepG2	cell-line	cell-line	cell-line	minus	none	passed
ENCFF443IYU	ENCFF443IYU	ENCSR144NTH	ENCSR796ANQ	BPNet	normalized predicted signal profile	bigWig	ChIP-seq	RBAK	HepG2	cell-line	cell-line	cell-line	plus	none	passed
ENCFF901WTG	ENCFF901WTG	ENCSR596FEL	ENCSR261VHA	BPNet	normalized predicted signal profile	bigWig	ChIP-seq	RBPJ	HepG2	cell-line	cell-line	cell-line	minus	none	passed
ENCFF915JLY	ENCFF915JLY	ENCSR596FEL	ENCSR261VHA	BPNet	normalized predicted signal profile	bigWig	ChIP-seq	RBPJ	HepG2	cell-line	cell-line	cell-line	plus	none	passed
ENCFF520SOR	ENCFF520SOR	ENCSR740XMB	ENCSR986MEJ	BPNet	normalized predicted signal profile	bigWig	ChIP-seq	RBPJ	K562	cell-line	cell-line	cell-line	minus	none	passed
ENCFF163YEW	ENCFF163YEW	ENCSR740XMB	ENCSR986MEJ	BPNet	normalized predicted signal profile	bigWig	ChIP-seq	RBPJ	K562	cell-line	cell-line	cell-line	plus	none	passed
ENCFF211JBA	ENCFF211JBA	ENCSR664POU	ENCSR056PCS	BPNet	normalized predicted signal profile	bigWig	ChIP-seq	RELA	GM12878	cell-line	cell-line	cell-line	minus	none	passed
ENCFF407SYN	ENCFF407SYN	ENCSR000EAG	ENCSR003PRH	BPNet	normalized predicted signal profile	bigWig	ChIP-seq	RELA	GM12878	cell-line	cell-line	cell-line	minus	none	passed
ENCFF169AXM	ENCFF169AXM	ENCSR000EAG	ENCSR003PRH	BPNet	normalized predicted signal profile	bigWig	ChIP-seq	RELA	GM12878	cell-line	cell-line	cell-line	plus	none	passed
ENCFF598LKK	ENCFF598LKK	ENCSR664POU	ENCSR056PCS	BPNet	normalized predicted signal profile	bigWig	ChIP-seq	RELA	GM12878	cell-line	cell-line	cell-line	plus	none	passed
ENCFF331JJE	ENCFF331JJE	ENCSR000EAI	ENCSR040NUE	BPNet	normalized predicted signal profile	bigWig	ChIP-seq	RELA	GM12891	cell-line	cell-line	cell-line	minus	none	passed
ENCFF803NUU	ENCFF803NUU	ENCSR000EAI	ENCSR040NUE	BPNet	normalized predicted signal profile	bigWig	ChIP-seq	RELA	GM12891	cell-line	cell-line	cell-line	plus	none	passed
ENCFF808OAN	ENCFF808OAN	ENCSR000EAN	ENCSR544MSV	BPNet	normalized predicted signal profile	bigWig	ChIP-seq	RELA	GM12892	cell-line	cell-line	cell-line	minus	none	passed
ENCFF355ROG	ENCFF355ROG	ENCSR000EAN	ENCSR544MSV	BPNet	normalized predicted signal profile	bigWig	ChIP-seq	RELA	GM12892	cell-line	cell-line	cell-line	plus	none	passed
ENCFF489AQE	ENCFF489AQE	ENCSR000EAQ	ENCSR246TIE	BPNet	normalized predicted signal profile	bigWig	ChIP-seq	RELA	GM15510	cell-line	cell-line	cell-line	minus	none	passed
ENCFF278EIC	ENCFF278EIC	ENCSR000EAQ	ENCSR246TIE	BPNet	normalized predicted signal profile	bigWig	ChIP-seq	RELA	GM15510	cell-line	cell-line	cell-line	plus	none	passed
ENCFF700YUX	ENCFF700YUX	ENCSR000EBD	ENCSR648RAH	BPNet	normalized predicted signal profile	bigWig	ChIP-seq	RELA	GM18951	cell-line	cell-line	cell-line	minus	none	passed
ENCFF850FJX	ENCFF850FJX	ENCSR000EBD	ENCSR648RAH	BPNet	normalized predicted signal profile	bigWig	ChIP-seq	RELA	GM18951	cell-line	cell-line	cell-line	plus	none	passed
ENCFF168VBC	ENCFF168VBC	ENCSR000EBM	ENCSR243UOT	BPNet	normalized predicted signal profile	bigWig	ChIP-seq	RELA	GM19193	cell-line	cell-line	cell-line	minus	none	passed
ENCFF267YRK	ENCFF267YRK	ENCSR000EBM	ENCSR243UOT	BPNet	normalized predicted signal profile	bigWig	ChIP-seq	RELA	GM19193	cell-line	cell-line	cell-line	plus	none	passed
ENCFF018VZG	ENCFF018VZG	ENCSR580HOI	ENCSR794EAB	BPNet	normalized predicted signal profile	bigWig	ChIP-seq	RELA	HepG2	cell-line	cell-line	cell-line	minus	none	passed
ENCFF217OFQ	ENCFF217OFQ	ENCSR580HOI	ENCSR794EAB	BPNet	normalized predicted signal profile	bigWig	ChIP-seq	RELA	HepG2	cell-line	cell-line	cell-line	plus	none	passed
ENCFF045EDV	ENCFF045EDV	ENCSR387QUV	ENCSR677QQV	BPNet	normalized predicted signal profile	bigWig	ChIP-seq	RELB	GM12878	cell-line	cell-line	cell-line	minus	none	passed
ENCFF855DXH	ENCFF855DXH	ENCSR387QUV	ENCSR677QQV	BPNet	normalized predicted signal profile	bigWig	ChIP-seq	RELB	GM12878	cell-line	cell-line	cell-line	plus	none	passed
ENCFF118NCO	ENCFF118NCO	ENCSR000BQP	ENCSR108OCH	BPNet	normalized predicted signal profile	bigWig	ChIP-seq	REST	A549	cell-line	cell-line	cell-line	minus	none	passed
ENCFF537RIT	ENCFF537RIT	ENCSR892DRK	ENCSR584FHS	BPNet	normalized predicted signal profile	bigWig	ChIP-seq	REST	A549	cell-line	cell-line	cell-line	minus	none	passed
ENCFF466ZRG	ENCFF466ZRG	ENCSR000BQP	ENCSR108OCH	BPNet	normalized predicted signal profile	bigWig	ChIP-seq	REST	A549	cell-line	cell-line	cell-line	plus	none	passed
ENCFF966LNY	ENCFF966LNY	ENCSR892DRK	ENCSR584FHS	BPNet	normalized predicted signal profile	bigWig	ChIP-seq	REST	A549	cell-line	cell-line	cell-line	plus	none	passed
ENCFF264CTS	ENCFF264CTS	ENCSR000BQS	ENCSR805DLB	BPNet	normalized predicted signal profile	bigWig	ChIP-seq	REST	GM12878	cell-line	cell-line	cell-line	minus	none	passed
ENCFF688GUG	ENCFF688GUG	ENCSR000BGF	ENCSR784NGD	BPNet	normalized predicted signal profile	bigWig	ChIP-seq	REST	GM12878	cell-line	cell-line	cell-line	minus	none	passed
ENCFF380JUT	ENCFF380JUT	ENCSR000BGF	ENCSR784NGD	BPNet	normalized predicted signal profile	bigWig	ChIP-seq	REST	GM12878	cell-line	cell-line	cell-line	plus	none	passed
ENCFF874WYA	ENCFF874WYA	ENCSR000BQS	ENCSR805DLB	BPNet	normalized predicted signal profile	bigWig	ChIP-seq	REST	GM12878	cell-line	cell-line	cell-line	plus	none	passed
ENCFF613AHA	ENCFF613AHA	ENCSR871KYB	ENCSR543TOL	BPNet	normalized predicted signal profile	bigWig	ChIP-seq	REST	GM23338	cell-line	cell-line	cell-line	minus	none	passed
ENCFF841MCW	ENCFF841MCW	ENCSR871KYB	ENCSR543TOL	BPNet	normalized predicted signal profile	bigWig	ChIP-seq	REST	GM23338	cell-line	cell-line	cell-line	plus	none	passed
ENCFF269MKP	ENCFF269MKP	ENCSR000BHM	ENCSR235MZF	BPNet	normalized predicted signal profile	bigWig	ChIP-seq	REST	H1	cell-line	cell-line	cell-line	minus	none	passed
ENCFF797WPE	ENCFF797WPE	ENCSR663WAR	ENCSR296LFF	BPNet	normalized predicted signal profile	bigWig	ChIP-seq	REST	H1	cell-line	cell-line	cell-line	minus	none	passed
ENCFF134HQD	ENCFF134HQD	ENCSR663WAR	ENCSR296LFF	BPNet	normalized predicted signal profile	bigWig	ChIP-seq	REST	H1	cell-line	cell-line	cell-line	plus	none	passed
ENCFF478KGA	ENCFF478KGA	ENCSR000BHM	ENCSR235MZF	BPNet	normalized predicted signal profile	bigWig	ChIP-seq	REST	H1	cell-line	cell-line	cell-line	plus	none	passed
ENCFF144EWH	ENCFF144EWH	ENCSR000BVI	ENCSR148KXV	BPNet	normalized predicted signal profile	bigWig	ChIP-seq	REST	HCT116	cell-line	cell-line	cell-line	minus	none	passed
ENCFF171WAI	ENCFF171WAI	ENCSR000BVI	ENCSR148KXV	BPNet	normalized predicted signal profile	bigWig	ChIP-seq	REST	HCT116	cell-line	cell-line	cell-line	plus	none	passed
ENCFF108DUS	ENCFF108DUS	ENCSR896UBV	ENCSR067SUX	BPNet	normalized predicted signal profile	bigWig	ChIP-seq	REST	HEK293	cell-line	cell-line	cell-line	minus	none	passed
ENCFF981UFG	ENCFF981UFG	ENCSR896UBV	ENCSR067SUX	BPNet	normalized predicted signal profile	bigWig	ChIP-seq	REST	HEK293	cell-line	cell-line	cell-line	plus	none	passed
ENCFF375WZQ	ENCFF375WZQ	ENCSR000BTF	ENCSR900KSB	BPNet	normalized predicted signal profile	bigWig	ChIP-seq	REST	HL-60	cell-line	cell-line	cell-line	minus	none	passed
ENCFF219JNQ	ENCFF219JNQ	ENCSR000BTF	ENCSR900KSB	BPNet	normalized predicted signal profile	bigWig	ChIP-seq	REST	HL-60	cell-line	cell-line	cell-line	plus	none	passed
ENCFF956PTO	ENCFF956PTO	ENCSR000BMN	ENCSR673YCJ	BPNet	normalized predicted signal profile	bigWig	ChIP-seq	REST	HeLa-S3	cell-line	cell-line	cell-line	minus	none	passed
ENCFF783YNR	ENCFF783YNR	ENCSR000BMN	ENCSR673YCJ	BPNet	normalized predicted signal profile	bigWig	ChIP-seq	REST	HeLa-S3	cell-line	cell-line	cell-line	plus	none	passed
ENCFF154ZBN	ENCFF154ZBN	ENCSR000BOT	ENCSR629ECU	BPNet	normalized predicted signal profile	bigWig	ChIP-seq	REST	HepG2	cell-line	cell-line	cell-line	minus	none	passed
ENCFF750KVI	ENCFF750KVI	ENCSR000BJL	ENCSR596AXW	BPNet	normalized predicted signal profile	bigWig	ChIP-seq	REST	HepG2	cell-line	cell-line	cell-line	minus	none	passed
ENCFF676SHX	ENCFF676SHX	ENCSR000BOT	ENCSR629ECU	BPNet	normalized predicted signal profile	bigWig	ChIP-seq	REST	HepG2	cell-line	cell-line	cell-line	plus	none	passed
ENCFF749JLF	ENCFF749JLF	ENCSR000BJL	ENCSR596AXW	BPNet	normalized predicted signal profile	bigWig	ChIP-seq	REST	HepG2	cell-line	cell-line	cell-line	plus	none	passed
ENCFF748HHW	ENCFF748HHW	ENCSR000BUU	ENCSR174BCS	BPNet	normalized predicted signal profile	bigWig	ChIP-seq	REST	Ishikawa	cell-line	cell-line	cell-line	minus	none	passed
ENCFF418PXS	ENCFF418PXS	ENCSR000BUU	ENCSR174BCS	BPNet	normalized predicted signal profile	bigWig	ChIP-seq	REST	Ishikawa	cell-line	cell-line	cell-line	plus	none	passed
ENCFF005PTP	ENCFF005PTP	ENCSR054JMQ	ENCSR759WXZ	BPNet	normalized predicted signal profile	bigWig	ChIP-seq	REST	K562	cell-line	cell-line	cell-line	minus	none	passed
ENCFF480WNR	ENCFF480WNR	ENCSR000BMW	ENCSR364RHG	BPNet	normalized predicted signal profile	bigWig	ChIP-seq	REST	K562	cell-line	cell-line	cell-line	minus	none	passed
ENCFF555GPW	ENCFF555GPW	ENCSR137ZMQ	ENCSR831SVZ	BPNet	normalized predicted signal profile	bigWig	ChIP-seq	REST	K562	cell-line	cell-line	cell-line	minus	none	passed
ENCFF850WEQ	ENCFF850WEQ	ENCSR000ATM	ENCSR867KCV	BPNet	normalized predicted signal profile	bigWig	ChIP-seq	REST	K562	cell-line	cell-line	cell-line	minus	none	passed
ENCFF674SVR	ENCFF674SVR	ENCSR000ATM	ENCSR867KCV	BPNet	normalized predicted signal profile	bigWig	ChIP-seq	REST	K562	cell-line	cell-line	cell-line	plus	none	passed
ENCFF734SPY	ENCFF734SPY	ENCSR054JMQ	ENCSR759WXZ	BPNet	normalized predicted signal profile	bigWig	ChIP-seq	REST	K562	cell-line	cell-line	cell-line	plus	none	passed
ENCFF920UZP	ENCFF920UZP	ENCSR000BMW	ENCSR364RHG	BPNet	normalized predicted signal profile	bigWig	ChIP-seq	REST	K562	cell-line	cell-line	cell-line	plus	none	passed
ENCFF931QEM	ENCFF931QEM	ENCSR137ZMQ	ENCSR831SVZ	BPNet	normalized predicted signal profile	bigWig	ChIP-seq	REST	K562	cell-line	cell-line	cell-line	plus	none	passed
ENCFF052SLF	ENCFF052SLF	ENCSR000BSP	ENCSR640PXF	BPNet	normalized predicted signal profile	bigWig	ChIP-seq	REST	MCF-7	cell-line	cell-line	cell-line	minus	none	passed
ENCFF474EJX	ENCFF474EJX	ENCSR000BSP	ENCSR640PXF	BPNet	normalized predicted signal profile	bigWig	ChIP-seq	REST	MCF-7	cell-line	cell-line	cell-line	plus	none	passed
ENCFF096KNJ	ENCFF096KNJ	ENCSR000BJP	ENCSR811WIG	BPNet	normalized predicted signal profile	bigWig	ChIP-seq	REST	PFSK-1	cell-line	cell-line	cell-line	minus	none	passed
ENCFF640KYQ	ENCFF640KYQ	ENCSR000BOX	ENCSR229LTB	BPNet	normalized predicted signal profile	bigWig	ChIP-seq	REST	PFSK-1	cell-line	cell-line	cell-line	minus	none	passed
ENCFF043OVO	ENCFF043OVO	ENCSR000BOX	ENCSR229LTB	BPNet	normalized predicted signal profile	bigWig	ChIP-seq	REST	PFSK-1	cell-line	cell-line	cell-line	plus	none	passed
ENCFF126YJF	ENCFF126YJF	ENCSR000BJP	ENCSR811WIG	BPNet	normalized predicted signal profile	bigWig	ChIP-seq	REST	PFSK-1	cell-line	cell-line	cell-line	plus	none	passed
ENCFF391ZPK	ENCFF391ZPK	ENCSR000BJO	ENCSR862SMK	BPNet	normalized predicted signal profile	bigWig	ChIP-seq	REST	Panc1	cell-line	cell-line	cell-line	minus	none	passed
ENCFF671KBH	ENCFF671KBH	ENCSR000BPK	ENCSR765OBS	BPNet	normalized predicted signal profile	bigWig	ChIP-seq	REST	Panc1	cell-line	cell-line	cell-line	minus	none	passed
ENCFF967MNH	ENCFF967MNH	ENCSR000BUP	ENCSR132GIN	BPNet	normalized predicted signal profile	bigWig	ChIP-seq	REST	Panc1	cell-line	cell-line	cell-line	minus	none	passed
ENCFF048JYD	ENCFF048JYD	ENCSR000BJO	ENCSR862SMK	BPNet	normalized predicted signal profile	bigWig	ChIP-seq	REST	Panc1	cell-line	cell-line	cell-line	plus	none	passed
ENCFF300IFJ	ENCFF300IFJ	ENCSR000BPK	ENCSR765OBS	BPNet	normalized predicted signal profile	bigWig	ChIP-seq	REST	Panc1	cell-line	cell-line	cell-line	plus	none	passed
ENCFF423TWH	ENCFF423TWH	ENCSR000BUP	ENCSR132GIN	BPNet	normalized predicted signal profile	bigWig	ChIP-seq	REST	Panc1	cell-line	cell-line	cell-line	plus	none	passed
ENCFF053EUA	ENCFF053EUA	ENCSR000BOZ	ENCSR386QUI	BPNet	normalized predicted signal profile	bigWig	ChIP-seq	REST	SK-N-SH	cell-line	cell-line	cell-line	minus	none	passed
ENCFF410BGR	ENCFF410BGR	ENCSR000BJJ	ENCSR468KZB	BPNet	normalized predicted signal profile	bigWig	ChIP-seq	REST	SK-N-SH	cell-line	cell-line	cell-line	minus	none	passed
ENCFF161TYX	ENCFF161TYX	ENCSR000BOZ	ENCSR386QUI	BPNet	normalized predicted signal profile	bigWig	ChIP-seq	REST	SK-N-SH	cell-line	cell-line	cell-line	plus	none	passed
ENCFF613IHQ	ENCFF613IHQ	ENCSR000BJJ	ENCSR468KZB	BPNet	normalized predicted signal profile	bigWig	ChIP-seq	REST	SK-N-SH	cell-line	cell-line	cell-line	plus	none	passed
ENCFF537SEA	ENCFF537SEA	ENCSR893QWP	ENCSR314BIS	BPNet	normalized predicted signal profile	bigWig	ChIP-seq	REST	liver	liver	liver	digestive-system	minus	none	passed
ENCFF785CRD	ENCFF785CRD	ENCSR867WPH	ENCSR596SVU	BPNet	normalized predicted signal profile	bigWig	ChIP-seq	REST	liver	liver	liver	digestive-system	minus	none	passed
ENCFF352SOW	ENCFF352SOW	ENCSR867WPH	ENCSR596SVU	BPNet	normalized predicted signal profile	bigWig	ChIP-seq	REST	liver	liver	liver	digestive-system	plus	none	passed
ENCFF561CPR	ENCFF561CPR	ENCSR893QWP	ENCSR314BIS	BPNet	normalized predicted signal profile	bigWig	ChIP-seq	REST	liver	liver	liver	digestive-system	plus	none	passed
ENCFF857SUO	ENCFF857SUO	ENCSR000BTV	ENCSR282ZFA	BPNet	normalized predicted signal profile	bigWig	ChIP-seq	REST	neural-cell	neural	nerve	central-nervous-system	minus	none	passed
ENCFF590RYE	ENCFF590RYE	ENCSR000BTV	ENCSR282ZFA	BPNet	normalized predicted signal profile	bigWig	ChIP-seq	REST	neural-cell	neural	nerve	central-nervous-system	plus	none	passed
ENCFF803JPQ	ENCFF803JPQ	ENCSR928API	ENCSR223XGT	BPNet	normalized predicted signal profile	bigWig	ChIP-seq	RFX1	HepG2	cell-line	cell-line	cell-line	minus	none	passed
ENCFF749HMI	ENCFF749HMI	ENCSR928API	ENCSR223XGT	BPNet	normalized predicted signal profile	bigWig	ChIP-seq	RFX1	HepG2	cell-line	cell-line	cell-line	plus	none	passed
ENCFF266ZSB	ENCFF266ZSB	ENCSR041AXL	ENCSR830DNP	BPNet	normalized predicted signal profile	bigWig	ChIP-seq	RFX1	K562	cell-line	cell-line	cell-line	minus	none	passed
ENCFF918AZP	ENCFF918AZP	ENCSR968GIB	ENCSR853BLF	BPNet	normalized predicted signal profile	bigWig	ChIP-seq	RFX1	K562	cell-line	cell-line	cell-line	minus	none	passed
ENCFF040FBF	ENCFF040FBF	ENCSR041AXL	ENCSR830DNP	BPNet	normalized predicted signal profile	bigWig	ChIP-seq	RFX1	K562	cell-line	cell-line	cell-line	plus	none	passed
ENCFF922URV	ENCFF922URV	ENCSR968GIB	ENCSR853BLF	BPNet	normalized predicted signal profile	bigWig	ChIP-seq	RFX1	K562	cell-line	cell-line	cell-line	plus	none	passed
ENCFF349ZKH	ENCFF349ZKH	ENCSR788XNX	ENCSR594OAT	BPNet	normalized predicted signal profile	bigWig	ChIP-seq	RFX1	MCF-7	cell-line	cell-line	cell-line	minus	none	passed
ENCFF529VQH	ENCFF529VQH	ENCSR066TET	ENCSR936WXH	BPNet	normalized predicted signal profile	bigWig	ChIP-seq	RFX1	MCF-7	cell-line	cell-line	cell-line	minus	none	passed
ENCFF129JHP	ENCFF129JHP	ENCSR788XNX	ENCSR594OAT	BPNet	normalized predicted signal profile	bigWig	ChIP-seq	RFX1	MCF-7	cell-line	cell-line	cell-line	plus	none	passed
ENCFF552XRR	ENCFF552XRR	ENCSR066TET	ENCSR936WXH	BPNet	normalized predicted signal profile	bigWig	ChIP-seq	RFX1	MCF-7	cell-line	cell-line	cell-line	plus	none	passed
ENCFF672NHP	ENCFF672NHP	ENCSR633OVO	ENCSR926TQA	BPNet	normalized predicted signal profile	bigWig	ChIP-seq	RFX3	HepG2	cell-line	cell-line	cell-line	minus	none	passed
ENCFF215IXW	ENCFF215IXW	ENCSR633OVO	ENCSR926TQA	BPNet	normalized predicted signal profile	bigWig	ChIP-seq	RFX3	HepG2	cell-line	cell-line	cell-line	plus	none	passed
ENCFF016XLP	ENCFF016XLP	ENCSR000DZW	ENCSR391ETD	BPNet	normalized predicted signal profile	bigWig	ChIP-seq	RFX5	GM12878	cell-line	cell-line	cell-line	minus	none	passed
ENCFF793ZSR	ENCFF793ZSR	ENCSR000DZW	ENCSR391ETD	BPNet	normalized predicted signal profile	bigWig	ChIP-seq	RFX5	GM12878	cell-line	cell-line	cell-line	plus	none	passed
ENCFF458UEQ	ENCFF458UEQ	ENCSR000ECX	ENCSR220MGX	BPNet	normalized predicted signal profile	bigWig	ChIP-seq	RFX5	HeLa-S3	cell-line	cell-line	cell-line	minus	none	passed
ENCFF570OJF	ENCFF570OJF	ENCSR000ECX	ENCSR220MGX	BPNet	normalized predicted signal profile	bigWig	ChIP-seq	RFX5	HeLa-S3	cell-line	cell-line	cell-line	plus	none	passed
ENCFF674HOU	ENCFF674HOU	ENCSR000EHY	ENCSR121FOZ	BPNet	normalized predicted signal profile	bigWig	ChIP-seq	RFX5	SK-N-SH	cell-line	cell-line	cell-line	minus	none	passed
ENCFF130XAU	ENCFF130XAU	ENCSR000EHY	ENCSR121FOZ	BPNet	normalized predicted signal profile	bigWig	ChIP-seq	RFX5	SK-N-SH	cell-line	cell-line	cell-line	plus	none	passed
ENCFF163OMH	ENCFF163OMH	ENCSR414TYY	ENCSR832AOA	BPNet	normalized predicted signal profile	bigWig	ChIP-seq	RUNX1	K562	cell-line	cell-line	cell-line	minus	none	passed
ENCFF867PXD	ENCFF867PXD	ENCSR588AKU	ENCSR789XHT	BPNet	normalized predicted signal profile	bigWig	ChIP-seq	RUNX1	K562	cell-line	cell-line	cell-line	minus	none	passed
ENCFF013YVO	ENCFF013YVO	ENCSR588AKU	ENCSR789XHT	BPNet	normalized predicted signal profile	bigWig	ChIP-seq	RUNX1	K562	cell-line	cell-line	cell-line	plus	none	passed
ENCFF460BKJ	ENCFF460BKJ	ENCSR414TYY	ENCSR832AOA	BPNet	normalized predicted signal profile	bigWig	ChIP-seq	RUNX1	K562	cell-line	cell-line	cell-line	plus	none	passed
ENCFF373UMA	ENCFF373UMA	ENCSR000BRI	ENCSR130BYX	BPNet	normalized predicted signal profile	bigWig	ChIP-seq	RUNX3	GM12878	cell-line	cell-line	cell-line	minus	none	passed
ENCFF622YGQ	ENCFF622YGQ	ENCSR000BRI	ENCSR130BYX	BPNet	normalized predicted signal profile	bigWig	ChIP-seq	RUNX3	GM12878	cell-line	cell-line	cell-line	plus	none	passed
ENCFF308URI	ENCFF308URI	ENCSR000BHU	ENCSR654MSE	BPNet	normalized predicted signal profile	bigWig	ChIP-seq	RXRA	HepG2	cell-line	cell-line	cell-line	minus	none	passed
ENCFF408KOT	ENCFF408KOT	ENCSR416HDG	ENCSR471TML	BPNet	normalized predicted signal profile	bigWig	ChIP-seq	RXRA	HepG2	cell-line	cell-line	cell-line	minus	none	passed
ENCFF717OSW	ENCFF717OSW	ENCSR416HDG	ENCSR471TML	BPNet	normalized predicted signal profile	bigWig	ChIP-seq	RXRA	HepG2	cell-line	cell-line	cell-line	plus	none	passed
ENCFF941ZER	ENCFF941ZER	ENCSR000BHU	ENCSR654MSE	BPNet	normalized predicted signal profile	bigWig	ChIP-seq	RXRA	HepG2	cell-line	cell-line	cell-line	plus	none	passed
ENCFF050UOA	ENCFF050UOA	ENCSR000BVG	ENCSR558EIT	BPNet	normalized predicted signal profile	bigWig	ChIP-seq	RXRA	SK-N-SH	cell-line	cell-line	cell-line	minus	none	passed
ENCFF200UJS	ENCFF200UJS	ENCSR000BVG	ENCSR558EIT	BPNet	normalized predicted signal profile	bigWig	ChIP-seq	RXRA	SK-N-SH	cell-line	cell-line	cell-line	plus	none	passed
ENCFF028UBR	ENCFF028UBR	ENCSR098XMN	ENCSR952CID	BPNet	normalized predicted signal profile	bigWig	ChIP-seq	RXRA	liver	liver	liver	digestive-system	minus	none	passed
ENCFF322OUJ	ENCFF322OUJ	ENCSR352QSB	ENCSR212YIK	BPNet	normalized predicted signal profile	bigWig	ChIP-seq	RXRA	liver	liver	liver	digestive-system	minus	none	passed
ENCFF131NVI	ENCFF131NVI	ENCSR098XMN	ENCSR952CID	BPNet	normalized predicted signal profile	bigWig	ChIP-seq	RXRA	liver	liver	liver	digestive-system	plus	none	passed
ENCFF740HLI	ENCFF740HLI	ENCSR352QSB	ENCSR212YIK	BPNet	normalized predicted signal profile	bigWig	ChIP-seq	RXRA	liver	liver	liver	digestive-system	plus	none	passed
ENCFF550QYC	ENCFF550QYC	ENCSR560SEP	ENCSR997OKZ	BPNet	normalized predicted signal profile	bigWig	ChIP-seq	RXRB	HepG2	cell-line	cell-line	cell-line	minus	none	passed
ENCFF154YBA	ENCFF154YBA	ENCSR560SEP	ENCSR997OKZ	BPNet	normalized predicted signal profile	bigWig	ChIP-seq	RXRB	HepG2	cell-line	cell-line	cell-line	plus	none	passed
ENCFF150YKO	ENCFF150YKO	ENCSR605MGM	ENCSR372ZFV	BPNet	normalized predicted signal profile	bigWig	ChIP-seq	SCRT1	HEK293	cell-line	cell-line	cell-line	minus	none	passed
ENCFF215LOJ	ENCFF215LOJ	ENCSR605MGM	ENCSR372ZFV	BPNet	normalized predicted signal profile	bigWig	ChIP-seq	SCRT1	HEK293	cell-line	cell-line	cell-line	plus	none	passed
ENCFF032NEJ	ENCFF032NEJ	ENCSR338DGO	ENCSR305GED	BPNet	normalized predicted signal profile	bigWig	ChIP-seq	SCRT2	HEK293	cell-line	cell-line	cell-line	minus	none	passed
ENCFF408GZP	ENCFF408GZP	ENCSR338DGO	ENCSR305GED	BPNet	normalized predicted signal profile	bigWig	ChIP-seq	SCRT2	HEK293	cell-line	cell-line	cell-line	plus	none	passed
ENCFF500XMO	ENCFF500XMO	ENCSR561BQM	ENCSR159ONX	BPNet	normalized predicted signal profile	bigWig	ChIP-seq	SIX1	HepG2	cell-line	cell-line	cell-line	minus	none	passed
ENCFF394EHB	ENCFF394EHB	ENCSR561BQM	ENCSR159ONX	BPNet	normalized predicted signal profile	bigWig	ChIP-seq	SIX1	HepG2	cell-line	cell-line	cell-line	plus	none	passed
ENCFF892UST	ENCFF892UST	ENCSR849TMV	ENCSR409XHT	BPNet	normalized predicted signal profile	bigWig	ChIP-seq	SIX4	HepG2	cell-line	cell-line	cell-line	minus	none	passed
ENCFF963ZEJ	ENCFF963ZEJ	ENCSR849TMV	ENCSR409XHT	BPNet	normalized predicted signal profile	bigWig	ChIP-seq	SIX4	HepG2	cell-line	cell-line	cell-line	plus	none	passed
ENCFF171MFX	ENCFF171MFX	ENCSR279IEM	ENCSR333NFQ	BPNet	normalized predicted signal profile	bigWig	ChIP-seq	SIX4	MCF-7	cell-line	cell-line	cell-line	minus	none	passed
ENCFF710FWM	ENCFF710FWM	ENCSR279IEM	ENCSR333NFQ	BPNet	normalized predicted signal profile	bigWig	ChIP-seq	SIX4	MCF-7	cell-line	cell-line	cell-line	plus	none	passed
ENCFF205VTE	ENCFF205VTE	ENCSR513WUJ	ENCSR704PVF	BPNet	normalized predicted signal profile	bigWig	ChIP-seq	SIX4	WTC11	cell-line	cell-line	cell-line	minus	none	passed
ENCFF573AAX	ENCFF573AAX	ENCSR513WUJ	ENCSR704PVF	BPNet	normalized predicted signal profile	bigWig	ChIP-seq	SIX4	WTC11	cell-line	cell-line	cell-line	plus	none	passed
ENCFF252MHR	ENCFF252MHR	ENCSR000BRL	ENCSR256TQO	BPNet	normalized predicted signal profile	bigWig	ChIP-seq	SIX5	A549	cell-line	cell-line	cell-line	minus	none	passed
ENCFF939ICB	ENCFF939ICB	ENCSR000BRL	ENCSR256TQO	BPNet	normalized predicted signal profile	bigWig	ChIP-seq	SIX5	A549	cell-line	cell-line	cell-line	plus	none	passed
ENCFF686NKR	ENCFF686NKR	ENCSR068QXO	ENCSR361LND	BPNet	normalized predicted signal profile	bigWig	ChIP-seq	SMAD4	K562	cell-line	cell-line	cell-line	minus	none	passed
ENCFF904JZB	ENCFF904JZB	ENCSR068QXO	ENCSR361LND	BPNet	normalized predicted signal profile	bigWig	ChIP-seq	SMAD4	K562	cell-line	cell-line	cell-line	plus	none	passed
ENCFF015UTE	ENCFF015UTE	ENCSR445ACU	ENCSR435HHZ	BPNet	normalized predicted signal profile	bigWig	ChIP-seq	SOX13	HepG2	cell-line	cell-line	cell-line	minus	none	passed
ENCFF581HAM	ENCFF581HAM	ENCSR715UCI	ENCSR272FDJ	BPNet	normalized predicted signal profile	bigWig	ChIP-seq	SOX13	HepG2	cell-line	cell-line	cell-line	minus	none	passed
ENCFF079TFM	ENCFF079TFM	ENCSR715UCI	ENCSR272FDJ	BPNet	normalized predicted signal profile	bigWig	ChIP-seq	SOX13	HepG2	cell-line	cell-line	cell-line	plus	none	passed
ENCFF180ZWP	ENCFF180ZWP	ENCSR445ACU	ENCSR435HHZ	BPNet	normalized predicted signal profile	bigWig	ChIP-seq	SOX13	HepG2	cell-line	cell-line	cell-line	plus	none	passed
ENCFF547OFE	ENCFF547OFE	ENCSR961WLZ	ENCSR510YVW	BPNet	normalized predicted signal profile	bigWig	ChIP-seq	SOX5	HepG2	cell-line	cell-line	cell-line	minus	none	passed
ENCFF968COJ	ENCFF968COJ	ENCSR961WLZ	ENCSR510YVW	BPNet	normalized predicted signal profile	bigWig	ChIP-seq	SOX5	HepG2	cell-line	cell-line	cell-line	plus	none	passed
ENCFF063UUZ	ENCFF063UUZ	ENCSR766TSU	ENCSR193HCH	BPNet	normalized predicted signal profile	bigWig	ChIP-seq	SOX6	HepG2	cell-line	cell-line	cell-line	minus	none	passed
ENCFF164WTX	ENCFF164WTX	ENCSR766TSU	ENCSR193HCH	BPNet	normalized predicted signal profile	bigWig	ChIP-seq	SOX6	HepG2	cell-line	cell-line	cell-line	plus	none	passed
ENCFF185OIX	ENCFF185OIX	ENCSR788RSW	ENCSR049JJJ	BPNet	normalized predicted signal profile	bigWig	ChIP-seq	SOX6	K562	cell-line	cell-line	cell-line	minus	none	passed
ENCFF169JBW	ENCFF169JBW	ENCSR788RSW	ENCSR049JJJ	BPNet	normalized predicted signal profile	bigWig	ChIP-seq	SOX6	K562	cell-line	cell-line	cell-line	plus	none	passed
ENCFF980CEQ	ENCFF980CEQ	ENCSR000BPE	ENCSR165NXF	BPNet	normalized predicted signal profile	bigWig	ChIP-seq	SP1	A549	cell-line	cell-line	cell-line	minus	none	passed
ENCFF165IGK	ENCFF165IGK	ENCSR000BPE	ENCSR165NXF	BPNet	normalized predicted signal profile	bigWig	ChIP-seq	SP1	A549	cell-line	cell-line	cell-line	plus	none	passed
ENCFF082SNA	ENCFF082SNA	ENCSR000BHK	ENCSR095LRJ	BPNet	normalized predicted signal profile	bigWig	ChIP-seq	SP1	GM12878	cell-line	cell-line	cell-line	minus	none	passed
ENCFF893PLJ	ENCFF893PLJ	ENCSR000BHK	ENCSR095LRJ	BPNet	normalized predicted signal profile	bigWig	ChIP-seq	SP1	GM12878	cell-line	cell-line	cell-line	plus	none	passed
ENCFF962EMQ	ENCFF962EMQ	ENCSR000BIR	ENCSR872UCX	BPNet	normalized predicted signal profile	bigWig	ChIP-seq	SP1	H1	cell-line	cell-line	cell-line	minus	none	passed
ENCFF745DKL	ENCFF745DKL	ENCSR000BIR	ENCSR872UCX	BPNet	normalized predicted signal profile	bigWig	ChIP-seq	SP1	H1	cell-line	cell-line	cell-line	plus	none	passed
ENCFF336YXB	ENCFF336YXB	ENCSR000BSF	ENCSR957HMT	BPNet	normalized predicted signal profile	bigWig	ChIP-seq	SP1	HCT116	cell-line	cell-line	cell-line	minus	none	passed
ENCFF725ZWC	ENCFF725ZWC	ENCSR000BSF	ENCSR957HMT	BPNet	normalized predicted signal profile	bigWig	ChIP-seq	SP1	HCT116	cell-line	cell-line	cell-line	plus	none	passed
ENCFF616AZT	ENCFF616AZT	ENCSR906PEI	ENCSR172ILE	BPNet	normalized predicted signal profile	bigWig	ChIP-seq	SP1	HEK293T	cell-line	cell-line	cell-line	minus	none	passed
ENCFF472MPF	ENCFF472MPF	ENCSR906PEI	ENCSR172ILE	BPNet	normalized predicted signal profile	bigWig	ChIP-seq	SP1	HEK293T	cell-line	cell-line	cell-line	plus	none	passed
ENCFF145LDT	ENCFF145LDT	ENCSR334KIQ	ENCSR359WFD	BPNet	normalized predicted signal profile	bigWig	ChIP-seq	SP1	HepG2	cell-line	cell-line	cell-line	minus	none	passed
ENCFF259VVE	ENCFF259VVE	ENCSR000BJX	ENCSR574YOJ	BPNet	normalized predicted signal profile	bigWig	ChIP-seq	SP1	HepG2	cell-line	cell-line	cell-line	minus	none	passed
ENCFF837EWS	ENCFF837EWS	ENCSR460YAM	ENCSR981BPZ	BPNet	normalized predicted signal profile	bigWig	ChIP-seq	SP1	HepG2	cell-line	cell-line	cell-line	minus	none	passed
ENCFF379NGK	ENCFF379NGK	ENCSR000BJX	ENCSR574YOJ	BPNet	normalized predicted signal profile	bigWig	ChIP-seq	SP1	HepG2	cell-line	cell-line	cell-line	plus	none	passed
ENCFF452MPO	ENCFF452MPO	ENCSR334KIQ	ENCSR359WFD	BPNet	normalized predicted signal profile	bigWig	ChIP-seq	SP1	HepG2	cell-line	cell-line	cell-line	plus	none	passed
ENCFF754JGP	ENCFF754JGP	ENCSR460YAM	ENCSR981BPZ	BPNet	normalized predicted signal profile	bigWig	ChIP-seq	SP1	HepG2	cell-line	cell-line	cell-line	plus	none	passed
ENCFF012GEB	ENCFF012GEB	ENCSR000BKO	ENCSR807ZPN	BPNet	normalized predicted signal profile	bigWig	ChIP-seq	SP1	K562	cell-line	cell-line	cell-line	minus	none	passed
ENCFF485QXC	ENCFF485QXC	ENCSR372IML	ENCSR955QBD	BPNet	normalized predicted signal profile	bigWig	ChIP-seq	SP1	K562	cell-line	cell-line	cell-line	minus	none	passed
ENCFF658SWG	ENCFF658SWG	ENCSR991ELG	ENCSR790HBQ	BPNet	normalized predicted signal profile	bigWig	ChIP-seq	SP1	K562	cell-line	cell-line	cell-line	minus	none	passed
ENCFF089PYH	ENCFF089PYH	ENCSR991ELG	ENCSR790HBQ	BPNet	normalized predicted signal profile	bigWig	ChIP-seq	SP1	K562	cell-line	cell-line	cell-line	plus	none	passed
ENCFF379XFD	ENCFF379XFD	ENCSR372IML	ENCSR955QBD	BPNet	normalized predicted signal profile	bigWig	ChIP-seq	SP1	K562	cell-line	cell-line	cell-line	plus	none	passed
ENCFF768YLW	ENCFF768YLW	ENCSR000BKO	ENCSR807ZPN	BPNet	normalized predicted signal profile	bigWig	ChIP-seq	SP1	K562	cell-line	cell-line	cell-line	plus	none	passed
ENCFF404ENW	ENCFF404ENW	ENCSR729LGA	ENCSR543HQM	BPNet	normalized predicted signal profile	bigWig	ChIP-seq	SP1	MCF-7	cell-line	cell-line	cell-line	minus	none	passed
ENCFF284TCJ	ENCFF284TCJ	ENCSR729LGA	ENCSR543HQM	BPNet	normalized predicted signal profile	bigWig	ChIP-seq	SP1	MCF-7	cell-line	cell-line	cell-line	plus	none	passed
ENCFF393CMQ	ENCFF393CMQ	ENCSR583CGO	ENCSR786LMT	BPNet	normalized predicted signal profile	bigWig	ChIP-seq	SP1	WTC11	cell-line	cell-line	cell-line	minus	none	passed
ENCFF900COH	ENCFF900COH	ENCSR583CGO	ENCSR786LMT	BPNet	normalized predicted signal profile	bigWig	ChIP-seq	SP1	WTC11	cell-line	cell-line	cell-line	plus	none	passed
ENCFF811JJQ	ENCFF811JJQ	ENCSR085IXF	ENCSR730HDS	BPNet	normalized predicted signal profile	bigWig	ChIP-seq	SP1	liver	liver	liver	digestive-system	minus	none	passed
ENCFF853ATL	ENCFF853ATL	ENCSR386YIH	ENCSR764SPF	BPNet	normalized predicted signal profile	bigWig	ChIP-seq	SP1	liver	liver	liver	digestive-system	minus	none	passed
ENCFF010SVD	ENCFF010SVD	ENCSR085IXF	ENCSR730HDS	BPNet	normalized predicted signal profile	bigWig	ChIP-seq	SP1	liver	liver	liver	digestive-system	plus	none	passed
ENCFF792BPS	ENCFF792BPS	ENCSR386YIH	ENCSR764SPF	BPNet	normalized predicted signal profile	bigWig	ChIP-seq	SP1	liver	liver	liver	digestive-system	plus	none	passed
ENCFF852PPZ	ENCFF852PPZ	ENCSR107DKT	ENCSR376FIT	BPNet	normalized predicted signal profile	bigWig	ChIP-seq	SP140L	HepG2	cell-line	cell-line	cell-line	minus	none	passed
ENCFF634MXN	ENCFF634MXN	ENCSR107DKT	ENCSR376FIT	BPNet	normalized predicted signal profile	bigWig	ChIP-seq	SP140L	HepG2	cell-line	cell-line	cell-line	plus	none	passed
ENCFF248LNE	ENCFF248LNE	ENCSR807LQP	ENCSR154LJQ	BPNet	normalized predicted signal profile	bigWig	ChIP-seq	SP2	HEK293	cell-line	cell-line	cell-line	minus	none	passed
ENCFF129JPO	ENCFF129JPO	ENCSR807LQP	ENCSR154LJQ	BPNet	normalized predicted signal profile	bigWig	ChIP-seq	SP2	HEK293	cell-line	cell-line	cell-line	plus	none	passed
ENCFF956QHN	ENCFF956QHN	ENCSR946RZN	ENCSR052HWR	BPNet	normalized predicted signal profile	bigWig	ChIP-seq	SP2	HepG2	cell-line	cell-line	cell-line	minus	none	passed
ENCFF632RST	ENCFF632RST	ENCSR946RZN	ENCSR052HWR	BPNet	normalized predicted signal profile	bigWig	ChIP-seq	SP2	HepG2	cell-line	cell-line	cell-line	plus	none	passed
ENCFF135KUC	ENCFF135KUC	ENCSR000BNL	ENCSR578OAK	BPNet	normalized predicted signal profile	bigWig	ChIP-seq	SP2	K562	cell-line	cell-line	cell-line	minus	none	passed
ENCFF457JSI	ENCFF457JSI	ENCSR000BNL	ENCSR578OAK	BPNet	normalized predicted signal profile	bigWig	ChIP-seq	SP2	K562	cell-line	cell-line	cell-line	plus	none	passed
ENCFF368FIB	ENCFF368FIB	ENCSR141PZA	ENCSR640UGN	BPNet	normalized predicted signal profile	bigWig	ChIP-seq	SP3	HEK293	cell-line	cell-line	cell-line	minus	none	passed
ENCFF302BNK	ENCFF302BNK	ENCSR141PZA	ENCSR640UGN	BPNet	normalized predicted signal profile	bigWig	ChIP-seq	SP3	HEK293	cell-line	cell-line	cell-line	plus	none	passed
ENCFF372KJT	ENCFF372KJT	ENCSR000BQV	ENCSR649EJS	BPNet	normalized predicted signal profile	bigWig	ChIP-seq	SP4	H1	cell-line	cell-line	cell-line	minus	none	passed
ENCFF251LKP	ENCFF251LKP	ENCSR000BQV	ENCSR649EJS	BPNet	normalized predicted signal profile	bigWig	ChIP-seq	SP4	H1	cell-line	cell-line	cell-line	plus	none	passed
ENCFF718HIU	ENCFF718HIU	ENCSR642PQK	ENCSR715EEU	BPNet	normalized predicted signal profile	bigWig	ChIP-seq	SP4	HepG2	cell-line	cell-line	cell-line	minus	none	passed
ENCFF947AMF	ENCFF947AMF	ENCSR642PQK	ENCSR715EEU	BPNet	normalized predicted signal profile	bigWig	ChIP-seq	SP4	HepG2	cell-line	cell-line	cell-line	plus	none	passed
ENCFF062SYO	ENCFF062SYO	ENCSR019NPF	ENCSR773LDV	BPNet	normalized predicted signal profile	bigWig	ChIP-seq	SP5	HepG2	cell-line	cell-line	cell-line	minus	none	passed
ENCFF929SXP	ENCFF929SXP	ENCSR019NPF	ENCSR773LDV	BPNet	normalized predicted signal profile	bigWig	ChIP-seq	SP5	HepG2	cell-line	cell-line	cell-line	plus	none	passed
ENCFF135PBL	ENCFF135PBL	ENCSR468IJT	ENCSR374VXB	BPNet	normalized predicted signal profile	bigWig	ChIP-seq	SP7	HEK293	cell-line	cell-line	cell-line	minus	none	passed
ENCFF825BXI	ENCFF825BXI	ENCSR468IJT	ENCSR374VXB	BPNet	normalized predicted signal profile	bigWig	ChIP-seq	SP7	HEK293	cell-line	cell-line	cell-line	plus	none	passed
ENCFF308PFN	ENCFF308PFN	ENCSR042GSX	ENCSR757BLN	BPNet	normalized predicted signal profile	bigWig	ChIP-seq	SPDEF	MCF-7	cell-line	cell-line	cell-line	minus	none	passed
ENCFF831PLC	ENCFF831PLC	ENCSR042GSX	ENCSR757BLN	BPNet	normalized predicted signal profile	bigWig	ChIP-seq	SPDEF	MCF-7	cell-line	cell-line	cell-line	plus	none	passed
ENCFF430HXF	ENCFF430HXF	ENCSR897MYK	ENCSR182NCE	BPNet	normalized predicted signal profile	bigWig	ChIP-seq	SREBF1	A549	cell-line	cell-line	cell-line	minus	none	passed
ENCFF233ZRF	ENCFF233ZRF	ENCSR897MYK	ENCSR182NCE	BPNet	normalized predicted signal profile	bigWig	ChIP-seq	SREBF1	A549	cell-line	cell-line	cell-line	plus	none	passed
ENCFF504KQV	ENCFF504KQV	ENCSR815ZDS	ENCSR766FSS	BPNet	normalized predicted signal profile	bigWig	ChIP-seq	SREBF1	K562	cell-line	cell-line	cell-line	minus	none	passed
ENCFF683ZRM	ENCFF683ZRM	ENCSR815ZDS	ENCSR766FSS	BPNet	normalized predicted signal profile	bigWig	ChIP-seq	SREBF1	K562	cell-line	cell-line	cell-line	plus	none	passed
ENCFF563RPI	ENCFF563RPI	ENCSR197DJH	ENCSR495FTX	BPNet	normalized predicted signal profile	bigWig	ChIP-seq	SREBF1	MCF-7	cell-line	cell-line	cell-line	minus	none	passed
ENCFF366JQV	ENCFF366JQV	ENCSR197DJH	ENCSR495FTX	BPNet	normalized predicted signal profile	bigWig	ChIP-seq	SREBF1	MCF-7	cell-line	cell-line	cell-line	plus	none	passed
ENCFF206UEV	ENCFF206UEV	ENCSR041XML	ENCSR771NZC	BPNet	normalized predicted signal profile	bigWig	ChIP-seq	SRF	GM12878	cell-line	cell-line	cell-line	minus	none	passed
ENCFF335TPP	ENCFF335TPP	ENCSR000BMI	ENCSR862QUY	BPNet	normalized predicted signal profile	bigWig	ChIP-seq	SRF	GM12878	cell-line	cell-line	cell-line	minus	none	passed
ENCFF765IES	ENCFF765IES	ENCSR000BGE	ENCSR040IAH	BPNet	normalized predicted signal profile	bigWig	ChIP-seq	SRF	GM12878	cell-line	cell-line	cell-line	minus	none	passed
ENCFF519JNX	ENCFF519JNX	ENCSR000BGE	ENCSR040IAH	BPNet	normalized predicted signal profile	bigWig	ChIP-seq	SRF	GM12878	cell-line	cell-line	cell-line	plus	none	passed
ENCFF730PQA	ENCFF730PQA	ENCSR000BMI	ENCSR862QUY	BPNet	normalized predicted signal profile	bigWig	ChIP-seq	SRF	GM12878	cell-line	cell-line	cell-line	plus	none	passed
ENCFF994HWP	ENCFF994HWP	ENCSR041XML	ENCSR771NZC	BPNet	normalized predicted signal profile	bigWig	ChIP-seq	SRF	GM12878	cell-line	cell-line	cell-line	plus	none	passed
ENCFF008CFE	ENCFF008CFE	ENCSR000BIV	ENCSR721HTE	BPNet	normalized predicted signal profile	bigWig	ChIP-seq	SRF	H1	cell-line	cell-line	cell-line	minus	none	passed
ENCFF311DVK	ENCFF311DVK	ENCSR000BIV	ENCSR721HTE	BPNet	normalized predicted signal profile	bigWig	ChIP-seq	SRF	H1	cell-line	cell-line	cell-line	plus	none	passed
ENCFF964CUF	ENCFF964CUF	ENCSR000BSC	ENCSR113HVZ	BPNet	normalized predicted signal profile	bigWig	ChIP-seq	SRF	HCT116	cell-line	cell-line	cell-line	minus	none	passed
ENCFF275CJO	ENCFF275CJO	ENCSR000BSC	ENCSR113HVZ	BPNet	normalized predicted signal profile	bigWig	ChIP-seq	SRF	HCT116	cell-line	cell-line	cell-line	plus	none	passed
ENCFF229CFG	ENCFF229CFG	ENCSR516SMM	ENCSR272YCO	BPNet	normalized predicted signal profile	bigWig	ChIP-seq	SRF	HepG2	cell-line	cell-line	cell-line	minus	none	passed
ENCFF530SIF	ENCFF530SIF	ENCSR000BLV	ENCSR076JVF	BPNet	normalized predicted signal profile	bigWig	ChIP-seq	SRF	HepG2	cell-line	cell-line	cell-line	minus	none	passed
ENCFF370UVR	ENCFF370UVR	ENCSR000BLV	ENCSR076JVF	BPNet	normalized predicted signal profile	bigWig	ChIP-seq	SRF	HepG2	cell-line	cell-line	cell-line	plus	none	passed
ENCFF444CUH	ENCFF444CUH	ENCSR516SMM	ENCSR272YCO	BPNet	normalized predicted signal profile	bigWig	ChIP-seq	SRF	HepG2	cell-line	cell-line	cell-line	plus	none	passed
ENCFF599IWI	ENCFF599IWI	ENCSR000BTD	ENCSR871TEZ	BPNet	normalized predicted signal profile	bigWig	ChIP-seq	SRF	Ishikawa	cell-line	cell-line	cell-line	minus	none	passed
ENCFF430SRJ	ENCFF430SRJ	ENCSR000BTD	ENCSR871TEZ	BPNet	normalized predicted signal profile	bigWig	ChIP-seq	SRF	Ishikawa	cell-line	cell-line	cell-line	plus	none	passed
ENCFF036VZG	ENCFF036VZG	ENCSR504HOI	ENCSR029FHA	BPNet	normalized predicted signal profile	bigWig	ChIP-seq	SRF	K562	cell-line	cell-line	cell-line	minus	none	passed
ENCFF275AUZ	ENCFF275AUZ	ENCSR000BLK	ENCSR307JOH	BPNet	normalized predicted signal profile	bigWig	ChIP-seq	SRF	K562	cell-line	cell-line	cell-line	minus	none	passed
ENCFF682VNZ	ENCFF682VNZ	ENCSR582IAO	ENCSR133SHN	BPNet	normalized predicted signal profile	bigWig	ChIP-seq	SRF	K562	cell-line	cell-line	cell-line	minus	none	passed
ENCFF017JXI	ENCFF017JXI	ENCSR582IAO	ENCSR133SHN	BPNet	normalized predicted signal profile	bigWig	ChIP-seq	SRF	K562	cell-line	cell-line	cell-line	plus	none	passed
ENCFF158CBZ	ENCFF158CBZ	ENCSR000BLK	ENCSR307JOH	BPNet	normalized predicted signal profile	bigWig	ChIP-seq	SRF	K562	cell-line	cell-line	cell-line	plus	none	passed
ENCFF904KCJ	ENCFF904KCJ	ENCSR504HOI	ENCSR029FHA	BPNet	normalized predicted signal profile	bigWig	ChIP-seq	SRF	K562	cell-line	cell-line	cell-line	plus	none	passed
ENCFF110LJQ	ENCFF110LJQ	ENCSR000BVA	ENCSR830FWJ	BPNet	normalized predicted signal profile	bigWig	ChIP-seq	SRF	MCF-7	cell-line	cell-line	cell-line	minus	none	passed
ENCFF425HAY	ENCFF425HAY	ENCSR000BVA	ENCSR830FWJ	BPNet	normalized predicted signal profile	bigWig	ChIP-seq	SRF	MCF-7	cell-line	cell-line	cell-line	plus	none	passed
ENCFF479SGK	ENCFF479SGK	ENCSR000FAV	ENCSR467YMS	BPNet	normalized predicted signal profile	bigWig	ChIP-seq	STAT1	K562	cell-line	cell-line	cell-line	minus	none	passed
ENCFF506IGF	ENCFF506IGF	ENCSR000FAU	ENCSR300AVN	BPNet	normalized predicted signal profile	bigWig	ChIP-seq	STAT1	K562	cell-line	cell-line	cell-line	minus	none	passed
ENCFF350IJN	ENCFF350IJN	ENCSR000FAV	ENCSR467YMS	BPNet	normalized predicted signal profile	bigWig	ChIP-seq	STAT1	K562	cell-line	cell-line	cell-line	plus	none	passed
ENCFF802DZE	ENCFF802DZE	ENCSR000FAU	ENCSR300AVN	BPNet	normalized predicted signal profile	bigWig	ChIP-seq	STAT1	K562	cell-line	cell-line	cell-line	plus	none	passed
ENCFF183MZM	ENCFF183MZM	ENCSR000FBC	ENCSR986WNQ	BPNet	normalized predicted signal profile	bigWig	ChIP-seq	STAT2	K562	cell-line	cell-line	cell-line	minus	none	passed
ENCFF397IMW	ENCFF397IMW	ENCSR000FAT	ENCSR783CQO	BPNet	normalized predicted signal profile	bigWig	ChIP-seq	STAT2	K562	cell-line	cell-line	cell-line	minus	none	passed
ENCFF057DXR	ENCFF057DXR	ENCSR000FBC	ENCSR986WNQ	BPNet	normalized predicted signal profile	bigWig	ChIP-seq	STAT2	K562	cell-line	cell-line	cell-line	plus	none	passed
ENCFF919DTA	ENCFF919DTA	ENCSR000FAT	ENCSR783CQO	BPNet	normalized predicted signal profile	bigWig	ChIP-seq	STAT2	K562	cell-line	cell-line	cell-line	plus	none	passed
ENCFF553ADE	ENCFF553ADE	ENCSR000DZV	ENCSR597MUO	BPNet	normalized predicted signal profile	bigWig	ChIP-seq	STAT3	GM12878	cell-line	cell-line	cell-line	minus	none	passed
ENCFF652IJI	ENCFF652IJI	ENCSR000DZV	ENCSR597MUO	BPNet	normalized predicted signal profile	bigWig	ChIP-seq	STAT3	GM12878	cell-line	cell-line	cell-line	plus	none	passed
ENCFF710JRS	ENCFF710JRS	ENCSR000EDC	ENCSR099YQW	BPNet	normalized predicted signal profile	bigWig	ChIP-seq	STAT3	HeLa-S3	cell-line	cell-line	cell-line	minus	none	passed
ENCFF287SEP	ENCFF287SEP	ENCSR000EDC	ENCSR099YQW	BPNet	normalized predicted signal profile	bigWig	ChIP-seq	STAT3	HeLa-S3	cell-line	cell-line	cell-line	plus	none	passed
ENCFF386UFD	ENCFF386UFD	ENCSR000DPB	ENCSR133LTU	BPNet	normalized predicted signal profile	bigWig	ChIP-seq	STAT3	MCF-10A	cell-line	cell-line	cell-line	minus	none	passed
ENCFF763WYR	ENCFF763WYR	ENCSR000DOQ	ENCSR628VMP	BPNet	normalized predicted signal profile	bigWig	ChIP-seq	STAT3	MCF-10A	cell-line	cell-line	cell-line	minus	none	passed
ENCFF050VXN	ENCFF050VXN	ENCSR000DPB	ENCSR133LTU	BPNet	normalized predicted signal profile	bigWig	ChIP-seq	STAT3	MCF-10A	cell-line	cell-line	cell-line	plus	none	passed
ENCFF818QVC	ENCFF818QVC	ENCSR000DOQ	ENCSR628VMP	BPNet	normalized predicted signal profile	bigWig	ChIP-seq	STAT3	MCF-10A	cell-line	cell-line	cell-line	plus	none	passed
ENCFF762VJA	ENCFF762VJA	ENCSR000BRR	ENCSR509ZMB	BPNet	normalized predicted signal profile	bigWig	ChIP-seq	STAT5A	K562	cell-line	cell-line	cell-line	minus	none	passed
ENCFF227OQO	ENCFF227OQO	ENCSR000BRR	ENCSR509ZMB	BPNet	normalized predicted signal profile	bigWig	ChIP-seq	STAT5A	K562	cell-line	cell-line	cell-line	plus	none	passed
ENCFF612JZT	ENCFF612JZT	ENCSR000DZZ	ENCSR748FOU	BPNet	normalized predicted signal profile	bigWig	ChIP-seq	TBP	GM12878	cell-line	cell-line	cell-line	minus	none	passed
ENCFF631FBX	ENCFF631FBX	ENCSR000DZZ	ENCSR748FOU	BPNet	normalized predicted signal profile	bigWig	ChIP-seq	TBP	GM12878	cell-line	cell-line	cell-line	plus	none	passed
ENCFF206KKF	ENCFF206KKF	ENCSR000ECB	ENCSR071LQR	BPNet	normalized predicted signal profile	bigWig	ChIP-seq	TBP	H1	cell-line	cell-line	cell-line	minus	none	passed
ENCFF556ROX	ENCFF556ROX	ENCSR000ECB	ENCSR071LQR	BPNet	normalized predicted signal profile	bigWig	ChIP-seq	TBP	H1	cell-line	cell-line	cell-line	plus	none	passed
ENCFF500GID	ENCFF500GID	ENCSR000EDD	ENCSR209XCM	BPNet	normalized predicted signal profile	bigWig	ChIP-seq	TBP	HeLa-S3	cell-line	cell-line	cell-line	minus	none	passed
ENCFF540IBG	ENCFF540IBG	ENCSR000EDD	ENCSR209XCM	BPNet	normalized predicted signal profile	bigWig	ChIP-seq	TBP	HeLa-S3	cell-line	cell-line	cell-line	plus	none	passed
ENCFF753RYI	ENCFF753RYI	ENCSR000EEL	ENCSR997SZY	BPNet	normalized predicted signal profile	bigWig	ChIP-seq	TBP	HepG2	cell-line	cell-line	cell-line	minus	none	passed
ENCFF861SWQ	ENCFF861SWQ	ENCSR000EEL	ENCSR997SZY	BPNet	normalized predicted signal profile	bigWig	ChIP-seq	TBP	HepG2	cell-line	cell-line	cell-line	plus	none	passed
ENCFF465NZL	ENCFF465NZL	ENCSR410FEH	ENCSR351RCV	BPNet	normalized predicted signal profile	bigWig	ChIP-seq	TBX2	HepG2	cell-line	cell-line	cell-line	minus	none	passed
ENCFF289OQK	ENCFF289OQK	ENCSR410FEH	ENCSR351RCV	BPNet	normalized predicted signal profile	bigWig	ChIP-seq	TBX2	HepG2	cell-line	cell-line	cell-line	plus	none	passed
ENCFF617CTY	ENCFF617CTY	ENCSR739IHN	ENCSR476ZGO	BPNet	normalized predicted signal profile	bigWig	ChIP-seq	TBX21	GM12878	cell-line	cell-line	cell-line	minus	none	passed
ENCFF802QWN	ENCFF802QWN	ENCSR739IHN	ENCSR476ZGO	BPNet	normalized predicted signal profile	bigWig	ChIP-seq	TBX21	GM12878	cell-line	cell-line	cell-line	plus	none	passed
ENCFF395BJR	ENCFF395BJR	ENCSR238QRG	ENCSR660GND	BPNet	normalized predicted signal profile	bigWig	ChIP-seq	TBX3	HepG2	cell-line	cell-line	cell-line	minus	none	passed
ENCFF847DME	ENCFF847DME	ENCSR605YWG	ENCSR409NTB	BPNet	normalized predicted signal profile	bigWig	ChIP-seq	TBX3	HepG2	cell-line	cell-line	cell-line	minus	none	passed
ENCFF376GRR	ENCFF376GRR	ENCSR238QRG	ENCSR660GND	BPNet	normalized predicted signal profile	bigWig	ChIP-seq	TBX3	HepG2	cell-line	cell-line	cell-line	plus	none	passed
ENCFF591JZY	ENCFF591JZY	ENCSR605YWG	ENCSR409NTB	BPNet	normalized predicted signal profile	bigWig	ChIP-seq	TBX3	HepG2	cell-line	cell-line	cell-line	plus	none	passed
ENCFF286MCL	ENCFF286MCL	ENCSR000BGZ	ENCSR714UPI	BPNet	normalized predicted signal profile	bigWig	ChIP-seq	TCF12	GM12878	cell-line	cell-line	cell-line	minus	none	passed
ENCFF309NIF	ENCFF309NIF	ENCSR725VFL	ENCSR739XCG	BPNet	normalized predicted signal profile	bigWig	ChIP-seq	TCF12	GM12878	cell-line	cell-line	cell-line	minus	none	passed
ENCFF246UCS	ENCFF246UCS	ENCSR725VFL	ENCSR739XCG	BPNet	normalized predicted signal profile	bigWig	ChIP-seq	TCF12	GM12878	cell-line	cell-line	cell-line	plus	none	passed
ENCFF275MWT	ENCFF275MWT	ENCSR000BGZ	ENCSR714UPI	BPNet	normalized predicted signal profile	bigWig	ChIP-seq	TCF12	GM12878	cell-line	cell-line	cell-line	plus	none	passed
ENCFF074BMF	ENCFF074BMF	ENCSR000BUV	ENCSR829DZW	BPNet	normalized predicted signal profile	bigWig	ChIP-seq	TCF12	Ishikawa	cell-line	cell-line	cell-line	minus	none	passed
ENCFF916SDB	ENCFF916SDB	ENCSR000BUV	ENCSR829DZW	BPNet	normalized predicted signal profile	bigWig	ChIP-seq	TCF12	Ishikawa	cell-line	cell-line	cell-line	plus	none	passed
ENCFF742CND	ENCFF742CND	ENCSR744WOO	ENCSR122AAT	BPNet	normalized predicted signal profile	bigWig	ChIP-seq	TCF12	K562	cell-line	cell-line	cell-line	minus	none	passed
ENCFF915SRI	ENCFF915SRI	ENCSR189TRZ	ENCSR615MHS	BPNet	normalized predicted signal profile	bigWig	ChIP-seq	TCF12	K562	cell-line	cell-line	cell-line	minus	none	passed
ENCFF907KUP	ENCFF907KUP	ENCSR189TRZ	ENCSR615MHS	BPNet	normalized predicted signal profile	bigWig	ChIP-seq	TCF12	K562	cell-line	cell-line	cell-line	plus	none	passed
ENCFF983KRT	ENCFF983KRT	ENCSR744WOO	ENCSR122AAT	BPNet	normalized predicted signal profile	bigWig	ChIP-seq	TCF12	K562	cell-line	cell-line	cell-line	plus	none	passed
ENCFF957EOS	ENCFF957EOS	ENCSR000BSL	ENCSR715JCY	BPNet	normalized predicted signal profile	bigWig	ChIP-seq	TCF12	SK-N-SH	cell-line	cell-line	cell-line	minus	none	passed
ENCFF275TTZ	ENCFF275TTZ	ENCSR000BSL	ENCSR715JCY	BPNet	normalized predicted signal profile	bigWig	ChIP-seq	TCF12	SK-N-SH	cell-line	cell-line	cell-line	plus	none	passed
ENCFF645EJG	ENCFF645EJG	ENCSR000BQT	ENCSR326PIH	BPNet	normalized predicted signal profile	bigWig	ChIP-seq	TCF3	GM12878	cell-line	cell-line	cell-line	minus	none	passed
ENCFF501GVB	ENCFF501GVB	ENCSR000BQT	ENCSR326PIH	BPNet	normalized predicted signal profile	bigWig	ChIP-seq	TCF3	GM12878	cell-line	cell-line	cell-line	plus	none	passed
ENCFF708VGW	ENCFF708VGW	ENCSR970OJY	ENCSR902ISQ	BPNet	normalized predicted signal profile	bigWig	ChIP-seq	TCF3	K562	cell-line	cell-line	cell-line	minus	none	passed
ENCFF125KSS	ENCFF125KSS	ENCSR970OJY	ENCSR902ISQ	BPNet	normalized predicted signal profile	bigWig	ChIP-seq	TCF3	K562	cell-line	cell-line	cell-line	plus	none	passed
ENCFF706PIW	ENCFF706PIW	ENCSR922RFY	ENCSR292VIZ	BPNet	normalized predicted signal profile	bigWig	ChIP-seq	TCF4	SK-N-SH	cell-line	cell-line	cell-line	minus	none	passed
ENCFF056CZJ	ENCFF056CZJ	ENCSR922RFY	ENCSR292VIZ	BPNet	normalized predicted signal profile	bigWig	ChIP-seq	TCF4	SK-N-SH	cell-line	cell-line	cell-line	plus	none	passed
ENCFF424SUL	ENCFF424SUL	ENCSR501DKS	ENCSR292YQD	BPNet	normalized predicted signal profile	bigWig	ChIP-seq	TCF7	GM12878	cell-line	cell-line	cell-line	minus	none	passed
ENCFF240GKH	ENCFF240GKH	ENCSR501DKS	ENCSR292YQD	BPNet	normalized predicted signal profile	bigWig	ChIP-seq	TCF7	GM12878	cell-line	cell-line	cell-line	plus	none	passed
ENCFF113WBR	ENCFF113WBR	ENCSR444LIN	ENCSR251GZI	BPNet	normalized predicted signal profile	bigWig	ChIP-seq	TCF7	HepG2	cell-line	cell-line	cell-line	minus	none	passed
ENCFF771XPM	ENCFF771XPM	ENCSR444LIN	ENCSR251GZI	BPNet	normalized predicted signal profile	bigWig	ChIP-seq	TCF7	HepG2	cell-line	cell-line	cell-line	plus	none	passed
ENCFF612WHE	ENCFF612WHE	ENCSR863KUB	ENCSR123FJN	BPNet	normalized predicted signal profile	bigWig	ChIP-seq	TCF7	K562	cell-line	cell-line	cell-line	minus	none	passed
ENCFF607DJT	ENCFF607DJT	ENCSR863KUB	ENCSR123FJN	BPNet	normalized predicted signal profile	bigWig	ChIP-seq	TCF7	K562	cell-line	cell-line	cell-line	plus	none	passed
ENCFF440SBK	ENCFF440SBK	ENCSR000EVQ	ENCSR605YBA	BPNet	normalized predicted signal profile	bigWig	ChIP-seq	TCF7L2	HepG2	cell-line	cell-line	cell-line	minus	none	passed
ENCFF528WBW	ENCFF528WBW	ENCSR346BOD	ENCSR522OOX	BPNet	normalized predicted signal profile	bigWig	ChIP-seq	TCF7L2	HepG2	cell-line	cell-line	cell-line	minus	none	passed
ENCFF030SSR	ENCFF030SSR	ENCSR346BOD	ENCSR522OOX	BPNet	normalized predicted signal profile	bigWig	ChIP-seq	TCF7L2	HepG2	cell-line	cell-line	cell-line	plus	none	passed
ENCFF135IZO	ENCFF135IZO	ENCSR000EVQ	ENCSR605YBA	BPNet	normalized predicted signal profile	bigWig	ChIP-seq	TCF7L2	HepG2	cell-line	cell-line	cell-line	plus	none	passed
ENCFF927LQN	ENCFF927LQN	ENCSR497JLX	ENCSR472NZD	BPNet	normalized predicted signal profile	bigWig	ChIP-seq	TEAD1	HepG2	cell-line	cell-line	cell-line	minus	none	passed
ENCFF239CJA	ENCFF239CJA	ENCSR497JLX	ENCSR472NZD	BPNet	normalized predicted signal profile	bigWig	ChIP-seq	TEAD1	HepG2	cell-line	cell-line	cell-line	plus	none	passed
ENCFF153QNJ	ENCFF153QNJ	ENCSR591ASD	ENCSR945UJQ	BPNet	normalized predicted signal profile	bigWig	ChIP-seq	TEAD1	K562	cell-line	cell-line	cell-line	minus	none	passed
ENCFF301TEM	ENCFF301TEM	ENCSR228ELU	ENCSR675KBB	BPNet	normalized predicted signal profile	bigWig	ChIP-seq	TEAD1	K562	cell-line	cell-line	cell-line	minus	none	passed
ENCFF007EAD	ENCFF007EAD	ENCSR591ASD	ENCSR945UJQ	BPNet	normalized predicted signal profile	bigWig	ChIP-seq	TEAD1	K562	cell-line	cell-line	cell-line	plus	none	passed
ENCFF477HEY	ENCFF477HEY	ENCSR228ELU	ENCSR675KBB	BPNet	normalized predicted signal profile	bigWig	ChIP-seq	TEAD1	K562	cell-line	cell-line	cell-line	plus	none	passed
ENCFF074FPG	ENCFF074FPG	ENCSR934WOF	ENCSR839ENT	BPNet	normalized predicted signal profile	bigWig	ChIP-seq	TEAD1	WTC11	cell-line	cell-line	cell-line	minus	none	passed
ENCFF353IRC	ENCFF353IRC	ENCSR934WOF	ENCSR839ENT	BPNet	normalized predicted signal profile	bigWig	ChIP-seq	TEAD1	WTC11	cell-line	cell-line	cell-line	plus	none	passed
ENCFF555LEF	ENCFF555LEF	ENCSR635GTR	ENCSR858BRS	BPNet	normalized predicted signal profile	bigWig	ChIP-seq	TEAD2	K562	cell-line	cell-line	cell-line	minus	none	passed
ENCFF183FHE	ENCFF183FHE	ENCSR635GTR	ENCSR858BRS	BPNet	normalized predicted signal profile	bigWig	ChIP-seq	TEAD2	K562	cell-line	cell-line	cell-line	plus	none	passed
ENCFF121YOO	ENCFF121YOO	ENCSR000BUD	ENCSR759JAZ	BPNet	normalized predicted signal profile	bigWig	ChIP-seq	TEAD4	A549	cell-line	cell-line	cell-line	minus	none	passed
ENCFF540XAT	ENCFF540XAT	ENCSR000BUD	ENCSR759JAZ	BPNet	normalized predicted signal profile	bigWig	ChIP-seq	TEAD4	A549	cell-line	cell-line	cell-line	plus	none	passed
ENCFF586BDM	ENCFF586BDM	ENCSR000BRY	ENCSR057JRV	BPNet	normalized predicted signal profile	bigWig	ChIP-seq	TEAD4	H1	cell-line	cell-line	cell-line	minus	none	passed
ENCFF058EJM	ENCFF058EJM	ENCSR000BRY	ENCSR057JRV	BPNet	normalized predicted signal profile	bigWig	ChIP-seq	TEAD4	H1	cell-line	cell-line	cell-line	plus	none	passed
ENCFF335GTS	ENCFF335GTS	ENCSR000BVJ	ENCSR255BMC	BPNet	normalized predicted signal profile	bigWig	ChIP-seq	TEAD4	HCT116	cell-line	cell-line	cell-line	minus	none	passed
ENCFF948YVE	ENCFF948YVE	ENCSR000BVJ	ENCSR255BMC	BPNet	normalized predicted signal profile	bigWig	ChIP-seq	TEAD4	HCT116	cell-line	cell-line	cell-line	plus	none	passed
ENCFF173ALA	ENCFF173ALA	ENCSR800JRG	ENCSR502ZZU	BPNet	normalized predicted signal profile	bigWig	ChIP-seq	TEAD4	HepG2	cell-line	cell-line	cell-line	minus	none	passed
ENCFF705BZX	ENCFF705BZX	ENCSR000BRP	ENCSR543PPH	BPNet	normalized predicted signal profile	bigWig	ChIP-seq	TEAD4	HepG2	cell-line	cell-line	cell-line	minus	none	passed
ENCFF503KHU	ENCFF503KHU	ENCSR800JRG	ENCSR502ZZU	BPNet	normalized predicted signal profile	bigWig	ChIP-seq	TEAD4	HepG2	cell-line	cell-line	cell-line	plus	none	passed
ENCFF812IQY	ENCFF812IQY	ENCSR000BRP	ENCSR543PPH	BPNet	normalized predicted signal profile	bigWig	ChIP-seq	TEAD4	HepG2	cell-line	cell-line	cell-line	plus	none	passed
ENCFF827OVC	ENCFF827OVC	ENCSR000BSW	ENCSR719TPB	BPNet	normalized predicted signal profile	bigWig	ChIP-seq	TEAD4	Ishikawa	cell-line	cell-line	cell-line	minus	none	passed
ENCFF055ZFA	ENCFF055ZFA	ENCSR000BSW	ENCSR719TPB	BPNet	normalized predicted signal profile	bigWig	ChIP-seq	TEAD4	Ishikawa	cell-line	cell-line	cell-line	plus	none	passed
ENCFF037VRJ	ENCFF037VRJ	ENCSR000BRK	ENCSR584QDL	BPNet	normalized predicted signal profile	bigWig	ChIP-seq	TEAD4	K562	cell-line	cell-line	cell-line	minus	none	passed
ENCFF433KDR	ENCFF433KDR	ENCSR817FMN	ENCSR541KST	BPNet	normalized predicted signal profile	bigWig	ChIP-seq	TEAD4	K562	cell-line	cell-line	cell-line	minus	none	passed
ENCFF782HZW	ENCFF782HZW	ENCSR817FMN	ENCSR541KST	BPNet	normalized predicted signal profile	bigWig	ChIP-seq	TEAD4	K562	cell-line	cell-line	cell-line	plus	none	passed
ENCFF816HFW	ENCFF816HFW	ENCSR000BRK	ENCSR584QDL	BPNet	normalized predicted signal profile	bigWig	ChIP-seq	TEAD4	K562	cell-line	cell-line	cell-line	plus	none	passed
ENCFF054KCK	ENCFF054KCK	ENCSR000BUO	ENCSR654ETW	BPNet	normalized predicted signal profile	bigWig	ChIP-seq	TEAD4	MCF-7	cell-line	cell-line	cell-line	minus	none	passed
ENCFF720ZTU	ENCFF720ZTU	ENCSR000BUO	ENCSR654ETW	BPNet	normalized predicted signal profile	bigWig	ChIP-seq	TEAD4	MCF-7	cell-line	cell-line	cell-line	plus	none	passed
ENCFF753HIW	ENCFF753HIW	ENCSR000BUQ	ENCSR137PEF	BPNet	normalized predicted signal profile	bigWig	ChIP-seq	TEAD4	SK-N-SH	cell-line	cell-line	cell-line	minus	none	passed
ENCFF003IJP	ENCFF003IJP	ENCSR000BUQ	ENCSR137PEF	BPNet	normalized predicted signal profile	bigWig	ChIP-seq	TEAD4	SK-N-SH	cell-line	cell-line	cell-line	plus	none	passed
ENCFF978IZM	ENCFF978IZM	ENCSR285HHZ	ENCSR598CXV	BPNet	normalized predicted signal profile	bigWig	ChIP-seq	TEAD4	WTC11	cell-line	cell-line	cell-line	minus	none	passed
ENCFF483HTX	ENCFF483HTX	ENCSR285HHZ	ENCSR598CXV	BPNet	normalized predicted signal profile	bigWig	ChIP-seq	TEAD4	WTC11	cell-line	cell-line	cell-line	plus	none	passed
ENCFF688SNQ	ENCFF688SNQ	ENCSR583KLD	ENCSR286SAG	BPNet	normalized predicted signal profile	bigWig	ChIP-seq	TEF	HepG2	cell-line	cell-line	cell-line	minus	none	passed
ENCFF562KEH	ENCFF562KEH	ENCSR583KLD	ENCSR286SAG	BPNet	normalized predicted signal profile	bigWig	ChIP-seq	TEF	HepG2	cell-line	cell-line	cell-line	plus	none	passed
ENCFF118NFL	ENCFF118NFL	ENCSR630GGD	ENCSR606WDD	BPNet	normalized predicted signal profile	bigWig	ChIP-seq	TFAP2B	SK-N-SH	cell-line	cell-line	cell-line	minus	none	passed
ENCFF309UQW	ENCFF309UQW	ENCSR630GGD	ENCSR606WDD	BPNet	normalized predicted signal profile	bigWig	ChIP-seq	TFAP2B	SK-N-SH	cell-line	cell-line	cell-line	plus	none	passed
ENCFF415ZXG	ENCFF415ZXG	ENCSR587BVQ	ENCSR832QSI	BPNet	normalized predicted signal profile	bigWig	ChIP-seq	TFAP4	HepG2	cell-line	cell-line	cell-line	minus	none	passed
ENCFF730VII	ENCFF730VII	ENCSR103SZL	ENCSR050VWT	BPNet	normalized predicted signal profile	bigWig	ChIP-seq	TFAP4	HepG2	cell-line	cell-line	cell-line	minus	none	passed
ENCFF573QFN	ENCFF573QFN	ENCSR587BVQ	ENCSR832QSI	BPNet	normalized predicted signal profile	bigWig	ChIP-seq	TFAP4	HepG2	cell-line	cell-line	cell-line	plus	none	passed
ENCFF901YIS	ENCFF901YIS	ENCSR103SZL	ENCSR050VWT	BPNet	normalized predicted signal profile	bigWig	ChIP-seq	TFAP4	HepG2	cell-line	cell-line	cell-line	plus	none	passed
ENCFF984NJB	ENCFF984NJB	ENCSR784IMK	ENCSR468IYH	BPNet	normalized predicted signal profile	bigWig	ChIP-seq	TFAP4	K562	cell-line	cell-line	cell-line	minus	none	passed
ENCFF515XUY	ENCFF515XUY	ENCSR784IMK	ENCSR468IYH	BPNet	normalized predicted signal profile	bigWig	ChIP-seq	TFAP4	K562	cell-line	cell-line	cell-line	plus	none	passed
ENCFF578LVO	ENCFF578LVO	ENCSR998OMC	ENCSR119FPN	BPNet	normalized predicted signal profile	bigWig	ChIP-seq	TFCP2	K562	cell-line	cell-line	cell-line	minus	none	passed
ENCFF482UHA	ENCFF482UHA	ENCSR998OMC	ENCSR119FPN	BPNet	normalized predicted signal profile	bigWig	ChIP-seq	TFCP2	K562	cell-line	cell-line	cell-line	plus	none	passed
ENCFF653KLU	ENCFF653KLU	ENCSR558OMR	ENCSR843PGH	BPNet	normalized predicted signal profile	bigWig	ChIP-seq	TFDP1	HepG2	cell-line	cell-line	cell-line	minus	none	passed
ENCFF405ECY	ENCFF405ECY	ENCSR558OMR	ENCSR843PGH	BPNet	normalized predicted signal profile	bigWig	ChIP-seq	TFDP1	HepG2	cell-line	cell-line	cell-line	plus	none	passed
ENCFF044VKP	ENCFF044VKP	ENCSR017GBO	ENCSR510PVF	BPNet	normalized predicted signal profile	bigWig	ChIP-seq	TFDP1	K562	cell-line	cell-line	cell-line	minus	none	passed
ENCFF567FPX	ENCFF567FPX	ENCSR901VIE	ENCSR881WQN	BPNet	normalized predicted signal profile	bigWig	ChIP-seq	TFDP1	K562	cell-line	cell-line	cell-line	minus	none	passed
ENCFF137RAZ	ENCFF137RAZ	ENCSR017GBO	ENCSR510PVF	BPNet	normalized predicted signal profile	bigWig	ChIP-seq	TFDP1	K562	cell-line	cell-line	cell-line	plus	none	passed
ENCFF534KPK	ENCFF534KPK	ENCSR901VIE	ENCSR881WQN	BPNet	normalized predicted signal profile	bigWig	ChIP-seq	TFDP1	K562	cell-line	cell-line	cell-line	plus	none	passed
ENCFF865ITU	ENCFF865ITU	ENCSR589SNT	ENCSR969SPC	BPNet	normalized predicted signal profile	bigWig	ChIP-seq	TFE3	HepG2	cell-line	cell-line	cell-line	minus	none	passed
ENCFF649YTI	ENCFF649YTI	ENCSR589SNT	ENCSR969SPC	BPNet	normalized predicted signal profile	bigWig	ChIP-seq	TFE3	HepG2	cell-line	cell-line	cell-line	plus	none	passed
ENCFF999RRP	ENCFF999RRP	ENCSR953KEY	ENCSR570QRK	BPNet	normalized predicted signal profile	bigWig	ChIP-seq	TFE3	K562	cell-line	cell-line	cell-line	minus	none	passed
ENCFF224AKG	ENCFF224AKG	ENCSR953KEY	ENCSR570QRK	BPNet	normalized predicted signal profile	bigWig	ChIP-seq	TFE3	K562	cell-line	cell-line	cell-line	plus	none	passed
ENCFF253FPO	ENCFF253FPO	ENCSR993LMB	ENCSR943QHF	BPNet	normalized predicted signal profile	bigWig	ChIP-seq	TGIF2	HepG2	cell-line	cell-line	cell-line	minus	none	passed
ENCFF257EOY	ENCFF257EOY	ENCSR993LMB	ENCSR943QHF	BPNet	normalized predicted signal profile	bigWig	ChIP-seq	TGIF2	HepG2	cell-line	cell-line	cell-line	plus	none	passed
ENCFF103HRY	ENCFF103HRY	ENCSR910UQX	ENCSR196PHG	BPNet	normalized predicted signal profile	bigWig	ChIP-seq	TGIF2	WTC11	cell-line	cell-line	cell-line	minus	none	passed
ENCFF249VWB	ENCFF249VWB	ENCSR910UQX	ENCSR196PHG	BPNet	normalized predicted signal profile	bigWig	ChIP-seq	TGIF2	WTC11	cell-line	cell-line	cell-line	plus	none	passed
ENCFF495NUE	ENCFF495NUE	ENCSR000BNN	ENCSR817TLV	BPNet	normalized predicted signal profile	bigWig	ChIP-seq	THAP1	K562	cell-line	cell-line	cell-line	minus	none	passed
ENCFF782BRS	ENCFF782BRS	ENCSR000BNN	ENCSR817TLV	BPNet	normalized predicted signal profile	bigWig	ChIP-seq	THAP1	K562	cell-line	cell-line	cell-line	plus	none	passed
ENCFF195LVJ	ENCFF195LVJ	ENCSR562POI	ENCSR016OLY	BPNet	normalized predicted signal profile	bigWig	ChIP-seq	THAP11	HepG2	cell-line	cell-line	cell-line	minus	none	passed
ENCFF597CBF	ENCFF597CBF	ENCSR562POI	ENCSR016OLY	BPNet	normalized predicted signal profile	bigWig	ChIP-seq	THAP11	HepG2	cell-line	cell-line	cell-line	plus	none	passed
ENCFF099YNS	ENCFF099YNS	ENCSR551QJT	ENCSR262IPW	BPNet	normalized predicted signal profile	bigWig	ChIP-seq	THRA	HepG2	cell-line	cell-line	cell-line	minus	none	passed
ENCFF377BTL	ENCFF377BTL	ENCSR551QJT	ENCSR262IPW	BPNet	normalized predicted signal profile	bigWig	ChIP-seq	THRA	HepG2	cell-line	cell-line	cell-line	plus	none	passed
ENCFF154ZNZ	ENCFF154ZNZ	ENCSR264CZJ	ENCSR668XFM	BPNet	normalized predicted signal profile	bigWig	ChIP-seq	THRA	K562	cell-line	cell-line	cell-line	minus	none	passed
ENCFF286TYJ	ENCFF286TYJ	ENCSR264CZJ	ENCSR668XFM	BPNet	normalized predicted signal profile	bigWig	ChIP-seq	THRA	K562	cell-line	cell-line	cell-line	plus	none	passed
ENCFF324FBA	ENCFF324FBA	ENCSR430JGJ	ENCSR015WPR	BPNet	normalized predicted signal profile	bigWig	ChIP-seq	THRB	HepG2	cell-line	cell-line	cell-line	minus	none	passed
ENCFF174HNS	ENCFF174HNS	ENCSR430JGJ	ENCSR015WPR	BPNet	normalized predicted signal profile	bigWig	ChIP-seq	THRB	HepG2	cell-line	cell-line	cell-line	plus	none	passed
ENCFF482VZF	ENCFF482VZF	ENCSR112XUO	ENCSR143XGL	BPNet	normalized predicted signal profile	bigWig	ChIP-seq	TP53	A549	cell-line	cell-line	cell-line	minus	none	passed
ENCFF183GBB	ENCFF183GBB	ENCSR112XUO	ENCSR143XGL	BPNet	normalized predicted signal profile	bigWig	ChIP-seq	TP53	A549	cell-line	cell-line	cell-line	plus	none	passed
ENCFF656UAN	ENCFF656UAN	ENCSR980EGJ	ENCSR636VPX	BPNet	normalized predicted signal profile	bigWig	ChIP-seq	TP53	HepG2	cell-line	cell-line	cell-line	minus	none	passed
ENCFF963CDI	ENCFF963CDI	ENCSR980EGJ	ENCSR636VPX	BPNet	normalized predicted signal profile	bigWig	ChIP-seq	TP53	HepG2	cell-line	cell-line	cell-line	plus	none	passed
ENCFF076YXX	ENCFF076YXX	ENCSR760GZL	ENCSR435SAV	BPNet	normalized predicted signal profile	bigWig	ChIP-seq	TP53	WTC11	cell-line	cell-line	cell-line	minus	none	passed
ENCFF323TNI	ENCFF323TNI	ENCSR760GZL	ENCSR435SAV	BPNet	normalized predicted signal profile	bigWig	ChIP-seq	TP53	WTC11	cell-line	cell-line	cell-line	plus	none	passed
ENCFF031ZBL	ENCFF031ZBL	ENCSR282NLQ	ENCSR410KJV	BPNet	normalized predicted signal profile	bigWig	ChIP-seq	TSHZ2	SK-N-SH	cell-line	cell-line	cell-line	minus	none	passed
ENCFF621CNO	ENCFF621CNO	ENCSR282NLQ	ENCSR410KJV	BPNet	normalized predicted signal profile	bigWig	ChIP-seq	TSHZ2	SK-N-SH	cell-line	cell-line	cell-line	plus	none	passed
ENCFF320EDS	ENCFF320EDS	ENCSR000BHX	ENCSR586UXJ	BPNet	normalized predicted signal profile	bigWig	ChIP-seq	USF1	A549	cell-line	cell-line	cell-line	minus	none	passed
ENCFF358KZC	ENCFF358KZC	ENCSR000BPV	ENCSR983UAU	BPNet	normalized predicted signal profile	bigWig	ChIP-seq	USF1	A549	cell-line	cell-line	cell-line	minus	none	passed
ENCFF731GPF	ENCFF731GPF	ENCSR000BJB	ENCSR054RWA	BPNet	normalized predicted signal profile	bigWig	ChIP-seq	USF1	A549	cell-line	cell-line	cell-line	minus	none	passed
ENCFF658HSW	ENCFF658HSW	ENCSR000BPV	ENCSR983UAU	BPNet	normalized predicted signal profile	bigWig	ChIP-seq	USF1	A549	cell-line	cell-line	cell-line	plus	none	passed
ENCFF700HGV	ENCFF700HGV	ENCSR000BJB	ENCSR054RWA	BPNet	normalized predicted signal profile	bigWig	ChIP-seq	USF1	A549	cell-line	cell-line	cell-line	plus	none	passed
ENCFF935TPK	ENCFF935TPK	ENCSR000BHX	ENCSR586UXJ	BPNet	normalized predicted signal profile	bigWig	ChIP-seq	USF1	A549	cell-line	cell-line	cell-line	plus	none	passed
ENCFF201RTN	ENCFF201RTN	ENCSR000BGI	ENCSR511BKM	BPNet	normalized predicted signal profile	bigWig	ChIP-seq	USF1	GM12878	cell-line	cell-line	cell-line	minus	none	passed
ENCFF865FQC	ENCFF865FQC	ENCSR000BGI	ENCSR511BKM	BPNet	normalized predicted signal profile	bigWig	ChIP-seq	USF1	GM12878	cell-line	cell-line	cell-line	plus	none	passed
ENCFF380RPG	ENCFF380RPG	ENCSR000BIU	ENCSR516GXG	BPNet	normalized predicted signal profile	bigWig	ChIP-seq	USF1	H1	cell-line	cell-line	cell-line	minus	none	passed
ENCFF114KPL	ENCFF114KPL	ENCSR000BIU	ENCSR516GXG	BPNet	normalized predicted signal profile	bigWig	ChIP-seq	USF1	H1	cell-line	cell-line	cell-line	plus	none	passed
ENCFF804XGV	ENCFF804XGV	ENCSR000BVK	ENCSR462DYM	BPNet	normalized predicted signal profile	bigWig	ChIP-seq	USF1	HCT116	cell-line	cell-line	cell-line	minus	none	passed
ENCFF191KHF	ENCFF191KHF	ENCSR000BVK	ENCSR462DYM	BPNet	normalized predicted signal profile	bigWig	ChIP-seq	USF1	HCT116	cell-line	cell-line	cell-line	plus	none	passed
ENCFF287ZRV	ENCFF287ZRV	ENCSR099FCQ	ENCSR969UXT	BPNet	normalized predicted signal profile	bigWig	ChIP-seq	USF1	HepG2	cell-line	cell-line	cell-line	minus	none	passed
ENCFF420AAA	ENCFF420AAA	ENCSR000BGM	ENCSR830EXL	BPNet	normalized predicted signal profile	bigWig	ChIP-seq	USF1	HepG2	cell-line	cell-line	cell-line	minus	none	passed
ENCFF043ZIJ	ENCFF043ZIJ	ENCSR099FCQ	ENCSR969UXT	BPNet	normalized predicted signal profile	bigWig	ChIP-seq	USF1	HepG2	cell-line	cell-line	cell-line	plus	none	passed
ENCFF372BCF	ENCFF372BCF	ENCSR000BGM	ENCSR830EXL	BPNet	normalized predicted signal profile	bigWig	ChIP-seq	USF1	HepG2	cell-line	cell-line	cell-line	plus	none	passed
ENCFF361TRX	ENCFF361TRX	ENCSR000BSX	ENCSR684JSF	BPNet	normalized predicted signal profile	bigWig	ChIP-seq	USF1	Ishikawa	cell-line	cell-line	cell-line	minus	none	passed
ENCFF940ZGV	ENCFF940ZGV	ENCSR000BSX	ENCSR684JSF	BPNet	normalized predicted signal profile	bigWig	ChIP-seq	USF1	Ishikawa	cell-line	cell-line	cell-line	plus	none	passed
ENCFF498DYD	ENCFF498DYD	ENCSR000BKT	ENCSR524FDF	BPNet	normalized predicted signal profile	bigWig	ChIP-seq	USF1	K562	cell-line	cell-line	cell-line	minus	none	passed
ENCFF768LOL	ENCFF768LOL	ENCSR787CHF	ENCSR910XFU	BPNet	normalized predicted signal profile	bigWig	ChIP-seq	USF1	K562	cell-line	cell-line	cell-line	minus	none	passed
ENCFF376YCH	ENCFF376YCH	ENCSR000BKT	ENCSR524FDF	BPNet	normalized predicted signal profile	bigWig	ChIP-seq	USF1	K562	cell-line	cell-line	cell-line	plus	none	passed
ENCFF540CCP	ENCFF540CCP	ENCSR787CHF	ENCSR910XFU	BPNet	normalized predicted signal profile	bigWig	ChIP-seq	USF1	K562	cell-line	cell-line	cell-line	plus	none	passed
ENCFF310NAF	ENCFF310NAF	ENCSR000BMF	ENCSR204CFN	BPNet	normalized predicted signal profile	bigWig	ChIP-seq	USF1	SK-N-SH	cell-line	cell-line	cell-line	minus	none	passed
ENCFF649PSS	ENCFF649PSS	ENCSR000BTZ	ENCSR909XMT	BPNet	normalized predicted signal profile	bigWig	ChIP-seq	USF1	SK-N-SH	cell-line	cell-line	cell-line	minus	none	passed
ENCFF363CSD	ENCFF363CSD	ENCSR000BTZ	ENCSR909XMT	BPNet	normalized predicted signal profile	bigWig	ChIP-seq	USF1	SK-N-SH	cell-line	cell-line	cell-line	plus	none	passed
ENCFF880XFY	ENCFF880XFY	ENCSR000BMF	ENCSR204CFN	BPNet	normalized predicted signal profile	bigWig	ChIP-seq	USF1	SK-N-SH	cell-line	cell-line	cell-line	plus	none	passed
ENCFF058XTS	ENCFF058XTS	ENCSR248QBT	ENCSR373FAY	BPNet	normalized predicted signal profile	bigWig	ChIP-seq	USF1	WTC11	cell-line	cell-line	cell-line	minus	none	passed
ENCFF520EVO	ENCFF520EVO	ENCSR248QBT	ENCSR373FAY	BPNet	normalized predicted signal profile	bigWig	ChIP-seq	USF1	WTC11	cell-line	cell-line	cell-line	plus	none	passed
ENCFF643GLV	ENCFF643GLV	ENCSR563FBT	ENCSR476XIR	BPNet	normalized predicted signal profile	bigWig	ChIP-seq	USF2	A549	cell-line	cell-line	cell-line	minus	none	passed
ENCFF187MXA	ENCFF187MXA	ENCSR563FBT	ENCSR476XIR	BPNet	normalized predicted signal profile	bigWig	ChIP-seq	USF2	A549	cell-line	cell-line	cell-line	plus	none	passed
ENCFF472EZU	ENCFF472EZU	ENCSR000DZU	ENCSR355QCJ	BPNet	normalized predicted signal profile	bigWig	ChIP-seq	USF2	GM12878	cell-line	cell-line	cell-line	minus	none	passed
ENCFF064HOP	ENCFF064HOP	ENCSR000DZU	ENCSR355QCJ	BPNet	normalized predicted signal profile	bigWig	ChIP-seq	USF2	GM12878	cell-line	cell-line	cell-line	plus	none	passed
ENCFF519PMU	ENCFF519PMU	ENCSR000ECD	ENCSR859LAQ	BPNet	normalized predicted signal profile	bigWig	ChIP-seq	USF2	H1	cell-line	cell-line	cell-line	minus	none	passed
ENCFF428SSL	ENCFF428SSL	ENCSR000ECD	ENCSR859LAQ	BPNet	normalized predicted signal profile	bigWig	ChIP-seq	USF2	H1	cell-line	cell-line	cell-line	plus	none	passed
ENCFF516ZKQ	ENCFF516ZKQ	ENCSR000ECW	ENCSR577OOY	BPNet	normalized predicted signal profile	bigWig	ChIP-seq	USF2	HeLa-S3	cell-line	cell-line	cell-line	minus	none	passed
ENCFF028PRN	ENCFF028PRN	ENCSR000ECW	ENCSR577OOY	BPNet	normalized predicted signal profile	bigWig	ChIP-seq	USF2	HeLa-S3	cell-line	cell-line	cell-line	plus	none	passed
ENCFF347VEF	ENCFF347VEF	ENCSR000EEF	ENCSR376OGT	BPNet	normalized predicted signal profile	bigWig	ChIP-seq	USF2	HepG2	cell-line	cell-line	cell-line	minus	none	passed
ENCFF501CSD	ENCFF501CSD	ENCSR145QNL	ENCSR241GBH	BPNet	normalized predicted signal profile	bigWig	ChIP-seq	USF2	HepG2	cell-line	cell-line	cell-line	minus	none	passed
ENCFF199PFN	ENCFF199PFN	ENCSR145QNL	ENCSR241GBH	BPNet	normalized predicted signal profile	bigWig	ChIP-seq	USF2	HepG2	cell-line	cell-line	cell-line	plus	none	passed
ENCFF493XPB	ENCFF493XPB	ENCSR000EEF	ENCSR376OGT	BPNet	normalized predicted signal profile	bigWig	ChIP-seq	USF2	HepG2	cell-line	cell-line	cell-line	plus	none	passed
ENCFF091TIU	ENCFF091TIU	ENCSR513UQG	ENCSR638GTJ	BPNet	normalized predicted signal profile	bigWig	ChIP-seq	USF2	IMR-90	cell-line	cell-line	cell-line	minus	none	passed
ENCFF068RZP	ENCFF068RZP	ENCSR513UQG	ENCSR638GTJ	BPNet	normalized predicted signal profile	bigWig	ChIP-seq	USF2	IMR-90	cell-line	cell-line	cell-line	plus	none	passed
ENCFF103IFR	ENCFF103IFR	ENCSR000EHG	ENCSR637VKB	BPNet	normalized predicted signal profile	bigWig	ChIP-seq	USF2	K562	cell-line	cell-line	cell-line	minus	none	passed
ENCFF643ACL	ENCFF643ACL	ENCSR359NFW	ENCSR720OWM	BPNet	normalized predicted signal profile	bigWig	ChIP-seq	USF2	K562	cell-line	cell-line	cell-line	minus	none	passed
ENCFF862AST	ENCFF862AST	ENCSR578KEN	ENCSR074MKL	BPNet	normalized predicted signal profile	bigWig	ChIP-seq	USF2	K562	cell-line	cell-line	cell-line	minus	none	passed
ENCFF280YUE	ENCFF280YUE	ENCSR578KEN	ENCSR074MKL	BPNet	normalized predicted signal profile	bigWig	ChIP-seq	USF2	K562	cell-line	cell-line	cell-line	plus	none	passed
ENCFF547EUA	ENCFF547EUA	ENCSR000EHG	ENCSR637VKB	BPNet	normalized predicted signal profile	bigWig	ChIP-seq	USF2	K562	cell-line	cell-line	cell-line	plus	none	passed
ENCFF704HFA	ENCFF704HFA	ENCSR359NFW	ENCSR720OWM	BPNet	normalized predicted signal profile	bigWig	ChIP-seq	USF2	K562	cell-line	cell-line	cell-line	plus	none	passed
ENCFF740UDI	ENCFF740UDI	ENCSR945NFL	ENCSR861TDJ	BPNet	normalized predicted signal profile	bigWig	ChIP-seq	USF2	SK-N-SH	cell-line	cell-line	cell-line	minus	none	passed
ENCFF991ZCJ	ENCFF991ZCJ	ENCSR945NFL	ENCSR861TDJ	BPNet	normalized predicted signal profile	bigWig	ChIP-seq	USF2	SK-N-SH	cell-line	cell-line	cell-line	plus	none	passed
ENCFF898ACD	ENCFF898ACD	ENCSR229QAN	ENCSR218ZQT	BPNet	normalized predicted signal profile	bigWig	ChIP-seq	USF2	WTC11	cell-line	cell-line	cell-line	minus	none	passed
ENCFF106NZO	ENCFF106NZO	ENCSR229QAN	ENCSR218ZQT	BPNet	normalized predicted signal profile	bigWig	ChIP-seq	USF2	WTC11	cell-line	cell-line	cell-line	plus	none	passed
ENCFF346RBA	ENCFF346RBA	ENCSR189YMA	ENCSR970FXF	BPNet	normalized predicted signal profile	bigWig	ChIP-seq	VEZF1	K562	cell-line	cell-line	cell-line	minus	none	passed
ENCFF353TDG	ENCFF353TDG	ENCSR189YMA	ENCSR970FXF	BPNet	normalized predicted signal profile	bigWig	ChIP-seq	VEZF1	K562	cell-line	cell-line	cell-line	plus	none	passed
ENCFF710FOJ	ENCFF710FOJ	ENCSR966PJJ	ENCSR129GSW	BPNet	normalized predicted signal profile	bigWig	ChIP-seq	WT1	HEK293	cell-line	cell-line	cell-line	minus	none	passed
ENCFF924ILB	ENCFF924ILB	ENCSR966PJJ	ENCSR129GSW	BPNet	normalized predicted signal profile	bigWig	ChIP-seq	WT1	HEK293	cell-line	cell-line	cell-line	plus	none	passed
ENCFF069AXJ	ENCFF069AXJ	ENCSR988EVQ	ENCSR431QUE	BPNet	normalized predicted signal profile	bigWig	ChIP-seq	XBP1	HepG2	cell-line	cell-line	cell-line	minus	none	passed
ENCFF376GOC	ENCFF376GOC	ENCSR988EVQ	ENCSR431QUE	BPNet	normalized predicted signal profile	bigWig	ChIP-seq	XBP1	HepG2	cell-line	cell-line	cell-line	plus	none	passed
ENCFF596EEE	ENCFF596EEE	ENCSR000BPM	ENCSR623ODG	BPNet	normalized predicted signal profile	bigWig	ChIP-seq	YY1	A549	cell-line	cell-line	cell-line	minus	none	passed
ENCFF155AJK	ENCFF155AJK	ENCSR000BPM	ENCSR623ODG	BPNet	normalized predicted signal profile	bigWig	ChIP-seq	YY1	A549	cell-line	cell-line	cell-line	plus	none	passed
ENCFF486PAX	ENCFF486PAX	ENCSR000EUM	ENCSR401RIZ	BPNet	normalized predicted signal profile	bigWig	ChIP-seq	YY1	GM12878	cell-line	cell-line	cell-line	minus	none	passed
ENCFF567AOO	ENCFF567AOO	ENCSR000BNP	ENCSR466HDF	BPNet	normalized predicted signal profile	bigWig	ChIP-seq	YY1	GM12878	cell-line	cell-line	cell-line	minus	none	passed
ENCFF351BXB	ENCFF351BXB	ENCSR000EUM	ENCSR401RIZ	BPNet	normalized predicted signal profile	bigWig	ChIP-seq	YY1	GM12878	cell-line	cell-line	cell-line	plus	none	passed
ENCFF553FRP	ENCFF553FRP	ENCSR000BNP	ENCSR466HDF	BPNet	normalized predicted signal profile	bigWig	ChIP-seq	YY1	GM12878	cell-line	cell-line	cell-line	plus	none	passed
ENCFF194NBE	ENCFF194NBE	ENCSR000BKJ	ENCSR407QBH	BPNet	normalized predicted signal profile	bigWig	ChIP-seq	YY1	GM12891	cell-line	cell-line	cell-line	minus	none	passed
ENCFF549VDC	ENCFF549VDC	ENCSR000BKJ	ENCSR407QBH	BPNet	normalized predicted signal profile	bigWig	ChIP-seq	YY1	GM12891	cell-line	cell-line	cell-line	plus	none	passed
ENCFF363DUU	ENCFF363DUU	ENCSR000BLT	ENCSR805DUE	BPNet	normalized predicted signal profile	bigWig	ChIP-seq	YY1	GM12892	cell-line	cell-line	cell-line	minus	none	passed
ENCFF225YVR	ENCFF225YVR	ENCSR000BLT	ENCSR805DUE	BPNet	normalized predicted signal profile	bigWig	ChIP-seq	YY1	GM12892	cell-line	cell-line	cell-line	plus	none	passed
ENCFF391MNH	ENCFF391MNH	ENCSR000BKD	ENCSR123TMK	BPNet	normalized predicted signal profile	bigWig	ChIP-seq	YY1	H1	cell-line	cell-line	cell-line	minus	none	passed
ENCFF158YXZ	ENCFF158YXZ	ENCSR000BKD	ENCSR123TMK	BPNet	normalized predicted signal profile	bigWig	ChIP-seq	YY1	H1	cell-line	cell-line	cell-line	plus	none	passed
ENCFF753NQI	ENCFF753NQI	ENCSR000BNX	ENCSR976XZG	BPNet	normalized predicted signal profile	bigWig	ChIP-seq	YY1	HCT116	cell-line	cell-line	cell-line	minus	none	passed
ENCFF192GKT	ENCFF192GKT	ENCSR000BNX	ENCSR976XZG	BPNet	normalized predicted signal profile	bigWig	ChIP-seq	YY1	HCT116	cell-line	cell-line	cell-line	plus	none	passed
ENCFF791YOY	ENCFF791YOY	ENCSR859RAO	ENCSR972DQJ	BPNet	normalized predicted signal profile	bigWig	ChIP-seq	YY1	HEK293	cell-line	cell-line	cell-line	minus	none	passed
ENCFF052GVV	ENCFF052GVV	ENCSR859RAO	ENCSR972DQJ	BPNet	normalized predicted signal profile	bigWig	ChIP-seq	YY1	HEK293	cell-line	cell-line	cell-line	plus	none	passed
ENCFF548VFR	ENCFF548VFR	ENCSR000BNT	ENCSR715ALH	BPNet	normalized predicted signal profile	bigWig	ChIP-seq	YY1	HepG2	cell-line	cell-line	cell-line	minus	none	passed
ENCFF093JQI	ENCFF093JQI	ENCSR000BNT	ENCSR715ALH	BPNet	normalized predicted signal profile	bigWig	ChIP-seq	YY1	HepG2	cell-line	cell-line	cell-line	plus	none	passed
ENCFF724NXU	ENCFF724NXU	ENCSR000BSY	ENCSR809DOC	BPNet	normalized predicted signal profile	bigWig	ChIP-seq	YY1	Ishikawa	cell-line	cell-line	cell-line	minus	none	passed
ENCFF594GBZ	ENCFF594GBZ	ENCSR000BSY	ENCSR809DOC	BPNet	normalized predicted signal profile	bigWig	ChIP-seq	YY1	Ishikawa	cell-line	cell-line	cell-line	plus	none	passed
ENCFF047DNU	ENCFF047DNU	ENCSR000BKU	ENCSR141YSY	BPNet	normalized predicted signal profile	bigWig	ChIP-seq	YY1	K562	cell-line	cell-line	cell-line	minus	none	passed
ENCFF386LZT	ENCFF386LZT	ENCSR000BMH	ENCSR763WTY	BPNet	normalized predicted signal profile	bigWig	ChIP-seq	YY1	K562	cell-line	cell-line	cell-line	minus	none	passed
ENCFF748HYF	ENCFF748HYF	ENCSR000EWF	ENCSR911NSC	BPNet	normalized predicted signal profile	bigWig	ChIP-seq	YY1	K562	cell-line	cell-line	cell-line	minus	none	passed
ENCFF199IQN	ENCFF199IQN	ENCSR000BMH	ENCSR763WTY	BPNet	normalized predicted signal profile	bigWig	ChIP-seq	YY1	K562	cell-line	cell-line	cell-line	plus	none	passed
ENCFF704DGO	ENCFF704DGO	ENCSR000BKU	ENCSR141YSY	BPNet	normalized predicted signal profile	bigWig	ChIP-seq	YY1	K562	cell-line	cell-line	cell-line	plus	none	passed
ENCFF711SUK	ENCFF711SUK	ENCSR000EWF	ENCSR911NSC	BPNet	normalized predicted signal profile	bigWig	ChIP-seq	YY1	K562	cell-line	cell-line	cell-line	plus	none	passed
ENCFF824VEP	ENCFF824VEP	ENCSR000EXG	ENCSR918YXR	BPNet	normalized predicted signal profile	bigWig	ChIP-seq	YY1	NT2/D1	cell-line	cell-line	cell-line	minus	none	passed
ENCFF013MHN	ENCFF013MHN	ENCSR000EXG	ENCSR918YXR	BPNet	normalized predicted signal profile	bigWig	ChIP-seq	YY1	NT2/D1	cell-line	cell-line	cell-line	plus	none	passed
ENCFF349ITM	ENCFF349ITM	ENCSR000BLZ	ENCSR538CIU	BPNet	normalized predicted signal profile	bigWig	ChIP-seq	YY1	SK-N-SH	cell-line	cell-line	cell-line	minus	none	passed
ENCFF896LAV	ENCFF896LAV	ENCSR000BSM	ENCSR098EIV	BPNet	normalized predicted signal profile	bigWig	ChIP-seq	YY1	SK-N-SH	cell-line	cell-line	cell-line	minus	none	passed
ENCFF318IGI	ENCFF318IGI	ENCSR000BSM	ENCSR098EIV	BPNet	normalized predicted signal profile	bigWig	ChIP-seq	YY1	SK-N-SH	cell-line	cell-line	cell-line	plus	none	passed
ENCFF911MZV	ENCFF911MZV	ENCSR000BLZ	ENCSR538CIU	BPNet	normalized predicted signal profile	bigWig	ChIP-seq	YY1	SK-N-SH	cell-line	cell-line	cell-line	plus	none	passed
ENCFF909RNY	ENCFF909RNY	ENCSR382MOM	ENCSR628OOA	BPNet	normalized predicted signal profile	bigWig	ChIP-seq	YY1	liver	liver	liver	digestive-system	minus	none	passed
ENCFF947PMT	ENCFF947PMT	ENCSR994YLZ	ENCSR998DCF	BPNet	normalized predicted signal profile	bigWig	ChIP-seq	YY1	liver	liver	liver	digestive-system	minus	none	passed
ENCFF167HYQ	ENCFF167HYQ	ENCSR994YLZ	ENCSR998DCF	BPNet	normalized predicted signal profile	bigWig	ChIP-seq	YY1	liver	liver	liver	digestive-system	plus	none	passed
ENCFF329YGS	ENCFF329YGS	ENCSR382MOM	ENCSR628OOA	BPNet	normalized predicted signal profile	bigWig	ChIP-seq	YY1	liver	liver	liver	digestive-system	plus	none	passed
ENCFF546JAR	ENCFF546JAR	ENCSR692HSE	ENCSR313BRF	BPNet	normalized predicted signal profile	bigWig	ChIP-seq	YY2	HEK293	cell-line	cell-line	cell-line	minus	none	passed
ENCFF012ELJ	ENCFF012ELJ	ENCSR692HSE	ENCSR313BRF	BPNet	normalized predicted signal profile	bigWig	ChIP-seq	YY2	HEK293	cell-line	cell-line	cell-line	plus	none	passed
ENCFF692IEA	ENCFF692IEA	ENCSR207PFI	ENCSR975UIJ	BPNet	normalized predicted signal profile	bigWig	ChIP-seq	ZBED1	GM12878	cell-line	cell-line	cell-line	minus	none	passed
ENCFF819RRA	ENCFF819RRA	ENCSR207PFI	ENCSR975UIJ	BPNet	normalized predicted signal profile	bigWig	ChIP-seq	ZBED1	GM12878	cell-line	cell-line	cell-line	plus	none	passed
ENCFF639APC	ENCFF639APC	ENCSR409PMR	ENCSR554MLU	BPNet	normalized predicted signal profile	bigWig	ChIP-seq	ZBED4	HepG2	cell-line	cell-line	cell-line	minus	none	passed
ENCFF525RCV	ENCFF525RCV	ENCSR409PMR	ENCSR554MLU	BPNet	normalized predicted signal profile	bigWig	ChIP-seq	ZBED4	HepG2	cell-line	cell-line	cell-line	plus	none	passed
ENCFF502UIE	ENCFF502UIE	ENCSR656SIB	ENCSR000RSV	BPNet	normalized predicted signal profile	bigWig	ChIP-seq	ZBED5	HepG2	cell-line	cell-line	cell-line	minus	none	passed
ENCFF753JUN	ENCFF753JUN	ENCSR656SIB	ENCSR000RSV	BPNet	normalized predicted signal profile	bigWig	ChIP-seq	ZBED5	HepG2	cell-line	cell-line	cell-line	plus	none	passed
ENCFF459PVE	ENCFF459PVE	ENCSR057DTZ	ENCSR549XOW	BPNet	normalized predicted signal profile	bigWig	ChIP-seq	ZBTB11	GM12878	cell-line	cell-line	cell-line	minus	none	passed
ENCFF390RMQ	ENCFF390RMQ	ENCSR057DTZ	ENCSR549XOW	BPNet	normalized predicted signal profile	bigWig	ChIP-seq	ZBTB11	GM12878	cell-line	cell-line	cell-line	plus	none	passed
ENCFF467VYH	ENCFF467VYH	ENCSR882ZTS	ENCSR475ZNU	BPNet	normalized predicted signal profile	bigWig	ChIP-seq	ZBTB11	HEK293	cell-line	cell-line	cell-line	minus	none	passed
ENCFF023KZS	ENCFF023KZS	ENCSR882ZTS	ENCSR475ZNU	BPNet	normalized predicted signal profile	bigWig	ChIP-seq	ZBTB11	HEK293	cell-line	cell-line	cell-line	plus	none	passed
ENCFF564XGE	ENCFF564XGE	ENCSR706BJO	ENCSR873OML	BPNet	normalized predicted signal profile	bigWig	ChIP-seq	ZBTB11	K562	cell-line	cell-line	cell-line	minus	none	passed
ENCFF725FPN	ENCFF725FPN	ENCSR331GDC	ENCSR135ESM	BPNet	normalized predicted signal profile	bigWig	ChIP-seq	ZBTB11	K562	cell-line	cell-line	cell-line	minus	none	passed
ENCFF733OKP	ENCFF733OKP	ENCSR985OYK	ENCSR327WKX	BPNet	normalized predicted signal profile	bigWig	ChIP-seq	ZBTB11	K562	cell-line	cell-line	cell-line	minus	none	passed
ENCFF282SOA	ENCFF282SOA	ENCSR985OYK	ENCSR327WKX	BPNet	normalized predicted signal profile	bigWig	ChIP-seq	ZBTB11	K562	cell-line	cell-line	cell-line	plus	none	passed
ENCFF469VXU	ENCFF469VXU	ENCSR706BJO	ENCSR873OML	BPNet	normalized predicted signal profile	bigWig	ChIP-seq	ZBTB11	K562	cell-line	cell-line	cell-line	plus	none	passed
ENCFF725GTA	ENCFF725GTA	ENCSR331GDC	ENCSR135ESM	BPNet	normalized predicted signal profile	bigWig	ChIP-seq	ZBTB11	K562	cell-line	cell-line	cell-line	plus	none	passed
ENCFF756ABZ	ENCFF756ABZ	ENCSR155VDK	ENCSR336QZC	BPNet	normalized predicted signal profile	bigWig	ChIP-seq	ZBTB11	MCF-7	cell-line	cell-line	cell-line	minus	none	passed
ENCFF964CNX	ENCFF964CNX	ENCSR155VDK	ENCSR336QZC	BPNet	normalized predicted signal profile	bigWig	ChIP-seq	ZBTB11	MCF-7	cell-line	cell-line	cell-line	plus	none	passed
ENCFF924LNA	ENCFF924LNA	ENCSR543KOA	ENCSR598KIL	BPNet	normalized predicted signal profile	bigWig	ChIP-seq	ZBTB12	HEK293	cell-line	cell-line	cell-line	minus	none	passed
ENCFF847AOG	ENCFF847AOG	ENCSR543KOA	ENCSR598KIL	BPNet	normalized predicted signal profile	bigWig	ChIP-seq	ZBTB12	HEK293	cell-line	cell-line	cell-line	plus	none	passed
ENCFF724IKN	ENCFF724IKN	ENCSR532WFC	ENCSR818NPV	BPNet	normalized predicted signal profile	bigWig	ChIP-seq	ZBTB14	HepG2	cell-line	cell-line	cell-line	minus	none	passed
ENCFF746EUI	ENCFF746EUI	ENCSR532WFC	ENCSR818NPV	BPNet	normalized predicted signal profile	bigWig	ChIP-seq	ZBTB14	HepG2	cell-line	cell-line	cell-line	plus	none	passed
ENCFF546MZW	ENCFF546MZW	ENCSR631WAA	ENCSR667GBL	BPNet	normalized predicted signal profile	bigWig	ChIP-seq	ZBTB17	HEK293	cell-line	cell-line	cell-line	minus	none	passed
ENCFF097PYG	ENCFF097PYG	ENCSR631WAA	ENCSR667GBL	BPNet	normalized predicted signal profile	bigWig	ChIP-seq	ZBTB17	HEK293	cell-line	cell-line	cell-line	plus	none	passed
ENCFF178KLO	ENCFF178KLO	ENCSR175MIA	ENCSR356QWJ	BPNet	normalized predicted signal profile	bigWig	ChIP-seq	ZBTB2	HepG2	cell-line	cell-line	cell-line	minus	none	passed
ENCFF188YVR	ENCFF188YVR	ENCSR175MIA	ENCSR356QWJ	BPNet	normalized predicted signal profile	bigWig	ChIP-seq	ZBTB2	HepG2	cell-line	cell-line	cell-line	plus	none	passed
ENCFF605ZIR	ENCFF605ZIR	ENCSR321MSF	ENCSR374BHO	BPNet	normalized predicted signal profile	bigWig	ChIP-seq	ZBTB21	HEK293	cell-line	cell-line	cell-line	minus	none	passed
ENCFF219CGL	ENCFF219CGL	ENCSR321MSF	ENCSR374BHO	BPNet	normalized predicted signal profile	bigWig	ChIP-seq	ZBTB21	HEK293	cell-line	cell-line	cell-line	plus	none	passed
ENCFF568ZRY	ENCFF568ZRY	ENCSR549PAU	ENCSR546ZRV	BPNet	normalized predicted signal profile	bigWig	ChIP-seq	ZBTB21	HepG2	cell-line	cell-line	cell-line	minus	none	passed
ENCFF739SNL	ENCFF739SNL	ENCSR549PAU	ENCSR546ZRV	BPNet	normalized predicted signal profile	bigWig	ChIP-seq	ZBTB21	HepG2	cell-line	cell-line	cell-line	plus	none	passed
ENCFF528PZW	ENCFF528PZW	ENCSR962BEI	ENCSR118JRA	BPNet	normalized predicted signal profile	bigWig	ChIP-seq	ZBTB21	WTC11	cell-line	cell-line	cell-line	minus	none	passed
ENCFF263QLX	ENCFF263QLX	ENCSR962BEI	ENCSR118JRA	BPNet	normalized predicted signal profile	bigWig	ChIP-seq	ZBTB21	WTC11	cell-line	cell-line	cell-line	plus	none	passed
ENCFF569MMK	ENCFF569MMK	ENCSR184SVO	ENCSR326ECX	BPNet	normalized predicted signal profile	bigWig	ChIP-seq	ZBTB26	HepG2	cell-line	cell-line	cell-line	minus	none	passed
ENCFF470XQW	ENCFF470XQW	ENCSR184SVO	ENCSR326ECX	BPNet	normalized predicted signal profile	bigWig	ChIP-seq	ZBTB26	HepG2	cell-line	cell-line	cell-line	plus	none	passed
ENCFF215SVQ	ENCFF215SVQ	ENCSR000BPZ	ENCSR783JAW	BPNet	normalized predicted signal profile	bigWig	ChIP-seq	ZBTB33	A549	cell-line	cell-line	cell-line	minus	none	passed
ENCFF035MQL	ENCFF035MQL	ENCSR000BPZ	ENCSR783JAW	BPNet	normalized predicted signal profile	bigWig	ChIP-seq	ZBTB33	A549	cell-line	cell-line	cell-line	plus	none	passed
ENCFF700OTY	ENCFF700OTY	ENCSR000BHC	ENCSR996JFB	BPNet	normalized predicted signal profile	bigWig	ChIP-seq	ZBTB33	GM12878	cell-line	cell-line	cell-line	minus	none	passed
ENCFF628YJB	ENCFF628YJB	ENCSR000BHC	ENCSR996JFB	BPNet	normalized predicted signal profile	bigWig	ChIP-seq	ZBTB33	GM12878	cell-line	cell-line	cell-line	plus	none	passed
ENCFF453VGR	ENCFF453VGR	ENCSR000BNY	ENCSR232OWT	BPNet	normalized predicted signal profile	bigWig	ChIP-seq	ZBTB33	HCT116	cell-line	cell-line	cell-line	minus	none	passed
ENCFF046MXW	ENCFF046MXW	ENCSR000BNY	ENCSR232OWT	BPNet	normalized predicted signal profile	bigWig	ChIP-seq	ZBTB33	HCT116	cell-line	cell-line	cell-line	plus	none	passed
ENCFF281LCA	ENCFF281LCA	ENCSR000BNA	ENCSR045NYB	BPNet	normalized predicted signal profile	bigWig	ChIP-seq	ZBTB33	HepG2	cell-line	cell-line	cell-line	minus	none	passed
ENCFF379UPT	ENCFF379UPT	ENCSR000BHR	ENCSR936MXU	BPNet	normalized predicted signal profile	bigWig	ChIP-seq	ZBTB33	HepG2	cell-line	cell-line	cell-line	minus	none	passed
ENCFF404WJF	ENCFF404WJF	ENCSR000BHR	ENCSR936MXU	BPNet	normalized predicted signal profile	bigWig	ChIP-seq	ZBTB33	HepG2	cell-line	cell-line	cell-line	plus	none	passed
ENCFF555ZSB	ENCFF555ZSB	ENCSR000BNA	ENCSR045NYB	BPNet	normalized predicted signal profile	bigWig	ChIP-seq	ZBTB33	HepG2	cell-line	cell-line	cell-line	plus	none	passed
ENCFF146HNH	ENCFF146HNH	ENCSR000BKF	ENCSR933IYO	BPNet	normalized predicted signal profile	bigWig	ChIP-seq	ZBTB33	K562	cell-line	cell-line	cell-line	minus	none	passed
ENCFF567SJN	ENCFF567SJN	ENCSR000BKF	ENCSR933IYO	BPNet	normalized predicted signal profile	bigWig	ChIP-seq	ZBTB33	K562	cell-line	cell-line	cell-line	plus	none	passed
ENCFF807EAU	ENCFF807EAU	ENCSR000BTS	ENCSR546ZGT	BPNet	normalized predicted signal profile	bigWig	ChIP-seq	ZBTB33	SK-N-SH	cell-line	cell-line	cell-line	minus	none	passed
ENCFF389DQG	ENCFF389DQG	ENCSR000BTS	ENCSR546ZGT	BPNet	normalized predicted signal profile	bigWig	ChIP-seq	ZBTB33	SK-N-SH	cell-line	cell-line	cell-line	plus	none	passed
ENCFF417OGK	ENCFF417OGK	ENCSR943MQH	ENCSR575OXS	BPNet	normalized predicted signal profile	bigWig	ChIP-seq	ZBTB33	WTC11	cell-line	cell-line	cell-line	minus	none	passed
ENCFF139VCR	ENCFF139VCR	ENCSR943MQH	ENCSR575OXS	BPNet	normalized predicted signal profile	bigWig	ChIP-seq	ZBTB33	WTC11	cell-line	cell-line	cell-line	plus	none	passed
ENCFF289LMH	ENCFF289LMH	ENCSR345YWJ	ENCSR900SAH	BPNet	normalized predicted signal profile	bigWig	ChIP-seq	ZBTB33	liver	liver	liver	digestive-system	minus	none	passed
ENCFF321WDX	ENCFF321WDX	ENCSR516HUP	ENCSR700BQI	BPNet	normalized predicted signal profile	bigWig	ChIP-seq	ZBTB33	liver	liver	liver	digestive-system	minus	none	passed
ENCFF202LUT	ENCFF202LUT	ENCSR345YWJ	ENCSR900SAH	BPNet	normalized predicted signal profile	bigWig	ChIP-seq	ZBTB33	liver	liver	liver	digestive-system	plus	none	passed
ENCFF483QVW	ENCFF483QVW	ENCSR516HUP	ENCSR700BQI	BPNet	normalized predicted signal profile	bigWig	ChIP-seq	ZBTB33	liver	liver	liver	digestive-system	plus	none	passed
ENCFF637GOS	ENCFF637GOS	ENCSR775YXE	ENCSR002PIA	BPNet	normalized predicted signal profile	bigWig	ChIP-seq	ZBTB37	HepG2	cell-line	cell-line	cell-line	minus	none	passed
ENCFF943JNT	ENCFF943JNT	ENCSR775YXE	ENCSR002PIA	BPNet	normalized predicted signal profile	bigWig	ChIP-seq	ZBTB37	HepG2	cell-line	cell-line	cell-line	plus	none	passed
ENCFF153MEU	ENCFF153MEU	ENCSR189YYK	ENCSR823DBW	BPNet	normalized predicted signal profile	bigWig	ChIP-seq	ZBTB40	GM12878	cell-line	cell-line	cell-line	minus	none	passed
ENCFF259OJW	ENCFF259OJW	ENCSR189YYK	ENCSR823DBW	BPNet	normalized predicted signal profile	bigWig	ChIP-seq	ZBTB40	GM12878	cell-line	cell-line	cell-line	plus	none	passed
ENCFF702QIC	ENCFF702QIC	ENCSR525YFS	ENCSR668FSC	BPNet	normalized predicted signal profile	bigWig	ChIP-seq	ZBTB40	HepG2	cell-line	cell-line	cell-line	minus	none	passed
ENCFF979SER	ENCFF979SER	ENCSR200AWS	ENCSR351SGY	BPNet	normalized predicted signal profile	bigWig	ChIP-seq	ZBTB40	HepG2	cell-line	cell-line	cell-line	minus	none	passed
ENCFF246RSA	ENCFF246RSA	ENCSR200AWS	ENCSR351SGY	BPNet	normalized predicted signal profile	bigWig	ChIP-seq	ZBTB40	HepG2	cell-line	cell-line	cell-line	plus	none	passed
ENCFF344IVT	ENCFF344IVT	ENCSR525YFS	ENCSR668FSC	BPNet	normalized predicted signal profile	bigWig	ChIP-seq	ZBTB40	HepG2	cell-line	cell-line	cell-line	plus	none	passed
ENCFF368UCN	ENCFF368UCN	ENCSR579YNY	ENCSR629SAH	BPNet	normalized predicted signal profile	bigWig	ChIP-seq	ZBTB40	K562	cell-line	cell-line	cell-line	minus	none	passed
ENCFF382XRR	ENCFF382XRR	ENCSR158RYZ	ENCSR512YWH	BPNet	normalized predicted signal profile	bigWig	ChIP-seq	ZBTB40	K562	cell-line	cell-line	cell-line	minus	none	passed
ENCFF708SZQ	ENCFF708SZQ	ENCSR237VLT	ENCSR087JVK	BPNet	normalized predicted signal profile	bigWig	ChIP-seq	ZBTB40	K562	cell-line	cell-line	cell-line	minus	none	passed
ENCFF057YGO	ENCFF057YGO	ENCSR158RYZ	ENCSR512YWH	BPNet	normalized predicted signal profile	bigWig	ChIP-seq	ZBTB40	K562	cell-line	cell-line	cell-line	plus	none	passed
ENCFF369RWD	ENCFF369RWD	ENCSR579YNY	ENCSR629SAH	BPNet	normalized predicted signal profile	bigWig	ChIP-seq	ZBTB40	K562	cell-line	cell-line	cell-line	plus	none	passed
ENCFF628XTG	ENCFF628XTG	ENCSR237VLT	ENCSR087JVK	BPNet	normalized predicted signal profile	bigWig	ChIP-seq	ZBTB40	K562	cell-line	cell-line	cell-line	plus	none	passed
ENCFF916UKE	ENCFF916UKE	ENCSR318LVG	ENCSR580KUK	BPNet	normalized predicted signal profile	bigWig	ChIP-seq	ZBTB40	MCF-7	cell-line	cell-line	cell-line	minus	none	passed
ENCFF572FKT	ENCFF572FKT	ENCSR318LVG	ENCSR580KUK	BPNet	normalized predicted signal profile	bigWig	ChIP-seq	ZBTB40	MCF-7	cell-line	cell-line	cell-line	plus	none	passed
ENCFF057PCO	ENCFF057PCO	ENCSR232AAR	ENCSR701JFB	BPNet	normalized predicted signal profile	bigWig	ChIP-seq	ZBTB42	HepG2	cell-line	cell-line	cell-line	minus	none	passed
ENCFF205ZJQ	ENCFF205ZJQ	ENCSR232AAR	ENCSR701JFB	BPNet	normalized predicted signal profile	bigWig	ChIP-seq	ZBTB42	HepG2	cell-line	cell-line	cell-line	plus	none	passed
ENCFF874XMB	ENCFF874XMB	ENCSR076STQ	ENCSR015WPQ	BPNet	normalized predicted signal profile	bigWig	ChIP-seq	ZBTB44	HEK293	cell-line	cell-line	cell-line	minus	none	passed
ENCFF904MMN	ENCFF904MMN	ENCSR076STQ	ENCSR015WPQ	BPNet	normalized predicted signal profile	bigWig	ChIP-seq	ZBTB44	HEK293	cell-line	cell-line	cell-line	plus	none	passed
ENCFF646NEB	ENCFF646NEB	ENCSR781EQJ	ENCSR798RSV	BPNet	normalized predicted signal profile	bigWig	ChIP-seq	ZBTB48	HEK293	cell-line	cell-line	cell-line	minus	none	passed
ENCFF019KQS	ENCFF019KQS	ENCSR781EQJ	ENCSR798RSV	BPNet	normalized predicted signal profile	bigWig	ChIP-seq	ZBTB48	HEK293	cell-line	cell-line	cell-line	plus	none	passed
ENCFF410QVF	ENCFF410QVF	ENCSR786OQY	ENCSR012UFW	BPNet	normalized predicted signal profile	bigWig	ChIP-seq	ZBTB5	K562	cell-line	cell-line	cell-line	minus	none	passed
ENCFF677JKI	ENCFF677JKI	ENCSR389PWB	ENCSR473KQM	BPNet	normalized predicted signal profile	bigWig	ChIP-seq	ZBTB5	K562	cell-line	cell-line	cell-line	minus	none	passed
ENCFF017XXW	ENCFF017XXW	ENCSR786OQY	ENCSR012UFW	BPNet	normalized predicted signal profile	bigWig	ChIP-seq	ZBTB5	K562	cell-line	cell-line	cell-line	plus	none	passed
ENCFF971AQB	ENCFF971AQB	ENCSR389PWB	ENCSR473KQM	BPNet	normalized predicted signal profile	bigWig	ChIP-seq	ZBTB5	K562	cell-line	cell-line	cell-line	plus	none	passed
ENCFF423SYV	ENCFF423SYV	ENCSR619OUC	ENCSR309MGH	BPNet	normalized predicted signal profile	bigWig	ChIP-seq	ZBTB6	HEK293	cell-line	cell-line	cell-line	minus	none	passed
ENCFF761ZKF	ENCFF761ZKF	ENCSR619OUC	ENCSR309MGH	BPNet	normalized predicted signal profile	bigWig	ChIP-seq	ZBTB6	HEK293	cell-line	cell-line	cell-line	plus	none	passed
ENCFF340QAP	ENCFF340QAP	ENCSR481FEC	ENCSR761KMA	BPNet	normalized predicted signal profile	bigWig	ChIP-seq	ZBTB8A	HEK293	cell-line	cell-line	cell-line	minus	none	passed
ENCFF453ZBU	ENCFF453ZBU	ENCSR481FEC	ENCSR761KMA	BPNet	normalized predicted signal profile	bigWig	ChIP-seq	ZBTB8A	HEK293	cell-line	cell-line	cell-line	plus	none	passed
ENCFF783ZBL	ENCFF783ZBL	ENCSR625XAV	ENCSR893JLL	BPNet	normalized predicted signal profile	bigWig	ChIP-seq	ZBTB8A	HepG2	cell-line	cell-line	cell-line	minus	none	passed
ENCFF532JOW	ENCFF532JOW	ENCSR625XAV	ENCSR893JLL	BPNet	normalized predicted signal profile	bigWig	ChIP-seq	ZBTB8A	HepG2	cell-line	cell-line	cell-line	plus	none	passed
ENCFF670LXR	ENCFF670LXR	ENCSR000BND	ENCSR759DXD	BPNet	normalized predicted signal profile	bigWig	ChIP-seq	ZEB1	GM12878	cell-line	cell-line	cell-line	minus	none	passed
ENCFF290NSF	ENCFF290NSF	ENCSR000BND	ENCSR759DXD	BPNet	normalized predicted signal profile	bigWig	ChIP-seq	ZEB1	GM12878	cell-line	cell-line	cell-line	plus	none	passed
ENCFF472BKX	ENCFF472BKX	ENCSR909HMT	ENCSR424NLV	BPNet	normalized predicted signal profile	bigWig	ChIP-seq	ZEB1	HEK293	cell-line	cell-line	cell-line	minus	none	passed
ENCFF448XTR	ENCFF448XTR	ENCSR909HMT	ENCSR424NLV	BPNet	normalized predicted signal profile	bigWig	ChIP-seq	ZEB1	HEK293	cell-line	cell-line	cell-line	plus	none	passed
ENCFF246TGW	ENCFF246TGW	ENCSR000BVN	ENCSR864UBB	BPNet	normalized predicted signal profile	bigWig	ChIP-seq	ZEB1	HepG2	cell-line	cell-line	cell-line	minus	none	passed
ENCFF216DRC	ENCFF216DRC	ENCSR000BVN	ENCSR864UBB	BPNet	normalized predicted signal profile	bigWig	ChIP-seq	ZEB1	HepG2	cell-line	cell-line	cell-line	plus	none	passed
ENCFF135JVA	ENCFF135JVA	ENCSR418KUS	ENCSR167ATD	BPNet	normalized predicted signal profile	bigWig	ChIP-seq	ZEB1	bipolar-neuron	neuron	nerve	central-nervous-system	minus	none	passed
ENCFF971ZHN	ENCFF971ZHN	ENCSR418KUS	ENCSR167ATD	BPNet	normalized predicted signal profile	bigWig	ChIP-seq	ZEB1	bipolar-neuron	neuron	nerve	central-nervous-system	plus	none	passed
ENCFF138ZTP	ENCFF138ZTP	ENCSR417VWF	ENCSR320EEO	BPNet	normalized predicted signal profile	bigWig	ChIP-seq	ZEB2	HEK293	cell-line	cell-line	cell-line	minus	none	passed
ENCFF008RAF	ENCFF008RAF	ENCSR417VWF	ENCSR320EEO	BPNet	normalized predicted signal profile	bigWig	ChIP-seq	ZEB2	HEK293	cell-line	cell-line	cell-line	plus	none	passed
ENCFF249AAP	ENCFF249AAP	ENCSR322CFO	ENCSR981GUY	BPNet	normalized predicted signal profile	bigWig	ChIP-seq	ZEB2	K562	cell-line	cell-line	cell-line	minus	none	passed
ENCFF651THF	ENCFF651THF	ENCSR004GKA	ENCSR131HUW	BPNet	normalized predicted signal profile	bigWig	ChIP-seq	ZEB2	K562	cell-line	cell-line	cell-line	minus	none	passed
ENCFF307PKC	ENCFF307PKC	ENCSR322CFO	ENCSR981GUY	BPNet	normalized predicted signal profile	bigWig	ChIP-seq	ZEB2	K562	cell-line	cell-line	cell-line	plus	none	passed
ENCFF973HAQ	ENCFF973HAQ	ENCSR004GKA	ENCSR131HUW	BPNet	normalized predicted signal profile	bigWig	ChIP-seq	ZEB2	K562	cell-line	cell-line	cell-line	plus	none	passed
ENCFF040FKQ	ENCFF040FKQ	ENCSR409DYM	ENCSR616OXL	BPNet	normalized predicted signal profile	bigWig	ChIP-seq	ZFAT	HepG2	cell-line	cell-line	cell-line	minus	none	passed
ENCFF109WQC	ENCFF109WQC	ENCSR409DYM	ENCSR616OXL	BPNet	normalized predicted signal profile	bigWig	ChIP-seq	ZFAT	HepG2	cell-line	cell-line	cell-line	plus	none	passed
ENCFF542YDI	ENCFF542YDI	ENCSR879RGN	ENCSR339CDB	BPNet	normalized predicted signal profile	bigWig	ChIP-seq	ZFHX3	HepG2	cell-line	cell-line	cell-line	minus	none	passed
ENCFF939NGF	ENCFF939NGF	ENCSR879RGN	ENCSR339CDB	BPNet	normalized predicted signal profile	bigWig	ChIP-seq	ZFHX3	HepG2	cell-line	cell-line	cell-line	plus	none	passed
ENCFF301RKL	ENCFF301RKL	ENCSR586DEH	ENCSR556WFV	BPNet	normalized predicted signal profile	bigWig	ChIP-seq	ZFP1	HepG2	cell-line	cell-line	cell-line	minus	none	passed
ENCFF675EUN	ENCFF675EUN	ENCSR586DEH	ENCSR556WFV	BPNet	normalized predicted signal profile	bigWig	ChIP-seq	ZFP1	HepG2	cell-line	cell-line	cell-line	plus	none	passed
ENCFF864LIS	ENCFF864LIS	ENCSR134QIE	ENCSR097ZPZ	BPNet	normalized predicted signal profile	bigWig	ChIP-seq	ZFP3	HEK293	cell-line	cell-line	cell-line	minus	none	passed
ENCFF263NYK	ENCFF263NYK	ENCSR134QIE	ENCSR097ZPZ	BPNet	normalized predicted signal profile	bigWig	ChIP-seq	ZFP3	HEK293	cell-line	cell-line	cell-line	plus	none	passed
ENCFF862QDA	ENCFF862QDA	ENCSR581GUY	ENCSR333QKK	BPNet	normalized predicted signal profile	bigWig	ChIP-seq	ZFP3	SK-N-SH	cell-line	cell-line	cell-line	minus	none	passed
ENCFF078FDT	ENCFF078FDT	ENCSR581GUY	ENCSR333QKK	BPNet	normalized predicted signal profile	bigWig	ChIP-seq	ZFP3	SK-N-SH	cell-line	cell-line	cell-line	plus	none	passed
ENCFF741DJO	ENCFF741DJO	ENCSR365GRX	ENCSR068EXE	BPNet	normalized predicted signal profile	bigWig	ChIP-seq	ZFP37	HEK293	cell-line	cell-line	cell-line	minus	none	passed
ENCFF955ELW	ENCFF955ELW	ENCSR365GRX	ENCSR068EXE	BPNet	normalized predicted signal profile	bigWig	ChIP-seq	ZFP37	HEK293	cell-line	cell-line	cell-line	plus	none	passed
ENCFF882XXA	ENCFF882XXA	ENCSR678KUJ	ENCSR551SZJ	BPNet	normalized predicted signal profile	bigWig	ChIP-seq	ZFP91	HepG2	cell-line	cell-line	cell-line	minus	none	passed
ENCFF384OJU	ENCFF384OJU	ENCSR678KUJ	ENCSR551SZJ	BPNet	normalized predicted signal profile	bigWig	ChIP-seq	ZFP91	HepG2	cell-line	cell-line	cell-line	plus	none	passed
ENCFF256PEU	ENCFF256PEU	ENCSR898XMH	ENCSR673ZFH	BPNet	normalized predicted signal profile	bigWig	ChIP-seq	ZFP91	K562	cell-line	cell-line	cell-line	minus	none	passed
ENCFF623EIJ	ENCFF623EIJ	ENCSR201DCF	ENCSR493AYF	BPNet	normalized predicted signal profile	bigWig	ChIP-seq	ZFP91	K562	cell-line	cell-line	cell-line	minus	none	passed
ENCFF692HIM	ENCFF692HIM	ENCSR898XMH	ENCSR673ZFH	BPNet	normalized predicted signal profile	bigWig	ChIP-seq	ZFP91	K562	cell-line	cell-line	cell-line	plus	none	passed
ENCFF727RMR	ENCFF727RMR	ENCSR201DCF	ENCSR493AYF	BPNet	normalized predicted signal profile	bigWig	ChIP-seq	ZFP91	K562	cell-line	cell-line	cell-line	plus	none	passed
ENCFF790ONV	ENCFF790ONV	ENCSR949OEV	ENCSR132EJY	BPNet	normalized predicted signal profile	bigWig	ChIP-seq	ZFY	HepG2	cell-line	cell-line	cell-line	minus	none	passed
ENCFF140HSD	ENCFF140HSD	ENCSR949OEV	ENCSR132EJY	BPNet	normalized predicted signal profile	bigWig	ChIP-seq	ZFY	HepG2	cell-line	cell-line	cell-line	plus	none	passed
ENCFF447YUP	ENCFF447YUP	ENCSR887MXT	ENCSR813OAN	BPNet	normalized predicted signal profile	bigWig	ChIP-seq	ZHX1	HeLa-S3	cell-line	cell-line	cell-line	minus	none	passed
ENCFF640VHB	ENCFF640VHB	ENCSR887MXT	ENCSR813OAN	BPNet	normalized predicted signal profile	bigWig	ChIP-seq	ZHX1	HeLa-S3	cell-line	cell-line	cell-line	plus	none	passed
ENCFF793VNF	ENCFF793VNF	ENCSR978DQT	ENCSR930QQH	BPNet	normalized predicted signal profile	bigWig	ChIP-seq	ZHX1	HepG2	cell-line	cell-line	cell-line	minus	none	passed
ENCFF389XCQ	ENCFF389XCQ	ENCSR978DQT	ENCSR930QQH	BPNet	normalized predicted signal profile	bigWig	ChIP-seq	ZHX1	HepG2	cell-line	cell-line	cell-line	plus	none	passed
ENCFF769CIZ	ENCFF769CIZ	ENCSR401VBM	ENCSR785ULR	BPNet	normalized predicted signal profile	bigWig	ChIP-seq	ZHX2	HepG2	cell-line	cell-line	cell-line	minus	none	passed
ENCFF646UCQ	ENCFF646UCQ	ENCSR401VBM	ENCSR785ULR	BPNet	normalized predicted signal profile	bigWig	ChIP-seq	ZHX2	HepG2	cell-line	cell-line	cell-line	plus	none	passed
ENCFF617IGT	ENCFF617IGT	ENCSR728MWW	ENCSR084MUM	BPNet	normalized predicted signal profile	bigWig	ChIP-seq	ZIC2	HEK293	cell-line	cell-line	cell-line	minus	none	passed
ENCFF412JBZ	ENCFF412JBZ	ENCSR728MWW	ENCSR084MUM	BPNet	normalized predicted signal profile	bigWig	ChIP-seq	ZIC2	HEK293	cell-line	cell-line	cell-line	plus	none	passed
ENCFF723ABD	ENCFF723ABD	ENCSR000ECJ	ENCSR467JKG	BPNet	normalized predicted signal profile	bigWig	ChIP-seq	ZKSCAN1	HeLa-S3	cell-line	cell-line	cell-line	minus	none	passed
ENCFF655ZOZ	ENCFF655ZOZ	ENCSR000ECJ	ENCSR467JKG	BPNet	normalized predicted signal profile	bigWig	ChIP-seq	ZKSCAN1	HeLa-S3	cell-line	cell-line	cell-line	plus	none	passed
ENCFF198ZEF	ENCFF198ZEF	ENCSR882ERE	ENCSR392WCU	BPNet	normalized predicted signal profile	bigWig	ChIP-seq	ZKSCAN1	K562	cell-line	cell-line	cell-line	minus	none	passed
ENCFF380PMO	ENCFF380PMO	ENCSR882ERE	ENCSR392WCU	BPNet	normalized predicted signal profile	bigWig	ChIP-seq	ZKSCAN1	K562	cell-line	cell-line	cell-line	plus	none	passed
ENCFF101NTD	ENCFF101NTD	ENCSR449UFF	ENCSR836IBM	BPNet	normalized predicted signal profile	bigWig	ChIP-seq	ZKSCAN1	MCF-7	cell-line	cell-line	cell-line	minus	none	passed
ENCFF227AOU	ENCFF227AOU	ENCSR449UFF	ENCSR836IBM	BPNet	normalized predicted signal profile	bigWig	ChIP-seq	ZKSCAN1	MCF-7	cell-line	cell-line	cell-line	plus	none	passed
ENCFF650RFZ	ENCFF650RFZ	ENCSR159BTO	ENCSR899YIJ	BPNet	normalized predicted signal profile	bigWig	ChIP-seq	ZKSCAN5	HepG2	cell-line	cell-line	cell-line	minus	none	passed
ENCFF616AHZ	ENCFF616AHZ	ENCSR159BTO	ENCSR899YIJ	BPNet	normalized predicted signal profile	bigWig	ChIP-seq	ZKSCAN5	HepG2	cell-line	cell-line	cell-line	plus	none	passed
ENCFF555COV	ENCFF555COV	ENCSR808FFI	ENCSR318CNS	BPNet	normalized predicted signal profile	bigWig	ChIP-seq	ZKSCAN8	HepG2	cell-line	cell-line	cell-line	minus	none	passed
ENCFF518BND	ENCFF518BND	ENCSR808FFI	ENCSR318CNS	BPNet	normalized predicted signal profile	bigWig	ChIP-seq	ZKSCAN8	HepG2	cell-line	cell-line	cell-line	plus	none	passed
ENCFF498YTS	ENCFF498YTS	ENCSR448UKK	ENCSR648SBK	BPNet	normalized predicted signal profile	bigWig	ChIP-seq	ZKSCAN8	K562	cell-line	cell-line	cell-line	minus	none	passed
ENCFF974VMH	ENCFF974VMH	ENCSR448UKK	ENCSR648SBK	BPNet	normalized predicted signal profile	bigWig	ChIP-seq	ZKSCAN8	K562	cell-line	cell-line	cell-line	plus	none	passed
ENCFF365LKD	ENCFF365LKD	ENCSR751PNN	ENCSR680TYT	BPNet	normalized predicted signal profile	bigWig	ChIP-seq	ZNF112	HEK293	cell-line	cell-line	cell-line	minus	none	passed
ENCFF882TSV	ENCFF882TSV	ENCSR751PNN	ENCSR680TYT	BPNet	normalized predicted signal profile	bigWig	ChIP-seq	ZNF112	HEK293	cell-line	cell-line	cell-line	plus	none	passed
ENCFF479CXA	ENCFF479CXA	ENCSR711KBM	ENCSR835UBF	BPNet	normalized predicted signal profile	bigWig	ChIP-seq	ZNF12	HepG2	cell-line	cell-line	cell-line	minus	none	passed
ENCFF382TTU	ENCFF382TTU	ENCSR711KBM	ENCSR835UBF	BPNet	normalized predicted signal profile	bigWig	ChIP-seq	ZNF12	HepG2	cell-line	cell-line	cell-line	plus	none	passed
ENCFF869PEB	ENCFF869PEB	ENCSR041YBR	ENCSR035AXW	BPNet	normalized predicted signal profile	bigWig	ChIP-seq	ZNF12	K562	cell-line	cell-line	cell-line	minus	none	passed
ENCFF598VOH	ENCFF598VOH	ENCSR041YBR	ENCSR035AXW	BPNet	normalized predicted signal profile	bigWig	ChIP-seq	ZNF12	K562	cell-line	cell-line	cell-line	plus	none	passed
ENCFF921FAQ	ENCFF921FAQ	ENCSR224QDY	ENCSR370XXE	BPNet	normalized predicted signal profile	bigWig	ChIP-seq	ZNF121	HEK293	cell-line	cell-line	cell-line	minus	none	passed
ENCFF862WZS	ENCFF862WZS	ENCSR224QDY	ENCSR370XXE	BPNet	normalized predicted signal profile	bigWig	ChIP-seq	ZNF121	HEK293	cell-line	cell-line	cell-line	plus	none	passed
ENCFF810CFB	ENCFF810CFB	ENCSR945QEW	ENCSR279WZH	BPNet	normalized predicted signal profile	bigWig	ChIP-seq	ZNF121	HepG2	cell-line	cell-line	cell-line	minus	none	passed
ENCFF856OXL	ENCFF856OXL	ENCSR945QEW	ENCSR279WZH	BPNet	normalized predicted signal profile	bigWig	ChIP-seq	ZNF121	HepG2	cell-line	cell-line	cell-line	plus	none	passed
ENCFF994LJL	ENCFF994LJL	ENCSR799URB	ENCSR391MTA	BPNet	normalized predicted signal profile	bigWig	ChIP-seq	ZNF121	K562	cell-line	cell-line	cell-line	minus	none	passed
ENCFF151BNU	ENCFF151BNU	ENCSR799URB	ENCSR391MTA	BPNet	normalized predicted signal profile	bigWig	ChIP-seq	ZNF121	K562	cell-line	cell-line	cell-line	plus	none	passed
ENCFF689RLU	ENCFF689RLU	ENCSR283MWQ	ENCSR039OVW	BPNet	normalized predicted signal profile	bigWig	ChIP-seq	ZNF133	HEK293	cell-line	cell-line	cell-line	minus	none	passed
ENCFF374XBJ	ENCFF374XBJ	ENCSR283MWQ	ENCSR039OVW	BPNet	normalized predicted signal profile	bigWig	ChIP-seq	ZNF133	HEK293	cell-line	cell-line	cell-line	plus	none	passed
ENCFF839AWL	ENCFF839AWL	ENCSR553NTC	ENCSR725JVK	BPNet	normalized predicted signal profile	bigWig	ChIP-seq	ZNF134	K562	cell-line	cell-line	cell-line	minus	none	passed
ENCFF771NES	ENCFF771NES	ENCSR553NTC	ENCSR725JVK	BPNet	normalized predicted signal profile	bigWig	ChIP-seq	ZNF134	K562	cell-line	cell-line	cell-line	plus	none	passed
ENCFF312EFK	ENCFF312EFK	ENCSR464KFG	ENCSR374NAK	BPNet	normalized predicted signal profile	bigWig	ChIP-seq	ZNF140	HEK293	cell-line	cell-line	cell-line	minus	none	passed
ENCFF985ZVM	ENCFF985ZVM	ENCSR464KFG	ENCSR374NAK	BPNet	normalized predicted signal profile	bigWig	ChIP-seq	ZNF140	HEK293	cell-line	cell-line	cell-line	plus	none	passed
ENCFF077PKA	ENCFF077PKA	ENCSR512ECF	ENCSR101IBF	BPNet	normalized predicted signal profile	bigWig	ChIP-seq	ZNF142	HepG2	cell-line	cell-line	cell-line	minus	none	passed
ENCFF496TYS	ENCFF496TYS	ENCSR512ECF	ENCSR101IBF	BPNet	normalized predicted signal profile	bigWig	ChIP-seq	ZNF142	HepG2	cell-line	cell-line	cell-line	plus	none	passed
ENCFF100TEA	ENCFF100TEA	ENCSR080UEM	ENCSR622AVH	BPNet	normalized predicted signal profile	bigWig	ChIP-seq	ZNF143	HepG2	cell-line	cell-line	cell-line	minus	none	passed
ENCFF611PSD	ENCFF611PSD	ENCSR080UEM	ENCSR622AVH	BPNet	normalized predicted signal profile	bigWig	ChIP-seq	ZNF143	HepG2	cell-line	cell-line	cell-line	plus	none	passed
ENCFF443RSR	ENCFF443RSR	ENCSR427WZJ	ENCSR694XKS	BPNet	normalized predicted signal profile	bigWig	ChIP-seq	ZNF143	K562	cell-line	cell-line	cell-line	minus	none	passed
ENCFF759OTH	ENCFF759OTH	ENCSR427WZJ	ENCSR694XKS	BPNet	normalized predicted signal profile	bigWig	ChIP-seq	ZNF143	K562	cell-line	cell-line	cell-line	plus	none	passed
ENCFF789WQG	ENCFF789WQG	ENCSR063FUV	ENCSR643MAZ	BPNet	normalized predicted signal profile	bigWig	ChIP-seq	ZNF143	WTC11	cell-line	cell-line	cell-line	minus	none	passed
ENCFF159TTK	ENCFF159TTK	ENCSR063FUV	ENCSR643MAZ	BPNet	normalized predicted signal profile	bigWig	ChIP-seq	ZNF143	WTC11	cell-line	cell-line	cell-line	plus	none	passed
ENCFF083YKO	ENCFF083YKO	ENCSR689YFA	ENCSR026AKK	BPNet	normalized predicted signal profile	bigWig	ChIP-seq	ZNF146	HEK293	cell-line	cell-line	cell-line	minus	none	passed
ENCFF898UQI	ENCFF898UQI	ENCSR689YFA	ENCSR026AKK	BPNet	normalized predicted signal profile	bigWig	ChIP-seq	ZNF146	HEK293	cell-line	cell-line	cell-line	plus	none	passed
ENCFF066UCH	ENCFF066UCH	ENCSR957LTN	ENCSR960XYX	BPNet	normalized predicted signal profile	bigWig	ChIP-seq	ZNF146	HepG2	cell-line	cell-line	cell-line	minus	none	passed
ENCFF131ZQG	ENCFF131ZQG	ENCSR957LTN	ENCSR960XYX	BPNet	normalized predicted signal profile	bigWig	ChIP-seq	ZNF146	HepG2	cell-line	cell-line	cell-line	plus	none	passed
ENCFF809PMP	ENCFF809PMP	ENCSR713IFY	ENCSR132QOJ	BPNet	normalized predicted signal profile	bigWig	ChIP-seq	ZNF146	K562	cell-line	cell-line	cell-line	minus	none	passed
ENCFF711ZDV	ENCFF711ZDV	ENCSR713IFY	ENCSR132QOJ	BPNet	normalized predicted signal profile	bigWig	ChIP-seq	ZNF146	K562	cell-line	cell-line	cell-line	plus	none	passed
ENCFF136NAR	ENCFF136NAR	ENCSR018MSO	ENCSR954JSO	BPNet	normalized predicted signal profile	bigWig	ChIP-seq	ZNF148	K562	cell-line	cell-line	cell-line	minus	none	passed
ENCFF990NYJ	ENCFF990NYJ	ENCSR018MSO	ENCSR954JSO	BPNet	normalized predicted signal profile	bigWig	ChIP-seq	ZNF148	K562	cell-line	cell-line	cell-line	plus	none	passed
ENCFF621SQU	ENCFF621SQU	ENCSR564YYW	ENCSR213DSH	BPNet	normalized predicted signal profile	bigWig	ChIP-seq	ZNF157	HEK293	cell-line	cell-line	cell-line	minus	none	passed
ENCFF243VWL	ENCFF243VWL	ENCSR564YYW	ENCSR213DSH	BPNet	normalized predicted signal profile	bigWig	ChIP-seq	ZNF157	HEK293	cell-line	cell-line	cell-line	plus	none	passed
ENCFF142CHE	ENCFF142CHE	ENCSR093HXE	ENCSR101YMY	BPNet	normalized predicted signal profile	bigWig	ChIP-seq	ZNF16	HEK293	cell-line	cell-line	cell-line	minus	none	passed
ENCFF894ETC	ENCFF894ETC	ENCSR093HXE	ENCSR101YMY	BPNet	normalized predicted signal profile	bigWig	ChIP-seq	ZNF16	HEK293	cell-line	cell-line	cell-line	plus	none	passed
ENCFF377KPU	ENCFF377KPU	ENCSR011PEI	ENCSR983EKD	BPNet	normalized predicted signal profile	bigWig	ChIP-seq	ZNF175	K562	cell-line	cell-line	cell-line	minus	none	passed
ENCFF509NFN	ENCFF509NFN	ENCSR011PEI	ENCSR983EKD	BPNet	normalized predicted signal profile	bigWig	ChIP-seq	ZNF175	K562	cell-line	cell-line	cell-line	plus	none	passed
ENCFF439MLT	ENCFF439MLT	ENCSR977HTH	ENCSR114LPS	BPNet	normalized predicted signal profile	bigWig	ChIP-seq	ZNF18	HEK293	cell-line	cell-line	cell-line	minus	none	passed
ENCFF996JOP	ENCFF996JOP	ENCSR977HTH	ENCSR114LPS	BPNet	normalized predicted signal profile	bigWig	ChIP-seq	ZNF18	HEK293	cell-line	cell-line	cell-line	plus	none	passed
ENCFF388KML	ENCFF388KML	ENCSR553ZJQ	ENCSR672NTT	BPNet	normalized predicted signal profile	bigWig	ChIP-seq	ZNF18	HepG2	cell-line	cell-line	cell-line	minus	none	passed
ENCFF205QFN	ENCFF205QFN	ENCSR553ZJQ	ENCSR672NTT	BPNet	normalized predicted signal profile	bigWig	ChIP-seq	ZNF18	HepG2	cell-line	cell-line	cell-line	plus	none	passed
ENCFF502TWM	ENCFF502TWM	ENCSR020UPN	ENCSR263RCM	BPNet	normalized predicted signal profile	bigWig	ChIP-seq	ZNF184	HEK293	cell-line	cell-line	cell-line	minus	none	passed
ENCFF068LJW	ENCFF068LJW	ENCSR020UPN	ENCSR263RCM	BPNet	normalized predicted signal profile	bigWig	ChIP-seq	ZNF184	HEK293	cell-line	cell-line	cell-line	plus	none	passed
ENCFF530OGT	ENCFF530OGT	ENCSR546IHU	ENCSR869HTL	BPNet	normalized predicted signal profile	bigWig	ChIP-seq	ZNF184	K562	cell-line	cell-line	cell-line	minus	none	passed
ENCFF533XNH	ENCFF533XNH	ENCSR526HRN	ENCSR322UJZ	BPNet	normalized predicted signal profile	bigWig	ChIP-seq	ZNF184	K562	cell-line	cell-line	cell-line	minus	none	passed
ENCFF811XWZ	ENCFF811XWZ	ENCSR621ATC	ENCSR229FNP	BPNet	normalized predicted signal profile	bigWig	ChIP-seq	ZNF184	K562	cell-line	cell-line	cell-line	minus	none	passed
ENCFF408GVV	ENCFF408GVV	ENCSR621ATC	ENCSR229FNP	BPNet	normalized predicted signal profile	bigWig	ChIP-seq	ZNF184	K562	cell-line	cell-line	cell-line	plus	none	passed
ENCFF951BYF	ENCFF951BYF	ENCSR546IHU	ENCSR869HTL	BPNet	normalized predicted signal profile	bigWig	ChIP-seq	ZNF184	K562	cell-line	cell-line	cell-line	plus	none	passed
ENCFF956URY	ENCFF956URY	ENCSR526HRN	ENCSR322UJZ	BPNet	normalized predicted signal profile	bigWig	ChIP-seq	ZNF184	K562	cell-line	cell-line	cell-line	plus	none	passed
ENCFF031UXO	ENCFF031UXO	ENCSR640STN	ENCSR901OTZ	BPNet	normalized predicted signal profile	bigWig	ChIP-seq	ZNF184	WTC11	cell-line	cell-line	cell-line	minus	none	passed
ENCFF314KXI	ENCFF314KXI	ENCSR640STN	ENCSR901OTZ	BPNet	normalized predicted signal profile	bigWig	ChIP-seq	ZNF184	WTC11	cell-line	cell-line	cell-line	plus	none	passed
ENCFF189GPM	ENCFF189GPM	ENCSR163RYW	ENCSR177YND	BPNet	normalized predicted signal profile	bigWig	ChIP-seq	ZNF189	HEK293	cell-line	cell-line	cell-line	minus	none	passed
ENCFF653MZQ	ENCFF653MZQ	ENCSR163RYW	ENCSR177YND	BPNet	normalized predicted signal profile	bigWig	ChIP-seq	ZNF189	HEK293	cell-line	cell-line	cell-line	plus	none	passed
ENCFF277LKX	ENCFF277LKX	ENCSR720PDY	ENCSR794XBB	BPNet	normalized predicted signal profile	bigWig	ChIP-seq	ZNF20	HepG2	cell-line	cell-line	cell-line	minus	none	passed
ENCFF729UNF	ENCFF729UNF	ENCSR720PDY	ENCSR794XBB	BPNet	normalized predicted signal profile	bigWig	ChIP-seq	ZNF20	HepG2	cell-line	cell-line	cell-line	plus	none	passed
ENCFF695PSR	ENCFF695PSR	ENCSR157CEN	ENCSR574PLQ	BPNet	normalized predicted signal profile	bigWig	ChIP-seq	ZNF205	HepG2	cell-line	cell-line	cell-line	minus	none	passed
ENCFF172LRI	ENCFF172LRI	ENCSR157CEN	ENCSR574PLQ	BPNet	normalized predicted signal profile	bigWig	ChIP-seq	ZNF205	HepG2	cell-line	cell-line	cell-line	plus	none	passed
ENCFF023KFV	ENCFF023KFV	ENCSR365DQH	ENCSR520DWU	BPNet	normalized predicted signal profile	bigWig	ChIP-seq	ZNF211	HEK293	cell-line	cell-line	cell-line	minus	none	passed
ENCFF838UHB	ENCFF838UHB	ENCSR365DQH	ENCSR520DWU	BPNet	normalized predicted signal profile	bigWig	ChIP-seq	ZNF211	HEK293	cell-line	cell-line	cell-line	plus	none	passed
ENCFF489RPC	ENCFF489RPC	ENCSR993DED	ENCSR054SSY	BPNet	normalized predicted signal profile	bigWig	ChIP-seq	ZNF214	HEK293	cell-line	cell-line	cell-line	minus	none	passed
ENCFF677WTI	ENCFF677WTI	ENCSR993DED	ENCSR054SSY	BPNet	normalized predicted signal profile	bigWig	ChIP-seq	ZNF214	HEK293	cell-line	cell-line	cell-line	plus	none	passed
ENCFF411NKK	ENCFF411NKK	ENCSR906PCS	ENCSR464VPP	BPNet	normalized predicted signal profile	bigWig	ChIP-seq	ZNF223	HEK293	cell-line	cell-line	cell-line	minus	none	passed
ENCFF447JZQ	ENCFF447JZQ	ENCSR906PCS	ENCSR464VPP	BPNet	normalized predicted signal profile	bigWig	ChIP-seq	ZNF223	HEK293	cell-line	cell-line	cell-line	plus	none	passed
ENCFF901FTS	ENCFF901FTS	ENCSR679KXF	ENCSR340HRP	BPNet	normalized predicted signal profile	bigWig	ChIP-seq	ZNF23	HEK293	cell-line	cell-line	cell-line	minus	none	passed
ENCFF718ZQF	ENCFF718ZQF	ENCSR679KXF	ENCSR340HRP	BPNet	normalized predicted signal profile	bigWig	ChIP-seq	ZNF23	HEK293	cell-line	cell-line	cell-line	plus	none	passed
ENCFF200MOL	ENCFF200MOL	ENCSR837GLU	ENCSR348QIE	BPNet	normalized predicted signal profile	bigWig	ChIP-seq	ZNF232	HepG2	cell-line	cell-line	cell-line	minus	none	passed
ENCFF764XKQ	ENCFF764XKQ	ENCSR837GLU	ENCSR348QIE	BPNet	normalized predicted signal profile	bigWig	ChIP-seq	ZNF232	HepG2	cell-line	cell-line	cell-line	plus	none	passed
ENCFF578KDR	ENCFF578KDR	ENCSR360ECJ	ENCSR185CCX	BPNet	normalized predicted signal profile	bigWig	ChIP-seq	ZNF232	K562	cell-line	cell-line	cell-line	minus	none	passed
ENCFF661PXE	ENCFF661PXE	ENCSR360ECJ	ENCSR185CCX	BPNet	normalized predicted signal profile	bigWig	ChIP-seq	ZNF232	K562	cell-line	cell-line	cell-line	plus	none	passed
ENCFF976UCP	ENCFF976UCP	ENCSR440COG	ENCSR233CVW	BPNet	normalized predicted signal profile	bigWig	ChIP-seq	ZNF239	HEK293	cell-line	cell-line	cell-line	minus	none	passed
ENCFF196IVY	ENCFF196IVY	ENCSR440COG	ENCSR233CVW	BPNet	normalized predicted signal profile	bigWig	ChIP-seq	ZNF239	HEK293	cell-line	cell-line	cell-line	plus	none	passed
ENCFF799KSF	ENCFF799KSF	ENCSR606KTL	ENCSR955PBS	BPNet	normalized predicted signal profile	bigWig	ChIP-seq	ZNF239	K562	cell-line	cell-line	cell-line	minus	none	passed
ENCFF123WJT	ENCFF123WJT	ENCSR606KTL	ENCSR955PBS	BPNet	normalized predicted signal profile	bigWig	ChIP-seq	ZNF239	K562	cell-line	cell-line	cell-line	plus	none	passed
ENCFF351NFT	ENCFF351NFT	ENCSR072PWP	ENCSR696HRR	BPNet	normalized predicted signal profile	bigWig	ChIP-seq	ZNF24	GM12878	cell-line	cell-line	cell-line	minus	none	passed
ENCFF456OED	ENCFF456OED	ENCSR072PWP	ENCSR696HRR	BPNet	normalized predicted signal profile	bigWig	ChIP-seq	ZNF24	GM12878	cell-line	cell-line	cell-line	plus	none	passed
ENCFF878KCU	ENCFF878KCU	ENCSR984MDV	ENCSR012PCW	BPNet	normalized predicted signal profile	bigWig	ChIP-seq	ZNF24	HEK293	cell-line	cell-line	cell-line	minus	none	passed
ENCFF458DJJ	ENCFF458DJJ	ENCSR984MDV	ENCSR012PCW	BPNet	normalized predicted signal profile	bigWig	ChIP-seq	ZNF24	HEK293	cell-line	cell-line	cell-line	plus	none	passed
ENCFF253QAR	ENCFF253QAR	ENCSR362NWP	ENCSR179TNV	BPNet	normalized predicted signal profile	bigWig	ChIP-seq	ZNF24	HepG2	cell-line	cell-line	cell-line	minus	none	passed
ENCFF564FXO	ENCFF564FXO	ENCSR791AGT	ENCSR109TRH	BPNet	normalized predicted signal profile	bigWig	ChIP-seq	ZNF24	HepG2	cell-line	cell-line	cell-line	minus	none	passed
ENCFF203GIE	ENCFF203GIE	ENCSR791AGT	ENCSR109TRH	BPNet	normalized predicted signal profile	bigWig	ChIP-seq	ZNF24	HepG2	cell-line	cell-line	cell-line	plus	none	passed
ENCFF386OBF	ENCFF386OBF	ENCSR362NWP	ENCSR179TNV	BPNet	normalized predicted signal profile	bigWig	ChIP-seq	ZNF24	HepG2	cell-line	cell-line	cell-line	plus	none	passed
ENCFF219ITU	ENCFF219ITU	ENCSR117WTM	ENCSR536QWE	BPNet	normalized predicted signal profile	bigWig	ChIP-seq	ZNF24	K562	cell-line	cell-line	cell-line	minus	none	passed
ENCFF279HRB	ENCFF279HRB	ENCSR099NCH	ENCSR622JDV	BPNet	normalized predicted signal profile	bigWig	ChIP-seq	ZNF24	K562	cell-line	cell-line	cell-line	minus	none	passed
ENCFF616FTI	ENCFF616FTI	ENCSR385AHH	ENCSR803RKQ	BPNet	normalized predicted signal profile	bigWig	ChIP-seq	ZNF24	K562	cell-line	cell-line	cell-line	minus	none	passed
ENCFF639OOL	ENCFF639OOL	ENCSR695EQB	ENCSR606DQT	BPNet	normalized predicted signal profile	bigWig	ChIP-seq	ZNF24	K562	cell-line	cell-line	cell-line	minus	none	passed
ENCFF636WUA	ENCFF636WUA	ENCSR117WTM	ENCSR536QWE	BPNet	normalized predicted signal profile	bigWig	ChIP-seq	ZNF24	K562	cell-line	cell-line	cell-line	plus	none	passed
ENCFF835QCH	ENCFF835QCH	ENCSR695EQB	ENCSR606DQT	BPNet	normalized predicted signal profile	bigWig	ChIP-seq	ZNF24	K562	cell-line	cell-line	cell-line	plus	none	passed
ENCFF946JTR	ENCFF946JTR	ENCSR099NCH	ENCSR622JDV	BPNet	normalized predicted signal profile	bigWig	ChIP-seq	ZNF24	K562	cell-line	cell-line	cell-line	plus	none	passed
ENCFF983NDQ	ENCFF983NDQ	ENCSR385AHH	ENCSR803RKQ	BPNet	normalized predicted signal profile	bigWig	ChIP-seq	ZNF24	K562	cell-line	cell-line	cell-line	plus	none	passed
ENCFF307MHO	ENCFF307MHO	ENCSR503VTG	ENCSR910FKH	BPNet	normalized predicted signal profile	bigWig	ChIP-seq	ZNF24	MCF-7	cell-line	cell-line	cell-line	minus	none	passed
ENCFF633KKT	ENCFF633KKT	ENCSR503VTG	ENCSR910FKH	BPNet	normalized predicted signal profile	bigWig	ChIP-seq	ZNF24	MCF-7	cell-line	cell-line	cell-line	plus	none	passed
ENCFF476UFZ	ENCFF476UFZ	ENCSR338SEM	ENCSR594BQE	BPNet	normalized predicted signal profile	bigWig	ChIP-seq	ZNF248	HEK293	cell-line	cell-line	cell-line	minus	none	passed
ENCFF679LJS	ENCFF679LJS	ENCSR338SEM	ENCSR594BQE	BPNet	normalized predicted signal profile	bigWig	ChIP-seq	ZNF248	HEK293	cell-line	cell-line	cell-line	plus	none	passed
ENCFF778GVH	ENCFF778GVH	ENCSR028EGI	ENCSR065HJU	BPNet	normalized predicted signal profile	bigWig	ChIP-seq	ZNF26	HEK293	cell-line	cell-line	cell-line	minus	none	passed
ENCFF506UBD	ENCFF506UBD	ENCSR028EGI	ENCSR065HJU	BPNet	normalized predicted signal profile	bigWig	ChIP-seq	ZNF26	HEK293	cell-line	cell-line	cell-line	plus	none	passed
ENCFF981NLN	ENCFF981NLN	ENCSR000EVD	ENCSR143IUV	BPNet	normalized predicted signal profile	bigWig	ChIP-seq	ZNF263	HEK293	cell-line	cell-line	cell-line	minus	none	passed
ENCFF981EOS	ENCFF981EOS	ENCSR000EVD	ENCSR143IUV	BPNet	normalized predicted signal profile	bigWig	ChIP-seq	ZNF263	HEK293	cell-line	cell-line	cell-line	plus	none	passed
ENCFF610VHV	ENCFF610VHV	ENCSR313MMD	ENCSR197RBG	BPNet	normalized predicted signal profile	bigWig	ChIP-seq	ZNF263	HepG2	cell-line	cell-line	cell-line	minus	none	passed
ENCFF554NRN	ENCFF554NRN	ENCSR313MMD	ENCSR197RBG	BPNet	normalized predicted signal profile	bigWig	ChIP-seq	ZNF263	HepG2	cell-line	cell-line	cell-line	plus	none	passed
ENCFF124ZKQ	ENCFF124ZKQ	ENCSR845GGY	ENCSR749YHO	BPNet	normalized predicted signal profile	bigWig	ChIP-seq	ZNF263	K562	cell-line	cell-line	cell-line	minus	none	passed
ENCFF833CAK	ENCFF833CAK	ENCSR000EWN	ENCSR229HUB	BPNet	normalized predicted signal profile	bigWig	ChIP-seq	ZNF263	K562	cell-line	cell-line	cell-line	minus	none	passed
ENCFF036XLT	ENCFF036XLT	ENCSR000EWN	ENCSR229HUB	BPNet	normalized predicted signal profile	bigWig	ChIP-seq	ZNF263	K562	cell-line	cell-line	cell-line	plus	none	passed
ENCFF867PLN	ENCFF867PLN	ENCSR845GGY	ENCSR749YHO	BPNet	normalized predicted signal profile	bigWig	ChIP-seq	ZNF263	K562	cell-line	cell-line	cell-line	plus	none	passed
ENCFF079OQX	ENCFF079OQX	ENCSR156JWW	ENCSR162AVH	BPNet	normalized predicted signal profile	bigWig	ChIP-seq	ZNF263	WTC11	cell-line	cell-line	cell-line	minus	none	passed
ENCFF768IFR	ENCFF768IFR	ENCSR156JWW	ENCSR162AVH	BPNet	normalized predicted signal profile	bigWig	ChIP-seq	ZNF263	WTC11	cell-line	cell-line	cell-line	plus	none	passed
ENCFF485KBW	ENCFF485KBW	ENCSR248BVU	ENCSR020DMV	BPNet	normalized predicted signal profile	bigWig	ChIP-seq	ZNF264	HepG2	cell-line	cell-line	cell-line	minus	none	passed
ENCFF872RHR	ENCFF872RHR	ENCSR248BVU	ENCSR020DMV	BPNet	normalized predicted signal profile	bigWig	ChIP-seq	ZNF264	HepG2	cell-line	cell-line	cell-line	plus	none	passed
ENCFF878PCB	ENCFF878PCB	ENCSR466VYP	ENCSR521XAG	BPNet	normalized predicted signal profile	bigWig	ChIP-seq	ZNF266	HEK293	cell-line	cell-line	cell-line	minus	none	passed
ENCFF492WGI	ENCFF492WGI	ENCSR466VYP	ENCSR521XAG	BPNet	normalized predicted signal profile	bigWig	ChIP-seq	ZNF266	HEK293	cell-line	cell-line	cell-line	plus	none	passed
ENCFF497CSA	ENCFF497CSA	ENCSR000EUI	ENCSR982WSU	BPNet	normalized predicted signal profile	bigWig	ChIP-seq	ZNF274	GM08714	cell-line	cell-line	cell-line	minus	none	passed
ENCFF308BKX	ENCFF308BKX	ENCSR000EUI	ENCSR982WSU	BPNet	normalized predicted signal profile	bigWig	ChIP-seq	ZNF274	GM08714	cell-line	cell-line	cell-line	plus	none	passed
ENCFF936JPH	ENCFF936JPH	ENCSR000EUN	ENCSR912JCS	BPNet	normalized predicted signal profile	bigWig	ChIP-seq	ZNF274	H1	cell-line	cell-line	cell-line	minus	none	passed
ENCFF688ZHB	ENCFF688ZHB	ENCSR000EUN	ENCSR912JCS	BPNet	normalized predicted signal profile	bigWig	ChIP-seq	ZNF274	H1	cell-line	cell-line	cell-line	plus	none	passed
ENCFF462BFK	ENCFF462BFK	ENCSR101FJM	ENCSR079PXR	BPNet	normalized predicted signal profile	bigWig	ChIP-seq	ZNF274	HCT116	cell-line	cell-line	cell-line	minus	none	passed
ENCFF531EKT	ENCFF531EKT	ENCSR101FJM	ENCSR079PXR	BPNet	normalized predicted signal profile	bigWig	ChIP-seq	ZNF274	HCT116	cell-line	cell-line	cell-line	plus	none	passed
ENCFF540QWW	ENCFF540QWW	ENCSR178QVJ	ENCSR804PIO	BPNet	normalized predicted signal profile	bigWig	ChIP-seq	ZNF274	HEK293	cell-line	cell-line	cell-line	minus	none	passed
ENCFF799BBN	ENCFF799BBN	ENCSR178QVJ	ENCSR804PIO	BPNet	normalized predicted signal profile	bigWig	ChIP-seq	ZNF274	HEK293	cell-line	cell-line	cell-line	plus	none	passed
ENCFF376RAM	ENCFF376RAM	ENCSR000EVX	ENCSR253FIG	BPNet	normalized predicted signal profile	bigWig	ChIP-seq	ZNF274	K562	cell-line	cell-line	cell-line	minus	none	passed
ENCFF373TCS	ENCFF373TCS	ENCSR000EVX	ENCSR253FIG	BPNet	normalized predicted signal profile	bigWig	ChIP-seq	ZNF274	K562	cell-line	cell-line	cell-line	plus	none	passed
ENCFF010BYT	ENCFF010BYT	ENCSR000EWY	ENCSR821NQF	BPNet	normalized predicted signal profile	bigWig	ChIP-seq	ZNF274	NT2/D1	cell-line	cell-line	cell-line	minus	none	passed
ENCFF613VJE	ENCFF613VJE	ENCSR000EWY	ENCSR821NQF	BPNet	normalized predicted signal profile	bigWig	ChIP-seq	ZNF274	NT2/D1	cell-line	cell-line	cell-line	plus	none	passed
ENCFF016MWT	ENCFF016MWT	ENCSR403MJY	ENCSR712WOB	BPNet	normalized predicted signal profile	bigWig	ChIP-seq	ZNF281	HepG2	cell-line	cell-line	cell-line	minus	none	passed
ENCFF929DSI	ENCFF929DSI	ENCSR403MJY	ENCSR712WOB	BPNet	normalized predicted signal profile	bigWig	ChIP-seq	ZNF281	HepG2	cell-line	cell-line	cell-line	plus	none	passed
ENCFF388UPT	ENCFF388UPT	ENCSR214EKV	ENCSR537AXI	BPNet	normalized predicted signal profile	bigWig	ChIP-seq	ZNF281	K562	cell-line	cell-line	cell-line	minus	none	passed
ENCFF463GTZ	ENCFF463GTZ	ENCSR214EKV	ENCSR537AXI	BPNet	normalized predicted signal profile	bigWig	ChIP-seq	ZNF281	K562	cell-line	cell-line	cell-line	plus	none	passed
ENCFF718VKQ	ENCFF718VKQ	ENCSR032DGZ	ENCSR699TVO	BPNet	normalized predicted signal profile	bigWig	ChIP-seq	ZNF281	WTC11	cell-line	cell-line	cell-line	minus	none	passed
ENCFF176FGN	ENCFF176FGN	ENCSR032DGZ	ENCSR699TVO	BPNet	normalized predicted signal profile	bigWig	ChIP-seq	ZNF281	WTC11	cell-line	cell-line	cell-line	plus	none	passed
ENCFF812JRM	ENCFF812JRM	ENCSR742TMU	ENCSR610PAH	BPNet	normalized predicted signal profile	bigWig	ChIP-seq	ZNF282	K562	cell-line	cell-line	cell-line	minus	none	passed
ENCFF864CEQ	ENCFF864CEQ	ENCSR742TMU	ENCSR610PAH	BPNet	normalized predicted signal profile	bigWig	ChIP-seq	ZNF282	K562	cell-line	cell-line	cell-line	plus	none	passed
ENCFF710NQM	ENCFF710NQM	ENCSR853BYT	ENCSR582TRX	BPNet	normalized predicted signal profile	bigWig	ChIP-seq	ZNF292	HepG2	cell-line	cell-line	cell-line	minus	none	passed
ENCFF969LCY	ENCFF969LCY	ENCSR853BYT	ENCSR582TRX	BPNet	normalized predicted signal profile	bigWig	ChIP-seq	ZNF292	HepG2	cell-line	cell-line	cell-line	plus	none	passed
ENCFF641RSZ	ENCFF641RSZ	ENCSR862LJQ	ENCSR406XKS	BPNet	normalized predicted signal profile	bigWig	ChIP-seq	ZNF296	HepG2	cell-line	cell-line	cell-line	minus	none	passed
ENCFF704PES	ENCFF704PES	ENCSR862LJQ	ENCSR406XKS	BPNet	normalized predicted signal profile	bigWig	ChIP-seq	ZNF296	HepG2	cell-line	cell-line	cell-line	plus	none	passed
ENCFF086JJS	ENCFF086JJS	ENCSR934RJP	ENCSR155QUT	BPNet	normalized predicted signal profile	bigWig	ChIP-seq	ZNF3	K562	cell-line	cell-line	cell-line	minus	none	passed
ENCFF383MRB	ENCFF383MRB	ENCSR195QFV	ENCSR943BMU	BPNet	normalized predicted signal profile	bigWig	ChIP-seq	ZNF3	K562	cell-line	cell-line	cell-line	minus	none	passed
ENCFF104RQB	ENCFF104RQB	ENCSR934RJP	ENCSR155QUT	BPNet	normalized predicted signal profile	bigWig	ChIP-seq	ZNF3	K562	cell-line	cell-line	cell-line	plus	none	passed
ENCFF140TYG	ENCFF140TYG	ENCSR195QFV	ENCSR943BMU	BPNet	normalized predicted signal profile	bigWig	ChIP-seq	ZNF3	K562	cell-line	cell-line	cell-line	plus	none	passed
ENCFF564FUU	ENCFF564FUU	ENCSR513MGG	ENCSR967FUB	BPNet	normalized predicted signal profile	bigWig	ChIP-seq	ZNF302	HEK293	cell-line	cell-line	cell-line	minus	none	passed
ENCFF406SLA	ENCFF406SLA	ENCSR513MGG	ENCSR967FUB	BPNet	normalized predicted signal profile	bigWig	ChIP-seq	ZNF302	HEK293	cell-line	cell-line	cell-line	plus	none	passed
ENCFF373WJW	ENCFF373WJW	ENCSR200JYP	ENCSR182LDE	BPNet	normalized predicted signal profile	bigWig	ChIP-seq	ZNF316	K562	cell-line	cell-line	cell-line	minus	none	passed
ENCFF985MPD	ENCFF985MPD	ENCSR167KBO	ENCSR989MRU	BPNet	normalized predicted signal profile	bigWig	ChIP-seq	ZNF316	K562	cell-line	cell-line	cell-line	minus	none	passed
ENCFF359ZQO	ENCFF359ZQO	ENCSR167KBO	ENCSR989MRU	BPNet	normalized predicted signal profile	bigWig	ChIP-seq	ZNF316	K562	cell-line	cell-line	cell-line	plus	none	passed
ENCFF776VKE	ENCFF776VKE	ENCSR200JYP	ENCSR182LDE	BPNet	normalized predicted signal profile	bigWig	ChIP-seq	ZNF316	K562	cell-line	cell-line	cell-line	plus	none	passed
ENCFF253MVG	ENCFF253MVG	ENCSR016OHL	ENCSR164VUV	BPNet	normalized predicted signal profile	bigWig	ChIP-seq	ZNF317	HepG2	cell-line	cell-line	cell-line	minus	none	passed
ENCFF024PKD	ENCFF024PKD	ENCSR016OHL	ENCSR164VUV	BPNet	normalized predicted signal profile	bigWig	ChIP-seq	ZNF317	HepG2	cell-line	cell-line	cell-line	plus	none	passed
ENCFF522ZZM	ENCFF522ZZM	ENCSR976MXN	ENCSR390SED	BPNet	normalized predicted signal profile	bigWig	ChIP-seq	ZNF317	K562	cell-line	cell-line	cell-line	minus	none	passed
ENCFF365RGV	ENCFF365RGV	ENCSR976MXN	ENCSR390SED	BPNet	normalized predicted signal profile	bigWig	ChIP-seq	ZNF317	K562	cell-line	cell-line	cell-line	plus	none	passed
ENCFF372UII	ENCFF372UII	ENCSR795KRU	ENCSR329FHN	BPNet	normalized predicted signal profile	bigWig	ChIP-seq	ZNF317	WTC11	cell-line	cell-line	cell-line	minus	none	passed
ENCFF872NPY	ENCFF872NPY	ENCSR795KRU	ENCSR329FHN	BPNet	normalized predicted signal profile	bigWig	ChIP-seq	ZNF317	WTC11	cell-line	cell-line	cell-line	plus	none	passed
ENCFF387HYS	ENCFF387HYS	ENCSR712KVZ	ENCSR861IYW	BPNet	normalized predicted signal profile	bigWig	ChIP-seq	ZNF324	K562	cell-line	cell-line	cell-line	minus	none	passed
ENCFF570MEI	ENCFF570MEI	ENCSR712KVZ	ENCSR861IYW	BPNet	normalized predicted signal profile	bigWig	ChIP-seq	ZNF324	K562	cell-line	cell-line	cell-line	plus	none	passed
ENCFF501ZKA	ENCFF501ZKA	ENCSR681KXT	ENCSR113XXA	BPNet	normalized predicted signal profile	bigWig	ChIP-seq	ZNF329	HepG2	cell-line	cell-line	cell-line	minus	none	passed
ENCFF251DRP	ENCFF251DRP	ENCSR681KXT	ENCSR113XXA	BPNet	normalized predicted signal profile	bigWig	ChIP-seq	ZNF329	HepG2	cell-line	cell-line	cell-line	plus	none	passed
ENCFF129SSZ	ENCFF129SSZ	ENCSR918LRB	ENCSR494MGN	BPNet	normalized predicted signal profile	bigWig	ChIP-seq	ZNF331	GM23338	cell-line	cell-line	cell-line	minus	none	passed
ENCFF156RXW	ENCFF156RXW	ENCSR918LRB	ENCSR494MGN	BPNet	normalized predicted signal profile	bigWig	ChIP-seq	ZNF331	GM23338	cell-line	cell-line	cell-line	plus	none	passed
ENCFF607GUE	ENCFF607GUE	ENCSR369TCR	ENCSR536CRO	BPNet	normalized predicted signal profile	bigWig	ChIP-seq	ZNF331	HepG2	cell-line	cell-line	cell-line	minus	none	passed
ENCFF261LBW	ENCFF261LBW	ENCSR369TCR	ENCSR536CRO	BPNet	normalized predicted signal profile	bigWig	ChIP-seq	ZNF331	HepG2	cell-line	cell-line	cell-line	plus	none	passed
ENCFF076USO	ENCFF076USO	ENCSR185FOY	ENCSR866NFF	BPNet	normalized predicted signal profile	bigWig	ChIP-seq	ZNF341	HEK293	cell-line	cell-line	cell-line	minus	none	passed
ENCFF116TSB	ENCFF116TSB	ENCSR185FOY	ENCSR866NFF	BPNet	normalized predicted signal profile	bigWig	ChIP-seq	ZNF341	HEK293	cell-line	cell-line	cell-line	plus	none	passed
ENCFF238ATV	ENCFF238ATV	ENCSR842SRB	ENCSR424FUY	BPNet	normalized predicted signal profile	bigWig	ChIP-seq	ZNF350	HepG2	cell-line	cell-line	cell-line	minus	none	passed
ENCFF546GNH	ENCFF546GNH	ENCSR842SRB	ENCSR424FUY	BPNet	normalized predicted signal profile	bigWig	ChIP-seq	ZNF350	HepG2	cell-line	cell-line	cell-line	plus	none	passed
ENCFF310FRR	ENCFF310FRR	ENCSR715QNO	ENCSR361HXQ	BPNet	normalized predicted signal profile	bigWig	ChIP-seq	ZNF362	HEK293	cell-line	cell-line	cell-line	minus	none	passed
ENCFF478SDR	ENCFF478SDR	ENCSR715QNO	ENCSR361HXQ	BPNet	normalized predicted signal profile	bigWig	ChIP-seq	ZNF362	HEK293	cell-line	cell-line	cell-line	plus	none	passed
ENCFF053EUQ	ENCFF053EUQ	ENCSR032LZZ	ENCSR837NIM	BPNet	normalized predicted signal profile	bigWig	ChIP-seq	ZNF362	HepG2	cell-line	cell-line	cell-line	minus	none	passed
ENCFF949JHW	ENCFF949JHW	ENCSR032LZZ	ENCSR837NIM	BPNet	normalized predicted signal profile	bigWig	ChIP-seq	ZNF362	HepG2	cell-line	cell-line	cell-line	plus	none	passed
ENCFF408XAD	ENCFF408XAD	ENCSR048WVW	ENCSR388YVJ	BPNet	normalized predicted signal profile	bigWig	ChIP-seq	ZNF367	HepG2	cell-line	cell-line	cell-line	minus	none	passed
ENCFF370DHK	ENCFF370DHK	ENCSR048WVW	ENCSR388YVJ	BPNet	normalized predicted signal profile	bigWig	ChIP-seq	ZNF367	HepG2	cell-line	cell-line	cell-line	plus	none	passed
ENCFF915NZE	ENCFF915NZE	ENCSR371LLY	ENCSR668MDE	BPNet	normalized predicted signal profile	bigWig	ChIP-seq	ZNF37A	HEK293	cell-line	cell-line	cell-line	minus	none	passed
ENCFF717UUU	ENCFF717UUU	ENCSR371LLY	ENCSR668MDE	BPNet	normalized predicted signal profile	bigWig	ChIP-seq	ZNF37A	HEK293	cell-line	cell-line	cell-line	plus	none	passed
ENCFF879FHY	ENCFF879FHY	ENCSR000DYP	ENCSR607ZHJ	BPNet	normalized predicted signal profile	bigWig	ChIP-seq	ZNF384	GM12878	cell-line	cell-line	cell-line	minus	none	passed
ENCFF568YPQ	ENCFF568YPQ	ENCSR000DYP	ENCSR607ZHJ	BPNet	normalized predicted signal profile	bigWig	ChIP-seq	ZNF384	GM12878	cell-line	cell-line	cell-line	plus	none	passed
ENCFF418TQN	ENCFF418TQN	ENCSR882ICT	ENCSR589ELT	BPNet	normalized predicted signal profile	bigWig	ChIP-seq	ZNF384	HEK293T	cell-line	cell-line	cell-line	minus	none	passed
ENCFF107AAF	ENCFF107AAF	ENCSR882ICT	ENCSR589ELT	BPNet	normalized predicted signal profile	bigWig	ChIP-seq	ZNF384	HEK293T	cell-line	cell-line	cell-line	plus	none	passed
ENCFF780IPF	ENCFF780IPF	ENCSR101FJU	ENCSR186EZI	BPNet	normalized predicted signal profile	bigWig	ChIP-seq	ZNF384	HepG2	cell-line	cell-line	cell-line	minus	none	passed
ENCFF679ECP	ENCFF679ECP	ENCSR101FJU	ENCSR186EZI	BPNet	normalized predicted signal profile	bigWig	ChIP-seq	ZNF384	HepG2	cell-line	cell-line	cell-line	plus	none	passed
ENCFF518CPR	ENCFF518CPR	ENCSR000EFP	ENCSR860AZD	BPNet	normalized predicted signal profile	bigWig	ChIP-seq	ZNF384	K562	cell-line	cell-line	cell-line	minus	none	passed
ENCFF196YMP	ENCFF196YMP	ENCSR000EFP	ENCSR860AZD	BPNet	normalized predicted signal profile	bigWig	ChIP-seq	ZNF384	K562	cell-line	cell-line	cell-line	plus	none	passed
ENCFF949UDI	ENCFF949UDI	ENCSR125DNC	ENCSR523EEX	BPNet	normalized predicted signal profile	bigWig	ChIP-seq	ZNF394	HEK293	cell-line	cell-line	cell-line	minus	none	passed
ENCFF564AEY	ENCFF564AEY	ENCSR125DNC	ENCSR523EEX	BPNet	normalized predicted signal profile	bigWig	ChIP-seq	ZNF394	HEK293	cell-line	cell-line	cell-line	plus	none	passed
ENCFF851GTN	ENCFF851GTN	ENCSR462QZZ	ENCSR605ZPT	BPNet	normalized predicted signal profile	bigWig	ChIP-seq	ZNF395	K562	cell-line	cell-line	cell-line	minus	none	passed
ENCFF923NBS	ENCFF923NBS	ENCSR462QZZ	ENCSR605ZPT	BPNet	normalized predicted signal profile	bigWig	ChIP-seq	ZNF395	K562	cell-line	cell-line	cell-line	plus	none	passed
ENCFF350JXP	ENCFF350JXP	ENCSR439OCL	ENCSR455WPF	BPNet	normalized predicted signal profile	bigWig	ChIP-seq	ZNF407	K562	cell-line	cell-line	cell-line	minus	none	passed
ENCFF979DUZ	ENCFF979DUZ	ENCSR011NOZ	ENCSR723BLF	BPNet	normalized predicted signal profile	bigWig	ChIP-seq	ZNF407	K562	cell-line	cell-line	cell-line	minus	none	passed
ENCFF338AQQ	ENCFF338AQQ	ENCSR011NOZ	ENCSR723BLF	BPNet	normalized predicted signal profile	bigWig	ChIP-seq	ZNF407	K562	cell-line	cell-line	cell-line	plus	none	passed
ENCFF530ACO	ENCFF530ACO	ENCSR439OCL	ENCSR455WPF	BPNet	normalized predicted signal profile	bigWig	ChIP-seq	ZNF407	K562	cell-line	cell-line	cell-line	plus	none	passed
ENCFF594JJJ	ENCFF594JJJ	ENCSR235PYI	ENCSR666XEJ	BPNet	normalized predicted signal profile	bigWig	ChIP-seq	ZNF41	K562	cell-line	cell-line	cell-line	minus	none	passed
ENCFF962CCM	ENCFF962CCM	ENCSR235PYI	ENCSR666XEJ	BPNet	normalized predicted signal profile	bigWig	ChIP-seq	ZNF41	K562	cell-line	cell-line	cell-line	plus	none	passed
ENCFF354QEY	ENCFF354QEY	ENCSR477OJI	ENCSR286FWU	BPNet	normalized predicted signal profile	bigWig	ChIP-seq	ZNF423	HEK293	cell-line	cell-line	cell-line	minus	none	passed
ENCFF218LJT	ENCFF218LJT	ENCSR477OJI	ENCSR286FWU	BPNet	normalized predicted signal profile	bigWig	ChIP-seq	ZNF423	HEK293	cell-line	cell-line	cell-line	plus	none	passed
ENCFF425VAL	ENCFF425VAL	ENCSR413CVQ	ENCSR148KSW	BPNet	normalized predicted signal profile	bigWig	ChIP-seq	ZNF423	WTC11	cell-line	cell-line	cell-line	minus	none	passed
ENCFF579CUN	ENCFF579CUN	ENCSR413CVQ	ENCSR148KSW	BPNet	normalized predicted signal profile	bigWig	ChIP-seq	ZNF423	WTC11	cell-line	cell-line	cell-line	plus	none	passed
ENCFF472QOT	ENCFF472QOT	ENCSR618END	ENCSR278QPL	BPNet	normalized predicted signal profile	bigWig	ChIP-seq	ZNF430	HepG2	cell-line	cell-line	cell-line	minus	none	passed
ENCFF089CJM	ENCFF089CJM	ENCSR618END	ENCSR278QPL	BPNet	normalized predicted signal profile	bigWig	ChIP-seq	ZNF430	HepG2	cell-line	cell-line	cell-line	plus	none	passed
ENCFF686RLU	ENCFF686RLU	ENCSR914HPP	ENCSR611LDB	BPNet	normalized predicted signal profile	bigWig	ChIP-seq	ZNF44	HepG2	cell-line	cell-line	cell-line	minus	none	passed
ENCFF241QPG	ENCFF241QPG	ENCSR914HPP	ENCSR611LDB	BPNet	normalized predicted signal profile	bigWig	ChIP-seq	ZNF44	HepG2	cell-line	cell-line	cell-line	plus	none	passed
ENCFF239YOB	ENCFF239YOB	ENCSR673GDQ	ENCSR071CNE	BPNet	normalized predicted signal profile	bigWig	ChIP-seq	ZNF441	HepG2	cell-line	cell-line	cell-line	minus	none	passed
ENCFF825OWO	ENCFF825OWO	ENCSR673GDQ	ENCSR071CNE	BPNet	normalized predicted signal profile	bigWig	ChIP-seq	ZNF441	HepG2	cell-line	cell-line	cell-line	plus	none	passed
ENCFF552FJI	ENCFF552FJI	ENCSR038XIA	ENCSR468ULA	BPNet	normalized predicted signal profile	bigWig	ChIP-seq	ZNF444	MCF-7	cell-line	cell-line	cell-line	minus	none	passed
ENCFF495QYL	ENCFF495QYL	ENCSR038XIA	ENCSR468ULA	BPNet	normalized predicted signal profile	bigWig	ChIP-seq	ZNF444	MCF-7	cell-line	cell-line	cell-line	plus	none	passed
ENCFF621HMG	ENCFF621HMG	ENCSR738SLS	ENCSR809HTU	BPNet	normalized predicted signal profile	bigWig	ChIP-seq	ZNF449	HEK293	cell-line	cell-line	cell-line	minus	none	passed
ENCFF800UTL	ENCFF800UTL	ENCSR738SLS	ENCSR809HTU	BPNet	normalized predicted signal profile	bigWig	ChIP-seq	ZNF449	HEK293	cell-line	cell-line	cell-line	plus	none	passed
ENCFF497SAW	ENCFF497SAW	ENCSR415AEB	ENCSR166CDD	BPNet	normalized predicted signal profile	bigWig	ChIP-seq	ZNF48	HepG2	cell-line	cell-line	cell-line	minus	none	passed
ENCFF447BDQ	ENCFF447BDQ	ENCSR415AEB	ENCSR166CDD	BPNet	normalized predicted signal profile	bigWig	ChIP-seq	ZNF48	HepG2	cell-line	cell-line	cell-line	plus	none	passed
ENCFF969QRQ	ENCFF969QRQ	ENCSR542PZA	ENCSR594HLF	BPNet	normalized predicted signal profile	bigWig	ChIP-seq	ZNF490	HepG2	cell-line	cell-line	cell-line	minus	none	passed
ENCFF209NNN	ENCFF209NNN	ENCSR542PZA	ENCSR594HLF	BPNet	normalized predicted signal profile	bigWig	ChIP-seq	ZNF490	HepG2	cell-line	cell-line	cell-line	plus	none	passed
ENCFF309QKH	ENCFF309QKH	ENCSR461ZJT	ENCSR479YFJ	BPNet	normalized predicted signal profile	bigWig	ChIP-seq	ZNF501	HEK293	cell-line	cell-line	cell-line	minus	none	passed
ENCFF326EYC	ENCFF326EYC	ENCSR461ZJT	ENCSR479YFJ	BPNet	normalized predicted signal profile	bigWig	ChIP-seq	ZNF501	HEK293	cell-line	cell-line	cell-line	plus	none	passed
ENCFF897GIQ	ENCFF897GIQ	ENCSR595FAO	ENCSR226RHX	BPNet	normalized predicted signal profile	bigWig	ChIP-seq	ZNF510	HEK293	cell-line	cell-line	cell-line	minus	none	passed
ENCFF667BAR	ENCFF667BAR	ENCSR595FAO	ENCSR226RHX	BPNet	normalized predicted signal profile	bigWig	ChIP-seq	ZNF510	HEK293	cell-line	cell-line	cell-line	plus	none	passed
ENCFF859GJH	ENCFF859GJH	ENCSR701RXW	ENCSR154RFY	BPNet	normalized predicted signal profile	bigWig	ChIP-seq	ZNF530	HEK293	cell-line	cell-line	cell-line	minus	none	passed
ENCFF833HQO	ENCFF833HQO	ENCSR701RXW	ENCSR154RFY	BPNet	normalized predicted signal profile	bigWig	ChIP-seq	ZNF530	HEK293	cell-line	cell-line	cell-line	plus	none	passed
ENCFF925TXQ	ENCFF925TXQ	ENCSR909TSW	ENCSR730YDI	BPNet	normalized predicted signal profile	bigWig	ChIP-seq	ZNF547	HEK293	cell-line	cell-line	cell-line	minus	none	passed
ENCFF789EQO	ENCFF789EQO	ENCSR909TSW	ENCSR730YDI	BPNet	normalized predicted signal profile	bigWig	ChIP-seq	ZNF547	HEK293	cell-line	cell-line	cell-line	plus	none	passed
ENCFF810QIT	ENCFF810QIT	ENCSR892ZTO	ENCSR293AOG	BPNet	normalized predicted signal profile	bigWig	ChIP-seq	ZNF548	HEK293	cell-line	cell-line	cell-line	minus	none	passed
ENCFF776ZGK	ENCFF776ZGK	ENCSR892ZTO	ENCSR293AOG	BPNet	normalized predicted signal profile	bigWig	ChIP-seq	ZNF548	HEK293	cell-line	cell-line	cell-line	plus	none	passed
ENCFF763SQD	ENCFF763SQD	ENCSR185QFX	ENCSR989FNU	BPNet	normalized predicted signal profile	bigWig	ChIP-seq	ZNF549	HEK293	cell-line	cell-line	cell-line	minus	none	passed
ENCFF875BLX	ENCFF875BLX	ENCSR185QFX	ENCSR989FNU	BPNet	normalized predicted signal profile	bigWig	ChIP-seq	ZNF549	HEK293	cell-line	cell-line	cell-line	plus	none	passed
ENCFF212VNN	ENCFF212VNN	ENCSR545ACM	ENCSR747QXK	BPNet	normalized predicted signal profile	bigWig	ChIP-seq	ZNF549	HepG2	cell-line	cell-line	cell-line	minus	none	passed
ENCFF582KSW	ENCFF582KSW	ENCSR545ACM	ENCSR747QXK	BPNet	normalized predicted signal profile	bigWig	ChIP-seq	ZNF549	HepG2	cell-line	cell-line	cell-line	plus	none	passed
ENCFF965QBB	ENCFF965QBB	ENCSR325VYA	ENCSR011WOV	BPNet	normalized predicted signal profile	bigWig	ChIP-seq	ZNF557	HepG2	cell-line	cell-line	cell-line	minus	none	passed
ENCFF224UDV	ENCFF224UDV	ENCSR325VYA	ENCSR011WOV	BPNet	normalized predicted signal profile	bigWig	ChIP-seq	ZNF557	HepG2	cell-line	cell-line	cell-line	plus	none	passed
ENCFF968KOZ	ENCFF968KOZ	ENCSR125ULS	ENCSR626JLM	BPNet	normalized predicted signal profile	bigWig	ChIP-seq	ZNF561	HEK293	cell-line	cell-line	cell-line	minus	none	passed
ENCFF678PEQ	ENCFF678PEQ	ENCSR125ULS	ENCSR626JLM	BPNet	normalized predicted signal profile	bigWig	ChIP-seq	ZNF561	HEK293	cell-line	cell-line	cell-line	plus	none	passed
ENCFF330GUJ	ENCFF330GUJ	ENCSR727IJD	ENCSR281SKK	BPNet	normalized predicted signal profile	bigWig	ChIP-seq	ZNF562	HepG2	cell-line	cell-line	cell-line	minus	none	passed
ENCFF764DPK	ENCFF764DPK	ENCSR727IJD	ENCSR281SKK	BPNet	normalized predicted signal profile	bigWig	ChIP-seq	ZNF562	HepG2	cell-line	cell-line	cell-line	plus	none	passed
ENCFF023OBO	ENCFF023OBO	ENCSR397EOT	ENCSR846MFZ	BPNet	normalized predicted signal profile	bigWig	ChIP-seq	ZNF564	HepG2	cell-line	cell-line	cell-line	minus	none	passed
ENCFF090HZT	ENCFF090HZT	ENCSR397EOT	ENCSR846MFZ	BPNet	normalized predicted signal profile	bigWig	ChIP-seq	ZNF564	HepG2	cell-line	cell-line	cell-line	plus	none	passed
ENCFF985HOM	ENCFF985HOM	ENCSR754ALX	ENCSR545WAG	BPNet	normalized predicted signal profile	bigWig	ChIP-seq	ZNF565	SK-N-SH	cell-line	cell-line	cell-line	minus	none	passed
ENCFF902VWS	ENCFF902VWS	ENCSR754ALX	ENCSR545WAG	BPNet	normalized predicted signal profile	bigWig	ChIP-seq	ZNF565	SK-N-SH	cell-line	cell-line	cell-line	plus	none	passed
ENCFF292LXG	ENCFF292LXG	ENCSR886YJI	ENCSR078RTA	BPNet	normalized predicted signal profile	bigWig	ChIP-seq	ZNF574	HepG2	cell-line	cell-line	cell-line	minus	none	passed
ENCFF307DQZ	ENCFF307DQZ	ENCSR886YJI	ENCSR078RTA	BPNet	normalized predicted signal profile	bigWig	ChIP-seq	ZNF574	HepG2	cell-line	cell-line	cell-line	plus	none	passed
ENCFF972JZR	ENCFF972JZR	ENCSR402JAC	ENCSR631TCZ	BPNet	normalized predicted signal profile	bigWig	ChIP-seq	ZNF574	MCF-7	cell-line	cell-line	cell-line	minus	none	passed
ENCFF111YST	ENCFF111YST	ENCSR402JAC	ENCSR631TCZ	BPNet	normalized predicted signal profile	bigWig	ChIP-seq	ZNF574	MCF-7	cell-line	cell-line	cell-line	plus	none	passed
ENCFF082XKP	ENCFF082XKP	ENCSR668HOP	ENCSR959CUQ	BPNet	normalized predicted signal profile	bigWig	ChIP-seq	ZNF580	HEK293	cell-line	cell-line	cell-line	minus	none	passed
ENCFF036KJL	ENCFF036KJL	ENCSR668HOP	ENCSR959CUQ	BPNet	normalized predicted signal profile	bigWig	ChIP-seq	ZNF580	HEK293	cell-line	cell-line	cell-line	plus	none	passed
ENCFF181HVB	ENCFF181HVB	ENCSR149ZBI	ENCSR384YJU	BPNet	normalized predicted signal profile	bigWig	ChIP-seq	ZNF584	K562	cell-line	cell-line	cell-line	minus	none	passed
ENCFF722ZDO	ENCFF722ZDO	ENCSR149ZBI	ENCSR384YJU	BPNet	normalized predicted signal profile	bigWig	ChIP-seq	ZNF584	K562	cell-line	cell-line	cell-line	plus	none	passed
ENCFF436EZA	ENCFF436EZA	ENCSR011XCI	ENCSR206HFO	BPNet	normalized predicted signal profile	bigWig	ChIP-seq	ZNF585B	HEK293	cell-line	cell-line	cell-line	minus	none	passed
ENCFF633KHH	ENCFF633KHH	ENCSR011XCI	ENCSR206HFO	BPNet	normalized predicted signal profile	bigWig	ChIP-seq	ZNF585B	HEK293	cell-line	cell-line	cell-line	plus	none	passed
ENCFF926MRJ	ENCFF926MRJ	ENCSR344SBD	ENCSR630UCD	BPNet	normalized predicted signal profile	bigWig	ChIP-seq	ZNF596	HEK293	cell-line	cell-line	cell-line	minus	none	passed
ENCFF795NKO	ENCFF795NKO	ENCSR344SBD	ENCSR630UCD	BPNet	normalized predicted signal profile	bigWig	ChIP-seq	ZNF596	HEK293	cell-line	cell-line	cell-line	plus	none	passed
ENCFF539XSP	ENCFF539XSP	ENCSR903JFF	ENCSR924AMT	BPNet	normalized predicted signal profile	bigWig	ChIP-seq	ZNF605	HepG2	cell-line	cell-line	cell-line	minus	none	passed
ENCFF144GGN	ENCFF144GGN	ENCSR903JFF	ENCSR924AMT	BPNet	normalized predicted signal profile	bigWig	ChIP-seq	ZNF605	HepG2	cell-line	cell-line	cell-line	plus	none	passed
ENCFF799OJS	ENCFF799OJS	ENCSR691TXI	ENCSR034YDZ	BPNet	normalized predicted signal profile	bigWig	ChIP-seq	ZNF610	HEK293	cell-line	cell-line	cell-line	minus	none	passed
ENCFF688IIS	ENCFF688IIS	ENCSR691TXI	ENCSR034YDZ	BPNet	normalized predicted signal profile	bigWig	ChIP-seq	ZNF610	HEK293	cell-line	cell-line	cell-line	plus	none	passed
ENCFF563ZBY	ENCFF563ZBY	ENCSR022IZK	ENCSR793WAG	BPNet	normalized predicted signal profile	bigWig	ChIP-seq	ZNF623	HEK293	cell-line	cell-line	cell-line	minus	none	passed
ENCFF862JZC	ENCFF862JZC	ENCSR022IZK	ENCSR793WAG	BPNet	normalized predicted signal profile	bigWig	ChIP-seq	ZNF623	HEK293	cell-line	cell-line	cell-line	plus	none	passed
ENCFF922XUQ	ENCFF922XUQ	ENCSR488ZNK	ENCSR246WPX	BPNet	normalized predicted signal profile	bigWig	ChIP-seq	ZNF646	HepG2	cell-line	cell-line	cell-line	minus	none	passed
ENCFF271HNZ	ENCFF271HNZ	ENCSR488ZNK	ENCSR246WPX	BPNet	normalized predicted signal profile	bigWig	ChIP-seq	ZNF646	HepG2	cell-line	cell-line	cell-line	plus	none	passed
ENCFF336NTP	ENCFF336NTP	ENCSR283DOU	ENCSR216GEU	BPNet	normalized predicted signal profile	bigWig	ChIP-seq	ZNF660	HEK293	cell-line	cell-line	cell-line	minus	none	passed
ENCFF747TAQ	ENCFF747TAQ	ENCSR283DOU	ENCSR216GEU	BPNet	normalized predicted signal profile	bigWig	ChIP-seq	ZNF660	HEK293	cell-line	cell-line	cell-line	plus	none	passed
ENCFF088NEC	ENCFF088NEC	ENCSR714LZQ	ENCSR782FWV	BPNet	normalized predicted signal profile	bigWig	ChIP-seq	ZNF664	HEK293	cell-line	cell-line	cell-line	minus	none	passed
ENCFF317MAI	ENCFF317MAI	ENCSR714LZQ	ENCSR782FWV	BPNet	normalized predicted signal profile	bigWig	ChIP-seq	ZNF664	HEK293	cell-line	cell-line	cell-line	plus	none	passed
ENCFF925XYY	ENCFF925XYY	ENCSR279KDC	ENCSR642ICI	BPNet	normalized predicted signal profile	bigWig	ChIP-seq	ZNF677	HEK293	cell-line	cell-line	cell-line	minus	none	passed
ENCFF398OIR	ENCFF398OIR	ENCSR279KDC	ENCSR642ICI	BPNet	normalized predicted signal profile	bigWig	ChIP-seq	ZNF677	HEK293	cell-line	cell-line	cell-line	plus	none	passed
ENCFF379PHD	ENCFF379PHD	ENCSR307CKC	ENCSR285CBS	BPNet	normalized predicted signal profile	bigWig	ChIP-seq	ZNF680	HEK293	cell-line	cell-line	cell-line	minus	none	passed
ENCFF514LDH	ENCFF514LDH	ENCSR307CKC	ENCSR285CBS	BPNet	normalized predicted signal profile	bigWig	ChIP-seq	ZNF680	HEK293	cell-line	cell-line	cell-line	plus	none	passed
ENCFF159DMH	ENCFF159DMH	ENCSR418MKG	ENCSR561WGU	BPNet	normalized predicted signal profile	bigWig	ChIP-seq	ZNF692	HEK293	cell-line	cell-line	cell-line	minus	none	passed
ENCFF820DXV	ENCFF820DXV	ENCSR418MKG	ENCSR561WGU	BPNet	normalized predicted signal profile	bigWig	ChIP-seq	ZNF692	HEK293	cell-line	cell-line	cell-line	plus	none	passed
ENCFF675IHF	ENCFF675IHF	ENCSR454SCH	ENCSR633VZO	BPNet	normalized predicted signal profile	bigWig	ChIP-seq	ZNF7	K562	cell-line	cell-line	cell-line	minus	none	passed
ENCFF100LFO	ENCFF100LFO	ENCSR454SCH	ENCSR633VZO	BPNet	normalized predicted signal profile	bigWig	ChIP-seq	ZNF7	K562	cell-line	cell-line	cell-line	plus	none	passed
ENCFF165YAG	ENCFF165YAG	ENCSR207GYC	ENCSR954CQT	BPNet	normalized predicted signal profile	bigWig	ChIP-seq	ZNF70	SK-N-SH	cell-line	cell-line	cell-line	minus	none	passed
ENCFF103ULT	ENCFF103ULT	ENCSR207GYC	ENCSR954CQT	BPNet	normalized predicted signal profile	bigWig	ChIP-seq	ZNF70	SK-N-SH	cell-line	cell-line	cell-line	plus	none	passed
ENCFF450JVZ	ENCFF450JVZ	ENCSR547TGL	ENCSR978UNF	BPNet	normalized predicted signal profile	bigWig	ChIP-seq	ZNF701	HEK293	cell-line	cell-line	cell-line	minus	none	passed
ENCFF740CVJ	ENCFF740CVJ	ENCSR547TGL	ENCSR978UNF	BPNet	normalized predicted signal profile	bigWig	ChIP-seq	ZNF701	HEK293	cell-line	cell-line	cell-line	plus	none	passed
ENCFF470QRC	ENCFF470QRC	ENCSR194KWL	ENCSR546QIV	BPNet	normalized predicted signal profile	bigWig	ChIP-seq	ZNF704	HEK293	cell-line	cell-line	cell-line	minus	none	passed
ENCFF011XSG	ENCFF011XSG	ENCSR194KWL	ENCSR546QIV	BPNet	normalized predicted signal profile	bigWig	ChIP-seq	ZNF704	HEK293	cell-line	cell-line	cell-line	plus	none	passed
ENCFF958PQZ	ENCFF958PQZ	ENCSR854IPI	ENCSR480HEH	BPNet	normalized predicted signal profile	bigWig	ChIP-seq	ZNF707	HEK293	cell-line	cell-line	cell-line	minus	none	passed
ENCFF042PVN	ENCFF042PVN	ENCSR854IPI	ENCSR480HEH	BPNet	normalized predicted signal profile	bigWig	ChIP-seq	ZNF707	HEK293	cell-line	cell-line	cell-line	plus	none	passed
ENCFF582XRK	ENCFF582XRK	ENCSR017XHZ	ENCSR043MDP	BPNet	normalized predicted signal profile	bigWig	ChIP-seq	ZNF707	HepG2	cell-line	cell-line	cell-line	minus	none	passed
ENCFF028AUE	ENCFF028AUE	ENCSR017XHZ	ENCSR043MDP	BPNet	normalized predicted signal profile	bigWig	ChIP-seq	ZNF707	HepG2	cell-line	cell-line	cell-line	plus	none	passed
ENCFF017IKT	ENCFF017IKT	ENCSR077TKJ	ENCSR000RSZ	BPNet	normalized predicted signal profile	bigWig	ChIP-seq	ZNF707	K562	cell-line	cell-line	cell-line	minus	none	passed
ENCFF086KHT	ENCFF086KHT	ENCSR077TKJ	ENCSR000RSZ	BPNet	normalized predicted signal profile	bigWig	ChIP-seq	ZNF707	K562	cell-line	cell-line	cell-line	plus	none	passed
ENCFF576UXI	ENCFF576UXI	ENCSR755ZAY	ENCSR726XMS	BPNet	normalized predicted signal profile	bigWig	ChIP-seq	ZNF740	HepG2	cell-line	cell-line	cell-line	minus	none	passed
ENCFF527AGM	ENCFF527AGM	ENCSR755ZAY	ENCSR726XMS	BPNet	normalized predicted signal profile	bigWig	ChIP-seq	ZNF740	HepG2	cell-line	cell-line	cell-line	plus	none	passed
ENCFF225WNE	ENCFF225WNE	ENCSR737UST	ENCSR880BCZ	BPNet	normalized predicted signal profile	bigWig	ChIP-seq	ZNF740	K562	cell-line	cell-line	cell-line	minus	none	passed
ENCFF760QTF	ENCFF760QTF	ENCSR427XYP	ENCSR563SSN	BPNet	normalized predicted signal profile	bigWig	ChIP-seq	ZNF740	K562	cell-line	cell-line	cell-line	minus	none	passed
ENCFF236HKL	ENCFF236HKL	ENCSR737UST	ENCSR880BCZ	BPNet	normalized predicted signal profile	bigWig	ChIP-seq	ZNF740	K562	cell-line	cell-line	cell-line	plus	none	passed
ENCFF399QOH	ENCFF399QOH	ENCSR427XYP	ENCSR563SSN	BPNet	normalized predicted signal profile	bigWig	ChIP-seq	ZNF740	K562	cell-line	cell-line	cell-line	plus	none	passed
ENCFF998UBK	ENCFF998UBK	ENCSR591MYB	ENCSR922IZN	BPNet	normalized predicted signal profile	bigWig	ChIP-seq	ZNF746	HepG2	cell-line	cell-line	cell-line	minus	none	passed
ENCFF945WXQ	ENCFF945WXQ	ENCSR591MYB	ENCSR922IZN	BPNet	normalized predicted signal profile	bigWig	ChIP-seq	ZNF746	HepG2	cell-line	cell-line	cell-line	plus	none	passed
ENCFF275REH	ENCFF275REH	ENCSR099MNR	ENCSR319GCA	BPNet	normalized predicted signal profile	bigWig	ChIP-seq	ZNF75A	K562	cell-line	cell-line	cell-line	minus	none	passed
ENCFF860MLH	ENCFF860MLH	ENCSR099MNR	ENCSR319GCA	BPNet	normalized predicted signal profile	bigWig	ChIP-seq	ZNF75A	K562	cell-line	cell-line	cell-line	plus	none	passed
ENCFF915BWC	ENCFF915BWC	ENCSR072LQF	ENCSR275URJ	BPNet	normalized predicted signal profile	bigWig	ChIP-seq	ZNF76	HEK293	cell-line	cell-line	cell-line	minus	none	passed
ENCFF020IIA	ENCFF020IIA	ENCSR072LQF	ENCSR275URJ	BPNet	normalized predicted signal profile	bigWig	ChIP-seq	ZNF76	HEK293	cell-line	cell-line	cell-line	plus	none	passed
ENCFF287CHN	ENCFF287CHN	ENCSR869RSW	ENCSR220OPP	BPNet	normalized predicted signal profile	bigWig	ChIP-seq	ZNF766	HepG2	cell-line	cell-line	cell-line	minus	none	passed
ENCFF562OWH	ENCFF562OWH	ENCSR869RSW	ENCSR220OPP	BPNet	normalized predicted signal profile	bigWig	ChIP-seq	ZNF766	HepG2	cell-line	cell-line	cell-line	plus	none	passed
ENCFF940EUT	ENCFF940EUT	ENCSR194IJN	ENCSR030UBN	BPNet	normalized predicted signal profile	bigWig	ChIP-seq	ZNF766	K562	cell-line	cell-line	cell-line	minus	none	passed
ENCFF891GSX	ENCFF891GSX	ENCSR194IJN	ENCSR030UBN	BPNet	normalized predicted signal profile	bigWig	ChIP-seq	ZNF766	K562	cell-line	cell-line	cell-line	plus	none	passed
ENCFF689HAN	ENCFF689HAN	ENCSR242BGR	ENCSR055REJ	BPNet	normalized predicted signal profile	bigWig	ChIP-seq	ZNF770	HEK293	cell-line	cell-line	cell-line	minus	none	passed
ENCFF498HDB	ENCFF498HDB	ENCSR242BGR	ENCSR055REJ	BPNet	normalized predicted signal profile	bigWig	ChIP-seq	ZNF770	HEK293	cell-line	cell-line	cell-line	plus	none	passed
ENCFF786ECY	ENCFF786ECY	ENCSR510GKB	ENCSR032AHU	BPNet	normalized predicted signal profile	bigWig	ChIP-seq	ZNF770	HepG2	cell-line	cell-line	cell-line	minus	none	passed
ENCFF163XMP	ENCFF163XMP	ENCSR510GKB	ENCSR032AHU	BPNet	normalized predicted signal profile	bigWig	ChIP-seq	ZNF770	HepG2	cell-line	cell-line	cell-line	plus	none	passed
ENCFF190UIH	ENCFF190UIH	ENCSR995FUM	ENCSR384BIM	BPNet	normalized predicted signal profile	bigWig	ChIP-seq	ZNF79	K562	cell-line	cell-line	cell-line	minus	none	passed
ENCFF636ITA	ENCFF636ITA	ENCSR995FUM	ENCSR384BIM	BPNet	normalized predicted signal profile	bigWig	ChIP-seq	ZNF79	K562	cell-line	cell-line	cell-line	plus	none	passed
ENCFF355IBS	ENCFF355IBS	ENCSR325QLX	ENCSR812AAD	BPNet	normalized predicted signal profile	bigWig	ChIP-seq	ZNF8	SK-N-SH	cell-line	cell-line	cell-line	minus	none	passed
ENCFF045TAT	ENCFF045TAT	ENCSR325QLX	ENCSR812AAD	BPNet	normalized predicted signal profile	bigWig	ChIP-seq	ZNF8	SK-N-SH	cell-line	cell-line	cell-line	plus	none	passed
ENCFF109FGK	ENCFF109FGK	ENCSR701WPG	ENCSR786LIM	BPNet	normalized predicted signal profile	bigWig	ChIP-seq	ZNF800	HepG2	cell-line	cell-line	cell-line	minus	none	passed
ENCFF122IXB	ENCFF122IXB	ENCSR701WPG	ENCSR786LIM	BPNet	normalized predicted signal profile	bigWig	ChIP-seq	ZNF800	HepG2	cell-line	cell-line	cell-line	plus	none	passed
ENCFF762UYK	ENCFF762UYK	ENCSR257XVY	ENCSR832DWY	BPNet	normalized predicted signal profile	bigWig	ChIP-seq	ZNF83	K562	cell-line	cell-line	cell-line	minus	none	passed
ENCFF672BFF	ENCFF672BFF	ENCSR257XVY	ENCSR832DWY	BPNet	normalized predicted signal profile	bigWig	ChIP-seq	ZNF83	K562	cell-line	cell-line	cell-line	plus	none	passed
ENCFF675IWW	ENCFF675IWW	ENCSR891KPP	ENCSR144JWD	BPNet	normalized predicted signal profile	bigWig	ChIP-seq	ZNF865	HepG2	cell-line	cell-line	cell-line	minus	none	passed
ENCFF163SKJ	ENCFF163SKJ	ENCSR891KPP	ENCSR144JWD	BPNet	normalized predicted signal profile	bigWig	ChIP-seq	ZNF865	HepG2	cell-line	cell-line	cell-line	plus	none	passed
ENCFF321XNW	ENCFF321XNW	ENCSR864VJE	ENCSR201ESU	BPNet	normalized predicted signal profile	bigWig	ChIP-seq	ZSCAN16	HEK293	cell-line	cell-line	cell-line	minus	none	passed
ENCFF408GZJ	ENCFF408GZJ	ENCSR864VJE	ENCSR201ESU	BPNet	normalized predicted signal profile	bigWig	ChIP-seq	ZSCAN16	HEK293	cell-line	cell-line	cell-line	plus	none	passed
ENCFF043RGD	ENCFF043RGD	ENCSR253CKN	ENCSR591HHL	BPNet	normalized predicted signal profile	bigWig	ChIP-seq	ZSCAN21	HEK293	cell-line	cell-line	cell-line	minus	none	passed
ENCFF267VQU	ENCFF267VQU	ENCSR253CKN	ENCSR591HHL	BPNet	normalized predicted signal profile	bigWig	ChIP-seq	ZSCAN21	HEK293	cell-line	cell-line	cell-line	plus	none	passed
ENCFF815STZ	ENCFF815STZ	ENCSR210DDA	ENCSR873BKE	BPNet	normalized predicted signal profile	bigWig	ChIP-seq	ZSCAN21	HepG2	cell-line	cell-line	cell-line	minus	none	passed
ENCFF585ZQN	ENCFF585ZQN	ENCSR210DDA	ENCSR873BKE	BPNet	normalized predicted signal profile	bigWig	ChIP-seq	ZSCAN21	HepG2	cell-line	cell-line	cell-line	plus	none	passed
ENCFF326DSK	ENCFF326DSK	ENCSR050KWL	ENCSR880BAN	BPNet	normalized predicted signal profile	bigWig	ChIP-seq	ZSCAN22	HepG2	cell-line	cell-line	cell-line	minus	none	passed
ENCFF348YWY	ENCFF348YWY	ENCSR050KWL	ENCSR880BAN	BPNet	normalized predicted signal profile	bigWig	ChIP-seq	ZSCAN22	HepG2	cell-line	cell-line	cell-line	plus	none	passed
ENCFF604YJA	ENCFF604YJA	ENCSR412YGM	ENCSR268UNG	BPNet	normalized predicted signal profile	bigWig	ChIP-seq	ZSCAN29	GM12878	cell-line	cell-line	cell-line	minus	none	passed
ENCFF473LQD	ENCFF473LQD	ENCSR412YGM	ENCSR268UNG	BPNet	normalized predicted signal profile	bigWig	ChIP-seq	ZSCAN29	GM12878	cell-line	cell-line	cell-line	plus	none	passed
ENCFF345WGU	ENCFF345WGU	ENCSR422VAG	ENCSR171VVK	BPNet	normalized predicted signal profile	bigWig	ChIP-seq	ZSCAN29	HepG2	cell-line	cell-line	cell-line	minus	none	passed
ENCFF240WFK	ENCFF240WFK	ENCSR422VAG	ENCSR171VVK	BPNet	normalized predicted signal profile	bigWig	ChIP-seq	ZSCAN29	HepG2	cell-line	cell-line	cell-line	plus	none	passed
ENCFF422QXA	ENCFF422QXA	ENCSR635EXI	ENCSR926KQC	BPNet	normalized predicted signal profile	bigWig	ChIP-seq	ZSCAN29	K562	cell-line	cell-line	cell-line	minus	none	passed
ENCFF570FUM	ENCFF570FUM	ENCSR175SZH	ENCSR451MPB	BPNet	normalized predicted signal profile	bigWig	ChIP-seq	ZSCAN29	K562	cell-line	cell-line	cell-line	minus	none	passed
ENCFF045SSI	ENCFF045SSI	ENCSR175SZH	ENCSR451MPB	BPNet	normalized predicted signal profile	bigWig	ChIP-seq	ZSCAN29	K562	cell-line	cell-line	cell-line	plus	none	passed
ENCFF803OSZ	ENCFF803OSZ	ENCSR635EXI	ENCSR926KQC	BPNet	normalized predicted signal profile	bigWig	ChIP-seq	ZSCAN29	K562	cell-line	cell-line	cell-line	plus	none	passed
ENCFF122ZLD	ENCFF122ZLD	ENCSR493VBX	ENCSR887KCX	BPNet	normalized predicted signal profile	bigWig	ChIP-seq	ZSCAN31	HepG2	cell-line	cell-line	cell-line	minus	none	passed
ENCFF993NXM	ENCFF993NXM	ENCSR493VBX	ENCSR887KCX	BPNet	normalized predicted signal profile	bigWig	ChIP-seq	ZSCAN31	HepG2	cell-line	cell-line	cell-line	plus	none	passed
ENCFF600AOT	ENCFF600AOT	ENCSR211GNP	ENCSR931GRD	BPNet	normalized predicted signal profile	bigWig	ChIP-seq	ZSCAN4	HEK293	cell-line	cell-line	cell-line	minus	none	passed
ENCFF485SOQ	ENCFF485SOQ	ENCSR211GNP	ENCSR931GRD	BPNet	normalized predicted signal profile	bigWig	ChIP-seq	ZSCAN4	HEK293	cell-line	cell-line	cell-line	plus	none	passed
ENCFF476EUR	ENCFF476EUR	ENCSR731AGO	ENCSR905ZVU	BPNet	normalized predicted signal profile	bigWig	ChIP-seq	ZSCAN5C	HEK293	cell-line	cell-line	cell-line	minus	none	passed
ENCFF922LQA	ENCFF922LQA	ENCSR731AGO	ENCSR905ZVU	BPNet	normalized predicted signal profile	bigWig	ChIP-seq	ZSCAN5C	HEK293	cell-line	cell-line	cell-line	plus	none	passed
ENCFF909JVW	ENCFF909JVW	ENCSR559IOZ	ENCSR987TUW	BPNet	normalized predicted signal profile	bigWig	ChIP-seq	ZXDB	HEK293	cell-line	cell-line	cell-line	minus	none	passed
ENCFF551RIV	ENCFF551RIV	ENCSR559IOZ	ENCSR987TUW	BPNet	normalized predicted signal profile	bigWig	ChIP-seq	ZXDB	HEK293	cell-line	cell-line	cell-line	plus	none	passed
