track_key	file_accession	experiment	model_accession	model	track_type	format	assay	target	biosample	tissue	organ	system	strand	score_type	qc_flag
ENCFF953WLU	ENCFF953WLU	ENCSR590KEQ	ENCSR728JEK	BPNet	sequence motifs instances	bigBed	ChIP-seq	ARNT	GM12878	cell-line	cell-line	cell-line	none	none	passed
ENCFF794TXQ	ENCFF794TXQ	ENCSR760UKJ	ENCSR572ENG	BPNet	sequence motifs instances	bigBed	ChIP-seq	ARNT	HEK293T	cell-line	cell-line	cell-line	none	none	passed
ENCFF826KZR	ENCFF826KZR	ENCSR267TGY	ENCSR041XVL	BPNet	sequence motifs instances	bigBed	ChIP-seq	ARNT2	HepG2	cell-line	cell-line	cell-line	none	none	passed
ENCFF320TXX	ENCFF320TXX	ENCSR794LVK	ENCSR768KYM	BPNet	sequence motifs instances	bigBed	ChIP-seq	ARNTL	HepG2	cell-line	cell-line	cell-line	none	none	passed
ENCFF588VRO	ENCFF588VRO	ENCSR949COJ	ENCSR195HNX	BPNet	sequence motifs instances	bigBed	ChIP-seq	ARNTL	SK-N-SH	cell-line	cell-line	cell-line	none	none	passed
ENCFF276NYI	ENCFF276NYI	ENCSR253OON	ENCSR921NDS	BPNet	sequence motifs instances	bigBed	ChIP-seq	ATF1	HepG2	cell-line	cell-line	cell-line	none	none	passed
ENCFF589FJW	ENCFF589FJW	ENCSR085XDP	ENCSR492OAC	BPNet	sequence motifs instances	bigBed	ChIP-seq	ATF1	K562	cell-line	cell-line	cell-line	none	none	passed
ENCFF763OIN	ENCFF763OIN	ENCSR000DNZ	ENCSR945EBR	BPNet	sequence motifs instances	bigBed	ChIP-seq	ATF1	K562	cell-line	cell-line	cell-line	none	none	passed
ENCFF819KQC	ENCFF819KQC	ENCSR159OCC	ENCSR098GCX	BPNet	sequence motifs instances	bigBed	ChIP-seq	ATF1	K562	cell-line	cell-line	cell-line	none	none	passed
ENCFF849BSJ	ENCFF849BSJ	ENCSR091GVJ	ENCSR901APQ	BPNet	sequence motifs instances	bigBed	ChIP-seq	ATF1	K562	cell-line	cell-line	cell-line	none	none	passed
ENCFF327JXB	ENCFF327JXB	ENCSR887VJM	ENCSR066VPU	BPNet	sequence motifs instances	bigBed	ChIP-seq	ATF1	WTC11	cell-line	cell-line	cell-line	none	none	passed
ENCFF089ECX	ENCFF089ECX	ENCSR000BQK	ENCSR805HVX	BPNet	sequence motifs instances	bigBed	ChIP-seq	ATF2	GM12878	cell-line	cell-line	cell-line	none	none	passed
ENCFF649HQQ	ENCFF649HQQ	ENCSR961PPA	ENCSR948FHI	BPNet	sequence motifs instances	bigBed	ChIP-seq	ATF2	GM12878	cell-line	cell-line	cell-line	none	none	passed
ENCFF038VBS	ENCFF038VBS	ENCSR000BQU	ENCSR351BPK	BPNet	sequence motifs instances	bigBed	ChIP-seq	ATF2	H1	cell-line	cell-line	cell-line	none	none	passed
ENCFF757FUO	ENCFF757FUO	ENCSR217HTK	ENCSR510IRZ	BPNet	sequence motifs instances	bigBed	ChIP-seq	ATF2	HEK293	cell-line	cell-line	cell-line	none	none	passed
ENCFF040RUP	ENCFF040RUP	ENCSR047BUZ	ENCSR268FRB	BPNet	sequence motifs instances	bigBed	ChIP-seq	ATF2	HepG2	cell-line	cell-line	cell-line	none	none	passed
ENCFF537FTT	ENCFF537FTT	ENCSR908HWZ	ENCSR290NUC	BPNet	sequence motifs instances	bigBed	ChIP-seq	ATF2	HepG2	cell-line	cell-line	cell-line	none	none	passed
ENCFF285ORF	ENCFF285ORF	ENCSR869IUD	ENCSR762MDC	BPNet	sequence motifs instances	bigBed	ChIP-seq	ATF2	K562	cell-line	cell-line	cell-line	none	none	passed
ENCFF918CIP	ENCFF918CIP	ENCSR014ARU	ENCSR329DYY	BPNet	sequence motifs instances	bigBed	ChIP-seq	ATF2	K562	cell-line	cell-line	cell-line	none	none	passed
ENCFF738QTU	ENCFF738QTU	ENCSR000BPS	ENCSR473TBT	BPNet	sequence motifs instances	bigBed	ChIP-seq	ATF3	A549	cell-line	cell-line	cell-line	none	none	passed
ENCFF097GDO	ENCFF097GDO	ENCSR000BKC	ENCSR957UER	BPNet	sequence motifs instances	bigBed	ChIP-seq	ATF3	H1	cell-line	cell-line	cell-line	none	none	passed
ENCFF326TDL	ENCFF326TDL	ENCSR000BUG	ENCSR070KTD	BPNet	sequence motifs instances	bigBed	ChIP-seq	ATF3	HCT116	cell-line	cell-line	cell-line	none	none	passed
ENCFF681RWT	ENCFF681RWT	ENCSR000BKE	ENCSR469WUV	BPNet	sequence motifs instances	bigBed	ChIP-seq	ATF3	HepG2	cell-line	cell-line	cell-line	none	none	passed
ENCFF999FAB	ENCFF999FAB	ENCSR402ZCY	ENCSR295WDS	BPNet	sequence motifs instances	bigBed	ChIP-seq	ATF3	HepG2	cell-line	cell-line	cell-line	none	none	passed
ENCFF261YWR	ENCFF261YWR	ENCSR028UIU	ENCSR405ECI	BPNet	sequence motifs instances	bigBed	ChIP-seq	ATF3	K562	cell-line	cell-line	cell-line	none	none	passed
ENCFF264MPV	ENCFF264MPV	ENCSR000BNU	ENCSR938IXD	BPNet	sequence motifs instances	bigBed	ChIP-seq	ATF3	K562	cell-line	cell-line	cell-line	none	none	passed
ENCFF392RCM	ENCFF392RCM	ENCSR000DOG	ENCSR171HUI	BPNet	sequence motifs instances	bigBed	ChIP-seq	ATF3	K562	cell-line	cell-line	cell-line	none	none	passed
ENCFF455VOY	ENCFF455VOY	ENCSR632DCH	ENCSR697WUY	BPNet	sequence motifs instances	bigBed	ChIP-seq	ATF3	K562	cell-line	cell-line	cell-line	none	none	passed
ENCFF694AFE	ENCFF694AFE	ENCSR205FOW	ENCSR747WRJ	BPNet	sequence motifs instances	bigBed	ChIP-seq	ATF3	liver	liver	liver	digestive-system	none	none	passed
ENCFF850DNX	ENCFF850DNX	ENCSR480LIS	ENCSR899JOK	BPNet	sequence motifs instances	bigBed	ChIP-seq	ATF3	liver	liver	liver	digestive-system	none	none	passed
ENCFF149BJV	ENCFF149BJV	ENCSR288ZFV	ENCSR541PJK	BPNet	sequence motifs instances	bigBed	ChIP-seq	ATF4	HepG2	cell-line	cell-line	cell-line	none	none	passed
ENCFF183NLQ	ENCFF183NLQ	ENCSR965SHB	ENCSR542HXB	BPNet	sequence motifs instances	bigBed	ChIP-seq	ATF4	HepG2	cell-line	cell-line	cell-line	none	none	passed
ENCFF900MSG	ENCFF900MSG	ENCSR803PAI	ENCSR800VEQ	BPNet	sequence motifs instances	bigBed	ChIP-seq	ATF4	HepG2	cell-line	cell-line	cell-line	none	none	passed
ENCFF400XHP	ENCFF400XHP	ENCSR145TSJ	ENCSR254DFG	BPNet	sequence motifs instances	bigBed	ChIP-seq	ATF4	K562	cell-line	cell-line	cell-line	none	none	passed
ENCFF685ZBS	ENCFF685ZBS	ENCSR044UJJ	ENCSR545YPY	BPNet	sequence motifs instances	bigBed	ChIP-seq	ATF4	K562	cell-line	cell-line	cell-line	none	none	passed
ENCFF194DXV	ENCFF194DXV	ENCSR161CZA	ENCSR234UFS	BPNet	sequence motifs instances	bigBed	ChIP-seq	ATOH8	A549	cell-line	cell-line	cell-line	none	none	passed
ENCFF690FND	ENCFF690FND	ENCSR636MKU	ENCSR478VGG	BPNet	sequence motifs instances	bigBed	ChIP-seq	BACH1	GM12878	cell-line	cell-line	cell-line	none	none	passed
ENCFF272ZGY	ENCFF272ZGY	ENCSR740NPG	ENCSR166BIR	BPNet	sequence motifs instances	bigBed	ChIP-seq	BACH1	K562	cell-line	cell-line	cell-line	none	none	passed
ENCFF896FEX	ENCFF896FEX	ENCSR000EGD	ENCSR326GUZ	BPNet	sequence motifs instances	bigBed	ChIP-seq	BACH1	K562	cell-line	cell-line	cell-line	none	none	passed
ENCFF883ZMH	ENCFF883ZMH	ENCSR036THH	ENCSR467XIK	BPNet	sequence motifs instances	bigBed	ChIP-seq	BACH2	SK-N-SH	cell-line	cell-line	cell-line	none	none	passed
ENCFF166QIL	ENCFF166QIL	ENCSR000BGT	ENCSR367ANH	BPNet	sequence motifs instances	bigBed	ChIP-seq	BATF	GM12878	cell-line	cell-line	cell-line	none	none	passed
ENCFF583SLE	ENCFF583SLE	ENCSR507BRS	ENCSR611OLN	BPNet	sequence motifs instances	bigBed	ChIP-seq	BATF2	HepG2	cell-line	cell-line	cell-line	none	none	passed
ENCFF871NMB	ENCFF871NMB	ENCSR000BHA	ENCSR683WNX	BPNet	sequence motifs instances	bigBed	ChIP-seq	BCL11A	GM12878	cell-line	cell-line	cell-line	none	none	passed
ENCFF172TGU	ENCFF172TGU	ENCSR021DJC	ENCSR027OIP	BPNet	sequence motifs instances	bigBed	ChIP-seq	BCL11A	HEK293	cell-line	cell-line	cell-line	none	none	passed
ENCFF719OHE	ENCFF719OHE	ENCSR770PQN	ENCSR676KNH	BPNet	sequence motifs instances	bigBed	ChIP-seq	BCL11B	HEK293	cell-line	cell-line	cell-line	none	none	passed
ENCFF188EXD	ENCFF188EXD	ENCSR759BDG	ENCSR679ZPP	BPNet	sequence motifs instances	bigBed	ChIP-seq	BCL6	HepG2	cell-line	cell-line	cell-line	none	none	passed
ENCFF281DCI	ENCFF281DCI	ENCSR673SGK	ENCSR317PHW	BPNet	sequence motifs instances	bigBed	ChIP-seq	BCL6B	HEK293	cell-line	cell-line	cell-line	none	none	passed
ENCFF502CKE	ENCFF502CKE	ENCSR888QFJ	ENCSR298UPH	BPNet	sequence motifs instances	bigBed	ChIP-seq	BHLHA15	HepG2	cell-line	cell-line	cell-line	none	none	passed
ENCFF996UMH	ENCFF996UMH	ENCSR000DYJ	ENCSR748VCW	BPNet	sequence motifs instances	bigBed	ChIP-seq	BHLHE40	A549	cell-line	cell-line	cell-line	none	none	passed
ENCFF470OKX	ENCFF470OKX	ENCSR987MTA	ENCSR342AKH	BPNet	sequence motifs instances	bigBed	ChIP-seq	BHLHE40	GM12878	cell-line	cell-line	cell-line	none	none	passed
ENCFF682ANQ	ENCFF682ANQ	ENCSR000DZJ	ENCSR239UVB	BPNet	sequence motifs instances	bigBed	ChIP-seq	BHLHE40	GM12878	cell-line	cell-line	cell-line	none	none	passed
ENCFF286WRB	ENCFF286WRB	ENCSR000BID	ENCSR485MPU	BPNet	sequence motifs instances	bigBed	ChIP-seq	BHLHE40	HepG2	cell-line	cell-line	cell-line	none	none	passed
ENCFF561PBL	ENCFF561PBL	ENCSR000EDT	ENCSR185XMD	BPNet	sequence motifs instances	bigBed	ChIP-seq	BHLHE40	HepG2	cell-line	cell-line	cell-line	none	none	passed
ENCFF631IIV	ENCFF631IIV	ENCSR957KYB	ENCSR695LTU	BPNet	sequence motifs instances	bigBed	ChIP-seq	BHLHE40	IMR-90	cell-line	cell-line	cell-line	none	none	passed
ENCFF382UNH	ENCFF382UNH	ENCSR000EGV	ENCSR789BUU	BPNet	sequence motifs instances	bigBed	ChIP-seq	BHLHE40	K562	cell-line	cell-line	cell-line	none	none	passed
ENCFF649UWA	ENCFF649UWA	ENCSR754GYI	ENCSR103PKW	BPNet	sequence motifs instances	bigBed	ChIP-seq	BNC2	SK-N-SH	cell-line	cell-line	cell-line	none	none	passed
ENCFF572KCW	ENCFF572KCW	ENCSR860UHK	ENCSR898TRL	BPNet	sequence motifs instances	bigBed	ChIP-seq	CBFB	GM12878	cell-line	cell-line	cell-line	none	none	passed
ENCFF766BES	ENCFF766BES	ENCSR479RZV	ENCSR392OOL	BPNet	sequence motifs instances	bigBed	ChIP-seq	CBFB	HepG2	cell-line	cell-line	cell-line	none	none	passed
ENCFF354WQN	ENCFF354WQN	ENCSR116NDV	ENCSR869FJD	BPNet	sequence motifs instances	bigBed	ChIP-seq	CBFB	K562	cell-line	cell-line	cell-line	none	none	passed
ENCFF837BQB	ENCFF837BQB	ENCSR142IGM	ENCSR470KOS	BPNet	sequence motifs instances	bigBed	ChIP-seq	CEBPA	HepG2	cell-line	cell-line	cell-line	none	none	passed
ENCFF085TDM	ENCFF085TDM	ENCSR474DCX	ENCSR613GGY	BPNet	sequence motifs instances	bigBed	ChIP-seq	CEBPB	A549	cell-line	cell-line	cell-line	none	none	passed
ENCFF115EYQ	ENCFF115EYQ	ENCSR182OZC	ENCSR817FCW	BPNet	sequence motifs instances	bigBed	ChIP-seq	CEBPB	A549	cell-line	cell-line	cell-line	none	none	passed
ENCFF183AJV	ENCFF183AJV	ENCSR299ILN	ENCSR484BEY	BPNet	sequence motifs instances	bigBed	ChIP-seq	CEBPB	A549	cell-line	cell-line	cell-line	none	none	passed
ENCFF229HKG	ENCFF229HKG	ENCSR701TCU	ENCSR858CXQ	BPNet	sequence motifs instances	bigBed	ChIP-seq	CEBPB	A549	cell-line	cell-line	cell-line	none	none	passed
ENCFF323QKC	ENCFF323QKC	ENCSR216GEB	ENCSR837GTG	BPNet	sequence motifs instances	bigBed	ChIP-seq	CEBPB	A549	cell-line	cell-line	cell-line	none	none	passed
ENCFF360HCR	ENCFF360HCR	ENCSR000DYI	ENCSR369ECF	BPNet	sequence motifs instances	bigBed	ChIP-seq	CEBPB	A549	cell-line	cell-line	cell-line	none	none	passed
ENCFF368LIF	ENCFF368LIF	ENCSR190VMK	ENCSR193DUC	BPNet	sequence motifs instances	bigBed	ChIP-seq	CEBPB	A549	cell-line	cell-line	cell-line	none	none	passed
ENCFF431PJR	ENCFF431PJR	ENCSR000BUB	ENCSR532EMH	BPNet	sequence motifs instances	bigBed	ChIP-seq	CEBPB	A549	cell-line	cell-line	cell-line	none	none	passed
ENCFF477IDJ	ENCFF477IDJ	ENCSR752AQK	ENCSR592NTA	BPNet	sequence motifs instances	bigBed	ChIP-seq	CEBPB	A549	cell-line	cell-line	cell-line	none	none	passed
ENCFF522NSM	ENCFF522NSM	ENCSR269IUA	ENCSR354GWM	BPNet	sequence motifs instances	bigBed	ChIP-seq	CEBPB	A549	cell-line	cell-line	cell-line	none	none	passed
ENCFF615YLM	ENCFF615YLM	ENCSR853DWE	ENCSR104TSU	BPNet	sequence motifs instances	bigBed	ChIP-seq	CEBPB	A549	cell-line	cell-line	cell-line	none	none	passed
ENCFF751IJS	ENCFF751IJS	ENCSR606ZTC	ENCSR646YTU	BPNet	sequence motifs instances	bigBed	ChIP-seq	CEBPB	A549	cell-line	cell-line	cell-line	none	none	passed
ENCFF844QXF	ENCFF844QXF	ENCSR447ZMS	ENCSR499GKM	BPNet	sequence motifs instances	bigBed	ChIP-seq	CEBPB	A549	cell-line	cell-line	cell-line	none	none	passed
ENCFF965KGU	ENCFF965KGU	ENCSR375BUB	ENCSR371YSK	BPNet	sequence motifs instances	bigBed	ChIP-seq	CEBPB	A549	cell-line	cell-line	cell-line	none	none	passed
ENCFF075VSW	ENCFF075VSW	ENCSR000BRX	ENCSR924MMU	BPNet	sequence motifs instances	bigBed	ChIP-seq	CEBPB	GM12878	cell-line	cell-line	cell-line	none	none	passed
ENCFF740LTL	ENCFF740LTL	ENCSR000EBV	ENCSR108YJK	BPNet	sequence motifs instances	bigBed	ChIP-seq	CEBPB	H1	cell-line	cell-line	cell-line	none	none	passed
ENCFF014IIS	ENCFF014IIS	ENCSR000BSD	ENCSR866PPS	BPNet	sequence motifs instances	bigBed	ChIP-seq	CEBPB	HCT116	cell-line	cell-line	cell-line	none	none	passed
ENCFF835CJQ	ENCFF835CJQ	ENCSR000EDA	ENCSR401SDK	BPNet	sequence motifs instances	bigBed	ChIP-seq	CEBPB	HeLa-S3	cell-line	cell-line	cell-line	none	none	passed
ENCFF051AUM	ENCFF051AUM	ENCSR000EEX	ENCSR992MXV	BPNet	sequence motifs instances	bigBed	ChIP-seq	CEBPB	HepG2	cell-line	cell-line	cell-line	none	none	passed
ENCFF328KCJ	ENCFF328KCJ	ENCSR000EEE	ENCSR130EWG	BPNet	sequence motifs instances	bigBed	ChIP-seq	CEBPB	HepG2	cell-line	cell-line	cell-line	none	none	passed
ENCFF851TQT	ENCFF851TQT	ENCSR000BQI	ENCSR191MIR	BPNet	sequence motifs instances	bigBed	ChIP-seq	CEBPB	HepG2	cell-line	cell-line	cell-line	none	none	passed
ENCFF798UUC	ENCFF798UUC	ENCSR000EFM	ENCSR585GEN	BPNet	sequence motifs instances	bigBed	ChIP-seq	CEBPB	IMR-90	cell-line	cell-line	cell-line	none	none	passed
ENCFF729AJC	ENCFF729AJC	ENCSR000BTT	ENCSR373YBM	BPNet	sequence motifs instances	bigBed	ChIP-seq	CEBPB	Ishikawa	cell-line	cell-line	cell-line	none	none	passed
ENCFF123DHE	ENCFF123DHE	ENCSR000EHE	ENCSR613ADC	BPNet	sequence motifs instances	bigBed	ChIP-seq	CEBPB	K562	cell-line	cell-line	cell-line	none	none	passed
ENCFF242EAJ	ENCFF242EAJ	ENCSR416QLJ	ENCSR700UVP	BPNet	sequence motifs instances	bigBed	ChIP-seq	CEBPB	K562	cell-line	cell-line	cell-line	none	none	passed
ENCFF965UYR	ENCFF965UYR	ENCSR000BRQ	ENCSR073GKS	BPNet	sequence motifs instances	bigBed	ChIP-seq	CEBPB	K562	cell-line	cell-line	cell-line	none	none	passed
ENCFF457IGE	ENCFF457IGE	ENCSR000BSR	ENCSR389GZV	BPNet	sequence motifs instances	bigBed	ChIP-seq	CEBPB	MCF-7	cell-line	cell-line	cell-line	none	none	passed
ENCFF141TBW	ENCFF141TBW	ENCSR520MCD	ENCSR607OUC	BPNet	sequence motifs instances	bigBed	ChIP-seq	CEBPD	HepG2	cell-line	cell-line	cell-line	none	none	passed
ENCFF455NCH	ENCFF455NCH	ENCSR639IIZ	ENCSR251BTR	BPNet	sequence motifs instances	bigBed	ChIP-seq	CEBPG	HepG2	cell-line	cell-line	cell-line	none	none	passed
ENCFF160KAY	ENCFF160KAY	ENCSR620VIC	ENCSR136AYM	BPNet	sequence motifs instances	bigBed	ChIP-seq	CEBPG	K562	cell-line	cell-line	cell-line	none	none	passed
ENCFF174TND	ENCFF174TND	ENCSR058DRG	ENCSR311RPM	BPNet	sequence motifs instances	bigBed	ChIP-seq	CEBPG	K562	cell-line	cell-line	cell-line	none	none	passed
ENCFF920QQM	ENCFF920QQM	ENCSR490LWA	ENCSR228BHD	BPNet	sequence motifs instances	bigBed	ChIP-seq	CEBPG	K562	cell-line	cell-line	cell-line	none	none	passed
ENCFF679YPL	ENCFF679YPL	ENCSR094ZCF	ENCSR699NDH	BPNet	sequence motifs instances	bigBed	ChIP-seq	CEBPG	MCF-7	cell-line	cell-line	cell-line	none	none	passed
ENCFF930PSQ	ENCFF930PSQ	ENCSR228OQM	ENCSR652BKL	BPNet	sequence motifs instances	bigBed	ChIP-seq	CLOCK	K562	cell-line	cell-line	cell-line	none	none	passed
ENCFF549DVN	ENCFF549DVN	ENCSR934JDG	ENCSR223EKK	BPNet	sequence motifs instances	bigBed	ChIP-seq	CLOCK	MCF-7	cell-line	cell-line	cell-line	none	none	passed
ENCFF760NOF	ENCFF760NOF	ENCSR699YFX	ENCSR259WPF	BPNet	sequence motifs instances	bigBed	ChIP-seq	CLOCK	MCF-7	cell-line	cell-line	cell-line	none	none	passed
ENCFF859AQG	ENCFF859AQG	ENCSR000BRA	ENCSR142HMT	BPNet	sequence motifs instances	bigBed	ChIP-seq	CREB1	A549	cell-line	cell-line	cell-line	none	none	passed
ENCFF526MYR	ENCFF526MYR	ENCSR000BUF	ENCSR386RTL	BPNet	sequence motifs instances	bigBed	ChIP-seq	CREB1	GM12878	cell-line	cell-line	cell-line	none	none	passed
ENCFF422JXX	ENCFF422JXX	ENCSR214ZAV	ENCSR854EDY	BPNet	sequence motifs instances	bigBed	ChIP-seq	CREB1	GM23338	cell-line	cell-line	cell-line	none	none	passed
ENCFF899CSM	ENCFF899CSM	ENCSR000BSN	ENCSR068UQY	BPNet	sequence motifs instances	bigBed	ChIP-seq	CREB1	H1	cell-line	cell-line	cell-line	none	none	passed
ENCFF351ZEY	ENCFF351ZEY	ENCSR331ORD	ENCSR983YAI	BPNet	sequence motifs instances	bigBed	ChIP-seq	CREB1	HepG2	cell-line	cell-line	cell-line	none	none	passed
ENCFF457EDW	ENCFF457EDW	ENCSR112ALD	ENCSR590FMJ	BPNet	sequence motifs instances	bigBed	ChIP-seq	CREB1	HepG2	cell-line	cell-line	cell-line	none	none	passed
ENCFF462GKH	ENCFF462GKH	ENCSR000BVL	ENCSR546LCZ	BPNet	sequence motifs instances	bigBed	ChIP-seq	CREB1	HepG2	cell-line	cell-line	cell-line	none	none	passed
ENCFF053LIS	ENCFF053LIS	ENCSR000BUR	ENCSR101JSJ	BPNet	sequence motifs instances	bigBed	ChIP-seq	CREB1	Ishikawa	cell-line	cell-line	cell-line	none	none	passed
ENCFF575QFK	ENCFF575QFK	ENCSR000BSO	ENCSR159GCM	BPNet	sequence motifs instances	bigBed	ChIP-seq	CREB1	K562	cell-line	cell-line	cell-line	none	none	passed
ENCFF750FKI	ENCFF750FKI	ENCSR471WXT	ENCSR908WRX	BPNet	sequence motifs instances	bigBed	ChIP-seq	CREB1	K562	cell-line	cell-line	cell-line	none	none	passed
ENCFF055UHP	ENCFF055UHP	ENCSR620DUQ	ENCSR292IHN	BPNet	sequence motifs instances	bigBed	ChIP-seq	CREB1	MCF-7	cell-line	cell-line	cell-line	none	none	passed
ENCFF330YZC	ENCFF330YZC	ENCSR897JAS	ENCSR087LYI	BPNet	sequence motifs instances	bigBed	ChIP-seq	CREB1	MCF-7	cell-line	cell-line	cell-line	none	none	passed
ENCFF289SXR	ENCFF289SXR	ENCSR855XFL	ENCSR193GDX	BPNet	sequence motifs instances	bigBed	ChIP-seq	CREB3	HepG2	cell-line	cell-line	cell-line	none	none	passed
ENCFF061CIN	ENCFF061CIN	ENCSR093FKD	ENCSR406DVL	BPNet	sequence motifs instances	bigBed	ChIP-seq	CREB3	K562	cell-line	cell-line	cell-line	none	none	passed
ENCFF871HBN	ENCFF871HBN	ENCSR109YGM	ENCSR658LOZ	BPNet	sequence motifs instances	bigBed	ChIP-seq	CREB3L1	K562	cell-line	cell-line	cell-line	none	none	passed
ENCFF154CIZ	ENCFF154CIZ	ENCSR935PEA	ENCSR900VOQ	BPNet	sequence motifs instances	bigBed	ChIP-seq	CREB5	K562	cell-line	cell-line	cell-line	none	none	passed
ENCFF269WTN	ENCFF269WTN	ENCSR758GOA	ENCSR254GJX	BPNet	sequence motifs instances	bigBed	ChIP-seq	CREB5	SK-N-SH	cell-line	cell-line	cell-line	none	none	passed
ENCFF675EMJ	ENCFF675EMJ	ENCSR237OGW	ENCSR598TKV	BPNet	sequence motifs instances	bigBed	ChIP-seq	CREBL2	HepG2	cell-line	cell-line	cell-line	none	none	passed
ENCFF726UAO	ENCFF726UAO	ENCSR839XZU	ENCSR016SWO	BPNet	sequence motifs instances	bigBed	ChIP-seq	CREM	GM12878	cell-line	cell-line	cell-line	none	none	passed
ENCFF239PFB	ENCFF239PFB	ENCSR799FCZ	ENCSR278LKR	BPNet	sequence motifs instances	bigBed	ChIP-seq	CREM	HepG2	cell-line	cell-line	cell-line	none	none	passed
ENCFF789CXJ	ENCFF789CXJ	ENCSR903ELW	ENCSR683NNE	BPNet	sequence motifs instances	bigBed	ChIP-seq	CREM	HepG2	cell-line	cell-line	cell-line	none	none	passed
ENCFF066MEX	ENCFF066MEX	ENCSR077DKV	ENCSR048MNW	BPNet	sequence motifs instances	bigBed	ChIP-seq	CREM	K562	cell-line	cell-line	cell-line	none	none	passed
ENCFF741CVF	ENCFF741CVF	ENCSR564TIP	ENCSR081VHO	BPNet	sequence motifs instances	bigBed	ChIP-seq	CREM	WTC11	cell-line	cell-line	cell-line	none	none	passed
ENCFF012HGS	ENCFF012HGS	ENCSR857PBV	ENCSR489YNA	BPNet	sequence motifs instances	bigBed	ChIP-seq	CTCF	22Rv1	cell-line	cell-line	cell-line	none	none	passed
ENCFF887NBM	ENCFF887NBM	ENCSR847XGE	ENCSR050LLD	BPNet	sequence motifs instances	bigBed	ChIP-seq	CTCF	22Rv1	cell-line	cell-line	cell-line	none	none	passed
ENCFF039MPP	ENCFF039MPP	ENCSR000DPF	ENCSR129HIU	BPNet	sequence motifs instances	bigBed	ChIP-seq	CTCF	A549	cell-line	cell-line	cell-line	none	none	passed
ENCFF122MJM	ENCFF122MJM	ENCSR414CQB	ENCSR308BOQ	BPNet	sequence motifs instances	bigBed	ChIP-seq	CTCF	A549	cell-line	cell-line	cell-line	none	none	passed
ENCFF201UNA	ENCFF201UNA	ENCSR000BHW	ENCSR103KFR	BPNet	sequence motifs instances	bigBed	ChIP-seq	CTCF	A549	cell-line	cell-line	cell-line	none	none	passed
ENCFF374QLF	ENCFF374QLF	ENCSR000DNA	ENCSR006HEA	BPNet	sequence motifs instances	bigBed	ChIP-seq	CTCF	A549	cell-line	cell-line	cell-line	none	none	passed
ENCFF393DSU	ENCFF393DSU	ENCSR000AUE	ENCSR762DDL	BPNet	sequence motifs instances	bigBed	ChIP-seq	CTCF	A549	cell-line	cell-line	cell-line	none	none	passed
ENCFF408XHE	ENCFF408XHE	ENCSR553UWG	ENCSR911PNG	BPNet	sequence motifs instances	bigBed	ChIP-seq	CTCF	A549	cell-line	cell-line	cell-line	none	none	passed
ENCFF425SBC	ENCFF425SBC	ENCSR851SOK	ENCSR537HTN	BPNet	sequence motifs instances	bigBed	ChIP-seq	CTCF	A549	cell-line	cell-line	cell-line	none	none	passed
ENCFF528KZY	ENCFF528KZY	ENCSR000DYD	ENCSR702YGF	BPNet	sequence motifs instances	bigBed	ChIP-seq	CTCF	A549	cell-line	cell-line	cell-line	none	none	passed
ENCFF570MBE	ENCFF570MBE	ENCSR173IEA	ENCSR766KYD	BPNet	sequence motifs instances	bigBed	ChIP-seq	CTCF	A549	cell-line	cell-line	cell-line	none	none	passed
ENCFF594VQK	ENCFF594VQK	ENCSR876UZD	ENCSR130FCJ	BPNet	sequence motifs instances	bigBed	ChIP-seq	CTCF	A549	cell-line	cell-line	cell-line	none	none	passed
ENCFF598AYN	ENCFF598AYN	ENCSR035OXA	ENCSR124VGY	BPNet	sequence motifs instances	bigBed	ChIP-seq	CTCF	A549	cell-line	cell-line	cell-line	none	none	passed
ENCFF708VRD	ENCFF708VRD	ENCSR000AUF	ENCSR460WLC	BPNet	sequence motifs instances	bigBed	ChIP-seq	CTCF	A549	cell-line	cell-line	cell-line	none	none	passed
ENCFF749XKI	ENCFF749XKI	ENCSR249JOH	ENCSR725HHO	BPNet	sequence motifs instances	bigBed	ChIP-seq	CTCF	A549	cell-line	cell-line	cell-line	none	none	passed
ENCFF814TFV	ENCFF814TFV	ENCSR336VBV	ENCSR079ECO	BPNet	sequence motifs instances	bigBed	ChIP-seq	CTCF	A549	cell-line	cell-line	cell-line	none	none	passed
ENCFF825LZP	ENCFF825LZP	ENCSR384KPP	ENCSR276DUH	BPNet	sequence motifs instances	bigBed	ChIP-seq	CTCF	A549	cell-line	cell-line	cell-line	none	none	passed
ENCFF841LXI	ENCFF841LXI	ENCSR000BHV	ENCSR546FWR	BPNet	sequence motifs instances	bigBed	ChIP-seq	CTCF	A549	cell-line	cell-line	cell-line	none	none	passed
ENCFF855LDI	ENCFF855LDI	ENCSR130TQM	ENCSR832RWD	BPNet	sequence motifs instances	bigBed	ChIP-seq	CTCF	A549	cell-line	cell-line	cell-line	none	none	passed
ENCFF984XEQ	ENCFF984XEQ	ENCSR432AXE	ENCSR972KHT	BPNet	sequence motifs instances	bigBed	ChIP-seq	CTCF	A549	cell-line	cell-line	cell-line	none	none	passed
ENCFF992ZSG	ENCFF992ZSG	ENCSR287UXS	ENCSR022WFB	BPNet	sequence motifs instances	bigBed	ChIP-seq	CTCF	A549	cell-line	cell-line	cell-line	none	none	passed
ENCFF993PQB	ENCFF993PQB	ENCSR611JJS	ENCSR920OKJ	BPNet	sequence motifs instances	bigBed	ChIP-seq	CTCF	A673	cell-line	cell-line	cell-line	none	none	passed
ENCFF888ZOR	ENCFF888ZOR	ENCSR000DPG	ENCSR378SIR	BPNet	sequence motifs instances	bigBed	ChIP-seq	CTCF	AG04449	cell-line	cell-line	cell-line	none	none	passed
ENCFF820ZAP	ENCFF820ZAP	ENCSR000DPM	ENCSR853WQB	BPNet	sequence motifs instances	bigBed	ChIP-seq	CTCF	AG04450	cell-line	cell-line	cell-line	none	none	passed
ENCFF442MRN	ENCFF442MRN	ENCSR000DPP	ENCSR909PCF	BPNet	sequence motifs instances	bigBed	ChIP-seq	CTCF	AG09309	cell-line	cell-line	cell-line	none	none	passed
ENCFF064IZT	ENCFF064IZT	ENCSR000DPS	ENCSR681HNW	BPNet	sequence motifs instances	bigBed	ChIP-seq	CTCF	AG09319	cell-line	cell-line	cell-line	none	none	passed
ENCFF270YCZ	ENCFF270YCZ	ENCSR000DPV	ENCSR945LOE	BPNet	sequence motifs instances	bigBed	ChIP-seq	CTCF	AG10803	cell-line	cell-line	cell-line	none	none	passed
ENCFF412MOA	ENCFF412MOA	ENCSR000AUV	ENCSR703RYO	BPNet	sequence motifs instances	bigBed	ChIP-seq	CTCF	B-cell	b-cell	immune	immune-system	none	none	passed
ENCFF693VVR	ENCFF693VVR	ENCSR075NRV	ENCSR589SIZ	BPNet	sequence motifs instances	bigBed	ChIP-seq	CTCF	B-cell	b-cell	immune	immune-system	none	none	passed
ENCFF247FIR	ENCFF247FIR	ENCSR000DQD	ENCSR809LZD	BPNet	sequence motifs instances	bigBed	ChIP-seq	CTCF	BE2C	cell-line	cell-line	cell-line	none	none	passed
ENCFF287TEC	ENCFF287TEC	ENCSR000DQI	ENCSR396FYG	BPNet	sequence motifs instances	bigBed	ChIP-seq	CTCF	BJ	cell-line	cell-line	cell-line	none	none	passed
ENCFF038TYB	ENCFF038TYB	ENCSR460LGH	ENCSR097TEU	BPNet	sequence motifs instances	bigBed	ChIP-seq	CTCF	C4-2B	cell-line	cell-line	cell-line	none	none	passed
ENCFF323LYV	ENCFF323LYV	ENCSR162KZY	ENCSR644MSL	BPNet	sequence motifs instances	bigBed	ChIP-seq	CTCF	CD14-positive-monocyte	cd	immune	immune-system	none	none	passed
ENCFF595IXZ	ENCFF595IXZ	ENCSR000ATN	ENCSR973TTH	BPNet	sequence motifs instances	bigBed	ChIP-seq	CTCF	CD14-positive-monocyte	cd	immune	immune-system	none	none	passed
ENCFF198XHX	ENCFF198XHX	ENCSR470KCE	ENCSR110MUG	BPNet	sequence motifs instances	bigBed	ChIP-seq	CTCF	CD4-positive,-alpha-beta-T-cell	t-cell	immune	immune-system	none	none	passed
ENCFF581KXI	ENCFF581KXI	ENCSR116AKQ	ENCSR301ZKN	BPNet	sequence motifs instances	bigBed	ChIP-seq	CTCF	CD8-positive,-alpha-beta-T-cell	t-cell	immune	immune-system	none	none	passed
ENCFF354TFQ	ENCFF354TFQ	ENCSR000DQN	ENCSR832NEH	BPNet	sequence motifs instances	bigBed	ChIP-seq	CTCF	Caco-2	cell-line	cell-line	cell-line	none	none	passed
ENCFF795ZWR	ENCFF795ZWR	ENCSR961IOA	ENCSR990LSR	BPNet	sequence motifs instances	bigBed	ChIP-seq	CTCF	Caco-2	cell-line	cell-line	cell-line	none	none	passed
ENCFF042HJV	ENCFF042HJV	ENCSR921ERP	ENCSR429DFS	BPNet	sequence motifs instances	bigBed	ChIP-seq	CTCF	Calu3	cell-line	cell-line	cell-line	none	none	passed
ENCFF442WHX	ENCFF442WHX	ENCSR000DMY	ENCSR144FRI	BPNet	sequence motifs instances	bigBed	ChIP-seq	CTCF	D721Med	cell-line	cell-line	cell-line	none	none	passed
ENCFF116IWO	ENCFF116IWO	ENCSR000AQU	ENCSR804TKE	BPNet	sequence motifs instances	bigBed	ChIP-seq	CTCF	DND-41	cell-line	cell-line	cell-line	none	none	passed
ENCFF474JBU	ENCFF474JBU	ENCSR084RDK	ENCSR151HUS	BPNet	sequence motifs instances	bigBed	ChIP-seq	CTCF	DOHH2	cell-line	cell-line	cell-line	none	none	passed
ENCFF434XZI	ENCFF434XZI	ENCSR000DQW	ENCSR734CVF	BPNet	sequence motifs instances	bigBed	ChIP-seq	CTCF	GM06990	cell-line	cell-line	cell-line	none	none	passed
ENCFF749HST	ENCFF749HST	ENCSR000DKP	ENCSR737MKU	BPNet	sequence motifs instances	bigBed	ChIP-seq	CTCF	GM10248	cell-line	cell-line	cell-line	none	none	passed
ENCFF150ZIW	ENCFF150ZIW	ENCSR000DKR	ENCSR678ZBU	BPNet	sequence motifs instances	bigBed	ChIP-seq	CTCF	GM10266	cell-line	cell-line	cell-line	none	none	passed
ENCFF376XVU	ENCFF376XVU	ENCSR000DRB	ENCSR838GVN	BPNet	sequence motifs instances	bigBed	ChIP-seq	CTCF	GM12864	cell-line	cell-line	cell-line	none	none	passed
ENCFF586JMX	ENCFF586JMX	ENCSR000DRE	ENCSR328AFR	BPNet	sequence motifs instances	bigBed	ChIP-seq	CTCF	GM12865	cell-line	cell-line	cell-line	none	none	passed
ENCFF700MPG	ENCFF700MPG	ENCSR000DRN	ENCSR423ZAB	BPNet	sequence motifs instances	bigBed	ChIP-seq	CTCF	GM12872	cell-line	cell-line	cell-line	none	none	passed
ENCFF634YZK	ENCFF634YZK	ENCSR000DRP	ENCSR268ALZ	BPNet	sequence motifs instances	bigBed	ChIP-seq	CTCF	GM12873	cell-line	cell-line	cell-line	none	none	passed
ENCFF562IJM	ENCFF562IJM	ENCSR000DRR	ENCSR660QIG	BPNet	sequence motifs instances	bigBed	ChIP-seq	CTCF	GM12874	cell-line	cell-line	cell-line	none	none	passed
ENCFF941ZQA	ENCFF941ZQA	ENCSR000DRU	ENCSR803FJZ	BPNet	sequence motifs instances	bigBed	ChIP-seq	CTCF	GM12875	cell-line	cell-line	cell-line	none	none	passed
ENCFF121EBS	ENCFF121EBS	ENCSR000DZN	ENCSR419MKE	BPNet	sequence motifs instances	bigBed	ChIP-seq	CTCF	GM12878	cell-line	cell-line	cell-line	none	none	passed
ENCFF204WNJ	ENCFF204WNJ	ENCSR000DKV	ENCSR991FIE	BPNet	sequence motifs instances	bigBed	ChIP-seq	CTCF	GM12878	cell-line	cell-line	cell-line	none	none	passed
ENCFF347ZRQ	ENCFF347ZRQ	ENCSR000DRZ	ENCSR079TDJ	BPNet	sequence motifs instances	bigBed	ChIP-seq	CTCF	GM12878	cell-line	cell-line	cell-line	none	none	passed
ENCFF898AUK	ENCFF898AUK	ENCSR000AKB	ENCSR828JES	BPNet	sequence motifs instances	bigBed	ChIP-seq	CTCF	GM12878	cell-line	cell-line	cell-line	none	none	passed
ENCFF076EQQ	ENCFF076EQQ	ENCSR000DKZ	ENCSR203ACM	BPNet	sequence motifs instances	bigBed	ChIP-seq	CTCF	GM13976	cell-line	cell-line	cell-line	none	none	passed
ENCFF930WHG	ENCFF930WHG	ENCSR000DLB	ENCSR184UDP	BPNet	sequence motifs instances	bigBed	ChIP-seq	CTCF	GM13977	cell-line	cell-line	cell-line	none	none	passed
ENCFF547CTI	ENCFF547CTI	ENCSR000DLG	ENCSR625FMQ	BPNet	sequence motifs instances	bigBed	ChIP-seq	CTCF	GM20000	cell-line	cell-line	cell-line	none	none	passed
ENCFF083YSP	ENCFF083YSP	ENCSR611HGB	ENCSR014TCF	BPNet	sequence motifs instances	bigBed	ChIP-seq	CTCF	GM23338	cell-line	cell-line	cell-line	none	none	passed
ENCFF337DFA	ENCFF337DFA	ENCSR987GXT	ENCSR623FBO	BPNet	sequence motifs instances	bigBed	ChIP-seq	CTCF	GM23338	cell-line	cell-line	cell-line	none	none	passed
ENCFF711MLM	ENCFF711MLM	ENCSR932ZMX	ENCSR861XDX	BPNet	sequence motifs instances	bigBed	ChIP-seq	CTCF	GM23338	cell-line	cell-line	cell-line	none	none	passed
ENCFF234TEO	ENCFF234TEO	ENCSR000DLK	ENCSR951XDR	BPNet	sequence motifs instances	bigBed	ChIP-seq	CTCF	H1	cell-line	cell-line	cell-line	none	none	passed
ENCFF562DID	ENCFF562DID	ENCSR000AMF	ENCSR388MGB	BPNet	sequence motifs instances	bigBed	ChIP-seq	CTCF	H1	cell-line	cell-line	cell-line	none	none	passed
ENCFF916OYG	ENCFF916OYG	ENCSR000BNH	ENCSR564EWM	BPNet	sequence motifs instances	bigBed	ChIP-seq	CTCF	H1	cell-line	cell-line	cell-line	none	none	passed
ENCFF976LIL	ENCFF976LIL	ENCSR000DKN	ENCSR334UTF	BPNet	sequence motifs instances	bigBed	ChIP-seq	CTCF	H54	cell-line	cell-line	cell-line	none	none	passed
ENCFF838KGH	ENCFF838KGH	ENCSR871MKQ	ENCSR047KAE	BPNet	sequence motifs instances	bigBed	ChIP-seq	CTCF	H9	cell-line	cell-line	cell-line	none	none	passed
ENCFF007SVO	ENCFF007SVO	ENCSR908TBJ	ENCSR837PNF	BPNet	sequence motifs instances	bigBed	ChIP-seq	CTCF	HCT116	cell-line	cell-line	cell-line	none	none	passed
ENCFF088YQT	ENCFF088YQT	ENCSR000BSE	ENCSR411AQS	BPNet	sequence motifs instances	bigBed	ChIP-seq	CTCF	HCT116	cell-line	cell-line	cell-line	none	none	passed
ENCFF132HCX	ENCFF132HCX	ENCSR048RGR	ENCSR122FGV	BPNet	sequence motifs instances	bigBed	ChIP-seq	CTCF	HCT116	cell-line	cell-line	cell-line	none	none	passed
ENCFF267MDZ	ENCFF267MDZ	ENCSR450DXU	ENCSR808TEA	BPNet	sequence motifs instances	bigBed	ChIP-seq	CTCF	HCT116	cell-line	cell-line	cell-line	none	none	passed
ENCFF389XWB	ENCFF389XWB	ENCSR216SIK	ENCSR446GUY	BPNet	sequence motifs instances	bigBed	ChIP-seq	CTCF	HCT116	cell-line	cell-line	cell-line	none	none	passed
ENCFF461FLG	ENCFF461FLG	ENCSR954MUZ	ENCSR522YJE	BPNet	sequence motifs instances	bigBed	ChIP-seq	CTCF	HCT116	cell-line	cell-line	cell-line	none	none	passed
ENCFF515HIO	ENCFF515HIO	ENCSR000DTO	ENCSR479EDA	BPNet	sequence motifs instances	bigBed	ChIP-seq	CTCF	HCT116	cell-line	cell-line	cell-line	none	none	passed
ENCFF631DNJ	ENCFF631DNJ	ENCSR385CDF	ENCSR991MUU	BPNet	sequence motifs instances	bigBed	ChIP-seq	CTCF	HCT116	cell-line	cell-line	cell-line	none	none	passed
ENCFF661ITP	ENCFF661ITP	ENCSR352EIC	ENCSR635JNK	BPNet	sequence motifs instances	bigBed	ChIP-seq	CTCF	HCT116	cell-line	cell-line	cell-line	none	none	passed
ENCFF722PJZ	ENCFF722PJZ	ENCSR160GVO	ENCSR212VCX	BPNet	sequence motifs instances	bigBed	ChIP-seq	CTCF	HCT116	cell-line	cell-line	cell-line	none	none	passed
ENCFF722WRU	ENCFF722WRU	ENCSR979ZEO	ENCSR458KCW	BPNet	sequence motifs instances	bigBed	ChIP-seq	CTCF	HCT116	cell-line	cell-line	cell-line	none	none	passed
ENCFF723EMM	ENCFF723EMM	ENCSR671ITY	ENCSR053AKB	BPNet	sequence motifs instances	bigBed	ChIP-seq	CTCF	HCT116	cell-line	cell-line	cell-line	none	none	passed
ENCFF734YHW	ENCFF734YHW	ENCSR597TGH	ENCSR987ARI	BPNet	sequence motifs instances	bigBed	ChIP-seq	CTCF	HCT116	cell-line	cell-line	cell-line	none	none	passed
ENCFF786ONZ	ENCFF786ONZ	ENCSR288YJL	ENCSR824RSD	BPNet	sequence motifs instances	bigBed	ChIP-seq	CTCF	HCT116	cell-line	cell-line	cell-line	none	none	passed
ENCFF788XBY	ENCFF788XBY	ENCSR107GWZ	ENCSR809QEU	BPNet	sequence motifs instances	bigBed	ChIP-seq	CTCF	HCT116	cell-line	cell-line	cell-line	none	none	passed
ENCFF811BUH	ENCFF811BUH	ENCSR059BCO	ENCSR007ULB	BPNet	sequence motifs instances	bigBed	ChIP-seq	CTCF	HCT116	cell-line	cell-line	cell-line	none	none	passed
ENCFF887WWQ	ENCFF887WWQ	ENCSR341OQG	ENCSR326PBH	BPNet	sequence motifs instances	bigBed	ChIP-seq	CTCF	HCT116	cell-line	cell-line	cell-line	none	none	passed
ENCFF918SSV	ENCFF918SSV	ENCSR240PRQ	ENCSR414BOR	BPNet	sequence motifs instances	bigBed	ChIP-seq	CTCF	HCT116	cell-line	cell-line	cell-line	none	none	passed
ENCFF969UVJ	ENCFF969UVJ	ENCSR446FOM	ENCSR450FNU	BPNet	sequence motifs instances	bigBed	ChIP-seq	CTCF	HCT116	cell-line	cell-line	cell-line	none	none	passed
ENCFF349ZGA	ENCFF349ZGA	ENCSR617IFZ	ENCSR468NBS	BPNet	sequence motifs instances	bigBed	ChIP-seq	CTCF	HEK293	cell-line	cell-line	cell-line	none	none	passed
ENCFF782BMK	ENCFF782BMK	ENCSR000DTW	ENCSR937GND	BPNet	sequence motifs instances	bigBed	ChIP-seq	CTCF	HEK293	cell-line	cell-line	cell-line	none	none	passed
ENCFF172AHM	ENCFF172AHM	ENCSR000DUM	ENCSR868VBN	BPNet	sequence motifs instances	bigBed	ChIP-seq	CTCF	HFF-Myc	cell-line	cell-line	cell-line	none	none	passed
ENCFF376OPG	ENCFF376OPG	ENCSR163ULN	ENCSR395UKF	BPNet	sequence motifs instances	bigBed	ChIP-seq	CTCF	HFFc6	cell-line	cell-line	cell-line	none	none	passed
ENCFF819GCN	ENCFF819GCN	ENCSR000DUP	ENCSR275BLH	BPNet	sequence motifs instances	bigBed	ChIP-seq	CTCF	HL-60	cell-line	cell-line	cell-line	none	none	passed
ENCFF538NSE	ENCFF538NSE	ENCSR000DLO	ENCSR971MHL	BPNet	sequence motifs instances	bigBed	ChIP-seq	CTCF	HeLa-S3	cell-line	cell-line	cell-line	none	none	passed
ENCFF661EZK	ENCFF661EZK	ENCSR000DUB	ENCSR351FAH	BPNet	sequence motifs instances	bigBed	ChIP-seq	CTCF	HeLa-S3	cell-line	cell-line	cell-line	none	none	passed
ENCFF992TUK	ENCFF992TUK	ENCSR000AOA	ENCSR052JJA	BPNet	sequence motifs instances	bigBed	ChIP-seq	CTCF	HeLa-S3	cell-line	cell-line	cell-line	none	none	passed
ENCFF158NIV	ENCFF158NIV	ENCSR000BIE	ENCSR810FHL	BPNet	sequence motifs instances	bigBed	ChIP-seq	CTCF	HepG2	cell-line	cell-line	cell-line	none	none	passed
ENCFF177TYJ	ENCFF177TYJ	ENCSR000DUG	ENCSR314HTI	BPNet	sequence motifs instances	bigBed	ChIP-seq	CTCF	HepG2	cell-line	cell-line	cell-line	none	none	passed
ENCFF296KHY	ENCFF296KHY	ENCSR000AMA	ENCSR999XPW	BPNet	sequence motifs instances	bigBed	ChIP-seq	CTCF	HepG2	cell-line	cell-line	cell-line	none	none	passed
ENCFF301LRG	ENCFF301LRG	ENCSR000DLS	ENCSR393NEE	BPNet	sequence motifs instances	bigBed	ChIP-seq	CTCF	HepG2	cell-line	cell-line	cell-line	none	none	passed
ENCFF647WTI	ENCFF647WTI	ENCSR607XFI	ENCSR019KHO	BPNet	sequence motifs instances	bigBed	ChIP-seq	CTCF	HepG2	cell-line	cell-line	cell-line	none	none	passed
ENCFF206JNI	ENCFF206JNI	ENCSR000EFI	ENCSR691RJO	BPNet	sequence motifs instances	bigBed	ChIP-seq	CTCF	IMR-90	cell-line	cell-line	cell-line	none	none	passed
ENCFF506UNB	ENCFF506UNB	ENCSR000BQE	ENCSR417SZU	BPNet	sequence motifs instances	bigBed	ChIP-seq	CTCF	Ishikawa	cell-line	cell-line	cell-line	none	none	passed
ENCFF142VOE	ENCFF142VOE	ENCSR000AKO	ENCSR415PVR	BPNet	sequence motifs instances	bigBed	ChIP-seq	CTCF	K562	cell-line	cell-line	cell-line	none	none	passed
ENCFF230ZWG	ENCFF230ZWG	ENCSR000DMA	ENCSR951XAM	BPNet	sequence motifs instances	bigBed	ChIP-seq	CTCF	K562	cell-line	cell-line	cell-line	none	none	passed
ENCFF236HZR	ENCFF236HZR	ENCSR000DWE	ENCSR263BFL	BPNet	sequence motifs instances	bigBed	ChIP-seq	CTCF	K562	cell-line	cell-line	cell-line	none	none	passed
ENCFF568HJB	ENCFF568HJB	ENCSR000EGM	ENCSR957ZSR	BPNet	sequence motifs instances	bigBed	ChIP-seq	CTCF	K562	cell-line	cell-line	cell-line	none	none	passed
ENCFF661HYT	ENCFF661HYT	ENCSR000BPJ	ENCSR733IVP	BPNet	sequence motifs instances	bigBed	ChIP-seq	CTCF	K562	cell-line	cell-line	cell-line	none	none	passed
ENCFF238XSS	ENCFF238XSS	ENCSR430YRJ	ENCSR697GRK	BPNet	sequence motifs instances	bigBed	ChIP-seq	CTCF	KMS-11	cell-line	cell-line	cell-line	none	none	passed
ENCFF394HXO	ENCFF394HXO	ENCSR673WZL	ENCSR520XYQ	BPNet	sequence motifs instances	bigBed	ChIP-seq	CTCF	LNCAP	cell-line	cell-line	cell-line	none	none	passed
ENCFF568MTB	ENCFF568MTB	ENCSR315NAC	ENCSR130PWB	BPNet	sequence motifs instances	bigBed	ChIP-seq	CTCF	LNCAP	cell-line	cell-line	cell-line	none	none	passed
ENCFF238EYR	ENCFF238EYR	ENCSR000DME	ENCSR124ANL	BPNet	sequence motifs instances	bigBed	ChIP-seq	CTCF	LNCaP-clone-FGC	cell-line	cell-line	cell-line	none	none	passed
ENCFF980TPD	ENCFF980TPD	ENCSR000DMF	ENCSR531NRZ	BPNet	sequence motifs instances	bigBed	ChIP-seq	CTCF	LNCaP-clone-FGC	cell-line	cell-line	cell-line	none	none	passed
ENCFF947PGO	ENCFF947PGO	ENCSR464DKE	ENCSR015MLK	BPNet	sequence motifs instances	bigBed	ChIP-seq	CTCF	Loucy	cell-line	cell-line	cell-line	none	none	passed
ENCFF719BDQ	ENCFF719BDQ	ENCSR193SZD	ENCSR086VQU	BPNet	sequence motifs instances	bigBed	ChIP-seq	CTCF	MCF-10A	cell-line	cell-line	cell-line	none	none	passed
ENCFF125BKC	ENCFF125BKC	ENCSR560BUE	ENCSR230CZR	BPNet	sequence motifs instances	bigBed	ChIP-seq	CTCF	MCF-7	cell-line	cell-line	cell-line	none	none	passed
ENCFF145GUO	ENCFF145GUO	ENCSR000DMR	ENCSR074QPD	BPNet	sequence motifs instances	bigBed	ChIP-seq	CTCF	MCF-7	cell-line	cell-line	cell-line	none	none	passed
ENCFF312DMC	ENCFF312DMC	ENCSR000DMS	ENCSR304HYA	BPNet	sequence motifs instances	bigBed	ChIP-seq	CTCF	MCF-7	cell-line	cell-line	cell-line	none	none	passed
ENCFF530USK	ENCFF530USK	ENCSR000DWH	ENCSR339GNY	BPNet	sequence motifs instances	bigBed	ChIP-seq	CTCF	MCF-7	cell-line	cell-line	cell-line	none	none	passed
ENCFF531KXL	ENCFF531KXL	ENCSR000DMO	ENCSR927TIG	BPNet	sequence motifs instances	bigBed	ChIP-seq	CTCF	MCF-7	cell-line	cell-line	cell-line	none	none	passed
ENCFF552XUE	ENCFF552XUE	ENCSR000AHD	ENCSR867WPY	BPNet	sequence motifs instances	bigBed	ChIP-seq	CTCF	MCF-7	cell-line	cell-line	cell-line	none	none	passed
ENCFF757QDG	ENCFF757QDG	ENCSR000DMV	ENCSR981SVE	BPNet	sequence motifs instances	bigBed	ChIP-seq	CTCF	MCF-7	cell-line	cell-line	cell-line	none	none	passed
ENCFF894IUY	ENCFF894IUY	ENCSR000DML	ENCSR570LWR	BPNet	sequence motifs instances	bigBed	ChIP-seq	CTCF	MCF-7	cell-line	cell-line	cell-line	none	none	passed
ENCFF558ZVM	ENCFF558ZVM	ENCSR402IDP	ENCSR138KWF	BPNet	sequence motifs instances	bigBed	ChIP-seq	CTCF	MM.1S	cell-line	cell-line	cell-line	none	none	passed
ENCFF691OPP	ENCFF691OPP	ENCSR000DWN	ENCSR819SXO	BPNet	sequence motifs instances	bigBed	ChIP-seq	CTCF	NB4	cell-line	cell-line	cell-line	none	none	passed
ENCFF351EQU	ENCFF351EQU	ENCSR072EUE	ENCSR154BBO	BPNet	sequence motifs instances	bigBed	ChIP-seq	CTCF	OCI-LY1	cell-line	cell-line	cell-line	none	none	passed
ENCFF067RBN	ENCFF067RBN	ENCSR756ZKG	ENCSR558MKV	BPNet	sequence motifs instances	bigBed	ChIP-seq	CTCF	OCI-LY3	cell-line	cell-line	cell-line	none	none	passed
ENCFF983VIM	ENCFF983VIM	ENCSR027HML	ENCSR114GIC	BPNet	sequence motifs instances	bigBed	ChIP-seq	CTCF	OCI-LY7	cell-line	cell-line	cell-line	none	none	passed
ENCFF549HZF	ENCFF549HZF	ENCSR359LOD	ENCSR989TFC	BPNet	sequence motifs instances	bigBed	ChIP-seq	CTCF	PC-3	cell-line	cell-line	cell-line	none	none	passed
ENCFF506KNU	ENCFF506KNU	ENCSR243INX	ENCSR183DBQ	BPNet	sequence motifs instances	bigBed	ChIP-seq	CTCF	PC-9	cell-line	cell-line	cell-line	none	none	passed
ENCFF135GDP	ENCFF135GDP	ENCSR203QEB	ENCSR595ARZ	BPNet	sequence motifs instances	bigBed	ChIP-seq	CTCF	Panc1	cell-line	cell-line	cell-line	none	none	passed
ENCFF038IKD	ENCFF038IKD	ENCSR799WDT	ENCSR654QKU	BPNet	sequence motifs instances	bigBed	ChIP-seq	CTCF	Peyer's-patch	eye	eye	sensory-system	none	none	passed
ENCFF179HEM	ENCFF179HEM	ENCSR419ANE	ENCSR583PRG	BPNet	sequence motifs instances	bigBed	ChIP-seq	CTCF	Peyer's-patch	eye	eye	sensory-system	none	none	passed
ENCFF313NJD	ENCFF313NJD	ENCSR391ZKN	ENCSR059RRH	BPNet	sequence motifs instances	bigBed	ChIP-seq	CTCF	Peyer's-patch	eye	eye	sensory-system	none	none	passed
ENCFF750CDG	ENCFF750CDG	ENCSR568IVD	ENCSR150JOI	BPNet	sequence motifs instances	bigBed	ChIP-seq	CTCF	Peyer's-patch	eye	eye	sensory-system	none	none	passed
ENCFF777HMU	ENCFF777HMU	ENCSR375VXU	ENCSR061TLE	BPNet	sequence motifs instances	bigBed	ChIP-seq	CTCF	Peyer's-patch	eye	eye	sensory-system	none	none	passed
ENCFF956VAC	ENCFF956VAC	ENCSR542SCB	ENCSR060YDH	BPNet	sequence motifs instances	bigBed	ChIP-seq	CTCF	Peyer's-patch	eye	eye	sensory-system	none	none	passed
ENCFF267YVL	ENCFF267YVL	ENCSR303GFI	ENCSR308VAP	BPNet	sequence motifs instances	bigBed	ChIP-seq	CTCF	RWPE1	cell-line	cell-line	cell-line	none	none	passed
ENCFF933LKN	ENCFF933LKN	ENCSR856JJB	ENCSR551RQP	BPNet	sequence motifs instances	bigBed	ChIP-seq	CTCF	RWPE2	cell-line	cell-line	cell-line	none	none	passed
ENCFF400BWR	ENCFF400BWR	ENCSR000EIC	ENCSR616ZXI	BPNet	sequence motifs instances	bigBed	ChIP-seq	CTCF	SK-N-SH	cell-line	cell-line	cell-line	none	none	passed
ENCFF430NGY	ENCFF430NGY	ENCSR000BLX	ENCSR134WBS	BPNet	sequence motifs instances	bigBed	ChIP-seq	CTCF	SK-N-SH	cell-line	cell-line	cell-line	none	none	passed
ENCFF703AHX	ENCFF703AHX	ENCSR541AMF	ENCSR306PMY	BPNet	sequence motifs instances	bigBed	ChIP-seq	CTCF	SK-N-SH	cell-line	cell-line	cell-line	none	none	passed
ENCFF851UPY	ENCFF851UPY	ENCSR000DXQ	ENCSR252BKY	BPNet	sequence motifs instances	bigBed	ChIP-seq	CTCF	SK-N-SH	cell-line	cell-line	cell-line	none	none	passed
ENCFF515HCN	ENCFF515HCN	ENCSR125DKL	ENCSR945WSJ	BPNet	sequence motifs instances	bigBed	ChIP-seq	CTCF	SU-DHL-6	cell-line	cell-line	cell-line	none	none	passed
ENCFF005DZB	ENCFF005DZB	ENCSR000BNO	ENCSR950HAX	BPNet	sequence motifs instances	bigBed	ChIP-seq	CTCF	T47D	cell-line	cell-line	cell-line	none	none	passed
ENCFF351TWO	ENCFF351TWO	ENCSR265ARE	ENCSR950XKG	BPNet	sequence motifs instances	bigBed	ChIP-seq	CTCF	VCaP	cell-line	cell-line	cell-line	none	none	passed
ENCFF069RKX	ENCFF069RKX	ENCSR000DXW	ENCSR957WLY	BPNet	sequence motifs instances	bigBed	ChIP-seq	CTCF	WERI-Rb-1	cell-line	cell-line	cell-line	none	none	passed
ENCFF593TYS	ENCFF593TYS	ENCSR000DYB	ENCSR802AQG	BPNet	sequence motifs instances	bigBed	ChIP-seq	CTCF	WI38	cell-line	cell-line	cell-line	none	none	passed
ENCFF559UTC	ENCFF559UTC	ENCSR992XTY	ENCSR010BYI	BPNet	sequence motifs instances	bigBed	ChIP-seq	CTCF	WTC11	cell-line	cell-line	cell-line	none	none	passed
ENCFF243KGG	ENCFF243KGG	ENCSR806WWX	ENCSR859DOV	BPNet	sequence motifs instances	bigBed	ChIP-seq	CTCF	activated-CD4-positive,-alpha-beta-T-cell	t-cell	immune	immune-system	none	none	passed
ENCFF697EIR	ENCFF697EIR	ENCSR347MXL	ENCSR238POW	BPNet	sequence motifs instances	bigBed	ChIP-seq	CTCF	activated-CD8-positive,-alpha-beta-T-cell	t-cell	immune	immune-system	none	none	passed
ENCFF046SMM	ENCFF046SMM	ENCSR770IWO	ENCSR430TGX	BPNet	sequence motifs instances	bigBed	ChIP-seq	CTCF	adrenal-gland	renal	kidney	excretory-system	none	none	passed
ENCFF070YFD	ENCFF070YFD	ENCSR408ZEE	ENCSR694LPN	BPNet	sequence motifs instances	bigBed	ChIP-seq	CTCF	adrenal-gland	renal	kidney	excretory-system	none	none	passed
ENCFF123ALX	ENCFF123ALX	ENCSR450BLH	ENCSR859ZSI	BPNet	sequence motifs instances	bigBed	ChIP-seq	CTCF	adrenal-gland	renal	kidney	excretory-system	none	none	passed
ENCFF586ACY	ENCFF586ACY	ENCSR899JSO	ENCSR300KET	BPNet	sequence motifs instances	bigBed	ChIP-seq	CTCF	adrenal-gland	renal	kidney	excretory-system	none	none	passed
ENCFF969ACG	ENCFF969ACG	ENCSR014GSQ	ENCSR312WCC	BPNet	sequence motifs instances	bigBed	ChIP-seq	CTCF	adrenal-gland	renal	kidney	excretory-system	none	none	passed
ENCFF456IQS	ENCFF456IQS	ENCSR960MDF	ENCSR059JVC	BPNet	sequence motifs instances	bigBed	ChIP-seq	CTCF	ascending-aorta	aorta	blood-vessel	circulatory-system	none	none	passed
ENCFF837HHJ	ENCFF837HHJ	ENCSR555DCD	ENCSR496CAI	BPNet	sequence motifs instances	bigBed	ChIP-seq	CTCF	ascending-aorta	aorta	blood-vessel	circulatory-system	none	none	passed
ENCFF850AWE	ENCFF850AWE	ENCSR846JKO	ENCSR158XRS	BPNet	sequence motifs instances	bigBed	ChIP-seq	CTCF	ascending-aorta	aorta	blood-vessel	circulatory-system	none	none	passed
ENCFF093IDC	ENCFF093IDC	ENCSR461VHZ	ENCSR376CPP	BPNet	sequence motifs instances	bigBed	ChIP-seq	CTCF	astrocyte	astrocyte	nerve	central-nervous-system	none	none	passed
ENCFF661UOO	ENCFF661UOO	ENCSR000AOO	ENCSR914MYE	BPNet	sequence motifs instances	bigBed	ChIP-seq	CTCF	astrocyte	astrocyte	nerve	central-nervous-system	none	none	passed
ENCFF467PQU	ENCFF467PQU	ENCSR000DSZ	ENCSR761SWJ	BPNet	sequence motifs instances	bigBed	ChIP-seq	CTCF	astrocyte-of-the-cerebellum	cerebell	brain	central-nervous-system	none	none	passed
ENCFF773WHY	ENCFF773WHY	ENCSR000DSU	ENCSR956MDS	BPNet	sequence motifs instances	bigBed	ChIP-seq	CTCF	astrocyte-of-the-spinal-cord	spinal	CNS	central-nervous-system	none	none	passed
ENCFF125TME	ENCFF125TME	ENCSR619IUE	ENCSR279XHJ	BPNet	sequence motifs instances	bigBed	ChIP-seq	CTCF	bipolar-neuron	neuron	nerve	central-nervous-system	none	none	passed
ENCFF549JKT	ENCFF549JKT	ENCSR066BZZ	ENCSR729UBC	BPNet	sequence motifs instances	bigBed	ChIP-seq	CTCF	bipolar-neuron	neuron	nerve	central-nervous-system	none	none	passed
ENCFF026HVJ	ENCFF026HVJ	ENCSR687APM	ENCSR643WMK	BPNet	sequence motifs instances	bigBed	ChIP-seq	CTCF	body-of-pancreas	pancreas	pancreas	digestive-system	none	none	passed
ENCFF120DRU	ENCFF120DRU	ENCSR572DUJ	ENCSR771MUU	BPNet	sequence motifs instances	bigBed	ChIP-seq	CTCF	body-of-pancreas	pancreas	pancreas	digestive-system	none	none	passed
ENCFF396JSL	ENCFF396JSL	ENCSR585KBH	ENCSR852JRK	BPNet	sequence motifs instances	bigBed	ChIP-seq	CTCF	body-of-pancreas	pancreas	pancreas	digestive-system	none	none	passed
ENCFF527DCO	ENCFF527DCO	ENCSR307PFP	ENCSR063UWV	BPNet	sequence motifs instances	bigBed	ChIP-seq	CTCF	body-of-pancreas	pancreas	pancreas	digestive-system	none	none	passed
ENCFF740BXZ	ENCFF740BXZ	ENCSR408XTO	ENCSR612FYX	BPNet	sequence motifs instances	bigBed	ChIP-seq	CTCF	body-of-pancreas	pancreas	pancreas	digestive-system	none	none	passed
ENCFF761RHE	ENCFF761RHE	ENCSR265PFQ	ENCSR145SQF	BPNet	sequence motifs instances	bigBed	ChIP-seq	CTCF	body-of-pancreas	pancreas	pancreas	digestive-system	none	none	passed
ENCFF838ZNP	ENCFF838ZNP	ENCSR484DDO	ENCSR019XAE	BPNet	sequence motifs instances	bigBed	ChIP-seq	CTCF	body-of-pancreas	pancreas	pancreas	digestive-system	none	none	passed
ENCFF022LRD	ENCFF022LRD	ENCSR423MQG	ENCSR175KCA	BPNet	sequence motifs instances	bigBed	ChIP-seq	CTCF	brain	brain	brain	central-nervous-system	none	none	passed
ENCFF310YQH	ENCFF310YQH	ENCSR930SOT	ENCSR331RTK	BPNet	sequence motifs instances	bigBed	ChIP-seq	CTCF	brain	brain	brain	central-nervous-system	none	none	passed
ENCFF382RHC	ENCFF382RHC	ENCSR467EQP	ENCSR126YGH	BPNet	sequence motifs instances	bigBed	ChIP-seq	CTCF	brain	brain	brain	central-nervous-system	none	none	passed
ENCFF722SZW	ENCFF722SZW	ENCSR225KOS	ENCSR918KZG	BPNet	sequence motifs instances	bigBed	ChIP-seq	CTCF	brain	brain	brain	central-nervous-system	none	none	passed
ENCFF979GII	ENCFF979GII	ENCSR000DTA	ENCSR796FYA	BPNet	sequence motifs instances	bigBed	ChIP-seq	CTCF	brain-microvascular-endothelial-cell	brain	brain	central-nervous-system	none	none	passed
ENCFF137DKI	ENCFF137DKI	ENCSR304XUZ	ENCSR666EFV	BPNet	sequence motifs instances	bigBed	ChIP-seq	CTCF	breast-epithelium	breast	breast	integumental-system	none	none	passed
ENCFF520UFC	ENCFF520UFC	ENCSR697YIN	ENCSR582FZD	BPNet	sequence motifs instances	bigBed	ChIP-seq	CTCF	breast-epithelium	breast	breast	integumental-system	none	none	passed
ENCFF561VBG	ENCFF561VBG	ENCSR661NXJ	ENCSR583RUF	BPNet	sequence motifs instances	bigBed	ChIP-seq	CTCF	breast-epithelium	breast	breast	integumental-system	none	none	passed
ENCFF719LFY	ENCFF719LFY	ENCSR000DXI	ENCSR653NRQ	BPNet	sequence motifs instances	bigBed	ChIP-seq	CTCF	bronchial-epithelial-cell	epithelial	epithelial	integumental-system	none	none	passed
ENCFF129XPM	ENCFF129XPM	ENCSR000DTF	ENCSR933NVB	BPNet	sequence motifs instances	bigBed	ChIP-seq	CTCF	cardiac-fibroblast	fibroblast	fibroblast	integumental-system	none	none	passed
ENCFF157KKD	ENCFF157KKD	ENCSR000DTI	ENCSR415YPD	BPNet	sequence motifs instances	bigBed	ChIP-seq	CTCF	cardiac-muscle-cell	muscle	muscle	musculature	none	none	passed
ENCFF730ZTW	ENCFF730ZTW	ENCSR713SXF	ENCSR736HNR	BPNet	sequence motifs instances	bigBed	ChIP-seq	CTCF	cardiac-muscle-cell	muscle	muscle	musculature	none	none	passed
ENCFF002MMW	ENCFF002MMW	ENCSR190BZA	ENCSR967PAB	BPNet	sequence motifs instances	bigBed	ChIP-seq	CTCF	chondrocyte	cell-line	cell-line	cell-line	none	none	passed
ENCFF574QUR	ENCFF574QUR	ENCSR000DTL	ENCSR432WYA	BPNet	sequence motifs instances	bigBed	ChIP-seq	CTCF	choroid-plexus-epithelial-cell	epithelial	epithelial	integumental-system	none	none	passed
ENCFF147DTV	ENCFF147DTV	ENCSR380WJL	ENCSR033HMP	BPNet	sequence motifs instances	bigBed	ChIP-seq	CTCF	colonic-mucosa	colon	large-intestine	digestive-system	none	none	passed
ENCFF490NIZ	ENCFF490NIZ	ENCSR447ANW	ENCSR829GKW	BPNet	sequence motifs instances	bigBed	ChIP-seq	CTCF	coronary-artery	artery	blood-vessel	circulatory-system	none	none	passed
ENCFF513MOK	ENCFF513MOK	ENCSR175FLL	ENCSR930AZR	BPNet	sequence motifs instances	bigBed	ChIP-seq	CTCF	coronary-artery	artery	blood-vessel	circulatory-system	none	none	passed
ENCFF004SQY	ENCFF004SQY	ENCSR819WDZ	ENCSR578PWG	BPNet	sequence motifs instances	bigBed	ChIP-seq	CTCF	dorsolateral-prefrontal-cortex	prefrontal	brain	central-nervous-system	none	none	passed
ENCFF030WGB	ENCFF030WGB	ENCSR619WGF	ENCSR446DVI	BPNet	sequence motifs instances	bigBed	ChIP-seq	CTCF	dorsolateral-prefrontal-cortex	prefrontal	brain	central-nervous-system	none	none	passed
ENCFF039AQV	ENCFF039AQV	ENCSR275JVX	ENCSR990AIS	BPNet	sequence motifs instances	bigBed	ChIP-seq	CTCF	dorsolateral-prefrontal-cortex	prefrontal	brain	central-nervous-system	none	none	passed
ENCFF054DRR	ENCFF054DRR	ENCSR525VXD	ENCSR363MRN	BPNet	sequence motifs instances	bigBed	ChIP-seq	CTCF	dorsolateral-prefrontal-cortex	prefrontal	brain	central-nervous-system	none	none	passed
ENCFF119RZG	ENCFF119RZG	ENCSR062JAC	ENCSR167VES	BPNet	sequence motifs instances	bigBed	ChIP-seq	CTCF	dorsolateral-prefrontal-cortex	prefrontal	brain	central-nervous-system	none	none	passed
ENCFF159IZC	ENCFF159IZC	ENCSR913SEI	ENCSR304KCJ	BPNet	sequence motifs instances	bigBed	ChIP-seq	CTCF	dorsolateral-prefrontal-cortex	prefrontal	brain	central-nervous-system	none	none	passed
ENCFF166HRU	ENCFF166HRU	ENCSR957UPE	ENCSR319AOD	BPNet	sequence motifs instances	bigBed	ChIP-seq	CTCF	dorsolateral-prefrontal-cortex	prefrontal	brain	central-nervous-system	none	none	passed
ENCFF180HNR	ENCFF180HNR	ENCSR351SWL	ENCSR917JSR	BPNet	sequence motifs instances	bigBed	ChIP-seq	CTCF	dorsolateral-prefrontal-cortex	prefrontal	brain	central-nervous-system	none	none	passed
ENCFF192VJX	ENCFF192VJX	ENCSR922HGS	ENCSR001VXW	BPNet	sequence motifs instances	bigBed	ChIP-seq	CTCF	dorsolateral-prefrontal-cortex	prefrontal	brain	central-nervous-system	none	none	passed
ENCFF200LNL	ENCFF200LNL	ENCSR092VKJ	ENCSR319XSD	BPNet	sequence motifs instances	bigBed	ChIP-seq	CTCF	dorsolateral-prefrontal-cortex	prefrontal	brain	central-nervous-system	none	none	passed
ENCFF223WYN	ENCFF223WYN	ENCSR813KUE	ENCSR171JOI	BPNet	sequence motifs instances	bigBed	ChIP-seq	CTCF	dorsolateral-prefrontal-cortex	prefrontal	brain	central-nervous-system	none	none	passed
ENCFF233KLW	ENCFF233KLW	ENCSR452KYY	ENCSR792CTN	BPNet	sequence motifs instances	bigBed	ChIP-seq	CTCF	dorsolateral-prefrontal-cortex	prefrontal	brain	central-nervous-system	none	none	passed
ENCFF242GKK	ENCFF242GKK	ENCSR168KQC	ENCSR915WTK	BPNet	sequence motifs instances	bigBed	ChIP-seq	CTCF	dorsolateral-prefrontal-cortex	prefrontal	brain	central-nervous-system	none	none	passed
ENCFF244SUE	ENCFF244SUE	ENCSR610UDC	ENCSR917OQB	BPNet	sequence motifs instances	bigBed	ChIP-seq	CTCF	dorsolateral-prefrontal-cortex	prefrontal	brain	central-nervous-system	none	none	passed
ENCFF266THT	ENCFF266THT	ENCSR847OSL	ENCSR732HRT	BPNet	sequence motifs instances	bigBed	ChIP-seq	CTCF	dorsolateral-prefrontal-cortex	prefrontal	brain	central-nervous-system	none	none	passed
ENCFF295NYQ	ENCFF295NYQ	ENCSR300WOR	ENCSR672ITV	BPNet	sequence motifs instances	bigBed	ChIP-seq	CTCF	dorsolateral-prefrontal-cortex	prefrontal	brain	central-nervous-system	none	none	passed
ENCFF299HIA	ENCFF299HIA	ENCSR755WXO	ENCSR545LOJ	BPNet	sequence motifs instances	bigBed	ChIP-seq	CTCF	dorsolateral-prefrontal-cortex	prefrontal	brain	central-nervous-system	none	none	passed
ENCFF323ICG	ENCFF323ICG	ENCSR676LDQ	ENCSR605ZJX	BPNet	sequence motifs instances	bigBed	ChIP-seq	CTCF	dorsolateral-prefrontal-cortex	prefrontal	brain	central-nervous-system	none	none	passed
ENCFF327KAY	ENCFF327KAY	ENCSR979PTL	ENCSR149WTJ	BPNet	sequence motifs instances	bigBed	ChIP-seq	CTCF	dorsolateral-prefrontal-cortex	prefrontal	brain	central-nervous-system	none	none	passed
ENCFF332ZWZ	ENCFF332ZWZ	ENCSR575WYM	ENCSR290OCP	BPNet	sequence motifs instances	bigBed	ChIP-seq	CTCF	dorsolateral-prefrontal-cortex	prefrontal	brain	central-nervous-system	none	none	passed
ENCFF333WNN	ENCFF333WNN	ENCSR332WTG	ENCSR211BCT	BPNet	sequence motifs instances	bigBed	ChIP-seq	CTCF	dorsolateral-prefrontal-cortex	prefrontal	brain	central-nervous-system	none	none	passed
ENCFF354FKD	ENCFF354FKD	ENCSR329KRE	ENCSR242HBW	BPNet	sequence motifs instances	bigBed	ChIP-seq	CTCF	dorsolateral-prefrontal-cortex	prefrontal	brain	central-nervous-system	none	none	passed
ENCFF368NXU	ENCFF368NXU	ENCSR778NDP	ENCSR914ELN	BPNet	sequence motifs instances	bigBed	ChIP-seq	CTCF	dorsolateral-prefrontal-cortex	prefrontal	brain	central-nervous-system	none	none	passed
ENCFF371UMZ	ENCFF371UMZ	ENCSR689LFJ	ENCSR575LCC	BPNet	sequence motifs instances	bigBed	ChIP-seq	CTCF	dorsolateral-prefrontal-cortex	prefrontal	brain	central-nervous-system	none	none	passed
ENCFF386GNL	ENCFF386GNL	ENCSR666JEF	ENCSR540HDD	BPNet	sequence motifs instances	bigBed	ChIP-seq	CTCF	dorsolateral-prefrontal-cortex	prefrontal	brain	central-nervous-system	none	none	passed
ENCFF418MWT	ENCFF418MWT	ENCSR740GKG	ENCSR891TQN	BPNet	sequence motifs instances	bigBed	ChIP-seq	CTCF	dorsolateral-prefrontal-cortex	prefrontal	brain	central-nervous-system	none	none	passed
ENCFF432MTD	ENCFF432MTD	ENCSR068DJS	ENCSR226JYD	BPNet	sequence motifs instances	bigBed	ChIP-seq	CTCF	dorsolateral-prefrontal-cortex	prefrontal	brain	central-nervous-system	none	none	passed
ENCFF452BSV	ENCFF452BSV	ENCSR372JWF	ENCSR674MGL	BPNet	sequence motifs instances	bigBed	ChIP-seq	CTCF	dorsolateral-prefrontal-cortex	prefrontal	brain	central-nervous-system	none	none	passed
ENCFF478ISJ	ENCFF478ISJ	ENCSR270KFY	ENCSR264QGG	BPNet	sequence motifs instances	bigBed	ChIP-seq	CTCF	dorsolateral-prefrontal-cortex	prefrontal	brain	central-nervous-system	none	none	passed
ENCFF558XLI	ENCFF558XLI	ENCSR211AFA	ENCSR808FYY	BPNet	sequence motifs instances	bigBed	ChIP-seq	CTCF	dorsolateral-prefrontal-cortex	prefrontal	brain	central-nervous-system	none	none	passed
ENCFF559DYA	ENCFF559DYA	ENCSR779YTI	ENCSR349AYE	BPNet	sequence motifs instances	bigBed	ChIP-seq	CTCF	dorsolateral-prefrontal-cortex	prefrontal	brain	central-nervous-system	none	none	passed
ENCFF598HGE	ENCFF598HGE	ENCSR932XBJ	ENCSR740WUD	BPNet	sequence motifs instances	bigBed	ChIP-seq	CTCF	dorsolateral-prefrontal-cortex	prefrontal	brain	central-nervous-system	none	none	passed
ENCFF608DOL	ENCFF608DOL	ENCSR378BVM	ENCSR852SMJ	BPNet	sequence motifs instances	bigBed	ChIP-seq	CTCF	dorsolateral-prefrontal-cortex	prefrontal	brain	central-nervous-system	none	none	passed
ENCFF663LVZ	ENCFF663LVZ	ENCSR445NJB	ENCSR662LQZ	BPNet	sequence motifs instances	bigBed	ChIP-seq	CTCF	dorsolateral-prefrontal-cortex	prefrontal	brain	central-nervous-system	none	none	passed
ENCFF673ENB	ENCFF673ENB	ENCSR680WMF	ENCSR065XUI	BPNet	sequence motifs instances	bigBed	ChIP-seq	CTCF	dorsolateral-prefrontal-cortex	prefrontal	brain	central-nervous-system	none	none	passed
ENCFF690LXL	ENCFF690LXL	ENCSR384DBJ	ENCSR946VEN	BPNet	sequence motifs instances	bigBed	ChIP-seq	CTCF	dorsolateral-prefrontal-cortex	prefrontal	brain	central-nervous-system	none	none	passed
ENCFF708ZIK	ENCFF708ZIK	ENCSR715FHW	ENCSR289FFZ	BPNet	sequence motifs instances	bigBed	ChIP-seq	CTCF	dorsolateral-prefrontal-cortex	prefrontal	brain	central-nervous-system	none	none	passed
ENCFF715SXP	ENCFF715SXP	ENCSR369RRE	ENCSR487KKJ	BPNet	sequence motifs instances	bigBed	ChIP-seq	CTCF	dorsolateral-prefrontal-cortex	prefrontal	brain	central-nervous-system	none	none	passed
ENCFF725BRQ	ENCFF725BRQ	ENCSR757DFT	ENCSR446AYX	BPNet	sequence motifs instances	bigBed	ChIP-seq	CTCF	dorsolateral-prefrontal-cortex	prefrontal	brain	central-nervous-system	none	none	passed
ENCFF734JXR	ENCFF734JXR	ENCSR841XDW	ENCSR274DCI	BPNet	sequence motifs instances	bigBed	ChIP-seq	CTCF	dorsolateral-prefrontal-cortex	prefrontal	brain	central-nervous-system	none	none	passed
ENCFF761INQ	ENCFF761INQ	ENCSR251BHU	ENCSR691TTX	BPNet	sequence motifs instances	bigBed	ChIP-seq	CTCF	dorsolateral-prefrontal-cortex	prefrontal	brain	central-nervous-system	none	none	passed
ENCFF813FGD	ENCFF813FGD	ENCSR194JAU	ENCSR395UGO	BPNet	sequence motifs instances	bigBed	ChIP-seq	CTCF	dorsolateral-prefrontal-cortex	prefrontal	brain	central-nervous-system	none	none	passed
ENCFF817MKL	ENCFF817MKL	ENCSR832TWW	ENCSR152KSC	BPNet	sequence motifs instances	bigBed	ChIP-seq	CTCF	dorsolateral-prefrontal-cortex	prefrontal	brain	central-nervous-system	none	none	passed
ENCFF818PLK	ENCFF818PLK	ENCSR699BRV	ENCSR207QOS	BPNet	sequence motifs instances	bigBed	ChIP-seq	CTCF	dorsolateral-prefrontal-cortex	prefrontal	brain	central-nervous-system	none	none	passed
ENCFF855RPB	ENCFF855RPB	ENCSR967QUQ	ENCSR197FFI	BPNet	sequence motifs instances	bigBed	ChIP-seq	CTCF	dorsolateral-prefrontal-cortex	prefrontal	brain	central-nervous-system	none	none	passed
ENCFF858CYT	ENCFF858CYT	ENCSR073BPG	ENCSR808COC	BPNet	sequence motifs instances	bigBed	ChIP-seq	CTCF	dorsolateral-prefrontal-cortex	prefrontal	brain	central-nervous-system	none	none	passed
ENCFF871PWG	ENCFF871PWG	ENCSR705DNM	ENCSR935UWO	BPNet	sequence motifs instances	bigBed	ChIP-seq	CTCF	dorsolateral-prefrontal-cortex	prefrontal	brain	central-nervous-system	none	none	passed
ENCFF890TJL	ENCFF890TJL	ENCSR237BTA	ENCSR207ITR	BPNet	sequence motifs instances	bigBed	ChIP-seq	CTCF	dorsolateral-prefrontal-cortex	prefrontal	brain	central-nervous-system	none	none	passed
ENCFF893MTW	ENCFF893MTW	ENCSR724YTA	ENCSR285JON	BPNet	sequence motifs instances	bigBed	ChIP-seq	CTCF	dorsolateral-prefrontal-cortex	prefrontal	brain	central-nervous-system	none	none	passed
ENCFF901MDZ	ENCFF901MDZ	ENCSR230RQK	ENCSR838NLY	BPNet	sequence motifs instances	bigBed	ChIP-seq	CTCF	dorsolateral-prefrontal-cortex	prefrontal	brain	central-nervous-system	none	none	passed
ENCFF918UTL	ENCFF918UTL	ENCSR244KEW	ENCSR435PGE	BPNet	sequence motifs instances	bigBed	ChIP-seq	CTCF	dorsolateral-prefrontal-cortex	prefrontal	brain	central-nervous-system	none	none	passed
ENCFF929VYB	ENCFF929VYB	ENCSR059KXR	ENCSR061INZ	BPNet	sequence motifs instances	bigBed	ChIP-seq	CTCF	dorsolateral-prefrontal-cortex	prefrontal	brain	central-nervous-system	none	none	passed
ENCFF931XOM	ENCFF931XOM	ENCSR374PKX	ENCSR832HMN	BPNet	sequence motifs instances	bigBed	ChIP-seq	CTCF	dorsolateral-prefrontal-cortex	prefrontal	brain	central-nervous-system	none	none	passed
ENCFF937PGX	ENCFF937PGX	ENCSR259PNW	ENCSR305AFX	BPNet	sequence motifs instances	bigBed	ChIP-seq	CTCF	dorsolateral-prefrontal-cortex	prefrontal	brain	central-nervous-system	none	none	passed
ENCFF941OHS	ENCFF941OHS	ENCSR378KET	ENCSR365YNU	BPNet	sequence motifs instances	bigBed	ChIP-seq	CTCF	dorsolateral-prefrontal-cortex	prefrontal	brain	central-nervous-system	none	none	passed
ENCFF942QTI	ENCFF942QTI	ENCSR763VUL	ENCSR663VTZ	BPNet	sequence motifs instances	bigBed	ChIP-seq	CTCF	dorsolateral-prefrontal-cortex	prefrontal	brain	central-nervous-system	none	none	passed
ENCFF971LPY	ENCFF971LPY	ENCSR094PSL	ENCSR070AQF	BPNet	sequence motifs instances	bigBed	ChIP-seq	CTCF	dorsolateral-prefrontal-cortex	prefrontal	brain	central-nervous-system	none	none	passed
ENCFF984PJP	ENCFF984PJP	ENCSR423ZUM	ENCSR695MWH	BPNet	sequence motifs instances	bigBed	ChIP-seq	CTCF	dorsolateral-prefrontal-cortex	prefrontal	brain	central-nervous-system	none	none	passed
ENCFF987UZI	ENCFF987UZI	ENCSR443NWG	ENCSR461VQZ	BPNet	sequence motifs instances	bigBed	ChIP-seq	CTCF	dorsolateral-prefrontal-cortex	prefrontal	brain	central-nervous-system	none	none	passed
ENCFF546QAH	ENCFF546QAH	ENCSR031PXV	ENCSR038XID	BPNet	sequence motifs instances	bigBed	ChIP-seq	CTCF	endothelial-cell	endothelial	blood-vessel	circulatory-system	none	none	passed
ENCFF256GZG	ENCFF256GZG	ENCSR000DVP	ENCSR198GBA	BPNet	sequence motifs instances	bigBed	ChIP-seq	CTCF	endothelial-cell-of-umbilical-vein	endothelial	blood-vessel	circulatory-system	none	none	passed
ENCFF410EOP	ENCFF410EOP	ENCSR000DLW	ENCSR147WHF	BPNet	sequence motifs instances	bigBed	ChIP-seq	CTCF	endothelial-cell-of-umbilical-vein	endothelial	blood-vessel	circulatory-system	none	none	passed
ENCFF459LGO	ENCFF459LGO	ENCSR000ALA	ENCSR616FKR	BPNet	sequence motifs instances	bigBed	ChIP-seq	CTCF	endothelial-cell-of-umbilical-vein	endothelial	blood-vessel	circulatory-system	none	none	passed
ENCFF104OEK	ENCFF104OEK	ENCSR000DTR	ENCSR743IWP	BPNet	sequence motifs instances	bigBed	ChIP-seq	CTCF	epithelial-cell-of-esophagus	epithelial	epithelial	integumental-system	none	none	passed
ENCFF998DOX	ENCFF998DOX	ENCSR196HOM	ENCSR205JEX	BPNet	sequence motifs instances	bigBed	ChIP-seq	CTCF	epithelial-cell-of-prostate	epithelial	epithelial	integumental-system	none	none	passed
ENCFF661KSG	ENCFF661KSG	ENCSR000DXD	ENCSR463FSZ	BPNet	sequence motifs instances	bigBed	ChIP-seq	CTCF	epithelial-cell-of-proximal-tubule	epithelial	epithelial	integumental-system	none	none	passed
ENCFF014RLJ	ENCFF014RLJ	ENCSR353DFU	ENCSR838SGS	BPNet	sequence motifs instances	bigBed	ChIP-seq	CTCF	esophagus-muscularis-mucosa	esophag	stomach	digestive-system	none	none	passed
ENCFF146DLA	ENCFF146DLA	ENCSR073TPC	ENCSR061RKJ	BPNet	sequence motifs instances	bigBed	ChIP-seq	CTCF	esophagus-muscularis-mucosa	esophag	stomach	digestive-system	none	none	passed
ENCFF329LRH	ENCFF329LRH	ENCSR443WKD	ENCSR875SFQ	BPNet	sequence motifs instances	bigBed	ChIP-seq	CTCF	esophagus-muscularis-mucosa	esophag	stomach	digestive-system	none	none	passed
ENCFF505BKY	ENCFF505BKY	ENCSR559KAB	ENCSR710THJ	BPNet	sequence motifs instances	bigBed	ChIP-seq	CTCF	esophagus-muscularis-mucosa	esophag	stomach	digestive-system	none	none	passed
ENCFF914BQI	ENCFF914BQI	ENCSR074SFL	ENCSR213UJA	BPNet	sequence motifs instances	bigBed	ChIP-seq	CTCF	esophagus-muscularis-mucosa	esophag	stomach	digestive-system	none	none	passed
ENCFF280MNM	ENCFF280MNM	ENCSR450FRI	ENCSR344GRT	BPNet	sequence motifs instances	bigBed	ChIP-seq	CTCF	esophagus-squamous-epithelium	esophag	stomach	digestive-system	none	none	passed
ENCFF339UEO	ENCFF339UEO	ENCSR003SZZ	ENCSR224LAT	BPNet	sequence motifs instances	bigBed	ChIP-seq	CTCF	esophagus-squamous-epithelium	esophag	stomach	digestive-system	none	none	passed
ENCFF457KBO	ENCFF457KBO	ENCSR266UTR	ENCSR942GLY	BPNet	sequence motifs instances	bigBed	ChIP-seq	CTCF	esophagus-squamous-epithelium	esophag	stomach	digestive-system	none	none	passed
ENCFF549HGO	ENCFF549HGO	ENCSR773JBP	ENCSR550FVE	BPNet	sequence motifs instances	bigBed	ChIP-seq	CTCF	esophagus-squamous-epithelium	esophag	stomach	digestive-system	none	none	passed
ENCFF757EJJ	ENCFF757EJJ	ENCSR756URL	ENCSR985TGA	BPNet	sequence motifs instances	bigBed	ChIP-seq	CTCF	esophagus-squamous-epithelium	esophag	stomach	digestive-system	none	none	passed
ENCFF833CDQ	ENCFF833CDQ	ENCSR838RUX	ENCSR712PPO	BPNet	sequence motifs instances	bigBed	ChIP-seq	CTCF	esophagus-squamous-epithelium	esophag	stomach	digestive-system	none	none	passed
ENCFF116FOG	ENCFF116FOG	ENCSR000APM	ENCSR628HLT	BPNet	sequence motifs instances	bigBed	ChIP-seq	CTCF	fibroblast-of-dermis	fibroblast	fibroblast	integumental-system	none	none	passed
ENCFF091PSY	ENCFF091PSY	ENCSR000DWY	ENCSR175NFF	BPNet	sequence motifs instances	bigBed	ChIP-seq	CTCF	fibroblast-of-lung	fibroblast	fibroblast	integumental-system	none	none	passed
ENCFF119KLY	ENCFF119KLY	ENCSR000ANO	ENCSR075HNI	BPNet	sequence motifs instances	bigBed	ChIP-seq	CTCF	fibroblast-of-lung	fibroblast	fibroblast	integumental-system	none	none	passed
ENCFF157GGI	ENCFF157GGI	ENCSR000DVA	ENCSR641JQM	BPNet	sequence motifs instances	bigBed	ChIP-seq	CTCF	fibroblast-of-lung	fibroblast	fibroblast	integumental-system	none	none	passed
ENCFF361WEB	ENCFF361WEB	ENCSR000DUU	ENCSR427BPN	BPNet	sequence motifs instances	bigBed	ChIP-seq	CTCF	fibroblast-of-mammary-gland	fibroblast	fibroblast	integumental-system	none	none	passed
ENCFF963BHP	ENCFF963BHP	ENCSR000DUX	ENCSR136OKJ	BPNet	sequence motifs instances	bigBed	ChIP-seq	CTCF	fibroblast-of-pulmonary-artery	fibroblast	fibroblast	integumental-system	none	none	passed
ENCFF369SWN	ENCFF369SWN	ENCSR000DPY	ENCSR032ZUX	BPNet	sequence motifs instances	bigBed	ChIP-seq	CTCF	fibroblast-of-the-aortic-adventitia	fibroblast	fibroblast	integumental-system	none	none	passed
ENCFF332MIJ	ENCFF332MIJ	ENCSR000DVQ	ENCSR568PVC	BPNet	sequence motifs instances	bigBed	ChIP-seq	CTCF	fibroblast-of-villous-mesenchyme	fibroblast	fibroblast	integumental-system	none	none	passed
ENCFF044ATZ	ENCFF044ATZ	ENCSR000DWQ	ENCSR215ALR	BPNet	sequence motifs instances	bigBed	ChIP-seq	CTCF	foreskin-fibroblast	fibroblast	fibroblast	integumental-system	none	none	passed
ENCFF620GRZ	ENCFF620GRZ	ENCSR000DUH	ENCSR967AQL	BPNet	sequence motifs instances	bigBed	ChIP-seq	CTCF	foreskin-fibroblast	fibroblast	fibroblast	integumental-system	none	none	passed
ENCFF042BRL	ENCFF042BRL	ENCSR812FNU	ENCSR787BHA	BPNet	sequence motifs instances	bigBed	ChIP-seq	CTCF	foreskin-keratinocyte	skin	skin	integumental-system	none	none	passed
ENCFF360LXU	ENCFF360LXU	ENCSR036EGV	ENCSR426XPR	BPNet	sequence motifs instances	bigBed	ChIP-seq	CTCF	foreskin-keratinocyte	skin	skin	integumental-system	none	none	passed
ENCFF853UEJ	ENCFF853UEJ	ENCSR817HTJ	ENCSR397LCP	BPNet	sequence motifs instances	bigBed	ChIP-seq	CTCF	foreskin-keratinocyte	skin	skin	integumental-system	none	none	passed
ENCFF521DDG	ENCFF521DDG	ENCSR594NSU	ENCSR549TOP	BPNet	sequence motifs instances	bigBed	ChIP-seq	CTCF	gastrocnemius-medialis	medialis	muscle	musculature	none	none	passed
ENCFF675QIN	ENCFF675QIN	ENCSR998NQG	ENCSR362SBX	BPNet	sequence motifs instances	bigBed	ChIP-seq	CTCF	gastrocnemius-medialis	medialis	muscle	musculature	none	none	passed
ENCFF742ZIO	ENCFF742ZIO	ENCSR071XWO	ENCSR333BEL	BPNet	sequence motifs instances	bigBed	ChIP-seq	CTCF	gastrocnemius-medialis	medialis	muscle	musculature	none	none	passed
ENCFF772YFJ	ENCFF772YFJ	ENCSR428BKN	ENCSR110KDN	BPNet	sequence motifs instances	bigBed	ChIP-seq	CTCF	gastrocnemius-medialis	medialis	muscle	musculature	none	none	passed
ENCFF929PRJ	ENCFF929PRJ	ENCSR355ALW	ENCSR397OAF	BPNet	sequence motifs instances	bigBed	ChIP-seq	CTCF	gastrocnemius-medialis	medialis	muscle	musculature	none	none	passed
ENCFF072QCG	ENCFF072QCG	ENCSR186NVR	ENCSR016LLR	BPNet	sequence motifs instances	bigBed	ChIP-seq	CTCF	gastroesophageal-sphincter	esophag	stomach	digestive-system	none	none	passed
ENCFF080KSZ	ENCFF080KSZ	ENCSR206ETG	ENCSR176KHX	BPNet	sequence motifs instances	bigBed	ChIP-seq	CTCF	gastroesophageal-sphincter	esophag	stomach	digestive-system	none	none	passed
ENCFF113OEV	ENCFF113OEV	ENCSR146BGM	ENCSR275BUX	BPNet	sequence motifs instances	bigBed	ChIP-seq	CTCF	gastroesophageal-sphincter	esophag	stomach	digestive-system	none	none	passed
ENCFF489TMM	ENCFF489TMM	ENCSR805YLE	ENCSR686NPX	BPNet	sequence motifs instances	bigBed	ChIP-seq	CTCF	gastroesophageal-sphincter	esophag	stomach	digestive-system	none	none	passed
ENCFF568AGF	ENCFF568AGF	ENCSR298ZPF	ENCSR131CQW	BPNet	sequence motifs instances	bigBed	ChIP-seq	CTCF	gastroesophageal-sphincter	esophag	stomach	digestive-system	none	none	passed
ENCFF581TJX	ENCFF581TJX	ENCSR661XNQ	ENCSR650AHN	BPNet	sequence motifs instances	bigBed	ChIP-seq	CTCF	gastroesophageal-sphincter	esophag	stomach	digestive-system	none	none	passed
ENCFF786KUL	ENCFF786KUL	ENCSR489QDF	ENCSR445PKJ	BPNet	sequence motifs instances	bigBed	ChIP-seq	CTCF	glutamatergic-neuron	neuron	nerve	central-nervous-system	none	none	passed
ENCFF010PKU	ENCFF010PKU	ENCSR350NBQ	ENCSR349KLJ	BPNet	sequence motifs instances	bigBed	ChIP-seq	CTCF	heart-left-ventricle	heart	heart	circulatory-system	none	none	passed
ENCFF185AQA	ENCFF185AQA	ENCSR834XPX	ENCSR003EBX	BPNet	sequence motifs instances	bigBed	ChIP-seq	CTCF	heart-left-ventricle	heart	heart	circulatory-system	none	none	passed
ENCFF188WKB	ENCFF188WKB	ENCSR778ZPK	ENCSR025NXO	BPNet	sequence motifs instances	bigBed	ChIP-seq	CTCF	heart-left-ventricle	heart	heart	circulatory-system	none	none	passed
ENCFF236HME	ENCFF236HME	ENCSR791AYW	ENCSR008DFV	BPNet	sequence motifs instances	bigBed	ChIP-seq	CTCF	heart-left-ventricle	heart	heart	circulatory-system	none	none	passed
ENCFF262WYH	ENCFF262WYH	ENCSR881YFU	ENCSR164NLQ	BPNet	sequence motifs instances	bigBed	ChIP-seq	CTCF	heart-left-ventricle	heart	heart	circulatory-system	none	none	passed
ENCFF438PGL	ENCFF438PGL	ENCSR565HBN	ENCSR868KFG	BPNet	sequence motifs instances	bigBed	ChIP-seq	CTCF	heart-left-ventricle	heart	heart	circulatory-system	none	none	passed
ENCFF495JJL	ENCFF495JJL	ENCSR544APK	ENCSR573LUK	BPNet	sequence motifs instances	bigBed	ChIP-seq	CTCF	heart-left-ventricle	heart	heart	circulatory-system	none	none	passed
ENCFF534HEX	ENCFF534HEX	ENCSR718SDR	ENCSR632DRZ	BPNet	sequence motifs instances	bigBed	ChIP-seq	CTCF	heart-left-ventricle	heart	heart	circulatory-system	none	none	passed
ENCFF705UNP	ENCFF705UNP	ENCSR904RIA	ENCSR248QOW	BPNet	sequence motifs instances	bigBed	ChIP-seq	CTCF	heart-left-ventricle	heart	heart	circulatory-system	none	none	passed
ENCFF789NLA	ENCFF789NLA	ENCSR296JFK	ENCSR395DVX	BPNet	sequence motifs instances	bigBed	ChIP-seq	CTCF	heart-left-ventricle	heart	heart	circulatory-system	none	none	passed
ENCFF791BJT	ENCFF791BJT	ENCSR578AKX	ENCSR770GGU	BPNet	sequence motifs instances	bigBed	ChIP-seq	CTCF	heart-left-ventricle	heart	heart	circulatory-system	none	none	passed
ENCFF802DFT	ENCFF802DFT	ENCSR461HOC	ENCSR715LMF	BPNet	sequence motifs instances	bigBed	ChIP-seq	CTCF	heart-left-ventricle	heart	heart	circulatory-system	none	none	passed
ENCFF878IUF	ENCFF878IUF	ENCSR825NXC	ENCSR469EFI	BPNet	sequence motifs instances	bigBed	ChIP-seq	CTCF	heart-left-ventricle	heart	heart	circulatory-system	none	none	passed
ENCFF932BKR	ENCFF932BKR	ENCSR355PMV	ENCSR078MYC	BPNet	sequence motifs instances	bigBed	ChIP-seq	CTCF	heart-left-ventricle	heart	heart	circulatory-system	none	none	passed
ENCFF009AXI	ENCFF009AXI	ENCSR473DVS	ENCSR788INN	BPNet	sequence motifs instances	bigBed	ChIP-seq	CTCF	heart-right-ventricle	heart	heart	circulatory-system	none	none	passed
ENCFF029NIW	ENCFF029NIW	ENCSR840EYN	ENCSR625KKR	BPNet	sequence motifs instances	bigBed	ChIP-seq	CTCF	heart-right-ventricle	heart	heart	circulatory-system	none	none	passed
ENCFF151PQT	ENCFF151PQT	ENCSR323ZAP	ENCSR760DOP	BPNet	sequence motifs instances	bigBed	ChIP-seq	CTCF	heart-right-ventricle	heart	heart	circulatory-system	none	none	passed
ENCFF246FVZ	ENCFF246FVZ	ENCSR587KPW	ENCSR489DNU	BPNet	sequence motifs instances	bigBed	ChIP-seq	CTCF	heart-right-ventricle	heart	heart	circulatory-system	none	none	passed
ENCFF321YDU	ENCFF321YDU	ENCSR105KGD	ENCSR088AMF	BPNet	sequence motifs instances	bigBed	ChIP-seq	CTCF	heart-right-ventricle	heart	heart	circulatory-system	none	none	passed
ENCFF415YOQ	ENCFF415YOQ	ENCSR376EOW	ENCSR287YDH	BPNet	sequence motifs instances	bigBed	ChIP-seq	CTCF	heart-right-ventricle	heart	heart	circulatory-system	none	none	passed
ENCFF475SSX	ENCFF475SSX	ENCSR089NBS	ENCSR081IKT	BPNet	sequence motifs instances	bigBed	ChIP-seq	CTCF	heart-right-ventricle	heart	heart	circulatory-system	none	none	passed
ENCFF500KJT	ENCFF500KJT	ENCSR505RTK	ENCSR325CRC	BPNet	sequence motifs instances	bigBed	ChIP-seq	CTCF	heart-right-ventricle	heart	heart	circulatory-system	none	none	passed
ENCFF599WYV	ENCFF599WYV	ENCSR138FTN	ENCSR601CJR	BPNet	sequence motifs instances	bigBed	ChIP-seq	CTCF	heart-right-ventricle	heart	heart	circulatory-system	none	none	passed
ENCFF942PIJ	ENCFF942PIJ	ENCSR585JVS	ENCSR932SYD	BPNet	sequence motifs instances	bigBed	ChIP-seq	CTCF	heart-right-ventricle	heart	heart	circulatory-system	none	none	passed
ENCFF965MJT	ENCFF965MJT	ENCSR928RNP	ENCSR616WTU	BPNet	sequence motifs instances	bigBed	ChIP-seq	CTCF	heart-right-ventricle	heart	heart	circulatory-system	none	none	passed
ENCFF396YFQ	ENCFF396YFQ	ENCSR252QYR	ENCSR525ROU	BPNet	sequence motifs instances	bigBed	ChIP-seq	CTCF	hepatocyte	hepato	liver	digestive-system	none	none	passed
ENCFF161BLA	ENCFF161BLA	ENCSR000ALJ	ENCSR463ELC	BPNet	sequence motifs instances	bigBed	ChIP-seq	CTCF	keratinocyte	keratinocyte	skin	integumental-system	none	none	passed
ENCFF255PNW	ENCFF255PNW	ENCSR000DNC	ENCSR782QKV	BPNet	sequence motifs instances	bigBed	ChIP-seq	CTCF	keratinocyte	keratinocyte	skin	integumental-system	none	none	passed
ENCFF878NWJ	ENCFF878NWJ	ENCSR000DWX	ENCSR551IVT	BPNet	sequence motifs instances	bigBed	ChIP-seq	CTCF	keratinocyte	keratinocyte	skin	integumental-system	none	none	passed
ENCFF403KKI	ENCFF403KKI	ENCSR000DMC	ENCSR551FFQ	BPNet	sequence motifs instances	bigBed	ChIP-seq	CTCF	kidney	kidney	kidney	excretory-system	none	none	passed
ENCFF687XNP	ENCFF687XNP	ENCSR000DVH	ENCSR607PEH	BPNet	sequence motifs instances	bigBed	ChIP-seq	CTCF	kidney-epithelial-cell	epithelial	epithelial	integumental-system	none	none	passed
ENCFF097ENT	ENCFF097ENT	ENCSR255SQR	ENCSR105FZO	BPNet	sequence motifs instances	bigBed	ChIP-seq	CTCF	left-lung	lung	lung	respiratory-system	none	none	passed
ENCFF324GPD	ENCFF324GPD	ENCSR736PZW	ENCSR262QVN	BPNet	sequence motifs instances	bigBed	ChIP-seq	CTCF	left-lung	lung	lung	respiratory-system	none	none	passed
ENCFF605VBI	ENCFF605VBI	ENCSR068HEE	ENCSR134HNL	BPNet	sequence motifs instances	bigBed	ChIP-seq	CTCF	left-ventricle-myocardium-inferior	ventricle	heart	circulatory-system	none	none	passed
ENCFF054VDK	ENCFF054VDK	ENCSR254YRM	ENCSR430UIV	BPNet	sequence motifs instances	bigBed	ChIP-seq	CTCF	liver	liver	liver	digestive-system	none	none	passed
ENCFF068WOQ	ENCFF068WOQ	ENCSR252XWG	ENCSR859OWB	BPNet	sequence motifs instances	bigBed	ChIP-seq	CTCF	lower-leg-skin	skin	skin	integumental-system	none	none	passed
ENCFF110HAA	ENCFF110HAA	ENCSR133AFF	ENCSR108URW	BPNet	sequence motifs instances	bigBed	ChIP-seq	CTCF	lower-lobe-of-left-lung	lung	lung	respiratory-system	none	none	passed
ENCFF174VPM	ENCFF174VPM	ENCSR195POA	ENCSR437REB	BPNet	sequence motifs instances	bigBed	ChIP-seq	CTCF	lower-lobe-of-left-lung	lung	lung	respiratory-system	none	none	passed
ENCFF167AVV	ENCFF167AVV	ENCSR863HZM	ENCSR619FPQ	BPNet	sequence motifs instances	bigBed	ChIP-seq	CTCF	lower-lobe-of-right-lung	lung	lung	respiratory-system	none	none	passed
ENCFF009WJF	ENCFF009WJF	ENCSR000DMH	ENCSR127LIU	BPNet	sequence motifs instances	bigBed	ChIP-seq	CTCF	lung	lung	lung	respiratory-system	none	none	passed
ENCFF618ZFC	ENCFF618ZFC	ENCSR000ALV	ENCSR270VTJ	BPNet	sequence motifs instances	bigBed	ChIP-seq	CTCF	mammary-epithelial-cell	epithelial	epithelial	integumental-system	none	none	passed
ENCFF850EGZ	ENCFF850EGZ	ENCSR000DUS	ENCSR101RHS	BPNet	sequence motifs instances	bigBed	ChIP-seq	CTCF	mammary-epithelial-cell	epithelial	epithelial	integumental-system	none	none	passed
ENCFF335IUI	ENCFF335IUI	ENCSR647SQF	ENCSR455DWB	BPNet	sequence motifs instances	bigBed	ChIP-seq	CTCF	mesothelial-cell-of-epicardium	epicardium	heart	circulatory-system	none	none	passed
ENCFF888JDT	ENCFF888JDT	ENCSR038VWU	ENCSR295BWW	BPNet	sequence motifs instances	bigBed	ChIP-seq	CTCF	mucosa-of-descending-colon	colon	large-intestine	digestive-system	none	none	passed
ENCFF426YRK	ENCFF426YRK	ENCSR000ANS	ENCSR476TGO	BPNet	sequence motifs instances	bigBed	ChIP-seq	CTCF	myotube	myotube	muscle	musculature	none	none	passed
ENCFF373GNW	ENCFF373GNW	ENCSR856TKC	ENCSR686ZIO	BPNet	sequence motifs instances	bigBed	ChIP-seq	CTCF	natural-killer-cell	killer	immune	immune-system	none	none	passed
ENCFF042BFN	ENCFF042BFN	ENCSR266ZUX	ENCSR372ZDP	BPNet	sequence motifs instances	bigBed	ChIP-seq	CTCF	nephron	nephron	kidney	excretory-system	none	none	passed
ENCFF158XXU	ENCFF158XXU	ENCSR194WQV	ENCSR404EXQ	BPNet	sequence motifs instances	bigBed	ChIP-seq	CTCF	nephron	nephron	kidney	excretory-system	none	none	passed
ENCFF229ILH	ENCFF229ILH	ENCSR966OUM	ENCSR352YYZ	BPNet	sequence motifs instances	bigBed	ChIP-seq	CTCF	nephron	nephron	kidney	excretory-system	none	none	passed
ENCFF992CSR	ENCFF992CSR	ENCSR799GJD	ENCSR008NLN	BPNet	sequence motifs instances	bigBed	ChIP-seq	CTCF	nephron-progenitor-cell	nephron	kidney	excretory-system	none	none	passed
ENCFF410HEK	ENCFF410HEK	ENCSR822CEA	ENCSR031QLT	BPNet	sequence motifs instances	bigBed	ChIP-seq	CTCF	neural-cell	neural	nerve	central-nervous-system	none	none	passed
ENCFF014BVR	ENCFF014BVR	ENCSR218MVT	ENCSR131TMB	BPNet	sequence motifs instances	bigBed	ChIP-seq	CTCF	neural-crest-cell	neural	nerve	central-nervous-system	none	none	passed
ENCFF525MLK	ENCFF525MLK	ENCSR125NBL	ENCSR428GEX	BPNet	sequence motifs instances	bigBed	ChIP-seq	CTCF	neural-progenitor-cell	neural	nerve	central-nervous-system	none	none	passed
ENCFF976LBB	ENCFF976LBB	ENCSR260FAS	ENCSR281EXL	BPNet	sequence motifs instances	bigBed	ChIP-seq	CTCF	neural-progenitor-cell	neural	nerve	central-nervous-system	none	none	passed
ENCFF698IHF	ENCFF698IHF	ENCSR785YRL	ENCSR756LRY	BPNet	sequence motifs instances	bigBed	ChIP-seq	CTCF	neutrophil	cell-line	cell-line	cell-line	none	none	passed
ENCFF907MFA	ENCFF907MFA	ENCSR225OKX	ENCSR099PRX	BPNet	sequence motifs instances	bigBed	ChIP-seq	CTCF	omental-fat-pad	fat	skin	integumental-system	none	none	passed
ENCFF117QYC	ENCFF117QYC	ENCSR000APF	ENCSR645FGW	BPNet	sequence motifs instances	bigBed	ChIP-seq	CTCF	osteoblast	cell-line	cell-line	cell-line	none	none	passed
ENCFF335KYU	ENCFF335KYU	ENCSR300DWM	ENCSR173HHH	BPNet	sequence motifs instances	bigBed	ChIP-seq	CTCF	osteocyte	osteocyte	bone	skeletal-system	none	none	passed
ENCFF350ISJ	ENCFF350ISJ	ENCSR548DDS	ENCSR837MDI	BPNet	sequence motifs instances	bigBed	ChIP-seq	CTCF	ovary	ovary	ovary	reproductive-system	none	none	passed
ENCFF579SFZ	ENCFF579SFZ	ENCSR493APD	ENCSR323LBL	BPNet	sequence motifs instances	bigBed	ChIP-seq	CTCF	ovary	ovary	ovary	reproductive-system	none	none	passed
ENCFF978IHY	ENCFF978IHY	ENCSR934GQS	ENCSR183LYL	BPNet	sequence motifs instances	bigBed	ChIP-seq	CTCF	ovary	ovary	ovary	reproductive-system	none	none	passed
ENCFF336YJE	ENCFF336YJE	ENCSR774PGN	ENCSR431SPK	BPNet	sequence motifs instances	bigBed	ChIP-seq	CTCF	pancreas	pancreas	pancreas	digestive-system	none	none	passed
ENCFF623TYV	ENCFF623TYV	ENCSR000DND	ENCSR431LWM	BPNet	sequence motifs instances	bigBed	ChIP-seq	CTCF	pancreas	pancreas	pancreas	digestive-system	none	none	passed
ENCFF647NTU	ENCFF647NTU	ENCSR253ALG	ENCSR465DTI	BPNet	sequence motifs instances	bigBed	ChIP-seq	CTCF	pancreas	pancreas	pancreas	digestive-system	none	none	passed
ENCFF696ZHH	ENCFF696ZHH	ENCSR113COJ	ENCSR481SCY	BPNet	sequence motifs instances	bigBed	ChIP-seq	CTCF	pancreas	pancreas	pancreas	digestive-system	none	none	passed
ENCFF870SHM	ENCFF870SHM	ENCSR852BLA	ENCSR362ECX	BPNet	sequence motifs instances	bigBed	ChIP-seq	CTCF	pancreas	pancreas	pancreas	digestive-system	none	none	passed
ENCFF817WQN	ENCFF817WQN	ENCSR291YNH	ENCSR658NCK	BPNet	sequence motifs instances	bigBed	ChIP-seq	CTCF	placenta	placenta	placenta	reproductive-system	none	none	passed
ENCFF023HCM	ENCFF023HCM	ENCSR901NIN	ENCSR772WOB	BPNet	sequence motifs instances	bigBed	ChIP-seq	CTCF	progenitor-cell-of-endocrine-pancreas	pancreas	pancreas	digestive-system	none	none	passed
ENCFF607IGA	ENCFF607IGA	ENCSR946MNG	ENCSR510ORC	BPNet	sequence motifs instances	bigBed	ChIP-seq	CTCF	prostate-gland	prostate	testis	reproductive-system	none	none	passed
ENCFF701QSP	ENCFF701QSP	ENCSR829HTO	ENCSR092FZF	BPNet	sequence motifs instances	bigBed	ChIP-seq	CTCF	prostate-gland	prostate	testis	reproductive-system	none	none	passed
ENCFF876PYE	ENCFF876PYE	ENCSR230ORT	ENCSR242VPF	BPNet	sequence motifs instances	bigBed	ChIP-seq	CTCF	prostate-gland	prostate	testis	reproductive-system	none	none	passed
ENCFF917ZRW	ENCFF917ZRW	ENCSR720USO	ENCSR774CHZ	BPNet	sequence motifs instances	bigBed	ChIP-seq	CTCF	prostate-gland	prostate	testis	reproductive-system	none	none	passed
ENCFF669MAN	ENCFF669MAN	ENCSR984IUE	ENCSR838QYE	BPNet	sequence motifs instances	bigBed	ChIP-seq	CTCF	psoas-muscle	muscle	muscle	musculature	none	none	passed
ENCFF534ZTV	ENCFF534ZTV	ENCSR000DVI	ENCSR185MST	BPNet	sequence motifs instances	bigBed	ChIP-seq	CTCF	retinal-pigment-epithelial-cell	epithelial	epithelial	integumental-system	none	none	passed
ENCFF008HVW	ENCFF008HVW	ENCSR401KRN	ENCSR541ODB	BPNet	sequence motifs instances	bigBed	ChIP-seq	CTCF	right-atrium-auricular-region	atrium	heart	circulatory-system	none	none	passed
ENCFF102QOR	ENCFF102QOR	ENCSR232OFD	ENCSR557FKB	BPNet	sequence motifs instances	bigBed	ChIP-seq	CTCF	right-atrium-auricular-region	atrium	heart	circulatory-system	none	none	passed
ENCFF528JMZ	ENCFF528JMZ	ENCSR066GBX	ENCSR564QNO	BPNet	sequence motifs instances	bigBed	ChIP-seq	CTCF	right-atrium-auricular-region	atrium	heart	circulatory-system	none	none	passed
ENCFF064MZI	ENCFF064MZI	ENCSR837OOH	ENCSR360JKL	BPNet	sequence motifs instances	bigBed	ChIP-seq	CTCF	right-lobe-of-liver	liver	liver	digestive-system	none	none	passed
ENCFF331RPT	ENCFF331RPT	ENCSR911GFJ	ENCSR949KOB	BPNet	sequence motifs instances	bigBed	ChIP-seq	CTCF	right-lobe-of-liver	liver	liver	digestive-system	none	none	passed
ENCFF551TMT	ENCFF551TMT	ENCSR839NFL	ENCSR686AGK	BPNet	sequence motifs instances	bigBed	ChIP-seq	CTCF	right-lobe-of-liver	liver	liver	digestive-system	none	none	passed
ENCFF579STQ	ENCFF579STQ	ENCSR000VGD	ENCSR933NFV	BPNet	sequence motifs instances	bigBed	ChIP-seq	CTCF	right-lobe-of-liver	liver	liver	digestive-system	none	none	passed
ENCFF020OXC	ENCFF020OXC	ENCSR222SQE	ENCSR375WGZ	BPNet	sequence motifs instances	bigBed	ChIP-seq	CTCF	sigmoid-colon	colon	large-intestine	digestive-system	none	none	passed
ENCFF058LSO	ENCFF058LSO	ENCSR857RJQ	ENCSR972EIV	BPNet	sequence motifs instances	bigBed	ChIP-seq	CTCF	sigmoid-colon	colon	large-intestine	digestive-system	none	none	passed
ENCFF478XXK	ENCFF478XXK	ENCSR721AHD	ENCSR523MJC	BPNet	sequence motifs instances	bigBed	ChIP-seq	CTCF	sigmoid-colon	colon	large-intestine	digestive-system	none	none	passed
ENCFF934VGO	ENCFF934VGO	ENCSR925GDS	ENCSR325SKA	BPNet	sequence motifs instances	bigBed	ChIP-seq	CTCF	sigmoid-colon	colon	large-intestine	digestive-system	none	none	passed
ENCFF361SBR	ENCFF361SBR	ENCSR000ANE	ENCSR148IZB	BPNet	sequence motifs instances	bigBed	ChIP-seq	CTCF	skeletal-muscle-myoblast	muscle	muscle	musculature	none	none	passed
ENCFF231EBP	ENCFF231EBP	ENCSR261VAS	ENCSR801SLD	BPNet	sequence motifs instances	bigBed	ChIP-seq	CTCF	smooth-muscle-cell	muscle	muscle	musculature	none	none	passed
ENCFF111GPQ	ENCFF111GPQ	ENCSR234HEM	ENCSR700WKB	BPNet	sequence motifs instances	bigBed	ChIP-seq	CTCF	spleen	spleen	spleen	endocrine-system	none	none	passed
ENCFF234CEG	ENCFF234CEG	ENCSR028YEV	ENCSR729PQJ	BPNet	sequence motifs instances	bigBed	ChIP-seq	CTCF	spleen	spleen	spleen	endocrine-system	none	none	passed
ENCFF404EQE	ENCFF404EQE	ENCSR967BSF	ENCSR501GMR	BPNet	sequence motifs instances	bigBed	ChIP-seq	CTCF	spleen	spleen	spleen	endocrine-system	none	none	passed
ENCFF459DXN	ENCFF459DXN	ENCSR692ILH	ENCSR538GXZ	BPNet	sequence motifs instances	bigBed	ChIP-seq	CTCF	spleen	spleen	spleen	endocrine-system	none	none	passed
ENCFF462TPU	ENCFF462TPU	ENCSR482PMN	ENCSR587YQB	BPNet	sequence motifs instances	bigBed	ChIP-seq	CTCF	spleen	spleen	spleen	endocrine-system	none	none	passed
ENCFF592TNC	ENCFF592TNC	ENCSR961SKY	ENCSR977SBI	BPNet	sequence motifs instances	bigBed	ChIP-seq	CTCF	spleen	spleen	spleen	endocrine-system	none	none	passed
ENCFF668WAN	ENCFF668WAN	ENCSR601FEB	ENCSR238LOA	BPNet	sequence motifs instances	bigBed	ChIP-seq	CTCF	spleen	spleen	spleen	endocrine-system	none	none	passed
ENCFF804WTF	ENCFF804WTF	ENCSR343RJH	ENCSR179EGZ	BPNet	sequence motifs instances	bigBed	ChIP-seq	CTCF	spleen	spleen	spleen	endocrine-system	none	none	passed
ENCFF857IMZ	ENCFF857IMZ	ENCSR595BPR	ENCSR152KNT	BPNet	sequence motifs instances	bigBed	ChIP-seq	CTCF	spleen	spleen	spleen	endocrine-system	none	none	passed
ENCFF906EIZ	ENCFF906EIZ	ENCSR466TNQ	ENCSR025HVE	BPNet	sequence motifs instances	bigBed	ChIP-seq	CTCF	spleen	spleen	spleen	endocrine-system	none	none	passed
ENCFF964GRW	ENCFF964GRW	ENCSR225YGX	ENCSR082VPZ	BPNet	sequence motifs instances	bigBed	ChIP-seq	CTCF	spleen	spleen	spleen	endocrine-system	none	none	passed
ENCFF984ZCA	ENCFF984ZCA	ENCSR000DNI	ENCSR896AXL	BPNet	sequence motifs instances	bigBed	ChIP-seq	CTCF	spleen	spleen	spleen	endocrine-system	none	none	passed
ENCFF998KGX	ENCFF998KGX	ENCSR266CJT	ENCSR103WPA	BPNet	sequence motifs instances	bigBed	ChIP-seq	CTCF	spleen	spleen	spleen	endocrine-system	none	none	passed
ENCFF110VET	ENCFF110VET	ENCSR037GKL	ENCSR941MYR	BPNet	sequence motifs instances	bigBed	ChIP-seq	CTCF	stomach	stomach	stomach	digestive-system	none	none	passed
ENCFF181WNZ	ENCFF181WNZ	ENCSR185CCV	ENCSR347XWJ	BPNet	sequence motifs instances	bigBed	ChIP-seq	CTCF	stomach	stomach	stomach	digestive-system	none	none	passed
ENCFF591HLF	ENCFF591HLF	ENCSR361KVZ	ENCSR702HRP	BPNet	sequence motifs instances	bigBed	ChIP-seq	CTCF	stomach	stomach	stomach	digestive-system	none	none	passed
ENCFF877FGB	ENCFF877FGB	ENCSR549WAU	ENCSR714QWP	BPNet	sequence motifs instances	bigBed	ChIP-seq	CTCF	stomach	stomach	stomach	digestive-system	none	none	passed
ENCFF970EFV	ENCFF970EFV	ENCSR173AIR	ENCSR364NWB	BPNet	sequence motifs instances	bigBed	ChIP-seq	CTCF	stomach	stomach	stomach	digestive-system	none	none	passed
ENCFF562GBX	ENCFF562GBX	ENCSR485VQV	ENCSR537HGK	BPNet	sequence motifs instances	bigBed	ChIP-seq	CTCF	suprapubic-skin	skin	skin	integumental-system	none	none	passed
ENCFF730IHE	ENCFF730IHE	ENCSR756KRS	ENCSR809MWA	BPNet	sequence motifs instances	bigBed	ChIP-seq	CTCF	suprapubic-skin	skin	skin	integumental-system	none	none	passed
ENCFF893TWB	ENCFF893TWB	ENCSR515LRI	ENCSR897VGC	BPNet	sequence motifs instances	bigBed	ChIP-seq	CTCF	suprapubic-skin	skin	skin	integumental-system	none	none	passed
ENCFF294DUH	ENCFF294DUH	ENCSR981CID	ENCSR791EEQ	BPNet	sequence motifs instances	bigBed	ChIP-seq	CTCF	testis	testis	testis	reproductive-system	none	none	passed
ENCFF305NMR	ENCFF305NMR	ENCSR494TNM	ENCSR261GQD	BPNet	sequence motifs instances	bigBed	ChIP-seq	CTCF	testis	testis	testis	reproductive-system	none	none	passed
ENCFF521WLT	ENCFF521WLT	ENCSR753RME	ENCSR037QZH	BPNet	sequence motifs instances	bigBed	ChIP-seq	CTCF	testis	testis	testis	reproductive-system	none	none	passed
ENCFF160WEP	ENCFF160WEP	ENCSR668BTN	ENCSR021JLV	BPNet	sequence motifs instances	bigBed	ChIP-seq	CTCF	thoracic-aorta	aorta	blood-vessel	circulatory-system	none	none	passed
ENCFF707LDE	ENCFF707LDE	ENCSR549TXG	ENCSR236LRV	BPNet	sequence motifs instances	bigBed	ChIP-seq	CTCF	thoracic-aorta	aorta	blood-vessel	circulatory-system	none	none	passed
ENCFF060RIA	ENCFF060RIA	ENCSR744YJR	ENCSR722PLM	BPNet	sequence motifs instances	bigBed	ChIP-seq	CTCF	thyroid-gland	thyroid	thyroid	endocrine-system	none	none	passed
ENCFF061NDC	ENCFF061NDC	ENCSR955BIB	ENCSR535ZZH	BPNet	sequence motifs instances	bigBed	ChIP-seq	CTCF	thyroid-gland	thyroid	thyroid	endocrine-system	none	none	passed
ENCFF652LYH	ENCFF652LYH	ENCSR505ZGX	ENCSR409HVZ	BPNet	sequence motifs instances	bigBed	ChIP-seq	CTCF	thyroid-gland	thyroid	thyroid	endocrine-system	none	none	passed
ENCFF807TCW	ENCFF807TCW	ENCSR145HBC	ENCSR144BSP	BPNet	sequence motifs instances	bigBed	ChIP-seq	CTCF	thyroid-gland	thyroid	thyroid	endocrine-system	none	none	passed
ENCFF924FEV	ENCFF924FEV	ENCSR033KMZ	ENCSR455OZY	BPNet	sequence motifs instances	bigBed	ChIP-seq	CTCF	thyroid-gland	thyroid	thyroid	endocrine-system	none	none	passed
ENCFF990XHI	ENCFF990XHI	ENCSR331OGX	ENCSR457LFM	BPNet	sequence motifs instances	bigBed	ChIP-seq	CTCF	thyroid-gland	thyroid	thyroid	endocrine-system	none	none	passed
ENCFF999UZD	ENCFF999UZD	ENCSR492ZIW	ENCSR614KWL	BPNet	sequence motifs instances	bigBed	ChIP-seq	CTCF	thyroid-gland	thyroid	thyroid	endocrine-system	none	none	passed
ENCFF130HWX	ENCFF130HWX	ENCSR079YAP	ENCSR694KSW	BPNet	sequence motifs instances	bigBed	ChIP-seq	CTCF	tibial-artery	artery	blood-vessel	circulatory-system	none	none	passed
ENCFF937DDS	ENCFF937DDS	ENCSR699BEK	ENCSR828ZNK	BPNet	sequence motifs instances	bigBed	ChIP-seq	CTCF	tibial-artery	artery	blood-vessel	circulatory-system	none	none	passed
ENCFF041HPD	ENCFF041HPD	ENCSR793YAD	ENCSR035AVH	BPNet	sequence motifs instances	bigBed	ChIP-seq	CTCF	tibial-nerve	nerve	nerve	peripheral-nervous-system	none	none	passed
ENCFF326CLE	ENCFF326CLE	ENCSR822PJT	ENCSR490SUU	BPNet	sequence motifs instances	bigBed	ChIP-seq	CTCF	tibial-nerve	nerve	nerve	peripheral-nervous-system	none	none	passed
ENCFF642VUT	ENCFF642VUT	ENCSR689VEF	ENCSR121YAV	BPNet	sequence motifs instances	bigBed	ChIP-seq	CTCF	tibial-nerve	nerve	nerve	peripheral-nervous-system	none	none	passed
ENCFF718DXY	ENCFF718DXY	ENCSR875NEW	ENCSR551MYW	BPNet	sequence motifs instances	bigBed	ChIP-seq	CTCF	tibial-nerve	nerve	nerve	peripheral-nervous-system	none	none	passed
ENCFF831DRB	ENCFF831DRB	ENCSR434XLP	ENCSR883CCS	BPNet	sequence motifs instances	bigBed	ChIP-seq	CTCF	tibial-nerve	nerve	nerve	peripheral-nervous-system	none	none	passed
ENCFF909PCV	ENCFF909PCV	ENCSR469POZ	ENCSR584FMJ	BPNet	sequence motifs instances	bigBed	ChIP-seq	CTCF	tibial-nerve	nerve	nerve	peripheral-nervous-system	none	none	passed
ENCFF213LEM	ENCFF213LEM	ENCSR558HTE	ENCSR494BOQ	BPNet	sequence motifs instances	bigBed	ChIP-seq	CTCF	transverse-colon	colon	large-intestine	digestive-system	none	none	passed
ENCFF285HIM	ENCFF285HIM	ENCSR236YGF	ENCSR292IMR	BPNet	sequence motifs instances	bigBed	ChIP-seq	CTCF	transverse-colon	colon	large-intestine	digestive-system	none	none	passed
ENCFF296TFM	ENCFF296TFM	ENCSR907BES	ENCSR119NPW	BPNet	sequence motifs instances	bigBed	ChIP-seq	CTCF	transverse-colon	colon	large-intestine	digestive-system	none	none	passed
ENCFF363IEZ	ENCFF363IEZ	ENCSR769WKR	ENCSR118KLN	BPNet	sequence motifs instances	bigBed	ChIP-seq	CTCF	transverse-colon	colon	large-intestine	digestive-system	none	none	passed
ENCFF680OSU	ENCFF680OSU	ENCSR449SEF	ENCSR478UGE	BPNet	sequence motifs instances	bigBed	ChIP-seq	CTCF	transverse-colon	colon	large-intestine	digestive-system	none	none	passed
ENCFF723JAB	ENCFF723JAB	ENCSR608WPS	ENCSR438UFD	BPNet	sequence motifs instances	bigBed	ChIP-seq	CTCF	transverse-colon	colon	large-intestine	digestive-system	none	none	passed
ENCFF854YSJ	ENCFF854YSJ	ENCSR833FWC	ENCSR722GKY	BPNet	sequence motifs instances	bigBed	ChIP-seq	CTCF	transverse-colon	colon	large-intestine	digestive-system	none	none	passed
ENCFF877UYC	ENCFF877UYC	ENCSR102CSD	ENCSR493APS	BPNet	sequence motifs instances	bigBed	ChIP-seq	CTCF	transverse-colon	colon	large-intestine	digestive-system	none	none	passed
ENCFF258HJI	ENCFF258HJI	ENCSR458PYQ	ENCSR833ODX	BPNet	sequence motifs instances	bigBed	ChIP-seq	CTCF	type-B-pancreatic-cell	pancreatic	pancreas	digestive-system	none	none	passed
ENCFF147HMZ	ENCFF147HMZ	ENCSR463XCZ	ENCSR269BYH	BPNet	sequence motifs instances	bigBed	ChIP-seq	CTCF	upper-lobe-of-left-lung	lung	lung	respiratory-system	none	none	passed
ENCFF228VZT	ENCFF228VZT	ENCSR970UZD	ENCSR771GVO	BPNet	sequence motifs instances	bigBed	ChIP-seq	CTCF	upper-lobe-of-left-lung	lung	lung	respiratory-system	none	none	passed
ENCFF673SCH	ENCFF673SCH	ENCSR027FSZ	ENCSR427ESN	BPNet	sequence motifs instances	bigBed	ChIP-seq	CTCF	upper-lobe-of-left-lung	lung	lung	respiratory-system	none	none	passed
ENCFF798YQP	ENCFF798YQP	ENCSR224WWI	ENCSR040DDI	BPNet	sequence motifs instances	bigBed	ChIP-seq	CTCF	upper-lobe-of-left-lung	lung	lung	respiratory-system	none	none	passed
ENCFF886CMT	ENCFF886CMT	ENCSR964BKO	ENCSR766YAQ	BPNet	sequence motifs instances	bigBed	ChIP-seq	CTCF	upper-lobe-of-left-lung	lung	lung	respiratory-system	none	none	passed
ENCFF904YCW	ENCFF904YCW	ENCSR799TJD	ENCSR493WJZ	BPNet	sequence motifs instances	bigBed	ChIP-seq	CTCF	upper-lobe-of-left-lung	lung	lung	respiratory-system	none	none	passed
ENCFF966LBA	ENCFF966LBA	ENCSR972LYL	ENCSR064NKL	BPNet	sequence motifs instances	bigBed	ChIP-seq	CTCF	upper-lobe-of-left-lung	lung	lung	respiratory-system	none	none	passed
ENCFF055ZRA	ENCFF055ZRA	ENCSR164ASX	ENCSR082SMZ	BPNet	sequence motifs instances	bigBed	ChIP-seq	CTCF	upper-lobe-of-right-lung	lung	lung	respiratory-system	none	none	passed
ENCFF141HNR	ENCFF141HNR	ENCSR392SFJ	ENCSR400TWQ	BPNet	sequence motifs instances	bigBed	ChIP-seq	CTCF	uterus	uterus	uterus	reproductive-system	none	none	passed
ENCFF256FJW	ENCFF256FJW	ENCSR798NVH	ENCSR249ADA	BPNet	sequence motifs instances	bigBed	ChIP-seq	CTCF	uterus	uterus	uterus	reproductive-system	none	none	passed
ENCFF324GAP	ENCFF324GAP	ENCSR527TPP	ENCSR483OSA	BPNet	sequence motifs instances	bigBed	ChIP-seq	CTCF	uterus	uterus	uterus	reproductive-system	none	none	passed
ENCFF826BGC	ENCFF826BGC	ENCSR684PGO	ENCSR718POP	BPNet	sequence motifs instances	bigBed	ChIP-seq	CTCF	uterus	uterus	uterus	reproductive-system	none	none	passed
ENCFF127WQF	ENCFF127WQF	ENCSR614HHL	ENCSR622WYX	BPNet	sequence motifs instances	bigBed	ChIP-seq	CTCF	vagina	cell-line	cell-line	cell-line	none	none	passed
ENCFF478FZB	ENCFF478FZB	ENCSR655ECZ	ENCSR221ZYT	BPNet	sequence motifs instances	bigBed	ChIP-seq	CTCF	vagina	cell-line	cell-line	cell-line	none	none	passed
ENCFF983LSG	ENCFF983LSG	ENCSR606TNN	ENCSR135HOE	BPNet	sequence motifs instances	bigBed	ChIP-seq	CTCF	vagina	cell-line	cell-line	cell-line	none	none	passed
ENCFF269TEI	ENCFF269TEI	ENCSR000BNK	ENCSR197EFB	BPNet	sequence motifs instances	bigBed	ChIP-seq	CTCFL	K562	cell-line	cell-line	cell-line	none	none	passed
ENCFF361VKK	ENCFF361VKK	ENCSR000DYR	ENCSR664ZPG	BPNet	sequence motifs instances	bigBed	ChIP-seq	CUX1	GM12878	cell-line	cell-line	cell-line	none	none	passed
ENCFF051DDB	ENCFF051DDB	ENCSR178NTX	ENCSR103ZBY	BPNet	sequence motifs instances	bigBed	ChIP-seq	CUX1	K562	cell-line	cell-line	cell-line	none	none	passed
ENCFF521AHN	ENCFF521AHN	ENCSR000EFO	ENCSR505YUX	BPNet	sequence motifs instances	bigBed	ChIP-seq	CUX1	K562	cell-line	cell-line	cell-line	none	none	passed
ENCFF629IHN	ENCFF629IHN	ENCSR017CEO	ENCSR867JJN	BPNet	sequence motifs instances	bigBed	ChIP-seq	CUX1	MCF-7	cell-line	cell-line	cell-line	none	none	passed
ENCFF540PQS	ENCFF540PQS	ENCSR387BVC	ENCSR171QCE	BPNet	sequence motifs instances	bigBed	ChIP-seq	DDIT3	K562	cell-line	cell-line	cell-line	none	none	passed
ENCFF805GVV	ENCFF805GVV	ENCSR387SYS	ENCSR059IIP	BPNet	sequence motifs instances	bigBed	ChIP-seq	DEAF1	K562	cell-line	cell-line	cell-line	none	none	passed
ENCFF798NLA	ENCFF798NLA	ENCSR272TOJ	ENCSR619SOZ	BPNet	sequence motifs instances	bigBed	ChIP-seq	DLX6	HepG2	cell-line	cell-line	cell-line	none	none	passed
ENCFF051KRK	ENCFF051KRK	ENCSR091IQZ	ENCSR317BMS	BPNet	sequence motifs instances	bigBed	ChIP-seq	DMBX1	K562	cell-line	cell-line	cell-line	none	none	passed
ENCFF513FTG	ENCFF513FTG	ENCSR015KAM	ENCSR196XSB	BPNet	sequence motifs instances	bigBed	ChIP-seq	DMTF1	K562	cell-line	cell-line	cell-line	none	none	passed
ENCFF241PVJ	ENCFF241PVJ	ENCSR000EVM	ENCSR979WUZ	BPNet	sequence motifs instances	bigBed	ChIP-seq	E2F1	HeLa-S3	cell-line	cell-line	cell-line	none	none	passed
ENCFF610LEK	ENCFF610LEK	ENCSR000EVJ	ENCSR511FGO	BPNet	sequence motifs instances	bigBed	ChIP-seq	E2F1	HeLa-S3	cell-line	cell-line	cell-line	none	none	passed
ENCFF200AGU	ENCFF200AGU	ENCSR717ZZW	ENCSR386IGL	BPNet	sequence motifs instances	bigBed	ChIP-seq	E2F1	HepG2	cell-line	cell-line	cell-line	none	none	passed
ENCFF453ZCE	ENCFF453ZCE	ENCSR720HUL	ENCSR316WMH	BPNet	sequence motifs instances	bigBed	ChIP-seq	E2F1	K562	cell-line	cell-line	cell-line	none	none	passed
ENCFF470HQK	ENCFF470HQK	ENCSR153DWR	ENCSR650ADC	BPNet	sequence motifs instances	bigBed	ChIP-seq	E2F1	K562	cell-line	cell-line	cell-line	none	none	passed
ENCFF496MDX	ENCFF496MDX	ENCSR563LLO	ENCSR529PNO	BPNet	sequence motifs instances	bigBed	ChIP-seq	E2F1	K562	cell-line	cell-line	cell-line	none	none	passed
ENCFF403DYW	ENCFF403DYW	ENCSR000EWX	ENCSR250WBG	BPNet	sequence motifs instances	bigBed	ChIP-seq	E2F1	MCF-7	cell-line	cell-line	cell-line	none	none	passed
ENCFF317GDR	ENCFF317GDR	ENCSR836SPL	ENCSR660YFG	BPNet	sequence motifs instances	bigBed	ChIP-seq	E2F1	WTC11	cell-line	cell-line	cell-line	none	none	passed
ENCFF568XFZ	ENCFF568XFZ	ENCSR013RNH	ENCSR093EEJ	BPNet	sequence motifs instances	bigBed	ChIP-seq	E2F2	HepG2	cell-line	cell-line	cell-line	none	none	passed
ENCFF097XLS	ENCFF097XLS	ENCSR036QIR	ENCSR985PEG	BPNet	sequence motifs instances	bigBed	ChIP-seq	E2F3	K562	cell-line	cell-line	cell-line	none	none	passed
ENCFF376KGN	ENCFF376KGN	ENCSR000DYY	ENCSR914CPB	BPNet	sequence motifs instances	bigBed	ChIP-seq	E2F4	GM12878	cell-line	cell-line	cell-line	none	none	passed
ENCFF391LDV	ENCFF391LDV	ENCSR000EVL	ENCSR671EAM	BPNet	sequence motifs instances	bigBed	ChIP-seq	E2F4	HeLa-S3	cell-line	cell-line	cell-line	none	none	passed
ENCFF274JLM	ENCFF274JLM	ENCSR924LSO	ENCSR747ZTJ	BPNet	sequence motifs instances	bigBed	ChIP-seq	E2F4	HepG2	cell-line	cell-line	cell-line	none	none	passed
ENCFF780IYU	ENCFF780IYU	ENCSR368GJN	ENCSR584OCJ	BPNet	sequence motifs instances	bigBed	ChIP-seq	E2F4	K562	cell-line	cell-line	cell-line	none	none	passed
ENCFF929PPU	ENCFF929PPU	ENCSR000EWL	ENCSR128HGV	BPNet	sequence motifs instances	bigBed	ChIP-seq	E2F4	K562	cell-line	cell-line	cell-line	none	none	passed
ENCFF680JTM	ENCFF680JTM	ENCSR000DOR	ENCSR980THB	BPNet	sequence motifs instances	bigBed	ChIP-seq	E2F4	MCF-10A	cell-line	cell-line	cell-line	none	none	passed
ENCFF653PTU	ENCFF653PTU	ENCSR264OKN	ENCSR688BPP	BPNet	sequence motifs instances	bigBed	ChIP-seq	E2F4	WTC11	cell-line	cell-line	cell-line	none	none	passed
ENCFF884CPK	ENCFF884CPK	ENCSR000BTC	ENCSR643EQH	BPNet	sequence motifs instances	bigBed	ChIP-seq	E2F6	A549	cell-line	cell-line	cell-line	none	none	passed
ENCFF812CPX	ENCFF812CPX	ENCSR000BSI	ENCSR665ZHK	BPNet	sequence motifs instances	bigBed	ChIP-seq	E2F6	H1	cell-line	cell-line	cell-line	none	none	passed
ENCFF736IGT	ENCFF736IGT	ENCSR000EVK	ENCSR653MUZ	BPNet	sequence motifs instances	bigBed	ChIP-seq	E2F6	HeLa-S3	cell-line	cell-line	cell-line	none	none	passed
ENCFF019PPV	ENCFF019PPV	ENCSR000BLI	ENCSR471ZAF	BPNet	sequence motifs instances	bigBed	ChIP-seq	E2F6	K562	cell-line	cell-line	cell-line	none	none	passed
ENCFF600LRS	ENCFF600LRS	ENCSR000EWJ	ENCSR350YIB	BPNet	sequence motifs instances	bigBed	ChIP-seq	E2F6	K562	cell-line	cell-line	cell-line	none	none	passed
ENCFF867AEU	ENCFF867AEU	ENCSR171CAY	ENCSR419OTG	BPNet	sequence motifs instances	bigBed	ChIP-seq	E2F7	K562	cell-line	cell-line	cell-line	none	none	passed
ENCFF660ERC	ENCFF660ERC	ENCSR793HVL	ENCSR150VCL	BPNet	sequence motifs instances	bigBed	ChIP-seq	E2F8	GM12878	cell-line	cell-line	cell-line	none	none	passed
ENCFF320WOK	ENCFF320WOK	ENCSR634GEO	ENCSR585ZGK	BPNet	sequence motifs instances	bigBed	ChIP-seq	E2F8	HepG2	cell-line	cell-line	cell-line	none	none	passed
ENCFF863IWK	ENCFF863IWK	ENCSR953DVM	ENCSR493NOM	BPNet	sequence motifs instances	bigBed	ChIP-seq	E2F8	K562	cell-line	cell-line	cell-line	none	none	passed
ENCFF659EPT	ENCFF659EPT	ENCSR897ZXU	ENCSR214PBV	BPNet	sequence motifs instances	bigBed	ChIP-seq	E2F8	MCF-7	cell-line	cell-line	cell-line	none	none	passed
ENCFF241IYY	ENCFF241IYY	ENCSR439WAF	ENCSR691OIV	BPNet	sequence motifs instances	bigBed	ChIP-seq	E4F1	GM12878	cell-line	cell-line	cell-line	none	none	passed
ENCFF755GRX	ENCFF755GRX	ENCSR731LHZ	ENCSR647ENX	BPNet	sequence motifs instances	bigBed	ChIP-seq	E4F1	K562	cell-line	cell-line	cell-line	none	none	passed
ENCFF280FJN	ENCFF280FJN	ENCSR000BGU	ENCSR249YHP	BPNet	sequence motifs instances	bigBed	ChIP-seq	EBF1	GM12878	cell-line	cell-line	cell-line	none	none	passed
ENCFF545UGA	ENCFF545UGA	ENCSR000DZQ	ENCSR457BBJ	BPNet	sequence motifs instances	bigBed	ChIP-seq	EBF1	GM12878	cell-line	cell-line	cell-line	none	none	passed
ENCFF076SRY	ENCFF076SRY	ENCSR000BMQ	ENCSR141EXZ	BPNet	sequence motifs instances	bigBed	ChIP-seq	EGR1	GM12878	cell-line	cell-line	cell-line	none	none	passed
ENCFF484XAQ	ENCFF484XAQ	ENCSR000BRG	ENCSR415CSY	BPNet	sequence motifs instances	bigBed	ChIP-seq	EGR1	GM12878	cell-line	cell-line	cell-line	none	none	passed
ENCFF264ZHU	ENCFF264ZHU	ENCSR000BJA	ENCSR113DKE	BPNet	sequence motifs instances	bigBed	ChIP-seq	EGR1	H1	cell-line	cell-line	cell-line	none	none	passed
ENCFF738DLE	ENCFF738DLE	ENCSR000BRZ	ENCSR752ARC	BPNet	sequence motifs instances	bigBed	ChIP-seq	EGR1	HCT116	cell-line	cell-line	cell-line	none	none	passed
ENCFF135EYD	ENCFF135EYD	ENCSR026GSW	ENCSR358DTM	BPNet	sequence motifs instances	bigBed	ChIP-seq	EGR1	HepG2	cell-line	cell-line	cell-line	none	none	passed
ENCFF999WWL	ENCFF999WWL	ENCSR000BSQ	ENCSR133QFY	BPNet	sequence motifs instances	bigBed	ChIP-seq	EGR1	Ishikawa	cell-line	cell-line	cell-line	none	none	passed
ENCFF051RWK	ENCFF051RWK	ENCSR024CNP	ENCSR706MJY	BPNet	sequence motifs instances	bigBed	ChIP-seq	EGR1	K562	cell-line	cell-line	cell-line	none	none	passed
ENCFF212APW	ENCFF212APW	ENCSR211LTF	ENCSR531UJV	BPNet	sequence motifs instances	bigBed	ChIP-seq	EGR1	K562	cell-line	cell-line	cell-line	none	none	passed
ENCFF422XZX	ENCFF422XZX	ENCSR000BNE	ENCSR461IMZ	BPNet	sequence motifs instances	bigBed	ChIP-seq	EGR1	K562	cell-line	cell-line	cell-line	none	none	passed
ENCFF368ODC	ENCFF368ODC	ENCSR000BUX	ENCSR764MGW	BPNet	sequence motifs instances	bigBed	ChIP-seq	EGR1	MCF-7	cell-line	cell-line	cell-line	none	none	passed
ENCFF385ITE	ENCFF385ITE	ENCSR290ZOS	ENCSR774YHV	BPNet	sequence motifs instances	bigBed	ChIP-seq	EGR1	liver	liver	liver	digestive-system	none	none	passed
ENCFF682OMH	ENCFF682OMH	ENCSR736BUG	ENCSR482OFY	BPNet	sequence motifs instances	bigBed	ChIP-seq	EGR1	liver	liver	liver	digestive-system	none	none	passed
ENCFF002JOK	ENCFF002JOK	ENCSR919CZU	ENCSR905WNQ	BPNet	sequence motifs instances	bigBed	ChIP-seq	EGR2	HEK293	cell-line	cell-line	cell-line	none	none	passed
ENCFF394DXT	ENCFF394DXT	ENCSR000BPT	ENCSR115KTR	BPNet	sequence motifs instances	bigBed	ChIP-seq	ELF1	A549	cell-line	cell-line	cell-line	none	none	passed
ENCFF232VRY	ENCFF232VRY	ENCSR841NDX	ENCSR583JLE	BPNet	sequence motifs instances	bigBed	ChIP-seq	ELF1	GM12878	cell-line	cell-line	cell-line	none	none	passed
ENCFF283HFF	ENCFF283HFF	ENCSR000BMB	ENCSR284EMN	BPNet	sequence motifs instances	bigBed	ChIP-seq	ELF1	GM12878	cell-line	cell-line	cell-line	none	none	passed
ENCFF261WLH	ENCFF261WLH	ENCSR000BVH	ENCSR661QJF	BPNet	sequence motifs instances	bigBed	ChIP-seq	ELF1	HCT116	cell-line	cell-line	cell-line	none	none	passed
ENCFF557VIB	ENCFF557VIB	ENCSR000BMZ	ENCSR242YWK	BPNet	sequence motifs instances	bigBed	ChIP-seq	ELF1	HepG2	cell-line	cell-line	cell-line	none	none	passed
ENCFF911PKR	ENCFF911PKR	ENCSR321VGW	ENCSR013GZY	BPNet	sequence motifs instances	bigBed	ChIP-seq	ELF1	HepG2	cell-line	cell-line	cell-line	none	none	passed
ENCFF140ZJY	ENCFF140ZJY	ENCSR975SSR	ENCSR339PZZ	BPNet	sequence motifs instances	bigBed	ChIP-seq	ELF1	K562	cell-line	cell-line	cell-line	none	none	passed
ENCFF648OLH	ENCFF648OLH	ENCSR502OEK	ENCSR436LIQ	BPNet	sequence motifs instances	bigBed	ChIP-seq	ELF1	K562	cell-line	cell-line	cell-line	none	none	passed
ENCFF793WIY	ENCFF793WIY	ENCSR000BMD	ENCSR736MKZ	BPNet	sequence motifs instances	bigBed	ChIP-seq	ELF1	K562	cell-line	cell-line	cell-line	none	none	passed
ENCFF942GAZ	ENCFF942GAZ	ENCSR744CXJ	ENCSR323SIL	BPNet	sequence motifs instances	bigBed	ChIP-seq	ELF1	K562	cell-line	cell-line	cell-line	none	none	passed
ENCFF357YAR	ENCFF357YAR	ENCSR475SOC	ENCSR694XCP	BPNet	sequence motifs instances	bigBed	ChIP-seq	ELF1	MCF-7	cell-line	cell-line	cell-line	none	none	passed
ENCFF649KNB	ENCFF649KNB	ENCSR502NRF	ENCSR585SAF	BPNet	sequence motifs instances	bigBed	ChIP-seq	ELF1	MCF-7	cell-line	cell-line	cell-line	none	none	passed
ENCFF678ZJM	ENCFF678ZJM	ENCSR000BSS	ENCSR136DQJ	BPNet	sequence motifs instances	bigBed	ChIP-seq	ELF1	MCF-7	cell-line	cell-line	cell-line	none	none	passed
ENCFF210VAC	ENCFF210VAC	ENCSR000BTA	ENCSR201AZL	BPNet	sequence motifs instances	bigBed	ChIP-seq	ELF1	SK-N-SH	cell-line	cell-line	cell-line	none	none	passed
ENCFF153ONC	ENCFF153ONC	ENCSR594HXD	ENCSR588DJP	BPNet	sequence motifs instances	bigBed	ChIP-seq	ELF2	K562	cell-line	cell-line	cell-line	none	none	passed
ENCFF274CFU	ENCFF274CFU	ENCSR778QLY	ENCSR438TVE	BPNet	sequence motifs instances	bigBed	ChIP-seq	ELF4	HEK293T	cell-line	cell-line	cell-line	none	none	passed
ENCFF727KBN	ENCFF727KBN	ENCSR980HGI	ENCSR863FYT	BPNet	sequence motifs instances	bigBed	ChIP-seq	ELF4	HepG2	cell-line	cell-line	cell-line	none	none	passed
ENCFF536GHK	ENCFF536GHK	ENCSR498JCG	ENCSR158YZZ	BPNet	sequence motifs instances	bigBed	ChIP-seq	ELF4	K562	cell-line	cell-line	cell-line	none	none	passed
ENCFF600MZM	ENCFF600MZM	ENCSR494ZGC	ENCSR747NTS	BPNet	sequence motifs instances	bigBed	ChIP-seq	ELF4	K562	cell-line	cell-line	cell-line	none	none	passed
ENCFF747QLF	ENCFF747QLF	ENCSR638QHV	ENCSR159BWT	BPNet	sequence motifs instances	bigBed	ChIP-seq	ELF4	K562	cell-line	cell-line	cell-line	none	none	passed
ENCFF751LGQ	ENCFF751LGQ	ENCSR000DZB	ENCSR617OUA	BPNet	sequence motifs instances	bigBed	ChIP-seq	ELK1	GM12878	cell-line	cell-line	cell-line	none	none	passed
ENCFF723WZR	ENCFF723WZR	ENCSR000ECI	ENCSR534OYO	BPNet	sequence motifs instances	bigBed	ChIP-seq	ELK1	HeLa-S3	cell-line	cell-line	cell-line	none	none	passed
ENCFF665CXX	ENCFF665CXX	ENCSR717QSS	ENCSR472YSZ	BPNet	sequence motifs instances	bigBed	ChIP-seq	ELK1	HepG2	cell-line	cell-line	cell-line	none	none	passed
ENCFF074AGQ	ENCFF074AGQ	ENCSR000EFU	ENCSR865CAR	BPNet	sequence motifs instances	bigBed	ChIP-seq	ELK1	K562	cell-line	cell-line	cell-line	none	none	passed
ENCFF962HNF	ENCFF962HNF	ENCSR382WLL	ENCSR832UMB	BPNet	sequence motifs instances	bigBed	ChIP-seq	ELK1	MCF-7	cell-line	cell-line	cell-line	none	none	passed
ENCFF963AJB	ENCFF963AJB	ENCSR000EVI	ENCSR655PCK	BPNet	sequence motifs instances	bigBed	ChIP-seq	ELK4	HeLa-S3	cell-line	cell-line	cell-line	none	none	passed
ENCFF545XPS	ENCFF545XPS	ENCSR513YMV	ENCSR506QNM	BPNet	sequence motifs instances	bigBed	ChIP-seq	ELK4	HepG2	cell-line	cell-line	cell-line	none	none	passed
ENCFF792VMT	ENCFF792VMT	ENCSR463GOT	ENCSR695QWL	BPNet	sequence motifs instances	bigBed	ChIP-seq	ESR1	MCF-7	cell-line	cell-line	cell-line	none	none	passed
ENCFF758PLN	ENCFF758PLN	ENCSR000DYQ	ENCSR853ETF	BPNet	sequence motifs instances	bigBed	ChIP-seq	ESRRA	GM12878	cell-line	cell-line	cell-line	none	none	passed
ENCFF171YZQ	ENCFF171YZQ	ENCSR267NVP	ENCSR471MWU	BPNet	sequence motifs instances	bigBed	ChIP-seq	ESRRA	HepG2	cell-line	cell-line	cell-line	none	none	passed
ENCFF772DZU	ENCFF772DZU	ENCSR486IFJ	ENCSR374XGJ	BPNet	sequence motifs instances	bigBed	ChIP-seq	ESRRA	K562	cell-line	cell-line	cell-line	none	none	passed
ENCFF652WXZ	ENCFF652WXZ	ENCSR954WVZ	ENCSR442IDC	BPNet	sequence motifs instances	bigBed	ChIP-seq	ESRRA	MCF-7	cell-line	cell-line	cell-line	none	none	passed
ENCFF035NOK	ENCFF035NOK	ENCSR029OPK	ENCSR856ZTS	BPNet	sequence motifs instances	bigBed	ChIP-seq	ESRRA	WTC11	cell-line	cell-line	cell-line	none	none	passed
ENCFF904ZRI	ENCFF904ZRI	ENCSR000BPU	ENCSR908RRF	BPNet	sequence motifs instances	bigBed	ChIP-seq	ETS1	A549	cell-line	cell-line	cell-line	none	none	passed
ENCFF244ODM	ENCFF244ODM	ENCSR000BKA	ENCSR946PGY	BPNet	sequence motifs instances	bigBed	ChIP-seq	ETS1	GM12878	cell-line	cell-line	cell-line	none	none	passed
ENCFF243SKK	ENCFF243SKK	ENCSR534VHI	ENCSR696AKY	BPNet	sequence motifs instances	bigBed	ChIP-seq	ETS1	GM23338	cell-line	cell-line	cell-line	none	none	passed
ENCFF387RTQ	ENCFF387RTQ	ENCSR681WHQ	ENCSR340ZGI	BPNet	sequence motifs instances	bigBed	ChIP-seq	ETS1	HepG2	cell-line	cell-line	cell-line	none	none	passed
ENCFF474HUF	ENCFF474HUF	ENCSR000BKQ	ENCSR800TIT	BPNet	sequence motifs instances	bigBed	ChIP-seq	ETS1	K562	cell-line	cell-line	cell-line	none	none	passed
ENCFF666FFC	ENCFF666FFC	ENCSR277DMR	ENCSR763TSQ	BPNet	sequence motifs instances	bigBed	ChIP-seq	ETV1	K562	cell-line	cell-line	cell-line	none	none	passed
ENCFF568BIQ	ENCFF568BIQ	ENCSR537FDJ	ENCSR024PCE	BPNet	sequence motifs instances	bigBed	ChIP-seq	ETV4	HepG2	cell-line	cell-line	cell-line	none	none	passed
ENCFF879AYW	ENCFF879AYW	ENCSR714YZG	ENCSR349BWF	BPNet	sequence motifs instances	bigBed	ChIP-seq	ETV4	HepG2	cell-line	cell-line	cell-line	none	none	passed
ENCFF018YDN	ENCFF018YDN	ENCSR096IIB	ENCSR301LBE	BPNet	sequence motifs instances	bigBed	ChIP-seq	ETV5	HepG2	cell-line	cell-line	cell-line	none	none	passed
ENCFF539ZUY	ENCFF539ZUY	ENCSR971EWR	ENCSR267TUB	BPNet	sequence motifs instances	bigBed	ChIP-seq	ETV5	K562	cell-line	cell-line	cell-line	none	none	passed
ENCFF234WSI	ENCFF234WSI	ENCSR626VUC	ENCSR478NYG	BPNet	sequence motifs instances	bigBed	ChIP-seq	ETV6	GM12878	cell-line	cell-line	cell-line	none	none	passed
ENCFF295TKK	ENCFF295TKK	ENCSR925TWM	ENCSR643ACX	BPNet	sequence motifs instances	bigBed	ChIP-seq	ETV6	HepG2	cell-line	cell-line	cell-line	none	none	passed
ENCFF097FYW	ENCFF097FYW	ENCSR124BJR	ENCSR239YSE	BPNet	sequence motifs instances	bigBed	ChIP-seq	ETV6	K562	cell-line	cell-line	cell-line	none	none	passed
ENCFF882ANU	ENCFF882ANU	ENCSR000FCE	ENCSR442XPS	BPNet	sequence motifs instances	bigBed	ChIP-seq	ETV6	K562	cell-line	cell-line	cell-line	none	none	passed
ENCFF366HJS	ENCFF366HJS	ENCSR029TLS	ENCSR658UPZ	BPNet	sequence motifs instances	bigBed	ChIP-seq	ETV6	WTC11	cell-line	cell-line	cell-line	none	none	passed
ENCFF012VHE	ENCFF012VHE	ENCSR941WVJ	ENCSR841VEE	BPNet	sequence motifs instances	bigBed	ChIP-seq	FBXL19	HepG2	cell-line	cell-line	cell-line	none	none	passed
ENCFF085NMI	ENCFF085NMI	ENCSR827NWO	ENCSR722ZLL	BPNet	sequence motifs instances	bigBed	ChIP-seq	FEZF1	HEK293	cell-line	cell-line	cell-line	none	none	passed
ENCFF788ZQP	ENCFF788ZQP	ENCSR000EYZ	ENCSR205QBW	BPNet	sequence motifs instances	bigBed	ChIP-seq	FOS	GM12878	cell-line	cell-line	cell-line	none	none	passed
ENCFF631HVF	ENCFF631HVF	ENCSR124AIG	ENCSR728DMH	BPNet	sequence motifs instances	bigBed	ChIP-seq	FOS	IMR-90	cell-line	cell-line	cell-line	none	none	passed
ENCFF145UKP	ENCFF145UKP	ENCSR000FAI	ENCSR250RRT	BPNet	sequence motifs instances	bigBed	ChIP-seq	FOS	K562	cell-line	cell-line	cell-line	none	none	passed
ENCFF110BDC	ENCFF110BDC	ENCSR000DOT	ENCSR248ICS	BPNet	sequence motifs instances	bigBed	ChIP-seq	FOS	MCF-10A	cell-line	cell-line	cell-line	none	none	passed
ENCFF480DDL	ENCFF480DDL	ENCSR000DOP	ENCSR010RMO	BPNet	sequence motifs instances	bigBed	ChIP-seq	FOS	MCF-10A	cell-line	cell-line	cell-line	none	none	passed
ENCFF537OSC	ENCFF537OSC	ENCSR000DON	ENCSR657QSG	BPNet	sequence motifs instances	bigBed	ChIP-seq	FOS	MCF-10A	cell-line	cell-line	cell-line	none	none	passed
ENCFF900WUG	ENCFF900WUG	ENCSR000DOO	ENCSR575RVZ	BPNet	sequence motifs instances	bigBed	ChIP-seq	FOS	MCF-10A	cell-line	cell-line	cell-line	none	none	passed
ENCFF038WBH	ENCFF038WBH	ENCSR569XNP	ENCSR335UTI	BPNet	sequence motifs instances	bigBed	ChIP-seq	FOS	MCF-7	cell-line	cell-line	cell-line	none	none	passed
ENCFF149CIT	ENCFF149CIT	ENCSR000EVU	ENCSR233XFQ	BPNet	sequence motifs instances	bigBed	ChIP-seq	FOS	endothelial-cell-of-umbilical-vein	endothelial	blood-vessel	circulatory-system	none	none	passed
ENCFF997DXL	ENCFF997DXL	ENCSR000BTE	ENCSR474ZEM	BPNet	sequence motifs instances	bigBed	ChIP-seq	FOSL1	HCT116	cell-line	cell-line	cell-line	none	none	passed
ENCFF984FZC	ENCFF984FZC	ENCSR767NGL	ENCSR020BAF	BPNet	sequence motifs instances	bigBed	ChIP-seq	FOSL1	HepG2	cell-line	cell-line	cell-line	none	none	passed
ENCFF266MDK	ENCFF266MDK	ENCSR239ZLZ	ENCSR285NIO	BPNet	sequence motifs instances	bigBed	ChIP-seq	FOSL1	K562	cell-line	cell-line	cell-line	none	none	passed
ENCFF345GUE	ENCFF345GUE	ENCSR000BMV	ENCSR071ZMQ	BPNet	sequence motifs instances	bigBed	ChIP-seq	FOSL1	K562	cell-line	cell-line	cell-line	none	none	passed
ENCFF203CKJ	ENCFF203CKJ	ENCSR950CIR	ENCSR043OMU	BPNet	sequence motifs instances	bigBed	ChIP-seq	FOSL1	glutamatergic-neuron	neuron	nerve	central-nervous-system	none	none	passed
ENCFF017GGL	ENCFF017GGL	ENCSR900RUE	ENCSR012NRW	BPNet	sequence motifs instances	bigBed	ChIP-seq	FOSL2	A549	cell-line	cell-line	cell-line	none	none	passed
ENCFF069QDG	ENCFF069QDG	ENCSR000BQO	ENCSR237ZVN	BPNet	sequence motifs instances	bigBed	ChIP-seq	FOSL2	A549	cell-line	cell-line	cell-line	none	none	passed
ENCFF176KUG	ENCFF176KUG	ENCSR330IJE	ENCSR373VZG	BPNet	sequence motifs instances	bigBed	ChIP-seq	FOSL2	A549	cell-line	cell-line	cell-line	none	none	passed
ENCFF314AWG	ENCFF314AWG	ENCSR111ZXV	ENCSR868DKN	BPNet	sequence motifs instances	bigBed	ChIP-seq	FOSL2	A549	cell-line	cell-line	cell-line	none	none	passed
ENCFF340QUX	ENCFF340QUX	ENCSR448TVS	ENCSR554ZTS	BPNet	sequence motifs instances	bigBed	ChIP-seq	FOSL2	A549	cell-line	cell-line	cell-line	none	none	passed
ENCFF361PLM	ENCFF361PLM	ENCSR686HIU	ENCSR765JSW	BPNet	sequence motifs instances	bigBed	ChIP-seq	FOSL2	A549	cell-line	cell-line	cell-line	none	none	passed
ENCFF434ZNC	ENCFF434ZNC	ENCSR563GCV	ENCSR345YQI	BPNet	sequence motifs instances	bigBed	ChIP-seq	FOSL2	A549	cell-line	cell-line	cell-line	none	none	passed
ENCFF495OHO	ENCFF495OHO	ENCSR593DGU	ENCSR262NQG	BPNet	sequence motifs instances	bigBed	ChIP-seq	FOSL2	A549	cell-line	cell-line	cell-line	none	none	passed
ENCFF497PQL	ENCFF497PQL	ENCSR775UFR	ENCSR712WIM	BPNet	sequence motifs instances	bigBed	ChIP-seq	FOSL2	A549	cell-line	cell-line	cell-line	none	none	passed
ENCFF572CYE	ENCFF572CYE	ENCSR067XTW	ENCSR749BUO	BPNet	sequence motifs instances	bigBed	ChIP-seq	FOSL2	A549	cell-line	cell-line	cell-line	none	none	passed
ENCFF827MHO	ENCFF827MHO	ENCSR103UVU	ENCSR041VYT	BPNet	sequence motifs instances	bigBed	ChIP-seq	FOSL2	A549	cell-line	cell-line	cell-line	none	none	passed
ENCFF843KIO	ENCFF843KIO	ENCSR274WRI	ENCSR928CRM	BPNet	sequence motifs instances	bigBed	ChIP-seq	FOSL2	A549	cell-line	cell-line	cell-line	none	none	passed
ENCFF858ZMC	ENCFF858ZMC	ENCSR535HFQ	ENCSR041NSU	BPNet	sequence motifs instances	bigBed	ChIP-seq	FOSL2	A549	cell-line	cell-line	cell-line	none	none	passed
ENCFF975MTV	ENCFF975MTV	ENCSR242EWU	ENCSR133ETC	BPNet	sequence motifs instances	bigBed	ChIP-seq	FOSL2	A549	cell-line	cell-line	cell-line	none	none	passed
ENCFF180SWP	ENCFF180SWP	ENCSR000BHP	ENCSR508NQY	BPNet	sequence motifs instances	bigBed	ChIP-seq	FOSL2	HepG2	cell-line	cell-line	cell-line	none	none	passed
ENCFF653VZT	ENCFF653VZT	ENCSR249EYB	ENCSR346SIK	BPNet	sequence motifs instances	bigBed	ChIP-seq	FOSL2	HepG2	cell-line	cell-line	cell-line	none	none	passed
ENCFF200QIJ	ENCFF200QIJ	ENCSR546KCN	ENCSR660BJD	BPNet	sequence motifs instances	bigBed	ChIP-seq	FOSL2	MCF-7	cell-line	cell-line	cell-line	none	none	passed
ENCFF746MNN	ENCFF746MNN	ENCSR000BUI	ENCSR692KCM	BPNet	sequence motifs instances	bigBed	ChIP-seq	FOSL2	MCF-7	cell-line	cell-line	cell-line	none	none	passed
ENCFF699CNZ	ENCFF699CNZ	ENCSR000BVB	ENCSR219JFH	BPNet	sequence motifs instances	bigBed	ChIP-seq	FOSL2	SK-N-SH	cell-line	cell-line	cell-line	none	none	passed
ENCFF696JZB	ENCFF696JZB	ENCSR000BRD	ENCSR373ZLZ	BPNet	sequence motifs instances	bigBed	ChIP-seq	FOXA1	A549	cell-line	cell-line	cell-line	none	none	passed
ENCFF020LCO	ENCFF020LCO	ENCSR094WHO	ENCSR174RYL	BPNet	sequence motifs instances	bigBed	ChIP-seq	FOXA1	HEK293T	cell-line	cell-line	cell-line	none	none	passed
ENCFF559WXP	ENCFF559WXP	ENCSR865RXA	ENCSR337KST	BPNet	sequence motifs instances	bigBed	ChIP-seq	FOXA1	HepG2	cell-line	cell-line	cell-line	none	none	passed
ENCFF576NKG	ENCFF576NKG	ENCSR000BMO	ENCSR210RPB	BPNet	sequence motifs instances	bigBed	ChIP-seq	FOXA1	HepG2	cell-line	cell-line	cell-line	none	none	passed
ENCFF683UDI	ENCFF683UDI	ENCSR000BLE	ENCSR852HSZ	BPNet	sequence motifs instances	bigBed	ChIP-seq	FOXA1	HepG2	cell-line	cell-line	cell-line	none	none	passed
ENCFF715TCT	ENCFF715TCT	ENCSR267DFA	ENCSR262LEY	BPNet	sequence motifs instances	bigBed	ChIP-seq	FOXA1	HepG2	cell-line	cell-line	cell-line	none	none	passed
ENCFF111YOU	ENCFF111YOU	ENCSR819LHG	ENCSR976UGF	BPNet	sequence motifs instances	bigBed	ChIP-seq	FOXA1	K562	cell-line	cell-line	cell-line	none	none	passed
ENCFF158RRR	ENCFF158RRR	ENCSR126YEB	ENCSR452QKS	BPNet	sequence motifs instances	bigBed	ChIP-seq	FOXA1	MCF-7	cell-line	cell-line	cell-line	none	none	passed
ENCFF121WKX	ENCFF121WKX	ENCSR000BKY	ENCSR353SEK	BPNet	sequence motifs instances	bigBed	ChIP-seq	FOXA1	T47D	cell-line	cell-line	cell-line	none	none	passed
ENCFF822MUO	ENCFF822MUO	ENCSR324RCI	ENCSR578NTH	BPNet	sequence motifs instances	bigBed	ChIP-seq	FOXA1	liver	liver	liver	digestive-system	none	none	passed
ENCFF867FZI	ENCFF867FZI	ENCSR735KEY	ENCSR604GWZ	BPNet	sequence motifs instances	bigBed	ChIP-seq	FOXA1	liver	liver	liver	digestive-system	none	none	passed
ENCFF448DWT	ENCFF448DWT	ENCSR000BRE	ENCSR252KEN	BPNet	sequence motifs instances	bigBed	ChIP-seq	FOXA2	A549	cell-line	cell-line	cell-line	none	none	passed
ENCFF186MEO	ENCFF186MEO	ENCSR490AMH	ENCSR215RUL	BPNet	sequence motifs instances	bigBed	ChIP-seq	FOXA2	HepG2	cell-line	cell-line	cell-line	none	none	passed
ENCFF627PFB	ENCFF627PFB	ENCSR000BNI	ENCSR435KHB	BPNet	sequence motifs instances	bigBed	ChIP-seq	FOXA2	HepG2	cell-line	cell-line	cell-line	none	none	passed
ENCFF923AGD	ENCFF923AGD	ENCSR066EBK	ENCSR441PYW	BPNet	sequence motifs instances	bigBed	ChIP-seq	FOXA2	HepG2	cell-line	cell-line	cell-line	none	none	passed
ENCFF595ZAK	ENCFF595ZAK	ENCSR310NYI	ENCSR670OIJ	BPNet	sequence motifs instances	bigBed	ChIP-seq	FOXA2	liver	liver	liver	digestive-system	none	none	passed
ENCFF918HFY	ENCFF918HFY	ENCSR080XEY	ENCSR318CMD	BPNet	sequence motifs instances	bigBed	ChIP-seq	FOXA2	liver	liver	liver	digestive-system	none	none	passed
ENCFF605TJT	ENCFF605TJT	ENCSR092OVN	ENCSR743PLW	BPNet	sequence motifs instances	bigBed	ChIP-seq	FOXA3	HepG2	cell-line	cell-line	cell-line	none	none	passed
ENCFF575VRY	ENCFF575VRY	ENCSR788DXU	ENCSR579GZS	BPNet	sequence motifs instances	bigBed	ChIP-seq	FOXA3	K562	cell-line	cell-line	cell-line	none	none	passed
ENCFF752PJM	ENCFF752PJM	ENCSR231ZVN	ENCSR845IQV	BPNet	sequence motifs instances	bigBed	ChIP-seq	FOXA3	K562	cell-line	cell-line	cell-line	none	none	passed
ENCFF322BXW	ENCFF322BXW	ENCSR170AMG	ENCSR710SMT	BPNet	sequence motifs instances	bigBed	ChIP-seq	FOXC1	HepG2	cell-line	cell-line	cell-line	none	none	passed
ENCFF559VFU	ENCFF559VFU	ENCSR445FHB	ENCSR592DBM	BPNet	sequence motifs instances	bigBed	ChIP-seq	FOXF2	A549	cell-line	cell-line	cell-line	none	none	passed
ENCFF521UJE	ENCFF521UJE	ENCSR847LBF	ENCSR813CXV	BPNet	sequence motifs instances	bigBed	ChIP-seq	FOXJ2	K562	cell-line	cell-line	cell-line	none	none	passed
ENCFF826GKZ	ENCFF826GKZ	ENCSR413AJG	ENCSR117OOQ	BPNet	sequence motifs instances	bigBed	ChIP-seq	FOXJ3	HepG2	cell-line	cell-line	cell-line	none	none	passed
ENCFF606QLE	ENCFF606QLE	ENCSR603BJQ	ENCSR630JWB	BPNet	sequence motifs instances	bigBed	ChIP-seq	FOXK1	HepG2	cell-line	cell-line	cell-line	none	none	passed
ENCFF506BOE	ENCFF506BOE	ENCSR352RXE	ENCSR008HTX	BPNet	sequence motifs instances	bigBed	ChIP-seq	FOXK1	WTC11	cell-line	cell-line	cell-line	none	none	passed
ENCFF164EET	ENCFF164EET	ENCSR861JUQ	ENCSR974FAN	BPNet	sequence motifs instances	bigBed	ChIP-seq	FOXK2	GM12878	cell-line	cell-line	cell-line	none	none	passed
ENCFF195FTW	ENCFF195FTW	ENCSR872BOU	ENCSR796VDC	BPNet	sequence motifs instances	bigBed	ChIP-seq	FOXK2	HEK293T	cell-line	cell-line	cell-line	none	none	passed
ENCFF839GQX	ENCFF839GQX	ENCSR171FUX	ENCSR445YTW	BPNet	sequence motifs instances	bigBed	ChIP-seq	FOXK2	HepG2	cell-line	cell-line	cell-line	none	none	passed
ENCFF679FZP	ENCFF679FZP	ENCSR508DQA	ENCSR414RCN	BPNet	sequence motifs instances	bigBed	ChIP-seq	FOXK2	K562	cell-line	cell-line	cell-line	none	none	passed
ENCFF928QRI	ENCFF928QRI	ENCSR302AWT	ENCSR505DVX	BPNet	sequence motifs instances	bigBed	ChIP-seq	FOXK2	K562	cell-line	cell-line	cell-line	none	none	passed
ENCFF604KPF	ENCFF604KPF	ENCSR321OAA	ENCSR997YCM	BPNet	sequence motifs instances	bigBed	ChIP-seq	FOXO1	HepG2	cell-line	cell-line	cell-line	none	none	passed
ENCFF846PCA	ENCFF846PCA	ENCSR232LLP	ENCSR113IMV	BPNet	sequence motifs instances	bigBed	ChIP-seq	FOXP4	HepG2	cell-line	cell-line	cell-line	none	none	passed
ENCFF016WID	ENCFF016WID	ENCSR507RVF	ENCSR978WVS	BPNet	sequence motifs instances	bigBed	ChIP-seq	FOXP4	WTC11	cell-line	cell-line	cell-line	none	none	passed
ENCFF372MAA	ENCFF372MAA	ENCSR326AQV	ENCSR392ZHM	BPNet	sequence motifs instances	bigBed	ChIP-seq	FOXS1	A549	cell-line	cell-line	cell-line	none	none	passed
ENCFF530AHE	ENCFF530AHE	ENCSR000BPY	ENCSR698TVC	BPNet	sequence motifs instances	bigBed	ChIP-seq	GABPA	A549	cell-line	cell-line	cell-line	none	none	passed
ENCFF228VKZ	ENCFF228VKZ	ENCSR331HPA	ENCSR090VBP	BPNet	sequence motifs instances	bigBed	ChIP-seq	GABPA	GM12878	cell-line	cell-line	cell-line	none	none	passed
ENCFF755IQE	ENCFF755IQE	ENCSR000BIW	ENCSR257FAI	BPNet	sequence motifs instances	bigBed	ChIP-seq	GABPA	H1	cell-line	cell-line	cell-line	none	none	passed
ENCFF777HXS	ENCFF777HXS	ENCSR000BTK	ENCSR388LEE	BPNet	sequence motifs instances	bigBed	ChIP-seq	GABPA	HL-60	cell-line	cell-line	cell-line	none	none	passed
ENCFF777RCV	ENCFF777RCV	ENCSR000BHS	ENCSR891IWC	BPNet	sequence motifs instances	bigBed	ChIP-seq	GABPA	HeLa-S3	cell-line	cell-line	cell-line	none	none	passed
ENCFF440GJO	ENCFF440GJO	ENCSR000BJK	ENCSR273NDD	BPNet	sequence motifs instances	bigBed	ChIP-seq	GABPA	HepG2	cell-line	cell-line	cell-line	none	none	passed
ENCFF966NYJ	ENCFF966NYJ	ENCSR269TNX	ENCSR205TJY	BPNet	sequence motifs instances	bigBed	ChIP-seq	GABPA	HepG2	cell-line	cell-line	cell-line	none	none	passed
ENCFF415LGG	ENCFF415LGG	ENCSR290MUH	ENCSR804SSS	BPNet	sequence motifs instances	bigBed	ChIP-seq	GABPA	K562	cell-line	cell-line	cell-line	none	none	passed
ENCFF895MPS	ENCFF895MPS	ENCSR000BLO	ENCSR845VGY	BPNet	sequence motifs instances	bigBed	ChIP-seq	GABPA	K562	cell-line	cell-line	cell-line	none	none	passed
ENCFF317XKX	ENCFF317XKX	ENCSR000BUK	ENCSR958ARQ	BPNet	sequence motifs instances	bigBed	ChIP-seq	GABPA	MCF-7	cell-line	cell-line	cell-line	none	none	passed
ENCFF664TUJ	ENCFF664TUJ	ENCSR038RXU	ENCSR055NZW	BPNet	sequence motifs instances	bigBed	ChIP-seq	GABPA	MCF-7	cell-line	cell-line	cell-line	none	none	passed
ENCFF125WJJ	ENCFF125WJJ	ENCSR000BTG	ENCSR811MOX	BPNet	sequence motifs instances	bigBed	ChIP-seq	GABPA	SK-N-SH	cell-line	cell-line	cell-line	none	none	passed
ENCFF170LWA	ENCFF170LWA	ENCSR038GMB	ENCSR358PPS	BPNet	sequence motifs instances	bigBed	ChIP-seq	GABPA	liver	liver	liver	digestive-system	none	none	passed
ENCFF639XAP	ENCFF639XAP	ENCSR350ORK	ENCSR226TGJ	BPNet	sequence motifs instances	bigBed	ChIP-seq	GABPA	liver	liver	liver	digestive-system	none	none	passed
ENCFF519BXI	ENCFF519BXI	ENCSR000EFT	ENCSR411PLH	BPNet	sequence motifs instances	bigBed	ChIP-seq	GATA1	K562	cell-line	cell-line	cell-line	none	none	passed
ENCFF867XPP	ENCFF867XPP	ENCSR000EWM	ENCSR240HOK	BPNet	sequence motifs instances	bigBed	ChIP-seq	GATA1	K562	cell-line	cell-line	cell-line	none	none	passed
ENCFF617MOZ	ENCFF617MOZ	ENCSR000EXP	ENCSR809QGC	BPNet	sequence motifs instances	bigBed	ChIP-seq	GATA1	erythroblast	cell-line	cell-line	cell-line	none	none	passed
ENCFF390OIT	ENCFF390OIT	ENCSR897LDT	ENCSR811SYR	BPNet	sequence motifs instances	bigBed	ChIP-seq	GATA2	HepG2	cell-line	cell-line	cell-line	none	none	passed
ENCFF020JFT	ENCFF020JFT	ENCSR000BKM	ENCSR915HTG	BPNet	sequence motifs instances	bigBed	ChIP-seq	GATA2	K562	cell-line	cell-line	cell-line	none	none	passed
ENCFF060GZY	ENCFF060GZY	ENCSR000EWG	ENCSR149QYI	BPNet	sequence motifs instances	bigBed	ChIP-seq	GATA2	K562	cell-line	cell-line	cell-line	none	none	passed
ENCFF357WAR	ENCFF357WAR	ENCSR000DKA	ENCSR433LIB	BPNet	sequence motifs instances	bigBed	ChIP-seq	GATA2	K562	cell-line	cell-line	cell-line	none	none	passed
ENCFF748IXL	ENCFF748IXL	ENCSR257RKC	ENCSR225UHZ	BPNet	sequence motifs instances	bigBed	ChIP-seq	GATA2	K562	cell-line	cell-line	cell-line	none	none	passed
ENCFF592DUP	ENCFF592DUP	ENCSR000EYB	ENCSR675GYS	BPNet	sequence motifs instances	bigBed	ChIP-seq	GATA2	SH-SY5Y	cell-line	cell-line	cell-line	none	none	passed
ENCFF788MMU	ENCFF788MMU	ENCSR706VOO	ENCSR310GUZ	BPNet	sequence motifs instances	bigBed	ChIP-seq	GATA2	SK-N-SH	cell-line	cell-line	cell-line	none	none	passed
ENCFF954MZJ	ENCFF954MZJ	ENCSR000BTI	ENCSR720ABP	BPNet	sequence motifs instances	bigBed	ChIP-seq	GATA3	A549	cell-line	cell-line	cell-line	none	none	passed
ENCFF052UCT	ENCFF052UCT	ENCSR423RTK	ENCSR747MPB	BPNet	sequence motifs instances	bigBed	ChIP-seq	GATA3	MCF-7	cell-line	cell-line	cell-line	none	none	passed
ENCFF970AJA	ENCFF970AJA	ENCSR000BST	ENCSR091JYC	BPNet	sequence motifs instances	bigBed	ChIP-seq	GATA3	MCF-7	cell-line	cell-line	cell-line	none	none	passed
ENCFF427HAN	ENCFF427HAN	ENCSR000BTH	ENCSR855YZS	BPNet	sequence motifs instances	bigBed	ChIP-seq	GATA3	SK-N-SH	cell-line	cell-line	cell-line	none	none	passed
ENCFF753VHO	ENCFF753VHO	ENCSR000BMX	ENCSR786MYZ	BPNet	sequence motifs instances	bigBed	ChIP-seq	GATA3	T47D	cell-line	cell-line	cell-line	none	none	passed
ENCFF038TXM	ENCFF038TXM	ENCSR590CNM	ENCSR619UDQ	BPNet	sequence motifs instances	bigBed	ChIP-seq	GATA4	HepG2	cell-line	cell-line	cell-line	none	none	passed
ENCFF118EQL	ENCFF118EQL	ENCSR849FVL	ENCSR870DPI	BPNet	sequence motifs instances	bigBed	ChIP-seq	GFI1	HepG2	cell-line	cell-line	cell-line	none	none	passed
ENCFF401GAU	ENCFF401GAU	ENCSR445PDR	ENCSR026EBR	BPNet	sequence motifs instances	bigBed	ChIP-seq	GFI1B	HEK293	cell-line	cell-line	cell-line	none	none	passed
ENCFF530IFR	ENCFF530IFR	ENCSR211PZO	ENCSR285UTX	BPNet	sequence motifs instances	bigBed	ChIP-seq	GLI4	HEK293	cell-line	cell-line	cell-line	none	none	passed
ENCFF774KPE	ENCFF774KPE	ENCSR482BBZ	ENCSR184DFX	BPNet	sequence motifs instances	bigBed	ChIP-seq	GLIS1	HEK293	cell-line	cell-line	cell-line	none	none	passed
ENCFF706DKA	ENCFF706DKA	ENCSR535DIA	ENCSR934MIG	BPNet	sequence motifs instances	bigBed	ChIP-seq	GLIS2	HEK293	cell-line	cell-line	cell-line	none	none	passed
ENCFF103OJD	ENCFF103OJD	ENCSR780OXL	ENCSR520BKB	BPNet	sequence motifs instances	bigBed	ChIP-seq	GMEB1	HepG2	cell-line	cell-line	cell-line	none	none	passed
ENCFF614JBB	ENCFF614JBB	ENCSR376RCX	ENCSR016LNK	BPNet	sequence motifs instances	bigBed	ChIP-seq	GMEB1	K562	cell-line	cell-line	cell-line	none	none	passed
ENCFF995LYS	ENCFF995LYS	ENCSR928KOR	ENCSR948NTC	BPNet	sequence motifs instances	bigBed	ChIP-seq	GMEB1	K562	cell-line	cell-line	cell-line	none	none	passed
ENCFF355GMB	ENCFF355GMB	ENCSR745VSQ	ENCSR800IAB	BPNet	sequence motifs instances	bigBed	ChIP-seq	GMEB2	HepG2	cell-line	cell-line	cell-line	none	none	passed
ENCFF495SDX	ENCFF495SDX	ENCSR091JXL	ENCSR122YYA	BPNet	sequence motifs instances	bigBed	ChIP-seq	HES1	K562	cell-line	cell-line	cell-line	none	none	passed
ENCFF253TAL	ENCFF253TAL	ENCSR109ODF	ENCSR221HJH	BPNet	sequence motifs instances	bigBed	ChIP-seq	HES1	MCF-7	cell-line	cell-line	cell-line	none	none	passed
ENCFF143QTD	ENCFF143QTD	ENCSR803GYT	ENCSR970AAN	BPNet	sequence motifs instances	bigBed	ChIP-seq	HIC1	HEK293	cell-line	cell-line	cell-line	none	none	passed
ENCFF583DJO	ENCFF583DJO	ENCSR015LYB	ENCSR300LYZ	BPNet	sequence motifs instances	bigBed	ChIP-seq	HIC2	HepG2	cell-line	cell-line	cell-line	none	none	passed
ENCFF925BJJ	ENCFF925BJJ	ENCSR621PAN	ENCSR326BKK	BPNet	sequence motifs instances	bigBed	ChIP-seq	HINFP	HepG2	cell-line	cell-line	cell-line	none	none	passed
ENCFF854GGK	ENCFF854GGK	ENCSR619GFP	ENCSR727YCU	BPNet	sequence motifs instances	bigBed	ChIP-seq	HINFP	K562	cell-line	cell-line	cell-line	none	none	passed
ENCFF050IPE	ENCFF050IPE	ENCSR528PSI	ENCSR436HTS	BPNet	sequence motifs instances	bigBed	ChIP-seq	HLF	HepG2	cell-line	cell-line	cell-line	none	none	passed
ENCFF115LNM	ENCFF115LNM	ENCSR757IIU	ENCSR846NWW	BPNet	sequence motifs instances	bigBed	ChIP-seq	HMBOX1	K562	cell-line	cell-line	cell-line	none	none	passed
ENCFF131AFJ	ENCFF131AFJ	ENCSR626HJW	ENCSR792APP	BPNet	sequence motifs instances	bigBed	ChIP-seq	HMG20A	K562	cell-line	cell-line	cell-line	none	none	passed
ENCFF115GUM	ENCFF115GUM	ENCSR633HRJ	ENCSR983GOH	BPNet	sequence motifs instances	bigBed	ChIP-seq	HNF1A	HepG2	cell-line	cell-line	cell-line	none	none	passed
ENCFF745VTY	ENCFF745VTY	ENCSR800QIT	ENCSR432QOH	BPNet	sequence motifs instances	bigBed	ChIP-seq	HNF1A	HepG2	cell-line	cell-line	cell-line	none	none	passed
ENCFF330DTF	ENCFF330DTF	ENCSR127XTZ	ENCSR416MSB	BPNet	sequence motifs instances	bigBed	ChIP-seq	HNF1B	HepG2	cell-line	cell-line	cell-line	none	none	passed
ENCFF004JBO	ENCFF004JBO	ENCSR000EEU	ENCSR468WGQ	BPNet	sequence motifs instances	bigBed	ChIP-seq	HNF4A	HepG2	cell-line	cell-line	cell-line	none	none	passed
ENCFF176FMC	ENCFF176FMC	ENCSR469FBY	ENCSR714LTU	BPNet	sequence motifs instances	bigBed	ChIP-seq	HNF4A	HepG2	cell-line	cell-line	cell-line	none	none	passed
ENCFF898HMM	ENCFF898HMM	ENCSR000BLF	ENCSR412QFT	BPNet	sequence motifs instances	bigBed	ChIP-seq	HNF4A	HepG2	cell-line	cell-line	cell-line	none	none	passed
ENCFF354ICK	ENCFF354ICK	ENCSR445QRF	ENCSR430OFY	BPNet	sequence motifs instances	bigBed	ChIP-seq	HNF4A	liver	liver	liver	digestive-system	none	none	passed
ENCFF675CEE	ENCFF675CEE	ENCSR601OGE	ENCSR553GPB	BPNet	sequence motifs instances	bigBed	ChIP-seq	HNF4A	liver	liver	liver	digestive-system	none	none	passed
ENCFF205JMJ	ENCFF205JMJ	ENCSR793EHQ	ENCSR912RVZ	BPNet	sequence motifs instances	bigBed	ChIP-seq	HNF4G	HepG2	cell-line	cell-line	cell-line	none	none	passed
ENCFF631PNV	ENCFF631PNV	ENCSR000BNJ	ENCSR137AQD	BPNet	sequence motifs instances	bigBed	ChIP-seq	HNF4G	HepG2	cell-line	cell-line	cell-line	none	none	passed
ENCFF635FHG	ENCFF635FHG	ENCSR297GII	ENCSR434NAO	BPNet	sequence motifs instances	bigBed	ChIP-seq	HNF4G	liver	liver	liver	digestive-system	none	none	passed
ENCFF309IEK	ENCFF309IEK	ENCSR692RKS	ENCSR601QBK	BPNet	sequence motifs instances	bigBed	ChIP-seq	HOXA10	HepG2	cell-line	cell-line	cell-line	none	none	passed
ENCFF083OQR	ENCFF083OQR	ENCSR418XXL	ENCSR857TAH	BPNet	sequence motifs instances	bigBed	ChIP-seq	HOXD13	HEK293	cell-line	cell-line	cell-line	none	none	passed
ENCFF241MNY	ENCFF241MNY	ENCSR000EET	ENCSR302TER	BPNet	sequence motifs instances	bigBed	ChIP-seq	HSF1	HepG2	cell-line	cell-line	cell-line	none	none	passed
ENCFF225FIM	ENCFF225FIM	ENCSR062HDL	ENCSR728XOJ	BPNet	sequence motifs instances	bigBed	ChIP-seq	HSF1	MCF-7	cell-line	cell-line	cell-line	none	none	passed
ENCFF931GYH	ENCFF931GYH	ENCSR764ZBK	ENCSR271JMS	BPNet	sequence motifs instances	bigBed	ChIP-seq	HSF2	HepG2	cell-line	cell-line	cell-line	none	none	passed
ENCFF552DFZ	ENCFF552DFZ	ENCSR874AFU	ENCSR199HXS	BPNet	sequence motifs instances	bigBed	ChIP-seq	IKZF1	GM12878	cell-line	cell-line	cell-line	none	none	passed
ENCFF673KXU	ENCFF673KXU	ENCSR441VHN	ENCSR142BYT	BPNet	sequence motifs instances	bigBed	ChIP-seq	IKZF1	GM12878	cell-line	cell-line	cell-line	none	none	passed
ENCFF897GVV	ENCFF897GVV	ENCSR000EUJ	ENCSR920YZT	BPNet	sequence motifs instances	bigBed	ChIP-seq	IKZF1	GM12878	cell-line	cell-line	cell-line	none	none	passed
ENCFF479HWK	ENCFF479HWK	ENCSR395HWC	ENCSR740JNL	BPNet	sequence motifs instances	bigBed	ChIP-seq	IKZF1	K562	cell-line	cell-line	cell-line	none	none	passed
ENCFF822HMD	ENCFF822HMD	ENCSR948VFL	ENCSR167KIF	BPNet	sequence motifs instances	bigBed	ChIP-seq	IKZF1	K562	cell-line	cell-line	cell-line	none	none	passed
ENCFF027JNE	ENCFF027JNE	ENCSR822AHX	ENCSR099EKK	BPNet	sequence motifs instances	bigBed	ChIP-seq	IKZF2	GM12878	cell-line	cell-line	cell-line	none	none	passed
ENCFF951HMG	ENCFF951HMG	ENCSR680UQE	ENCSR289CZE	BPNet	sequence motifs instances	bigBed	ChIP-seq	IKZF2	GM12878	cell-line	cell-line	cell-line	none	none	passed
ENCFF522ENK	ENCFF522ENK	ENCSR890DSP	ENCSR576SBT	BPNet	sequence motifs instances	bigBed	ChIP-seq	IRF1	HepG2	cell-line	cell-line	cell-line	none	none	passed
ENCFF148JFL	ENCFF148JFL	ENCSR000EGK	ENCSR125AQC	BPNet	sequence motifs instances	bigBed	ChIP-seq	IRF1	K562	cell-line	cell-line	cell-line	none	none	passed
ENCFF462FWN	ENCFF462FWN	ENCSR854MCV	ENCSR783LKI	BPNet	sequence motifs instances	bigBed	ChIP-seq	IRF1	K562	cell-line	cell-line	cell-line	none	none	passed
ENCFF676ELC	ENCFF676ELC	ENCSR000EGU	ENCSR915BZL	BPNet	sequence motifs instances	bigBed	ChIP-seq	IRF1	K562	cell-line	cell-line	cell-line	none	none	passed
ENCFF964LOE	ENCFF964LOE	ENCSR000EGL	ENCSR730ZXN	BPNet	sequence motifs instances	bigBed	ChIP-seq	IRF1	K562	cell-line	cell-line	cell-line	none	none	passed
ENCFF036KHO	ENCFF036KHO	ENCSR604UJV	ENCSR841NXD	BPNet	sequence motifs instances	bigBed	ChIP-seq	IRF2	HepG2	cell-line	cell-line	cell-line	none	none	passed
ENCFF205QVW	ENCFF205QVW	ENCSR645ZWR	ENCSR075JNC	BPNet	sequence motifs instances	bigBed	ChIP-seq	IRF2	K562	cell-line	cell-line	cell-line	none	none	passed
ENCFF879SKO	ENCFF879SKO	ENCSR376WCJ	ENCSR921WDF	BPNet	sequence motifs instances	bigBed	ChIP-seq	IRF2	K562	cell-line	cell-line	cell-line	none	none	passed
ENCFF265CTN	ENCFF265CTN	ENCSR000BGY	ENCSR430POV	BPNet	sequence motifs instances	bigBed	ChIP-seq	IRF4	GM12878	cell-line	cell-line	cell-line	none	none	passed
ENCFF529IMK	ENCFF529IMK	ENCSR225UTR	ENCSR032XTF	BPNet	sequence motifs instances	bigBed	ChIP-seq	IRX3	HepG2	cell-line	cell-line	cell-line	none	none	passed
ENCFF384QFX	ENCFF384QFX	ENCSR008LHT	ENCSR301GLQ	BPNet	sequence motifs instances	bigBed	ChIP-seq	ISL1	SK-N-SH	cell-line	cell-line	cell-line	none	none	passed
ENCFF112SQQ	ENCFF112SQQ	ENCSR708DGM	ENCSR967RSX	BPNet	sequence motifs instances	bigBed	ChIP-seq	JUN	A549	cell-line	cell-line	cell-line	none	none	passed
ENCFF164CUM	ENCFF164CUM	ENCSR604CKQ	ENCSR398FIK	BPNet	sequence motifs instances	bigBed	ChIP-seq	JUN	A549	cell-line	cell-line	cell-line	none	none	passed
ENCFF168EUN	ENCFF168EUN	ENCSR783THJ	ENCSR276WFD	BPNet	sequence motifs instances	bigBed	ChIP-seq	JUN	A549	cell-line	cell-line	cell-line	none	none	passed
ENCFF278CQU	ENCFF278CQU	ENCSR612GKD	ENCSR797NTV	BPNet	sequence motifs instances	bigBed	ChIP-seq	JUN	A549	cell-line	cell-line	cell-line	none	none	passed
ENCFF308LUZ	ENCFF308LUZ	ENCSR996DUT	ENCSR508ZXB	BPNet	sequence motifs instances	bigBed	ChIP-seq	JUN	A549	cell-line	cell-line	cell-line	none	none	passed
ENCFF334VSL	ENCFF334VSL	ENCSR991VVW	ENCSR354DBP	BPNet	sequence motifs instances	bigBed	ChIP-seq	JUN	A549	cell-line	cell-line	cell-line	none	none	passed
ENCFF483XZT	ENCFF483XZT	ENCSR793HZD	ENCSR529PUA	BPNet	sequence motifs instances	bigBed	ChIP-seq	JUN	A549	cell-line	cell-line	cell-line	none	none	passed
ENCFF510DRV	ENCFF510DRV	ENCSR628MQN	ENCSR680RTV	BPNet	sequence motifs instances	bigBed	ChIP-seq	JUN	A549	cell-line	cell-line	cell-line	none	none	passed
ENCFF639NLT	ENCFF639NLT	ENCSR090RGB	ENCSR545KHX	BPNet	sequence motifs instances	bigBed	ChIP-seq	JUN	A549	cell-line	cell-line	cell-line	none	none	passed
ENCFF671DOZ	ENCFF671DOZ	ENCSR110UPH	ENCSR608HKT	BPNet	sequence motifs instances	bigBed	ChIP-seq	JUN	A549	cell-line	cell-line	cell-line	none	none	passed
ENCFF698VVJ	ENCFF698VVJ	ENCSR991RJM	ENCSR176VCX	BPNet	sequence motifs instances	bigBed	ChIP-seq	JUN	A549	cell-line	cell-line	cell-line	none	none	passed
ENCFF745TUI	ENCFF745TUI	ENCSR192PBJ	ENCSR858EUR	BPNet	sequence motifs instances	bigBed	ChIP-seq	JUN	A549	cell-line	cell-line	cell-line	none	none	passed
ENCFF758MIS	ENCFF758MIS	ENCSR716SJK	ENCSR507OSG	BPNet	sequence motifs instances	bigBed	ChIP-seq	JUN	A549	cell-line	cell-line	cell-line	none	none	passed
ENCFF857YZN	ENCFF857YZN	ENCSR664ZHF	ENCSR993QBC	BPNet	sequence motifs instances	bigBed	ChIP-seq	JUN	A549	cell-line	cell-line	cell-line	none	none	passed
ENCFF932RZO	ENCFF932RZO	ENCSR022WVP	ENCSR020RYL	BPNet	sequence motifs instances	bigBed	ChIP-seq	JUN	A549	cell-line	cell-line	cell-line	none	none	passed
ENCFF969GTO	ENCFF969GTO	ENCSR048CVK	ENCSR105KWV	BPNet	sequence motifs instances	bigBed	ChIP-seq	JUN	A549	cell-line	cell-line	cell-line	none	none	passed
ENCFF793NVM	ENCFF793NVM	ENCSR000EDG	ENCSR114FHF	BPNet	sequence motifs instances	bigBed	ChIP-seq	JUN	HeLa-S3	cell-line	cell-line	cell-line	none	none	passed
ENCFF071KAZ	ENCFF071KAZ	ENCSR747VUU	ENCSR703JZI	BPNet	sequence motifs instances	bigBed	ChIP-seq	JUN	HepG2	cell-line	cell-line	cell-line	none	none	passed
ENCFF317DNV	ENCFF317DNV	ENCSR000EEK	ENCSR701HFV	BPNet	sequence motifs instances	bigBed	ChIP-seq	JUN	HepG2	cell-line	cell-line	cell-line	none	none	passed
ENCFF031JWS	ENCFF031JWS	ENCSR000EZW	ENCSR083GMU	BPNet	sequence motifs instances	bigBed	ChIP-seq	JUN	K562	cell-line	cell-line	cell-line	none	none	passed
ENCFF114QHD	ENCFF114QHD	ENCSR000FAH	ENCSR748TEQ	BPNet	sequence motifs instances	bigBed	ChIP-seq	JUN	K562	cell-line	cell-line	cell-line	none	none	passed
ENCFF299GMJ	ENCFF299GMJ	ENCSR000EZX	ENCSR550GGT	BPNet	sequence motifs instances	bigBed	ChIP-seq	JUN	K562	cell-line	cell-line	cell-line	none	none	passed
ENCFF667YKZ	ENCFF667YKZ	ENCSR946WBN	ENCSR554NXB	BPNet	sequence motifs instances	bigBed	ChIP-seq	JUN	K562	cell-line	cell-line	cell-line	none	none	passed
ENCFF911EDJ	ENCFF911EDJ	ENCSR000EGH	ENCSR345GVW	BPNet	sequence motifs instances	bigBed	ChIP-seq	JUN	K562	cell-line	cell-line	cell-line	none	none	passed
ENCFF911GZT	ENCFF911GZT	ENCSR000EFS	ENCSR020CRX	BPNet	sequence motifs instances	bigBed	ChIP-seq	JUN	K562	cell-line	cell-line	cell-line	none	none	passed
ENCFF952CYU	ENCFF952CYU	ENCSR000EZT	ENCSR354JEC	BPNet	sequence motifs instances	bigBed	ChIP-seq	JUN	K562	cell-line	cell-line	cell-line	none	none	passed
ENCFF832ZAE	ENCFF832ZAE	ENCSR176EXN	ENCSR570FQB	BPNet	sequence motifs instances	bigBed	ChIP-seq	JUN	MCF-7	cell-line	cell-line	cell-line	none	none	passed
ENCFF027VDK	ENCFF027VDK	ENCSR000EFA	ENCSR403FHV	BPNet	sequence motifs instances	bigBed	ChIP-seq	JUN	endothelial-cell-of-umbilical-vein	endothelial	blood-vessel	circulatory-system	none	none	passed
ENCFF033JSK	ENCFF033JSK	ENCSR226UQG	ENCSR018JTI	BPNet	sequence motifs instances	bigBed	ChIP-seq	JUNB	A549	cell-line	cell-line	cell-line	none	none	passed
ENCFF132AUP	ENCFF132AUP	ENCSR490YTY	ENCSR462UAB	BPNet	sequence motifs instances	bigBed	ChIP-seq	JUNB	A549	cell-line	cell-line	cell-line	none	none	passed
ENCFF227YHZ	ENCFF227YHZ	ENCSR269RPR	ENCSR511DGD	BPNet	sequence motifs instances	bigBed	ChIP-seq	JUNB	A549	cell-line	cell-line	cell-line	none	none	passed
ENCFF344OBI	ENCFF344OBI	ENCSR332WDQ	ENCSR460LMU	BPNet	sequence motifs instances	bigBed	ChIP-seq	JUNB	A549	cell-line	cell-line	cell-line	none	none	passed
ENCFF371AOS	ENCFF371AOS	ENCSR431LRW	ENCSR899KPV	BPNet	sequence motifs instances	bigBed	ChIP-seq	JUNB	A549	cell-line	cell-line	cell-line	none	none	passed
ENCFF449ESF	ENCFF449ESF	ENCSR814UWE	ENCSR661VEX	BPNet	sequence motifs instances	bigBed	ChIP-seq	JUNB	A549	cell-line	cell-line	cell-line	none	none	passed
ENCFF517GGR	ENCFF517GGR	ENCSR523BPZ	ENCSR906DCL	BPNet	sequence motifs instances	bigBed	ChIP-seq	JUNB	A549	cell-line	cell-line	cell-line	none	none	passed
ENCFF608RJN	ENCFF608RJN	ENCSR163EXK	ENCSR825LRL	BPNet	sequence motifs instances	bigBed	ChIP-seq	JUNB	A549	cell-line	cell-line	cell-line	none	none	passed
ENCFF702KCX	ENCFF702KCX	ENCSR666BEY	ENCSR998JNO	BPNet	sequence motifs instances	bigBed	ChIP-seq	JUNB	A549	cell-line	cell-line	cell-line	none	none	passed
ENCFF861MPF	ENCFF861MPF	ENCSR871NPV	ENCSR601GCZ	BPNet	sequence motifs instances	bigBed	ChIP-seq	JUNB	A549	cell-line	cell-line	cell-line	none	none	passed
ENCFF884EBD	ENCFF884EBD	ENCSR426BPV	ENCSR159OXE	BPNet	sequence motifs instances	bigBed	ChIP-seq	JUNB	A549	cell-line	cell-line	cell-line	none	none	passed
ENCFF975EHT	ENCFF975EHT	ENCSR656VWZ	ENCSR994GDM	BPNet	sequence motifs instances	bigBed	ChIP-seq	JUNB	A549	cell-line	cell-line	cell-line	none	none	passed
ENCFF339VXU	ENCFF339VXU	ENCSR897MMC	ENCSR496BQS	BPNet	sequence motifs instances	bigBed	ChIP-seq	JUNB	GM12878	cell-line	cell-line	cell-line	none	none	passed
ENCFF917RXF	ENCFF917RXF	ENCSR685GGQ	ENCSR244PLN	BPNet	sequence motifs instances	bigBed	ChIP-seq	JUNB	HepG2	cell-line	cell-line	cell-line	none	none	passed
ENCFF051SFQ	ENCFF051SFQ	ENCSR525VAT	ENCSR262LYW	BPNet	sequence motifs instances	bigBed	ChIP-seq	JUNB	K562	cell-line	cell-line	cell-line	none	none	passed
ENCFF515LXW	ENCFF515LXW	ENCSR795IYP	ENCSR224QHS	BPNet	sequence motifs instances	bigBed	ChIP-seq	JUNB	K562	cell-line	cell-line	cell-line	none	none	passed
ENCFF720AKE	ENCFF720AKE	ENCSR000DJY	ENCSR784NBM	BPNet	sequence motifs instances	bigBed	ChIP-seq	JUNB	K562	cell-line	cell-line	cell-line	none	none	passed
ENCFF741OSY	ENCFF741OSY	ENCSR000DYS	ENCSR842QLN	BPNet	sequence motifs instances	bigBed	ChIP-seq	JUND	GM12878	cell-line	cell-line	cell-line	none	none	passed
ENCFF275FCY	ENCFF275FCY	ENCSR000EBZ	ENCSR241ZHQ	BPNet	sequence motifs instances	bigBed	ChIP-seq	JUND	H1	cell-line	cell-line	cell-line	none	none	passed
ENCFF726HQE	ENCFF726HQE	ENCSR000BSA	ENCSR650VIY	BPNet	sequence motifs instances	bigBed	ChIP-seq	JUND	HCT116	cell-line	cell-line	cell-line	none	none	passed
ENCFF030PBC	ENCFF030PBC	ENCSR000EDH	ENCSR830DFE	BPNet	sequence motifs instances	bigBed	ChIP-seq	JUND	HeLa-S3	cell-line	cell-line	cell-line	none	none	passed
ENCFF090TNS	ENCFF090TNS	ENCSR282ZLP	ENCSR900EBT	BPNet	sequence motifs instances	bigBed	ChIP-seq	JUND	HepG2	cell-line	cell-line	cell-line	none	none	passed
ENCFF226SHS	ENCFF226SHS	ENCSR000BGK	ENCSR482CTQ	BPNet	sequence motifs instances	bigBed	ChIP-seq	JUND	HepG2	cell-line	cell-line	cell-line	none	none	passed
ENCFF827MXY	ENCFF827MXY	ENCSR000EEI	ENCSR439DKF	BPNet	sequence motifs instances	bigBed	ChIP-seq	JUND	HepG2	cell-line	cell-line	cell-line	none	none	passed
ENCFF097ECZ	ENCFF097ECZ	ENCSR000DJX	ENCSR767UUB	BPNet	sequence motifs instances	bigBed	ChIP-seq	JUND	K562	cell-line	cell-line	cell-line	none	none	passed
ENCFF859WVL	ENCFF859WVL	ENCSR000EGN	ENCSR711UTT	BPNet	sequence motifs instances	bigBed	ChIP-seq	JUND	K562	cell-line	cell-line	cell-line	none	none	passed
ENCFF912FGU	ENCFF912FGU	ENCSR000BSU	ENCSR900RMO	BPNet	sequence motifs instances	bigBed	ChIP-seq	JUND	MCF-7	cell-line	cell-line	cell-line	none	none	passed
ENCFF263NYQ	ENCFF263NYQ	ENCSR000BSK	ENCSR824SLK	BPNet	sequence motifs instances	bigBed	ChIP-seq	JUND	SK-N-SH	cell-line	cell-line	cell-line	none	none	passed
ENCFF678DXJ	ENCFF678DXJ	ENCSR000EIB	ENCSR623RBI	BPNet	sequence motifs instances	bigBed	ChIP-seq	JUND	SK-N-SH	cell-line	cell-line	cell-line	none	none	passed
ENCFF806HBQ	ENCFF806HBQ	ENCSR000BVO	ENCSR525XFD	BPNet	sequence motifs instances	bigBed	ChIP-seq	JUND	T47D	cell-line	cell-line	cell-line	none	none	passed
ENCFF358EYU	ENCFF358EYU	ENCSR837GTK	ENCSR985CKW	BPNet	sequence motifs instances	bigBed	ChIP-seq	JUND	liver	liver	liver	digestive-system	none	none	passed
ENCFF725JET	ENCFF725JET	ENCSR196HGZ	ENCSR816TMP	BPNet	sequence motifs instances	bigBed	ChIP-seq	JUND	liver	liver	liver	digestive-system	none	none	passed
ENCFF169ZML	ENCFF169ZML	ENCSR859BMR	ENCSR960UKV	BPNet	sequence motifs instances	bigBed	ChIP-seq	KLF1	HEK293	cell-line	cell-line	cell-line	none	none	passed
ENCFF532HWC	ENCFF532HWC	ENCSR550HCT	ENCSR424EEB	BPNet	sequence motifs instances	bigBed	ChIP-seq	KLF1	K562	cell-line	cell-line	cell-line	none	none	passed
ENCFF924OPD	ENCFF924OPD	ENCSR006GAQ	ENCSR438XYE	BPNet	sequence motifs instances	bigBed	ChIP-seq	KLF10	HEK293	cell-line	cell-line	cell-line	none	none	passed
ENCFF461EMT	ENCFF461EMT	ENCSR616OSG	ENCSR909CUD	BPNet	sequence motifs instances	bigBed	ChIP-seq	KLF11	HepG2	cell-line	cell-line	cell-line	none	none	passed
ENCFF906SUE	ENCFF906SUE	ENCSR552YWL	ENCSR610GYE	BPNet	sequence motifs instances	bigBed	ChIP-seq	KLF12	HepG2	cell-line	cell-line	cell-line	none	none	passed
ENCFF158OPD	ENCFF158OPD	ENCSR608HVP	ENCSR243TNZ	BPNet	sequence motifs instances	bigBed	ChIP-seq	KLF13	K562	cell-line	cell-line	cell-line	none	none	passed
ENCFF784SNS	ENCFF784SNS	ENCSR397DQC	ENCSR401QUW	BPNet	sequence motifs instances	bigBed	ChIP-seq	KLF16	HEK293	cell-line	cell-line	cell-line	none	none	passed
ENCFF284AZA	ENCFF284AZA	ENCSR009KLQ	ENCSR911FYQ	BPNet	sequence motifs instances	bigBed	ChIP-seq	KLF16	HepG2	cell-line	cell-line	cell-line	none	none	passed
ENCFF886PON	ENCFF886PON	ENCSR760UVO	ENCSR904YCG	BPNet	sequence motifs instances	bigBed	ChIP-seq	KLF16	K562	cell-line	cell-line	cell-line	none	none	passed
ENCFF714LAB	ENCFF714LAB	ENCSR065WUF	ENCSR225AAV	BPNet	sequence motifs instances	bigBed	ChIP-seq	KLF17	HEK293	cell-line	cell-line	cell-line	none	none	passed
ENCFF124EJH	ENCFF124EJH	ENCSR757EKM	ENCSR327WUN	BPNet	sequence motifs instances	bigBed	ChIP-seq	KLF6	HepG2	cell-line	cell-line	cell-line	none	none	passed
ENCFF536TAO	ENCFF536TAO	ENCSR604VWJ	ENCSR374OIO	BPNet	sequence motifs instances	bigBed	ChIP-seq	KLF7	HEK293	cell-line	cell-line	cell-line	none	none	passed
ENCFF586NSA	ENCFF586NSA	ENCSR635NOQ	ENCSR985CNW	BPNet	sequence motifs instances	bigBed	ChIP-seq	KLF8	HEK293	cell-line	cell-line	cell-line	none	none	passed
ENCFF386MWG	ENCFF386MWG	ENCSR076EZB	ENCSR847MYV	BPNet	sequence motifs instances	bigBed	ChIP-seq	KLF9	HEK293	cell-line	cell-line	cell-line	none	none	passed
ENCFF895XDI	ENCFF895XDI	ENCSR938ETG	ENCSR965WIT	BPNet	sequence motifs instances	bigBed	ChIP-seq	KLF9	HepG2	cell-line	cell-line	cell-line	none	none	passed
ENCFF220LWU	ENCFF220LWU	ENCSR125ZYC	ENCSR919ZUT	BPNet	sequence motifs instances	bigBed	ChIP-seq	KLF9	MCF-7	cell-line	cell-line	cell-line	none	none	passed
ENCFF530XLL	ENCFF530XLL	ENCSR469GZL	ENCSR773SAO	BPNet	sequence motifs instances	bigBed	ChIP-seq	LCOR	HepG2	cell-line	cell-line	cell-line	none	none	passed
ENCFF877SBX	ENCFF877SBX	ENCSR672OHP	ENCSR177JJR	BPNet	sequence motifs instances	bigBed	ChIP-seq	LCOR	K562	cell-line	cell-line	cell-line	none	none	passed
ENCFF024GSN	ENCFF024GSN	ENCSR950NAZ	ENCSR053GEB	BPNet	sequence motifs instances	bigBed	ChIP-seq	LCORL	HepG2	cell-line	cell-line	cell-line	none	none	passed
ENCFF354YDV	ENCFF354YDV	ENCSR880PMU	ENCSR647YVY	BPNet	sequence motifs instances	bigBed	ChIP-seq	LCORL	HepG2	cell-line	cell-line	cell-line	none	none	passed
ENCFF777YNX	ENCFF777YNX	ENCSR832OGB	ENCSR775TZV	BPNet	sequence motifs instances	bigBed	ChIP-seq	LEF1	K562	cell-line	cell-line	cell-line	none	none	passed
ENCFF857QLL	ENCFF857QLL	ENCSR343ELW	ENCSR184ULM	BPNet	sequence motifs instances	bigBed	ChIP-seq	LEF1	K562	cell-line	cell-line	cell-line	none	none	passed
ENCFF346LIM	ENCFF346LIM	ENCSR597MCV	ENCSR479OOG	BPNet	sequence motifs instances	bigBed	ChIP-seq	LIN54	HepG2	cell-line	cell-line	cell-line	none	none	passed
ENCFF722YIZ	ENCFF722YIZ	ENCSR140DSL	ENCSR635EFD	BPNet	sequence motifs instances	bigBed	ChIP-seq	MAFF	HeLa-S3	cell-line	cell-line	cell-line	none	none	passed
ENCFF836XDZ	ENCFF836XDZ	ENCSR000EEC	ENCSR689UDB	BPNet	sequence motifs instances	bigBed	ChIP-seq	MAFF	HepG2	cell-line	cell-line	cell-line	none	none	passed
ENCFF456FYQ	ENCFF456FYQ	ENCSR000EGI	ENCSR512XRO	BPNet	sequence motifs instances	bigBed	ChIP-seq	MAFF	K562	cell-line	cell-line	cell-line	none	none	passed
ENCFF485AEK	ENCFF485AEK	ENCSR708KAA	ENCSR512FKE	BPNet	sequence motifs instances	bigBed	ChIP-seq	MAFG	HepG2	cell-line	cell-line	cell-line	none	none	passed
ENCFF286XLU	ENCFF286XLU	ENCSR818DQV	ENCSR324HYA	BPNet	sequence motifs instances	bigBed	ChIP-seq	MAFG	K562	cell-line	cell-line	cell-line	none	none	passed
ENCFF845YVH	ENCFF845YVH	ENCSR541WQI	ENCSR415PWX	BPNet	sequence motifs instances	bigBed	ChIP-seq	MAFK	A549	cell-line	cell-line	cell-line	none	none	passed
ENCFF023TTB	ENCFF023TTB	ENCSR000DYV	ENCSR538HRY	BPNet	sequence motifs instances	bigBed	ChIP-seq	MAFK	GM12878	cell-line	cell-line	cell-line	none	none	passed
ENCFF664GUM	ENCFF664GUM	ENCSR000EBS	ENCSR489JND	BPNet	sequence motifs instances	bigBed	ChIP-seq	MAFK	H1	cell-line	cell-line	cell-line	none	none	passed
ENCFF353BSE	ENCFF353BSE	ENCSR000ECK	ENCSR772QXK	BPNet	sequence motifs instances	bigBed	ChIP-seq	MAFK	HeLa-S3	cell-line	cell-line	cell-line	none	none	passed
ENCFF391RUD	ENCFF391RUD	ENCSR000EEB	ENCSR171MQW	BPNet	sequence motifs instances	bigBed	ChIP-seq	MAFK	HepG2	cell-line	cell-line	cell-line	none	none	passed
ENCFF571TIJ	ENCFF571TIJ	ENCSR000EDZ	ENCSR804YJX	BPNet	sequence motifs instances	bigBed	ChIP-seq	MAFK	HepG2	cell-line	cell-line	cell-line	none	none	passed
ENCFF879IQV	ENCFF879IQV	ENCSR000EFH	ENCSR476QNT	BPNet	sequence motifs instances	bigBed	ChIP-seq	MAFK	IMR-90	cell-line	cell-line	cell-line	none	none	passed
ENCFF473JMD	ENCFF473JMD	ENCSR000EGX	ENCSR562GPY	BPNet	sequence motifs instances	bigBed	ChIP-seq	MAFK	K562	cell-line	cell-line	cell-line	none	none	passed
ENCFF651TZI	ENCFF651TZI	ENCSR555PBN	ENCSR478ZIL	BPNet	sequence motifs instances	bigBed	ChIP-seq	MAFK	MCF-7	cell-line	cell-line	cell-line	none	none	passed
ENCFF236EFK	ENCFF236EFK	ENCSR000DYG	ENCSR497CAB	BPNet	sequence motifs instances	bigBed	ChIP-seq	MAX	A549	cell-line	cell-line	cell-line	none	none	passed
ENCFF427EZZ	ENCFF427EZZ	ENCSR000BTJ	ENCSR659CLW	BPNet	sequence motifs instances	bigBed	ChIP-seq	MAX	A549	cell-line	cell-line	cell-line	none	none	passed
ENCFF707PUH	ENCFF707PUH	ENCSR000DZF	ENCSR419HPN	BPNet	sequence motifs instances	bigBed	ChIP-seq	MAX	GM12878	cell-line	cell-line	cell-line	none	none	passed
ENCFF297RLJ	ENCFF297RLJ	ENCSR000BSJ	ENCSR217JCX	BPNet	sequence motifs instances	bigBed	ChIP-seq	MAX	H1	cell-line	cell-line	cell-line	none	none	passed
ENCFF897GYP	ENCFF897GYP	ENCSR000BSH	ENCSR944KJS	BPNet	sequence motifs instances	bigBed	ChIP-seq	MAX	HCT116	cell-line	cell-line	cell-line	none	none	passed
ENCFF566QMG	ENCFF566QMG	ENCSR000ECN	ENCSR524JTY	BPNet	sequence motifs instances	bigBed	ChIP-seq	MAX	HeLa-S3	cell-line	cell-line	cell-line	none	none	passed
ENCFF940BNV	ENCFF940BNV	ENCSR000EZF	ENCSR575CEK	BPNet	sequence motifs instances	bigBed	ChIP-seq	MAX	HeLa-S3	cell-line	cell-line	cell-line	none	none	passed
ENCFF064QDG	ENCFF064QDG	ENCSR000EDS	ENCSR086FPA	BPNet	sequence motifs instances	bigBed	ChIP-seq	MAX	HepG2	cell-line	cell-line	cell-line	none	none	passed
ENCFF471LNJ	ENCFF471LNJ	ENCSR168DYA	ENCSR173YVF	BPNet	sequence motifs instances	bigBed	ChIP-seq	MAX	HepG2	cell-line	cell-line	cell-line	none	none	passed
ENCFF526QAI	ENCFF526QAI	ENCSR000BTM	ENCSR625YWT	BPNet	sequence motifs instances	bigBed	ChIP-seq	MAX	HepG2	cell-line	cell-line	cell-line	none	none	passed
ENCFF088IKM	ENCFF088IKM	ENCSR000BTY	ENCSR419SPJ	BPNet	sequence motifs instances	bigBed	ChIP-seq	MAX	Ishikawa	cell-line	cell-line	cell-line	none	none	passed
ENCFF453JZX	ENCFF453JZX	ENCSR000BLP	ENCSR327GNG	BPNet	sequence motifs instances	bigBed	ChIP-seq	MAX	K562	cell-line	cell-line	cell-line	none	none	passed
ENCFF580EKS	ENCFF580EKS	ENCSR158LJN	ENCSR742NEE	BPNet	sequence motifs instances	bigBed	ChIP-seq	MAX	K562	cell-line	cell-line	cell-line	none	none	passed
ENCFF607INY	ENCFF607INY	ENCSR000EFV	ENCSR098FIX	BPNet	sequence motifs instances	bigBed	ChIP-seq	MAX	K562	cell-line	cell-line	cell-line	none	none	passed
ENCFF633QAY	ENCFF633QAY	ENCSR000FAE	ENCSR445ZHD	BPNet	sequence motifs instances	bigBed	ChIP-seq	MAX	K562	cell-line	cell-line	cell-line	none	none	passed
ENCFF995LFZ	ENCFF995LFZ	ENCSR000BUL	ENCSR259ENO	BPNet	sequence motifs instances	bigBed	ChIP-seq	MAX	MCF-7	cell-line	cell-line	cell-line	none	none	passed
ENCFF098ZRG	ENCFF098ZRG	ENCSR000EHS	ENCSR809RVJ	BPNet	sequence motifs instances	bigBed	ChIP-seq	MAX	NB4	cell-line	cell-line	cell-line	none	none	passed
ENCFF757XUY	ENCFF757XUY	ENCSR000BVD	ENCSR058ERJ	BPNet	sequence motifs instances	bigBed	ChIP-seq	MAX	SK-N-SH	cell-line	cell-line	cell-line	none	none	passed
ENCFF431UNA	ENCFF431UNA	ENCSR349FYX	ENCSR232HJN	BPNet	sequence motifs instances	bigBed	ChIP-seq	MAX	WTC11	cell-line	cell-line	cell-line	none	none	passed
ENCFF164HNT	ENCFF164HNT	ENCSR000EEZ	ENCSR180XFU	BPNet	sequence motifs instances	bigBed	ChIP-seq	MAX	endothelial-cell-of-umbilical-vein	endothelial	blood-vessel	circulatory-system	none	none	passed
ENCFF305VEC	ENCFF305VEC	ENCSR521IID	ENCSR114XLN	BPNet	sequence motifs instances	bigBed	ChIP-seq	MAX	liver	liver	liver	digestive-system	none	none	passed
ENCFF513PEE	ENCFF513PEE	ENCSR847DIT	ENCSR950MFN	BPNet	sequence motifs instances	bigBed	ChIP-seq	MAX	liver	liver	liver	digestive-system	none	none	passed
ENCFF881FKK	ENCFF881FKK	ENCSR636YLV	ENCSR118TTR	BPNet	sequence motifs instances	bigBed	ChIP-seq	MAZ	A549	cell-line	cell-line	cell-line	none	none	passed
ENCFF109JJK	ENCFF109JJK	ENCSR000DZA	ENCSR461ZEC	BPNet	sequence motifs instances	bigBed	ChIP-seq	MAZ	GM12878	cell-line	cell-line	cell-line	none	none	passed
ENCFF763FRV	ENCFF763FRV	ENCSR903MVU	ENCSR335TIH	BPNet	sequence motifs instances	bigBed	ChIP-seq	MAZ	GM12878	cell-line	cell-line	cell-line	none	none	passed
ENCFF217ZAR	ENCFF217ZAR	ENCSR290SSQ	ENCSR821GPM	BPNet	sequence motifs instances	bigBed	ChIP-seq	MAZ	HEK293	cell-line	cell-line	cell-line	none	none	passed
ENCFF713ZLX	ENCFF713ZLX	ENCSR000ECL	ENCSR868PEZ	BPNet	sequence motifs instances	bigBed	ChIP-seq	MAZ	HeLa-S3	cell-line	cell-line	cell-line	none	none	passed
ENCFF078MCI	ENCFF078MCI	ENCSR700PNE	ENCSR898PVS	BPNet	sequence motifs instances	bigBed	ChIP-seq	MAZ	HepG2	cell-line	cell-line	cell-line	none	none	passed
ENCFF745KZH	ENCFF745KZH	ENCSR000EDN	ENCSR364YEH	BPNet	sequence motifs instances	bigBed	ChIP-seq	MAZ	HepG2	cell-line	cell-line	cell-line	none	none	passed
ENCFF581RDK	ENCFF581RDK	ENCSR000EFF	ENCSR982VJO	BPNet	sequence motifs instances	bigBed	ChIP-seq	MAZ	IMR-90	cell-line	cell-line	cell-line	none	none	passed
ENCFF085LTR	ENCFF085LTR	ENCSR163IUV	ENCSR499PPK	BPNet	sequence motifs instances	bigBed	ChIP-seq	MAZ	K562	cell-line	cell-line	cell-line	none	none	passed
ENCFF366MUV	ENCFF366MUV	ENCSR000EFX	ENCSR535NQC	BPNet	sequence motifs instances	bigBed	ChIP-seq	MAZ	K562	cell-line	cell-line	cell-line	none	none	passed
ENCFF764VEL	ENCFF764VEL	ENCSR643JRH	ENCSR098VYP	BPNet	sequence motifs instances	bigBed	ChIP-seq	MAZ	K562	cell-line	cell-line	cell-line	none	none	passed
ENCFF858EHK	ENCFF858EHK	ENCSR288IJC	ENCSR249QEG	BPNet	sequence motifs instances	bigBed	ChIP-seq	MAZ	MCF-7	cell-line	cell-line	cell-line	none	none	passed
ENCFF141GGZ	ENCFF141GGZ	ENCSR396QWK	ENCSR664JFH	BPNet	sequence motifs instances	bigBed	ChIP-seq	MBD1	HepG2	cell-line	cell-line	cell-line	none	none	passed
ENCFF664EFY	ENCFF664EFY	ENCSR260UJI	ENCSR735EUV	BPNet	sequence motifs instances	bigBed	ChIP-seq	MBD1	HepG2	cell-line	cell-line	cell-line	none	none	passed
ENCFF669DRZ	ENCFF669DRZ	ENCSR158BGH	ENCSR613UNL	BPNet	sequence motifs instances	bigBed	ChIP-seq	MBD1	K562	cell-line	cell-line	cell-line	none	none	passed
ENCFF022ECI	ENCFF022ECI	ENCSR000BKB	ENCSR275MUR	BPNet	sequence motifs instances	bigBed	ChIP-seq	MEF2A	GM12878	cell-line	cell-line	cell-line	none	none	passed
ENCFF509LQX	ENCFF509LQX	ENCSR000BNV	ENCSR334ZYL	BPNet	sequence motifs instances	bigBed	ChIP-seq	MEF2A	K562	cell-line	cell-line	cell-line	none	none	passed
ENCFF729JDM	ENCFF729JDM	ENCSR000BVC	ENCSR697PQB	BPNet	sequence motifs instances	bigBed	ChIP-seq	MEF2A	SK-N-SH	cell-line	cell-line	cell-line	none	none	passed
ENCFF415HMJ	ENCFF415HMJ	ENCSR177VFS	ENCSR970WDM	BPNet	sequence motifs instances	bigBed	ChIP-seq	MEF2B	GM12878	cell-line	cell-line	cell-line	none	none	passed
ENCFF984EPL	ENCFF984EPL	ENCSR000BNG	ENCSR020NVK	BPNet	sequence motifs instances	bigBed	ChIP-seq	MEF2C	GM12878	cell-line	cell-line	cell-line	none	none	passed
ENCFF428UWL	ENCFF428UWL	ENCSR923MOO	ENCSR230CCY	BPNet	sequence motifs instances	bigBed	ChIP-seq	MEF2D	HepG2	cell-line	cell-line	cell-line	none	none	passed
ENCFF803FDT	ENCFF803FDT	ENCSR647ZXA	ENCSR388OSJ	BPNet	sequence motifs instances	bigBed	ChIP-seq	MEF2D	K562	cell-line	cell-line	cell-line	none	none	passed
ENCFF725QGH	ENCFF725QGH	ENCSR186JMM	ENCSR961ONW	BPNet	sequence motifs instances	bigBed	ChIP-seq	MEIS1	HEK293	cell-line	cell-line	cell-line	none	none	passed
ENCFF079XFM	ENCFF079XFM	ENCSR695WOH	ENCSR308XUJ	BPNet	sequence motifs instances	bigBed	ChIP-seq	MEIS1	HepG2	cell-line	cell-line	cell-line	none	none	passed
ENCFF794TQO	ENCFF794TQO	ENCSR830LDY	ENCSR181VDR	BPNet	sequence motifs instances	bigBed	ChIP-seq	MEIS2	HepG2	cell-line	cell-line	cell-line	none	none	passed
ENCFF268KKT	ENCFF268KKT	ENCSR851BNE	ENCSR603QNK	BPNet	sequence motifs instances	bigBed	ChIP-seq	MEIS2	K562	cell-line	cell-line	cell-line	none	none	passed
ENCFF203QHI	ENCFF203QHI	ENCSR912NEF	ENCSR230PRA	BPNet	sequence motifs instances	bigBed	ChIP-seq	MGA	HepG2	cell-line	cell-line	cell-line	none	none	passed
ENCFF934QML	ENCFF934QML	ENCSR710WLO	ENCSR460CBW	BPNet	sequence motifs instances	bigBed	ChIP-seq	MGA	K562	cell-line	cell-line	cell-line	none	none	passed
ENCFF003UMP	ENCFF003UMP	ENCSR797SWM	ENCSR551LHV	BPNet	sequence motifs instances	bigBed	ChIP-seq	MITF	K562	cell-line	cell-line	cell-line	none	none	passed
ENCFF652AAQ	ENCFF652AAQ	ENCSR000FCB	ENCSR286KMC	BPNet	sequence motifs instances	bigBed	ChIP-seq	MITF	K562	cell-line	cell-line	cell-line	none	none	passed
ENCFF200HOV	ENCFF200HOV	ENCSR966PJY	ENCSR799OQI	BPNet	sequence motifs instances	bigBed	ChIP-seq	MIXL1	HepG2	cell-line	cell-line	cell-line	none	none	passed
ENCFF873MMP	ENCFF873MMP	ENCSR125DAD	ENCSR141QPF	BPNet	sequence motifs instances	bigBed	ChIP-seq	MLX	HepG2	cell-line	cell-line	cell-line	none	none	passed
ENCFF578XYB	ENCFF578XYB	ENCSR802UCW	ENCSR042HWF	BPNet	sequence motifs instances	bigBed	ChIP-seq	MLXIP	HepG2	cell-line	cell-line	cell-line	none	none	passed
ENCFF020PIG	ENCFF020PIG	ENCSR261EDU	ENCSR165AJR	BPNet	sequence motifs instances	bigBed	ChIP-seq	MNT	HepG2	cell-line	cell-line	cell-line	none	none	passed
ENCFF033PWR	ENCFF033PWR	ENCSR730TBC	ENCSR981BLG	BPNet	sequence motifs instances	bigBed	ChIP-seq	MNT	HepG2	cell-line	cell-line	cell-line	none	none	passed
ENCFF074PNE	ENCFF074PNE	ENCSR390VGH	ENCSR702FUG	BPNet	sequence motifs instances	bigBed	ChIP-seq	MNT	K562	cell-line	cell-line	cell-line	none	none	passed
ENCFF735GUB	ENCFF735GUB	ENCSR512NLO	ENCSR320KQY	BPNet	sequence motifs instances	bigBed	ChIP-seq	MNT	K562	cell-line	cell-line	cell-line	none	none	passed
ENCFF946GBN	ENCFF946GBN	ENCSR979QYJ	ENCSR796WXI	BPNet	sequence motifs instances	bigBed	ChIP-seq	MNT	K562	cell-line	cell-line	cell-line	none	none	passed
ENCFF669QNX	ENCFF669QNX	ENCSR663ZZZ	ENCSR942KSS	BPNet	sequence motifs instances	bigBed	ChIP-seq	MNT	MCF-7	cell-line	cell-line	cell-line	none	none	passed
ENCFF409BWV	ENCFF409BWV	ENCSR194NVP	ENCSR754RTF	BPNet	sequence motifs instances	bigBed	ChIP-seq	MTF1	HepG2	cell-line	cell-line	cell-line	none	none	passed
ENCFF077WMJ	ENCFF077WMJ	ENCSR000DZI	ENCSR363LRQ	BPNet	sequence motifs instances	bigBed	ChIP-seq	MXI1	GM12878	cell-line	cell-line	cell-line	none	none	passed
ENCFF860BIW	ENCFF860BIW	ENCSR000EBR	ENCSR404AIR	BPNet	sequence motifs instances	bigBed	ChIP-seq	MXI1	H1	cell-line	cell-line	cell-line	none	none	passed
ENCFF471MYF	ENCFF471MYF	ENCSR000ECU	ENCSR362OIW	BPNet	sequence motifs instances	bigBed	ChIP-seq	MXI1	HeLa-S3	cell-line	cell-line	cell-line	none	none	passed
ENCFF055IPM	ENCFF055IPM	ENCSR000EDU	ENCSR207EEE	BPNet	sequence motifs instances	bigBed	ChIP-seq	MXI1	HepG2	cell-line	cell-line	cell-line	none	none	passed
ENCFF414YAR	ENCFF414YAR	ENCSR000EFE	ENCSR450MOL	BPNet	sequence motifs instances	bigBed	ChIP-seq	MXI1	IMR-90	cell-line	cell-line	cell-line	none	none	passed
ENCFF546QRM	ENCFF546QRM	ENCSR000EGZ	ENCSR574SIH	BPNet	sequence motifs instances	bigBed	ChIP-seq	MXI1	K562	cell-line	cell-line	cell-line	none	none	passed
ENCFF249DIO	ENCFF249DIO	ENCSR000EIA	ENCSR486KID	BPNet	sequence motifs instances	bigBed	ChIP-seq	MXI1	SK-N-SH	cell-line	cell-line	cell-line	none	none	passed
ENCFF661YOR	ENCFF661YOR	ENCSR934NHU	ENCSR563HKR	BPNet	sequence motifs instances	bigBed	ChIP-seq	MXI1	neural-cell	neural	nerve	central-nervous-system	none	none	passed
ENCFF179ORF	ENCFF179ORF	ENCSR000BRO	ENCSR719FRN	BPNet	sequence motifs instances	bigBed	ChIP-seq	MYBL2	HepG2	cell-line	cell-line	cell-line	none	none	passed
ENCFF891FJA	ENCFF891FJA	ENCSR581KCO	ENCSR028NEG	BPNet	sequence motifs instances	bigBed	ChIP-seq	MYBL2	HepG2	cell-line	cell-line	cell-line	none	none	passed
ENCFF698UDN	ENCFF698UDN	ENCSR162IEM	ENCSR205DJP	BPNet	sequence motifs instances	bigBed	ChIP-seq	MYBL2	K562	cell-line	cell-line	cell-line	none	none	passed
ENCFF138OUM	ENCFF138OUM	ENCSR000DYC	ENCSR488KUW	BPNet	sequence motifs instances	bigBed	ChIP-seq	MYC	A549	cell-line	cell-line	cell-line	none	none	passed
ENCFF334FXA	ENCFF334FXA	ENCSR000EBY	ENCSR659ZTN	BPNet	sequence motifs instances	bigBed	ChIP-seq	MYC	H1	cell-line	cell-line	cell-line	none	none	passed
ENCFF102MUY	ENCFF102MUY	ENCSR000EZD	ENCSR786SZX	BPNet	sequence motifs instances	bigBed	ChIP-seq	MYC	HeLa-S3	cell-line	cell-line	cell-line	none	none	passed
ENCFF738FAZ	ENCFF738FAZ	ENCSR784BVD	ENCSR255YZO	BPNet	sequence motifs instances	bigBed	ChIP-seq	MYC	HepG2	cell-line	cell-line	cell-line	none	none	passed
ENCFF139RWQ	ENCFF139RWQ	ENCSR000EZV	ENCSR137NGE	BPNet	sequence motifs instances	bigBed	ChIP-seq	MYC	K562	cell-line	cell-line	cell-line	none	none	passed
ENCFF156EDX	ENCFF156EDX	ENCSR000EGS	ENCSR874LMM	BPNet	sequence motifs instances	bigBed	ChIP-seq	MYC	K562	cell-line	cell-line	cell-line	none	none	passed
ENCFF266GAB	ENCFF266GAB	ENCSR744JJU	ENCSR475EUF	BPNet	sequence motifs instances	bigBed	ChIP-seq	MYC	K562	cell-line	cell-line	cell-line	none	none	passed
ENCFF371IRE	ENCFF371IRE	ENCSR000DLZ	ENCSR490UCL	BPNet	sequence motifs instances	bigBed	ChIP-seq	MYC	K562	cell-line	cell-line	cell-line	none	none	passed
ENCFF583BUH	ENCFF583BUH	ENCSR000FAG	ENCSR698FPV	BPNet	sequence motifs instances	bigBed	ChIP-seq	MYC	K562	cell-line	cell-line	cell-line	none	none	passed
ENCFF740TBB	ENCFF740TBB	ENCSR000FAZ	ENCSR232ZNL	BPNet	sequence motifs instances	bigBed	ChIP-seq	MYC	K562	cell-line	cell-line	cell-line	none	none	passed
ENCFF808UPG	ENCFF808UPG	ENCSR000EGJ	ENCSR391PGO	BPNet	sequence motifs instances	bigBed	ChIP-seq	MYC	K562	cell-line	cell-line	cell-line	none	none	passed
ENCFF846AGI	ENCFF846AGI	ENCSR000EZU	ENCSR073AVM	BPNet	sequence motifs instances	bigBed	ChIP-seq	MYC	K562	cell-line	cell-line	cell-line	none	none	passed
ENCFF154KDJ	ENCFF154KDJ	ENCSR000DOM	ENCSR079MXR	BPNet	sequence motifs instances	bigBed	ChIP-seq	MYC	MCF-10A	cell-line	cell-line	cell-line	none	none	passed
ENCFF218EMR	ENCFF218EMR	ENCSR000DOS	ENCSR918OTZ	BPNet	sequence motifs instances	bigBed	ChIP-seq	MYC	MCF-10A	cell-line	cell-line	cell-line	none	none	passed
ENCFF042YBM	ENCFF042YBM	ENCSR000DMP	ENCSR289YVT	BPNet	sequence motifs instances	bigBed	ChIP-seq	MYC	MCF-7	cell-line	cell-line	cell-line	none	none	passed
ENCFF256HHP	ENCFF256HHP	ENCSR000DMJ	ENCSR842YFB	BPNet	sequence motifs instances	bigBed	ChIP-seq	MYC	MCF-7	cell-line	cell-line	cell-line	none	none	passed
ENCFF715LQK	ENCFF715LQK	ENCSR000DMM	ENCSR486QYR	BPNet	sequence motifs instances	bigBed	ChIP-seq	MYC	MCF-7	cell-line	cell-line	cell-line	none	none	passed
ENCFF773NJZ	ENCFF773NJZ	ENCSR000DMQ	ENCSR510MGV	BPNet	sequence motifs instances	bigBed	ChIP-seq	MYC	MCF-7	cell-line	cell-line	cell-line	none	none	passed
ENCFF875HUE	ENCFF875HUE	ENCSR000EHR	ENCSR864IWY	BPNet	sequence motifs instances	bigBed	ChIP-seq	MYC	NB4	cell-line	cell-line	cell-line	none	none	passed
ENCFF441XHS	ENCFF441XHS	ENCSR707BNG	ENCSR948VXG	BPNet	sequence motifs instances	bigBed	ChIP-seq	MYNN	HEK293	cell-line	cell-line	cell-line	none	none	passed
ENCFF459MSD	ENCFF459MSD	ENCSR737LTZ	ENCSR073PHB	BPNet	sequence motifs instances	bigBed	ChIP-seq	MYNN	K562	cell-line	cell-line	cell-line	none	none	passed
ENCFF848RJF	ENCFF848RJF	ENCSR992KLV	ENCSR395MQN	BPNet	sequence motifs instances	bigBed	ChIP-seq	MYNN	K562	cell-line	cell-line	cell-line	none	none	passed
ENCFF831YGM	ENCFF831YGM	ENCSR056SXR	ENCSR326TEK	BPNet	sequence motifs instances	bigBed	ChIP-seq	MYPOP	HepG2	cell-line	cell-line	cell-line	none	none	passed
ENCFF292VZG	ENCFF292VZG	ENCSR298QUH	ENCSR570SUC	BPNet	sequence motifs instances	bigBed	ChIP-seq	MZF1	HEK293	cell-line	cell-line	cell-line	none	none	passed
ENCFF670XMW	ENCFF670XMW	ENCSR545ADB	ENCSR998XFJ	BPNet	sequence motifs instances	bigBed	ChIP-seq	NACC2	HepG2	cell-line	cell-line	cell-line	none	none	passed
ENCFF356JGF	ENCFF356JGF	ENCSR061DGF	ENCSR570MMB	BPNet	sequence motifs instances	bigBed	ChIP-seq	NANOG	GM23338	cell-line	cell-line	cell-line	none	none	passed
ENCFF336EJR	ENCFF336EJR	ENCSR000BQL	ENCSR855QIU	BPNet	sequence motifs instances	bigBed	ChIP-seq	NFATC1	GM12878	cell-line	cell-line	cell-line	none	none	passed
ENCFF830DCO	ENCFF830DCO	ENCSR437GBJ	ENCSR764UVH	BPNet	sequence motifs instances	bigBed	ChIP-seq	NFATC3	GM12878	cell-line	cell-line	cell-line	none	none	passed
ENCFF386XGK	ENCFF386XGK	ENCSR670FDA	ENCSR051TQJ	BPNet	sequence motifs instances	bigBed	ChIP-seq	NFATC3	K562	cell-line	cell-line	cell-line	none	none	passed
ENCFF828ZET	ENCFF828ZET	ENCSR983FBD	ENCSR016LTD	BPNet	sequence motifs instances	bigBed	ChIP-seq	NFE2	HepG2	cell-line	cell-line	cell-line	none	none	passed
ENCFF210XTF	ENCFF210XTF	ENCSR000FCC	ENCSR620LZN	BPNet	sequence motifs instances	bigBed	ChIP-seq	NFE2	K562	cell-line	cell-line	cell-line	none	none	passed
ENCFF349JBN	ENCFF349JBN	ENCSR552YGL	ENCSR714BAN	BPNet	sequence motifs instances	bigBed	ChIP-seq	NFE2	K562	cell-line	cell-line	cell-line	none	none	passed
ENCFF364FHR	ENCFF364FHR	ENCSR000FAF	ENCSR833AMA	BPNet	sequence motifs instances	bigBed	ChIP-seq	NFE2	K562	cell-line	cell-line	cell-line	none	none	passed
ENCFF677MGJ	ENCFF677MGJ	ENCSR584GHV	ENCSR834TYB	BPNet	sequence motifs instances	bigBed	ChIP-seq	NFE2L2	A549	cell-line	cell-line	cell-line	none	none	passed
ENCFF737KEN	ENCFF737KEN	ENCSR707IUN	ENCSR143VJB	BPNet	sequence motifs instances	bigBed	ChIP-seq	NFE2L2	HeLa-S3	cell-line	cell-line	cell-line	none	none	passed
ENCFF058VGX	ENCFF058VGX	ENCSR488EES	ENCSR301SDD	BPNet	sequence motifs instances	bigBed	ChIP-seq	NFE2L2	HepG2	cell-line	cell-line	cell-line	none	none	passed
ENCFF498BHU	ENCFF498BHU	ENCSR197WGI	ENCSR719DDK	BPNet	sequence motifs instances	bigBed	ChIP-seq	NFE2L2	IMR-90	cell-line	cell-line	cell-line	none	none	passed
ENCFF291COV	ENCFF291COV	ENCSR226QQM	ENCSR930KVA	BPNet	sequence motifs instances	bigBed	ChIP-seq	NFIA	HepG2	cell-line	cell-line	cell-line	none	none	passed
ENCFF231SQT	ENCFF231SQT	ENCSR414WBQ	ENCSR279NFG	BPNet	sequence motifs instances	bigBed	ChIP-seq	NFIB	HepG2	cell-line	cell-line	cell-line	none	none	passed
ENCFF408UFL	ENCFF408UFL	ENCSR702BYX	ENCSR903JQN	BPNet	sequence motifs instances	bigBed	ChIP-seq	NFIB	MCF-7	cell-line	cell-line	cell-line	none	none	passed
ENCFF411EDQ	ENCFF411EDQ	ENCSR582ZOA	ENCSR705OPV	BPNet	sequence motifs instances	bigBed	ChIP-seq	NFIB	MCF-7	cell-line	cell-line	cell-line	none	none	passed
ENCFF719KKU	ENCFF719KKU	ENCSR000BRN	ENCSR370SAQ	BPNet	sequence motifs instances	bigBed	ChIP-seq	NFIC	GM12878	cell-line	cell-line	cell-line	none	none	passed
ENCFF228SVG	ENCFF228SVG	ENCSR000BQX	ENCSR448HYK	BPNet	sequence motifs instances	bigBed	ChIP-seq	NFIC	HepG2	cell-line	cell-line	cell-line	none	none	passed
ENCFF174JAG	ENCFF174JAG	ENCSR000BUT	ENCSR178HFG	BPNet	sequence motifs instances	bigBed	ChIP-seq	NFIC	Ishikawa	cell-line	cell-line	cell-line	none	none	passed
ENCFF926XIK	ENCFF926XIK	ENCSR796ITY	ENCSR829TWW	BPNet	sequence motifs instances	bigBed	ChIP-seq	NFIC	K562	cell-line	cell-line	cell-line	none	none	passed
ENCFF445OOV	ENCFF445OOV	ENCSR000BSV	ENCSR975ZPP	BPNet	sequence motifs instances	bigBed	ChIP-seq	NFIC	SK-N-SH	cell-line	cell-line	cell-line	none	none	passed
ENCFF223CRF	ENCFF223CRF	ENCSR201GGK	ENCSR264TFB	BPNet	sequence motifs instances	bigBed	ChIP-seq	NFIL3	HepG2	cell-line	cell-line	cell-line	none	none	passed
ENCFF647PWS	ENCFF647PWS	ENCSR574VJG	ENCSR049VIS	BPNet	sequence motifs instances	bigBed	ChIP-seq	NFIX	K562	cell-line	cell-line	cell-line	none	none	passed
ENCFF176BGS	ENCFF176BGS	ENCSR000DNN	ENCSR941VQC	BPNet	sequence motifs instances	bigBed	ChIP-seq	NFYA	GM12878	cell-line	cell-line	cell-line	none	none	passed
ENCFF473RGN	ENCFF473RGN	ENCSR000DNS	ENCSR043YIY	BPNet	sequence motifs instances	bigBed	ChIP-seq	NFYA	HeLa-S3	cell-line	cell-line	cell-line	none	none	passed
ENCFF040WRC	ENCFF040WRC	ENCSR124APT	ENCSR871HZE	BPNet	sequence motifs instances	bigBed	ChIP-seq	NFYA	HepG2	cell-line	cell-line	cell-line	none	none	passed
ENCFF163TOD	ENCFF163TOD	ENCSR000EGR	ENCSR130BYS	BPNet	sequence motifs instances	bigBed	ChIP-seq	NFYA	K562	cell-line	cell-line	cell-line	none	none	passed
ENCFF515BWO	ENCFF515BWO	ENCSR163VTS	ENCSR549HCY	BPNet	sequence motifs instances	bigBed	ChIP-seq	NFYA	K562	cell-line	cell-line	cell-line	none	none	passed
ENCFF230UBW	ENCFF230UBW	ENCSR000DNM	ENCSR769ACL	BPNet	sequence motifs instances	bigBed	ChIP-seq	NFYB	GM12878	cell-line	cell-line	cell-line	none	none	passed
ENCFF291PHI	ENCFF291PHI	ENCSR000DNR	ENCSR129DJF	BPNet	sequence motifs instances	bigBed	ChIP-seq	NFYB	HeLa-S3	cell-line	cell-line	cell-line	none	none	passed
ENCFF031NNB	ENCFF031NNB	ENCSR935GZV	ENCSR317XKM	BPNet	sequence motifs instances	bigBed	ChIP-seq	NFYB	HepG2	cell-line	cell-line	cell-line	none	none	passed
ENCFF753KME	ENCFF753KME	ENCSR000EGQ	ENCSR821CQP	BPNet	sequence motifs instances	bigBed	ChIP-seq	NFYB	K562	cell-line	cell-line	cell-line	none	none	passed
ENCFF436DVA	ENCFF436DVA	ENCSR146UIC	ENCSR619ZLZ	BPNet	sequence motifs instances	bigBed	ChIP-seq	NFYB	WTC11	cell-line	cell-line	cell-line	none	none	passed
ENCFF020EVG	ENCFF020EVG	ENCSR569ARC	ENCSR683SPA	BPNet	sequence motifs instances	bigBed	ChIP-seq	NFYC	HepG2	cell-line	cell-line	cell-line	none	none	passed
ENCFF063CJF	ENCFF063CJF	ENCSR784VIQ	ENCSR989CSU	BPNet	sequence motifs instances	bigBed	ChIP-seq	NR2C1	GM12878	cell-line	cell-line	cell-line	none	none	passed
ENCFF308TRA	ENCFF308TRA	ENCSR742IDN	ENCSR234QDQ	BPNet	sequence motifs instances	bigBed	ChIP-seq	NR2C1	K562	cell-line	cell-line	cell-line	none	none	passed
ENCFF967YDB	ENCFF967YDB	ENCSR178DEG	ENCSR071NXN	BPNet	sequence motifs instances	bigBed	ChIP-seq	NR2C1	K562	cell-line	cell-line	cell-line	none	none	passed
ENCFF432LCC	ENCFF432LCC	ENCSR000EUL	ENCSR254CFS	BPNet	sequence motifs instances	bigBed	ChIP-seq	NR2C2	GM12878	cell-line	cell-line	cell-line	none	none	passed
ENCFF539BFA	ENCFF539BFA	ENCSR000EVN	ENCSR085ZRK	BPNet	sequence motifs instances	bigBed	ChIP-seq	NR2C2	HeLa-S3	cell-line	cell-line	cell-line	none	none	passed
ENCFF236PPE	ENCFF236PPE	ENCSR000EVS	ENCSR258XPK	BPNet	sequence motifs instances	bigBed	ChIP-seq	NR2C2	HepG2	cell-line	cell-line	cell-line	none	none	passed
ENCFF515JWH	ENCFF515JWH	ENCSR559ZKI	ENCSR820PTP	BPNet	sequence motifs instances	bigBed	ChIP-seq	NR2C2	HepG2	cell-line	cell-line	cell-line	none	none	passed
ENCFF059FSG	ENCFF059FSG	ENCSR516SWI	ENCSR092JCQ	BPNet	sequence motifs instances	bigBed	ChIP-seq	NR2C2	K562	cell-line	cell-line	cell-line	none	none	passed
ENCFF223VSI	ENCFF223VSI	ENCSR750LYM	ENCSR424KNM	BPNet	sequence motifs instances	bigBed	ChIP-seq	NR2C2	K562	cell-line	cell-line	cell-line	none	none	passed
ENCFF261SPK	ENCFF261SPK	ENCSR454GVT	ENCSR457LIE	BPNet	sequence motifs instances	bigBed	ChIP-seq	NR2C2	WTC11	cell-line	cell-line	cell-line	none	none	passed
ENCFF689FSU	ENCFF689FSU	ENCSR514VYD	ENCSR861AYR	BPNet	sequence motifs instances	bigBed	ChIP-seq	NR2F1	GM12878	cell-line	cell-line	cell-line	none	none	passed
ENCFF465YAK	ENCFF465YAK	ENCSR662EOU	ENCSR124SSR	BPNet	sequence motifs instances	bigBed	ChIP-seq	NR2F1	HepG2	cell-line	cell-line	cell-line	none	none	passed
ENCFF815PUT	ENCFF815PUT	ENCSR136OFY	ENCSR591QMC	BPNet	sequence motifs instances	bigBed	ChIP-seq	NR2F1	HepG2	cell-line	cell-line	cell-line	none	none	passed
ENCFF998XUV	ENCFF998XUV	ENCSR970NKQ	ENCSR871YCI	BPNet	sequence motifs instances	bigBed	ChIP-seq	NR2F1	K562	cell-line	cell-line	cell-line	none	none	passed
ENCFF183PFK	ENCFF183PFK	ENCSR000BVM	ENCSR332AIQ	BPNet	sequence motifs instances	bigBed	ChIP-seq	NR2F2	HepG2	cell-line	cell-line	cell-line	none	none	passed
ENCFF769PMD	ENCFF769PMD	ENCSR000BRS	ENCSR713NVW	BPNet	sequence motifs instances	bigBed	ChIP-seq	NR2F2	K562	cell-line	cell-line	cell-line	none	none	passed
ENCFF420FSE	ENCFF420FSE	ENCSR000BUY	ENCSR883SOG	BPNet	sequence motifs instances	bigBed	ChIP-seq	NR2F2	MCF-7	cell-line	cell-line	cell-line	none	none	passed
ENCFF641NLB	ENCFF641NLB	ENCSR168SMX	ENCSR457NZG	BPNet	sequence motifs instances	bigBed	ChIP-seq	NR2F2	liver	liver	liver	digestive-system	none	none	passed
ENCFF994EKL	ENCFF994EKL	ENCSR338MMB	ENCSR168OJP	BPNet	sequence motifs instances	bigBed	ChIP-seq	NR2F2	liver	liver	liver	digestive-system	none	none	passed
ENCFF522RMW	ENCFF522RMW	ENCSR518WPL	ENCSR759JDH	BPNet	sequence motifs instances	bigBed	ChIP-seq	NR2F6	HepG2	cell-line	cell-line	cell-line	none	none	passed
ENCFF944NUY	ENCFF944NUY	ENCSR798IJO	ENCSR390ZVY	BPNet	sequence motifs instances	bigBed	ChIP-seq	NR2F6	HepG2	cell-line	cell-line	cell-line	none	none	passed
ENCFF679IXA	ENCFF679IXA	ENCSR087TYG	ENCSR168LQY	BPNet	sequence motifs instances	bigBed	ChIP-seq	NR2F6	K562	cell-line	cell-line	cell-line	none	none	passed
ENCFF704UJP	ENCFF704UJP	ENCSR707QWA	ENCSR190HFL	BPNet	sequence motifs instances	bigBed	ChIP-seq	NR2F6	K562	cell-line	cell-line	cell-line	none	none	passed
ENCFF006ZOO	ENCFF006ZOO	ENCSR287FWE	ENCSR589BOE	BPNet	sequence motifs instances	bigBed	ChIP-seq	NR3C1	A549	cell-line	cell-line	cell-line	none	none	passed
ENCFF079ODC	ENCFF079ODC	ENCSR660RYY	ENCSR567LVX	BPNet	sequence motifs instances	bigBed	ChIP-seq	NR3C1	A549	cell-line	cell-line	cell-line	none	none	passed
ENCFF184UYY	ENCFF184UYY	ENCSR070VXO	ENCSR368FNT	BPNet	sequence motifs instances	bigBed	ChIP-seq	NR3C1	A549	cell-line	cell-line	cell-line	none	none	passed
ENCFF199IKH	ENCFF199IKH	ENCSR952GOL	ENCSR352KUO	BPNet	sequence motifs instances	bigBed	ChIP-seq	NR3C1	A549	cell-line	cell-line	cell-line	none	none	passed
ENCFF329ETT	ENCFF329ETT	ENCSR385RUW	ENCSR882RIC	BPNet	sequence motifs instances	bigBed	ChIP-seq	NR3C1	A549	cell-line	cell-line	cell-line	none	none	passed
ENCFF457MNB	ENCFF457MNB	ENCSR471EKW	ENCSR885SKN	BPNet	sequence motifs instances	bigBed	ChIP-seq	NR3C1	A549	cell-line	cell-line	cell-line	none	none	passed
ENCFF467PEA	ENCFF467PEA	ENCSR424JOE	ENCSR480CPV	BPNet	sequence motifs instances	bigBed	ChIP-seq	NR3C1	A549	cell-line	cell-line	cell-line	none	none	passed
ENCFF535XBQ	ENCFF535XBQ	ENCSR255CTA	ENCSR306DVJ	BPNet	sequence motifs instances	bigBed	ChIP-seq	NR3C1	A549	cell-line	cell-line	cell-line	none	none	passed
ENCFF560DTS	ENCFF560DTS	ENCSR720DXT	ENCSR072HFH	BPNet	sequence motifs instances	bigBed	ChIP-seq	NR3C1	A549	cell-line	cell-line	cell-line	none	none	passed
ENCFF710DLG	ENCFF710DLG	ENCSR458VTP	ENCSR788MPQ	BPNet	sequence motifs instances	bigBed	ChIP-seq	NR3C1	A549	cell-line	cell-line	cell-line	none	none	passed
ENCFF711JNZ	ENCFF711JNZ	ENCSR773NQB	ENCSR865TVN	BPNet	sequence motifs instances	bigBed	ChIP-seq	NR3C1	A549	cell-line	cell-line	cell-line	none	none	passed
ENCFF757NWV	ENCFF757NWV	ENCSR919OXR	ENCSR171TAJ	BPNet	sequence motifs instances	bigBed	ChIP-seq	NR3C1	A549	cell-line	cell-line	cell-line	none	none	passed
ENCFF889CHP	ENCFF889CHP	ENCSR686PFM	ENCSR200MKB	BPNet	sequence motifs instances	bigBed	ChIP-seq	NR3C1	A549	cell-line	cell-line	cell-line	none	none	passed
ENCFF901LRR	ENCFF901LRR	ENCSR857QEA	ENCSR475WFL	BPNet	sequence motifs instances	bigBed	ChIP-seq	NR3C1	A549	cell-line	cell-line	cell-line	none	none	passed
ENCFF901SHU	ENCFF901SHU	ENCSR908AOO	ENCSR538QXL	BPNet	sequence motifs instances	bigBed	ChIP-seq	NR3C1	A549	cell-line	cell-line	cell-line	none	none	passed
ENCFF797DZN	ENCFF797DZN	ENCSR310OZS	ENCSR647CHM	BPNet	sequence motifs instances	bigBed	ChIP-seq	NR5A1	HepG2	cell-line	cell-line	cell-line	none	none	passed
ENCFF536AOA	ENCFF536AOA	ENCSR190GIW	ENCSR357CBX	BPNet	sequence motifs instances	bigBed	ChIP-seq	NR5A2	A549	cell-line	cell-line	cell-line	none	none	passed
ENCFF872SPI	ENCFF872SPI	ENCSR000DZO	ENCSR661AQY	BPNet	sequence motifs instances	bigBed	ChIP-seq	NRF1	GM12878	cell-line	cell-line	cell-line	none	none	passed
ENCFF995ONL	ENCFF995ONL	ENCSR000ECC	ENCSR210HYL	BPNet	sequence motifs instances	bigBed	ChIP-seq	NRF1	H1	cell-line	cell-line	cell-line	none	none	passed
ENCFF669SOP	ENCFF669SOP	ENCSR000EDJ	ENCSR570WGA	BPNet	sequence motifs instances	bigBed	ChIP-seq	NRF1	HeLa-S3	cell-line	cell-line	cell-line	none	none	passed
ENCFF470ILE	ENCFF470ILE	ENCSR689JMY	ENCSR904TGB	BPNet	sequence motifs instances	bigBed	ChIP-seq	NRF1	HepG2	cell-line	cell-line	cell-line	none	none	passed
ENCFF488JKT	ENCFF488JKT	ENCSR853ADA	ENCSR920BWT	BPNet	sequence motifs instances	bigBed	ChIP-seq	NRF1	HepG2	cell-line	cell-line	cell-line	none	none	passed
ENCFF899PKX	ENCFF899PKX	ENCSR000EEH	ENCSR356BZM	BPNet	sequence motifs instances	bigBed	ChIP-seq	NRF1	HepG2	cell-line	cell-line	cell-line	none	none	passed
ENCFF299GPE	ENCFF299GPE	ENCSR998AJK	ENCSR241UYL	BPNet	sequence motifs instances	bigBed	ChIP-seq	NRF1	K562	cell-line	cell-line	cell-line	none	none	passed
ENCFF364CNP	ENCFF364CNP	ENCSR494TDU	ENCSR565KGD	BPNet	sequence motifs instances	bigBed	ChIP-seq	NRF1	K562	cell-line	cell-line	cell-line	none	none	passed
ENCFF431CCF	ENCFF431CCF	ENCSR000EHH	ENCSR344GIT	BPNet	sequence motifs instances	bigBed	ChIP-seq	NRF1	K562	cell-line	cell-line	cell-line	none	none	passed
ENCFF533LCI	ENCFF533LCI	ENCSR837EYC	ENCSR401AOR	BPNet	sequence motifs instances	bigBed	ChIP-seq	NRF1	K562	cell-line	cell-line	cell-line	none	none	passed
ENCFF024FOU	ENCFF024FOU	ENCSR135ANT	ENCSR214IZN	BPNet	sequence motifs instances	bigBed	ChIP-seq	NRF1	MCF-7	cell-line	cell-line	cell-line	none	none	passed
ENCFF723ZQU	ENCFF723ZQU	ENCSR000EHZ	ENCSR782UXR	BPNet	sequence motifs instances	bigBed	ChIP-seq	NRF1	SK-N-SH	cell-line	cell-line	cell-line	none	none	passed
ENCFF713IDS	ENCFF713IDS	ENCSR956OSX	ENCSR181GHL	BPNet	sequence motifs instances	bigBed	ChIP-seq	ONECUT1	HepG2	cell-line	cell-line	cell-line	none	none	passed
ENCFF736ZIL	ENCFF736ZIL	ENCSR661PKJ	ENCSR030NUO	BPNet	sequence motifs instances	bigBed	ChIP-seq	ONECUT2	HepG2	cell-line	cell-line	cell-line	none	none	passed
ENCFF843JDM	ENCFF843JDM	ENCSR324LTM	ENCSR685EWN	BPNet	sequence motifs instances	bigBed	ChIP-seq	OSR2	HEK293	cell-line	cell-line	cell-line	none	none	passed
ENCFF614TGY	ENCFF614TGY	ENCSR475ZYA	ENCSR929JHW	BPNet	sequence motifs instances	bigBed	ChIP-seq	OTX1	K562	cell-line	cell-line	cell-line	none	none	passed
ENCFF118TKA	ENCFF118TKA	ENCSR004HEA	ENCSR248HLP	BPNet	sequence motifs instances	bigBed	ChIP-seq	OTX2	WTC11	cell-line	cell-line	cell-line	none	none	passed
ENCFF697KRT	ENCFF697KRT	ENCSR829WBA	ENCSR446WNF	BPNet	sequence motifs instances	bigBed	ChIP-seq	OVOL1	MCF-7	cell-line	cell-line	cell-line	none	none	passed
ENCFF171OLX	ENCFF171OLX	ENCSR966ULI	ENCSR024NUR	BPNet	sequence motifs instances	bigBed	ChIP-seq	PATZ1	HEK293	cell-line	cell-line	cell-line	none	none	passed
ENCFF590UNW	ENCFF590UNW	ENCSR658YLN	ENCSR507HQC	BPNet	sequence motifs instances	bigBed	ChIP-seq	PATZ1	HepG2	cell-line	cell-line	cell-line	none	none	passed
ENCFF092ZJO	ENCFF092ZJO	ENCSR969AIM	ENCSR712MTB	BPNet	sequence motifs instances	bigBed	ChIP-seq	PATZ1	SK-N-SH	cell-line	cell-line	cell-line	none	none	passed
ENCFF137LKR	ENCFF137LKR	ENCSR000BHJ	ENCSR040PVF	BPNet	sequence motifs instances	bigBed	ChIP-seq	PAX5	GM12878	cell-line	cell-line	cell-line	none	none	passed
ENCFF151FIT	ENCFF151FIT	ENCSR000BHD	ENCSR273TEU	BPNet	sequence motifs instances	bigBed	ChIP-seq	PAX5	GM12878	cell-line	cell-line	cell-line	none	none	passed
ENCFF236SPM	ENCFF236SPM	ENCSR000BJI	ENCSR387UVY	BPNet	sequence motifs instances	bigBed	ChIP-seq	PAX5	GM12892	cell-line	cell-line	cell-line	none	none	passed
ENCFF898HAG	ENCFF898HAG	ENCSR192AFN	ENCSR113JWW	BPNet	sequence motifs instances	bigBed	ChIP-seq	PAX8	GM12878	cell-line	cell-line	cell-line	none	none	passed
ENCFF712KEH	ENCFF712KEH	ENCSR637RKG	ENCSR433EIH	BPNet	sequence motifs instances	bigBed	ChIP-seq	PBX1	A549	cell-line	cell-line	cell-line	none	none	passed
ENCFF801SKI	ENCFF801SKI	ENCSR849DFF	ENCSR636OJZ	BPNet	sequence motifs instances	bigBed	ChIP-seq	PBX2	HepG2	cell-line	cell-line	cell-line	none	none	passed
ENCFF085DVI	ENCFF085DVI	ENCSR263DFP	ENCSR551HZJ	BPNet	sequence motifs instances	bigBed	ChIP-seq	PBX2	K562	cell-line	cell-line	cell-line	none	none	passed
ENCFF154AMC	ENCFF154AMC	ENCSR633EIC	ENCSR745SNO	BPNet	sequence motifs instances	bigBed	ChIP-seq	PBX2	K562	cell-line	cell-line	cell-line	none	none	passed
ENCFF306WUN	ENCFF306WUN	ENCSR000BTN	ENCSR087MEY	BPNet	sequence motifs instances	bigBed	ChIP-seq	PBX3	A549	cell-line	cell-line	cell-line	none	none	passed
ENCFF941JAE	ENCFF941JAE	ENCSR000BGR	ENCSR101PVF	BPNet	sequence motifs instances	bigBed	ChIP-seq	PBX3	GM12878	cell-line	cell-line	cell-line	none	none	passed
ENCFF376YNI	ENCFF376YNI	ENCSR865HXK	ENCSR645VWV	BPNet	sequence motifs instances	bigBed	ChIP-seq	PBX3	HEK293	cell-line	cell-line	cell-line	none	none	passed
ENCFF550GPP	ENCFF550GPP	ENCSR000BVE	ENCSR592CCC	BPNet	sequence motifs instances	bigBed	ChIP-seq	PBX3	SK-N-SH	cell-line	cell-line	cell-line	none	none	passed
ENCFF729RHT	ENCFF729RHT	ENCSR374MAS	ENCSR531XTW	BPNet	sequence motifs instances	bigBed	ChIP-seq	PITX1	HepG2	cell-line	cell-line	cell-line	none	none	passed
ENCFF143QLZ	ENCFF143QLZ	ENCSR711XNY	ENCSR001IUM	BPNet	sequence motifs instances	bigBed	ChIP-seq	PKNOX1	GM12878	cell-line	cell-line	cell-line	none	none	passed
ENCFF083CHN	ENCFF083CHN	ENCSR233FAG	ENCSR610UPY	BPNet	sequence motifs instances	bigBed	ChIP-seq	PKNOX1	HEK293T	cell-line	cell-line	cell-line	none	none	passed
ENCFF857FQT	ENCFF857FQT	ENCSR115SMW	ENCSR509JOV	BPNet	sequence motifs instances	bigBed	ChIP-seq	PKNOX1	K562	cell-line	cell-line	cell-line	none	none	passed
ENCFF624SIZ	ENCFF624SIZ	ENCSR986XYK	ENCSR949ALP	BPNet	sequence motifs instances	bigBed	ChIP-seq	PKNOX1	MCF-7	cell-line	cell-line	cell-line	none	none	passed
ENCFF413MIH	ENCFF413MIH	ENCSR871EQD	ENCSR608CDL	BPNet	sequence motifs instances	bigBed	ChIP-seq	POU2F1	HepG2	cell-line	cell-line	cell-line	none	none	passed
ENCFF917EAC	ENCFF917EAC	ENCSR000BGP	ENCSR218LOC	BPNet	sequence motifs instances	bigBed	ChIP-seq	POU2F2	GM12878	cell-line	cell-line	cell-line	none	none	passed
ENCFF925RTA	ENCFF925RTA	ENCSR000BII	ENCSR898ALC	BPNet	sequence motifs instances	bigBed	ChIP-seq	POU2F2	GM12891	cell-line	cell-line	cell-line	none	none	passed
ENCFF916KQJ	ENCFF916KQJ	ENCSR264RJX	ENCSR214WIR	BPNet	sequence motifs instances	bigBed	ChIP-seq	POU5F1	GM23338	cell-line	cell-line	cell-line	none	none	passed
ENCFF341WBV	ENCFF341WBV	ENCSR362VCG	ENCSR888ILP	BPNet	sequence motifs instances	bigBed	ChIP-seq	POU5F1	bipolar-neuron	neuron	nerve	central-nervous-system	none	none	passed
ENCFF094INK	ENCFF094INK	ENCSR706OJM	ENCSR079JGV	BPNet	sequence motifs instances	bigBed	ChIP-seq	POU6F1	SK-N-SH	cell-line	cell-line	cell-line	none	none	passed
ENCFF813RFA	ENCFF813RFA	ENCSR130VQL	ENCSR103TWX	BPNet	sequence motifs instances	bigBed	ChIP-seq	PPARG	HepG2	cell-line	cell-line	cell-line	none	none	passed
ENCFF359QNJ	ENCFF359QNJ	ENCSR977FEF	ENCSR852CZQ	BPNet	sequence motifs instances	bigBed	ChIP-seq	PRDM1	A549	cell-line	cell-line	cell-line	none	none	passed
ENCFF884ORP	ENCFF884ORP	ENCSR098YLE	ENCSR613DGQ	BPNet	sequence motifs instances	bigBed	ChIP-seq	PRDM1	HEK293	cell-line	cell-line	cell-line	none	none	passed
ENCFF457AFI	ENCFF457AFI	ENCSR000ECY	ENCSR490LLP	BPNet	sequence motifs instances	bigBed	ChIP-seq	PRDM1	HeLa-S3	cell-line	cell-line	cell-line	none	none	passed
ENCFF506UKS	ENCFF506UKS	ENCSR223TAV	ENCSR076JOR	BPNet	sequence motifs instances	bigBed	ChIP-seq	PRDM10	HEK293	cell-line	cell-line	cell-line	none	none	passed
ENCFF847QUU	ENCFF847QUU	ENCSR289PSX	ENCSR263GYU	BPNet	sequence motifs instances	bigBed	ChIP-seq	PRDM10	HepG2	cell-line	cell-line	cell-line	none	none	passed
ENCFF989HWS	ENCFF989HWS	ENCSR120MPG	ENCSR413MCR	BPNet	sequence motifs instances	bigBed	ChIP-seq	PRDM10	K562	cell-line	cell-line	cell-line	none	none	passed
ENCFF717BAX	ENCFF717BAX	ENCSR011INW	ENCSR950RRT	BPNet	sequence motifs instances	bigBed	ChIP-seq	PRDM15	HepG2	cell-line	cell-line	cell-line	none	none	passed
ENCFF214PXD	ENCFF214PXD	ENCSR092DCD	ENCSR239YJA	BPNet	sequence motifs instances	bigBed	ChIP-seq	PRDM15	WTC11	cell-line	cell-line	cell-line	none	none	passed
ENCFF882AVX	ENCFF882AVX	ENCSR443MVV	ENCSR592KSS	BPNet	sequence motifs instances	bigBed	ChIP-seq	PRDM4	HEK293	cell-line	cell-line	cell-line	none	none	passed
ENCFF797OBG	ENCFF797OBG	ENCSR892QHR	ENCSR210CAR	BPNet	sequence motifs instances	bigBed	ChIP-seq	PRDM6	HEK293	cell-line	cell-line	cell-line	none	none	passed
ENCFF379RRC	ENCFF379RRC	ENCSR443YTB	ENCSR817XQQ	BPNet	sequence motifs instances	bigBed	ChIP-seq	PROX1	HepG2	cell-line	cell-line	cell-line	none	none	passed
ENCFF180MJA	ENCFF180MJA	ENCSR144NTH	ENCSR796ANQ	BPNet	sequence motifs instances	bigBed	ChIP-seq	RBAK	HepG2	cell-line	cell-line	cell-line	none	none	passed
ENCFF640QLF	ENCFF640QLF	ENCSR596FEL	ENCSR261VHA	BPNet	sequence motifs instances	bigBed	ChIP-seq	RBPJ	HepG2	cell-line	cell-line	cell-line	none	none	passed
ENCFF312NIT	ENCFF312NIT	ENCSR740XMB	ENCSR986MEJ	BPNet	sequence motifs instances	bigBed	ChIP-seq	RBPJ	K562	cell-line	cell-line	cell-line	none	none	passed
ENCFF432OLE	ENCFF432OLE	ENCSR000EAG	ENCSR003PRH	BPNet	sequence motifs instances	bigBed	ChIP-seq	RELA	GM12878	cell-line	cell-line	cell-line	none	none	passed
ENCFF651VHX	ENCFF651VHX	ENCSR664POU	ENCSR056PCS	BPNet	sequence motifs instances	bigBed	ChIP-seq	RELA	GM12878	cell-line	cell-line	cell-line	none	none	passed
ENCFF434MBN	ENCFF434MBN	ENCSR000EAI	ENCSR040NUE	BPNet	sequence motifs instances	bigBed	ChIP-seq	RELA	GM12891	cell-line	cell-line	cell-line	none	none	passed
ENCFF906GZN	ENCFF906GZN	ENCSR000EAN	ENCSR544MSV	BPNet	sequence motifs instances	bigBed	ChIP-seq	RELA	GM12892	cell-line	cell-line	cell-line	none	none	passed
ENCFF216GAS	ENCFF216GAS	ENCSR000EAQ	ENCSR246TIE	BPNet	sequence motifs instances	bigBed	ChIP-seq	RELA	GM15510	cell-line	cell-line	cell-line	none	none	passed
ENCFF193QLD	ENCFF193QLD	ENCSR000EBD	ENCSR648RAH	BPNet	sequence motifs instances	bigBed	ChIP-seq	RELA	GM18951	cell-line	cell-line	cell-line	none	none	passed
ENCFF533GJV	ENCFF533GJV	ENCSR000EBM	ENCSR243UOT	BPNet	sequence motifs instances	bigBed	ChIP-seq	RELA	GM19193	cell-line	cell-line	cell-line	none	none	passed
ENCFF072SRV	ENCFF072SRV	ENCSR580HOI	ENCSR794EAB	BPNet	sequence motifs instances	bigBed	ChIP-seq	RELA	HepG2	cell-line	cell-line	cell-line	none	none	passed
ENCFF225UHM	ENCFF225UHM	ENCSR387QUV	ENCSR677QQV	BPNet	sequence motifs instances	bigBed	ChIP-seq	RELB	GM12878	cell-line	cell-line	cell-line	none	none	passed
ENCFF263PFG	ENCFF263PFG	ENCSR000BQP	ENCSR108OCH	BPNet	sequence motifs instances	bigBed	ChIP-seq	REST	A549	cell-line	cell-line	cell-line	none	none	passed
ENCFF847JWQ	ENCFF847JWQ	ENCSR892DRK	ENCSR584FHS	BPNet	sequence motifs instances	bigBed	ChIP-seq	REST	A549	cell-line	cell-line	cell-line	none	none	passed
ENCFF199THU	ENCFF199THU	ENCSR000BGF	ENCSR784NGD	BPNet	sequence motifs instances	bigBed	ChIP-seq	REST	GM12878	cell-line	cell-line	cell-line	none	none	passed
ENCFF979YJR	ENCFF979YJR	ENCSR000BQS	ENCSR805DLB	BPNet	sequence motifs instances	bigBed	ChIP-seq	REST	GM12878	cell-line	cell-line	cell-line	none	none	passed
ENCFF510GMG	ENCFF510GMG	ENCSR871KYB	ENCSR543TOL	BPNet	sequence motifs instances	bigBed	ChIP-seq	REST	GM23338	cell-line	cell-line	cell-line	none	none	passed
ENCFF695XYP	ENCFF695XYP	ENCSR663WAR	ENCSR296LFF	BPNet	sequence motifs instances	bigBed	ChIP-seq	REST	H1	cell-line	cell-line	cell-line	none	none	passed
ENCFF863PCE	ENCFF863PCE	ENCSR000BHM	ENCSR235MZF	BPNet	sequence motifs instances	bigBed	ChIP-seq	REST	H1	cell-line	cell-line	cell-line	none	none	passed
ENCFF500QYD	ENCFF500QYD	ENCSR000BVI	ENCSR148KXV	BPNet	sequence motifs instances	bigBed	ChIP-seq	REST	HCT116	cell-line	cell-line	cell-line	none	none	passed
ENCFF765VFR	ENCFF765VFR	ENCSR896UBV	ENCSR067SUX	BPNet	sequence motifs instances	bigBed	ChIP-seq	REST	HEK293	cell-line	cell-line	cell-line	none	none	passed
ENCFF459TAV	ENCFF459TAV	ENCSR000BTF	ENCSR900KSB	BPNet	sequence motifs instances	bigBed	ChIP-seq	REST	HL-60	cell-line	cell-line	cell-line	none	none	passed
ENCFF417ZVJ	ENCFF417ZVJ	ENCSR000BMN	ENCSR673YCJ	BPNet	sequence motifs instances	bigBed	ChIP-seq	REST	HeLa-S3	cell-line	cell-line	cell-line	none	none	passed
ENCFF499HDJ	ENCFF499HDJ	ENCSR000BOT	ENCSR629ECU	BPNet	sequence motifs instances	bigBed	ChIP-seq	REST	HepG2	cell-line	cell-line	cell-line	none	none	passed
ENCFF698FAR	ENCFF698FAR	ENCSR000BJL	ENCSR596AXW	BPNet	sequence motifs instances	bigBed	ChIP-seq	REST	HepG2	cell-line	cell-line	cell-line	none	none	passed
ENCFF843QRV	ENCFF843QRV	ENCSR000BUU	ENCSR174BCS	BPNet	sequence motifs instances	bigBed	ChIP-seq	REST	Ishikawa	cell-line	cell-line	cell-line	none	none	passed
ENCFF277ILG	ENCFF277ILG	ENCSR000BMW	ENCSR364RHG	BPNet	sequence motifs instances	bigBed	ChIP-seq	REST	K562	cell-line	cell-line	cell-line	none	none	passed
ENCFF294LGB	ENCFF294LGB	ENCSR137ZMQ	ENCSR831SVZ	BPNet	sequence motifs instances	bigBed	ChIP-seq	REST	K562	cell-line	cell-line	cell-line	none	none	passed
ENCFF502PQD	ENCFF502PQD	ENCSR000ATM	ENCSR867KCV	BPNet	sequence motifs instances	bigBed	ChIP-seq	REST	K562	cell-line	cell-line	cell-line	none	none	passed
ENCFF616COP	ENCFF616COP	ENCSR054JMQ	ENCSR759WXZ	BPNet	sequence motifs instances	bigBed	ChIP-seq	REST	K562	cell-line	cell-line	cell-line	none	none	passed
ENCFF267QQC	ENCFF267QQC	ENCSR000BSP	ENCSR640PXF	BPNet	sequence motifs instances	bigBed	ChIP-seq	REST	MCF-7	cell-line	cell-line	cell-line	none	none	passed
ENCFF323XMF	ENCFF323XMF	ENCSR000BOX	ENCSR229LTB	BPNet	sequence motifs instances	bigBed	ChIP-seq	REST	PFSK-1	cell-line	cell-line	cell-line	none	none	passed
ENCFF627YCR	ENCFF627YCR	ENCSR000BJP	ENCSR811WIG	BPNet	sequence motifs instances	bigBed	ChIP-seq	REST	PFSK-1	cell-line	cell-line	cell-line	none	none	passed
ENCFF176QIN	ENCFF176QIN	ENCSR000BUP	ENCSR132GIN	BPNet	sequence motifs instances	bigBed	ChIP-seq	REST	Panc1	cell-line	cell-line	cell-line	none	none	passed
ENCFF247FKP	ENCFF247FKP	ENCSR000BJO	ENCSR862SMK	BPNet	sequence motifs instances	bigBed	ChIP-seq	REST	Panc1	cell-line	cell-line	cell-line	none	none	passed
ENCFF539IFP	ENCFF539IFP	ENCSR000BPK	ENCSR765OBS	BPNet	sequence motifs instances	bigBed	ChIP-seq	REST	Panc1	cell-line	cell-line	cell-line	none	none	passed
ENCFF772BXI	ENCFF772BXI	ENCSR000BOZ	ENCSR386QUI	BPNet	sequence motifs instances	bigBed	ChIP-seq	REST	SK-N-SH	cell-line	cell-line	cell-line	none	none	passed
ENCFF935GVK	ENCFF935GVK	ENCSR000BJJ	ENCSR468KZB	BPNet	sequence motifs instances	bigBed	ChIP-seq	REST	SK-N-SH	cell-line	cell-line	cell-line	none	none	passed
ENCFF103FZD	ENCFF103FZD	ENCSR893QWP	ENCSR314BIS	BPNet	sequence motifs instances	bigBed	ChIP-seq	REST	liver	liver	liver	digestive-system	none	none	passed
ENCFF828PGP	ENCFF828PGP	ENCSR867WPH	ENCSR596SVU	BPNet	sequence motifs instances	bigBed	ChIP-seq	REST	liver	liver	liver	digestive-system	none	none	passed
ENCFF847XWD	ENCFF847XWD	ENCSR000BTV	ENCSR282ZFA	BPNet	sequence motifs instances	bigBed	ChIP-seq	REST	neural-cell	neural	nerve	central-nervous-system	none	none	passed
ENCFF579WYI	ENCFF579WYI	ENCSR928API	ENCSR223XGT	BPNet	sequence motifs instances	bigBed	ChIP-seq	RFX1	HepG2	cell-line	cell-line	cell-line	none	none	passed
ENCFF737YPD	ENCFF737YPD	ENCSR041AXL	ENCSR830DNP	BPNet	sequence motifs instances	bigBed	ChIP-seq	RFX1	K562	cell-line	cell-line	cell-line	none	none	passed
ENCFF795DWW	ENCFF795DWW	ENCSR968GIB	ENCSR853BLF	BPNet	sequence motifs instances	bigBed	ChIP-seq	RFX1	K562	cell-line	cell-line	cell-line	none	none	passed
ENCFF134GCQ	ENCFF134GCQ	ENCSR788XNX	ENCSR594OAT	BPNet	sequence motifs instances	bigBed	ChIP-seq	RFX1	MCF-7	cell-line	cell-line	cell-line	none	none	passed
ENCFF589HAA	ENCFF589HAA	ENCSR066TET	ENCSR936WXH	BPNet	sequence motifs instances	bigBed	ChIP-seq	RFX1	MCF-7	cell-line	cell-line	cell-line	none	none	passed
ENCFF299BKU	ENCFF299BKU	ENCSR633OVO	ENCSR926TQA	BPNet	sequence motifs instances	bigBed	ChIP-seq	RFX3	HepG2	cell-line	cell-line	cell-line	none	none	passed
ENCFF082EIM	ENCFF082EIM	ENCSR000DZW	ENCSR391ETD	BPNet	sequence motifs instances	bigBed	ChIP-seq	RFX5	GM12878	cell-line	cell-line	cell-line	none	none	passed
ENCFF662GRN	ENCFF662GRN	ENCSR000ECX	ENCSR220MGX	BPNet	sequence motifs instances	bigBed	ChIP-seq	RFX5	HeLa-S3	cell-line	cell-line	cell-line	none	none	passed
ENCFF385TPY	ENCFF385TPY	ENCSR000EHY	ENCSR121FOZ	BPNet	sequence motifs instances	bigBed	ChIP-seq	RFX5	SK-N-SH	cell-line	cell-line	cell-line	none	none	passed
ENCFF063ZGP	ENCFF063ZGP	ENCSR414TYY	ENCSR832AOA	BPNet	sequence motifs instances	bigBed	ChIP-seq	RUNX1	K562	cell-line	cell-line	cell-line	none	none	passed
ENCFF948STT	ENCFF948STT	ENCSR588AKU	ENCSR789XHT	BPNet	sequence motifs instances	bigBed	ChIP-seq	RUNX1	K562	cell-line	cell-line	cell-line	none	none	passed
ENCFF413JDI	ENCFF413JDI	ENCSR000BRI	ENCSR130BYX	BPNet	sequence motifs instances	bigBed	ChIP-seq	RUNX3	GM12878	cell-line	cell-line	cell-line	none	none	passed
ENCFF724DVR	ENCFF724DVR	ENCSR416HDG	ENCSR471TML	BPNet	sequence motifs instances	bigBed	ChIP-seq	RXRA	HepG2	cell-line	cell-line	cell-line	none	none	passed
ENCFF961IWJ	ENCFF961IWJ	ENCSR000BHU	ENCSR654MSE	BPNet	sequence motifs instances	bigBed	ChIP-seq	RXRA	HepG2	cell-line	cell-line	cell-line	none	none	passed
ENCFF513LWE	ENCFF513LWE	ENCSR000BVG	ENCSR558EIT	BPNet	sequence motifs instances	bigBed	ChIP-seq	RXRA	SK-N-SH	cell-line	cell-line	cell-line	none	none	passed
ENCFF273GAF	ENCFF273GAF	ENCSR098XMN	ENCSR952CID	BPNet	sequence motifs instances	bigBed	ChIP-seq	RXRA	liver	liver	liver	digestive-system	none	none	passed
ENCFF503NOR	ENCFF503NOR	ENCSR352QSB	ENCSR212YIK	BPNet	sequence motifs instances	bigBed	ChIP-seq	RXRA	liver	liver	liver	digestive-system	none	none	passed
ENCFF932IXF	ENCFF932IXF	ENCSR560SEP	ENCSR997OKZ	BPNet	sequence motifs instances	bigBed	ChIP-seq	RXRB	HepG2	cell-line	cell-line	cell-line	none	none	passed
ENCFF233MPJ	ENCFF233MPJ	ENCSR605MGM	ENCSR372ZFV	BPNet	sequence motifs instances	bigBed	ChIP-seq	SCRT1	HEK293	cell-line	cell-line	cell-line	none	none	passed
ENCFF321CPM	ENCFF321CPM	ENCSR338DGO	ENCSR305GED	BPNet	sequence motifs instances	bigBed	ChIP-seq	SCRT2	HEK293	cell-line	cell-line	cell-line	none	none	passed
ENCFF705GIP	ENCFF705GIP	ENCSR561BQM	ENCSR159ONX	BPNet	sequence motifs instances	bigBed	ChIP-seq	SIX1	HepG2	cell-line	cell-line	cell-line	none	none	passed
ENCFF545RPV	ENCFF545RPV	ENCSR849TMV	ENCSR409XHT	BPNet	sequence motifs instances	bigBed	ChIP-seq	SIX4	HepG2	cell-line	cell-line	cell-line	none	none	passed
ENCFF464OCT	ENCFF464OCT	ENCSR279IEM	ENCSR333NFQ	BPNet	sequence motifs instances	bigBed	ChIP-seq	SIX4	MCF-7	cell-line	cell-line	cell-line	none	none	passed
ENCFF896JJO	ENCFF896JJO	ENCSR513WUJ	ENCSR704PVF	BPNet	sequence motifs instances	bigBed	ChIP-seq	SIX4	WTC11	cell-line	cell-line	cell-line	none	none	passed
ENCFF695QXR	ENCFF695QXR	ENCSR000BRL	ENCSR256TQO	BPNet	sequence motifs instances	bigBed	ChIP-seq	SIX5	A549	cell-line	cell-line	cell-line	none	none	passed
ENCFF447RUG	ENCFF447RUG	ENCSR068QXO	ENCSR361LND	BPNet	sequence motifs instances	bigBed	ChIP-seq	SMAD4	K562	cell-line	cell-line	cell-line	none	none	passed
ENCFF047ODT	ENCFF047ODT	ENCSR445ACU	ENCSR435HHZ	BPNet	sequence motifs instances	bigBed	ChIP-seq	SOX13	HepG2	cell-line	cell-line	cell-line	none	none	passed
ENCFF323WDA	ENCFF323WDA	ENCSR715UCI	ENCSR272FDJ	BPNet	sequence motifs instances	bigBed	ChIP-seq	SOX13	HepG2	cell-line	cell-line	cell-line	none	none	passed
ENCFF679SWA	ENCFF679SWA	ENCSR961WLZ	ENCSR510YVW	BPNet	sequence motifs instances	bigBed	ChIP-seq	SOX5	HepG2	cell-line	cell-line	cell-line	none	none	passed
ENCFF589GHU	ENCFF589GHU	ENCSR766TSU	ENCSR193HCH	BPNet	sequence motifs instances	bigBed	ChIP-seq	SOX6	HepG2	cell-line	cell-line	cell-line	none	none	passed
ENCFF242JXG	ENCFF242JXG	ENCSR788RSW	ENCSR049JJJ	BPNet	sequence motifs instances	bigBed	ChIP-seq	SOX6	K562	cell-line	cell-line	cell-line	none	none	passed
ENCFF699VRV	ENCFF699VRV	ENCSR000BPE	ENCSR165NXF	BPNet	sequence motifs instances	bigBed	ChIP-seq	SP1	A549	cell-line	cell-line	cell-line	none	none	passed
ENCFF509SFT	ENCFF509SFT	ENCSR000BHK	ENCSR095LRJ	BPNet	sequence motifs instances	bigBed	ChIP-seq	SP1	GM12878	cell-line	cell-line	cell-line	none	none	passed
ENCFF088INF	ENCFF088INF	ENCSR000BIR	ENCSR872UCX	BPNet	sequence motifs instances	bigBed	ChIP-seq	SP1	H1	cell-line	cell-line	cell-line	none	none	passed
ENCFF116NFG	ENCFF116NFG	ENCSR000BSF	ENCSR957HMT	BPNet	sequence motifs instances	bigBed	ChIP-seq	SP1	HCT116	cell-line	cell-line	cell-line	none	none	passed
ENCFF680VIX	ENCFF680VIX	ENCSR906PEI	ENCSR172ILE	BPNet	sequence motifs instances	bigBed	ChIP-seq	SP1	HEK293T	cell-line	cell-line	cell-line	none	none	passed
ENCFF441MGR	ENCFF441MGR	ENCSR334KIQ	ENCSR359WFD	BPNet	sequence motifs instances	bigBed	ChIP-seq	SP1	HepG2	cell-line	cell-line	cell-line	none	none	passed
ENCFF670TVO	ENCFF670TVO	ENCSR000BJX	ENCSR574YOJ	BPNet	sequence motifs instances	bigBed	ChIP-seq	SP1	HepG2	cell-line	cell-line	cell-line	none	none	passed
ENCFF775HMI	ENCFF775HMI	ENCSR460YAM	ENCSR981BPZ	BPNet	sequence motifs instances	bigBed	ChIP-seq	SP1	HepG2	cell-line	cell-line	cell-line	none	none	passed
ENCFF387DWS	ENCFF387DWS	ENCSR000BKO	ENCSR807ZPN	BPNet	sequence motifs instances	bigBed	ChIP-seq	SP1	K562	cell-line	cell-line	cell-line	none	none	passed
ENCFF535NGH	ENCFF535NGH	ENCSR991ELG	ENCSR790HBQ	BPNet	sequence motifs instances	bigBed	ChIP-seq	SP1	K562	cell-line	cell-line	cell-line	none	none	passed
ENCFF920FYR	ENCFF920FYR	ENCSR372IML	ENCSR955QBD	BPNet	sequence motifs instances	bigBed	ChIP-seq	SP1	K562	cell-line	cell-line	cell-line	none	none	passed
ENCFF162MVX	ENCFF162MVX	ENCSR729LGA	ENCSR543HQM	BPNet	sequence motifs instances	bigBed	ChIP-seq	SP1	MCF-7	cell-line	cell-line	cell-line	none	none	passed
ENCFF516XNI	ENCFF516XNI	ENCSR583CGO	ENCSR786LMT	BPNet	sequence motifs instances	bigBed	ChIP-seq	SP1	WTC11	cell-line	cell-line	cell-line	none	none	passed
ENCFF276ABW	ENCFF276ABW	ENCSR386YIH	ENCSR764SPF	BPNet	sequence motifs instances	bigBed	ChIP-seq	SP1	liver	liver	liver	digestive-system	none	none	passed
ENCFF340IJV	ENCFF340IJV	ENCSR085IXF	ENCSR730HDS	BPNet	sequence motifs instances	bigBed	ChIP-seq	SP1	liver	liver	liver	digestive-system	none	none	passed
ENCFF177IGA	ENCFF177IGA	ENCSR107DKT	ENCSR376FIT	BPNet	sequence motifs instances	bigBed	ChIP-seq	SP140L	HepG2	cell-line	cell-line	cell-line	none	none	passed
ENCFF968STG	ENCFF968STG	ENCSR807LQP	ENCSR154LJQ	BPNet	sequence motifs instances	bigBed	ChIP-seq	SP2	HEK293	cell-line	cell-line	cell-line	none	none	passed
ENCFF259ITE	ENCFF259ITE	ENCSR946RZN	ENCSR052HWR	BPNet	sequence motifs instances	bigBed	ChIP-seq	SP2	HepG2	cell-line	cell-line	cell-line	none	none	passed
ENCFF731LQU	ENCFF731LQU	ENCSR000BNL	ENCSR578OAK	BPNet	sequence motifs instances	bigBed	ChIP-seq	SP2	K562	cell-line	cell-line	cell-line	none	none	passed
ENCFF070SHG	ENCFF070SHG	ENCSR141PZA	ENCSR640UGN	BPNet	sequence motifs instances	bigBed	ChIP-seq	SP3	HEK293	cell-line	cell-line	cell-line	none	none	passed
ENCFF052KRB	ENCFF052KRB	ENCSR000BQV	ENCSR649EJS	BPNet	sequence motifs instances	bigBed	ChIP-seq	SP4	H1	cell-line	cell-line	cell-line	none	none	passed
ENCFF901BAP	ENCFF901BAP	ENCSR642PQK	ENCSR715EEU	BPNet	sequence motifs instances	bigBed	ChIP-seq	SP4	HepG2	cell-line	cell-line	cell-line	none	none	passed
ENCFF427AUH	ENCFF427AUH	ENCSR019NPF	ENCSR773LDV	BPNet	sequence motifs instances	bigBed	ChIP-seq	SP5	HepG2	cell-line	cell-line	cell-line	none	none	passed
ENCFF313INC	ENCFF313INC	ENCSR468IJT	ENCSR374VXB	BPNet	sequence motifs instances	bigBed	ChIP-seq	SP7	HEK293	cell-line	cell-line	cell-line	none	none	passed
ENCFF818ZOT	ENCFF818ZOT	ENCSR042GSX	ENCSR757BLN	BPNet	sequence motifs instances	bigBed	ChIP-seq	SPDEF	MCF-7	cell-line	cell-line	cell-line	none	none	passed
ENCFF145TRO	ENCFF145TRO	ENCSR897MYK	ENCSR182NCE	BPNet	sequence motifs instances	bigBed	ChIP-seq	SREBF1	A549	cell-line	cell-line	cell-line	none	none	passed
ENCFF220XTR	ENCFF220XTR	ENCSR815ZDS	ENCSR766FSS	BPNet	sequence motifs instances	bigBed	ChIP-seq	SREBF1	K562	cell-line	cell-line	cell-line	none	none	passed
ENCFF380HMB	ENCFF380HMB	ENCSR197DJH	ENCSR495FTX	BPNet	sequence motifs instances	bigBed	ChIP-seq	SREBF1	MCF-7	cell-line	cell-line	cell-line	none	none	passed
ENCFF095ZBI	ENCFF095ZBI	ENCSR000BMI	ENCSR862QUY	BPNet	sequence motifs instances	bigBed	ChIP-seq	SRF	GM12878	cell-line	cell-line	cell-line	none	none	passed
ENCFF738QGG	ENCFF738QGG	ENCSR000BGE	ENCSR040IAH	BPNet	sequence motifs instances	bigBed	ChIP-seq	SRF	GM12878	cell-line	cell-line	cell-line	none	none	passed
ENCFF999BRW	ENCFF999BRW	ENCSR041XML	ENCSR771NZC	BPNet	sequence motifs instances	bigBed	ChIP-seq	SRF	GM12878	cell-line	cell-line	cell-line	none	none	passed
ENCFF977XMB	ENCFF977XMB	ENCSR000BIV	ENCSR721HTE	BPNet	sequence motifs instances	bigBed	ChIP-seq	SRF	H1	cell-line	cell-line	cell-line	none	none	passed
ENCFF694YNI	ENCFF694YNI	ENCSR000BSC	ENCSR113HVZ	BPNet	sequence motifs instances	bigBed	ChIP-seq	SRF	HCT116	cell-line	cell-line	cell-line	none	none	passed
ENCFF058ROV	ENCFF058ROV	ENCSR516SMM	ENCSR272YCO	BPNet	sequence motifs instances	bigBed	ChIP-seq	SRF	HepG2	cell-line	cell-line	cell-line	none	none	passed
ENCFF204FHQ	ENCFF204FHQ	ENCSR000BLV	ENCSR076JVF	BPNet	sequence motifs instances	bigBed	ChIP-seq	SRF	HepG2	cell-line	cell-line	cell-line	none	none	passed
ENCFF020ZFC	ENCFF020ZFC	ENCSR000BTD	ENCSR871TEZ	BPNet	sequence motifs instances	bigBed	ChIP-seq	SRF	Ishikawa	cell-line	cell-line	cell-line	none	none	passed
ENCFF375NOA	ENCFF375NOA	ENCSR000BLK	ENCSR307JOH	BPNet	sequence motifs instances	bigBed	ChIP-seq	SRF	K562	cell-line	cell-line	cell-line	none	none	passed
ENCFF686HIZ	ENCFF686HIZ	ENCSR504HOI	ENCSR029FHA	BPNet	sequence motifs instances	bigBed	ChIP-seq	SRF	K562	cell-line	cell-line	cell-line	none	none	passed
ENCFF884HZI	ENCFF884HZI	ENCSR582IAO	ENCSR133SHN	BPNet	sequence motifs instances	bigBed	ChIP-seq	SRF	K562	cell-line	cell-line	cell-line	none	none	passed
ENCFF160RVF	ENCFF160RVF	ENCSR000BVA	ENCSR830FWJ	BPNet	sequence motifs instances	bigBed	ChIP-seq	SRF	MCF-7	cell-line	cell-line	cell-line	none	none	passed
ENCFF200TKI	ENCFF200TKI	ENCSR000FAU	ENCSR300AVN	BPNet	sequence motifs instances	bigBed	ChIP-seq	STAT1	K562	cell-line	cell-line	cell-line	none	none	passed
ENCFF858BJW	ENCFF858BJW	ENCSR000FAV	ENCSR467YMS	BPNet	sequence motifs instances	bigBed	ChIP-seq	STAT1	K562	cell-line	cell-line	cell-line	none	none	passed
ENCFF623EBB	ENCFF623EBB	ENCSR000FAT	ENCSR783CQO	BPNet	sequence motifs instances	bigBed	ChIP-seq	STAT2	K562	cell-line	cell-line	cell-line	none	none	passed
ENCFF959VTM	ENCFF959VTM	ENCSR000FBC	ENCSR986WNQ	BPNet	sequence motifs instances	bigBed	ChIP-seq	STAT2	K562	cell-line	cell-line	cell-line	none	none	passed
ENCFF868NFO	ENCFF868NFO	ENCSR000DZV	ENCSR597MUO	BPNet	sequence motifs instances	bigBed	ChIP-seq	STAT3	GM12878	cell-line	cell-line	cell-line	none	none	passed
ENCFF372NRE	ENCFF372NRE	ENCSR000EDC	ENCSR099YQW	BPNet	sequence motifs instances	bigBed	ChIP-seq	STAT3	HeLa-S3	cell-line	cell-line	cell-line	none	none	passed
ENCFF156XPD	ENCFF156XPD	ENCSR000DPB	ENCSR133LTU	BPNet	sequence motifs instances	bigBed	ChIP-seq	STAT3	MCF-10A	cell-line	cell-line	cell-line	none	none	passed
ENCFF870ILP	ENCFF870ILP	ENCSR000DOQ	ENCSR628VMP	BPNet	sequence motifs instances	bigBed	ChIP-seq	STAT3	MCF-10A	cell-line	cell-line	cell-line	none	none	passed
ENCFF602FOE	ENCFF602FOE	ENCSR000BRR	ENCSR509ZMB	BPNet	sequence motifs instances	bigBed	ChIP-seq	STAT5A	K562	cell-line	cell-line	cell-line	none	none	passed
ENCFF855WZI	ENCFF855WZI	ENCSR000DZZ	ENCSR748FOU	BPNet	sequence motifs instances	bigBed	ChIP-seq	TBP	GM12878	cell-line	cell-line	cell-line	none	none	passed
ENCFF265WOB	ENCFF265WOB	ENCSR000ECB	ENCSR071LQR	BPNet	sequence motifs instances	bigBed	ChIP-seq	TBP	H1	cell-line	cell-line	cell-line	none	none	passed
ENCFF166LNH	ENCFF166LNH	ENCSR000EDD	ENCSR209XCM	BPNet	sequence motifs instances	bigBed	ChIP-seq	TBP	HeLa-S3	cell-line	cell-line	cell-line	none	none	passed
ENCFF345NJL	ENCFF345NJL	ENCSR000EEL	ENCSR997SZY	BPNet	sequence motifs instances	bigBed	ChIP-seq	TBP	HepG2	cell-line	cell-line	cell-line	none	none	passed
ENCFF389OXQ	ENCFF389OXQ	ENCSR410FEH	ENCSR351RCV	BPNet	sequence motifs instances	bigBed	ChIP-seq	TBX2	HepG2	cell-line	cell-line	cell-line	none	none	passed
ENCFF862SLY	ENCFF862SLY	ENCSR739IHN	ENCSR476ZGO	BPNet	sequence motifs instances	bigBed	ChIP-seq	TBX21	GM12878	cell-line	cell-line	cell-line	none	none	passed
ENCFF408ZQQ	ENCFF408ZQQ	ENCSR605YWG	ENCSR409NTB	BPNet	sequence motifs instances	bigBed	ChIP-seq	TBX3	HepG2	cell-line	cell-line	cell-line	none	none	passed
ENCFF761OTG	ENCFF761OTG	ENCSR238QRG	ENCSR660GND	BPNet	sequence motifs instances	bigBed	ChIP-seq	TBX3	HepG2	cell-line	cell-line	cell-line	none	none	passed
ENCFF362EGF	ENCFF362EGF	ENCSR725VFL	ENCSR739XCG	BPNet	sequence motifs instances	bigBed	ChIP-seq	TCF12	GM12878	cell-line	cell-line	cell-line	none	none	passed
ENCFF733FCI	ENCFF733FCI	ENCSR000BGZ	ENCSR714UPI	BPNet	sequence motifs instances	bigBed	ChIP-seq	TCF12	GM12878	cell-line	cell-line	cell-line	none	none	passed
ENCFF361CKQ	ENCFF361CKQ	ENCSR000BUV	ENCSR829DZW	BPNet	sequence motifs instances	bigBed	ChIP-seq	TCF12	Ishikawa	cell-line	cell-line	cell-line	none	none	passed
ENCFF290CFH	ENCFF290CFH	ENCSR744WOO	ENCSR122AAT	BPNet	sequence motifs instances	bigBed	ChIP-seq	TCF12	K562	cell-line	cell-line	cell-line	none	none	passed
ENCFF393PWZ	ENCFF393PWZ	ENCSR189TRZ	ENCSR615MHS	BPNet	sequence motifs instances	bigBed	ChIP-seq	TCF12	K562	cell-line	cell-line	cell-line	none	none	passed
ENCFF914FVK	ENCFF914FVK	ENCSR000BSL	ENCSR715JCY	BPNet	sequence motifs instances	bigBed	ChIP-seq	TCF12	SK-N-SH	cell-line	cell-line	cell-line	none	none	passed
ENCFF700WHH	ENCFF700WHH	ENCSR000BQT	ENCSR326PIH	BPNet	sequence motifs instances	bigBed	ChIP-seq	TCF3	GM12878	cell-line	cell-line	cell-line	none	none	passed
ENCFF369PND	ENCFF369PND	ENCSR970OJY	ENCSR902ISQ	BPNet	sequence motifs instances	bigBed	ChIP-seq	TCF3	K562	cell-line	cell-line	cell-line	none	none	passed
ENCFF104GPF	ENCFF104GPF	ENCSR922RFY	ENCSR292VIZ	BPNet	sequence motifs instances	bigBed	ChIP-seq	TCF4	SK-N-SH	cell-line	cell-line	cell-line	none	none	passed
ENCFF516CSD	ENCFF516CSD	ENCSR501DKS	ENCSR292YQD	BPNet	sequence motifs instances	bigBed	ChIP-seq	TCF7	GM12878	cell-line	cell-line	cell-line	none	none	passed
ENCFF791RYW	ENCFF791RYW	ENCSR444LIN	ENCSR251GZI	BPNet	sequence motifs instances	bigBed	ChIP-seq	TCF7	HepG2	cell-line	cell-line	cell-line	none	none	passed
ENCFF542ZIV	ENCFF542ZIV	ENCSR863KUB	ENCSR123FJN	BPNet	sequence motifs instances	bigBed	ChIP-seq	TCF7	K562	cell-line	cell-line	cell-line	none	none	passed
ENCFF169LLN	ENCFF169LLN	ENCSR346BOD	ENCSR522OOX	BPNet	sequence motifs instances	bigBed	ChIP-seq	TCF7L2	HepG2	cell-line	cell-line	cell-line	none	none	passed
ENCFF990TLD	ENCFF990TLD	ENCSR000EVQ	ENCSR605YBA	BPNet	sequence motifs instances	bigBed	ChIP-seq	TCF7L2	HepG2	cell-line	cell-line	cell-line	none	none	passed
ENCFF427ABP	ENCFF427ABP	ENCSR497JLX	ENCSR472NZD	BPNet	sequence motifs instances	bigBed	ChIP-seq	TEAD1	HepG2	cell-line	cell-line	cell-line	none	none	passed
ENCFF265YVC	ENCFF265YVC	ENCSR228ELU	ENCSR675KBB	BPNet	sequence motifs instances	bigBed	ChIP-seq	TEAD1	K562	cell-line	cell-line	cell-line	none	none	passed
ENCFF291XID	ENCFF291XID	ENCSR591ASD	ENCSR945UJQ	BPNet	sequence motifs instances	bigBed	ChIP-seq	TEAD1	K562	cell-line	cell-line	cell-line	none	none	passed
ENCFF925NZI	ENCFF925NZI	ENCSR934WOF	ENCSR839ENT	BPNet	sequence motifs instances	bigBed	ChIP-seq	TEAD1	WTC11	cell-line	cell-line	cell-line	none	none	passed
ENCFF457FER	ENCFF457FER	ENCSR635GTR	ENCSR858BRS	BPNet	sequence motifs instances	bigBed	ChIP-seq	TEAD2	K562	cell-line	cell-line	cell-line	none	none	passed
ENCFF945CTC	ENCFF945CTC	ENCSR000BUD	ENCSR759JAZ	BPNet	sequence motifs instances	bigBed	ChIP-seq	TEAD4	A549	cell-line	cell-line	cell-line	none	none	passed
ENCFF449RHP	ENCFF449RHP	ENCSR000BRY	ENCSR057JRV	BPNet	sequence motifs instances	bigBed	ChIP-seq	TEAD4	H1	cell-line	cell-line	cell-line	none	none	passed
ENCFF610HQY	ENCFF610HQY	ENCSR000BVJ	ENCSR255BMC	BPNet	sequence motifs instances	bigBed	ChIP-seq	TEAD4	HCT116	cell-line	cell-line	cell-line	none	none	passed
ENCFF297XUU	ENCFF297XUU	ENCSR800JRG	ENCSR502ZZU	BPNet	sequence motifs instances	bigBed	ChIP-seq	TEAD4	HepG2	cell-line	cell-line	cell-line	none	none	passed
ENCFF739CST	ENCFF739CST	ENCSR000BRP	ENCSR543PPH	BPNet	sequence motifs instances	bigBed	ChIP-seq	TEAD4	HepG2	cell-line	cell-line	cell-line	none	none	passed
ENCFF462FPK	ENCFF462FPK	ENCSR000BSW	ENCSR719TPB	BPNet	sequence motifs instances	bigBed	ChIP-seq	TEAD4	Ishikawa	cell-line	cell-line	cell-line	none	none	passed
ENCFF163GRT	ENCFF163GRT	ENCSR817FMN	ENCSR541KST	BPNet	sequence motifs instances	bigBed	ChIP-seq	TEAD4	K562	cell-line	cell-line	cell-line	none	none	passed
ENCFF682XCI	ENCFF682XCI	ENCSR000BRK	ENCSR584QDL	BPNet	sequence motifs instances	bigBed	ChIP-seq	TEAD4	K562	cell-line	cell-line	cell-line	none	none	passed
ENCFF526KHW	ENCFF526KHW	ENCSR000BUO	ENCSR654ETW	BPNet	sequence motifs instances	bigBed	ChIP-seq	TEAD4	MCF-7	cell-line	cell-line	cell-line	none	none	passed
ENCFF996NNI	ENCFF996NNI	ENCSR000BUQ	ENCSR137PEF	BPNet	sequence motifs instances	bigBed	ChIP-seq	TEAD4	SK-N-SH	cell-line	cell-line	cell-line	none	none	passed
ENCFF173GRS	ENCFF173GRS	ENCSR285HHZ	ENCSR598CXV	BPNet	sequence motifs instances	bigBed	ChIP-seq	TEAD4	WTC11	cell-line	cell-line	cell-line	none	none	passed
ENCFF084UPU	ENCFF084UPU	ENCSR583KLD	ENCSR286SAG	BPNet	sequence motifs instances	bigBed	ChIP-seq	TEF	HepG2	cell-line	cell-line	cell-line	none	none	passed
ENCFF323WDI	ENCFF323WDI	ENCSR630GGD	ENCSR606WDD	BPNet	sequence motifs instances	bigBed	ChIP-seq	TFAP2B	SK-N-SH	cell-line	cell-line	cell-line	none	none	passed
ENCFF128BML	ENCFF128BML	ENCSR587BVQ	ENCSR832QSI	BPNet	sequence motifs instances	bigBed	ChIP-seq	TFAP4	HepG2	cell-line	cell-line	cell-line	none	none	passed
ENCFF510FPJ	ENCFF510FPJ	ENCSR103SZL	ENCSR050VWT	BPNet	sequence motifs instances	bigBed	ChIP-seq	TFAP4	HepG2	cell-line	cell-line	cell-line	none	none	passed
ENCFF062GMK	ENCFF062GMK	ENCSR784IMK	ENCSR468IYH	BPNet	sequence motifs instances	bigBed	ChIP-seq	TFAP4	K562	cell-line	cell-line	cell-line	none	none	passed
ENCFF226AYE	ENCFF226AYE	ENCSR998OMC	ENCSR119FPN	BPNet	sequence motifs instances	bigBed	ChIP-seq	TFCP2	K562	cell-line	cell-line	cell-line	none	none	passed
ENCFF842YZF	ENCFF842YZF	ENCSR558OMR	ENCSR843PGH	BPNet	sequence motifs instances	bigBed	ChIP-seq	TFDP1	HepG2	cell-line	cell-line	cell-line	none	none	passed
ENCFF310VIB	ENCFF310VIB	ENCSR901VIE	ENCSR881WQN	BPNet	sequence motifs instances	bigBed	ChIP-seq	TFDP1	K562	cell-line	cell-line	cell-line	none	none	passed
ENCFF873ECR	ENCFF873ECR	ENCSR017GBO	ENCSR510PVF	BPNet	sequence motifs instances	bigBed	ChIP-seq	TFDP1	K562	cell-line	cell-line	cell-line	none	none	passed
ENCFF837FYY	ENCFF837FYY	ENCSR589SNT	ENCSR969SPC	BPNet	sequence motifs instances	bigBed	ChIP-seq	TFE3	HepG2	cell-line	cell-line	cell-line	none	none	passed
ENCFF101GJX	ENCFF101GJX	ENCSR953KEY	ENCSR570QRK	BPNet	sequence motifs instances	bigBed	ChIP-seq	TFE3	K562	cell-line	cell-line	cell-line	none	none	passed
ENCFF423XYD	ENCFF423XYD	ENCSR993LMB	ENCSR943QHF	BPNet	sequence motifs instances	bigBed	ChIP-seq	TGIF2	HepG2	cell-line	cell-line	cell-line	none	none	passed
ENCFF021YZU	ENCFF021YZU	ENCSR910UQX	ENCSR196PHG	BPNet	sequence motifs instances	bigBed	ChIP-seq	TGIF2	WTC11	cell-line	cell-line	cell-line	none	none	passed
ENCFF324MUQ	ENCFF324MUQ	ENCSR000BNN	ENCSR817TLV	BPNet	sequence motifs instances	bigBed	ChIP-seq	THAP1	K562	cell-line	cell-line	cell-line	none	none	passed
ENCFF730ZVA	ENCFF730ZVA	ENCSR562POI	ENCSR016OLY	BPNet	sequence motifs instances	bigBed	ChIP-seq	THAP11	HepG2	cell-line	cell-line	cell-line	none	none	passed
ENCFF946WOA	ENCFF946WOA	ENCSR551QJT	ENCSR262IPW	BPNet	sequence motifs instances	bigBed	ChIP-seq	THRA	HepG2	cell-line	cell-line	cell-line	none	none	passed
ENCFF791VJO	ENCFF791VJO	ENCSR264CZJ	ENCSR668XFM	BPNet	sequence motifs instances	bigBed	ChIP-seq	THRA	K562	cell-line	cell-line	cell-line	none	none	passed
ENCFF296NOU	ENCFF296NOU	ENCSR430JGJ	ENCSR015WPR	BPNet	sequence motifs instances	bigBed	ChIP-seq	THRB	HepG2	cell-line	cell-line	cell-line	none	none	passed
ENCFF860WDD	ENCFF860WDD	ENCSR112XUO	ENCSR143XGL	BPNet	sequence motifs instances	bigBed	ChIP-seq	TP53	A549	cell-line	cell-line	cell-line	none	none	passed
ENCFF942MDW	ENCFF942MDW	ENCSR980EGJ	ENCSR636VPX	BPNet	sequence motifs instances	bigBed	ChIP-seq	TP53	HepG2	cell-line	cell-line	cell-line	none	none	passed
ENCFF621MPZ	ENCFF621MPZ	ENCSR760GZL	ENCSR435SAV	BPNet	sequence motifs instances	bigBed	ChIP-seq	TP53	WTC11	cell-line	cell-line	cell-line	none	none	passed
ENCFF213VGY	ENCFF213VGY	ENCSR282NLQ	ENCSR410KJV	BPNet	sequence motifs instances	bigBed	ChIP-seq	TSHZ2	SK-N-SH	cell-line	cell-line	cell-line	none	none	passed
ENCFF927OQP	ENCFF927OQP	ENCSR000BPV	ENCSR983UAU	BPNet	sequence motifs instances	bigBed	ChIP-seq	USF1	A549	cell-line	cell-line	cell-line	none	none	passed
ENCFF936XUP	ENCFF936XUP	ENCSR000BJB	ENCSR054RWA	BPNet	sequence motifs instances	bigBed	ChIP-seq	USF1	A549	cell-line	cell-line	cell-line	none	none	passed
ENCFF973CIP	ENCFF973CIP	ENCSR000BHX	ENCSR586UXJ	BPNet	sequence motifs instances	bigBed	ChIP-seq	USF1	A549	cell-line	cell-line	cell-line	none	none	passed
ENCFF517EEX	ENCFF517EEX	ENCSR000BGI	ENCSR511BKM	BPNet	sequence motifs instances	bigBed	ChIP-seq	USF1	GM12878	cell-line	cell-line	cell-line	none	none	passed
ENCFF702SGM	ENCFF702SGM	ENCSR000BIU	ENCSR516GXG	BPNet	sequence motifs instances	bigBed	ChIP-seq	USF1	H1	cell-line	cell-line	cell-line	none	none	passed
ENCFF054ZQK	ENCFF054ZQK	ENCSR000BVK	ENCSR462DYM	BPNet	sequence motifs instances	bigBed	ChIP-seq	USF1	HCT116	cell-line	cell-line	cell-line	none	none	passed
ENCFF022QGU	ENCFF022QGU	ENCSR000BGM	ENCSR830EXL	BPNet	sequence motifs instances	bigBed	ChIP-seq	USF1	HepG2	cell-line	cell-line	cell-line	none	none	passed
ENCFF743TUD	ENCFF743TUD	ENCSR099FCQ	ENCSR969UXT	BPNet	sequence motifs instances	bigBed	ChIP-seq	USF1	HepG2	cell-line	cell-line	cell-line	none	none	passed
ENCFF605XJP	ENCFF605XJP	ENCSR000BSX	ENCSR684JSF	BPNet	sequence motifs instances	bigBed	ChIP-seq	USF1	Ishikawa	cell-line	cell-line	cell-line	none	none	passed
ENCFF587JMN	ENCFF587JMN	ENCSR787CHF	ENCSR910XFU	BPNet	sequence motifs instances	bigBed	ChIP-seq	USF1	K562	cell-line	cell-line	cell-line	none	none	passed
ENCFF927NQN	ENCFF927NQN	ENCSR000BKT	ENCSR524FDF	BPNet	sequence motifs instances	bigBed	ChIP-seq	USF1	K562	cell-line	cell-line	cell-line	none	none	passed
ENCFF292QEM	ENCFF292QEM	ENCSR000BMF	ENCSR204CFN	BPNet	sequence motifs instances	bigBed	ChIP-seq	USF1	SK-N-SH	cell-line	cell-line	cell-line	none	none	passed
ENCFF582RXK	ENCFF582RXK	ENCSR000BTZ	ENCSR909XMT	BPNet	sequence motifs instances	bigBed	ChIP-seq	USF1	SK-N-SH	cell-line	cell-line	cell-line	none	none	passed
ENCFF354SHT	ENCFF354SHT	ENCSR248QBT	ENCSR373FAY	BPNet	sequence motifs instances	bigBed	ChIP-seq	USF1	WTC11	cell-line	cell-line	cell-line	none	none	passed
ENCFF320COX	ENCFF320COX	ENCSR563FBT	ENCSR476XIR	BPNet	sequence motifs instances	bigBed	ChIP-seq	USF2	A549	cell-line	cell-line	cell-line	none	none	passed
ENCFF637PZV	ENCFF637PZV	ENCSR000DZU	ENCSR355QCJ	BPNet	sequence motifs instances	bigBed	ChIP-seq	USF2	GM12878	cell-line	cell-line	cell-line	none	none	passed
ENCFF497TQU	ENCFF497TQU	ENCSR000ECD	ENCSR859LAQ	BPNet	sequence motifs instances	bigBed	ChIP-seq	USF2	H1	cell-line	cell-line	cell-line	none	none	passed
ENCFF058HVE	ENCFF058HVE	ENCSR000ECW	ENCSR577OOY	BPNet	sequence motifs instances	bigBed	ChIP-seq	USF2	HeLa-S3	cell-line	cell-line	cell-line	none	none	passed
ENCFF125CWL	ENCFF125CWL	ENCSR145QNL	ENCSR241GBH	BPNet	sequence motifs instances	bigBed	ChIP-seq	USF2	HepG2	cell-line	cell-line	cell-line	none	none	passed
ENCFF130JCH	ENCFF130JCH	ENCSR000EEF	ENCSR376OGT	BPNet	sequence motifs instances	bigBed	ChIP-seq	USF2	HepG2	cell-line	cell-line	cell-line	none	none	passed
ENCFF200TFD	ENCFF200TFD	ENCSR513UQG	ENCSR638GTJ	BPNet	sequence motifs instances	bigBed	ChIP-seq	USF2	IMR-90	cell-line	cell-line	cell-line	none	none	passed
ENCFF492TJU	ENCFF492TJU	ENCSR359NFW	ENCSR720OWM	BPNet	sequence motifs instances	bigBed	ChIP-seq	USF2	K562	cell-line	cell-line	cell-line	none	none	passed
ENCFF757WXT	ENCFF757WXT	ENCSR000EHG	ENCSR637VKB	BPNet	sequence motifs instances	bigBed	ChIP-seq	USF2	K562	cell-line	cell-line	cell-line	none	none	passed
ENCFF859IBC	ENCFF859IBC	ENCSR578KEN	ENCSR074MKL	BPNet	sequence motifs instances	bigBed	ChIP-seq	USF2	K562	cell-line	cell-line	cell-line	none	none	passed
ENCFF179VAB	ENCFF179VAB	ENCSR945NFL	ENCSR861TDJ	BPNet	sequence motifs instances	bigBed	ChIP-seq	USF2	SK-N-SH	cell-line	cell-line	cell-line	none	none	passed
ENCFF372PKW	ENCFF372PKW	ENCSR229QAN	ENCSR218ZQT	BPNet	sequence motifs instances	bigBed	ChIP-seq	USF2	WTC11	cell-line	cell-line	cell-line	none	none	passed
ENCFF071CNO	ENCFF071CNO	ENCSR189YMA	ENCSR970FXF	BPNet	sequence motifs instances	bigBed	ChIP-seq	VEZF1	K562	cell-line	cell-line	cell-line	none	none	passed
ENCFF025JYF	ENCFF025JYF	ENCSR966PJJ	ENCSR129GSW	BPNet	sequence motifs instances	bigBed	ChIP-seq	WT1	HEK293	cell-line	cell-line	cell-line	none	none	passed
ENCFF366SIX	ENCFF366SIX	ENCSR988EVQ	ENCSR431QUE	BPNet	sequence motifs instances	bigBed	ChIP-seq	XBP1	HepG2	cell-line	cell-line	cell-line	none	none	passed
ENCFF294PEO	ENCFF294PEO	ENCSR000BPM	ENCSR623ODG	BPNet	sequence motifs instances	bigBed	ChIP-seq	YY1	A549	cell-line	cell-line	cell-line	none	none	passed
ENCFF323DVL	ENCFF323DVL	ENCSR000EUM	ENCSR401RIZ	BPNet	sequence motifs instances	bigBed	ChIP-seq	YY1	GM12878	cell-line	cell-line	cell-line	none	none	passed
ENCFF587HPY	ENCFF587HPY	ENCSR000BNP	ENCSR466HDF	BPNet	sequence motifs instances	bigBed	ChIP-seq	YY1	GM12878	cell-line	cell-line	cell-line	none	none	passed
ENCFF420QAK	ENCFF420QAK	ENCSR000BKJ	ENCSR407QBH	BPNet	sequence motifs instances	bigBed	ChIP-seq	YY1	GM12891	cell-line	cell-line	cell-line	none	none	passed
ENCFF130BMS	ENCFF130BMS	ENCSR000BLT	ENCSR805DUE	BPNet	sequence motifs instances	bigBed	ChIP-seq	YY1	GM12892	cell-line	cell-line	cell-line	none	none	passed
ENCFF443JJI	ENCFF443JJI	ENCSR000BKD	ENCSR123TMK	BPNet	sequence motifs instances	bigBed	ChIP-seq	YY1	H1	cell-line	cell-line	cell-line	none	none	passed
ENCFF819YLT	ENCFF819YLT	ENCSR000BNX	ENCSR976XZG	BPNet	sequence motifs instances	bigBed	ChIP-seq	YY1	HCT116	cell-line	cell-line	cell-line	none	none	passed
ENCFF393RCF	ENCFF393RCF	ENCSR859RAO	ENCSR972DQJ	BPNet	sequence motifs instances	bigBed	ChIP-seq	YY1	HEK293	cell-line	cell-line	cell-line	none	none	passed
ENCFF772YHS	ENCFF772YHS	ENCSR000BNT	ENCSR715ALH	BPNet	sequence motifs instances	bigBed	ChIP-seq	YY1	HepG2	cell-line	cell-line	cell-line	none	none	passed
ENCFF511JZM	ENCFF511JZM	ENCSR000BSY	ENCSR809DOC	BPNet	sequence motifs instances	bigBed	ChIP-seq	YY1	Ishikawa	cell-line	cell-line	cell-line	none	none	passed
ENCFF167EYO	ENCFF167EYO	ENCSR000EWF	ENCSR911NSC	BPNet	sequence motifs instances	bigBed	ChIP-seq	YY1	K562	cell-line	cell-line	cell-line	none	none	passed
ENCFF576HWQ	ENCFF576HWQ	ENCSR000BMH	ENCSR763WTY	BPNet	sequence motifs instances	bigBed	ChIP-seq	YY1	K562	cell-line	cell-line	cell-line	none	none	passed
ENCFF986DSW	ENCFF986DSW	ENCSR000BKU	ENCSR141YSY	BPNet	sequence motifs instances	bigBed	ChIP-seq	YY1	K562	cell-line	cell-line	cell-line	none	none	passed
ENCFF704ICV	ENCFF704ICV	ENCSR000EXG	ENCSR918YXR	BPNet	sequence motifs instances	bigBed	ChIP-seq	YY1	NT2/D1	cell-line	cell-line	cell-line	none	none	passed
ENCFF493GJE	ENCFF493GJE	ENCSR000BLZ	ENCSR538CIU	BPNet	sequence motifs instances	bigBed	ChIP-seq	YY1	SK-N-SH	cell-line	cell-line	cell-line	none	none	passed
ENCFF913OBN	ENCFF913OBN	ENCSR000BSM	ENCSR098EIV	BPNet	sequence motifs instances	bigBed	ChIP-seq	YY1	SK-N-SH	cell-line	cell-line	cell-line	none	none	passed
ENCFF094DNZ	ENCFF094DNZ	ENCSR994YLZ	ENCSR998DCF	BPNet	sequence motifs instances	bigBed	ChIP-seq	YY1	liver	liver	liver	digestive-system	none	none	passed
ENCFF770MXU	ENCFF770MXU	ENCSR382MOM	ENCSR628OOA	BPNet	sequence motifs instances	bigBed	ChIP-seq	YY1	liver	liver	liver	digestive-system	none	none	passed
ENCFF664ZMJ	ENCFF664ZMJ	ENCSR692HSE	ENCSR313BRF	BPNet	sequence motifs instances	bigBed	ChIP-seq	YY2	HEK293	cell-line	cell-line	cell-line	none	none	passed
ENCFF050EUX	ENCFF050EUX	ENCSR207PFI	ENCSR975UIJ	BPNet	sequence motifs instances	bigBed	ChIP-seq	ZBED1	GM12878	cell-line	cell-line	cell-line	none	none	passed
ENCFF743KEP	ENCFF743KEP	ENCSR409PMR	ENCSR554MLU	BPNet	sequence motifs instances	bigBed	ChIP-seq	ZBED4	HepG2	cell-line	cell-line	cell-line	none	none	passed
ENCFF606TWH	ENCFF606TWH	ENCSR656SIB	ENCSR000RSV	BPNet	sequence motifs instances	bigBed	ChIP-seq	ZBED5	HepG2	cell-line	cell-line	cell-line	none	none	passed
ENCFF036FLP	ENCFF036FLP	ENCSR057DTZ	ENCSR549XOW	BPNet	sequence motifs instances	bigBed	ChIP-seq	ZBTB11	GM12878	cell-line	cell-line	cell-line	none	none	passed
ENCFF950FNE	ENCFF950FNE	ENCSR882ZTS	ENCSR475ZNU	BPNet	sequence motifs instances	bigBed	ChIP-seq	ZBTB11	HEK293	cell-line	cell-line	cell-line	none	none	passed
ENCFF192RUZ	ENCFF192RUZ	ENCSR331GDC	ENCSR135ESM	BPNet	sequence motifs instances	bigBed	ChIP-seq	ZBTB11	K562	cell-line	cell-line	cell-line	none	none	passed
ENCFF460INA	ENCFF460INA	ENCSR706BJO	ENCSR873OML	BPNet	sequence motifs instances	bigBed	ChIP-seq	ZBTB11	K562	cell-line	cell-line	cell-line	none	none	passed
ENCFF578BYQ	ENCFF578BYQ	ENCSR985OYK	ENCSR327WKX	BPNet	sequence motifs instances	bigBed	ChIP-seq	ZBTB11	K562	cell-line	cell-line	cell-line	none	none	passed
ENCFF162AGO	ENCFF162AGO	ENCSR155VDK	ENCSR336QZC	BPNet	sequence motifs instances	bigBed	ChIP-seq	ZBTB11	MCF-7	cell-line	cell-line	cell-line	none	none	passed
ENCFF892DMZ	ENCFF892DMZ	ENCSR543KOA	ENCSR598KIL	BPNet	sequence motifs instances	bigBed	ChIP-seq	ZBTB12	HEK293	cell-line	cell-line	cell-line	none	none	passed
ENCFF910QBX	ENCFF910QBX	ENCSR532WFC	ENCSR818NPV	BPNet	sequence motifs instances	bigBed	ChIP-seq	ZBTB14	HepG2	cell-line	cell-line	cell-line	none	none	passed
ENCFF620IYL	ENCFF620IYL	ENCSR631WAA	ENCSR667GBL	BPNet	sequence motifs instances	bigBed	ChIP-seq	ZBTB17	HEK293	cell-line	cell-line	cell-line	none	none	passed
ENCFF348SFD	ENCFF348SFD	ENCSR175MIA	ENCSR356QWJ	BPNet	sequence motifs instances	bigBed	ChIP-seq	ZBTB2	HepG2	cell-line	cell-line	cell-line	none	none	passed
ENCFF108GUG	ENCFF108GUG	ENCSR321MSF	ENCSR374BHO	BPNet	sequence motifs instances	bigBed	ChIP-seq	ZBTB21	HEK293	cell-line	cell-line	cell-line	none	none	passed
ENCFF035GYF	ENCFF035GYF	ENCSR549PAU	ENCSR546ZRV	BPNet	sequence motifs instances	bigBed	ChIP-seq	ZBTB21	HepG2	cell-line	cell-line	cell-line	none	none	passed
ENCFF318WQY	ENCFF318WQY	ENCSR962BEI	ENCSR118JRA	BPNet	sequence motifs instances	bigBed	ChIP-seq	ZBTB21	WTC11	cell-line	cell-line	cell-line	none	none	passed
ENCFF324HIO	ENCFF324HIO	ENCSR184SVO	ENCSR326ECX	BPNet	sequence motifs instances	bigBed	ChIP-seq	ZBTB26	HepG2	cell-line	cell-line	cell-line	none	none	passed
ENCFF785KKM	ENCFF785KKM	ENCSR000BPZ	ENCSR783JAW	BPNet	sequence motifs instances	bigBed	ChIP-seq	ZBTB33	A549	cell-line	cell-line	cell-line	none	none	passed
ENCFF687KAG	ENCFF687KAG	ENCSR000BHC	ENCSR996JFB	BPNet	sequence motifs instances	bigBed	ChIP-seq	ZBTB33	GM12878	cell-line	cell-line	cell-line	none	none	passed
ENCFF993WTJ	ENCFF993WTJ	ENCSR000BNY	ENCSR232OWT	BPNet	sequence motifs instances	bigBed	ChIP-seq	ZBTB33	HCT116	cell-line	cell-line	cell-line	none	none	passed
ENCFF770EUR	ENCFF770EUR	ENCSR000BNA	ENCSR045NYB	BPNet	sequence motifs instances	bigBed	ChIP-seq	ZBTB33	HepG2	cell-line	cell-line	cell-line	none	none	passed
ENCFF860BUH	ENCFF860BUH	ENCSR000BHR	ENCSR936MXU	BPNet	sequence motifs instances	bigBed	ChIP-seq	ZBTB33	HepG2	cell-line	cell-line	cell-line	none	none	passed
ENCFF609HVB	ENCFF609HVB	ENCSR000BKF	ENCSR933IYO	BPNet	sequence motifs instances	bigBed	ChIP-seq	ZBTB33	K562	cell-line	cell-line	cell-line	none	none	passed
ENCFF115DWG	ENCFF115DWG	ENCSR000BTS	ENCSR546ZGT	BPNet	sequence motifs instances	bigBed	ChIP-seq	ZBTB33	SK-N-SH	cell-line	cell-line	cell-line	none	none	passed
ENCFF627PQV	ENCFF627PQV	ENCSR943MQH	ENCSR575OXS	BPNet	sequence motifs instances	bigBed	ChIP-seq	ZBTB33	WTC11	cell-line	cell-line	cell-line	none	none	passed
ENCFF169DGI	ENCFF169DGI	ENCSR345YWJ	ENCSR900SAH	BPNet	sequence motifs instances	bigBed	ChIP-seq	ZBTB33	liver	liver	liver	digestive-system	none	none	passed
ENCFF386LIN	ENCFF386LIN	ENCSR516HUP	ENCSR700BQI	BPNet	sequence motifs instances	bigBed	ChIP-seq	ZBTB33	liver	liver	liver	digestive-system	none	none	passed
ENCFF810OHT	ENCFF810OHT	ENCSR775YXE	ENCSR002PIA	BPNet	sequence motifs instances	bigBed	ChIP-seq	ZBTB37	HepG2	cell-line	cell-line	cell-line	none	none	passed
ENCFF120WCB	ENCFF120WCB	ENCSR189YYK	ENCSR823DBW	BPNet	sequence motifs instances	bigBed	ChIP-seq	ZBTB40	GM12878	cell-line	cell-line	cell-line	none	none	passed
ENCFF068AWW	ENCFF068AWW	ENCSR200AWS	ENCSR351SGY	BPNet	sequence motifs instances	bigBed	ChIP-seq	ZBTB40	HepG2	cell-line	cell-line	cell-line	none	none	passed
ENCFF474VFR	ENCFF474VFR	ENCSR525YFS	ENCSR668FSC	BPNet	sequence motifs instances	bigBed	ChIP-seq	ZBTB40	HepG2	cell-line	cell-line	cell-line	none	none	passed
ENCFF219LNB	ENCFF219LNB	ENCSR237VLT	ENCSR087JVK	BPNet	sequence motifs instances	bigBed	ChIP-seq	ZBTB40	K562	cell-line	cell-line	cell-line	none	none	passed
ENCFF757MNX	ENCFF757MNX	ENCSR579YNY	ENCSR629SAH	BPNet	sequence motifs instances	bigBed	ChIP-seq	ZBTB40	K562	cell-line	cell-line	cell-line	none	none	passed
ENCFF981EXS	ENCFF981EXS	ENCSR158RYZ	ENCSR512YWH	BPNet	sequence motifs instances	bigBed	ChIP-seq	ZBTB40	K562	cell-line	cell-line	cell-line	none	none	passed
ENCFF986BAQ	ENCFF986BAQ	ENCSR318LVG	ENCSR580KUK	BPNet	sequence motifs instances	bigBed	ChIP-seq	ZBTB40	MCF-7	cell-line	cell-line	cell-line	none	none	passed
ENCFF005PIP	ENCFF005PIP	ENCSR232AAR	ENCSR701JFB	BPNet	sequence motifs instances	bigBed	ChIP-seq	ZBTB42	HepG2	cell-line	cell-line	cell-line	none	none	passed
ENCFF175CHJ	ENCFF175CHJ	ENCSR076STQ	ENCSR015WPQ	BPNet	sequence motifs instances	bigBed	ChIP-seq	ZBTB44	HEK293	cell-line	cell-line	cell-line	none	none	passed
ENCFF257DAY	ENCFF257DAY	ENCSR781EQJ	ENCSR798RSV	BPNet	sequence motifs instances	bigBed	ChIP-seq	ZBTB48	HEK293	cell-line	cell-line	cell-line	none	none	passed
ENCFF075KLH	ENCFF075KLH	ENCSR389PWB	ENCSR473KQM	BPNet	sequence motifs instances	bigBed	ChIP-seq	ZBTB5	K562	cell-line	cell-line	cell-line	none	none	passed
ENCFF642OYT	ENCFF642OYT	ENCSR786OQY	ENCSR012UFW	BPNet	sequence motifs instances	bigBed	ChIP-seq	ZBTB5	K562	cell-line	cell-line	cell-line	none	none	passed
ENCFF221SDC	ENCFF221SDC	ENCSR619OUC	ENCSR309MGH	BPNet	sequence motifs instances	bigBed	ChIP-seq	ZBTB6	HEK293	cell-line	cell-line	cell-line	none	none	passed
ENCFF613CGA	ENCFF613CGA	ENCSR481FEC	ENCSR761KMA	BPNet	sequence motifs instances	bigBed	ChIP-seq	ZBTB8A	HEK293	cell-line	cell-line	cell-line	none	none	passed
ENCFF028RYP	ENCFF028RYP	ENCSR625XAV	ENCSR893JLL	BPNet	sequence motifs instances	bigBed	ChIP-seq	ZBTB8A	HepG2	cell-line	cell-line	cell-line	none	none	passed
ENCFF848QGB	ENCFF848QGB	ENCSR000BND	ENCSR759DXD	BPNet	sequence motifs instances	bigBed	ChIP-seq	ZEB1	GM12878	cell-line	cell-line	cell-line	none	none	passed
ENCFF748YSM	ENCFF748YSM	ENCSR909HMT	ENCSR424NLV	BPNet	sequence motifs instances	bigBed	ChIP-seq	ZEB1	HEK293	cell-line	cell-line	cell-line	none	none	passed
ENCFF591YVB	ENCFF591YVB	ENCSR000BVN	ENCSR864UBB	BPNet	sequence motifs instances	bigBed	ChIP-seq	ZEB1	HepG2	cell-line	cell-line	cell-line	none	none	passed
ENCFF138EYB	ENCFF138EYB	ENCSR418KUS	ENCSR167ATD	BPNet	sequence motifs instances	bigBed	ChIP-seq	ZEB1	bipolar-neuron	neuron	nerve	central-nervous-system	none	none	passed
ENCFF122ZAB	ENCFF122ZAB	ENCSR417VWF	ENCSR320EEO	BPNet	sequence motifs instances	bigBed	ChIP-seq	ZEB2	HEK293	cell-line	cell-line	cell-line	none	none	passed
ENCFF063IGN	ENCFF063IGN	ENCSR322CFO	ENCSR981GUY	BPNet	sequence motifs instances	bigBed	ChIP-seq	ZEB2	K562	cell-line	cell-line	cell-line	none	none	passed
ENCFF867BSV	ENCFF867BSV	ENCSR004GKA	ENCSR131HUW	BPNet	sequence motifs instances	bigBed	ChIP-seq	ZEB2	K562	cell-line	cell-line	cell-line	none	none	passed
ENCFF688KIY	ENCFF688KIY	ENCSR409DYM	ENCSR616OXL	BPNet	sequence motifs instances	bigBed	ChIP-seq	ZFAT	HepG2	cell-line	cell-line	cell-line	none	none	passed
ENCFF655BRO	ENCFF655BRO	ENCSR879RGN	ENCSR339CDB	BPNet	sequence motifs instances	bigBed	ChIP-seq	ZFHX3	HepG2	cell-line	cell-line	cell-line	none	none	passed
ENCFF369ROO	ENCFF369ROO	ENCSR586DEH	ENCSR556WFV	BPNet	sequence motifs instances	bigBed	ChIP-seq	ZFP1	HepG2	cell-line	cell-line	cell-line	none	none	passed
ENCFF551JFQ	ENCFF551JFQ	ENCSR134QIE	ENCSR097ZPZ	BPNet	sequence motifs instances	bigBed	ChIP-seq	ZFP3	HEK293	cell-line	cell-line	cell-line	none	none	passed
ENCFF230FFN	ENCFF230FFN	ENCSR581GUY	ENCSR333QKK	BPNet	sequence motifs instances	bigBed	ChIP-seq	ZFP3	SK-N-SH	cell-line	cell-line	cell-line	none	none	passed
ENCFF752WBI	ENCFF752WBI	ENCSR365GRX	ENCSR068EXE	BPNet	sequence motifs instances	bigBed	ChIP-seq	ZFP37	HEK293	cell-line	cell-line	cell-line	none	none	passed
ENCFF851OPI	ENCFF851OPI	ENCSR678KUJ	ENCSR551SZJ	BPNet	sequence motifs instances	bigBed	ChIP-seq	ZFP91	HepG2	cell-line	cell-line	cell-line	none	none	passed
ENCFF419TTN	ENCFF419TTN	ENCSR898XMH	ENCSR673ZFH	BPNet	sequence motifs instances	bigBed	ChIP-seq	ZFP91	K562	cell-line	cell-line	cell-line	none	none	passed
ENCFF549CON	ENCFF549CON	ENCSR201DCF	ENCSR493AYF	BPNet	sequence motifs instances	bigBed	ChIP-seq	ZFP91	K562	cell-line	cell-line	cell-line	none	none	passed
ENCFF493HSC	ENCFF493HSC	ENCSR949OEV	ENCSR132EJY	BPNet	sequence motifs instances	bigBed	ChIP-seq	ZFY	HepG2	cell-line	cell-line	cell-line	none	none	passed
ENCFF092LCH	ENCFF092LCH	ENCSR887MXT	ENCSR813OAN	BPNet	sequence motifs instances	bigBed	ChIP-seq	ZHX1	HeLa-S3	cell-line	cell-line	cell-line	none	none	passed
ENCFF133ZJV	ENCFF133ZJV	ENCSR978DQT	ENCSR930QQH	BPNet	sequence motifs instances	bigBed	ChIP-seq	ZHX1	HepG2	cell-line	cell-line	cell-line	none	none	passed
ENCFF532KCH	ENCFF532KCH	ENCSR401VBM	ENCSR785ULR	BPNet	sequence motifs instances	bigBed	ChIP-seq	ZHX2	HepG2	cell-line	cell-line	cell-line	none	none	passed
ENCFF614DGQ	ENCFF614DGQ	ENCSR728MWW	ENCSR084MUM	BPNet	sequence motifs instances	bigBed	ChIP-seq	ZIC2	HEK293	cell-line	cell-line	cell-line	none	none	passed
ENCFF512WPX	ENCFF512WPX	ENCSR000ECJ	ENCSR467JKG	BPNet	sequence motifs instances	bigBed	ChIP-seq	ZKSCAN1	HeLa-S3	cell-line	cell-line	cell-line	none	none	passed
ENCFF919HRH	ENCFF919HRH	ENCSR882ERE	ENCSR392WCU	BPNet	sequence motifs instances	bigBed	ChIP-seq	ZKSCAN1	K562	cell-line	cell-line	cell-line	none	none	passed
ENCFF321IQH	ENCFF321IQH	ENCSR449UFF	ENCSR836IBM	BPNet	sequence motifs instances	bigBed	ChIP-seq	ZKSCAN1	MCF-7	cell-line	cell-line	cell-line	none	none	passed
ENCFF574TJJ	ENCFF574TJJ	ENCSR159BTO	ENCSR899YIJ	BPNet	sequence motifs instances	bigBed	ChIP-seq	ZKSCAN5	HepG2	cell-line	cell-line	cell-line	none	none	passed
ENCFF592OTG	ENCFF592OTG	ENCSR808FFI	ENCSR318CNS	BPNet	sequence motifs instances	bigBed	ChIP-seq	ZKSCAN8	HepG2	cell-line	cell-line	cell-line	none	none	passed
ENCFF654WLH	ENCFF654WLH	ENCSR448UKK	ENCSR648SBK	BPNet	sequence motifs instances	bigBed	ChIP-seq	ZKSCAN8	K562	cell-line	cell-line	cell-line	none	none	passed
ENCFF343PGX	ENCFF343PGX	ENCSR751PNN	ENCSR680TYT	BPNet	sequence motifs instances	bigBed	ChIP-seq	ZNF112	HEK293	cell-line	cell-line	cell-line	none	none	passed
ENCFF509FVW	ENCFF509FVW	ENCSR711KBM	ENCSR835UBF	BPNet	sequence motifs instances	bigBed	ChIP-seq	ZNF12	HepG2	cell-line	cell-line	cell-line	none	none	passed
ENCFF161BFX	ENCFF161BFX	ENCSR041YBR	ENCSR035AXW	BPNet	sequence motifs instances	bigBed	ChIP-seq	ZNF12	K562	cell-line	cell-line	cell-line	none	none	passed
ENCFF394MRU	ENCFF394MRU	ENCSR224QDY	ENCSR370XXE	BPNet	sequence motifs instances	bigBed	ChIP-seq	ZNF121	HEK293	cell-line	cell-line	cell-line	none	none	passed
ENCFF367MKC	ENCFF367MKC	ENCSR945QEW	ENCSR279WZH	BPNet	sequence motifs instances	bigBed	ChIP-seq	ZNF121	HepG2	cell-line	cell-line	cell-line	none	none	passed
ENCFF286MUM	ENCFF286MUM	ENCSR799URB	ENCSR391MTA	BPNet	sequence motifs instances	bigBed	ChIP-seq	ZNF121	K562	cell-line	cell-line	cell-line	none	none	passed
ENCFF230HBS	ENCFF230HBS	ENCSR283MWQ	ENCSR039OVW	BPNet	sequence motifs instances	bigBed	ChIP-seq	ZNF133	HEK293	cell-line	cell-line	cell-line	none	none	passed
ENCFF710ZCB	ENCFF710ZCB	ENCSR553NTC	ENCSR725JVK	BPNet	sequence motifs instances	bigBed	ChIP-seq	ZNF134	K562	cell-line	cell-line	cell-line	none	none	passed
ENCFF100HNS	ENCFF100HNS	ENCSR464KFG	ENCSR374NAK	BPNet	sequence motifs instances	bigBed	ChIP-seq	ZNF140	HEK293	cell-line	cell-line	cell-line	none	none	passed
ENCFF431LEC	ENCFF431LEC	ENCSR512ECF	ENCSR101IBF	BPNet	sequence motifs instances	bigBed	ChIP-seq	ZNF142	HepG2	cell-line	cell-line	cell-line	none	none	passed
ENCFF063VET	ENCFF063VET	ENCSR080UEM	ENCSR622AVH	BPNet	sequence motifs instances	bigBed	ChIP-seq	ZNF143	HepG2	cell-line	cell-line	cell-line	none	none	passed
ENCFF589BVE	ENCFF589BVE	ENCSR427WZJ	ENCSR694XKS	BPNet	sequence motifs instances	bigBed	ChIP-seq	ZNF143	K562	cell-line	cell-line	cell-line	none	none	passed
ENCFF942LRE	ENCFF942LRE	ENCSR063FUV	ENCSR643MAZ	BPNet	sequence motifs instances	bigBed	ChIP-seq	ZNF143	WTC11	cell-line	cell-line	cell-line	none	none	passed
ENCFF132SKM	ENCFF132SKM	ENCSR689YFA	ENCSR026AKK	BPNet	sequence motifs instances	bigBed	ChIP-seq	ZNF146	HEK293	cell-line	cell-line	cell-line	none	none	passed
ENCFF092NVA	ENCFF092NVA	ENCSR957LTN	ENCSR960XYX	BPNet	sequence motifs instances	bigBed	ChIP-seq	ZNF146	HepG2	cell-line	cell-line	cell-line	none	none	passed
ENCFF067ETO	ENCFF067ETO	ENCSR713IFY	ENCSR132QOJ	BPNet	sequence motifs instances	bigBed	ChIP-seq	ZNF146	K562	cell-line	cell-line	cell-line	none	none	passed
ENCFF577IHU	ENCFF577IHU	ENCSR018MSO	ENCSR954JSO	BPNet	sequence motifs instances	bigBed	ChIP-seq	ZNF148	K562	cell-line	cell-line	cell-line	none	none	passed
ENCFF303QHH	ENCFF303QHH	ENCSR564YYW	ENCSR213DSH	BPNet	sequence motifs instances	bigBed	ChIP-seq	ZNF157	HEK293	cell-line	cell-line	cell-line	none	none	passed
ENCFF111NBO	ENCFF111NBO	ENCSR093HXE	ENCSR101YMY	BPNet	sequence motifs instances	bigBed	ChIP-seq	ZNF16	HEK293	cell-line	cell-line	cell-line	none	none	passed
ENCFF680GWU	ENCFF680GWU	ENCSR011PEI	ENCSR983EKD	BPNet	sequence motifs instances	bigBed	ChIP-seq	ZNF175	K562	cell-line	cell-line	cell-line	none	none	passed
ENCFF006LOT	ENCFF006LOT	ENCSR977HTH	ENCSR114LPS	BPNet	sequence motifs instances	bigBed	ChIP-seq	ZNF18	HEK293	cell-line	cell-line	cell-line	none	none	passed
ENCFF866BUW	ENCFF866BUW	ENCSR553ZJQ	ENCSR672NTT	BPNet	sequence motifs instances	bigBed	ChIP-seq	ZNF18	HepG2	cell-line	cell-line	cell-line	none	none	passed
ENCFF577IDK	ENCFF577IDK	ENCSR020UPN	ENCSR263RCM	BPNet	sequence motifs instances	bigBed	ChIP-seq	ZNF184	HEK293	cell-line	cell-line	cell-line	none	none	passed
ENCFF221LOP	ENCFF221LOP	ENCSR621ATC	ENCSR229FNP	BPNet	sequence motifs instances	bigBed	ChIP-seq	ZNF184	K562	cell-line	cell-line	cell-line	none	none	passed
ENCFF475FSO	ENCFF475FSO	ENCSR546IHU	ENCSR869HTL	BPNet	sequence motifs instances	bigBed	ChIP-seq	ZNF184	K562	cell-line	cell-line	cell-line	none	none	passed
ENCFF877QNY	ENCFF877QNY	ENCSR526HRN	ENCSR322UJZ	BPNet	sequence motifs instances	bigBed	ChIP-seq	ZNF184	K562	cell-line	cell-line	cell-line	none	none	passed
ENCFF901CBU	ENCFF901CBU	ENCSR640STN	ENCSR901OTZ	BPNet	sequence motifs instances	bigBed	ChIP-seq	ZNF184	WTC11	cell-line	cell-line	cell-line	none	none	passed
ENCFF431KLZ	ENCFF431KLZ	ENCSR163RYW	ENCSR177YND	BPNet	sequence motifs instances	bigBed	ChIP-seq	ZNF189	HEK293	cell-line	cell-line	cell-line	none	none	passed
ENCFF554QKR	ENCFF554QKR	ENCSR720PDY	ENCSR794XBB	BPNet	sequence motifs instances	bigBed	ChIP-seq	ZNF20	HepG2	cell-line	cell-line	cell-line	none	none	passed
ENCFF956PXU	ENCFF956PXU	ENCSR157CEN	ENCSR574PLQ	BPNet	sequence motifs instances	bigBed	ChIP-seq	ZNF205	HepG2	cell-line	cell-line	cell-line	none	none	passed
ENCFF449ITI	ENCFF449ITI	ENCSR365DQH	ENCSR520DWU	BPNet	sequence motifs instances	bigBed	ChIP-seq	ZNF211	HEK293	cell-line	cell-line	cell-line	none	none	passed
ENCFF150JFT	ENCFF150JFT	ENCSR993DED	ENCSR054SSY	BPNet	sequence motifs instances	bigBed	ChIP-seq	ZNF214	HEK293	cell-line	cell-line	cell-line	none	none	passed
ENCFF488GUF	ENCFF488GUF	ENCSR906PCS	ENCSR464VPP	BPNet	sequence motifs instances	bigBed	ChIP-seq	ZNF223	HEK293	cell-line	cell-line	cell-line	none	none	passed
ENCFF455VZQ	ENCFF455VZQ	ENCSR679KXF	ENCSR340HRP	BPNet	sequence motifs instances	bigBed	ChIP-seq	ZNF23	HEK293	cell-line	cell-line	cell-line	none	none	passed
ENCFF326IYX	ENCFF326IYX	ENCSR837GLU	ENCSR348QIE	BPNet	sequence motifs instances	bigBed	ChIP-seq	ZNF232	HepG2	cell-line	cell-line	cell-line	none	none	passed
ENCFF609RBW	ENCFF609RBW	ENCSR360ECJ	ENCSR185CCX	BPNet	sequence motifs instances	bigBed	ChIP-seq	ZNF232	K562	cell-line	cell-line	cell-line	none	none	passed
ENCFF046QSR	ENCFF046QSR	ENCSR440COG	ENCSR233CVW	BPNet	sequence motifs instances	bigBed	ChIP-seq	ZNF239	HEK293	cell-line	cell-line	cell-line	none	none	passed
ENCFF767HWT	ENCFF767HWT	ENCSR606KTL	ENCSR955PBS	BPNet	sequence motifs instances	bigBed	ChIP-seq	ZNF239	K562	cell-line	cell-line	cell-line	none	none	passed
ENCFF750CSG	ENCFF750CSG	ENCSR072PWP	ENCSR696HRR	BPNet	sequence motifs instances	bigBed	ChIP-seq	ZNF24	GM12878	cell-line	cell-line	cell-line	none	none	passed
ENCFF961QSP	ENCFF961QSP	ENCSR984MDV	ENCSR012PCW	BPNet	sequence motifs instances	bigBed	ChIP-seq	ZNF24	HEK293	cell-line	cell-line	cell-line	none	none	passed
ENCFF861ZYL	ENCFF861ZYL	ENCSR791AGT	ENCSR109TRH	BPNet	sequence motifs instances	bigBed	ChIP-seq	ZNF24	HepG2	cell-line	cell-line	cell-line	none	none	passed
ENCFF916RHQ	ENCFF916RHQ	ENCSR362NWP	ENCSR179TNV	BPNet	sequence motifs instances	bigBed	ChIP-seq	ZNF24	HepG2	cell-line	cell-line	cell-line	none	none	passed
ENCFF112OUY	ENCFF112OUY	ENCSR117WTM	ENCSR536QWE	BPNet	sequence motifs instances	bigBed	ChIP-seq	ZNF24	K562	cell-line	cell-line	cell-line	none	none	passed
ENCFF210ABW	ENCFF210ABW	ENCSR695EQB	ENCSR606DQT	BPNet	sequence motifs instances	bigBed	ChIP-seq	ZNF24	K562	cell-line	cell-line	cell-line	none	none	passed
ENCFF394AUI	ENCFF394AUI	ENCSR099NCH	ENCSR622JDV	BPNet	sequence motifs instances	bigBed	ChIP-seq	ZNF24	K562	cell-line	cell-line	cell-line	none	none	passed
ENCFF728HUS	ENCFF728HUS	ENCSR385AHH	ENCSR803RKQ	BPNet	sequence motifs instances	bigBed	ChIP-seq	ZNF24	K562	cell-line	cell-line	cell-line	none	none	passed
ENCFF541JOK	ENCFF541JOK	ENCSR503VTG	ENCSR910FKH	BPNet	sequence motifs instances	bigBed	ChIP-seq	ZNF24	MCF-7	cell-line	cell-line	cell-line	none	none	passed
ENCFF161YRH	ENCFF161YRH	ENCSR338SEM	ENCSR594BQE	BPNet	sequence motifs instances	bigBed	ChIP-seq	ZNF248	HEK293	cell-line	cell-line	cell-line	none	none	passed
ENCFF076OPO	ENCFF076OPO	ENCSR028EGI	ENCSR065HJU	BPNet	sequence motifs instances	bigBed	ChIP-seq	ZNF26	HEK293	cell-line	cell-line	cell-line	none	none	passed
ENCFF820HEA	ENCFF820HEA	ENCSR000EVD	ENCSR143IUV	BPNet	sequence motifs instances	bigBed	ChIP-seq	ZNF263	HEK293	cell-line	cell-line	cell-line	none	none	passed
ENCFF510PGI	ENCFF510PGI	ENCSR313MMD	ENCSR197RBG	BPNet	sequence motifs instances	bigBed	ChIP-seq	ZNF263	HepG2	cell-line	cell-line	cell-line	none	none	passed
ENCFF532JAV	ENCFF532JAV	ENCSR845GGY	ENCSR749YHO	BPNet	sequence motifs instances	bigBed	ChIP-seq	ZNF263	K562	cell-line	cell-line	cell-line	none	none	passed
ENCFF657VYR	ENCFF657VYR	ENCSR000EWN	ENCSR229HUB	BPNet	sequence motifs instances	bigBed	ChIP-seq	ZNF263	K562	cell-line	cell-line	cell-line	none	none	passed
ENCFF293OQO	ENCFF293OQO	ENCSR156JWW	ENCSR162AVH	BPNet	sequence motifs instances	bigBed	ChIP-seq	ZNF263	WTC11	cell-line	cell-line	cell-line	none	none	passed
ENCFF487ZRB	ENCFF487ZRB	ENCSR248BVU	ENCSR020DMV	BPNet	sequence motifs instances	bigBed	ChIP-seq	ZNF264	HepG2	cell-line	cell-line	cell-line	none	none	passed
ENCFF124BXF	ENCFF124BXF	ENCSR466VYP	ENCSR521XAG	BPNet	sequence motifs instances	bigBed	ChIP-seq	ZNF266	HEK293	cell-line	cell-line	cell-line	none	none	passed
ENCFF334PYO	ENCFF334PYO	ENCSR000EUI	ENCSR982WSU	BPNet	sequence motifs instances	bigBed	ChIP-seq	ZNF274	GM08714	cell-line	cell-line	cell-line	none	none	passed
ENCFF182FBV	ENCFF182FBV	ENCSR000EUN	ENCSR912JCS	BPNet	sequence motifs instances	bigBed	ChIP-seq	ZNF274	H1	cell-line	cell-line	cell-line	none	none	passed
ENCFF135PJS	ENCFF135PJS	ENCSR101FJM	ENCSR079PXR	BPNet	sequence motifs instances	bigBed	ChIP-seq	ZNF274	HCT116	cell-line	cell-line	cell-line	none	none	passed
ENCFF055UNX	ENCFF055UNX	ENCSR178QVJ	ENCSR804PIO	BPNet	sequence motifs instances	bigBed	ChIP-seq	ZNF274	HEK293	cell-line	cell-line	cell-line	none	none	passed
ENCFF100UVW	ENCFF100UVW	ENCSR000EVX	ENCSR253FIG	BPNet	sequence motifs instances	bigBed	ChIP-seq	ZNF274	K562	cell-line	cell-line	cell-line	none	none	passed
ENCFF502RIF	ENCFF502RIF	ENCSR000EWY	ENCSR821NQF	BPNet	sequence motifs instances	bigBed	ChIP-seq	ZNF274	NT2/D1	cell-line	cell-line	cell-line	none	none	passed
ENCFF936PAH	ENCFF936PAH	ENCSR403MJY	ENCSR712WOB	BPNet	sequence motifs instances	bigBed	ChIP-seq	ZNF281	HepG2	cell-line	cell-line	cell-line	none	none	passed
ENCFF906UOQ	ENCFF906UOQ	ENCSR214EKV	ENCSR537AXI	BPNet	sequence motifs instances	bigBed	ChIP-seq	ZNF281	K562	cell-line	cell-line	cell-line	none	none	passed
ENCFF669TCY	ENCFF669TCY	ENCSR032DGZ	ENCSR699TVO	BPNet	sequence motifs instances	bigBed	ChIP-seq	ZNF281	WTC11	cell-line	cell-line	cell-line	none	none	passed
ENCFF557JKI	ENCFF557JKI	ENCSR742TMU	ENCSR610PAH	BPNet	sequence motifs instances	bigBed	ChIP-seq	ZNF282	K562	cell-line	cell-line	cell-line	none	none	passed
ENCFF300BNJ	ENCFF300BNJ	ENCSR853BYT	ENCSR582TRX	BPNet	sequence motifs instances	bigBed	ChIP-seq	ZNF292	HepG2	cell-line	cell-line	cell-line	none	none	passed
ENCFF169WQM	ENCFF169WQM	ENCSR862LJQ	ENCSR406XKS	BPNet	sequence motifs instances	bigBed	ChIP-seq	ZNF296	HepG2	cell-line	cell-line	cell-line	none	none	passed
ENCFF167MTJ	ENCFF167MTJ	ENCSR195QFV	ENCSR943BMU	BPNet	sequence motifs instances	bigBed	ChIP-seq	ZNF3	K562	cell-line	cell-line	cell-line	none	none	passed
ENCFF454JBO	ENCFF454JBO	ENCSR934RJP	ENCSR155QUT	BPNet	sequence motifs instances	bigBed	ChIP-seq	ZNF3	K562	cell-line	cell-line	cell-line	none	none	passed
ENCFF578LMC	ENCFF578LMC	ENCSR513MGG	ENCSR967FUB	BPNet	sequence motifs instances	bigBed	ChIP-seq	ZNF302	HEK293	cell-line	cell-line	cell-line	none	none	passed
ENCFF295UZJ	ENCFF295UZJ	ENCSR167KBO	ENCSR989MRU	BPNet	sequence motifs instances	bigBed	ChIP-seq	ZNF316	K562	cell-line	cell-line	cell-line	none	none	passed
ENCFF882VCA	ENCFF882VCA	ENCSR200JYP	ENCSR182LDE	BPNet	sequence motifs instances	bigBed	ChIP-seq	ZNF316	K562	cell-line	cell-line	cell-line	none	none	passed
ENCFF480AGJ	ENCFF480AGJ	ENCSR016OHL	ENCSR164VUV	BPNet	sequence motifs instances	bigBed	ChIP-seq	ZNF317	HepG2	cell-line	cell-line	cell-line	none	none	passed
ENCFF911VIS	ENCFF911VIS	ENCSR976MXN	ENCSR390SED	BPNet	sequence motifs instances	bigBed	ChIP-seq	ZNF317	K562	cell-line	cell-line	cell-line	none	none	passed
ENCFF127GWT	ENCFF127GWT	ENCSR795KRU	ENCSR329FHN	BPNet	sequence motifs instances	bigBed	ChIP-seq	ZNF317	WTC11	cell-line	cell-line	cell-line	none	none	passed
ENCFF088RDY	ENCFF088RDY	ENCSR712KVZ	ENCSR861IYW	BPNet	sequence motifs instances	bigBed	ChIP-seq	ZNF324	K562	cell-line	cell-line	cell-line	none	none	passed
ENCFF497DXL	ENCFF497DXL	ENCSR681KXT	ENCSR113XXA	BPNet	sequence motifs instances	bigBed	ChIP-seq	ZNF329	HepG2	cell-line	cell-line	cell-line	none	none	passed
ENCFF768OXJ	ENCFF768OXJ	ENCSR918LRB	ENCSR494MGN	BPNet	sequence motifs instances	bigBed	ChIP-seq	ZNF331	GM23338	cell-line	cell-line	cell-line	none	none	passed
ENCFF431ACY	ENCFF431ACY	ENCSR369TCR	ENCSR536CRO	BPNet	sequence motifs instances	bigBed	ChIP-seq	ZNF331	HepG2	cell-line	cell-line	cell-line	none	none	passed
ENCFF546EBZ	ENCFF546EBZ	ENCSR185FOY	ENCSR866NFF	BPNet	sequence motifs instances	bigBed	ChIP-seq	ZNF341	HEK293	cell-line	cell-line	cell-line	none	none	passed
ENCFF678NNT	ENCFF678NNT	ENCSR842SRB	ENCSR424FUY	BPNet	sequence motifs instances	bigBed	ChIP-seq	ZNF350	HepG2	cell-line	cell-line	cell-line	none	none	passed
ENCFF895ATC	ENCFF895ATC	ENCSR715QNO	ENCSR361HXQ	BPNet	sequence motifs instances	bigBed	ChIP-seq	ZNF362	HEK293	cell-line	cell-line	cell-line	none	none	passed
ENCFF641QKX	ENCFF641QKX	ENCSR032LZZ	ENCSR837NIM	BPNet	sequence motifs instances	bigBed	ChIP-seq	ZNF362	HepG2	cell-line	cell-line	cell-line	none	none	passed
ENCFF006YYU	ENCFF006YYU	ENCSR048WVW	ENCSR388YVJ	BPNet	sequence motifs instances	bigBed	ChIP-seq	ZNF367	HepG2	cell-line	cell-line	cell-line	none	none	passed
ENCFF437QWV	ENCFF437QWV	ENCSR371LLY	ENCSR668MDE	BPNet	sequence motifs instances	bigBed	ChIP-seq	ZNF37A	HEK293	cell-line	cell-line	cell-line	none	none	passed
ENCFF159BOJ	ENCFF159BOJ	ENCSR000DYP	ENCSR607ZHJ	BPNet	sequence motifs instances	bigBed	ChIP-seq	ZNF384	GM12878	cell-line	cell-line	cell-line	none	none	passed
ENCFF095LFL	ENCFF095LFL	ENCSR882ICT	ENCSR589ELT	BPNet	sequence motifs instances	bigBed	ChIP-seq	ZNF384	HEK293T	cell-line	cell-line	cell-line	none	none	passed
ENCFF006MWF	ENCFF006MWF	ENCSR101FJU	ENCSR186EZI	BPNet	sequence motifs instances	bigBed	ChIP-seq	ZNF384	HepG2	cell-line	cell-line	cell-line	none	none	passed
ENCFF916YHJ	ENCFF916YHJ	ENCSR000EFP	ENCSR860AZD	BPNet	sequence motifs instances	bigBed	ChIP-seq	ZNF384	K562	cell-line	cell-line	cell-line	none	none	passed
ENCFF638VDL	ENCFF638VDL	ENCSR125DNC	ENCSR523EEX	BPNet	sequence motifs instances	bigBed	ChIP-seq	ZNF394	HEK293	cell-line	cell-line	cell-line	none	none	passed
ENCFF986KHX	ENCFF986KHX	ENCSR462QZZ	ENCSR605ZPT	BPNet	sequence motifs instances	bigBed	ChIP-seq	ZNF395	K562	cell-line	cell-line	cell-line	none	none	passed
ENCFF220ZWM	ENCFF220ZWM	ENCSR011NOZ	ENCSR723BLF	BPNet	sequence motifs instances	bigBed	ChIP-seq	ZNF407	K562	cell-line	cell-line	cell-line	none	none	passed
ENCFF759QSS	ENCFF759QSS	ENCSR439OCL	ENCSR455WPF	BPNet	sequence motifs instances	bigBed	ChIP-seq	ZNF407	K562	cell-line	cell-line	cell-line	none	none	passed
ENCFF625XRH	ENCFF625XRH	ENCSR235PYI	ENCSR666XEJ	BPNet	sequence motifs instances	bigBed	ChIP-seq	ZNF41	K562	cell-line	cell-line	cell-line	none	none	passed
ENCFF691XAZ	ENCFF691XAZ	ENCSR477OJI	ENCSR286FWU	BPNet	sequence motifs instances	bigBed	ChIP-seq	ZNF423	HEK293	cell-line	cell-line	cell-line	none	none	passed
ENCFF405LBK	ENCFF405LBK	ENCSR413CVQ	ENCSR148KSW	BPNet	sequence motifs instances	bigBed	ChIP-seq	ZNF423	WTC11	cell-line	cell-line	cell-line	none	none	passed
ENCFF221HDD	ENCFF221HDD	ENCSR618END	ENCSR278QPL	BPNet	sequence motifs instances	bigBed	ChIP-seq	ZNF430	HepG2	cell-line	cell-line	cell-line	none	none	passed
ENCFF639QNC	ENCFF639QNC	ENCSR914HPP	ENCSR611LDB	BPNet	sequence motifs instances	bigBed	ChIP-seq	ZNF44	HepG2	cell-line	cell-line	cell-line	none	none	passed
ENCFF928BBN	ENCFF928BBN	ENCSR673GDQ	ENCSR071CNE	BPNet	sequence motifs instances	bigBed	ChIP-seq	ZNF441	HepG2	cell-line	cell-line	cell-line	none	none	passed
ENCFF127RDB	ENCFF127RDB	ENCSR038XIA	ENCSR468ULA	BPNet	sequence motifs instances	bigBed	ChIP-seq	ZNF444	MCF-7	cell-line	cell-line	cell-line	none	none	passed
ENCFF306ONW	ENCFF306ONW	ENCSR738SLS	ENCSR809HTU	BPNet	sequence motifs instances	bigBed	ChIP-seq	ZNF449	HEK293	cell-line	cell-line	cell-line	none	none	passed
ENCFF006UPR	ENCFF006UPR	ENCSR415AEB	ENCSR166CDD	BPNet	sequence motifs instances	bigBed	ChIP-seq	ZNF48	HepG2	cell-line	cell-line	cell-line	none	none	passed
ENCFF594PLU	ENCFF594PLU	ENCSR542PZA	ENCSR594HLF	BPNet	sequence motifs instances	bigBed	ChIP-seq	ZNF490	HepG2	cell-line	cell-line	cell-line	none	none	passed
ENCFF028MEQ	ENCFF028MEQ	ENCSR461ZJT	ENCSR479YFJ	BPNet	sequence motifs instances	bigBed	ChIP-seq	ZNF501	HEK293	cell-line	cell-line	cell-line	none	none	passed
ENCFF540QEE	ENCFF540QEE	ENCSR595FAO	ENCSR226RHX	BPNet	sequence motifs instances	bigBed	ChIP-seq	ZNF510	HEK293	cell-line	cell-line	cell-line	none	none	passed
ENCFF286MDB	ENCFF286MDB	ENCSR701RXW	ENCSR154RFY	BPNet	sequence motifs instances	bigBed	ChIP-seq	ZNF530	HEK293	cell-line	cell-line	cell-line	none	none	passed
ENCFF279XSX	ENCFF279XSX	ENCSR909TSW	ENCSR730YDI	BPNet	sequence motifs instances	bigBed	ChIP-seq	ZNF547	HEK293	cell-line	cell-line	cell-line	none	none	passed
ENCFF981XBA	ENCFF981XBA	ENCSR892ZTO	ENCSR293AOG	BPNet	sequence motifs instances	bigBed	ChIP-seq	ZNF548	HEK293	cell-line	cell-line	cell-line	none	none	passed
ENCFF452OEV	ENCFF452OEV	ENCSR185QFX	ENCSR989FNU	BPNet	sequence motifs instances	bigBed	ChIP-seq	ZNF549	HEK293	cell-line	cell-line	cell-line	none	none	passed
ENCFF333LLT	ENCFF333LLT	ENCSR545ACM	ENCSR747QXK	BPNet	sequence motifs instances	bigBed	ChIP-seq	ZNF549	HepG2	cell-line	cell-line	cell-line	none	none	passed
ENCFF678FTU	ENCFF678FTU	ENCSR325VYA	ENCSR011WOV	BPNet	sequence motifs instances	bigBed	ChIP-seq	ZNF557	HepG2	cell-line	cell-line	cell-line	none	none	passed
ENCFF322VDD	ENCFF322VDD	ENCSR125ULS	ENCSR626JLM	BPNet	sequence motifs instances	bigBed	ChIP-seq	ZNF561	HEK293	cell-line	cell-line	cell-line	none	none	passed
ENCFF868VIX	ENCFF868VIX	ENCSR727IJD	ENCSR281SKK	BPNet	sequence motifs instances	bigBed	ChIP-seq	ZNF562	HepG2	cell-line	cell-line	cell-line	none	none	passed
ENCFF962RES	ENCFF962RES	ENCSR397EOT	ENCSR846MFZ	BPNet	sequence motifs instances	bigBed	ChIP-seq	ZNF564	HepG2	cell-line	cell-line	cell-line	none	none	passed
ENCFF751DFT	ENCFF751DFT	ENCSR754ALX	ENCSR545WAG	BPNet	sequence motifs instances	bigBed	ChIP-seq	ZNF565	SK-N-SH	cell-line	cell-line	cell-line	none	none	passed
ENCFF499VBU	ENCFF499VBU	ENCSR886YJI	ENCSR078RTA	BPNet	sequence motifs instances	bigBed	ChIP-seq	ZNF574	HepG2	cell-line	cell-line	cell-line	none	none	passed
ENCFF699GXV	ENCFF699GXV	ENCSR402JAC	ENCSR631TCZ	BPNet	sequence motifs instances	bigBed	ChIP-seq	ZNF574	MCF-7	cell-line	cell-line	cell-line	none	none	passed
ENCFF103DKD	ENCFF103DKD	ENCSR668HOP	ENCSR959CUQ	BPNet	sequence motifs instances	bigBed	ChIP-seq	ZNF580	HEK293	cell-line	cell-line	cell-line	none	none	passed
ENCFF632YBQ	ENCFF632YBQ	ENCSR149ZBI	ENCSR384YJU	BPNet	sequence motifs instances	bigBed	ChIP-seq	ZNF584	K562	cell-line	cell-line	cell-line	none	none	passed
ENCFF489RES	ENCFF489RES	ENCSR011XCI	ENCSR206HFO	BPNet	sequence motifs instances	bigBed	ChIP-seq	ZNF585B	HEK293	cell-line	cell-line	cell-line	none	none	passed
ENCFF347HKG	ENCFF347HKG	ENCSR344SBD	ENCSR630UCD	BPNet	sequence motifs instances	bigBed	ChIP-seq	ZNF596	HEK293	cell-line	cell-line	cell-line	none	none	passed
ENCFF696KMS	ENCFF696KMS	ENCSR903JFF	ENCSR924AMT	BPNet	sequence motifs instances	bigBed	ChIP-seq	ZNF605	HepG2	cell-line	cell-line	cell-line	none	none	passed
ENCFF646MFK	ENCFF646MFK	ENCSR691TXI	ENCSR034YDZ	BPNet	sequence motifs instances	bigBed	ChIP-seq	ZNF610	HEK293	cell-line	cell-line	cell-line	none	none	passed
ENCFF522NJX	ENCFF522NJX	ENCSR022IZK	ENCSR793WAG	BPNet	sequence motifs instances	bigBed	ChIP-seq	ZNF623	HEK293	cell-line	cell-line	cell-line	none	none	passed
ENCFF881EAB	ENCFF881EAB	ENCSR488ZNK	ENCSR246WPX	BPNet	sequence motifs instances	bigBed	ChIP-seq	ZNF646	HepG2	cell-line	cell-line	cell-line	none	none	passed
ENCFF622LZP	ENCFF622LZP	ENCSR283DOU	ENCSR216GEU	BPNet	sequence motifs instances	bigBed	ChIP-seq	ZNF660	HEK293	cell-line	cell-line	cell-line	none	none	passed
ENCFF712CRQ	ENCFF712CRQ	ENCSR714LZQ	ENCSR782FWV	BPNet	sequence motifs instances	bigBed	ChIP-seq	ZNF664	HEK293	cell-line	cell-line	cell-line	none	none	passed
ENCFF029MBQ	ENCFF029MBQ	ENCSR279KDC	ENCSR642ICI	BPNet	sequence motifs instances	bigBed	ChIP-seq	ZNF677	HEK293	cell-line	cell-line	cell-line	none	none	passed
ENCFF679KIO	ENCFF679KIO	ENCSR307CKC	ENCSR285CBS	BPNet	sequence motifs instances	bigBed	ChIP-seq	ZNF680	HEK293	cell-line	cell-line	cell-line	none	none	passed
ENCFF471UBS	ENCFF471UBS	ENCSR418MKG	ENCSR561WGU	BPNet	sequence motifs instances	bigBed	ChIP-seq	ZNF692	HEK293	cell-line	cell-line	cell-line	none	none	passed
ENCFF093VTN	ENCFF093VTN	ENCSR454SCH	ENCSR633VZO	BPNet	sequence motifs instances	bigBed	ChIP-seq	ZNF7	K562	cell-line	cell-line	cell-line	none	none	passed
ENCFF178SSW	ENCFF178SSW	ENCSR207GYC	ENCSR954CQT	BPNet	sequence motifs instances	bigBed	ChIP-seq	ZNF70	SK-N-SH	cell-line	cell-line	cell-line	none	none	passed
ENCFF584DBE	ENCFF584DBE	ENCSR547TGL	ENCSR978UNF	BPNet	sequence motifs instances	bigBed	ChIP-seq	ZNF701	HEK293	cell-line	cell-line	cell-line	none	none	passed
ENCFF155QYK	ENCFF155QYK	ENCSR194KWL	ENCSR546QIV	BPNet	sequence motifs instances	bigBed	ChIP-seq	ZNF704	HEK293	cell-line	cell-line	cell-line	none	none	passed
ENCFF200SGW	ENCFF200SGW	ENCSR854IPI	ENCSR480HEH	BPNet	sequence motifs instances	bigBed	ChIP-seq	ZNF707	HEK293	cell-line	cell-line	cell-line	none	none	passed
ENCFF176NSA	ENCFF176NSA	ENCSR017XHZ	ENCSR043MDP	BPNet	sequence motifs instances	bigBed	ChIP-seq	ZNF707	HepG2	cell-line	cell-line	cell-line	none	none	passed
ENCFF008XQT	ENCFF008XQT	ENCSR077TKJ	ENCSR000RSZ	BPNet	sequence motifs instances	bigBed	ChIP-seq	ZNF707	K562	cell-line	cell-line	cell-line	none	none	passed
ENCFF949WKF	ENCFF949WKF	ENCSR755ZAY	ENCSR726XMS	BPNet	sequence motifs instances	bigBed	ChIP-seq	ZNF740	HepG2	cell-line	cell-line	cell-line	none	none	passed
ENCFF162RHU	ENCFF162RHU	ENCSR737UST	ENCSR880BCZ	BPNet	sequence motifs instances	bigBed	ChIP-seq	ZNF740	K562	cell-line	cell-line	cell-line	none	none	passed
ENCFF433QJA	ENCFF433QJA	ENCSR427XYP	ENCSR563SSN	BPNet	sequence motifs instances	bigBed	ChIP-seq	ZNF740	K562	cell-line	cell-line	cell-line	none	none	passed
ENCFF719AYU	ENCFF719AYU	ENCSR591MYB	ENCSR922IZN	BPNet	sequence motifs instances	bigBed	ChIP-seq	ZNF746	HepG2	cell-line	cell-line	cell-line	none	none	passed
ENCFF811NKF	ENCFF811NKF	ENCSR099MNR	ENCSR319GCA	BPNet	sequence motifs instances	bigBed	ChIP-seq	ZNF75A	K562	cell-line	cell-line	cell-line	none	none	passed
ENCFF892GDJ	ENCFF892GDJ	ENCSR072LQF	ENCSR275URJ	BPNet	sequence motifs instances	bigBed	ChIP-seq	ZNF76	HEK293	cell-line	cell-line	cell-line	none	none	passed
ENCFF502KGZ	ENCFF502KGZ	ENCSR869RSW	ENCSR220OPP	BPNet	sequence motifs instances	bigBed	ChIP-seq	ZNF766	HepG2	cell-line	cell-line	cell-line	none	none	passed
ENCFF761PEW	ENCFF761PEW	ENCSR194IJN	ENCSR030UBN	BPNet	sequence motifs instances	bigBed	ChIP-seq	ZNF766	K562	cell-line	cell-line	cell-line	none	none	passed
ENCFF742RLP	ENCFF742RLP	ENCSR242BGR	ENCSR055REJ	BPNet	sequence motifs instances	bigBed	ChIP-seq	ZNF770	HEK293	cell-line	cell-line	cell-line	none	none	passed
ENCFF690JUK	ENCFF690JUK	ENCSR510GKB	ENCSR032AHU	BPNet	sequence motifs instances	bigBed	ChIP-seq	ZNF770	HepG2	cell-line	cell-line	cell-line	none	none	passed
ENCFF652UVR	ENCFF652UVR	ENCSR995FUM	ENCSR384BIM	BPNet	sequence motifs instances	bigBed	ChIP-seq	ZNF79	K562	cell-line	cell-line	cell-line	none	none	passed
ENCFF020VVO	ENCFF020VVO	ENCSR325QLX	ENCSR812AAD	BPNet	sequence motifs instances	bigBed	ChIP-seq	ZNF8	SK-N-SH	cell-line	cell-line	cell-line	none	none	passed
ENCFF120DZL	ENCFF120DZL	ENCSR701WPG	ENCSR786LIM	BPNet	sequence motifs instances	bigBed	ChIP-seq	ZNF800	HepG2	cell-line	cell-line	cell-line	none	none	passed
ENCFF161IUW	ENCFF161IUW	ENCSR257XVY	ENCSR832DWY	BPNet	sequence motifs instances	bigBed	ChIP-seq	ZNF83	K562	cell-line	cell-line	cell-line	none	none	passed
ENCFF204PLI	ENCFF204PLI	ENCSR891KPP	ENCSR144JWD	BPNet	sequence motifs instances	bigBed	ChIP-seq	ZNF865	HepG2	cell-line	cell-line	cell-line	none	none	passed
ENCFF157UMX	ENCFF157UMX	ENCSR864VJE	ENCSR201ESU	BPNet	sequence motifs instances	bigBed	ChIP-seq	ZSCAN16	HEK293	cell-line	cell-line	cell-line	none	none	passed
ENCFF888GSW	ENCFF888GSW	ENCSR253CKN	ENCSR591HHL	BPNet	sequence motifs instances	bigBed	ChIP-seq	ZSCAN21	HEK293	cell-line	cell-line	cell-line	none	none	passed
ENCFF835DKA	ENCFF835DKA	ENCSR210DDA	ENCSR873BKE	BPNet	sequence motifs instances	bigBed	ChIP-seq	ZSCAN21	HepG2	cell-line	cell-line	cell-line	none	none	passed
ENCFF464KXS	ENCFF464KXS	ENCSR050KWL	ENCSR880BAN	BPNet	sequence motifs instances	bigBed	ChIP-seq	ZSCAN22	HepG2	cell-line	cell-line	cell-line	none	none	passed
ENCFF065SHN	ENCFF065SHN	ENCSR412YGM	ENCSR268UNG	BPNet	sequence motifs instances	bigBed	ChIP-seq	ZSCAN29	GM12878	cell-line	cell-line	cell-line	none	none	passed
ENCFF959PAB	ENCFF959PAB	ENCSR422VAG	ENCSR171VVK	BPNet	sequence motifs instances	bigBed	ChIP-seq	ZSCAN29	HepG2	cell-line	cell-line	cell-line	none	none	passed
ENCFF188ZFV	ENCFF188ZFV	ENCSR175SZH	ENCSR451MPB	BPNet	sequence motifs instances	bigBed	ChIP-seq	ZSCAN29	K562	cell-line	cell-line	cell-line	none	none	passed
ENCFF709DQR	ENCFF709DQR	ENCSR635EXI	ENCSR926KQC	BPNet	sequence motifs instances	bigBed	ChIP-seq	ZSCAN29	K562	cell-line	cell-line	cell-line	none	none	passed
ENCFF655SQR	ENCFF655SQR	ENCSR493VBX	ENCSR887KCX	BPNet	sequence motifs instances	bigBed	ChIP-seq	ZSCAN31	HepG2	cell-line	cell-line	cell-line	none	none	passed
ENCFF758TAM	ENCFF758TAM	ENCSR211GNP	ENCSR931GRD	BPNet	sequence motifs instances	bigBed	ChIP-seq	ZSCAN4	HEK293	cell-line	cell-line	cell-line	none	none	passed
ENCFF262EVD	ENCFF262EVD	ENCSR731AGO	ENCSR905ZVU	BPNet	sequence motifs instances	bigBed	ChIP-seq	ZSCAN5C	HEK293	cell-line	cell-line	cell-line	none	none	passed
ENCFF517NTL	ENCFF517NTL	ENCSR559IOZ	ENCSR987TUW	BPNet	sequence motifs instances	bigBed	ChIP-seq	ZXDB	HEK293	cell-line	cell-line	cell-line	none	none	passed
