track_key	file_accession	experiment	model_accession	model	track_type	format	assay	target	biosample	tissue	organ	system	strand	score_type	qc_flag
ENCFF396GOE	ENCFF396GOE	ENCSR590KEQ	ENCSR728JEK	BPNet	predicted signal profile	bigWig	ChIP-seq	ARNT	GM12878	cell-line	cell-line	cell-line	minus	none	passed
ENCFF486VBZ	ENCFF486VBZ	ENCSR590KEQ	ENCSR728JEK	BPNet	predicted signal profile	bigWig	ChIP-seq	ARNT	GM12878	cell-line	cell-line	cell-line	plus	none	passed
ENCFF728ZHG	ENCFF728ZHG	ENCSR760UKJ	ENCSR572ENG	BPNet	predicted signal profile	bigWig	ChIP-seq	ARNT	HEK293T	cell-line	cell-line	cell-line	minus	none	passed
ENCFF141LJM	ENCFF141LJM	ENCSR760UKJ	ENCSR572ENG	BPNet	predicted signal profile	bigWig	ChIP-seq	ARNT	HEK293T	cell-line	cell-line	cell-line	plus	none	passed
ENCFF535FQZ	ENCFF535FQZ	ENCSR267TGY	ENCSR041XVL	BPNet	predicted signal profile	bigWig	ChIP-seq	ARNT2	HepG2	cell-line	cell-line	cell-line	minus	none	passed
ENCFF806OFM	ENCFF806OFM	ENCSR267TGY	ENCSR041XVL	BPNet	predicted signal profile	bigWig	ChIP-seq	ARNT2	HepG2	cell-line	cell-line	cell-line	plus	none	passed
ENCFF535MBP	ENCFF535MBP	ENCSR794LVK	ENCSR768KYM	BPNet	predicted signal profile	bigWig	ChIP-seq	ARNTL	HepG2	cell-line	cell-line	cell-line	minus	none	passed
ENCFF920EHA	ENCFF920EHA	ENCSR794LVK	ENCSR768KYM	BPNet	predicted signal profile	bigWig	ChIP-seq	ARNTL	HepG2	cell-line	cell-line	cell-line	plus	none	passed
ENCFF776KXV	ENCFF776KXV	ENCSR949COJ	ENCSR195HNX	BPNet	predicted signal profile	bigWig	ChIP-seq	ARNTL	SK-N-SH	cell-line	cell-line	cell-line	minus	none	passed
ENCFF508MAJ	ENCFF508MAJ	ENCSR949COJ	ENCSR195HNX	BPNet	predicted signal profile	bigWig	ChIP-seq	ARNTL	SK-N-SH	cell-line	cell-line	cell-line	plus	none	passed
ENCFF367QKI	ENCFF367QKI	ENCSR253OON	ENCSR921NDS	BPNet	predicted signal profile	bigWig	ChIP-seq	ATF1	HepG2	cell-line	cell-line	cell-line	minus	none	passed
ENCFF373LBC	ENCFF373LBC	ENCSR253OON	ENCSR921NDS	BPNet	predicted signal profile	bigWig	ChIP-seq	ATF1	HepG2	cell-line	cell-line	cell-line	plus	none	passed
ENCFF430TFJ	ENCFF430TFJ	ENCSR159OCC	ENCSR098GCX	BPNet	predicted signal profile	bigWig	ChIP-seq	ATF1	K562	cell-line	cell-line	cell-line	minus	none	passed
ENCFF666FYL	ENCFF666FYL	ENCSR000DNZ	ENCSR945EBR	BPNet	predicted signal profile	bigWig	ChIP-seq	ATF1	K562	cell-line	cell-line	cell-line	minus	none	passed
ENCFF830VGG	ENCFF830VGG	ENCSR091GVJ	ENCSR901APQ	BPNet	predicted signal profile	bigWig	ChIP-seq	ATF1	K562	cell-line	cell-line	cell-line	minus	none	passed
ENCFF955WOS	ENCFF955WOS	ENCSR085XDP	ENCSR492OAC	BPNet	predicted signal profile	bigWig	ChIP-seq	ATF1	K562	cell-line	cell-line	cell-line	minus	none	passed
ENCFF221YJK	ENCFF221YJK	ENCSR000DNZ	ENCSR945EBR	BPNet	predicted signal profile	bigWig	ChIP-seq	ATF1	K562	cell-line	cell-line	cell-line	plus	none	passed
ENCFF462DCI	ENCFF462DCI	ENCSR091GVJ	ENCSR901APQ	BPNet	predicted signal profile	bigWig	ChIP-seq	ATF1	K562	cell-line	cell-line	cell-line	plus	none	passed
ENCFF631BAQ	ENCFF631BAQ	ENCSR085XDP	ENCSR492OAC	BPNet	predicted signal profile	bigWig	ChIP-seq	ATF1	K562	cell-line	cell-line	cell-line	plus	none	passed
ENCFF655ALD	ENCFF655ALD	ENCSR159OCC	ENCSR098GCX	BPNet	predicted signal profile	bigWig	ChIP-seq	ATF1	K562	cell-line	cell-line	cell-line	plus	none	passed
ENCFF291EZH	ENCFF291EZH	ENCSR887VJM	ENCSR066VPU	BPNet	predicted signal profile	bigWig	ChIP-seq	ATF1	WTC11	cell-line	cell-line	cell-line	minus	none	passed
ENCFF616TIY	ENCFF616TIY	ENCSR887VJM	ENCSR066VPU	BPNet	predicted signal profile	bigWig	ChIP-seq	ATF1	WTC11	cell-line	cell-line	cell-line	plus	none	passed
ENCFF656IDP	ENCFF656IDP	ENCSR000BQK	ENCSR805HVX	BPNet	predicted signal profile	bigWig	ChIP-seq	ATF2	GM12878	cell-line	cell-line	cell-line	minus	none	passed
ENCFF765VGW	ENCFF765VGW	ENCSR961PPA	ENCSR948FHI	BPNet	predicted signal profile	bigWig	ChIP-seq	ATF2	GM12878	cell-line	cell-line	cell-line	minus	none	passed
ENCFF437ZNR	ENCFF437ZNR	ENCSR000BQK	ENCSR805HVX	BPNet	predicted signal profile	bigWig	ChIP-seq	ATF2	GM12878	cell-line	cell-line	cell-line	plus	none	passed
ENCFF748BNJ	ENCFF748BNJ	ENCSR961PPA	ENCSR948FHI	BPNet	predicted signal profile	bigWig	ChIP-seq	ATF2	GM12878	cell-line	cell-line	cell-line	plus	none	passed
ENCFF446RBU	ENCFF446RBU	ENCSR000BQU	ENCSR351BPK	BPNet	predicted signal profile	bigWig	ChIP-seq	ATF2	H1	cell-line	cell-line	cell-line	minus	none	passed
ENCFF883VIQ	ENCFF883VIQ	ENCSR000BQU	ENCSR351BPK	BPNet	predicted signal profile	bigWig	ChIP-seq	ATF2	H1	cell-line	cell-line	cell-line	plus	none	passed
ENCFF378QPP	ENCFF378QPP	ENCSR217HTK	ENCSR510IRZ	BPNet	predicted signal profile	bigWig	ChIP-seq	ATF2	HEK293	cell-line	cell-line	cell-line	minus	none	passed
ENCFF490YEK	ENCFF490YEK	ENCSR217HTK	ENCSR510IRZ	BPNet	predicted signal profile	bigWig	ChIP-seq	ATF2	HEK293	cell-line	cell-line	cell-line	plus	none	passed
ENCFF276UXP	ENCFF276UXP	ENCSR908HWZ	ENCSR290NUC	BPNet	predicted signal profile	bigWig	ChIP-seq	ATF2	HepG2	cell-line	cell-line	cell-line	minus	none	passed
ENCFF438KKW	ENCFF438KKW	ENCSR047BUZ	ENCSR268FRB	BPNet	predicted signal profile	bigWig	ChIP-seq	ATF2	HepG2	cell-line	cell-line	cell-line	minus	none	passed
ENCFF147MPQ	ENCFF147MPQ	ENCSR047BUZ	ENCSR268FRB	BPNet	predicted signal profile	bigWig	ChIP-seq	ATF2	HepG2	cell-line	cell-line	cell-line	plus	none	passed
ENCFF497QOX	ENCFF497QOX	ENCSR908HWZ	ENCSR290NUC	BPNet	predicted signal profile	bigWig	ChIP-seq	ATF2	HepG2	cell-line	cell-line	cell-line	plus	none	passed
ENCFF219RRB	ENCFF219RRB	ENCSR014ARU	ENCSR329DYY	BPNet	predicted signal profile	bigWig	ChIP-seq	ATF2	K562	cell-line	cell-line	cell-line	minus	none	passed
ENCFF663ROG	ENCFF663ROG	ENCSR869IUD	ENCSR762MDC	BPNet	predicted signal profile	bigWig	ChIP-seq	ATF2	K562	cell-line	cell-line	cell-line	minus	none	passed
ENCFF459XJM	ENCFF459XJM	ENCSR014ARU	ENCSR329DYY	BPNet	predicted signal profile	bigWig	ChIP-seq	ATF2	K562	cell-line	cell-line	cell-line	plus	none	passed
ENCFF922ROV	ENCFF922ROV	ENCSR869IUD	ENCSR762MDC	BPNet	predicted signal profile	bigWig	ChIP-seq	ATF2	K562	cell-line	cell-line	cell-line	plus	none	passed
ENCFF440XNY	ENCFF440XNY	ENCSR000BPS	ENCSR473TBT	BPNet	predicted signal profile	bigWig	ChIP-seq	ATF3	A549	cell-line	cell-line	cell-line	minus	none	passed
ENCFF653DIE	ENCFF653DIE	ENCSR000BPS	ENCSR473TBT	BPNet	predicted signal profile	bigWig	ChIP-seq	ATF3	A549	cell-line	cell-line	cell-line	plus	none	passed
ENCFF617PWG	ENCFF617PWG	ENCSR000BKC	ENCSR957UER	BPNet	predicted signal profile	bigWig	ChIP-seq	ATF3	H1	cell-line	cell-line	cell-line	minus	none	passed
ENCFF292FPV	ENCFF292FPV	ENCSR000BKC	ENCSR957UER	BPNet	predicted signal profile	bigWig	ChIP-seq	ATF3	H1	cell-line	cell-line	cell-line	plus	none	passed
ENCFF833DXM	ENCFF833DXM	ENCSR000BUG	ENCSR070KTD	BPNet	predicted signal profile	bigWig	ChIP-seq	ATF3	HCT116	cell-line	cell-line	cell-line	minus	none	passed
ENCFF424OCH	ENCFF424OCH	ENCSR000BUG	ENCSR070KTD	BPNet	predicted signal profile	bigWig	ChIP-seq	ATF3	HCT116	cell-line	cell-line	cell-line	plus	none	passed
ENCFF078JZQ	ENCFF078JZQ	ENCSR000BKE	ENCSR469WUV	BPNet	predicted signal profile	bigWig	ChIP-seq	ATF3	HepG2	cell-line	cell-line	cell-line	minus	none	passed
ENCFF713CMW	ENCFF713CMW	ENCSR402ZCY	ENCSR295WDS	BPNet	predicted signal profile	bigWig	ChIP-seq	ATF3	HepG2	cell-line	cell-line	cell-line	minus	none	passed
ENCFF052IUK	ENCFF052IUK	ENCSR000BKE	ENCSR469WUV	BPNet	predicted signal profile	bigWig	ChIP-seq	ATF3	HepG2	cell-line	cell-line	cell-line	plus	none	passed
ENCFF254DUB	ENCFF254DUB	ENCSR402ZCY	ENCSR295WDS	BPNet	predicted signal profile	bigWig	ChIP-seq	ATF3	HepG2	cell-line	cell-line	cell-line	plus	none	passed
ENCFF561BNR	ENCFF561BNR	ENCSR632DCH	ENCSR697WUY	BPNet	predicted signal profile	bigWig	ChIP-seq	ATF3	K562	cell-line	cell-line	cell-line	minus	none	passed
ENCFF610ZVL	ENCFF610ZVL	ENCSR000BNU	ENCSR938IXD	BPNet	predicted signal profile	bigWig	ChIP-seq	ATF3	K562	cell-line	cell-line	cell-line	minus	none	passed
ENCFF633YIW	ENCFF633YIW	ENCSR028UIU	ENCSR405ECI	BPNet	predicted signal profile	bigWig	ChIP-seq	ATF3	K562	cell-line	cell-line	cell-line	minus	none	passed
ENCFF988ZXM	ENCFF988ZXM	ENCSR000DOG	ENCSR171HUI	BPNet	predicted signal profile	bigWig	ChIP-seq	ATF3	K562	cell-line	cell-line	cell-line	minus	none	passed
ENCFF009QKU	ENCFF009QKU	ENCSR000DOG	ENCSR171HUI	BPNet	predicted signal profile	bigWig	ChIP-seq	ATF3	K562	cell-line	cell-line	cell-line	plus	none	passed
ENCFF096DKW	ENCFF096DKW	ENCSR632DCH	ENCSR697WUY	BPNet	predicted signal profile	bigWig	ChIP-seq	ATF3	K562	cell-line	cell-line	cell-line	plus	none	passed
ENCFF814WSJ	ENCFF814WSJ	ENCSR000BNU	ENCSR938IXD	BPNet	predicted signal profile	bigWig	ChIP-seq	ATF3	K562	cell-line	cell-line	cell-line	plus	none	passed
ENCFF883QRF	ENCFF883QRF	ENCSR028UIU	ENCSR405ECI	BPNet	predicted signal profile	bigWig	ChIP-seq	ATF3	K562	cell-line	cell-line	cell-line	plus	none	passed
ENCFF338MJQ	ENCFF338MJQ	ENCSR205FOW	ENCSR747WRJ	BPNet	predicted signal profile	bigWig	ChIP-seq	ATF3	liver	liver	liver	digestive-system	minus	none	passed
ENCFF345QWU	ENCFF345QWU	ENCSR480LIS	ENCSR899JOK	BPNet	predicted signal profile	bigWig	ChIP-seq	ATF3	liver	liver	liver	digestive-system	minus	none	passed
ENCFF303TRZ	ENCFF303TRZ	ENCSR205FOW	ENCSR747WRJ	BPNet	predicted signal profile	bigWig	ChIP-seq	ATF3	liver	liver	liver	digestive-system	plus	none	passed
ENCFF545VXR	ENCFF545VXR	ENCSR480LIS	ENCSR899JOK	BPNet	predicted signal profile	bigWig	ChIP-seq	ATF3	liver	liver	liver	digestive-system	plus	none	passed
ENCFF091YSR	ENCFF091YSR	ENCSR803PAI	ENCSR800VEQ	BPNet	predicted signal profile	bigWig	ChIP-seq	ATF4	HepG2	cell-line	cell-line	cell-line	minus	none	passed
ENCFF316HVC	ENCFF316HVC	ENCSR965SHB	ENCSR542HXB	BPNet	predicted signal profile	bigWig	ChIP-seq	ATF4	HepG2	cell-line	cell-line	cell-line	minus	none	passed
ENCFF849WTU	ENCFF849WTU	ENCSR288ZFV	ENCSR541PJK	BPNet	predicted signal profile	bigWig	ChIP-seq	ATF4	HepG2	cell-line	cell-line	cell-line	minus	none	passed
ENCFF028BRW	ENCFF028BRW	ENCSR803PAI	ENCSR800VEQ	BPNet	predicted signal profile	bigWig	ChIP-seq	ATF4	HepG2	cell-line	cell-line	cell-line	plus	none	passed
ENCFF436MTG	ENCFF436MTG	ENCSR288ZFV	ENCSR541PJK	BPNet	predicted signal profile	bigWig	ChIP-seq	ATF4	HepG2	cell-line	cell-line	cell-line	plus	none	passed
ENCFF854KCU	ENCFF854KCU	ENCSR965SHB	ENCSR542HXB	BPNet	predicted signal profile	bigWig	ChIP-seq	ATF4	HepG2	cell-line	cell-line	cell-line	plus	none	passed
ENCFF316WYY	ENCFF316WYY	ENCSR044UJJ	ENCSR545YPY	BPNet	predicted signal profile	bigWig	ChIP-seq	ATF4	K562	cell-line	cell-line	cell-line	minus	none	passed
ENCFF854TTQ	ENCFF854TTQ	ENCSR145TSJ	ENCSR254DFG	BPNet	predicted signal profile	bigWig	ChIP-seq	ATF4	K562	cell-line	cell-line	cell-line	minus	none	passed
ENCFF506UKF	ENCFF506UKF	ENCSR044UJJ	ENCSR545YPY	BPNet	predicted signal profile	bigWig	ChIP-seq	ATF4	K562	cell-line	cell-line	cell-line	plus	none	passed
ENCFF770MPO	ENCFF770MPO	ENCSR145TSJ	ENCSR254DFG	BPNet	predicted signal profile	bigWig	ChIP-seq	ATF4	K562	cell-line	cell-line	cell-line	plus	none	passed
ENCFF154RVT	ENCFF154RVT	ENCSR161CZA	ENCSR234UFS	BPNet	predicted signal profile	bigWig	ChIP-seq	ATOH8	A549	cell-line	cell-line	cell-line	minus	none	passed
ENCFF139IMP	ENCFF139IMP	ENCSR161CZA	ENCSR234UFS	BPNet	predicted signal profile	bigWig	ChIP-seq	ATOH8	A549	cell-line	cell-line	cell-line	plus	none	passed
ENCFF343AUT	ENCFF343AUT	ENCSR636MKU	ENCSR478VGG	BPNet	predicted signal profile	bigWig	ChIP-seq	BACH1	GM12878	cell-line	cell-line	cell-line	minus	none	passed
ENCFF214RXJ	ENCFF214RXJ	ENCSR636MKU	ENCSR478VGG	BPNet	predicted signal profile	bigWig	ChIP-seq	BACH1	GM12878	cell-line	cell-line	cell-line	plus	none	passed
ENCFF367EBI	ENCFF367EBI	ENCSR740NPG	ENCSR166BIR	BPNet	predicted signal profile	bigWig	ChIP-seq	BACH1	K562	cell-line	cell-line	cell-line	minus	none	passed
ENCFF804QKU	ENCFF804QKU	ENCSR000EGD	ENCSR326GUZ	BPNet	predicted signal profile	bigWig	ChIP-seq	BACH1	K562	cell-line	cell-line	cell-line	minus	none	passed
ENCFF565JNB	ENCFF565JNB	ENCSR000EGD	ENCSR326GUZ	BPNet	predicted signal profile	bigWig	ChIP-seq	BACH1	K562	cell-line	cell-line	cell-line	plus	none	passed
ENCFF814CIM	ENCFF814CIM	ENCSR740NPG	ENCSR166BIR	BPNet	predicted signal profile	bigWig	ChIP-seq	BACH1	K562	cell-line	cell-line	cell-line	plus	none	passed
ENCFF167TLG	ENCFF167TLG	ENCSR036THH	ENCSR467XIK	BPNet	predicted signal profile	bigWig	ChIP-seq	BACH2	SK-N-SH	cell-line	cell-line	cell-line	minus	none	passed
ENCFF461JEX	ENCFF461JEX	ENCSR036THH	ENCSR467XIK	BPNet	predicted signal profile	bigWig	ChIP-seq	BACH2	SK-N-SH	cell-line	cell-line	cell-line	plus	none	passed
ENCFF320QHM	ENCFF320QHM	ENCSR000BGT	ENCSR367ANH	BPNet	predicted signal profile	bigWig	ChIP-seq	BATF	GM12878	cell-line	cell-line	cell-line	minus	none	passed
ENCFF078XYM	ENCFF078XYM	ENCSR000BGT	ENCSR367ANH	BPNet	predicted signal profile	bigWig	ChIP-seq	BATF	GM12878	cell-line	cell-line	cell-line	plus	none	passed
ENCFF829JTL	ENCFF829JTL	ENCSR507BRS	ENCSR611OLN	BPNet	predicted signal profile	bigWig	ChIP-seq	BATF2	HepG2	cell-line	cell-line	cell-line	minus	none	passed
ENCFF220MXM	ENCFF220MXM	ENCSR507BRS	ENCSR611OLN	BPNet	predicted signal profile	bigWig	ChIP-seq	BATF2	HepG2	cell-line	cell-line	cell-line	plus	none	passed
ENCFF127TMB	ENCFF127TMB	ENCSR000BHA	ENCSR683WNX	BPNet	predicted signal profile	bigWig	ChIP-seq	BCL11A	GM12878	cell-line	cell-line	cell-line	minus	none	passed
ENCFF393RIP	ENCFF393RIP	ENCSR000BHA	ENCSR683WNX	BPNet	predicted signal profile	bigWig	ChIP-seq	BCL11A	GM12878	cell-line	cell-line	cell-line	plus	none	passed
ENCFF452OWO	ENCFF452OWO	ENCSR021DJC	ENCSR027OIP	BPNet	predicted signal profile	bigWig	ChIP-seq	BCL11A	HEK293	cell-line	cell-line	cell-line	minus	none	passed
ENCFF023BXZ	ENCFF023BXZ	ENCSR021DJC	ENCSR027OIP	BPNet	predicted signal profile	bigWig	ChIP-seq	BCL11A	HEK293	cell-line	cell-line	cell-line	plus	none	passed
ENCFF770VBU	ENCFF770VBU	ENCSR770PQN	ENCSR676KNH	BPNet	predicted signal profile	bigWig	ChIP-seq	BCL11B	HEK293	cell-line	cell-line	cell-line	minus	none	passed
ENCFF007INR	ENCFF007INR	ENCSR770PQN	ENCSR676KNH	BPNet	predicted signal profile	bigWig	ChIP-seq	BCL11B	HEK293	cell-line	cell-line	cell-line	plus	none	passed
ENCFF050WBR	ENCFF050WBR	ENCSR759BDG	ENCSR679ZPP	BPNet	predicted signal profile	bigWig	ChIP-seq	BCL6	HepG2	cell-line	cell-line	cell-line	minus	none	passed
ENCFF486OJX	ENCFF486OJX	ENCSR759BDG	ENCSR679ZPP	BPNet	predicted signal profile	bigWig	ChIP-seq	BCL6	HepG2	cell-line	cell-line	cell-line	plus	none	passed
ENCFF124VPP	ENCFF124VPP	ENCSR673SGK	ENCSR317PHW	BPNet	predicted signal profile	bigWig	ChIP-seq	BCL6B	HEK293	cell-line	cell-line	cell-line	minus	none	passed
ENCFF861LEY	ENCFF861LEY	ENCSR673SGK	ENCSR317PHW	BPNet	predicted signal profile	bigWig	ChIP-seq	BCL6B	HEK293	cell-line	cell-line	cell-line	plus	none	passed
ENCFF696YDB	ENCFF696YDB	ENCSR888QFJ	ENCSR298UPH	BPNet	predicted signal profile	bigWig	ChIP-seq	BHLHA15	HepG2	cell-line	cell-line	cell-line	minus	none	passed
ENCFF562DIZ	ENCFF562DIZ	ENCSR888QFJ	ENCSR298UPH	BPNet	predicted signal profile	bigWig	ChIP-seq	BHLHA15	HepG2	cell-line	cell-line	cell-line	plus	none	passed
ENCFF311ZMO	ENCFF311ZMO	ENCSR000DYJ	ENCSR748VCW	BPNet	predicted signal profile	bigWig	ChIP-seq	BHLHE40	A549	cell-line	cell-line	cell-line	minus	none	passed
ENCFF697FCZ	ENCFF697FCZ	ENCSR000DYJ	ENCSR748VCW	BPNet	predicted signal profile	bigWig	ChIP-seq	BHLHE40	A549	cell-line	cell-line	cell-line	plus	none	passed
ENCFF221RVM	ENCFF221RVM	ENCSR000DZJ	ENCSR239UVB	BPNet	predicted signal profile	bigWig	ChIP-seq	BHLHE40	GM12878	cell-line	cell-line	cell-line	minus	none	passed
ENCFF471LEO	ENCFF471LEO	ENCSR987MTA	ENCSR342AKH	BPNet	predicted signal profile	bigWig	ChIP-seq	BHLHE40	GM12878	cell-line	cell-line	cell-line	minus	none	passed
ENCFF532SUR	ENCFF532SUR	ENCSR987MTA	ENCSR342AKH	BPNet	predicted signal profile	bigWig	ChIP-seq	BHLHE40	GM12878	cell-line	cell-line	cell-line	plus	none	passed
ENCFF655NIY	ENCFF655NIY	ENCSR000DZJ	ENCSR239UVB	BPNet	predicted signal profile	bigWig	ChIP-seq	BHLHE40	GM12878	cell-line	cell-line	cell-line	plus	none	passed
ENCFF808YSN	ENCFF808YSN	ENCSR000EDT	ENCSR185XMD	BPNet	predicted signal profile	bigWig	ChIP-seq	BHLHE40	HepG2	cell-line	cell-line	cell-line	minus	none	passed
ENCFF854PAK	ENCFF854PAK	ENCSR000BID	ENCSR485MPU	BPNet	predicted signal profile	bigWig	ChIP-seq	BHLHE40	HepG2	cell-line	cell-line	cell-line	minus	none	passed
ENCFF819HPS	ENCFF819HPS	ENCSR000EDT	ENCSR185XMD	BPNet	predicted signal profile	bigWig	ChIP-seq	BHLHE40	HepG2	cell-line	cell-line	cell-line	plus	none	passed
ENCFF900UMV	ENCFF900UMV	ENCSR000BID	ENCSR485MPU	BPNet	predicted signal profile	bigWig	ChIP-seq	BHLHE40	HepG2	cell-line	cell-line	cell-line	plus	none	passed
ENCFF117EWL	ENCFF117EWL	ENCSR957KYB	ENCSR695LTU	BPNet	predicted signal profile	bigWig	ChIP-seq	BHLHE40	IMR-90	cell-line	cell-line	cell-line	minus	none	passed
ENCFF300QBV	ENCFF300QBV	ENCSR957KYB	ENCSR695LTU	BPNet	predicted signal profile	bigWig	ChIP-seq	BHLHE40	IMR-90	cell-line	cell-line	cell-line	plus	none	passed
ENCFF842KIF	ENCFF842KIF	ENCSR000EGV	ENCSR789BUU	BPNet	predicted signal profile	bigWig	ChIP-seq	BHLHE40	K562	cell-line	cell-line	cell-line	minus	none	passed
ENCFF859BFW	ENCFF859BFW	ENCSR000EGV	ENCSR789BUU	BPNet	predicted signal profile	bigWig	ChIP-seq	BHLHE40	K562	cell-line	cell-line	cell-line	plus	none	passed
ENCFF824YJG	ENCFF824YJG	ENCSR754GYI	ENCSR103PKW	BPNet	predicted signal profile	bigWig	ChIP-seq	BNC2	SK-N-SH	cell-line	cell-line	cell-line	minus	none	passed
ENCFF708NEX	ENCFF708NEX	ENCSR754GYI	ENCSR103PKW	BPNet	predicted signal profile	bigWig	ChIP-seq	BNC2	SK-N-SH	cell-line	cell-line	cell-line	plus	none	passed
ENCFF168UNZ	ENCFF168UNZ	ENCSR860UHK	ENCSR898TRL	BPNet	predicted signal profile	bigWig	ChIP-seq	CBFB	GM12878	cell-line	cell-line	cell-line	minus	none	passed
ENCFF962FUK	ENCFF962FUK	ENCSR860UHK	ENCSR898TRL	BPNet	predicted signal profile	bigWig	ChIP-seq	CBFB	GM12878	cell-line	cell-line	cell-line	plus	none	passed
ENCFF359VED	ENCFF359VED	ENCSR479RZV	ENCSR392OOL	BPNet	predicted signal profile	bigWig	ChIP-seq	CBFB	HepG2	cell-line	cell-line	cell-line	minus	none	passed
ENCFF615RCH	ENCFF615RCH	ENCSR479RZV	ENCSR392OOL	BPNet	predicted signal profile	bigWig	ChIP-seq	CBFB	HepG2	cell-line	cell-line	cell-line	plus	none	passed
ENCFF751BFY	ENCFF751BFY	ENCSR116NDV	ENCSR869FJD	BPNet	predicted signal profile	bigWig	ChIP-seq	CBFB	K562	cell-line	cell-line	cell-line	minus	none	passed
ENCFF747SLE	ENCFF747SLE	ENCSR116NDV	ENCSR869FJD	BPNet	predicted signal profile	bigWig	ChIP-seq	CBFB	K562	cell-line	cell-line	cell-line	plus	none	passed
ENCFF536VZZ	ENCFF536VZZ	ENCSR142IGM	ENCSR470KOS	BPNet	predicted signal profile	bigWig	ChIP-seq	CEBPA	HepG2	cell-line	cell-line	cell-line	minus	none	passed
ENCFF978EQW	ENCFF978EQW	ENCSR142IGM	ENCSR470KOS	BPNet	predicted signal profile	bigWig	ChIP-seq	CEBPA	HepG2	cell-line	cell-line	cell-line	plus	none	passed
ENCFF069QDV	ENCFF069QDV	ENCSR190VMK	ENCSR193DUC	BPNet	predicted signal profile	bigWig	ChIP-seq	CEBPB	A549	cell-line	cell-line	cell-line	minus	none	passed
ENCFF177LEN	ENCFF177LEN	ENCSR000BUB	ENCSR532EMH	BPNet	predicted signal profile	bigWig	ChIP-seq	CEBPB	A549	cell-line	cell-line	cell-line	minus	none	passed
ENCFF441PAL	ENCFF441PAL	ENCSR375BUB	ENCSR371YSK	BPNet	predicted signal profile	bigWig	ChIP-seq	CEBPB	A549	cell-line	cell-line	cell-line	minus	none	passed
ENCFF445QAX	ENCFF445QAX	ENCSR752AQK	ENCSR592NTA	BPNet	predicted signal profile	bigWig	ChIP-seq	CEBPB	A549	cell-line	cell-line	cell-line	minus	none	passed
ENCFF450URK	ENCFF450URK	ENCSR701TCU	ENCSR858CXQ	BPNet	predicted signal profile	bigWig	ChIP-seq	CEBPB	A549	cell-line	cell-line	cell-line	minus	none	passed
ENCFF480FSI	ENCFF480FSI	ENCSR182OZC	ENCSR817FCW	BPNet	predicted signal profile	bigWig	ChIP-seq	CEBPB	A549	cell-line	cell-line	cell-line	minus	none	passed
ENCFF489ZRT	ENCFF489ZRT	ENCSR853DWE	ENCSR104TSU	BPNet	predicted signal profile	bigWig	ChIP-seq	CEBPB	A549	cell-line	cell-line	cell-line	minus	none	passed
ENCFF519GNA	ENCFF519GNA	ENCSR269IUA	ENCSR354GWM	BPNet	predicted signal profile	bigWig	ChIP-seq	CEBPB	A549	cell-line	cell-line	cell-line	minus	none	passed
ENCFF532YPU	ENCFF532YPU	ENCSR447ZMS	ENCSR499GKM	BPNet	predicted signal profile	bigWig	ChIP-seq	CEBPB	A549	cell-line	cell-line	cell-line	minus	none	passed
ENCFF553KJS	ENCFF553KJS	ENCSR216GEB	ENCSR837GTG	BPNet	predicted signal profile	bigWig	ChIP-seq	CEBPB	A549	cell-line	cell-line	cell-line	minus	none	passed
ENCFF620ZXQ	ENCFF620ZXQ	ENCSR000DYI	ENCSR369ECF	BPNet	predicted signal profile	bigWig	ChIP-seq	CEBPB	A549	cell-line	cell-line	cell-line	minus	none	passed
ENCFF624FXL	ENCFF624FXL	ENCSR299ILN	ENCSR484BEY	BPNet	predicted signal profile	bigWig	ChIP-seq	CEBPB	A549	cell-line	cell-line	cell-line	minus	none	passed
ENCFF640MOU	ENCFF640MOU	ENCSR474DCX	ENCSR613GGY	BPNet	predicted signal profile	bigWig	ChIP-seq	CEBPB	A549	cell-line	cell-line	cell-line	minus	none	passed
ENCFF685FFC	ENCFF685FFC	ENCSR606ZTC	ENCSR646YTU	BPNet	predicted signal profile	bigWig	ChIP-seq	CEBPB	A549	cell-line	cell-line	cell-line	minus	none	passed
ENCFF015KWF	ENCFF015KWF	ENCSR000DYI	ENCSR369ECF	BPNet	predicted signal profile	bigWig	ChIP-seq	CEBPB	A549	cell-line	cell-line	cell-line	plus	none	passed
ENCFF044HPO	ENCFF044HPO	ENCSR701TCU	ENCSR858CXQ	BPNet	predicted signal profile	bigWig	ChIP-seq	CEBPB	A549	cell-line	cell-line	cell-line	plus	none	passed
ENCFF065LJI	ENCFF065LJI	ENCSR269IUA	ENCSR354GWM	BPNet	predicted signal profile	bigWig	ChIP-seq	CEBPB	A549	cell-line	cell-line	cell-line	plus	none	passed
ENCFF089XIT	ENCFF089XIT	ENCSR216GEB	ENCSR837GTG	BPNet	predicted signal profile	bigWig	ChIP-seq	CEBPB	A549	cell-line	cell-line	cell-line	plus	none	passed
ENCFF294ROY	ENCFF294ROY	ENCSR375BUB	ENCSR371YSK	BPNet	predicted signal profile	bigWig	ChIP-seq	CEBPB	A549	cell-line	cell-line	cell-line	plus	none	passed
ENCFF318BLQ	ENCFF318BLQ	ENCSR182OZC	ENCSR817FCW	BPNet	predicted signal profile	bigWig	ChIP-seq	CEBPB	A549	cell-line	cell-line	cell-line	plus	none	passed
ENCFF380TCC	ENCFF380TCC	ENCSR447ZMS	ENCSR499GKM	BPNet	predicted signal profile	bigWig	ChIP-seq	CEBPB	A549	cell-line	cell-line	cell-line	plus	none	passed
ENCFF590GME	ENCFF590GME	ENCSR000BUB	ENCSR532EMH	BPNet	predicted signal profile	bigWig	ChIP-seq	CEBPB	A549	cell-line	cell-line	cell-line	plus	none	passed
ENCFF653TGD	ENCFF653TGD	ENCSR190VMK	ENCSR193DUC	BPNet	predicted signal profile	bigWig	ChIP-seq	CEBPB	A549	cell-line	cell-line	cell-line	plus	none	passed
ENCFF692IZM	ENCFF692IZM	ENCSR752AQK	ENCSR592NTA	BPNet	predicted signal profile	bigWig	ChIP-seq	CEBPB	A549	cell-line	cell-line	cell-line	plus	none	passed
ENCFF789DKN	ENCFF789DKN	ENCSR853DWE	ENCSR104TSU	BPNet	predicted signal profile	bigWig	ChIP-seq	CEBPB	A549	cell-line	cell-line	cell-line	plus	none	passed
ENCFF796AIP	ENCFF796AIP	ENCSR606ZTC	ENCSR646YTU	BPNet	predicted signal profile	bigWig	ChIP-seq	CEBPB	A549	cell-line	cell-line	cell-line	plus	none	passed
ENCFF796MHB	ENCFF796MHB	ENCSR474DCX	ENCSR613GGY	BPNet	predicted signal profile	bigWig	ChIP-seq	CEBPB	A549	cell-line	cell-line	cell-line	plus	none	passed
ENCFF879HGV	ENCFF879HGV	ENCSR299ILN	ENCSR484BEY	BPNet	predicted signal profile	bigWig	ChIP-seq	CEBPB	A549	cell-line	cell-line	cell-line	plus	none	passed
ENCFF026GJI	ENCFF026GJI	ENCSR000BRX	ENCSR924MMU	BPNet	predicted signal profile	bigWig	ChIP-seq	CEBPB	GM12878	cell-line	cell-line	cell-line	minus	none	passed
ENCFF600SZA	ENCFF600SZA	ENCSR000BRX	ENCSR924MMU	BPNet	predicted signal profile	bigWig	ChIP-seq	CEBPB	GM12878	cell-line	cell-line	cell-line	plus	none	passed
ENCFF644RUK	ENCFF644RUK	ENCSR000EBV	ENCSR108YJK	BPNet	predicted signal profile	bigWig	ChIP-seq	CEBPB	H1	cell-line	cell-line	cell-line	minus	none	passed
ENCFF166ZIM	ENCFF166ZIM	ENCSR000EBV	ENCSR108YJK	BPNet	predicted signal profile	bigWig	ChIP-seq	CEBPB	H1	cell-line	cell-line	cell-line	plus	none	passed
ENCFF467VVM	ENCFF467VVM	ENCSR000BSD	ENCSR866PPS	BPNet	predicted signal profile	bigWig	ChIP-seq	CEBPB	HCT116	cell-line	cell-line	cell-line	minus	none	passed
ENCFF289VXB	ENCFF289VXB	ENCSR000BSD	ENCSR866PPS	BPNet	predicted signal profile	bigWig	ChIP-seq	CEBPB	HCT116	cell-line	cell-line	cell-line	plus	none	passed
ENCFF904RBA	ENCFF904RBA	ENCSR000EDA	ENCSR401SDK	BPNet	predicted signal profile	bigWig	ChIP-seq	CEBPB	HeLa-S3	cell-line	cell-line	cell-line	minus	none	passed
ENCFF902KTG	ENCFF902KTG	ENCSR000EDA	ENCSR401SDK	BPNet	predicted signal profile	bigWig	ChIP-seq	CEBPB	HeLa-S3	cell-line	cell-line	cell-line	plus	none	passed
ENCFF594JKW	ENCFF594JKW	ENCSR000EEX	ENCSR992MXV	BPNet	predicted signal profile	bigWig	ChIP-seq	CEBPB	HepG2	cell-line	cell-line	cell-line	minus	none	passed
ENCFF820SEW	ENCFF820SEW	ENCSR000EEE	ENCSR130EWG	BPNet	predicted signal profile	bigWig	ChIP-seq	CEBPB	HepG2	cell-line	cell-line	cell-line	minus	none	passed
ENCFF867CRM	ENCFF867CRM	ENCSR000BQI	ENCSR191MIR	BPNet	predicted signal profile	bigWig	ChIP-seq	CEBPB	HepG2	cell-line	cell-line	cell-line	minus	none	passed
ENCFF004XQX	ENCFF004XQX	ENCSR000EEE	ENCSR130EWG	BPNet	predicted signal profile	bigWig	ChIP-seq	CEBPB	HepG2	cell-line	cell-line	cell-line	plus	none	passed
ENCFF195CID	ENCFF195CID	ENCSR000BQI	ENCSR191MIR	BPNet	predicted signal profile	bigWig	ChIP-seq	CEBPB	HepG2	cell-line	cell-line	cell-line	plus	none	passed
ENCFF598CNI	ENCFF598CNI	ENCSR000EEX	ENCSR992MXV	BPNet	predicted signal profile	bigWig	ChIP-seq	CEBPB	HepG2	cell-line	cell-line	cell-line	plus	none	passed
ENCFF973SAT	ENCFF973SAT	ENCSR000EFM	ENCSR585GEN	BPNet	predicted signal profile	bigWig	ChIP-seq	CEBPB	IMR-90	cell-line	cell-line	cell-line	minus	none	passed
ENCFF176CMX	ENCFF176CMX	ENCSR000EFM	ENCSR585GEN	BPNet	predicted signal profile	bigWig	ChIP-seq	CEBPB	IMR-90	cell-line	cell-line	cell-line	plus	none	passed
ENCFF401GHY	ENCFF401GHY	ENCSR000BTT	ENCSR373YBM	BPNet	predicted signal profile	bigWig	ChIP-seq	CEBPB	Ishikawa	cell-line	cell-line	cell-line	minus	none	passed
ENCFF299VDV	ENCFF299VDV	ENCSR000BTT	ENCSR373YBM	BPNet	predicted signal profile	bigWig	ChIP-seq	CEBPB	Ishikawa	cell-line	cell-line	cell-line	plus	none	passed
ENCFF072QMA	ENCFF072QMA	ENCSR000BRQ	ENCSR073GKS	BPNet	predicted signal profile	bigWig	ChIP-seq	CEBPB	K562	cell-line	cell-line	cell-line	minus	none	passed
ENCFF091IAQ	ENCFF091IAQ	ENCSR416QLJ	ENCSR700UVP	BPNet	predicted signal profile	bigWig	ChIP-seq	CEBPB	K562	cell-line	cell-line	cell-line	minus	none	passed
ENCFF689FML	ENCFF689FML	ENCSR000EHE	ENCSR613ADC	BPNet	predicted signal profile	bigWig	ChIP-seq	CEBPB	K562	cell-line	cell-line	cell-line	minus	none	passed
ENCFF255RTB	ENCFF255RTB	ENCSR416QLJ	ENCSR700UVP	BPNet	predicted signal profile	bigWig	ChIP-seq	CEBPB	K562	cell-line	cell-line	cell-line	plus	none	passed
ENCFF734QOG	ENCFF734QOG	ENCSR000BRQ	ENCSR073GKS	BPNet	predicted signal profile	bigWig	ChIP-seq	CEBPB	K562	cell-line	cell-line	cell-line	plus	none	passed
ENCFF925DOJ	ENCFF925DOJ	ENCSR000EHE	ENCSR613ADC	BPNet	predicted signal profile	bigWig	ChIP-seq	CEBPB	K562	cell-line	cell-line	cell-line	plus	none	passed
ENCFF227RVQ	ENCFF227RVQ	ENCSR000BSR	ENCSR389GZV	BPNet	predicted signal profile	bigWig	ChIP-seq	CEBPB	MCF-7	cell-line	cell-line	cell-line	minus	none	passed
ENCFF637NDA	ENCFF637NDA	ENCSR000BSR	ENCSR389GZV	BPNet	predicted signal profile	bigWig	ChIP-seq	CEBPB	MCF-7	cell-line	cell-line	cell-line	plus	none	passed
ENCFF598YAZ	ENCFF598YAZ	ENCSR520MCD	ENCSR607OUC	BPNet	predicted signal profile	bigWig	ChIP-seq	CEBPD	HepG2	cell-line	cell-line	cell-line	minus	none	passed
ENCFF766XTP	ENCFF766XTP	ENCSR520MCD	ENCSR607OUC	BPNet	predicted signal profile	bigWig	ChIP-seq	CEBPD	HepG2	cell-line	cell-line	cell-line	plus	none	passed
ENCFF286CGP	ENCFF286CGP	ENCSR639IIZ	ENCSR251BTR	BPNet	predicted signal profile	bigWig	ChIP-seq	CEBPG	HepG2	cell-line	cell-line	cell-line	minus	none	passed
ENCFF350CZQ	ENCFF350CZQ	ENCSR639IIZ	ENCSR251BTR	BPNet	predicted signal profile	bigWig	ChIP-seq	CEBPG	HepG2	cell-line	cell-line	cell-line	plus	none	passed
ENCFF801QPI	ENCFF801QPI	ENCSR620VIC	ENCSR136AYM	BPNet	predicted signal profile	bigWig	ChIP-seq	CEBPG	K562	cell-line	cell-line	cell-line	minus	none	passed
ENCFF809RIS	ENCFF809RIS	ENCSR490LWA	ENCSR228BHD	BPNet	predicted signal profile	bigWig	ChIP-seq	CEBPG	K562	cell-line	cell-line	cell-line	minus	none	passed
ENCFF834PUQ	ENCFF834PUQ	ENCSR058DRG	ENCSR311RPM	BPNet	predicted signal profile	bigWig	ChIP-seq	CEBPG	K562	cell-line	cell-line	cell-line	minus	none	passed
ENCFF287ORQ	ENCFF287ORQ	ENCSR058DRG	ENCSR311RPM	BPNet	predicted signal profile	bigWig	ChIP-seq	CEBPG	K562	cell-line	cell-line	cell-line	plus	none	passed
ENCFF735IAA	ENCFF735IAA	ENCSR490LWA	ENCSR228BHD	BPNet	predicted signal profile	bigWig	ChIP-seq	CEBPG	K562	cell-line	cell-line	cell-line	plus	none	passed
ENCFF860DSN	ENCFF860DSN	ENCSR620VIC	ENCSR136AYM	BPNet	predicted signal profile	bigWig	ChIP-seq	CEBPG	K562	cell-line	cell-line	cell-line	plus	none	passed
ENCFF026YNH	ENCFF026YNH	ENCSR094ZCF	ENCSR699NDH	BPNet	predicted signal profile	bigWig	ChIP-seq	CEBPG	MCF-7	cell-line	cell-line	cell-line	minus	none	passed
ENCFF632JOB	ENCFF632JOB	ENCSR094ZCF	ENCSR699NDH	BPNet	predicted signal profile	bigWig	ChIP-seq	CEBPG	MCF-7	cell-line	cell-line	cell-line	plus	none	passed
ENCFF666IDF	ENCFF666IDF	ENCSR228OQM	ENCSR652BKL	BPNet	predicted signal profile	bigWig	ChIP-seq	CLOCK	K562	cell-line	cell-line	cell-line	minus	none	passed
ENCFF163ZBI	ENCFF163ZBI	ENCSR228OQM	ENCSR652BKL	BPNet	predicted signal profile	bigWig	ChIP-seq	CLOCK	K562	cell-line	cell-line	cell-line	plus	none	passed
ENCFF776GER	ENCFF776GER	ENCSR699YFX	ENCSR259WPF	BPNet	predicted signal profile	bigWig	ChIP-seq	CLOCK	MCF-7	cell-line	cell-line	cell-line	minus	none	passed
ENCFF972RUA	ENCFF972RUA	ENCSR934JDG	ENCSR223EKK	BPNet	predicted signal profile	bigWig	ChIP-seq	CLOCK	MCF-7	cell-line	cell-line	cell-line	minus	none	passed
ENCFF506FGD	ENCFF506FGD	ENCSR934JDG	ENCSR223EKK	BPNet	predicted signal profile	bigWig	ChIP-seq	CLOCK	MCF-7	cell-line	cell-line	cell-line	plus	none	passed
ENCFF768HDX	ENCFF768HDX	ENCSR699YFX	ENCSR259WPF	BPNet	predicted signal profile	bigWig	ChIP-seq	CLOCK	MCF-7	cell-line	cell-line	cell-line	plus	none	passed
ENCFF289BDV	ENCFF289BDV	ENCSR000BRA	ENCSR142HMT	BPNet	predicted signal profile	bigWig	ChIP-seq	CREB1	A549	cell-line	cell-line	cell-line	minus	none	passed
ENCFF971IJW	ENCFF971IJW	ENCSR000BRA	ENCSR142HMT	BPNet	predicted signal profile	bigWig	ChIP-seq	CREB1	A549	cell-line	cell-line	cell-line	plus	none	passed
ENCFF587AUW	ENCFF587AUW	ENCSR000BUF	ENCSR386RTL	BPNet	predicted signal profile	bigWig	ChIP-seq	CREB1	GM12878	cell-line	cell-line	cell-line	minus	none	passed
ENCFF646SRS	ENCFF646SRS	ENCSR000BUF	ENCSR386RTL	BPNet	predicted signal profile	bigWig	ChIP-seq	CREB1	GM12878	cell-line	cell-line	cell-line	plus	none	passed
ENCFF323UCF	ENCFF323UCF	ENCSR214ZAV	ENCSR854EDY	BPNet	predicted signal profile	bigWig	ChIP-seq	CREB1	GM23338	cell-line	cell-line	cell-line	minus	none	passed
ENCFF005NDP	ENCFF005NDP	ENCSR214ZAV	ENCSR854EDY	BPNet	predicted signal profile	bigWig	ChIP-seq	CREB1	GM23338	cell-line	cell-line	cell-line	plus	none	passed
ENCFF366GPC	ENCFF366GPC	ENCSR000BSN	ENCSR068UQY	BPNet	predicted signal profile	bigWig	ChIP-seq	CREB1	H1	cell-line	cell-line	cell-line	minus	none	passed
ENCFF115TIJ	ENCFF115TIJ	ENCSR000BSN	ENCSR068UQY	BPNet	predicted signal profile	bigWig	ChIP-seq	CREB1	H1	cell-line	cell-line	cell-line	plus	none	passed
ENCFF355PXK	ENCFF355PXK	ENCSR000BVL	ENCSR546LCZ	BPNet	predicted signal profile	bigWig	ChIP-seq	CREB1	HepG2	cell-line	cell-line	cell-line	minus	none	passed
ENCFF782NTA	ENCFF782NTA	ENCSR331ORD	ENCSR983YAI	BPNet	predicted signal profile	bigWig	ChIP-seq	CREB1	HepG2	cell-line	cell-line	cell-line	minus	none	passed
ENCFF938HYF	ENCFF938HYF	ENCSR112ALD	ENCSR590FMJ	BPNet	predicted signal profile	bigWig	ChIP-seq	CREB1	HepG2	cell-line	cell-line	cell-line	minus	none	passed
ENCFF319GPZ	ENCFF319GPZ	ENCSR112ALD	ENCSR590FMJ	BPNet	predicted signal profile	bigWig	ChIP-seq	CREB1	HepG2	cell-line	cell-line	cell-line	plus	none	passed
ENCFF659UYU	ENCFF659UYU	ENCSR331ORD	ENCSR983YAI	BPNet	predicted signal profile	bigWig	ChIP-seq	CREB1	HepG2	cell-line	cell-line	cell-line	plus	none	passed
ENCFF761JQP	ENCFF761JQP	ENCSR000BVL	ENCSR546LCZ	BPNet	predicted signal profile	bigWig	ChIP-seq	CREB1	HepG2	cell-line	cell-line	cell-line	plus	none	passed
ENCFF169ICW	ENCFF169ICW	ENCSR000BUR	ENCSR101JSJ	BPNet	predicted signal profile	bigWig	ChIP-seq	CREB1	Ishikawa	cell-line	cell-line	cell-line	minus	none	passed
ENCFF565RGO	ENCFF565RGO	ENCSR000BUR	ENCSR101JSJ	BPNet	predicted signal profile	bigWig	ChIP-seq	CREB1	Ishikawa	cell-line	cell-line	cell-line	plus	none	passed
ENCFF004UQH	ENCFF004UQH	ENCSR000BSO	ENCSR159GCM	BPNet	predicted signal profile	bigWig	ChIP-seq	CREB1	K562	cell-line	cell-line	cell-line	minus	none	passed
ENCFF920ZBV	ENCFF920ZBV	ENCSR471WXT	ENCSR908WRX	BPNet	predicted signal profile	bigWig	ChIP-seq	CREB1	K562	cell-line	cell-line	cell-line	minus	none	passed
ENCFF363VIO	ENCFF363VIO	ENCSR000BSO	ENCSR159GCM	BPNet	predicted signal profile	bigWig	ChIP-seq	CREB1	K562	cell-line	cell-line	cell-line	plus	none	passed
ENCFF456ZLQ	ENCFF456ZLQ	ENCSR471WXT	ENCSR908WRX	BPNet	predicted signal profile	bigWig	ChIP-seq	CREB1	K562	cell-line	cell-line	cell-line	plus	none	passed
ENCFF291UJZ	ENCFF291UJZ	ENCSR897JAS	ENCSR087LYI	BPNet	predicted signal profile	bigWig	ChIP-seq	CREB1	MCF-7	cell-line	cell-line	cell-line	minus	none	passed
ENCFF480LLE	ENCFF480LLE	ENCSR620DUQ	ENCSR292IHN	BPNet	predicted signal profile	bigWig	ChIP-seq	CREB1	MCF-7	cell-line	cell-line	cell-line	minus	none	passed
ENCFF377LXG	ENCFF377LXG	ENCSR620DUQ	ENCSR292IHN	BPNet	predicted signal profile	bigWig	ChIP-seq	CREB1	MCF-7	cell-line	cell-line	cell-line	plus	none	passed
ENCFF670XVM	ENCFF670XVM	ENCSR897JAS	ENCSR087LYI	BPNet	predicted signal profile	bigWig	ChIP-seq	CREB1	MCF-7	cell-line	cell-line	cell-line	plus	none	passed
ENCFF604CRH	ENCFF604CRH	ENCSR855XFL	ENCSR193GDX	BPNet	predicted signal profile	bigWig	ChIP-seq	CREB3	HepG2	cell-line	cell-line	cell-line	minus	none	passed
ENCFF688YOJ	ENCFF688YOJ	ENCSR855XFL	ENCSR193GDX	BPNet	predicted signal profile	bigWig	ChIP-seq	CREB3	HepG2	cell-line	cell-line	cell-line	plus	none	passed
ENCFF683IAZ	ENCFF683IAZ	ENCSR093FKD	ENCSR406DVL	BPNet	predicted signal profile	bigWig	ChIP-seq	CREB3	K562	cell-line	cell-line	cell-line	minus	none	passed
ENCFF525OET	ENCFF525OET	ENCSR093FKD	ENCSR406DVL	BPNet	predicted signal profile	bigWig	ChIP-seq	CREB3	K562	cell-line	cell-line	cell-line	plus	none	passed
ENCFF617FHY	ENCFF617FHY	ENCSR109YGM	ENCSR658LOZ	BPNet	predicted signal profile	bigWig	ChIP-seq	CREB3L1	K562	cell-line	cell-line	cell-line	minus	none	passed
ENCFF832GFL	ENCFF832GFL	ENCSR109YGM	ENCSR658LOZ	BPNet	predicted signal profile	bigWig	ChIP-seq	CREB3L1	K562	cell-line	cell-line	cell-line	plus	none	passed
ENCFF328DVK	ENCFF328DVK	ENCSR935PEA	ENCSR900VOQ	BPNet	predicted signal profile	bigWig	ChIP-seq	CREB5	K562	cell-line	cell-line	cell-line	minus	none	passed
ENCFF033YLA	ENCFF033YLA	ENCSR935PEA	ENCSR900VOQ	BPNet	predicted signal profile	bigWig	ChIP-seq	CREB5	K562	cell-line	cell-line	cell-line	plus	none	passed
ENCFF304GDU	ENCFF304GDU	ENCSR758GOA	ENCSR254GJX	BPNet	predicted signal profile	bigWig	ChIP-seq	CREB5	SK-N-SH	cell-line	cell-line	cell-line	minus	none	passed
ENCFF734ZVZ	ENCFF734ZVZ	ENCSR758GOA	ENCSR254GJX	BPNet	predicted signal profile	bigWig	ChIP-seq	CREB5	SK-N-SH	cell-line	cell-line	cell-line	plus	none	passed
ENCFF990SOQ	ENCFF990SOQ	ENCSR237OGW	ENCSR598TKV	BPNet	predicted signal profile	bigWig	ChIP-seq	CREBL2	HepG2	cell-line	cell-line	cell-line	minus	none	passed
ENCFF685EOB	ENCFF685EOB	ENCSR237OGW	ENCSR598TKV	BPNet	predicted signal profile	bigWig	ChIP-seq	CREBL2	HepG2	cell-line	cell-line	cell-line	plus	none	passed
ENCFF860BOK	ENCFF860BOK	ENCSR839XZU	ENCSR016SWO	BPNet	predicted signal profile	bigWig	ChIP-seq	CREM	GM12878	cell-line	cell-line	cell-line	minus	none	passed
ENCFF016DNA	ENCFF016DNA	ENCSR839XZU	ENCSR016SWO	BPNet	predicted signal profile	bigWig	ChIP-seq	CREM	GM12878	cell-line	cell-line	cell-line	plus	none	passed
ENCFF285CVV	ENCFF285CVV	ENCSR799FCZ	ENCSR278LKR	BPNet	predicted signal profile	bigWig	ChIP-seq	CREM	HepG2	cell-line	cell-line	cell-line	minus	none	passed
ENCFF986ITC	ENCFF986ITC	ENCSR903ELW	ENCSR683NNE	BPNet	predicted signal profile	bigWig	ChIP-seq	CREM	HepG2	cell-line	cell-line	cell-line	minus	none	passed
ENCFF510TJL	ENCFF510TJL	ENCSR799FCZ	ENCSR278LKR	BPNet	predicted signal profile	bigWig	ChIP-seq	CREM	HepG2	cell-line	cell-line	cell-line	plus	none	passed
ENCFF686KDM	ENCFF686KDM	ENCSR903ELW	ENCSR683NNE	BPNet	predicted signal profile	bigWig	ChIP-seq	CREM	HepG2	cell-line	cell-line	cell-line	plus	none	passed
ENCFF748UNN	ENCFF748UNN	ENCSR077DKV	ENCSR048MNW	BPNet	predicted signal profile	bigWig	ChIP-seq	CREM	K562	cell-line	cell-line	cell-line	minus	none	passed
ENCFF174NCD	ENCFF174NCD	ENCSR077DKV	ENCSR048MNW	BPNet	predicted signal profile	bigWig	ChIP-seq	CREM	K562	cell-line	cell-line	cell-line	plus	none	passed
ENCFF650XMO	ENCFF650XMO	ENCSR564TIP	ENCSR081VHO	BPNet	predicted signal profile	bigWig	ChIP-seq	CREM	WTC11	cell-line	cell-line	cell-line	minus	none	passed
ENCFF782JMM	ENCFF782JMM	ENCSR564TIP	ENCSR081VHO	BPNet	predicted signal profile	bigWig	ChIP-seq	CREM	WTC11	cell-line	cell-line	cell-line	plus	none	passed
ENCFF041RIV	ENCFF041RIV	ENCSR857PBV	ENCSR489YNA	BPNet	predicted signal profile	bigWig	ChIP-seq	CTCF	22Rv1	cell-line	cell-line	cell-line	minus	none	passed
ENCFF231ZVE	ENCFF231ZVE	ENCSR847XGE	ENCSR050LLD	BPNet	predicted signal profile	bigWig	ChIP-seq	CTCF	22Rv1	cell-line	cell-line	cell-line	minus	none	passed
ENCFF448CKT	ENCFF448CKT	ENCSR857PBV	ENCSR489YNA	BPNet	predicted signal profile	bigWig	ChIP-seq	CTCF	22Rv1	cell-line	cell-line	cell-line	plus	none	passed
ENCFF499DGX	ENCFF499DGX	ENCSR847XGE	ENCSR050LLD	BPNet	predicted signal profile	bigWig	ChIP-seq	CTCF	22Rv1	cell-line	cell-line	cell-line	plus	none	passed
ENCFF009KPK	ENCFF009KPK	ENCSR851SOK	ENCSR537HTN	BPNet	predicted signal profile	bigWig	ChIP-seq	CTCF	A549	cell-line	cell-line	cell-line	minus	none	passed
ENCFF012ACH	ENCFF012ACH	ENCSR287UXS	ENCSR022WFB	BPNet	predicted signal profile	bigWig	ChIP-seq	CTCF	A549	cell-line	cell-line	cell-line	minus	none	passed
ENCFF021UAH	ENCFF021UAH	ENCSR249JOH	ENCSR725HHO	BPNet	predicted signal profile	bigWig	ChIP-seq	CTCF	A549	cell-line	cell-line	cell-line	minus	none	passed
ENCFF050LIS	ENCFF050LIS	ENCSR000DYD	ENCSR702YGF	BPNet	predicted signal profile	bigWig	ChIP-seq	CTCF	A549	cell-line	cell-line	cell-line	minus	none	passed
ENCFF069TFK	ENCFF069TFK	ENCSR384KPP	ENCSR276DUH	BPNet	predicted signal profile	bigWig	ChIP-seq	CTCF	A549	cell-line	cell-line	cell-line	minus	none	passed
ENCFF125QKK	ENCFF125QKK	ENCSR414CQB	ENCSR308BOQ	BPNet	predicted signal profile	bigWig	ChIP-seq	CTCF	A549	cell-line	cell-line	cell-line	minus	none	passed
ENCFF153IZE	ENCFF153IZE	ENCSR000DNA	ENCSR006HEA	BPNet	predicted signal profile	bigWig	ChIP-seq	CTCF	A549	cell-line	cell-line	cell-line	minus	none	passed
ENCFF271SSD	ENCFF271SSD	ENCSR000BHV	ENCSR546FWR	BPNet	predicted signal profile	bigWig	ChIP-seq	CTCF	A549	cell-line	cell-line	cell-line	minus	none	passed
ENCFF323RLN	ENCFF323RLN	ENCSR173IEA	ENCSR766KYD	BPNet	predicted signal profile	bigWig	ChIP-seq	CTCF	A549	cell-line	cell-line	cell-line	minus	none	passed
ENCFF353QSI	ENCFF353QSI	ENCSR130TQM	ENCSR832RWD	BPNet	predicted signal profile	bigWig	ChIP-seq	CTCF	A549	cell-line	cell-line	cell-line	minus	none	passed
ENCFF409UPD	ENCFF409UPD	ENCSR432AXE	ENCSR972KHT	BPNet	predicted signal profile	bigWig	ChIP-seq	CTCF	A549	cell-line	cell-line	cell-line	minus	none	passed
ENCFF543EHQ	ENCFF543EHQ	ENCSR336VBV	ENCSR079ECO	BPNet	predicted signal profile	bigWig	ChIP-seq	CTCF	A549	cell-line	cell-line	cell-line	minus	none	passed
ENCFF565NJH	ENCFF565NJH	ENCSR876UZD	ENCSR130FCJ	BPNet	predicted signal profile	bigWig	ChIP-seq	CTCF	A549	cell-line	cell-line	cell-line	minus	none	passed
ENCFF701FLF	ENCFF701FLF	ENCSR035OXA	ENCSR124VGY	BPNet	predicted signal profile	bigWig	ChIP-seq	CTCF	A549	cell-line	cell-line	cell-line	minus	none	passed
ENCFF713NVU	ENCFF713NVU	ENCSR000BHW	ENCSR103KFR	BPNet	predicted signal profile	bigWig	ChIP-seq	CTCF	A549	cell-line	cell-line	cell-line	minus	none	passed
ENCFF722PNA	ENCFF722PNA	ENCSR000DPF	ENCSR129HIU	BPNet	predicted signal profile	bigWig	ChIP-seq	CTCF	A549	cell-line	cell-line	cell-line	minus	none	passed
ENCFF730MYQ	ENCFF730MYQ	ENCSR553UWG	ENCSR911PNG	BPNet	predicted signal profile	bigWig	ChIP-seq	CTCF	A549	cell-line	cell-line	cell-line	minus	none	passed
ENCFF830QHM	ENCFF830QHM	ENCSR000AUE	ENCSR762DDL	BPNet	predicted signal profile	bigWig	ChIP-seq	CTCF	A549	cell-line	cell-line	cell-line	minus	none	passed
ENCFF980LEN	ENCFF980LEN	ENCSR000AUF	ENCSR460WLC	BPNet	predicted signal profile	bigWig	ChIP-seq	CTCF	A549	cell-line	cell-line	cell-line	minus	none	passed
ENCFF062QXD	ENCFF062QXD	ENCSR414CQB	ENCSR308BOQ	BPNet	predicted signal profile	bigWig	ChIP-seq	CTCF	A549	cell-line	cell-line	cell-line	plus	none	passed
ENCFF135AVO	ENCFF135AVO	ENCSR553UWG	ENCSR911PNG	BPNet	predicted signal profile	bigWig	ChIP-seq	CTCF	A549	cell-line	cell-line	cell-line	plus	none	passed
ENCFF154OCT	ENCFF154OCT	ENCSR000AUF	ENCSR460WLC	BPNet	predicted signal profile	bigWig	ChIP-seq	CTCF	A549	cell-line	cell-line	cell-line	plus	none	passed
ENCFF215XRT	ENCFF215XRT	ENCSR384KPP	ENCSR276DUH	BPNet	predicted signal profile	bigWig	ChIP-seq	CTCF	A549	cell-line	cell-line	cell-line	plus	none	passed
ENCFF308KRN	ENCFF308KRN	ENCSR130TQM	ENCSR832RWD	BPNet	predicted signal profile	bigWig	ChIP-seq	CTCF	A549	cell-line	cell-line	cell-line	plus	none	passed
ENCFF309OIT	ENCFF309OIT	ENCSR000DYD	ENCSR702YGF	BPNet	predicted signal profile	bigWig	ChIP-seq	CTCF	A549	cell-line	cell-line	cell-line	plus	none	passed
ENCFF349CJU	ENCFF349CJU	ENCSR432AXE	ENCSR972KHT	BPNet	predicted signal profile	bigWig	ChIP-seq	CTCF	A549	cell-line	cell-line	cell-line	plus	none	passed
ENCFF465LAW	ENCFF465LAW	ENCSR336VBV	ENCSR079ECO	BPNet	predicted signal profile	bigWig	ChIP-seq	CTCF	A549	cell-line	cell-line	cell-line	plus	none	passed
ENCFF471YNY	ENCFF471YNY	ENCSR287UXS	ENCSR022WFB	BPNet	predicted signal profile	bigWig	ChIP-seq	CTCF	A549	cell-line	cell-line	cell-line	plus	none	passed
ENCFF477XPT	ENCFF477XPT	ENCSR851SOK	ENCSR537HTN	BPNet	predicted signal profile	bigWig	ChIP-seq	CTCF	A549	cell-line	cell-line	cell-line	plus	none	passed
ENCFF502BED	ENCFF502BED	ENCSR000DNA	ENCSR006HEA	BPNet	predicted signal profile	bigWig	ChIP-seq	CTCF	A549	cell-line	cell-line	cell-line	plus	none	passed
ENCFF624LPC	ENCFF624LPC	ENCSR000BHV	ENCSR546FWR	BPNet	predicted signal profile	bigWig	ChIP-seq	CTCF	A549	cell-line	cell-line	cell-line	plus	none	passed
ENCFF645IJY	ENCFF645IJY	ENCSR876UZD	ENCSR130FCJ	BPNet	predicted signal profile	bigWig	ChIP-seq	CTCF	A549	cell-line	cell-line	cell-line	plus	none	passed
ENCFF661NMU	ENCFF661NMU	ENCSR000BHW	ENCSR103KFR	BPNet	predicted signal profile	bigWig	ChIP-seq	CTCF	A549	cell-line	cell-line	cell-line	plus	none	passed
ENCFF662CTA	ENCFF662CTA	ENCSR173IEA	ENCSR766KYD	BPNet	predicted signal profile	bigWig	ChIP-seq	CTCF	A549	cell-line	cell-line	cell-line	plus	none	passed
ENCFF761GMM	ENCFF761GMM	ENCSR035OXA	ENCSR124VGY	BPNet	predicted signal profile	bigWig	ChIP-seq	CTCF	A549	cell-line	cell-line	cell-line	plus	none	passed
ENCFF848QGY	ENCFF848QGY	ENCSR000AUE	ENCSR762DDL	BPNet	predicted signal profile	bigWig	ChIP-seq	CTCF	A549	cell-line	cell-line	cell-line	plus	none	passed
ENCFF900HST	ENCFF900HST	ENCSR000DPF	ENCSR129HIU	BPNet	predicted signal profile	bigWig	ChIP-seq	CTCF	A549	cell-line	cell-line	cell-line	plus	none	passed
ENCFF982GKQ	ENCFF982GKQ	ENCSR249JOH	ENCSR725HHO	BPNet	predicted signal profile	bigWig	ChIP-seq	CTCF	A549	cell-line	cell-line	cell-line	plus	none	passed
ENCFF070SOF	ENCFF070SOF	ENCSR611JJS	ENCSR920OKJ	BPNet	predicted signal profile	bigWig	ChIP-seq	CTCF	A673	cell-line	cell-line	cell-line	minus	none	passed
ENCFF523WAV	ENCFF523WAV	ENCSR611JJS	ENCSR920OKJ	BPNet	predicted signal profile	bigWig	ChIP-seq	CTCF	A673	cell-line	cell-line	cell-line	plus	none	passed
ENCFF328NXI	ENCFF328NXI	ENCSR000DPG	ENCSR378SIR	BPNet	predicted signal profile	bigWig	ChIP-seq	CTCF	AG04449	cell-line	cell-line	cell-line	minus	none	passed
ENCFF117GGV	ENCFF117GGV	ENCSR000DPG	ENCSR378SIR	BPNet	predicted signal profile	bigWig	ChIP-seq	CTCF	AG04449	cell-line	cell-line	cell-line	plus	none	passed
ENCFF990HIW	ENCFF990HIW	ENCSR000DPM	ENCSR853WQB	BPNet	predicted signal profile	bigWig	ChIP-seq	CTCF	AG04450	cell-line	cell-line	cell-line	minus	none	passed
ENCFF228OVD	ENCFF228OVD	ENCSR000DPM	ENCSR853WQB	BPNet	predicted signal profile	bigWig	ChIP-seq	CTCF	AG04450	cell-line	cell-line	cell-line	plus	none	passed
ENCFF310KZV	ENCFF310KZV	ENCSR000DPP	ENCSR909PCF	BPNet	predicted signal profile	bigWig	ChIP-seq	CTCF	AG09309	cell-line	cell-line	cell-line	minus	none	passed
ENCFF946NYD	ENCFF946NYD	ENCSR000DPP	ENCSR909PCF	BPNet	predicted signal profile	bigWig	ChIP-seq	CTCF	AG09309	cell-line	cell-line	cell-line	plus	none	passed
ENCFF664CFS	ENCFF664CFS	ENCSR000DPS	ENCSR681HNW	BPNet	predicted signal profile	bigWig	ChIP-seq	CTCF	AG09319	cell-line	cell-line	cell-line	minus	none	passed
ENCFF985COP	ENCFF985COP	ENCSR000DPS	ENCSR681HNW	BPNet	predicted signal profile	bigWig	ChIP-seq	CTCF	AG09319	cell-line	cell-line	cell-line	plus	none	passed
ENCFF122MAR	ENCFF122MAR	ENCSR000DPV	ENCSR945LOE	BPNet	predicted signal profile	bigWig	ChIP-seq	CTCF	AG10803	cell-line	cell-line	cell-line	minus	none	passed
ENCFF079RII	ENCFF079RII	ENCSR000DPV	ENCSR945LOE	BPNet	predicted signal profile	bigWig	ChIP-seq	CTCF	AG10803	cell-line	cell-line	cell-line	plus	none	passed
ENCFF288RXF	ENCFF288RXF	ENCSR000AUV	ENCSR703RYO	BPNet	predicted signal profile	bigWig	ChIP-seq	CTCF	B-cell	b-cell	immune	immune-system	minus	none	passed
ENCFF468OCI	ENCFF468OCI	ENCSR075NRV	ENCSR589SIZ	BPNet	predicted signal profile	bigWig	ChIP-seq	CTCF	B-cell	b-cell	immune	immune-system	minus	none	passed
ENCFF021VMC	ENCFF021VMC	ENCSR075NRV	ENCSR589SIZ	BPNet	predicted signal profile	bigWig	ChIP-seq	CTCF	B-cell	b-cell	immune	immune-system	plus	none	passed
ENCFF921NBA	ENCFF921NBA	ENCSR000AUV	ENCSR703RYO	BPNet	predicted signal profile	bigWig	ChIP-seq	CTCF	B-cell	b-cell	immune	immune-system	plus	none	passed
ENCFF916WRT	ENCFF916WRT	ENCSR000DQD	ENCSR809LZD	BPNet	predicted signal profile	bigWig	ChIP-seq	CTCF	BE2C	cell-line	cell-line	cell-line	minus	none	passed
ENCFF904OXB	ENCFF904OXB	ENCSR000DQD	ENCSR809LZD	BPNet	predicted signal profile	bigWig	ChIP-seq	CTCF	BE2C	cell-line	cell-line	cell-line	plus	none	passed
ENCFF175SSI	ENCFF175SSI	ENCSR000DQI	ENCSR396FYG	BPNet	predicted signal profile	bigWig	ChIP-seq	CTCF	BJ	cell-line	cell-line	cell-line	minus	none	passed
ENCFF128SXK	ENCFF128SXK	ENCSR000DQI	ENCSR396FYG	BPNet	predicted signal profile	bigWig	ChIP-seq	CTCF	BJ	cell-line	cell-line	cell-line	plus	none	passed
ENCFF466NJG	ENCFF466NJG	ENCSR460LGH	ENCSR097TEU	BPNet	predicted signal profile	bigWig	ChIP-seq	CTCF	C4-2B	cell-line	cell-line	cell-line	minus	none	passed
ENCFF399RBP	ENCFF399RBP	ENCSR460LGH	ENCSR097TEU	BPNet	predicted signal profile	bigWig	ChIP-seq	CTCF	C4-2B	cell-line	cell-line	cell-line	plus	none	passed
ENCFF124MGM	ENCFF124MGM	ENCSR162KZY	ENCSR644MSL	BPNet	predicted signal profile	bigWig	ChIP-seq	CTCF	CD14-positive-monocyte	cd	immune	immune-system	minus	none	passed
ENCFF742WUE	ENCFF742WUE	ENCSR000ATN	ENCSR973TTH	BPNet	predicted signal profile	bigWig	ChIP-seq	CTCF	CD14-positive-monocyte	cd	immune	immune-system	minus	none	passed
ENCFF118RIF	ENCFF118RIF	ENCSR000ATN	ENCSR973TTH	BPNet	predicted signal profile	bigWig	ChIP-seq	CTCF	CD14-positive-monocyte	cd	immune	immune-system	plus	none	passed
ENCFF996RQB	ENCFF996RQB	ENCSR162KZY	ENCSR644MSL	BPNet	predicted signal profile	bigWig	ChIP-seq	CTCF	CD14-positive-monocyte	cd	immune	immune-system	plus	none	passed
ENCFF130RFX	ENCFF130RFX	ENCSR470KCE	ENCSR110MUG	BPNet	predicted signal profile	bigWig	ChIP-seq	CTCF	CD4-positive,-alpha-beta-T-cell	t-cell	immune	immune-system	minus	none	passed
ENCFF956RRB	ENCFF956RRB	ENCSR470KCE	ENCSR110MUG	BPNet	predicted signal profile	bigWig	ChIP-seq	CTCF	CD4-positive,-alpha-beta-T-cell	t-cell	immune	immune-system	plus	none	passed
ENCFF940HOS	ENCFF940HOS	ENCSR116AKQ	ENCSR301ZKN	BPNet	predicted signal profile	bigWig	ChIP-seq	CTCF	CD8-positive,-alpha-beta-T-cell	t-cell	immune	immune-system	minus	none	passed
ENCFF566GLI	ENCFF566GLI	ENCSR116AKQ	ENCSR301ZKN	BPNet	predicted signal profile	bigWig	ChIP-seq	CTCF	CD8-positive,-alpha-beta-T-cell	t-cell	immune	immune-system	plus	none	passed
ENCFF461CPX	ENCFF461CPX	ENCSR961IOA	ENCSR990LSR	BPNet	predicted signal profile	bigWig	ChIP-seq	CTCF	Caco-2	cell-line	cell-line	cell-line	minus	none	passed
ENCFF652AND	ENCFF652AND	ENCSR000DQN	ENCSR832NEH	BPNet	predicted signal profile	bigWig	ChIP-seq	CTCF	Caco-2	cell-line	cell-line	cell-line	minus	none	passed
ENCFF214OGY	ENCFF214OGY	ENCSR961IOA	ENCSR990LSR	BPNet	predicted signal profile	bigWig	ChIP-seq	CTCF	Caco-2	cell-line	cell-line	cell-line	plus	none	passed
ENCFF922XWO	ENCFF922XWO	ENCSR000DQN	ENCSR832NEH	BPNet	predicted signal profile	bigWig	ChIP-seq	CTCF	Caco-2	cell-line	cell-line	cell-line	plus	none	passed
ENCFF463AVT	ENCFF463AVT	ENCSR921ERP	ENCSR429DFS	BPNet	predicted signal profile	bigWig	ChIP-seq	CTCF	Calu3	cell-line	cell-line	cell-line	minus	none	passed
ENCFF856PRE	ENCFF856PRE	ENCSR921ERP	ENCSR429DFS	BPNet	predicted signal profile	bigWig	ChIP-seq	CTCF	Calu3	cell-line	cell-line	cell-line	plus	none	passed
ENCFF538AGZ	ENCFF538AGZ	ENCSR000DMY	ENCSR144FRI	BPNet	predicted signal profile	bigWig	ChIP-seq	CTCF	D721Med	cell-line	cell-line	cell-line	minus	none	passed
ENCFF293ONS	ENCFF293ONS	ENCSR000DMY	ENCSR144FRI	BPNet	predicted signal profile	bigWig	ChIP-seq	CTCF	D721Med	cell-line	cell-line	cell-line	plus	none	passed
ENCFF253TGI	ENCFF253TGI	ENCSR000AQU	ENCSR804TKE	BPNet	predicted signal profile	bigWig	ChIP-seq	CTCF	DND-41	cell-line	cell-line	cell-line	minus	none	passed
ENCFF008PPE	ENCFF008PPE	ENCSR000AQU	ENCSR804TKE	BPNet	predicted signal profile	bigWig	ChIP-seq	CTCF	DND-41	cell-line	cell-line	cell-line	plus	none	passed
ENCFF615HRB	ENCFF615HRB	ENCSR084RDK	ENCSR151HUS	BPNet	predicted signal profile	bigWig	ChIP-seq	CTCF	DOHH2	cell-line	cell-line	cell-line	minus	none	passed
ENCFF156CYF	ENCFF156CYF	ENCSR084RDK	ENCSR151HUS	BPNet	predicted signal profile	bigWig	ChIP-seq	CTCF	DOHH2	cell-line	cell-line	cell-line	plus	none	passed
ENCFF259MAC	ENCFF259MAC	ENCSR000DQW	ENCSR734CVF	BPNet	predicted signal profile	bigWig	ChIP-seq	CTCF	GM06990	cell-line	cell-line	cell-line	minus	none	passed
ENCFF133EXW	ENCFF133EXW	ENCSR000DQW	ENCSR734CVF	BPNet	predicted signal profile	bigWig	ChIP-seq	CTCF	GM06990	cell-line	cell-line	cell-line	plus	none	passed
ENCFF495SYF	ENCFF495SYF	ENCSR000DKP	ENCSR737MKU	BPNet	predicted signal profile	bigWig	ChIP-seq	CTCF	GM10248	cell-line	cell-line	cell-line	minus	none	passed
ENCFF851FCN	ENCFF851FCN	ENCSR000DKP	ENCSR737MKU	BPNet	predicted signal profile	bigWig	ChIP-seq	CTCF	GM10248	cell-line	cell-line	cell-line	plus	none	passed
ENCFF628BSH	ENCFF628BSH	ENCSR000DKR	ENCSR678ZBU	BPNet	predicted signal profile	bigWig	ChIP-seq	CTCF	GM10266	cell-line	cell-line	cell-line	minus	none	passed
ENCFF248GSQ	ENCFF248GSQ	ENCSR000DKR	ENCSR678ZBU	BPNet	predicted signal profile	bigWig	ChIP-seq	CTCF	GM10266	cell-line	cell-line	cell-line	plus	none	passed
ENCFF326VYM	ENCFF326VYM	ENCSR000DRB	ENCSR838GVN	BPNet	predicted signal profile	bigWig	ChIP-seq	CTCF	GM12864	cell-line	cell-line	cell-line	minus	none	passed
ENCFF988ZHJ	ENCFF988ZHJ	ENCSR000DRB	ENCSR838GVN	BPNet	predicted signal profile	bigWig	ChIP-seq	CTCF	GM12864	cell-line	cell-line	cell-line	plus	none	passed
ENCFF660FVV	ENCFF660FVV	ENCSR000DRE	ENCSR328AFR	BPNet	predicted signal profile	bigWig	ChIP-seq	CTCF	GM12865	cell-line	cell-line	cell-line	minus	none	passed
ENCFF764RUQ	ENCFF764RUQ	ENCSR000DRE	ENCSR328AFR	BPNet	predicted signal profile	bigWig	ChIP-seq	CTCF	GM12865	cell-line	cell-line	cell-line	plus	none	passed
ENCFF961AWK	ENCFF961AWK	ENCSR000DRN	ENCSR423ZAB	BPNet	predicted signal profile	bigWig	ChIP-seq	CTCF	GM12872	cell-line	cell-line	cell-line	minus	none	passed
ENCFF145JDW	ENCFF145JDW	ENCSR000DRN	ENCSR423ZAB	BPNet	predicted signal profile	bigWig	ChIP-seq	CTCF	GM12872	cell-line	cell-line	cell-line	plus	none	passed
ENCFF203RUR	ENCFF203RUR	ENCSR000DRP	ENCSR268ALZ	BPNet	predicted signal profile	bigWig	ChIP-seq	CTCF	GM12873	cell-line	cell-line	cell-line	minus	none	passed
ENCFF058PLF	ENCFF058PLF	ENCSR000DRP	ENCSR268ALZ	BPNet	predicted signal profile	bigWig	ChIP-seq	CTCF	GM12873	cell-line	cell-line	cell-line	plus	none	passed
ENCFF274CJB	ENCFF274CJB	ENCSR000DRR	ENCSR660QIG	BPNet	predicted signal profile	bigWig	ChIP-seq	CTCF	GM12874	cell-line	cell-line	cell-line	minus	none	passed
ENCFF318OMQ	ENCFF318OMQ	ENCSR000DRR	ENCSR660QIG	BPNet	predicted signal profile	bigWig	ChIP-seq	CTCF	GM12874	cell-line	cell-line	cell-line	plus	none	passed
ENCFF531IQM	ENCFF531IQM	ENCSR000DRU	ENCSR803FJZ	BPNet	predicted signal profile	bigWig	ChIP-seq	CTCF	GM12875	cell-line	cell-line	cell-line	minus	none	passed
ENCFF002YLA	ENCFF002YLA	ENCSR000DRU	ENCSR803FJZ	BPNet	predicted signal profile	bigWig	ChIP-seq	CTCF	GM12875	cell-line	cell-line	cell-line	plus	none	passed
ENCFF018GSZ	ENCFF018GSZ	ENCSR000DRZ	ENCSR079TDJ	BPNet	predicted signal profile	bigWig	ChIP-seq	CTCF	GM12878	cell-line	cell-line	cell-line	minus	none	passed
ENCFF132YAY	ENCFF132YAY	ENCSR000AKB	ENCSR828JES	BPNet	predicted signal profile	bigWig	ChIP-seq	CTCF	GM12878	cell-line	cell-line	cell-line	minus	none	passed
ENCFF577CJU	ENCFF577CJU	ENCSR000DKV	ENCSR991FIE	BPNet	predicted signal profile	bigWig	ChIP-seq	CTCF	GM12878	cell-line	cell-line	cell-line	minus	none	passed
ENCFF767NWJ	ENCFF767NWJ	ENCSR000DZN	ENCSR419MKE	BPNet	predicted signal profile	bigWig	ChIP-seq	CTCF	GM12878	cell-line	cell-line	cell-line	minus	none	passed
ENCFF015GOU	ENCFF015GOU	ENCSR000DKV	ENCSR991FIE	BPNet	predicted signal profile	bigWig	ChIP-seq	CTCF	GM12878	cell-line	cell-line	cell-line	plus	none	passed
ENCFF262HTD	ENCFF262HTD	ENCSR000AKB	ENCSR828JES	BPNet	predicted signal profile	bigWig	ChIP-seq	CTCF	GM12878	cell-line	cell-line	cell-line	plus	none	passed
ENCFF538ZMW	ENCFF538ZMW	ENCSR000DRZ	ENCSR079TDJ	BPNet	predicted signal profile	bigWig	ChIP-seq	CTCF	GM12878	cell-line	cell-line	cell-line	plus	none	passed
ENCFF664ZVV	ENCFF664ZVV	ENCSR000DZN	ENCSR419MKE	BPNet	predicted signal profile	bigWig	ChIP-seq	CTCF	GM12878	cell-line	cell-line	cell-line	plus	none	passed
ENCFF386IHO	ENCFF386IHO	ENCSR000DKZ	ENCSR203ACM	BPNet	predicted signal profile	bigWig	ChIP-seq	CTCF	GM13976	cell-line	cell-line	cell-line	minus	none	passed
ENCFF993MYG	ENCFF993MYG	ENCSR000DKZ	ENCSR203ACM	BPNet	predicted signal profile	bigWig	ChIP-seq	CTCF	GM13976	cell-line	cell-line	cell-line	plus	none	passed
ENCFF706HCK	ENCFF706HCK	ENCSR000DLB	ENCSR184UDP	BPNet	predicted signal profile	bigWig	ChIP-seq	CTCF	GM13977	cell-line	cell-line	cell-line	minus	none	passed
ENCFF291ITE	ENCFF291ITE	ENCSR000DLB	ENCSR184UDP	BPNet	predicted signal profile	bigWig	ChIP-seq	CTCF	GM13977	cell-line	cell-line	cell-line	plus	none	passed
ENCFF184VAN	ENCFF184VAN	ENCSR000DLG	ENCSR625FMQ	BPNet	predicted signal profile	bigWig	ChIP-seq	CTCF	GM20000	cell-line	cell-line	cell-line	minus	none	passed
ENCFF897CWY	ENCFF897CWY	ENCSR000DLG	ENCSR625FMQ	BPNet	predicted signal profile	bigWig	ChIP-seq	CTCF	GM20000	cell-line	cell-line	cell-line	plus	none	passed
ENCFF309JUF	ENCFF309JUF	ENCSR611HGB	ENCSR014TCF	BPNet	predicted signal profile	bigWig	ChIP-seq	CTCF	GM23338	cell-line	cell-line	cell-line	minus	none	passed
ENCFF429THX	ENCFF429THX	ENCSR932ZMX	ENCSR861XDX	BPNet	predicted signal profile	bigWig	ChIP-seq	CTCF	GM23338	cell-line	cell-line	cell-line	minus	none	passed
ENCFF498VOK	ENCFF498VOK	ENCSR987GXT	ENCSR623FBO	BPNet	predicted signal profile	bigWig	ChIP-seq	CTCF	GM23338	cell-line	cell-line	cell-line	minus	none	passed
ENCFF038XPJ	ENCFF038XPJ	ENCSR987GXT	ENCSR623FBO	BPNet	predicted signal profile	bigWig	ChIP-seq	CTCF	GM23338	cell-line	cell-line	cell-line	plus	none	passed
ENCFF159HBC	ENCFF159HBC	ENCSR932ZMX	ENCSR861XDX	BPNet	predicted signal profile	bigWig	ChIP-seq	CTCF	GM23338	cell-line	cell-line	cell-line	plus	none	passed
ENCFF260LXQ	ENCFF260LXQ	ENCSR611HGB	ENCSR014TCF	BPNet	predicted signal profile	bigWig	ChIP-seq	CTCF	GM23338	cell-line	cell-line	cell-line	plus	none	passed
ENCFF004AUJ	ENCFF004AUJ	ENCSR000DLK	ENCSR951XDR	BPNet	predicted signal profile	bigWig	ChIP-seq	CTCF	H1	cell-line	cell-line	cell-line	minus	none	passed
ENCFF713IUZ	ENCFF713IUZ	ENCSR000AMF	ENCSR388MGB	BPNet	predicted signal profile	bigWig	ChIP-seq	CTCF	H1	cell-line	cell-line	cell-line	minus	none	passed
ENCFF880VWV	ENCFF880VWV	ENCSR000BNH	ENCSR564EWM	BPNet	predicted signal profile	bigWig	ChIP-seq	CTCF	H1	cell-line	cell-line	cell-line	minus	none	passed
ENCFF061CSH	ENCFF061CSH	ENCSR000BNH	ENCSR564EWM	BPNet	predicted signal profile	bigWig	ChIP-seq	CTCF	H1	cell-line	cell-line	cell-line	plus	none	passed
ENCFF074DHB	ENCFF074DHB	ENCSR000DLK	ENCSR951XDR	BPNet	predicted signal profile	bigWig	ChIP-seq	CTCF	H1	cell-line	cell-line	cell-line	plus	none	passed
ENCFF509XBO	ENCFF509XBO	ENCSR000AMF	ENCSR388MGB	BPNet	predicted signal profile	bigWig	ChIP-seq	CTCF	H1	cell-line	cell-line	cell-line	plus	none	passed
ENCFF727ATC	ENCFF727ATC	ENCSR000DKN	ENCSR334UTF	BPNet	predicted signal profile	bigWig	ChIP-seq	CTCF	H54	cell-line	cell-line	cell-line	minus	none	passed
ENCFF923GBU	ENCFF923GBU	ENCSR000DKN	ENCSR334UTF	BPNet	predicted signal profile	bigWig	ChIP-seq	CTCF	H54	cell-line	cell-line	cell-line	plus	none	passed
ENCFF680NQP	ENCFF680NQP	ENCSR871MKQ	ENCSR047KAE	BPNet	predicted signal profile	bigWig	ChIP-seq	CTCF	H9	cell-line	cell-line	cell-line	minus	none	passed
ENCFF508WXT	ENCFF508WXT	ENCSR871MKQ	ENCSR047KAE	BPNet	predicted signal profile	bigWig	ChIP-seq	CTCF	H9	cell-line	cell-line	cell-line	plus	none	passed
ENCFF052XEJ	ENCFF052XEJ	ENCSR352EIC	ENCSR635JNK	BPNet	predicted signal profile	bigWig	ChIP-seq	CTCF	HCT116	cell-line	cell-line	cell-line	minus	none	passed
ENCFF064HGP	ENCFF064HGP	ENCSR446FOM	ENCSR450FNU	BPNet	predicted signal profile	bigWig	ChIP-seq	CTCF	HCT116	cell-line	cell-line	cell-line	minus	none	passed
ENCFF118UAO	ENCFF118UAO	ENCSR059BCO	ENCSR007ULB	BPNet	predicted signal profile	bigWig	ChIP-seq	CTCF	HCT116	cell-line	cell-line	cell-line	minus	none	passed
ENCFF241BSE	ENCFF241BSE	ENCSR979ZEO	ENCSR458KCW	BPNet	predicted signal profile	bigWig	ChIP-seq	CTCF	HCT116	cell-line	cell-line	cell-line	minus	none	passed
ENCFF307LLF	ENCFF307LLF	ENCSR160GVO	ENCSR212VCX	BPNet	predicted signal profile	bigWig	ChIP-seq	CTCF	HCT116	cell-line	cell-line	cell-line	minus	none	passed
ENCFF323ECN	ENCFF323ECN	ENCSR288YJL	ENCSR824RSD	BPNet	predicted signal profile	bigWig	ChIP-seq	CTCF	HCT116	cell-line	cell-line	cell-line	minus	none	passed
ENCFF456FBW	ENCFF456FBW	ENCSR385CDF	ENCSR991MUU	BPNet	predicted signal profile	bigWig	ChIP-seq	CTCF	HCT116	cell-line	cell-line	cell-line	minus	none	passed
ENCFF457ODY	ENCFF457ODY	ENCSR240PRQ	ENCSR414BOR	BPNet	predicted signal profile	bigWig	ChIP-seq	CTCF	HCT116	cell-line	cell-line	cell-line	minus	none	passed
ENCFF551SSB	ENCFF551SSB	ENCSR107GWZ	ENCSR809QEU	BPNet	predicted signal profile	bigWig	ChIP-seq	CTCF	HCT116	cell-line	cell-line	cell-line	minus	none	passed
ENCFF573ZFY	ENCFF573ZFY	ENCSR341OQG	ENCSR326PBH	BPNet	predicted signal profile	bigWig	ChIP-seq	CTCF	HCT116	cell-line	cell-line	cell-line	minus	none	passed
ENCFF695PJI	ENCFF695PJI	ENCSR048RGR	ENCSR122FGV	BPNet	predicted signal profile	bigWig	ChIP-seq	CTCF	HCT116	cell-line	cell-line	cell-line	minus	none	passed
ENCFF725UAS	ENCFF725UAS	ENCSR000DTO	ENCSR479EDA	BPNet	predicted signal profile	bigWig	ChIP-seq	CTCF	HCT116	cell-line	cell-line	cell-line	minus	none	passed
ENCFF748URY	ENCFF748URY	ENCSR671ITY	ENCSR053AKB	BPNet	predicted signal profile	bigWig	ChIP-seq	CTCF	HCT116	cell-line	cell-line	cell-line	minus	none	passed
ENCFF770YXE	ENCFF770YXE	ENCSR450DXU	ENCSR808TEA	BPNet	predicted signal profile	bigWig	ChIP-seq	CTCF	HCT116	cell-line	cell-line	cell-line	minus	none	passed
ENCFF823OWR	ENCFF823OWR	ENCSR954MUZ	ENCSR522YJE	BPNet	predicted signal profile	bigWig	ChIP-seq	CTCF	HCT116	cell-line	cell-line	cell-line	minus	none	passed
ENCFF878XTR	ENCFF878XTR	ENCSR908TBJ	ENCSR837PNF	BPNet	predicted signal profile	bigWig	ChIP-seq	CTCF	HCT116	cell-line	cell-line	cell-line	minus	none	passed
ENCFF920SSV	ENCFF920SSV	ENCSR000BSE	ENCSR411AQS	BPNet	predicted signal profile	bigWig	ChIP-seq	CTCF	HCT116	cell-line	cell-line	cell-line	minus	none	passed
ENCFF929WFZ	ENCFF929WFZ	ENCSR216SIK	ENCSR446GUY	BPNet	predicted signal profile	bigWig	ChIP-seq	CTCF	HCT116	cell-line	cell-line	cell-line	minus	none	passed
ENCFF967RJQ	ENCFF967RJQ	ENCSR597TGH	ENCSR987ARI	BPNet	predicted signal profile	bigWig	ChIP-seq	CTCF	HCT116	cell-line	cell-line	cell-line	minus	none	passed
ENCFF082CWY	ENCFF082CWY	ENCSR059BCO	ENCSR007ULB	BPNet	predicted signal profile	bigWig	ChIP-seq	CTCF	HCT116	cell-line	cell-line	cell-line	plus	none	passed
ENCFF093CRL	ENCFF093CRL	ENCSR450DXU	ENCSR808TEA	BPNet	predicted signal profile	bigWig	ChIP-seq	CTCF	HCT116	cell-line	cell-line	cell-line	plus	none	passed
ENCFF135MVL	ENCFF135MVL	ENCSR671ITY	ENCSR053AKB	BPNet	predicted signal profile	bigWig	ChIP-seq	CTCF	HCT116	cell-line	cell-line	cell-line	plus	none	passed
ENCFF169YOJ	ENCFF169YOJ	ENCSR954MUZ	ENCSR522YJE	BPNet	predicted signal profile	bigWig	ChIP-seq	CTCF	HCT116	cell-line	cell-line	cell-line	plus	none	passed
ENCFF195IOF	ENCFF195IOF	ENCSR341OQG	ENCSR326PBH	BPNet	predicted signal profile	bigWig	ChIP-seq	CTCF	HCT116	cell-line	cell-line	cell-line	plus	none	passed
ENCFF231WGI	ENCFF231WGI	ENCSR000BSE	ENCSR411AQS	BPNet	predicted signal profile	bigWig	ChIP-seq	CTCF	HCT116	cell-line	cell-line	cell-line	plus	none	passed
ENCFF234RYE	ENCFF234RYE	ENCSR597TGH	ENCSR987ARI	BPNet	predicted signal profile	bigWig	ChIP-seq	CTCF	HCT116	cell-line	cell-line	cell-line	plus	none	passed
ENCFF290YAN	ENCFF290YAN	ENCSR160GVO	ENCSR212VCX	BPNet	predicted signal profile	bigWig	ChIP-seq	CTCF	HCT116	cell-line	cell-line	cell-line	plus	none	passed
ENCFF407JNI	ENCFF407JNI	ENCSR352EIC	ENCSR635JNK	BPNet	predicted signal profile	bigWig	ChIP-seq	CTCF	HCT116	cell-line	cell-line	cell-line	plus	none	passed
ENCFF491OWW	ENCFF491OWW	ENCSR446FOM	ENCSR450FNU	BPNet	predicted signal profile	bigWig	ChIP-seq	CTCF	HCT116	cell-line	cell-line	cell-line	plus	none	passed
ENCFF586HXX	ENCFF586HXX	ENCSR216SIK	ENCSR446GUY	BPNet	predicted signal profile	bigWig	ChIP-seq	CTCF	HCT116	cell-line	cell-line	cell-line	plus	none	passed
ENCFF669DDL	ENCFF669DDL	ENCSR288YJL	ENCSR824RSD	BPNet	predicted signal profile	bigWig	ChIP-seq	CTCF	HCT116	cell-line	cell-line	cell-line	plus	none	passed
ENCFF728IPD	ENCFF728IPD	ENCSR979ZEO	ENCSR458KCW	BPNet	predicted signal profile	bigWig	ChIP-seq	CTCF	HCT116	cell-line	cell-line	cell-line	plus	none	passed
ENCFF741EKD	ENCFF741EKD	ENCSR000DTO	ENCSR479EDA	BPNet	predicted signal profile	bigWig	ChIP-seq	CTCF	HCT116	cell-line	cell-line	cell-line	plus	none	passed
ENCFF822YJK	ENCFF822YJK	ENCSR908TBJ	ENCSR837PNF	BPNet	predicted signal profile	bigWig	ChIP-seq	CTCF	HCT116	cell-line	cell-line	cell-line	plus	none	passed
ENCFF836BGF	ENCFF836BGF	ENCSR385CDF	ENCSR991MUU	BPNet	predicted signal profile	bigWig	ChIP-seq	CTCF	HCT116	cell-line	cell-line	cell-line	plus	none	passed
ENCFF908IUO	ENCFF908IUO	ENCSR107GWZ	ENCSR809QEU	BPNet	predicted signal profile	bigWig	ChIP-seq	CTCF	HCT116	cell-line	cell-line	cell-line	plus	none	passed
ENCFF909BRU	ENCFF909BRU	ENCSR048RGR	ENCSR122FGV	BPNet	predicted signal profile	bigWig	ChIP-seq	CTCF	HCT116	cell-line	cell-line	cell-line	plus	none	passed
ENCFF985BSY	ENCFF985BSY	ENCSR240PRQ	ENCSR414BOR	BPNet	predicted signal profile	bigWig	ChIP-seq	CTCF	HCT116	cell-line	cell-line	cell-line	plus	none	passed
ENCFF429UQF	ENCFF429UQF	ENCSR617IFZ	ENCSR468NBS	BPNet	predicted signal profile	bigWig	ChIP-seq	CTCF	HEK293	cell-line	cell-line	cell-line	minus	none	passed
ENCFF764KQY	ENCFF764KQY	ENCSR000DTW	ENCSR937GND	BPNet	predicted signal profile	bigWig	ChIP-seq	CTCF	HEK293	cell-line	cell-line	cell-line	minus	none	passed
ENCFF099DIO	ENCFF099DIO	ENCSR617IFZ	ENCSR468NBS	BPNet	predicted signal profile	bigWig	ChIP-seq	CTCF	HEK293	cell-line	cell-line	cell-line	plus	none	passed
ENCFF284SCD	ENCFF284SCD	ENCSR000DTW	ENCSR937GND	BPNet	predicted signal profile	bigWig	ChIP-seq	CTCF	HEK293	cell-line	cell-line	cell-line	plus	none	passed
ENCFF842OJC	ENCFF842OJC	ENCSR000DUM	ENCSR868VBN	BPNet	predicted signal profile	bigWig	ChIP-seq	CTCF	HFF-Myc	cell-line	cell-line	cell-line	minus	none	passed
ENCFF875OZC	ENCFF875OZC	ENCSR000DUM	ENCSR868VBN	BPNet	predicted signal profile	bigWig	ChIP-seq	CTCF	HFF-Myc	cell-line	cell-line	cell-line	plus	none	passed
ENCFF451FPV	ENCFF451FPV	ENCSR163ULN	ENCSR395UKF	BPNet	predicted signal profile	bigWig	ChIP-seq	CTCF	HFFc6	cell-line	cell-line	cell-line	minus	none	passed
ENCFF947VRG	ENCFF947VRG	ENCSR163ULN	ENCSR395UKF	BPNet	predicted signal profile	bigWig	ChIP-seq	CTCF	HFFc6	cell-line	cell-line	cell-line	plus	none	passed
ENCFF882IHX	ENCFF882IHX	ENCSR000DUP	ENCSR275BLH	BPNet	predicted signal profile	bigWig	ChIP-seq	CTCF	HL-60	cell-line	cell-line	cell-line	minus	none	passed
ENCFF041VXJ	ENCFF041VXJ	ENCSR000DUP	ENCSR275BLH	BPNet	predicted signal profile	bigWig	ChIP-seq	CTCF	HL-60	cell-line	cell-line	cell-line	plus	none	passed
ENCFF118ZYM	ENCFF118ZYM	ENCSR000AOA	ENCSR052JJA	BPNet	predicted signal profile	bigWig	ChIP-seq	CTCF	HeLa-S3	cell-line	cell-line	cell-line	minus	none	passed
ENCFF229DUX	ENCFF229DUX	ENCSR000DLO	ENCSR971MHL	BPNet	predicted signal profile	bigWig	ChIP-seq	CTCF	HeLa-S3	cell-line	cell-line	cell-line	minus	none	passed
ENCFF918HKL	ENCFF918HKL	ENCSR000DUB	ENCSR351FAH	BPNet	predicted signal profile	bigWig	ChIP-seq	CTCF	HeLa-S3	cell-line	cell-line	cell-line	minus	none	passed
ENCFF465JTD	ENCFF465JTD	ENCSR000DLO	ENCSR971MHL	BPNet	predicted signal profile	bigWig	ChIP-seq	CTCF	HeLa-S3	cell-line	cell-line	cell-line	plus	none	passed
ENCFF627ICH	ENCFF627ICH	ENCSR000DUB	ENCSR351FAH	BPNet	predicted signal profile	bigWig	ChIP-seq	CTCF	HeLa-S3	cell-line	cell-line	cell-line	plus	none	passed
ENCFF961FPI	ENCFF961FPI	ENCSR000AOA	ENCSR052JJA	BPNet	predicted signal profile	bigWig	ChIP-seq	CTCF	HeLa-S3	cell-line	cell-line	cell-line	plus	none	passed
ENCFF142SUR	ENCFF142SUR	ENCSR000AMA	ENCSR999XPW	BPNet	predicted signal profile	bigWig	ChIP-seq	CTCF	HepG2	cell-line	cell-line	cell-line	minus	none	passed
ENCFF227VXH	ENCFF227VXH	ENCSR000BIE	ENCSR810FHL	BPNet	predicted signal profile	bigWig	ChIP-seq	CTCF	HepG2	cell-line	cell-line	cell-line	minus	none	passed
ENCFF417EVH	ENCFF417EVH	ENCSR000DUG	ENCSR314HTI	BPNet	predicted signal profile	bigWig	ChIP-seq	CTCF	HepG2	cell-line	cell-line	cell-line	minus	none	passed
ENCFF536CVR	ENCFF536CVR	ENCSR607XFI	ENCSR019KHO	BPNet	predicted signal profile	bigWig	ChIP-seq	CTCF	HepG2	cell-line	cell-line	cell-line	minus	none	passed
ENCFF947AAB	ENCFF947AAB	ENCSR000DLS	ENCSR393NEE	BPNet	predicted signal profile	bigWig	ChIP-seq	CTCF	HepG2	cell-line	cell-line	cell-line	minus	none	passed
ENCFF383LKR	ENCFF383LKR	ENCSR000DLS	ENCSR393NEE	BPNet	predicted signal profile	bigWig	ChIP-seq	CTCF	HepG2	cell-line	cell-line	cell-line	plus	none	passed
ENCFF557CMD	ENCFF557CMD	ENCSR000DUG	ENCSR314HTI	BPNet	predicted signal profile	bigWig	ChIP-seq	CTCF	HepG2	cell-line	cell-line	cell-line	plus	none	passed
ENCFF696KWY	ENCFF696KWY	ENCSR000BIE	ENCSR810FHL	BPNet	predicted signal profile	bigWig	ChIP-seq	CTCF	HepG2	cell-line	cell-line	cell-line	plus	none	passed
ENCFF733YEX	ENCFF733YEX	ENCSR000AMA	ENCSR999XPW	BPNet	predicted signal profile	bigWig	ChIP-seq	CTCF	HepG2	cell-line	cell-line	cell-line	plus	none	passed
ENCFF949WED	ENCFF949WED	ENCSR607XFI	ENCSR019KHO	BPNet	predicted signal profile	bigWig	ChIP-seq	CTCF	HepG2	cell-line	cell-line	cell-line	plus	none	passed
ENCFF969BDN	ENCFF969BDN	ENCSR000EFI	ENCSR691RJO	BPNet	predicted signal profile	bigWig	ChIP-seq	CTCF	IMR-90	cell-line	cell-line	cell-line	minus	none	passed
ENCFF530ZMC	ENCFF530ZMC	ENCSR000EFI	ENCSR691RJO	BPNet	predicted signal profile	bigWig	ChIP-seq	CTCF	IMR-90	cell-line	cell-line	cell-line	plus	none	passed
ENCFF715SGD	ENCFF715SGD	ENCSR000BQE	ENCSR417SZU	BPNet	predicted signal profile	bigWig	ChIP-seq	CTCF	Ishikawa	cell-line	cell-line	cell-line	minus	none	passed
ENCFF052IIA	ENCFF052IIA	ENCSR000BQE	ENCSR417SZU	BPNet	predicted signal profile	bigWig	ChIP-seq	CTCF	Ishikawa	cell-line	cell-line	cell-line	plus	none	passed
ENCFF122PAR	ENCFF122PAR	ENCSR000AKO	ENCSR415PVR	BPNet	predicted signal profile	bigWig	ChIP-seq	CTCF	K562	cell-line	cell-line	cell-line	minus	none	passed
ENCFF237ZQU	ENCFF237ZQU	ENCSR000BPJ	ENCSR733IVP	BPNet	predicted signal profile	bigWig	ChIP-seq	CTCF	K562	cell-line	cell-line	cell-line	minus	none	passed
ENCFF486QGR	ENCFF486QGR	ENCSR000DMA	ENCSR951XAM	BPNet	predicted signal profile	bigWig	ChIP-seq	CTCF	K562	cell-line	cell-line	cell-line	minus	none	passed
ENCFF776ETI	ENCFF776ETI	ENCSR000EGM	ENCSR957ZSR	BPNet	predicted signal profile	bigWig	ChIP-seq	CTCF	K562	cell-line	cell-line	cell-line	minus	none	passed
ENCFF904JBU	ENCFF904JBU	ENCSR000DWE	ENCSR263BFL	BPNet	predicted signal profile	bigWig	ChIP-seq	CTCF	K562	cell-line	cell-line	cell-line	minus	none	passed
ENCFF227OCW	ENCFF227OCW	ENCSR000BPJ	ENCSR733IVP	BPNet	predicted signal profile	bigWig	ChIP-seq	CTCF	K562	cell-line	cell-line	cell-line	plus	none	passed
ENCFF280JJC	ENCFF280JJC	ENCSR000EGM	ENCSR957ZSR	BPNet	predicted signal profile	bigWig	ChIP-seq	CTCF	K562	cell-line	cell-line	cell-line	plus	none	passed
ENCFF381SDV	ENCFF381SDV	ENCSR000DWE	ENCSR263BFL	BPNet	predicted signal profile	bigWig	ChIP-seq	CTCF	K562	cell-line	cell-line	cell-line	plus	none	passed
ENCFF559MPN	ENCFF559MPN	ENCSR000DMA	ENCSR951XAM	BPNet	predicted signal profile	bigWig	ChIP-seq	CTCF	K562	cell-line	cell-line	cell-line	plus	none	passed
ENCFF678VYN	ENCFF678VYN	ENCSR000AKO	ENCSR415PVR	BPNet	predicted signal profile	bigWig	ChIP-seq	CTCF	K562	cell-line	cell-line	cell-line	plus	none	passed
ENCFF854PKU	ENCFF854PKU	ENCSR430YRJ	ENCSR697GRK	BPNet	predicted signal profile	bigWig	ChIP-seq	CTCF	KMS-11	cell-line	cell-line	cell-line	minus	none	passed
ENCFF559PZW	ENCFF559PZW	ENCSR430YRJ	ENCSR697GRK	BPNet	predicted signal profile	bigWig	ChIP-seq	CTCF	KMS-11	cell-line	cell-line	cell-line	plus	none	passed
ENCFF171SQI	ENCFF171SQI	ENCSR315NAC	ENCSR130PWB	BPNet	predicted signal profile	bigWig	ChIP-seq	CTCF	LNCAP	cell-line	cell-line	cell-line	minus	none	passed
ENCFF336YJW	ENCFF336YJW	ENCSR673WZL	ENCSR520XYQ	BPNet	predicted signal profile	bigWig	ChIP-seq	CTCF	LNCAP	cell-line	cell-line	cell-line	minus	none	passed
ENCFF012CTD	ENCFF012CTD	ENCSR673WZL	ENCSR520XYQ	BPNet	predicted signal profile	bigWig	ChIP-seq	CTCF	LNCAP	cell-line	cell-line	cell-line	plus	none	passed
ENCFF205EAR	ENCFF205EAR	ENCSR315NAC	ENCSR130PWB	BPNet	predicted signal profile	bigWig	ChIP-seq	CTCF	LNCAP	cell-line	cell-line	cell-line	plus	none	passed
ENCFF283ZJF	ENCFF283ZJF	ENCSR000DMF	ENCSR531NRZ	BPNet	predicted signal profile	bigWig	ChIP-seq	CTCF	LNCaP-clone-FGC	cell-line	cell-line	cell-line	minus	none	passed
ENCFF391ALZ	ENCFF391ALZ	ENCSR000DME	ENCSR124ANL	BPNet	predicted signal profile	bigWig	ChIP-seq	CTCF	LNCaP-clone-FGC	cell-line	cell-line	cell-line	minus	none	passed
ENCFF302WCN	ENCFF302WCN	ENCSR000DME	ENCSR124ANL	BPNet	predicted signal profile	bigWig	ChIP-seq	CTCF	LNCaP-clone-FGC	cell-line	cell-line	cell-line	plus	none	passed
ENCFF647OVN	ENCFF647OVN	ENCSR000DMF	ENCSR531NRZ	BPNet	predicted signal profile	bigWig	ChIP-seq	CTCF	LNCaP-clone-FGC	cell-line	cell-line	cell-line	plus	none	passed
ENCFF620TQF	ENCFF620TQF	ENCSR464DKE	ENCSR015MLK	BPNet	predicted signal profile	bigWig	ChIP-seq	CTCF	Loucy	cell-line	cell-line	cell-line	minus	none	passed
ENCFF444KON	ENCFF444KON	ENCSR464DKE	ENCSR015MLK	BPNet	predicted signal profile	bigWig	ChIP-seq	CTCF	Loucy	cell-line	cell-line	cell-line	plus	none	passed
ENCFF295TEX	ENCFF295TEX	ENCSR193SZD	ENCSR086VQU	BPNet	predicted signal profile	bigWig	ChIP-seq	CTCF	MCF-10A	cell-line	cell-line	cell-line	minus	none	passed
ENCFF937GRT	ENCFF937GRT	ENCSR193SZD	ENCSR086VQU	BPNet	predicted signal profile	bigWig	ChIP-seq	CTCF	MCF-10A	cell-line	cell-line	cell-line	plus	none	passed
ENCFF151TXO	ENCFF151TXO	ENCSR000DWH	ENCSR339GNY	BPNet	predicted signal profile	bigWig	ChIP-seq	CTCF	MCF-7	cell-line	cell-line	cell-line	minus	none	passed
ENCFF269MMW	ENCFF269MMW	ENCSR000DML	ENCSR570LWR	BPNet	predicted signal profile	bigWig	ChIP-seq	CTCF	MCF-7	cell-line	cell-line	cell-line	minus	none	passed
ENCFF289QJO	ENCFF289QJO	ENCSR000DMR	ENCSR074QPD	BPNet	predicted signal profile	bigWig	ChIP-seq	CTCF	MCF-7	cell-line	cell-line	cell-line	minus	none	passed
ENCFF310XDH	ENCFF310XDH	ENCSR560BUE	ENCSR230CZR	BPNet	predicted signal profile	bigWig	ChIP-seq	CTCF	MCF-7	cell-line	cell-line	cell-line	minus	none	passed
ENCFF501VCR	ENCFF501VCR	ENCSR000DMO	ENCSR927TIG	BPNet	predicted signal profile	bigWig	ChIP-seq	CTCF	MCF-7	cell-line	cell-line	cell-line	minus	none	passed
ENCFF534GWV	ENCFF534GWV	ENCSR000AHD	ENCSR867WPY	BPNet	predicted signal profile	bigWig	ChIP-seq	CTCF	MCF-7	cell-line	cell-line	cell-line	minus	none	passed
ENCFF773HLX	ENCFF773HLX	ENCSR000DMS	ENCSR304HYA	BPNet	predicted signal profile	bigWig	ChIP-seq	CTCF	MCF-7	cell-line	cell-line	cell-line	minus	none	passed
ENCFF905FCS	ENCFF905FCS	ENCSR000DMV	ENCSR981SVE	BPNet	predicted signal profile	bigWig	ChIP-seq	CTCF	MCF-7	cell-line	cell-line	cell-line	minus	none	passed
ENCFF094XWD	ENCFF094XWD	ENCSR000DMR	ENCSR074QPD	BPNet	predicted signal profile	bigWig	ChIP-seq	CTCF	MCF-7	cell-line	cell-line	cell-line	plus	none	passed
ENCFF137TQO	ENCFF137TQO	ENCSR000AHD	ENCSR867WPY	BPNet	predicted signal profile	bigWig	ChIP-seq	CTCF	MCF-7	cell-line	cell-line	cell-line	plus	none	passed
ENCFF150FII	ENCFF150FII	ENCSR000DMO	ENCSR927TIG	BPNet	predicted signal profile	bigWig	ChIP-seq	CTCF	MCF-7	cell-line	cell-line	cell-line	plus	none	passed
ENCFF304ZNN	ENCFF304ZNN	ENCSR000DWH	ENCSR339GNY	BPNet	predicted signal profile	bigWig	ChIP-seq	CTCF	MCF-7	cell-line	cell-line	cell-line	plus	none	passed
ENCFF479TWC	ENCFF479TWC	ENCSR000DML	ENCSR570LWR	BPNet	predicted signal profile	bigWig	ChIP-seq	CTCF	MCF-7	cell-line	cell-line	cell-line	plus	none	passed
ENCFF545YTI	ENCFF545YTI	ENCSR000DMS	ENCSR304HYA	BPNet	predicted signal profile	bigWig	ChIP-seq	CTCF	MCF-7	cell-line	cell-line	cell-line	plus	none	passed
ENCFF770VGZ	ENCFF770VGZ	ENCSR560BUE	ENCSR230CZR	BPNet	predicted signal profile	bigWig	ChIP-seq	CTCF	MCF-7	cell-line	cell-line	cell-line	plus	none	passed
ENCFF793QXK	ENCFF793QXK	ENCSR000DMV	ENCSR981SVE	BPNet	predicted signal profile	bigWig	ChIP-seq	CTCF	MCF-7	cell-line	cell-line	cell-line	plus	none	passed
ENCFF341VCR	ENCFF341VCR	ENCSR402IDP	ENCSR138KWF	BPNet	predicted signal profile	bigWig	ChIP-seq	CTCF	MM.1S	cell-line	cell-line	cell-line	minus	none	passed
ENCFF501ZPI	ENCFF501ZPI	ENCSR402IDP	ENCSR138KWF	BPNet	predicted signal profile	bigWig	ChIP-seq	CTCF	MM.1S	cell-line	cell-line	cell-line	plus	none	passed
ENCFF415AHT	ENCFF415AHT	ENCSR000DWN	ENCSR819SXO	BPNet	predicted signal profile	bigWig	ChIP-seq	CTCF	NB4	cell-line	cell-line	cell-line	minus	none	passed
ENCFF144HUH	ENCFF144HUH	ENCSR000DWN	ENCSR819SXO	BPNet	predicted signal profile	bigWig	ChIP-seq	CTCF	NB4	cell-line	cell-line	cell-line	plus	none	passed
ENCFF331QEI	ENCFF331QEI	ENCSR072EUE	ENCSR154BBO	BPNet	predicted signal profile	bigWig	ChIP-seq	CTCF	OCI-LY1	cell-line	cell-line	cell-line	minus	none	passed
ENCFF509RFS	ENCFF509RFS	ENCSR072EUE	ENCSR154BBO	BPNet	predicted signal profile	bigWig	ChIP-seq	CTCF	OCI-LY1	cell-line	cell-line	cell-line	plus	none	passed
ENCFF596KOL	ENCFF596KOL	ENCSR756ZKG	ENCSR558MKV	BPNet	predicted signal profile	bigWig	ChIP-seq	CTCF	OCI-LY3	cell-line	cell-line	cell-line	minus	none	passed
ENCFF864XLR	ENCFF864XLR	ENCSR756ZKG	ENCSR558MKV	BPNet	predicted signal profile	bigWig	ChIP-seq	CTCF	OCI-LY3	cell-line	cell-line	cell-line	plus	none	passed
ENCFF803INN	ENCFF803INN	ENCSR027HML	ENCSR114GIC	BPNet	predicted signal profile	bigWig	ChIP-seq	CTCF	OCI-LY7	cell-line	cell-line	cell-line	minus	none	passed
ENCFF405GNK	ENCFF405GNK	ENCSR027HML	ENCSR114GIC	BPNet	predicted signal profile	bigWig	ChIP-seq	CTCF	OCI-LY7	cell-line	cell-line	cell-line	plus	none	passed
ENCFF232WYR	ENCFF232WYR	ENCSR359LOD	ENCSR989TFC	BPNet	predicted signal profile	bigWig	ChIP-seq	CTCF	PC-3	cell-line	cell-line	cell-line	minus	none	passed
ENCFF891EKB	ENCFF891EKB	ENCSR359LOD	ENCSR989TFC	BPNet	predicted signal profile	bigWig	ChIP-seq	CTCF	PC-3	cell-line	cell-line	cell-line	plus	none	passed
ENCFF263YBR	ENCFF263YBR	ENCSR243INX	ENCSR183DBQ	BPNet	predicted signal profile	bigWig	ChIP-seq	CTCF	PC-9	cell-line	cell-line	cell-line	minus	none	passed
ENCFF485TSQ	ENCFF485TSQ	ENCSR243INX	ENCSR183DBQ	BPNet	predicted signal profile	bigWig	ChIP-seq	CTCF	PC-9	cell-line	cell-line	cell-line	plus	none	passed
ENCFF528ERB	ENCFF528ERB	ENCSR203QEB	ENCSR595ARZ	BPNet	predicted signal profile	bigWig	ChIP-seq	CTCF	Panc1	cell-line	cell-line	cell-line	minus	none	passed
ENCFF631KMM	ENCFF631KMM	ENCSR203QEB	ENCSR595ARZ	BPNet	predicted signal profile	bigWig	ChIP-seq	CTCF	Panc1	cell-line	cell-line	cell-line	plus	none	passed
ENCFF238OYB	ENCFF238OYB	ENCSR542SCB	ENCSR060YDH	BPNet	predicted signal profile	bigWig	ChIP-seq	CTCF	Peyer's-patch	eye	eye	sensory-system	minus	none	passed
ENCFF283CDI	ENCFF283CDI	ENCSR419ANE	ENCSR583PRG	BPNet	predicted signal profile	bigWig	ChIP-seq	CTCF	Peyer's-patch	eye	eye	sensory-system	minus	none	passed
ENCFF431FDY	ENCFF431FDY	ENCSR391ZKN	ENCSR059RRH	BPNet	predicted signal profile	bigWig	ChIP-seq	CTCF	Peyer's-patch	eye	eye	sensory-system	minus	none	passed
ENCFF547FQV	ENCFF547FQV	ENCSR375VXU	ENCSR061TLE	BPNet	predicted signal profile	bigWig	ChIP-seq	CTCF	Peyer's-patch	eye	eye	sensory-system	minus	none	passed
ENCFF980RVO	ENCFF980RVO	ENCSR799WDT	ENCSR654QKU	BPNet	predicted signal profile	bigWig	ChIP-seq	CTCF	Peyer's-patch	eye	eye	sensory-system	minus	none	passed
ENCFF989BZA	ENCFF989BZA	ENCSR568IVD	ENCSR150JOI	BPNet	predicted signal profile	bigWig	ChIP-seq	CTCF	Peyer's-patch	eye	eye	sensory-system	minus	none	passed
ENCFF501PIB	ENCFF501PIB	ENCSR542SCB	ENCSR060YDH	BPNet	predicted signal profile	bigWig	ChIP-seq	CTCF	Peyer's-patch	eye	eye	sensory-system	plus	none	passed
ENCFF761HXL	ENCFF761HXL	ENCSR419ANE	ENCSR583PRG	BPNet	predicted signal profile	bigWig	ChIP-seq	CTCF	Peyer's-patch	eye	eye	sensory-system	plus	none	passed
ENCFF830AWD	ENCFF830AWD	ENCSR799WDT	ENCSR654QKU	BPNet	predicted signal profile	bigWig	ChIP-seq	CTCF	Peyer's-patch	eye	eye	sensory-system	plus	none	passed
ENCFF876JVH	ENCFF876JVH	ENCSR375VXU	ENCSR061TLE	BPNet	predicted signal profile	bigWig	ChIP-seq	CTCF	Peyer's-patch	eye	eye	sensory-system	plus	none	passed
ENCFF899RZW	ENCFF899RZW	ENCSR568IVD	ENCSR150JOI	BPNet	predicted signal profile	bigWig	ChIP-seq	CTCF	Peyer's-patch	eye	eye	sensory-system	plus	none	passed
ENCFF941AAK	ENCFF941AAK	ENCSR391ZKN	ENCSR059RRH	BPNet	predicted signal profile	bigWig	ChIP-seq	CTCF	Peyer's-patch	eye	eye	sensory-system	plus	none	passed
ENCFF126MEG	ENCFF126MEG	ENCSR303GFI	ENCSR308VAP	BPNet	predicted signal profile	bigWig	ChIP-seq	CTCF	RWPE1	cell-line	cell-line	cell-line	minus	none	passed
ENCFF405OHS	ENCFF405OHS	ENCSR303GFI	ENCSR308VAP	BPNet	predicted signal profile	bigWig	ChIP-seq	CTCF	RWPE1	cell-line	cell-line	cell-line	plus	none	passed
ENCFF532AAP	ENCFF532AAP	ENCSR856JJB	ENCSR551RQP	BPNet	predicted signal profile	bigWig	ChIP-seq	CTCF	RWPE2	cell-line	cell-line	cell-line	minus	none	passed
ENCFF643JMY	ENCFF643JMY	ENCSR856JJB	ENCSR551RQP	BPNet	predicted signal profile	bigWig	ChIP-seq	CTCF	RWPE2	cell-line	cell-line	cell-line	plus	none	passed
ENCFF249YOL	ENCFF249YOL	ENCSR541AMF	ENCSR306PMY	BPNet	predicted signal profile	bigWig	ChIP-seq	CTCF	SK-N-SH	cell-line	cell-line	cell-line	minus	none	passed
ENCFF418VQS	ENCFF418VQS	ENCSR000DXQ	ENCSR252BKY	BPNet	predicted signal profile	bigWig	ChIP-seq	CTCF	SK-N-SH	cell-line	cell-line	cell-line	minus	none	passed
ENCFF566HJH	ENCFF566HJH	ENCSR000EIC	ENCSR616ZXI	BPNet	predicted signal profile	bigWig	ChIP-seq	CTCF	SK-N-SH	cell-line	cell-line	cell-line	minus	none	passed
ENCFF568KPJ	ENCFF568KPJ	ENCSR000BLX	ENCSR134WBS	BPNet	predicted signal profile	bigWig	ChIP-seq	CTCF	SK-N-SH	cell-line	cell-line	cell-line	minus	none	passed
ENCFF107AEF	ENCFF107AEF	ENCSR000BLX	ENCSR134WBS	BPNet	predicted signal profile	bigWig	ChIP-seq	CTCF	SK-N-SH	cell-line	cell-line	cell-line	plus	none	passed
ENCFF203DQQ	ENCFF203DQQ	ENCSR000EIC	ENCSR616ZXI	BPNet	predicted signal profile	bigWig	ChIP-seq	CTCF	SK-N-SH	cell-line	cell-line	cell-line	plus	none	passed
ENCFF230XDW	ENCFF230XDW	ENCSR000DXQ	ENCSR252BKY	BPNet	predicted signal profile	bigWig	ChIP-seq	CTCF	SK-N-SH	cell-line	cell-line	cell-line	plus	none	passed
ENCFF288PNE	ENCFF288PNE	ENCSR541AMF	ENCSR306PMY	BPNet	predicted signal profile	bigWig	ChIP-seq	CTCF	SK-N-SH	cell-line	cell-line	cell-line	plus	none	passed
ENCFF181RHY	ENCFF181RHY	ENCSR125DKL	ENCSR945WSJ	BPNet	predicted signal profile	bigWig	ChIP-seq	CTCF	SU-DHL-6	cell-line	cell-line	cell-line	minus	none	passed
ENCFF839CAB	ENCFF839CAB	ENCSR125DKL	ENCSR945WSJ	BPNet	predicted signal profile	bigWig	ChIP-seq	CTCF	SU-DHL-6	cell-line	cell-line	cell-line	plus	none	passed
ENCFF868SMI	ENCFF868SMI	ENCSR000BNO	ENCSR950HAX	BPNet	predicted signal profile	bigWig	ChIP-seq	CTCF	T47D	cell-line	cell-line	cell-line	minus	none	passed
ENCFF463IEK	ENCFF463IEK	ENCSR000BNO	ENCSR950HAX	BPNet	predicted signal profile	bigWig	ChIP-seq	CTCF	T47D	cell-line	cell-line	cell-line	plus	none	passed
ENCFF101ZAE	ENCFF101ZAE	ENCSR265ARE	ENCSR950XKG	BPNet	predicted signal profile	bigWig	ChIP-seq	CTCF	VCaP	cell-line	cell-line	cell-line	minus	none	passed
ENCFF013NRS	ENCFF013NRS	ENCSR265ARE	ENCSR950XKG	BPNet	predicted signal profile	bigWig	ChIP-seq	CTCF	VCaP	cell-line	cell-line	cell-line	plus	none	passed
ENCFF481JIL	ENCFF481JIL	ENCSR000DXW	ENCSR957WLY	BPNet	predicted signal profile	bigWig	ChIP-seq	CTCF	WERI-Rb-1	cell-line	cell-line	cell-line	minus	none	passed
ENCFF690NQW	ENCFF690NQW	ENCSR000DXW	ENCSR957WLY	BPNet	predicted signal profile	bigWig	ChIP-seq	CTCF	WERI-Rb-1	cell-line	cell-line	cell-line	plus	none	passed
ENCFF420LTY	ENCFF420LTY	ENCSR000DYB	ENCSR802AQG	BPNet	predicted signal profile	bigWig	ChIP-seq	CTCF	WI38	cell-line	cell-line	cell-line	minus	none	passed
ENCFF696TYR	ENCFF696TYR	ENCSR000DYB	ENCSR802AQG	BPNet	predicted signal profile	bigWig	ChIP-seq	CTCF	WI38	cell-line	cell-line	cell-line	plus	none	passed
ENCFF404LSH	ENCFF404LSH	ENCSR992XTY	ENCSR010BYI	BPNet	predicted signal profile	bigWig	ChIP-seq	CTCF	WTC11	cell-line	cell-line	cell-line	minus	none	passed
ENCFF650DPA	ENCFF650DPA	ENCSR992XTY	ENCSR010BYI	BPNet	predicted signal profile	bigWig	ChIP-seq	CTCF	WTC11	cell-line	cell-line	cell-line	plus	none	passed
ENCFF027MEK	ENCFF027MEK	ENCSR806WWX	ENCSR859DOV	BPNet	predicted signal profile	bigWig	ChIP-seq	CTCF	activated-CD4-positive,-alpha-beta-T-cell	t-cell	immune	immune-system	minus	none	passed
ENCFF207AJW	ENCFF207AJW	ENCSR806WWX	ENCSR859DOV	BPNet	predicted signal profile	bigWig	ChIP-seq	CTCF	activated-CD4-positive,-alpha-beta-T-cell	t-cell	immune	immune-system	plus	none	passed
ENCFF738BYB	ENCFF738BYB	ENCSR347MXL	ENCSR238POW	BPNet	predicted signal profile	bigWig	ChIP-seq	CTCF	activated-CD8-positive,-alpha-beta-T-cell	t-cell	immune	immune-system	minus	none	passed
ENCFF946OAH	ENCFF946OAH	ENCSR347MXL	ENCSR238POW	BPNet	predicted signal profile	bigWig	ChIP-seq	CTCF	activated-CD8-positive,-alpha-beta-T-cell	t-cell	immune	immune-system	plus	none	passed
ENCFF036XRI	ENCFF036XRI	ENCSR770IWO	ENCSR430TGX	BPNet	predicted signal profile	bigWig	ChIP-seq	CTCF	adrenal-gland	renal	kidney	excretory-system	minus	none	passed
ENCFF099SHH	ENCFF099SHH	ENCSR450BLH	ENCSR859ZSI	BPNet	predicted signal profile	bigWig	ChIP-seq	CTCF	adrenal-gland	renal	kidney	excretory-system	minus	none	passed
ENCFF371PIF	ENCFF371PIF	ENCSR408ZEE	ENCSR694LPN	BPNet	predicted signal profile	bigWig	ChIP-seq	CTCF	adrenal-gland	renal	kidney	excretory-system	minus	none	passed
ENCFF624YYS	ENCFF624YYS	ENCSR014GSQ	ENCSR312WCC	BPNet	predicted signal profile	bigWig	ChIP-seq	CTCF	adrenal-gland	renal	kidney	excretory-system	minus	none	passed
ENCFF912MGR	ENCFF912MGR	ENCSR899JSO	ENCSR300KET	BPNet	predicted signal profile	bigWig	ChIP-seq	CTCF	adrenal-gland	renal	kidney	excretory-system	minus	none	passed
ENCFF005OGB	ENCFF005OGB	ENCSR014GSQ	ENCSR312WCC	BPNet	predicted signal profile	bigWig	ChIP-seq	CTCF	adrenal-gland	renal	kidney	excretory-system	plus	none	passed
ENCFF568FQM	ENCFF568FQM	ENCSR450BLH	ENCSR859ZSI	BPNet	predicted signal profile	bigWig	ChIP-seq	CTCF	adrenal-gland	renal	kidney	excretory-system	plus	none	passed
ENCFF591APG	ENCFF591APG	ENCSR899JSO	ENCSR300KET	BPNet	predicted signal profile	bigWig	ChIP-seq	CTCF	adrenal-gland	renal	kidney	excretory-system	plus	none	passed
ENCFF783VVL	ENCFF783VVL	ENCSR770IWO	ENCSR430TGX	BPNet	predicted signal profile	bigWig	ChIP-seq	CTCF	adrenal-gland	renal	kidney	excretory-system	plus	none	passed
ENCFF988TWU	ENCFF988TWU	ENCSR408ZEE	ENCSR694LPN	BPNet	predicted signal profile	bigWig	ChIP-seq	CTCF	adrenal-gland	renal	kidney	excretory-system	plus	none	passed
ENCFF141SUK	ENCFF141SUK	ENCSR960MDF	ENCSR059JVC	BPNet	predicted signal profile	bigWig	ChIP-seq	CTCF	ascending-aorta	aorta	blood-vessel	circulatory-system	minus	none	passed
ENCFF567DVE	ENCFF567DVE	ENCSR555DCD	ENCSR496CAI	BPNet	predicted signal profile	bigWig	ChIP-seq	CTCF	ascending-aorta	aorta	blood-vessel	circulatory-system	minus	none	passed
ENCFF873EOO	ENCFF873EOO	ENCSR846JKO	ENCSR158XRS	BPNet	predicted signal profile	bigWig	ChIP-seq	CTCF	ascending-aorta	aorta	blood-vessel	circulatory-system	minus	none	passed
ENCFF251CHP	ENCFF251CHP	ENCSR960MDF	ENCSR059JVC	BPNet	predicted signal profile	bigWig	ChIP-seq	CTCF	ascending-aorta	aorta	blood-vessel	circulatory-system	plus	none	passed
ENCFF562VSJ	ENCFF562VSJ	ENCSR846JKO	ENCSR158XRS	BPNet	predicted signal profile	bigWig	ChIP-seq	CTCF	ascending-aorta	aorta	blood-vessel	circulatory-system	plus	none	passed
ENCFF626JNN	ENCFF626JNN	ENCSR555DCD	ENCSR496CAI	BPNet	predicted signal profile	bigWig	ChIP-seq	CTCF	ascending-aorta	aorta	blood-vessel	circulatory-system	plus	none	passed
ENCFF245LGS	ENCFF245LGS	ENCSR000AOO	ENCSR914MYE	BPNet	predicted signal profile	bigWig	ChIP-seq	CTCF	astrocyte	astrocyte	nerve	central-nervous-system	minus	none	passed
ENCFF405TPN	ENCFF405TPN	ENCSR461VHZ	ENCSR376CPP	BPNet	predicted signal profile	bigWig	ChIP-seq	CTCF	astrocyte	astrocyte	nerve	central-nervous-system	minus	none	passed
ENCFF561LTS	ENCFF561LTS	ENCSR000AOO	ENCSR914MYE	BPNet	predicted signal profile	bigWig	ChIP-seq	CTCF	astrocyte	astrocyte	nerve	central-nervous-system	plus	none	passed
ENCFF672DIM	ENCFF672DIM	ENCSR461VHZ	ENCSR376CPP	BPNet	predicted signal profile	bigWig	ChIP-seq	CTCF	astrocyte	astrocyte	nerve	central-nervous-system	plus	none	passed
ENCFF104RHG	ENCFF104RHG	ENCSR000DSZ	ENCSR761SWJ	BPNet	predicted signal profile	bigWig	ChIP-seq	CTCF	astrocyte-of-the-cerebellum	cerebell	brain	central-nervous-system	minus	none	passed
ENCFF205SOO	ENCFF205SOO	ENCSR000DSZ	ENCSR761SWJ	BPNet	predicted signal profile	bigWig	ChIP-seq	CTCF	astrocyte-of-the-cerebellum	cerebell	brain	central-nervous-system	plus	none	passed
ENCFF285HVF	ENCFF285HVF	ENCSR000DSU	ENCSR956MDS	BPNet	predicted signal profile	bigWig	ChIP-seq	CTCF	astrocyte-of-the-spinal-cord	spinal	CNS	central-nervous-system	minus	none	passed
ENCFF451YJD	ENCFF451YJD	ENCSR000DSU	ENCSR956MDS	BPNet	predicted signal profile	bigWig	ChIP-seq	CTCF	astrocyte-of-the-spinal-cord	spinal	CNS	central-nervous-system	plus	none	passed
ENCFF500JAI	ENCFF500JAI	ENCSR619IUE	ENCSR279XHJ	BPNet	predicted signal profile	bigWig	ChIP-seq	CTCF	bipolar-neuron	neuron	nerve	central-nervous-system	minus	none	passed
ENCFF896TOZ	ENCFF896TOZ	ENCSR066BZZ	ENCSR729UBC	BPNet	predicted signal profile	bigWig	ChIP-seq	CTCF	bipolar-neuron	neuron	nerve	central-nervous-system	minus	none	passed
ENCFF757ERM	ENCFF757ERM	ENCSR619IUE	ENCSR279XHJ	BPNet	predicted signal profile	bigWig	ChIP-seq	CTCF	bipolar-neuron	neuron	nerve	central-nervous-system	plus	none	passed
ENCFF875IDM	ENCFF875IDM	ENCSR066BZZ	ENCSR729UBC	BPNet	predicted signal profile	bigWig	ChIP-seq	CTCF	bipolar-neuron	neuron	nerve	central-nervous-system	plus	none	passed
ENCFF022JSR	ENCFF022JSR	ENCSR687APM	ENCSR643WMK	BPNet	predicted signal profile	bigWig	ChIP-seq	CTCF	body-of-pancreas	pancreas	pancreas	digestive-system	minus	none	passed
ENCFF047NJF	ENCFF047NJF	ENCSR408XTO	ENCSR612FYX	BPNet	predicted signal profile	bigWig	ChIP-seq	CTCF	body-of-pancreas	pancreas	pancreas	digestive-system	minus	none	passed
ENCFF116FFO	ENCFF116FFO	ENCSR572DUJ	ENCSR771MUU	BPNet	predicted signal profile	bigWig	ChIP-seq	CTCF	body-of-pancreas	pancreas	pancreas	digestive-system	minus	none	passed
ENCFF444DDF	ENCFF444DDF	ENCSR307PFP	ENCSR063UWV	BPNet	predicted signal profile	bigWig	ChIP-seq	CTCF	body-of-pancreas	pancreas	pancreas	digestive-system	minus	none	passed
ENCFF489OJH	ENCFF489OJH	ENCSR585KBH	ENCSR852JRK	BPNet	predicted signal profile	bigWig	ChIP-seq	CTCF	body-of-pancreas	pancreas	pancreas	digestive-system	minus	none	passed
ENCFF698QPC	ENCFF698QPC	ENCSR265PFQ	ENCSR145SQF	BPNet	predicted signal profile	bigWig	ChIP-seq	CTCF	body-of-pancreas	pancreas	pancreas	digestive-system	minus	none	passed
ENCFF754OND	ENCFF754OND	ENCSR484DDO	ENCSR019XAE	BPNet	predicted signal profile	bigWig	ChIP-seq	CTCF	body-of-pancreas	pancreas	pancreas	digestive-system	minus	none	passed
ENCFF136SJO	ENCFF136SJO	ENCSR585KBH	ENCSR852JRK	BPNet	predicted signal profile	bigWig	ChIP-seq	CTCF	body-of-pancreas	pancreas	pancreas	digestive-system	plus	none	passed
ENCFF443BIP	ENCFF443BIP	ENCSR307PFP	ENCSR063UWV	BPNet	predicted signal profile	bigWig	ChIP-seq	CTCF	body-of-pancreas	pancreas	pancreas	digestive-system	plus	none	passed
ENCFF454ZCC	ENCFF454ZCC	ENCSR572DUJ	ENCSR771MUU	BPNet	predicted signal profile	bigWig	ChIP-seq	CTCF	body-of-pancreas	pancreas	pancreas	digestive-system	plus	none	passed
ENCFF727VQK	ENCFF727VQK	ENCSR408XTO	ENCSR612FYX	BPNet	predicted signal profile	bigWig	ChIP-seq	CTCF	body-of-pancreas	pancreas	pancreas	digestive-system	plus	none	passed
ENCFF733RZW	ENCFF733RZW	ENCSR687APM	ENCSR643WMK	BPNet	predicted signal profile	bigWig	ChIP-seq	CTCF	body-of-pancreas	pancreas	pancreas	digestive-system	plus	none	passed
ENCFF759ATS	ENCFF759ATS	ENCSR484DDO	ENCSR019XAE	BPNet	predicted signal profile	bigWig	ChIP-seq	CTCF	body-of-pancreas	pancreas	pancreas	digestive-system	plus	none	passed
ENCFF859EXX	ENCFF859EXX	ENCSR265PFQ	ENCSR145SQF	BPNet	predicted signal profile	bigWig	ChIP-seq	CTCF	body-of-pancreas	pancreas	pancreas	digestive-system	plus	none	passed
ENCFF066HAN	ENCFF066HAN	ENCSR930SOT	ENCSR331RTK	BPNet	predicted signal profile	bigWig	ChIP-seq	CTCF	brain	brain	brain	central-nervous-system	minus	none	passed
ENCFF351BHP	ENCFF351BHP	ENCSR423MQG	ENCSR175KCA	BPNet	predicted signal profile	bigWig	ChIP-seq	CTCF	brain	brain	brain	central-nervous-system	minus	none	passed
ENCFF513VTA	ENCFF513VTA	ENCSR467EQP	ENCSR126YGH	BPNet	predicted signal profile	bigWig	ChIP-seq	CTCF	brain	brain	brain	central-nervous-system	minus	none	passed
ENCFF986FMR	ENCFF986FMR	ENCSR225KOS	ENCSR918KZG	BPNet	predicted signal profile	bigWig	ChIP-seq	CTCF	brain	brain	brain	central-nervous-system	minus	none	passed
ENCFF324YBN	ENCFF324YBN	ENCSR423MQG	ENCSR175KCA	BPNet	predicted signal profile	bigWig	ChIP-seq	CTCF	brain	brain	brain	central-nervous-system	plus	none	passed
ENCFF446DBZ	ENCFF446DBZ	ENCSR930SOT	ENCSR331RTK	BPNet	predicted signal profile	bigWig	ChIP-seq	CTCF	brain	brain	brain	central-nervous-system	plus	none	passed
ENCFF491ASG	ENCFF491ASG	ENCSR225KOS	ENCSR918KZG	BPNet	predicted signal profile	bigWig	ChIP-seq	CTCF	brain	brain	brain	central-nervous-system	plus	none	passed
ENCFF998BNQ	ENCFF998BNQ	ENCSR467EQP	ENCSR126YGH	BPNet	predicted signal profile	bigWig	ChIP-seq	CTCF	brain	brain	brain	central-nervous-system	plus	none	passed
ENCFF318BMN	ENCFF318BMN	ENCSR000DTA	ENCSR796FYA	BPNet	predicted signal profile	bigWig	ChIP-seq	CTCF	brain-microvascular-endothelial-cell	brain	brain	central-nervous-system	minus	none	passed
ENCFF745ASJ	ENCFF745ASJ	ENCSR000DTA	ENCSR796FYA	BPNet	predicted signal profile	bigWig	ChIP-seq	CTCF	brain-microvascular-endothelial-cell	brain	brain	central-nervous-system	plus	none	passed
ENCFF568HME	ENCFF568HME	ENCSR697YIN	ENCSR582FZD	BPNet	predicted signal profile	bigWig	ChIP-seq	CTCF	breast-epithelium	breast	breast	integumental-system	minus	none	passed
ENCFF713VBO	ENCFF713VBO	ENCSR661NXJ	ENCSR583RUF	BPNet	predicted signal profile	bigWig	ChIP-seq	CTCF	breast-epithelium	breast	breast	integumental-system	minus	none	passed
ENCFF885KUX	ENCFF885KUX	ENCSR304XUZ	ENCSR666EFV	BPNet	predicted signal profile	bigWig	ChIP-seq	CTCF	breast-epithelium	breast	breast	integumental-system	minus	none	passed
ENCFF378SAP	ENCFF378SAP	ENCSR304XUZ	ENCSR666EFV	BPNet	predicted signal profile	bigWig	ChIP-seq	CTCF	breast-epithelium	breast	breast	integumental-system	plus	none	passed
ENCFF386KHI	ENCFF386KHI	ENCSR661NXJ	ENCSR583RUF	BPNet	predicted signal profile	bigWig	ChIP-seq	CTCF	breast-epithelium	breast	breast	integumental-system	plus	none	passed
ENCFF923PLU	ENCFF923PLU	ENCSR697YIN	ENCSR582FZD	BPNet	predicted signal profile	bigWig	ChIP-seq	CTCF	breast-epithelium	breast	breast	integumental-system	plus	none	passed
ENCFF763OKV	ENCFF763OKV	ENCSR000DXI	ENCSR653NRQ	BPNet	predicted signal profile	bigWig	ChIP-seq	CTCF	bronchial-epithelial-cell	epithelial	epithelial	integumental-system	minus	none	passed
ENCFF499TQY	ENCFF499TQY	ENCSR000DXI	ENCSR653NRQ	BPNet	predicted signal profile	bigWig	ChIP-seq	CTCF	bronchial-epithelial-cell	epithelial	epithelial	integumental-system	plus	none	passed
ENCFF818FOK	ENCFF818FOK	ENCSR000DTF	ENCSR933NVB	BPNet	predicted signal profile	bigWig	ChIP-seq	CTCF	cardiac-fibroblast	fibroblast	fibroblast	integumental-system	minus	none	passed
ENCFF719ESV	ENCFF719ESV	ENCSR000DTF	ENCSR933NVB	BPNet	predicted signal profile	bigWig	ChIP-seq	CTCF	cardiac-fibroblast	fibroblast	fibroblast	integumental-system	plus	none	passed
ENCFF433XLY	ENCFF433XLY	ENCSR713SXF	ENCSR736HNR	BPNet	predicted signal profile	bigWig	ChIP-seq	CTCF	cardiac-muscle-cell	muscle	muscle	musculature	minus	none	passed
ENCFF468JJP	ENCFF468JJP	ENCSR000DTI	ENCSR415YPD	BPNet	predicted signal profile	bigWig	ChIP-seq	CTCF	cardiac-muscle-cell	muscle	muscle	musculature	minus	none	passed
ENCFF249NEH	ENCFF249NEH	ENCSR713SXF	ENCSR736HNR	BPNet	predicted signal profile	bigWig	ChIP-seq	CTCF	cardiac-muscle-cell	muscle	muscle	musculature	plus	none	passed
ENCFF751BTU	ENCFF751BTU	ENCSR000DTI	ENCSR415YPD	BPNet	predicted signal profile	bigWig	ChIP-seq	CTCF	cardiac-muscle-cell	muscle	muscle	musculature	plus	none	passed
ENCFF913YIX	ENCFF913YIX	ENCSR190BZA	ENCSR967PAB	BPNet	predicted signal profile	bigWig	ChIP-seq	CTCF	chondrocyte	cell-line	cell-line	cell-line	minus	none	passed
ENCFF321IDI	ENCFF321IDI	ENCSR190BZA	ENCSR967PAB	BPNet	predicted signal profile	bigWig	ChIP-seq	CTCF	chondrocyte	cell-line	cell-line	cell-line	plus	none	passed
ENCFF016YOG	ENCFF016YOG	ENCSR000DTL	ENCSR432WYA	BPNet	predicted signal profile	bigWig	ChIP-seq	CTCF	choroid-plexus-epithelial-cell	epithelial	epithelial	integumental-system	minus	none	passed
ENCFF723HJU	ENCFF723HJU	ENCSR000DTL	ENCSR432WYA	BPNet	predicted signal profile	bigWig	ChIP-seq	CTCF	choroid-plexus-epithelial-cell	epithelial	epithelial	integumental-system	plus	none	passed
ENCFF376JGV	ENCFF376JGV	ENCSR380WJL	ENCSR033HMP	BPNet	predicted signal profile	bigWig	ChIP-seq	CTCF	colonic-mucosa	colon	large-intestine	digestive-system	minus	none	passed
ENCFF306DHH	ENCFF306DHH	ENCSR380WJL	ENCSR033HMP	BPNet	predicted signal profile	bigWig	ChIP-seq	CTCF	colonic-mucosa	colon	large-intestine	digestive-system	plus	none	passed
ENCFF838WBC	ENCFF838WBC	ENCSR175FLL	ENCSR930AZR	BPNet	predicted signal profile	bigWig	ChIP-seq	CTCF	coronary-artery	artery	blood-vessel	circulatory-system	minus	none	passed
ENCFF928XHW	ENCFF928XHW	ENCSR447ANW	ENCSR829GKW	BPNet	predicted signal profile	bigWig	ChIP-seq	CTCF	coronary-artery	artery	blood-vessel	circulatory-system	minus	none	passed
ENCFF314TRJ	ENCFF314TRJ	ENCSR447ANW	ENCSR829GKW	BPNet	predicted signal profile	bigWig	ChIP-seq	CTCF	coronary-artery	artery	blood-vessel	circulatory-system	plus	none	passed
ENCFF886IMC	ENCFF886IMC	ENCSR175FLL	ENCSR930AZR	BPNet	predicted signal profile	bigWig	ChIP-seq	CTCF	coronary-artery	artery	blood-vessel	circulatory-system	plus	none	passed
ENCFF015LXR	ENCFF015LXR	ENCSR724YTA	ENCSR285JON	BPNet	predicted signal profile	bigWig	ChIP-seq	CTCF	dorsolateral-prefrontal-cortex	prefrontal	brain	central-nervous-system	minus	none	passed
ENCFF036SMZ	ENCFF036SMZ	ENCSR957UPE	ENCSR319AOD	BPNet	predicted signal profile	bigWig	ChIP-seq	CTCF	dorsolateral-prefrontal-cortex	prefrontal	brain	central-nervous-system	minus	none	passed
ENCFF076QUK	ENCFF076QUK	ENCSR841XDW	ENCSR274DCI	BPNet	predicted signal profile	bigWig	ChIP-seq	CTCF	dorsolateral-prefrontal-cortex	prefrontal	brain	central-nervous-system	minus	none	passed
ENCFF080HQE	ENCFF080HQE	ENCSR967QUQ	ENCSR197FFI	BPNet	predicted signal profile	bigWig	ChIP-seq	CTCF	dorsolateral-prefrontal-cortex	prefrontal	brain	central-nervous-system	minus	none	passed
ENCFF096QMT	ENCFF096QMT	ENCSR300WOR	ENCSR672ITV	BPNet	predicted signal profile	bigWig	ChIP-seq	CTCF	dorsolateral-prefrontal-cortex	prefrontal	brain	central-nervous-system	minus	none	passed
ENCFF115XCN	ENCFF115XCN	ENCSR715FHW	ENCSR289FFZ	BPNet	predicted signal profile	bigWig	ChIP-seq	CTCF	dorsolateral-prefrontal-cortex	prefrontal	brain	central-nervous-system	minus	none	passed
ENCFF120MEE	ENCFF120MEE	ENCSR211AFA	ENCSR808FYY	BPNet	predicted signal profile	bigWig	ChIP-seq	CTCF	dorsolateral-prefrontal-cortex	prefrontal	brain	central-nervous-system	minus	none	passed
ENCFF123HIL	ENCFF123HIL	ENCSR059KXR	ENCSR061INZ	BPNet	predicted signal profile	bigWig	ChIP-seq	CTCF	dorsolateral-prefrontal-cortex	prefrontal	brain	central-nervous-system	minus	none	passed
ENCFF139POU	ENCFF139POU	ENCSR168KQC	ENCSR915WTK	BPNet	predicted signal profile	bigWig	ChIP-seq	CTCF	dorsolateral-prefrontal-cortex	prefrontal	brain	central-nervous-system	minus	none	passed
ENCFF145TFT	ENCFF145TFT	ENCSR062JAC	ENCSR167VES	BPNet	predicted signal profile	bigWig	ChIP-seq	CTCF	dorsolateral-prefrontal-cortex	prefrontal	brain	central-nervous-system	minus	none	passed
ENCFF157BLF	ENCFF157BLF	ENCSR372JWF	ENCSR674MGL	BPNet	predicted signal profile	bigWig	ChIP-seq	CTCF	dorsolateral-prefrontal-cortex	prefrontal	brain	central-nervous-system	minus	none	passed
ENCFF158MHY	ENCFF158MHY	ENCSR847OSL	ENCSR732HRT	BPNet	predicted signal profile	bigWig	ChIP-seq	CTCF	dorsolateral-prefrontal-cortex	prefrontal	brain	central-nervous-system	minus	none	passed
ENCFF191KQY	ENCFF191KQY	ENCSR819WDZ	ENCSR578PWG	BPNet	predicted signal profile	bigWig	ChIP-seq	CTCF	dorsolateral-prefrontal-cortex	prefrontal	brain	central-nervous-system	minus	none	passed
ENCFF204ZJJ	ENCFF204ZJJ	ENCSR525VXD	ENCSR363MRN	BPNet	predicted signal profile	bigWig	ChIP-seq	CTCF	dorsolateral-prefrontal-cortex	prefrontal	brain	central-nervous-system	minus	none	passed
ENCFF230OCU	ENCFF230OCU	ENCSR779YTI	ENCSR349AYE	BPNet	predicted signal profile	bigWig	ChIP-seq	CTCF	dorsolateral-prefrontal-cortex	prefrontal	brain	central-nervous-system	minus	none	passed
ENCFF273FUY	ENCFF273FUY	ENCSR230RQK	ENCSR838NLY	BPNet	predicted signal profile	bigWig	ChIP-seq	CTCF	dorsolateral-prefrontal-cortex	prefrontal	brain	central-nervous-system	minus	none	passed
ENCFF293TBK	ENCFF293TBK	ENCSR332WTG	ENCSR211BCT	BPNet	predicted signal profile	bigWig	ChIP-seq	CTCF	dorsolateral-prefrontal-cortex	prefrontal	brain	central-nervous-system	minus	none	passed
ENCFF302VDL	ENCFF302VDL	ENCSR092VKJ	ENCSR319XSD	BPNet	predicted signal profile	bigWig	ChIP-seq	CTCF	dorsolateral-prefrontal-cortex	prefrontal	brain	central-nervous-system	minus	none	passed
ENCFF305YEM	ENCFF305YEM	ENCSR913SEI	ENCSR304KCJ	BPNet	predicted signal profile	bigWig	ChIP-seq	CTCF	dorsolateral-prefrontal-cortex	prefrontal	brain	central-nervous-system	minus	none	passed
ENCFF312NTC	ENCFF312NTC	ENCSR445NJB	ENCSR662LQZ	BPNet	predicted signal profile	bigWig	ChIP-seq	CTCF	dorsolateral-prefrontal-cortex	prefrontal	brain	central-nervous-system	minus	none	passed
ENCFF329DMQ	ENCFF329DMQ	ENCSR452KYY	ENCSR792CTN	BPNet	predicted signal profile	bigWig	ChIP-seq	CTCF	dorsolateral-prefrontal-cortex	prefrontal	brain	central-nervous-system	minus	none	passed
ENCFF352PWH	ENCFF352PWH	ENCSR369RRE	ENCSR487KKJ	BPNet	predicted signal profile	bigWig	ChIP-seq	CTCF	dorsolateral-prefrontal-cortex	prefrontal	brain	central-nervous-system	minus	none	passed
ENCFF367YLG	ENCFF367YLG	ENCSR073BPG	ENCSR808COC	BPNet	predicted signal profile	bigWig	ChIP-seq	CTCF	dorsolateral-prefrontal-cortex	prefrontal	brain	central-nervous-system	minus	none	passed
ENCFF386JKH	ENCFF386JKH	ENCSR680WMF	ENCSR065XUI	BPNet	predicted signal profile	bigWig	ChIP-seq	CTCF	dorsolateral-prefrontal-cortex	prefrontal	brain	central-nervous-system	minus	none	passed
ENCFF451QEJ	ENCFF451QEJ	ENCSR423ZUM	ENCSR695MWH	BPNet	predicted signal profile	bigWig	ChIP-seq	CTCF	dorsolateral-prefrontal-cortex	prefrontal	brain	central-nervous-system	minus	none	passed
ENCFF455UJB	ENCFF455UJB	ENCSR922HGS	ENCSR001VXW	BPNet	predicted signal profile	bigWig	ChIP-seq	CTCF	dorsolateral-prefrontal-cortex	prefrontal	brain	central-nervous-system	minus	none	passed
ENCFF473KGQ	ENCFF473KGQ	ENCSR740GKG	ENCSR891TQN	BPNet	predicted signal profile	bigWig	ChIP-seq	CTCF	dorsolateral-prefrontal-cortex	prefrontal	brain	central-nervous-system	minus	none	passed
ENCFF489ULX	ENCFF489ULX	ENCSR575WYM	ENCSR290OCP	BPNet	predicted signal profile	bigWig	ChIP-seq	CTCF	dorsolateral-prefrontal-cortex	prefrontal	brain	central-nervous-system	minus	none	passed
ENCFF499SNE	ENCFF499SNE	ENCSR757DFT	ENCSR446AYX	BPNet	predicted signal profile	bigWig	ChIP-seq	CTCF	dorsolateral-prefrontal-cortex	prefrontal	brain	central-nervous-system	minus	none	passed
ENCFF517RHH	ENCFF517RHH	ENCSR237BTA	ENCSR207ITR	BPNet	predicted signal profile	bigWig	ChIP-seq	CTCF	dorsolateral-prefrontal-cortex	prefrontal	brain	central-nervous-system	minus	none	passed
ENCFF541CRJ	ENCFF541CRJ	ENCSR251BHU	ENCSR691TTX	BPNet	predicted signal profile	bigWig	ChIP-seq	CTCF	dorsolateral-prefrontal-cortex	prefrontal	brain	central-nervous-system	minus	none	passed
ENCFF541LNN	ENCFF541LNN	ENCSR832TWW	ENCSR152KSC	BPNet	predicted signal profile	bigWig	ChIP-seq	CTCF	dorsolateral-prefrontal-cortex	prefrontal	brain	central-nervous-system	minus	none	passed
ENCFF571BJB	ENCFF571BJB	ENCSR763VUL	ENCSR663VTZ	BPNet	predicted signal profile	bigWig	ChIP-seq	CTCF	dorsolateral-prefrontal-cortex	prefrontal	brain	central-nervous-system	minus	none	passed
ENCFF574JNH	ENCFF574JNH	ENCSR619WGF	ENCSR446DVI	BPNet	predicted signal profile	bigWig	ChIP-seq	CTCF	dorsolateral-prefrontal-cortex	prefrontal	brain	central-nervous-system	minus	none	passed
ENCFF575OLL	ENCFF575OLL	ENCSR244KEW	ENCSR435PGE	BPNet	predicted signal profile	bigWig	ChIP-seq	CTCF	dorsolateral-prefrontal-cortex	prefrontal	brain	central-nervous-system	minus	none	passed
ENCFF578EKW	ENCFF578EKW	ENCSR755WXO	ENCSR545LOJ	BPNet	predicted signal profile	bigWig	ChIP-seq	CTCF	dorsolateral-prefrontal-cortex	prefrontal	brain	central-nervous-system	minus	none	passed
ENCFF635SQX	ENCFF635SQX	ENCSR705DNM	ENCSR935UWO	BPNet	predicted signal profile	bigWig	ChIP-seq	CTCF	dorsolateral-prefrontal-cortex	prefrontal	brain	central-nervous-system	minus	none	passed
ENCFF644HRU	ENCFF644HRU	ENCSR275JVX	ENCSR990AIS	BPNet	predicted signal profile	bigWig	ChIP-seq	CTCF	dorsolateral-prefrontal-cortex	prefrontal	brain	central-nervous-system	minus	none	passed
ENCFF655PHM	ENCFF655PHM	ENCSR689LFJ	ENCSR575LCC	BPNet	predicted signal profile	bigWig	ChIP-seq	CTCF	dorsolateral-prefrontal-cortex	prefrontal	brain	central-nervous-system	minus	none	passed
ENCFF666EVK	ENCFF666EVK	ENCSR194JAU	ENCSR395UGO	BPNet	predicted signal profile	bigWig	ChIP-seq	CTCF	dorsolateral-prefrontal-cortex	prefrontal	brain	central-nervous-system	minus	none	passed
ENCFF675ICF	ENCFF675ICF	ENCSR666JEF	ENCSR540HDD	BPNet	predicted signal profile	bigWig	ChIP-seq	CTCF	dorsolateral-prefrontal-cortex	prefrontal	brain	central-nervous-system	minus	none	passed
ENCFF676KMS	ENCFF676KMS	ENCSR979PTL	ENCSR149WTJ	BPNet	predicted signal profile	bigWig	ChIP-seq	CTCF	dorsolateral-prefrontal-cortex	prefrontal	brain	central-nervous-system	minus	none	passed
ENCFF711MBV	ENCFF711MBV	ENCSR699BRV	ENCSR207QOS	BPNet	predicted signal profile	bigWig	ChIP-seq	CTCF	dorsolateral-prefrontal-cortex	prefrontal	brain	central-nervous-system	minus	none	passed
ENCFF716GTX	ENCFF716GTX	ENCSR932XBJ	ENCSR740WUD	BPNet	predicted signal profile	bigWig	ChIP-seq	CTCF	dorsolateral-prefrontal-cortex	prefrontal	brain	central-nervous-system	minus	none	passed
ENCFF748NKF	ENCFF748NKF	ENCSR676LDQ	ENCSR605ZJX	BPNet	predicted signal profile	bigWig	ChIP-seq	CTCF	dorsolateral-prefrontal-cortex	prefrontal	brain	central-nervous-system	minus	none	passed
ENCFF757VTN	ENCFF757VTN	ENCSR378KET	ENCSR365YNU	BPNet	predicted signal profile	bigWig	ChIP-seq	CTCF	dorsolateral-prefrontal-cortex	prefrontal	brain	central-nervous-system	minus	none	passed
ENCFF775HYM	ENCFF775HYM	ENCSR068DJS	ENCSR226JYD	BPNet	predicted signal profile	bigWig	ChIP-seq	CTCF	dorsolateral-prefrontal-cortex	prefrontal	brain	central-nervous-system	minus	none	passed
ENCFF781GLW	ENCFF781GLW	ENCSR610UDC	ENCSR917OQB	BPNet	predicted signal profile	bigWig	ChIP-seq	CTCF	dorsolateral-prefrontal-cortex	prefrontal	brain	central-nervous-system	minus	none	passed
ENCFF811QAK	ENCFF811QAK	ENCSR778NDP	ENCSR914ELN	BPNet	predicted signal profile	bigWig	ChIP-seq	CTCF	dorsolateral-prefrontal-cortex	prefrontal	brain	central-nervous-system	minus	none	passed
ENCFF814KEF	ENCFF814KEF	ENCSR094PSL	ENCSR070AQF	BPNet	predicted signal profile	bigWig	ChIP-seq	CTCF	dorsolateral-prefrontal-cortex	prefrontal	brain	central-nervous-system	minus	none	passed
ENCFF815MHP	ENCFF815MHP	ENCSR351SWL	ENCSR917JSR	BPNet	predicted signal profile	bigWig	ChIP-seq	CTCF	dorsolateral-prefrontal-cortex	prefrontal	brain	central-nervous-system	minus	none	passed
ENCFF843DYN	ENCFF843DYN	ENCSR374PKX	ENCSR832HMN	BPNet	predicted signal profile	bigWig	ChIP-seq	CTCF	dorsolateral-prefrontal-cortex	prefrontal	brain	central-nervous-system	minus	none	passed
ENCFF845WGF	ENCFF845WGF	ENCSR443NWG	ENCSR461VQZ	BPNet	predicted signal profile	bigWig	ChIP-seq	CTCF	dorsolateral-prefrontal-cortex	prefrontal	brain	central-nervous-system	minus	none	passed
ENCFF849DHH	ENCFF849DHH	ENCSR813KUE	ENCSR171JOI	BPNet	predicted signal profile	bigWig	ChIP-seq	CTCF	dorsolateral-prefrontal-cortex	prefrontal	brain	central-nervous-system	minus	none	passed
ENCFF854XIV	ENCFF854XIV	ENCSR270KFY	ENCSR264QGG	BPNet	predicted signal profile	bigWig	ChIP-seq	CTCF	dorsolateral-prefrontal-cortex	prefrontal	brain	central-nervous-system	minus	none	passed
ENCFF894DKL	ENCFF894DKL	ENCSR378BVM	ENCSR852SMJ	BPNet	predicted signal profile	bigWig	ChIP-seq	CTCF	dorsolateral-prefrontal-cortex	prefrontal	brain	central-nervous-system	minus	none	passed
ENCFF988XDB	ENCFF988XDB	ENCSR384DBJ	ENCSR946VEN	BPNet	predicted signal profile	bigWig	ChIP-seq	CTCF	dorsolateral-prefrontal-cortex	prefrontal	brain	central-nervous-system	minus	none	passed
ENCFF990ZAY	ENCFF990ZAY	ENCSR259PNW	ENCSR305AFX	BPNet	predicted signal profile	bigWig	ChIP-seq	CTCF	dorsolateral-prefrontal-cortex	prefrontal	brain	central-nervous-system	minus	none	passed
ENCFF992UVO	ENCFF992UVO	ENCSR329KRE	ENCSR242HBW	BPNet	predicted signal profile	bigWig	ChIP-seq	CTCF	dorsolateral-prefrontal-cortex	prefrontal	brain	central-nervous-system	minus	none	passed
ENCFF094DBW	ENCFF094DBW	ENCSR680WMF	ENCSR065XUI	BPNet	predicted signal profile	bigWig	ChIP-seq	CTCF	dorsolateral-prefrontal-cortex	prefrontal	brain	central-nervous-system	plus	none	passed
ENCFF096ULX	ENCFF096ULX	ENCSR270KFY	ENCSR264QGG	BPNet	predicted signal profile	bigWig	ChIP-seq	CTCF	dorsolateral-prefrontal-cortex	prefrontal	brain	central-nervous-system	plus	none	passed
ENCFF101XUF	ENCFF101XUF	ENCSR832TWW	ENCSR152KSC	BPNet	predicted signal profile	bigWig	ChIP-seq	CTCF	dorsolateral-prefrontal-cortex	prefrontal	brain	central-nervous-system	plus	none	passed
ENCFF147JIX	ENCFF147JIX	ENCSR724YTA	ENCSR285JON	BPNet	predicted signal profile	bigWig	ChIP-seq	CTCF	dorsolateral-prefrontal-cortex	prefrontal	brain	central-nervous-system	plus	none	passed
ENCFF158XJE	ENCFF158XJE	ENCSR699BRV	ENCSR207QOS	BPNet	predicted signal profile	bigWig	ChIP-seq	CTCF	dorsolateral-prefrontal-cortex	prefrontal	brain	central-nervous-system	plus	none	passed
ENCFF160WYH	ENCFF160WYH	ENCSR619WGF	ENCSR446DVI	BPNet	predicted signal profile	bigWig	ChIP-seq	CTCF	dorsolateral-prefrontal-cortex	prefrontal	brain	central-nervous-system	plus	none	passed
ENCFF177ALE	ENCFF177ALE	ENCSR979PTL	ENCSR149WTJ	BPNet	predicted signal profile	bigWig	ChIP-seq	CTCF	dorsolateral-prefrontal-cortex	prefrontal	brain	central-nervous-system	plus	none	passed
ENCFF188MQS	ENCFF188MQS	ENCSR332WTG	ENCSR211BCT	BPNet	predicted signal profile	bigWig	ChIP-seq	CTCF	dorsolateral-prefrontal-cortex	prefrontal	brain	central-nervous-system	plus	none	passed
ENCFF246DWF	ENCFF246DWF	ENCSR715FHW	ENCSR289FFZ	BPNet	predicted signal profile	bigWig	ChIP-seq	CTCF	dorsolateral-prefrontal-cortex	prefrontal	brain	central-nervous-system	plus	none	passed
ENCFF248DKO	ENCFF248DKO	ENCSR757DFT	ENCSR446AYX	BPNet	predicted signal profile	bigWig	ChIP-seq	CTCF	dorsolateral-prefrontal-cortex	prefrontal	brain	central-nervous-system	plus	none	passed
ENCFF261GEQ	ENCFF261GEQ	ENCSR443NWG	ENCSR461VQZ	BPNet	predicted signal profile	bigWig	ChIP-seq	CTCF	dorsolateral-prefrontal-cortex	prefrontal	brain	central-nervous-system	plus	none	passed
ENCFF286RTU	ENCFF286RTU	ENCSR932XBJ	ENCSR740WUD	BPNet	predicted signal profile	bigWig	ChIP-seq	CTCF	dorsolateral-prefrontal-cortex	prefrontal	brain	central-nervous-system	plus	none	passed
ENCFF311HGO	ENCFF311HGO	ENCSR168KQC	ENCSR915WTK	BPNet	predicted signal profile	bigWig	ChIP-seq	CTCF	dorsolateral-prefrontal-cortex	prefrontal	brain	central-nervous-system	plus	none	passed
ENCFF330JJJ	ENCFF330JJJ	ENCSR211AFA	ENCSR808FYY	BPNet	predicted signal profile	bigWig	ChIP-seq	CTCF	dorsolateral-prefrontal-cortex	prefrontal	brain	central-nervous-system	plus	none	passed
ENCFF338ZXJ	ENCFF338ZXJ	ENCSR251BHU	ENCSR691TTX	BPNet	predicted signal profile	bigWig	ChIP-seq	CTCF	dorsolateral-prefrontal-cortex	prefrontal	brain	central-nervous-system	plus	none	passed
ENCFF363MIJ	ENCFF363MIJ	ENCSR329KRE	ENCSR242HBW	BPNet	predicted signal profile	bigWig	ChIP-seq	CTCF	dorsolateral-prefrontal-cortex	prefrontal	brain	central-nervous-system	plus	none	passed
ENCFF363NJB	ENCFF363NJB	ENCSR967QUQ	ENCSR197FFI	BPNet	predicted signal profile	bigWig	ChIP-seq	CTCF	dorsolateral-prefrontal-cortex	prefrontal	brain	central-nervous-system	plus	none	passed
ENCFF365DSW	ENCFF365DSW	ENCSR300WOR	ENCSR672ITV	BPNet	predicted signal profile	bigWig	ChIP-seq	CTCF	dorsolateral-prefrontal-cortex	prefrontal	brain	central-nervous-system	plus	none	passed
ENCFF404LTV	ENCFF404LTV	ENCSR062JAC	ENCSR167VES	BPNet	predicted signal profile	bigWig	ChIP-seq	CTCF	dorsolateral-prefrontal-cortex	prefrontal	brain	central-nervous-system	plus	none	passed
ENCFF435YGW	ENCFF435YGW	ENCSR847OSL	ENCSR732HRT	BPNet	predicted signal profile	bigWig	ChIP-seq	CTCF	dorsolateral-prefrontal-cortex	prefrontal	brain	central-nervous-system	plus	none	passed
ENCFF436YIE	ENCFF436YIE	ENCSR194JAU	ENCSR395UGO	BPNet	predicted signal profile	bigWig	ChIP-seq	CTCF	dorsolateral-prefrontal-cortex	prefrontal	brain	central-nervous-system	plus	none	passed
ENCFF452BPS	ENCFF452BPS	ENCSR676LDQ	ENCSR605ZJX	BPNet	predicted signal profile	bigWig	ChIP-seq	CTCF	dorsolateral-prefrontal-cortex	prefrontal	brain	central-nervous-system	plus	none	passed
ENCFF478OUH	ENCFF478OUH	ENCSR237BTA	ENCSR207ITR	BPNet	predicted signal profile	bigWig	ChIP-seq	CTCF	dorsolateral-prefrontal-cortex	prefrontal	brain	central-nervous-system	plus	none	passed
ENCFF500TAK	ENCFF500TAK	ENCSR610UDC	ENCSR917OQB	BPNet	predicted signal profile	bigWig	ChIP-seq	CTCF	dorsolateral-prefrontal-cortex	prefrontal	brain	central-nervous-system	plus	none	passed
ENCFF506WGT	ENCFF506WGT	ENCSR378BVM	ENCSR852SMJ	BPNet	predicted signal profile	bigWig	ChIP-seq	CTCF	dorsolateral-prefrontal-cortex	prefrontal	brain	central-nervous-system	plus	none	passed
ENCFF524HYL	ENCFF524HYL	ENCSR740GKG	ENCSR891TQN	BPNet	predicted signal profile	bigWig	ChIP-seq	CTCF	dorsolateral-prefrontal-cortex	prefrontal	brain	central-nervous-system	plus	none	passed
ENCFF539QGB	ENCFF539QGB	ENCSR092VKJ	ENCSR319XSD	BPNet	predicted signal profile	bigWig	ChIP-seq	CTCF	dorsolateral-prefrontal-cortex	prefrontal	brain	central-nervous-system	plus	none	passed
ENCFF555ZHW	ENCFF555ZHW	ENCSR378KET	ENCSR365YNU	BPNet	predicted signal profile	bigWig	ChIP-seq	CTCF	dorsolateral-prefrontal-cortex	prefrontal	brain	central-nervous-system	plus	none	passed
ENCFF593UQM	ENCFF593UQM	ENCSR073BPG	ENCSR808COC	BPNet	predicted signal profile	bigWig	ChIP-seq	CTCF	dorsolateral-prefrontal-cortex	prefrontal	brain	central-nervous-system	plus	none	passed
ENCFF596WUQ	ENCFF596WUQ	ENCSR813KUE	ENCSR171JOI	BPNet	predicted signal profile	bigWig	ChIP-seq	CTCF	dorsolateral-prefrontal-cortex	prefrontal	brain	central-nervous-system	plus	none	passed
ENCFF601FMM	ENCFF601FMM	ENCSR068DJS	ENCSR226JYD	BPNet	predicted signal profile	bigWig	ChIP-seq	CTCF	dorsolateral-prefrontal-cortex	prefrontal	brain	central-nervous-system	plus	none	passed
ENCFF623QWV	ENCFF623QWV	ENCSR384DBJ	ENCSR946VEN	BPNet	predicted signal profile	bigWig	ChIP-seq	CTCF	dorsolateral-prefrontal-cortex	prefrontal	brain	central-nervous-system	plus	none	passed
ENCFF627JNQ	ENCFF627JNQ	ENCSR423ZUM	ENCSR695MWH	BPNet	predicted signal profile	bigWig	ChIP-seq	CTCF	dorsolateral-prefrontal-cortex	prefrontal	brain	central-nervous-system	plus	none	passed
ENCFF632RDX	ENCFF632RDX	ENCSR059KXR	ENCSR061INZ	BPNet	predicted signal profile	bigWig	ChIP-seq	CTCF	dorsolateral-prefrontal-cortex	prefrontal	brain	central-nervous-system	plus	none	passed
ENCFF634XMH	ENCFF634XMH	ENCSR819WDZ	ENCSR578PWG	BPNet	predicted signal profile	bigWig	ChIP-seq	CTCF	dorsolateral-prefrontal-cortex	prefrontal	brain	central-nervous-system	plus	none	passed
ENCFF647WQE	ENCFF647WQE	ENCSR230RQK	ENCSR838NLY	BPNet	predicted signal profile	bigWig	ChIP-seq	CTCF	dorsolateral-prefrontal-cortex	prefrontal	brain	central-nervous-system	plus	none	passed
ENCFF677OLV	ENCFF677OLV	ENCSR913SEI	ENCSR304KCJ	BPNet	predicted signal profile	bigWig	ChIP-seq	CTCF	dorsolateral-prefrontal-cortex	prefrontal	brain	central-nervous-system	plus	none	passed
ENCFF715ELC	ENCFF715ELC	ENCSR957UPE	ENCSR319AOD	BPNet	predicted signal profile	bigWig	ChIP-seq	CTCF	dorsolateral-prefrontal-cortex	prefrontal	brain	central-nervous-system	plus	none	passed
ENCFF723GAH	ENCFF723GAH	ENCSR841XDW	ENCSR274DCI	BPNet	predicted signal profile	bigWig	ChIP-seq	CTCF	dorsolateral-prefrontal-cortex	prefrontal	brain	central-nervous-system	plus	none	passed
ENCFF723UWA	ENCFF723UWA	ENCSR445NJB	ENCSR662LQZ	BPNet	predicted signal profile	bigWig	ChIP-seq	CTCF	dorsolateral-prefrontal-cortex	prefrontal	brain	central-nervous-system	plus	none	passed
ENCFF748LBX	ENCFF748LBX	ENCSR372JWF	ENCSR674MGL	BPNet	predicted signal profile	bigWig	ChIP-seq	CTCF	dorsolateral-prefrontal-cortex	prefrontal	brain	central-nervous-system	plus	none	passed
ENCFF769WVQ	ENCFF769WVQ	ENCSR778NDP	ENCSR914ELN	BPNet	predicted signal profile	bigWig	ChIP-seq	CTCF	dorsolateral-prefrontal-cortex	prefrontal	brain	central-nervous-system	plus	none	passed
ENCFF790HJA	ENCFF790HJA	ENCSR275JVX	ENCSR990AIS	BPNet	predicted signal profile	bigWig	ChIP-seq	CTCF	dorsolateral-prefrontal-cortex	prefrontal	brain	central-nervous-system	plus	none	passed
ENCFF833IIS	ENCFF833IIS	ENCSR575WYM	ENCSR290OCP	BPNet	predicted signal profile	bigWig	ChIP-seq	CTCF	dorsolateral-prefrontal-cortex	prefrontal	brain	central-nervous-system	plus	none	passed
ENCFF870XYA	ENCFF870XYA	ENCSR244KEW	ENCSR435PGE	BPNet	predicted signal profile	bigWig	ChIP-seq	CTCF	dorsolateral-prefrontal-cortex	prefrontal	brain	central-nervous-system	plus	none	passed
ENCFF871KUG	ENCFF871KUG	ENCSR705DNM	ENCSR935UWO	BPNet	predicted signal profile	bigWig	ChIP-seq	CTCF	dorsolateral-prefrontal-cortex	prefrontal	brain	central-nervous-system	plus	none	passed
ENCFF871POW	ENCFF871POW	ENCSR369RRE	ENCSR487KKJ	BPNet	predicted signal profile	bigWig	ChIP-seq	CTCF	dorsolateral-prefrontal-cortex	prefrontal	brain	central-nervous-system	plus	none	passed
ENCFF881DZB	ENCFF881DZB	ENCSR094PSL	ENCSR070AQF	BPNet	predicted signal profile	bigWig	ChIP-seq	CTCF	dorsolateral-prefrontal-cortex	prefrontal	brain	central-nervous-system	plus	none	passed
ENCFF906MEM	ENCFF906MEM	ENCSR755WXO	ENCSR545LOJ	BPNet	predicted signal profile	bigWig	ChIP-seq	CTCF	dorsolateral-prefrontal-cortex	prefrontal	brain	central-nervous-system	plus	none	passed
ENCFF925YLS	ENCFF925YLS	ENCSR779YTI	ENCSR349AYE	BPNet	predicted signal profile	bigWig	ChIP-seq	CTCF	dorsolateral-prefrontal-cortex	prefrontal	brain	central-nervous-system	plus	none	passed
ENCFF935IDM	ENCFF935IDM	ENCSR666JEF	ENCSR540HDD	BPNet	predicted signal profile	bigWig	ChIP-seq	CTCF	dorsolateral-prefrontal-cortex	prefrontal	brain	central-nervous-system	plus	none	passed
ENCFF942OJN	ENCFF942OJN	ENCSR452KYY	ENCSR792CTN	BPNet	predicted signal profile	bigWig	ChIP-seq	CTCF	dorsolateral-prefrontal-cortex	prefrontal	brain	central-nervous-system	plus	none	passed
ENCFF942WDV	ENCFF942WDV	ENCSR374PKX	ENCSR832HMN	BPNet	predicted signal profile	bigWig	ChIP-seq	CTCF	dorsolateral-prefrontal-cortex	prefrontal	brain	central-nervous-system	plus	none	passed
ENCFF946IJY	ENCFF946IJY	ENCSR525VXD	ENCSR363MRN	BPNet	predicted signal profile	bigWig	ChIP-seq	CTCF	dorsolateral-prefrontal-cortex	prefrontal	brain	central-nervous-system	plus	none	passed
ENCFF950MBP	ENCFF950MBP	ENCSR763VUL	ENCSR663VTZ	BPNet	predicted signal profile	bigWig	ChIP-seq	CTCF	dorsolateral-prefrontal-cortex	prefrontal	brain	central-nervous-system	plus	none	passed
ENCFF953DTJ	ENCFF953DTJ	ENCSR351SWL	ENCSR917JSR	BPNet	predicted signal profile	bigWig	ChIP-seq	CTCF	dorsolateral-prefrontal-cortex	prefrontal	brain	central-nervous-system	plus	none	passed
ENCFF970SIJ	ENCFF970SIJ	ENCSR259PNW	ENCSR305AFX	BPNet	predicted signal profile	bigWig	ChIP-seq	CTCF	dorsolateral-prefrontal-cortex	prefrontal	brain	central-nervous-system	plus	none	passed
ENCFF982DYR	ENCFF982DYR	ENCSR922HGS	ENCSR001VXW	BPNet	predicted signal profile	bigWig	ChIP-seq	CTCF	dorsolateral-prefrontal-cortex	prefrontal	brain	central-nervous-system	plus	none	passed
ENCFF993CBN	ENCFF993CBN	ENCSR689LFJ	ENCSR575LCC	BPNet	predicted signal profile	bigWig	ChIP-seq	CTCF	dorsolateral-prefrontal-cortex	prefrontal	brain	central-nervous-system	plus	none	passed
ENCFF942OSE	ENCFF942OSE	ENCSR031PXV	ENCSR038XID	BPNet	predicted signal profile	bigWig	ChIP-seq	CTCF	endothelial-cell	endothelial	blood-vessel	circulatory-system	minus	none	passed
ENCFF687OAY	ENCFF687OAY	ENCSR031PXV	ENCSR038XID	BPNet	predicted signal profile	bigWig	ChIP-seq	CTCF	endothelial-cell	endothelial	blood-vessel	circulatory-system	plus	none	passed
ENCFF010SKM	ENCFF010SKM	ENCSR000DLW	ENCSR147WHF	BPNet	predicted signal profile	bigWig	ChIP-seq	CTCF	endothelial-cell-of-umbilical-vein	endothelial	blood-vessel	circulatory-system	minus	none	passed
ENCFF157EFB	ENCFF157EFB	ENCSR000ALA	ENCSR616FKR	BPNet	predicted signal profile	bigWig	ChIP-seq	CTCF	endothelial-cell-of-umbilical-vein	endothelial	blood-vessel	circulatory-system	minus	none	passed
ENCFF382GHG	ENCFF382GHG	ENCSR000DVP	ENCSR198GBA	BPNet	predicted signal profile	bigWig	ChIP-seq	CTCF	endothelial-cell-of-umbilical-vein	endothelial	blood-vessel	circulatory-system	minus	none	passed
ENCFF177FPX	ENCFF177FPX	ENCSR000DLW	ENCSR147WHF	BPNet	predicted signal profile	bigWig	ChIP-seq	CTCF	endothelial-cell-of-umbilical-vein	endothelial	blood-vessel	circulatory-system	plus	none	passed
ENCFF537IKR	ENCFF537IKR	ENCSR000DVP	ENCSR198GBA	BPNet	predicted signal profile	bigWig	ChIP-seq	CTCF	endothelial-cell-of-umbilical-vein	endothelial	blood-vessel	circulatory-system	plus	none	passed
ENCFF887NKJ	ENCFF887NKJ	ENCSR000ALA	ENCSR616FKR	BPNet	predicted signal profile	bigWig	ChIP-seq	CTCF	endothelial-cell-of-umbilical-vein	endothelial	blood-vessel	circulatory-system	plus	none	passed
ENCFF732ZVQ	ENCFF732ZVQ	ENCSR000DTR	ENCSR743IWP	BPNet	predicted signal profile	bigWig	ChIP-seq	CTCF	epithelial-cell-of-esophagus	epithelial	epithelial	integumental-system	minus	none	passed
ENCFF259BLK	ENCFF259BLK	ENCSR000DTR	ENCSR743IWP	BPNet	predicted signal profile	bigWig	ChIP-seq	CTCF	epithelial-cell-of-esophagus	epithelial	epithelial	integumental-system	plus	none	passed
ENCFF794CJN	ENCFF794CJN	ENCSR196HOM	ENCSR205JEX	BPNet	predicted signal profile	bigWig	ChIP-seq	CTCF	epithelial-cell-of-prostate	epithelial	epithelial	integumental-system	minus	none	passed
ENCFF152LSL	ENCFF152LSL	ENCSR196HOM	ENCSR205JEX	BPNet	predicted signal profile	bigWig	ChIP-seq	CTCF	epithelial-cell-of-prostate	epithelial	epithelial	integumental-system	plus	none	passed
ENCFF757NPE	ENCFF757NPE	ENCSR000DXD	ENCSR463FSZ	BPNet	predicted signal profile	bigWig	ChIP-seq	CTCF	epithelial-cell-of-proximal-tubule	epithelial	epithelial	integumental-system	minus	none	passed
ENCFF818GDM	ENCFF818GDM	ENCSR000DXD	ENCSR463FSZ	BPNet	predicted signal profile	bigWig	ChIP-seq	CTCF	epithelial-cell-of-proximal-tubule	epithelial	epithelial	integumental-system	plus	none	passed
ENCFF188XOF	ENCFF188XOF	ENCSR443WKD	ENCSR875SFQ	BPNet	predicted signal profile	bigWig	ChIP-seq	CTCF	esophagus-muscularis-mucosa	esophag	stomach	digestive-system	minus	none	passed
ENCFF301UMT	ENCFF301UMT	ENCSR073TPC	ENCSR061RKJ	BPNet	predicted signal profile	bigWig	ChIP-seq	CTCF	esophagus-muscularis-mucosa	esophag	stomach	digestive-system	minus	none	passed
ENCFF483CEF	ENCFF483CEF	ENCSR074SFL	ENCSR213UJA	BPNet	predicted signal profile	bigWig	ChIP-seq	CTCF	esophagus-muscularis-mucosa	esophag	stomach	digestive-system	minus	none	passed
ENCFF581YOT	ENCFF581YOT	ENCSR559KAB	ENCSR710THJ	BPNet	predicted signal profile	bigWig	ChIP-seq	CTCF	esophagus-muscularis-mucosa	esophag	stomach	digestive-system	minus	none	passed
ENCFF584GXV	ENCFF584GXV	ENCSR353DFU	ENCSR838SGS	BPNet	predicted signal profile	bigWig	ChIP-seq	CTCF	esophagus-muscularis-mucosa	esophag	stomach	digestive-system	minus	none	passed
ENCFF111TLM	ENCFF111TLM	ENCSR074SFL	ENCSR213UJA	BPNet	predicted signal profile	bigWig	ChIP-seq	CTCF	esophagus-muscularis-mucosa	esophag	stomach	digestive-system	plus	none	passed
ENCFF214FMF	ENCFF214FMF	ENCSR073TPC	ENCSR061RKJ	BPNet	predicted signal profile	bigWig	ChIP-seq	CTCF	esophagus-muscularis-mucosa	esophag	stomach	digestive-system	plus	none	passed
ENCFF383VVM	ENCFF383VVM	ENCSR559KAB	ENCSR710THJ	BPNet	predicted signal profile	bigWig	ChIP-seq	CTCF	esophagus-muscularis-mucosa	esophag	stomach	digestive-system	plus	none	passed
ENCFF646BNV	ENCFF646BNV	ENCSR443WKD	ENCSR875SFQ	BPNet	predicted signal profile	bigWig	ChIP-seq	CTCF	esophagus-muscularis-mucosa	esophag	stomach	digestive-system	plus	none	passed
ENCFF863ZEA	ENCFF863ZEA	ENCSR353DFU	ENCSR838SGS	BPNet	predicted signal profile	bigWig	ChIP-seq	CTCF	esophagus-muscularis-mucosa	esophag	stomach	digestive-system	plus	none	passed
ENCFF383CBD	ENCFF383CBD	ENCSR266UTR	ENCSR942GLY	BPNet	predicted signal profile	bigWig	ChIP-seq	CTCF	esophagus-squamous-epithelium	esophag	stomach	digestive-system	minus	none	passed
ENCFF407OML	ENCFF407OML	ENCSR450FRI	ENCSR344GRT	BPNet	predicted signal profile	bigWig	ChIP-seq	CTCF	esophagus-squamous-epithelium	esophag	stomach	digestive-system	minus	none	passed
ENCFF409VLL	ENCFF409VLL	ENCSR756URL	ENCSR985TGA	BPNet	predicted signal profile	bigWig	ChIP-seq	CTCF	esophagus-squamous-epithelium	esophag	stomach	digestive-system	minus	none	passed
ENCFF693XNZ	ENCFF693XNZ	ENCSR003SZZ	ENCSR224LAT	BPNet	predicted signal profile	bigWig	ChIP-seq	CTCF	esophagus-squamous-epithelium	esophag	stomach	digestive-system	minus	none	passed
ENCFF733MRC	ENCFF733MRC	ENCSR773JBP	ENCSR550FVE	BPNet	predicted signal profile	bigWig	ChIP-seq	CTCF	esophagus-squamous-epithelium	esophag	stomach	digestive-system	minus	none	passed
ENCFF980FNK	ENCFF980FNK	ENCSR838RUX	ENCSR712PPO	BPNet	predicted signal profile	bigWig	ChIP-seq	CTCF	esophagus-squamous-epithelium	esophag	stomach	digestive-system	minus	none	passed
ENCFF011DLO	ENCFF011DLO	ENCSR838RUX	ENCSR712PPO	BPNet	predicted signal profile	bigWig	ChIP-seq	CTCF	esophagus-squamous-epithelium	esophag	stomach	digestive-system	plus	none	passed
ENCFF047RNW	ENCFF047RNW	ENCSR266UTR	ENCSR942GLY	BPNet	predicted signal profile	bigWig	ChIP-seq	CTCF	esophagus-squamous-epithelium	esophag	stomach	digestive-system	plus	none	passed
ENCFF078FSJ	ENCFF078FSJ	ENCSR773JBP	ENCSR550FVE	BPNet	predicted signal profile	bigWig	ChIP-seq	CTCF	esophagus-squamous-epithelium	esophag	stomach	digestive-system	plus	none	passed
ENCFF552BJN	ENCFF552BJN	ENCSR756URL	ENCSR985TGA	BPNet	predicted signal profile	bigWig	ChIP-seq	CTCF	esophagus-squamous-epithelium	esophag	stomach	digestive-system	plus	none	passed
ENCFF729MWP	ENCFF729MWP	ENCSR450FRI	ENCSR344GRT	BPNet	predicted signal profile	bigWig	ChIP-seq	CTCF	esophagus-squamous-epithelium	esophag	stomach	digestive-system	plus	none	passed
ENCFF835GJM	ENCFF835GJM	ENCSR003SZZ	ENCSR224LAT	BPNet	predicted signal profile	bigWig	ChIP-seq	CTCF	esophagus-squamous-epithelium	esophag	stomach	digestive-system	plus	none	passed
ENCFF461GMN	ENCFF461GMN	ENCSR000APM	ENCSR628HLT	BPNet	predicted signal profile	bigWig	ChIP-seq	CTCF	fibroblast-of-dermis	fibroblast	fibroblast	integumental-system	minus	none	passed
ENCFF375BYK	ENCFF375BYK	ENCSR000APM	ENCSR628HLT	BPNet	predicted signal profile	bigWig	ChIP-seq	CTCF	fibroblast-of-dermis	fibroblast	fibroblast	integumental-system	plus	none	passed
ENCFF053FES	ENCFF053FES	ENCSR000ANO	ENCSR075HNI	BPNet	predicted signal profile	bigWig	ChIP-seq	CTCF	fibroblast-of-lung	fibroblast	fibroblast	integumental-system	minus	none	passed
ENCFF217HQK	ENCFF217HQK	ENCSR000DWY	ENCSR175NFF	BPNet	predicted signal profile	bigWig	ChIP-seq	CTCF	fibroblast-of-lung	fibroblast	fibroblast	integumental-system	minus	none	passed
ENCFF420OHE	ENCFF420OHE	ENCSR000DVA	ENCSR641JQM	BPNet	predicted signal profile	bigWig	ChIP-seq	CTCF	fibroblast-of-lung	fibroblast	fibroblast	integumental-system	minus	none	passed
ENCFF121FOH	ENCFF121FOH	ENCSR000DWY	ENCSR175NFF	BPNet	predicted signal profile	bigWig	ChIP-seq	CTCF	fibroblast-of-lung	fibroblast	fibroblast	integumental-system	plus	none	passed
ENCFF291TBG	ENCFF291TBG	ENCSR000DVA	ENCSR641JQM	BPNet	predicted signal profile	bigWig	ChIP-seq	CTCF	fibroblast-of-lung	fibroblast	fibroblast	integumental-system	plus	none	passed
ENCFF689GWK	ENCFF689GWK	ENCSR000ANO	ENCSR075HNI	BPNet	predicted signal profile	bigWig	ChIP-seq	CTCF	fibroblast-of-lung	fibroblast	fibroblast	integumental-system	plus	none	passed
ENCFF916APS	ENCFF916APS	ENCSR000DUU	ENCSR427BPN	BPNet	predicted signal profile	bigWig	ChIP-seq	CTCF	fibroblast-of-mammary-gland	fibroblast	fibroblast	integumental-system	minus	none	passed
ENCFF890RZR	ENCFF890RZR	ENCSR000DUU	ENCSR427BPN	BPNet	predicted signal profile	bigWig	ChIP-seq	CTCF	fibroblast-of-mammary-gland	fibroblast	fibroblast	integumental-system	plus	none	passed
ENCFF578ZDV	ENCFF578ZDV	ENCSR000DUX	ENCSR136OKJ	BPNet	predicted signal profile	bigWig	ChIP-seq	CTCF	fibroblast-of-pulmonary-artery	fibroblast	fibroblast	integumental-system	minus	none	passed
ENCFF637VNU	ENCFF637VNU	ENCSR000DUX	ENCSR136OKJ	BPNet	predicted signal profile	bigWig	ChIP-seq	CTCF	fibroblast-of-pulmonary-artery	fibroblast	fibroblast	integumental-system	plus	none	passed
ENCFF567HPP	ENCFF567HPP	ENCSR000DPY	ENCSR032ZUX	BPNet	predicted signal profile	bigWig	ChIP-seq	CTCF	fibroblast-of-the-aortic-adventitia	fibroblast	fibroblast	integumental-system	minus	none	passed
ENCFF760DXC	ENCFF760DXC	ENCSR000DPY	ENCSR032ZUX	BPNet	predicted signal profile	bigWig	ChIP-seq	CTCF	fibroblast-of-the-aortic-adventitia	fibroblast	fibroblast	integumental-system	plus	none	passed
ENCFF169IUO	ENCFF169IUO	ENCSR000DVQ	ENCSR568PVC	BPNet	predicted signal profile	bigWig	ChIP-seq	CTCF	fibroblast-of-villous-mesenchyme	fibroblast	fibroblast	integumental-system	minus	none	passed
ENCFF543DRG	ENCFF543DRG	ENCSR000DVQ	ENCSR568PVC	BPNet	predicted signal profile	bigWig	ChIP-seq	CTCF	fibroblast-of-villous-mesenchyme	fibroblast	fibroblast	integumental-system	plus	none	passed
ENCFF553ARG	ENCFF553ARG	ENCSR000DWQ	ENCSR215ALR	BPNet	predicted signal profile	bigWig	ChIP-seq	CTCF	foreskin-fibroblast	fibroblast	fibroblast	integumental-system	minus	none	passed
ENCFF811WGO	ENCFF811WGO	ENCSR000DUH	ENCSR967AQL	BPNet	predicted signal profile	bigWig	ChIP-seq	CTCF	foreskin-fibroblast	fibroblast	fibroblast	integumental-system	minus	none	passed
ENCFF639IIL	ENCFF639IIL	ENCSR000DWQ	ENCSR215ALR	BPNet	predicted signal profile	bigWig	ChIP-seq	CTCF	foreskin-fibroblast	fibroblast	fibroblast	integumental-system	plus	none	passed
ENCFF784VCA	ENCFF784VCA	ENCSR000DUH	ENCSR967AQL	BPNet	predicted signal profile	bigWig	ChIP-seq	CTCF	foreskin-fibroblast	fibroblast	fibroblast	integumental-system	plus	none	passed
ENCFF016AFG	ENCFF016AFG	ENCSR817HTJ	ENCSR397LCP	BPNet	predicted signal profile	bigWig	ChIP-seq	CTCF	foreskin-keratinocyte	skin	skin	integumental-system	minus	none	passed
ENCFF024ZTR	ENCFF024ZTR	ENCSR036EGV	ENCSR426XPR	BPNet	predicted signal profile	bigWig	ChIP-seq	CTCF	foreskin-keratinocyte	skin	skin	integumental-system	minus	none	passed
ENCFF971TNF	ENCFF971TNF	ENCSR812FNU	ENCSR787BHA	BPNet	predicted signal profile	bigWig	ChIP-seq	CTCF	foreskin-keratinocyte	skin	skin	integumental-system	minus	none	passed
ENCFF221XSE	ENCFF221XSE	ENCSR812FNU	ENCSR787BHA	BPNet	predicted signal profile	bigWig	ChIP-seq	CTCF	foreskin-keratinocyte	skin	skin	integumental-system	plus	none	passed
ENCFF700HKT	ENCFF700HKT	ENCSR817HTJ	ENCSR397LCP	BPNet	predicted signal profile	bigWig	ChIP-seq	CTCF	foreskin-keratinocyte	skin	skin	integumental-system	plus	none	passed
ENCFF765YZL	ENCFF765YZL	ENCSR036EGV	ENCSR426XPR	BPNet	predicted signal profile	bigWig	ChIP-seq	CTCF	foreskin-keratinocyte	skin	skin	integumental-system	plus	none	passed
ENCFF183ACG	ENCFF183ACG	ENCSR428BKN	ENCSR110KDN	BPNet	predicted signal profile	bigWig	ChIP-seq	CTCF	gastrocnemius-medialis	medialis	muscle	musculature	minus	none	passed
ENCFF253ZMY	ENCFF253ZMY	ENCSR594NSU	ENCSR549TOP	BPNet	predicted signal profile	bigWig	ChIP-seq	CTCF	gastrocnemius-medialis	medialis	muscle	musculature	minus	none	passed
ENCFF298XTN	ENCFF298XTN	ENCSR071XWO	ENCSR333BEL	BPNet	predicted signal profile	bigWig	ChIP-seq	CTCF	gastrocnemius-medialis	medialis	muscle	musculature	minus	none	passed
ENCFF658TMV	ENCFF658TMV	ENCSR355ALW	ENCSR397OAF	BPNet	predicted signal profile	bigWig	ChIP-seq	CTCF	gastrocnemius-medialis	medialis	muscle	musculature	minus	none	passed
ENCFF817STM	ENCFF817STM	ENCSR998NQG	ENCSR362SBX	BPNet	predicted signal profile	bigWig	ChIP-seq	CTCF	gastrocnemius-medialis	medialis	muscle	musculature	minus	none	passed
ENCFF461CCT	ENCFF461CCT	ENCSR071XWO	ENCSR333BEL	BPNet	predicted signal profile	bigWig	ChIP-seq	CTCF	gastrocnemius-medialis	medialis	muscle	musculature	plus	none	passed
ENCFF572OTP	ENCFF572OTP	ENCSR998NQG	ENCSR362SBX	BPNet	predicted signal profile	bigWig	ChIP-seq	CTCF	gastrocnemius-medialis	medialis	muscle	musculature	plus	none	passed
ENCFF617CXX	ENCFF617CXX	ENCSR594NSU	ENCSR549TOP	BPNet	predicted signal profile	bigWig	ChIP-seq	CTCF	gastrocnemius-medialis	medialis	muscle	musculature	plus	none	passed
ENCFF652HHO	ENCFF652HHO	ENCSR428BKN	ENCSR110KDN	BPNet	predicted signal profile	bigWig	ChIP-seq	CTCF	gastrocnemius-medialis	medialis	muscle	musculature	plus	none	passed
ENCFF853HDK	ENCFF853HDK	ENCSR355ALW	ENCSR397OAF	BPNet	predicted signal profile	bigWig	ChIP-seq	CTCF	gastrocnemius-medialis	medialis	muscle	musculature	plus	none	passed
ENCFF108VXI	ENCFF108VXI	ENCSR186NVR	ENCSR016LLR	BPNet	predicted signal profile	bigWig	ChIP-seq	CTCF	gastroesophageal-sphincter	esophag	stomach	digestive-system	minus	none	passed
ENCFF234SFR	ENCFF234SFR	ENCSR206ETG	ENCSR176KHX	BPNet	predicted signal profile	bigWig	ChIP-seq	CTCF	gastroesophageal-sphincter	esophag	stomach	digestive-system	minus	none	passed
ENCFF490NSH	ENCFF490NSH	ENCSR298ZPF	ENCSR131CQW	BPNet	predicted signal profile	bigWig	ChIP-seq	CTCF	gastroesophageal-sphincter	esophag	stomach	digestive-system	minus	none	passed
ENCFF679GOY	ENCFF679GOY	ENCSR146BGM	ENCSR275BUX	BPNet	predicted signal profile	bigWig	ChIP-seq	CTCF	gastroesophageal-sphincter	esophag	stomach	digestive-system	minus	none	passed
ENCFF716XHP	ENCFF716XHP	ENCSR805YLE	ENCSR686NPX	BPNet	predicted signal profile	bigWig	ChIP-seq	CTCF	gastroesophageal-sphincter	esophag	stomach	digestive-system	minus	none	passed
ENCFF919BUL	ENCFF919BUL	ENCSR661XNQ	ENCSR650AHN	BPNet	predicted signal profile	bigWig	ChIP-seq	CTCF	gastroesophageal-sphincter	esophag	stomach	digestive-system	minus	none	passed
ENCFF017BVU	ENCFF017BVU	ENCSR661XNQ	ENCSR650AHN	BPNet	predicted signal profile	bigWig	ChIP-seq	CTCF	gastroesophageal-sphincter	esophag	stomach	digestive-system	plus	none	passed
ENCFF137JCO	ENCFF137JCO	ENCSR146BGM	ENCSR275BUX	BPNet	predicted signal profile	bigWig	ChIP-seq	CTCF	gastroesophageal-sphincter	esophag	stomach	digestive-system	plus	none	passed
ENCFF262MHT	ENCFF262MHT	ENCSR298ZPF	ENCSR131CQW	BPNet	predicted signal profile	bigWig	ChIP-seq	CTCF	gastroesophageal-sphincter	esophag	stomach	digestive-system	plus	none	passed
ENCFF427NAH	ENCFF427NAH	ENCSR805YLE	ENCSR686NPX	BPNet	predicted signal profile	bigWig	ChIP-seq	CTCF	gastroesophageal-sphincter	esophag	stomach	digestive-system	plus	none	passed
ENCFF428XVN	ENCFF428XVN	ENCSR206ETG	ENCSR176KHX	BPNet	predicted signal profile	bigWig	ChIP-seq	CTCF	gastroesophageal-sphincter	esophag	stomach	digestive-system	plus	none	passed
ENCFF749JKS	ENCFF749JKS	ENCSR186NVR	ENCSR016LLR	BPNet	predicted signal profile	bigWig	ChIP-seq	CTCF	gastroesophageal-sphincter	esophag	stomach	digestive-system	plus	none	passed
ENCFF415WWB	ENCFF415WWB	ENCSR489QDF	ENCSR445PKJ	BPNet	predicted signal profile	bigWig	ChIP-seq	CTCF	glutamatergic-neuron	neuron	nerve	central-nervous-system	minus	none	passed
ENCFF128XTV	ENCFF128XTV	ENCSR489QDF	ENCSR445PKJ	BPNet	predicted signal profile	bigWig	ChIP-seq	CTCF	glutamatergic-neuron	neuron	nerve	central-nervous-system	plus	none	passed
ENCFF005TRK	ENCFF005TRK	ENCSR825NXC	ENCSR469EFI	BPNet	predicted signal profile	bigWig	ChIP-seq	CTCF	heart-left-ventricle	heart	heart	circulatory-system	minus	none	passed
ENCFF074OXG	ENCFF074OXG	ENCSR296JFK	ENCSR395DVX	BPNet	predicted signal profile	bigWig	ChIP-seq	CTCF	heart-left-ventricle	heart	heart	circulatory-system	minus	none	passed
ENCFF132XMB	ENCFF132XMB	ENCSR565HBN	ENCSR868KFG	BPNet	predicted signal profile	bigWig	ChIP-seq	CTCF	heart-left-ventricle	heart	heart	circulatory-system	minus	none	passed
ENCFF283KAF	ENCFF283KAF	ENCSR544APK	ENCSR573LUK	BPNet	predicted signal profile	bigWig	ChIP-seq	CTCF	heart-left-ventricle	heart	heart	circulatory-system	minus	none	passed
ENCFF315YDY	ENCFF315YDY	ENCSR355PMV	ENCSR078MYC	BPNet	predicted signal profile	bigWig	ChIP-seq	CTCF	heart-left-ventricle	heart	heart	circulatory-system	minus	none	passed
ENCFF399XSN	ENCFF399XSN	ENCSR881YFU	ENCSR164NLQ	BPNet	predicted signal profile	bigWig	ChIP-seq	CTCF	heart-left-ventricle	heart	heart	circulatory-system	minus	none	passed
ENCFF400VDK	ENCFF400VDK	ENCSR718SDR	ENCSR632DRZ	BPNet	predicted signal profile	bigWig	ChIP-seq	CTCF	heart-left-ventricle	heart	heart	circulatory-system	minus	none	passed
ENCFF466DOE	ENCFF466DOE	ENCSR791AYW	ENCSR008DFV	BPNet	predicted signal profile	bigWig	ChIP-seq	CTCF	heart-left-ventricle	heart	heart	circulatory-system	minus	none	passed
ENCFF516ITC	ENCFF516ITC	ENCSR578AKX	ENCSR770GGU	BPNet	predicted signal profile	bigWig	ChIP-seq	CTCF	heart-left-ventricle	heart	heart	circulatory-system	minus	none	passed
ENCFF543UOK	ENCFF543UOK	ENCSR904RIA	ENCSR248QOW	BPNet	predicted signal profile	bigWig	ChIP-seq	CTCF	heart-left-ventricle	heart	heart	circulatory-system	minus	none	passed
ENCFF589GCV	ENCFF589GCV	ENCSR461HOC	ENCSR715LMF	BPNet	predicted signal profile	bigWig	ChIP-seq	CTCF	heart-left-ventricle	heart	heart	circulatory-system	minus	none	passed
ENCFF749VZI	ENCFF749VZI	ENCSR350NBQ	ENCSR349KLJ	BPNet	predicted signal profile	bigWig	ChIP-seq	CTCF	heart-left-ventricle	heart	heart	circulatory-system	minus	none	passed
ENCFF891EZK	ENCFF891EZK	ENCSR778ZPK	ENCSR025NXO	BPNet	predicted signal profile	bigWig	ChIP-seq	CTCF	heart-left-ventricle	heart	heart	circulatory-system	minus	none	passed
ENCFF983VHJ	ENCFF983VHJ	ENCSR834XPX	ENCSR003EBX	BPNet	predicted signal profile	bigWig	ChIP-seq	CTCF	heart-left-ventricle	heart	heart	circulatory-system	minus	none	passed
ENCFF036NCS	ENCFF036NCS	ENCSR461HOC	ENCSR715LMF	BPNet	predicted signal profile	bigWig	ChIP-seq	CTCF	heart-left-ventricle	heart	heart	circulatory-system	plus	none	passed
ENCFF073XUQ	ENCFF073XUQ	ENCSR718SDR	ENCSR632DRZ	BPNet	predicted signal profile	bigWig	ChIP-seq	CTCF	heart-left-ventricle	heart	heart	circulatory-system	plus	none	passed
ENCFF165MAM	ENCFF165MAM	ENCSR355PMV	ENCSR078MYC	BPNet	predicted signal profile	bigWig	ChIP-seq	CTCF	heart-left-ventricle	heart	heart	circulatory-system	plus	none	passed
ENCFF266URL	ENCFF266URL	ENCSR565HBN	ENCSR868KFG	BPNet	predicted signal profile	bigWig	ChIP-seq	CTCF	heart-left-ventricle	heart	heart	circulatory-system	plus	none	passed
ENCFF343NSK	ENCFF343NSK	ENCSR834XPX	ENCSR003EBX	BPNet	predicted signal profile	bigWig	ChIP-seq	CTCF	heart-left-ventricle	heart	heart	circulatory-system	plus	none	passed
ENCFF358WHZ	ENCFF358WHZ	ENCSR578AKX	ENCSR770GGU	BPNet	predicted signal profile	bigWig	ChIP-seq	CTCF	heart-left-ventricle	heart	heart	circulatory-system	plus	none	passed
ENCFF366PHX	ENCFF366PHX	ENCSR791AYW	ENCSR008DFV	BPNet	predicted signal profile	bigWig	ChIP-seq	CTCF	heart-left-ventricle	heart	heart	circulatory-system	plus	none	passed
ENCFF372CZI	ENCFF372CZI	ENCSR350NBQ	ENCSR349KLJ	BPNet	predicted signal profile	bigWig	ChIP-seq	CTCF	heart-left-ventricle	heart	heart	circulatory-system	plus	none	passed
ENCFF597MNP	ENCFF597MNP	ENCSR778ZPK	ENCSR025NXO	BPNet	predicted signal profile	bigWig	ChIP-seq	CTCF	heart-left-ventricle	heart	heart	circulatory-system	plus	none	passed
ENCFF608UCZ	ENCFF608UCZ	ENCSR296JFK	ENCSR395DVX	BPNet	predicted signal profile	bigWig	ChIP-seq	CTCF	heart-left-ventricle	heart	heart	circulatory-system	plus	none	passed
ENCFF615FPR	ENCFF615FPR	ENCSR825NXC	ENCSR469EFI	BPNet	predicted signal profile	bigWig	ChIP-seq	CTCF	heart-left-ventricle	heart	heart	circulatory-system	plus	none	passed
ENCFF706SRA	ENCFF706SRA	ENCSR544APK	ENCSR573LUK	BPNet	predicted signal profile	bigWig	ChIP-seq	CTCF	heart-left-ventricle	heart	heart	circulatory-system	plus	none	passed
ENCFF967KLF	ENCFF967KLF	ENCSR881YFU	ENCSR164NLQ	BPNet	predicted signal profile	bigWig	ChIP-seq	CTCF	heart-left-ventricle	heart	heart	circulatory-system	plus	none	passed
ENCFF979URH	ENCFF979URH	ENCSR904RIA	ENCSR248QOW	BPNet	predicted signal profile	bigWig	ChIP-seq	CTCF	heart-left-ventricle	heart	heart	circulatory-system	plus	none	passed
ENCFF027XNW	ENCFF027XNW	ENCSR928RNP	ENCSR616WTU	BPNet	predicted signal profile	bigWig	ChIP-seq	CTCF	heart-right-ventricle	heart	heart	circulatory-system	minus	none	passed
ENCFF281CCW	ENCFF281CCW	ENCSR138FTN	ENCSR601CJR	BPNet	predicted signal profile	bigWig	ChIP-seq	CTCF	heart-right-ventricle	heart	heart	circulatory-system	minus	none	passed
ENCFF406IIZ	ENCFF406IIZ	ENCSR585JVS	ENCSR932SYD	BPNet	predicted signal profile	bigWig	ChIP-seq	CTCF	heart-right-ventricle	heart	heart	circulatory-system	minus	none	passed
ENCFF412NTK	ENCFF412NTK	ENCSR473DVS	ENCSR788INN	BPNet	predicted signal profile	bigWig	ChIP-seq	CTCF	heart-right-ventricle	heart	heart	circulatory-system	minus	none	passed
ENCFF439DZA	ENCFF439DZA	ENCSR840EYN	ENCSR625KKR	BPNet	predicted signal profile	bigWig	ChIP-seq	CTCF	heart-right-ventricle	heart	heart	circulatory-system	minus	none	passed
ENCFF499AZG	ENCFF499AZG	ENCSR505RTK	ENCSR325CRC	BPNet	predicted signal profile	bigWig	ChIP-seq	CTCF	heart-right-ventricle	heart	heart	circulatory-system	minus	none	passed
ENCFF682RVH	ENCFF682RVH	ENCSR376EOW	ENCSR287YDH	BPNet	predicted signal profile	bigWig	ChIP-seq	CTCF	heart-right-ventricle	heart	heart	circulatory-system	minus	none	passed
ENCFF699QPW	ENCFF699QPW	ENCSR587KPW	ENCSR489DNU	BPNet	predicted signal profile	bigWig	ChIP-seq	CTCF	heart-right-ventricle	heart	heart	circulatory-system	minus	none	passed
ENCFF806HBK	ENCFF806HBK	ENCSR089NBS	ENCSR081IKT	BPNet	predicted signal profile	bigWig	ChIP-seq	CTCF	heart-right-ventricle	heart	heart	circulatory-system	minus	none	passed
ENCFF842RSZ	ENCFF842RSZ	ENCSR105KGD	ENCSR088AMF	BPNet	predicted signal profile	bigWig	ChIP-seq	CTCF	heart-right-ventricle	heart	heart	circulatory-system	minus	none	passed
ENCFF884GHJ	ENCFF884GHJ	ENCSR323ZAP	ENCSR760DOP	BPNet	predicted signal profile	bigWig	ChIP-seq	CTCF	heart-right-ventricle	heart	heart	circulatory-system	minus	none	passed
ENCFF101AXB	ENCFF101AXB	ENCSR473DVS	ENCSR788INN	BPNet	predicted signal profile	bigWig	ChIP-seq	CTCF	heart-right-ventricle	heart	heart	circulatory-system	plus	none	passed
ENCFF143XKK	ENCFF143XKK	ENCSR587KPW	ENCSR489DNU	BPNet	predicted signal profile	bigWig	ChIP-seq	CTCF	heart-right-ventricle	heart	heart	circulatory-system	plus	none	passed
ENCFF260HWW	ENCFF260HWW	ENCSR376EOW	ENCSR287YDH	BPNet	predicted signal profile	bigWig	ChIP-seq	CTCF	heart-right-ventricle	heart	heart	circulatory-system	plus	none	passed
ENCFF303QRJ	ENCFF303QRJ	ENCSR323ZAP	ENCSR760DOP	BPNet	predicted signal profile	bigWig	ChIP-seq	CTCF	heart-right-ventricle	heart	heart	circulatory-system	plus	none	passed
ENCFF352CGW	ENCFF352CGW	ENCSR585JVS	ENCSR932SYD	BPNet	predicted signal profile	bigWig	ChIP-seq	CTCF	heart-right-ventricle	heart	heart	circulatory-system	plus	none	passed
ENCFF427HWF	ENCFF427HWF	ENCSR105KGD	ENCSR088AMF	BPNet	predicted signal profile	bigWig	ChIP-seq	CTCF	heart-right-ventricle	heart	heart	circulatory-system	plus	none	passed
ENCFF556PPF	ENCFF556PPF	ENCSR089NBS	ENCSR081IKT	BPNet	predicted signal profile	bigWig	ChIP-seq	CTCF	heart-right-ventricle	heart	heart	circulatory-system	plus	none	passed
ENCFF844MDT	ENCFF844MDT	ENCSR505RTK	ENCSR325CRC	BPNet	predicted signal profile	bigWig	ChIP-seq	CTCF	heart-right-ventricle	heart	heart	circulatory-system	plus	none	passed
ENCFF882APO	ENCFF882APO	ENCSR928RNP	ENCSR616WTU	BPNet	predicted signal profile	bigWig	ChIP-seq	CTCF	heart-right-ventricle	heart	heart	circulatory-system	plus	none	passed
ENCFF915UGW	ENCFF915UGW	ENCSR840EYN	ENCSR625KKR	BPNet	predicted signal profile	bigWig	ChIP-seq	CTCF	heart-right-ventricle	heart	heart	circulatory-system	plus	none	passed
ENCFF979WJB	ENCFF979WJB	ENCSR138FTN	ENCSR601CJR	BPNet	predicted signal profile	bigWig	ChIP-seq	CTCF	heart-right-ventricle	heart	heart	circulatory-system	plus	none	passed
ENCFF873WUD	ENCFF873WUD	ENCSR252QYR	ENCSR525ROU	BPNet	predicted signal profile	bigWig	ChIP-seq	CTCF	hepatocyte	hepato	liver	digestive-system	minus	none	passed
ENCFF229VCV	ENCFF229VCV	ENCSR252QYR	ENCSR525ROU	BPNet	predicted signal profile	bigWig	ChIP-seq	CTCF	hepatocyte	hepato	liver	digestive-system	plus	none	passed
ENCFF091IES	ENCFF091IES	ENCSR000DNC	ENCSR782QKV	BPNet	predicted signal profile	bigWig	ChIP-seq	CTCF	keratinocyte	keratinocyte	skin	integumental-system	minus	none	passed
ENCFF753LXT	ENCFF753LXT	ENCSR000ALJ	ENCSR463ELC	BPNet	predicted signal profile	bigWig	ChIP-seq	CTCF	keratinocyte	keratinocyte	skin	integumental-system	minus	none	passed
ENCFF872BFK	ENCFF872BFK	ENCSR000DWX	ENCSR551IVT	BPNet	predicted signal profile	bigWig	ChIP-seq	CTCF	keratinocyte	keratinocyte	skin	integumental-system	minus	none	passed
ENCFF114ZFX	ENCFF114ZFX	ENCSR000ALJ	ENCSR463ELC	BPNet	predicted signal profile	bigWig	ChIP-seq	CTCF	keratinocyte	keratinocyte	skin	integumental-system	plus	none	passed
ENCFF609UPQ	ENCFF609UPQ	ENCSR000DNC	ENCSR782QKV	BPNet	predicted signal profile	bigWig	ChIP-seq	CTCF	keratinocyte	keratinocyte	skin	integumental-system	plus	none	passed
ENCFF634RIV	ENCFF634RIV	ENCSR000DWX	ENCSR551IVT	BPNet	predicted signal profile	bigWig	ChIP-seq	CTCF	keratinocyte	keratinocyte	skin	integumental-system	plus	none	passed
ENCFF999NGC	ENCFF999NGC	ENCSR000DMC	ENCSR551FFQ	BPNet	predicted signal profile	bigWig	ChIP-seq	CTCF	kidney	kidney	kidney	excretory-system	minus	none	passed
ENCFF724IAG	ENCFF724IAG	ENCSR000DMC	ENCSR551FFQ	BPNet	predicted signal profile	bigWig	ChIP-seq	CTCF	kidney	kidney	kidney	excretory-system	plus	none	passed
ENCFF150FDN	ENCFF150FDN	ENCSR000DVH	ENCSR607PEH	BPNet	predicted signal profile	bigWig	ChIP-seq	CTCF	kidney-epithelial-cell	epithelial	epithelial	integumental-system	minus	none	passed
ENCFF667OWU	ENCFF667OWU	ENCSR000DVH	ENCSR607PEH	BPNet	predicted signal profile	bigWig	ChIP-seq	CTCF	kidney-epithelial-cell	epithelial	epithelial	integumental-system	plus	none	passed
ENCFF212QND	ENCFF212QND	ENCSR255SQR	ENCSR105FZO	BPNet	predicted signal profile	bigWig	ChIP-seq	CTCF	left-lung	lung	lung	respiratory-system	minus	none	passed
ENCFF453SIT	ENCFF453SIT	ENCSR736PZW	ENCSR262QVN	BPNet	predicted signal profile	bigWig	ChIP-seq	CTCF	left-lung	lung	lung	respiratory-system	minus	none	passed
ENCFF255HHF	ENCFF255HHF	ENCSR255SQR	ENCSR105FZO	BPNet	predicted signal profile	bigWig	ChIP-seq	CTCF	left-lung	lung	lung	respiratory-system	plus	none	passed
ENCFF514ZJF	ENCFF514ZJF	ENCSR736PZW	ENCSR262QVN	BPNet	predicted signal profile	bigWig	ChIP-seq	CTCF	left-lung	lung	lung	respiratory-system	plus	none	passed
ENCFF690TAL	ENCFF690TAL	ENCSR068HEE	ENCSR134HNL	BPNet	predicted signal profile	bigWig	ChIP-seq	CTCF	left-ventricle-myocardium-inferior	ventricle	heart	circulatory-system	minus	none	passed
ENCFF213LLP	ENCFF213LLP	ENCSR068HEE	ENCSR134HNL	BPNet	predicted signal profile	bigWig	ChIP-seq	CTCF	left-ventricle-myocardium-inferior	ventricle	heart	circulatory-system	plus	none	passed
ENCFF465LGO	ENCFF465LGO	ENCSR254YRM	ENCSR430UIV	BPNet	predicted signal profile	bigWig	ChIP-seq	CTCF	liver	liver	liver	digestive-system	minus	none	passed
ENCFF329MOM	ENCFF329MOM	ENCSR254YRM	ENCSR430UIV	BPNet	predicted signal profile	bigWig	ChIP-seq	CTCF	liver	liver	liver	digestive-system	plus	none	passed
ENCFF867AQF	ENCFF867AQF	ENCSR252XWG	ENCSR859OWB	BPNet	predicted signal profile	bigWig	ChIP-seq	CTCF	lower-leg-skin	skin	skin	integumental-system	minus	none	passed
ENCFF870THW	ENCFF870THW	ENCSR252XWG	ENCSR859OWB	BPNet	predicted signal profile	bigWig	ChIP-seq	CTCF	lower-leg-skin	skin	skin	integumental-system	plus	none	passed
ENCFF603NKU	ENCFF603NKU	ENCSR195POA	ENCSR437REB	BPNet	predicted signal profile	bigWig	ChIP-seq	CTCF	lower-lobe-of-left-lung	lung	lung	respiratory-system	minus	none	passed
ENCFF857PBF	ENCFF857PBF	ENCSR133AFF	ENCSR108URW	BPNet	predicted signal profile	bigWig	ChIP-seq	CTCF	lower-lobe-of-left-lung	lung	lung	respiratory-system	minus	none	passed
ENCFF098ZYE	ENCFF098ZYE	ENCSR195POA	ENCSR437REB	BPNet	predicted signal profile	bigWig	ChIP-seq	CTCF	lower-lobe-of-left-lung	lung	lung	respiratory-system	plus	none	passed
ENCFF191NCT	ENCFF191NCT	ENCSR133AFF	ENCSR108URW	BPNet	predicted signal profile	bigWig	ChIP-seq	CTCF	lower-lobe-of-left-lung	lung	lung	respiratory-system	plus	none	passed
ENCFF999WKQ	ENCFF999WKQ	ENCSR863HZM	ENCSR619FPQ	BPNet	predicted signal profile	bigWig	ChIP-seq	CTCF	lower-lobe-of-right-lung	lung	lung	respiratory-system	minus	none	passed
ENCFF366CLO	ENCFF366CLO	ENCSR863HZM	ENCSR619FPQ	BPNet	predicted signal profile	bigWig	ChIP-seq	CTCF	lower-lobe-of-right-lung	lung	lung	respiratory-system	plus	none	passed
ENCFF893OEQ	ENCFF893OEQ	ENCSR000DMH	ENCSR127LIU	BPNet	predicted signal profile	bigWig	ChIP-seq	CTCF	lung	lung	lung	respiratory-system	minus	none	passed
ENCFF683KGE	ENCFF683KGE	ENCSR000DMH	ENCSR127LIU	BPNet	predicted signal profile	bigWig	ChIP-seq	CTCF	lung	lung	lung	respiratory-system	plus	none	passed
ENCFF377IDB	ENCFF377IDB	ENCSR000ALV	ENCSR270VTJ	BPNet	predicted signal profile	bigWig	ChIP-seq	CTCF	mammary-epithelial-cell	epithelial	epithelial	integumental-system	minus	none	passed
ENCFF569CJV	ENCFF569CJV	ENCSR000DUS	ENCSR101RHS	BPNet	predicted signal profile	bigWig	ChIP-seq	CTCF	mammary-epithelial-cell	epithelial	epithelial	integumental-system	minus	none	passed
ENCFF570RPN	ENCFF570RPN	ENCSR000ALV	ENCSR270VTJ	BPNet	predicted signal profile	bigWig	ChIP-seq	CTCF	mammary-epithelial-cell	epithelial	epithelial	integumental-system	plus	none	passed
ENCFF753TGL	ENCFF753TGL	ENCSR000DUS	ENCSR101RHS	BPNet	predicted signal profile	bigWig	ChIP-seq	CTCF	mammary-epithelial-cell	epithelial	epithelial	integumental-system	plus	none	passed
ENCFF836VOU	ENCFF836VOU	ENCSR647SQF	ENCSR455DWB	BPNet	predicted signal profile	bigWig	ChIP-seq	CTCF	mesothelial-cell-of-epicardium	epicardium	heart	circulatory-system	minus	none	passed
ENCFF847PFY	ENCFF847PFY	ENCSR647SQF	ENCSR455DWB	BPNet	predicted signal profile	bigWig	ChIP-seq	CTCF	mesothelial-cell-of-epicardium	epicardium	heart	circulatory-system	plus	none	passed
ENCFF156GSN	ENCFF156GSN	ENCSR038VWU	ENCSR295BWW	BPNet	predicted signal profile	bigWig	ChIP-seq	CTCF	mucosa-of-descending-colon	colon	large-intestine	digestive-system	minus	none	passed
ENCFF637DLE	ENCFF637DLE	ENCSR038VWU	ENCSR295BWW	BPNet	predicted signal profile	bigWig	ChIP-seq	CTCF	mucosa-of-descending-colon	colon	large-intestine	digestive-system	plus	none	passed
ENCFF475MTO	ENCFF475MTO	ENCSR000ANS	ENCSR476TGO	BPNet	predicted signal profile	bigWig	ChIP-seq	CTCF	myotube	myotube	muscle	musculature	minus	none	passed
ENCFF386GFB	ENCFF386GFB	ENCSR000ANS	ENCSR476TGO	BPNet	predicted signal profile	bigWig	ChIP-seq	CTCF	myotube	myotube	muscle	musculature	plus	none	passed
ENCFF216CTY	ENCFF216CTY	ENCSR856TKC	ENCSR686ZIO	BPNet	predicted signal profile	bigWig	ChIP-seq	CTCF	natural-killer-cell	killer	immune	immune-system	minus	none	passed
ENCFF353DPC	ENCFF353DPC	ENCSR856TKC	ENCSR686ZIO	BPNet	predicted signal profile	bigWig	ChIP-seq	CTCF	natural-killer-cell	killer	immune	immune-system	plus	none	passed
ENCFF366ASE	ENCFF366ASE	ENCSR194WQV	ENCSR404EXQ	BPNet	predicted signal profile	bigWig	ChIP-seq	CTCF	nephron	nephron	kidney	excretory-system	minus	none	passed
ENCFF521RCL	ENCFF521RCL	ENCSR966OUM	ENCSR352YYZ	BPNet	predicted signal profile	bigWig	ChIP-seq	CTCF	nephron	nephron	kidney	excretory-system	minus	none	passed
ENCFF982QPC	ENCFF982QPC	ENCSR266ZUX	ENCSR372ZDP	BPNet	predicted signal profile	bigWig	ChIP-seq	CTCF	nephron	nephron	kidney	excretory-system	minus	none	passed
ENCFF791JZQ	ENCFF791JZQ	ENCSR966OUM	ENCSR352YYZ	BPNet	predicted signal profile	bigWig	ChIP-seq	CTCF	nephron	nephron	kidney	excretory-system	plus	none	passed
ENCFF938FNE	ENCFF938FNE	ENCSR266ZUX	ENCSR372ZDP	BPNet	predicted signal profile	bigWig	ChIP-seq	CTCF	nephron	nephron	kidney	excretory-system	plus	none	passed
ENCFF985GZW	ENCFF985GZW	ENCSR194WQV	ENCSR404EXQ	BPNet	predicted signal profile	bigWig	ChIP-seq	CTCF	nephron	nephron	kidney	excretory-system	plus	none	passed
ENCFF098USE	ENCFF098USE	ENCSR799GJD	ENCSR008NLN	BPNet	predicted signal profile	bigWig	ChIP-seq	CTCF	nephron-progenitor-cell	nephron	kidney	excretory-system	minus	none	passed
ENCFF102RWB	ENCFF102RWB	ENCSR799GJD	ENCSR008NLN	BPNet	predicted signal profile	bigWig	ChIP-seq	CTCF	nephron-progenitor-cell	nephron	kidney	excretory-system	plus	none	passed
ENCFF594HVA	ENCFF594HVA	ENCSR822CEA	ENCSR031QLT	BPNet	predicted signal profile	bigWig	ChIP-seq	CTCF	neural-cell	neural	nerve	central-nervous-system	minus	none	passed
ENCFF085DGK	ENCFF085DGK	ENCSR822CEA	ENCSR031QLT	BPNet	predicted signal profile	bigWig	ChIP-seq	CTCF	neural-cell	neural	nerve	central-nervous-system	plus	none	passed
ENCFF342VAL	ENCFF342VAL	ENCSR218MVT	ENCSR131TMB	BPNet	predicted signal profile	bigWig	ChIP-seq	CTCF	neural-crest-cell	neural	nerve	central-nervous-system	minus	none	passed
ENCFF365OFL	ENCFF365OFL	ENCSR218MVT	ENCSR131TMB	BPNet	predicted signal profile	bigWig	ChIP-seq	CTCF	neural-crest-cell	neural	nerve	central-nervous-system	plus	none	passed
ENCFF312LVX	ENCFF312LVX	ENCSR260FAS	ENCSR281EXL	BPNet	predicted signal profile	bigWig	ChIP-seq	CTCF	neural-progenitor-cell	neural	nerve	central-nervous-system	minus	none	passed
ENCFF421XTZ	ENCFF421XTZ	ENCSR125NBL	ENCSR428GEX	BPNet	predicted signal profile	bigWig	ChIP-seq	CTCF	neural-progenitor-cell	neural	nerve	central-nervous-system	minus	none	passed
ENCFF429OGP	ENCFF429OGP	ENCSR260FAS	ENCSR281EXL	BPNet	predicted signal profile	bigWig	ChIP-seq	CTCF	neural-progenitor-cell	neural	nerve	central-nervous-system	plus	none	passed
ENCFF560MSD	ENCFF560MSD	ENCSR125NBL	ENCSR428GEX	BPNet	predicted signal profile	bigWig	ChIP-seq	CTCF	neural-progenitor-cell	neural	nerve	central-nervous-system	plus	none	passed
ENCFF669KBS	ENCFF669KBS	ENCSR785YRL	ENCSR756LRY	BPNet	predicted signal profile	bigWig	ChIP-seq	CTCF	neutrophil	cell-line	cell-line	cell-line	minus	none	passed
ENCFF540WWU	ENCFF540WWU	ENCSR785YRL	ENCSR756LRY	BPNet	predicted signal profile	bigWig	ChIP-seq	CTCF	neutrophil	cell-line	cell-line	cell-line	plus	none	passed
ENCFF423LEM	ENCFF423LEM	ENCSR225OKX	ENCSR099PRX	BPNet	predicted signal profile	bigWig	ChIP-seq	CTCF	omental-fat-pad	fat	skin	integumental-system	minus	none	passed
ENCFF100JQM	ENCFF100JQM	ENCSR225OKX	ENCSR099PRX	BPNet	predicted signal profile	bigWig	ChIP-seq	CTCF	omental-fat-pad	fat	skin	integumental-system	plus	none	passed
ENCFF659BFV	ENCFF659BFV	ENCSR000APF	ENCSR645FGW	BPNet	predicted signal profile	bigWig	ChIP-seq	CTCF	osteoblast	cell-line	cell-line	cell-line	minus	none	passed
ENCFF112YEK	ENCFF112YEK	ENCSR000APF	ENCSR645FGW	BPNet	predicted signal profile	bigWig	ChIP-seq	CTCF	osteoblast	cell-line	cell-line	cell-line	plus	none	passed
ENCFF913QGT	ENCFF913QGT	ENCSR300DWM	ENCSR173HHH	BPNet	predicted signal profile	bigWig	ChIP-seq	CTCF	osteocyte	osteocyte	bone	skeletal-system	minus	none	passed
ENCFF626XNP	ENCFF626XNP	ENCSR300DWM	ENCSR173HHH	BPNet	predicted signal profile	bigWig	ChIP-seq	CTCF	osteocyte	osteocyte	bone	skeletal-system	plus	none	passed
ENCFF257PEG	ENCFF257PEG	ENCSR548DDS	ENCSR837MDI	BPNet	predicted signal profile	bigWig	ChIP-seq	CTCF	ovary	ovary	ovary	reproductive-system	minus	none	passed
ENCFF531IPA	ENCFF531IPA	ENCSR934GQS	ENCSR183LYL	BPNet	predicted signal profile	bigWig	ChIP-seq	CTCF	ovary	ovary	ovary	reproductive-system	minus	none	passed
ENCFF649LKL	ENCFF649LKL	ENCSR493APD	ENCSR323LBL	BPNet	predicted signal profile	bigWig	ChIP-seq	CTCF	ovary	ovary	ovary	reproductive-system	minus	none	passed
ENCFF082YDD	ENCFF082YDD	ENCSR934GQS	ENCSR183LYL	BPNet	predicted signal profile	bigWig	ChIP-seq	CTCF	ovary	ovary	ovary	reproductive-system	plus	none	passed
ENCFF310IGR	ENCFF310IGR	ENCSR548DDS	ENCSR837MDI	BPNet	predicted signal profile	bigWig	ChIP-seq	CTCF	ovary	ovary	ovary	reproductive-system	plus	none	passed
ENCFF595SJJ	ENCFF595SJJ	ENCSR493APD	ENCSR323LBL	BPNet	predicted signal profile	bigWig	ChIP-seq	CTCF	ovary	ovary	ovary	reproductive-system	plus	none	passed
ENCFF179SWO	ENCFF179SWO	ENCSR000DND	ENCSR431LWM	BPNet	predicted signal profile	bigWig	ChIP-seq	CTCF	pancreas	pancreas	pancreas	digestive-system	minus	none	passed
ENCFF186STI	ENCFF186STI	ENCSR852BLA	ENCSR362ECX	BPNet	predicted signal profile	bigWig	ChIP-seq	CTCF	pancreas	pancreas	pancreas	digestive-system	minus	none	passed
ENCFF456CFV	ENCFF456CFV	ENCSR113COJ	ENCSR481SCY	BPNet	predicted signal profile	bigWig	ChIP-seq	CTCF	pancreas	pancreas	pancreas	digestive-system	minus	none	passed
ENCFF745CHB	ENCFF745CHB	ENCSR253ALG	ENCSR465DTI	BPNet	predicted signal profile	bigWig	ChIP-seq	CTCF	pancreas	pancreas	pancreas	digestive-system	minus	none	passed
ENCFF916ZLT	ENCFF916ZLT	ENCSR774PGN	ENCSR431SPK	BPNet	predicted signal profile	bigWig	ChIP-seq	CTCF	pancreas	pancreas	pancreas	digestive-system	minus	none	passed
ENCFF074BRA	ENCFF074BRA	ENCSR000DND	ENCSR431LWM	BPNet	predicted signal profile	bigWig	ChIP-seq	CTCF	pancreas	pancreas	pancreas	digestive-system	plus	none	passed
ENCFF262ZYY	ENCFF262ZYY	ENCSR113COJ	ENCSR481SCY	BPNet	predicted signal profile	bigWig	ChIP-seq	CTCF	pancreas	pancreas	pancreas	digestive-system	plus	none	passed
ENCFF354ZDH	ENCFF354ZDH	ENCSR774PGN	ENCSR431SPK	BPNet	predicted signal profile	bigWig	ChIP-seq	CTCF	pancreas	pancreas	pancreas	digestive-system	plus	none	passed
ENCFF496NME	ENCFF496NME	ENCSR253ALG	ENCSR465DTI	BPNet	predicted signal profile	bigWig	ChIP-seq	CTCF	pancreas	pancreas	pancreas	digestive-system	plus	none	passed
ENCFF792FMT	ENCFF792FMT	ENCSR852BLA	ENCSR362ECX	BPNet	predicted signal profile	bigWig	ChIP-seq	CTCF	pancreas	pancreas	pancreas	digestive-system	plus	none	passed
ENCFF573GSX	ENCFF573GSX	ENCSR291YNH	ENCSR658NCK	BPNet	predicted signal profile	bigWig	ChIP-seq	CTCF	placenta	placenta	placenta	reproductive-system	minus	none	passed
ENCFF344KJZ	ENCFF344KJZ	ENCSR291YNH	ENCSR658NCK	BPNet	predicted signal profile	bigWig	ChIP-seq	CTCF	placenta	placenta	placenta	reproductive-system	plus	none	passed
ENCFF863RMQ	ENCFF863RMQ	ENCSR901NIN	ENCSR772WOB	BPNet	predicted signal profile	bigWig	ChIP-seq	CTCF	progenitor-cell-of-endocrine-pancreas	pancreas	pancreas	digestive-system	minus	none	passed
ENCFF740DIP	ENCFF740DIP	ENCSR901NIN	ENCSR772WOB	BPNet	predicted signal profile	bigWig	ChIP-seq	CTCF	progenitor-cell-of-endocrine-pancreas	pancreas	pancreas	digestive-system	plus	none	passed
ENCFF033ZRZ	ENCFF033ZRZ	ENCSR946MNG	ENCSR510ORC	BPNet	predicted signal profile	bigWig	ChIP-seq	CTCF	prostate-gland	prostate	testis	reproductive-system	minus	none	passed
ENCFF108DTP	ENCFF108DTP	ENCSR230ORT	ENCSR242VPF	BPNet	predicted signal profile	bigWig	ChIP-seq	CTCF	prostate-gland	prostate	testis	reproductive-system	minus	none	passed
ENCFF242PIA	ENCFF242PIA	ENCSR829HTO	ENCSR092FZF	BPNet	predicted signal profile	bigWig	ChIP-seq	CTCF	prostate-gland	prostate	testis	reproductive-system	minus	none	passed
ENCFF828GPN	ENCFF828GPN	ENCSR720USO	ENCSR774CHZ	BPNet	predicted signal profile	bigWig	ChIP-seq	CTCF	prostate-gland	prostate	testis	reproductive-system	minus	none	passed
ENCFF026MGF	ENCFF026MGF	ENCSR829HTO	ENCSR092FZF	BPNet	predicted signal profile	bigWig	ChIP-seq	CTCF	prostate-gland	prostate	testis	reproductive-system	plus	none	passed
ENCFF261DWP	ENCFF261DWP	ENCSR946MNG	ENCSR510ORC	BPNet	predicted signal profile	bigWig	ChIP-seq	CTCF	prostate-gland	prostate	testis	reproductive-system	plus	none	passed
ENCFF437TOF	ENCFF437TOF	ENCSR230ORT	ENCSR242VPF	BPNet	predicted signal profile	bigWig	ChIP-seq	CTCF	prostate-gland	prostate	testis	reproductive-system	plus	none	passed
ENCFF629NNJ	ENCFF629NNJ	ENCSR720USO	ENCSR774CHZ	BPNet	predicted signal profile	bigWig	ChIP-seq	CTCF	prostate-gland	prostate	testis	reproductive-system	plus	none	passed
ENCFF630SWZ	ENCFF630SWZ	ENCSR984IUE	ENCSR838QYE	BPNet	predicted signal profile	bigWig	ChIP-seq	CTCF	psoas-muscle	muscle	muscle	musculature	minus	none	passed
ENCFF941KUC	ENCFF941KUC	ENCSR984IUE	ENCSR838QYE	BPNet	predicted signal profile	bigWig	ChIP-seq	CTCF	psoas-muscle	muscle	muscle	musculature	plus	none	passed
ENCFF288JYC	ENCFF288JYC	ENCSR000DVI	ENCSR185MST	BPNet	predicted signal profile	bigWig	ChIP-seq	CTCF	retinal-pigment-epithelial-cell	epithelial	epithelial	integumental-system	minus	none	passed
ENCFF870GSW	ENCFF870GSW	ENCSR000DVI	ENCSR185MST	BPNet	predicted signal profile	bigWig	ChIP-seq	CTCF	retinal-pigment-epithelial-cell	epithelial	epithelial	integumental-system	plus	none	passed
ENCFF013PWO	ENCFF013PWO	ENCSR066GBX	ENCSR564QNO	BPNet	predicted signal profile	bigWig	ChIP-seq	CTCF	right-atrium-auricular-region	atrium	heart	circulatory-system	minus	none	passed
ENCFF406TSE	ENCFF406TSE	ENCSR401KRN	ENCSR541ODB	BPNet	predicted signal profile	bigWig	ChIP-seq	CTCF	right-atrium-auricular-region	atrium	heart	circulatory-system	minus	none	passed
ENCFF470FLQ	ENCFF470FLQ	ENCSR232OFD	ENCSR557FKB	BPNet	predicted signal profile	bigWig	ChIP-seq	CTCF	right-atrium-auricular-region	atrium	heart	circulatory-system	minus	none	passed
ENCFF582BVE	ENCFF582BVE	ENCSR232OFD	ENCSR557FKB	BPNet	predicted signal profile	bigWig	ChIP-seq	CTCF	right-atrium-auricular-region	atrium	heart	circulatory-system	plus	none	passed
ENCFF589RMG	ENCFF589RMG	ENCSR066GBX	ENCSR564QNO	BPNet	predicted signal profile	bigWig	ChIP-seq	CTCF	right-atrium-auricular-region	atrium	heart	circulatory-system	plus	none	passed
ENCFF794RAB	ENCFF794RAB	ENCSR401KRN	ENCSR541ODB	BPNet	predicted signal profile	bigWig	ChIP-seq	CTCF	right-atrium-auricular-region	atrium	heart	circulatory-system	plus	none	passed
ENCFF167XWK	ENCFF167XWK	ENCSR839NFL	ENCSR686AGK	BPNet	predicted signal profile	bigWig	ChIP-seq	CTCF	right-lobe-of-liver	liver	liver	digestive-system	minus	none	passed
ENCFF230BLJ	ENCFF230BLJ	ENCSR000VGD	ENCSR933NFV	BPNet	predicted signal profile	bigWig	ChIP-seq	CTCF	right-lobe-of-liver	liver	liver	digestive-system	minus	none	passed
ENCFF355BXC	ENCFF355BXC	ENCSR837OOH	ENCSR360JKL	BPNet	predicted signal profile	bigWig	ChIP-seq	CTCF	right-lobe-of-liver	liver	liver	digestive-system	minus	none	passed
ENCFF763MRG	ENCFF763MRG	ENCSR911GFJ	ENCSR949KOB	BPNet	predicted signal profile	bigWig	ChIP-seq	CTCF	right-lobe-of-liver	liver	liver	digestive-system	minus	none	passed
ENCFF381XMI	ENCFF381XMI	ENCSR911GFJ	ENCSR949KOB	BPNet	predicted signal profile	bigWig	ChIP-seq	CTCF	right-lobe-of-liver	liver	liver	digestive-system	plus	none	passed
ENCFF418DRI	ENCFF418DRI	ENCSR000VGD	ENCSR933NFV	BPNet	predicted signal profile	bigWig	ChIP-seq	CTCF	right-lobe-of-liver	liver	liver	digestive-system	plus	none	passed
ENCFF478RMU	ENCFF478RMU	ENCSR837OOH	ENCSR360JKL	BPNet	predicted signal profile	bigWig	ChIP-seq	CTCF	right-lobe-of-liver	liver	liver	digestive-system	plus	none	passed
ENCFF747PWA	ENCFF747PWA	ENCSR839NFL	ENCSR686AGK	BPNet	predicted signal profile	bigWig	ChIP-seq	CTCF	right-lobe-of-liver	liver	liver	digestive-system	plus	none	passed
ENCFF201HCK	ENCFF201HCK	ENCSR857RJQ	ENCSR972EIV	BPNet	predicted signal profile	bigWig	ChIP-seq	CTCF	sigmoid-colon	colon	large-intestine	digestive-system	minus	none	passed
ENCFF227TLJ	ENCFF227TLJ	ENCSR925GDS	ENCSR325SKA	BPNet	predicted signal profile	bigWig	ChIP-seq	CTCF	sigmoid-colon	colon	large-intestine	digestive-system	minus	none	passed
ENCFF246ICC	ENCFF246ICC	ENCSR721AHD	ENCSR523MJC	BPNet	predicted signal profile	bigWig	ChIP-seq	CTCF	sigmoid-colon	colon	large-intestine	digestive-system	minus	none	passed
ENCFF775ISC	ENCFF775ISC	ENCSR222SQE	ENCSR375WGZ	BPNet	predicted signal profile	bigWig	ChIP-seq	CTCF	sigmoid-colon	colon	large-intestine	digestive-system	minus	none	passed
ENCFF243OZR	ENCFF243OZR	ENCSR925GDS	ENCSR325SKA	BPNet	predicted signal profile	bigWig	ChIP-seq	CTCF	sigmoid-colon	colon	large-intestine	digestive-system	plus	none	passed
ENCFF607OCK	ENCFF607OCK	ENCSR222SQE	ENCSR375WGZ	BPNet	predicted signal profile	bigWig	ChIP-seq	CTCF	sigmoid-colon	colon	large-intestine	digestive-system	plus	none	passed
ENCFF764EWZ	ENCFF764EWZ	ENCSR857RJQ	ENCSR972EIV	BPNet	predicted signal profile	bigWig	ChIP-seq	CTCF	sigmoid-colon	colon	large-intestine	digestive-system	plus	none	passed
ENCFF976MGN	ENCFF976MGN	ENCSR721AHD	ENCSR523MJC	BPNet	predicted signal profile	bigWig	ChIP-seq	CTCF	sigmoid-colon	colon	large-intestine	digestive-system	plus	none	passed
ENCFF559ZYJ	ENCFF559ZYJ	ENCSR000ANE	ENCSR148IZB	BPNet	predicted signal profile	bigWig	ChIP-seq	CTCF	skeletal-muscle-myoblast	muscle	muscle	musculature	minus	none	passed
ENCFF053GMO	ENCFF053GMO	ENCSR000ANE	ENCSR148IZB	BPNet	predicted signal profile	bigWig	ChIP-seq	CTCF	skeletal-muscle-myoblast	muscle	muscle	musculature	plus	none	passed
ENCFF316JZQ	ENCFF316JZQ	ENCSR261VAS	ENCSR801SLD	BPNet	predicted signal profile	bigWig	ChIP-seq	CTCF	smooth-muscle-cell	muscle	muscle	musculature	minus	none	passed
ENCFF984NHU	ENCFF984NHU	ENCSR261VAS	ENCSR801SLD	BPNet	predicted signal profile	bigWig	ChIP-seq	CTCF	smooth-muscle-cell	muscle	muscle	musculature	plus	none	passed
ENCFF071ORX	ENCFF071ORX	ENCSR595BPR	ENCSR152KNT	BPNet	predicted signal profile	bigWig	ChIP-seq	CTCF	spleen	spleen	spleen	endocrine-system	minus	none	passed
ENCFF164ADR	ENCFF164ADR	ENCSR266CJT	ENCSR103WPA	BPNet	predicted signal profile	bigWig	ChIP-seq	CTCF	spleen	spleen	spleen	endocrine-system	minus	none	passed
ENCFF189SSA	ENCFF189SSA	ENCSR000DNI	ENCSR896AXL	BPNet	predicted signal profile	bigWig	ChIP-seq	CTCF	spleen	spleen	spleen	endocrine-system	minus	none	passed
ENCFF301LOD	ENCFF301LOD	ENCSR601FEB	ENCSR238LOA	BPNet	predicted signal profile	bigWig	ChIP-seq	CTCF	spleen	spleen	spleen	endocrine-system	minus	none	passed
ENCFF339GEY	ENCFF339GEY	ENCSR967BSF	ENCSR501GMR	BPNet	predicted signal profile	bigWig	ChIP-seq	CTCF	spleen	spleen	spleen	endocrine-system	minus	none	passed
ENCFF364WNB	ENCFF364WNB	ENCSR466TNQ	ENCSR025HVE	BPNet	predicted signal profile	bigWig	ChIP-seq	CTCF	spleen	spleen	spleen	endocrine-system	minus	none	passed
ENCFF420IKE	ENCFF420IKE	ENCSR234HEM	ENCSR700WKB	BPNet	predicted signal profile	bigWig	ChIP-seq	CTCF	spleen	spleen	spleen	endocrine-system	minus	none	passed
ENCFF438XDS	ENCFF438XDS	ENCSR692ILH	ENCSR538GXZ	BPNet	predicted signal profile	bigWig	ChIP-seq	CTCF	spleen	spleen	spleen	endocrine-system	minus	none	passed
ENCFF509OMU	ENCFF509OMU	ENCSR961SKY	ENCSR977SBI	BPNet	predicted signal profile	bigWig	ChIP-seq	CTCF	spleen	spleen	spleen	endocrine-system	minus	none	passed
ENCFF702YJQ	ENCFF702YJQ	ENCSR343RJH	ENCSR179EGZ	BPNet	predicted signal profile	bigWig	ChIP-seq	CTCF	spleen	spleen	spleen	endocrine-system	minus	none	passed
ENCFF797JFQ	ENCFF797JFQ	ENCSR482PMN	ENCSR587YQB	BPNet	predicted signal profile	bigWig	ChIP-seq	CTCF	spleen	spleen	spleen	endocrine-system	minus	none	passed
ENCFF950UZX	ENCFF950UZX	ENCSR028YEV	ENCSR729PQJ	BPNet	predicted signal profile	bigWig	ChIP-seq	CTCF	spleen	spleen	spleen	endocrine-system	minus	none	passed
ENCFF993KCW	ENCFF993KCW	ENCSR225YGX	ENCSR082VPZ	BPNet	predicted signal profile	bigWig	ChIP-seq	CTCF	spleen	spleen	spleen	endocrine-system	minus	none	passed
ENCFF021TIZ	ENCFF021TIZ	ENCSR967BSF	ENCSR501GMR	BPNet	predicted signal profile	bigWig	ChIP-seq	CTCF	spleen	spleen	spleen	endocrine-system	plus	none	passed
ENCFF060PDC	ENCFF060PDC	ENCSR595BPR	ENCSR152KNT	BPNet	predicted signal profile	bigWig	ChIP-seq	CTCF	spleen	spleen	spleen	endocrine-system	plus	none	passed
ENCFF135WLY	ENCFF135WLY	ENCSR000DNI	ENCSR896AXL	BPNet	predicted signal profile	bigWig	ChIP-seq	CTCF	spleen	spleen	spleen	endocrine-system	plus	none	passed
ENCFF160JPN	ENCFF160JPN	ENCSR028YEV	ENCSR729PQJ	BPNet	predicted signal profile	bigWig	ChIP-seq	CTCF	spleen	spleen	spleen	endocrine-system	plus	none	passed
ENCFF211SHO	ENCFF211SHO	ENCSR343RJH	ENCSR179EGZ	BPNet	predicted signal profile	bigWig	ChIP-seq	CTCF	spleen	spleen	spleen	endocrine-system	plus	none	passed
ENCFF216MUQ	ENCFF216MUQ	ENCSR225YGX	ENCSR082VPZ	BPNet	predicted signal profile	bigWig	ChIP-seq	CTCF	spleen	spleen	spleen	endocrine-system	plus	none	passed
ENCFF418AOS	ENCFF418AOS	ENCSR466TNQ	ENCSR025HVE	BPNet	predicted signal profile	bigWig	ChIP-seq	CTCF	spleen	spleen	spleen	endocrine-system	plus	none	passed
ENCFF418LZW	ENCFF418LZW	ENCSR482PMN	ENCSR587YQB	BPNet	predicted signal profile	bigWig	ChIP-seq	CTCF	spleen	spleen	spleen	endocrine-system	plus	none	passed
ENCFF501XMW	ENCFF501XMW	ENCSR266CJT	ENCSR103WPA	BPNet	predicted signal profile	bigWig	ChIP-seq	CTCF	spleen	spleen	spleen	endocrine-system	plus	none	passed
ENCFF651WGQ	ENCFF651WGQ	ENCSR234HEM	ENCSR700WKB	BPNet	predicted signal profile	bigWig	ChIP-seq	CTCF	spleen	spleen	spleen	endocrine-system	plus	none	passed
ENCFF665FUQ	ENCFF665FUQ	ENCSR961SKY	ENCSR977SBI	BPNet	predicted signal profile	bigWig	ChIP-seq	CTCF	spleen	spleen	spleen	endocrine-system	plus	none	passed
ENCFF934XZQ	ENCFF934XZQ	ENCSR601FEB	ENCSR238LOA	BPNet	predicted signal profile	bigWig	ChIP-seq	CTCF	spleen	spleen	spleen	endocrine-system	plus	none	passed
ENCFF948YAG	ENCFF948YAG	ENCSR692ILH	ENCSR538GXZ	BPNet	predicted signal profile	bigWig	ChIP-seq	CTCF	spleen	spleen	spleen	endocrine-system	plus	none	passed
ENCFF418ADN	ENCFF418ADN	ENCSR173AIR	ENCSR364NWB	BPNet	predicted signal profile	bigWig	ChIP-seq	CTCF	stomach	stomach	stomach	digestive-system	minus	none	passed
ENCFF573IXE	ENCFF573IXE	ENCSR549WAU	ENCSR714QWP	BPNet	predicted signal profile	bigWig	ChIP-seq	CTCF	stomach	stomach	stomach	digestive-system	minus	none	passed
ENCFF774NNC	ENCFF774NNC	ENCSR037GKL	ENCSR941MYR	BPNet	predicted signal profile	bigWig	ChIP-seq	CTCF	stomach	stomach	stomach	digestive-system	minus	none	passed
ENCFF839DTI	ENCFF839DTI	ENCSR185CCV	ENCSR347XWJ	BPNet	predicted signal profile	bigWig	ChIP-seq	CTCF	stomach	stomach	stomach	digestive-system	minus	none	passed
ENCFF911TAI	ENCFF911TAI	ENCSR361KVZ	ENCSR702HRP	BPNet	predicted signal profile	bigWig	ChIP-seq	CTCF	stomach	stomach	stomach	digestive-system	minus	none	passed
ENCFF059MTK	ENCFF059MTK	ENCSR185CCV	ENCSR347XWJ	BPNet	predicted signal profile	bigWig	ChIP-seq	CTCF	stomach	stomach	stomach	digestive-system	plus	none	passed
ENCFF164JQH	ENCFF164JQH	ENCSR361KVZ	ENCSR702HRP	BPNet	predicted signal profile	bigWig	ChIP-seq	CTCF	stomach	stomach	stomach	digestive-system	plus	none	passed
ENCFF775GPH	ENCFF775GPH	ENCSR037GKL	ENCSR941MYR	BPNet	predicted signal profile	bigWig	ChIP-seq	CTCF	stomach	stomach	stomach	digestive-system	plus	none	passed
ENCFF840CTY	ENCFF840CTY	ENCSR549WAU	ENCSR714QWP	BPNet	predicted signal profile	bigWig	ChIP-seq	CTCF	stomach	stomach	stomach	digestive-system	plus	none	passed
ENCFF909FEV	ENCFF909FEV	ENCSR173AIR	ENCSR364NWB	BPNet	predicted signal profile	bigWig	ChIP-seq	CTCF	stomach	stomach	stomach	digestive-system	plus	none	passed
ENCFF278EYM	ENCFF278EYM	ENCSR756KRS	ENCSR809MWA	BPNet	predicted signal profile	bigWig	ChIP-seq	CTCF	suprapubic-skin	skin	skin	integumental-system	minus	none	passed
ENCFF390AGK	ENCFF390AGK	ENCSR515LRI	ENCSR897VGC	BPNet	predicted signal profile	bigWig	ChIP-seq	CTCF	suprapubic-skin	skin	skin	integumental-system	minus	none	passed
ENCFF609URO	ENCFF609URO	ENCSR485VQV	ENCSR537HGK	BPNet	predicted signal profile	bigWig	ChIP-seq	CTCF	suprapubic-skin	skin	skin	integumental-system	minus	none	passed
ENCFF047FTB	ENCFF047FTB	ENCSR515LRI	ENCSR897VGC	BPNet	predicted signal profile	bigWig	ChIP-seq	CTCF	suprapubic-skin	skin	skin	integumental-system	plus	none	passed
ENCFF323DFN	ENCFF323DFN	ENCSR485VQV	ENCSR537HGK	BPNet	predicted signal profile	bigWig	ChIP-seq	CTCF	suprapubic-skin	skin	skin	integumental-system	plus	none	passed
ENCFF404YKV	ENCFF404YKV	ENCSR756KRS	ENCSR809MWA	BPNet	predicted signal profile	bigWig	ChIP-seq	CTCF	suprapubic-skin	skin	skin	integumental-system	plus	none	passed
ENCFF105FLG	ENCFF105FLG	ENCSR753RME	ENCSR037QZH	BPNet	predicted signal profile	bigWig	ChIP-seq	CTCF	testis	testis	testis	reproductive-system	minus	none	passed
ENCFF714SJE	ENCFF714SJE	ENCSR494TNM	ENCSR261GQD	BPNet	predicted signal profile	bigWig	ChIP-seq	CTCF	testis	testis	testis	reproductive-system	minus	none	passed
ENCFF979QVK	ENCFF979QVK	ENCSR981CID	ENCSR791EEQ	BPNet	predicted signal profile	bigWig	ChIP-seq	CTCF	testis	testis	testis	reproductive-system	minus	none	passed
ENCFF146VOK	ENCFF146VOK	ENCSR981CID	ENCSR791EEQ	BPNet	predicted signal profile	bigWig	ChIP-seq	CTCF	testis	testis	testis	reproductive-system	plus	none	passed
ENCFF477DOM	ENCFF477DOM	ENCSR753RME	ENCSR037QZH	BPNet	predicted signal profile	bigWig	ChIP-seq	CTCF	testis	testis	testis	reproductive-system	plus	none	passed
ENCFF704TLM	ENCFF704TLM	ENCSR494TNM	ENCSR261GQD	BPNet	predicted signal profile	bigWig	ChIP-seq	CTCF	testis	testis	testis	reproductive-system	plus	none	passed
ENCFF405ZDJ	ENCFF405ZDJ	ENCSR668BTN	ENCSR021JLV	BPNet	predicted signal profile	bigWig	ChIP-seq	CTCF	thoracic-aorta	aorta	blood-vessel	circulatory-system	minus	none	passed
ENCFF786XEV	ENCFF786XEV	ENCSR549TXG	ENCSR236LRV	BPNet	predicted signal profile	bigWig	ChIP-seq	CTCF	thoracic-aorta	aorta	blood-vessel	circulatory-system	minus	none	passed
ENCFF338QRO	ENCFF338QRO	ENCSR668BTN	ENCSR021JLV	BPNet	predicted signal profile	bigWig	ChIP-seq	CTCF	thoracic-aorta	aorta	blood-vessel	circulatory-system	plus	none	passed
ENCFF636PMB	ENCFF636PMB	ENCSR549TXG	ENCSR236LRV	BPNet	predicted signal profile	bigWig	ChIP-seq	CTCF	thoracic-aorta	aorta	blood-vessel	circulatory-system	plus	none	passed
ENCFF005EOE	ENCFF005EOE	ENCSR331OGX	ENCSR457LFM	BPNet	predicted signal profile	bigWig	ChIP-seq	CTCF	thyroid-gland	thyroid	thyroid	endocrine-system	minus	none	passed
ENCFF097ZKS	ENCFF097ZKS	ENCSR492ZIW	ENCSR614KWL	BPNet	predicted signal profile	bigWig	ChIP-seq	CTCF	thyroid-gland	thyroid	thyroid	endocrine-system	minus	none	passed
ENCFF119DHL	ENCFF119DHL	ENCSR033KMZ	ENCSR455OZY	BPNet	predicted signal profile	bigWig	ChIP-seq	CTCF	thyroid-gland	thyroid	thyroid	endocrine-system	minus	none	passed
ENCFF509QVS	ENCFF509QVS	ENCSR955BIB	ENCSR535ZZH	BPNet	predicted signal profile	bigWig	ChIP-seq	CTCF	thyroid-gland	thyroid	thyroid	endocrine-system	minus	none	passed
ENCFF833VPC	ENCFF833VPC	ENCSR145HBC	ENCSR144BSP	BPNet	predicted signal profile	bigWig	ChIP-seq	CTCF	thyroid-gland	thyroid	thyroid	endocrine-system	minus	none	passed
ENCFF980PFG	ENCFF980PFG	ENCSR744YJR	ENCSR722PLM	BPNet	predicted signal profile	bigWig	ChIP-seq	CTCF	thyroid-gland	thyroid	thyroid	endocrine-system	minus	none	passed
ENCFF996PSF	ENCFF996PSF	ENCSR505ZGX	ENCSR409HVZ	BPNet	predicted signal profile	bigWig	ChIP-seq	CTCF	thyroid-gland	thyroid	thyroid	endocrine-system	minus	none	passed
ENCFF067CWV	ENCFF067CWV	ENCSR331OGX	ENCSR457LFM	BPNet	predicted signal profile	bigWig	ChIP-seq	CTCF	thyroid-gland	thyroid	thyroid	endocrine-system	plus	none	passed
ENCFF211GTT	ENCFF211GTT	ENCSR505ZGX	ENCSR409HVZ	BPNet	predicted signal profile	bigWig	ChIP-seq	CTCF	thyroid-gland	thyroid	thyroid	endocrine-system	plus	none	passed
ENCFF326LHG	ENCFF326LHG	ENCSR145HBC	ENCSR144BSP	BPNet	predicted signal profile	bigWig	ChIP-seq	CTCF	thyroid-gland	thyroid	thyroid	endocrine-system	plus	none	passed
ENCFF575MAQ	ENCFF575MAQ	ENCSR955BIB	ENCSR535ZZH	BPNet	predicted signal profile	bigWig	ChIP-seq	CTCF	thyroid-gland	thyroid	thyroid	endocrine-system	plus	none	passed
ENCFF733GPL	ENCFF733GPL	ENCSR744YJR	ENCSR722PLM	BPNet	predicted signal profile	bigWig	ChIP-seq	CTCF	thyroid-gland	thyroid	thyroid	endocrine-system	plus	none	passed
ENCFF768CSC	ENCFF768CSC	ENCSR492ZIW	ENCSR614KWL	BPNet	predicted signal profile	bigWig	ChIP-seq	CTCF	thyroid-gland	thyroid	thyroid	endocrine-system	plus	none	passed
ENCFF769SDM	ENCFF769SDM	ENCSR033KMZ	ENCSR455OZY	BPNet	predicted signal profile	bigWig	ChIP-seq	CTCF	thyroid-gland	thyroid	thyroid	endocrine-system	plus	none	passed
ENCFF121RUA	ENCFF121RUA	ENCSR699BEK	ENCSR828ZNK	BPNet	predicted signal profile	bigWig	ChIP-seq	CTCF	tibial-artery	artery	blood-vessel	circulatory-system	minus	none	passed
ENCFF648PJS	ENCFF648PJS	ENCSR079YAP	ENCSR694KSW	BPNet	predicted signal profile	bigWig	ChIP-seq	CTCF	tibial-artery	artery	blood-vessel	circulatory-system	minus	none	passed
ENCFF713VYH	ENCFF713VYH	ENCSR699BEK	ENCSR828ZNK	BPNet	predicted signal profile	bigWig	ChIP-seq	CTCF	tibial-artery	artery	blood-vessel	circulatory-system	plus	none	passed
ENCFF884CVK	ENCFF884CVK	ENCSR079YAP	ENCSR694KSW	BPNet	predicted signal profile	bigWig	ChIP-seq	CTCF	tibial-artery	artery	blood-vessel	circulatory-system	plus	none	passed
ENCFF090ATH	ENCFF090ATH	ENCSR689VEF	ENCSR121YAV	BPNet	predicted signal profile	bigWig	ChIP-seq	CTCF	tibial-nerve	nerve	nerve	peripheral-nervous-system	minus	none	passed
ENCFF102PHS	ENCFF102PHS	ENCSR793YAD	ENCSR035AVH	BPNet	predicted signal profile	bigWig	ChIP-seq	CTCF	tibial-nerve	nerve	nerve	peripheral-nervous-system	minus	none	passed
ENCFF227HIN	ENCFF227HIN	ENCSR434XLP	ENCSR883CCS	BPNet	predicted signal profile	bigWig	ChIP-seq	CTCF	tibial-nerve	nerve	nerve	peripheral-nervous-system	minus	none	passed
ENCFF461WKS	ENCFF461WKS	ENCSR875NEW	ENCSR551MYW	BPNet	predicted signal profile	bigWig	ChIP-seq	CTCF	tibial-nerve	nerve	nerve	peripheral-nervous-system	minus	none	passed
ENCFF538OIT	ENCFF538OIT	ENCSR822PJT	ENCSR490SUU	BPNet	predicted signal profile	bigWig	ChIP-seq	CTCF	tibial-nerve	nerve	nerve	peripheral-nervous-system	minus	none	passed
ENCFF897MNL	ENCFF897MNL	ENCSR469POZ	ENCSR584FMJ	BPNet	predicted signal profile	bigWig	ChIP-seq	CTCF	tibial-nerve	nerve	nerve	peripheral-nervous-system	minus	none	passed
ENCFF256FWM	ENCFF256FWM	ENCSR793YAD	ENCSR035AVH	BPNet	predicted signal profile	bigWig	ChIP-seq	CTCF	tibial-nerve	nerve	nerve	peripheral-nervous-system	plus	none	passed
ENCFF668HAD	ENCFF668HAD	ENCSR434XLP	ENCSR883CCS	BPNet	predicted signal profile	bigWig	ChIP-seq	CTCF	tibial-nerve	nerve	nerve	peripheral-nervous-system	plus	none	passed
ENCFF813PTE	ENCFF813PTE	ENCSR822PJT	ENCSR490SUU	BPNet	predicted signal profile	bigWig	ChIP-seq	CTCF	tibial-nerve	nerve	nerve	peripheral-nervous-system	plus	none	passed
ENCFF861OLS	ENCFF861OLS	ENCSR689VEF	ENCSR121YAV	BPNet	predicted signal profile	bigWig	ChIP-seq	CTCF	tibial-nerve	nerve	nerve	peripheral-nervous-system	plus	none	passed
ENCFF869MIV	ENCFF869MIV	ENCSR875NEW	ENCSR551MYW	BPNet	predicted signal profile	bigWig	ChIP-seq	CTCF	tibial-nerve	nerve	nerve	peripheral-nervous-system	plus	none	passed
ENCFF988DOE	ENCFF988DOE	ENCSR469POZ	ENCSR584FMJ	BPNet	predicted signal profile	bigWig	ChIP-seq	CTCF	tibial-nerve	nerve	nerve	peripheral-nervous-system	plus	none	passed
ENCFF021QUD	ENCFF021QUD	ENCSR833FWC	ENCSR722GKY	BPNet	predicted signal profile	bigWig	ChIP-seq	CTCF	transverse-colon	colon	large-intestine	digestive-system	minus	none	passed
ENCFF274NMO	ENCFF274NMO	ENCSR236YGF	ENCSR292IMR	BPNet	predicted signal profile	bigWig	ChIP-seq	CTCF	transverse-colon	colon	large-intestine	digestive-system	minus	none	passed
ENCFF314WQI	ENCFF314WQI	ENCSR608WPS	ENCSR438UFD	BPNet	predicted signal profile	bigWig	ChIP-seq	CTCF	transverse-colon	colon	large-intestine	digestive-system	minus	none	passed
ENCFF481OKJ	ENCFF481OKJ	ENCSR102CSD	ENCSR493APS	BPNet	predicted signal profile	bigWig	ChIP-seq	CTCF	transverse-colon	colon	large-intestine	digestive-system	minus	none	passed
ENCFF535CVP	ENCFF535CVP	ENCSR907BES	ENCSR119NPW	BPNet	predicted signal profile	bigWig	ChIP-seq	CTCF	transverse-colon	colon	large-intestine	digestive-system	minus	none	passed
ENCFF566SKY	ENCFF566SKY	ENCSR449SEF	ENCSR478UGE	BPNet	predicted signal profile	bigWig	ChIP-seq	CTCF	transverse-colon	colon	large-intestine	digestive-system	minus	none	passed
ENCFF624PKC	ENCFF624PKC	ENCSR558HTE	ENCSR494BOQ	BPNet	predicted signal profile	bigWig	ChIP-seq	CTCF	transverse-colon	colon	large-intestine	digestive-system	minus	none	passed
ENCFF789GDD	ENCFF789GDD	ENCSR769WKR	ENCSR118KLN	BPNet	predicted signal profile	bigWig	ChIP-seq	CTCF	transverse-colon	colon	large-intestine	digestive-system	minus	none	passed
ENCFF004TZR	ENCFF004TZR	ENCSR769WKR	ENCSR118KLN	BPNet	predicted signal profile	bigWig	ChIP-seq	CTCF	transverse-colon	colon	large-intestine	digestive-system	plus	none	passed
ENCFF065FGW	ENCFF065FGW	ENCSR558HTE	ENCSR494BOQ	BPNet	predicted signal profile	bigWig	ChIP-seq	CTCF	transverse-colon	colon	large-intestine	digestive-system	plus	none	passed
ENCFF556OIP	ENCFF556OIP	ENCSR236YGF	ENCSR292IMR	BPNet	predicted signal profile	bigWig	ChIP-seq	CTCF	transverse-colon	colon	large-intestine	digestive-system	plus	none	passed
ENCFF575HGI	ENCFF575HGI	ENCSR833FWC	ENCSR722GKY	BPNet	predicted signal profile	bigWig	ChIP-seq	CTCF	transverse-colon	colon	large-intestine	digestive-system	plus	none	passed
ENCFF677XOJ	ENCFF677XOJ	ENCSR449SEF	ENCSR478UGE	BPNet	predicted signal profile	bigWig	ChIP-seq	CTCF	transverse-colon	colon	large-intestine	digestive-system	plus	none	passed
ENCFF785DNI	ENCFF785DNI	ENCSR102CSD	ENCSR493APS	BPNet	predicted signal profile	bigWig	ChIP-seq	CTCF	transverse-colon	colon	large-intestine	digestive-system	plus	none	passed
ENCFF889OYQ	ENCFF889OYQ	ENCSR907BES	ENCSR119NPW	BPNet	predicted signal profile	bigWig	ChIP-seq	CTCF	transverse-colon	colon	large-intestine	digestive-system	plus	none	passed
ENCFF983VAP	ENCFF983VAP	ENCSR608WPS	ENCSR438UFD	BPNet	predicted signal profile	bigWig	ChIP-seq	CTCF	transverse-colon	colon	large-intestine	digestive-system	plus	none	passed
ENCFF388FRM	ENCFF388FRM	ENCSR458PYQ	ENCSR833ODX	BPNet	predicted signal profile	bigWig	ChIP-seq	CTCF	type-B-pancreatic-cell	pancreatic	pancreas	digestive-system	minus	none	passed
ENCFF635FHL	ENCFF635FHL	ENCSR458PYQ	ENCSR833ODX	BPNet	predicted signal profile	bigWig	ChIP-seq	CTCF	type-B-pancreatic-cell	pancreatic	pancreas	digestive-system	plus	none	passed
ENCFF041BZK	ENCFF041BZK	ENCSR799TJD	ENCSR493WJZ	BPNet	predicted signal profile	bigWig	ChIP-seq	CTCF	upper-lobe-of-left-lung	lung	lung	respiratory-system	minus	none	passed
ENCFF115IZI	ENCFF115IZI	ENCSR970UZD	ENCSR771GVO	BPNet	predicted signal profile	bigWig	ChIP-seq	CTCF	upper-lobe-of-left-lung	lung	lung	respiratory-system	minus	none	passed
ENCFF344EVV	ENCFF344EVV	ENCSR972LYL	ENCSR064NKL	BPNet	predicted signal profile	bigWig	ChIP-seq	CTCF	upper-lobe-of-left-lung	lung	lung	respiratory-system	minus	none	passed
ENCFF372WHL	ENCFF372WHL	ENCSR224WWI	ENCSR040DDI	BPNet	predicted signal profile	bigWig	ChIP-seq	CTCF	upper-lobe-of-left-lung	lung	lung	respiratory-system	minus	none	passed
ENCFF510OLN	ENCFF510OLN	ENCSR027FSZ	ENCSR427ESN	BPNet	predicted signal profile	bigWig	ChIP-seq	CTCF	upper-lobe-of-left-lung	lung	lung	respiratory-system	minus	none	passed
ENCFF574WQG	ENCFF574WQG	ENCSR964BKO	ENCSR766YAQ	BPNet	predicted signal profile	bigWig	ChIP-seq	CTCF	upper-lobe-of-left-lung	lung	lung	respiratory-system	minus	none	passed
ENCFF805OPR	ENCFF805OPR	ENCSR463XCZ	ENCSR269BYH	BPNet	predicted signal profile	bigWig	ChIP-seq	CTCF	upper-lobe-of-left-lung	lung	lung	respiratory-system	minus	none	passed
ENCFF338WPN	ENCFF338WPN	ENCSR972LYL	ENCSR064NKL	BPNet	predicted signal profile	bigWig	ChIP-seq	CTCF	upper-lobe-of-left-lung	lung	lung	respiratory-system	plus	none	passed
ENCFF490RLI	ENCFF490RLI	ENCSR799TJD	ENCSR493WJZ	BPNet	predicted signal profile	bigWig	ChIP-seq	CTCF	upper-lobe-of-left-lung	lung	lung	respiratory-system	plus	none	passed
ENCFF509WPR	ENCFF509WPR	ENCSR970UZD	ENCSR771GVO	BPNet	predicted signal profile	bigWig	ChIP-seq	CTCF	upper-lobe-of-left-lung	lung	lung	respiratory-system	plus	none	passed
ENCFF510QFG	ENCFF510QFG	ENCSR964BKO	ENCSR766YAQ	BPNet	predicted signal profile	bigWig	ChIP-seq	CTCF	upper-lobe-of-left-lung	lung	lung	respiratory-system	plus	none	passed
ENCFF612FJJ	ENCFF612FJJ	ENCSR463XCZ	ENCSR269BYH	BPNet	predicted signal profile	bigWig	ChIP-seq	CTCF	upper-lobe-of-left-lung	lung	lung	respiratory-system	plus	none	passed
ENCFF674HNJ	ENCFF674HNJ	ENCSR224WWI	ENCSR040DDI	BPNet	predicted signal profile	bigWig	ChIP-seq	CTCF	upper-lobe-of-left-lung	lung	lung	respiratory-system	plus	none	passed
ENCFF854VAD	ENCFF854VAD	ENCSR027FSZ	ENCSR427ESN	BPNet	predicted signal profile	bigWig	ChIP-seq	CTCF	upper-lobe-of-left-lung	lung	lung	respiratory-system	plus	none	passed
ENCFF155SDK	ENCFF155SDK	ENCSR164ASX	ENCSR082SMZ	BPNet	predicted signal profile	bigWig	ChIP-seq	CTCF	upper-lobe-of-right-lung	lung	lung	respiratory-system	minus	none	passed
ENCFF594ZMO	ENCFF594ZMO	ENCSR164ASX	ENCSR082SMZ	BPNet	predicted signal profile	bigWig	ChIP-seq	CTCF	upper-lobe-of-right-lung	lung	lung	respiratory-system	plus	none	passed
ENCFF218JDW	ENCFF218JDW	ENCSR392SFJ	ENCSR400TWQ	BPNet	predicted signal profile	bigWig	ChIP-seq	CTCF	uterus	uterus	uterus	reproductive-system	minus	none	passed
ENCFF421EZA	ENCFF421EZA	ENCSR798NVH	ENCSR249ADA	BPNet	predicted signal profile	bigWig	ChIP-seq	CTCF	uterus	uterus	uterus	reproductive-system	minus	none	passed
ENCFF835GVB	ENCFF835GVB	ENCSR684PGO	ENCSR718POP	BPNet	predicted signal profile	bigWig	ChIP-seq	CTCF	uterus	uterus	uterus	reproductive-system	minus	none	passed
ENCFF881GGH	ENCFF881GGH	ENCSR527TPP	ENCSR483OSA	BPNet	predicted signal profile	bigWig	ChIP-seq	CTCF	uterus	uterus	uterus	reproductive-system	minus	none	passed
ENCFF344KOO	ENCFF344KOO	ENCSR392SFJ	ENCSR400TWQ	BPNet	predicted signal profile	bigWig	ChIP-seq	CTCF	uterus	uterus	uterus	reproductive-system	plus	none	passed
ENCFF487CTK	ENCFF487CTK	ENCSR684PGO	ENCSR718POP	BPNet	predicted signal profile	bigWig	ChIP-seq	CTCF	uterus	uterus	uterus	reproductive-system	plus	none	passed
ENCFF532JXB	ENCFF532JXB	ENCSR527TPP	ENCSR483OSA	BPNet	predicted signal profile	bigWig	ChIP-seq	CTCF	uterus	uterus	uterus	reproductive-system	plus	none	passed
ENCFF734HSM	ENCFF734HSM	ENCSR798NVH	ENCSR249ADA	BPNet	predicted signal profile	bigWig	ChIP-seq	CTCF	uterus	uterus	uterus	reproductive-system	plus	none	passed
ENCFF185FZK	ENCFF185FZK	ENCSR614HHL	ENCSR622WYX	BPNet	predicted signal profile	bigWig	ChIP-seq	CTCF	vagina	cell-line	cell-line	cell-line	minus	none	passed
ENCFF189UWS	ENCFF189UWS	ENCSR606TNN	ENCSR135HOE	BPNet	predicted signal profile	bigWig	ChIP-seq	CTCF	vagina	cell-line	cell-line	cell-line	minus	none	passed
ENCFF781SIV	ENCFF781SIV	ENCSR655ECZ	ENCSR221ZYT	BPNet	predicted signal profile	bigWig	ChIP-seq	CTCF	vagina	cell-line	cell-line	cell-line	minus	none	passed
ENCFF124LFP	ENCFF124LFP	ENCSR614HHL	ENCSR622WYX	BPNet	predicted signal profile	bigWig	ChIP-seq	CTCF	vagina	cell-line	cell-line	cell-line	plus	none	passed
ENCFF356ZGU	ENCFF356ZGU	ENCSR655ECZ	ENCSR221ZYT	BPNet	predicted signal profile	bigWig	ChIP-seq	CTCF	vagina	cell-line	cell-line	cell-line	plus	none	passed
ENCFF630JDZ	ENCFF630JDZ	ENCSR606TNN	ENCSR135HOE	BPNet	predicted signal profile	bigWig	ChIP-seq	CTCF	vagina	cell-line	cell-line	cell-line	plus	none	passed
ENCFF866LOD	ENCFF866LOD	ENCSR000BNK	ENCSR197EFB	BPNet	predicted signal profile	bigWig	ChIP-seq	CTCFL	K562	cell-line	cell-line	cell-line	minus	none	passed
ENCFF210STU	ENCFF210STU	ENCSR000BNK	ENCSR197EFB	BPNet	predicted signal profile	bigWig	ChIP-seq	CTCFL	K562	cell-line	cell-line	cell-line	plus	none	passed
ENCFF092UMQ	ENCFF092UMQ	ENCSR000DYR	ENCSR664ZPG	BPNet	predicted signal profile	bigWig	ChIP-seq	CUX1	GM12878	cell-line	cell-line	cell-line	minus	none	passed
ENCFF060SNS	ENCFF060SNS	ENCSR000DYR	ENCSR664ZPG	BPNet	predicted signal profile	bigWig	ChIP-seq	CUX1	GM12878	cell-line	cell-line	cell-line	plus	none	passed
ENCFF358UDJ	ENCFF358UDJ	ENCSR178NTX	ENCSR103ZBY	BPNet	predicted signal profile	bigWig	ChIP-seq	CUX1	K562	cell-line	cell-line	cell-line	minus	none	passed
ENCFF972PMS	ENCFF972PMS	ENCSR000EFO	ENCSR505YUX	BPNet	predicted signal profile	bigWig	ChIP-seq	CUX1	K562	cell-line	cell-line	cell-line	minus	none	passed
ENCFF388EXL	ENCFF388EXL	ENCSR000EFO	ENCSR505YUX	BPNet	predicted signal profile	bigWig	ChIP-seq	CUX1	K562	cell-line	cell-line	cell-line	plus	none	passed
ENCFF703CXP	ENCFF703CXP	ENCSR178NTX	ENCSR103ZBY	BPNet	predicted signal profile	bigWig	ChIP-seq	CUX1	K562	cell-line	cell-line	cell-line	plus	none	passed
ENCFF525FCQ	ENCFF525FCQ	ENCSR017CEO	ENCSR867JJN	BPNet	predicted signal profile	bigWig	ChIP-seq	CUX1	MCF-7	cell-line	cell-line	cell-line	minus	none	passed
ENCFF956NPZ	ENCFF956NPZ	ENCSR017CEO	ENCSR867JJN	BPNet	predicted signal profile	bigWig	ChIP-seq	CUX1	MCF-7	cell-line	cell-line	cell-line	plus	none	passed
ENCFF184KGV	ENCFF184KGV	ENCSR387BVC	ENCSR171QCE	BPNet	predicted signal profile	bigWig	ChIP-seq	DDIT3	K562	cell-line	cell-line	cell-line	minus	none	passed
ENCFF276QDA	ENCFF276QDA	ENCSR387BVC	ENCSR171QCE	BPNet	predicted signal profile	bigWig	ChIP-seq	DDIT3	K562	cell-line	cell-line	cell-line	plus	none	passed
ENCFF417SKP	ENCFF417SKP	ENCSR387SYS	ENCSR059IIP	BPNet	predicted signal profile	bigWig	ChIP-seq	DEAF1	K562	cell-line	cell-line	cell-line	minus	none	passed
ENCFF727FCS	ENCFF727FCS	ENCSR387SYS	ENCSR059IIP	BPNet	predicted signal profile	bigWig	ChIP-seq	DEAF1	K562	cell-line	cell-line	cell-line	plus	none	passed
ENCFF393JFJ	ENCFF393JFJ	ENCSR272TOJ	ENCSR619SOZ	BPNet	predicted signal profile	bigWig	ChIP-seq	DLX6	HepG2	cell-line	cell-line	cell-line	minus	none	passed
ENCFF218JLU	ENCFF218JLU	ENCSR272TOJ	ENCSR619SOZ	BPNet	predicted signal profile	bigWig	ChIP-seq	DLX6	HepG2	cell-line	cell-line	cell-line	plus	none	passed
ENCFF769WFA	ENCFF769WFA	ENCSR091IQZ	ENCSR317BMS	BPNet	predicted signal profile	bigWig	ChIP-seq	DMBX1	K562	cell-line	cell-line	cell-line	minus	none	passed
ENCFF020FYM	ENCFF020FYM	ENCSR091IQZ	ENCSR317BMS	BPNet	predicted signal profile	bigWig	ChIP-seq	DMBX1	K562	cell-line	cell-line	cell-line	plus	none	passed
ENCFF536CZO	ENCFF536CZO	ENCSR015KAM	ENCSR196XSB	BPNet	predicted signal profile	bigWig	ChIP-seq	DMTF1	K562	cell-line	cell-line	cell-line	minus	none	passed
ENCFF548WFF	ENCFF548WFF	ENCSR015KAM	ENCSR196XSB	BPNet	predicted signal profile	bigWig	ChIP-seq	DMTF1	K562	cell-line	cell-line	cell-line	plus	none	passed
ENCFF211GWU	ENCFF211GWU	ENCSR000EVM	ENCSR979WUZ	BPNet	predicted signal profile	bigWig	ChIP-seq	E2F1	HeLa-S3	cell-line	cell-line	cell-line	minus	none	passed
ENCFF792UEM	ENCFF792UEM	ENCSR000EVJ	ENCSR511FGO	BPNet	predicted signal profile	bigWig	ChIP-seq	E2F1	HeLa-S3	cell-line	cell-line	cell-line	minus	none	passed
ENCFF115OYP	ENCFF115OYP	ENCSR000EVJ	ENCSR511FGO	BPNet	predicted signal profile	bigWig	ChIP-seq	E2F1	HeLa-S3	cell-line	cell-line	cell-line	plus	none	passed
ENCFF995MED	ENCFF995MED	ENCSR000EVM	ENCSR979WUZ	BPNet	predicted signal profile	bigWig	ChIP-seq	E2F1	HeLa-S3	cell-line	cell-line	cell-line	plus	none	passed
ENCFF730ZSJ	ENCFF730ZSJ	ENCSR717ZZW	ENCSR386IGL	BPNet	predicted signal profile	bigWig	ChIP-seq	E2F1	HepG2	cell-line	cell-line	cell-line	minus	none	passed
ENCFF693AUM	ENCFF693AUM	ENCSR717ZZW	ENCSR386IGL	BPNet	predicted signal profile	bigWig	ChIP-seq	E2F1	HepG2	cell-line	cell-line	cell-line	plus	none	passed
ENCFF013BCR	ENCFF013BCR	ENCSR563LLO	ENCSR529PNO	BPNet	predicted signal profile	bigWig	ChIP-seq	E2F1	K562	cell-line	cell-line	cell-line	minus	none	passed
ENCFF581DKF	ENCFF581DKF	ENCSR153DWR	ENCSR650ADC	BPNet	predicted signal profile	bigWig	ChIP-seq	E2F1	K562	cell-line	cell-line	cell-line	minus	none	passed
ENCFF618RSP	ENCFF618RSP	ENCSR720HUL	ENCSR316WMH	BPNet	predicted signal profile	bigWig	ChIP-seq	E2F1	K562	cell-line	cell-line	cell-line	minus	none	passed
ENCFF262UJN	ENCFF262UJN	ENCSR563LLO	ENCSR529PNO	BPNet	predicted signal profile	bigWig	ChIP-seq	E2F1	K562	cell-line	cell-line	cell-line	plus	none	passed
ENCFF813TOP	ENCFF813TOP	ENCSR720HUL	ENCSR316WMH	BPNet	predicted signal profile	bigWig	ChIP-seq	E2F1	K562	cell-line	cell-line	cell-line	plus	none	passed
ENCFF832ENN	ENCFF832ENN	ENCSR153DWR	ENCSR650ADC	BPNet	predicted signal profile	bigWig	ChIP-seq	E2F1	K562	cell-line	cell-line	cell-line	plus	none	passed
ENCFF870VUL	ENCFF870VUL	ENCSR000EWX	ENCSR250WBG	BPNet	predicted signal profile	bigWig	ChIP-seq	E2F1	MCF-7	cell-line	cell-line	cell-line	minus	none	passed
ENCFF430KHE	ENCFF430KHE	ENCSR000EWX	ENCSR250WBG	BPNet	predicted signal profile	bigWig	ChIP-seq	E2F1	MCF-7	cell-line	cell-line	cell-line	plus	none	passed
ENCFF979TCW	ENCFF979TCW	ENCSR836SPL	ENCSR660YFG	BPNet	predicted signal profile	bigWig	ChIP-seq	E2F1	WTC11	cell-line	cell-line	cell-line	minus	none	passed
ENCFF982PHU	ENCFF982PHU	ENCSR836SPL	ENCSR660YFG	BPNet	predicted signal profile	bigWig	ChIP-seq	E2F1	WTC11	cell-line	cell-line	cell-line	plus	none	passed
ENCFF094LWS	ENCFF094LWS	ENCSR013RNH	ENCSR093EEJ	BPNet	predicted signal profile	bigWig	ChIP-seq	E2F2	HepG2	cell-line	cell-line	cell-line	minus	none	passed
ENCFF665LQB	ENCFF665LQB	ENCSR013RNH	ENCSR093EEJ	BPNet	predicted signal profile	bigWig	ChIP-seq	E2F2	HepG2	cell-line	cell-line	cell-line	plus	none	passed
ENCFF127QPM	ENCFF127QPM	ENCSR036QIR	ENCSR985PEG	BPNet	predicted signal profile	bigWig	ChIP-seq	E2F3	K562	cell-line	cell-line	cell-line	minus	none	passed
ENCFF085EWJ	ENCFF085EWJ	ENCSR036QIR	ENCSR985PEG	BPNet	predicted signal profile	bigWig	ChIP-seq	E2F3	K562	cell-line	cell-line	cell-line	plus	none	passed
ENCFF856QXU	ENCFF856QXU	ENCSR000DYY	ENCSR914CPB	BPNet	predicted signal profile	bigWig	ChIP-seq	E2F4	GM12878	cell-line	cell-line	cell-line	minus	none	passed
ENCFF177QDH	ENCFF177QDH	ENCSR000DYY	ENCSR914CPB	BPNet	predicted signal profile	bigWig	ChIP-seq	E2F4	GM12878	cell-line	cell-line	cell-line	plus	none	passed
ENCFF103UOX	ENCFF103UOX	ENCSR000EVL	ENCSR671EAM	BPNet	predicted signal profile	bigWig	ChIP-seq	E2F4	HeLa-S3	cell-line	cell-line	cell-line	minus	none	passed
ENCFF461TFL	ENCFF461TFL	ENCSR000EVL	ENCSR671EAM	BPNet	predicted signal profile	bigWig	ChIP-seq	E2F4	HeLa-S3	cell-line	cell-line	cell-line	plus	none	passed
ENCFF948JTG	ENCFF948JTG	ENCSR924LSO	ENCSR747ZTJ	BPNet	predicted signal profile	bigWig	ChIP-seq	E2F4	HepG2	cell-line	cell-line	cell-line	minus	none	passed
ENCFF070DNF	ENCFF070DNF	ENCSR924LSO	ENCSR747ZTJ	BPNet	predicted signal profile	bigWig	ChIP-seq	E2F4	HepG2	cell-line	cell-line	cell-line	plus	none	passed
ENCFF218XZQ	ENCFF218XZQ	ENCSR368GJN	ENCSR584OCJ	BPNet	predicted signal profile	bigWig	ChIP-seq	E2F4	K562	cell-line	cell-line	cell-line	minus	none	passed
ENCFF582OMW	ENCFF582OMW	ENCSR000EWL	ENCSR128HGV	BPNet	predicted signal profile	bigWig	ChIP-seq	E2F4	K562	cell-line	cell-line	cell-line	minus	none	passed
ENCFF041PYC	ENCFF041PYC	ENCSR368GJN	ENCSR584OCJ	BPNet	predicted signal profile	bigWig	ChIP-seq	E2F4	K562	cell-line	cell-line	cell-line	plus	none	passed
ENCFF519JLO	ENCFF519JLO	ENCSR000EWL	ENCSR128HGV	BPNet	predicted signal profile	bigWig	ChIP-seq	E2F4	K562	cell-line	cell-line	cell-line	plus	none	passed
ENCFF174USR	ENCFF174USR	ENCSR000DOR	ENCSR980THB	BPNet	predicted signal profile	bigWig	ChIP-seq	E2F4	MCF-10A	cell-line	cell-line	cell-line	minus	none	passed
ENCFF208VRD	ENCFF208VRD	ENCSR000DOR	ENCSR980THB	BPNet	predicted signal profile	bigWig	ChIP-seq	E2F4	MCF-10A	cell-line	cell-line	cell-line	plus	none	passed
ENCFF810WHK	ENCFF810WHK	ENCSR264OKN	ENCSR688BPP	BPNet	predicted signal profile	bigWig	ChIP-seq	E2F4	WTC11	cell-line	cell-line	cell-line	minus	none	passed
ENCFF519VKN	ENCFF519VKN	ENCSR264OKN	ENCSR688BPP	BPNet	predicted signal profile	bigWig	ChIP-seq	E2F4	WTC11	cell-line	cell-line	cell-line	plus	none	passed
ENCFF249TSR	ENCFF249TSR	ENCSR000BTC	ENCSR643EQH	BPNet	predicted signal profile	bigWig	ChIP-seq	E2F6	A549	cell-line	cell-line	cell-line	minus	none	passed
ENCFF080NBN	ENCFF080NBN	ENCSR000BTC	ENCSR643EQH	BPNet	predicted signal profile	bigWig	ChIP-seq	E2F6	A549	cell-line	cell-line	cell-line	plus	none	passed
ENCFF414MYJ	ENCFF414MYJ	ENCSR000BSI	ENCSR665ZHK	BPNet	predicted signal profile	bigWig	ChIP-seq	E2F6	H1	cell-line	cell-line	cell-line	minus	none	passed
ENCFF932MXN	ENCFF932MXN	ENCSR000BSI	ENCSR665ZHK	BPNet	predicted signal profile	bigWig	ChIP-seq	E2F6	H1	cell-line	cell-line	cell-line	plus	none	passed
ENCFF881OZY	ENCFF881OZY	ENCSR000EVK	ENCSR653MUZ	BPNet	predicted signal profile	bigWig	ChIP-seq	E2F6	HeLa-S3	cell-line	cell-line	cell-line	minus	none	passed
ENCFF631IWS	ENCFF631IWS	ENCSR000EVK	ENCSR653MUZ	BPNet	predicted signal profile	bigWig	ChIP-seq	E2F6	HeLa-S3	cell-line	cell-line	cell-line	plus	none	passed
ENCFF718OOC	ENCFF718OOC	ENCSR000BLI	ENCSR471ZAF	BPNet	predicted signal profile	bigWig	ChIP-seq	E2F6	K562	cell-line	cell-line	cell-line	minus	none	passed
ENCFF848MBB	ENCFF848MBB	ENCSR000EWJ	ENCSR350YIB	BPNet	predicted signal profile	bigWig	ChIP-seq	E2F6	K562	cell-line	cell-line	cell-line	minus	none	passed
ENCFF221FCK	ENCFF221FCK	ENCSR000BLI	ENCSR471ZAF	BPNet	predicted signal profile	bigWig	ChIP-seq	E2F6	K562	cell-line	cell-line	cell-line	plus	none	passed
ENCFF933NMG	ENCFF933NMG	ENCSR000EWJ	ENCSR350YIB	BPNet	predicted signal profile	bigWig	ChIP-seq	E2F6	K562	cell-line	cell-line	cell-line	plus	none	passed
ENCFF052IHI	ENCFF052IHI	ENCSR171CAY	ENCSR419OTG	BPNet	predicted signal profile	bigWig	ChIP-seq	E2F7	K562	cell-line	cell-line	cell-line	minus	none	passed
ENCFF212DIK	ENCFF212DIK	ENCSR171CAY	ENCSR419OTG	BPNet	predicted signal profile	bigWig	ChIP-seq	E2F7	K562	cell-line	cell-line	cell-line	plus	none	passed
ENCFF240YBS	ENCFF240YBS	ENCSR793HVL	ENCSR150VCL	BPNet	predicted signal profile	bigWig	ChIP-seq	E2F8	GM12878	cell-line	cell-line	cell-line	minus	none	passed
ENCFF950GEQ	ENCFF950GEQ	ENCSR793HVL	ENCSR150VCL	BPNet	predicted signal profile	bigWig	ChIP-seq	E2F8	GM12878	cell-line	cell-line	cell-line	plus	none	passed
ENCFF090URV	ENCFF090URV	ENCSR634GEO	ENCSR585ZGK	BPNet	predicted signal profile	bigWig	ChIP-seq	E2F8	HepG2	cell-line	cell-line	cell-line	minus	none	passed
ENCFF668MKN	ENCFF668MKN	ENCSR634GEO	ENCSR585ZGK	BPNet	predicted signal profile	bigWig	ChIP-seq	E2F8	HepG2	cell-line	cell-line	cell-line	plus	none	passed
ENCFF144SUC	ENCFF144SUC	ENCSR953DVM	ENCSR493NOM	BPNet	predicted signal profile	bigWig	ChIP-seq	E2F8	K562	cell-line	cell-line	cell-line	minus	none	passed
ENCFF413IXC	ENCFF413IXC	ENCSR953DVM	ENCSR493NOM	BPNet	predicted signal profile	bigWig	ChIP-seq	E2F8	K562	cell-line	cell-line	cell-line	plus	none	passed
ENCFF446WJY	ENCFF446WJY	ENCSR897ZXU	ENCSR214PBV	BPNet	predicted signal profile	bigWig	ChIP-seq	E2F8	MCF-7	cell-line	cell-line	cell-line	minus	none	passed
ENCFF930NPO	ENCFF930NPO	ENCSR897ZXU	ENCSR214PBV	BPNet	predicted signal profile	bigWig	ChIP-seq	E2F8	MCF-7	cell-line	cell-line	cell-line	plus	none	passed
ENCFF741PIY	ENCFF741PIY	ENCSR439WAF	ENCSR691OIV	BPNet	predicted signal profile	bigWig	ChIP-seq	E4F1	GM12878	cell-line	cell-line	cell-line	minus	none	passed
ENCFF612EAX	ENCFF612EAX	ENCSR439WAF	ENCSR691OIV	BPNet	predicted signal profile	bigWig	ChIP-seq	E4F1	GM12878	cell-line	cell-line	cell-line	plus	none	passed
ENCFF889XYJ	ENCFF889XYJ	ENCSR731LHZ	ENCSR647ENX	BPNet	predicted signal profile	bigWig	ChIP-seq	E4F1	K562	cell-line	cell-line	cell-line	minus	none	passed
ENCFF473TCC	ENCFF473TCC	ENCSR731LHZ	ENCSR647ENX	BPNet	predicted signal profile	bigWig	ChIP-seq	E4F1	K562	cell-line	cell-line	cell-line	plus	none	passed
ENCFF558VAK	ENCFF558VAK	ENCSR000BGU	ENCSR249YHP	BPNet	predicted signal profile	bigWig	ChIP-seq	EBF1	GM12878	cell-line	cell-line	cell-line	minus	none	passed
ENCFF904MOW	ENCFF904MOW	ENCSR000DZQ	ENCSR457BBJ	BPNet	predicted signal profile	bigWig	ChIP-seq	EBF1	GM12878	cell-line	cell-line	cell-line	minus	none	passed
ENCFF433BZV	ENCFF433BZV	ENCSR000DZQ	ENCSR457BBJ	BPNet	predicted signal profile	bigWig	ChIP-seq	EBF1	GM12878	cell-line	cell-line	cell-line	plus	none	passed
ENCFF574DLA	ENCFF574DLA	ENCSR000BGU	ENCSR249YHP	BPNet	predicted signal profile	bigWig	ChIP-seq	EBF1	GM12878	cell-line	cell-line	cell-line	plus	none	passed
ENCFF005EVA	ENCFF005EVA	ENCSR000BRG	ENCSR415CSY	BPNet	predicted signal profile	bigWig	ChIP-seq	EGR1	GM12878	cell-line	cell-line	cell-line	minus	none	passed
ENCFF295NKC	ENCFF295NKC	ENCSR000BMQ	ENCSR141EXZ	BPNet	predicted signal profile	bigWig	ChIP-seq	EGR1	GM12878	cell-line	cell-line	cell-line	minus	none	passed
ENCFF328IVG	ENCFF328IVG	ENCSR000BMQ	ENCSR141EXZ	BPNet	predicted signal profile	bigWig	ChIP-seq	EGR1	GM12878	cell-line	cell-line	cell-line	plus	none	passed
ENCFF796XVM	ENCFF796XVM	ENCSR000BRG	ENCSR415CSY	BPNet	predicted signal profile	bigWig	ChIP-seq	EGR1	GM12878	cell-line	cell-line	cell-line	plus	none	passed
ENCFF567SLY	ENCFF567SLY	ENCSR000BJA	ENCSR113DKE	BPNet	predicted signal profile	bigWig	ChIP-seq	EGR1	H1	cell-line	cell-line	cell-line	minus	none	passed
ENCFF445VMS	ENCFF445VMS	ENCSR000BJA	ENCSR113DKE	BPNet	predicted signal profile	bigWig	ChIP-seq	EGR1	H1	cell-line	cell-line	cell-line	plus	none	passed
ENCFF932ZEP	ENCFF932ZEP	ENCSR000BRZ	ENCSR752ARC	BPNet	predicted signal profile	bigWig	ChIP-seq	EGR1	HCT116	cell-line	cell-line	cell-line	minus	none	passed
ENCFF499JQG	ENCFF499JQG	ENCSR000BRZ	ENCSR752ARC	BPNet	predicted signal profile	bigWig	ChIP-seq	EGR1	HCT116	cell-line	cell-line	cell-line	plus	none	passed
ENCFF334KBI	ENCFF334KBI	ENCSR026GSW	ENCSR358DTM	BPNet	predicted signal profile	bigWig	ChIP-seq	EGR1	HepG2	cell-line	cell-line	cell-line	minus	none	passed
ENCFF777VDS	ENCFF777VDS	ENCSR026GSW	ENCSR358DTM	BPNet	predicted signal profile	bigWig	ChIP-seq	EGR1	HepG2	cell-line	cell-line	cell-line	plus	none	passed
ENCFF273TSZ	ENCFF273TSZ	ENCSR000BSQ	ENCSR133QFY	BPNet	predicted signal profile	bigWig	ChIP-seq	EGR1	Ishikawa	cell-line	cell-line	cell-line	minus	none	passed
ENCFF096GBR	ENCFF096GBR	ENCSR000BSQ	ENCSR133QFY	BPNet	predicted signal profile	bigWig	ChIP-seq	EGR1	Ishikawa	cell-line	cell-line	cell-line	plus	none	passed
ENCFF585DCB	ENCFF585DCB	ENCSR000BNE	ENCSR461IMZ	BPNet	predicted signal profile	bigWig	ChIP-seq	EGR1	K562	cell-line	cell-line	cell-line	minus	none	passed
ENCFF721QPN	ENCFF721QPN	ENCSR211LTF	ENCSR531UJV	BPNet	predicted signal profile	bigWig	ChIP-seq	EGR1	K562	cell-line	cell-line	cell-line	minus	none	passed
ENCFF937JUQ	ENCFF937JUQ	ENCSR024CNP	ENCSR706MJY	BPNet	predicted signal profile	bigWig	ChIP-seq	EGR1	K562	cell-line	cell-line	cell-line	minus	none	passed
ENCFF046BAS	ENCFF046BAS	ENCSR024CNP	ENCSR706MJY	BPNet	predicted signal profile	bigWig	ChIP-seq	EGR1	K562	cell-line	cell-line	cell-line	plus	none	passed
ENCFF152PYX	ENCFF152PYX	ENCSR211LTF	ENCSR531UJV	BPNet	predicted signal profile	bigWig	ChIP-seq	EGR1	K562	cell-line	cell-line	cell-line	plus	none	passed
ENCFF171VHT	ENCFF171VHT	ENCSR000BNE	ENCSR461IMZ	BPNet	predicted signal profile	bigWig	ChIP-seq	EGR1	K562	cell-line	cell-line	cell-line	plus	none	passed
ENCFF909DAT	ENCFF909DAT	ENCSR000BUX	ENCSR764MGW	BPNet	predicted signal profile	bigWig	ChIP-seq	EGR1	MCF-7	cell-line	cell-line	cell-line	minus	none	passed
ENCFF989LUQ	ENCFF989LUQ	ENCSR000BUX	ENCSR764MGW	BPNet	predicted signal profile	bigWig	ChIP-seq	EGR1	MCF-7	cell-line	cell-line	cell-line	plus	none	passed
ENCFF035FOX	ENCFF035FOX	ENCSR736BUG	ENCSR482OFY	BPNet	predicted signal profile	bigWig	ChIP-seq	EGR1	liver	liver	liver	digestive-system	minus	none	passed
ENCFF574IWZ	ENCFF574IWZ	ENCSR290ZOS	ENCSR774YHV	BPNet	predicted signal profile	bigWig	ChIP-seq	EGR1	liver	liver	liver	digestive-system	minus	none	passed
ENCFF563MRQ	ENCFF563MRQ	ENCSR736BUG	ENCSR482OFY	BPNet	predicted signal profile	bigWig	ChIP-seq	EGR1	liver	liver	liver	digestive-system	plus	none	passed
ENCFF858UIJ	ENCFF858UIJ	ENCSR290ZOS	ENCSR774YHV	BPNet	predicted signal profile	bigWig	ChIP-seq	EGR1	liver	liver	liver	digestive-system	plus	none	passed
ENCFF749KNM	ENCFF749KNM	ENCSR919CZU	ENCSR905WNQ	BPNet	predicted signal profile	bigWig	ChIP-seq	EGR2	HEK293	cell-line	cell-line	cell-line	minus	none	passed
ENCFF917PQV	ENCFF917PQV	ENCSR919CZU	ENCSR905WNQ	BPNet	predicted signal profile	bigWig	ChIP-seq	EGR2	HEK293	cell-line	cell-line	cell-line	plus	none	passed
ENCFF211ANJ	ENCFF211ANJ	ENCSR000BPT	ENCSR115KTR	BPNet	predicted signal profile	bigWig	ChIP-seq	ELF1	A549	cell-line	cell-line	cell-line	minus	none	passed
ENCFF911MTT	ENCFF911MTT	ENCSR000BPT	ENCSR115KTR	BPNet	predicted signal profile	bigWig	ChIP-seq	ELF1	A549	cell-line	cell-line	cell-line	plus	none	passed
ENCFF528ZCB	ENCFF528ZCB	ENCSR841NDX	ENCSR583JLE	BPNet	predicted signal profile	bigWig	ChIP-seq	ELF1	GM12878	cell-line	cell-line	cell-line	minus	none	passed
ENCFF625NCI	ENCFF625NCI	ENCSR000BMB	ENCSR284EMN	BPNet	predicted signal profile	bigWig	ChIP-seq	ELF1	GM12878	cell-line	cell-line	cell-line	minus	none	passed
ENCFF397MUA	ENCFF397MUA	ENCSR841NDX	ENCSR583JLE	BPNet	predicted signal profile	bigWig	ChIP-seq	ELF1	GM12878	cell-line	cell-line	cell-line	plus	none	passed
ENCFF405MJJ	ENCFF405MJJ	ENCSR000BMB	ENCSR284EMN	BPNet	predicted signal profile	bigWig	ChIP-seq	ELF1	GM12878	cell-line	cell-line	cell-line	plus	none	passed
ENCFF994AGG	ENCFF994AGG	ENCSR000BVH	ENCSR661QJF	BPNet	predicted signal profile	bigWig	ChIP-seq	ELF1	HCT116	cell-line	cell-line	cell-line	minus	none	passed
ENCFF965ISJ	ENCFF965ISJ	ENCSR000BVH	ENCSR661QJF	BPNet	predicted signal profile	bigWig	ChIP-seq	ELF1	HCT116	cell-line	cell-line	cell-line	plus	none	passed
ENCFF143YND	ENCFF143YND	ENCSR000BMZ	ENCSR242YWK	BPNet	predicted signal profile	bigWig	ChIP-seq	ELF1	HepG2	cell-line	cell-line	cell-line	minus	none	passed
ENCFF336QTF	ENCFF336QTF	ENCSR321VGW	ENCSR013GZY	BPNet	predicted signal profile	bigWig	ChIP-seq	ELF1	HepG2	cell-line	cell-line	cell-line	minus	none	passed
ENCFF130UWP	ENCFF130UWP	ENCSR321VGW	ENCSR013GZY	BPNet	predicted signal profile	bigWig	ChIP-seq	ELF1	HepG2	cell-line	cell-line	cell-line	plus	none	passed
ENCFF626RVA	ENCFF626RVA	ENCSR000BMZ	ENCSR242YWK	BPNet	predicted signal profile	bigWig	ChIP-seq	ELF1	HepG2	cell-line	cell-line	cell-line	plus	none	passed
ENCFF165ZST	ENCFF165ZST	ENCSR744CXJ	ENCSR323SIL	BPNet	predicted signal profile	bigWig	ChIP-seq	ELF1	K562	cell-line	cell-line	cell-line	minus	none	passed
ENCFF236GQC	ENCFF236GQC	ENCSR000BMD	ENCSR736MKZ	BPNet	predicted signal profile	bigWig	ChIP-seq	ELF1	K562	cell-line	cell-line	cell-line	minus	none	passed
ENCFF402PMQ	ENCFF402PMQ	ENCSR502OEK	ENCSR436LIQ	BPNet	predicted signal profile	bigWig	ChIP-seq	ELF1	K562	cell-line	cell-line	cell-line	minus	none	passed
ENCFF882RHX	ENCFF882RHX	ENCSR975SSR	ENCSR339PZZ	BPNet	predicted signal profile	bigWig	ChIP-seq	ELF1	K562	cell-line	cell-line	cell-line	minus	none	passed
ENCFF131BBE	ENCFF131BBE	ENCSR000BMD	ENCSR736MKZ	BPNet	predicted signal profile	bigWig	ChIP-seq	ELF1	K562	cell-line	cell-line	cell-line	plus	none	passed
ENCFF372DNS	ENCFF372DNS	ENCSR975SSR	ENCSR339PZZ	BPNet	predicted signal profile	bigWig	ChIP-seq	ELF1	K562	cell-line	cell-line	cell-line	plus	none	passed
ENCFF474WUK	ENCFF474WUK	ENCSR502OEK	ENCSR436LIQ	BPNet	predicted signal profile	bigWig	ChIP-seq	ELF1	K562	cell-line	cell-line	cell-line	plus	none	passed
ENCFF718PNQ	ENCFF718PNQ	ENCSR744CXJ	ENCSR323SIL	BPNet	predicted signal profile	bigWig	ChIP-seq	ELF1	K562	cell-line	cell-line	cell-line	plus	none	passed
ENCFF348AEW	ENCFF348AEW	ENCSR475SOC	ENCSR694XCP	BPNet	predicted signal profile	bigWig	ChIP-seq	ELF1	MCF-7	cell-line	cell-line	cell-line	minus	none	passed
ENCFF622IAY	ENCFF622IAY	ENCSR502NRF	ENCSR585SAF	BPNet	predicted signal profile	bigWig	ChIP-seq	ELF1	MCF-7	cell-line	cell-line	cell-line	minus	none	passed
ENCFF808YEL	ENCFF808YEL	ENCSR000BSS	ENCSR136DQJ	BPNet	predicted signal profile	bigWig	ChIP-seq	ELF1	MCF-7	cell-line	cell-line	cell-line	minus	none	passed
ENCFF386DPE	ENCFF386DPE	ENCSR000BSS	ENCSR136DQJ	BPNet	predicted signal profile	bigWig	ChIP-seq	ELF1	MCF-7	cell-line	cell-line	cell-line	plus	none	passed
ENCFF802DBQ	ENCFF802DBQ	ENCSR502NRF	ENCSR585SAF	BPNet	predicted signal profile	bigWig	ChIP-seq	ELF1	MCF-7	cell-line	cell-line	cell-line	plus	none	passed
ENCFF980GPJ	ENCFF980GPJ	ENCSR475SOC	ENCSR694XCP	BPNet	predicted signal profile	bigWig	ChIP-seq	ELF1	MCF-7	cell-line	cell-line	cell-line	plus	none	passed
ENCFF914NJM	ENCFF914NJM	ENCSR000BTA	ENCSR201AZL	BPNet	predicted signal profile	bigWig	ChIP-seq	ELF1	SK-N-SH	cell-line	cell-line	cell-line	minus	none	passed
ENCFF164WEH	ENCFF164WEH	ENCSR000BTA	ENCSR201AZL	BPNet	predicted signal profile	bigWig	ChIP-seq	ELF1	SK-N-SH	cell-line	cell-line	cell-line	plus	none	passed
ENCFF921MPX	ENCFF921MPX	ENCSR594HXD	ENCSR588DJP	BPNet	predicted signal profile	bigWig	ChIP-seq	ELF2	K562	cell-line	cell-line	cell-line	minus	none	passed
ENCFF033UDJ	ENCFF033UDJ	ENCSR594HXD	ENCSR588DJP	BPNet	predicted signal profile	bigWig	ChIP-seq	ELF2	K562	cell-line	cell-line	cell-line	plus	none	passed
ENCFF105PNT	ENCFF105PNT	ENCSR778QLY	ENCSR438TVE	BPNet	predicted signal profile	bigWig	ChIP-seq	ELF4	HEK293T	cell-line	cell-line	cell-line	minus	none	passed
ENCFF087OWS	ENCFF087OWS	ENCSR778QLY	ENCSR438TVE	BPNet	predicted signal profile	bigWig	ChIP-seq	ELF4	HEK293T	cell-line	cell-line	cell-line	plus	none	passed
ENCFF732ESF	ENCFF732ESF	ENCSR980HGI	ENCSR863FYT	BPNet	predicted signal profile	bigWig	ChIP-seq	ELF4	HepG2	cell-line	cell-line	cell-line	minus	none	passed
ENCFF644OAC	ENCFF644OAC	ENCSR980HGI	ENCSR863FYT	BPNet	predicted signal profile	bigWig	ChIP-seq	ELF4	HepG2	cell-line	cell-line	cell-line	plus	none	passed
ENCFF126SCY	ENCFF126SCY	ENCSR498JCG	ENCSR158YZZ	BPNet	predicted signal profile	bigWig	ChIP-seq	ELF4	K562	cell-line	cell-line	cell-line	minus	none	passed
ENCFF292MPM	ENCFF292MPM	ENCSR494ZGC	ENCSR747NTS	BPNet	predicted signal profile	bigWig	ChIP-seq	ELF4	K562	cell-line	cell-line	cell-line	minus	none	passed
ENCFF940MSG	ENCFF940MSG	ENCSR638QHV	ENCSR159BWT	BPNet	predicted signal profile	bigWig	ChIP-seq	ELF4	K562	cell-line	cell-line	cell-line	minus	none	passed
ENCFF261MLF	ENCFF261MLF	ENCSR498JCG	ENCSR158YZZ	BPNet	predicted signal profile	bigWig	ChIP-seq	ELF4	K562	cell-line	cell-line	cell-line	plus	none	passed
ENCFF702EGD	ENCFF702EGD	ENCSR638QHV	ENCSR159BWT	BPNet	predicted signal profile	bigWig	ChIP-seq	ELF4	K562	cell-line	cell-line	cell-line	plus	none	passed
ENCFF749WPD	ENCFF749WPD	ENCSR494ZGC	ENCSR747NTS	BPNet	predicted signal profile	bigWig	ChIP-seq	ELF4	K562	cell-line	cell-line	cell-line	plus	none	passed
ENCFF151MWD	ENCFF151MWD	ENCSR000DZB	ENCSR617OUA	BPNet	predicted signal profile	bigWig	ChIP-seq	ELK1	GM12878	cell-line	cell-line	cell-line	minus	none	passed
ENCFF258MEN	ENCFF258MEN	ENCSR000DZB	ENCSR617OUA	BPNet	predicted signal profile	bigWig	ChIP-seq	ELK1	GM12878	cell-line	cell-line	cell-line	plus	none	passed
ENCFF941CZI	ENCFF941CZI	ENCSR000ECI	ENCSR534OYO	BPNet	predicted signal profile	bigWig	ChIP-seq	ELK1	HeLa-S3	cell-line	cell-line	cell-line	minus	none	passed
ENCFF989XXM	ENCFF989XXM	ENCSR000ECI	ENCSR534OYO	BPNet	predicted signal profile	bigWig	ChIP-seq	ELK1	HeLa-S3	cell-line	cell-line	cell-line	plus	none	passed
ENCFF900UFG	ENCFF900UFG	ENCSR717QSS	ENCSR472YSZ	BPNet	predicted signal profile	bigWig	ChIP-seq	ELK1	HepG2	cell-line	cell-line	cell-line	minus	none	passed
ENCFF371BBD	ENCFF371BBD	ENCSR717QSS	ENCSR472YSZ	BPNet	predicted signal profile	bigWig	ChIP-seq	ELK1	HepG2	cell-line	cell-line	cell-line	plus	none	passed
ENCFF876NKR	ENCFF876NKR	ENCSR000EFU	ENCSR865CAR	BPNet	predicted signal profile	bigWig	ChIP-seq	ELK1	K562	cell-line	cell-line	cell-line	minus	none	passed
ENCFF420AAJ	ENCFF420AAJ	ENCSR000EFU	ENCSR865CAR	BPNet	predicted signal profile	bigWig	ChIP-seq	ELK1	K562	cell-line	cell-line	cell-line	plus	none	passed
ENCFF713SVC	ENCFF713SVC	ENCSR382WLL	ENCSR832UMB	BPNet	predicted signal profile	bigWig	ChIP-seq	ELK1	MCF-7	cell-line	cell-line	cell-line	minus	none	passed
ENCFF110MQS	ENCFF110MQS	ENCSR382WLL	ENCSR832UMB	BPNet	predicted signal profile	bigWig	ChIP-seq	ELK1	MCF-7	cell-line	cell-line	cell-line	plus	none	passed
ENCFF047ZPL	ENCFF047ZPL	ENCSR000EVI	ENCSR655PCK	BPNet	predicted signal profile	bigWig	ChIP-seq	ELK4	HeLa-S3	cell-line	cell-line	cell-line	minus	none	passed
ENCFF936WEP	ENCFF936WEP	ENCSR000EVI	ENCSR655PCK	BPNet	predicted signal profile	bigWig	ChIP-seq	ELK4	HeLa-S3	cell-line	cell-line	cell-line	plus	none	passed
ENCFF084JRU	ENCFF084JRU	ENCSR513YMV	ENCSR506QNM	BPNet	predicted signal profile	bigWig	ChIP-seq	ELK4	HepG2	cell-line	cell-line	cell-line	minus	none	passed
ENCFF145OPR	ENCFF145OPR	ENCSR513YMV	ENCSR506QNM	BPNet	predicted signal profile	bigWig	ChIP-seq	ELK4	HepG2	cell-line	cell-line	cell-line	plus	none	passed
ENCFF582GMM	ENCFF582GMM	ENCSR463GOT	ENCSR695QWL	BPNet	predicted signal profile	bigWig	ChIP-seq	ESR1	MCF-7	cell-line	cell-line	cell-line	minus	none	passed
ENCFF122GOM	ENCFF122GOM	ENCSR463GOT	ENCSR695QWL	BPNet	predicted signal profile	bigWig	ChIP-seq	ESR1	MCF-7	cell-line	cell-line	cell-line	plus	none	passed
ENCFF026GKV	ENCFF026GKV	ENCSR000DYQ	ENCSR853ETF	BPNet	predicted signal profile	bigWig	ChIP-seq	ESRRA	GM12878	cell-line	cell-line	cell-line	minus	none	passed
ENCFF016PXD	ENCFF016PXD	ENCSR000DYQ	ENCSR853ETF	BPNet	predicted signal profile	bigWig	ChIP-seq	ESRRA	GM12878	cell-line	cell-line	cell-line	plus	none	passed
ENCFF063OBQ	ENCFF063OBQ	ENCSR267NVP	ENCSR471MWU	BPNet	predicted signal profile	bigWig	ChIP-seq	ESRRA	HepG2	cell-line	cell-line	cell-line	minus	none	passed
ENCFF613EYW	ENCFF613EYW	ENCSR267NVP	ENCSR471MWU	BPNet	predicted signal profile	bigWig	ChIP-seq	ESRRA	HepG2	cell-line	cell-line	cell-line	plus	none	passed
ENCFF393YJO	ENCFF393YJO	ENCSR486IFJ	ENCSR374XGJ	BPNet	predicted signal profile	bigWig	ChIP-seq	ESRRA	K562	cell-line	cell-line	cell-line	minus	none	passed
ENCFF348LKY	ENCFF348LKY	ENCSR486IFJ	ENCSR374XGJ	BPNet	predicted signal profile	bigWig	ChIP-seq	ESRRA	K562	cell-line	cell-line	cell-line	plus	none	passed
ENCFF770BRT	ENCFF770BRT	ENCSR954WVZ	ENCSR442IDC	BPNet	predicted signal profile	bigWig	ChIP-seq	ESRRA	MCF-7	cell-line	cell-line	cell-line	minus	none	passed
ENCFF301PWL	ENCFF301PWL	ENCSR954WVZ	ENCSR442IDC	BPNet	predicted signal profile	bigWig	ChIP-seq	ESRRA	MCF-7	cell-line	cell-line	cell-line	plus	none	passed
ENCFF664GWT	ENCFF664GWT	ENCSR029OPK	ENCSR856ZTS	BPNet	predicted signal profile	bigWig	ChIP-seq	ESRRA	WTC11	cell-line	cell-line	cell-line	minus	none	passed
ENCFF055JBH	ENCFF055JBH	ENCSR029OPK	ENCSR856ZTS	BPNet	predicted signal profile	bigWig	ChIP-seq	ESRRA	WTC11	cell-line	cell-line	cell-line	plus	none	passed
ENCFF523IXC	ENCFF523IXC	ENCSR000BPU	ENCSR908RRF	BPNet	predicted signal profile	bigWig	ChIP-seq	ETS1	A549	cell-line	cell-line	cell-line	minus	none	passed
ENCFF403FRL	ENCFF403FRL	ENCSR000BPU	ENCSR908RRF	BPNet	predicted signal profile	bigWig	ChIP-seq	ETS1	A549	cell-line	cell-line	cell-line	plus	none	passed
ENCFF371QBQ	ENCFF371QBQ	ENCSR000BKA	ENCSR946PGY	BPNet	predicted signal profile	bigWig	ChIP-seq	ETS1	GM12878	cell-line	cell-line	cell-line	minus	none	passed
ENCFF674UJL	ENCFF674UJL	ENCSR000BKA	ENCSR946PGY	BPNet	predicted signal profile	bigWig	ChIP-seq	ETS1	GM12878	cell-line	cell-line	cell-line	plus	none	passed
ENCFF268SCX	ENCFF268SCX	ENCSR534VHI	ENCSR696AKY	BPNet	predicted signal profile	bigWig	ChIP-seq	ETS1	GM23338	cell-line	cell-line	cell-line	minus	none	passed
ENCFF914XIZ	ENCFF914XIZ	ENCSR534VHI	ENCSR696AKY	BPNet	predicted signal profile	bigWig	ChIP-seq	ETS1	GM23338	cell-line	cell-line	cell-line	plus	none	passed
ENCFF165MEU	ENCFF165MEU	ENCSR681WHQ	ENCSR340ZGI	BPNet	predicted signal profile	bigWig	ChIP-seq	ETS1	HepG2	cell-line	cell-line	cell-line	minus	none	passed
ENCFF320LNR	ENCFF320LNR	ENCSR681WHQ	ENCSR340ZGI	BPNet	predicted signal profile	bigWig	ChIP-seq	ETS1	HepG2	cell-line	cell-line	cell-line	plus	none	passed
ENCFF801HNA	ENCFF801HNA	ENCSR000BKQ	ENCSR800TIT	BPNet	predicted signal profile	bigWig	ChIP-seq	ETS1	K562	cell-line	cell-line	cell-line	minus	none	passed
ENCFF061EWX	ENCFF061EWX	ENCSR000BKQ	ENCSR800TIT	BPNet	predicted signal profile	bigWig	ChIP-seq	ETS1	K562	cell-line	cell-line	cell-line	plus	none	passed
ENCFF620SAS	ENCFF620SAS	ENCSR277DMR	ENCSR763TSQ	BPNet	predicted signal profile	bigWig	ChIP-seq	ETV1	K562	cell-line	cell-line	cell-line	minus	none	passed
ENCFF464YUS	ENCFF464YUS	ENCSR277DMR	ENCSR763TSQ	BPNet	predicted signal profile	bigWig	ChIP-seq	ETV1	K562	cell-line	cell-line	cell-line	plus	none	passed
ENCFF088QZH	ENCFF088QZH	ENCSR537FDJ	ENCSR024PCE	BPNet	predicted signal profile	bigWig	ChIP-seq	ETV4	HepG2	cell-line	cell-line	cell-line	minus	none	passed
ENCFF330XEG	ENCFF330XEG	ENCSR714YZG	ENCSR349BWF	BPNet	predicted signal profile	bigWig	ChIP-seq	ETV4	HepG2	cell-line	cell-line	cell-line	minus	none	passed
ENCFF647DTP	ENCFF647DTP	ENCSR714YZG	ENCSR349BWF	BPNet	predicted signal profile	bigWig	ChIP-seq	ETV4	HepG2	cell-line	cell-line	cell-line	plus	none	passed
ENCFF773NUY	ENCFF773NUY	ENCSR537FDJ	ENCSR024PCE	BPNet	predicted signal profile	bigWig	ChIP-seq	ETV4	HepG2	cell-line	cell-line	cell-line	plus	none	passed
ENCFF851AQO	ENCFF851AQO	ENCSR096IIB	ENCSR301LBE	BPNet	predicted signal profile	bigWig	ChIP-seq	ETV5	HepG2	cell-line	cell-line	cell-line	minus	none	passed
ENCFF273VNG	ENCFF273VNG	ENCSR096IIB	ENCSR301LBE	BPNet	predicted signal profile	bigWig	ChIP-seq	ETV5	HepG2	cell-line	cell-line	cell-line	plus	none	passed
ENCFF297VSI	ENCFF297VSI	ENCSR971EWR	ENCSR267TUB	BPNet	predicted signal profile	bigWig	ChIP-seq	ETV5	K562	cell-line	cell-line	cell-line	minus	none	passed
ENCFF213GXZ	ENCFF213GXZ	ENCSR971EWR	ENCSR267TUB	BPNet	predicted signal profile	bigWig	ChIP-seq	ETV5	K562	cell-line	cell-line	cell-line	plus	none	passed
ENCFF008MVN	ENCFF008MVN	ENCSR626VUC	ENCSR478NYG	BPNet	predicted signal profile	bigWig	ChIP-seq	ETV6	GM12878	cell-line	cell-line	cell-line	minus	none	passed
ENCFF670ZGR	ENCFF670ZGR	ENCSR626VUC	ENCSR478NYG	BPNet	predicted signal profile	bigWig	ChIP-seq	ETV6	GM12878	cell-line	cell-line	cell-line	plus	none	passed
ENCFF041UUK	ENCFF041UUK	ENCSR925TWM	ENCSR643ACX	BPNet	predicted signal profile	bigWig	ChIP-seq	ETV6	HepG2	cell-line	cell-line	cell-line	minus	none	passed
ENCFF112WGH	ENCFF112WGH	ENCSR925TWM	ENCSR643ACX	BPNet	predicted signal profile	bigWig	ChIP-seq	ETV6	HepG2	cell-line	cell-line	cell-line	plus	none	passed
ENCFF247NBA	ENCFF247NBA	ENCSR000FCE	ENCSR442XPS	BPNet	predicted signal profile	bigWig	ChIP-seq	ETV6	K562	cell-line	cell-line	cell-line	minus	none	passed
ENCFF688ZIQ	ENCFF688ZIQ	ENCSR124BJR	ENCSR239YSE	BPNet	predicted signal profile	bigWig	ChIP-seq	ETV6	K562	cell-line	cell-line	cell-line	minus	none	passed
ENCFF077JUF	ENCFF077JUF	ENCSR124BJR	ENCSR239YSE	BPNet	predicted signal profile	bigWig	ChIP-seq	ETV6	K562	cell-line	cell-line	cell-line	plus	none	passed
ENCFF811TIU	ENCFF811TIU	ENCSR000FCE	ENCSR442XPS	BPNet	predicted signal profile	bigWig	ChIP-seq	ETV6	K562	cell-line	cell-line	cell-line	plus	none	passed
ENCFF158RWI	ENCFF158RWI	ENCSR029TLS	ENCSR658UPZ	BPNet	predicted signal profile	bigWig	ChIP-seq	ETV6	WTC11	cell-line	cell-line	cell-line	minus	none	passed
ENCFF695OSQ	ENCFF695OSQ	ENCSR029TLS	ENCSR658UPZ	BPNet	predicted signal profile	bigWig	ChIP-seq	ETV6	WTC11	cell-line	cell-line	cell-line	plus	none	passed
ENCFF607SIL	ENCFF607SIL	ENCSR941WVJ	ENCSR841VEE	BPNet	predicted signal profile	bigWig	ChIP-seq	FBXL19	HepG2	cell-line	cell-line	cell-line	minus	none	passed
ENCFF283RKW	ENCFF283RKW	ENCSR941WVJ	ENCSR841VEE	BPNet	predicted signal profile	bigWig	ChIP-seq	FBXL19	HepG2	cell-line	cell-line	cell-line	plus	none	passed
ENCFF284BAV	ENCFF284BAV	ENCSR827NWO	ENCSR722ZLL	BPNet	predicted signal profile	bigWig	ChIP-seq	FEZF1	HEK293	cell-line	cell-line	cell-line	minus	none	passed
ENCFF097CNN	ENCFF097CNN	ENCSR827NWO	ENCSR722ZLL	BPNet	predicted signal profile	bigWig	ChIP-seq	FEZF1	HEK293	cell-line	cell-line	cell-line	plus	none	passed
ENCFF285YUH	ENCFF285YUH	ENCSR000EYZ	ENCSR205QBW	BPNet	predicted signal profile	bigWig	ChIP-seq	FOS	GM12878	cell-line	cell-line	cell-line	minus	none	passed
ENCFF914XUL	ENCFF914XUL	ENCSR000EYZ	ENCSR205QBW	BPNet	predicted signal profile	bigWig	ChIP-seq	FOS	GM12878	cell-line	cell-line	cell-line	plus	none	passed
ENCFF466EHE	ENCFF466EHE	ENCSR124AIG	ENCSR728DMH	BPNet	predicted signal profile	bigWig	ChIP-seq	FOS	IMR-90	cell-line	cell-line	cell-line	minus	none	passed
ENCFF270WKM	ENCFF270WKM	ENCSR124AIG	ENCSR728DMH	BPNet	predicted signal profile	bigWig	ChIP-seq	FOS	IMR-90	cell-line	cell-line	cell-line	plus	none	passed
ENCFF301FRS	ENCFF301FRS	ENCSR000FAI	ENCSR250RRT	BPNet	predicted signal profile	bigWig	ChIP-seq	FOS	K562	cell-line	cell-line	cell-line	minus	none	passed
ENCFF954ILM	ENCFF954ILM	ENCSR000FAI	ENCSR250RRT	BPNet	predicted signal profile	bigWig	ChIP-seq	FOS	K562	cell-line	cell-line	cell-line	plus	none	passed
ENCFF105ANR	ENCFF105ANR	ENCSR000DOP	ENCSR010RMO	BPNet	predicted signal profile	bigWig	ChIP-seq	FOS	MCF-10A	cell-line	cell-line	cell-line	minus	none	passed
ENCFF305QGT	ENCFF305QGT	ENCSR000DON	ENCSR657QSG	BPNet	predicted signal profile	bigWig	ChIP-seq	FOS	MCF-10A	cell-line	cell-line	cell-line	minus	none	passed
ENCFF570DRH	ENCFF570DRH	ENCSR000DOO	ENCSR575RVZ	BPNet	predicted signal profile	bigWig	ChIP-seq	FOS	MCF-10A	cell-line	cell-line	cell-line	minus	none	passed
ENCFF718OCS	ENCFF718OCS	ENCSR000DOT	ENCSR248ICS	BPNet	predicted signal profile	bigWig	ChIP-seq	FOS	MCF-10A	cell-line	cell-line	cell-line	minus	none	passed
ENCFF268RQL	ENCFF268RQL	ENCSR000DOT	ENCSR248ICS	BPNet	predicted signal profile	bigWig	ChIP-seq	FOS	MCF-10A	cell-line	cell-line	cell-line	plus	none	passed
ENCFF269TJF	ENCFF269TJF	ENCSR000DOO	ENCSR575RVZ	BPNet	predicted signal profile	bigWig	ChIP-seq	FOS	MCF-10A	cell-line	cell-line	cell-line	plus	none	passed
ENCFF443VGT	ENCFF443VGT	ENCSR000DOP	ENCSR010RMO	BPNet	predicted signal profile	bigWig	ChIP-seq	FOS	MCF-10A	cell-line	cell-line	cell-line	plus	none	passed
ENCFF462RHD	ENCFF462RHD	ENCSR000DON	ENCSR657QSG	BPNet	predicted signal profile	bigWig	ChIP-seq	FOS	MCF-10A	cell-line	cell-line	cell-line	plus	none	passed
ENCFF261KQM	ENCFF261KQM	ENCSR569XNP	ENCSR335UTI	BPNet	predicted signal profile	bigWig	ChIP-seq	FOS	MCF-7	cell-line	cell-line	cell-line	minus	none	passed
ENCFF417DIS	ENCFF417DIS	ENCSR569XNP	ENCSR335UTI	BPNet	predicted signal profile	bigWig	ChIP-seq	FOS	MCF-7	cell-line	cell-line	cell-line	plus	none	passed
ENCFF910FIR	ENCFF910FIR	ENCSR000EVU	ENCSR233XFQ	BPNet	predicted signal profile	bigWig	ChIP-seq	FOS	endothelial-cell-of-umbilical-vein	endothelial	blood-vessel	circulatory-system	minus	none	passed
ENCFF928KSR	ENCFF928KSR	ENCSR000EVU	ENCSR233XFQ	BPNet	predicted signal profile	bigWig	ChIP-seq	FOS	endothelial-cell-of-umbilical-vein	endothelial	blood-vessel	circulatory-system	plus	none	passed
ENCFF406DHF	ENCFF406DHF	ENCSR000BTE	ENCSR474ZEM	BPNet	predicted signal profile	bigWig	ChIP-seq	FOSL1	HCT116	cell-line	cell-line	cell-line	minus	none	passed
ENCFF517WHK	ENCFF517WHK	ENCSR000BTE	ENCSR474ZEM	BPNet	predicted signal profile	bigWig	ChIP-seq	FOSL1	HCT116	cell-line	cell-line	cell-line	plus	none	passed
ENCFF327OVL	ENCFF327OVL	ENCSR767NGL	ENCSR020BAF	BPNet	predicted signal profile	bigWig	ChIP-seq	FOSL1	HepG2	cell-line	cell-line	cell-line	minus	none	passed
ENCFF943GXW	ENCFF943GXW	ENCSR767NGL	ENCSR020BAF	BPNet	predicted signal profile	bigWig	ChIP-seq	FOSL1	HepG2	cell-line	cell-line	cell-line	plus	none	passed
ENCFF445ICI	ENCFF445ICI	ENCSR239ZLZ	ENCSR285NIO	BPNet	predicted signal profile	bigWig	ChIP-seq	FOSL1	K562	cell-line	cell-line	cell-line	minus	none	passed
ENCFF850HKD	ENCFF850HKD	ENCSR000BMV	ENCSR071ZMQ	BPNet	predicted signal profile	bigWig	ChIP-seq	FOSL1	K562	cell-line	cell-line	cell-line	minus	none	passed
ENCFF318TDM	ENCFF318TDM	ENCSR000BMV	ENCSR071ZMQ	BPNet	predicted signal profile	bigWig	ChIP-seq	FOSL1	K562	cell-line	cell-line	cell-line	plus	none	passed
ENCFF943XIW	ENCFF943XIW	ENCSR239ZLZ	ENCSR285NIO	BPNet	predicted signal profile	bigWig	ChIP-seq	FOSL1	K562	cell-line	cell-line	cell-line	plus	none	passed
ENCFF482XOR	ENCFF482XOR	ENCSR950CIR	ENCSR043OMU	BPNet	predicted signal profile	bigWig	ChIP-seq	FOSL1	glutamatergic-neuron	neuron	nerve	central-nervous-system	minus	none	passed
ENCFF887HAH	ENCFF887HAH	ENCSR950CIR	ENCSR043OMU	BPNet	predicted signal profile	bigWig	ChIP-seq	FOSL1	glutamatergic-neuron	neuron	nerve	central-nervous-system	plus	none	passed
ENCFF069CPM	ENCFF069CPM	ENCSR103UVU	ENCSR041VYT	BPNet	predicted signal profile	bigWig	ChIP-seq	FOSL2	A549	cell-line	cell-line	cell-line	minus	none	passed
ENCFF098NZQ	ENCFF098NZQ	ENCSR000BQO	ENCSR237ZVN	BPNet	predicted signal profile	bigWig	ChIP-seq	FOSL2	A549	cell-line	cell-line	cell-line	minus	none	passed
ENCFF168WVV	ENCFF168WVV	ENCSR775UFR	ENCSR712WIM	BPNet	predicted signal profile	bigWig	ChIP-seq	FOSL2	A549	cell-line	cell-line	cell-line	minus	none	passed
ENCFF208AVI	ENCFF208AVI	ENCSR686HIU	ENCSR765JSW	BPNet	predicted signal profile	bigWig	ChIP-seq	FOSL2	A549	cell-line	cell-line	cell-line	minus	none	passed
ENCFF232KUE	ENCFF232KUE	ENCSR067XTW	ENCSR749BUO	BPNet	predicted signal profile	bigWig	ChIP-seq	FOSL2	A549	cell-line	cell-line	cell-line	minus	none	passed
ENCFF273OVL	ENCFF273OVL	ENCSR448TVS	ENCSR554ZTS	BPNet	predicted signal profile	bigWig	ChIP-seq	FOSL2	A549	cell-line	cell-line	cell-line	minus	none	passed
ENCFF503TGZ	ENCFF503TGZ	ENCSR535HFQ	ENCSR041NSU	BPNet	predicted signal profile	bigWig	ChIP-seq	FOSL2	A549	cell-line	cell-line	cell-line	minus	none	passed
ENCFF571JZA	ENCFF571JZA	ENCSR900RUE	ENCSR012NRW	BPNet	predicted signal profile	bigWig	ChIP-seq	FOSL2	A549	cell-line	cell-line	cell-line	minus	none	passed
ENCFF708YTT	ENCFF708YTT	ENCSR242EWU	ENCSR133ETC	BPNet	predicted signal profile	bigWig	ChIP-seq	FOSL2	A549	cell-line	cell-line	cell-line	minus	none	passed
ENCFF826PRJ	ENCFF826PRJ	ENCSR274WRI	ENCSR928CRM	BPNet	predicted signal profile	bigWig	ChIP-seq	FOSL2	A549	cell-line	cell-line	cell-line	minus	none	passed
ENCFF872FKA	ENCFF872FKA	ENCSR330IJE	ENCSR373VZG	BPNet	predicted signal profile	bigWig	ChIP-seq	FOSL2	A549	cell-line	cell-line	cell-line	minus	none	passed
ENCFF922UIR	ENCFF922UIR	ENCSR593DGU	ENCSR262NQG	BPNet	predicted signal profile	bigWig	ChIP-seq	FOSL2	A549	cell-line	cell-line	cell-line	minus	none	passed
ENCFF949QMW	ENCFF949QMW	ENCSR111ZXV	ENCSR868DKN	BPNet	predicted signal profile	bigWig	ChIP-seq	FOSL2	A549	cell-line	cell-line	cell-line	minus	none	passed
ENCFF991CZU	ENCFF991CZU	ENCSR563GCV	ENCSR345YQI	BPNet	predicted signal profile	bigWig	ChIP-seq	FOSL2	A549	cell-line	cell-line	cell-line	minus	none	passed
ENCFF027IQZ	ENCFF027IQZ	ENCSR274WRI	ENCSR928CRM	BPNet	predicted signal profile	bigWig	ChIP-seq	FOSL2	A549	cell-line	cell-line	cell-line	plus	none	passed
ENCFF030SQD	ENCFF030SQD	ENCSR448TVS	ENCSR554ZTS	BPNet	predicted signal profile	bigWig	ChIP-seq	FOSL2	A549	cell-line	cell-line	cell-line	plus	none	passed
ENCFF166TNT	ENCFF166TNT	ENCSR242EWU	ENCSR133ETC	BPNet	predicted signal profile	bigWig	ChIP-seq	FOSL2	A549	cell-line	cell-line	cell-line	plus	none	passed
ENCFF279XYN	ENCFF279XYN	ENCSR000BQO	ENCSR237ZVN	BPNet	predicted signal profile	bigWig	ChIP-seq	FOSL2	A549	cell-line	cell-line	cell-line	plus	none	passed
ENCFF448BXR	ENCFF448BXR	ENCSR111ZXV	ENCSR868DKN	BPNet	predicted signal profile	bigWig	ChIP-seq	FOSL2	A549	cell-line	cell-line	cell-line	plus	none	passed
ENCFF486VCB	ENCFF486VCB	ENCSR535HFQ	ENCSR041NSU	BPNet	predicted signal profile	bigWig	ChIP-seq	FOSL2	A549	cell-line	cell-line	cell-line	plus	none	passed
ENCFF489NKC	ENCFF489NKC	ENCSR330IJE	ENCSR373VZG	BPNet	predicted signal profile	bigWig	ChIP-seq	FOSL2	A549	cell-line	cell-line	cell-line	plus	none	passed
ENCFF536RBX	ENCFF536RBX	ENCSR775UFR	ENCSR712WIM	BPNet	predicted signal profile	bigWig	ChIP-seq	FOSL2	A549	cell-line	cell-line	cell-line	plus	none	passed
ENCFF544XNN	ENCFF544XNN	ENCSR686HIU	ENCSR765JSW	BPNet	predicted signal profile	bigWig	ChIP-seq	FOSL2	A549	cell-line	cell-line	cell-line	plus	none	passed
ENCFF552FFL	ENCFF552FFL	ENCSR103UVU	ENCSR041VYT	BPNet	predicted signal profile	bigWig	ChIP-seq	FOSL2	A549	cell-line	cell-line	cell-line	plus	none	passed
ENCFF707OAH	ENCFF707OAH	ENCSR067XTW	ENCSR749BUO	BPNet	predicted signal profile	bigWig	ChIP-seq	FOSL2	A549	cell-line	cell-line	cell-line	plus	none	passed
ENCFF739NDI	ENCFF739NDI	ENCSR563GCV	ENCSR345YQI	BPNet	predicted signal profile	bigWig	ChIP-seq	FOSL2	A549	cell-line	cell-line	cell-line	plus	none	passed
ENCFF901QGC	ENCFF901QGC	ENCSR593DGU	ENCSR262NQG	BPNet	predicted signal profile	bigWig	ChIP-seq	FOSL2	A549	cell-line	cell-line	cell-line	plus	none	passed
ENCFF996MLT	ENCFF996MLT	ENCSR900RUE	ENCSR012NRW	BPNet	predicted signal profile	bigWig	ChIP-seq	FOSL2	A549	cell-line	cell-line	cell-line	plus	none	passed
ENCFF491WKT	ENCFF491WKT	ENCSR249EYB	ENCSR346SIK	BPNet	predicted signal profile	bigWig	ChIP-seq	FOSL2	HepG2	cell-line	cell-line	cell-line	minus	none	passed
ENCFF913JYO	ENCFF913JYO	ENCSR000BHP	ENCSR508NQY	BPNet	predicted signal profile	bigWig	ChIP-seq	FOSL2	HepG2	cell-line	cell-line	cell-line	minus	none	passed
ENCFF717RND	ENCFF717RND	ENCSR000BHP	ENCSR508NQY	BPNet	predicted signal profile	bigWig	ChIP-seq	FOSL2	HepG2	cell-line	cell-line	cell-line	plus	none	passed
ENCFF888SHH	ENCFF888SHH	ENCSR249EYB	ENCSR346SIK	BPNet	predicted signal profile	bigWig	ChIP-seq	FOSL2	HepG2	cell-line	cell-line	cell-line	plus	none	passed
ENCFF061TNF	ENCFF061TNF	ENCSR546KCN	ENCSR660BJD	BPNet	predicted signal profile	bigWig	ChIP-seq	FOSL2	MCF-7	cell-line	cell-line	cell-line	minus	none	passed
ENCFF457ZDQ	ENCFF457ZDQ	ENCSR000BUI	ENCSR692KCM	BPNet	predicted signal profile	bigWig	ChIP-seq	FOSL2	MCF-7	cell-line	cell-line	cell-line	minus	none	passed
ENCFF028TCO	ENCFF028TCO	ENCSR546KCN	ENCSR660BJD	BPNet	predicted signal profile	bigWig	ChIP-seq	FOSL2	MCF-7	cell-line	cell-line	cell-line	plus	none	passed
ENCFF996KUI	ENCFF996KUI	ENCSR000BUI	ENCSR692KCM	BPNet	predicted signal profile	bigWig	ChIP-seq	FOSL2	MCF-7	cell-line	cell-line	cell-line	plus	none	passed
ENCFF168YRK	ENCFF168YRK	ENCSR000BVB	ENCSR219JFH	BPNet	predicted signal profile	bigWig	ChIP-seq	FOSL2	SK-N-SH	cell-line	cell-line	cell-line	minus	none	passed
ENCFF897NRJ	ENCFF897NRJ	ENCSR000BVB	ENCSR219JFH	BPNet	predicted signal profile	bigWig	ChIP-seq	FOSL2	SK-N-SH	cell-line	cell-line	cell-line	plus	none	passed
ENCFF765FFN	ENCFF765FFN	ENCSR000BRD	ENCSR373ZLZ	BPNet	predicted signal profile	bigWig	ChIP-seq	FOXA1	A549	cell-line	cell-line	cell-line	minus	none	passed
ENCFF206NAI	ENCFF206NAI	ENCSR000BRD	ENCSR373ZLZ	BPNet	predicted signal profile	bigWig	ChIP-seq	FOXA1	A549	cell-line	cell-line	cell-line	plus	none	passed
ENCFF285JLY	ENCFF285JLY	ENCSR094WHO	ENCSR174RYL	BPNet	predicted signal profile	bigWig	ChIP-seq	FOXA1	HEK293T	cell-line	cell-line	cell-line	minus	none	passed
ENCFF256GXT	ENCFF256GXT	ENCSR094WHO	ENCSR174RYL	BPNet	predicted signal profile	bigWig	ChIP-seq	FOXA1	HEK293T	cell-line	cell-line	cell-line	plus	none	passed
ENCFF730MKU	ENCFF730MKU	ENCSR000BLE	ENCSR852HSZ	BPNet	predicted signal profile	bigWig	ChIP-seq	FOXA1	HepG2	cell-line	cell-line	cell-line	minus	none	passed
ENCFF815CPW	ENCFF815CPW	ENCSR267DFA	ENCSR262LEY	BPNet	predicted signal profile	bigWig	ChIP-seq	FOXA1	HepG2	cell-line	cell-line	cell-line	minus	none	passed
ENCFF929ISO	ENCFF929ISO	ENCSR000BMO	ENCSR210RPB	BPNet	predicted signal profile	bigWig	ChIP-seq	FOXA1	HepG2	cell-line	cell-line	cell-line	minus	none	passed
ENCFF964TAF	ENCFF964TAF	ENCSR865RXA	ENCSR337KST	BPNet	predicted signal profile	bigWig	ChIP-seq	FOXA1	HepG2	cell-line	cell-line	cell-line	minus	none	passed
ENCFF393HXY	ENCFF393HXY	ENCSR865RXA	ENCSR337KST	BPNet	predicted signal profile	bigWig	ChIP-seq	FOXA1	HepG2	cell-line	cell-line	cell-line	plus	none	passed
ENCFF468FYH	ENCFF468FYH	ENCSR000BLE	ENCSR852HSZ	BPNet	predicted signal profile	bigWig	ChIP-seq	FOXA1	HepG2	cell-line	cell-line	cell-line	plus	none	passed
ENCFF504XDN	ENCFF504XDN	ENCSR000BMO	ENCSR210RPB	BPNet	predicted signal profile	bigWig	ChIP-seq	FOXA1	HepG2	cell-line	cell-line	cell-line	plus	none	passed
ENCFF621JPH	ENCFF621JPH	ENCSR267DFA	ENCSR262LEY	BPNet	predicted signal profile	bigWig	ChIP-seq	FOXA1	HepG2	cell-line	cell-line	cell-line	plus	none	passed
ENCFF605ZRU	ENCFF605ZRU	ENCSR819LHG	ENCSR976UGF	BPNet	predicted signal profile	bigWig	ChIP-seq	FOXA1	K562	cell-line	cell-line	cell-line	minus	none	passed
ENCFF738PRU	ENCFF738PRU	ENCSR819LHG	ENCSR976UGF	BPNet	predicted signal profile	bigWig	ChIP-seq	FOXA1	K562	cell-line	cell-line	cell-line	plus	none	passed
ENCFF753JMM	ENCFF753JMM	ENCSR126YEB	ENCSR452QKS	BPNet	predicted signal profile	bigWig	ChIP-seq	FOXA1	MCF-7	cell-line	cell-line	cell-line	minus	none	passed
ENCFF286OGQ	ENCFF286OGQ	ENCSR126YEB	ENCSR452QKS	BPNet	predicted signal profile	bigWig	ChIP-seq	FOXA1	MCF-7	cell-line	cell-line	cell-line	plus	none	passed
ENCFF230LYM	ENCFF230LYM	ENCSR000BKY	ENCSR353SEK	BPNet	predicted signal profile	bigWig	ChIP-seq	FOXA1	T47D	cell-line	cell-line	cell-line	minus	none	passed
ENCFF512KBC	ENCFF512KBC	ENCSR000BKY	ENCSR353SEK	BPNet	predicted signal profile	bigWig	ChIP-seq	FOXA1	T47D	cell-line	cell-line	cell-line	plus	none	passed
ENCFF375JPI	ENCFF375JPI	ENCSR735KEY	ENCSR604GWZ	BPNet	predicted signal profile	bigWig	ChIP-seq	FOXA1	liver	liver	liver	digestive-system	minus	none	passed
ENCFF866BVJ	ENCFF866BVJ	ENCSR324RCI	ENCSR578NTH	BPNet	predicted signal profile	bigWig	ChIP-seq	FOXA1	liver	liver	liver	digestive-system	minus	none	passed
ENCFF073PTO	ENCFF073PTO	ENCSR735KEY	ENCSR604GWZ	BPNet	predicted signal profile	bigWig	ChIP-seq	FOXA1	liver	liver	liver	digestive-system	plus	none	passed
ENCFF827GXT	ENCFF827GXT	ENCSR324RCI	ENCSR578NTH	BPNet	predicted signal profile	bigWig	ChIP-seq	FOXA1	liver	liver	liver	digestive-system	plus	none	passed
ENCFF045MHT	ENCFF045MHT	ENCSR000BRE	ENCSR252KEN	BPNet	predicted signal profile	bigWig	ChIP-seq	FOXA2	A549	cell-line	cell-line	cell-line	minus	none	passed
ENCFF968NFY	ENCFF968NFY	ENCSR000BRE	ENCSR252KEN	BPNet	predicted signal profile	bigWig	ChIP-seq	FOXA2	A549	cell-line	cell-line	cell-line	plus	none	passed
ENCFF084YRA	ENCFF084YRA	ENCSR000BNI	ENCSR435KHB	BPNet	predicted signal profile	bigWig	ChIP-seq	FOXA2	HepG2	cell-line	cell-line	cell-line	minus	none	passed
ENCFF299RZY	ENCFF299RZY	ENCSR490AMH	ENCSR215RUL	BPNet	predicted signal profile	bigWig	ChIP-seq	FOXA2	HepG2	cell-line	cell-line	cell-line	minus	none	passed
ENCFF940JSV	ENCFF940JSV	ENCSR066EBK	ENCSR441PYW	BPNet	predicted signal profile	bigWig	ChIP-seq	FOXA2	HepG2	cell-line	cell-line	cell-line	minus	none	passed
ENCFF207JPX	ENCFF207JPX	ENCSR490AMH	ENCSR215RUL	BPNet	predicted signal profile	bigWig	ChIP-seq	FOXA2	HepG2	cell-line	cell-line	cell-line	plus	none	passed
ENCFF380LPM	ENCFF380LPM	ENCSR066EBK	ENCSR441PYW	BPNet	predicted signal profile	bigWig	ChIP-seq	FOXA2	HepG2	cell-line	cell-line	cell-line	plus	none	passed
ENCFF516LZP	ENCFF516LZP	ENCSR000BNI	ENCSR435KHB	BPNet	predicted signal profile	bigWig	ChIP-seq	FOXA2	HepG2	cell-line	cell-line	cell-line	plus	none	passed
ENCFF367ZBU	ENCFF367ZBU	ENCSR080XEY	ENCSR318CMD	BPNet	predicted signal profile	bigWig	ChIP-seq	FOXA2	liver	liver	liver	digestive-system	minus	none	passed
ENCFF521LNF	ENCFF521LNF	ENCSR310NYI	ENCSR670OIJ	BPNet	predicted signal profile	bigWig	ChIP-seq	FOXA2	liver	liver	liver	digestive-system	minus	none	passed
ENCFF740ZPF	ENCFF740ZPF	ENCSR310NYI	ENCSR670OIJ	BPNet	predicted signal profile	bigWig	ChIP-seq	FOXA2	liver	liver	liver	digestive-system	plus	none	passed
ENCFF749FAV	ENCFF749FAV	ENCSR080XEY	ENCSR318CMD	BPNet	predicted signal profile	bigWig	ChIP-seq	FOXA2	liver	liver	liver	digestive-system	plus	none	passed
ENCFF730WIK	ENCFF730WIK	ENCSR092OVN	ENCSR743PLW	BPNet	predicted signal profile	bigWig	ChIP-seq	FOXA3	HepG2	cell-line	cell-line	cell-line	minus	none	passed
ENCFF926WHY	ENCFF926WHY	ENCSR092OVN	ENCSR743PLW	BPNet	predicted signal profile	bigWig	ChIP-seq	FOXA3	HepG2	cell-line	cell-line	cell-line	plus	none	passed
ENCFF018CSE	ENCFF018CSE	ENCSR231ZVN	ENCSR845IQV	BPNet	predicted signal profile	bigWig	ChIP-seq	FOXA3	K562	cell-line	cell-line	cell-line	minus	none	passed
ENCFF095GMS	ENCFF095GMS	ENCSR788DXU	ENCSR579GZS	BPNet	predicted signal profile	bigWig	ChIP-seq	FOXA3	K562	cell-line	cell-line	cell-line	minus	none	passed
ENCFF120WQL	ENCFF120WQL	ENCSR231ZVN	ENCSR845IQV	BPNet	predicted signal profile	bigWig	ChIP-seq	FOXA3	K562	cell-line	cell-line	cell-line	plus	none	passed
ENCFF220RMT	ENCFF220RMT	ENCSR788DXU	ENCSR579GZS	BPNet	predicted signal profile	bigWig	ChIP-seq	FOXA3	K562	cell-line	cell-line	cell-line	plus	none	passed
ENCFF308IGO	ENCFF308IGO	ENCSR170AMG	ENCSR710SMT	BPNet	predicted signal profile	bigWig	ChIP-seq	FOXC1	HepG2	cell-line	cell-line	cell-line	minus	none	passed
ENCFF624AJM	ENCFF624AJM	ENCSR170AMG	ENCSR710SMT	BPNet	predicted signal profile	bigWig	ChIP-seq	FOXC1	HepG2	cell-line	cell-line	cell-line	plus	none	passed
ENCFF649TLN	ENCFF649TLN	ENCSR445FHB	ENCSR592DBM	BPNet	predicted signal profile	bigWig	ChIP-seq	FOXF2	A549	cell-line	cell-line	cell-line	minus	none	passed
ENCFF095REH	ENCFF095REH	ENCSR445FHB	ENCSR592DBM	BPNet	predicted signal profile	bigWig	ChIP-seq	FOXF2	A549	cell-line	cell-line	cell-line	plus	none	passed
ENCFF975GEJ	ENCFF975GEJ	ENCSR847LBF	ENCSR813CXV	BPNet	predicted signal profile	bigWig	ChIP-seq	FOXJ2	K562	cell-line	cell-line	cell-line	minus	none	passed
ENCFF273TGF	ENCFF273TGF	ENCSR847LBF	ENCSR813CXV	BPNet	predicted signal profile	bigWig	ChIP-seq	FOXJ2	K562	cell-line	cell-line	cell-line	plus	none	passed
ENCFF350WZI	ENCFF350WZI	ENCSR413AJG	ENCSR117OOQ	BPNet	predicted signal profile	bigWig	ChIP-seq	FOXJ3	HepG2	cell-line	cell-line	cell-line	minus	none	passed
ENCFF028LOU	ENCFF028LOU	ENCSR413AJG	ENCSR117OOQ	BPNet	predicted signal profile	bigWig	ChIP-seq	FOXJ3	HepG2	cell-line	cell-line	cell-line	plus	none	passed
ENCFF969OIS	ENCFF969OIS	ENCSR603BJQ	ENCSR630JWB	BPNet	predicted signal profile	bigWig	ChIP-seq	FOXK1	HepG2	cell-line	cell-line	cell-line	minus	none	passed
ENCFF842DNC	ENCFF842DNC	ENCSR603BJQ	ENCSR630JWB	BPNet	predicted signal profile	bigWig	ChIP-seq	FOXK1	HepG2	cell-line	cell-line	cell-line	plus	none	passed
ENCFF110TPW	ENCFF110TPW	ENCSR352RXE	ENCSR008HTX	BPNet	predicted signal profile	bigWig	ChIP-seq	FOXK1	WTC11	cell-line	cell-line	cell-line	minus	none	passed
ENCFF722JXT	ENCFF722JXT	ENCSR352RXE	ENCSR008HTX	BPNet	predicted signal profile	bigWig	ChIP-seq	FOXK1	WTC11	cell-line	cell-line	cell-line	plus	none	passed
ENCFF685QYU	ENCFF685QYU	ENCSR861JUQ	ENCSR974FAN	BPNet	predicted signal profile	bigWig	ChIP-seq	FOXK2	GM12878	cell-line	cell-line	cell-line	minus	none	passed
ENCFF109UAF	ENCFF109UAF	ENCSR861JUQ	ENCSR974FAN	BPNet	predicted signal profile	bigWig	ChIP-seq	FOXK2	GM12878	cell-line	cell-line	cell-line	plus	none	passed
ENCFF714PKH	ENCFF714PKH	ENCSR872BOU	ENCSR796VDC	BPNet	predicted signal profile	bigWig	ChIP-seq	FOXK2	HEK293T	cell-line	cell-line	cell-line	minus	none	passed
ENCFF278HGA	ENCFF278HGA	ENCSR872BOU	ENCSR796VDC	BPNet	predicted signal profile	bigWig	ChIP-seq	FOXK2	HEK293T	cell-line	cell-line	cell-line	plus	none	passed
ENCFF005ISL	ENCFF005ISL	ENCSR171FUX	ENCSR445YTW	BPNet	predicted signal profile	bigWig	ChIP-seq	FOXK2	HepG2	cell-line	cell-line	cell-line	minus	none	passed
ENCFF647PKI	ENCFF647PKI	ENCSR171FUX	ENCSR445YTW	BPNet	predicted signal profile	bigWig	ChIP-seq	FOXK2	HepG2	cell-line	cell-line	cell-line	plus	none	passed
ENCFF014ZXA	ENCFF014ZXA	ENCSR508DQA	ENCSR414RCN	BPNet	predicted signal profile	bigWig	ChIP-seq	FOXK2	K562	cell-line	cell-line	cell-line	minus	none	passed
ENCFF445TWX	ENCFF445TWX	ENCSR302AWT	ENCSR505DVX	BPNet	predicted signal profile	bigWig	ChIP-seq	FOXK2	K562	cell-line	cell-line	cell-line	minus	none	passed
ENCFF019XHS	ENCFF019XHS	ENCSR508DQA	ENCSR414RCN	BPNet	predicted signal profile	bigWig	ChIP-seq	FOXK2	K562	cell-line	cell-line	cell-line	plus	none	passed
ENCFF624AAZ	ENCFF624AAZ	ENCSR302AWT	ENCSR505DVX	BPNet	predicted signal profile	bigWig	ChIP-seq	FOXK2	K562	cell-line	cell-line	cell-line	plus	none	passed
ENCFF897ZGJ	ENCFF897ZGJ	ENCSR321OAA	ENCSR997YCM	BPNet	predicted signal profile	bigWig	ChIP-seq	FOXO1	HepG2	cell-line	cell-line	cell-line	minus	none	passed
ENCFF836CFQ	ENCFF836CFQ	ENCSR321OAA	ENCSR997YCM	BPNet	predicted signal profile	bigWig	ChIP-seq	FOXO1	HepG2	cell-line	cell-line	cell-line	plus	none	passed
ENCFF876PCC	ENCFF876PCC	ENCSR232LLP	ENCSR113IMV	BPNet	predicted signal profile	bigWig	ChIP-seq	FOXP4	HepG2	cell-line	cell-line	cell-line	minus	none	passed
ENCFF584SXX	ENCFF584SXX	ENCSR232LLP	ENCSR113IMV	BPNet	predicted signal profile	bigWig	ChIP-seq	FOXP4	HepG2	cell-line	cell-line	cell-line	plus	none	passed
ENCFF365ATK	ENCFF365ATK	ENCSR507RVF	ENCSR978WVS	BPNet	predicted signal profile	bigWig	ChIP-seq	FOXP4	WTC11	cell-line	cell-line	cell-line	minus	none	passed
ENCFF380QKC	ENCFF380QKC	ENCSR507RVF	ENCSR978WVS	BPNet	predicted signal profile	bigWig	ChIP-seq	FOXP4	WTC11	cell-line	cell-line	cell-line	plus	none	passed
ENCFF547MKD	ENCFF547MKD	ENCSR326AQV	ENCSR392ZHM	BPNet	predicted signal profile	bigWig	ChIP-seq	FOXS1	A549	cell-line	cell-line	cell-line	minus	none	passed
ENCFF483GLU	ENCFF483GLU	ENCSR326AQV	ENCSR392ZHM	BPNet	predicted signal profile	bigWig	ChIP-seq	FOXS1	A549	cell-line	cell-line	cell-line	plus	none	passed
ENCFF111OQW	ENCFF111OQW	ENCSR000BPY	ENCSR698TVC	BPNet	predicted signal profile	bigWig	ChIP-seq	GABPA	A549	cell-line	cell-line	cell-line	minus	none	passed
ENCFF844YFK	ENCFF844YFK	ENCSR000BPY	ENCSR698TVC	BPNet	predicted signal profile	bigWig	ChIP-seq	GABPA	A549	cell-line	cell-line	cell-line	plus	none	passed
ENCFF145MNS	ENCFF145MNS	ENCSR331HPA	ENCSR090VBP	BPNet	predicted signal profile	bigWig	ChIP-seq	GABPA	GM12878	cell-line	cell-line	cell-line	minus	none	passed
ENCFF270FUF	ENCFF270FUF	ENCSR331HPA	ENCSR090VBP	BPNet	predicted signal profile	bigWig	ChIP-seq	GABPA	GM12878	cell-line	cell-line	cell-line	plus	none	passed
ENCFF198VRY	ENCFF198VRY	ENCSR000BIW	ENCSR257FAI	BPNet	predicted signal profile	bigWig	ChIP-seq	GABPA	H1	cell-line	cell-line	cell-line	minus	none	passed
ENCFF188KPF	ENCFF188KPF	ENCSR000BIW	ENCSR257FAI	BPNet	predicted signal profile	bigWig	ChIP-seq	GABPA	H1	cell-line	cell-line	cell-line	plus	none	passed
ENCFF504FCJ	ENCFF504FCJ	ENCSR000BTK	ENCSR388LEE	BPNet	predicted signal profile	bigWig	ChIP-seq	GABPA	HL-60	cell-line	cell-line	cell-line	minus	none	passed
ENCFF782KAR	ENCFF782KAR	ENCSR000BTK	ENCSR388LEE	BPNet	predicted signal profile	bigWig	ChIP-seq	GABPA	HL-60	cell-line	cell-line	cell-line	plus	none	passed
ENCFF075KEL	ENCFF075KEL	ENCSR000BHS	ENCSR891IWC	BPNet	predicted signal profile	bigWig	ChIP-seq	GABPA	HeLa-S3	cell-line	cell-line	cell-line	minus	none	passed
ENCFF430IHS	ENCFF430IHS	ENCSR000BHS	ENCSR891IWC	BPNet	predicted signal profile	bigWig	ChIP-seq	GABPA	HeLa-S3	cell-line	cell-line	cell-line	plus	none	passed
ENCFF298AQA	ENCFF298AQA	ENCSR000BJK	ENCSR273NDD	BPNet	predicted signal profile	bigWig	ChIP-seq	GABPA	HepG2	cell-line	cell-line	cell-line	minus	none	passed
ENCFF505LJK	ENCFF505LJK	ENCSR269TNX	ENCSR205TJY	BPNet	predicted signal profile	bigWig	ChIP-seq	GABPA	HepG2	cell-line	cell-line	cell-line	minus	none	passed
ENCFF281RUU	ENCFF281RUU	ENCSR269TNX	ENCSR205TJY	BPNet	predicted signal profile	bigWig	ChIP-seq	GABPA	HepG2	cell-line	cell-line	cell-line	plus	none	passed
ENCFF623SVX	ENCFF623SVX	ENCSR000BJK	ENCSR273NDD	BPNet	predicted signal profile	bigWig	ChIP-seq	GABPA	HepG2	cell-line	cell-line	cell-line	plus	none	passed
ENCFF324OHR	ENCFF324OHR	ENCSR290MUH	ENCSR804SSS	BPNet	predicted signal profile	bigWig	ChIP-seq	GABPA	K562	cell-line	cell-line	cell-line	minus	none	passed
ENCFF347RMV	ENCFF347RMV	ENCSR000BLO	ENCSR845VGY	BPNet	predicted signal profile	bigWig	ChIP-seq	GABPA	K562	cell-line	cell-line	cell-line	minus	none	passed
ENCFF162KNY	ENCFF162KNY	ENCSR290MUH	ENCSR804SSS	BPNet	predicted signal profile	bigWig	ChIP-seq	GABPA	K562	cell-line	cell-line	cell-line	plus	none	passed
ENCFF271HTS	ENCFF271HTS	ENCSR000BLO	ENCSR845VGY	BPNet	predicted signal profile	bigWig	ChIP-seq	GABPA	K562	cell-line	cell-line	cell-line	plus	none	passed
ENCFF317KUY	ENCFF317KUY	ENCSR000BUK	ENCSR958ARQ	BPNet	predicted signal profile	bigWig	ChIP-seq	GABPA	MCF-7	cell-line	cell-line	cell-line	minus	none	passed
ENCFF952CZM	ENCFF952CZM	ENCSR038RXU	ENCSR055NZW	BPNet	predicted signal profile	bigWig	ChIP-seq	GABPA	MCF-7	cell-line	cell-line	cell-line	minus	none	passed
ENCFF911DIQ	ENCFF911DIQ	ENCSR000BUK	ENCSR958ARQ	BPNet	predicted signal profile	bigWig	ChIP-seq	GABPA	MCF-7	cell-line	cell-line	cell-line	plus	none	passed
ENCFF975WQS	ENCFF975WQS	ENCSR038RXU	ENCSR055NZW	BPNet	predicted signal profile	bigWig	ChIP-seq	GABPA	MCF-7	cell-line	cell-line	cell-line	plus	none	passed
ENCFF084XNW	ENCFF084XNW	ENCSR000BTG	ENCSR811MOX	BPNet	predicted signal profile	bigWig	ChIP-seq	GABPA	SK-N-SH	cell-line	cell-line	cell-line	minus	none	passed
ENCFF143SII	ENCFF143SII	ENCSR000BTG	ENCSR811MOX	BPNet	predicted signal profile	bigWig	ChIP-seq	GABPA	SK-N-SH	cell-line	cell-line	cell-line	plus	none	passed
ENCFF313ORT	ENCFF313ORT	ENCSR350ORK	ENCSR226TGJ	BPNet	predicted signal profile	bigWig	ChIP-seq	GABPA	liver	liver	liver	digestive-system	minus	none	passed
ENCFF941GXQ	ENCFF941GXQ	ENCSR038GMB	ENCSR358PPS	BPNet	predicted signal profile	bigWig	ChIP-seq	GABPA	liver	liver	liver	digestive-system	minus	none	passed
ENCFF620CDA	ENCFF620CDA	ENCSR350ORK	ENCSR226TGJ	BPNet	predicted signal profile	bigWig	ChIP-seq	GABPA	liver	liver	liver	digestive-system	plus	none	passed
ENCFF709IGP	ENCFF709IGP	ENCSR038GMB	ENCSR358PPS	BPNet	predicted signal profile	bigWig	ChIP-seq	GABPA	liver	liver	liver	digestive-system	plus	none	passed
ENCFF622GZO	ENCFF622GZO	ENCSR000EWM	ENCSR240HOK	BPNet	predicted signal profile	bigWig	ChIP-seq	GATA1	K562	cell-line	cell-line	cell-line	minus	none	passed
ENCFF909JPC	ENCFF909JPC	ENCSR000EFT	ENCSR411PLH	BPNet	predicted signal profile	bigWig	ChIP-seq	GATA1	K562	cell-line	cell-line	cell-line	minus	none	passed
ENCFF199RZV	ENCFF199RZV	ENCSR000EWM	ENCSR240HOK	BPNet	predicted signal profile	bigWig	ChIP-seq	GATA1	K562	cell-line	cell-line	cell-line	plus	none	passed
ENCFF959ODF	ENCFF959ODF	ENCSR000EFT	ENCSR411PLH	BPNet	predicted signal profile	bigWig	ChIP-seq	GATA1	K562	cell-line	cell-line	cell-line	plus	none	passed
ENCFF445ONO	ENCFF445ONO	ENCSR000EXP	ENCSR809QGC	BPNet	predicted signal profile	bigWig	ChIP-seq	GATA1	erythroblast	cell-line	cell-line	cell-line	minus	none	passed
ENCFF719ASY	ENCFF719ASY	ENCSR000EXP	ENCSR809QGC	BPNet	predicted signal profile	bigWig	ChIP-seq	GATA1	erythroblast	cell-line	cell-line	cell-line	plus	none	passed
ENCFF647ZHN	ENCFF647ZHN	ENCSR897LDT	ENCSR811SYR	BPNet	predicted signal profile	bigWig	ChIP-seq	GATA2	HepG2	cell-line	cell-line	cell-line	minus	none	passed
ENCFF939DXQ	ENCFF939DXQ	ENCSR897LDT	ENCSR811SYR	BPNet	predicted signal profile	bigWig	ChIP-seq	GATA2	HepG2	cell-line	cell-line	cell-line	plus	none	passed
ENCFF250JMV	ENCFF250JMV	ENCSR000DKA	ENCSR433LIB	BPNet	predicted signal profile	bigWig	ChIP-seq	GATA2	K562	cell-line	cell-line	cell-line	minus	none	passed
ENCFF296NHW	ENCFF296NHW	ENCSR257RKC	ENCSR225UHZ	BPNet	predicted signal profile	bigWig	ChIP-seq	GATA2	K562	cell-line	cell-line	cell-line	minus	none	passed
ENCFF698YFS	ENCFF698YFS	ENCSR000BKM	ENCSR915HTG	BPNet	predicted signal profile	bigWig	ChIP-seq	GATA2	K562	cell-line	cell-line	cell-line	minus	none	passed
ENCFF963LTW	ENCFF963LTW	ENCSR000EWG	ENCSR149QYI	BPNet	predicted signal profile	bigWig	ChIP-seq	GATA2	K562	cell-line	cell-line	cell-line	minus	none	passed
ENCFF196RIO	ENCFF196RIO	ENCSR000EWG	ENCSR149QYI	BPNet	predicted signal profile	bigWig	ChIP-seq	GATA2	K562	cell-line	cell-line	cell-line	plus	none	passed
ENCFF423XBH	ENCFF423XBH	ENCSR257RKC	ENCSR225UHZ	BPNet	predicted signal profile	bigWig	ChIP-seq	GATA2	K562	cell-line	cell-line	cell-line	plus	none	passed
ENCFF632KAW	ENCFF632KAW	ENCSR000BKM	ENCSR915HTG	BPNet	predicted signal profile	bigWig	ChIP-seq	GATA2	K562	cell-line	cell-line	cell-line	plus	none	passed
ENCFF940HQF	ENCFF940HQF	ENCSR000DKA	ENCSR433LIB	BPNet	predicted signal profile	bigWig	ChIP-seq	GATA2	K562	cell-line	cell-line	cell-line	plus	none	passed
ENCFF120XVI	ENCFF120XVI	ENCSR000EYB	ENCSR675GYS	BPNet	predicted signal profile	bigWig	ChIP-seq	GATA2	SH-SY5Y	cell-line	cell-line	cell-line	minus	none	passed
ENCFF971ZRD	ENCFF971ZRD	ENCSR000EYB	ENCSR675GYS	BPNet	predicted signal profile	bigWig	ChIP-seq	GATA2	SH-SY5Y	cell-line	cell-line	cell-line	plus	none	passed
ENCFF147VUE	ENCFF147VUE	ENCSR706VOO	ENCSR310GUZ	BPNet	predicted signal profile	bigWig	ChIP-seq	GATA2	SK-N-SH	cell-line	cell-line	cell-line	minus	none	passed
ENCFF712VAX	ENCFF712VAX	ENCSR706VOO	ENCSR310GUZ	BPNet	predicted signal profile	bigWig	ChIP-seq	GATA2	SK-N-SH	cell-line	cell-line	cell-line	plus	none	passed
ENCFF123QRG	ENCFF123QRG	ENCSR000BTI	ENCSR720ABP	BPNet	predicted signal profile	bigWig	ChIP-seq	GATA3	A549	cell-line	cell-line	cell-line	minus	none	passed
ENCFF300IDQ	ENCFF300IDQ	ENCSR000BTI	ENCSR720ABP	BPNet	predicted signal profile	bigWig	ChIP-seq	GATA3	A549	cell-line	cell-line	cell-line	plus	none	passed
ENCFF128LRD	ENCFF128LRD	ENCSR000BST	ENCSR091JYC	BPNet	predicted signal profile	bigWig	ChIP-seq	GATA3	MCF-7	cell-line	cell-line	cell-line	minus	none	passed
ENCFF960JOG	ENCFF960JOG	ENCSR423RTK	ENCSR747MPB	BPNet	predicted signal profile	bigWig	ChIP-seq	GATA3	MCF-7	cell-line	cell-line	cell-line	minus	none	passed
ENCFF163LVB	ENCFF163LVB	ENCSR423RTK	ENCSR747MPB	BPNet	predicted signal profile	bigWig	ChIP-seq	GATA3	MCF-7	cell-line	cell-line	cell-line	plus	none	passed
ENCFF343UBE	ENCFF343UBE	ENCSR000BST	ENCSR091JYC	BPNet	predicted signal profile	bigWig	ChIP-seq	GATA3	MCF-7	cell-line	cell-line	cell-line	plus	none	passed
ENCFF688ABB	ENCFF688ABB	ENCSR000BTH	ENCSR855YZS	BPNet	predicted signal profile	bigWig	ChIP-seq	GATA3	SK-N-SH	cell-line	cell-line	cell-line	minus	none	passed
ENCFF125COH	ENCFF125COH	ENCSR000BTH	ENCSR855YZS	BPNet	predicted signal profile	bigWig	ChIP-seq	GATA3	SK-N-SH	cell-line	cell-line	cell-line	plus	none	passed
ENCFF847TCQ	ENCFF847TCQ	ENCSR000BMX	ENCSR786MYZ	BPNet	predicted signal profile	bigWig	ChIP-seq	GATA3	T47D	cell-line	cell-line	cell-line	minus	none	passed
ENCFF143TME	ENCFF143TME	ENCSR000BMX	ENCSR786MYZ	BPNet	predicted signal profile	bigWig	ChIP-seq	GATA3	T47D	cell-line	cell-line	cell-line	plus	none	passed
ENCFF827OFE	ENCFF827OFE	ENCSR590CNM	ENCSR619UDQ	BPNet	predicted signal profile	bigWig	ChIP-seq	GATA4	HepG2	cell-line	cell-line	cell-line	minus	none	passed
ENCFF279HII	ENCFF279HII	ENCSR590CNM	ENCSR619UDQ	BPNet	predicted signal profile	bigWig	ChIP-seq	GATA4	HepG2	cell-line	cell-line	cell-line	plus	none	passed
ENCFF330OJX	ENCFF330OJX	ENCSR849FVL	ENCSR870DPI	BPNet	predicted signal profile	bigWig	ChIP-seq	GFI1	HepG2	cell-line	cell-line	cell-line	minus	none	passed
ENCFF938KEL	ENCFF938KEL	ENCSR849FVL	ENCSR870DPI	BPNet	predicted signal profile	bigWig	ChIP-seq	GFI1	HepG2	cell-line	cell-line	cell-line	plus	none	passed
ENCFF533MBD	ENCFF533MBD	ENCSR445PDR	ENCSR026EBR	BPNet	predicted signal profile	bigWig	ChIP-seq	GFI1B	HEK293	cell-line	cell-line	cell-line	minus	none	passed
ENCFF531ZKX	ENCFF531ZKX	ENCSR445PDR	ENCSR026EBR	BPNet	predicted signal profile	bigWig	ChIP-seq	GFI1B	HEK293	cell-line	cell-line	cell-line	plus	none	passed
ENCFF757NBR	ENCFF757NBR	ENCSR211PZO	ENCSR285UTX	BPNet	predicted signal profile	bigWig	ChIP-seq	GLI4	HEK293	cell-line	cell-line	cell-line	minus	none	passed
ENCFF839YBW	ENCFF839YBW	ENCSR211PZO	ENCSR285UTX	BPNet	predicted signal profile	bigWig	ChIP-seq	GLI4	HEK293	cell-line	cell-line	cell-line	plus	none	passed
ENCFF555SCF	ENCFF555SCF	ENCSR482BBZ	ENCSR184DFX	BPNet	predicted signal profile	bigWig	ChIP-seq	GLIS1	HEK293	cell-line	cell-line	cell-line	minus	none	passed
ENCFF315HZY	ENCFF315HZY	ENCSR482BBZ	ENCSR184DFX	BPNet	predicted signal profile	bigWig	ChIP-seq	GLIS1	HEK293	cell-line	cell-line	cell-line	plus	none	passed
ENCFF518BLX	ENCFF518BLX	ENCSR535DIA	ENCSR934MIG	BPNet	predicted signal profile	bigWig	ChIP-seq	GLIS2	HEK293	cell-line	cell-line	cell-line	minus	none	passed
ENCFF585CPO	ENCFF585CPO	ENCSR535DIA	ENCSR934MIG	BPNet	predicted signal profile	bigWig	ChIP-seq	GLIS2	HEK293	cell-line	cell-line	cell-line	plus	none	passed
ENCFF600GBL	ENCFF600GBL	ENCSR780OXL	ENCSR520BKB	BPNet	predicted signal profile	bigWig	ChIP-seq	GMEB1	HepG2	cell-line	cell-line	cell-line	minus	none	passed
ENCFF719JWY	ENCFF719JWY	ENCSR780OXL	ENCSR520BKB	BPNet	predicted signal profile	bigWig	ChIP-seq	GMEB1	HepG2	cell-line	cell-line	cell-line	plus	none	passed
ENCFF740VTW	ENCFF740VTW	ENCSR376RCX	ENCSR016LNK	BPNet	predicted signal profile	bigWig	ChIP-seq	GMEB1	K562	cell-line	cell-line	cell-line	minus	none	passed
ENCFF894FPF	ENCFF894FPF	ENCSR928KOR	ENCSR948NTC	BPNet	predicted signal profile	bigWig	ChIP-seq	GMEB1	K562	cell-line	cell-line	cell-line	minus	none	passed
ENCFF257RTE	ENCFF257RTE	ENCSR376RCX	ENCSR016LNK	BPNet	predicted signal profile	bigWig	ChIP-seq	GMEB1	K562	cell-line	cell-line	cell-line	plus	none	passed
ENCFF616NAO	ENCFF616NAO	ENCSR928KOR	ENCSR948NTC	BPNet	predicted signal profile	bigWig	ChIP-seq	GMEB1	K562	cell-line	cell-line	cell-line	plus	none	passed
ENCFF529WIV	ENCFF529WIV	ENCSR745VSQ	ENCSR800IAB	BPNet	predicted signal profile	bigWig	ChIP-seq	GMEB2	HepG2	cell-line	cell-line	cell-line	minus	none	passed
ENCFF872WTA	ENCFF872WTA	ENCSR745VSQ	ENCSR800IAB	BPNet	predicted signal profile	bigWig	ChIP-seq	GMEB2	HepG2	cell-line	cell-line	cell-line	plus	none	passed
ENCFF905SDL	ENCFF905SDL	ENCSR091JXL	ENCSR122YYA	BPNet	predicted signal profile	bigWig	ChIP-seq	HES1	K562	cell-line	cell-line	cell-line	minus	none	passed
ENCFF206XQK	ENCFF206XQK	ENCSR091JXL	ENCSR122YYA	BPNet	predicted signal profile	bigWig	ChIP-seq	HES1	K562	cell-line	cell-line	cell-line	plus	none	passed
ENCFF773WDM	ENCFF773WDM	ENCSR109ODF	ENCSR221HJH	BPNet	predicted signal profile	bigWig	ChIP-seq	HES1	MCF-7	cell-line	cell-line	cell-line	minus	none	passed
ENCFF815YJG	ENCFF815YJG	ENCSR109ODF	ENCSR221HJH	BPNet	predicted signal profile	bigWig	ChIP-seq	HES1	MCF-7	cell-line	cell-line	cell-line	plus	none	passed
ENCFF821MNX	ENCFF821MNX	ENCSR803GYT	ENCSR970AAN	BPNet	predicted signal profile	bigWig	ChIP-seq	HIC1	HEK293	cell-line	cell-line	cell-line	minus	none	passed
ENCFF457NEE	ENCFF457NEE	ENCSR803GYT	ENCSR970AAN	BPNet	predicted signal profile	bigWig	ChIP-seq	HIC1	HEK293	cell-line	cell-line	cell-line	plus	none	passed
ENCFF887HGN	ENCFF887HGN	ENCSR015LYB	ENCSR300LYZ	BPNet	predicted signal profile	bigWig	ChIP-seq	HIC2	HepG2	cell-line	cell-line	cell-line	minus	none	passed
ENCFF196IQF	ENCFF196IQF	ENCSR015LYB	ENCSR300LYZ	BPNet	predicted signal profile	bigWig	ChIP-seq	HIC2	HepG2	cell-line	cell-line	cell-line	plus	none	passed
ENCFF785THN	ENCFF785THN	ENCSR621PAN	ENCSR326BKK	BPNet	predicted signal profile	bigWig	ChIP-seq	HINFP	HepG2	cell-line	cell-line	cell-line	minus	none	passed
ENCFF833JRG	ENCFF833JRG	ENCSR621PAN	ENCSR326BKK	BPNet	predicted signal profile	bigWig	ChIP-seq	HINFP	HepG2	cell-line	cell-line	cell-line	plus	none	passed
ENCFF036DYO	ENCFF036DYO	ENCSR619GFP	ENCSR727YCU	BPNet	predicted signal profile	bigWig	ChIP-seq	HINFP	K562	cell-line	cell-line	cell-line	minus	none	passed
ENCFF363EDZ	ENCFF363EDZ	ENCSR619GFP	ENCSR727YCU	BPNet	predicted signal profile	bigWig	ChIP-seq	HINFP	K562	cell-line	cell-line	cell-line	plus	none	passed
ENCFF727JMB	ENCFF727JMB	ENCSR528PSI	ENCSR436HTS	BPNet	predicted signal profile	bigWig	ChIP-seq	HLF	HepG2	cell-line	cell-line	cell-line	minus	none	passed
ENCFF483FYZ	ENCFF483FYZ	ENCSR528PSI	ENCSR436HTS	BPNet	predicted signal profile	bigWig	ChIP-seq	HLF	HepG2	cell-line	cell-line	cell-line	plus	none	passed
ENCFF176IPP	ENCFF176IPP	ENCSR757IIU	ENCSR846NWW	BPNet	predicted signal profile	bigWig	ChIP-seq	HMBOX1	K562	cell-line	cell-line	cell-line	minus	none	passed
ENCFF659VCV	ENCFF659VCV	ENCSR757IIU	ENCSR846NWW	BPNet	predicted signal profile	bigWig	ChIP-seq	HMBOX1	K562	cell-line	cell-line	cell-line	plus	none	passed
ENCFF069TKO	ENCFF069TKO	ENCSR626HJW	ENCSR792APP	BPNet	predicted signal profile	bigWig	ChIP-seq	HMG20A	K562	cell-line	cell-line	cell-line	minus	none	passed
ENCFF651DTY	ENCFF651DTY	ENCSR626HJW	ENCSR792APP	BPNet	predicted signal profile	bigWig	ChIP-seq	HMG20A	K562	cell-line	cell-line	cell-line	plus	none	passed
ENCFF385LSF	ENCFF385LSF	ENCSR633HRJ	ENCSR983GOH	BPNet	predicted signal profile	bigWig	ChIP-seq	HNF1A	HepG2	cell-line	cell-line	cell-line	minus	none	passed
ENCFF975FSM	ENCFF975FSM	ENCSR800QIT	ENCSR432QOH	BPNet	predicted signal profile	bigWig	ChIP-seq	HNF1A	HepG2	cell-line	cell-line	cell-line	minus	none	passed
ENCFF137NRO	ENCFF137NRO	ENCSR800QIT	ENCSR432QOH	BPNet	predicted signal profile	bigWig	ChIP-seq	HNF1A	HepG2	cell-line	cell-line	cell-line	plus	none	passed
ENCFF938HKK	ENCFF938HKK	ENCSR633HRJ	ENCSR983GOH	BPNet	predicted signal profile	bigWig	ChIP-seq	HNF1A	HepG2	cell-line	cell-line	cell-line	plus	none	passed
ENCFF032UWD	ENCFF032UWD	ENCSR127XTZ	ENCSR416MSB	BPNet	predicted signal profile	bigWig	ChIP-seq	HNF1B	HepG2	cell-line	cell-line	cell-line	minus	none	passed
ENCFF482QKA	ENCFF482QKA	ENCSR127XTZ	ENCSR416MSB	BPNet	predicted signal profile	bigWig	ChIP-seq	HNF1B	HepG2	cell-line	cell-line	cell-line	plus	none	passed
ENCFF140NUG	ENCFF140NUG	ENCSR469FBY	ENCSR714LTU	BPNet	predicted signal profile	bigWig	ChIP-seq	HNF4A	HepG2	cell-line	cell-line	cell-line	minus	none	passed
ENCFF370GJR	ENCFF370GJR	ENCSR000EEU	ENCSR468WGQ	BPNet	predicted signal profile	bigWig	ChIP-seq	HNF4A	HepG2	cell-line	cell-line	cell-line	minus	none	passed
ENCFF698SOI	ENCFF698SOI	ENCSR000BLF	ENCSR412QFT	BPNet	predicted signal profile	bigWig	ChIP-seq	HNF4A	HepG2	cell-line	cell-line	cell-line	minus	none	passed
ENCFF512PRL	ENCFF512PRL	ENCSR469FBY	ENCSR714LTU	BPNet	predicted signal profile	bigWig	ChIP-seq	HNF4A	HepG2	cell-line	cell-line	cell-line	plus	none	passed
ENCFF529OFU	ENCFF529OFU	ENCSR000EEU	ENCSR468WGQ	BPNet	predicted signal profile	bigWig	ChIP-seq	HNF4A	HepG2	cell-line	cell-line	cell-line	plus	none	passed
ENCFF598EMI	ENCFF598EMI	ENCSR000BLF	ENCSR412QFT	BPNet	predicted signal profile	bigWig	ChIP-seq	HNF4A	HepG2	cell-line	cell-line	cell-line	plus	none	passed
ENCFF028AJW	ENCFF028AJW	ENCSR445QRF	ENCSR430OFY	BPNet	predicted signal profile	bigWig	ChIP-seq	HNF4A	liver	liver	liver	digestive-system	minus	none	passed
ENCFF390JCA	ENCFF390JCA	ENCSR601OGE	ENCSR553GPB	BPNet	predicted signal profile	bigWig	ChIP-seq	HNF4A	liver	liver	liver	digestive-system	minus	none	passed
ENCFF332DUC	ENCFF332DUC	ENCSR601OGE	ENCSR553GPB	BPNet	predicted signal profile	bigWig	ChIP-seq	HNF4A	liver	liver	liver	digestive-system	plus	none	passed
ENCFF858DPX	ENCFF858DPX	ENCSR445QRF	ENCSR430OFY	BPNet	predicted signal profile	bigWig	ChIP-seq	HNF4A	liver	liver	liver	digestive-system	plus	none	passed
ENCFF679CRP	ENCFF679CRP	ENCSR793EHQ	ENCSR912RVZ	BPNet	predicted signal profile	bigWig	ChIP-seq	HNF4G	HepG2	cell-line	cell-line	cell-line	minus	none	passed
ENCFF767EVG	ENCFF767EVG	ENCSR000BNJ	ENCSR137AQD	BPNet	predicted signal profile	bigWig	ChIP-seq	HNF4G	HepG2	cell-line	cell-line	cell-line	minus	none	passed
ENCFF136IAB	ENCFF136IAB	ENCSR793EHQ	ENCSR912RVZ	BPNet	predicted signal profile	bigWig	ChIP-seq	HNF4G	HepG2	cell-line	cell-line	cell-line	plus	none	passed
ENCFF829PDL	ENCFF829PDL	ENCSR000BNJ	ENCSR137AQD	BPNet	predicted signal profile	bigWig	ChIP-seq	HNF4G	HepG2	cell-line	cell-line	cell-line	plus	none	passed
ENCFF724CLD	ENCFF724CLD	ENCSR297GII	ENCSR434NAO	BPNet	predicted signal profile	bigWig	ChIP-seq	HNF4G	liver	liver	liver	digestive-system	minus	none	passed
ENCFF260JSG	ENCFF260JSG	ENCSR297GII	ENCSR434NAO	BPNet	predicted signal profile	bigWig	ChIP-seq	HNF4G	liver	liver	liver	digestive-system	plus	none	passed
ENCFF567XAC	ENCFF567XAC	ENCSR692RKS	ENCSR601QBK	BPNet	predicted signal profile	bigWig	ChIP-seq	HOXA10	HepG2	cell-line	cell-line	cell-line	minus	none	passed
ENCFF376TDM	ENCFF376TDM	ENCSR692RKS	ENCSR601QBK	BPNet	predicted signal profile	bigWig	ChIP-seq	HOXA10	HepG2	cell-line	cell-line	cell-line	plus	none	passed
ENCFF659CFS	ENCFF659CFS	ENCSR418XXL	ENCSR857TAH	BPNet	predicted signal profile	bigWig	ChIP-seq	HOXD13	HEK293	cell-line	cell-line	cell-line	minus	none	passed
ENCFF606CXH	ENCFF606CXH	ENCSR418XXL	ENCSR857TAH	BPNet	predicted signal profile	bigWig	ChIP-seq	HOXD13	HEK293	cell-line	cell-line	cell-line	plus	none	passed
ENCFF143FML	ENCFF143FML	ENCSR000EET	ENCSR302TER	BPNet	predicted signal profile	bigWig	ChIP-seq	HSF1	HepG2	cell-line	cell-line	cell-line	minus	none	passed
ENCFF670PPM	ENCFF670PPM	ENCSR000EET	ENCSR302TER	BPNet	predicted signal profile	bigWig	ChIP-seq	HSF1	HepG2	cell-line	cell-line	cell-line	plus	none	passed
ENCFF680ENU	ENCFF680ENU	ENCSR062HDL	ENCSR728XOJ	BPNet	predicted signal profile	bigWig	ChIP-seq	HSF1	MCF-7	cell-line	cell-line	cell-line	minus	none	passed
ENCFF116BUR	ENCFF116BUR	ENCSR062HDL	ENCSR728XOJ	BPNet	predicted signal profile	bigWig	ChIP-seq	HSF1	MCF-7	cell-line	cell-line	cell-line	plus	none	passed
ENCFF646VMR	ENCFF646VMR	ENCSR764ZBK	ENCSR271JMS	BPNet	predicted signal profile	bigWig	ChIP-seq	HSF2	HepG2	cell-line	cell-line	cell-line	minus	none	passed
ENCFF787BPU	ENCFF787BPU	ENCSR764ZBK	ENCSR271JMS	BPNet	predicted signal profile	bigWig	ChIP-seq	HSF2	HepG2	cell-line	cell-line	cell-line	plus	none	passed
ENCFF053EBB	ENCFF053EBB	ENCSR441VHN	ENCSR142BYT	BPNet	predicted signal profile	bigWig	ChIP-seq	IKZF1	GM12878	cell-line	cell-line	cell-line	minus	none	passed
ENCFF334RTR	ENCFF334RTR	ENCSR874AFU	ENCSR199HXS	BPNet	predicted signal profile	bigWig	ChIP-seq	IKZF1	GM12878	cell-line	cell-line	cell-line	minus	none	passed
ENCFF863UCX	ENCFF863UCX	ENCSR000EUJ	ENCSR920YZT	BPNet	predicted signal profile	bigWig	ChIP-seq	IKZF1	GM12878	cell-line	cell-line	cell-line	minus	none	passed
ENCFF124OLK	ENCFF124OLK	ENCSR874AFU	ENCSR199HXS	BPNet	predicted signal profile	bigWig	ChIP-seq	IKZF1	GM12878	cell-line	cell-line	cell-line	plus	none	passed
ENCFF677HZI	ENCFF677HZI	ENCSR441VHN	ENCSR142BYT	BPNet	predicted signal profile	bigWig	ChIP-seq	IKZF1	GM12878	cell-line	cell-line	cell-line	plus	none	passed
ENCFF971JFF	ENCFF971JFF	ENCSR000EUJ	ENCSR920YZT	BPNet	predicted signal profile	bigWig	ChIP-seq	IKZF1	GM12878	cell-line	cell-line	cell-line	plus	none	passed
ENCFF082WKI	ENCFF082WKI	ENCSR395HWC	ENCSR740JNL	BPNet	predicted signal profile	bigWig	ChIP-seq	IKZF1	K562	cell-line	cell-line	cell-line	minus	none	passed
ENCFF546ZRJ	ENCFF546ZRJ	ENCSR948VFL	ENCSR167KIF	BPNet	predicted signal profile	bigWig	ChIP-seq	IKZF1	K562	cell-line	cell-line	cell-line	minus	none	passed
ENCFF019WWO	ENCFF019WWO	ENCSR395HWC	ENCSR740JNL	BPNet	predicted signal profile	bigWig	ChIP-seq	IKZF1	K562	cell-line	cell-line	cell-line	plus	none	passed
ENCFF365VWY	ENCFF365VWY	ENCSR948VFL	ENCSR167KIF	BPNet	predicted signal profile	bigWig	ChIP-seq	IKZF1	K562	cell-line	cell-line	cell-line	plus	none	passed
ENCFF202PTO	ENCFF202PTO	ENCSR822AHX	ENCSR099EKK	BPNet	predicted signal profile	bigWig	ChIP-seq	IKZF2	GM12878	cell-line	cell-line	cell-line	minus	none	passed
ENCFF807NCY	ENCFF807NCY	ENCSR680UQE	ENCSR289CZE	BPNet	predicted signal profile	bigWig	ChIP-seq	IKZF2	GM12878	cell-line	cell-line	cell-line	minus	none	passed
ENCFF055HPD	ENCFF055HPD	ENCSR680UQE	ENCSR289CZE	BPNet	predicted signal profile	bigWig	ChIP-seq	IKZF2	GM12878	cell-line	cell-line	cell-line	plus	none	passed
ENCFF533BSQ	ENCFF533BSQ	ENCSR822AHX	ENCSR099EKK	BPNet	predicted signal profile	bigWig	ChIP-seq	IKZF2	GM12878	cell-line	cell-line	cell-line	plus	none	passed
ENCFF456OIN	ENCFF456OIN	ENCSR890DSP	ENCSR576SBT	BPNet	predicted signal profile	bigWig	ChIP-seq	IRF1	HepG2	cell-line	cell-line	cell-line	minus	none	passed
ENCFF900MJO	ENCFF900MJO	ENCSR890DSP	ENCSR576SBT	BPNet	predicted signal profile	bigWig	ChIP-seq	IRF1	HepG2	cell-line	cell-line	cell-line	plus	none	passed
ENCFF125ZOT	ENCFF125ZOT	ENCSR000EGK	ENCSR125AQC	BPNet	predicted signal profile	bigWig	ChIP-seq	IRF1	K562	cell-line	cell-line	cell-line	minus	none	passed
ENCFF436PYA	ENCFF436PYA	ENCSR000EGL	ENCSR730ZXN	BPNet	predicted signal profile	bigWig	ChIP-seq	IRF1	K562	cell-line	cell-line	cell-line	minus	none	passed
ENCFF488WEF	ENCFF488WEF	ENCSR000EGU	ENCSR915BZL	BPNet	predicted signal profile	bigWig	ChIP-seq	IRF1	K562	cell-line	cell-line	cell-line	minus	none	passed
ENCFF508SNA	ENCFF508SNA	ENCSR854MCV	ENCSR783LKI	BPNet	predicted signal profile	bigWig	ChIP-seq	IRF1	K562	cell-line	cell-line	cell-line	minus	none	passed
ENCFF215NNK	ENCFF215NNK	ENCSR854MCV	ENCSR783LKI	BPNet	predicted signal profile	bigWig	ChIP-seq	IRF1	K562	cell-line	cell-line	cell-line	plus	none	passed
ENCFF327JZM	ENCFF327JZM	ENCSR000EGK	ENCSR125AQC	BPNet	predicted signal profile	bigWig	ChIP-seq	IRF1	K562	cell-line	cell-line	cell-line	plus	none	passed
ENCFF803MJL	ENCFF803MJL	ENCSR000EGU	ENCSR915BZL	BPNet	predicted signal profile	bigWig	ChIP-seq	IRF1	K562	cell-line	cell-line	cell-line	plus	none	passed
ENCFF900DLX	ENCFF900DLX	ENCSR000EGL	ENCSR730ZXN	BPNet	predicted signal profile	bigWig	ChIP-seq	IRF1	K562	cell-line	cell-line	cell-line	plus	none	passed
ENCFF112LUZ	ENCFF112LUZ	ENCSR604UJV	ENCSR841NXD	BPNet	predicted signal profile	bigWig	ChIP-seq	IRF2	HepG2	cell-line	cell-line	cell-line	minus	none	passed
ENCFF758YOU	ENCFF758YOU	ENCSR604UJV	ENCSR841NXD	BPNet	predicted signal profile	bigWig	ChIP-seq	IRF2	HepG2	cell-line	cell-line	cell-line	plus	none	passed
ENCFF097CMX	ENCFF097CMX	ENCSR645ZWR	ENCSR075JNC	BPNet	predicted signal profile	bigWig	ChIP-seq	IRF2	K562	cell-line	cell-line	cell-line	minus	none	passed
ENCFF226OJC	ENCFF226OJC	ENCSR376WCJ	ENCSR921WDF	BPNet	predicted signal profile	bigWig	ChIP-seq	IRF2	K562	cell-line	cell-line	cell-line	minus	none	passed
ENCFF098IYM	ENCFF098IYM	ENCSR645ZWR	ENCSR075JNC	BPNet	predicted signal profile	bigWig	ChIP-seq	IRF2	K562	cell-line	cell-line	cell-line	plus	none	passed
ENCFF495VKG	ENCFF495VKG	ENCSR376WCJ	ENCSR921WDF	BPNet	predicted signal profile	bigWig	ChIP-seq	IRF2	K562	cell-line	cell-line	cell-line	plus	none	passed
ENCFF183HIO	ENCFF183HIO	ENCSR000BGY	ENCSR430POV	BPNet	predicted signal profile	bigWig	ChIP-seq	IRF4	GM12878	cell-line	cell-line	cell-line	minus	none	passed
ENCFF196LRJ	ENCFF196LRJ	ENCSR000BGY	ENCSR430POV	BPNet	predicted signal profile	bigWig	ChIP-seq	IRF4	GM12878	cell-line	cell-line	cell-line	plus	none	passed
ENCFF695TUD	ENCFF695TUD	ENCSR225UTR	ENCSR032XTF	BPNet	predicted signal profile	bigWig	ChIP-seq	IRX3	HepG2	cell-line	cell-line	cell-line	minus	none	passed
ENCFF533ZUS	ENCFF533ZUS	ENCSR225UTR	ENCSR032XTF	BPNet	predicted signal profile	bigWig	ChIP-seq	IRX3	HepG2	cell-line	cell-line	cell-line	plus	none	passed
ENCFF280TBO	ENCFF280TBO	ENCSR008LHT	ENCSR301GLQ	BPNet	predicted signal profile	bigWig	ChIP-seq	ISL1	SK-N-SH	cell-line	cell-line	cell-line	minus	none	passed
ENCFF998FZL	ENCFF998FZL	ENCSR008LHT	ENCSR301GLQ	BPNet	predicted signal profile	bigWig	ChIP-seq	ISL1	SK-N-SH	cell-line	cell-line	cell-line	plus	none	passed
ENCFF042FTT	ENCFF042FTT	ENCSR090RGB	ENCSR545KHX	BPNet	predicted signal profile	bigWig	ChIP-seq	JUN	A549	cell-line	cell-line	cell-line	minus	none	passed
ENCFF133GOR	ENCFF133GOR	ENCSR110UPH	ENCSR608HKT	BPNet	predicted signal profile	bigWig	ChIP-seq	JUN	A549	cell-line	cell-line	cell-line	minus	none	passed
ENCFF136AGJ	ENCFF136AGJ	ENCSR991VVW	ENCSR354DBP	BPNet	predicted signal profile	bigWig	ChIP-seq	JUN	A549	cell-line	cell-line	cell-line	minus	none	passed
ENCFF235LFL	ENCFF235LFL	ENCSR664ZHF	ENCSR993QBC	BPNet	predicted signal profile	bigWig	ChIP-seq	JUN	A549	cell-line	cell-line	cell-line	minus	none	passed
ENCFF246ITW	ENCFF246ITW	ENCSR783THJ	ENCSR276WFD	BPNet	predicted signal profile	bigWig	ChIP-seq	JUN	A549	cell-line	cell-line	cell-line	minus	none	passed
ENCFF318HKU	ENCFF318HKU	ENCSR022WVP	ENCSR020RYL	BPNet	predicted signal profile	bigWig	ChIP-seq	JUN	A549	cell-line	cell-line	cell-line	minus	none	passed
ENCFF374JDG	ENCFF374JDG	ENCSR991RJM	ENCSR176VCX	BPNet	predicted signal profile	bigWig	ChIP-seq	JUN	A549	cell-line	cell-line	cell-line	minus	none	passed
ENCFF406VBE	ENCFF406VBE	ENCSR628MQN	ENCSR680RTV	BPNet	predicted signal profile	bigWig	ChIP-seq	JUN	A549	cell-line	cell-line	cell-line	minus	none	passed
ENCFF413XWG	ENCFF413XWG	ENCSR192PBJ	ENCSR858EUR	BPNet	predicted signal profile	bigWig	ChIP-seq	JUN	A549	cell-line	cell-line	cell-line	minus	none	passed
ENCFF441GGD	ENCFF441GGD	ENCSR996DUT	ENCSR508ZXB	BPNet	predicted signal profile	bigWig	ChIP-seq	JUN	A549	cell-line	cell-line	cell-line	minus	none	passed
ENCFF623BKT	ENCFF623BKT	ENCSR048CVK	ENCSR105KWV	BPNet	predicted signal profile	bigWig	ChIP-seq	JUN	A549	cell-line	cell-line	cell-line	minus	none	passed
ENCFF700XNL	ENCFF700XNL	ENCSR708DGM	ENCSR967RSX	BPNet	predicted signal profile	bigWig	ChIP-seq	JUN	A549	cell-line	cell-line	cell-line	minus	none	passed
ENCFF719RXA	ENCFF719RXA	ENCSR612GKD	ENCSR797NTV	BPNet	predicted signal profile	bigWig	ChIP-seq	JUN	A549	cell-line	cell-line	cell-line	minus	none	passed
ENCFF899EVV	ENCFF899EVV	ENCSR604CKQ	ENCSR398FIK	BPNet	predicted signal profile	bigWig	ChIP-seq	JUN	A549	cell-line	cell-line	cell-line	minus	none	passed
ENCFF926WPZ	ENCFF926WPZ	ENCSR716SJK	ENCSR507OSG	BPNet	predicted signal profile	bigWig	ChIP-seq	JUN	A549	cell-line	cell-line	cell-line	minus	none	passed
ENCFF959SMU	ENCFF959SMU	ENCSR793HZD	ENCSR529PUA	BPNet	predicted signal profile	bigWig	ChIP-seq	JUN	A549	cell-line	cell-line	cell-line	minus	none	passed
ENCFF153GFC	ENCFF153GFC	ENCSR628MQN	ENCSR680RTV	BPNet	predicted signal profile	bigWig	ChIP-seq	JUN	A549	cell-line	cell-line	cell-line	plus	none	passed
ENCFF210EHM	ENCFF210EHM	ENCSR664ZHF	ENCSR993QBC	BPNet	predicted signal profile	bigWig	ChIP-seq	JUN	A549	cell-line	cell-line	cell-line	plus	none	passed
ENCFF220ELZ	ENCFF220ELZ	ENCSR090RGB	ENCSR545KHX	BPNet	predicted signal profile	bigWig	ChIP-seq	JUN	A549	cell-line	cell-line	cell-line	plus	none	passed
ENCFF256LMT	ENCFF256LMT	ENCSR604CKQ	ENCSR398FIK	BPNet	predicted signal profile	bigWig	ChIP-seq	JUN	A549	cell-line	cell-line	cell-line	plus	none	passed
ENCFF318GFP	ENCFF318GFP	ENCSR048CVK	ENCSR105KWV	BPNet	predicted signal profile	bigWig	ChIP-seq	JUN	A549	cell-line	cell-line	cell-line	plus	none	passed
ENCFF336TNO	ENCFF336TNO	ENCSR192PBJ	ENCSR858EUR	BPNet	predicted signal profile	bigWig	ChIP-seq	JUN	A549	cell-line	cell-line	cell-line	plus	none	passed
ENCFF347VPR	ENCFF347VPR	ENCSR996DUT	ENCSR508ZXB	BPNet	predicted signal profile	bigWig	ChIP-seq	JUN	A549	cell-line	cell-line	cell-line	plus	none	passed
ENCFF386AIZ	ENCFF386AIZ	ENCSR783THJ	ENCSR276WFD	BPNet	predicted signal profile	bigWig	ChIP-seq	JUN	A549	cell-line	cell-line	cell-line	plus	none	passed
ENCFF426BUP	ENCFF426BUP	ENCSR991VVW	ENCSR354DBP	BPNet	predicted signal profile	bigWig	ChIP-seq	JUN	A549	cell-line	cell-line	cell-line	plus	none	passed
ENCFF434NSV	ENCFF434NSV	ENCSR612GKD	ENCSR797NTV	BPNet	predicted signal profile	bigWig	ChIP-seq	JUN	A549	cell-line	cell-line	cell-line	plus	none	passed
ENCFF526SQQ	ENCFF526SQQ	ENCSR110UPH	ENCSR608HKT	BPNet	predicted signal profile	bigWig	ChIP-seq	JUN	A549	cell-line	cell-line	cell-line	plus	none	passed
ENCFF550OBW	ENCFF550OBW	ENCSR793HZD	ENCSR529PUA	BPNet	predicted signal profile	bigWig	ChIP-seq	JUN	A549	cell-line	cell-line	cell-line	plus	none	passed
ENCFF607GDE	ENCFF607GDE	ENCSR022WVP	ENCSR020RYL	BPNet	predicted signal profile	bigWig	ChIP-seq	JUN	A549	cell-line	cell-line	cell-line	plus	none	passed
ENCFF625AEM	ENCFF625AEM	ENCSR716SJK	ENCSR507OSG	BPNet	predicted signal profile	bigWig	ChIP-seq	JUN	A549	cell-line	cell-line	cell-line	plus	none	passed
ENCFF930SGA	ENCFF930SGA	ENCSR708DGM	ENCSR967RSX	BPNet	predicted signal profile	bigWig	ChIP-seq	JUN	A549	cell-line	cell-line	cell-line	plus	none	passed
ENCFF943QUY	ENCFF943QUY	ENCSR991RJM	ENCSR176VCX	BPNet	predicted signal profile	bigWig	ChIP-seq	JUN	A549	cell-line	cell-line	cell-line	plus	none	passed
ENCFF940TOP	ENCFF940TOP	ENCSR000EDG	ENCSR114FHF	BPNet	predicted signal profile	bigWig	ChIP-seq	JUN	HeLa-S3	cell-line	cell-line	cell-line	minus	none	passed
ENCFF227MAY	ENCFF227MAY	ENCSR000EDG	ENCSR114FHF	BPNet	predicted signal profile	bigWig	ChIP-seq	JUN	HeLa-S3	cell-line	cell-line	cell-line	plus	none	passed
ENCFF407JEJ	ENCFF407JEJ	ENCSR747VUU	ENCSR703JZI	BPNet	predicted signal profile	bigWig	ChIP-seq	JUN	HepG2	cell-line	cell-line	cell-line	minus	none	passed
ENCFF946PNZ	ENCFF946PNZ	ENCSR000EEK	ENCSR701HFV	BPNet	predicted signal profile	bigWig	ChIP-seq	JUN	HepG2	cell-line	cell-line	cell-line	minus	none	passed
ENCFF125GZM	ENCFF125GZM	ENCSR747VUU	ENCSR703JZI	BPNet	predicted signal profile	bigWig	ChIP-seq	JUN	HepG2	cell-line	cell-line	cell-line	plus	none	passed
ENCFF145HJP	ENCFF145HJP	ENCSR000EEK	ENCSR701HFV	BPNet	predicted signal profile	bigWig	ChIP-seq	JUN	HepG2	cell-line	cell-line	cell-line	plus	none	passed
ENCFF069YAJ	ENCFF069YAJ	ENCSR000EZW	ENCSR083GMU	BPNet	predicted signal profile	bigWig	ChIP-seq	JUN	K562	cell-line	cell-line	cell-line	minus	none	passed
ENCFF257ARK	ENCFF257ARK	ENCSR000EGH	ENCSR345GVW	BPNet	predicted signal profile	bigWig	ChIP-seq	JUN	K562	cell-line	cell-line	cell-line	minus	none	passed
ENCFF323EFW	ENCFF323EFW	ENCSR000EZX	ENCSR550GGT	BPNet	predicted signal profile	bigWig	ChIP-seq	JUN	K562	cell-line	cell-line	cell-line	minus	none	passed
ENCFF676CJT	ENCFF676CJT	ENCSR946WBN	ENCSR554NXB	BPNet	predicted signal profile	bigWig	ChIP-seq	JUN	K562	cell-line	cell-line	cell-line	minus	none	passed
ENCFF768DAU	ENCFF768DAU	ENCSR000EZT	ENCSR354JEC	BPNet	predicted signal profile	bigWig	ChIP-seq	JUN	K562	cell-line	cell-line	cell-line	minus	none	passed
ENCFF829SKS	ENCFF829SKS	ENCSR000EFS	ENCSR020CRX	BPNet	predicted signal profile	bigWig	ChIP-seq	JUN	K562	cell-line	cell-line	cell-line	minus	none	passed
ENCFF844AOT	ENCFF844AOT	ENCSR000FAH	ENCSR748TEQ	BPNet	predicted signal profile	bigWig	ChIP-seq	JUN	K562	cell-line	cell-line	cell-line	minus	none	passed
ENCFF099KIY	ENCFF099KIY	ENCSR000EFS	ENCSR020CRX	BPNet	predicted signal profile	bigWig	ChIP-seq	JUN	K562	cell-line	cell-line	cell-line	plus	none	passed
ENCFF210MNG	ENCFF210MNG	ENCSR000FAH	ENCSR748TEQ	BPNet	predicted signal profile	bigWig	ChIP-seq	JUN	K562	cell-line	cell-line	cell-line	plus	none	passed
ENCFF442BOV	ENCFF442BOV	ENCSR000EGH	ENCSR345GVW	BPNet	predicted signal profile	bigWig	ChIP-seq	JUN	K562	cell-line	cell-line	cell-line	plus	none	passed
ENCFF690VED	ENCFF690VED	ENCSR000EZX	ENCSR550GGT	BPNet	predicted signal profile	bigWig	ChIP-seq	JUN	K562	cell-line	cell-line	cell-line	plus	none	passed
ENCFF696CQB	ENCFF696CQB	ENCSR000EZW	ENCSR083GMU	BPNet	predicted signal profile	bigWig	ChIP-seq	JUN	K562	cell-line	cell-line	cell-line	plus	none	passed
ENCFF877FQM	ENCFF877FQM	ENCSR000EZT	ENCSR354JEC	BPNet	predicted signal profile	bigWig	ChIP-seq	JUN	K562	cell-line	cell-line	cell-line	plus	none	passed
ENCFF972CRH	ENCFF972CRH	ENCSR946WBN	ENCSR554NXB	BPNet	predicted signal profile	bigWig	ChIP-seq	JUN	K562	cell-line	cell-line	cell-line	plus	none	passed
ENCFF844MCL	ENCFF844MCL	ENCSR176EXN	ENCSR570FQB	BPNet	predicted signal profile	bigWig	ChIP-seq	JUN	MCF-7	cell-line	cell-line	cell-line	minus	none	passed
ENCFF672XET	ENCFF672XET	ENCSR176EXN	ENCSR570FQB	BPNet	predicted signal profile	bigWig	ChIP-seq	JUN	MCF-7	cell-line	cell-line	cell-line	plus	none	passed
ENCFF570RLQ	ENCFF570RLQ	ENCSR000EFA	ENCSR403FHV	BPNet	predicted signal profile	bigWig	ChIP-seq	JUN	endothelial-cell-of-umbilical-vein	endothelial	blood-vessel	circulatory-system	minus	none	passed
ENCFF296TXT	ENCFF296TXT	ENCSR000EFA	ENCSR403FHV	BPNet	predicted signal profile	bigWig	ChIP-seq	JUN	endothelial-cell-of-umbilical-vein	endothelial	blood-vessel	circulatory-system	plus	none	passed
ENCFF104XIO	ENCFF104XIO	ENCSR656VWZ	ENCSR994GDM	BPNet	predicted signal profile	bigWig	ChIP-seq	JUNB	A549	cell-line	cell-line	cell-line	minus	none	passed
ENCFF120TCT	ENCFF120TCT	ENCSR269RPR	ENCSR511DGD	BPNet	predicted signal profile	bigWig	ChIP-seq	JUNB	A549	cell-line	cell-line	cell-line	minus	none	passed
ENCFF182GAZ	ENCFF182GAZ	ENCSR666BEY	ENCSR998JNO	BPNet	predicted signal profile	bigWig	ChIP-seq	JUNB	A549	cell-line	cell-line	cell-line	minus	none	passed
ENCFF262TMS	ENCFF262TMS	ENCSR226UQG	ENCSR018JTI	BPNet	predicted signal profile	bigWig	ChIP-seq	JUNB	A549	cell-line	cell-line	cell-line	minus	none	passed
ENCFF437LQU	ENCFF437LQU	ENCSR490YTY	ENCSR462UAB	BPNet	predicted signal profile	bigWig	ChIP-seq	JUNB	A549	cell-line	cell-line	cell-line	minus	none	passed
ENCFF462NMO	ENCFF462NMO	ENCSR426BPV	ENCSR159OXE	BPNet	predicted signal profile	bigWig	ChIP-seq	JUNB	A549	cell-line	cell-line	cell-line	minus	none	passed
ENCFF471DZH	ENCFF471DZH	ENCSR431LRW	ENCSR899KPV	BPNet	predicted signal profile	bigWig	ChIP-seq	JUNB	A549	cell-line	cell-line	cell-line	minus	none	passed
ENCFF556NZO	ENCFF556NZO	ENCSR871NPV	ENCSR601GCZ	BPNet	predicted signal profile	bigWig	ChIP-seq	JUNB	A549	cell-line	cell-line	cell-line	minus	none	passed
ENCFF557IHK	ENCFF557IHK	ENCSR523BPZ	ENCSR906DCL	BPNet	predicted signal profile	bigWig	ChIP-seq	JUNB	A549	cell-line	cell-line	cell-line	minus	none	passed
ENCFF649INU	ENCFF649INU	ENCSR163EXK	ENCSR825LRL	BPNet	predicted signal profile	bigWig	ChIP-seq	JUNB	A549	cell-line	cell-line	cell-line	minus	none	passed
ENCFF680UCZ	ENCFF680UCZ	ENCSR814UWE	ENCSR661VEX	BPNet	predicted signal profile	bigWig	ChIP-seq	JUNB	A549	cell-line	cell-line	cell-line	minus	none	passed
ENCFF859ONI	ENCFF859ONI	ENCSR332WDQ	ENCSR460LMU	BPNet	predicted signal profile	bigWig	ChIP-seq	JUNB	A549	cell-line	cell-line	cell-line	minus	none	passed
ENCFF062IXL	ENCFF062IXL	ENCSR666BEY	ENCSR998JNO	BPNet	predicted signal profile	bigWig	ChIP-seq	JUNB	A549	cell-line	cell-line	cell-line	plus	none	passed
ENCFF067GAO	ENCFF067GAO	ENCSR523BPZ	ENCSR906DCL	BPNet	predicted signal profile	bigWig	ChIP-seq	JUNB	A549	cell-line	cell-line	cell-line	plus	none	passed
ENCFF211WCL	ENCFF211WCL	ENCSR332WDQ	ENCSR460LMU	BPNet	predicted signal profile	bigWig	ChIP-seq	JUNB	A549	cell-line	cell-line	cell-line	plus	none	passed
ENCFF228KSY	ENCFF228KSY	ENCSR226UQG	ENCSR018JTI	BPNet	predicted signal profile	bigWig	ChIP-seq	JUNB	A549	cell-line	cell-line	cell-line	plus	none	passed
ENCFF333JLQ	ENCFF333JLQ	ENCSR431LRW	ENCSR899KPV	BPNet	predicted signal profile	bigWig	ChIP-seq	JUNB	A549	cell-line	cell-line	cell-line	plus	none	passed
ENCFF378HBN	ENCFF378HBN	ENCSR871NPV	ENCSR601GCZ	BPNet	predicted signal profile	bigWig	ChIP-seq	JUNB	A549	cell-line	cell-line	cell-line	plus	none	passed
ENCFF467XSS	ENCFF467XSS	ENCSR656VWZ	ENCSR994GDM	BPNet	predicted signal profile	bigWig	ChIP-seq	JUNB	A549	cell-line	cell-line	cell-line	plus	none	passed
ENCFF583NOB	ENCFF583NOB	ENCSR269RPR	ENCSR511DGD	BPNet	predicted signal profile	bigWig	ChIP-seq	JUNB	A549	cell-line	cell-line	cell-line	plus	none	passed
ENCFF745HWW	ENCFF745HWW	ENCSR814UWE	ENCSR661VEX	BPNet	predicted signal profile	bigWig	ChIP-seq	JUNB	A549	cell-line	cell-line	cell-line	plus	none	passed
ENCFF783SKD	ENCFF783SKD	ENCSR490YTY	ENCSR462UAB	BPNet	predicted signal profile	bigWig	ChIP-seq	JUNB	A549	cell-line	cell-line	cell-line	plus	none	passed
ENCFF837BZN	ENCFF837BZN	ENCSR426BPV	ENCSR159OXE	BPNet	predicted signal profile	bigWig	ChIP-seq	JUNB	A549	cell-line	cell-line	cell-line	plus	none	passed
ENCFF902ABT	ENCFF902ABT	ENCSR163EXK	ENCSR825LRL	BPNet	predicted signal profile	bigWig	ChIP-seq	JUNB	A549	cell-line	cell-line	cell-line	plus	none	passed
ENCFF738NWC	ENCFF738NWC	ENCSR897MMC	ENCSR496BQS	BPNet	predicted signal profile	bigWig	ChIP-seq	JUNB	GM12878	cell-line	cell-line	cell-line	minus	none	passed
ENCFF702ZAT	ENCFF702ZAT	ENCSR897MMC	ENCSR496BQS	BPNet	predicted signal profile	bigWig	ChIP-seq	JUNB	GM12878	cell-line	cell-line	cell-line	plus	none	passed
ENCFF369ULN	ENCFF369ULN	ENCSR685GGQ	ENCSR244PLN	BPNet	predicted signal profile	bigWig	ChIP-seq	JUNB	HepG2	cell-line	cell-line	cell-line	minus	none	passed
ENCFF032TYJ	ENCFF032TYJ	ENCSR685GGQ	ENCSR244PLN	BPNet	predicted signal profile	bigWig	ChIP-seq	JUNB	HepG2	cell-line	cell-line	cell-line	plus	none	passed
ENCFF157EHG	ENCFF157EHG	ENCSR000DJY	ENCSR784NBM	BPNet	predicted signal profile	bigWig	ChIP-seq	JUNB	K562	cell-line	cell-line	cell-line	minus	none	passed
ENCFF159MUQ	ENCFF159MUQ	ENCSR795IYP	ENCSR224QHS	BPNet	predicted signal profile	bigWig	ChIP-seq	JUNB	K562	cell-line	cell-line	cell-line	minus	none	passed
ENCFF195FIE	ENCFF195FIE	ENCSR525VAT	ENCSR262LYW	BPNet	predicted signal profile	bigWig	ChIP-seq	JUNB	K562	cell-line	cell-line	cell-line	minus	none	passed
ENCFF430JOS	ENCFF430JOS	ENCSR000DJY	ENCSR784NBM	BPNet	predicted signal profile	bigWig	ChIP-seq	JUNB	K562	cell-line	cell-line	cell-line	plus	none	passed
ENCFF456OUG	ENCFF456OUG	ENCSR525VAT	ENCSR262LYW	BPNet	predicted signal profile	bigWig	ChIP-seq	JUNB	K562	cell-line	cell-line	cell-line	plus	none	passed
ENCFF616HSZ	ENCFF616HSZ	ENCSR795IYP	ENCSR224QHS	BPNet	predicted signal profile	bigWig	ChIP-seq	JUNB	K562	cell-line	cell-line	cell-line	plus	none	passed
ENCFF057QMN	ENCFF057QMN	ENCSR000DYS	ENCSR842QLN	BPNet	predicted signal profile	bigWig	ChIP-seq	JUND	GM12878	cell-line	cell-line	cell-line	minus	none	passed
ENCFF569BJU	ENCFF569BJU	ENCSR000DYS	ENCSR842QLN	BPNet	predicted signal profile	bigWig	ChIP-seq	JUND	GM12878	cell-line	cell-line	cell-line	plus	none	passed
ENCFF778RQY	ENCFF778RQY	ENCSR000EBZ	ENCSR241ZHQ	BPNet	predicted signal profile	bigWig	ChIP-seq	JUND	H1	cell-line	cell-line	cell-line	minus	none	passed
ENCFF082RFI	ENCFF082RFI	ENCSR000EBZ	ENCSR241ZHQ	BPNet	predicted signal profile	bigWig	ChIP-seq	JUND	H1	cell-line	cell-line	cell-line	plus	none	passed
ENCFF315HUG	ENCFF315HUG	ENCSR000BSA	ENCSR650VIY	BPNet	predicted signal profile	bigWig	ChIP-seq	JUND	HCT116	cell-line	cell-line	cell-line	minus	none	passed
ENCFF720GYA	ENCFF720GYA	ENCSR000BSA	ENCSR650VIY	BPNet	predicted signal profile	bigWig	ChIP-seq	JUND	HCT116	cell-line	cell-line	cell-line	plus	none	passed
ENCFF582ZOG	ENCFF582ZOG	ENCSR000EDH	ENCSR830DFE	BPNet	predicted signal profile	bigWig	ChIP-seq	JUND	HeLa-S3	cell-line	cell-line	cell-line	minus	none	passed
ENCFF234KYL	ENCFF234KYL	ENCSR000EDH	ENCSR830DFE	BPNet	predicted signal profile	bigWig	ChIP-seq	JUND	HeLa-S3	cell-line	cell-line	cell-line	plus	none	passed
ENCFF029SVC	ENCFF029SVC	ENCSR000EEI	ENCSR439DKF	BPNet	predicted signal profile	bigWig	ChIP-seq	JUND	HepG2	cell-line	cell-line	cell-line	minus	none	passed
ENCFF246FUV	ENCFF246FUV	ENCSR000BGK	ENCSR482CTQ	BPNet	predicted signal profile	bigWig	ChIP-seq	JUND	HepG2	cell-line	cell-line	cell-line	minus	none	passed
ENCFF639FAE	ENCFF639FAE	ENCSR282ZLP	ENCSR900EBT	BPNet	predicted signal profile	bigWig	ChIP-seq	JUND	HepG2	cell-line	cell-line	cell-line	minus	none	passed
ENCFF085XDD	ENCFF085XDD	ENCSR000BGK	ENCSR482CTQ	BPNet	predicted signal profile	bigWig	ChIP-seq	JUND	HepG2	cell-line	cell-line	cell-line	plus	none	passed
ENCFF401CQP	ENCFF401CQP	ENCSR282ZLP	ENCSR900EBT	BPNet	predicted signal profile	bigWig	ChIP-seq	JUND	HepG2	cell-line	cell-line	cell-line	plus	none	passed
ENCFF504CUG	ENCFF504CUG	ENCSR000EEI	ENCSR439DKF	BPNet	predicted signal profile	bigWig	ChIP-seq	JUND	HepG2	cell-line	cell-line	cell-line	plus	none	passed
ENCFF466CEA	ENCFF466CEA	ENCSR000DJX	ENCSR767UUB	BPNet	predicted signal profile	bigWig	ChIP-seq	JUND	K562	cell-line	cell-line	cell-line	minus	none	passed
ENCFF975GMQ	ENCFF975GMQ	ENCSR000EGN	ENCSR711UTT	BPNet	predicted signal profile	bigWig	ChIP-seq	JUND	K562	cell-line	cell-line	cell-line	minus	none	passed
ENCFF447NCM	ENCFF447NCM	ENCSR000DJX	ENCSR767UUB	BPNet	predicted signal profile	bigWig	ChIP-seq	JUND	K562	cell-line	cell-line	cell-line	plus	none	passed
ENCFF528IZQ	ENCFF528IZQ	ENCSR000EGN	ENCSR711UTT	BPNet	predicted signal profile	bigWig	ChIP-seq	JUND	K562	cell-line	cell-line	cell-line	plus	none	passed
ENCFF054EFK	ENCFF054EFK	ENCSR000BSU	ENCSR900RMO	BPNet	predicted signal profile	bigWig	ChIP-seq	JUND	MCF-7	cell-line	cell-line	cell-line	minus	none	passed
ENCFF855GQP	ENCFF855GQP	ENCSR000BSU	ENCSR900RMO	BPNet	predicted signal profile	bigWig	ChIP-seq	JUND	MCF-7	cell-line	cell-line	cell-line	plus	none	passed
ENCFF339GZW	ENCFF339GZW	ENCSR000EIB	ENCSR623RBI	BPNet	predicted signal profile	bigWig	ChIP-seq	JUND	SK-N-SH	cell-line	cell-line	cell-line	minus	none	passed
ENCFF877SAO	ENCFF877SAO	ENCSR000BSK	ENCSR824SLK	BPNet	predicted signal profile	bigWig	ChIP-seq	JUND	SK-N-SH	cell-line	cell-line	cell-line	minus	none	passed
ENCFF087LFN	ENCFF087LFN	ENCSR000EIB	ENCSR623RBI	BPNet	predicted signal profile	bigWig	ChIP-seq	JUND	SK-N-SH	cell-line	cell-line	cell-line	plus	none	passed
ENCFF863NDD	ENCFF863NDD	ENCSR000BSK	ENCSR824SLK	BPNet	predicted signal profile	bigWig	ChIP-seq	JUND	SK-N-SH	cell-line	cell-line	cell-line	plus	none	passed
ENCFF143ZCL	ENCFF143ZCL	ENCSR000BVO	ENCSR525XFD	BPNet	predicted signal profile	bigWig	ChIP-seq	JUND	T47D	cell-line	cell-line	cell-line	minus	none	passed
ENCFF074MVP	ENCFF074MVP	ENCSR000BVO	ENCSR525XFD	BPNet	predicted signal profile	bigWig	ChIP-seq	JUND	T47D	cell-line	cell-line	cell-line	plus	none	passed
ENCFF368KBR	ENCFF368KBR	ENCSR196HGZ	ENCSR816TMP	BPNet	predicted signal profile	bigWig	ChIP-seq	JUND	liver	liver	liver	digestive-system	minus	none	passed
ENCFF966AEZ	ENCFF966AEZ	ENCSR837GTK	ENCSR985CKW	BPNet	predicted signal profile	bigWig	ChIP-seq	JUND	liver	liver	liver	digestive-system	minus	none	passed
ENCFF135FOM	ENCFF135FOM	ENCSR196HGZ	ENCSR816TMP	BPNet	predicted signal profile	bigWig	ChIP-seq	JUND	liver	liver	liver	digestive-system	plus	none	passed
ENCFF137NPZ	ENCFF137NPZ	ENCSR837GTK	ENCSR985CKW	BPNet	predicted signal profile	bigWig	ChIP-seq	JUND	liver	liver	liver	digestive-system	plus	none	passed
ENCFF453NYT	ENCFF453NYT	ENCSR859BMR	ENCSR960UKV	BPNet	predicted signal profile	bigWig	ChIP-seq	KLF1	HEK293	cell-line	cell-line	cell-line	minus	none	passed
ENCFF572QFU	ENCFF572QFU	ENCSR859BMR	ENCSR960UKV	BPNet	predicted signal profile	bigWig	ChIP-seq	KLF1	HEK293	cell-line	cell-line	cell-line	plus	none	passed
ENCFF253TRE	ENCFF253TRE	ENCSR550HCT	ENCSR424EEB	BPNet	predicted signal profile	bigWig	ChIP-seq	KLF1	K562	cell-line	cell-line	cell-line	minus	none	passed
ENCFF748TVL	ENCFF748TVL	ENCSR550HCT	ENCSR424EEB	BPNet	predicted signal profile	bigWig	ChIP-seq	KLF1	K562	cell-line	cell-line	cell-line	plus	none	passed
ENCFF962VMJ	ENCFF962VMJ	ENCSR006GAQ	ENCSR438XYE	BPNet	predicted signal profile	bigWig	ChIP-seq	KLF10	HEK293	cell-line	cell-line	cell-line	minus	none	passed
ENCFF756DLH	ENCFF756DLH	ENCSR006GAQ	ENCSR438XYE	BPNet	predicted signal profile	bigWig	ChIP-seq	KLF10	HEK293	cell-line	cell-line	cell-line	plus	none	passed
ENCFF051VEI	ENCFF051VEI	ENCSR616OSG	ENCSR909CUD	BPNet	predicted signal profile	bigWig	ChIP-seq	KLF11	HepG2	cell-line	cell-line	cell-line	minus	none	passed
ENCFF677CGE	ENCFF677CGE	ENCSR616OSG	ENCSR909CUD	BPNet	predicted signal profile	bigWig	ChIP-seq	KLF11	HepG2	cell-line	cell-line	cell-line	plus	none	passed
ENCFF180TZX	ENCFF180TZX	ENCSR552YWL	ENCSR610GYE	BPNet	predicted signal profile	bigWig	ChIP-seq	KLF12	HepG2	cell-line	cell-line	cell-line	minus	none	passed
ENCFF065AVX	ENCFF065AVX	ENCSR552YWL	ENCSR610GYE	BPNet	predicted signal profile	bigWig	ChIP-seq	KLF12	HepG2	cell-line	cell-line	cell-line	plus	none	passed
ENCFF675BJN	ENCFF675BJN	ENCSR608HVP	ENCSR243TNZ	BPNet	predicted signal profile	bigWig	ChIP-seq	KLF13	K562	cell-line	cell-line	cell-line	minus	none	passed
ENCFF595GNG	ENCFF595GNG	ENCSR608HVP	ENCSR243TNZ	BPNet	predicted signal profile	bigWig	ChIP-seq	KLF13	K562	cell-line	cell-line	cell-line	plus	none	passed
ENCFF975KBV	ENCFF975KBV	ENCSR397DQC	ENCSR401QUW	BPNet	predicted signal profile	bigWig	ChIP-seq	KLF16	HEK293	cell-line	cell-line	cell-line	minus	none	passed
ENCFF006HAW	ENCFF006HAW	ENCSR397DQC	ENCSR401QUW	BPNet	predicted signal profile	bigWig	ChIP-seq	KLF16	HEK293	cell-line	cell-line	cell-line	plus	none	passed
ENCFF094QTR	ENCFF094QTR	ENCSR009KLQ	ENCSR911FYQ	BPNet	predicted signal profile	bigWig	ChIP-seq	KLF16	HepG2	cell-line	cell-line	cell-line	minus	none	passed
ENCFF550SHK	ENCFF550SHK	ENCSR009KLQ	ENCSR911FYQ	BPNet	predicted signal profile	bigWig	ChIP-seq	KLF16	HepG2	cell-line	cell-line	cell-line	plus	none	passed
ENCFF586HDJ	ENCFF586HDJ	ENCSR760UVO	ENCSR904YCG	BPNet	predicted signal profile	bigWig	ChIP-seq	KLF16	K562	cell-line	cell-line	cell-line	minus	none	passed
ENCFF876VHG	ENCFF876VHG	ENCSR760UVO	ENCSR904YCG	BPNet	predicted signal profile	bigWig	ChIP-seq	KLF16	K562	cell-line	cell-line	cell-line	plus	none	passed
ENCFF297MCW	ENCFF297MCW	ENCSR065WUF	ENCSR225AAV	BPNet	predicted signal profile	bigWig	ChIP-seq	KLF17	HEK293	cell-line	cell-line	cell-line	minus	none	passed
ENCFF802GOH	ENCFF802GOH	ENCSR065WUF	ENCSR225AAV	BPNet	predicted signal profile	bigWig	ChIP-seq	KLF17	HEK293	cell-line	cell-line	cell-line	plus	none	passed
ENCFF280DLU	ENCFF280DLU	ENCSR757EKM	ENCSR327WUN	BPNet	predicted signal profile	bigWig	ChIP-seq	KLF6	HepG2	cell-line	cell-line	cell-line	minus	none	passed
ENCFF553KHM	ENCFF553KHM	ENCSR757EKM	ENCSR327WUN	BPNet	predicted signal profile	bigWig	ChIP-seq	KLF6	HepG2	cell-line	cell-line	cell-line	plus	none	passed
ENCFF561EYE	ENCFF561EYE	ENCSR604VWJ	ENCSR374OIO	BPNet	predicted signal profile	bigWig	ChIP-seq	KLF7	HEK293	cell-line	cell-line	cell-line	minus	none	passed
ENCFF256TGG	ENCFF256TGG	ENCSR604VWJ	ENCSR374OIO	BPNet	predicted signal profile	bigWig	ChIP-seq	KLF7	HEK293	cell-line	cell-line	cell-line	plus	none	passed
ENCFF854XGR	ENCFF854XGR	ENCSR635NOQ	ENCSR985CNW	BPNet	predicted signal profile	bigWig	ChIP-seq	KLF8	HEK293	cell-line	cell-line	cell-line	minus	none	passed
ENCFF046HCT	ENCFF046HCT	ENCSR635NOQ	ENCSR985CNW	BPNet	predicted signal profile	bigWig	ChIP-seq	KLF8	HEK293	cell-line	cell-line	cell-line	plus	none	passed
ENCFF280MYM	ENCFF280MYM	ENCSR076EZB	ENCSR847MYV	BPNet	predicted signal profile	bigWig	ChIP-seq	KLF9	HEK293	cell-line	cell-line	cell-line	minus	none	passed
ENCFF193IUG	ENCFF193IUG	ENCSR076EZB	ENCSR847MYV	BPNet	predicted signal profile	bigWig	ChIP-seq	KLF9	HEK293	cell-line	cell-line	cell-line	plus	none	passed
ENCFF019CMD	ENCFF019CMD	ENCSR938ETG	ENCSR965WIT	BPNet	predicted signal profile	bigWig	ChIP-seq	KLF9	HepG2	cell-line	cell-line	cell-line	minus	none	passed
ENCFF108ZKV	ENCFF108ZKV	ENCSR938ETG	ENCSR965WIT	BPNet	predicted signal profile	bigWig	ChIP-seq	KLF9	HepG2	cell-line	cell-line	cell-line	plus	none	passed
ENCFF820FLM	ENCFF820FLM	ENCSR125ZYC	ENCSR919ZUT	BPNet	predicted signal profile	bigWig	ChIP-seq	KLF9	MCF-7	cell-line	cell-line	cell-line	minus	none	passed
ENCFF219VTL	ENCFF219VTL	ENCSR125ZYC	ENCSR919ZUT	BPNet	predicted signal profile	bigWig	ChIP-seq	KLF9	MCF-7	cell-line	cell-line	cell-line	plus	none	passed
ENCFF943CMX	ENCFF943CMX	ENCSR469GZL	ENCSR773SAO	BPNet	predicted signal profile	bigWig	ChIP-seq	LCOR	HepG2	cell-line	cell-line	cell-line	minus	none	passed
ENCFF917XYP	ENCFF917XYP	ENCSR469GZL	ENCSR773SAO	BPNet	predicted signal profile	bigWig	ChIP-seq	LCOR	HepG2	cell-line	cell-line	cell-line	plus	none	passed
ENCFF545OLZ	ENCFF545OLZ	ENCSR672OHP	ENCSR177JJR	BPNet	predicted signal profile	bigWig	ChIP-seq	LCOR	K562	cell-line	cell-line	cell-line	minus	none	passed
ENCFF460RKT	ENCFF460RKT	ENCSR672OHP	ENCSR177JJR	BPNet	predicted signal profile	bigWig	ChIP-seq	LCOR	K562	cell-line	cell-line	cell-line	plus	none	passed
ENCFF300ZWM	ENCFF300ZWM	ENCSR950NAZ	ENCSR053GEB	BPNet	predicted signal profile	bigWig	ChIP-seq	LCORL	HepG2	cell-line	cell-line	cell-line	minus	none	passed
ENCFF602OZP	ENCFF602OZP	ENCSR880PMU	ENCSR647YVY	BPNet	predicted signal profile	bigWig	ChIP-seq	LCORL	HepG2	cell-line	cell-line	cell-line	minus	none	passed
ENCFF338SKU	ENCFF338SKU	ENCSR880PMU	ENCSR647YVY	BPNet	predicted signal profile	bigWig	ChIP-seq	LCORL	HepG2	cell-line	cell-line	cell-line	plus	none	passed
ENCFF578IFB	ENCFF578IFB	ENCSR950NAZ	ENCSR053GEB	BPNet	predicted signal profile	bigWig	ChIP-seq	LCORL	HepG2	cell-line	cell-line	cell-line	plus	none	passed
ENCFF530HJS	ENCFF530HJS	ENCSR343ELW	ENCSR184ULM	BPNet	predicted signal profile	bigWig	ChIP-seq	LEF1	K562	cell-line	cell-line	cell-line	minus	none	passed
ENCFF769IKN	ENCFF769IKN	ENCSR832OGB	ENCSR775TZV	BPNet	predicted signal profile	bigWig	ChIP-seq	LEF1	K562	cell-line	cell-line	cell-line	minus	none	passed
ENCFF198QCO	ENCFF198QCO	ENCSR343ELW	ENCSR184ULM	BPNet	predicted signal profile	bigWig	ChIP-seq	LEF1	K562	cell-line	cell-line	cell-line	plus	none	passed
ENCFF811QFR	ENCFF811QFR	ENCSR832OGB	ENCSR775TZV	BPNet	predicted signal profile	bigWig	ChIP-seq	LEF1	K562	cell-line	cell-line	cell-line	plus	none	passed
ENCFF973BHX	ENCFF973BHX	ENCSR597MCV	ENCSR479OOG	BPNet	predicted signal profile	bigWig	ChIP-seq	LIN54	HepG2	cell-line	cell-line	cell-line	minus	none	passed
ENCFF578HCQ	ENCFF578HCQ	ENCSR597MCV	ENCSR479OOG	BPNet	predicted signal profile	bigWig	ChIP-seq	LIN54	HepG2	cell-line	cell-line	cell-line	plus	none	passed
ENCFF306XQU	ENCFF306XQU	ENCSR140DSL	ENCSR635EFD	BPNet	predicted signal profile	bigWig	ChIP-seq	MAFF	HeLa-S3	cell-line	cell-line	cell-line	minus	none	passed
ENCFF651MAH	ENCFF651MAH	ENCSR140DSL	ENCSR635EFD	BPNet	predicted signal profile	bigWig	ChIP-seq	MAFF	HeLa-S3	cell-line	cell-line	cell-line	plus	none	passed
ENCFF729KPZ	ENCFF729KPZ	ENCSR000EEC	ENCSR689UDB	BPNet	predicted signal profile	bigWig	ChIP-seq	MAFF	HepG2	cell-line	cell-line	cell-line	minus	none	passed
ENCFF981POL	ENCFF981POL	ENCSR000EEC	ENCSR689UDB	BPNet	predicted signal profile	bigWig	ChIP-seq	MAFF	HepG2	cell-line	cell-line	cell-line	plus	none	passed
ENCFF526WPS	ENCFF526WPS	ENCSR000EGI	ENCSR512XRO	BPNet	predicted signal profile	bigWig	ChIP-seq	MAFF	K562	cell-line	cell-line	cell-line	minus	none	passed
ENCFF349INN	ENCFF349INN	ENCSR000EGI	ENCSR512XRO	BPNet	predicted signal profile	bigWig	ChIP-seq	MAFF	K562	cell-line	cell-line	cell-line	plus	none	passed
ENCFF228PHB	ENCFF228PHB	ENCSR708KAA	ENCSR512FKE	BPNet	predicted signal profile	bigWig	ChIP-seq	MAFG	HepG2	cell-line	cell-line	cell-line	minus	none	passed
ENCFF892BUV	ENCFF892BUV	ENCSR708KAA	ENCSR512FKE	BPNet	predicted signal profile	bigWig	ChIP-seq	MAFG	HepG2	cell-line	cell-line	cell-line	plus	none	passed
ENCFF808CGF	ENCFF808CGF	ENCSR818DQV	ENCSR324HYA	BPNet	predicted signal profile	bigWig	ChIP-seq	MAFG	K562	cell-line	cell-line	cell-line	minus	none	passed
ENCFF837DXP	ENCFF837DXP	ENCSR818DQV	ENCSR324HYA	BPNet	predicted signal profile	bigWig	ChIP-seq	MAFG	K562	cell-line	cell-line	cell-line	plus	none	passed
ENCFF761AHD	ENCFF761AHD	ENCSR541WQI	ENCSR415PWX	BPNet	predicted signal profile	bigWig	ChIP-seq	MAFK	A549	cell-line	cell-line	cell-line	minus	none	passed
ENCFF222RGG	ENCFF222RGG	ENCSR541WQI	ENCSR415PWX	BPNet	predicted signal profile	bigWig	ChIP-seq	MAFK	A549	cell-line	cell-line	cell-line	plus	none	passed
ENCFF568HVN	ENCFF568HVN	ENCSR000DYV	ENCSR538HRY	BPNet	predicted signal profile	bigWig	ChIP-seq	MAFK	GM12878	cell-line	cell-line	cell-line	minus	none	passed
ENCFF491CAK	ENCFF491CAK	ENCSR000DYV	ENCSR538HRY	BPNet	predicted signal profile	bigWig	ChIP-seq	MAFK	GM12878	cell-line	cell-line	cell-line	plus	none	passed
ENCFF724TCI	ENCFF724TCI	ENCSR000EBS	ENCSR489JND	BPNet	predicted signal profile	bigWig	ChIP-seq	MAFK	H1	cell-line	cell-line	cell-line	minus	none	passed
ENCFF956SMP	ENCFF956SMP	ENCSR000EBS	ENCSR489JND	BPNet	predicted signal profile	bigWig	ChIP-seq	MAFK	H1	cell-line	cell-line	cell-line	plus	none	passed
ENCFF545BFO	ENCFF545BFO	ENCSR000ECK	ENCSR772QXK	BPNet	predicted signal profile	bigWig	ChIP-seq	MAFK	HeLa-S3	cell-line	cell-line	cell-line	minus	none	passed
ENCFF745QOO	ENCFF745QOO	ENCSR000ECK	ENCSR772QXK	BPNet	predicted signal profile	bigWig	ChIP-seq	MAFK	HeLa-S3	cell-line	cell-line	cell-line	plus	none	passed
ENCFF606WIS	ENCFF606WIS	ENCSR000EDZ	ENCSR804YJX	BPNet	predicted signal profile	bigWig	ChIP-seq	MAFK	HepG2	cell-line	cell-line	cell-line	minus	none	passed
ENCFF684PTV	ENCFF684PTV	ENCSR000EEB	ENCSR171MQW	BPNet	predicted signal profile	bigWig	ChIP-seq	MAFK	HepG2	cell-line	cell-line	cell-line	minus	none	passed
ENCFF401AOM	ENCFF401AOM	ENCSR000EDZ	ENCSR804YJX	BPNet	predicted signal profile	bigWig	ChIP-seq	MAFK	HepG2	cell-line	cell-line	cell-line	plus	none	passed
ENCFF641OKA	ENCFF641OKA	ENCSR000EEB	ENCSR171MQW	BPNet	predicted signal profile	bigWig	ChIP-seq	MAFK	HepG2	cell-line	cell-line	cell-line	plus	none	passed
ENCFF813UEN	ENCFF813UEN	ENCSR000EFH	ENCSR476QNT	BPNet	predicted signal profile	bigWig	ChIP-seq	MAFK	IMR-90	cell-line	cell-line	cell-line	minus	none	passed
ENCFF624TMM	ENCFF624TMM	ENCSR000EFH	ENCSR476QNT	BPNet	predicted signal profile	bigWig	ChIP-seq	MAFK	IMR-90	cell-line	cell-line	cell-line	plus	none	passed
ENCFF013WTF	ENCFF013WTF	ENCSR000EGX	ENCSR562GPY	BPNet	predicted signal profile	bigWig	ChIP-seq	MAFK	K562	cell-line	cell-line	cell-line	minus	none	passed
ENCFF841WKC	ENCFF841WKC	ENCSR000EGX	ENCSR562GPY	BPNet	predicted signal profile	bigWig	ChIP-seq	MAFK	K562	cell-line	cell-line	cell-line	plus	none	passed
ENCFF136LUQ	ENCFF136LUQ	ENCSR555PBN	ENCSR478ZIL	BPNet	predicted signal profile	bigWig	ChIP-seq	MAFK	MCF-7	cell-line	cell-line	cell-line	minus	none	passed
ENCFF910GYQ	ENCFF910GYQ	ENCSR555PBN	ENCSR478ZIL	BPNet	predicted signal profile	bigWig	ChIP-seq	MAFK	MCF-7	cell-line	cell-line	cell-line	plus	none	passed
ENCFF029WLY	ENCFF029WLY	ENCSR000BTJ	ENCSR659CLW	BPNet	predicted signal profile	bigWig	ChIP-seq	MAX	A549	cell-line	cell-line	cell-line	minus	none	passed
ENCFF543GXW	ENCFF543GXW	ENCSR000DYG	ENCSR497CAB	BPNet	predicted signal profile	bigWig	ChIP-seq	MAX	A549	cell-line	cell-line	cell-line	minus	none	passed
ENCFF568HRE	ENCFF568HRE	ENCSR000BTJ	ENCSR659CLW	BPNet	predicted signal profile	bigWig	ChIP-seq	MAX	A549	cell-line	cell-line	cell-line	plus	none	passed
ENCFF761FRC	ENCFF761FRC	ENCSR000DYG	ENCSR497CAB	BPNet	predicted signal profile	bigWig	ChIP-seq	MAX	A549	cell-line	cell-line	cell-line	plus	none	passed
ENCFF311UCU	ENCFF311UCU	ENCSR000DZF	ENCSR419HPN	BPNet	predicted signal profile	bigWig	ChIP-seq	MAX	GM12878	cell-line	cell-line	cell-line	minus	none	passed
ENCFF999BGR	ENCFF999BGR	ENCSR000DZF	ENCSR419HPN	BPNet	predicted signal profile	bigWig	ChIP-seq	MAX	GM12878	cell-line	cell-line	cell-line	plus	none	passed
ENCFF065ING	ENCFF065ING	ENCSR000BSJ	ENCSR217JCX	BPNet	predicted signal profile	bigWig	ChIP-seq	MAX	H1	cell-line	cell-line	cell-line	minus	none	passed
ENCFF376YEF	ENCFF376YEF	ENCSR000BSJ	ENCSR217JCX	BPNet	predicted signal profile	bigWig	ChIP-seq	MAX	H1	cell-line	cell-line	cell-line	plus	none	passed
ENCFF049HJM	ENCFF049HJM	ENCSR000BSH	ENCSR944KJS	BPNet	predicted signal profile	bigWig	ChIP-seq	MAX	HCT116	cell-line	cell-line	cell-line	minus	none	passed
ENCFF787RWV	ENCFF787RWV	ENCSR000BSH	ENCSR944KJS	BPNet	predicted signal profile	bigWig	ChIP-seq	MAX	HCT116	cell-line	cell-line	cell-line	plus	none	passed
ENCFF237TBE	ENCFF237TBE	ENCSR000EZF	ENCSR575CEK	BPNet	predicted signal profile	bigWig	ChIP-seq	MAX	HeLa-S3	cell-line	cell-line	cell-line	minus	none	passed
ENCFF762EEF	ENCFF762EEF	ENCSR000ECN	ENCSR524JTY	BPNet	predicted signal profile	bigWig	ChIP-seq	MAX	HeLa-S3	cell-line	cell-line	cell-line	minus	none	passed
ENCFF073SJC	ENCFF073SJC	ENCSR000EZF	ENCSR575CEK	BPNet	predicted signal profile	bigWig	ChIP-seq	MAX	HeLa-S3	cell-line	cell-line	cell-line	plus	none	passed
ENCFF639FHN	ENCFF639FHN	ENCSR000ECN	ENCSR524JTY	BPNet	predicted signal profile	bigWig	ChIP-seq	MAX	HeLa-S3	cell-line	cell-line	cell-line	plus	none	passed
ENCFF056XAO	ENCFF056XAO	ENCSR168DYA	ENCSR173YVF	BPNet	predicted signal profile	bigWig	ChIP-seq	MAX	HepG2	cell-line	cell-line	cell-line	minus	none	passed
ENCFF453XET	ENCFF453XET	ENCSR000EDS	ENCSR086FPA	BPNet	predicted signal profile	bigWig	ChIP-seq	MAX	HepG2	cell-line	cell-line	cell-line	minus	none	passed
ENCFF472BYW	ENCFF472BYW	ENCSR000BTM	ENCSR625YWT	BPNet	predicted signal profile	bigWig	ChIP-seq	MAX	HepG2	cell-line	cell-line	cell-line	minus	none	passed
ENCFF578IKO	ENCFF578IKO	ENCSR000EDS	ENCSR086FPA	BPNet	predicted signal profile	bigWig	ChIP-seq	MAX	HepG2	cell-line	cell-line	cell-line	plus	none	passed
ENCFF708YFT	ENCFF708YFT	ENCSR168DYA	ENCSR173YVF	BPNet	predicted signal profile	bigWig	ChIP-seq	MAX	HepG2	cell-line	cell-line	cell-line	plus	none	passed
ENCFF794NSZ	ENCFF794NSZ	ENCSR000BTM	ENCSR625YWT	BPNet	predicted signal profile	bigWig	ChIP-seq	MAX	HepG2	cell-line	cell-line	cell-line	plus	none	passed
ENCFF636RPH	ENCFF636RPH	ENCSR000BTY	ENCSR419SPJ	BPNet	predicted signal profile	bigWig	ChIP-seq	MAX	Ishikawa	cell-line	cell-line	cell-line	minus	none	passed
ENCFF570PEA	ENCFF570PEA	ENCSR000BTY	ENCSR419SPJ	BPNet	predicted signal profile	bigWig	ChIP-seq	MAX	Ishikawa	cell-line	cell-line	cell-line	plus	none	passed
ENCFF320LVE	ENCFF320LVE	ENCSR000FAE	ENCSR445ZHD	BPNet	predicted signal profile	bigWig	ChIP-seq	MAX	K562	cell-line	cell-line	cell-line	minus	none	passed
ENCFF572ERB	ENCFF572ERB	ENCSR000EFV	ENCSR098FIX	BPNet	predicted signal profile	bigWig	ChIP-seq	MAX	K562	cell-line	cell-line	cell-line	minus	none	passed
ENCFF615ISM	ENCFF615ISM	ENCSR158LJN	ENCSR742NEE	BPNet	predicted signal profile	bigWig	ChIP-seq	MAX	K562	cell-line	cell-line	cell-line	minus	none	passed
ENCFF781KHN	ENCFF781KHN	ENCSR000BLP	ENCSR327GNG	BPNet	predicted signal profile	bigWig	ChIP-seq	MAX	K562	cell-line	cell-line	cell-line	minus	none	passed
ENCFF080RCJ	ENCFF080RCJ	ENCSR000FAE	ENCSR445ZHD	BPNet	predicted signal profile	bigWig	ChIP-seq	MAX	K562	cell-line	cell-line	cell-line	plus	none	passed
ENCFF224XZG	ENCFF224XZG	ENCSR000BLP	ENCSR327GNG	BPNet	predicted signal profile	bigWig	ChIP-seq	MAX	K562	cell-line	cell-line	cell-line	plus	none	passed
ENCFF507UTB	ENCFF507UTB	ENCSR158LJN	ENCSR742NEE	BPNet	predicted signal profile	bigWig	ChIP-seq	MAX	K562	cell-line	cell-line	cell-line	plus	none	passed
ENCFF813PKO	ENCFF813PKO	ENCSR000EFV	ENCSR098FIX	BPNet	predicted signal profile	bigWig	ChIP-seq	MAX	K562	cell-line	cell-line	cell-line	plus	none	passed
ENCFF854TIX	ENCFF854TIX	ENCSR000BUL	ENCSR259ENO	BPNet	predicted signal profile	bigWig	ChIP-seq	MAX	MCF-7	cell-line	cell-line	cell-line	minus	none	passed
ENCFF306FMY	ENCFF306FMY	ENCSR000BUL	ENCSR259ENO	BPNet	predicted signal profile	bigWig	ChIP-seq	MAX	MCF-7	cell-line	cell-line	cell-line	plus	none	passed
ENCFF809UMV	ENCFF809UMV	ENCSR000EHS	ENCSR809RVJ	BPNet	predicted signal profile	bigWig	ChIP-seq	MAX	NB4	cell-line	cell-line	cell-line	minus	none	passed
ENCFF838HTI	ENCFF838HTI	ENCSR000EHS	ENCSR809RVJ	BPNet	predicted signal profile	bigWig	ChIP-seq	MAX	NB4	cell-line	cell-line	cell-line	plus	none	passed
ENCFF500MBJ	ENCFF500MBJ	ENCSR000BVD	ENCSR058ERJ	BPNet	predicted signal profile	bigWig	ChIP-seq	MAX	SK-N-SH	cell-line	cell-line	cell-line	minus	none	passed
ENCFF701TDG	ENCFF701TDG	ENCSR000BVD	ENCSR058ERJ	BPNet	predicted signal profile	bigWig	ChIP-seq	MAX	SK-N-SH	cell-line	cell-line	cell-line	plus	none	passed
ENCFF649VGO	ENCFF649VGO	ENCSR349FYX	ENCSR232HJN	BPNet	predicted signal profile	bigWig	ChIP-seq	MAX	WTC11	cell-line	cell-line	cell-line	minus	none	passed
ENCFF990RYB	ENCFF990RYB	ENCSR349FYX	ENCSR232HJN	BPNet	predicted signal profile	bigWig	ChIP-seq	MAX	WTC11	cell-line	cell-line	cell-line	plus	none	passed
ENCFF885CHX	ENCFF885CHX	ENCSR000EEZ	ENCSR180XFU	BPNet	predicted signal profile	bigWig	ChIP-seq	MAX	endothelial-cell-of-umbilical-vein	endothelial	blood-vessel	circulatory-system	minus	none	passed
ENCFF162KHB	ENCFF162KHB	ENCSR000EEZ	ENCSR180XFU	BPNet	predicted signal profile	bigWig	ChIP-seq	MAX	endothelial-cell-of-umbilical-vein	endothelial	blood-vessel	circulatory-system	plus	none	passed
ENCFF054WDR	ENCFF054WDR	ENCSR847DIT	ENCSR950MFN	BPNet	predicted signal profile	bigWig	ChIP-seq	MAX	liver	liver	liver	digestive-system	minus	none	passed
ENCFF818LZK	ENCFF818LZK	ENCSR521IID	ENCSR114XLN	BPNet	predicted signal profile	bigWig	ChIP-seq	MAX	liver	liver	liver	digestive-system	minus	none	passed
ENCFF423OEN	ENCFF423OEN	ENCSR847DIT	ENCSR950MFN	BPNet	predicted signal profile	bigWig	ChIP-seq	MAX	liver	liver	liver	digestive-system	plus	none	passed
ENCFF830XFC	ENCFF830XFC	ENCSR521IID	ENCSR114XLN	BPNet	predicted signal profile	bigWig	ChIP-seq	MAX	liver	liver	liver	digestive-system	plus	none	passed
ENCFF931ZNG	ENCFF931ZNG	ENCSR636YLV	ENCSR118TTR	BPNet	predicted signal profile	bigWig	ChIP-seq	MAZ	A549	cell-line	cell-line	cell-line	minus	none	passed
ENCFF252NYY	ENCFF252NYY	ENCSR636YLV	ENCSR118TTR	BPNet	predicted signal profile	bigWig	ChIP-seq	MAZ	A549	cell-line	cell-line	cell-line	plus	none	passed
ENCFF118WVQ	ENCFF118WVQ	ENCSR903MVU	ENCSR335TIH	BPNet	predicted signal profile	bigWig	ChIP-seq	MAZ	GM12878	cell-line	cell-line	cell-line	minus	none	passed
ENCFF261RMP	ENCFF261RMP	ENCSR000DZA	ENCSR461ZEC	BPNet	predicted signal profile	bigWig	ChIP-seq	MAZ	GM12878	cell-line	cell-line	cell-line	minus	none	passed
ENCFF136SVY	ENCFF136SVY	ENCSR000DZA	ENCSR461ZEC	BPNet	predicted signal profile	bigWig	ChIP-seq	MAZ	GM12878	cell-line	cell-line	cell-line	plus	none	passed
ENCFF579DUM	ENCFF579DUM	ENCSR903MVU	ENCSR335TIH	BPNet	predicted signal profile	bigWig	ChIP-seq	MAZ	GM12878	cell-line	cell-line	cell-line	plus	none	passed
ENCFF290QAF	ENCFF290QAF	ENCSR290SSQ	ENCSR821GPM	BPNet	predicted signal profile	bigWig	ChIP-seq	MAZ	HEK293	cell-line	cell-line	cell-line	minus	none	passed
ENCFF984QLG	ENCFF984QLG	ENCSR290SSQ	ENCSR821GPM	BPNet	predicted signal profile	bigWig	ChIP-seq	MAZ	HEK293	cell-line	cell-line	cell-line	plus	none	passed
ENCFF218NJQ	ENCFF218NJQ	ENCSR000ECL	ENCSR868PEZ	BPNet	predicted signal profile	bigWig	ChIP-seq	MAZ	HeLa-S3	cell-line	cell-line	cell-line	minus	none	passed
ENCFF989KWW	ENCFF989KWW	ENCSR000ECL	ENCSR868PEZ	BPNet	predicted signal profile	bigWig	ChIP-seq	MAZ	HeLa-S3	cell-line	cell-line	cell-line	plus	none	passed
ENCFF115INA	ENCFF115INA	ENCSR700PNE	ENCSR898PVS	BPNet	predicted signal profile	bigWig	ChIP-seq	MAZ	HepG2	cell-line	cell-line	cell-line	minus	none	passed
ENCFF860XTD	ENCFF860XTD	ENCSR000EDN	ENCSR364YEH	BPNet	predicted signal profile	bigWig	ChIP-seq	MAZ	HepG2	cell-line	cell-line	cell-line	minus	none	passed
ENCFF258EWT	ENCFF258EWT	ENCSR700PNE	ENCSR898PVS	BPNet	predicted signal profile	bigWig	ChIP-seq	MAZ	HepG2	cell-line	cell-line	cell-line	plus	none	passed
ENCFF459CCZ	ENCFF459CCZ	ENCSR000EDN	ENCSR364YEH	BPNet	predicted signal profile	bigWig	ChIP-seq	MAZ	HepG2	cell-line	cell-line	cell-line	plus	none	passed
ENCFF215TFB	ENCFF215TFB	ENCSR000EFF	ENCSR982VJO	BPNet	predicted signal profile	bigWig	ChIP-seq	MAZ	IMR-90	cell-line	cell-line	cell-line	minus	none	passed
ENCFF293IJL	ENCFF293IJL	ENCSR000EFF	ENCSR982VJO	BPNet	predicted signal profile	bigWig	ChIP-seq	MAZ	IMR-90	cell-line	cell-line	cell-line	plus	none	passed
ENCFF376GYD	ENCFF376GYD	ENCSR000EFX	ENCSR535NQC	BPNet	predicted signal profile	bigWig	ChIP-seq	MAZ	K562	cell-line	cell-line	cell-line	minus	none	passed
ENCFF850HKZ	ENCFF850HKZ	ENCSR643JRH	ENCSR098VYP	BPNet	predicted signal profile	bigWig	ChIP-seq	MAZ	K562	cell-line	cell-line	cell-line	minus	none	passed
ENCFF997QWD	ENCFF997QWD	ENCSR163IUV	ENCSR499PPK	BPNet	predicted signal profile	bigWig	ChIP-seq	MAZ	K562	cell-line	cell-line	cell-line	minus	none	passed
ENCFF511HXB	ENCFF511HXB	ENCSR643JRH	ENCSR098VYP	BPNet	predicted signal profile	bigWig	ChIP-seq	MAZ	K562	cell-line	cell-line	cell-line	plus	none	passed
ENCFF541CWW	ENCFF541CWW	ENCSR000EFX	ENCSR535NQC	BPNet	predicted signal profile	bigWig	ChIP-seq	MAZ	K562	cell-line	cell-line	cell-line	plus	none	passed
ENCFF808HLJ	ENCFF808HLJ	ENCSR163IUV	ENCSR499PPK	BPNet	predicted signal profile	bigWig	ChIP-seq	MAZ	K562	cell-line	cell-line	cell-line	plus	none	passed
ENCFF038TRP	ENCFF038TRP	ENCSR288IJC	ENCSR249QEG	BPNet	predicted signal profile	bigWig	ChIP-seq	MAZ	MCF-7	cell-line	cell-line	cell-line	minus	none	passed
ENCFF726FAO	ENCFF726FAO	ENCSR288IJC	ENCSR249QEG	BPNet	predicted signal profile	bigWig	ChIP-seq	MAZ	MCF-7	cell-line	cell-line	cell-line	plus	none	passed
ENCFF172IVN	ENCFF172IVN	ENCSR260UJI	ENCSR735EUV	BPNet	predicted signal profile	bigWig	ChIP-seq	MBD1	HepG2	cell-line	cell-line	cell-line	minus	none	passed
ENCFF524ASP	ENCFF524ASP	ENCSR396QWK	ENCSR664JFH	BPNet	predicted signal profile	bigWig	ChIP-seq	MBD1	HepG2	cell-line	cell-line	cell-line	minus	none	passed
ENCFF071XGH	ENCFF071XGH	ENCSR260UJI	ENCSR735EUV	BPNet	predicted signal profile	bigWig	ChIP-seq	MBD1	HepG2	cell-line	cell-line	cell-line	plus	none	passed
ENCFF813VVO	ENCFF813VVO	ENCSR396QWK	ENCSR664JFH	BPNet	predicted signal profile	bigWig	ChIP-seq	MBD1	HepG2	cell-line	cell-line	cell-line	plus	none	passed
ENCFF042GAH	ENCFF042GAH	ENCSR158BGH	ENCSR613UNL	BPNet	predicted signal profile	bigWig	ChIP-seq	MBD1	K562	cell-line	cell-line	cell-line	minus	none	passed
ENCFF985HAH	ENCFF985HAH	ENCSR158BGH	ENCSR613UNL	BPNet	predicted signal profile	bigWig	ChIP-seq	MBD1	K562	cell-line	cell-line	cell-line	plus	none	passed
ENCFF771ZCE	ENCFF771ZCE	ENCSR000BKB	ENCSR275MUR	BPNet	predicted signal profile	bigWig	ChIP-seq	MEF2A	GM12878	cell-line	cell-line	cell-line	minus	none	passed
ENCFF402OEV	ENCFF402OEV	ENCSR000BKB	ENCSR275MUR	BPNet	predicted signal profile	bigWig	ChIP-seq	MEF2A	GM12878	cell-line	cell-line	cell-line	plus	none	passed
ENCFF589CZB	ENCFF589CZB	ENCSR000BNV	ENCSR334ZYL	BPNet	predicted signal profile	bigWig	ChIP-seq	MEF2A	K562	cell-line	cell-line	cell-line	minus	none	passed
ENCFF947GOH	ENCFF947GOH	ENCSR000BNV	ENCSR334ZYL	BPNet	predicted signal profile	bigWig	ChIP-seq	MEF2A	K562	cell-line	cell-line	cell-line	plus	none	passed
ENCFF167CRC	ENCFF167CRC	ENCSR000BVC	ENCSR697PQB	BPNet	predicted signal profile	bigWig	ChIP-seq	MEF2A	SK-N-SH	cell-line	cell-line	cell-line	minus	none	passed
ENCFF079GNV	ENCFF079GNV	ENCSR000BVC	ENCSR697PQB	BPNet	predicted signal profile	bigWig	ChIP-seq	MEF2A	SK-N-SH	cell-line	cell-line	cell-line	plus	none	passed
ENCFF665GJR	ENCFF665GJR	ENCSR177VFS	ENCSR970WDM	BPNet	predicted signal profile	bigWig	ChIP-seq	MEF2B	GM12878	cell-line	cell-line	cell-line	minus	none	passed
ENCFF469VOD	ENCFF469VOD	ENCSR177VFS	ENCSR970WDM	BPNet	predicted signal profile	bigWig	ChIP-seq	MEF2B	GM12878	cell-line	cell-line	cell-line	plus	none	passed
ENCFF851XCY	ENCFF851XCY	ENCSR000BNG	ENCSR020NVK	BPNet	predicted signal profile	bigWig	ChIP-seq	MEF2C	GM12878	cell-line	cell-line	cell-line	minus	none	passed
ENCFF415QMB	ENCFF415QMB	ENCSR000BNG	ENCSR020NVK	BPNet	predicted signal profile	bigWig	ChIP-seq	MEF2C	GM12878	cell-line	cell-line	cell-line	plus	none	passed
ENCFF633SBR	ENCFF633SBR	ENCSR923MOO	ENCSR230CCY	BPNet	predicted signal profile	bigWig	ChIP-seq	MEF2D	HepG2	cell-line	cell-line	cell-line	minus	none	passed
ENCFF060UNZ	ENCFF060UNZ	ENCSR923MOO	ENCSR230CCY	BPNet	predicted signal profile	bigWig	ChIP-seq	MEF2D	HepG2	cell-line	cell-line	cell-line	plus	none	passed
ENCFF474XFL	ENCFF474XFL	ENCSR647ZXA	ENCSR388OSJ	BPNet	predicted signal profile	bigWig	ChIP-seq	MEF2D	K562	cell-line	cell-line	cell-line	minus	none	passed
ENCFF693YNA	ENCFF693YNA	ENCSR647ZXA	ENCSR388OSJ	BPNet	predicted signal profile	bigWig	ChIP-seq	MEF2D	K562	cell-line	cell-line	cell-line	plus	none	passed
ENCFF738BUG	ENCFF738BUG	ENCSR186JMM	ENCSR961ONW	BPNet	predicted signal profile	bigWig	ChIP-seq	MEIS1	HEK293	cell-line	cell-line	cell-line	minus	none	passed
ENCFF777UAX	ENCFF777UAX	ENCSR186JMM	ENCSR961ONW	BPNet	predicted signal profile	bigWig	ChIP-seq	MEIS1	HEK293	cell-line	cell-line	cell-line	plus	none	passed
ENCFF941EMD	ENCFF941EMD	ENCSR695WOH	ENCSR308XUJ	BPNet	predicted signal profile	bigWig	ChIP-seq	MEIS1	HepG2	cell-line	cell-line	cell-line	minus	none	passed
ENCFF525PWM	ENCFF525PWM	ENCSR695WOH	ENCSR308XUJ	BPNet	predicted signal profile	bigWig	ChIP-seq	MEIS1	HepG2	cell-line	cell-line	cell-line	plus	none	passed
ENCFF214YEB	ENCFF214YEB	ENCSR830LDY	ENCSR181VDR	BPNet	predicted signal profile	bigWig	ChIP-seq	MEIS2	HepG2	cell-line	cell-line	cell-line	minus	none	passed
ENCFF611GMJ	ENCFF611GMJ	ENCSR830LDY	ENCSR181VDR	BPNet	predicted signal profile	bigWig	ChIP-seq	MEIS2	HepG2	cell-line	cell-line	cell-line	plus	none	passed
ENCFF088FPW	ENCFF088FPW	ENCSR851BNE	ENCSR603QNK	BPNet	predicted signal profile	bigWig	ChIP-seq	MEIS2	K562	cell-line	cell-line	cell-line	minus	none	passed
ENCFF979XIH	ENCFF979XIH	ENCSR851BNE	ENCSR603QNK	BPNet	predicted signal profile	bigWig	ChIP-seq	MEIS2	K562	cell-line	cell-line	cell-line	plus	none	passed
ENCFF937RPM	ENCFF937RPM	ENCSR912NEF	ENCSR230PRA	BPNet	predicted signal profile	bigWig	ChIP-seq	MGA	HepG2	cell-line	cell-line	cell-line	minus	none	passed
ENCFF720KJT	ENCFF720KJT	ENCSR912NEF	ENCSR230PRA	BPNet	predicted signal profile	bigWig	ChIP-seq	MGA	HepG2	cell-line	cell-line	cell-line	plus	none	passed
ENCFF648PKE	ENCFF648PKE	ENCSR710WLO	ENCSR460CBW	BPNet	predicted signal profile	bigWig	ChIP-seq	MGA	K562	cell-line	cell-line	cell-line	minus	none	passed
ENCFF400ZJF	ENCFF400ZJF	ENCSR710WLO	ENCSR460CBW	BPNet	predicted signal profile	bigWig	ChIP-seq	MGA	K562	cell-line	cell-line	cell-line	plus	none	passed
ENCFF478KZF	ENCFF478KZF	ENCSR000FCB	ENCSR286KMC	BPNet	predicted signal profile	bigWig	ChIP-seq	MITF	K562	cell-line	cell-line	cell-line	minus	none	passed
ENCFF585KZB	ENCFF585KZB	ENCSR797SWM	ENCSR551LHV	BPNet	predicted signal profile	bigWig	ChIP-seq	MITF	K562	cell-line	cell-line	cell-line	minus	none	passed
ENCFF221GHC	ENCFF221GHC	ENCSR797SWM	ENCSR551LHV	BPNet	predicted signal profile	bigWig	ChIP-seq	MITF	K562	cell-line	cell-line	cell-line	plus	none	passed
ENCFF226JVA	ENCFF226JVA	ENCSR000FCB	ENCSR286KMC	BPNet	predicted signal profile	bigWig	ChIP-seq	MITF	K562	cell-line	cell-line	cell-line	plus	none	passed
ENCFF089TAY	ENCFF089TAY	ENCSR966PJY	ENCSR799OQI	BPNet	predicted signal profile	bigWig	ChIP-seq	MIXL1	HepG2	cell-line	cell-line	cell-line	minus	none	passed
ENCFF218YVE	ENCFF218YVE	ENCSR966PJY	ENCSR799OQI	BPNet	predicted signal profile	bigWig	ChIP-seq	MIXL1	HepG2	cell-line	cell-line	cell-line	plus	none	passed
ENCFF563HLB	ENCFF563HLB	ENCSR125DAD	ENCSR141QPF	BPNet	predicted signal profile	bigWig	ChIP-seq	MLX	HepG2	cell-line	cell-line	cell-line	minus	none	passed
ENCFF577TQI	ENCFF577TQI	ENCSR125DAD	ENCSR141QPF	BPNet	predicted signal profile	bigWig	ChIP-seq	MLX	HepG2	cell-line	cell-line	cell-line	plus	none	passed
ENCFF669JVL	ENCFF669JVL	ENCSR802UCW	ENCSR042HWF	BPNet	predicted signal profile	bigWig	ChIP-seq	MLXIP	HepG2	cell-line	cell-line	cell-line	minus	none	passed
ENCFF071XVD	ENCFF071XVD	ENCSR802UCW	ENCSR042HWF	BPNet	predicted signal profile	bigWig	ChIP-seq	MLXIP	HepG2	cell-line	cell-line	cell-line	plus	none	passed
ENCFF536XFC	ENCFF536XFC	ENCSR730TBC	ENCSR981BLG	BPNet	predicted signal profile	bigWig	ChIP-seq	MNT	HepG2	cell-line	cell-line	cell-line	minus	none	passed
ENCFF760IDP	ENCFF760IDP	ENCSR261EDU	ENCSR165AJR	BPNet	predicted signal profile	bigWig	ChIP-seq	MNT	HepG2	cell-line	cell-line	cell-line	minus	none	passed
ENCFF248WTB	ENCFF248WTB	ENCSR730TBC	ENCSR981BLG	BPNet	predicted signal profile	bigWig	ChIP-seq	MNT	HepG2	cell-line	cell-line	cell-line	plus	none	passed
ENCFF442AQS	ENCFF442AQS	ENCSR261EDU	ENCSR165AJR	BPNet	predicted signal profile	bigWig	ChIP-seq	MNT	HepG2	cell-line	cell-line	cell-line	plus	none	passed
ENCFF469IVV	ENCFF469IVV	ENCSR512NLO	ENCSR320KQY	BPNet	predicted signal profile	bigWig	ChIP-seq	MNT	K562	cell-line	cell-line	cell-line	minus	none	passed
ENCFF718QOG	ENCFF718QOG	ENCSR390VGH	ENCSR702FUG	BPNet	predicted signal profile	bigWig	ChIP-seq	MNT	K562	cell-line	cell-line	cell-line	minus	none	passed
ENCFF733XYM	ENCFF733XYM	ENCSR979QYJ	ENCSR796WXI	BPNet	predicted signal profile	bigWig	ChIP-seq	MNT	K562	cell-line	cell-line	cell-line	minus	none	passed
ENCFF671PAC	ENCFF671PAC	ENCSR512NLO	ENCSR320KQY	BPNet	predicted signal profile	bigWig	ChIP-seq	MNT	K562	cell-line	cell-line	cell-line	plus	none	passed
ENCFF714NUV	ENCFF714NUV	ENCSR390VGH	ENCSR702FUG	BPNet	predicted signal profile	bigWig	ChIP-seq	MNT	K562	cell-line	cell-line	cell-line	plus	none	passed
ENCFF874JWC	ENCFF874JWC	ENCSR979QYJ	ENCSR796WXI	BPNet	predicted signal profile	bigWig	ChIP-seq	MNT	K562	cell-line	cell-line	cell-line	plus	none	passed
ENCFF280XQJ	ENCFF280XQJ	ENCSR663ZZZ	ENCSR942KSS	BPNet	predicted signal profile	bigWig	ChIP-seq	MNT	MCF-7	cell-line	cell-line	cell-line	minus	none	passed
ENCFF263SWD	ENCFF263SWD	ENCSR663ZZZ	ENCSR942KSS	BPNet	predicted signal profile	bigWig	ChIP-seq	MNT	MCF-7	cell-line	cell-line	cell-line	plus	none	passed
ENCFF978MKN	ENCFF978MKN	ENCSR194NVP	ENCSR754RTF	BPNet	predicted signal profile	bigWig	ChIP-seq	MTF1	HepG2	cell-line	cell-line	cell-line	minus	none	passed
ENCFF444VGO	ENCFF444VGO	ENCSR194NVP	ENCSR754RTF	BPNet	predicted signal profile	bigWig	ChIP-seq	MTF1	HepG2	cell-line	cell-line	cell-line	plus	none	passed
ENCFF313OGB	ENCFF313OGB	ENCSR000DZI	ENCSR363LRQ	BPNet	predicted signal profile	bigWig	ChIP-seq	MXI1	GM12878	cell-line	cell-line	cell-line	minus	none	passed
ENCFF976UML	ENCFF976UML	ENCSR000DZI	ENCSR363LRQ	BPNet	predicted signal profile	bigWig	ChIP-seq	MXI1	GM12878	cell-line	cell-line	cell-line	plus	none	passed
ENCFF773DUP	ENCFF773DUP	ENCSR000EBR	ENCSR404AIR	BPNet	predicted signal profile	bigWig	ChIP-seq	MXI1	H1	cell-line	cell-line	cell-line	minus	none	passed
ENCFF089RMB	ENCFF089RMB	ENCSR000EBR	ENCSR404AIR	BPNet	predicted signal profile	bigWig	ChIP-seq	MXI1	H1	cell-line	cell-line	cell-line	plus	none	passed
ENCFF603KVU	ENCFF603KVU	ENCSR000ECU	ENCSR362OIW	BPNet	predicted signal profile	bigWig	ChIP-seq	MXI1	HeLa-S3	cell-line	cell-line	cell-line	minus	none	passed
ENCFF760HJD	ENCFF760HJD	ENCSR000ECU	ENCSR362OIW	BPNet	predicted signal profile	bigWig	ChIP-seq	MXI1	HeLa-S3	cell-line	cell-line	cell-line	plus	none	passed
ENCFF502YYW	ENCFF502YYW	ENCSR000EDU	ENCSR207EEE	BPNet	predicted signal profile	bigWig	ChIP-seq	MXI1	HepG2	cell-line	cell-line	cell-line	minus	none	passed
ENCFF078YDJ	ENCFF078YDJ	ENCSR000EDU	ENCSR207EEE	BPNet	predicted signal profile	bigWig	ChIP-seq	MXI1	HepG2	cell-line	cell-line	cell-line	plus	none	passed
ENCFF613TXA	ENCFF613TXA	ENCSR000EFE	ENCSR450MOL	BPNet	predicted signal profile	bigWig	ChIP-seq	MXI1	IMR-90	cell-line	cell-line	cell-line	minus	none	passed
ENCFF147CUZ	ENCFF147CUZ	ENCSR000EFE	ENCSR450MOL	BPNet	predicted signal profile	bigWig	ChIP-seq	MXI1	IMR-90	cell-line	cell-line	cell-line	plus	none	passed
ENCFF817JIB	ENCFF817JIB	ENCSR000EGZ	ENCSR574SIH	BPNet	predicted signal profile	bigWig	ChIP-seq	MXI1	K562	cell-line	cell-line	cell-line	minus	none	passed
ENCFF181SJP	ENCFF181SJP	ENCSR000EGZ	ENCSR574SIH	BPNet	predicted signal profile	bigWig	ChIP-seq	MXI1	K562	cell-line	cell-line	cell-line	plus	none	passed
ENCFF402BWS	ENCFF402BWS	ENCSR000EIA	ENCSR486KID	BPNet	predicted signal profile	bigWig	ChIP-seq	MXI1	SK-N-SH	cell-line	cell-line	cell-line	minus	none	passed
ENCFF088YAD	ENCFF088YAD	ENCSR000EIA	ENCSR486KID	BPNet	predicted signal profile	bigWig	ChIP-seq	MXI1	SK-N-SH	cell-line	cell-line	cell-line	plus	none	passed
ENCFF513SKR	ENCFF513SKR	ENCSR934NHU	ENCSR563HKR	BPNet	predicted signal profile	bigWig	ChIP-seq	MXI1	neural-cell	neural	nerve	central-nervous-system	minus	none	passed
ENCFF696EZM	ENCFF696EZM	ENCSR934NHU	ENCSR563HKR	BPNet	predicted signal profile	bigWig	ChIP-seq	MXI1	neural-cell	neural	nerve	central-nervous-system	plus	none	passed
ENCFF899NNQ	ENCFF899NNQ	ENCSR581KCO	ENCSR028NEG	BPNet	predicted signal profile	bigWig	ChIP-seq	MYBL2	HepG2	cell-line	cell-line	cell-line	minus	none	passed
ENCFF995ATH	ENCFF995ATH	ENCSR000BRO	ENCSR719FRN	BPNet	predicted signal profile	bigWig	ChIP-seq	MYBL2	HepG2	cell-line	cell-line	cell-line	minus	none	passed
ENCFF457YXA	ENCFF457YXA	ENCSR581KCO	ENCSR028NEG	BPNet	predicted signal profile	bigWig	ChIP-seq	MYBL2	HepG2	cell-line	cell-line	cell-line	plus	none	passed
ENCFF815FDF	ENCFF815FDF	ENCSR000BRO	ENCSR719FRN	BPNet	predicted signal profile	bigWig	ChIP-seq	MYBL2	HepG2	cell-line	cell-line	cell-line	plus	none	passed
ENCFF912ISP	ENCFF912ISP	ENCSR162IEM	ENCSR205DJP	BPNet	predicted signal profile	bigWig	ChIP-seq	MYBL2	K562	cell-line	cell-line	cell-line	minus	none	passed
ENCFF618KFW	ENCFF618KFW	ENCSR162IEM	ENCSR205DJP	BPNet	predicted signal profile	bigWig	ChIP-seq	MYBL2	K562	cell-line	cell-line	cell-line	plus	none	passed
ENCFF845SRM	ENCFF845SRM	ENCSR000DYC	ENCSR488KUW	BPNet	predicted signal profile	bigWig	ChIP-seq	MYC	A549	cell-line	cell-line	cell-line	minus	none	passed
ENCFF913OLX	ENCFF913OLX	ENCSR000DYC	ENCSR488KUW	BPNet	predicted signal profile	bigWig	ChIP-seq	MYC	A549	cell-line	cell-line	cell-line	plus	none	passed
ENCFF016MHF	ENCFF016MHF	ENCSR000EBY	ENCSR659ZTN	BPNet	predicted signal profile	bigWig	ChIP-seq	MYC	H1	cell-line	cell-line	cell-line	minus	none	passed
ENCFF861OUN	ENCFF861OUN	ENCSR000EBY	ENCSR659ZTN	BPNet	predicted signal profile	bigWig	ChIP-seq	MYC	H1	cell-line	cell-line	cell-line	plus	none	passed
ENCFF818LJO	ENCFF818LJO	ENCSR000EZD	ENCSR786SZX	BPNet	predicted signal profile	bigWig	ChIP-seq	MYC	HeLa-S3	cell-line	cell-line	cell-line	minus	none	passed
ENCFF220GVL	ENCFF220GVL	ENCSR000EZD	ENCSR786SZX	BPNet	predicted signal profile	bigWig	ChIP-seq	MYC	HeLa-S3	cell-line	cell-line	cell-line	plus	none	passed
ENCFF975CRA	ENCFF975CRA	ENCSR784BVD	ENCSR255YZO	BPNet	predicted signal profile	bigWig	ChIP-seq	MYC	HepG2	cell-line	cell-line	cell-line	minus	none	passed
ENCFF238FLN	ENCFF238FLN	ENCSR784BVD	ENCSR255YZO	BPNet	predicted signal profile	bigWig	ChIP-seq	MYC	HepG2	cell-line	cell-line	cell-line	plus	none	passed
ENCFF094ULA	ENCFF094ULA	ENCSR000EGJ	ENCSR391PGO	BPNet	predicted signal profile	bigWig	ChIP-seq	MYC	K562	cell-line	cell-line	cell-line	minus	none	passed
ENCFF126WHZ	ENCFF126WHZ	ENCSR000DLZ	ENCSR490UCL	BPNet	predicted signal profile	bigWig	ChIP-seq	MYC	K562	cell-line	cell-line	cell-line	minus	none	passed
ENCFF300WTQ	ENCFF300WTQ	ENCSR000EGS	ENCSR874LMM	BPNet	predicted signal profile	bigWig	ChIP-seq	MYC	K562	cell-line	cell-line	cell-line	minus	none	passed
ENCFF468BOQ	ENCFF468BOQ	ENCSR000FAZ	ENCSR232ZNL	BPNet	predicted signal profile	bigWig	ChIP-seq	MYC	K562	cell-line	cell-line	cell-line	minus	none	passed
ENCFF523DVA	ENCFF523DVA	ENCSR744JJU	ENCSR475EUF	BPNet	predicted signal profile	bigWig	ChIP-seq	MYC	K562	cell-line	cell-line	cell-line	minus	none	passed
ENCFF617JWC	ENCFF617JWC	ENCSR000EZU	ENCSR073AVM	BPNet	predicted signal profile	bigWig	ChIP-seq	MYC	K562	cell-line	cell-line	cell-line	minus	none	passed
ENCFF692FFQ	ENCFF692FFQ	ENCSR000EZV	ENCSR137NGE	BPNet	predicted signal profile	bigWig	ChIP-seq	MYC	K562	cell-line	cell-line	cell-line	minus	none	passed
ENCFF709QSE	ENCFF709QSE	ENCSR000FAG	ENCSR698FPV	BPNet	predicted signal profile	bigWig	ChIP-seq	MYC	K562	cell-line	cell-line	cell-line	minus	none	passed
ENCFF072UAV	ENCFF072UAV	ENCSR000EGJ	ENCSR391PGO	BPNet	predicted signal profile	bigWig	ChIP-seq	MYC	K562	cell-line	cell-line	cell-line	plus	none	passed
ENCFF261TON	ENCFF261TON	ENCSR000EZV	ENCSR137NGE	BPNet	predicted signal profile	bigWig	ChIP-seq	MYC	K562	cell-line	cell-line	cell-line	plus	none	passed
ENCFF293TER	ENCFF293TER	ENCSR000EGS	ENCSR874LMM	BPNet	predicted signal profile	bigWig	ChIP-seq	MYC	K562	cell-line	cell-line	cell-line	plus	none	passed
ENCFF341WFR	ENCFF341WFR	ENCSR744JJU	ENCSR475EUF	BPNet	predicted signal profile	bigWig	ChIP-seq	MYC	K562	cell-line	cell-line	cell-line	plus	none	passed
ENCFF362FPN	ENCFF362FPN	ENCSR000FAG	ENCSR698FPV	BPNet	predicted signal profile	bigWig	ChIP-seq	MYC	K562	cell-line	cell-line	cell-line	plus	none	passed
ENCFF579PVN	ENCFF579PVN	ENCSR000EZU	ENCSR073AVM	BPNet	predicted signal profile	bigWig	ChIP-seq	MYC	K562	cell-line	cell-line	cell-line	plus	none	passed
ENCFF695QBZ	ENCFF695QBZ	ENCSR000FAZ	ENCSR232ZNL	BPNet	predicted signal profile	bigWig	ChIP-seq	MYC	K562	cell-line	cell-line	cell-line	plus	none	passed
ENCFF761ZYP	ENCFF761ZYP	ENCSR000DLZ	ENCSR490UCL	BPNet	predicted signal profile	bigWig	ChIP-seq	MYC	K562	cell-line	cell-line	cell-line	plus	none	passed
ENCFF259SVZ	ENCFF259SVZ	ENCSR000DOS	ENCSR918OTZ	BPNet	predicted signal profile	bigWig	ChIP-seq	MYC	MCF-10A	cell-line	cell-line	cell-line	minus	none	passed
ENCFF749GJJ	ENCFF749GJJ	ENCSR000DOM	ENCSR079MXR	BPNet	predicted signal profile	bigWig	ChIP-seq	MYC	MCF-10A	cell-line	cell-line	cell-line	minus	none	passed
ENCFF167DFT	ENCFF167DFT	ENCSR000DOM	ENCSR079MXR	BPNet	predicted signal profile	bigWig	ChIP-seq	MYC	MCF-10A	cell-line	cell-line	cell-line	plus	none	passed
ENCFF349DLU	ENCFF349DLU	ENCSR000DOS	ENCSR918OTZ	BPNet	predicted signal profile	bigWig	ChIP-seq	MYC	MCF-10A	cell-line	cell-line	cell-line	plus	none	passed
ENCFF139MSK	ENCFF139MSK	ENCSR000DMJ	ENCSR842YFB	BPNet	predicted signal profile	bigWig	ChIP-seq	MYC	MCF-7	cell-line	cell-line	cell-line	minus	none	passed
ENCFF399UVK	ENCFF399UVK	ENCSR000DMM	ENCSR486QYR	BPNet	predicted signal profile	bigWig	ChIP-seq	MYC	MCF-7	cell-line	cell-line	cell-line	minus	none	passed
ENCFF944BLO	ENCFF944BLO	ENCSR000DMP	ENCSR289YVT	BPNet	predicted signal profile	bigWig	ChIP-seq	MYC	MCF-7	cell-line	cell-line	cell-line	minus	none	passed
ENCFF961MJC	ENCFF961MJC	ENCSR000DMQ	ENCSR510MGV	BPNet	predicted signal profile	bigWig	ChIP-seq	MYC	MCF-7	cell-line	cell-line	cell-line	minus	none	passed
ENCFF006JYY	ENCFF006JYY	ENCSR000DMJ	ENCSR842YFB	BPNet	predicted signal profile	bigWig	ChIP-seq	MYC	MCF-7	cell-line	cell-line	cell-line	plus	none	passed
ENCFF650SGW	ENCFF650SGW	ENCSR000DMM	ENCSR486QYR	BPNet	predicted signal profile	bigWig	ChIP-seq	MYC	MCF-7	cell-line	cell-line	cell-line	plus	none	passed
ENCFF829VOE	ENCFF829VOE	ENCSR000DMP	ENCSR289YVT	BPNet	predicted signal profile	bigWig	ChIP-seq	MYC	MCF-7	cell-line	cell-line	cell-line	plus	none	passed
ENCFF999DXX	ENCFF999DXX	ENCSR000DMQ	ENCSR510MGV	BPNet	predicted signal profile	bigWig	ChIP-seq	MYC	MCF-7	cell-line	cell-line	cell-line	plus	none	passed
ENCFF413GBE	ENCFF413GBE	ENCSR000EHR	ENCSR864IWY	BPNet	predicted signal profile	bigWig	ChIP-seq	MYC	NB4	cell-line	cell-line	cell-line	minus	none	passed
ENCFF022JVU	ENCFF022JVU	ENCSR000EHR	ENCSR864IWY	BPNet	predicted signal profile	bigWig	ChIP-seq	MYC	NB4	cell-line	cell-line	cell-line	plus	none	passed
ENCFF784RPA	ENCFF784RPA	ENCSR707BNG	ENCSR948VXG	BPNet	predicted signal profile	bigWig	ChIP-seq	MYNN	HEK293	cell-line	cell-line	cell-line	minus	none	passed
ENCFF758BHT	ENCFF758BHT	ENCSR707BNG	ENCSR948VXG	BPNet	predicted signal profile	bigWig	ChIP-seq	MYNN	HEK293	cell-line	cell-line	cell-line	plus	none	passed
ENCFF079OOI	ENCFF079OOI	ENCSR992KLV	ENCSR395MQN	BPNet	predicted signal profile	bigWig	ChIP-seq	MYNN	K562	cell-line	cell-line	cell-line	minus	none	passed
ENCFF243BOY	ENCFF243BOY	ENCSR737LTZ	ENCSR073PHB	BPNet	predicted signal profile	bigWig	ChIP-seq	MYNN	K562	cell-line	cell-line	cell-line	minus	none	passed
ENCFF067NPU	ENCFF067NPU	ENCSR992KLV	ENCSR395MQN	BPNet	predicted signal profile	bigWig	ChIP-seq	MYNN	K562	cell-line	cell-line	cell-line	plus	none	passed
ENCFF070SKP	ENCFF070SKP	ENCSR737LTZ	ENCSR073PHB	BPNet	predicted signal profile	bigWig	ChIP-seq	MYNN	K562	cell-line	cell-line	cell-line	plus	none	passed
ENCFF692KPU	ENCFF692KPU	ENCSR056SXR	ENCSR326TEK	BPNet	predicted signal profile	bigWig	ChIP-seq	MYPOP	HepG2	cell-line	cell-line	cell-line	minus	none	passed
ENCFF609BDS	ENCFF609BDS	ENCSR056SXR	ENCSR326TEK	BPNet	predicted signal profile	bigWig	ChIP-seq	MYPOP	HepG2	cell-line	cell-line	cell-line	plus	none	passed
ENCFF249OHX	ENCFF249OHX	ENCSR298QUH	ENCSR570SUC	BPNet	predicted signal profile	bigWig	ChIP-seq	MZF1	HEK293	cell-line	cell-line	cell-line	minus	none	passed
ENCFF389EGB	ENCFF389EGB	ENCSR298QUH	ENCSR570SUC	BPNet	predicted signal profile	bigWig	ChIP-seq	MZF1	HEK293	cell-line	cell-line	cell-line	plus	none	passed
ENCFF374EBI	ENCFF374EBI	ENCSR545ADB	ENCSR998XFJ	BPNet	predicted signal profile	bigWig	ChIP-seq	NACC2	HepG2	cell-line	cell-line	cell-line	minus	none	passed
ENCFF005GBM	ENCFF005GBM	ENCSR545ADB	ENCSR998XFJ	BPNet	predicted signal profile	bigWig	ChIP-seq	NACC2	HepG2	cell-line	cell-line	cell-line	plus	none	passed
ENCFF274YES	ENCFF274YES	ENCSR061DGF	ENCSR570MMB	BPNet	predicted signal profile	bigWig	ChIP-seq	NANOG	GM23338	cell-line	cell-line	cell-line	minus	none	passed
ENCFF397CXB	ENCFF397CXB	ENCSR061DGF	ENCSR570MMB	BPNet	predicted signal profile	bigWig	ChIP-seq	NANOG	GM23338	cell-line	cell-line	cell-line	plus	none	passed
ENCFF165ASB	ENCFF165ASB	ENCSR000BQL	ENCSR855QIU	BPNet	predicted signal profile	bigWig	ChIP-seq	NFATC1	GM12878	cell-line	cell-line	cell-line	minus	none	passed
ENCFF762FMW	ENCFF762FMW	ENCSR000BQL	ENCSR855QIU	BPNet	predicted signal profile	bigWig	ChIP-seq	NFATC1	GM12878	cell-line	cell-line	cell-line	plus	none	passed
ENCFF470AMY	ENCFF470AMY	ENCSR437GBJ	ENCSR764UVH	BPNet	predicted signal profile	bigWig	ChIP-seq	NFATC3	GM12878	cell-line	cell-line	cell-line	minus	none	passed
ENCFF352IGQ	ENCFF352IGQ	ENCSR437GBJ	ENCSR764UVH	BPNet	predicted signal profile	bigWig	ChIP-seq	NFATC3	GM12878	cell-line	cell-line	cell-line	plus	none	passed
ENCFF016PDC	ENCFF016PDC	ENCSR670FDA	ENCSR051TQJ	BPNet	predicted signal profile	bigWig	ChIP-seq	NFATC3	K562	cell-line	cell-line	cell-line	minus	none	passed
ENCFF850TMA	ENCFF850TMA	ENCSR670FDA	ENCSR051TQJ	BPNet	predicted signal profile	bigWig	ChIP-seq	NFATC3	K562	cell-line	cell-line	cell-line	plus	none	passed
ENCFF095SKP	ENCFF095SKP	ENCSR983FBD	ENCSR016LTD	BPNet	predicted signal profile	bigWig	ChIP-seq	NFE2	HepG2	cell-line	cell-line	cell-line	minus	none	passed
ENCFF541YJI	ENCFF541YJI	ENCSR983FBD	ENCSR016LTD	BPNet	predicted signal profile	bigWig	ChIP-seq	NFE2	HepG2	cell-line	cell-line	cell-line	plus	none	passed
ENCFF057CTQ	ENCFF057CTQ	ENCSR000FAF	ENCSR833AMA	BPNet	predicted signal profile	bigWig	ChIP-seq	NFE2	K562	cell-line	cell-line	cell-line	minus	none	passed
ENCFF501ZPQ	ENCFF501ZPQ	ENCSR552YGL	ENCSR714BAN	BPNet	predicted signal profile	bigWig	ChIP-seq	NFE2	K562	cell-line	cell-line	cell-line	minus	none	passed
ENCFF724YJD	ENCFF724YJD	ENCSR000FCC	ENCSR620LZN	BPNet	predicted signal profile	bigWig	ChIP-seq	NFE2	K562	cell-line	cell-line	cell-line	minus	none	passed
ENCFF443JLI	ENCFF443JLI	ENCSR000FCC	ENCSR620LZN	BPNet	predicted signal profile	bigWig	ChIP-seq	NFE2	K562	cell-line	cell-line	cell-line	plus	none	passed
ENCFF589WTF	ENCFF589WTF	ENCSR000FAF	ENCSR833AMA	BPNet	predicted signal profile	bigWig	ChIP-seq	NFE2	K562	cell-line	cell-line	cell-line	plus	none	passed
ENCFF955XOT	ENCFF955XOT	ENCSR552YGL	ENCSR714BAN	BPNet	predicted signal profile	bigWig	ChIP-seq	NFE2	K562	cell-line	cell-line	cell-line	plus	none	passed
ENCFF881ZBB	ENCFF881ZBB	ENCSR584GHV	ENCSR834TYB	BPNet	predicted signal profile	bigWig	ChIP-seq	NFE2L2	A549	cell-line	cell-line	cell-line	minus	none	passed
ENCFF270GIY	ENCFF270GIY	ENCSR584GHV	ENCSR834TYB	BPNet	predicted signal profile	bigWig	ChIP-seq	NFE2L2	A549	cell-line	cell-line	cell-line	plus	none	passed
ENCFF401POT	ENCFF401POT	ENCSR707IUN	ENCSR143VJB	BPNet	predicted signal profile	bigWig	ChIP-seq	NFE2L2	HeLa-S3	cell-line	cell-line	cell-line	minus	none	passed
ENCFF394OVA	ENCFF394OVA	ENCSR707IUN	ENCSR143VJB	BPNet	predicted signal profile	bigWig	ChIP-seq	NFE2L2	HeLa-S3	cell-line	cell-line	cell-line	plus	none	passed
ENCFF351ATA	ENCFF351ATA	ENCSR488EES	ENCSR301SDD	BPNet	predicted signal profile	bigWig	ChIP-seq	NFE2L2	HepG2	cell-line	cell-line	cell-line	minus	none	passed
ENCFF378YAQ	ENCFF378YAQ	ENCSR488EES	ENCSR301SDD	BPNet	predicted signal profile	bigWig	ChIP-seq	NFE2L2	HepG2	cell-line	cell-line	cell-line	plus	none	passed
ENCFF319ZLF	ENCFF319ZLF	ENCSR197WGI	ENCSR719DDK	BPNet	predicted signal profile	bigWig	ChIP-seq	NFE2L2	IMR-90	cell-line	cell-line	cell-line	minus	none	passed
ENCFF393HEP	ENCFF393HEP	ENCSR197WGI	ENCSR719DDK	BPNet	predicted signal profile	bigWig	ChIP-seq	NFE2L2	IMR-90	cell-line	cell-line	cell-line	plus	none	passed
ENCFF295JQJ	ENCFF295JQJ	ENCSR226QQM	ENCSR930KVA	BPNet	predicted signal profile	bigWig	ChIP-seq	NFIA	HepG2	cell-line	cell-line	cell-line	minus	none	passed
ENCFF591FGJ	ENCFF591FGJ	ENCSR226QQM	ENCSR930KVA	BPNet	predicted signal profile	bigWig	ChIP-seq	NFIA	HepG2	cell-line	cell-line	cell-line	plus	none	passed
ENCFF086BVA	ENCFF086BVA	ENCSR414WBQ	ENCSR279NFG	BPNet	predicted signal profile	bigWig	ChIP-seq	NFIB	HepG2	cell-line	cell-line	cell-line	minus	none	passed
ENCFF399BEP	ENCFF399BEP	ENCSR414WBQ	ENCSR279NFG	BPNet	predicted signal profile	bigWig	ChIP-seq	NFIB	HepG2	cell-line	cell-line	cell-line	plus	none	passed
ENCFF345IML	ENCFF345IML	ENCSR582ZOA	ENCSR705OPV	BPNet	predicted signal profile	bigWig	ChIP-seq	NFIB	MCF-7	cell-line	cell-line	cell-line	minus	none	passed
ENCFF884ZHU	ENCFF884ZHU	ENCSR702BYX	ENCSR903JQN	BPNet	predicted signal profile	bigWig	ChIP-seq	NFIB	MCF-7	cell-line	cell-line	cell-line	minus	none	passed
ENCFF099COA	ENCFF099COA	ENCSR702BYX	ENCSR903JQN	BPNet	predicted signal profile	bigWig	ChIP-seq	NFIB	MCF-7	cell-line	cell-line	cell-line	plus	none	passed
ENCFF573ABF	ENCFF573ABF	ENCSR582ZOA	ENCSR705OPV	BPNet	predicted signal profile	bigWig	ChIP-seq	NFIB	MCF-7	cell-line	cell-line	cell-line	plus	none	passed
ENCFF331WBR	ENCFF331WBR	ENCSR000BRN	ENCSR370SAQ	BPNet	predicted signal profile	bigWig	ChIP-seq	NFIC	GM12878	cell-line	cell-line	cell-line	minus	none	passed
ENCFF965TGO	ENCFF965TGO	ENCSR000BRN	ENCSR370SAQ	BPNet	predicted signal profile	bigWig	ChIP-seq	NFIC	GM12878	cell-line	cell-line	cell-line	plus	none	passed
ENCFF987TQR	ENCFF987TQR	ENCSR000BQX	ENCSR448HYK	BPNet	predicted signal profile	bigWig	ChIP-seq	NFIC	HepG2	cell-line	cell-line	cell-line	minus	none	passed
ENCFF290WPO	ENCFF290WPO	ENCSR000BQX	ENCSR448HYK	BPNet	predicted signal profile	bigWig	ChIP-seq	NFIC	HepG2	cell-line	cell-line	cell-line	plus	none	passed
ENCFF278RVV	ENCFF278RVV	ENCSR000BUT	ENCSR178HFG	BPNet	predicted signal profile	bigWig	ChIP-seq	NFIC	Ishikawa	cell-line	cell-line	cell-line	minus	none	passed
ENCFF235SFH	ENCFF235SFH	ENCSR000BUT	ENCSR178HFG	BPNet	predicted signal profile	bigWig	ChIP-seq	NFIC	Ishikawa	cell-line	cell-line	cell-line	plus	none	passed
ENCFF860BAD	ENCFF860BAD	ENCSR796ITY	ENCSR829TWW	BPNet	predicted signal profile	bigWig	ChIP-seq	NFIC	K562	cell-line	cell-line	cell-line	minus	none	passed
ENCFF239NDA	ENCFF239NDA	ENCSR796ITY	ENCSR829TWW	BPNet	predicted signal profile	bigWig	ChIP-seq	NFIC	K562	cell-line	cell-line	cell-line	plus	none	passed
ENCFF039PNM	ENCFF039PNM	ENCSR000BSV	ENCSR975ZPP	BPNet	predicted signal profile	bigWig	ChIP-seq	NFIC	SK-N-SH	cell-line	cell-line	cell-line	minus	none	passed
ENCFF139KNT	ENCFF139KNT	ENCSR000BSV	ENCSR975ZPP	BPNet	predicted signal profile	bigWig	ChIP-seq	NFIC	SK-N-SH	cell-line	cell-line	cell-line	plus	none	passed
ENCFF815RFR	ENCFF815RFR	ENCSR201GGK	ENCSR264TFB	BPNet	predicted signal profile	bigWig	ChIP-seq	NFIL3	HepG2	cell-line	cell-line	cell-line	minus	none	passed
ENCFF790HQD	ENCFF790HQD	ENCSR201GGK	ENCSR264TFB	BPNet	predicted signal profile	bigWig	ChIP-seq	NFIL3	HepG2	cell-line	cell-line	cell-line	plus	none	passed
ENCFF912LQL	ENCFF912LQL	ENCSR574VJG	ENCSR049VIS	BPNet	predicted signal profile	bigWig	ChIP-seq	NFIX	K562	cell-line	cell-line	cell-line	minus	none	passed
ENCFF987ZGT	ENCFF987ZGT	ENCSR574VJG	ENCSR049VIS	BPNet	predicted signal profile	bigWig	ChIP-seq	NFIX	K562	cell-line	cell-line	cell-line	plus	none	passed
ENCFF810OAH	ENCFF810OAH	ENCSR000DNN	ENCSR941VQC	BPNet	predicted signal profile	bigWig	ChIP-seq	NFYA	GM12878	cell-line	cell-line	cell-line	minus	none	passed
ENCFF247XGX	ENCFF247XGX	ENCSR000DNN	ENCSR941VQC	BPNet	predicted signal profile	bigWig	ChIP-seq	NFYA	GM12878	cell-line	cell-line	cell-line	plus	none	passed
ENCFF727JTN	ENCFF727JTN	ENCSR000DNS	ENCSR043YIY	BPNet	predicted signal profile	bigWig	ChIP-seq	NFYA	HeLa-S3	cell-line	cell-line	cell-line	minus	none	passed
ENCFF618NXM	ENCFF618NXM	ENCSR000DNS	ENCSR043YIY	BPNet	predicted signal profile	bigWig	ChIP-seq	NFYA	HeLa-S3	cell-line	cell-line	cell-line	plus	none	passed
ENCFF645ZBJ	ENCFF645ZBJ	ENCSR124APT	ENCSR871HZE	BPNet	predicted signal profile	bigWig	ChIP-seq	NFYA	HepG2	cell-line	cell-line	cell-line	minus	none	passed
ENCFF731XHC	ENCFF731XHC	ENCSR124APT	ENCSR871HZE	BPNet	predicted signal profile	bigWig	ChIP-seq	NFYA	HepG2	cell-line	cell-line	cell-line	plus	none	passed
ENCFF364PIW	ENCFF364PIW	ENCSR000EGR	ENCSR130BYS	BPNet	predicted signal profile	bigWig	ChIP-seq	NFYA	K562	cell-line	cell-line	cell-line	minus	none	passed
ENCFF816HOT	ENCFF816HOT	ENCSR163VTS	ENCSR549HCY	BPNet	predicted signal profile	bigWig	ChIP-seq	NFYA	K562	cell-line	cell-line	cell-line	minus	none	passed
ENCFF483JEZ	ENCFF483JEZ	ENCSR163VTS	ENCSR549HCY	BPNet	predicted signal profile	bigWig	ChIP-seq	NFYA	K562	cell-line	cell-line	cell-line	plus	none	passed
ENCFF853HLH	ENCFF853HLH	ENCSR000EGR	ENCSR130BYS	BPNet	predicted signal profile	bigWig	ChIP-seq	NFYA	K562	cell-line	cell-line	cell-line	plus	none	passed
ENCFF519GCK	ENCFF519GCK	ENCSR000DNM	ENCSR769ACL	BPNet	predicted signal profile	bigWig	ChIP-seq	NFYB	GM12878	cell-line	cell-line	cell-line	minus	none	passed
ENCFF968IQH	ENCFF968IQH	ENCSR000DNM	ENCSR769ACL	BPNet	predicted signal profile	bigWig	ChIP-seq	NFYB	GM12878	cell-line	cell-line	cell-line	plus	none	passed
ENCFF673HDB	ENCFF673HDB	ENCSR000DNR	ENCSR129DJF	BPNet	predicted signal profile	bigWig	ChIP-seq	NFYB	HeLa-S3	cell-line	cell-line	cell-line	minus	none	passed
ENCFF725KMQ	ENCFF725KMQ	ENCSR000DNR	ENCSR129DJF	BPNet	predicted signal profile	bigWig	ChIP-seq	NFYB	HeLa-S3	cell-line	cell-line	cell-line	plus	none	passed
ENCFF540HRU	ENCFF540HRU	ENCSR935GZV	ENCSR317XKM	BPNet	predicted signal profile	bigWig	ChIP-seq	NFYB	HepG2	cell-line	cell-line	cell-line	minus	none	passed
ENCFF713VCF	ENCFF713VCF	ENCSR935GZV	ENCSR317XKM	BPNet	predicted signal profile	bigWig	ChIP-seq	NFYB	HepG2	cell-line	cell-line	cell-line	plus	none	passed
ENCFF353ZEK	ENCFF353ZEK	ENCSR000EGQ	ENCSR821CQP	BPNet	predicted signal profile	bigWig	ChIP-seq	NFYB	K562	cell-line	cell-line	cell-line	minus	none	passed
ENCFF579RPE	ENCFF579RPE	ENCSR000EGQ	ENCSR821CQP	BPNet	predicted signal profile	bigWig	ChIP-seq	NFYB	K562	cell-line	cell-line	cell-line	plus	none	passed
ENCFF767XDG	ENCFF767XDG	ENCSR146UIC	ENCSR619ZLZ	BPNet	predicted signal profile	bigWig	ChIP-seq	NFYB	WTC11	cell-line	cell-line	cell-line	minus	none	passed
ENCFF657RSP	ENCFF657RSP	ENCSR146UIC	ENCSR619ZLZ	BPNet	predicted signal profile	bigWig	ChIP-seq	NFYB	WTC11	cell-line	cell-line	cell-line	plus	none	passed
ENCFF007EQH	ENCFF007EQH	ENCSR569ARC	ENCSR683SPA	BPNet	predicted signal profile	bigWig	ChIP-seq	NFYC	HepG2	cell-line	cell-line	cell-line	minus	none	passed
ENCFF016HIH	ENCFF016HIH	ENCSR569ARC	ENCSR683SPA	BPNet	predicted signal profile	bigWig	ChIP-seq	NFYC	HepG2	cell-line	cell-line	cell-line	plus	none	passed
ENCFF225WTL	ENCFF225WTL	ENCSR784VIQ	ENCSR989CSU	BPNet	predicted signal profile	bigWig	ChIP-seq	NR2C1	GM12878	cell-line	cell-line	cell-line	minus	none	passed
ENCFF375IHW	ENCFF375IHW	ENCSR784VIQ	ENCSR989CSU	BPNet	predicted signal profile	bigWig	ChIP-seq	NR2C1	GM12878	cell-line	cell-line	cell-line	plus	none	passed
ENCFF020VOD	ENCFF020VOD	ENCSR178DEG	ENCSR071NXN	BPNet	predicted signal profile	bigWig	ChIP-seq	NR2C1	K562	cell-line	cell-line	cell-line	minus	none	passed
ENCFF121ZEK	ENCFF121ZEK	ENCSR742IDN	ENCSR234QDQ	BPNet	predicted signal profile	bigWig	ChIP-seq	NR2C1	K562	cell-line	cell-line	cell-line	minus	none	passed
ENCFF042III	ENCFF042III	ENCSR742IDN	ENCSR234QDQ	BPNet	predicted signal profile	bigWig	ChIP-seq	NR2C1	K562	cell-line	cell-line	cell-line	plus	none	passed
ENCFF425GTN	ENCFF425GTN	ENCSR178DEG	ENCSR071NXN	BPNet	predicted signal profile	bigWig	ChIP-seq	NR2C1	K562	cell-line	cell-line	cell-line	plus	none	passed
ENCFF167QPI	ENCFF167QPI	ENCSR000EUL	ENCSR254CFS	BPNet	predicted signal profile	bigWig	ChIP-seq	NR2C2	GM12878	cell-line	cell-line	cell-line	minus	none	passed
ENCFF417XGJ	ENCFF417XGJ	ENCSR000EUL	ENCSR254CFS	BPNet	predicted signal profile	bigWig	ChIP-seq	NR2C2	GM12878	cell-line	cell-line	cell-line	plus	none	passed
ENCFF557BEH	ENCFF557BEH	ENCSR000EVN	ENCSR085ZRK	BPNet	predicted signal profile	bigWig	ChIP-seq	NR2C2	HeLa-S3	cell-line	cell-line	cell-line	minus	none	passed
ENCFF344XLA	ENCFF344XLA	ENCSR000EVN	ENCSR085ZRK	BPNet	predicted signal profile	bigWig	ChIP-seq	NR2C2	HeLa-S3	cell-line	cell-line	cell-line	plus	none	passed
ENCFF912WRR	ENCFF912WRR	ENCSR559ZKI	ENCSR820PTP	BPNet	predicted signal profile	bigWig	ChIP-seq	NR2C2	HepG2	cell-line	cell-line	cell-line	minus	none	passed
ENCFF920PMC	ENCFF920PMC	ENCSR000EVS	ENCSR258XPK	BPNet	predicted signal profile	bigWig	ChIP-seq	NR2C2	HepG2	cell-line	cell-line	cell-line	minus	none	passed
ENCFF534UTC	ENCFF534UTC	ENCSR000EVS	ENCSR258XPK	BPNet	predicted signal profile	bigWig	ChIP-seq	NR2C2	HepG2	cell-line	cell-line	cell-line	plus	none	passed
ENCFF638TLA	ENCFF638TLA	ENCSR559ZKI	ENCSR820PTP	BPNet	predicted signal profile	bigWig	ChIP-seq	NR2C2	HepG2	cell-line	cell-line	cell-line	plus	none	passed
ENCFF163GAM	ENCFF163GAM	ENCSR516SWI	ENCSR092JCQ	BPNet	predicted signal profile	bigWig	ChIP-seq	NR2C2	K562	cell-line	cell-line	cell-line	minus	none	passed
ENCFF441KDW	ENCFF441KDW	ENCSR750LYM	ENCSR424KNM	BPNet	predicted signal profile	bigWig	ChIP-seq	NR2C2	K562	cell-line	cell-line	cell-line	minus	none	passed
ENCFF239TMD	ENCFF239TMD	ENCSR516SWI	ENCSR092JCQ	BPNet	predicted signal profile	bigWig	ChIP-seq	NR2C2	K562	cell-line	cell-line	cell-line	plus	none	passed
ENCFF729TBV	ENCFF729TBV	ENCSR750LYM	ENCSR424KNM	BPNet	predicted signal profile	bigWig	ChIP-seq	NR2C2	K562	cell-line	cell-line	cell-line	plus	none	passed
ENCFF501ILM	ENCFF501ILM	ENCSR454GVT	ENCSR457LIE	BPNet	predicted signal profile	bigWig	ChIP-seq	NR2C2	WTC11	cell-line	cell-line	cell-line	minus	none	passed
ENCFF490WNO	ENCFF490WNO	ENCSR454GVT	ENCSR457LIE	BPNet	predicted signal profile	bigWig	ChIP-seq	NR2C2	WTC11	cell-line	cell-line	cell-line	plus	none	passed
ENCFF739NRC	ENCFF739NRC	ENCSR514VYD	ENCSR861AYR	BPNet	predicted signal profile	bigWig	ChIP-seq	NR2F1	GM12878	cell-line	cell-line	cell-line	minus	none	passed
ENCFF323QDT	ENCFF323QDT	ENCSR514VYD	ENCSR861AYR	BPNet	predicted signal profile	bigWig	ChIP-seq	NR2F1	GM12878	cell-line	cell-line	cell-line	plus	none	passed
ENCFF535GRL	ENCFF535GRL	ENCSR136OFY	ENCSR591QMC	BPNet	predicted signal profile	bigWig	ChIP-seq	NR2F1	HepG2	cell-line	cell-line	cell-line	minus	none	passed
ENCFF738WPU	ENCFF738WPU	ENCSR662EOU	ENCSR124SSR	BPNet	predicted signal profile	bigWig	ChIP-seq	NR2F1	HepG2	cell-line	cell-line	cell-line	minus	none	passed
ENCFF595QQL	ENCFF595QQL	ENCSR136OFY	ENCSR591QMC	BPNet	predicted signal profile	bigWig	ChIP-seq	NR2F1	HepG2	cell-line	cell-line	cell-line	plus	none	passed
ENCFF846CDO	ENCFF846CDO	ENCSR662EOU	ENCSR124SSR	BPNet	predicted signal profile	bigWig	ChIP-seq	NR2F1	HepG2	cell-line	cell-line	cell-line	plus	none	passed
ENCFF106GDJ	ENCFF106GDJ	ENCSR970NKQ	ENCSR871YCI	BPNet	predicted signal profile	bigWig	ChIP-seq	NR2F1	K562	cell-line	cell-line	cell-line	minus	none	passed
ENCFF517MDS	ENCFF517MDS	ENCSR970NKQ	ENCSR871YCI	BPNet	predicted signal profile	bigWig	ChIP-seq	NR2F1	K562	cell-line	cell-line	cell-line	plus	none	passed
ENCFF182ATR	ENCFF182ATR	ENCSR000BVM	ENCSR332AIQ	BPNet	predicted signal profile	bigWig	ChIP-seq	NR2F2	HepG2	cell-line	cell-line	cell-line	minus	none	passed
ENCFF612TDP	ENCFF612TDP	ENCSR000BVM	ENCSR332AIQ	BPNet	predicted signal profile	bigWig	ChIP-seq	NR2F2	HepG2	cell-line	cell-line	cell-line	plus	none	passed
ENCFF293WXR	ENCFF293WXR	ENCSR000BRS	ENCSR713NVW	BPNet	predicted signal profile	bigWig	ChIP-seq	NR2F2	K562	cell-line	cell-line	cell-line	minus	none	passed
ENCFF193NQG	ENCFF193NQG	ENCSR000BRS	ENCSR713NVW	BPNet	predicted signal profile	bigWig	ChIP-seq	NR2F2	K562	cell-line	cell-line	cell-line	plus	none	passed
ENCFF304JRJ	ENCFF304JRJ	ENCSR000BUY	ENCSR883SOG	BPNet	predicted signal profile	bigWig	ChIP-seq	NR2F2	MCF-7	cell-line	cell-line	cell-line	minus	none	passed
ENCFF837QIV	ENCFF837QIV	ENCSR000BUY	ENCSR883SOG	BPNet	predicted signal profile	bigWig	ChIP-seq	NR2F2	MCF-7	cell-line	cell-line	cell-line	plus	none	passed
ENCFF341YEC	ENCFF341YEC	ENCSR338MMB	ENCSR168OJP	BPNet	predicted signal profile	bigWig	ChIP-seq	NR2F2	liver	liver	liver	digestive-system	minus	none	passed
ENCFF432GOO	ENCFF432GOO	ENCSR168SMX	ENCSR457NZG	BPNet	predicted signal profile	bigWig	ChIP-seq	NR2F2	liver	liver	liver	digestive-system	minus	none	passed
ENCFF402WBS	ENCFF402WBS	ENCSR168SMX	ENCSR457NZG	BPNet	predicted signal profile	bigWig	ChIP-seq	NR2F2	liver	liver	liver	digestive-system	plus	none	passed
ENCFF680LCE	ENCFF680LCE	ENCSR338MMB	ENCSR168OJP	BPNet	predicted signal profile	bigWig	ChIP-seq	NR2F2	liver	liver	liver	digestive-system	plus	none	passed
ENCFF028FYK	ENCFF028FYK	ENCSR518WPL	ENCSR759JDH	BPNet	predicted signal profile	bigWig	ChIP-seq	NR2F6	HepG2	cell-line	cell-line	cell-line	minus	none	passed
ENCFF570JVI	ENCFF570JVI	ENCSR798IJO	ENCSR390ZVY	BPNet	predicted signal profile	bigWig	ChIP-seq	NR2F6	HepG2	cell-line	cell-line	cell-line	minus	none	passed
ENCFF017IJD	ENCFF017IJD	ENCSR798IJO	ENCSR390ZVY	BPNet	predicted signal profile	bigWig	ChIP-seq	NR2F6	HepG2	cell-line	cell-line	cell-line	plus	none	passed
ENCFF116AUJ	ENCFF116AUJ	ENCSR518WPL	ENCSR759JDH	BPNet	predicted signal profile	bigWig	ChIP-seq	NR2F6	HepG2	cell-line	cell-line	cell-line	plus	none	passed
ENCFF873IEG	ENCFF873IEG	ENCSR707QWA	ENCSR190HFL	BPNet	predicted signal profile	bigWig	ChIP-seq	NR2F6	K562	cell-line	cell-line	cell-line	minus	none	passed
ENCFF888YTE	ENCFF888YTE	ENCSR087TYG	ENCSR168LQY	BPNet	predicted signal profile	bigWig	ChIP-seq	NR2F6	K562	cell-line	cell-line	cell-line	minus	none	passed
ENCFF158WDM	ENCFF158WDM	ENCSR087TYG	ENCSR168LQY	BPNet	predicted signal profile	bigWig	ChIP-seq	NR2F6	K562	cell-line	cell-line	cell-line	plus	none	passed
ENCFF545IMV	ENCFF545IMV	ENCSR707QWA	ENCSR190HFL	BPNet	predicted signal profile	bigWig	ChIP-seq	NR2F6	K562	cell-line	cell-line	cell-line	plus	none	passed
ENCFF092KYF	ENCFF092KYF	ENCSR471EKW	ENCSR885SKN	BPNet	predicted signal profile	bigWig	ChIP-seq	NR3C1	A549	cell-line	cell-line	cell-line	minus	none	passed
ENCFF115PLD	ENCFF115PLD	ENCSR424JOE	ENCSR480CPV	BPNet	predicted signal profile	bigWig	ChIP-seq	NR3C1	A549	cell-line	cell-line	cell-line	minus	none	passed
ENCFF323PWE	ENCFF323PWE	ENCSR773NQB	ENCSR865TVN	BPNet	predicted signal profile	bigWig	ChIP-seq	NR3C1	A549	cell-line	cell-line	cell-line	minus	none	passed
ENCFF464XJW	ENCFF464XJW	ENCSR287FWE	ENCSR589BOE	BPNet	predicted signal profile	bigWig	ChIP-seq	NR3C1	A549	cell-line	cell-line	cell-line	minus	none	passed
ENCFF710EWV	ENCFF710EWV	ENCSR952GOL	ENCSR352KUO	BPNet	predicted signal profile	bigWig	ChIP-seq	NR3C1	A549	cell-line	cell-line	cell-line	minus	none	passed
ENCFF787KKT	ENCFF787KKT	ENCSR857QEA	ENCSR475WFL	BPNet	predicted signal profile	bigWig	ChIP-seq	NR3C1	A549	cell-line	cell-line	cell-line	minus	none	passed
ENCFF788IHR	ENCFF788IHR	ENCSR908AOO	ENCSR538QXL	BPNet	predicted signal profile	bigWig	ChIP-seq	NR3C1	A549	cell-line	cell-line	cell-line	minus	none	passed
ENCFF846OPW	ENCFF846OPW	ENCSR919OXR	ENCSR171TAJ	BPNet	predicted signal profile	bigWig	ChIP-seq	NR3C1	A549	cell-line	cell-line	cell-line	minus	none	passed
ENCFF879JMN	ENCFF879JMN	ENCSR686PFM	ENCSR200MKB	BPNet	predicted signal profile	bigWig	ChIP-seq	NR3C1	A549	cell-line	cell-line	cell-line	minus	none	passed
ENCFF882OZI	ENCFF882OZI	ENCSR458VTP	ENCSR788MPQ	BPNet	predicted signal profile	bigWig	ChIP-seq	NR3C1	A549	cell-line	cell-line	cell-line	minus	none	passed
ENCFF896RBB	ENCFF896RBB	ENCSR660RYY	ENCSR567LVX	BPNet	predicted signal profile	bigWig	ChIP-seq	NR3C1	A549	cell-line	cell-line	cell-line	minus	none	passed
ENCFF920LAN	ENCFF920LAN	ENCSR720DXT	ENCSR072HFH	BPNet	predicted signal profile	bigWig	ChIP-seq	NR3C1	A549	cell-line	cell-line	cell-line	minus	none	passed
ENCFF945SHM	ENCFF945SHM	ENCSR385RUW	ENCSR882RIC	BPNet	predicted signal profile	bigWig	ChIP-seq	NR3C1	A549	cell-line	cell-line	cell-line	minus	none	passed
ENCFF980YKU	ENCFF980YKU	ENCSR070VXO	ENCSR368FNT	BPNet	predicted signal profile	bigWig	ChIP-seq	NR3C1	A549	cell-line	cell-line	cell-line	minus	none	passed
ENCFF985AGF	ENCFF985AGF	ENCSR255CTA	ENCSR306DVJ	BPNet	predicted signal profile	bigWig	ChIP-seq	NR3C1	A549	cell-line	cell-line	cell-line	minus	none	passed
ENCFF005FLG	ENCFF005FLG	ENCSR660RYY	ENCSR567LVX	BPNet	predicted signal profile	bigWig	ChIP-seq	NR3C1	A549	cell-line	cell-line	cell-line	plus	none	passed
ENCFF029QLF	ENCFF029QLF	ENCSR773NQB	ENCSR865TVN	BPNet	predicted signal profile	bigWig	ChIP-seq	NR3C1	A549	cell-line	cell-line	cell-line	plus	none	passed
ENCFF067GPQ	ENCFF067GPQ	ENCSR458VTP	ENCSR788MPQ	BPNet	predicted signal profile	bigWig	ChIP-seq	NR3C1	A549	cell-line	cell-line	cell-line	plus	none	passed
ENCFF115JBQ	ENCFF115JBQ	ENCSR424JOE	ENCSR480CPV	BPNet	predicted signal profile	bigWig	ChIP-seq	NR3C1	A549	cell-line	cell-line	cell-line	plus	none	passed
ENCFF151AUY	ENCFF151AUY	ENCSR070VXO	ENCSR368FNT	BPNet	predicted signal profile	bigWig	ChIP-seq	NR3C1	A549	cell-line	cell-line	cell-line	plus	none	passed
ENCFF204EKS	ENCFF204EKS	ENCSR857QEA	ENCSR475WFL	BPNet	predicted signal profile	bigWig	ChIP-seq	NR3C1	A549	cell-line	cell-line	cell-line	plus	none	passed
ENCFF205DAR	ENCFF205DAR	ENCSR720DXT	ENCSR072HFH	BPNet	predicted signal profile	bigWig	ChIP-seq	NR3C1	A549	cell-line	cell-line	cell-line	plus	none	passed
ENCFF419CPB	ENCFF419CPB	ENCSR952GOL	ENCSR352KUO	BPNet	predicted signal profile	bigWig	ChIP-seq	NR3C1	A549	cell-line	cell-line	cell-line	plus	none	passed
ENCFF659QUL	ENCFF659QUL	ENCSR287FWE	ENCSR589BOE	BPNet	predicted signal profile	bigWig	ChIP-seq	NR3C1	A549	cell-line	cell-line	cell-line	plus	none	passed
ENCFF679XOP	ENCFF679XOP	ENCSR919OXR	ENCSR171TAJ	BPNet	predicted signal profile	bigWig	ChIP-seq	NR3C1	A549	cell-line	cell-line	cell-line	plus	none	passed
ENCFF842VRG	ENCFF842VRG	ENCSR686PFM	ENCSR200MKB	BPNet	predicted signal profile	bigWig	ChIP-seq	NR3C1	A549	cell-line	cell-line	cell-line	plus	none	passed
ENCFF870WFQ	ENCFF870WFQ	ENCSR255CTA	ENCSR306DVJ	BPNet	predicted signal profile	bigWig	ChIP-seq	NR3C1	A549	cell-line	cell-line	cell-line	plus	none	passed
ENCFF908HVA	ENCFF908HVA	ENCSR908AOO	ENCSR538QXL	BPNet	predicted signal profile	bigWig	ChIP-seq	NR3C1	A549	cell-line	cell-line	cell-line	plus	none	passed
ENCFF969QMV	ENCFF969QMV	ENCSR471EKW	ENCSR885SKN	BPNet	predicted signal profile	bigWig	ChIP-seq	NR3C1	A549	cell-line	cell-line	cell-line	plus	none	passed
ENCFF977BQQ	ENCFF977BQQ	ENCSR385RUW	ENCSR882RIC	BPNet	predicted signal profile	bigWig	ChIP-seq	NR3C1	A549	cell-line	cell-line	cell-line	plus	none	passed
ENCFF544WNN	ENCFF544WNN	ENCSR310OZS	ENCSR647CHM	BPNet	predicted signal profile	bigWig	ChIP-seq	NR5A1	HepG2	cell-line	cell-line	cell-line	minus	none	passed
ENCFF523QMT	ENCFF523QMT	ENCSR310OZS	ENCSR647CHM	BPNet	predicted signal profile	bigWig	ChIP-seq	NR5A1	HepG2	cell-line	cell-line	cell-line	plus	none	passed
ENCFF398VRY	ENCFF398VRY	ENCSR190GIW	ENCSR357CBX	BPNet	predicted signal profile	bigWig	ChIP-seq	NR5A2	A549	cell-line	cell-line	cell-line	minus	none	passed
ENCFF037KFP	ENCFF037KFP	ENCSR190GIW	ENCSR357CBX	BPNet	predicted signal profile	bigWig	ChIP-seq	NR5A2	A549	cell-line	cell-line	cell-line	plus	none	passed
ENCFF783MKV	ENCFF783MKV	ENCSR000DZO	ENCSR661AQY	BPNet	predicted signal profile	bigWig	ChIP-seq	NRF1	GM12878	cell-line	cell-line	cell-line	minus	none	passed
ENCFF686YTJ	ENCFF686YTJ	ENCSR000DZO	ENCSR661AQY	BPNet	predicted signal profile	bigWig	ChIP-seq	NRF1	GM12878	cell-line	cell-line	cell-line	plus	none	passed
ENCFF439FJM	ENCFF439FJM	ENCSR000ECC	ENCSR210HYL	BPNet	predicted signal profile	bigWig	ChIP-seq	NRF1	H1	cell-line	cell-line	cell-line	minus	none	passed
ENCFF946OLB	ENCFF946OLB	ENCSR000ECC	ENCSR210HYL	BPNet	predicted signal profile	bigWig	ChIP-seq	NRF1	H1	cell-line	cell-line	cell-line	plus	none	passed
ENCFF775DLJ	ENCFF775DLJ	ENCSR000EDJ	ENCSR570WGA	BPNet	predicted signal profile	bigWig	ChIP-seq	NRF1	HeLa-S3	cell-line	cell-line	cell-line	minus	none	passed
ENCFF218WGN	ENCFF218WGN	ENCSR000EDJ	ENCSR570WGA	BPNet	predicted signal profile	bigWig	ChIP-seq	NRF1	HeLa-S3	cell-line	cell-line	cell-line	plus	none	passed
ENCFF124JJO	ENCFF124JJO	ENCSR853ADA	ENCSR920BWT	BPNet	predicted signal profile	bigWig	ChIP-seq	NRF1	HepG2	cell-line	cell-line	cell-line	minus	none	passed
ENCFF830IIK	ENCFF830IIK	ENCSR000EEH	ENCSR356BZM	BPNet	predicted signal profile	bigWig	ChIP-seq	NRF1	HepG2	cell-line	cell-line	cell-line	minus	none	passed
ENCFF853XXR	ENCFF853XXR	ENCSR689JMY	ENCSR904TGB	BPNet	predicted signal profile	bigWig	ChIP-seq	NRF1	HepG2	cell-line	cell-line	cell-line	minus	none	passed
ENCFF430JXN	ENCFF430JXN	ENCSR000EEH	ENCSR356BZM	BPNet	predicted signal profile	bigWig	ChIP-seq	NRF1	HepG2	cell-line	cell-line	cell-line	plus	none	passed
ENCFF616DIN	ENCFF616DIN	ENCSR689JMY	ENCSR904TGB	BPNet	predicted signal profile	bigWig	ChIP-seq	NRF1	HepG2	cell-line	cell-line	cell-line	plus	none	passed
ENCFF621IQT	ENCFF621IQT	ENCSR853ADA	ENCSR920BWT	BPNet	predicted signal profile	bigWig	ChIP-seq	NRF1	HepG2	cell-line	cell-line	cell-line	plus	none	passed
ENCFF161QKW	ENCFF161QKW	ENCSR494TDU	ENCSR565KGD	BPNet	predicted signal profile	bigWig	ChIP-seq	NRF1	K562	cell-line	cell-line	cell-line	minus	none	passed
ENCFF540VQC	ENCFF540VQC	ENCSR000EHH	ENCSR344GIT	BPNet	predicted signal profile	bigWig	ChIP-seq	NRF1	K562	cell-line	cell-line	cell-line	minus	none	passed
ENCFF598KVY	ENCFF598KVY	ENCSR998AJK	ENCSR241UYL	BPNet	predicted signal profile	bigWig	ChIP-seq	NRF1	K562	cell-line	cell-line	cell-line	minus	none	passed
ENCFF887IAF	ENCFF887IAF	ENCSR837EYC	ENCSR401AOR	BPNet	predicted signal profile	bigWig	ChIP-seq	NRF1	K562	cell-line	cell-line	cell-line	minus	none	passed
ENCFF076LLB	ENCFF076LLB	ENCSR837EYC	ENCSR401AOR	BPNet	predicted signal profile	bigWig	ChIP-seq	NRF1	K562	cell-line	cell-line	cell-line	plus	none	passed
ENCFF190KHO	ENCFF190KHO	ENCSR000EHH	ENCSR344GIT	BPNet	predicted signal profile	bigWig	ChIP-seq	NRF1	K562	cell-line	cell-line	cell-line	plus	none	passed
ENCFF506JQO	ENCFF506JQO	ENCSR494TDU	ENCSR565KGD	BPNet	predicted signal profile	bigWig	ChIP-seq	NRF1	K562	cell-line	cell-line	cell-line	plus	none	passed
ENCFF986BAZ	ENCFF986BAZ	ENCSR998AJK	ENCSR241UYL	BPNet	predicted signal profile	bigWig	ChIP-seq	NRF1	K562	cell-line	cell-line	cell-line	plus	none	passed
ENCFF525YOV	ENCFF525YOV	ENCSR135ANT	ENCSR214IZN	BPNet	predicted signal profile	bigWig	ChIP-seq	NRF1	MCF-7	cell-line	cell-line	cell-line	minus	none	passed
ENCFF213HCL	ENCFF213HCL	ENCSR135ANT	ENCSR214IZN	BPNet	predicted signal profile	bigWig	ChIP-seq	NRF1	MCF-7	cell-line	cell-line	cell-line	plus	none	passed
ENCFF352SZK	ENCFF352SZK	ENCSR000EHZ	ENCSR782UXR	BPNet	predicted signal profile	bigWig	ChIP-seq	NRF1	SK-N-SH	cell-line	cell-line	cell-line	minus	none	passed
ENCFF076AIK	ENCFF076AIK	ENCSR000EHZ	ENCSR782UXR	BPNet	predicted signal profile	bigWig	ChIP-seq	NRF1	SK-N-SH	cell-line	cell-line	cell-line	plus	none	passed
ENCFF630YZA	ENCFF630YZA	ENCSR956OSX	ENCSR181GHL	BPNet	predicted signal profile	bigWig	ChIP-seq	ONECUT1	HepG2	cell-line	cell-line	cell-line	minus	none	passed
ENCFF201TLL	ENCFF201TLL	ENCSR956OSX	ENCSR181GHL	BPNet	predicted signal profile	bigWig	ChIP-seq	ONECUT1	HepG2	cell-line	cell-line	cell-line	plus	none	passed
ENCFF857RDV	ENCFF857RDV	ENCSR661PKJ	ENCSR030NUO	BPNet	predicted signal profile	bigWig	ChIP-seq	ONECUT2	HepG2	cell-line	cell-line	cell-line	minus	none	passed
ENCFF564PND	ENCFF564PND	ENCSR661PKJ	ENCSR030NUO	BPNet	predicted signal profile	bigWig	ChIP-seq	ONECUT2	HepG2	cell-line	cell-line	cell-line	plus	none	passed
ENCFF342SRI	ENCFF342SRI	ENCSR324LTM	ENCSR685EWN	BPNet	predicted signal profile	bigWig	ChIP-seq	OSR2	HEK293	cell-line	cell-line	cell-line	minus	none	passed
ENCFF534WML	ENCFF534WML	ENCSR324LTM	ENCSR685EWN	BPNet	predicted signal profile	bigWig	ChIP-seq	OSR2	HEK293	cell-line	cell-line	cell-line	plus	none	passed
ENCFF767IRT	ENCFF767IRT	ENCSR475ZYA	ENCSR929JHW	BPNet	predicted signal profile	bigWig	ChIP-seq	OTX1	K562	cell-line	cell-line	cell-line	minus	none	passed
ENCFF594EFG	ENCFF594EFG	ENCSR475ZYA	ENCSR929JHW	BPNet	predicted signal profile	bigWig	ChIP-seq	OTX1	K562	cell-line	cell-line	cell-line	plus	none	passed
ENCFF956LHC	ENCFF956LHC	ENCSR004HEA	ENCSR248HLP	BPNet	predicted signal profile	bigWig	ChIP-seq	OTX2	WTC11	cell-line	cell-line	cell-line	minus	none	passed
ENCFF802QVM	ENCFF802QVM	ENCSR004HEA	ENCSR248HLP	BPNet	predicted signal profile	bigWig	ChIP-seq	OTX2	WTC11	cell-line	cell-line	cell-line	plus	none	passed
ENCFF639XJS	ENCFF639XJS	ENCSR829WBA	ENCSR446WNF	BPNet	predicted signal profile	bigWig	ChIP-seq	OVOL1	MCF-7	cell-line	cell-line	cell-line	minus	none	passed
ENCFF470QAH	ENCFF470QAH	ENCSR829WBA	ENCSR446WNF	BPNet	predicted signal profile	bigWig	ChIP-seq	OVOL1	MCF-7	cell-line	cell-line	cell-line	plus	none	passed
ENCFF877GJS	ENCFF877GJS	ENCSR966ULI	ENCSR024NUR	BPNet	predicted signal profile	bigWig	ChIP-seq	PATZ1	HEK293	cell-line	cell-line	cell-line	minus	none	passed
ENCFF817RGS	ENCFF817RGS	ENCSR966ULI	ENCSR024NUR	BPNet	predicted signal profile	bigWig	ChIP-seq	PATZ1	HEK293	cell-line	cell-line	cell-line	plus	none	passed
ENCFF788XFP	ENCFF788XFP	ENCSR658YLN	ENCSR507HQC	BPNet	predicted signal profile	bigWig	ChIP-seq	PATZ1	HepG2	cell-line	cell-line	cell-line	minus	none	passed
ENCFF507KDR	ENCFF507KDR	ENCSR658YLN	ENCSR507HQC	BPNet	predicted signal profile	bigWig	ChIP-seq	PATZ1	HepG2	cell-line	cell-line	cell-line	plus	none	passed
ENCFF239WTG	ENCFF239WTG	ENCSR969AIM	ENCSR712MTB	BPNet	predicted signal profile	bigWig	ChIP-seq	PATZ1	SK-N-SH	cell-line	cell-line	cell-line	minus	none	passed
ENCFF328KPJ	ENCFF328KPJ	ENCSR969AIM	ENCSR712MTB	BPNet	predicted signal profile	bigWig	ChIP-seq	PATZ1	SK-N-SH	cell-line	cell-line	cell-line	plus	none	passed
ENCFF326TYV	ENCFF326TYV	ENCSR000BHJ	ENCSR040PVF	BPNet	predicted signal profile	bigWig	ChIP-seq	PAX5	GM12878	cell-line	cell-line	cell-line	minus	none	passed
ENCFF330YJN	ENCFF330YJN	ENCSR000BHD	ENCSR273TEU	BPNet	predicted signal profile	bigWig	ChIP-seq	PAX5	GM12878	cell-line	cell-line	cell-line	minus	none	passed
ENCFF710SDA	ENCFF710SDA	ENCSR000BHD	ENCSR273TEU	BPNet	predicted signal profile	bigWig	ChIP-seq	PAX5	GM12878	cell-line	cell-line	cell-line	plus	none	passed
ENCFF850XZH	ENCFF850XZH	ENCSR000BHJ	ENCSR040PVF	BPNet	predicted signal profile	bigWig	ChIP-seq	PAX5	GM12878	cell-line	cell-line	cell-line	plus	none	passed
ENCFF924XNC	ENCFF924XNC	ENCSR000BJI	ENCSR387UVY	BPNet	predicted signal profile	bigWig	ChIP-seq	PAX5	GM12892	cell-line	cell-line	cell-line	minus	none	passed
ENCFF247BUJ	ENCFF247BUJ	ENCSR000BJI	ENCSR387UVY	BPNet	predicted signal profile	bigWig	ChIP-seq	PAX5	GM12892	cell-line	cell-line	cell-line	plus	none	passed
ENCFF372BKN	ENCFF372BKN	ENCSR192AFN	ENCSR113JWW	BPNet	predicted signal profile	bigWig	ChIP-seq	PAX8	GM12878	cell-line	cell-line	cell-line	minus	none	passed
ENCFF481CLE	ENCFF481CLE	ENCSR192AFN	ENCSR113JWW	BPNet	predicted signal profile	bigWig	ChIP-seq	PAX8	GM12878	cell-line	cell-line	cell-line	plus	none	passed
ENCFF653SJS	ENCFF653SJS	ENCSR637RKG	ENCSR433EIH	BPNet	predicted signal profile	bigWig	ChIP-seq	PBX1	A549	cell-line	cell-line	cell-line	minus	none	passed
ENCFF368DMA	ENCFF368DMA	ENCSR637RKG	ENCSR433EIH	BPNet	predicted signal profile	bigWig	ChIP-seq	PBX1	A549	cell-line	cell-line	cell-line	plus	none	passed
ENCFF714JIJ	ENCFF714JIJ	ENCSR849DFF	ENCSR636OJZ	BPNet	predicted signal profile	bigWig	ChIP-seq	PBX2	HepG2	cell-line	cell-line	cell-line	minus	none	passed
ENCFF916GYT	ENCFF916GYT	ENCSR849DFF	ENCSR636OJZ	BPNet	predicted signal profile	bigWig	ChIP-seq	PBX2	HepG2	cell-line	cell-line	cell-line	plus	none	passed
ENCFF343TEK	ENCFF343TEK	ENCSR263DFP	ENCSR551HZJ	BPNet	predicted signal profile	bigWig	ChIP-seq	PBX2	K562	cell-line	cell-line	cell-line	minus	none	passed
ENCFF443GCF	ENCFF443GCF	ENCSR633EIC	ENCSR745SNO	BPNet	predicted signal profile	bigWig	ChIP-seq	PBX2	K562	cell-line	cell-line	cell-line	minus	none	passed
ENCFF474BBO	ENCFF474BBO	ENCSR263DFP	ENCSR551HZJ	BPNet	predicted signal profile	bigWig	ChIP-seq	PBX2	K562	cell-line	cell-line	cell-line	plus	none	passed
ENCFF714NPF	ENCFF714NPF	ENCSR633EIC	ENCSR745SNO	BPNet	predicted signal profile	bigWig	ChIP-seq	PBX2	K562	cell-line	cell-line	cell-line	plus	none	passed
ENCFF911IOO	ENCFF911IOO	ENCSR000BTN	ENCSR087MEY	BPNet	predicted signal profile	bigWig	ChIP-seq	PBX3	A549	cell-line	cell-line	cell-line	minus	none	passed
ENCFF114BGA	ENCFF114BGA	ENCSR000BTN	ENCSR087MEY	BPNet	predicted signal profile	bigWig	ChIP-seq	PBX3	A549	cell-line	cell-line	cell-line	plus	none	passed
ENCFF151XSO	ENCFF151XSO	ENCSR000BGR	ENCSR101PVF	BPNet	predicted signal profile	bigWig	ChIP-seq	PBX3	GM12878	cell-line	cell-line	cell-line	minus	none	passed
ENCFF847MIU	ENCFF847MIU	ENCSR000BGR	ENCSR101PVF	BPNet	predicted signal profile	bigWig	ChIP-seq	PBX3	GM12878	cell-line	cell-line	cell-line	plus	none	passed
ENCFF913ZXM	ENCFF913ZXM	ENCSR865HXK	ENCSR645VWV	BPNet	predicted signal profile	bigWig	ChIP-seq	PBX3	HEK293	cell-line	cell-line	cell-line	minus	none	passed
ENCFF135XKJ	ENCFF135XKJ	ENCSR865HXK	ENCSR645VWV	BPNet	predicted signal profile	bigWig	ChIP-seq	PBX3	HEK293	cell-line	cell-line	cell-line	plus	none	passed
ENCFF054UTC	ENCFF054UTC	ENCSR000BVE	ENCSR592CCC	BPNet	predicted signal profile	bigWig	ChIP-seq	PBX3	SK-N-SH	cell-line	cell-line	cell-line	minus	none	passed
ENCFF800CYT	ENCFF800CYT	ENCSR000BVE	ENCSR592CCC	BPNet	predicted signal profile	bigWig	ChIP-seq	PBX3	SK-N-SH	cell-line	cell-line	cell-line	plus	none	passed
ENCFF458TSX	ENCFF458TSX	ENCSR374MAS	ENCSR531XTW	BPNet	predicted signal profile	bigWig	ChIP-seq	PITX1	HepG2	cell-line	cell-line	cell-line	minus	none	passed
ENCFF753NBQ	ENCFF753NBQ	ENCSR374MAS	ENCSR531XTW	BPNet	predicted signal profile	bigWig	ChIP-seq	PITX1	HepG2	cell-line	cell-line	cell-line	plus	none	passed
ENCFF771LHS	ENCFF771LHS	ENCSR711XNY	ENCSR001IUM	BPNet	predicted signal profile	bigWig	ChIP-seq	PKNOX1	GM12878	cell-line	cell-line	cell-line	minus	none	passed
ENCFF790UFL	ENCFF790UFL	ENCSR711XNY	ENCSR001IUM	BPNet	predicted signal profile	bigWig	ChIP-seq	PKNOX1	GM12878	cell-line	cell-line	cell-line	plus	none	passed
ENCFF134XHJ	ENCFF134XHJ	ENCSR233FAG	ENCSR610UPY	BPNet	predicted signal profile	bigWig	ChIP-seq	PKNOX1	HEK293T	cell-line	cell-line	cell-line	minus	none	passed
ENCFF952JHO	ENCFF952JHO	ENCSR233FAG	ENCSR610UPY	BPNet	predicted signal profile	bigWig	ChIP-seq	PKNOX1	HEK293T	cell-line	cell-line	cell-line	plus	none	passed
ENCFF695SDK	ENCFF695SDK	ENCSR115SMW	ENCSR509JOV	BPNet	predicted signal profile	bigWig	ChIP-seq	PKNOX1	K562	cell-line	cell-line	cell-line	minus	none	passed
ENCFF769WVP	ENCFF769WVP	ENCSR115SMW	ENCSR509JOV	BPNet	predicted signal profile	bigWig	ChIP-seq	PKNOX1	K562	cell-line	cell-line	cell-line	plus	none	passed
ENCFF376KMC	ENCFF376KMC	ENCSR986XYK	ENCSR949ALP	BPNet	predicted signal profile	bigWig	ChIP-seq	PKNOX1	MCF-7	cell-line	cell-line	cell-line	minus	none	passed
ENCFF136LER	ENCFF136LER	ENCSR986XYK	ENCSR949ALP	BPNet	predicted signal profile	bigWig	ChIP-seq	PKNOX1	MCF-7	cell-line	cell-line	cell-line	plus	none	passed
ENCFF415PVC	ENCFF415PVC	ENCSR871EQD	ENCSR608CDL	BPNet	predicted signal profile	bigWig	ChIP-seq	POU2F1	HepG2	cell-line	cell-line	cell-line	minus	none	passed
ENCFF862KUS	ENCFF862KUS	ENCSR871EQD	ENCSR608CDL	BPNet	predicted signal profile	bigWig	ChIP-seq	POU2F1	HepG2	cell-line	cell-line	cell-line	plus	none	passed
ENCFF846MIE	ENCFF846MIE	ENCSR000BGP	ENCSR218LOC	BPNet	predicted signal profile	bigWig	ChIP-seq	POU2F2	GM12878	cell-line	cell-line	cell-line	minus	none	passed
ENCFF122MCW	ENCFF122MCW	ENCSR000BGP	ENCSR218LOC	BPNet	predicted signal profile	bigWig	ChIP-seq	POU2F2	GM12878	cell-line	cell-line	cell-line	plus	none	passed
ENCFF570AYP	ENCFF570AYP	ENCSR000BII	ENCSR898ALC	BPNet	predicted signal profile	bigWig	ChIP-seq	POU2F2	GM12891	cell-line	cell-line	cell-line	minus	none	passed
ENCFF155GTP	ENCFF155GTP	ENCSR000BII	ENCSR898ALC	BPNet	predicted signal profile	bigWig	ChIP-seq	POU2F2	GM12891	cell-line	cell-line	cell-line	plus	none	passed
ENCFF640PZS	ENCFF640PZS	ENCSR264RJX	ENCSR214WIR	BPNet	predicted signal profile	bigWig	ChIP-seq	POU5F1	GM23338	cell-line	cell-line	cell-line	minus	none	passed
ENCFF122GSK	ENCFF122GSK	ENCSR264RJX	ENCSR214WIR	BPNet	predicted signal profile	bigWig	ChIP-seq	POU5F1	GM23338	cell-line	cell-line	cell-line	plus	none	passed
ENCFF841UOV	ENCFF841UOV	ENCSR362VCG	ENCSR888ILP	BPNet	predicted signal profile	bigWig	ChIP-seq	POU5F1	bipolar-neuron	neuron	nerve	central-nervous-system	minus	none	passed
ENCFF085DIK	ENCFF085DIK	ENCSR362VCG	ENCSR888ILP	BPNet	predicted signal profile	bigWig	ChIP-seq	POU5F1	bipolar-neuron	neuron	nerve	central-nervous-system	plus	none	passed
ENCFF264CYY	ENCFF264CYY	ENCSR706OJM	ENCSR079JGV	BPNet	predicted signal profile	bigWig	ChIP-seq	POU6F1	SK-N-SH	cell-line	cell-line	cell-line	minus	none	passed
ENCFF387YPM	ENCFF387YPM	ENCSR706OJM	ENCSR079JGV	BPNet	predicted signal profile	bigWig	ChIP-seq	POU6F1	SK-N-SH	cell-line	cell-line	cell-line	plus	none	passed
ENCFF871AHV	ENCFF871AHV	ENCSR130VQL	ENCSR103TWX	BPNet	predicted signal profile	bigWig	ChIP-seq	PPARG	HepG2	cell-line	cell-line	cell-line	minus	none	passed
ENCFF215ELN	ENCFF215ELN	ENCSR130VQL	ENCSR103TWX	BPNet	predicted signal profile	bigWig	ChIP-seq	PPARG	HepG2	cell-line	cell-line	cell-line	plus	none	passed
ENCFF072RWZ	ENCFF072RWZ	ENCSR977FEF	ENCSR852CZQ	BPNet	predicted signal profile	bigWig	ChIP-seq	PRDM1	A549	cell-line	cell-line	cell-line	minus	none	passed
ENCFF244SIT	ENCFF244SIT	ENCSR977FEF	ENCSR852CZQ	BPNet	predicted signal profile	bigWig	ChIP-seq	PRDM1	A549	cell-line	cell-line	cell-line	plus	none	passed
ENCFF528VVQ	ENCFF528VVQ	ENCSR098YLE	ENCSR613DGQ	BPNet	predicted signal profile	bigWig	ChIP-seq	PRDM1	HEK293	cell-line	cell-line	cell-line	minus	none	passed
ENCFF860CSA	ENCFF860CSA	ENCSR098YLE	ENCSR613DGQ	BPNet	predicted signal profile	bigWig	ChIP-seq	PRDM1	HEK293	cell-line	cell-line	cell-line	plus	none	passed
ENCFF395EZF	ENCFF395EZF	ENCSR000ECY	ENCSR490LLP	BPNet	predicted signal profile	bigWig	ChIP-seq	PRDM1	HeLa-S3	cell-line	cell-line	cell-line	minus	none	passed
ENCFF260MGG	ENCFF260MGG	ENCSR000ECY	ENCSR490LLP	BPNet	predicted signal profile	bigWig	ChIP-seq	PRDM1	HeLa-S3	cell-line	cell-line	cell-line	plus	none	passed
ENCFF203RVH	ENCFF203RVH	ENCSR223TAV	ENCSR076JOR	BPNet	predicted signal profile	bigWig	ChIP-seq	PRDM10	HEK293	cell-line	cell-line	cell-line	minus	none	passed
ENCFF549GUN	ENCFF549GUN	ENCSR223TAV	ENCSR076JOR	BPNet	predicted signal profile	bigWig	ChIP-seq	PRDM10	HEK293	cell-line	cell-line	cell-line	plus	none	passed
ENCFF460QKY	ENCFF460QKY	ENCSR289PSX	ENCSR263GYU	BPNet	predicted signal profile	bigWig	ChIP-seq	PRDM10	HepG2	cell-line	cell-line	cell-line	minus	none	passed
ENCFF743JOS	ENCFF743JOS	ENCSR289PSX	ENCSR263GYU	BPNet	predicted signal profile	bigWig	ChIP-seq	PRDM10	HepG2	cell-line	cell-line	cell-line	plus	none	passed
ENCFF553ZQB	ENCFF553ZQB	ENCSR120MPG	ENCSR413MCR	BPNet	predicted signal profile	bigWig	ChIP-seq	PRDM10	K562	cell-line	cell-line	cell-line	minus	none	passed
ENCFF917WZT	ENCFF917WZT	ENCSR120MPG	ENCSR413MCR	BPNet	predicted signal profile	bigWig	ChIP-seq	PRDM10	K562	cell-line	cell-line	cell-line	plus	none	passed
ENCFF580MZF	ENCFF580MZF	ENCSR011INW	ENCSR950RRT	BPNet	predicted signal profile	bigWig	ChIP-seq	PRDM15	HepG2	cell-line	cell-line	cell-line	minus	none	passed
ENCFF241XSA	ENCFF241XSA	ENCSR011INW	ENCSR950RRT	BPNet	predicted signal profile	bigWig	ChIP-seq	PRDM15	HepG2	cell-line	cell-line	cell-line	plus	none	passed
ENCFF771YNV	ENCFF771YNV	ENCSR092DCD	ENCSR239YJA	BPNet	predicted signal profile	bigWig	ChIP-seq	PRDM15	WTC11	cell-line	cell-line	cell-line	minus	none	passed
ENCFF692OYC	ENCFF692OYC	ENCSR092DCD	ENCSR239YJA	BPNet	predicted signal profile	bigWig	ChIP-seq	PRDM15	WTC11	cell-line	cell-line	cell-line	plus	none	passed
ENCFF483FXG	ENCFF483FXG	ENCSR443MVV	ENCSR592KSS	BPNet	predicted signal profile	bigWig	ChIP-seq	PRDM4	HEK293	cell-line	cell-line	cell-line	minus	none	passed
ENCFF957ONL	ENCFF957ONL	ENCSR443MVV	ENCSR592KSS	BPNet	predicted signal profile	bigWig	ChIP-seq	PRDM4	HEK293	cell-line	cell-line	cell-line	plus	none	passed
ENCFF054ZFD	ENCFF054ZFD	ENCSR892QHR	ENCSR210CAR	BPNet	predicted signal profile	bigWig	ChIP-seq	PRDM6	HEK293	cell-line	cell-line	cell-line	minus	none	passed
ENCFF105ADU	ENCFF105ADU	ENCSR892QHR	ENCSR210CAR	BPNet	predicted signal profile	bigWig	ChIP-seq	PRDM6	HEK293	cell-line	cell-line	cell-line	plus	none	passed
ENCFF701YVS	ENCFF701YVS	ENCSR443YTB	ENCSR817XQQ	BPNet	predicted signal profile	bigWig	ChIP-seq	PROX1	HepG2	cell-line	cell-line	cell-line	minus	none	passed
ENCFF121KCG	ENCFF121KCG	ENCSR443YTB	ENCSR817XQQ	BPNet	predicted signal profile	bigWig	ChIP-seq	PROX1	HepG2	cell-line	cell-line	cell-line	plus	none	passed
ENCFF461LUJ	ENCFF461LUJ	ENCSR144NTH	ENCSR796ANQ	BPNet	predicted signal profile	bigWig	ChIP-seq	RBAK	HepG2	cell-line	cell-line	cell-line	minus	none	passed
ENCFF990YYI	ENCFF990YYI	ENCSR144NTH	ENCSR796ANQ	BPNet	predicted signal profile	bigWig	ChIP-seq	RBAK	HepG2	cell-line	cell-line	cell-line	plus	none	passed
ENCFF418WCS	ENCFF418WCS	ENCSR596FEL	ENCSR261VHA	BPNet	predicted signal profile	bigWig	ChIP-seq	RBPJ	HepG2	cell-line	cell-line	cell-line	minus	none	passed
ENCFF801OPE	ENCFF801OPE	ENCSR596FEL	ENCSR261VHA	BPNet	predicted signal profile	bigWig	ChIP-seq	RBPJ	HepG2	cell-line	cell-line	cell-line	plus	none	passed
ENCFF342XZN	ENCFF342XZN	ENCSR740XMB	ENCSR986MEJ	BPNet	predicted signal profile	bigWig	ChIP-seq	RBPJ	K562	cell-line	cell-line	cell-line	minus	none	passed
ENCFF776KUD	ENCFF776KUD	ENCSR740XMB	ENCSR986MEJ	BPNet	predicted signal profile	bigWig	ChIP-seq	RBPJ	K562	cell-line	cell-line	cell-line	plus	none	passed
ENCFF928WIJ	ENCFF928WIJ	ENCSR664POU	ENCSR056PCS	BPNet	predicted signal profile	bigWig	ChIP-seq	RELA	GM12878	cell-line	cell-line	cell-line	minus	none	passed
ENCFF961LWD	ENCFF961LWD	ENCSR000EAG	ENCSR003PRH	BPNet	predicted signal profile	bigWig	ChIP-seq	RELA	GM12878	cell-line	cell-line	cell-line	minus	none	passed
ENCFF150NEZ	ENCFF150NEZ	ENCSR000EAG	ENCSR003PRH	BPNet	predicted signal profile	bigWig	ChIP-seq	RELA	GM12878	cell-line	cell-line	cell-line	plus	none	passed
ENCFF324HFX	ENCFF324HFX	ENCSR664POU	ENCSR056PCS	BPNet	predicted signal profile	bigWig	ChIP-seq	RELA	GM12878	cell-line	cell-line	cell-line	plus	none	passed
ENCFF152BPR	ENCFF152BPR	ENCSR000EAI	ENCSR040NUE	BPNet	predicted signal profile	bigWig	ChIP-seq	RELA	GM12891	cell-line	cell-line	cell-line	minus	none	passed
ENCFF035LQY	ENCFF035LQY	ENCSR000EAI	ENCSR040NUE	BPNet	predicted signal profile	bigWig	ChIP-seq	RELA	GM12891	cell-line	cell-line	cell-line	plus	none	passed
ENCFF177HQJ	ENCFF177HQJ	ENCSR000EAN	ENCSR544MSV	BPNet	predicted signal profile	bigWig	ChIP-seq	RELA	GM12892	cell-line	cell-line	cell-line	minus	none	passed
ENCFF100GHA	ENCFF100GHA	ENCSR000EAN	ENCSR544MSV	BPNet	predicted signal profile	bigWig	ChIP-seq	RELA	GM12892	cell-line	cell-line	cell-line	plus	none	passed
ENCFF559UJQ	ENCFF559UJQ	ENCSR000EAQ	ENCSR246TIE	BPNet	predicted signal profile	bigWig	ChIP-seq	RELA	GM15510	cell-line	cell-line	cell-line	minus	none	passed
ENCFF467MTG	ENCFF467MTG	ENCSR000EAQ	ENCSR246TIE	BPNet	predicted signal profile	bigWig	ChIP-seq	RELA	GM15510	cell-line	cell-line	cell-line	plus	none	passed
ENCFF309AZB	ENCFF309AZB	ENCSR000EBD	ENCSR648RAH	BPNet	predicted signal profile	bigWig	ChIP-seq	RELA	GM18951	cell-line	cell-line	cell-line	minus	none	passed
ENCFF538QML	ENCFF538QML	ENCSR000EBD	ENCSR648RAH	BPNet	predicted signal profile	bigWig	ChIP-seq	RELA	GM18951	cell-line	cell-line	cell-line	plus	none	passed
ENCFF297QVI	ENCFF297QVI	ENCSR000EBM	ENCSR243UOT	BPNet	predicted signal profile	bigWig	ChIP-seq	RELA	GM19193	cell-line	cell-line	cell-line	minus	none	passed
ENCFF328YDP	ENCFF328YDP	ENCSR000EBM	ENCSR243UOT	BPNet	predicted signal profile	bigWig	ChIP-seq	RELA	GM19193	cell-line	cell-line	cell-line	plus	none	passed
ENCFF842VJO	ENCFF842VJO	ENCSR580HOI	ENCSR794EAB	BPNet	predicted signal profile	bigWig	ChIP-seq	RELA	HepG2	cell-line	cell-line	cell-line	minus	none	passed
ENCFF601BAT	ENCFF601BAT	ENCSR580HOI	ENCSR794EAB	BPNet	predicted signal profile	bigWig	ChIP-seq	RELA	HepG2	cell-line	cell-line	cell-line	plus	none	passed
ENCFF717SWP	ENCFF717SWP	ENCSR387QUV	ENCSR677QQV	BPNet	predicted signal profile	bigWig	ChIP-seq	RELB	GM12878	cell-line	cell-line	cell-line	minus	none	passed
ENCFF374LPF	ENCFF374LPF	ENCSR387QUV	ENCSR677QQV	BPNet	predicted signal profile	bigWig	ChIP-seq	RELB	GM12878	cell-line	cell-line	cell-line	plus	none	passed
ENCFF393UWO	ENCFF393UWO	ENCSR892DRK	ENCSR584FHS	BPNet	predicted signal profile	bigWig	ChIP-seq	REST	A549	cell-line	cell-line	cell-line	minus	none	passed
ENCFF902QLH	ENCFF902QLH	ENCSR000BQP	ENCSR108OCH	BPNet	predicted signal profile	bigWig	ChIP-seq	REST	A549	cell-line	cell-line	cell-line	minus	none	passed
ENCFF301UWB	ENCFF301UWB	ENCSR892DRK	ENCSR584FHS	BPNet	predicted signal profile	bigWig	ChIP-seq	REST	A549	cell-line	cell-line	cell-line	plus	none	passed
ENCFF678QDY	ENCFF678QDY	ENCSR000BQP	ENCSR108OCH	BPNet	predicted signal profile	bigWig	ChIP-seq	REST	A549	cell-line	cell-line	cell-line	plus	none	passed
ENCFF066XPB	ENCFF066XPB	ENCSR000BGF	ENCSR784NGD	BPNet	predicted signal profile	bigWig	ChIP-seq	REST	GM12878	cell-line	cell-line	cell-line	minus	none	passed
ENCFF941SIV	ENCFF941SIV	ENCSR000BQS	ENCSR805DLB	BPNet	predicted signal profile	bigWig	ChIP-seq	REST	GM12878	cell-line	cell-line	cell-line	minus	none	passed
ENCFF410GKT	ENCFF410GKT	ENCSR000BQS	ENCSR805DLB	BPNet	predicted signal profile	bigWig	ChIP-seq	REST	GM12878	cell-line	cell-line	cell-line	plus	none	passed
ENCFF611DSE	ENCFF611DSE	ENCSR000BGF	ENCSR784NGD	BPNet	predicted signal profile	bigWig	ChIP-seq	REST	GM12878	cell-line	cell-line	cell-line	plus	none	passed
ENCFF542NLI	ENCFF542NLI	ENCSR871KYB	ENCSR543TOL	BPNet	predicted signal profile	bigWig	ChIP-seq	REST	GM23338	cell-line	cell-line	cell-line	minus	none	passed
ENCFF726HFR	ENCFF726HFR	ENCSR871KYB	ENCSR543TOL	BPNet	predicted signal profile	bigWig	ChIP-seq	REST	GM23338	cell-line	cell-line	cell-line	plus	none	passed
ENCFF435MCS	ENCFF435MCS	ENCSR663WAR	ENCSR296LFF	BPNet	predicted signal profile	bigWig	ChIP-seq	REST	H1	cell-line	cell-line	cell-line	minus	none	passed
ENCFF837GNI	ENCFF837GNI	ENCSR000BHM	ENCSR235MZF	BPNet	predicted signal profile	bigWig	ChIP-seq	REST	H1	cell-line	cell-line	cell-line	minus	none	passed
ENCFF548PRZ	ENCFF548PRZ	ENCSR663WAR	ENCSR296LFF	BPNet	predicted signal profile	bigWig	ChIP-seq	REST	H1	cell-line	cell-line	cell-line	plus	none	passed
ENCFF760JKJ	ENCFF760JKJ	ENCSR000BHM	ENCSR235MZF	BPNet	predicted signal profile	bigWig	ChIP-seq	REST	H1	cell-line	cell-line	cell-line	plus	none	passed
ENCFF835MTB	ENCFF835MTB	ENCSR000BVI	ENCSR148KXV	BPNet	predicted signal profile	bigWig	ChIP-seq	REST	HCT116	cell-line	cell-line	cell-line	minus	none	passed
ENCFF466GUY	ENCFF466GUY	ENCSR000BVI	ENCSR148KXV	BPNet	predicted signal profile	bigWig	ChIP-seq	REST	HCT116	cell-line	cell-line	cell-line	plus	none	passed
ENCFF941CXN	ENCFF941CXN	ENCSR896UBV	ENCSR067SUX	BPNet	predicted signal profile	bigWig	ChIP-seq	REST	HEK293	cell-line	cell-line	cell-line	minus	none	passed
ENCFF931DCD	ENCFF931DCD	ENCSR896UBV	ENCSR067SUX	BPNet	predicted signal profile	bigWig	ChIP-seq	REST	HEK293	cell-line	cell-line	cell-line	plus	none	passed
ENCFF490CNG	ENCFF490CNG	ENCSR000BTF	ENCSR900KSB	BPNet	predicted signal profile	bigWig	ChIP-seq	REST	HL-60	cell-line	cell-line	cell-line	minus	none	passed
ENCFF983PZM	ENCFF983PZM	ENCSR000BTF	ENCSR900KSB	BPNet	predicted signal profile	bigWig	ChIP-seq	REST	HL-60	cell-line	cell-line	cell-line	plus	none	passed
ENCFF872MGB	ENCFF872MGB	ENCSR000BMN	ENCSR673YCJ	BPNet	predicted signal profile	bigWig	ChIP-seq	REST	HeLa-S3	cell-line	cell-line	cell-line	minus	none	passed
ENCFF776PKI	ENCFF776PKI	ENCSR000BMN	ENCSR673YCJ	BPNet	predicted signal profile	bigWig	ChIP-seq	REST	HeLa-S3	cell-line	cell-line	cell-line	plus	none	passed
ENCFF136HWU	ENCFF136HWU	ENCSR000BJL	ENCSR596AXW	BPNet	predicted signal profile	bigWig	ChIP-seq	REST	HepG2	cell-line	cell-line	cell-line	minus	none	passed
ENCFF889DZC	ENCFF889DZC	ENCSR000BOT	ENCSR629ECU	BPNet	predicted signal profile	bigWig	ChIP-seq	REST	HepG2	cell-line	cell-line	cell-line	minus	none	passed
ENCFF374XJY	ENCFF374XJY	ENCSR000BOT	ENCSR629ECU	BPNet	predicted signal profile	bigWig	ChIP-seq	REST	HepG2	cell-line	cell-line	cell-line	plus	none	passed
ENCFF589IRJ	ENCFF589IRJ	ENCSR000BJL	ENCSR596AXW	BPNet	predicted signal profile	bigWig	ChIP-seq	REST	HepG2	cell-line	cell-line	cell-line	plus	none	passed
ENCFF904MPP	ENCFF904MPP	ENCSR000BUU	ENCSR174BCS	BPNet	predicted signal profile	bigWig	ChIP-seq	REST	Ishikawa	cell-line	cell-line	cell-line	minus	none	passed
ENCFF785CRB	ENCFF785CRB	ENCSR000BUU	ENCSR174BCS	BPNet	predicted signal profile	bigWig	ChIP-seq	REST	Ishikawa	cell-line	cell-line	cell-line	plus	none	passed
ENCFF095OKP	ENCFF095OKP	ENCSR000ATM	ENCSR867KCV	BPNet	predicted signal profile	bigWig	ChIP-seq	REST	K562	cell-line	cell-line	cell-line	minus	none	passed
ENCFF186HLN	ENCFF186HLN	ENCSR000BMW	ENCSR364RHG	BPNet	predicted signal profile	bigWig	ChIP-seq	REST	K562	cell-line	cell-line	cell-line	minus	none	passed
ENCFF736IPH	ENCFF736IPH	ENCSR137ZMQ	ENCSR831SVZ	BPNet	predicted signal profile	bigWig	ChIP-seq	REST	K562	cell-line	cell-line	cell-line	minus	none	passed
ENCFF749ILO	ENCFF749ILO	ENCSR054JMQ	ENCSR759WXZ	BPNet	predicted signal profile	bigWig	ChIP-seq	REST	K562	cell-line	cell-line	cell-line	minus	none	passed
ENCFF162NJP	ENCFF162NJP	ENCSR137ZMQ	ENCSR831SVZ	BPNet	predicted signal profile	bigWig	ChIP-seq	REST	K562	cell-line	cell-line	cell-line	plus	none	passed
ENCFF268KAA	ENCFF268KAA	ENCSR054JMQ	ENCSR759WXZ	BPNet	predicted signal profile	bigWig	ChIP-seq	REST	K562	cell-line	cell-line	cell-line	plus	none	passed
ENCFF434VBQ	ENCFF434VBQ	ENCSR000ATM	ENCSR867KCV	BPNet	predicted signal profile	bigWig	ChIP-seq	REST	K562	cell-line	cell-line	cell-line	plus	none	passed
ENCFF465OEV	ENCFF465OEV	ENCSR000BMW	ENCSR364RHG	BPNet	predicted signal profile	bigWig	ChIP-seq	REST	K562	cell-line	cell-line	cell-line	plus	none	passed
ENCFF255WQO	ENCFF255WQO	ENCSR000BSP	ENCSR640PXF	BPNet	predicted signal profile	bigWig	ChIP-seq	REST	MCF-7	cell-line	cell-line	cell-line	minus	none	passed
ENCFF504ZMC	ENCFF504ZMC	ENCSR000BSP	ENCSR640PXF	BPNet	predicted signal profile	bigWig	ChIP-seq	REST	MCF-7	cell-line	cell-line	cell-line	plus	none	passed
ENCFF064RMK	ENCFF064RMK	ENCSR000BJP	ENCSR811WIG	BPNet	predicted signal profile	bigWig	ChIP-seq	REST	PFSK-1	cell-line	cell-line	cell-line	minus	none	passed
ENCFF468ZJK	ENCFF468ZJK	ENCSR000BOX	ENCSR229LTB	BPNet	predicted signal profile	bigWig	ChIP-seq	REST	PFSK-1	cell-line	cell-line	cell-line	minus	none	passed
ENCFF078SKQ	ENCFF078SKQ	ENCSR000BJP	ENCSR811WIG	BPNet	predicted signal profile	bigWig	ChIP-seq	REST	PFSK-1	cell-line	cell-line	cell-line	plus	none	passed
ENCFF790XVK	ENCFF790XVK	ENCSR000BOX	ENCSR229LTB	BPNet	predicted signal profile	bigWig	ChIP-seq	REST	PFSK-1	cell-line	cell-line	cell-line	plus	none	passed
ENCFF305KZK	ENCFF305KZK	ENCSR000BJO	ENCSR862SMK	BPNet	predicted signal profile	bigWig	ChIP-seq	REST	Panc1	cell-line	cell-line	cell-line	minus	none	passed
ENCFF945UFS	ENCFF945UFS	ENCSR000BUP	ENCSR132GIN	BPNet	predicted signal profile	bigWig	ChIP-seq	REST	Panc1	cell-line	cell-line	cell-line	minus	none	passed
ENCFF991BSW	ENCFF991BSW	ENCSR000BPK	ENCSR765OBS	BPNet	predicted signal profile	bigWig	ChIP-seq	REST	Panc1	cell-line	cell-line	cell-line	minus	none	passed
ENCFF207WLH	ENCFF207WLH	ENCSR000BJO	ENCSR862SMK	BPNet	predicted signal profile	bigWig	ChIP-seq	REST	Panc1	cell-line	cell-line	cell-line	plus	none	passed
ENCFF583OVQ	ENCFF583OVQ	ENCSR000BPK	ENCSR765OBS	BPNet	predicted signal profile	bigWig	ChIP-seq	REST	Panc1	cell-line	cell-line	cell-line	plus	none	passed
ENCFF953FPY	ENCFF953FPY	ENCSR000BUP	ENCSR132GIN	BPNet	predicted signal profile	bigWig	ChIP-seq	REST	Panc1	cell-line	cell-line	cell-line	plus	none	passed
ENCFF821KZT	ENCFF821KZT	ENCSR000BOZ	ENCSR386QUI	BPNet	predicted signal profile	bigWig	ChIP-seq	REST	SK-N-SH	cell-line	cell-line	cell-line	minus	none	passed
ENCFF984DOT	ENCFF984DOT	ENCSR000BJJ	ENCSR468KZB	BPNet	predicted signal profile	bigWig	ChIP-seq	REST	SK-N-SH	cell-line	cell-line	cell-line	minus	none	passed
ENCFF281AUW	ENCFF281AUW	ENCSR000BOZ	ENCSR386QUI	BPNet	predicted signal profile	bigWig	ChIP-seq	REST	SK-N-SH	cell-line	cell-line	cell-line	plus	none	passed
ENCFF941SYB	ENCFF941SYB	ENCSR000BJJ	ENCSR468KZB	BPNet	predicted signal profile	bigWig	ChIP-seq	REST	SK-N-SH	cell-line	cell-line	cell-line	plus	none	passed
ENCFF380VVD	ENCFF380VVD	ENCSR867WPH	ENCSR596SVU	BPNet	predicted signal profile	bigWig	ChIP-seq	REST	liver	liver	liver	digestive-system	minus	none	passed
ENCFF555YZC	ENCFF555YZC	ENCSR893QWP	ENCSR314BIS	BPNet	predicted signal profile	bigWig	ChIP-seq	REST	liver	liver	liver	digestive-system	minus	none	passed
ENCFF454YBJ	ENCFF454YBJ	ENCSR867WPH	ENCSR596SVU	BPNet	predicted signal profile	bigWig	ChIP-seq	REST	liver	liver	liver	digestive-system	plus	none	passed
ENCFF849LCL	ENCFF849LCL	ENCSR893QWP	ENCSR314BIS	BPNet	predicted signal profile	bigWig	ChIP-seq	REST	liver	liver	liver	digestive-system	plus	none	passed
ENCFF983SOI	ENCFF983SOI	ENCSR000BTV	ENCSR282ZFA	BPNet	predicted signal profile	bigWig	ChIP-seq	REST	neural-cell	neural	nerve	central-nervous-system	minus	none	passed
ENCFF187LSC	ENCFF187LSC	ENCSR000BTV	ENCSR282ZFA	BPNet	predicted signal profile	bigWig	ChIP-seq	REST	neural-cell	neural	nerve	central-nervous-system	plus	none	passed
ENCFF178HUD	ENCFF178HUD	ENCSR928API	ENCSR223XGT	BPNet	predicted signal profile	bigWig	ChIP-seq	RFX1	HepG2	cell-line	cell-line	cell-line	minus	none	passed
ENCFF510DZI	ENCFF510DZI	ENCSR928API	ENCSR223XGT	BPNet	predicted signal profile	bigWig	ChIP-seq	RFX1	HepG2	cell-line	cell-line	cell-line	plus	none	passed
ENCFF018ZDX	ENCFF018ZDX	ENCSR968GIB	ENCSR853BLF	BPNet	predicted signal profile	bigWig	ChIP-seq	RFX1	K562	cell-line	cell-line	cell-line	minus	none	passed
ENCFF755BLO	ENCFF755BLO	ENCSR041AXL	ENCSR830DNP	BPNet	predicted signal profile	bigWig	ChIP-seq	RFX1	K562	cell-line	cell-line	cell-line	minus	none	passed
ENCFF585ADT	ENCFF585ADT	ENCSR041AXL	ENCSR830DNP	BPNet	predicted signal profile	bigWig	ChIP-seq	RFX1	K562	cell-line	cell-line	cell-line	plus	none	passed
ENCFF740YRB	ENCFF740YRB	ENCSR968GIB	ENCSR853BLF	BPNet	predicted signal profile	bigWig	ChIP-seq	RFX1	K562	cell-line	cell-line	cell-line	plus	none	passed
ENCFF079FFJ	ENCFF079FFJ	ENCSR788XNX	ENCSR594OAT	BPNet	predicted signal profile	bigWig	ChIP-seq	RFX1	MCF-7	cell-line	cell-line	cell-line	minus	none	passed
ENCFF759UHE	ENCFF759UHE	ENCSR066TET	ENCSR936WXH	BPNet	predicted signal profile	bigWig	ChIP-seq	RFX1	MCF-7	cell-line	cell-line	cell-line	minus	none	passed
ENCFF551ZXF	ENCFF551ZXF	ENCSR066TET	ENCSR936WXH	BPNet	predicted signal profile	bigWig	ChIP-seq	RFX1	MCF-7	cell-line	cell-line	cell-line	plus	none	passed
ENCFF952RPS	ENCFF952RPS	ENCSR788XNX	ENCSR594OAT	BPNet	predicted signal profile	bigWig	ChIP-seq	RFX1	MCF-7	cell-line	cell-line	cell-line	plus	none	passed
ENCFF083LNY	ENCFF083LNY	ENCSR633OVO	ENCSR926TQA	BPNet	predicted signal profile	bigWig	ChIP-seq	RFX3	HepG2	cell-line	cell-line	cell-line	minus	none	passed
ENCFF277XRP	ENCFF277XRP	ENCSR633OVO	ENCSR926TQA	BPNet	predicted signal profile	bigWig	ChIP-seq	RFX3	HepG2	cell-line	cell-line	cell-line	plus	none	passed
ENCFF889LRU	ENCFF889LRU	ENCSR000DZW	ENCSR391ETD	BPNet	predicted signal profile	bigWig	ChIP-seq	RFX5	GM12878	cell-line	cell-line	cell-line	minus	none	passed
ENCFF730MYA	ENCFF730MYA	ENCSR000DZW	ENCSR391ETD	BPNet	predicted signal profile	bigWig	ChIP-seq	RFX5	GM12878	cell-line	cell-line	cell-line	plus	none	passed
ENCFF060COR	ENCFF060COR	ENCSR000ECX	ENCSR220MGX	BPNet	predicted signal profile	bigWig	ChIP-seq	RFX5	HeLa-S3	cell-line	cell-line	cell-line	minus	none	passed
ENCFF619AMH	ENCFF619AMH	ENCSR000ECX	ENCSR220MGX	BPNet	predicted signal profile	bigWig	ChIP-seq	RFX5	HeLa-S3	cell-line	cell-line	cell-line	plus	none	passed
ENCFF171RFR	ENCFF171RFR	ENCSR000EHY	ENCSR121FOZ	BPNet	predicted signal profile	bigWig	ChIP-seq	RFX5	SK-N-SH	cell-line	cell-line	cell-line	minus	none	passed
ENCFF729MZL	ENCFF729MZL	ENCSR000EHY	ENCSR121FOZ	BPNet	predicted signal profile	bigWig	ChIP-seq	RFX5	SK-N-SH	cell-line	cell-line	cell-line	plus	none	passed
ENCFF203LLX	ENCFF203LLX	ENCSR414TYY	ENCSR832AOA	BPNet	predicted signal profile	bigWig	ChIP-seq	RUNX1	K562	cell-line	cell-line	cell-line	minus	none	passed
ENCFF965ZPO	ENCFF965ZPO	ENCSR588AKU	ENCSR789XHT	BPNet	predicted signal profile	bigWig	ChIP-seq	RUNX1	K562	cell-line	cell-line	cell-line	minus	none	passed
ENCFF299SUT	ENCFF299SUT	ENCSR588AKU	ENCSR789XHT	BPNet	predicted signal profile	bigWig	ChIP-seq	RUNX1	K562	cell-line	cell-line	cell-line	plus	none	passed
ENCFF474PSZ	ENCFF474PSZ	ENCSR414TYY	ENCSR832AOA	BPNet	predicted signal profile	bigWig	ChIP-seq	RUNX1	K562	cell-line	cell-line	cell-line	plus	none	passed
ENCFF754IDK	ENCFF754IDK	ENCSR000BRI	ENCSR130BYX	BPNet	predicted signal profile	bigWig	ChIP-seq	RUNX3	GM12878	cell-line	cell-line	cell-line	minus	none	passed
ENCFF607YPM	ENCFF607YPM	ENCSR000BRI	ENCSR130BYX	BPNet	predicted signal profile	bigWig	ChIP-seq	RUNX3	GM12878	cell-line	cell-line	cell-line	plus	none	passed
ENCFF264GMG	ENCFF264GMG	ENCSR416HDG	ENCSR471TML	BPNet	predicted signal profile	bigWig	ChIP-seq	RXRA	HepG2	cell-line	cell-line	cell-line	minus	none	passed
ENCFF654BKM	ENCFF654BKM	ENCSR000BHU	ENCSR654MSE	BPNet	predicted signal profile	bigWig	ChIP-seq	RXRA	HepG2	cell-line	cell-line	cell-line	minus	none	passed
ENCFF388XGB	ENCFF388XGB	ENCSR000BHU	ENCSR654MSE	BPNet	predicted signal profile	bigWig	ChIP-seq	RXRA	HepG2	cell-line	cell-line	cell-line	plus	none	passed
ENCFF567XIH	ENCFF567XIH	ENCSR416HDG	ENCSR471TML	BPNet	predicted signal profile	bigWig	ChIP-seq	RXRA	HepG2	cell-line	cell-line	cell-line	plus	none	passed
ENCFF551QUB	ENCFF551QUB	ENCSR000BVG	ENCSR558EIT	BPNet	predicted signal profile	bigWig	ChIP-seq	RXRA	SK-N-SH	cell-line	cell-line	cell-line	minus	none	passed
ENCFF242DSH	ENCFF242DSH	ENCSR000BVG	ENCSR558EIT	BPNet	predicted signal profile	bigWig	ChIP-seq	RXRA	SK-N-SH	cell-line	cell-line	cell-line	plus	none	passed
ENCFF099WSY	ENCFF099WSY	ENCSR098XMN	ENCSR952CID	BPNet	predicted signal profile	bigWig	ChIP-seq	RXRA	liver	liver	liver	digestive-system	minus	none	passed
ENCFF275XBJ	ENCFF275XBJ	ENCSR352QSB	ENCSR212YIK	BPNet	predicted signal profile	bigWig	ChIP-seq	RXRA	liver	liver	liver	digestive-system	minus	none	passed
ENCFF200CLD	ENCFF200CLD	ENCSR352QSB	ENCSR212YIK	BPNet	predicted signal profile	bigWig	ChIP-seq	RXRA	liver	liver	liver	digestive-system	plus	none	passed
ENCFF652EUG	ENCFF652EUG	ENCSR098XMN	ENCSR952CID	BPNet	predicted signal profile	bigWig	ChIP-seq	RXRA	liver	liver	liver	digestive-system	plus	none	passed
ENCFF111MBG	ENCFF111MBG	ENCSR560SEP	ENCSR997OKZ	BPNet	predicted signal profile	bigWig	ChIP-seq	RXRB	HepG2	cell-line	cell-line	cell-line	minus	none	passed
ENCFF753ODU	ENCFF753ODU	ENCSR560SEP	ENCSR997OKZ	BPNet	predicted signal profile	bigWig	ChIP-seq	RXRB	HepG2	cell-line	cell-line	cell-line	plus	none	passed
ENCFF047RXM	ENCFF047RXM	ENCSR605MGM	ENCSR372ZFV	BPNet	predicted signal profile	bigWig	ChIP-seq	SCRT1	HEK293	cell-line	cell-line	cell-line	minus	none	passed
ENCFF691IOM	ENCFF691IOM	ENCSR605MGM	ENCSR372ZFV	BPNet	predicted signal profile	bigWig	ChIP-seq	SCRT1	HEK293	cell-line	cell-line	cell-line	plus	none	passed
ENCFF020XIT	ENCFF020XIT	ENCSR338DGO	ENCSR305GED	BPNet	predicted signal profile	bigWig	ChIP-seq	SCRT2	HEK293	cell-line	cell-line	cell-line	minus	none	passed
ENCFF782IGH	ENCFF782IGH	ENCSR338DGO	ENCSR305GED	BPNet	predicted signal profile	bigWig	ChIP-seq	SCRT2	HEK293	cell-line	cell-line	cell-line	plus	none	passed
ENCFF687RBU	ENCFF687RBU	ENCSR561BQM	ENCSR159ONX	BPNet	predicted signal profile	bigWig	ChIP-seq	SIX1	HepG2	cell-line	cell-line	cell-line	minus	none	passed
ENCFF591WDI	ENCFF591WDI	ENCSR561BQM	ENCSR159ONX	BPNet	predicted signal profile	bigWig	ChIP-seq	SIX1	HepG2	cell-line	cell-line	cell-line	plus	none	passed
ENCFF425UPD	ENCFF425UPD	ENCSR849TMV	ENCSR409XHT	BPNet	predicted signal profile	bigWig	ChIP-seq	SIX4	HepG2	cell-line	cell-line	cell-line	minus	none	passed
ENCFF647DVL	ENCFF647DVL	ENCSR849TMV	ENCSR409XHT	BPNet	predicted signal profile	bigWig	ChIP-seq	SIX4	HepG2	cell-line	cell-line	cell-line	plus	none	passed
ENCFF135HJY	ENCFF135HJY	ENCSR279IEM	ENCSR333NFQ	BPNet	predicted signal profile	bigWig	ChIP-seq	SIX4	MCF-7	cell-line	cell-line	cell-line	minus	none	passed
ENCFF555WAH	ENCFF555WAH	ENCSR279IEM	ENCSR333NFQ	BPNet	predicted signal profile	bigWig	ChIP-seq	SIX4	MCF-7	cell-line	cell-line	cell-line	plus	none	passed
ENCFF347SJO	ENCFF347SJO	ENCSR513WUJ	ENCSR704PVF	BPNet	predicted signal profile	bigWig	ChIP-seq	SIX4	WTC11	cell-line	cell-line	cell-line	minus	none	passed
ENCFF952IJN	ENCFF952IJN	ENCSR513WUJ	ENCSR704PVF	BPNet	predicted signal profile	bigWig	ChIP-seq	SIX4	WTC11	cell-line	cell-line	cell-line	plus	none	passed
ENCFF611LFU	ENCFF611LFU	ENCSR000BRL	ENCSR256TQO	BPNet	predicted signal profile	bigWig	ChIP-seq	SIX5	A549	cell-line	cell-line	cell-line	minus	none	passed
ENCFF652WUN	ENCFF652WUN	ENCSR000BRL	ENCSR256TQO	BPNet	predicted signal profile	bigWig	ChIP-seq	SIX5	A549	cell-line	cell-line	cell-line	plus	none	passed
ENCFF798VUW	ENCFF798VUW	ENCSR068QXO	ENCSR361LND	BPNet	predicted signal profile	bigWig	ChIP-seq	SMAD4	K562	cell-line	cell-line	cell-line	minus	none	passed
ENCFF978QTM	ENCFF978QTM	ENCSR068QXO	ENCSR361LND	BPNet	predicted signal profile	bigWig	ChIP-seq	SMAD4	K562	cell-line	cell-line	cell-line	plus	none	passed
ENCFF082ZUQ	ENCFF082ZUQ	ENCSR445ACU	ENCSR435HHZ	BPNet	predicted signal profile	bigWig	ChIP-seq	SOX13	HepG2	cell-line	cell-line	cell-line	minus	none	passed
ENCFF292IPW	ENCFF292IPW	ENCSR715UCI	ENCSR272FDJ	BPNet	predicted signal profile	bigWig	ChIP-seq	SOX13	HepG2	cell-line	cell-line	cell-line	minus	none	passed
ENCFF161ZSW	ENCFF161ZSW	ENCSR445ACU	ENCSR435HHZ	BPNet	predicted signal profile	bigWig	ChIP-seq	SOX13	HepG2	cell-line	cell-line	cell-line	plus	none	passed
ENCFF710YNO	ENCFF710YNO	ENCSR715UCI	ENCSR272FDJ	BPNet	predicted signal profile	bigWig	ChIP-seq	SOX13	HepG2	cell-line	cell-line	cell-line	plus	none	passed
ENCFF237IVT	ENCFF237IVT	ENCSR961WLZ	ENCSR510YVW	BPNet	predicted signal profile	bigWig	ChIP-seq	SOX5	HepG2	cell-line	cell-line	cell-line	minus	none	passed
ENCFF637KPQ	ENCFF637KPQ	ENCSR961WLZ	ENCSR510YVW	BPNet	predicted signal profile	bigWig	ChIP-seq	SOX5	HepG2	cell-line	cell-line	cell-line	plus	none	passed
ENCFF713FNH	ENCFF713FNH	ENCSR766TSU	ENCSR193HCH	BPNet	predicted signal profile	bigWig	ChIP-seq	SOX6	HepG2	cell-line	cell-line	cell-line	minus	none	passed
ENCFF562RVN	ENCFF562RVN	ENCSR766TSU	ENCSR193HCH	BPNet	predicted signal profile	bigWig	ChIP-seq	SOX6	HepG2	cell-line	cell-line	cell-line	plus	none	passed
ENCFF831PHA	ENCFF831PHA	ENCSR788RSW	ENCSR049JJJ	BPNet	predicted signal profile	bigWig	ChIP-seq	SOX6	K562	cell-line	cell-line	cell-line	minus	none	passed
ENCFF450CIE	ENCFF450CIE	ENCSR788RSW	ENCSR049JJJ	BPNet	predicted signal profile	bigWig	ChIP-seq	SOX6	K562	cell-line	cell-line	cell-line	plus	none	passed
ENCFF176HOY	ENCFF176HOY	ENCSR000BPE	ENCSR165NXF	BPNet	predicted signal profile	bigWig	ChIP-seq	SP1	A549	cell-line	cell-line	cell-line	minus	none	passed
ENCFF867GSJ	ENCFF867GSJ	ENCSR000BPE	ENCSR165NXF	BPNet	predicted signal profile	bigWig	ChIP-seq	SP1	A549	cell-line	cell-line	cell-line	plus	none	passed
ENCFF543XOP	ENCFF543XOP	ENCSR000BHK	ENCSR095LRJ	BPNet	predicted signal profile	bigWig	ChIP-seq	SP1	GM12878	cell-line	cell-line	cell-line	minus	none	passed
ENCFF519JHW	ENCFF519JHW	ENCSR000BHK	ENCSR095LRJ	BPNet	predicted signal profile	bigWig	ChIP-seq	SP1	GM12878	cell-line	cell-line	cell-line	plus	none	passed
ENCFF739HYR	ENCFF739HYR	ENCSR000BIR	ENCSR872UCX	BPNet	predicted signal profile	bigWig	ChIP-seq	SP1	H1	cell-line	cell-line	cell-line	minus	none	passed
ENCFF457BFJ	ENCFF457BFJ	ENCSR000BIR	ENCSR872UCX	BPNet	predicted signal profile	bigWig	ChIP-seq	SP1	H1	cell-line	cell-line	cell-line	plus	none	passed
ENCFF605MDK	ENCFF605MDK	ENCSR000BSF	ENCSR957HMT	BPNet	predicted signal profile	bigWig	ChIP-seq	SP1	HCT116	cell-line	cell-line	cell-line	minus	none	passed
ENCFF710JGM	ENCFF710JGM	ENCSR000BSF	ENCSR957HMT	BPNet	predicted signal profile	bigWig	ChIP-seq	SP1	HCT116	cell-line	cell-line	cell-line	plus	none	passed
ENCFF205YXR	ENCFF205YXR	ENCSR906PEI	ENCSR172ILE	BPNet	predicted signal profile	bigWig	ChIP-seq	SP1	HEK293T	cell-line	cell-line	cell-line	minus	none	passed
ENCFF149YGG	ENCFF149YGG	ENCSR906PEI	ENCSR172ILE	BPNet	predicted signal profile	bigWig	ChIP-seq	SP1	HEK293T	cell-line	cell-line	cell-line	plus	none	passed
ENCFF202IMQ	ENCFF202IMQ	ENCSR000BJX	ENCSR574YOJ	BPNet	predicted signal profile	bigWig	ChIP-seq	SP1	HepG2	cell-line	cell-line	cell-line	minus	none	passed
ENCFF403JXL	ENCFF403JXL	ENCSR460YAM	ENCSR981BPZ	BPNet	predicted signal profile	bigWig	ChIP-seq	SP1	HepG2	cell-line	cell-line	cell-line	minus	none	passed
ENCFF405LDC	ENCFF405LDC	ENCSR334KIQ	ENCSR359WFD	BPNet	predicted signal profile	bigWig	ChIP-seq	SP1	HepG2	cell-line	cell-line	cell-line	minus	none	passed
ENCFF239ISC	ENCFF239ISC	ENCSR334KIQ	ENCSR359WFD	BPNet	predicted signal profile	bigWig	ChIP-seq	SP1	HepG2	cell-line	cell-line	cell-line	plus	none	passed
ENCFF747BBG	ENCFF747BBG	ENCSR000BJX	ENCSR574YOJ	BPNet	predicted signal profile	bigWig	ChIP-seq	SP1	HepG2	cell-line	cell-line	cell-line	plus	none	passed
ENCFF794HCT	ENCFF794HCT	ENCSR460YAM	ENCSR981BPZ	BPNet	predicted signal profile	bigWig	ChIP-seq	SP1	HepG2	cell-line	cell-line	cell-line	plus	none	passed
ENCFF153AVL	ENCFF153AVL	ENCSR372IML	ENCSR955QBD	BPNet	predicted signal profile	bigWig	ChIP-seq	SP1	K562	cell-line	cell-line	cell-line	minus	none	passed
ENCFF177WNA	ENCFF177WNA	ENCSR000BKO	ENCSR807ZPN	BPNet	predicted signal profile	bigWig	ChIP-seq	SP1	K562	cell-line	cell-line	cell-line	minus	none	passed
ENCFF327CNU	ENCFF327CNU	ENCSR991ELG	ENCSR790HBQ	BPNet	predicted signal profile	bigWig	ChIP-seq	SP1	K562	cell-line	cell-line	cell-line	minus	none	passed
ENCFF063EBR	ENCFF063EBR	ENCSR372IML	ENCSR955QBD	BPNet	predicted signal profile	bigWig	ChIP-seq	SP1	K562	cell-line	cell-line	cell-line	plus	none	passed
ENCFF422WEP	ENCFF422WEP	ENCSR991ELG	ENCSR790HBQ	BPNet	predicted signal profile	bigWig	ChIP-seq	SP1	K562	cell-line	cell-line	cell-line	plus	none	passed
ENCFF601WDZ	ENCFF601WDZ	ENCSR000BKO	ENCSR807ZPN	BPNet	predicted signal profile	bigWig	ChIP-seq	SP1	K562	cell-line	cell-line	cell-line	plus	none	passed
ENCFF607HQS	ENCFF607HQS	ENCSR729LGA	ENCSR543HQM	BPNet	predicted signal profile	bigWig	ChIP-seq	SP1	MCF-7	cell-line	cell-line	cell-line	minus	none	passed
ENCFF275ZRU	ENCFF275ZRU	ENCSR729LGA	ENCSR543HQM	BPNet	predicted signal profile	bigWig	ChIP-seq	SP1	MCF-7	cell-line	cell-line	cell-line	plus	none	passed
ENCFF144FPO	ENCFF144FPO	ENCSR583CGO	ENCSR786LMT	BPNet	predicted signal profile	bigWig	ChIP-seq	SP1	WTC11	cell-line	cell-line	cell-line	minus	none	passed
ENCFF690CCB	ENCFF690CCB	ENCSR583CGO	ENCSR786LMT	BPNet	predicted signal profile	bigWig	ChIP-seq	SP1	WTC11	cell-line	cell-line	cell-line	plus	none	passed
ENCFF574VAC	ENCFF574VAC	ENCSR386YIH	ENCSR764SPF	BPNet	predicted signal profile	bigWig	ChIP-seq	SP1	liver	liver	liver	digestive-system	minus	none	passed
ENCFF728OLA	ENCFF728OLA	ENCSR085IXF	ENCSR730HDS	BPNet	predicted signal profile	bigWig	ChIP-seq	SP1	liver	liver	liver	digestive-system	minus	none	passed
ENCFF238IFP	ENCFF238IFP	ENCSR085IXF	ENCSR730HDS	BPNet	predicted signal profile	bigWig	ChIP-seq	SP1	liver	liver	liver	digestive-system	plus	none	passed
ENCFF656QCV	ENCFF656QCV	ENCSR386YIH	ENCSR764SPF	BPNet	predicted signal profile	bigWig	ChIP-seq	SP1	liver	liver	liver	digestive-system	plus	none	passed
ENCFF847CAE	ENCFF847CAE	ENCSR107DKT	ENCSR376FIT	BPNet	predicted signal profile	bigWig	ChIP-seq	SP140L	HepG2	cell-line	cell-line	cell-line	minus	none	passed
ENCFF637QGQ	ENCFF637QGQ	ENCSR107DKT	ENCSR376FIT	BPNet	predicted signal profile	bigWig	ChIP-seq	SP140L	HepG2	cell-line	cell-line	cell-line	plus	none	passed
ENCFF862SPH	ENCFF862SPH	ENCSR807LQP	ENCSR154LJQ	BPNet	predicted signal profile	bigWig	ChIP-seq	SP2	HEK293	cell-line	cell-line	cell-line	minus	none	passed
ENCFF857JZD	ENCFF857JZD	ENCSR807LQP	ENCSR154LJQ	BPNet	predicted signal profile	bigWig	ChIP-seq	SP2	HEK293	cell-line	cell-line	cell-line	plus	none	passed
ENCFF698ZGW	ENCFF698ZGW	ENCSR946RZN	ENCSR052HWR	BPNet	predicted signal profile	bigWig	ChIP-seq	SP2	HepG2	cell-line	cell-line	cell-line	minus	none	passed
ENCFF166BBL	ENCFF166BBL	ENCSR946RZN	ENCSR052HWR	BPNet	predicted signal profile	bigWig	ChIP-seq	SP2	HepG2	cell-line	cell-line	cell-line	plus	none	passed
ENCFF200BBX	ENCFF200BBX	ENCSR000BNL	ENCSR578OAK	BPNet	predicted signal profile	bigWig	ChIP-seq	SP2	K562	cell-line	cell-line	cell-line	minus	none	passed
ENCFF095RIO	ENCFF095RIO	ENCSR000BNL	ENCSR578OAK	BPNet	predicted signal profile	bigWig	ChIP-seq	SP2	K562	cell-line	cell-line	cell-line	plus	none	passed
ENCFF291HTE	ENCFF291HTE	ENCSR141PZA	ENCSR640UGN	BPNet	predicted signal profile	bigWig	ChIP-seq	SP3	HEK293	cell-line	cell-line	cell-line	minus	none	passed
ENCFF434YMA	ENCFF434YMA	ENCSR141PZA	ENCSR640UGN	BPNet	predicted signal profile	bigWig	ChIP-seq	SP3	HEK293	cell-line	cell-line	cell-line	plus	none	passed
ENCFF377QMN	ENCFF377QMN	ENCSR000BQV	ENCSR649EJS	BPNet	predicted signal profile	bigWig	ChIP-seq	SP4	H1	cell-line	cell-line	cell-line	minus	none	passed
ENCFF579EJS	ENCFF579EJS	ENCSR000BQV	ENCSR649EJS	BPNet	predicted signal profile	bigWig	ChIP-seq	SP4	H1	cell-line	cell-line	cell-line	plus	none	passed
ENCFF649ZKY	ENCFF649ZKY	ENCSR642PQK	ENCSR715EEU	BPNet	predicted signal profile	bigWig	ChIP-seq	SP4	HepG2	cell-line	cell-line	cell-line	minus	none	passed
ENCFF478JKJ	ENCFF478JKJ	ENCSR642PQK	ENCSR715EEU	BPNet	predicted signal profile	bigWig	ChIP-seq	SP4	HepG2	cell-line	cell-line	cell-line	plus	none	passed
ENCFF862LFS	ENCFF862LFS	ENCSR019NPF	ENCSR773LDV	BPNet	predicted signal profile	bigWig	ChIP-seq	SP5	HepG2	cell-line	cell-line	cell-line	minus	none	passed
ENCFF038DMG	ENCFF038DMG	ENCSR019NPF	ENCSR773LDV	BPNet	predicted signal profile	bigWig	ChIP-seq	SP5	HepG2	cell-line	cell-line	cell-line	plus	none	passed
ENCFF019ZYW	ENCFF019ZYW	ENCSR468IJT	ENCSR374VXB	BPNet	predicted signal profile	bigWig	ChIP-seq	SP7	HEK293	cell-line	cell-line	cell-line	minus	none	passed
ENCFF571KXU	ENCFF571KXU	ENCSR468IJT	ENCSR374VXB	BPNet	predicted signal profile	bigWig	ChIP-seq	SP7	HEK293	cell-line	cell-line	cell-line	plus	none	passed
ENCFF290XBJ	ENCFF290XBJ	ENCSR042GSX	ENCSR757BLN	BPNet	predicted signal profile	bigWig	ChIP-seq	SPDEF	MCF-7	cell-line	cell-line	cell-line	minus	none	passed
ENCFF210MRY	ENCFF210MRY	ENCSR042GSX	ENCSR757BLN	BPNet	predicted signal profile	bigWig	ChIP-seq	SPDEF	MCF-7	cell-line	cell-line	cell-line	plus	none	passed
ENCFF351XYE	ENCFF351XYE	ENCSR897MYK	ENCSR182NCE	BPNet	predicted signal profile	bigWig	ChIP-seq	SREBF1	A549	cell-line	cell-line	cell-line	minus	none	passed
ENCFF346ORN	ENCFF346ORN	ENCSR897MYK	ENCSR182NCE	BPNet	predicted signal profile	bigWig	ChIP-seq	SREBF1	A549	cell-line	cell-line	cell-line	plus	none	passed
ENCFF433RAY	ENCFF433RAY	ENCSR815ZDS	ENCSR766FSS	BPNet	predicted signal profile	bigWig	ChIP-seq	SREBF1	K562	cell-line	cell-line	cell-line	minus	none	passed
ENCFF675PSF	ENCFF675PSF	ENCSR815ZDS	ENCSR766FSS	BPNet	predicted signal profile	bigWig	ChIP-seq	SREBF1	K562	cell-line	cell-line	cell-line	plus	none	passed
ENCFF966KER	ENCFF966KER	ENCSR197DJH	ENCSR495FTX	BPNet	predicted signal profile	bigWig	ChIP-seq	SREBF1	MCF-7	cell-line	cell-line	cell-line	minus	none	passed
ENCFF909JAL	ENCFF909JAL	ENCSR197DJH	ENCSR495FTX	BPNet	predicted signal profile	bigWig	ChIP-seq	SREBF1	MCF-7	cell-line	cell-line	cell-line	plus	none	passed
ENCFF818JZT	ENCFF818JZT	ENCSR000BMI	ENCSR862QUY	BPNet	predicted signal profile	bigWig	ChIP-seq	SRF	GM12878	cell-line	cell-line	cell-line	minus	none	passed
ENCFF889ZHQ	ENCFF889ZHQ	ENCSR000BGE	ENCSR040IAH	BPNet	predicted signal profile	bigWig	ChIP-seq	SRF	GM12878	cell-line	cell-line	cell-line	minus	none	passed
ENCFF976EOD	ENCFF976EOD	ENCSR041XML	ENCSR771NZC	BPNet	predicted signal profile	bigWig	ChIP-seq	SRF	GM12878	cell-line	cell-line	cell-line	minus	none	passed
ENCFF034GYX	ENCFF034GYX	ENCSR000BMI	ENCSR862QUY	BPNet	predicted signal profile	bigWig	ChIP-seq	SRF	GM12878	cell-line	cell-line	cell-line	plus	none	passed
ENCFF619JZH	ENCFF619JZH	ENCSR041XML	ENCSR771NZC	BPNet	predicted signal profile	bigWig	ChIP-seq	SRF	GM12878	cell-line	cell-line	cell-line	plus	none	passed
ENCFF749XFF	ENCFF749XFF	ENCSR000BGE	ENCSR040IAH	BPNet	predicted signal profile	bigWig	ChIP-seq	SRF	GM12878	cell-line	cell-line	cell-line	plus	none	passed
ENCFF021KZM	ENCFF021KZM	ENCSR000BIV	ENCSR721HTE	BPNet	predicted signal profile	bigWig	ChIP-seq	SRF	H1	cell-line	cell-line	cell-line	minus	none	passed
ENCFF591VOK	ENCFF591VOK	ENCSR000BIV	ENCSR721HTE	BPNet	predicted signal profile	bigWig	ChIP-seq	SRF	H1	cell-line	cell-line	cell-line	plus	none	passed
ENCFF873FVY	ENCFF873FVY	ENCSR000BSC	ENCSR113HVZ	BPNet	predicted signal profile	bigWig	ChIP-seq	SRF	HCT116	cell-line	cell-line	cell-line	minus	none	passed
ENCFF693ASI	ENCFF693ASI	ENCSR000BSC	ENCSR113HVZ	BPNet	predicted signal profile	bigWig	ChIP-seq	SRF	HCT116	cell-line	cell-line	cell-line	plus	none	passed
ENCFF364QZE	ENCFF364QZE	ENCSR516SMM	ENCSR272YCO	BPNet	predicted signal profile	bigWig	ChIP-seq	SRF	HepG2	cell-line	cell-line	cell-line	minus	none	passed
ENCFF493BIQ	ENCFF493BIQ	ENCSR000BLV	ENCSR076JVF	BPNet	predicted signal profile	bigWig	ChIP-seq	SRF	HepG2	cell-line	cell-line	cell-line	minus	none	passed
ENCFF331AFW	ENCFF331AFW	ENCSR000BLV	ENCSR076JVF	BPNet	predicted signal profile	bigWig	ChIP-seq	SRF	HepG2	cell-line	cell-line	cell-line	plus	none	passed
ENCFF960GKA	ENCFF960GKA	ENCSR516SMM	ENCSR272YCO	BPNet	predicted signal profile	bigWig	ChIP-seq	SRF	HepG2	cell-line	cell-line	cell-line	plus	none	passed
ENCFF703BTT	ENCFF703BTT	ENCSR000BTD	ENCSR871TEZ	BPNet	predicted signal profile	bigWig	ChIP-seq	SRF	Ishikawa	cell-line	cell-line	cell-line	minus	none	passed
ENCFF743SPR	ENCFF743SPR	ENCSR000BTD	ENCSR871TEZ	BPNet	predicted signal profile	bigWig	ChIP-seq	SRF	Ishikawa	cell-line	cell-line	cell-line	plus	none	passed
ENCFF281UBC	ENCFF281UBC	ENCSR504HOI	ENCSR029FHA	BPNet	predicted signal profile	bigWig	ChIP-seq	SRF	K562	cell-line	cell-line	cell-line	minus	none	passed
ENCFF331ETV	ENCFF331ETV	ENCSR000BLK	ENCSR307JOH	BPNet	predicted signal profile	bigWig	ChIP-seq	SRF	K562	cell-line	cell-line	cell-line	minus	none	passed
ENCFF468JZB	ENCFF468JZB	ENCSR582IAO	ENCSR133SHN	BPNet	predicted signal profile	bigWig	ChIP-seq	SRF	K562	cell-line	cell-line	cell-line	minus	none	passed
ENCFF571XVF	ENCFF571XVF	ENCSR582IAO	ENCSR133SHN	BPNet	predicted signal profile	bigWig	ChIP-seq	SRF	K562	cell-line	cell-line	cell-line	plus	none	passed
ENCFF611PPK	ENCFF611PPK	ENCSR000BLK	ENCSR307JOH	BPNet	predicted signal profile	bigWig	ChIP-seq	SRF	K562	cell-line	cell-line	cell-line	plus	none	passed
ENCFF996JSE	ENCFF996JSE	ENCSR504HOI	ENCSR029FHA	BPNet	predicted signal profile	bigWig	ChIP-seq	SRF	K562	cell-line	cell-line	cell-line	plus	none	passed
ENCFF583ULX	ENCFF583ULX	ENCSR000BVA	ENCSR830FWJ	BPNet	predicted signal profile	bigWig	ChIP-seq	SRF	MCF-7	cell-line	cell-line	cell-line	minus	none	passed
ENCFF707VOR	ENCFF707VOR	ENCSR000BVA	ENCSR830FWJ	BPNet	predicted signal profile	bigWig	ChIP-seq	SRF	MCF-7	cell-line	cell-line	cell-line	plus	none	passed
ENCFF128KCQ	ENCFF128KCQ	ENCSR000FAU	ENCSR300AVN	BPNet	predicted signal profile	bigWig	ChIP-seq	STAT1	K562	cell-line	cell-line	cell-line	minus	none	passed
ENCFF459YEF	ENCFF459YEF	ENCSR000FAV	ENCSR467YMS	BPNet	predicted signal profile	bigWig	ChIP-seq	STAT1	K562	cell-line	cell-line	cell-line	minus	none	passed
ENCFF183HKT	ENCFF183HKT	ENCSR000FAU	ENCSR300AVN	BPNet	predicted signal profile	bigWig	ChIP-seq	STAT1	K562	cell-line	cell-line	cell-line	plus	none	passed
ENCFF956ZIW	ENCFF956ZIW	ENCSR000FAV	ENCSR467YMS	BPNet	predicted signal profile	bigWig	ChIP-seq	STAT1	K562	cell-line	cell-line	cell-line	plus	none	passed
ENCFF094TUC	ENCFF094TUC	ENCSR000FBC	ENCSR986WNQ	BPNet	predicted signal profile	bigWig	ChIP-seq	STAT2	K562	cell-line	cell-line	cell-line	minus	none	passed
ENCFF823KFP	ENCFF823KFP	ENCSR000FAT	ENCSR783CQO	BPNet	predicted signal profile	bigWig	ChIP-seq	STAT2	K562	cell-line	cell-line	cell-line	minus	none	passed
ENCFF136ZCF	ENCFF136ZCF	ENCSR000FBC	ENCSR986WNQ	BPNet	predicted signal profile	bigWig	ChIP-seq	STAT2	K562	cell-line	cell-line	cell-line	plus	none	passed
ENCFF935DMX	ENCFF935DMX	ENCSR000FAT	ENCSR783CQO	BPNet	predicted signal profile	bigWig	ChIP-seq	STAT2	K562	cell-line	cell-line	cell-line	plus	none	passed
ENCFF741ZRJ	ENCFF741ZRJ	ENCSR000DZV	ENCSR597MUO	BPNet	predicted signal profile	bigWig	ChIP-seq	STAT3	GM12878	cell-line	cell-line	cell-line	minus	none	passed
ENCFF510DEX	ENCFF510DEX	ENCSR000DZV	ENCSR597MUO	BPNet	predicted signal profile	bigWig	ChIP-seq	STAT3	GM12878	cell-line	cell-line	cell-line	plus	none	passed
ENCFF980QGQ	ENCFF980QGQ	ENCSR000EDC	ENCSR099YQW	BPNet	predicted signal profile	bigWig	ChIP-seq	STAT3	HeLa-S3	cell-line	cell-line	cell-line	minus	none	passed
ENCFF953VJF	ENCFF953VJF	ENCSR000EDC	ENCSR099YQW	BPNet	predicted signal profile	bigWig	ChIP-seq	STAT3	HeLa-S3	cell-line	cell-line	cell-line	plus	none	passed
ENCFF702THU	ENCFF702THU	ENCSR000DOQ	ENCSR628VMP	BPNet	predicted signal profile	bigWig	ChIP-seq	STAT3	MCF-10A	cell-line	cell-line	cell-line	minus	none	passed
ENCFF890SWL	ENCFF890SWL	ENCSR000DPB	ENCSR133LTU	BPNet	predicted signal profile	bigWig	ChIP-seq	STAT3	MCF-10A	cell-line	cell-line	cell-line	minus	none	passed
ENCFF109XVE	ENCFF109XVE	ENCSR000DPB	ENCSR133LTU	BPNet	predicted signal profile	bigWig	ChIP-seq	STAT3	MCF-10A	cell-line	cell-line	cell-line	plus	none	passed
ENCFF306QEZ	ENCFF306QEZ	ENCSR000DOQ	ENCSR628VMP	BPNet	predicted signal profile	bigWig	ChIP-seq	STAT3	MCF-10A	cell-line	cell-line	cell-line	plus	none	passed
ENCFF659EJH	ENCFF659EJH	ENCSR000BRR	ENCSR509ZMB	BPNet	predicted signal profile	bigWig	ChIP-seq	STAT5A	K562	cell-line	cell-line	cell-line	minus	none	passed
ENCFF373FZL	ENCFF373FZL	ENCSR000BRR	ENCSR509ZMB	BPNet	predicted signal profile	bigWig	ChIP-seq	STAT5A	K562	cell-line	cell-line	cell-line	plus	none	passed
ENCFF802STU	ENCFF802STU	ENCSR000DZZ	ENCSR748FOU	BPNet	predicted signal profile	bigWig	ChIP-seq	TBP	GM12878	cell-line	cell-line	cell-line	minus	none	passed
ENCFF914DFF	ENCFF914DFF	ENCSR000DZZ	ENCSR748FOU	BPNet	predicted signal profile	bigWig	ChIP-seq	TBP	GM12878	cell-line	cell-line	cell-line	plus	none	passed
ENCFF823WTP	ENCFF823WTP	ENCSR000ECB	ENCSR071LQR	BPNet	predicted signal profile	bigWig	ChIP-seq	TBP	H1	cell-line	cell-line	cell-line	minus	none	passed
ENCFF628IEQ	ENCFF628IEQ	ENCSR000ECB	ENCSR071LQR	BPNet	predicted signal profile	bigWig	ChIP-seq	TBP	H1	cell-line	cell-line	cell-line	plus	none	passed
ENCFF032PZR	ENCFF032PZR	ENCSR000EDD	ENCSR209XCM	BPNet	predicted signal profile	bigWig	ChIP-seq	TBP	HeLa-S3	cell-line	cell-line	cell-line	minus	none	passed
ENCFF985KKA	ENCFF985KKA	ENCSR000EDD	ENCSR209XCM	BPNet	predicted signal profile	bigWig	ChIP-seq	TBP	HeLa-S3	cell-line	cell-line	cell-line	plus	none	passed
ENCFF585OXC	ENCFF585OXC	ENCSR000EEL	ENCSR997SZY	BPNet	predicted signal profile	bigWig	ChIP-seq	TBP	HepG2	cell-line	cell-line	cell-line	minus	none	passed
ENCFF681HWZ	ENCFF681HWZ	ENCSR000EEL	ENCSR997SZY	BPNet	predicted signal profile	bigWig	ChIP-seq	TBP	HepG2	cell-line	cell-line	cell-line	plus	none	passed
ENCFF565RWA	ENCFF565RWA	ENCSR410FEH	ENCSR351RCV	BPNet	predicted signal profile	bigWig	ChIP-seq	TBX2	HepG2	cell-line	cell-line	cell-line	minus	none	passed
ENCFF910SWE	ENCFF910SWE	ENCSR410FEH	ENCSR351RCV	BPNet	predicted signal profile	bigWig	ChIP-seq	TBX2	HepG2	cell-line	cell-line	cell-line	plus	none	passed
ENCFF817ITX	ENCFF817ITX	ENCSR739IHN	ENCSR476ZGO	BPNet	predicted signal profile	bigWig	ChIP-seq	TBX21	GM12878	cell-line	cell-line	cell-line	minus	none	passed
ENCFF688EUM	ENCFF688EUM	ENCSR739IHN	ENCSR476ZGO	BPNet	predicted signal profile	bigWig	ChIP-seq	TBX21	GM12878	cell-line	cell-line	cell-line	plus	none	passed
ENCFF501IPN	ENCFF501IPN	ENCSR605YWG	ENCSR409NTB	BPNet	predicted signal profile	bigWig	ChIP-seq	TBX3	HepG2	cell-line	cell-line	cell-line	minus	none	passed
ENCFF821DOX	ENCFF821DOX	ENCSR238QRG	ENCSR660GND	BPNet	predicted signal profile	bigWig	ChIP-seq	TBX3	HepG2	cell-line	cell-line	cell-line	minus	none	passed
ENCFF240EGA	ENCFF240EGA	ENCSR605YWG	ENCSR409NTB	BPNet	predicted signal profile	bigWig	ChIP-seq	TBX3	HepG2	cell-line	cell-line	cell-line	plus	none	passed
ENCFF891TDF	ENCFF891TDF	ENCSR238QRG	ENCSR660GND	BPNet	predicted signal profile	bigWig	ChIP-seq	TBX3	HepG2	cell-line	cell-line	cell-line	plus	none	passed
ENCFF441JPX	ENCFF441JPX	ENCSR000BGZ	ENCSR714UPI	BPNet	predicted signal profile	bigWig	ChIP-seq	TCF12	GM12878	cell-line	cell-line	cell-line	minus	none	passed
ENCFF523HVK	ENCFF523HVK	ENCSR725VFL	ENCSR739XCG	BPNet	predicted signal profile	bigWig	ChIP-seq	TCF12	GM12878	cell-line	cell-line	cell-line	minus	none	passed
ENCFF402KQU	ENCFF402KQU	ENCSR000BGZ	ENCSR714UPI	BPNet	predicted signal profile	bigWig	ChIP-seq	TCF12	GM12878	cell-line	cell-line	cell-line	plus	none	passed
ENCFF457VTG	ENCFF457VTG	ENCSR725VFL	ENCSR739XCG	BPNet	predicted signal profile	bigWig	ChIP-seq	TCF12	GM12878	cell-line	cell-line	cell-line	plus	none	passed
ENCFF655OXH	ENCFF655OXH	ENCSR000BUV	ENCSR829DZW	BPNet	predicted signal profile	bigWig	ChIP-seq	TCF12	Ishikawa	cell-line	cell-line	cell-line	minus	none	passed
ENCFF568TIV	ENCFF568TIV	ENCSR000BUV	ENCSR829DZW	BPNet	predicted signal profile	bigWig	ChIP-seq	TCF12	Ishikawa	cell-line	cell-line	cell-line	plus	none	passed
ENCFF088BUV	ENCFF088BUV	ENCSR189TRZ	ENCSR615MHS	BPNet	predicted signal profile	bigWig	ChIP-seq	TCF12	K562	cell-line	cell-line	cell-line	minus	none	passed
ENCFF958RZC	ENCFF958RZC	ENCSR744WOO	ENCSR122AAT	BPNet	predicted signal profile	bigWig	ChIP-seq	TCF12	K562	cell-line	cell-line	cell-line	minus	none	passed
ENCFF712BHC	ENCFF712BHC	ENCSR744WOO	ENCSR122AAT	BPNet	predicted signal profile	bigWig	ChIP-seq	TCF12	K562	cell-line	cell-line	cell-line	plus	none	passed
ENCFF954ZKX	ENCFF954ZKX	ENCSR189TRZ	ENCSR615MHS	BPNet	predicted signal profile	bigWig	ChIP-seq	TCF12	K562	cell-line	cell-line	cell-line	plus	none	passed
ENCFF311QDW	ENCFF311QDW	ENCSR000BSL	ENCSR715JCY	BPNet	predicted signal profile	bigWig	ChIP-seq	TCF12	SK-N-SH	cell-line	cell-line	cell-line	minus	none	passed
ENCFF578UQE	ENCFF578UQE	ENCSR000BSL	ENCSR715JCY	BPNet	predicted signal profile	bigWig	ChIP-seq	TCF12	SK-N-SH	cell-line	cell-line	cell-line	plus	none	passed
ENCFF201EZJ	ENCFF201EZJ	ENCSR000BQT	ENCSR326PIH	BPNet	predicted signal profile	bigWig	ChIP-seq	TCF3	GM12878	cell-line	cell-line	cell-line	minus	none	passed
ENCFF724LTT	ENCFF724LTT	ENCSR000BQT	ENCSR326PIH	BPNet	predicted signal profile	bigWig	ChIP-seq	TCF3	GM12878	cell-line	cell-line	cell-line	plus	none	passed
ENCFF268QBK	ENCFF268QBK	ENCSR970OJY	ENCSR902ISQ	BPNet	predicted signal profile	bigWig	ChIP-seq	TCF3	K562	cell-line	cell-line	cell-line	minus	none	passed
ENCFF687DLH	ENCFF687DLH	ENCSR970OJY	ENCSR902ISQ	BPNet	predicted signal profile	bigWig	ChIP-seq	TCF3	K562	cell-line	cell-line	cell-line	plus	none	passed
ENCFF592CAO	ENCFF592CAO	ENCSR922RFY	ENCSR292VIZ	BPNet	predicted signal profile	bigWig	ChIP-seq	TCF4	SK-N-SH	cell-line	cell-line	cell-line	minus	none	passed
ENCFF551DLI	ENCFF551DLI	ENCSR922RFY	ENCSR292VIZ	BPNet	predicted signal profile	bigWig	ChIP-seq	TCF4	SK-N-SH	cell-line	cell-line	cell-line	plus	none	passed
ENCFF614IQN	ENCFF614IQN	ENCSR501DKS	ENCSR292YQD	BPNet	predicted signal profile	bigWig	ChIP-seq	TCF7	GM12878	cell-line	cell-line	cell-line	minus	none	passed
ENCFF497XZF	ENCFF497XZF	ENCSR501DKS	ENCSR292YQD	BPNet	predicted signal profile	bigWig	ChIP-seq	TCF7	GM12878	cell-line	cell-line	cell-line	plus	none	passed
ENCFF816QAM	ENCFF816QAM	ENCSR444LIN	ENCSR251GZI	BPNet	predicted signal profile	bigWig	ChIP-seq	TCF7	HepG2	cell-line	cell-line	cell-line	minus	none	passed
ENCFF187VES	ENCFF187VES	ENCSR444LIN	ENCSR251GZI	BPNet	predicted signal profile	bigWig	ChIP-seq	TCF7	HepG2	cell-line	cell-line	cell-line	plus	none	passed
ENCFF695SQH	ENCFF695SQH	ENCSR863KUB	ENCSR123FJN	BPNet	predicted signal profile	bigWig	ChIP-seq	TCF7	K562	cell-line	cell-line	cell-line	minus	none	passed
ENCFF315JDF	ENCFF315JDF	ENCSR863KUB	ENCSR123FJN	BPNet	predicted signal profile	bigWig	ChIP-seq	TCF7	K562	cell-line	cell-line	cell-line	plus	none	passed
ENCFF109RJP	ENCFF109RJP	ENCSR346BOD	ENCSR522OOX	BPNet	predicted signal profile	bigWig	ChIP-seq	TCF7L2	HepG2	cell-line	cell-line	cell-line	minus	none	passed
ENCFF732ZZY	ENCFF732ZZY	ENCSR000EVQ	ENCSR605YBA	BPNet	predicted signal profile	bigWig	ChIP-seq	TCF7L2	HepG2	cell-line	cell-line	cell-line	minus	none	passed
ENCFF194NNL	ENCFF194NNL	ENCSR346BOD	ENCSR522OOX	BPNet	predicted signal profile	bigWig	ChIP-seq	TCF7L2	HepG2	cell-line	cell-line	cell-line	plus	none	passed
ENCFF628XEM	ENCFF628XEM	ENCSR000EVQ	ENCSR605YBA	BPNet	predicted signal profile	bigWig	ChIP-seq	TCF7L2	HepG2	cell-line	cell-line	cell-line	plus	none	passed
ENCFF804TIO	ENCFF804TIO	ENCSR497JLX	ENCSR472NZD	BPNet	predicted signal profile	bigWig	ChIP-seq	TEAD1	HepG2	cell-line	cell-line	cell-line	minus	none	passed
ENCFF114LNU	ENCFF114LNU	ENCSR497JLX	ENCSR472NZD	BPNet	predicted signal profile	bigWig	ChIP-seq	TEAD1	HepG2	cell-line	cell-line	cell-line	plus	none	passed
ENCFF209ORL	ENCFF209ORL	ENCSR591ASD	ENCSR945UJQ	BPNet	predicted signal profile	bigWig	ChIP-seq	TEAD1	K562	cell-line	cell-line	cell-line	minus	none	passed
ENCFF948TPG	ENCFF948TPG	ENCSR228ELU	ENCSR675KBB	BPNet	predicted signal profile	bigWig	ChIP-seq	TEAD1	K562	cell-line	cell-line	cell-line	minus	none	passed
ENCFF519FKW	ENCFF519FKW	ENCSR591ASD	ENCSR945UJQ	BPNet	predicted signal profile	bigWig	ChIP-seq	TEAD1	K562	cell-line	cell-line	cell-line	plus	none	passed
ENCFF702DDO	ENCFF702DDO	ENCSR228ELU	ENCSR675KBB	BPNet	predicted signal profile	bigWig	ChIP-seq	TEAD1	K562	cell-line	cell-line	cell-line	plus	none	passed
ENCFF238GUW	ENCFF238GUW	ENCSR934WOF	ENCSR839ENT	BPNet	predicted signal profile	bigWig	ChIP-seq	TEAD1	WTC11	cell-line	cell-line	cell-line	minus	none	passed
ENCFF282EVG	ENCFF282EVG	ENCSR934WOF	ENCSR839ENT	BPNet	predicted signal profile	bigWig	ChIP-seq	TEAD1	WTC11	cell-line	cell-line	cell-line	plus	none	passed
ENCFF507JRV	ENCFF507JRV	ENCSR635GTR	ENCSR858BRS	BPNet	predicted signal profile	bigWig	ChIP-seq	TEAD2	K562	cell-line	cell-line	cell-line	minus	none	passed
ENCFF708UAI	ENCFF708UAI	ENCSR635GTR	ENCSR858BRS	BPNet	predicted signal profile	bigWig	ChIP-seq	TEAD2	K562	cell-line	cell-line	cell-line	plus	none	passed
ENCFF748RZL	ENCFF748RZL	ENCSR000BUD	ENCSR759JAZ	BPNet	predicted signal profile	bigWig	ChIP-seq	TEAD4	A549	cell-line	cell-line	cell-line	minus	none	passed
ENCFF863VLY	ENCFF863VLY	ENCSR000BUD	ENCSR759JAZ	BPNet	predicted signal profile	bigWig	ChIP-seq	TEAD4	A549	cell-line	cell-line	cell-line	plus	none	passed
ENCFF971DDU	ENCFF971DDU	ENCSR000BRY	ENCSR057JRV	BPNet	predicted signal profile	bigWig	ChIP-seq	TEAD4	H1	cell-line	cell-line	cell-line	minus	none	passed
ENCFF809EWH	ENCFF809EWH	ENCSR000BRY	ENCSR057JRV	BPNet	predicted signal profile	bigWig	ChIP-seq	TEAD4	H1	cell-line	cell-line	cell-line	plus	none	passed
ENCFF361IGR	ENCFF361IGR	ENCSR000BVJ	ENCSR255BMC	BPNet	predicted signal profile	bigWig	ChIP-seq	TEAD4	HCT116	cell-line	cell-line	cell-line	minus	none	passed
ENCFF103CTR	ENCFF103CTR	ENCSR000BVJ	ENCSR255BMC	BPNet	predicted signal profile	bigWig	ChIP-seq	TEAD4	HCT116	cell-line	cell-line	cell-line	plus	none	passed
ENCFF137SQF	ENCFF137SQF	ENCSR000BRP	ENCSR543PPH	BPNet	predicted signal profile	bigWig	ChIP-seq	TEAD4	HepG2	cell-line	cell-line	cell-line	minus	none	passed
ENCFF365TBT	ENCFF365TBT	ENCSR800JRG	ENCSR502ZZU	BPNet	predicted signal profile	bigWig	ChIP-seq	TEAD4	HepG2	cell-line	cell-line	cell-line	minus	none	passed
ENCFF550NZX	ENCFF550NZX	ENCSR000BRP	ENCSR543PPH	BPNet	predicted signal profile	bigWig	ChIP-seq	TEAD4	HepG2	cell-line	cell-line	cell-line	plus	none	passed
ENCFF804AHL	ENCFF804AHL	ENCSR800JRG	ENCSR502ZZU	BPNet	predicted signal profile	bigWig	ChIP-seq	TEAD4	HepG2	cell-line	cell-line	cell-line	plus	none	passed
ENCFF277PMW	ENCFF277PMW	ENCSR000BSW	ENCSR719TPB	BPNet	predicted signal profile	bigWig	ChIP-seq	TEAD4	Ishikawa	cell-line	cell-line	cell-line	minus	none	passed
ENCFF797VKW	ENCFF797VKW	ENCSR000BSW	ENCSR719TPB	BPNet	predicted signal profile	bigWig	ChIP-seq	TEAD4	Ishikawa	cell-line	cell-line	cell-line	plus	none	passed
ENCFF106DHM	ENCFF106DHM	ENCSR000BRK	ENCSR584QDL	BPNet	predicted signal profile	bigWig	ChIP-seq	TEAD4	K562	cell-line	cell-line	cell-line	minus	none	passed
ENCFF859RVU	ENCFF859RVU	ENCSR817FMN	ENCSR541KST	BPNet	predicted signal profile	bigWig	ChIP-seq	TEAD4	K562	cell-line	cell-line	cell-line	minus	none	passed
ENCFF137CWC	ENCFF137CWC	ENCSR817FMN	ENCSR541KST	BPNet	predicted signal profile	bigWig	ChIP-seq	TEAD4	K562	cell-line	cell-line	cell-line	plus	none	passed
ENCFF532EOV	ENCFF532EOV	ENCSR000BRK	ENCSR584QDL	BPNet	predicted signal profile	bigWig	ChIP-seq	TEAD4	K562	cell-line	cell-line	cell-line	plus	none	passed
ENCFF365YZQ	ENCFF365YZQ	ENCSR000BUO	ENCSR654ETW	BPNet	predicted signal profile	bigWig	ChIP-seq	TEAD4	MCF-7	cell-line	cell-line	cell-line	minus	none	passed
ENCFF662CUI	ENCFF662CUI	ENCSR000BUO	ENCSR654ETW	BPNet	predicted signal profile	bigWig	ChIP-seq	TEAD4	MCF-7	cell-line	cell-line	cell-line	plus	none	passed
ENCFF984SCP	ENCFF984SCP	ENCSR000BUQ	ENCSR137PEF	BPNet	predicted signal profile	bigWig	ChIP-seq	TEAD4	SK-N-SH	cell-line	cell-line	cell-line	minus	none	passed
ENCFF210ANL	ENCFF210ANL	ENCSR000BUQ	ENCSR137PEF	BPNet	predicted signal profile	bigWig	ChIP-seq	TEAD4	SK-N-SH	cell-line	cell-line	cell-line	plus	none	passed
ENCFF920IJJ	ENCFF920IJJ	ENCSR285HHZ	ENCSR598CXV	BPNet	predicted signal profile	bigWig	ChIP-seq	TEAD4	WTC11	cell-line	cell-line	cell-line	minus	none	passed
ENCFF505WKZ	ENCFF505WKZ	ENCSR285HHZ	ENCSR598CXV	BPNet	predicted signal profile	bigWig	ChIP-seq	TEAD4	WTC11	cell-line	cell-line	cell-line	plus	none	passed
ENCFF869UKM	ENCFF869UKM	ENCSR583KLD	ENCSR286SAG	BPNet	predicted signal profile	bigWig	ChIP-seq	TEF	HepG2	cell-line	cell-line	cell-line	minus	none	passed
ENCFF267PAH	ENCFF267PAH	ENCSR583KLD	ENCSR286SAG	BPNet	predicted signal profile	bigWig	ChIP-seq	TEF	HepG2	cell-line	cell-line	cell-line	plus	none	passed
ENCFF312EZB	ENCFF312EZB	ENCSR630GGD	ENCSR606WDD	BPNet	predicted signal profile	bigWig	ChIP-seq	TFAP2B	SK-N-SH	cell-line	cell-line	cell-line	minus	none	passed
ENCFF189RDY	ENCFF189RDY	ENCSR630GGD	ENCSR606WDD	BPNet	predicted signal profile	bigWig	ChIP-seq	TFAP2B	SK-N-SH	cell-line	cell-line	cell-line	plus	none	passed
ENCFF827EVT	ENCFF827EVT	ENCSR587BVQ	ENCSR832QSI	BPNet	predicted signal profile	bigWig	ChIP-seq	TFAP4	HepG2	cell-line	cell-line	cell-line	minus	none	passed
ENCFF969PSZ	ENCFF969PSZ	ENCSR103SZL	ENCSR050VWT	BPNet	predicted signal profile	bigWig	ChIP-seq	TFAP4	HepG2	cell-line	cell-line	cell-line	minus	none	passed
ENCFF525OWU	ENCFF525OWU	ENCSR587BVQ	ENCSR832QSI	BPNet	predicted signal profile	bigWig	ChIP-seq	TFAP4	HepG2	cell-line	cell-line	cell-line	plus	none	passed
ENCFF851ZEO	ENCFF851ZEO	ENCSR103SZL	ENCSR050VWT	BPNet	predicted signal profile	bigWig	ChIP-seq	TFAP4	HepG2	cell-line	cell-line	cell-line	plus	none	passed
ENCFF442DKU	ENCFF442DKU	ENCSR784IMK	ENCSR468IYH	BPNet	predicted signal profile	bigWig	ChIP-seq	TFAP4	K562	cell-line	cell-line	cell-line	minus	none	passed
ENCFF394AJX	ENCFF394AJX	ENCSR784IMK	ENCSR468IYH	BPNet	predicted signal profile	bigWig	ChIP-seq	TFAP4	K562	cell-line	cell-line	cell-line	plus	none	passed
ENCFF436NKW	ENCFF436NKW	ENCSR998OMC	ENCSR119FPN	BPNet	predicted signal profile	bigWig	ChIP-seq	TFCP2	K562	cell-line	cell-line	cell-line	minus	none	passed
ENCFF725XTE	ENCFF725XTE	ENCSR998OMC	ENCSR119FPN	BPNet	predicted signal profile	bigWig	ChIP-seq	TFCP2	K562	cell-line	cell-line	cell-line	plus	none	passed
ENCFF697RIB	ENCFF697RIB	ENCSR558OMR	ENCSR843PGH	BPNet	predicted signal profile	bigWig	ChIP-seq	TFDP1	HepG2	cell-line	cell-line	cell-line	minus	none	passed
ENCFF551JEY	ENCFF551JEY	ENCSR558OMR	ENCSR843PGH	BPNet	predicted signal profile	bigWig	ChIP-seq	TFDP1	HepG2	cell-line	cell-line	cell-line	plus	none	passed
ENCFF385HFS	ENCFF385HFS	ENCSR017GBO	ENCSR510PVF	BPNet	predicted signal profile	bigWig	ChIP-seq	TFDP1	K562	cell-line	cell-line	cell-line	minus	none	passed
ENCFF998QXE	ENCFF998QXE	ENCSR901VIE	ENCSR881WQN	BPNet	predicted signal profile	bigWig	ChIP-seq	TFDP1	K562	cell-line	cell-line	cell-line	minus	none	passed
ENCFF854RIF	ENCFF854RIF	ENCSR017GBO	ENCSR510PVF	BPNet	predicted signal profile	bigWig	ChIP-seq	TFDP1	K562	cell-line	cell-line	cell-line	plus	none	passed
ENCFF883DSD	ENCFF883DSD	ENCSR901VIE	ENCSR881WQN	BPNet	predicted signal profile	bigWig	ChIP-seq	TFDP1	K562	cell-line	cell-line	cell-line	plus	none	passed
ENCFF044IVL	ENCFF044IVL	ENCSR589SNT	ENCSR969SPC	BPNet	predicted signal profile	bigWig	ChIP-seq	TFE3	HepG2	cell-line	cell-line	cell-line	minus	none	passed
ENCFF993APS	ENCFF993APS	ENCSR589SNT	ENCSR969SPC	BPNet	predicted signal profile	bigWig	ChIP-seq	TFE3	HepG2	cell-line	cell-line	cell-line	plus	none	passed
ENCFF621ZUD	ENCFF621ZUD	ENCSR953KEY	ENCSR570QRK	BPNet	predicted signal profile	bigWig	ChIP-seq	TFE3	K562	cell-line	cell-line	cell-line	minus	none	passed
ENCFF645NZP	ENCFF645NZP	ENCSR953KEY	ENCSR570QRK	BPNet	predicted signal profile	bigWig	ChIP-seq	TFE3	K562	cell-line	cell-line	cell-line	plus	none	passed
ENCFF103QBZ	ENCFF103QBZ	ENCSR993LMB	ENCSR943QHF	BPNet	predicted signal profile	bigWig	ChIP-seq	TGIF2	HepG2	cell-line	cell-line	cell-line	minus	none	passed
ENCFF182UWM	ENCFF182UWM	ENCSR993LMB	ENCSR943QHF	BPNet	predicted signal profile	bigWig	ChIP-seq	TGIF2	HepG2	cell-line	cell-line	cell-line	plus	none	passed
ENCFF056TAH	ENCFF056TAH	ENCSR910UQX	ENCSR196PHG	BPNet	predicted signal profile	bigWig	ChIP-seq	TGIF2	WTC11	cell-line	cell-line	cell-line	minus	none	passed
ENCFF820XUE	ENCFF820XUE	ENCSR910UQX	ENCSR196PHG	BPNet	predicted signal profile	bigWig	ChIP-seq	TGIF2	WTC11	cell-line	cell-line	cell-line	plus	none	passed
ENCFF339YFJ	ENCFF339YFJ	ENCSR000BNN	ENCSR817TLV	BPNet	predicted signal profile	bigWig	ChIP-seq	THAP1	K562	cell-line	cell-line	cell-line	minus	none	passed
ENCFF458WFO	ENCFF458WFO	ENCSR000BNN	ENCSR817TLV	BPNet	predicted signal profile	bigWig	ChIP-seq	THAP1	K562	cell-line	cell-line	cell-line	plus	none	passed
ENCFF441KHK	ENCFF441KHK	ENCSR562POI	ENCSR016OLY	BPNet	predicted signal profile	bigWig	ChIP-seq	THAP11	HepG2	cell-line	cell-line	cell-line	minus	none	passed
ENCFF454LTL	ENCFF454LTL	ENCSR562POI	ENCSR016OLY	BPNet	predicted signal profile	bigWig	ChIP-seq	THAP11	HepG2	cell-line	cell-line	cell-line	plus	none	passed
ENCFF292LYF	ENCFF292LYF	ENCSR551QJT	ENCSR262IPW	BPNet	predicted signal profile	bigWig	ChIP-seq	THRA	HepG2	cell-line	cell-line	cell-line	minus	none	passed
ENCFF374JVO	ENCFF374JVO	ENCSR551QJT	ENCSR262IPW	BPNet	predicted signal profile	bigWig	ChIP-seq	THRA	HepG2	cell-line	cell-line	cell-line	plus	none	passed
ENCFF162ZRA	ENCFF162ZRA	ENCSR264CZJ	ENCSR668XFM	BPNet	predicted signal profile	bigWig	ChIP-seq	THRA	K562	cell-line	cell-line	cell-line	minus	none	passed
ENCFF539PRU	ENCFF539PRU	ENCSR264CZJ	ENCSR668XFM	BPNet	predicted signal profile	bigWig	ChIP-seq	THRA	K562	cell-line	cell-line	cell-line	plus	none	passed
ENCFF568OKT	ENCFF568OKT	ENCSR430JGJ	ENCSR015WPR	BPNet	predicted signal profile	bigWig	ChIP-seq	THRB	HepG2	cell-line	cell-line	cell-line	minus	none	passed
ENCFF265PFG	ENCFF265PFG	ENCSR430JGJ	ENCSR015WPR	BPNet	predicted signal profile	bigWig	ChIP-seq	THRB	HepG2	cell-line	cell-line	cell-line	plus	none	passed
ENCFF950TTP	ENCFF950TTP	ENCSR112XUO	ENCSR143XGL	BPNet	predicted signal profile	bigWig	ChIP-seq	TP53	A549	cell-line	cell-line	cell-line	minus	none	passed
ENCFF777ESA	ENCFF777ESA	ENCSR112XUO	ENCSR143XGL	BPNet	predicted signal profile	bigWig	ChIP-seq	TP53	A549	cell-line	cell-line	cell-line	plus	none	passed
ENCFF373KGL	ENCFF373KGL	ENCSR980EGJ	ENCSR636VPX	BPNet	predicted signal profile	bigWig	ChIP-seq	TP53	HepG2	cell-line	cell-line	cell-line	minus	none	passed
ENCFF127RIA	ENCFF127RIA	ENCSR980EGJ	ENCSR636VPX	BPNet	predicted signal profile	bigWig	ChIP-seq	TP53	HepG2	cell-line	cell-line	cell-line	plus	none	passed
ENCFF043IUJ	ENCFF043IUJ	ENCSR760GZL	ENCSR435SAV	BPNet	predicted signal profile	bigWig	ChIP-seq	TP53	WTC11	cell-line	cell-line	cell-line	minus	none	passed
ENCFF325FNP	ENCFF325FNP	ENCSR760GZL	ENCSR435SAV	BPNet	predicted signal profile	bigWig	ChIP-seq	TP53	WTC11	cell-line	cell-line	cell-line	plus	none	passed
ENCFF617MCN	ENCFF617MCN	ENCSR282NLQ	ENCSR410KJV	BPNet	predicted signal profile	bigWig	ChIP-seq	TSHZ2	SK-N-SH	cell-line	cell-line	cell-line	minus	none	passed
ENCFF107KJZ	ENCFF107KJZ	ENCSR282NLQ	ENCSR410KJV	BPNet	predicted signal profile	bigWig	ChIP-seq	TSHZ2	SK-N-SH	cell-line	cell-line	cell-line	plus	none	passed
ENCFF327TCZ	ENCFF327TCZ	ENCSR000BJB	ENCSR054RWA	BPNet	predicted signal profile	bigWig	ChIP-seq	USF1	A549	cell-line	cell-line	cell-line	minus	none	passed
ENCFF521LAS	ENCFF521LAS	ENCSR000BHX	ENCSR586UXJ	BPNet	predicted signal profile	bigWig	ChIP-seq	USF1	A549	cell-line	cell-line	cell-line	minus	none	passed
ENCFF960IWN	ENCFF960IWN	ENCSR000BPV	ENCSR983UAU	BPNet	predicted signal profile	bigWig	ChIP-seq	USF1	A549	cell-line	cell-line	cell-line	minus	none	passed
ENCFF152AOC	ENCFF152AOC	ENCSR000BHX	ENCSR586UXJ	BPNet	predicted signal profile	bigWig	ChIP-seq	USF1	A549	cell-line	cell-line	cell-line	plus	none	passed
ENCFF281RFK	ENCFF281RFK	ENCSR000BJB	ENCSR054RWA	BPNet	predicted signal profile	bigWig	ChIP-seq	USF1	A549	cell-line	cell-line	cell-line	plus	none	passed
ENCFF786LGF	ENCFF786LGF	ENCSR000BPV	ENCSR983UAU	BPNet	predicted signal profile	bigWig	ChIP-seq	USF1	A549	cell-line	cell-line	cell-line	plus	none	passed
ENCFF042NKR	ENCFF042NKR	ENCSR000BGI	ENCSR511BKM	BPNet	predicted signal profile	bigWig	ChIP-seq	USF1	GM12878	cell-line	cell-line	cell-line	minus	none	passed
ENCFF584GLE	ENCFF584GLE	ENCSR000BGI	ENCSR511BKM	BPNet	predicted signal profile	bigWig	ChIP-seq	USF1	GM12878	cell-line	cell-line	cell-line	plus	none	passed
ENCFF333LIQ	ENCFF333LIQ	ENCSR000BIU	ENCSR516GXG	BPNet	predicted signal profile	bigWig	ChIP-seq	USF1	H1	cell-line	cell-line	cell-line	minus	none	passed
ENCFF107UXN	ENCFF107UXN	ENCSR000BIU	ENCSR516GXG	BPNet	predicted signal profile	bigWig	ChIP-seq	USF1	H1	cell-line	cell-line	cell-line	plus	none	passed
ENCFF274SCY	ENCFF274SCY	ENCSR000BVK	ENCSR462DYM	BPNet	predicted signal profile	bigWig	ChIP-seq	USF1	HCT116	cell-line	cell-line	cell-line	minus	none	passed
ENCFF949QCY	ENCFF949QCY	ENCSR000BVK	ENCSR462DYM	BPNet	predicted signal profile	bigWig	ChIP-seq	USF1	HCT116	cell-line	cell-line	cell-line	plus	none	passed
ENCFF823OAQ	ENCFF823OAQ	ENCSR099FCQ	ENCSR969UXT	BPNet	predicted signal profile	bigWig	ChIP-seq	USF1	HepG2	cell-line	cell-line	cell-line	minus	none	passed
ENCFF929BSQ	ENCFF929BSQ	ENCSR000BGM	ENCSR830EXL	BPNet	predicted signal profile	bigWig	ChIP-seq	USF1	HepG2	cell-line	cell-line	cell-line	minus	none	passed
ENCFF036DXI	ENCFF036DXI	ENCSR000BGM	ENCSR830EXL	BPNet	predicted signal profile	bigWig	ChIP-seq	USF1	HepG2	cell-line	cell-line	cell-line	plus	none	passed
ENCFF814SOB	ENCFF814SOB	ENCSR099FCQ	ENCSR969UXT	BPNet	predicted signal profile	bigWig	ChIP-seq	USF1	HepG2	cell-line	cell-line	cell-line	plus	none	passed
ENCFF089UGJ	ENCFF089UGJ	ENCSR000BSX	ENCSR684JSF	BPNet	predicted signal profile	bigWig	ChIP-seq	USF1	Ishikawa	cell-line	cell-line	cell-line	minus	none	passed
ENCFF453FQG	ENCFF453FQG	ENCSR000BSX	ENCSR684JSF	BPNet	predicted signal profile	bigWig	ChIP-seq	USF1	Ishikawa	cell-line	cell-line	cell-line	plus	none	passed
ENCFF332HXT	ENCFF332HXT	ENCSR000BKT	ENCSR524FDF	BPNet	predicted signal profile	bigWig	ChIP-seq	USF1	K562	cell-line	cell-line	cell-line	minus	none	passed
ENCFF957TAS	ENCFF957TAS	ENCSR787CHF	ENCSR910XFU	BPNet	predicted signal profile	bigWig	ChIP-seq	USF1	K562	cell-line	cell-line	cell-line	minus	none	passed
ENCFF385FPH	ENCFF385FPH	ENCSR787CHF	ENCSR910XFU	BPNet	predicted signal profile	bigWig	ChIP-seq	USF1	K562	cell-line	cell-line	cell-line	plus	none	passed
ENCFF744PED	ENCFF744PED	ENCSR000BKT	ENCSR524FDF	BPNet	predicted signal profile	bigWig	ChIP-seq	USF1	K562	cell-line	cell-line	cell-line	plus	none	passed
ENCFF435DLO	ENCFF435DLO	ENCSR000BMF	ENCSR204CFN	BPNet	predicted signal profile	bigWig	ChIP-seq	USF1	SK-N-SH	cell-line	cell-line	cell-line	minus	none	passed
ENCFF778XYO	ENCFF778XYO	ENCSR000BTZ	ENCSR909XMT	BPNet	predicted signal profile	bigWig	ChIP-seq	USF1	SK-N-SH	cell-line	cell-line	cell-line	minus	none	passed
ENCFF350EBD	ENCFF350EBD	ENCSR000BTZ	ENCSR909XMT	BPNet	predicted signal profile	bigWig	ChIP-seq	USF1	SK-N-SH	cell-line	cell-line	cell-line	plus	none	passed
ENCFF978RWG	ENCFF978RWG	ENCSR000BMF	ENCSR204CFN	BPNet	predicted signal profile	bigWig	ChIP-seq	USF1	SK-N-SH	cell-line	cell-line	cell-line	plus	none	passed
ENCFF154TNE	ENCFF154TNE	ENCSR248QBT	ENCSR373FAY	BPNet	predicted signal profile	bigWig	ChIP-seq	USF1	WTC11	cell-line	cell-line	cell-line	minus	none	passed
ENCFF990RRC	ENCFF990RRC	ENCSR248QBT	ENCSR373FAY	BPNet	predicted signal profile	bigWig	ChIP-seq	USF1	WTC11	cell-line	cell-line	cell-line	plus	none	passed
ENCFF782KUB	ENCFF782KUB	ENCSR563FBT	ENCSR476XIR	BPNet	predicted signal profile	bigWig	ChIP-seq	USF2	A549	cell-line	cell-line	cell-line	minus	none	passed
ENCFF880BRW	ENCFF880BRW	ENCSR563FBT	ENCSR476XIR	BPNet	predicted signal profile	bigWig	ChIP-seq	USF2	A549	cell-line	cell-line	cell-line	plus	none	passed
ENCFF143ZVX	ENCFF143ZVX	ENCSR000DZU	ENCSR355QCJ	BPNet	predicted signal profile	bigWig	ChIP-seq	USF2	GM12878	cell-line	cell-line	cell-line	minus	none	passed
ENCFF520UIQ	ENCFF520UIQ	ENCSR000DZU	ENCSR355QCJ	BPNet	predicted signal profile	bigWig	ChIP-seq	USF2	GM12878	cell-line	cell-line	cell-line	plus	none	passed
ENCFF660FLS	ENCFF660FLS	ENCSR000ECD	ENCSR859LAQ	BPNet	predicted signal profile	bigWig	ChIP-seq	USF2	H1	cell-line	cell-line	cell-line	minus	none	passed
ENCFF121JLT	ENCFF121JLT	ENCSR000ECD	ENCSR859LAQ	BPNet	predicted signal profile	bigWig	ChIP-seq	USF2	H1	cell-line	cell-line	cell-line	plus	none	passed
ENCFF378AIG	ENCFF378AIG	ENCSR000ECW	ENCSR577OOY	BPNet	predicted signal profile	bigWig	ChIP-seq	USF2	HeLa-S3	cell-line	cell-line	cell-line	minus	none	passed
ENCFF703AAP	ENCFF703AAP	ENCSR000ECW	ENCSR577OOY	BPNet	predicted signal profile	bigWig	ChIP-seq	USF2	HeLa-S3	cell-line	cell-line	cell-line	plus	none	passed
ENCFF015WCZ	ENCFF015WCZ	ENCSR145QNL	ENCSR241GBH	BPNet	predicted signal profile	bigWig	ChIP-seq	USF2	HepG2	cell-line	cell-line	cell-line	minus	none	passed
ENCFF069CVF	ENCFF069CVF	ENCSR000EEF	ENCSR376OGT	BPNet	predicted signal profile	bigWig	ChIP-seq	USF2	HepG2	cell-line	cell-line	cell-line	minus	none	passed
ENCFF215CXC	ENCFF215CXC	ENCSR000EEF	ENCSR376OGT	BPNet	predicted signal profile	bigWig	ChIP-seq	USF2	HepG2	cell-line	cell-line	cell-line	plus	none	passed
ENCFF373BLI	ENCFF373BLI	ENCSR145QNL	ENCSR241GBH	BPNet	predicted signal profile	bigWig	ChIP-seq	USF2	HepG2	cell-line	cell-line	cell-line	plus	none	passed
ENCFF545KAA	ENCFF545KAA	ENCSR513UQG	ENCSR638GTJ	BPNet	predicted signal profile	bigWig	ChIP-seq	USF2	IMR-90	cell-line	cell-line	cell-line	minus	none	passed
ENCFF723CQH	ENCFF723CQH	ENCSR513UQG	ENCSR638GTJ	BPNet	predicted signal profile	bigWig	ChIP-seq	USF2	IMR-90	cell-line	cell-line	cell-line	plus	none	passed
ENCFF125PUT	ENCFF125PUT	ENCSR359NFW	ENCSR720OWM	BPNet	predicted signal profile	bigWig	ChIP-seq	USF2	K562	cell-line	cell-line	cell-line	minus	none	passed
ENCFF454GRS	ENCFF454GRS	ENCSR000EHG	ENCSR637VKB	BPNet	predicted signal profile	bigWig	ChIP-seq	USF2	K562	cell-line	cell-line	cell-line	minus	none	passed
ENCFF741NDS	ENCFF741NDS	ENCSR578KEN	ENCSR074MKL	BPNet	predicted signal profile	bigWig	ChIP-seq	USF2	K562	cell-line	cell-line	cell-line	minus	none	passed
ENCFF615DYR	ENCFF615DYR	ENCSR578KEN	ENCSR074MKL	BPNet	predicted signal profile	bigWig	ChIP-seq	USF2	K562	cell-line	cell-line	cell-line	plus	none	passed
ENCFF644ZCJ	ENCFF644ZCJ	ENCSR359NFW	ENCSR720OWM	BPNet	predicted signal profile	bigWig	ChIP-seq	USF2	K562	cell-line	cell-line	cell-line	plus	none	passed
ENCFF988LMX	ENCFF988LMX	ENCSR000EHG	ENCSR637VKB	BPNet	predicted signal profile	bigWig	ChIP-seq	USF2	K562	cell-line	cell-line	cell-line	plus	none	passed
ENCFF121FUB	ENCFF121FUB	ENCSR945NFL	ENCSR861TDJ	BPNet	predicted signal profile	bigWig	ChIP-seq	USF2	SK-N-SH	cell-line	cell-line	cell-line	minus	none	passed
ENCFF123VYD	ENCFF123VYD	ENCSR945NFL	ENCSR861TDJ	BPNet	predicted signal profile	bigWig	ChIP-seq	USF2	SK-N-SH	cell-line	cell-line	cell-line	plus	none	passed
ENCFF544IHR	ENCFF544IHR	ENCSR229QAN	ENCSR218ZQT	BPNet	predicted signal profile	bigWig	ChIP-seq	USF2	WTC11	cell-line	cell-line	cell-line	minus	none	passed
ENCFF312TWS	ENCFF312TWS	ENCSR229QAN	ENCSR218ZQT	BPNet	predicted signal profile	bigWig	ChIP-seq	USF2	WTC11	cell-line	cell-line	cell-line	plus	none	passed
ENCFF179XFL	ENCFF179XFL	ENCSR189YMA	ENCSR970FXF	BPNet	predicted signal profile	bigWig	ChIP-seq	VEZF1	K562	cell-line	cell-line	cell-line	minus	none	passed
ENCFF984YNJ	ENCFF984YNJ	ENCSR189YMA	ENCSR970FXF	BPNet	predicted signal profile	bigWig	ChIP-seq	VEZF1	K562	cell-line	cell-line	cell-line	plus	none	passed
ENCFF957CKH	ENCFF957CKH	ENCSR966PJJ	ENCSR129GSW	BPNet	predicted signal profile	bigWig	ChIP-seq	WT1	HEK293	cell-line	cell-line	cell-line	minus	none	passed
ENCFF555LMG	ENCFF555LMG	ENCSR966PJJ	ENCSR129GSW	BPNet	predicted signal profile	bigWig	ChIP-seq	WT1	HEK293	cell-line	cell-line	cell-line	plus	none	passed
ENCFF158BVK	ENCFF158BVK	ENCSR988EVQ	ENCSR431QUE	BPNet	predicted signal profile	bigWig	ChIP-seq	XBP1	HepG2	cell-line	cell-line	cell-line	minus	none	passed
ENCFF967AFN	ENCFF967AFN	ENCSR988EVQ	ENCSR431QUE	BPNet	predicted signal profile	bigWig	ChIP-seq	XBP1	HepG2	cell-line	cell-line	cell-line	plus	none	passed
ENCFF948JYG	ENCFF948JYG	ENCSR000BPM	ENCSR623ODG	BPNet	predicted signal profile	bigWig	ChIP-seq	YY1	A549	cell-line	cell-line	cell-line	minus	none	passed
ENCFF446FIZ	ENCFF446FIZ	ENCSR000BPM	ENCSR623ODG	BPNet	predicted signal profile	bigWig	ChIP-seq	YY1	A549	cell-line	cell-line	cell-line	plus	none	passed
ENCFF322YGY	ENCFF322YGY	ENCSR000EUM	ENCSR401RIZ	BPNet	predicted signal profile	bigWig	ChIP-seq	YY1	GM12878	cell-line	cell-line	cell-line	minus	none	passed
ENCFF972CKQ	ENCFF972CKQ	ENCSR000BNP	ENCSR466HDF	BPNet	predicted signal profile	bigWig	ChIP-seq	YY1	GM12878	cell-line	cell-line	cell-line	minus	none	passed
ENCFF523LOM	ENCFF523LOM	ENCSR000BNP	ENCSR466HDF	BPNet	predicted signal profile	bigWig	ChIP-seq	YY1	GM12878	cell-line	cell-line	cell-line	plus	none	passed
ENCFF689MEA	ENCFF689MEA	ENCSR000EUM	ENCSR401RIZ	BPNet	predicted signal profile	bigWig	ChIP-seq	YY1	GM12878	cell-line	cell-line	cell-line	plus	none	passed
ENCFF957QNC	ENCFF957QNC	ENCSR000BKJ	ENCSR407QBH	BPNet	predicted signal profile	bigWig	ChIP-seq	YY1	GM12891	cell-line	cell-line	cell-line	minus	none	passed
ENCFF106IVM	ENCFF106IVM	ENCSR000BKJ	ENCSR407QBH	BPNet	predicted signal profile	bigWig	ChIP-seq	YY1	GM12891	cell-line	cell-line	cell-line	plus	none	passed
ENCFF215MLP	ENCFF215MLP	ENCSR000BLT	ENCSR805DUE	BPNet	predicted signal profile	bigWig	ChIP-seq	YY1	GM12892	cell-line	cell-line	cell-line	minus	none	passed
ENCFF006VLP	ENCFF006VLP	ENCSR000BLT	ENCSR805DUE	BPNet	predicted signal profile	bigWig	ChIP-seq	YY1	GM12892	cell-line	cell-line	cell-line	plus	none	passed
ENCFF798RFY	ENCFF798RFY	ENCSR000BKD	ENCSR123TMK	BPNet	predicted signal profile	bigWig	ChIP-seq	YY1	H1	cell-line	cell-line	cell-line	minus	none	passed
ENCFF158NOE	ENCFF158NOE	ENCSR000BKD	ENCSR123TMK	BPNet	predicted signal profile	bigWig	ChIP-seq	YY1	H1	cell-line	cell-line	cell-line	plus	none	passed
ENCFF899EYQ	ENCFF899EYQ	ENCSR000BNX	ENCSR976XZG	BPNet	predicted signal profile	bigWig	ChIP-seq	YY1	HCT116	cell-line	cell-line	cell-line	minus	none	passed
ENCFF146ITQ	ENCFF146ITQ	ENCSR000BNX	ENCSR976XZG	BPNet	predicted signal profile	bigWig	ChIP-seq	YY1	HCT116	cell-line	cell-line	cell-line	plus	none	passed
ENCFF509UHX	ENCFF509UHX	ENCSR859RAO	ENCSR972DQJ	BPNet	predicted signal profile	bigWig	ChIP-seq	YY1	HEK293	cell-line	cell-line	cell-line	minus	none	passed
ENCFF890XUF	ENCFF890XUF	ENCSR859RAO	ENCSR972DQJ	BPNet	predicted signal profile	bigWig	ChIP-seq	YY1	HEK293	cell-line	cell-line	cell-line	plus	none	passed
ENCFF899PWV	ENCFF899PWV	ENCSR000BNT	ENCSR715ALH	BPNet	predicted signal profile	bigWig	ChIP-seq	YY1	HepG2	cell-line	cell-line	cell-line	minus	none	passed
ENCFF519XQH	ENCFF519XQH	ENCSR000BNT	ENCSR715ALH	BPNet	predicted signal profile	bigWig	ChIP-seq	YY1	HepG2	cell-line	cell-line	cell-line	plus	none	passed
ENCFF514HXN	ENCFF514HXN	ENCSR000BSY	ENCSR809DOC	BPNet	predicted signal profile	bigWig	ChIP-seq	YY1	Ishikawa	cell-line	cell-line	cell-line	minus	none	passed
ENCFF055SIF	ENCFF055SIF	ENCSR000BSY	ENCSR809DOC	BPNet	predicted signal profile	bigWig	ChIP-seq	YY1	Ishikawa	cell-line	cell-line	cell-line	plus	none	passed
ENCFF507QBC	ENCFF507QBC	ENCSR000EWF	ENCSR911NSC	BPNet	predicted signal profile	bigWig	ChIP-seq	YY1	K562	cell-line	cell-line	cell-line	minus	none	passed
ENCFF833RLN	ENCFF833RLN	ENCSR000BMH	ENCSR763WTY	BPNet	predicted signal profile	bigWig	ChIP-seq	YY1	K562	cell-line	cell-line	cell-line	minus	none	passed
ENCFF998WHD	ENCFF998WHD	ENCSR000BKU	ENCSR141YSY	BPNet	predicted signal profile	bigWig	ChIP-seq	YY1	K562	cell-line	cell-line	cell-line	minus	none	passed
ENCFF285DJU	ENCFF285DJU	ENCSR000BKU	ENCSR141YSY	BPNet	predicted signal profile	bigWig	ChIP-seq	YY1	K562	cell-line	cell-line	cell-line	plus	none	passed
ENCFF642ZMU	ENCFF642ZMU	ENCSR000BMH	ENCSR763WTY	BPNet	predicted signal profile	bigWig	ChIP-seq	YY1	K562	cell-line	cell-line	cell-line	plus	none	passed
ENCFF821NYJ	ENCFF821NYJ	ENCSR000EWF	ENCSR911NSC	BPNet	predicted signal profile	bigWig	ChIP-seq	YY1	K562	cell-line	cell-line	cell-line	plus	none	passed
ENCFF392OSA	ENCFF392OSA	ENCSR000EXG	ENCSR918YXR	BPNet	predicted signal profile	bigWig	ChIP-seq	YY1	NT2/D1	cell-line	cell-line	cell-line	minus	none	passed
ENCFF492GAO	ENCFF492GAO	ENCSR000EXG	ENCSR918YXR	BPNet	predicted signal profile	bigWig	ChIP-seq	YY1	NT2/D1	cell-line	cell-line	cell-line	plus	none	passed
ENCFF614QSV	ENCFF614QSV	ENCSR000BSM	ENCSR098EIV	BPNet	predicted signal profile	bigWig	ChIP-seq	YY1	SK-N-SH	cell-line	cell-line	cell-line	minus	none	passed
ENCFF920RTQ	ENCFF920RTQ	ENCSR000BLZ	ENCSR538CIU	BPNet	predicted signal profile	bigWig	ChIP-seq	YY1	SK-N-SH	cell-line	cell-line	cell-line	minus	none	passed
ENCFF379ZBB	ENCFF379ZBB	ENCSR000BLZ	ENCSR538CIU	BPNet	predicted signal profile	bigWig	ChIP-seq	YY1	SK-N-SH	cell-line	cell-line	cell-line	plus	none	passed
ENCFF852MVD	ENCFF852MVD	ENCSR000BSM	ENCSR098EIV	BPNet	predicted signal profile	bigWig	ChIP-seq	YY1	SK-N-SH	cell-line	cell-line	cell-line	plus	none	passed
ENCFF683XZA	ENCFF683XZA	ENCSR994YLZ	ENCSR998DCF	BPNet	predicted signal profile	bigWig	ChIP-seq	YY1	liver	liver	liver	digestive-system	minus	none	passed
ENCFF768QOX	ENCFF768QOX	ENCSR382MOM	ENCSR628OOA	BPNet	predicted signal profile	bigWig	ChIP-seq	YY1	liver	liver	liver	digestive-system	minus	none	passed
ENCFF927DVT	ENCFF927DVT	ENCSR382MOM	ENCSR628OOA	BPNet	predicted signal profile	bigWig	ChIP-seq	YY1	liver	liver	liver	digestive-system	plus	none	passed
ENCFF993HBY	ENCFF993HBY	ENCSR994YLZ	ENCSR998DCF	BPNet	predicted signal profile	bigWig	ChIP-seq	YY1	liver	liver	liver	digestive-system	plus	none	passed
ENCFF401SHS	ENCFF401SHS	ENCSR692HSE	ENCSR313BRF	BPNet	predicted signal profile	bigWig	ChIP-seq	YY2	HEK293	cell-line	cell-line	cell-line	minus	none	passed
ENCFF858OBR	ENCFF858OBR	ENCSR692HSE	ENCSR313BRF	BPNet	predicted signal profile	bigWig	ChIP-seq	YY2	HEK293	cell-line	cell-line	cell-line	plus	none	passed
ENCFF087EAO	ENCFF087EAO	ENCSR207PFI	ENCSR975UIJ	BPNet	predicted signal profile	bigWig	ChIP-seq	ZBED1	GM12878	cell-line	cell-line	cell-line	minus	none	passed
ENCFF612XHH	ENCFF612XHH	ENCSR207PFI	ENCSR975UIJ	BPNet	predicted signal profile	bigWig	ChIP-seq	ZBED1	GM12878	cell-line	cell-line	cell-line	plus	none	passed
ENCFF518KEZ	ENCFF518KEZ	ENCSR409PMR	ENCSR554MLU	BPNet	predicted signal profile	bigWig	ChIP-seq	ZBED4	HepG2	cell-line	cell-line	cell-line	minus	none	passed
ENCFF920HNJ	ENCFF920HNJ	ENCSR409PMR	ENCSR554MLU	BPNet	predicted signal profile	bigWig	ChIP-seq	ZBED4	HepG2	cell-line	cell-line	cell-line	plus	none	passed
ENCFF208XCK	ENCFF208XCK	ENCSR656SIB	ENCSR000RSV	BPNet	predicted signal profile	bigWig	ChIP-seq	ZBED5	HepG2	cell-line	cell-line	cell-line	minus	none	passed
ENCFF834LTW	ENCFF834LTW	ENCSR656SIB	ENCSR000RSV	BPNet	predicted signal profile	bigWig	ChIP-seq	ZBED5	HepG2	cell-line	cell-line	cell-line	plus	none	passed
ENCFF580EVJ	ENCFF580EVJ	ENCSR057DTZ	ENCSR549XOW	BPNet	predicted signal profile	bigWig	ChIP-seq	ZBTB11	GM12878	cell-line	cell-line	cell-line	minus	none	passed
ENCFF111ETA	ENCFF111ETA	ENCSR057DTZ	ENCSR549XOW	BPNet	predicted signal profile	bigWig	ChIP-seq	ZBTB11	GM12878	cell-line	cell-line	cell-line	plus	none	passed
ENCFF668QNN	ENCFF668QNN	ENCSR882ZTS	ENCSR475ZNU	BPNet	predicted signal profile	bigWig	ChIP-seq	ZBTB11	HEK293	cell-line	cell-line	cell-line	minus	none	passed
ENCFF777QLX	ENCFF777QLX	ENCSR882ZTS	ENCSR475ZNU	BPNet	predicted signal profile	bigWig	ChIP-seq	ZBTB11	HEK293	cell-line	cell-line	cell-line	plus	none	passed
ENCFF471QOE	ENCFF471QOE	ENCSR331GDC	ENCSR135ESM	BPNet	predicted signal profile	bigWig	ChIP-seq	ZBTB11	K562	cell-line	cell-line	cell-line	minus	none	passed
ENCFF544IDY	ENCFF544IDY	ENCSR706BJO	ENCSR873OML	BPNet	predicted signal profile	bigWig	ChIP-seq	ZBTB11	K562	cell-line	cell-line	cell-line	minus	none	passed
ENCFF863FGF	ENCFF863FGF	ENCSR985OYK	ENCSR327WKX	BPNet	predicted signal profile	bigWig	ChIP-seq	ZBTB11	K562	cell-line	cell-line	cell-line	minus	none	passed
ENCFF013YCU	ENCFF013YCU	ENCSR331GDC	ENCSR135ESM	BPNet	predicted signal profile	bigWig	ChIP-seq	ZBTB11	K562	cell-line	cell-line	cell-line	plus	none	passed
ENCFF225YSK	ENCFF225YSK	ENCSR706BJO	ENCSR873OML	BPNet	predicted signal profile	bigWig	ChIP-seq	ZBTB11	K562	cell-line	cell-line	cell-line	plus	none	passed
ENCFF800AUW	ENCFF800AUW	ENCSR985OYK	ENCSR327WKX	BPNet	predicted signal profile	bigWig	ChIP-seq	ZBTB11	K562	cell-line	cell-line	cell-line	plus	none	passed
ENCFF737JQD	ENCFF737JQD	ENCSR155VDK	ENCSR336QZC	BPNet	predicted signal profile	bigWig	ChIP-seq	ZBTB11	MCF-7	cell-line	cell-line	cell-line	minus	none	passed
ENCFF794ZXU	ENCFF794ZXU	ENCSR155VDK	ENCSR336QZC	BPNet	predicted signal profile	bigWig	ChIP-seq	ZBTB11	MCF-7	cell-line	cell-line	cell-line	plus	none	passed
ENCFF806ASJ	ENCFF806ASJ	ENCSR543KOA	ENCSR598KIL	BPNet	predicted signal profile	bigWig	ChIP-seq	ZBTB12	HEK293	cell-line	cell-line	cell-line	minus	none	passed
ENCFF094THN	ENCFF094THN	ENCSR543KOA	ENCSR598KIL	BPNet	predicted signal profile	bigWig	ChIP-seq	ZBTB12	HEK293	cell-line	cell-line	cell-line	plus	none	passed
ENCFF559RVE	ENCFF559RVE	ENCSR532WFC	ENCSR818NPV	BPNet	predicted signal profile	bigWig	ChIP-seq	ZBTB14	HepG2	cell-line	cell-line	cell-line	minus	none	passed
ENCFF525PNO	ENCFF525PNO	ENCSR532WFC	ENCSR818NPV	BPNet	predicted signal profile	bigWig	ChIP-seq	ZBTB14	HepG2	cell-line	cell-line	cell-line	plus	none	passed
ENCFF576UMH	ENCFF576UMH	ENCSR631WAA	ENCSR667GBL	BPNet	predicted signal profile	bigWig	ChIP-seq	ZBTB17	HEK293	cell-line	cell-line	cell-line	minus	none	passed
ENCFF595BNB	ENCFF595BNB	ENCSR631WAA	ENCSR667GBL	BPNet	predicted signal profile	bigWig	ChIP-seq	ZBTB17	HEK293	cell-line	cell-line	cell-line	plus	none	passed
ENCFF856JSS	ENCFF856JSS	ENCSR175MIA	ENCSR356QWJ	BPNet	predicted signal profile	bigWig	ChIP-seq	ZBTB2	HepG2	cell-line	cell-line	cell-line	minus	none	passed
ENCFF343XNI	ENCFF343XNI	ENCSR175MIA	ENCSR356QWJ	BPNet	predicted signal profile	bigWig	ChIP-seq	ZBTB2	HepG2	cell-line	cell-line	cell-line	plus	none	passed
ENCFF278TFV	ENCFF278TFV	ENCSR321MSF	ENCSR374BHO	BPNet	predicted signal profile	bigWig	ChIP-seq	ZBTB21	HEK293	cell-line	cell-line	cell-line	minus	none	passed
ENCFF495LRL	ENCFF495LRL	ENCSR321MSF	ENCSR374BHO	BPNet	predicted signal profile	bigWig	ChIP-seq	ZBTB21	HEK293	cell-line	cell-line	cell-line	plus	none	passed
ENCFF526NOF	ENCFF526NOF	ENCSR549PAU	ENCSR546ZRV	BPNet	predicted signal profile	bigWig	ChIP-seq	ZBTB21	HepG2	cell-line	cell-line	cell-line	minus	none	passed
ENCFF574LCT	ENCFF574LCT	ENCSR549PAU	ENCSR546ZRV	BPNet	predicted signal profile	bigWig	ChIP-seq	ZBTB21	HepG2	cell-line	cell-line	cell-line	plus	none	passed
ENCFF655DRD	ENCFF655DRD	ENCSR962BEI	ENCSR118JRA	BPNet	predicted signal profile	bigWig	ChIP-seq	ZBTB21	WTC11	cell-line	cell-line	cell-line	minus	none	passed
ENCFF415EOT	ENCFF415EOT	ENCSR962BEI	ENCSR118JRA	BPNet	predicted signal profile	bigWig	ChIP-seq	ZBTB21	WTC11	cell-line	cell-line	cell-line	plus	none	passed
ENCFF015TUR	ENCFF015TUR	ENCSR184SVO	ENCSR326ECX	BPNet	predicted signal profile	bigWig	ChIP-seq	ZBTB26	HepG2	cell-line	cell-line	cell-line	minus	none	passed
ENCFF372WXT	ENCFF372WXT	ENCSR184SVO	ENCSR326ECX	BPNet	predicted signal profile	bigWig	ChIP-seq	ZBTB26	HepG2	cell-line	cell-line	cell-line	plus	none	passed
ENCFF534GPQ	ENCFF534GPQ	ENCSR000BPZ	ENCSR783JAW	BPNet	predicted signal profile	bigWig	ChIP-seq	ZBTB33	A549	cell-line	cell-line	cell-line	minus	none	passed
ENCFF724AOT	ENCFF724AOT	ENCSR000BPZ	ENCSR783JAW	BPNet	predicted signal profile	bigWig	ChIP-seq	ZBTB33	A549	cell-line	cell-line	cell-line	plus	none	passed
ENCFF984UVD	ENCFF984UVD	ENCSR000BHC	ENCSR996JFB	BPNet	predicted signal profile	bigWig	ChIP-seq	ZBTB33	GM12878	cell-line	cell-line	cell-line	minus	none	passed
ENCFF979TWV	ENCFF979TWV	ENCSR000BHC	ENCSR996JFB	BPNet	predicted signal profile	bigWig	ChIP-seq	ZBTB33	GM12878	cell-line	cell-line	cell-line	plus	none	passed
ENCFF590QFD	ENCFF590QFD	ENCSR000BNY	ENCSR232OWT	BPNet	predicted signal profile	bigWig	ChIP-seq	ZBTB33	HCT116	cell-line	cell-line	cell-line	minus	none	passed
ENCFF200NMI	ENCFF200NMI	ENCSR000BNY	ENCSR232OWT	BPNet	predicted signal profile	bigWig	ChIP-seq	ZBTB33	HCT116	cell-line	cell-line	cell-line	plus	none	passed
ENCFF303YOL	ENCFF303YOL	ENCSR000BNA	ENCSR045NYB	BPNet	predicted signal profile	bigWig	ChIP-seq	ZBTB33	HepG2	cell-line	cell-line	cell-line	minus	none	passed
ENCFF556EQS	ENCFF556EQS	ENCSR000BHR	ENCSR936MXU	BPNet	predicted signal profile	bigWig	ChIP-seq	ZBTB33	HepG2	cell-line	cell-line	cell-line	minus	none	passed
ENCFF215RMB	ENCFF215RMB	ENCSR000BHR	ENCSR936MXU	BPNet	predicted signal profile	bigWig	ChIP-seq	ZBTB33	HepG2	cell-line	cell-line	cell-line	plus	none	passed
ENCFF469AMM	ENCFF469AMM	ENCSR000BNA	ENCSR045NYB	BPNet	predicted signal profile	bigWig	ChIP-seq	ZBTB33	HepG2	cell-line	cell-line	cell-line	plus	none	passed
ENCFF116PGC	ENCFF116PGC	ENCSR000BKF	ENCSR933IYO	BPNet	predicted signal profile	bigWig	ChIP-seq	ZBTB33	K562	cell-line	cell-line	cell-line	minus	none	passed
ENCFF547AUM	ENCFF547AUM	ENCSR000BKF	ENCSR933IYO	BPNet	predicted signal profile	bigWig	ChIP-seq	ZBTB33	K562	cell-line	cell-line	cell-line	plus	none	passed
ENCFF698WPY	ENCFF698WPY	ENCSR000BTS	ENCSR546ZGT	BPNet	predicted signal profile	bigWig	ChIP-seq	ZBTB33	SK-N-SH	cell-line	cell-line	cell-line	minus	none	passed
ENCFF549GFR	ENCFF549GFR	ENCSR000BTS	ENCSR546ZGT	BPNet	predicted signal profile	bigWig	ChIP-seq	ZBTB33	SK-N-SH	cell-line	cell-line	cell-line	plus	none	passed
ENCFF327DMZ	ENCFF327DMZ	ENCSR943MQH	ENCSR575OXS	BPNet	predicted signal profile	bigWig	ChIP-seq	ZBTB33	WTC11	cell-line	cell-line	cell-line	minus	none	passed
ENCFF449TFZ	ENCFF449TFZ	ENCSR943MQH	ENCSR575OXS	BPNet	predicted signal profile	bigWig	ChIP-seq	ZBTB33	WTC11	cell-line	cell-line	cell-line	plus	none	passed
ENCFF448EUG	ENCFF448EUG	ENCSR345YWJ	ENCSR900SAH	BPNet	predicted signal profile	bigWig	ChIP-seq	ZBTB33	liver	liver	liver	digestive-system	minus	none	passed
ENCFF652UTB	ENCFF652UTB	ENCSR516HUP	ENCSR700BQI	BPNet	predicted signal profile	bigWig	ChIP-seq	ZBTB33	liver	liver	liver	digestive-system	minus	none	passed
ENCFF241GGF	ENCFF241GGF	ENCSR345YWJ	ENCSR900SAH	BPNet	predicted signal profile	bigWig	ChIP-seq	ZBTB33	liver	liver	liver	digestive-system	plus	none	passed
ENCFF863KBN	ENCFF863KBN	ENCSR516HUP	ENCSR700BQI	BPNet	predicted signal profile	bigWig	ChIP-seq	ZBTB33	liver	liver	liver	digestive-system	plus	none	passed
ENCFF323KAP	ENCFF323KAP	ENCSR775YXE	ENCSR002PIA	BPNet	predicted signal profile	bigWig	ChIP-seq	ZBTB37	HepG2	cell-line	cell-line	cell-line	minus	none	passed
ENCFF132UUN	ENCFF132UUN	ENCSR775YXE	ENCSR002PIA	BPNet	predicted signal profile	bigWig	ChIP-seq	ZBTB37	HepG2	cell-line	cell-line	cell-line	plus	none	passed
ENCFF012NHQ	ENCFF012NHQ	ENCSR189YYK	ENCSR823DBW	BPNet	predicted signal profile	bigWig	ChIP-seq	ZBTB40	GM12878	cell-line	cell-line	cell-line	minus	none	passed
ENCFF795BJR	ENCFF795BJR	ENCSR189YYK	ENCSR823DBW	BPNet	predicted signal profile	bigWig	ChIP-seq	ZBTB40	GM12878	cell-line	cell-line	cell-line	plus	none	passed
ENCFF028UTD	ENCFF028UTD	ENCSR200AWS	ENCSR351SGY	BPNet	predicted signal profile	bigWig	ChIP-seq	ZBTB40	HepG2	cell-line	cell-line	cell-line	minus	none	passed
ENCFF441SUW	ENCFF441SUW	ENCSR525YFS	ENCSR668FSC	BPNet	predicted signal profile	bigWig	ChIP-seq	ZBTB40	HepG2	cell-line	cell-line	cell-line	minus	none	passed
ENCFF657VMO	ENCFF657VMO	ENCSR525YFS	ENCSR668FSC	BPNet	predicted signal profile	bigWig	ChIP-seq	ZBTB40	HepG2	cell-line	cell-line	cell-line	plus	none	passed
ENCFF854OMF	ENCFF854OMF	ENCSR200AWS	ENCSR351SGY	BPNet	predicted signal profile	bigWig	ChIP-seq	ZBTB40	HepG2	cell-line	cell-line	cell-line	plus	none	passed
ENCFF205XGN	ENCFF205XGN	ENCSR158RYZ	ENCSR512YWH	BPNet	predicted signal profile	bigWig	ChIP-seq	ZBTB40	K562	cell-line	cell-line	cell-line	minus	none	passed
ENCFF351HUQ	ENCFF351HUQ	ENCSR579YNY	ENCSR629SAH	BPNet	predicted signal profile	bigWig	ChIP-seq	ZBTB40	K562	cell-line	cell-line	cell-line	minus	none	passed
ENCFF644EBJ	ENCFF644EBJ	ENCSR237VLT	ENCSR087JVK	BPNet	predicted signal profile	bigWig	ChIP-seq	ZBTB40	K562	cell-line	cell-line	cell-line	minus	none	passed
ENCFF157JUU	ENCFF157JUU	ENCSR158RYZ	ENCSR512YWH	BPNet	predicted signal profile	bigWig	ChIP-seq	ZBTB40	K562	cell-line	cell-line	cell-line	plus	none	passed
ENCFF810UEL	ENCFF810UEL	ENCSR237VLT	ENCSR087JVK	BPNet	predicted signal profile	bigWig	ChIP-seq	ZBTB40	K562	cell-line	cell-line	cell-line	plus	none	passed
ENCFF929OIC	ENCFF929OIC	ENCSR579YNY	ENCSR629SAH	BPNet	predicted signal profile	bigWig	ChIP-seq	ZBTB40	K562	cell-line	cell-line	cell-line	plus	none	passed
ENCFF503RJW	ENCFF503RJW	ENCSR318LVG	ENCSR580KUK	BPNet	predicted signal profile	bigWig	ChIP-seq	ZBTB40	MCF-7	cell-line	cell-line	cell-line	minus	none	passed
ENCFF500LNQ	ENCFF500LNQ	ENCSR318LVG	ENCSR580KUK	BPNet	predicted signal profile	bigWig	ChIP-seq	ZBTB40	MCF-7	cell-line	cell-line	cell-line	plus	none	passed
ENCFF273HAL	ENCFF273HAL	ENCSR232AAR	ENCSR701JFB	BPNet	predicted signal profile	bigWig	ChIP-seq	ZBTB42	HepG2	cell-line	cell-line	cell-line	minus	none	passed
ENCFF200XEN	ENCFF200XEN	ENCSR232AAR	ENCSR701JFB	BPNet	predicted signal profile	bigWig	ChIP-seq	ZBTB42	HepG2	cell-line	cell-line	cell-line	plus	none	passed
ENCFF817ADT	ENCFF817ADT	ENCSR076STQ	ENCSR015WPQ	BPNet	predicted signal profile	bigWig	ChIP-seq	ZBTB44	HEK293	cell-line	cell-line	cell-line	minus	none	passed
ENCFF716ZZR	ENCFF716ZZR	ENCSR076STQ	ENCSR015WPQ	BPNet	predicted signal profile	bigWig	ChIP-seq	ZBTB44	HEK293	cell-line	cell-line	cell-line	plus	none	passed
ENCFF736YPB	ENCFF736YPB	ENCSR781EQJ	ENCSR798RSV	BPNet	predicted signal profile	bigWig	ChIP-seq	ZBTB48	HEK293	cell-line	cell-line	cell-line	minus	none	passed
ENCFF584AXL	ENCFF584AXL	ENCSR781EQJ	ENCSR798RSV	BPNet	predicted signal profile	bigWig	ChIP-seq	ZBTB48	HEK293	cell-line	cell-line	cell-line	plus	none	passed
ENCFF349FHT	ENCFF349FHT	ENCSR786OQY	ENCSR012UFW	BPNet	predicted signal profile	bigWig	ChIP-seq	ZBTB5	K562	cell-line	cell-line	cell-line	minus	none	passed
ENCFF687QJK	ENCFF687QJK	ENCSR389PWB	ENCSR473KQM	BPNet	predicted signal profile	bigWig	ChIP-seq	ZBTB5	K562	cell-line	cell-line	cell-line	minus	none	passed
ENCFF109VPQ	ENCFF109VPQ	ENCSR389PWB	ENCSR473KQM	BPNet	predicted signal profile	bigWig	ChIP-seq	ZBTB5	K562	cell-line	cell-line	cell-line	plus	none	passed
ENCFF445GVG	ENCFF445GVG	ENCSR786OQY	ENCSR012UFW	BPNet	predicted signal profile	bigWig	ChIP-seq	ZBTB5	K562	cell-line	cell-line	cell-line	plus	none	passed
ENCFF592SWW	ENCFF592SWW	ENCSR619OUC	ENCSR309MGH	BPNet	predicted signal profile	bigWig	ChIP-seq	ZBTB6	HEK293	cell-line	cell-line	cell-line	minus	none	passed
ENCFF083AJL	ENCFF083AJL	ENCSR619OUC	ENCSR309MGH	BPNet	predicted signal profile	bigWig	ChIP-seq	ZBTB6	HEK293	cell-line	cell-line	cell-line	plus	none	passed
ENCFF957CHY	ENCFF957CHY	ENCSR481FEC	ENCSR761KMA	BPNet	predicted signal profile	bigWig	ChIP-seq	ZBTB8A	HEK293	cell-line	cell-line	cell-line	minus	none	passed
ENCFF265YSW	ENCFF265YSW	ENCSR481FEC	ENCSR761KMA	BPNet	predicted signal profile	bigWig	ChIP-seq	ZBTB8A	HEK293	cell-line	cell-line	cell-line	plus	none	passed
ENCFF758ZCA	ENCFF758ZCA	ENCSR625XAV	ENCSR893JLL	BPNet	predicted signal profile	bigWig	ChIP-seq	ZBTB8A	HepG2	cell-line	cell-line	cell-line	minus	none	passed
ENCFF753SAY	ENCFF753SAY	ENCSR625XAV	ENCSR893JLL	BPNet	predicted signal profile	bigWig	ChIP-seq	ZBTB8A	HepG2	cell-line	cell-line	cell-line	plus	none	passed
ENCFF095VAO	ENCFF095VAO	ENCSR000BND	ENCSR759DXD	BPNet	predicted signal profile	bigWig	ChIP-seq	ZEB1	GM12878	cell-line	cell-line	cell-line	minus	none	passed
ENCFF192GKE	ENCFF192GKE	ENCSR000BND	ENCSR759DXD	BPNet	predicted signal profile	bigWig	ChIP-seq	ZEB1	GM12878	cell-line	cell-line	cell-line	plus	none	passed
ENCFF099PET	ENCFF099PET	ENCSR909HMT	ENCSR424NLV	BPNet	predicted signal profile	bigWig	ChIP-seq	ZEB1	HEK293	cell-line	cell-line	cell-line	minus	none	passed
ENCFF684LEP	ENCFF684LEP	ENCSR909HMT	ENCSR424NLV	BPNet	predicted signal profile	bigWig	ChIP-seq	ZEB1	HEK293	cell-line	cell-line	cell-line	plus	none	passed
ENCFF999ZSJ	ENCFF999ZSJ	ENCSR000BVN	ENCSR864UBB	BPNet	predicted signal profile	bigWig	ChIP-seq	ZEB1	HepG2	cell-line	cell-line	cell-line	minus	none	passed
ENCFF543ZUX	ENCFF543ZUX	ENCSR000BVN	ENCSR864UBB	BPNet	predicted signal profile	bigWig	ChIP-seq	ZEB1	HepG2	cell-line	cell-line	cell-line	plus	none	passed
ENCFF013TVY	ENCFF013TVY	ENCSR418KUS	ENCSR167ATD	BPNet	predicted signal profile	bigWig	ChIP-seq	ZEB1	bipolar-neuron	neuron	nerve	central-nervous-system	minus	none	passed
ENCFF251TFY	ENCFF251TFY	ENCSR418KUS	ENCSR167ATD	BPNet	predicted signal profile	bigWig	ChIP-seq	ZEB1	bipolar-neuron	neuron	nerve	central-nervous-system	plus	none	passed
ENCFF665WMC	ENCFF665WMC	ENCSR417VWF	ENCSR320EEO	BPNet	predicted signal profile	bigWig	ChIP-seq	ZEB2	HEK293	cell-line	cell-line	cell-line	minus	none	passed
ENCFF732UML	ENCFF732UML	ENCSR417VWF	ENCSR320EEO	BPNet	predicted signal profile	bigWig	ChIP-seq	ZEB2	HEK293	cell-line	cell-line	cell-line	plus	none	passed
ENCFF090PHL	ENCFF090PHL	ENCSR004GKA	ENCSR131HUW	BPNet	predicted signal profile	bigWig	ChIP-seq	ZEB2	K562	cell-line	cell-line	cell-line	minus	none	passed
ENCFF675DND	ENCFF675DND	ENCSR322CFO	ENCSR981GUY	BPNet	predicted signal profile	bigWig	ChIP-seq	ZEB2	K562	cell-line	cell-line	cell-line	minus	none	passed
ENCFF090JWC	ENCFF090JWC	ENCSR322CFO	ENCSR981GUY	BPNet	predicted signal profile	bigWig	ChIP-seq	ZEB2	K562	cell-line	cell-line	cell-line	plus	none	passed
ENCFF778HMY	ENCFF778HMY	ENCSR004GKA	ENCSR131HUW	BPNet	predicted signal profile	bigWig	ChIP-seq	ZEB2	K562	cell-line	cell-line	cell-line	plus	none	passed
ENCFF124ICS	ENCFF124ICS	ENCSR409DYM	ENCSR616OXL	BPNet	predicted signal profile	bigWig	ChIP-seq	ZFAT	HepG2	cell-line	cell-line	cell-line	minus	none	passed
ENCFF242ARJ	ENCFF242ARJ	ENCSR409DYM	ENCSR616OXL	BPNet	predicted signal profile	bigWig	ChIP-seq	ZFAT	HepG2	cell-line	cell-line	cell-line	plus	none	passed
ENCFF785ATH	ENCFF785ATH	ENCSR879RGN	ENCSR339CDB	BPNet	predicted signal profile	bigWig	ChIP-seq	ZFHX3	HepG2	cell-line	cell-line	cell-line	minus	none	passed
ENCFF134ZMS	ENCFF134ZMS	ENCSR879RGN	ENCSR339CDB	BPNet	predicted signal profile	bigWig	ChIP-seq	ZFHX3	HepG2	cell-line	cell-line	cell-line	plus	none	passed
ENCFF539FHH	ENCFF539FHH	ENCSR586DEH	ENCSR556WFV	BPNet	predicted signal profile	bigWig	ChIP-seq	ZFP1	HepG2	cell-line	cell-line	cell-line	minus	none	passed
ENCFF577RIS	ENCFF577RIS	ENCSR586DEH	ENCSR556WFV	BPNet	predicted signal profile	bigWig	ChIP-seq	ZFP1	HepG2	cell-line	cell-line	cell-line	plus	none	passed
ENCFF662MLH	ENCFF662MLH	ENCSR134QIE	ENCSR097ZPZ	BPNet	predicted signal profile	bigWig	ChIP-seq	ZFP3	HEK293	cell-line	cell-line	cell-line	minus	none	passed
ENCFF820GVG	ENCFF820GVG	ENCSR134QIE	ENCSR097ZPZ	BPNet	predicted signal profile	bigWig	ChIP-seq	ZFP3	HEK293	cell-line	cell-line	cell-line	plus	none	passed
ENCFF523UJK	ENCFF523UJK	ENCSR581GUY	ENCSR333QKK	BPNet	predicted signal profile	bigWig	ChIP-seq	ZFP3	SK-N-SH	cell-line	cell-line	cell-line	minus	none	passed
ENCFF983TJI	ENCFF983TJI	ENCSR581GUY	ENCSR333QKK	BPNet	predicted signal profile	bigWig	ChIP-seq	ZFP3	SK-N-SH	cell-line	cell-line	cell-line	plus	none	passed
ENCFF271JTG	ENCFF271JTG	ENCSR365GRX	ENCSR068EXE	BPNet	predicted signal profile	bigWig	ChIP-seq	ZFP37	HEK293	cell-line	cell-line	cell-line	minus	none	passed
ENCFF521FCU	ENCFF521FCU	ENCSR365GRX	ENCSR068EXE	BPNet	predicted signal profile	bigWig	ChIP-seq	ZFP37	HEK293	cell-line	cell-line	cell-line	plus	none	passed
ENCFF452ZAW	ENCFF452ZAW	ENCSR678KUJ	ENCSR551SZJ	BPNet	predicted signal profile	bigWig	ChIP-seq	ZFP91	HepG2	cell-line	cell-line	cell-line	minus	none	passed
ENCFF371GWL	ENCFF371GWL	ENCSR678KUJ	ENCSR551SZJ	BPNet	predicted signal profile	bigWig	ChIP-seq	ZFP91	HepG2	cell-line	cell-line	cell-line	plus	none	passed
ENCFF360AJG	ENCFF360AJG	ENCSR201DCF	ENCSR493AYF	BPNet	predicted signal profile	bigWig	ChIP-seq	ZFP91	K562	cell-line	cell-line	cell-line	minus	none	passed
ENCFF613WWJ	ENCFF613WWJ	ENCSR898XMH	ENCSR673ZFH	BPNet	predicted signal profile	bigWig	ChIP-seq	ZFP91	K562	cell-line	cell-line	cell-line	minus	none	passed
ENCFF671ACB	ENCFF671ACB	ENCSR898XMH	ENCSR673ZFH	BPNet	predicted signal profile	bigWig	ChIP-seq	ZFP91	K562	cell-line	cell-line	cell-line	plus	none	passed
ENCFF854AWO	ENCFF854AWO	ENCSR201DCF	ENCSR493AYF	BPNet	predicted signal profile	bigWig	ChIP-seq	ZFP91	K562	cell-line	cell-line	cell-line	plus	none	passed
ENCFF384DZQ	ENCFF384DZQ	ENCSR949OEV	ENCSR132EJY	BPNet	predicted signal profile	bigWig	ChIP-seq	ZFY	HepG2	cell-line	cell-line	cell-line	minus	none	passed
ENCFF941CMC	ENCFF941CMC	ENCSR949OEV	ENCSR132EJY	BPNet	predicted signal profile	bigWig	ChIP-seq	ZFY	HepG2	cell-line	cell-line	cell-line	plus	none	passed
ENCFF755LHO	ENCFF755LHO	ENCSR887MXT	ENCSR813OAN	BPNet	predicted signal profile	bigWig	ChIP-seq	ZHX1	HeLa-S3	cell-line	cell-line	cell-line	minus	none	passed
ENCFF661NCI	ENCFF661NCI	ENCSR887MXT	ENCSR813OAN	BPNet	predicted signal profile	bigWig	ChIP-seq	ZHX1	HeLa-S3	cell-line	cell-line	cell-line	plus	none	passed
ENCFF549CVG	ENCFF549CVG	ENCSR978DQT	ENCSR930QQH	BPNet	predicted signal profile	bigWig	ChIP-seq	ZHX1	HepG2	cell-line	cell-line	cell-line	minus	none	passed
ENCFF325YJY	ENCFF325YJY	ENCSR978DQT	ENCSR930QQH	BPNet	predicted signal profile	bigWig	ChIP-seq	ZHX1	HepG2	cell-line	cell-line	cell-line	plus	none	passed
ENCFF576FWJ	ENCFF576FWJ	ENCSR401VBM	ENCSR785ULR	BPNet	predicted signal profile	bigWig	ChIP-seq	ZHX2	HepG2	cell-line	cell-line	cell-line	minus	none	passed
ENCFF493ICD	ENCFF493ICD	ENCSR401VBM	ENCSR785ULR	BPNet	predicted signal profile	bigWig	ChIP-seq	ZHX2	HepG2	cell-line	cell-line	cell-line	plus	none	passed
ENCFF965ZHD	ENCFF965ZHD	ENCSR728MWW	ENCSR084MUM	BPNet	predicted signal profile	bigWig	ChIP-seq	ZIC2	HEK293	cell-line	cell-line	cell-line	minus	none	passed
ENCFF771IDW	ENCFF771IDW	ENCSR728MWW	ENCSR084MUM	BPNet	predicted signal profile	bigWig	ChIP-seq	ZIC2	HEK293	cell-line	cell-line	cell-line	plus	none	passed
ENCFF209PMX	ENCFF209PMX	ENCSR000ECJ	ENCSR467JKG	BPNet	predicted signal profile	bigWig	ChIP-seq	ZKSCAN1	HeLa-S3	cell-line	cell-line	cell-line	minus	none	passed
ENCFF496DVF	ENCFF496DVF	ENCSR000ECJ	ENCSR467JKG	BPNet	predicted signal profile	bigWig	ChIP-seq	ZKSCAN1	HeLa-S3	cell-line	cell-line	cell-line	plus	none	passed
ENCFF607SLQ	ENCFF607SLQ	ENCSR882ERE	ENCSR392WCU	BPNet	predicted signal profile	bigWig	ChIP-seq	ZKSCAN1	K562	cell-line	cell-line	cell-line	minus	none	passed
ENCFF873CXH	ENCFF873CXH	ENCSR882ERE	ENCSR392WCU	BPNet	predicted signal profile	bigWig	ChIP-seq	ZKSCAN1	K562	cell-line	cell-line	cell-line	plus	none	passed
ENCFF399XTY	ENCFF399XTY	ENCSR449UFF	ENCSR836IBM	BPNet	predicted signal profile	bigWig	ChIP-seq	ZKSCAN1	MCF-7	cell-line	cell-line	cell-line	minus	none	passed
ENCFF712BAK	ENCFF712BAK	ENCSR449UFF	ENCSR836IBM	BPNet	predicted signal profile	bigWig	ChIP-seq	ZKSCAN1	MCF-7	cell-line	cell-line	cell-line	plus	none	passed
ENCFF081XTY	ENCFF081XTY	ENCSR159BTO	ENCSR899YIJ	BPNet	predicted signal profile	bigWig	ChIP-seq	ZKSCAN5	HepG2	cell-line	cell-line	cell-line	minus	none	passed
ENCFF417VOZ	ENCFF417VOZ	ENCSR159BTO	ENCSR899YIJ	BPNet	predicted signal profile	bigWig	ChIP-seq	ZKSCAN5	HepG2	cell-line	cell-line	cell-line	plus	none	passed
ENCFF692PKU	ENCFF692PKU	ENCSR808FFI	ENCSR318CNS	BPNet	predicted signal profile	bigWig	ChIP-seq	ZKSCAN8	HepG2	cell-line	cell-line	cell-line	minus	none	passed
ENCFF107CHE	ENCFF107CHE	ENCSR808FFI	ENCSR318CNS	BPNet	predicted signal profile	bigWig	ChIP-seq	ZKSCAN8	HepG2	cell-line	cell-line	cell-line	plus	none	passed
ENCFF144OSI	ENCFF144OSI	ENCSR448UKK	ENCSR648SBK	BPNet	predicted signal profile	bigWig	ChIP-seq	ZKSCAN8	K562	cell-line	cell-line	cell-line	minus	none	passed
ENCFF817NYN	ENCFF817NYN	ENCSR448UKK	ENCSR648SBK	BPNet	predicted signal profile	bigWig	ChIP-seq	ZKSCAN8	K562	cell-line	cell-line	cell-line	plus	none	passed
ENCFF132ZHC	ENCFF132ZHC	ENCSR751PNN	ENCSR680TYT	BPNet	predicted signal profile	bigWig	ChIP-seq	ZNF112	HEK293	cell-line	cell-line	cell-line	minus	none	passed
ENCFF828TRM	ENCFF828TRM	ENCSR751PNN	ENCSR680TYT	BPNet	predicted signal profile	bigWig	ChIP-seq	ZNF112	HEK293	cell-line	cell-line	cell-line	plus	none	passed
ENCFF118XLM	ENCFF118XLM	ENCSR711KBM	ENCSR835UBF	BPNet	predicted signal profile	bigWig	ChIP-seq	ZNF12	HepG2	cell-line	cell-line	cell-line	minus	none	passed
ENCFF052FAO	ENCFF052FAO	ENCSR711KBM	ENCSR835UBF	BPNet	predicted signal profile	bigWig	ChIP-seq	ZNF12	HepG2	cell-line	cell-line	cell-line	plus	none	passed
ENCFF589FPS	ENCFF589FPS	ENCSR041YBR	ENCSR035AXW	BPNet	predicted signal profile	bigWig	ChIP-seq	ZNF12	K562	cell-line	cell-line	cell-line	minus	none	passed
ENCFF769MRZ	ENCFF769MRZ	ENCSR041YBR	ENCSR035AXW	BPNet	predicted signal profile	bigWig	ChIP-seq	ZNF12	K562	cell-line	cell-line	cell-line	plus	none	passed
ENCFF412AAY	ENCFF412AAY	ENCSR224QDY	ENCSR370XXE	BPNet	predicted signal profile	bigWig	ChIP-seq	ZNF121	HEK293	cell-line	cell-line	cell-line	minus	none	passed
ENCFF318PKX	ENCFF318PKX	ENCSR224QDY	ENCSR370XXE	BPNet	predicted signal profile	bigWig	ChIP-seq	ZNF121	HEK293	cell-line	cell-line	cell-line	plus	none	passed
ENCFF160FLO	ENCFF160FLO	ENCSR945QEW	ENCSR279WZH	BPNet	predicted signal profile	bigWig	ChIP-seq	ZNF121	HepG2	cell-line	cell-line	cell-line	minus	none	passed
ENCFF795EVM	ENCFF795EVM	ENCSR945QEW	ENCSR279WZH	BPNet	predicted signal profile	bigWig	ChIP-seq	ZNF121	HepG2	cell-line	cell-line	cell-line	plus	none	passed
ENCFF142OQM	ENCFF142OQM	ENCSR799URB	ENCSR391MTA	BPNet	predicted signal profile	bigWig	ChIP-seq	ZNF121	K562	cell-line	cell-line	cell-line	minus	none	passed
ENCFF555QKW	ENCFF555QKW	ENCSR799URB	ENCSR391MTA	BPNet	predicted signal profile	bigWig	ChIP-seq	ZNF121	K562	cell-line	cell-line	cell-line	plus	none	passed
ENCFF004HOV	ENCFF004HOV	ENCSR283MWQ	ENCSR039OVW	BPNet	predicted signal profile	bigWig	ChIP-seq	ZNF133	HEK293	cell-line	cell-line	cell-line	minus	none	passed
ENCFF565JWR	ENCFF565JWR	ENCSR283MWQ	ENCSR039OVW	BPNet	predicted signal profile	bigWig	ChIP-seq	ZNF133	HEK293	cell-line	cell-line	cell-line	plus	none	passed
ENCFF321WTC	ENCFF321WTC	ENCSR553NTC	ENCSR725JVK	BPNet	predicted signal profile	bigWig	ChIP-seq	ZNF134	K562	cell-line	cell-line	cell-line	minus	none	passed
ENCFF798UZC	ENCFF798UZC	ENCSR553NTC	ENCSR725JVK	BPNet	predicted signal profile	bigWig	ChIP-seq	ZNF134	K562	cell-line	cell-line	cell-line	plus	none	passed
ENCFF910LZC	ENCFF910LZC	ENCSR464KFG	ENCSR374NAK	BPNet	predicted signal profile	bigWig	ChIP-seq	ZNF140	HEK293	cell-line	cell-line	cell-line	minus	none	passed
ENCFF486GGH	ENCFF486GGH	ENCSR464KFG	ENCSR374NAK	BPNet	predicted signal profile	bigWig	ChIP-seq	ZNF140	HEK293	cell-line	cell-line	cell-line	plus	none	passed
ENCFF222XOQ	ENCFF222XOQ	ENCSR512ECF	ENCSR101IBF	BPNet	predicted signal profile	bigWig	ChIP-seq	ZNF142	HepG2	cell-line	cell-line	cell-line	minus	none	passed
ENCFF027PQN	ENCFF027PQN	ENCSR512ECF	ENCSR101IBF	BPNet	predicted signal profile	bigWig	ChIP-seq	ZNF142	HepG2	cell-line	cell-line	cell-line	plus	none	passed
ENCFF290LIX	ENCFF290LIX	ENCSR080UEM	ENCSR622AVH	BPNet	predicted signal profile	bigWig	ChIP-seq	ZNF143	HepG2	cell-line	cell-line	cell-line	minus	none	passed
ENCFF709NXJ	ENCFF709NXJ	ENCSR080UEM	ENCSR622AVH	BPNet	predicted signal profile	bigWig	ChIP-seq	ZNF143	HepG2	cell-line	cell-line	cell-line	plus	none	passed
ENCFF467FUX	ENCFF467FUX	ENCSR427WZJ	ENCSR694XKS	BPNet	predicted signal profile	bigWig	ChIP-seq	ZNF143	K562	cell-line	cell-line	cell-line	minus	none	passed
ENCFF976KOA	ENCFF976KOA	ENCSR427WZJ	ENCSR694XKS	BPNet	predicted signal profile	bigWig	ChIP-seq	ZNF143	K562	cell-line	cell-line	cell-line	plus	none	passed
ENCFF693XVJ	ENCFF693XVJ	ENCSR063FUV	ENCSR643MAZ	BPNet	predicted signal profile	bigWig	ChIP-seq	ZNF143	WTC11	cell-line	cell-line	cell-line	minus	none	passed
ENCFF521ZNG	ENCFF521ZNG	ENCSR063FUV	ENCSR643MAZ	BPNet	predicted signal profile	bigWig	ChIP-seq	ZNF143	WTC11	cell-line	cell-line	cell-line	plus	none	passed
ENCFF666WZE	ENCFF666WZE	ENCSR689YFA	ENCSR026AKK	BPNet	predicted signal profile	bigWig	ChIP-seq	ZNF146	HEK293	cell-line	cell-line	cell-line	minus	none	passed
ENCFF156DMM	ENCFF156DMM	ENCSR689YFA	ENCSR026AKK	BPNet	predicted signal profile	bigWig	ChIP-seq	ZNF146	HEK293	cell-line	cell-line	cell-line	plus	none	passed
ENCFF700QZD	ENCFF700QZD	ENCSR957LTN	ENCSR960XYX	BPNet	predicted signal profile	bigWig	ChIP-seq	ZNF146	HepG2	cell-line	cell-line	cell-line	minus	none	passed
ENCFF358LAX	ENCFF358LAX	ENCSR957LTN	ENCSR960XYX	BPNet	predicted signal profile	bigWig	ChIP-seq	ZNF146	HepG2	cell-line	cell-line	cell-line	plus	none	passed
ENCFF301QMD	ENCFF301QMD	ENCSR713IFY	ENCSR132QOJ	BPNet	predicted signal profile	bigWig	ChIP-seq	ZNF146	K562	cell-line	cell-line	cell-line	minus	none	passed
ENCFF861PGE	ENCFF861PGE	ENCSR713IFY	ENCSR132QOJ	BPNet	predicted signal profile	bigWig	ChIP-seq	ZNF146	K562	cell-line	cell-line	cell-line	plus	none	passed
ENCFF787EDK	ENCFF787EDK	ENCSR018MSO	ENCSR954JSO	BPNet	predicted signal profile	bigWig	ChIP-seq	ZNF148	K562	cell-line	cell-line	cell-line	minus	none	passed
ENCFF417FLB	ENCFF417FLB	ENCSR018MSO	ENCSR954JSO	BPNet	predicted signal profile	bigWig	ChIP-seq	ZNF148	K562	cell-line	cell-line	cell-line	plus	none	passed
ENCFF443IVS	ENCFF443IVS	ENCSR564YYW	ENCSR213DSH	BPNet	predicted signal profile	bigWig	ChIP-seq	ZNF157	HEK293	cell-line	cell-line	cell-line	minus	none	passed
ENCFF177HRE	ENCFF177HRE	ENCSR564YYW	ENCSR213DSH	BPNet	predicted signal profile	bigWig	ChIP-seq	ZNF157	HEK293	cell-line	cell-line	cell-line	plus	none	passed
ENCFF307ELG	ENCFF307ELG	ENCSR093HXE	ENCSR101YMY	BPNet	predicted signal profile	bigWig	ChIP-seq	ZNF16	HEK293	cell-line	cell-line	cell-line	minus	none	passed
ENCFF247XFC	ENCFF247XFC	ENCSR093HXE	ENCSR101YMY	BPNet	predicted signal profile	bigWig	ChIP-seq	ZNF16	HEK293	cell-line	cell-line	cell-line	plus	none	passed
ENCFF925BCR	ENCFF925BCR	ENCSR011PEI	ENCSR983EKD	BPNet	predicted signal profile	bigWig	ChIP-seq	ZNF175	K562	cell-line	cell-line	cell-line	minus	none	passed
ENCFF149LSG	ENCFF149LSG	ENCSR011PEI	ENCSR983EKD	BPNet	predicted signal profile	bigWig	ChIP-seq	ZNF175	K562	cell-line	cell-line	cell-line	plus	none	passed
ENCFF651THI	ENCFF651THI	ENCSR977HTH	ENCSR114LPS	BPNet	predicted signal profile	bigWig	ChIP-seq	ZNF18	HEK293	cell-line	cell-line	cell-line	minus	none	passed
ENCFF683RCU	ENCFF683RCU	ENCSR977HTH	ENCSR114LPS	BPNet	predicted signal profile	bigWig	ChIP-seq	ZNF18	HEK293	cell-line	cell-line	cell-line	plus	none	passed
ENCFF676IJN	ENCFF676IJN	ENCSR553ZJQ	ENCSR672NTT	BPNet	predicted signal profile	bigWig	ChIP-seq	ZNF18	HepG2	cell-line	cell-line	cell-line	minus	none	passed
ENCFF952ESF	ENCFF952ESF	ENCSR553ZJQ	ENCSR672NTT	BPNet	predicted signal profile	bigWig	ChIP-seq	ZNF18	HepG2	cell-line	cell-line	cell-line	plus	none	passed
ENCFF481NIM	ENCFF481NIM	ENCSR020UPN	ENCSR263RCM	BPNet	predicted signal profile	bigWig	ChIP-seq	ZNF184	HEK293	cell-line	cell-line	cell-line	minus	none	passed
ENCFF836QRP	ENCFF836QRP	ENCSR020UPN	ENCSR263RCM	BPNet	predicted signal profile	bigWig	ChIP-seq	ZNF184	HEK293	cell-line	cell-line	cell-line	plus	none	passed
ENCFF080FBM	ENCFF080FBM	ENCSR546IHU	ENCSR869HTL	BPNet	predicted signal profile	bigWig	ChIP-seq	ZNF184	K562	cell-line	cell-line	cell-line	minus	none	passed
ENCFF286USS	ENCFF286USS	ENCSR526HRN	ENCSR322UJZ	BPNet	predicted signal profile	bigWig	ChIP-seq	ZNF184	K562	cell-line	cell-line	cell-line	minus	none	passed
ENCFF892CVP	ENCFF892CVP	ENCSR621ATC	ENCSR229FNP	BPNet	predicted signal profile	bigWig	ChIP-seq	ZNF184	K562	cell-line	cell-line	cell-line	minus	none	passed
ENCFF039AZF	ENCFF039AZF	ENCSR526HRN	ENCSR322UJZ	BPNet	predicted signal profile	bigWig	ChIP-seq	ZNF184	K562	cell-line	cell-line	cell-line	plus	none	passed
ENCFF515NEN	ENCFF515NEN	ENCSR546IHU	ENCSR869HTL	BPNet	predicted signal profile	bigWig	ChIP-seq	ZNF184	K562	cell-line	cell-line	cell-line	plus	none	passed
ENCFF584RKT	ENCFF584RKT	ENCSR621ATC	ENCSR229FNP	BPNet	predicted signal profile	bigWig	ChIP-seq	ZNF184	K562	cell-line	cell-line	cell-line	plus	none	passed
ENCFF085UIV	ENCFF085UIV	ENCSR640STN	ENCSR901OTZ	BPNet	predicted signal profile	bigWig	ChIP-seq	ZNF184	WTC11	cell-line	cell-line	cell-line	minus	none	passed
ENCFF291FAV	ENCFF291FAV	ENCSR640STN	ENCSR901OTZ	BPNet	predicted signal profile	bigWig	ChIP-seq	ZNF184	WTC11	cell-line	cell-line	cell-line	plus	none	passed
ENCFF882PIF	ENCFF882PIF	ENCSR163RYW	ENCSR177YND	BPNet	predicted signal profile	bigWig	ChIP-seq	ZNF189	HEK293	cell-line	cell-line	cell-line	minus	none	passed
ENCFF924XJM	ENCFF924XJM	ENCSR163RYW	ENCSR177YND	BPNet	predicted signal profile	bigWig	ChIP-seq	ZNF189	HEK293	cell-line	cell-line	cell-line	plus	none	passed
ENCFF871QZS	ENCFF871QZS	ENCSR720PDY	ENCSR794XBB	BPNet	predicted signal profile	bigWig	ChIP-seq	ZNF20	HepG2	cell-line	cell-line	cell-line	minus	none	passed
ENCFF465DLX	ENCFF465DLX	ENCSR720PDY	ENCSR794XBB	BPNet	predicted signal profile	bigWig	ChIP-seq	ZNF20	HepG2	cell-line	cell-line	cell-line	plus	none	passed
ENCFF422ALR	ENCFF422ALR	ENCSR157CEN	ENCSR574PLQ	BPNet	predicted signal profile	bigWig	ChIP-seq	ZNF205	HepG2	cell-line	cell-line	cell-line	minus	none	passed
ENCFF955AMJ	ENCFF955AMJ	ENCSR157CEN	ENCSR574PLQ	BPNet	predicted signal profile	bigWig	ChIP-seq	ZNF205	HepG2	cell-line	cell-line	cell-line	plus	none	passed
ENCFF824TPN	ENCFF824TPN	ENCSR365DQH	ENCSR520DWU	BPNet	predicted signal profile	bigWig	ChIP-seq	ZNF211	HEK293	cell-line	cell-line	cell-line	minus	none	passed
ENCFF699NKB	ENCFF699NKB	ENCSR365DQH	ENCSR520DWU	BPNet	predicted signal profile	bigWig	ChIP-seq	ZNF211	HEK293	cell-line	cell-line	cell-line	plus	none	passed
ENCFF067BTQ	ENCFF067BTQ	ENCSR993DED	ENCSR054SSY	BPNet	predicted signal profile	bigWig	ChIP-seq	ZNF214	HEK293	cell-line	cell-line	cell-line	minus	none	passed
ENCFF830VTR	ENCFF830VTR	ENCSR993DED	ENCSR054SSY	BPNet	predicted signal profile	bigWig	ChIP-seq	ZNF214	HEK293	cell-line	cell-line	cell-line	plus	none	passed
ENCFF389CJJ	ENCFF389CJJ	ENCSR906PCS	ENCSR464VPP	BPNet	predicted signal profile	bigWig	ChIP-seq	ZNF223	HEK293	cell-line	cell-line	cell-line	minus	none	passed
ENCFF522DKS	ENCFF522DKS	ENCSR906PCS	ENCSR464VPP	BPNet	predicted signal profile	bigWig	ChIP-seq	ZNF223	HEK293	cell-line	cell-line	cell-line	plus	none	passed
ENCFF594TLN	ENCFF594TLN	ENCSR679KXF	ENCSR340HRP	BPNet	predicted signal profile	bigWig	ChIP-seq	ZNF23	HEK293	cell-line	cell-line	cell-line	minus	none	passed
ENCFF865KIM	ENCFF865KIM	ENCSR679KXF	ENCSR340HRP	BPNet	predicted signal profile	bigWig	ChIP-seq	ZNF23	HEK293	cell-line	cell-line	cell-line	plus	none	passed
ENCFF488DHZ	ENCFF488DHZ	ENCSR837GLU	ENCSR348QIE	BPNet	predicted signal profile	bigWig	ChIP-seq	ZNF232	HepG2	cell-line	cell-line	cell-line	minus	none	passed
ENCFF094JIT	ENCFF094JIT	ENCSR837GLU	ENCSR348QIE	BPNet	predicted signal profile	bigWig	ChIP-seq	ZNF232	HepG2	cell-line	cell-line	cell-line	plus	none	passed
ENCFF079PVY	ENCFF079PVY	ENCSR360ECJ	ENCSR185CCX	BPNet	predicted signal profile	bigWig	ChIP-seq	ZNF232	K562	cell-line	cell-line	cell-line	minus	none	passed
ENCFF261HHM	ENCFF261HHM	ENCSR360ECJ	ENCSR185CCX	BPNet	predicted signal profile	bigWig	ChIP-seq	ZNF232	K562	cell-line	cell-line	cell-line	plus	none	passed
ENCFF682CCV	ENCFF682CCV	ENCSR440COG	ENCSR233CVW	BPNet	predicted signal profile	bigWig	ChIP-seq	ZNF239	HEK293	cell-line	cell-line	cell-line	minus	none	passed
ENCFF680BXQ	ENCFF680BXQ	ENCSR440COG	ENCSR233CVW	BPNet	predicted signal profile	bigWig	ChIP-seq	ZNF239	HEK293	cell-line	cell-line	cell-line	plus	none	passed
ENCFF552NBH	ENCFF552NBH	ENCSR606KTL	ENCSR955PBS	BPNet	predicted signal profile	bigWig	ChIP-seq	ZNF239	K562	cell-line	cell-line	cell-line	minus	none	passed
ENCFF309IFP	ENCFF309IFP	ENCSR606KTL	ENCSR955PBS	BPNet	predicted signal profile	bigWig	ChIP-seq	ZNF239	K562	cell-line	cell-line	cell-line	plus	none	passed
ENCFF715WYB	ENCFF715WYB	ENCSR072PWP	ENCSR696HRR	BPNet	predicted signal profile	bigWig	ChIP-seq	ZNF24	GM12878	cell-line	cell-line	cell-line	minus	none	passed
ENCFF297QED	ENCFF297QED	ENCSR072PWP	ENCSR696HRR	BPNet	predicted signal profile	bigWig	ChIP-seq	ZNF24	GM12878	cell-line	cell-line	cell-line	plus	none	passed
ENCFF990FXF	ENCFF990FXF	ENCSR984MDV	ENCSR012PCW	BPNet	predicted signal profile	bigWig	ChIP-seq	ZNF24	HEK293	cell-line	cell-line	cell-line	minus	none	passed
ENCFF980WTW	ENCFF980WTW	ENCSR984MDV	ENCSR012PCW	BPNet	predicted signal profile	bigWig	ChIP-seq	ZNF24	HEK293	cell-line	cell-line	cell-line	plus	none	passed
ENCFF662BNE	ENCFF662BNE	ENCSR791AGT	ENCSR109TRH	BPNet	predicted signal profile	bigWig	ChIP-seq	ZNF24	HepG2	cell-line	cell-line	cell-line	minus	none	passed
ENCFF981QMZ	ENCFF981QMZ	ENCSR362NWP	ENCSR179TNV	BPNet	predicted signal profile	bigWig	ChIP-seq	ZNF24	HepG2	cell-line	cell-line	cell-line	minus	none	passed
ENCFF017BMU	ENCFF017BMU	ENCSR362NWP	ENCSR179TNV	BPNet	predicted signal profile	bigWig	ChIP-seq	ZNF24	HepG2	cell-line	cell-line	cell-line	plus	none	passed
ENCFF547LEE	ENCFF547LEE	ENCSR791AGT	ENCSR109TRH	BPNet	predicted signal profile	bigWig	ChIP-seq	ZNF24	HepG2	cell-line	cell-line	cell-line	plus	none	passed
ENCFF461AEH	ENCFF461AEH	ENCSR117WTM	ENCSR536QWE	BPNet	predicted signal profile	bigWig	ChIP-seq	ZNF24	K562	cell-line	cell-line	cell-line	minus	none	passed
ENCFF657YLH	ENCFF657YLH	ENCSR385AHH	ENCSR803RKQ	BPNet	predicted signal profile	bigWig	ChIP-seq	ZNF24	K562	cell-line	cell-line	cell-line	minus	none	passed
ENCFF780QIK	ENCFF780QIK	ENCSR695EQB	ENCSR606DQT	BPNet	predicted signal profile	bigWig	ChIP-seq	ZNF24	K562	cell-line	cell-line	cell-line	minus	none	passed
ENCFF820ONV	ENCFF820ONV	ENCSR099NCH	ENCSR622JDV	BPNet	predicted signal profile	bigWig	ChIP-seq	ZNF24	K562	cell-line	cell-line	cell-line	minus	none	passed
ENCFF161MPG	ENCFF161MPG	ENCSR117WTM	ENCSR536QWE	BPNet	predicted signal profile	bigWig	ChIP-seq	ZNF24	K562	cell-line	cell-line	cell-line	plus	none	passed
ENCFF209CKR	ENCFF209CKR	ENCSR695EQB	ENCSR606DQT	BPNet	predicted signal profile	bigWig	ChIP-seq	ZNF24	K562	cell-line	cell-line	cell-line	plus	none	passed
ENCFF623QTE	ENCFF623QTE	ENCSR385AHH	ENCSR803RKQ	BPNet	predicted signal profile	bigWig	ChIP-seq	ZNF24	K562	cell-line	cell-line	cell-line	plus	none	passed
ENCFF830ZFY	ENCFF830ZFY	ENCSR099NCH	ENCSR622JDV	BPNet	predicted signal profile	bigWig	ChIP-seq	ZNF24	K562	cell-line	cell-line	cell-line	plus	none	passed
ENCFF516NEY	ENCFF516NEY	ENCSR503VTG	ENCSR910FKH	BPNet	predicted signal profile	bigWig	ChIP-seq	ZNF24	MCF-7	cell-line	cell-line	cell-line	minus	none	passed
ENCFF943JFL	ENCFF943JFL	ENCSR503VTG	ENCSR910FKH	BPNet	predicted signal profile	bigWig	ChIP-seq	ZNF24	MCF-7	cell-line	cell-line	cell-line	plus	none	passed
ENCFF130ZHE	ENCFF130ZHE	ENCSR338SEM	ENCSR594BQE	BPNet	predicted signal profile	bigWig	ChIP-seq	ZNF248	HEK293	cell-line	cell-line	cell-line	minus	none	passed
ENCFF979NHW	ENCFF979NHW	ENCSR338SEM	ENCSR594BQE	BPNet	predicted signal profile	bigWig	ChIP-seq	ZNF248	HEK293	cell-line	cell-line	cell-line	plus	none	passed
ENCFF821RUS	ENCFF821RUS	ENCSR028EGI	ENCSR065HJU	BPNet	predicted signal profile	bigWig	ChIP-seq	ZNF26	HEK293	cell-line	cell-line	cell-line	minus	none	passed
ENCFF529PFJ	ENCFF529PFJ	ENCSR028EGI	ENCSR065HJU	BPNet	predicted signal profile	bigWig	ChIP-seq	ZNF26	HEK293	cell-line	cell-line	cell-line	plus	none	passed
ENCFF464RUQ	ENCFF464RUQ	ENCSR000EVD	ENCSR143IUV	BPNet	predicted signal profile	bigWig	ChIP-seq	ZNF263	HEK293	cell-line	cell-line	cell-line	minus	none	passed
ENCFF859OKA	ENCFF859OKA	ENCSR000EVD	ENCSR143IUV	BPNet	predicted signal profile	bigWig	ChIP-seq	ZNF263	HEK293	cell-line	cell-line	cell-line	plus	none	passed
ENCFF890LVJ	ENCFF890LVJ	ENCSR313MMD	ENCSR197RBG	BPNet	predicted signal profile	bigWig	ChIP-seq	ZNF263	HepG2	cell-line	cell-line	cell-line	minus	none	passed
ENCFF518URR	ENCFF518URR	ENCSR313MMD	ENCSR197RBG	BPNet	predicted signal profile	bigWig	ChIP-seq	ZNF263	HepG2	cell-line	cell-line	cell-line	plus	none	passed
ENCFF278XXK	ENCFF278XXK	ENCSR000EWN	ENCSR229HUB	BPNet	predicted signal profile	bigWig	ChIP-seq	ZNF263	K562	cell-line	cell-line	cell-line	minus	none	passed
ENCFF733BYY	ENCFF733BYY	ENCSR845GGY	ENCSR749YHO	BPNet	predicted signal profile	bigWig	ChIP-seq	ZNF263	K562	cell-line	cell-line	cell-line	minus	none	passed
ENCFF239QPW	ENCFF239QPW	ENCSR000EWN	ENCSR229HUB	BPNet	predicted signal profile	bigWig	ChIP-seq	ZNF263	K562	cell-line	cell-line	cell-line	plus	none	passed
ENCFF936PFX	ENCFF936PFX	ENCSR845GGY	ENCSR749YHO	BPNet	predicted signal profile	bigWig	ChIP-seq	ZNF263	K562	cell-line	cell-line	cell-line	plus	none	passed
ENCFF514AHO	ENCFF514AHO	ENCSR156JWW	ENCSR162AVH	BPNet	predicted signal profile	bigWig	ChIP-seq	ZNF263	WTC11	cell-line	cell-line	cell-line	minus	none	passed
ENCFF710VAI	ENCFF710VAI	ENCSR156JWW	ENCSR162AVH	BPNet	predicted signal profile	bigWig	ChIP-seq	ZNF263	WTC11	cell-line	cell-line	cell-line	plus	none	passed
ENCFF769RBO	ENCFF769RBO	ENCSR248BVU	ENCSR020DMV	BPNet	predicted signal profile	bigWig	ChIP-seq	ZNF264	HepG2	cell-line	cell-line	cell-line	minus	none	passed
ENCFF233IHU	ENCFF233IHU	ENCSR248BVU	ENCSR020DMV	BPNet	predicted signal profile	bigWig	ChIP-seq	ZNF264	HepG2	cell-line	cell-line	cell-line	plus	none	passed
ENCFF637WME	ENCFF637WME	ENCSR466VYP	ENCSR521XAG	BPNet	predicted signal profile	bigWig	ChIP-seq	ZNF266	HEK293	cell-line	cell-line	cell-line	minus	none	passed
ENCFF768XNV	ENCFF768XNV	ENCSR466VYP	ENCSR521XAG	BPNet	predicted signal profile	bigWig	ChIP-seq	ZNF266	HEK293	cell-line	cell-line	cell-line	plus	none	passed
ENCFF107VAI	ENCFF107VAI	ENCSR000EUI	ENCSR982WSU	BPNet	predicted signal profile	bigWig	ChIP-seq	ZNF274	GM08714	cell-line	cell-line	cell-line	minus	none	passed
ENCFF489WAN	ENCFF489WAN	ENCSR000EUI	ENCSR982WSU	BPNet	predicted signal profile	bigWig	ChIP-seq	ZNF274	GM08714	cell-line	cell-line	cell-line	plus	none	passed
ENCFF942UMF	ENCFF942UMF	ENCSR000EUN	ENCSR912JCS	BPNet	predicted signal profile	bigWig	ChIP-seq	ZNF274	H1	cell-line	cell-line	cell-line	minus	none	passed
ENCFF472HBL	ENCFF472HBL	ENCSR000EUN	ENCSR912JCS	BPNet	predicted signal profile	bigWig	ChIP-seq	ZNF274	H1	cell-line	cell-line	cell-line	plus	none	passed
ENCFF342VAK	ENCFF342VAK	ENCSR101FJM	ENCSR079PXR	BPNet	predicted signal profile	bigWig	ChIP-seq	ZNF274	HCT116	cell-line	cell-line	cell-line	minus	none	passed
ENCFF670HEP	ENCFF670HEP	ENCSR101FJM	ENCSR079PXR	BPNet	predicted signal profile	bigWig	ChIP-seq	ZNF274	HCT116	cell-line	cell-line	cell-line	plus	none	passed
ENCFF831ZRK	ENCFF831ZRK	ENCSR178QVJ	ENCSR804PIO	BPNet	predicted signal profile	bigWig	ChIP-seq	ZNF274	HEK293	cell-line	cell-line	cell-line	minus	none	passed
ENCFF853SMP	ENCFF853SMP	ENCSR178QVJ	ENCSR804PIO	BPNet	predicted signal profile	bigWig	ChIP-seq	ZNF274	HEK293	cell-line	cell-line	cell-line	plus	none	passed
ENCFF122LQX	ENCFF122LQX	ENCSR000EVX	ENCSR253FIG	BPNet	predicted signal profile	bigWig	ChIP-seq	ZNF274	K562	cell-line	cell-line	cell-line	minus	none	passed
ENCFF916EPP	ENCFF916EPP	ENCSR000EVX	ENCSR253FIG	BPNet	predicted signal profile	bigWig	ChIP-seq	ZNF274	K562	cell-line	cell-line	cell-line	plus	none	passed
ENCFF422PPH	ENCFF422PPH	ENCSR000EWY	ENCSR821NQF	BPNet	predicted signal profile	bigWig	ChIP-seq	ZNF274	NT2/D1	cell-line	cell-line	cell-line	minus	none	passed
ENCFF190TXD	ENCFF190TXD	ENCSR000EWY	ENCSR821NQF	BPNet	predicted signal profile	bigWig	ChIP-seq	ZNF274	NT2/D1	cell-line	cell-line	cell-line	plus	none	passed
ENCFF531FIN	ENCFF531FIN	ENCSR403MJY	ENCSR712WOB	BPNet	predicted signal profile	bigWig	ChIP-seq	ZNF281	HepG2	cell-line	cell-line	cell-line	minus	none	passed
ENCFF207TGY	ENCFF207TGY	ENCSR403MJY	ENCSR712WOB	BPNet	predicted signal profile	bigWig	ChIP-seq	ZNF281	HepG2	cell-line	cell-line	cell-line	plus	none	passed
ENCFF036OON	ENCFF036OON	ENCSR214EKV	ENCSR537AXI	BPNet	predicted signal profile	bigWig	ChIP-seq	ZNF281	K562	cell-line	cell-line	cell-line	minus	none	passed
ENCFF028NNZ	ENCFF028NNZ	ENCSR214EKV	ENCSR537AXI	BPNet	predicted signal profile	bigWig	ChIP-seq	ZNF281	K562	cell-line	cell-line	cell-line	plus	none	passed
ENCFF598ECV	ENCFF598ECV	ENCSR032DGZ	ENCSR699TVO	BPNet	predicted signal profile	bigWig	ChIP-seq	ZNF281	WTC11	cell-line	cell-line	cell-line	minus	none	passed
ENCFF938OLH	ENCFF938OLH	ENCSR032DGZ	ENCSR699TVO	BPNet	predicted signal profile	bigWig	ChIP-seq	ZNF281	WTC11	cell-line	cell-line	cell-line	plus	none	passed
ENCFF809RGA	ENCFF809RGA	ENCSR742TMU	ENCSR610PAH	BPNet	predicted signal profile	bigWig	ChIP-seq	ZNF282	K562	cell-line	cell-line	cell-line	minus	none	passed
ENCFF310HOO	ENCFF310HOO	ENCSR742TMU	ENCSR610PAH	BPNet	predicted signal profile	bigWig	ChIP-seq	ZNF282	K562	cell-line	cell-line	cell-line	plus	none	passed
ENCFF540BZB	ENCFF540BZB	ENCSR853BYT	ENCSR582TRX	BPNet	predicted signal profile	bigWig	ChIP-seq	ZNF292	HepG2	cell-line	cell-line	cell-line	minus	none	passed
ENCFF599VAX	ENCFF599VAX	ENCSR853BYT	ENCSR582TRX	BPNet	predicted signal profile	bigWig	ChIP-seq	ZNF292	HepG2	cell-line	cell-line	cell-line	plus	none	passed
ENCFF744TPU	ENCFF744TPU	ENCSR862LJQ	ENCSR406XKS	BPNet	predicted signal profile	bigWig	ChIP-seq	ZNF296	HepG2	cell-line	cell-line	cell-line	minus	none	passed
ENCFF118NSC	ENCFF118NSC	ENCSR862LJQ	ENCSR406XKS	BPNet	predicted signal profile	bigWig	ChIP-seq	ZNF296	HepG2	cell-line	cell-line	cell-line	plus	none	passed
ENCFF566NQR	ENCFF566NQR	ENCSR934RJP	ENCSR155QUT	BPNet	predicted signal profile	bigWig	ChIP-seq	ZNF3	K562	cell-line	cell-line	cell-line	minus	none	passed
ENCFF731QTT	ENCFF731QTT	ENCSR195QFV	ENCSR943BMU	BPNet	predicted signal profile	bigWig	ChIP-seq	ZNF3	K562	cell-line	cell-line	cell-line	minus	none	passed
ENCFF823JDL	ENCFF823JDL	ENCSR195QFV	ENCSR943BMU	BPNet	predicted signal profile	bigWig	ChIP-seq	ZNF3	K562	cell-line	cell-line	cell-line	plus	none	passed
ENCFF959AET	ENCFF959AET	ENCSR934RJP	ENCSR155QUT	BPNet	predicted signal profile	bigWig	ChIP-seq	ZNF3	K562	cell-line	cell-line	cell-line	plus	none	passed
ENCFF556MXM	ENCFF556MXM	ENCSR513MGG	ENCSR967FUB	BPNet	predicted signal profile	bigWig	ChIP-seq	ZNF302	HEK293	cell-line	cell-line	cell-line	minus	none	passed
ENCFF698QCP	ENCFF698QCP	ENCSR513MGG	ENCSR967FUB	BPNet	predicted signal profile	bigWig	ChIP-seq	ZNF302	HEK293	cell-line	cell-line	cell-line	plus	none	passed
ENCFF505UYX	ENCFF505UYX	ENCSR200JYP	ENCSR182LDE	BPNet	predicted signal profile	bigWig	ChIP-seq	ZNF316	K562	cell-line	cell-line	cell-line	minus	none	passed
ENCFF654XFI	ENCFF654XFI	ENCSR167KBO	ENCSR989MRU	BPNet	predicted signal profile	bigWig	ChIP-seq	ZNF316	K562	cell-line	cell-line	cell-line	minus	none	passed
ENCFF729MBB	ENCFF729MBB	ENCSR167KBO	ENCSR989MRU	BPNet	predicted signal profile	bigWig	ChIP-seq	ZNF316	K562	cell-line	cell-line	cell-line	plus	none	passed
ENCFF739MAK	ENCFF739MAK	ENCSR200JYP	ENCSR182LDE	BPNet	predicted signal profile	bigWig	ChIP-seq	ZNF316	K562	cell-line	cell-line	cell-line	plus	none	passed
ENCFF011QKW	ENCFF011QKW	ENCSR016OHL	ENCSR164VUV	BPNet	predicted signal profile	bigWig	ChIP-seq	ZNF317	HepG2	cell-line	cell-line	cell-line	minus	none	passed
ENCFF302XHF	ENCFF302XHF	ENCSR016OHL	ENCSR164VUV	BPNet	predicted signal profile	bigWig	ChIP-seq	ZNF317	HepG2	cell-line	cell-line	cell-line	plus	none	passed
ENCFF066NHZ	ENCFF066NHZ	ENCSR976MXN	ENCSR390SED	BPNet	predicted signal profile	bigWig	ChIP-seq	ZNF317	K562	cell-line	cell-line	cell-line	minus	none	passed
ENCFF736SIE	ENCFF736SIE	ENCSR976MXN	ENCSR390SED	BPNet	predicted signal profile	bigWig	ChIP-seq	ZNF317	K562	cell-line	cell-line	cell-line	plus	none	passed
ENCFF630QJD	ENCFF630QJD	ENCSR795KRU	ENCSR329FHN	BPNet	predicted signal profile	bigWig	ChIP-seq	ZNF317	WTC11	cell-line	cell-line	cell-line	minus	none	passed
ENCFF779PCZ	ENCFF779PCZ	ENCSR795KRU	ENCSR329FHN	BPNet	predicted signal profile	bigWig	ChIP-seq	ZNF317	WTC11	cell-line	cell-line	cell-line	plus	none	passed
ENCFF119CDK	ENCFF119CDK	ENCSR712KVZ	ENCSR861IYW	BPNet	predicted signal profile	bigWig	ChIP-seq	ZNF324	K562	cell-line	cell-line	cell-line	minus	none	passed
ENCFF924LDX	ENCFF924LDX	ENCSR712KVZ	ENCSR861IYW	BPNet	predicted signal profile	bigWig	ChIP-seq	ZNF324	K562	cell-line	cell-line	cell-line	plus	none	passed
ENCFF019YAK	ENCFF019YAK	ENCSR681KXT	ENCSR113XXA	BPNet	predicted signal profile	bigWig	ChIP-seq	ZNF329	HepG2	cell-line	cell-line	cell-line	minus	none	passed
ENCFF658YMN	ENCFF658YMN	ENCSR681KXT	ENCSR113XXA	BPNet	predicted signal profile	bigWig	ChIP-seq	ZNF329	HepG2	cell-line	cell-line	cell-line	plus	none	passed
ENCFF910NFS	ENCFF910NFS	ENCSR918LRB	ENCSR494MGN	BPNet	predicted signal profile	bigWig	ChIP-seq	ZNF331	GM23338	cell-line	cell-line	cell-line	minus	none	passed
ENCFF243GXQ	ENCFF243GXQ	ENCSR918LRB	ENCSR494MGN	BPNet	predicted signal profile	bigWig	ChIP-seq	ZNF331	GM23338	cell-line	cell-line	cell-line	plus	none	passed
ENCFF361POG	ENCFF361POG	ENCSR369TCR	ENCSR536CRO	BPNet	predicted signal profile	bigWig	ChIP-seq	ZNF331	HepG2	cell-line	cell-line	cell-line	minus	none	passed
ENCFF822OGC	ENCFF822OGC	ENCSR369TCR	ENCSR536CRO	BPNet	predicted signal profile	bigWig	ChIP-seq	ZNF331	HepG2	cell-line	cell-line	cell-line	plus	none	passed
ENCFF662ABM	ENCFF662ABM	ENCSR185FOY	ENCSR866NFF	BPNet	predicted signal profile	bigWig	ChIP-seq	ZNF341	HEK293	cell-line	cell-line	cell-line	minus	none	passed
ENCFF445RYM	ENCFF445RYM	ENCSR185FOY	ENCSR866NFF	BPNet	predicted signal profile	bigWig	ChIP-seq	ZNF341	HEK293	cell-line	cell-line	cell-line	plus	none	passed
ENCFF274HAW	ENCFF274HAW	ENCSR842SRB	ENCSR424FUY	BPNet	predicted signal profile	bigWig	ChIP-seq	ZNF350	HepG2	cell-line	cell-line	cell-line	minus	none	passed
ENCFF311EUJ	ENCFF311EUJ	ENCSR842SRB	ENCSR424FUY	BPNet	predicted signal profile	bigWig	ChIP-seq	ZNF350	HepG2	cell-line	cell-line	cell-line	plus	none	passed
ENCFF372VZR	ENCFF372VZR	ENCSR715QNO	ENCSR361HXQ	BPNet	predicted signal profile	bigWig	ChIP-seq	ZNF362	HEK293	cell-line	cell-line	cell-line	minus	none	passed
ENCFF620QDG	ENCFF620QDG	ENCSR715QNO	ENCSR361HXQ	BPNet	predicted signal profile	bigWig	ChIP-seq	ZNF362	HEK293	cell-line	cell-line	cell-line	plus	none	passed
ENCFF121GFQ	ENCFF121GFQ	ENCSR032LZZ	ENCSR837NIM	BPNet	predicted signal profile	bigWig	ChIP-seq	ZNF362	HepG2	cell-line	cell-line	cell-line	minus	none	passed
ENCFF424GWZ	ENCFF424GWZ	ENCSR032LZZ	ENCSR837NIM	BPNet	predicted signal profile	bigWig	ChIP-seq	ZNF362	HepG2	cell-line	cell-line	cell-line	plus	none	passed
ENCFF366WHG	ENCFF366WHG	ENCSR048WVW	ENCSR388YVJ	BPNet	predicted signal profile	bigWig	ChIP-seq	ZNF367	HepG2	cell-line	cell-line	cell-line	minus	none	passed
ENCFF821UPC	ENCFF821UPC	ENCSR048WVW	ENCSR388YVJ	BPNet	predicted signal profile	bigWig	ChIP-seq	ZNF367	HepG2	cell-line	cell-line	cell-line	plus	none	passed
ENCFF316VMR	ENCFF316VMR	ENCSR371LLY	ENCSR668MDE	BPNet	predicted signal profile	bigWig	ChIP-seq	ZNF37A	HEK293	cell-line	cell-line	cell-line	minus	none	passed
ENCFF767YCP	ENCFF767YCP	ENCSR371LLY	ENCSR668MDE	BPNet	predicted signal profile	bigWig	ChIP-seq	ZNF37A	HEK293	cell-line	cell-line	cell-line	plus	none	passed
ENCFF445OTA	ENCFF445OTA	ENCSR000DYP	ENCSR607ZHJ	BPNet	predicted signal profile	bigWig	ChIP-seq	ZNF384	GM12878	cell-line	cell-line	cell-line	minus	none	passed
ENCFF980LHR	ENCFF980LHR	ENCSR000DYP	ENCSR607ZHJ	BPNet	predicted signal profile	bigWig	ChIP-seq	ZNF384	GM12878	cell-line	cell-line	cell-line	plus	none	passed
ENCFF888BEM	ENCFF888BEM	ENCSR882ICT	ENCSR589ELT	BPNet	predicted signal profile	bigWig	ChIP-seq	ZNF384	HEK293T	cell-line	cell-line	cell-line	minus	none	passed
ENCFF057FHY	ENCFF057FHY	ENCSR882ICT	ENCSR589ELT	BPNet	predicted signal profile	bigWig	ChIP-seq	ZNF384	HEK293T	cell-line	cell-line	cell-line	plus	none	passed
ENCFF070CSE	ENCFF070CSE	ENCSR101FJU	ENCSR186EZI	BPNet	predicted signal profile	bigWig	ChIP-seq	ZNF384	HepG2	cell-line	cell-line	cell-line	minus	none	passed
ENCFF918KYD	ENCFF918KYD	ENCSR101FJU	ENCSR186EZI	BPNet	predicted signal profile	bigWig	ChIP-seq	ZNF384	HepG2	cell-line	cell-line	cell-line	plus	none	passed
ENCFF108CAN	ENCFF108CAN	ENCSR000EFP	ENCSR860AZD	BPNet	predicted signal profile	bigWig	ChIP-seq	ZNF384	K562	cell-line	cell-line	cell-line	minus	none	passed
ENCFF487MGD	ENCFF487MGD	ENCSR000EFP	ENCSR860AZD	BPNet	predicted signal profile	bigWig	ChIP-seq	ZNF384	K562	cell-line	cell-line	cell-line	plus	none	passed
ENCFF717OER	ENCFF717OER	ENCSR125DNC	ENCSR523EEX	BPNet	predicted signal profile	bigWig	ChIP-seq	ZNF394	HEK293	cell-line	cell-line	cell-line	minus	none	passed
ENCFF523VUX	ENCFF523VUX	ENCSR125DNC	ENCSR523EEX	BPNet	predicted signal profile	bigWig	ChIP-seq	ZNF394	HEK293	cell-line	cell-line	cell-line	plus	none	passed
ENCFF890YYO	ENCFF890YYO	ENCSR462QZZ	ENCSR605ZPT	BPNet	predicted signal profile	bigWig	ChIP-seq	ZNF395	K562	cell-line	cell-line	cell-line	minus	none	passed
ENCFF597TED	ENCFF597TED	ENCSR462QZZ	ENCSR605ZPT	BPNet	predicted signal profile	bigWig	ChIP-seq	ZNF395	K562	cell-line	cell-line	cell-line	plus	none	passed
ENCFF616YDW	ENCFF616YDW	ENCSR439OCL	ENCSR455WPF	BPNet	predicted signal profile	bigWig	ChIP-seq	ZNF407	K562	cell-line	cell-line	cell-line	minus	none	passed
ENCFF731FWH	ENCFF731FWH	ENCSR011NOZ	ENCSR723BLF	BPNet	predicted signal profile	bigWig	ChIP-seq	ZNF407	K562	cell-line	cell-line	cell-line	minus	none	passed
ENCFF674ENW	ENCFF674ENW	ENCSR439OCL	ENCSR455WPF	BPNet	predicted signal profile	bigWig	ChIP-seq	ZNF407	K562	cell-line	cell-line	cell-line	plus	none	passed
ENCFF812BDG	ENCFF812BDG	ENCSR011NOZ	ENCSR723BLF	BPNet	predicted signal profile	bigWig	ChIP-seq	ZNF407	K562	cell-line	cell-line	cell-line	plus	none	passed
ENCFF830MXD	ENCFF830MXD	ENCSR235PYI	ENCSR666XEJ	BPNet	predicted signal profile	bigWig	ChIP-seq	ZNF41	K562	cell-line	cell-line	cell-line	minus	none	passed
ENCFF702XMJ	ENCFF702XMJ	ENCSR235PYI	ENCSR666XEJ	BPNet	predicted signal profile	bigWig	ChIP-seq	ZNF41	K562	cell-line	cell-line	cell-line	plus	none	passed
ENCFF279UKU	ENCFF279UKU	ENCSR477OJI	ENCSR286FWU	BPNet	predicted signal profile	bigWig	ChIP-seq	ZNF423	HEK293	cell-line	cell-line	cell-line	minus	none	passed
ENCFF780MPS	ENCFF780MPS	ENCSR477OJI	ENCSR286FWU	BPNet	predicted signal profile	bigWig	ChIP-seq	ZNF423	HEK293	cell-line	cell-line	cell-line	plus	none	passed
ENCFF243XWM	ENCFF243XWM	ENCSR413CVQ	ENCSR148KSW	BPNet	predicted signal profile	bigWig	ChIP-seq	ZNF423	WTC11	cell-line	cell-line	cell-line	minus	none	passed
ENCFF164YFA	ENCFF164YFA	ENCSR413CVQ	ENCSR148KSW	BPNet	predicted signal profile	bigWig	ChIP-seq	ZNF423	WTC11	cell-line	cell-line	cell-line	plus	none	passed
ENCFF133IXK	ENCFF133IXK	ENCSR618END	ENCSR278QPL	BPNet	predicted signal profile	bigWig	ChIP-seq	ZNF430	HepG2	cell-line	cell-line	cell-line	minus	none	passed
ENCFF508GJA	ENCFF508GJA	ENCSR618END	ENCSR278QPL	BPNet	predicted signal profile	bigWig	ChIP-seq	ZNF430	HepG2	cell-line	cell-line	cell-line	plus	none	passed
ENCFF474ZDL	ENCFF474ZDL	ENCSR914HPP	ENCSR611LDB	BPNet	predicted signal profile	bigWig	ChIP-seq	ZNF44	HepG2	cell-line	cell-line	cell-line	minus	none	passed
ENCFF940WVO	ENCFF940WVO	ENCSR914HPP	ENCSR611LDB	BPNet	predicted signal profile	bigWig	ChIP-seq	ZNF44	HepG2	cell-line	cell-line	cell-line	plus	none	passed
ENCFF916HVO	ENCFF916HVO	ENCSR673GDQ	ENCSR071CNE	BPNet	predicted signal profile	bigWig	ChIP-seq	ZNF441	HepG2	cell-line	cell-line	cell-line	minus	none	passed
ENCFF148IEF	ENCFF148IEF	ENCSR673GDQ	ENCSR071CNE	BPNet	predicted signal profile	bigWig	ChIP-seq	ZNF441	HepG2	cell-line	cell-line	cell-line	plus	none	passed
ENCFF649ZBX	ENCFF649ZBX	ENCSR038XIA	ENCSR468ULA	BPNet	predicted signal profile	bigWig	ChIP-seq	ZNF444	MCF-7	cell-line	cell-line	cell-line	minus	none	passed
ENCFF208SNU	ENCFF208SNU	ENCSR038XIA	ENCSR468ULA	BPNet	predicted signal profile	bigWig	ChIP-seq	ZNF444	MCF-7	cell-line	cell-line	cell-line	plus	none	passed
ENCFF410VXM	ENCFF410VXM	ENCSR738SLS	ENCSR809HTU	BPNet	predicted signal profile	bigWig	ChIP-seq	ZNF449	HEK293	cell-line	cell-line	cell-line	minus	none	passed
ENCFF852JHI	ENCFF852JHI	ENCSR738SLS	ENCSR809HTU	BPNet	predicted signal profile	bigWig	ChIP-seq	ZNF449	HEK293	cell-line	cell-line	cell-line	plus	none	passed
ENCFF850KLT	ENCFF850KLT	ENCSR415AEB	ENCSR166CDD	BPNet	predicted signal profile	bigWig	ChIP-seq	ZNF48	HepG2	cell-line	cell-line	cell-line	minus	none	passed
ENCFF840AHB	ENCFF840AHB	ENCSR415AEB	ENCSR166CDD	BPNet	predicted signal profile	bigWig	ChIP-seq	ZNF48	HepG2	cell-line	cell-line	cell-line	plus	none	passed
ENCFF500AEA	ENCFF500AEA	ENCSR542PZA	ENCSR594HLF	BPNet	predicted signal profile	bigWig	ChIP-seq	ZNF490	HepG2	cell-line	cell-line	cell-line	minus	none	passed
ENCFF862KQV	ENCFF862KQV	ENCSR542PZA	ENCSR594HLF	BPNet	predicted signal profile	bigWig	ChIP-seq	ZNF490	HepG2	cell-line	cell-line	cell-line	plus	none	passed
ENCFF720NRZ	ENCFF720NRZ	ENCSR461ZJT	ENCSR479YFJ	BPNet	predicted signal profile	bigWig	ChIP-seq	ZNF501	HEK293	cell-line	cell-line	cell-line	minus	none	passed
ENCFF318VUN	ENCFF318VUN	ENCSR461ZJT	ENCSR479YFJ	BPNet	predicted signal profile	bigWig	ChIP-seq	ZNF501	HEK293	cell-line	cell-line	cell-line	plus	none	passed
ENCFF685IPW	ENCFF685IPW	ENCSR595FAO	ENCSR226RHX	BPNet	predicted signal profile	bigWig	ChIP-seq	ZNF510	HEK293	cell-line	cell-line	cell-line	minus	none	passed
ENCFF598TPM	ENCFF598TPM	ENCSR595FAO	ENCSR226RHX	BPNet	predicted signal profile	bigWig	ChIP-seq	ZNF510	HEK293	cell-line	cell-line	cell-line	plus	none	passed
ENCFF736YSM	ENCFF736YSM	ENCSR701RXW	ENCSR154RFY	BPNet	predicted signal profile	bigWig	ChIP-seq	ZNF530	HEK293	cell-line	cell-line	cell-line	minus	none	passed
ENCFF151KXW	ENCFF151KXW	ENCSR701RXW	ENCSR154RFY	BPNet	predicted signal profile	bigWig	ChIP-seq	ZNF530	HEK293	cell-line	cell-line	cell-line	plus	none	passed
ENCFF924QHT	ENCFF924QHT	ENCSR909TSW	ENCSR730YDI	BPNet	predicted signal profile	bigWig	ChIP-seq	ZNF547	HEK293	cell-line	cell-line	cell-line	minus	none	passed
ENCFF319XHL	ENCFF319XHL	ENCSR909TSW	ENCSR730YDI	BPNet	predicted signal profile	bigWig	ChIP-seq	ZNF547	HEK293	cell-line	cell-line	cell-line	plus	none	passed
ENCFF220ZUP	ENCFF220ZUP	ENCSR892ZTO	ENCSR293AOG	BPNet	predicted signal profile	bigWig	ChIP-seq	ZNF548	HEK293	cell-line	cell-line	cell-line	minus	none	passed
ENCFF189OSU	ENCFF189OSU	ENCSR892ZTO	ENCSR293AOG	BPNet	predicted signal profile	bigWig	ChIP-seq	ZNF548	HEK293	cell-line	cell-line	cell-line	plus	none	passed
ENCFF256RAL	ENCFF256RAL	ENCSR185QFX	ENCSR989FNU	BPNet	predicted signal profile	bigWig	ChIP-seq	ZNF549	HEK293	cell-line	cell-line	cell-line	minus	none	passed
ENCFF706SCX	ENCFF706SCX	ENCSR185QFX	ENCSR989FNU	BPNet	predicted signal profile	bigWig	ChIP-seq	ZNF549	HEK293	cell-line	cell-line	cell-line	plus	none	passed
ENCFF219PPU	ENCFF219PPU	ENCSR545ACM	ENCSR747QXK	BPNet	predicted signal profile	bigWig	ChIP-seq	ZNF549	HepG2	cell-line	cell-line	cell-line	minus	none	passed
ENCFF104BYV	ENCFF104BYV	ENCSR545ACM	ENCSR747QXK	BPNet	predicted signal profile	bigWig	ChIP-seq	ZNF549	HepG2	cell-line	cell-line	cell-line	plus	none	passed
ENCFF623EZS	ENCFF623EZS	ENCSR325VYA	ENCSR011WOV	BPNet	predicted signal profile	bigWig	ChIP-seq	ZNF557	HepG2	cell-line	cell-line	cell-line	minus	none	passed
ENCFF819YPJ	ENCFF819YPJ	ENCSR325VYA	ENCSR011WOV	BPNet	predicted signal profile	bigWig	ChIP-seq	ZNF557	HepG2	cell-line	cell-line	cell-line	plus	none	passed
ENCFF070SCO	ENCFF070SCO	ENCSR125ULS	ENCSR626JLM	BPNet	predicted signal profile	bigWig	ChIP-seq	ZNF561	HEK293	cell-line	cell-line	cell-line	minus	none	passed
ENCFF428GZU	ENCFF428GZU	ENCSR125ULS	ENCSR626JLM	BPNet	predicted signal profile	bigWig	ChIP-seq	ZNF561	HEK293	cell-line	cell-line	cell-line	plus	none	passed
ENCFF977EHU	ENCFF977EHU	ENCSR727IJD	ENCSR281SKK	BPNet	predicted signal profile	bigWig	ChIP-seq	ZNF562	HepG2	cell-line	cell-line	cell-line	minus	none	passed
ENCFF066XPP	ENCFF066XPP	ENCSR727IJD	ENCSR281SKK	BPNet	predicted signal profile	bigWig	ChIP-seq	ZNF562	HepG2	cell-line	cell-line	cell-line	plus	none	passed
ENCFF794IEC	ENCFF794IEC	ENCSR397EOT	ENCSR846MFZ	BPNet	predicted signal profile	bigWig	ChIP-seq	ZNF564	HepG2	cell-line	cell-line	cell-line	minus	none	passed
ENCFF941MVJ	ENCFF941MVJ	ENCSR397EOT	ENCSR846MFZ	BPNet	predicted signal profile	bigWig	ChIP-seq	ZNF564	HepG2	cell-line	cell-line	cell-line	plus	none	passed
ENCFF989LOC	ENCFF989LOC	ENCSR754ALX	ENCSR545WAG	BPNet	predicted signal profile	bigWig	ChIP-seq	ZNF565	SK-N-SH	cell-line	cell-line	cell-line	minus	none	passed
ENCFF943NBD	ENCFF943NBD	ENCSR754ALX	ENCSR545WAG	BPNet	predicted signal profile	bigWig	ChIP-seq	ZNF565	SK-N-SH	cell-line	cell-line	cell-line	plus	none	passed
ENCFF134NBV	ENCFF134NBV	ENCSR886YJI	ENCSR078RTA	BPNet	predicted signal profile	bigWig	ChIP-seq	ZNF574	HepG2	cell-line	cell-line	cell-line	minus	none	passed
ENCFF879AQF	ENCFF879AQF	ENCSR886YJI	ENCSR078RTA	BPNet	predicted signal profile	bigWig	ChIP-seq	ZNF574	HepG2	cell-line	cell-line	cell-line	plus	none	passed
ENCFF058YCV	ENCFF058YCV	ENCSR402JAC	ENCSR631TCZ	BPNet	predicted signal profile	bigWig	ChIP-seq	ZNF574	MCF-7	cell-line	cell-line	cell-line	minus	none	passed
ENCFF823WAX	ENCFF823WAX	ENCSR402JAC	ENCSR631TCZ	BPNet	predicted signal profile	bigWig	ChIP-seq	ZNF574	MCF-7	cell-line	cell-line	cell-line	plus	none	passed
ENCFF139LHA	ENCFF139LHA	ENCSR668HOP	ENCSR959CUQ	BPNet	predicted signal profile	bigWig	ChIP-seq	ZNF580	HEK293	cell-line	cell-line	cell-line	minus	none	passed
ENCFF842TEM	ENCFF842TEM	ENCSR668HOP	ENCSR959CUQ	BPNet	predicted signal profile	bigWig	ChIP-seq	ZNF580	HEK293	cell-line	cell-line	cell-line	plus	none	passed
ENCFF497QBW	ENCFF497QBW	ENCSR149ZBI	ENCSR384YJU	BPNet	predicted signal profile	bigWig	ChIP-seq	ZNF584	K562	cell-line	cell-line	cell-line	minus	none	passed
ENCFF781VJT	ENCFF781VJT	ENCSR149ZBI	ENCSR384YJU	BPNet	predicted signal profile	bigWig	ChIP-seq	ZNF584	K562	cell-line	cell-line	cell-line	plus	none	passed
ENCFF115HYO	ENCFF115HYO	ENCSR011XCI	ENCSR206HFO	BPNet	predicted signal profile	bigWig	ChIP-seq	ZNF585B	HEK293	cell-line	cell-line	cell-line	minus	none	passed
ENCFF525YFM	ENCFF525YFM	ENCSR011XCI	ENCSR206HFO	BPNet	predicted signal profile	bigWig	ChIP-seq	ZNF585B	HEK293	cell-line	cell-line	cell-line	plus	none	passed
ENCFF266GON	ENCFF266GON	ENCSR344SBD	ENCSR630UCD	BPNet	predicted signal profile	bigWig	ChIP-seq	ZNF596	HEK293	cell-line	cell-line	cell-line	minus	none	passed
ENCFF113LWU	ENCFF113LWU	ENCSR344SBD	ENCSR630UCD	BPNet	predicted signal profile	bigWig	ChIP-seq	ZNF596	HEK293	cell-line	cell-line	cell-line	plus	none	passed
ENCFF980ZUD	ENCFF980ZUD	ENCSR903JFF	ENCSR924AMT	BPNet	predicted signal profile	bigWig	ChIP-seq	ZNF605	HepG2	cell-line	cell-line	cell-line	minus	none	passed
ENCFF280DNK	ENCFF280DNK	ENCSR903JFF	ENCSR924AMT	BPNet	predicted signal profile	bigWig	ChIP-seq	ZNF605	HepG2	cell-line	cell-line	cell-line	plus	none	passed
ENCFF124MQU	ENCFF124MQU	ENCSR691TXI	ENCSR034YDZ	BPNet	predicted signal profile	bigWig	ChIP-seq	ZNF610	HEK293	cell-line	cell-line	cell-line	minus	none	passed
ENCFF595ASC	ENCFF595ASC	ENCSR691TXI	ENCSR034YDZ	BPNet	predicted signal profile	bigWig	ChIP-seq	ZNF610	HEK293	cell-line	cell-line	cell-line	plus	none	passed
ENCFF022XGM	ENCFF022XGM	ENCSR022IZK	ENCSR793WAG	BPNet	predicted signal profile	bigWig	ChIP-seq	ZNF623	HEK293	cell-line	cell-line	cell-line	minus	none	passed
ENCFF393BDI	ENCFF393BDI	ENCSR022IZK	ENCSR793WAG	BPNet	predicted signal profile	bigWig	ChIP-seq	ZNF623	HEK293	cell-line	cell-line	cell-line	plus	none	passed
ENCFF291ZFF	ENCFF291ZFF	ENCSR488ZNK	ENCSR246WPX	BPNet	predicted signal profile	bigWig	ChIP-seq	ZNF646	HepG2	cell-line	cell-line	cell-line	minus	none	passed
ENCFF065LEA	ENCFF065LEA	ENCSR488ZNK	ENCSR246WPX	BPNet	predicted signal profile	bigWig	ChIP-seq	ZNF646	HepG2	cell-line	cell-line	cell-line	plus	none	passed
ENCFF122LCD	ENCFF122LCD	ENCSR283DOU	ENCSR216GEU	BPNet	predicted signal profile	bigWig	ChIP-seq	ZNF660	HEK293	cell-line	cell-line	cell-line	minus	none	passed
ENCFF019PLB	ENCFF019PLB	ENCSR283DOU	ENCSR216GEU	BPNet	predicted signal profile	bigWig	ChIP-seq	ZNF660	HEK293	cell-line	cell-line	cell-line	plus	none	passed
ENCFF183QON	ENCFF183QON	ENCSR714LZQ	ENCSR782FWV	BPNet	predicted signal profile	bigWig	ChIP-seq	ZNF664	HEK293	cell-line	cell-line	cell-line	minus	none	passed
ENCFF830GGP	ENCFF830GGP	ENCSR714LZQ	ENCSR782FWV	BPNet	predicted signal profile	bigWig	ChIP-seq	ZNF664	HEK293	cell-line	cell-line	cell-line	plus	none	passed
ENCFF088OHK	ENCFF088OHK	ENCSR279KDC	ENCSR642ICI	BPNet	predicted signal profile	bigWig	ChIP-seq	ZNF677	HEK293	cell-line	cell-line	cell-line	minus	none	passed
ENCFF054IDU	ENCFF054IDU	ENCSR279KDC	ENCSR642ICI	BPNet	predicted signal profile	bigWig	ChIP-seq	ZNF677	HEK293	cell-line	cell-line	cell-line	plus	none	passed
ENCFF793INV	ENCFF793INV	ENCSR307CKC	ENCSR285CBS	BPNet	predicted signal profile	bigWig	ChIP-seq	ZNF680	HEK293	cell-line	cell-line	cell-line	minus	none	passed
ENCFF014QEY	ENCFF014QEY	ENCSR307CKC	ENCSR285CBS	BPNet	predicted signal profile	bigWig	ChIP-seq	ZNF680	HEK293	cell-line	cell-line	cell-line	plus	none	passed
ENCFF178ZSG	ENCFF178ZSG	ENCSR418MKG	ENCSR561WGU	BPNet	predicted signal profile	bigWig	ChIP-seq	ZNF692	HEK293	cell-line	cell-line	cell-line	minus	none	passed
ENCFF233JOC	ENCFF233JOC	ENCSR418MKG	ENCSR561WGU	BPNet	predicted signal profile	bigWig	ChIP-seq	ZNF692	HEK293	cell-line	cell-line	cell-line	plus	none	passed
ENCFF598JXJ	ENCFF598JXJ	ENCSR454SCH	ENCSR633VZO	BPNet	predicted signal profile	bigWig	ChIP-seq	ZNF7	K562	cell-line	cell-line	cell-line	minus	none	passed
ENCFF558JOO	ENCFF558JOO	ENCSR454SCH	ENCSR633VZO	BPNet	predicted signal profile	bigWig	ChIP-seq	ZNF7	K562	cell-line	cell-line	cell-line	plus	none	passed
ENCFF598LHV	ENCFF598LHV	ENCSR207GYC	ENCSR954CQT	BPNet	predicted signal profile	bigWig	ChIP-seq	ZNF70	SK-N-SH	cell-line	cell-line	cell-line	minus	none	passed
ENCFF281WWM	ENCFF281WWM	ENCSR207GYC	ENCSR954CQT	BPNet	predicted signal profile	bigWig	ChIP-seq	ZNF70	SK-N-SH	cell-line	cell-line	cell-line	plus	none	passed
ENCFF775YFX	ENCFF775YFX	ENCSR547TGL	ENCSR978UNF	BPNet	predicted signal profile	bigWig	ChIP-seq	ZNF701	HEK293	cell-line	cell-line	cell-line	minus	none	passed
ENCFF094GIS	ENCFF094GIS	ENCSR547TGL	ENCSR978UNF	BPNet	predicted signal profile	bigWig	ChIP-seq	ZNF701	HEK293	cell-line	cell-line	cell-line	plus	none	passed
ENCFF743PDI	ENCFF743PDI	ENCSR194KWL	ENCSR546QIV	BPNet	predicted signal profile	bigWig	ChIP-seq	ZNF704	HEK293	cell-line	cell-line	cell-line	minus	none	passed
ENCFF361CHK	ENCFF361CHK	ENCSR194KWL	ENCSR546QIV	BPNet	predicted signal profile	bigWig	ChIP-seq	ZNF704	HEK293	cell-line	cell-line	cell-line	plus	none	passed
ENCFF815ARB	ENCFF815ARB	ENCSR854IPI	ENCSR480HEH	BPNet	predicted signal profile	bigWig	ChIP-seq	ZNF707	HEK293	cell-line	cell-line	cell-line	minus	none	passed
ENCFF781FAU	ENCFF781FAU	ENCSR854IPI	ENCSR480HEH	BPNet	predicted signal profile	bigWig	ChIP-seq	ZNF707	HEK293	cell-line	cell-line	cell-line	plus	none	passed
ENCFF673GGO	ENCFF673GGO	ENCSR017XHZ	ENCSR043MDP	BPNet	predicted signal profile	bigWig	ChIP-seq	ZNF707	HepG2	cell-line	cell-line	cell-line	minus	none	passed
ENCFF940XWR	ENCFF940XWR	ENCSR017XHZ	ENCSR043MDP	BPNet	predicted signal profile	bigWig	ChIP-seq	ZNF707	HepG2	cell-line	cell-line	cell-line	plus	none	passed
ENCFF144UZY	ENCFF144UZY	ENCSR077TKJ	ENCSR000RSZ	BPNet	predicted signal profile	bigWig	ChIP-seq	ZNF707	K562	cell-line	cell-line	cell-line	minus	none	passed
ENCFF705CNT	ENCFF705CNT	ENCSR077TKJ	ENCSR000RSZ	BPNet	predicted signal profile	bigWig	ChIP-seq	ZNF707	K562	cell-line	cell-line	cell-line	plus	none	passed
ENCFF148XCW	ENCFF148XCW	ENCSR755ZAY	ENCSR726XMS	BPNet	predicted signal profile	bigWig	ChIP-seq	ZNF740	HepG2	cell-line	cell-line	cell-line	minus	none	passed
ENCFF197FFA	ENCFF197FFA	ENCSR755ZAY	ENCSR726XMS	BPNet	predicted signal profile	bigWig	ChIP-seq	ZNF740	HepG2	cell-line	cell-line	cell-line	plus	none	passed
ENCFF319MFK	ENCFF319MFK	ENCSR737UST	ENCSR880BCZ	BPNet	predicted signal profile	bigWig	ChIP-seq	ZNF740	K562	cell-line	cell-line	cell-line	minus	none	passed
ENCFF870SWX	ENCFF870SWX	ENCSR427XYP	ENCSR563SSN	BPNet	predicted signal profile	bigWig	ChIP-seq	ZNF740	K562	cell-line	cell-line	cell-line	minus	none	passed
ENCFF421MRV	ENCFF421MRV	ENCSR737UST	ENCSR880BCZ	BPNet	predicted signal profile	bigWig	ChIP-seq	ZNF740	K562	cell-line	cell-line	cell-line	plus	none	passed
ENCFF965VVE	ENCFF965VVE	ENCSR427XYP	ENCSR563SSN	BPNet	predicted signal profile	bigWig	ChIP-seq	ZNF740	K562	cell-line	cell-line	cell-line	plus	none	passed
ENCFF313KXR	ENCFF313KXR	ENCSR591MYB	ENCSR922IZN	BPNet	predicted signal profile	bigWig	ChIP-seq	ZNF746	HepG2	cell-line	cell-line	cell-line	minus	none	passed
ENCFF350SFS	ENCFF350SFS	ENCSR591MYB	ENCSR922IZN	BPNet	predicted signal profile	bigWig	ChIP-seq	ZNF746	HepG2	cell-line	cell-line	cell-line	plus	none	passed
ENCFF840YYH	ENCFF840YYH	ENCSR099MNR	ENCSR319GCA	BPNet	predicted signal profile	bigWig	ChIP-seq	ZNF75A	K562	cell-line	cell-line	cell-line	minus	none	passed
ENCFF247HYX	ENCFF247HYX	ENCSR099MNR	ENCSR319GCA	BPNet	predicted signal profile	bigWig	ChIP-seq	ZNF75A	K562	cell-line	cell-line	cell-line	plus	none	passed
ENCFF425WPA	ENCFF425WPA	ENCSR072LQF	ENCSR275URJ	BPNet	predicted signal profile	bigWig	ChIP-seq	ZNF76	HEK293	cell-line	cell-line	cell-line	minus	none	passed
ENCFF988RVF	ENCFF988RVF	ENCSR072LQF	ENCSR275URJ	BPNet	predicted signal profile	bigWig	ChIP-seq	ZNF76	HEK293	cell-line	cell-line	cell-line	plus	none	passed
ENCFF250KCE	ENCFF250KCE	ENCSR869RSW	ENCSR220OPP	BPNet	predicted signal profile	bigWig	ChIP-seq	ZNF766	HepG2	cell-line	cell-line	cell-line	minus	none	passed
ENCFF350DAQ	ENCFF350DAQ	ENCSR869RSW	ENCSR220OPP	BPNet	predicted signal profile	bigWig	ChIP-seq	ZNF766	HepG2	cell-line	cell-line	cell-line	plus	none	passed
ENCFF117EBP	ENCFF117EBP	ENCSR194IJN	ENCSR030UBN	BPNet	predicted signal profile	bigWig	ChIP-seq	ZNF766	K562	cell-line	cell-line	cell-line	minus	none	passed
ENCFF895IKH	ENCFF895IKH	ENCSR194IJN	ENCSR030UBN	BPNet	predicted signal profile	bigWig	ChIP-seq	ZNF766	K562	cell-line	cell-line	cell-line	plus	none	passed
ENCFF670KDT	ENCFF670KDT	ENCSR242BGR	ENCSR055REJ	BPNet	predicted signal profile	bigWig	ChIP-seq	ZNF770	HEK293	cell-line	cell-line	cell-line	minus	none	passed
ENCFF886GQD	ENCFF886GQD	ENCSR242BGR	ENCSR055REJ	BPNet	predicted signal profile	bigWig	ChIP-seq	ZNF770	HEK293	cell-line	cell-line	cell-line	plus	none	passed
ENCFF641UOZ	ENCFF641UOZ	ENCSR510GKB	ENCSR032AHU	BPNet	predicted signal profile	bigWig	ChIP-seq	ZNF770	HepG2	cell-line	cell-line	cell-line	minus	none	passed
ENCFF717BTX	ENCFF717BTX	ENCSR510GKB	ENCSR032AHU	BPNet	predicted signal profile	bigWig	ChIP-seq	ZNF770	HepG2	cell-line	cell-line	cell-line	plus	none	passed
ENCFF352RYI	ENCFF352RYI	ENCSR995FUM	ENCSR384BIM	BPNet	predicted signal profile	bigWig	ChIP-seq	ZNF79	K562	cell-line	cell-line	cell-line	minus	none	passed
ENCFF841AOO	ENCFF841AOO	ENCSR995FUM	ENCSR384BIM	BPNet	predicted signal profile	bigWig	ChIP-seq	ZNF79	K562	cell-line	cell-line	cell-line	plus	none	passed
ENCFF984KJX	ENCFF984KJX	ENCSR325QLX	ENCSR812AAD	BPNet	predicted signal profile	bigWig	ChIP-seq	ZNF8	SK-N-SH	cell-line	cell-line	cell-line	minus	none	passed
ENCFF089KQK	ENCFF089KQK	ENCSR325QLX	ENCSR812AAD	BPNet	predicted signal profile	bigWig	ChIP-seq	ZNF8	SK-N-SH	cell-line	cell-line	cell-line	plus	none	passed
ENCFF102QGS	ENCFF102QGS	ENCSR701WPG	ENCSR786LIM	BPNet	predicted signal profile	bigWig	ChIP-seq	ZNF800	HepG2	cell-line	cell-line	cell-line	minus	none	passed
ENCFF553BXT	ENCFF553BXT	ENCSR701WPG	ENCSR786LIM	BPNet	predicted signal profile	bigWig	ChIP-seq	ZNF800	HepG2	cell-line	cell-line	cell-line	plus	none	passed
ENCFF476IIV	ENCFF476IIV	ENCSR257XVY	ENCSR832DWY	BPNet	predicted signal profile	bigWig	ChIP-seq	ZNF83	K562	cell-line	cell-line	cell-line	minus	none	passed
ENCFF346UOA	ENCFF346UOA	ENCSR257XVY	ENCSR832DWY	BPNet	predicted signal profile	bigWig	ChIP-seq	ZNF83	K562	cell-line	cell-line	cell-line	plus	none	passed
ENCFF615PEO	ENCFF615PEO	ENCSR891KPP	ENCSR144JWD	BPNet	predicted signal profile	bigWig	ChIP-seq	ZNF865	HepG2	cell-line	cell-line	cell-line	minus	none	passed
ENCFF807ELM	ENCFF807ELM	ENCSR891KPP	ENCSR144JWD	BPNet	predicted signal profile	bigWig	ChIP-seq	ZNF865	HepG2	cell-line	cell-line	cell-line	plus	none	passed
ENCFF256AXW	ENCFF256AXW	ENCSR864VJE	ENCSR201ESU	BPNet	predicted signal profile	bigWig	ChIP-seq	ZSCAN16	HEK293	cell-line	cell-line	cell-line	minus	none	passed
ENCFF219ZYP	ENCFF219ZYP	ENCSR864VJE	ENCSR201ESU	BPNet	predicted signal profile	bigWig	ChIP-seq	ZSCAN16	HEK293	cell-line	cell-line	cell-line	plus	none	passed
ENCFF606TMV	ENCFF606TMV	ENCSR253CKN	ENCSR591HHL	BPNet	predicted signal profile	bigWig	ChIP-seq	ZSCAN21	HEK293	cell-line	cell-line	cell-line	minus	none	passed
ENCFF616GOL	ENCFF616GOL	ENCSR253CKN	ENCSR591HHL	BPNet	predicted signal profile	bigWig	ChIP-seq	ZSCAN21	HEK293	cell-line	cell-line	cell-line	plus	none	passed
ENCFF961DKB	ENCFF961DKB	ENCSR210DDA	ENCSR873BKE	BPNet	predicted signal profile	bigWig	ChIP-seq	ZSCAN21	HepG2	cell-line	cell-line	cell-line	minus	none	passed
ENCFF883VYT	ENCFF883VYT	ENCSR210DDA	ENCSR873BKE	BPNet	predicted signal profile	bigWig	ChIP-seq	ZSCAN21	HepG2	cell-line	cell-line	cell-line	plus	none	passed
ENCFF885SIT	ENCFF885SIT	ENCSR050KWL	ENCSR880BAN	BPNet	predicted signal profile	bigWig	ChIP-seq	ZSCAN22	HepG2	cell-line	cell-line	cell-line	minus	none	passed
ENCFF627BHG	ENCFF627BHG	ENCSR050KWL	ENCSR880BAN	BPNet	predicted signal profile	bigWig	ChIP-seq	ZSCAN22	HepG2	cell-line	cell-line	cell-line	plus	none	passed
ENCFF238BFG	ENCFF238BFG	ENCSR412YGM	ENCSR268UNG	BPNet	predicted signal profile	bigWig	ChIP-seq	ZSCAN29	GM12878	cell-line	cell-line	cell-line	minus	none	passed
ENCFF469ZPO	ENCFF469ZPO	ENCSR412YGM	ENCSR268UNG	BPNet	predicted signal profile	bigWig	ChIP-seq	ZSCAN29	GM12878	cell-line	cell-line	cell-line	plus	none	passed
ENCFF810NVU	ENCFF810NVU	ENCSR422VAG	ENCSR171VVK	BPNet	predicted signal profile	bigWig	ChIP-seq	ZSCAN29	HepG2	cell-line	cell-line	cell-line	minus	none	passed
ENCFF661ELI	ENCFF661ELI	ENCSR422VAG	ENCSR171VVK	BPNet	predicted signal profile	bigWig	ChIP-seq	ZSCAN29	HepG2	cell-line	cell-line	cell-line	plus	none	passed
ENCFF066IYW	ENCFF066IYW	ENCSR635EXI	ENCSR926KQC	BPNet	predicted signal profile	bigWig	ChIP-seq	ZSCAN29	K562	cell-line	cell-line	cell-line	minus	none	passed
ENCFF355DNZ	ENCFF355DNZ	ENCSR175SZH	ENCSR451MPB	BPNet	predicted signal profile	bigWig	ChIP-seq	ZSCAN29	K562	cell-line	cell-line	cell-line	minus	none	passed
ENCFF599UNT	ENCFF599UNT	ENCSR175SZH	ENCSR451MPB	BPNet	predicted signal profile	bigWig	ChIP-seq	ZSCAN29	K562	cell-line	cell-line	cell-line	plus	none	passed
ENCFF942GNX	ENCFF942GNX	ENCSR635EXI	ENCSR926KQC	BPNet	predicted signal profile	bigWig	ChIP-seq	ZSCAN29	K562	cell-line	cell-line	cell-line	plus	none	passed
ENCFF647VIY	ENCFF647VIY	ENCSR493VBX	ENCSR887KCX	BPNet	predicted signal profile	bigWig	ChIP-seq	ZSCAN31	HepG2	cell-line	cell-line	cell-line	minus	none	passed
ENCFF938DRZ	ENCFF938DRZ	ENCSR493VBX	ENCSR887KCX	BPNet	predicted signal profile	bigWig	ChIP-seq	ZSCAN31	HepG2	cell-line	cell-line	cell-line	plus	none	passed
ENCFF633ETT	ENCFF633ETT	ENCSR211GNP	ENCSR931GRD	BPNet	predicted signal profile	bigWig	ChIP-seq	ZSCAN4	HEK293	cell-line	cell-line	cell-line	minus	none	passed
ENCFF948XFZ	ENCFF948XFZ	ENCSR211GNP	ENCSR931GRD	BPNet	predicted signal profile	bigWig	ChIP-seq	ZSCAN4	HEK293	cell-line	cell-line	cell-line	plus	none	passed
ENCFF575LLR	ENCFF575LLR	ENCSR731AGO	ENCSR905ZVU	BPNet	predicted signal profile	bigWig	ChIP-seq	ZSCAN5C	HEK293	cell-line	cell-line	cell-line	minus	none	passed
ENCFF334AJA	ENCFF334AJA	ENCSR731AGO	ENCSR905ZVU	BPNet	predicted signal profile	bigWig	ChIP-seq	ZSCAN5C	HEK293	cell-line	cell-line	cell-line	plus	none	passed
ENCFF764YCO	ENCFF764YCO	ENCSR559IOZ	ENCSR987TUW	BPNet	predicted signal profile	bigWig	ChIP-seq	ZXDB	HEK293	cell-line	cell-line	cell-line	minus	none	passed
ENCFF636VQC	ENCFF636VQC	ENCSR559IOZ	ENCSR987TUW	BPNet	predicted signal profile	bigWig	ChIP-seq	ZXDB	HEK293	cell-line	cell-line	cell-line	plus	none	passed
