track_key	file_accession	experiment	model_accession	model	track_type	format	assay	target	biosample	tissue	organ	system	strand	score_type	qc_flag
ENCFF457YPG	ENCFF457YPG	ENCSR932KWJ	ENCSR030TAD	ChromBPNet	sequence contribution scores profile	bigWig	DNase-seq	none	A172	cell-line	cell-line	cell-line	none	profile	passed
ENCFF451YDV	ENCFF451YDV	ENCSR032RGS	ENCSR394KFZ	ChromBPNet	sequence contribution scores profile	bigWig	ATAC-seq	none	A549	cell-line	cell-line	cell-line	none	profile	passed
ENCFF904QZG	ENCFF904QZG	ENCSR220ASC	ENCSR311VBG	ChromBPNet	sequence contribution scores profile	bigWig	ATAC-seq	none	A549	cell-line	cell-line	cell-line	none	profile	passed
ENCFF449URK	ENCFF449URK	ENCSR000ELW	ENCSR422EZD	ChromBPNet	sequence contribution scores profile	bigWig	DNase-seq	none	A549	cell-line	cell-line	cell-line	none	profile	passed
ENCFF229YPM	ENCFF229YPM	ENCSR346JWH	ENCSR457MEO	ChromBPNet	sequence contribution scores profile	bigWig	DNase-seq	none	A673	cell-line	cell-line	cell-line	none	profile	passed
ENCFF977KWO	ENCFF977KWO	ENCSR257BGZ	ENCSR490SYH	ChromBPNet	sequence contribution scores profile	bigWig	DNase-seq	none	ACHN	cell-line	cell-line	cell-line	none	profile	passed
ENCFF191MGN	ENCFF191MGN	ENCSR000ELX	ENCSR550YQU	ChromBPNet	sequence contribution scores profile	bigWig	DNase-seq	none	AG04449	cell-line	cell-line	cell-line	none	profile	passed
ENCFF061UKT	ENCFF061UKT	ENCSR000ELY	ENCSR979PXO	ChromBPNet	sequence contribution scores profile	bigWig	DNase-seq	none	AG04450	cell-line	cell-line	cell-line	none	profile	passed
ENCFF077SVC	ENCFF077SVC	ENCSR000EMA	ENCSR532BKE	ChromBPNet	sequence contribution scores profile	bigWig	DNase-seq	none	AG09319	cell-line	cell-line	cell-line	none	profile	passed
ENCFF796WZQ	ENCFF796WZQ	ENCSR000EMB	ENCSR552FQJ	ChromBPNet	sequence contribution scores profile	bigWig	DNase-seq	none	AG10803	cell-line	cell-line	cell-line	none	profile	passed
ENCFF180TUA	ENCFF180TUA	ENCSR584LUZ	ENCSR463EBH	ChromBPNet	sequence contribution scores profile	bigWig	DNase-seq	none	Ammon's-horn	ammon	brain	central-nervous-system	none	profile	passed
ENCFF531HLY	ENCFF531HLY	ENCSR603LVR	ENCSR843FCA	ChromBPNet	sequence contribution scores profile	bigWig	ATAC-seq	none	B-cell	b-cell	immune	immune-system	none	profile	passed
ENCFF035XUX	ENCFF035XUX	ENCSR381PXW	ENCSR797RDX	ChromBPNet	sequence contribution scores profile	bigWig	DNase-seq	none	B-cell	b-cell	immune	immune-system	none	profile	passed
ENCFF237HFQ	ENCFF237HFQ	ENCSR891VOV	ENCSR994ABS	ChromBPNet	sequence contribution scores profile	bigWig	DNase-seq	none	B-cell	b-cell	immune	immune-system	none	profile	passed
ENCFF244MUL	ENCFF244MUL	ENCSR000EMJ	ENCSR442QCU	ChromBPNet	sequence contribution scores profile	bigWig	DNase-seq	none	B-cell	b-cell	immune	immune-system	none	profile	passed
ENCFF674ATW	ENCFF674ATW	ENCSR468AKF	ENCSR264VFS	ChromBPNet	sequence contribution scores profile	bigWig	DNase-seq	none	B-cell	b-cell	immune	immune-system	none	profile	passed
ENCFF732HTM	ENCFF732HTM	ENCSR247IUJ	ENCSR757NHR	ChromBPNet	sequence contribution scores profile	bigWig	DNase-seq	none	B-cell	b-cell	immune	immune-system	none	profile	passed
ENCFF704BIM	ENCFF704BIM	ENCSR000EMD	ENCSR723PKD	ChromBPNet	sequence contribution scores profile	bigWig	DNase-seq	none	BE2C	cell-line	cell-line	cell-line	none	profile	passed
ENCFF894OVM	ENCFF894OVM	ENCSR009KWQ	ENCSR620CIC	ChromBPNet	sequence contribution scores profile	bigWig	DNase-seq	none	BE2C	cell-line	cell-line	cell-line	none	profile	passed
ENCFF945HSS	ENCFF945HSS	ENCSR000EME	ENCSR035HVD	ChromBPNet	sequence contribution scores profile	bigWig	DNase-seq	none	BJ	cell-line	cell-line	cell-line	none	profile	passed
ENCFF156RUT	ENCFF156RUT	ENCSR452DCM	ENCSR209OIH	ChromBPNet	sequence contribution scores profile	bigWig	DNase-seq	none	CD14-positive-monocyte	cd	immune	immune-system	none	profile	passed
ENCFF267VBF	ENCFF267VBF	ENCSR695AUY	ENCSR576XND	ChromBPNet	sequence contribution scores profile	bigWig	DNase-seq	none	CD14-positive-monocyte	cd	immune	immune-system	none	profile	passed
ENCFF286TAS	ENCFF286TAS	ENCSR674JIL	ENCSR279GNT	ChromBPNet	sequence contribution scores profile	bigWig	DNase-seq	none	CD14-positive-monocyte	cd	immune	immune-system	none	profile	passed
ENCFF547FXY	ENCFF547FXY	ENCSR000EPK	ENCSR216WTI	ChromBPNet	sequence contribution scores profile	bigWig	DNase-seq	none	CD14-positive-monocyte	cd	immune	immune-system	none	profile	passed
ENCFF107PQT	ENCFF107PQT	ENCSR373BIX	ENCSR258MDW	ChromBPNet	sequence contribution scores profile	bigWig	DNase-seq	none	CD1c-positive-myeloid-dendritic-cell	dendritic	immune	immune-system	none	profile	passed
ENCFF665SFH	ENCFF665SFH	ENCSR159GFS	ENCSR490DKY	ChromBPNet	sequence contribution scores profile	bigWig	ATAC-seq	none	CD4-positive,-CD25-positive,-alpha-beta-regulatory-T-cell	t-cell	immune	immune-system	none	profile	passed
ENCFF995TVT	ENCFF995TVT	ENCSR504OUW	ENCSR655LFC	ChromBPNet	sequence contribution scores profile	bigWig	ATAC-seq	none	CD4-positive,-CD25-positive,-alpha-beta-regulatory-T-cell	t-cell	immune	immune-system	none	profile	passed
ENCFF031HDN	ENCFF031HDN	ENCSR000EQK	ENCSR409YWQ	ChromBPNet	sequence contribution scores profile	bigWig	DNase-seq	none	CD4-positive,-CD25-positive,-alpha-beta-regulatory-T-cell	t-cell	immune	immune-system	none	profile	passed
ENCFF094ZYG	ENCFF094ZYG	ENCSR398CXD	ENCSR350GNA	ChromBPNet	sequence contribution scores profile	bigWig	DNase-seq	none	CD4-positive,-CD25-positive,-alpha-beta-regulatory-T-cell	t-cell	immune	immune-system	none	profile	passed
ENCFF432EOB	ENCFF432EOB	ENCSR042WQA	ENCSR089ESP	ChromBPNet	sequence contribution scores profile	bigWig	DNase-seq	none	CD4-positive,-CD25-positive,-alpha-beta-regulatory-T-cell	t-cell	immune	immune-system	none	profile	passed
ENCFF855KFH	ENCFF855KFH	ENCSR000EQJ	ENCSR332VOK	ChromBPNet	sequence contribution scores profile	bigWig	DNase-seq	none	CD4-positive,-CD25-positive,-alpha-beta-regulatory-T-cell	t-cell	immune	immune-system	none	profile	passed
ENCFF883SKW	ENCFF883SKW	ENCSR841LHT	ENCSR830MQP	ChromBPNet	sequence contribution scores profile	bigWig	ATAC-seq	none	CD4-positive,-alpha-beta-T-cell	t-cell	immune	immune-system	none	profile	passed
ENCFF012MZA	ENCFF012MZA	ENCSR206KJN	ENCSR912RWV	ChromBPNet	sequence contribution scores profile	bigWig	DNase-seq	none	CD4-positive,-alpha-beta-T-cell	t-cell	immune	immune-system	none	profile	passed
ENCFF031THM	ENCFF031THM	ENCSR697FME	ENCSR101JBQ	ChromBPNet	sequence contribution scores profile	bigWig	DNase-seq	none	CD4-positive,-alpha-beta-T-cell	t-cell	immune	immune-system	none	profile	passed
ENCFF032UED	ENCFF032UED	ENCSR129GCL	ENCSR165LWU	ChromBPNet	sequence contribution scores profile	bigWig	DNase-seq	none	CD4-positive,-alpha-beta-T-cell	t-cell	immune	immune-system	none	profile	passed
ENCFF045LIQ	ENCFF045LIQ	ENCSR388NOI	ENCSR272DSY	ChromBPNet	sequence contribution scores profile	bigWig	DNase-seq	none	CD4-positive,-alpha-beta-T-cell	t-cell	immune	immune-system	none	profile	passed
ENCFF082QQB	ENCFF082QQB	ENCSR515DVK	ENCSR198OGA	ChromBPNet	sequence contribution scores profile	bigWig	DNase-seq	none	CD4-positive,-alpha-beta-T-cell	t-cell	immune	immune-system	none	profile	passed
ENCFF089MHO	ENCFF089MHO	ENCSR683QJJ	ENCSR608KBM	ChromBPNet	sequence contribution scores profile	bigWig	DNase-seq	none	CD4-positive,-alpha-beta-T-cell	t-cell	immune	immune-system	none	profile	passed
ENCFF096EGI	ENCFF096EGI	ENCSR289GZQ	ENCSR773NUG	ChromBPNet	sequence contribution scores profile	bigWig	DNase-seq	none	CD4-positive,-alpha-beta-T-cell	t-cell	immune	immune-system	none	profile	passed
ENCFF162SDR	ENCFF162SDR	ENCSR036ELY	ENCSR361DCS	ChromBPNet	sequence contribution scores profile	bigWig	DNase-seq	none	CD4-positive,-alpha-beta-T-cell	t-cell	immune	immune-system	none	profile	passed
ENCFF189RVR	ENCFF189RVR	ENCSR424MWH	ENCSR701MMD	ChromBPNet	sequence contribution scores profile	bigWig	DNase-seq	none	CD4-positive,-alpha-beta-T-cell	t-cell	immune	immune-system	none	profile	passed
ENCFF201RMY	ENCFF201RMY	ENCSR240TZG	ENCSR792HAG	ChromBPNet	sequence contribution scores profile	bigWig	DNase-seq	none	CD4-positive,-alpha-beta-T-cell	t-cell	immune	immune-system	none	profile	passed
ENCFF236DKY	ENCFF236DKY	ENCSR642BXP	ENCSR329EAO	ChromBPNet	sequence contribution scores profile	bigWig	DNase-seq	none	CD4-positive,-alpha-beta-T-cell	t-cell	immune	immune-system	none	profile	passed
ENCFF263SQS	ENCFF263SQS	ENCSR769OIG	ENCSR430VKQ	ChromBPNet	sequence contribution scores profile	bigWig	DNase-seq	none	CD4-positive,-alpha-beta-T-cell	t-cell	immune	immune-system	none	profile	passed
ENCFF279VSN	ENCFF279VSN	ENCSR824YLD	ENCSR216EFF	ChromBPNet	sequence contribution scores profile	bigWig	DNase-seq	none	CD4-positive,-alpha-beta-T-cell	t-cell	immune	immune-system	none	profile	passed
ENCFF321MGO	ENCFF321MGO	ENCSR567IWT	ENCSR206BGH	ChromBPNet	sequence contribution scores profile	bigWig	DNase-seq	none	CD4-positive,-alpha-beta-T-cell	t-cell	immune	immune-system	none	profile	passed
ENCFF339UBF	ENCFF339UBF	ENCSR167JFX	ENCSR141XLS	ChromBPNet	sequence contribution scores profile	bigWig	DNase-seq	none	CD4-positive,-alpha-beta-T-cell	t-cell	immune	immune-system	none	profile	passed
ENCFF396LZH	ENCFF396LZH	ENCSR635VQU	ENCSR694JQH	ChromBPNet	sequence contribution scores profile	bigWig	DNase-seq	none	CD4-positive,-alpha-beta-T-cell	t-cell	immune	immune-system	none	profile	passed
ENCFF403DDB	ENCFF403DDB	ENCSR572FSS	ENCSR229BTC	ChromBPNet	sequence contribution scores profile	bigWig	DNase-seq	none	CD4-positive,-alpha-beta-T-cell	t-cell	immune	immune-system	none	profile	passed
ENCFF447MRU	ENCFF447MRU	ENCSR314IOV	ENCSR163HRT	ChromBPNet	sequence contribution scores profile	bigWig	DNase-seq	none	CD4-positive,-alpha-beta-T-cell	t-cell	immune	immune-system	none	profile	passed
ENCFF469ZVQ	ENCFF469ZVQ	ENCSR654WXX	ENCSR574UUC	ChromBPNet	sequence contribution scores profile	bigWig	DNase-seq	none	CD4-positive,-alpha-beta-T-cell	t-cell	immune	immune-system	none	profile	passed
ENCFF497GPX	ENCFF497GPX	ENCSR883WDW	ENCSR377EST	ChromBPNet	sequence contribution scores profile	bigWig	DNase-seq	none	CD4-positive,-alpha-beta-T-cell	t-cell	immune	immune-system	none	profile	passed
ENCFF577OTP	ENCFF577OTP	ENCSR904GDU	ENCSR681MBL	ChromBPNet	sequence contribution scores profile	bigWig	DNase-seq	none	CD4-positive,-alpha-beta-T-cell	t-cell	immune	immune-system	none	profile	passed
ENCFF580XEC	ENCFF580XEC	ENCSR324OTS	ENCSR095QWC	ChromBPNet	sequence contribution scores profile	bigWig	DNase-seq	none	CD4-positive,-alpha-beta-T-cell	t-cell	immune	immune-system	none	profile	passed
ENCFF605QYM	ENCFF605QYM	ENCSR366KPR	ENCSR886YTD	ChromBPNet	sequence contribution scores profile	bigWig	DNase-seq	none	CD4-positive,-alpha-beta-T-cell	t-cell	immune	immune-system	none	profile	passed
ENCFF636WNF	ENCFF636WNF	ENCSR134BSY	ENCSR721RIF	ChromBPNet	sequence contribution scores profile	bigWig	DNase-seq	none	CD4-positive,-alpha-beta-T-cell	t-cell	immune	immune-system	none	profile	passed
ENCFF667TYX	ENCFF667TYX	ENCSR546FUC	ENCSR684NGU	ChromBPNet	sequence contribution scores profile	bigWig	DNase-seq	none	CD4-positive,-alpha-beta-T-cell	t-cell	immune	immune-system	none	profile	passed
ENCFF681ISB	ENCFF681ISB	ENCSR498FCF	ENCSR960ASG	ChromBPNet	sequence contribution scores profile	bigWig	DNase-seq	none	CD4-positive,-alpha-beta-T-cell	t-cell	immune	immune-system	none	profile	passed
ENCFF691QCN	ENCFF691QCN	ENCSR155NBS	ENCSR811XVY	ChromBPNet	sequence contribution scores profile	bigWig	DNase-seq	none	CD4-positive,-alpha-beta-T-cell	t-cell	immune	immune-system	none	profile	passed
ENCFF707WFN	ENCFF707WFN	ENCSR250GDW	ENCSR623XYP	ChromBPNet	sequence contribution scores profile	bigWig	DNase-seq	none	CD4-positive,-alpha-beta-T-cell	t-cell	immune	immune-system	none	profile	passed
ENCFF742UMZ	ENCFF742UMZ	ENCSR363LUK	ENCSR563YZV	ChromBPNet	sequence contribution scores profile	bigWig	DNase-seq	none	CD4-positive,-alpha-beta-T-cell	t-cell	immune	immune-system	none	profile	passed
ENCFF784ABB	ENCFF784ABB	ENCSR111WTE	ENCSR490GMC	ChromBPNet	sequence contribution scores profile	bigWig	DNase-seq	none	CD4-positive,-alpha-beta-T-cell	t-cell	immune	immune-system	none	profile	passed
ENCFF787OCQ	ENCFF787OCQ	ENCSR408GYQ	ENCSR558IEO	ChromBPNet	sequence contribution scores profile	bigWig	DNase-seq	none	CD4-positive,-alpha-beta-T-cell	t-cell	immune	immune-system	none	profile	passed
ENCFF798VCH	ENCFF798VCH	ENCSR930USX	ENCSR295EEC	ChromBPNet	sequence contribution scores profile	bigWig	DNase-seq	none	CD4-positive,-alpha-beta-T-cell	t-cell	immune	immune-system	none	profile	passed
ENCFF810NAO	ENCFF810NAO	ENCSR346GIP	ENCSR783NVB	ChromBPNet	sequence contribution scores profile	bigWig	DNase-seq	none	CD4-positive,-alpha-beta-T-cell	t-cell	immune	immune-system	none	profile	passed
ENCFF818LQH	ENCFF818LQH	ENCSR060ZXQ	ENCSR599AWD	ChromBPNet	sequence contribution scores profile	bigWig	DNase-seq	none	CD4-positive,-alpha-beta-T-cell	t-cell	immune	immune-system	none	profile	passed
ENCFF829YCM	ENCFF829YCM	ENCSR832IQN	ENCSR604TTC	ChromBPNet	sequence contribution scores profile	bigWig	DNase-seq	none	CD4-positive,-alpha-beta-T-cell	t-cell	immune	immune-system	none	profile	passed
ENCFF847XFW	ENCFF847XFW	ENCSR163QXS	ENCSR845NEQ	ChromBPNet	sequence contribution scores profile	bigWig	DNase-seq	none	CD4-positive,-alpha-beta-T-cell	t-cell	immune	immune-system	none	profile	passed
ENCFF898UXE	ENCFF898UXE	ENCSR336QAO	ENCSR398VFI	ChromBPNet	sequence contribution scores profile	bigWig	DNase-seq	none	CD4-positive,-alpha-beta-T-cell	t-cell	immune	immune-system	none	profile	passed
ENCFF914AFX	ENCFF914AFX	ENCSR452RAX	ENCSR473ZKP	ChromBPNet	sequence contribution scores profile	bigWig	DNase-seq	none	CD4-positive,-alpha-beta-T-cell	t-cell	immune	immune-system	none	profile	passed
ENCFF918PCD	ENCFF918PCD	ENCSR376DAE	ENCSR182DEK	ChromBPNet	sequence contribution scores profile	bigWig	DNase-seq	none	CD4-positive,-alpha-beta-T-cell	t-cell	immune	immune-system	none	profile	passed
ENCFF958YPE	ENCFF958YPE	ENCSR152FWD	ENCSR265TNV	ChromBPNet	sequence contribution scores profile	bigWig	DNase-seq	none	CD4-positive,-alpha-beta-T-cell	t-cell	immune	immune-system	none	profile	passed
ENCFF961UMP	ENCFF961UMP	ENCSR389BWT	ENCSR506RGL	ChromBPNet	sequence contribution scores profile	bigWig	DNase-seq	none	CD4-positive,-alpha-beta-T-cell	t-cell	immune	immune-system	none	profile	passed
ENCFF974HYY	ENCFF974HYY	ENCSR126EVX	ENCSR808PEA	ChromBPNet	sequence contribution scores profile	bigWig	DNase-seq	none	CD4-positive,-alpha-beta-T-cell	t-cell	immune	immune-system	none	profile	passed
ENCFF622CIG	ENCFF622CIG	ENCSR239XNU	ENCSR475ZXC	ChromBPNet	sequence contribution scores profile	bigWig	DNase-seq	none	CD4-positive,-alpha-beta-memory-T-cell	t-cell	immune	immune-system	none	profile	passed
ENCFF832HWL	ENCFF832HWL	ENCSR476VJY	ENCSR339PPY	ChromBPNet	sequence contribution scores profile	bigWig	ATAC-seq	none	CD8-positive,-alpha-beta-T-cell	t-cell	immune	immune-system	none	profile	passed
ENCFF028UGZ	ENCFF028UGZ	ENCSR162JNV	ENCSR284ELP	ChromBPNet	sequence contribution scores profile	bigWig	DNase-seq	none	CD8-positive,-alpha-beta-T-cell	t-cell	immune	immune-system	none	profile	passed
ENCFF051NHU	ENCFF051NHU	ENCSR254BCA	ENCSR538ZAV	ChromBPNet	sequence contribution scores profile	bigWig	DNase-seq	none	CD8-positive,-alpha-beta-T-cell	t-cell	immune	immune-system	none	profile	passed
ENCFF157NKL	ENCFF157NKL	ENCSR316UDN	ENCSR004IEV	ChromBPNet	sequence contribution scores profile	bigWig	DNase-seq	none	CD8-positive,-alpha-beta-T-cell	t-cell	immune	immune-system	none	profile	passed
ENCFF180YJN	ENCFF180YJN	ENCSR649XRC	ENCSR953AXC	ChromBPNet	sequence contribution scores profile	bigWig	DNase-seq	none	CD8-positive,-alpha-beta-T-cell	t-cell	immune	immune-system	none	profile	passed
ENCFF206BNS	ENCFF206BNS	ENCSR840TVG	ENCSR080IFT	ChromBPNet	sequence contribution scores profile	bigWig	DNase-seq	none	CD8-positive,-alpha-beta-T-cell	t-cell	immune	immune-system	none	profile	passed
ENCFF215MEB	ENCFF215MEB	ENCSR086FTP	ENCSR637TRV	ChromBPNet	sequence contribution scores profile	bigWig	DNase-seq	none	CD8-positive,-alpha-beta-T-cell	t-cell	immune	immune-system	none	profile	passed
ENCFF288LOS	ENCFF288LOS	ENCSR984HIY	ENCSR412RAW	ChromBPNet	sequence contribution scores profile	bigWig	DNase-seq	none	CD8-positive,-alpha-beta-T-cell	t-cell	immune	immune-system	none	profile	passed
ENCFF296FHG	ENCFF296FHG	ENCSR842VTJ	ENCSR114IJD	ChromBPNet	sequence contribution scores profile	bigWig	DNase-seq	none	CD8-positive,-alpha-beta-T-cell	t-cell	immune	immune-system	none	profile	passed
ENCFF361SGH	ENCFF361SGH	ENCSR133QZB	ENCSR851ICD	ChromBPNet	sequence contribution scores profile	bigWig	DNase-seq	none	CD8-positive,-alpha-beta-T-cell	t-cell	immune	immune-system	none	profile	passed
ENCFF375OWS	ENCFF375OWS	ENCSR609DDQ	ENCSR330BZY	ChromBPNet	sequence contribution scores profile	bigWig	DNase-seq	none	CD8-positive,-alpha-beta-T-cell	t-cell	immune	immune-system	none	profile	passed
ENCFF512PEL	ENCFF512PEL	ENCSR097AMI	ENCSR503WCY	ChromBPNet	sequence contribution scores profile	bigWig	DNase-seq	none	CD8-positive,-alpha-beta-T-cell	t-cell	immune	immune-system	none	profile	passed
ENCFF533FAU	ENCFF533FAU	ENCSR744UQK	ENCSR620MLQ	ChromBPNet	sequence contribution scores profile	bigWig	DNase-seq	none	CD8-positive,-alpha-beta-T-cell	t-cell	immune	immune-system	none	profile	passed
ENCFF623RGU	ENCFF623RGU	ENCSR129HDK	ENCSR734ERU	ChromBPNet	sequence contribution scores profile	bigWig	DNase-seq	none	CD8-positive,-alpha-beta-T-cell	t-cell	immune	immune-system	none	profile	passed
ENCFF739NOX	ENCFF739NOX	ENCSR020LUD	ENCSR842ZPS	ChromBPNet	sequence contribution scores profile	bigWig	DNase-seq	none	CD8-positive,-alpha-beta-T-cell	t-cell	immune	immune-system	none	profile	passed
ENCFF764IUZ	ENCFF764IUZ	ENCSR662IRS	ENCSR184UEO	ChromBPNet	sequence contribution scores profile	bigWig	DNase-seq	none	CD8-positive,-alpha-beta-T-cell	t-cell	immune	immune-system	none	profile	passed
ENCFF774ZBT	ENCFF774ZBT	ENCSR946BPA	ENCSR139FZM	ChromBPNet	sequence contribution scores profile	bigWig	DNase-seq	none	CD8-positive,-alpha-beta-T-cell	t-cell	immune	immune-system	none	profile	passed
ENCFF796SOG	ENCFF796SOG	ENCSR235OZX	ENCSR809MEH	ChromBPNet	sequence contribution scores profile	bigWig	DNase-seq	none	CD8-positive,-alpha-beta-T-cell	t-cell	immune	immune-system	none	profile	passed
ENCFF890CHK	ENCFF890CHK	ENCSR363BTB	ENCSR299DBR	ChromBPNet	sequence contribution scores profile	bigWig	DNase-seq	none	CD8-positive,-alpha-beta-T-cell	t-cell	immune	immune-system	none	profile	passed
ENCFF981KQL	ENCFF981KQL	ENCSR321KUC	ENCSR248PZF	ChromBPNet	sequence contribution scores profile	bigWig	DNase-seq	none	CD8-positive,-alpha-beta-T-cell	t-cell	immune	immune-system	none	profile	passed
ENCFF046GOR	ENCFF046GOR	ENCSR625WLB	ENCSR801SWT	ChromBPNet	sequence contribution scores profile	bigWig	DNase-seq	none	CD8-positive,-alpha-beta-memory-T-cell	t-cell	immune	immune-system	none	profile	passed
ENCFF361ONB	ENCFF361ONB	ENCSR705GCU	ENCSR699GVT	ChromBPNet	sequence contribution scores profile	bigWig	DNase-seq	none	CD8-positive,-alpha-beta-memory-T-cell	t-cell	immune	immune-system	none	profile	passed
ENCFF428HLX	ENCFF428HLX	ENCSR025BWH	ENCSR543PFF	ChromBPNet	sequence contribution scores profile	bigWig	DNase-seq	none	CD8-positive,-alpha-beta-memory-T-cell	t-cell	immune	immune-system	none	profile	passed
ENCFF101IGD	ENCFF101IGD	ENCSR000EMN	ENCSR137UTN	ChromBPNet	sequence contribution scores profile	bigWig	DNase-seq	none	CMK	cell-line	cell-line	cell-line	none	profile	passed
ENCFF045ROL	ENCFF045ROL	ENCSR000EMI	ENCSR970OZO	ChromBPNet	sequence contribution scores profile	bigWig	DNase-seq	none	Caco-2	cell-line	cell-line	cell-line	none	profile	passed
ENCFF614CZA	ENCFF614CZA	ENCSR030HFV	ENCSR931LMD	ChromBPNet	sequence contribution scores profile	bigWig	DNase-seq	none	Caco-2	cell-line	cell-line	cell-line	none	profile	passed
ENCFF862IPU	ENCFF862IPU	ENCSR515EWI	ENCSR282JGE	ChromBPNet	sequence contribution scores profile	bigWig	DNase-seq	none	Caki2	cell-line	cell-line	cell-line	none	profile	passed
ENCFF112CMS	ENCFF112CMS	ENCSR660WSB	ENCSR808PZL	ChromBPNet	sequence contribution scores profile	bigWig	ATAC-seq	none	DND-41	cell-line	cell-line	cell-line	none	profile	passed
ENCFF728QJK	ENCFF728QJK	ENCSR903SKE	ENCSR986OXA	ChromBPNet	sequence contribution scores profile	bigWig	DNase-seq	none	DND-41	cell-line	cell-line	cell-line	none	profile	passed
ENCFF625ABH	ENCFF625ABH	ENCSR346IHH	ENCSR290FSX	ChromBPNet	sequence contribution scores profile	bigWig	DNase-seq	none	Daoy	cell-line	cell-line	cell-line	none	profile	passed
ENCFF336XAX	ENCFF336XAX	ENCSR548MMD	ENCSR842TKW	ChromBPNet	sequence contribution scores profile	bigWig	DNase-seq	none	EH	cell-line	cell-line	cell-line	none	profile	passed
ENCFF311VLM	ENCFF311VLM	ENCSR691MQJ	ENCSR371QKA	ChromBPNet	sequence contribution scores profile	bigWig	DNase-seq	none	EL	cell-line	cell-line	cell-line	none	profile	passed
ENCFF461OOT	ENCFF461OOT	ENCSR678ILN	ENCSR639NDH	ChromBPNet	sequence contribution scores profile	bigWig	DNase-seq	none	ELF-1	cell-line	cell-line	cell-line	none	profile	passed
ENCFF977SQI	ENCFF977SQI	ENCSR240TPI	ENCSR487CXD	ChromBPNet	sequence contribution scores profile	bigWig	DNase-seq	none	ELR	cell-line	cell-line	cell-line	none	profile	passed
ENCFF008QLE	ENCFF008QLE	ENCSR269SIA	ENCSR937RAQ	ChromBPNet	sequence contribution scores profile	bigWig	DNase-seq	none	G401	cell-line	cell-line	cell-line	none	profile	passed
ENCFF420RGT	ENCFF420RGT	ENCSR000EMO	ENCSR349PIJ	ChromBPNet	sequence contribution scores profile	bigWig	DNase-seq	none	GM04503	cell-line	cell-line	cell-line	none	profile	passed
ENCFF252SMJ	ENCFF252SMJ	ENCSR000EMP	ENCSR050OKX	ChromBPNet	sequence contribution scores profile	bigWig	DNase-seq	none	GM04504	cell-line	cell-line	cell-line	none	profile	passed
ENCFF251EBA	ENCFF251EBA	ENCSR000EMQ	ENCSR267GLX	ChromBPNet	sequence contribution scores profile	bigWig	DNase-seq	none	GM06990	cell-line	cell-line	cell-line	none	profile	passed
ENCFF062FEW	ENCFF062FEW	ENCSR000EMR	ENCSR473GBP	ChromBPNet	sequence contribution scores profile	bigWig	DNase-seq	none	GM12864	cell-line	cell-line	cell-line	none	profile	passed
ENCFF642JDU	ENCFF642JDU	ENCSR000EMS	ENCSR430QYB	ChromBPNet	sequence contribution scores profile	bigWig	DNase-seq	none	GM12865	cell-line	cell-line	cell-line	none	profile	passed
ENCFF435RJO	ENCFF435RJO	ENCSR095QNB	ENCSR067KBX	ChromBPNet	sequence contribution scores profile	bigWig	ATAC-seq	none	GM12878	cell-line	cell-line	cell-line	none	profile	passed
ENCFF857FTK	ENCFF857FTK	ENCSR637XSC	ENCSR081YFO	ChromBPNet	sequence contribution scores profile	bigWig	ATAC-seq	none	GM12878	cell-line	cell-line	cell-line	none	profile	passed
ENCFF548TBP	ENCFF548TBP	ENCSR000EMT	ENCSR108TCK	ChromBPNet	sequence contribution scores profile	bigWig	DNase-seq	none	GM12878	cell-line	cell-line	cell-line	none	profile	passed
ENCFF370RUE	ENCFF370RUE	ENCSR924SDV	ENCSR124DAF	ChromBPNet	sequence contribution scores profile	bigWig	ATAC-seq	none	GM18498	cell-line	cell-line	cell-line	none	profile	passed
ENCFF019SZH	ENCFF019SZH	ENCSR700HPA	ENCSR248SEV	ChromBPNet	sequence contribution scores profile	bigWig	ATAC-seq	none	GM18499	cell-line	cell-line	cell-line	none	profile	passed
ENCFF957ILG	ENCFF957ILG	ENCSR241VGH	ENCSR926DJN	ChromBPNet	sequence contribution scores profile	bigWig	ATAC-seq	none	GM18502	cell-line	cell-line	cell-line	none	profile	passed
ENCFF576SPY	ENCFF576SPY	ENCSR084FHK	ENCSR178PRM	ChromBPNet	sequence contribution scores profile	bigWig	ATAC-seq	none	GM18505	cell-line	cell-line	cell-line	none	profile	passed
ENCFF228UWE	ENCFF228UWE	ENCSR357WQH	ENCSR121WUP	ChromBPNet	sequence contribution scores profile	bigWig	ATAC-seq	none	GM18508	cell-line	cell-line	cell-line	none	profile	passed
ENCFF952GLZ	ENCFF952GLZ	ENCSR253QLW	ENCSR610JIY	ChromBPNet	sequence contribution scores profile	bigWig	ATAC-seq	none	GM18511	cell-line	cell-line	cell-line	none	profile	passed
ENCFF147AEU	ENCFF147AEU	ENCSR442OAV	ENCSR586WFC	ChromBPNet	sequence contribution scores profile	bigWig	ATAC-seq	none	GM18517	cell-line	cell-line	cell-line	none	profile	passed
ENCFF021TSJ	ENCFF021TSJ	ENCSR312UCH	ENCSR714DLQ	ChromBPNet	sequence contribution scores profile	bigWig	ATAC-seq	none	GM18519	cell-line	cell-line	cell-line	none	profile	passed
ENCFF687YTF	ENCFF687YTF	ENCSR762YFD	ENCSR461KSW	ChromBPNet	sequence contribution scores profile	bigWig	ATAC-seq	none	GM18520	cell-line	cell-line	cell-line	none	profile	passed
ENCFF541APD	ENCFF541APD	ENCSR011NJP	ENCSR379AWE	ChromBPNet	sequence contribution scores profile	bigWig	ATAC-seq	none	GM18858	cell-line	cell-line	cell-line	none	profile	passed
ENCFF932VXC	ENCFF932VXC	ENCSR628PLS	ENCSR370TTM	ChromBPNet	sequence contribution scores profile	bigWig	ATAC-seq	none	GM18861	cell-line	cell-line	cell-line	none	profile	passed
ENCFF713XFS	ENCFF713XFS	ENCSR492FJO	ENCSR060QUG	ChromBPNet	sequence contribution scores profile	bigWig	ATAC-seq	none	GM18867	cell-line	cell-line	cell-line	none	profile	passed
ENCFF818XKN	ENCFF818XKN	ENCSR580JBA	ENCSR777VRB	ChromBPNet	sequence contribution scores profile	bigWig	ATAC-seq	none	GM18868	cell-line	cell-line	cell-line	none	profile	passed
ENCFF965LCF	ENCFF965LCF	ENCSR684KUG	ENCSR923IXX	ChromBPNet	sequence contribution scores profile	bigWig	ATAC-seq	none	GM18870	cell-line	cell-line	cell-line	none	profile	passed
ENCFF270JBU	ENCFF270JBU	ENCSR304ZDQ	ENCSR210KZN	ChromBPNet	sequence contribution scores profile	bigWig	ATAC-seq	none	GM18873	cell-line	cell-line	cell-line	none	profile	passed
ENCFF287HMI	ENCFF287HMI	ENCSR487QSB	ENCSR074UXK	ChromBPNet	sequence contribution scores profile	bigWig	ATAC-seq	none	GM18907	cell-line	cell-line	cell-line	none	profile	passed
ENCFF605GAK	ENCFF605GAK	ENCSR917WJS	ENCSR731VRA	ChromBPNet	sequence contribution scores profile	bigWig	ATAC-seq	none	GM18909	cell-line	cell-line	cell-line	none	profile	passed
ENCFF423GIM	ENCFF423GIM	ENCSR512FHU	ENCSR978KVO	ChromBPNet	sequence contribution scores profile	bigWig	ATAC-seq	none	GM19023	cell-line	cell-line	cell-line	none	profile	passed
ENCFF801YKS	ENCFF801YKS	ENCSR419UYY	ENCSR079ORC	ChromBPNet	sequence contribution scores profile	bigWig	ATAC-seq	none	GM19025	cell-line	cell-line	cell-line	none	profile	passed
ENCFF337VJI	ENCFF337VJI	ENCSR637MUF	ENCSR904MSH	ChromBPNet	sequence contribution scores profile	bigWig	ATAC-seq	none	GM19035	cell-line	cell-line	cell-line	none	profile	passed
ENCFF829CPY	ENCFF829CPY	ENCSR409YCK	ENCSR903NIW	ChromBPNet	sequence contribution scores profile	bigWig	ATAC-seq	none	GM19043	cell-line	cell-line	cell-line	none	profile	passed
ENCFF771AQG	ENCFF771AQG	ENCSR425WQW	ENCSR239XHL	ChromBPNet	sequence contribution scores profile	bigWig	ATAC-seq	none	GM19324	cell-line	cell-line	cell-line	none	profile	passed
ENCFF677NPA	ENCFF677NPA	ENCSR383RDZ	ENCSR609EOM	ChromBPNet	sequence contribution scores profile	bigWig	ATAC-seq	none	GM19328	cell-line	cell-line	cell-line	none	profile	passed
ENCFF192HOJ	ENCFF192HOJ	ENCSR231BZU	ENCSR683XSR	ChromBPNet	sequence contribution scores profile	bigWig	ATAC-seq	none	GM19351	cell-line	cell-line	cell-line	none	profile	passed
ENCFF414GFJ	ENCFF414GFJ	ENCSR335JVB	ENCSR769XEI	ChromBPNet	sequence contribution scores profile	bigWig	ATAC-seq	none	GM19372	cell-line	cell-line	cell-line	none	profile	passed
ENCFF739LXC	ENCFF739LXC	ENCSR372IGW	ENCSR165KAD	ChromBPNet	sequence contribution scores profile	bigWig	ATAC-seq	none	GM19395	cell-line	cell-line	cell-line	none	profile	passed
ENCFF466JFW	ENCFF466JFW	ENCSR839IAD	ENCSR608VHS	ChromBPNet	sequence contribution scores profile	bigWig	ATAC-seq	none	GM19397	cell-line	cell-line	cell-line	none	profile	passed
ENCFF291NKL	ENCFF291NKL	ENCSR134OSR	ENCSR505PUV	ChromBPNet	sequence contribution scores profile	bigWig	ATAC-seq	none	GM19438	cell-line	cell-line	cell-line	none	profile	passed
ENCFF428GUB	ENCFF428GUB	ENCSR454UTH	ENCSR317ONA	ChromBPNet	sequence contribution scores profile	bigWig	ATAC-seq	none	GM19452	cell-line	cell-line	cell-line	none	profile	passed
ENCFF448UVB	ENCFF448UVB	ENCSR706GDQ	ENCSR586TXI	ChromBPNet	sequence contribution scores profile	bigWig	ATAC-seq	none	GM19455	cell-line	cell-line	cell-line	none	profile	passed
ENCFF430NLZ	ENCFF430NLZ	ENCSR712ZRY	ENCSR161MFO	ChromBPNet	sequence contribution scores profile	bigWig	ATAC-seq	none	GM19463	cell-line	cell-line	cell-line	none	profile	passed
ENCFF187WVO	ENCFF187WVO	ENCSR635CAC	ENCSR921EDJ	ChromBPNet	sequence contribution scores profile	bigWig	ATAC-seq	none	GM19467	cell-line	cell-line	cell-line	none	profile	passed
ENCFF068EII	ENCFF068EII	ENCSR635AIF	ENCSR692YYD	ChromBPNet	sequence contribution scores profile	bigWig	ATAC-seq	none	GM19468	cell-line	cell-line	cell-line	none	profile	passed
ENCFF279BGC	ENCFF279BGC	ENCSR105SCQ	ENCSR185PHM	ChromBPNet	sequence contribution scores profile	bigWig	ATAC-seq	none	GM21360	cell-line	cell-line	cell-line	none	profile	passed
ENCFF345WGE	ENCFF345WGE	ENCSR509JPT	ENCSR168OLJ	ChromBPNet	sequence contribution scores profile	bigWig	ATAC-seq	none	GM21367	cell-line	cell-line	cell-line	none	profile	passed
ENCFF005VAQ	ENCFF005VAQ	ENCSR512YXO	ENCSR282RKE	ChromBPNet	sequence contribution scores profile	bigWig	ATAC-seq	none	GM21381	cell-line	cell-line	cell-line	none	profile	passed
ENCFF561HVD	ENCFF561HVD	ENCSR024WOD	ENCSR310ESW	ChromBPNet	sequence contribution scores profile	bigWig	ATAC-seq	none	GM21390	cell-line	cell-line	cell-line	none	profile	passed
ENCFF975AVV	ENCFF975AVV	ENCSR902CFR	ENCSR780HLI	ChromBPNet	sequence contribution scores profile	bigWig	ATAC-seq	none	GM21423	cell-line	cell-line	cell-line	none	profile	passed
ENCFF742JUT	ENCFF742JUT	ENCSR424KQH	ENCSR050VGU	ChromBPNet	sequence contribution scores profile	bigWig	ATAC-seq	none	GM21447	cell-line	cell-line	cell-line	none	profile	passed
ENCFF895IVR	ENCFF895IVR	ENCSR960KGO	ENCSR576OPE	ChromBPNet	sequence contribution scores profile	bigWig	ATAC-seq	none	GM21515	cell-line	cell-line	cell-line	none	profile	passed
ENCFF399JEW	ENCFF399JEW	ENCSR408IVU	ENCSR134EDE	ChromBPNet	sequence contribution scores profile	bigWig	ATAC-seq	none	GM21526	cell-line	cell-line	cell-line	none	profile	passed
ENCFF883UZD	ENCFF883UZD	ENCSR939EVW	ENCSR637GED	ChromBPNet	sequence contribution scores profile	bigWig	ATAC-seq	none	GM21528	cell-line	cell-line	cell-line	none	profile	passed
ENCFF065LNI	ENCFF065LNI	ENCSR954BDA	ENCSR985TLT	ChromBPNet	sequence contribution scores profile	bigWig	ATAC-seq	none	GM21529	cell-line	cell-line	cell-line	none	profile	passed
ENCFF849VNO	ENCFF849VNO	ENCSR122NDR	ENCSR318EBC	ChromBPNet	sequence contribution scores profile	bigWig	ATAC-seq	none	GM21576	cell-line	cell-line	cell-line	none	profile	passed
ENCFF150YGS	ENCFF150YGS	ENCSR214EIV	ENCSR281GJA	ChromBPNet	sequence contribution scores profile	bigWig	ATAC-seq	none	GM21619	cell-line	cell-line	cell-line	none	profile	passed
ENCFF066GWK	ENCFF066GWK	ENCSR422RPD	ENCSR280VKC	ChromBPNet	sequence contribution scores profile	bigWig	ATAC-seq	none	GM21717	cell-line	cell-line	cell-line	none	profile	passed
ENCFF488JQV	ENCFF488JQV	ENCSR233HSC	ENCSR615NIB	ChromBPNet	sequence contribution scores profile	bigWig	ATAC-seq	none	GM21723	cell-line	cell-line	cell-line	none	profile	passed
ENCFF863BIW	ENCFF863BIW	ENCSR315QWI	ENCSR578BCV	ChromBPNet	sequence contribution scores profile	bigWig	ATAC-seq	none	GM21737	cell-line	cell-line	cell-line	none	profile	passed
ENCFF565CMJ	ENCFF565CMJ	ENCSR275LCF	ENCSR592QHK	ChromBPNet	sequence contribution scores profile	bigWig	ATAC-seq	none	GM21786	cell-line	cell-line	cell-line	none	profile	passed
ENCFF902GBT	ENCFF902GBT	ENCSR641KNU	ENCSR896WEM	ChromBPNet	sequence contribution scores profile	bigWig	ATAC-seq	none	GM21825	cell-line	cell-line	cell-line	none	profile	passed
ENCFF561KZB	ENCFF561KZB	ENCSR217TAW	ENCSR174HCP	ChromBPNet	sequence contribution scores profile	bigWig	DNase-seq	none	GM23248	cell-line	cell-line	cell-line	none	profile	passed
ENCFF228PPI	ENCFF228PPI	ENCSR485TLP	ENCSR686RDV	ChromBPNet	sequence contribution scores profile	bigWig	ATAC-seq	none	GM23338	cell-line	cell-line	cell-line	none	profile	passed
ENCFF346UCV	ENCFF346UCV	ENCSR108PUO	ENCSR871HMB	ChromBPNet	sequence contribution scores profile	bigWig	DNase-seq	none	GM23338	cell-line	cell-line	cell-line	none	profile	passed
ENCFF493XSD	ENCFF493XSD	ENCSR004SUL	ENCSR397BXY	ChromBPNet	sequence contribution scores profile	bigWig	DNase-seq	none	GM23338	cell-line	cell-line	cell-line	none	profile	passed
ENCFF451VKW	ENCFF451VKW	ENCSR000EMU	ENCSR337VRS	ChromBPNet	sequence contribution scores profile	bigWig	DNase-seq	none	H1	cell-line	cell-line	cell-line	none	profile	passed
ENCFF235YFH	ENCFF235YFH	ENCSR809CEA	ENCSR043HVG	ChromBPNet	sequence contribution scores profile	bigWig	DNase-seq	none	H4	cell-line	cell-line	cell-line	none	profile	passed
ENCFF381IJN	ENCFF381IJN	ENCSR000EMZ	ENCSR989KYH	ChromBPNet	sequence contribution scores profile	bigWig	DNase-seq	none	H7	cell-line	cell-line	cell-line	none	profile	passed
ENCFF118ESG	ENCFF118ESG	ENCSR275ICP	ENCSR048BTS	ChromBPNet	sequence contribution scores profile	bigWig	DNase-seq	none	H9	cell-line	cell-line	cell-line	none	profile	passed
ENCFF157NNI	ENCFF157NNI	ENCSR943SYS	ENCSR319BRN	ChromBPNet	sequence contribution scores profile	bigWig	DNase-seq	none	H9	cell-line	cell-line	cell-line	none	profile	passed
ENCFF192NYA	ENCFF192NYA	ENCSR964WHY	ENCSR878NYN	ChromBPNet	sequence contribution scores profile	bigWig	DNase-seq	none	H9	cell-line	cell-line	cell-line	none	profile	passed
ENCFF278TRW	ENCFF278TRW	ENCSR662RIZ	ENCSR493ORC	ChromBPNet	sequence contribution scores profile	bigWig	DNase-seq	none	H9	cell-line	cell-line	cell-line	none	profile	passed
ENCFF698IOE	ENCFF698IOE	ENCSR754LIN	ENCSR071OAC	ChromBPNet	sequence contribution scores profile	bigWig	DNase-seq	none	H9	cell-line	cell-line	cell-line	none	profile	passed
ENCFF795LEH	ENCFF795LEH	ENCSR017OZH	ENCSR085BHC	ChromBPNet	sequence contribution scores profile	bigWig	DNase-seq	none	H9	cell-line	cell-line	cell-line	none	profile	passed
ENCFF153BBU	ENCFF153BBU	ENCSR620QNS	ENCSR189QVD	ChromBPNet	sequence contribution scores profile	bigWig	DNase-seq	none	HAP-1	cell-line	cell-line	cell-line	none	profile	passed
ENCFF162LLO	ENCFF162LLO	ENCSR895KTN	ENCSR516FBL	ChromBPNet	sequence contribution scores profile	bigWig	DNase-seq	none	HAP-1	cell-line	cell-line	cell-line	none	profile	passed
ENCFF772PIG	ENCFF772PIG	ENCSR038XTK	ENCSR297JWM	ChromBPNet	sequence contribution scores profile	bigWig	DNase-seq	none	HCEC-1CT	cell-line	cell-line	cell-line	none	profile	passed
ENCFF859XGO	ENCFF859XGO	ENCSR872WGW	ENCSR799MEK	ChromBPNet	sequence contribution scores profile	bigWig	ATAC-seq	none	HCT116	cell-line	cell-line	cell-line	none	profile	passed
ENCFF993LBJ	ENCFF993LBJ	ENCSR000ENM	ENCSR038BXQ	ChromBPNet	sequence contribution scores profile	bigWig	DNase-seq	none	HCT116	cell-line	cell-line	cell-line	none	profile	passed
ENCFF948IMN	ENCFF948IMN	ENCSR000ENR	ENCSR893IIV	ChromBPNet	sequence contribution scores profile	bigWig	DNase-seq	none	HFF-Myc	cell-line	cell-line	cell-line	none	profile	passed
ENCFF795ZLW	ENCFF795ZLW	ENCSR672EWY	ENCSR431UBV	ChromBPNet	sequence contribution scores profile	bigWig	DNase-seq	none	HFFc6	cell-line	cell-line	cell-line	none	profile	passed
ENCFF357UMX	ENCFF357UMX	ENCSR400ISH	ENCSR998AJO	ChromBPNet	sequence contribution scores profile	bigWig	ATAC-seq	none	HG02571	cell-line	cell-line	cell-line	none	profile	passed
ENCFF435PZJ	ENCFF435PZJ	ENCSR189VFC	ENCSR903YIU	ChromBPNet	sequence contribution scores profile	bigWig	ATAC-seq	none	HG02588	cell-line	cell-line	cell-line	none	profile	passed
ENCFF754LWY	ENCFF754LWY	ENCSR905PWV	ENCSR627LHW	ChromBPNet	sequence contribution scores profile	bigWig	ATAC-seq	none	HG02610	cell-line	cell-line	cell-line	none	profile	passed
ENCFF464NSN	ENCFF464NSN	ENCSR821JHD	ENCSR033SUK	ChromBPNet	sequence contribution scores profile	bigWig	ATAC-seq	none	HG02623	cell-line	cell-line	cell-line	none	profile	passed
ENCFF945PUE	ENCFF945PUE	ENCSR821QHC	ENCSR435SFV	ChromBPNet	sequence contribution scores profile	bigWig	ATAC-seq	none	HG02642	cell-line	cell-line	cell-line	none	profile	passed
ENCFF240OWW	ENCFF240OWW	ENCSR180HEL	ENCSR536GOE	ChromBPNet	sequence contribution scores profile	bigWig	ATAC-seq	none	HG02678	cell-line	cell-line	cell-line	none	profile	passed
ENCFF848QOI	ENCFF848QOI	ENCSR144ZXR	ENCSR266KYY	ChromBPNet	sequence contribution scores profile	bigWig	ATAC-seq	none	HG02759	cell-line	cell-line	cell-line	none	profile	passed
ENCFF431XQI	ENCFF431XQI	ENCSR404OEO	ENCSR092LQB	ChromBPNet	sequence contribution scores profile	bigWig	ATAC-seq	none	HG02763	cell-line	cell-line	cell-line	none	profile	passed
ENCFF755AFP	ENCFF755AFP	ENCSR524CPZ	ENCSR220HBM	ChromBPNet	sequence contribution scores profile	bigWig	ATAC-seq	none	HG02798	cell-line	cell-line	cell-line	none	profile	passed
ENCFF273TIM	ENCFF273TIM	ENCSR854ZBA	ENCSR916ARE	ChromBPNet	sequence contribution scores profile	bigWig	ATAC-seq	none	HG02840	cell-line	cell-line	cell-line	none	profile	passed
ENCFF612TFM	ENCFF612TFM	ENCSR368FYV	ENCSR551XEC	ChromBPNet	sequence contribution scores profile	bigWig	ATAC-seq	none	HG02852	cell-line	cell-line	cell-line	none	profile	passed
ENCFF435XUC	ENCFF435XUC	ENCSR420RVW	ENCSR385TLV	ChromBPNet	sequence contribution scores profile	bigWig	ATAC-seq	none	HG02870	cell-line	cell-line	cell-line	none	profile	passed
ENCFF134HGB	ENCFF134HGB	ENCSR604YEQ	ENCSR323AXJ	ChromBPNet	sequence contribution scores profile	bigWig	ATAC-seq	none	HG02884	cell-line	cell-line	cell-line	none	profile	passed
ENCFF832KZU	ENCFF832KZU	ENCSR621JYI	ENCSR266ITU	ChromBPNet	sequence contribution scores profile	bigWig	ATAC-seq	none	HG02885	cell-line	cell-line	cell-line	none	profile	passed
ENCFF144CHL	ENCFF144CHL	ENCSR920FQJ	ENCSR672WKH	ChromBPNet	sequence contribution scores profile	bigWig	ATAC-seq	none	HG02938	cell-line	cell-line	cell-line	none	profile	passed
ENCFF976JPI	ENCFF976JPI	ENCSR123WME	ENCSR427BPQ	ChromBPNet	sequence contribution scores profile	bigWig	ATAC-seq	none	HG02943	cell-line	cell-line	cell-line	none	profile	passed
ENCFF927NFA	ENCFF927NFA	ENCSR857MCZ	ENCSR275WXY	ChromBPNet	sequence contribution scores profile	bigWig	ATAC-seq	none	HG02970	cell-line	cell-line	cell-line	none	profile	passed
ENCFF864LWJ	ENCFF864LWJ	ENCSR038WVV	ENCSR667UVH	ChromBPNet	sequence contribution scores profile	bigWig	ATAC-seq	none	HG02973	cell-line	cell-line	cell-line	none	profile	passed
ENCFF487LMG	ENCFF487LMG	ENCSR208HAP	ENCSR301ZZA	ChromBPNet	sequence contribution scores profile	bigWig	ATAC-seq	none	HG02981	cell-line	cell-line	cell-line	none	profile	passed
ENCFF007VJW	ENCFF007VJW	ENCSR673ZMQ	ENCSR591YNV	ChromBPNet	sequence contribution scores profile	bigWig	ATAC-seq	none	HG03025	cell-line	cell-line	cell-line	none	profile	passed
ENCFF271OFT	ENCFF271OFT	ENCSR381LJX	ENCSR649BNO	ChromBPNet	sequence contribution scores profile	bigWig	ATAC-seq	none	HG03039	cell-line	cell-line	cell-line	none	profile	passed
ENCFF087ULJ	ENCFF087ULJ	ENCSR249FXU	ENCSR660MNT	ChromBPNet	sequence contribution scores profile	bigWig	ATAC-seq	none	HG03045	cell-line	cell-line	cell-line	none	profile	passed
ENCFF618VJF	ENCFF618VJF	ENCSR470ZNM	ENCSR150XDG	ChromBPNet	sequence contribution scores profile	bigWig	ATAC-seq	none	HG03060	cell-line	cell-line	cell-line	none	profile	passed
ENCFF399LHR	ENCFF399LHR	ENCSR487SOP	ENCSR459IBO	ChromBPNet	sequence contribution scores profile	bigWig	ATAC-seq	none	HG03064	cell-line	cell-line	cell-line	none	profile	passed
ENCFF797VDZ	ENCFF797VDZ	ENCSR040PBN	ENCSR166OAU	ChromBPNet	sequence contribution scores profile	bigWig	ATAC-seq	none	HG03066	cell-line	cell-line	cell-line	none	profile	passed
ENCFF790SVP	ENCFF790SVP	ENCSR359HFH	ENCSR553FAH	ChromBPNet	sequence contribution scores profile	bigWig	ATAC-seq	none	HG03095	cell-line	cell-line	cell-line	none	profile	passed
ENCFF295NRI	ENCFF295NRI	ENCSR608KJD	ENCSR371COC	ChromBPNet	sequence contribution scores profile	bigWig	ATAC-seq	none	HG03097	cell-line	cell-line	cell-line	none	profile	passed
ENCFF952GOQ	ENCFF952GOQ	ENCSR833ACP	ENCSR180LMS	ChromBPNet	sequence contribution scores profile	bigWig	ATAC-seq	none	HG03103	cell-line	cell-line	cell-line	none	profile	passed
ENCFF268NRA	ENCFF268NRA	ENCSR962ITF	ENCSR232YHY	ChromBPNet	sequence contribution scores profile	bigWig	ATAC-seq	none	HG03108	cell-line	cell-line	cell-line	none	profile	passed
ENCFF355QDP	ENCFF355QDP	ENCSR096VEO	ENCSR819NPJ	ChromBPNet	sequence contribution scores profile	bigWig	ATAC-seq	none	HG03135	cell-line	cell-line	cell-line	none	profile	passed
ENCFF857VZP	ENCFF857VZP	ENCSR615YIL	ENCSR887IVZ	ChromBPNet	sequence contribution scores profile	bigWig	ATAC-seq	none	HG03139	cell-line	cell-line	cell-line	none	profile	passed
ENCFF553NOW	ENCFF553NOW	ENCSR940YDN	ENCSR166TNL	ChromBPNet	sequence contribution scores profile	bigWig	ATAC-seq	none	HG03159	cell-line	cell-line	cell-line	none	profile	passed
ENCFF466QYF	ENCFF466QYF	ENCSR305XRF	ENCSR090OOJ	ChromBPNet	sequence contribution scores profile	bigWig	ATAC-seq	none	HG03175	cell-line	cell-line	cell-line	none	profile	passed
ENCFF235ZBP	ENCFF235ZBP	ENCSR063UNG	ENCSR357FCL	ChromBPNet	sequence contribution scores profile	bigWig	ATAC-seq	none	HG03196	cell-line	cell-line	cell-line	none	profile	passed
ENCFF020QHM	ENCFF020QHM	ENCSR554WGQ	ENCSR845EWD	ChromBPNet	sequence contribution scores profile	bigWig	ATAC-seq	none	HG03280	cell-line	cell-line	cell-line	none	profile	passed
ENCFF211OUT	ENCFF211OUT	ENCSR528YDD	ENCSR188AGI	ChromBPNet	sequence contribution scores profile	bigWig	ATAC-seq	none	HG03342	cell-line	cell-line	cell-line	none	profile	passed
ENCFF476TKA	ENCFF476TKA	ENCSR025MEO	ENCSR658PPY	ChromBPNet	sequence contribution scores profile	bigWig	ATAC-seq	none	HG03354	cell-line	cell-line	cell-line	none	profile	passed
ENCFF314VWI	ENCFF314VWI	ENCSR824DUE	ENCSR414LUN	ChromBPNet	sequence contribution scores profile	bigWig	ATAC-seq	none	HG03378	cell-line	cell-line	cell-line	none	profile	passed
ENCFF198IUC	ENCFF198IUC	ENCSR839UOB	ENCSR809YVS	ChromBPNet	sequence contribution scores profile	bigWig	ATAC-seq	none	HG03432	cell-line	cell-line	cell-line	none	profile	passed
ENCFF096WOF	ENCFF096WOF	ENCSR376YMU	ENCSR987LMB	ChromBPNet	sequence contribution scores profile	bigWig	ATAC-seq	none	HG03439	cell-line	cell-line	cell-line	none	profile	passed
ENCFF821OOM	ENCFF821OOM	ENCSR858GTE	ENCSR509OSN	ChromBPNet	sequence contribution scores profile	bigWig	ATAC-seq	none	HG03442	cell-line	cell-line	cell-line	none	profile	passed
ENCFF083SHG	ENCFF083SHG	ENCSR322SBN	ENCSR637NUL	ChromBPNet	sequence contribution scores profile	bigWig	ATAC-seq	none	HG03457	cell-line	cell-line	cell-line	none	profile	passed
ENCFF219RJG	ENCFF219RJG	ENCSR345NVR	ENCSR987QAP	ChromBPNet	sequence contribution scores profile	bigWig	ATAC-seq	none	HG03460	cell-line	cell-line	cell-line	none	profile	passed
ENCFF235YGC	ENCFF235YGC	ENCSR163KRG	ENCSR694IPL	ChromBPNet	sequence contribution scores profile	bigWig	ATAC-seq	none	HG03469	cell-line	cell-line	cell-line	none	profile	passed
ENCFF772BBB	ENCFF772BBB	ENCSR624CTU	ENCSR001QFX	ChromBPNet	sequence contribution scores profile	bigWig	ATAC-seq	none	HG03520	cell-line	cell-line	cell-line	none	profile	passed
ENCFF320CLJ	ENCFF320CLJ	ENCSR594TMY	ENCSR949GNF	ChromBPNet	sequence contribution scores profile	bigWig	ATAC-seq	none	HG03521	cell-line	cell-line	cell-line	none	profile	passed
ENCFF350QAA	ENCFF350QAA	ENCSR278JWM	ENCSR170RXX	ChromBPNet	sequence contribution scores profile	bigWig	ATAC-seq	none	HG03558	cell-line	cell-line	cell-line	none	profile	passed
ENCFF760COO	ENCFF760COO	ENCSR835WBW	ENCSR061TSC	ChromBPNet	sequence contribution scores profile	bigWig	ATAC-seq	none	HG03565	cell-line	cell-line	cell-line	none	profile	passed
ENCFF392AEB	ENCFF392AEB	ENCSR000RBT	ENCSR716EMN	ChromBPNet	sequence contribution scores profile	bigWig	ATAC-seq	none	HG03571	cell-line	cell-line	cell-line	none	profile	passed
ENCFF936TIF	ENCFF936TIF	ENCSR331JFZ	ENCSR519GLH	ChromBPNet	sequence contribution scores profile	bigWig	ATAC-seq	none	HG03575	cell-line	cell-line	cell-line	none	profile	passed
ENCFF957KLG	ENCFF957KLG	ENCSR634YVQ	ENCSR972KYQ	ChromBPNet	sequence contribution scores profile	bigWig	DNase-seq	none	HK-2	cell-line	cell-line	cell-line	none	profile	passed
ENCFF385GGE	ENCFF385GGE	ENCSR889WKL	ENCSR849AMW	ChromBPNet	sequence contribution scores profile	bigWig	DNase-seq	none	HL-60	cell-line	cell-line	cell-line	none	profile	passed
ENCFF836NWW	ENCFF836NWW	ENCSR000ENU	ENCSR662EPX	ChromBPNet	sequence contribution scores profile	bigWig	DNase-seq	none	HL-60	cell-line	cell-line	cell-line	none	profile	passed
ENCFF065VBK	ENCFF065VBK	ENCSR000EMF	ENCSR862EQC	ChromBPNet	sequence contribution scores profile	bigWig	DNase-seq	none	HS-27A	cell-line	cell-line	cell-line	none	profile	passed
ENCFF724FWX	ENCFF724FWX	ENCSR000EMG	ENCSR295UGZ	ChromBPNet	sequence contribution scores profile	bigWig	DNase-seq	none	HS-5	cell-line	cell-line	cell-line	none	profile	passed
ENCFF040EJI	ENCFF040EJI	ENCSR814KRX	ENCSR824NOI	ChromBPNet	sequence contribution scores profile	bigWig	DNase-seq	none	HT-29	cell-line	cell-line	cell-line	none	profile	passed
ENCFF994NXJ	ENCFF994NXJ	ENCSR000FDI	ENCSR700ULB	ChromBPNet	sequence contribution scores profile	bigWig	DNase-seq	none	HT1080	cell-line	cell-line	cell-line	none	profile	passed
ENCFF458EZO	ENCFF458EZO	ENCSR959ZXU	ENCSR098ONJ	ChromBPNet	sequence contribution scores profile	bigWig	DNase-seq	none	HeLa-S3	cell-line	cell-line	cell-line	none	profile	passed
ENCFF462QGB	ENCFF462QGB	ENCSR000ENO	ENCSR231LNG	ChromBPNet	sequence contribution scores profile	bigWig	DNase-seq	none	HeLa-S3	cell-line	cell-line	cell-line	none	profile	passed
ENCFF564PMV	ENCFF564PMV	ENCSR042AWH	ENCSR616TYK	ChromBPNet	sequence contribution scores profile	bigWig	ATAC-seq	none	HepG2	cell-line	cell-line	cell-line	none	profile	passed
ENCFF924UGT	ENCFF924UGT	ENCSR291GJU	ENCSR476FKK	ChromBPNet	sequence contribution scores profile	bigWig	ATAC-seq	none	HepG2	cell-line	cell-line	cell-line	none	profile	passed
ENCFF260ARC	ENCFF260ARC	ENCSR149XIL	ENCSR782TIO	ChromBPNet	sequence contribution scores profile	bigWig	DNase-seq	none	HepG2	cell-line	cell-line	cell-line	none	profile	passed
ENCFF681PNB	ENCFF681PNB	ENCSR200OML	ENCSR585BFP	ChromBPNet	sequence contribution scores profile	bigWig	ATAC-seq	none	IMR-90	cell-line	cell-line	cell-line	none	profile	passed
ENCFF779JPC	ENCFF779JPC	ENCSR477RTP	ENCSR458JPR	ChromBPNet	sequence contribution scores profile	bigWig	DNase-seq	none	IMR-90	cell-line	cell-line	cell-line	none	profile	passed
ENCFF238ZSO	ENCFF238ZSO	ENCSR000EOS	ENCSR460RDN	ChromBPNet	sequence contribution scores profile	bigWig	DNase-seq	none	Jurkat,-Clone-E6-1	cell-line	cell-line	cell-line	none	profile	passed
ENCFF141QDP	ENCFF141QDP	ENCSR868FGK	ENCSR893SUD	ChromBPNet	sequence contribution scores profile	bigWig	ATAC-seq	none	K562	cell-line	cell-line	cell-line	none	profile	passed
ENCFF460ABT	ENCFF460ABT	ENCSR956DNB	ENCSR939RXI	ChromBPNet	sequence contribution scores profile	bigWig	ATAC-seq	none	K562	cell-line	cell-line	cell-line	none	profile	passed
ENCFF835FBU	ENCFF835FBU	ENCSR859USB	ENCSR049OFB	ChromBPNet	sequence contribution scores profile	bigWig	ATAC-seq	none	K562	cell-line	cell-line	cell-line	none	profile	passed
ENCFF892IRS	ENCFF892IRS	ENCSR483RKN	ENCSR780QKO	ChromBPNet	sequence contribution scores profile	bigWig	ATAC-seq	none	K562	cell-line	cell-line	cell-line	none	profile	passed
ENCFF515QHG	ENCFF515QHG	ENCSR000EOT	ENCSR281PSW	ChromBPNet	sequence contribution scores profile	bigWig	DNase-seq	none	K562	cell-line	cell-line	cell-line	none	profile	passed
ENCFF570UEM	ENCFF570UEM	ENCSR426IEA	ENCSR933HJE	ChromBPNet	sequence contribution scores profile	bigWig	DNase-seq	none	KBM-7	cell-line	cell-line	cell-line	none	profile	passed
ENCFF251VTC	ENCFF251VTC	ENCSR019JDO	ENCSR625YHF	ChromBPNet	sequence contribution scores profile	bigWig	DNase-seq	none	Karpas-422	cell-line	cell-line	cell-line	none	profile	passed
ENCFF040VWN	ENCFF040VWN	ENCSR314EZY	ENCSR134TII	ChromBPNet	sequence contribution scores profile	bigWig	DNase-seq	none	L1-S8	cell-line	cell-line	cell-line	none	profile	passed
ENCFF307QOE	ENCFF307QOE	ENCSR746ZPP	ENCSR291GSN	ChromBPNet	sequence contribution scores profile	bigWig	DNase-seq	none	L1-S8R	cell-line	cell-line	cell-line	none	profile	passed
ENCFF994RSM	ENCFF994RSM	ENCSR000EPE	ENCSR606CFD	ChromBPNet	sequence contribution scores profile	bigWig	DNase-seq	none	LHCN-M2	cell-line	cell-line	cell-line	none	profile	passed
ENCFF336TBL	ENCFF336TBL	ENCSR503BEM	ENCSR389YJP	ChromBPNet	sequence contribution scores profile	bigWig	DNase-seq	none	LoVo	cell-line	cell-line	cell-line	none	profile	passed
ENCFF178SIV	ENCFF178SIV	ENCSR385SZQ	ENCSR655RGE	ChromBPNet	sequence contribution scores profile	bigWig	DNase-seq	none	MCF-10A	cell-line	cell-line	cell-line	none	profile	passed
ENCFF252TEC	ENCFF252TEC	ENCSR789VGQ	ENCSR658SZR	ChromBPNet	sequence contribution scores profile	bigWig	DNase-seq	none	MCF-10A	cell-line	cell-line	cell-line	none	profile	passed
ENCFF620XFH	ENCFF620XFH	ENCSR752EPH	ENCSR197CZL	ChromBPNet	sequence contribution scores profile	bigWig	DNase-seq	none	MCF-10A	cell-line	cell-line	cell-line	none	profile	passed
ENCFF544LMT	ENCFF544LMT	ENCSR422SUG	ENCSR881JYD	ChromBPNet	sequence contribution scores profile	bigWig	ATAC-seq	none	MCF-7	cell-line	cell-line	cell-line	none	profile	passed
ENCFF231VYR	ENCFF231VYR	ENCSR000EPH	ENCSR006EOX	ChromBPNet	sequence contribution scores profile	bigWig	DNase-seq	none	MCF-7	cell-line	cell-line	cell-line	none	profile	passed
ENCFF342KJP	ENCFF342KJP	ENCSR083STA	ENCSR054YZQ	ChromBPNet	sequence contribution scores profile	bigWig	DNase-seq	none	MG63	cell-line	cell-line	cell-line	none	profile	passed
ENCFF705RON	ENCFF705RON	ENCSR443YJP	ENCSR912CFD	ChromBPNet	sequence contribution scores profile	bigWig	DNase-seq	none	MG63	cell-line	cell-line	cell-line	none	profile	passed
ENCFF178XZE	ENCFF178XZE	ENCSR458LIB	ENCSR347CFU	ChromBPNet	sequence contribution scores profile	bigWig	DNase-seq	none	MM.1S	cell-line	cell-line	cell-line	none	profile	passed
ENCFF351XCR	ENCFF351XCR	ENCSR662HMO	ENCSR794LQK	ChromBPNet	sequence contribution scores profile	bigWig	DNase-seq	none	NAMALWA	cell-line	cell-line	cell-line	none	profile	passed
ENCFF353PZO	ENCFF353PZO	ENCSR000EPL	ENCSR451VFP	ChromBPNet	sequence contribution scores profile	bigWig	DNase-seq	none	NB4	cell-line	cell-line	cell-line	none	profile	passed
ENCFF328BXG	ENCFF328BXG	ENCSR265TEK	ENCSR104PLC	ChromBPNet	sequence contribution scores profile	bigWig	DNase-seq	none	NCI-H226	cell-line	cell-line	cell-line	none	profile	passed
ENCFF125RSP	ENCFF125RSP	ENCSR000FJH	ENCSR738EET	ChromBPNet	sequence contribution scores profile	bigWig	DNase-seq	none	NCI-H460	cell-line	cell-line	cell-line	none	profile	passed
ENCFF798VFF	ENCFF798VFF	ENCSR382LBS	ENCSR546DOB	ChromBPNet	sequence contribution scores profile	bigWig	ATAC-seq	none	NCI-H929	cell-line	cell-line	cell-line	none	profile	passed
ENCFF353CFM	ENCFF353CFM	ENCSR090SMP	ENCSR088BTM	ChromBPNet	sequence contribution scores profile	bigWig	DNase-seq	none	NCI-H929	cell-line	cell-line	cell-line	none	profile	passed
ENCFF478XAX	ENCFF478XAX	ENCSR000EPS	ENCSR054YHV	ChromBPNet	sequence contribution scores profile	bigWig	DNase-seq	none	NT2/D1	cell-line	cell-line	cell-line	none	profile	passed
ENCFF049IJJ	ENCFF049IJJ	ENCSR489NAM	ENCSR431YCA	ChromBPNet	sequence contribution scores profile	bigWig	DNase-seq	none	OCI-LY7	cell-line	cell-line	cell-line	none	profile	passed
ENCFF231ZWZ	ENCFF231ZWZ	ENCSR499ASS	ENCSR356JWZ	ChromBPNet	sequence contribution scores profile	bigWig	ATAC-seq	none	PC-3	cell-line	cell-line	cell-line	none	profile	passed
ENCFF099WFJ	ENCFF099WFJ	ENCSR052AWE	ENCSR930FRZ	ChromBPNet	sequence contribution scores profile	bigWig	DNase-seq	none	PC-3	cell-line	cell-line	cell-line	none	profile	passed
ENCFF833YHV	ENCFF833YHV	ENCSR940NLN	ENCSR425NGQ	ChromBPNet	sequence contribution scores profile	bigWig	DNase-seq	none	PC-9	cell-line	cell-line	cell-line	none	profile	passed
ENCFF018KXJ	ENCFF018KXJ	ENCSR591PIX	ENCSR910DII	ChromBPNet	sequence contribution scores profile	bigWig	ATAC-seq	none	Panc1	cell-line	cell-line	cell-line	none	profile	passed
ENCFF236CBI	ENCFF236CBI	ENCSR000EPT	ENCSR819AEB	ChromBPNet	sequence contribution scores profile	bigWig	DNase-seq	none	Panc1	cell-line	cell-line	cell-line	none	profile	passed
ENCFF357AHG	ENCFF357AHG	ENCSR017RQC	ENCSR646MBL	ChromBPNet	sequence contribution scores profile	bigWig	ATAC-seq	none	Peyer's-patch	eye	eye	sensory-system	none	profile	passed
ENCFF067WBC	ENCFF067WBC	ENCSR689DSM	ENCSR627YMG	ChromBPNet	sequence contribution scores profile	bigWig	DNase-seq	none	Peyer's-patch	eye	eye	sensory-system	none	profile	passed
ENCFF495RBV	ENCFF495RBV	ENCSR455GUW	ENCSR379ZWN	ChromBPNet	sequence contribution scores profile	bigWig	DNase-seq	none	Peyer's-patch	eye	eye	sensory-system	none	profile	passed
ENCFF628HWL	ENCFF628HWL	ENCSR261RWJ	ENCSR978KFQ	ChromBPNet	sequence contribution scores profile	bigWig	DNase-seq	none	Peyer's-patch	eye	eye	sensory-system	none	profile	passed
ENCFF911VVT	ENCFF911VVT	ENCSR954AJK	ENCSR767EVI	ChromBPNet	sequence contribution scores profile	bigWig	DNase-seq	none	Peyer's-patch	eye	eye	sensory-system	none	profile	passed
ENCFF376SPO	ENCFF376SPO	ENCSR337IRF	ENCSR844ZPF	ChromBPNet	sequence contribution scores profile	bigWig	DNase-seq	none	RCC	cell-line	cell-line	cell-line	none	profile	passed
ENCFF496XYJ	ENCFF496XYJ	ENCSR037PGI	ENCSR409AOK	ChromBPNet	sequence contribution scores profile	bigWig	DNase-seq	none	RCC-7860	cell-line	cell-line	cell-line	none	profile	passed
ENCFF866FSQ	ENCFF866FSQ	ENCSR429RHR	ENCSR316RNO	ChromBPNet	sequence contribution scores profile	bigWig	DNase-seq	none	RKO	cell-line	cell-line	cell-line	none	profile	passed
ENCFF363TSO	ENCFF363TSO	ENCSR000EPV	ENCSR700YXD	ChromBPNet	sequence contribution scores profile	bigWig	DNase-seq	none	RPMI7951	cell-line	cell-line	cell-line	none	profile	passed
ENCFF108XYQ	ENCFF108XYQ	ENCSR594NOE	ENCSR639ILE	ChromBPNet	sequence contribution scores profile	bigWig	DNase-seq	none	RPMI8226	cell-line	cell-line	cell-line	none	profile	passed
ENCFF214WMZ	ENCFF214WMZ	ENCSR080SNF	ENCSR781DEJ	ChromBPNet	sequence contribution scores profile	bigWig	ATAC-seq	none	RWPE2	cell-line	cell-line	cell-line	none	profile	passed
ENCFF583OTV	ENCFF583OTV	ENCSR306BHE	ENCSR828XVB	ChromBPNet	sequence contribution scores profile	bigWig	DNase-seq	none	RWPE2	cell-line	cell-line	cell-line	none	profile	passed
ENCFF913WXD	ENCFF913WXD	ENCSR855BMI	ENCSR597PKN	ChromBPNet	sequence contribution scores profile	bigWig	ATAC-seq	none	Right-ventricle-myocardium-inferior	ventricle	heart	circulatory-system	none	profile	passed
ENCFF196YBW	ENCFF196YBW	ENCSR085MZL	ENCSR142UYP	ChromBPNet	sequence contribution scores profile	bigWig	DNase-seq	none	Right-ventricle-myocardium-inferior	ventricle	heart	circulatory-system	none	profile	passed
ENCFF106NER	ENCFF106NER	ENCSR074WMH	ENCSR272XKK	ChromBPNet	sequence contribution scores profile	bigWig	ATAC-seq	none	Right-ventricle-myocardium-superior	ventricle	heart	circulatory-system	none	profile	passed
ENCFF892HMV	ENCFF892HMV	ENCSR895GSY	ENCSR778ZGF	ChromBPNet	sequence contribution scores profile	bigWig	DNase-seq	none	Right-ventricle-myocardium-superior	ventricle	heart	circulatory-system	none	profile	passed
ENCFF735IUA	ENCFF735IUA	ENCSR000FFJ	ENCSR504BSY	ChromBPNet	sequence contribution scores profile	bigWig	DNase-seq	none	SJCRH30	cell-line	cell-line	cell-line	none	profile	passed
ENCFF806BFW	ENCFF806BFW	ENCSR520WTV	ENCSR832RLE	ChromBPNet	sequence contribution scores profile	bigWig	DNase-seq	none	SJSA1	cell-line	cell-line	cell-line	none	profile	passed
ENCFF826ILY	ENCFF826ILY	ENCSR620WAR	ENCSR779JEB	ChromBPNet	sequence contribution scores profile	bigWig	DNase-seq	none	SJSA1	cell-line	cell-line	cell-line	none	profile	passed
ENCFF712MUM	ENCFF712MUM	ENCSR000FEK	ENCSR086YUE	ChromBPNet	sequence contribution scores profile	bigWig	DNase-seq	none	SK-MEL-5	cell-line	cell-line	cell-line	none	profile	passed
ENCFF519LZL	ENCFF519LZL	ENCSR946MVP	ENCSR822RPX	ChromBPNet	sequence contribution scores profile	bigWig	DNase-seq	none	SK-N-DZ	cell-line	cell-line	cell-line	none	profile	passed
ENCFF572BEU	ENCFF572BEU	ENCSR000EPY	ENCSR737BDV	ChromBPNet	sequence contribution scores profile	bigWig	DNase-seq	none	SK-N-MC	cell-line	cell-line	cell-line	none	profile	passed
ENCFF873RTC	ENCFF873RTC	ENCSR587TRP	ENCSR733OLQ	ChromBPNet	sequence contribution scores profile	bigWig	ATAC-seq	none	SK-N-SH	cell-line	cell-line	cell-line	none	profile	passed
ENCFF667ICN	ENCFF667ICN	ENCSR217SET	ENCSR684CFS	ChromBPNet	sequence contribution scores profile	bigWig	DNase-seq	none	SW480	cell-line	cell-line	cell-line	none	profile	passed
ENCFF383BTQ	ENCFF383BTQ	ENCSR032MEH	ENCSR429ZUZ	ChromBPNet	sequence contribution scores profile	bigWig	ATAC-seq	none	T-cell	t-cell	immune	immune-system	none	profile	passed
ENCFF441JXL	ENCFF441JXL	ENCSR934AWQ	ENCSR628AUQ	ChromBPNet	sequence contribution scores profile	bigWig	ATAC-seq	none	T-cell	t-cell	immune	immune-system	none	profile	passed
ENCFF487KHU	ENCFF487KHU	ENCSR258RSH	ENCSR726OHR	ChromBPNet	sequence contribution scores profile	bigWig	ATAC-seq	none	T-cell	t-cell	immune	immune-system	none	profile	passed
ENCFF639ZLO	ENCFF639ZLO	ENCSR977LVI	ENCSR289OHF	ChromBPNet	sequence contribution scores profile	bigWig	ATAC-seq	none	T-cell	t-cell	immune	immune-system	none	profile	passed
ENCFF731IXC	ENCFF731IXC	ENCSR299LSN	ENCSR429GFB	ChromBPNet	sequence contribution scores profile	bigWig	ATAC-seq	none	T-cell	t-cell	immune	immune-system	none	profile	passed
ENCFF735GGV	ENCFF735GGV	ENCSR102RXG	ENCSR752EUR	ChromBPNet	sequence contribution scores profile	bigWig	ATAC-seq	none	T-cell	t-cell	immune	immune-system	none	profile	passed
ENCFF044HGA	ENCFF044HGA	ENCSR111LTT	ENCSR025EMG	ChromBPNet	sequence contribution scores profile	bigWig	DNase-seq	none	T-cell	t-cell	immune	immune-system	none	profile	passed
ENCFF058UAO	ENCFF058UAO	ENCSR597URK	ENCSR962EIH	ChromBPNet	sequence contribution scores profile	bigWig	DNase-seq	none	T-cell	t-cell	immune	immune-system	none	profile	passed
ENCFF100BKK	ENCFF100BKK	ENCSR815DWW	ENCSR556NMJ	ChromBPNet	sequence contribution scores profile	bigWig	DNase-seq	none	T-cell	t-cell	immune	immune-system	none	profile	passed
ENCFF131WAH	ENCFF131WAH	ENCSR041PCL	ENCSR338IJV	ChromBPNet	sequence contribution scores profile	bigWig	DNase-seq	none	T-cell	t-cell	immune	immune-system	none	profile	passed
ENCFF154ZZK	ENCFF154ZZK	ENCSR635URJ	ENCSR361VKP	ChromBPNet	sequence contribution scores profile	bigWig	DNase-seq	none	T-cell	t-cell	immune	immune-system	none	profile	passed
ENCFF168ZGE	ENCFF168ZGE	ENCSR299BQG	ENCSR870KZC	ChromBPNet	sequence contribution scores profile	bigWig	DNase-seq	none	T-cell	t-cell	immune	immune-system	none	profile	passed
ENCFF180QKB	ENCFF180QKB	ENCSR442GKD	ENCSR046WWS	ChromBPNet	sequence contribution scores profile	bigWig	DNase-seq	none	T-cell	t-cell	immune	immune-system	none	profile	passed
ENCFF202HWB	ENCFF202HWB	ENCSR366YTD	ENCSR618VNH	ChromBPNet	sequence contribution scores profile	bigWig	DNase-seq	none	T-cell	t-cell	immune	immune-system	none	profile	passed
ENCFF202ITG	ENCFF202ITG	ENCSR837ZSS	ENCSR969SZL	ChromBPNet	sequence contribution scores profile	bigWig	DNase-seq	none	T-cell	t-cell	immune	immune-system	none	profile	passed
ENCFF209NUW	ENCFF209NUW	ENCSR283MZJ	ENCSR428RDY	ChromBPNet	sequence contribution scores profile	bigWig	DNase-seq	none	T-cell	t-cell	immune	immune-system	none	profile	passed
ENCFF227GEU	ENCFF227GEU	ENCSR561ZLY	ENCSR643LQA	ChromBPNet	sequence contribution scores profile	bigWig	DNase-seq	none	T-cell	t-cell	immune	immune-system	none	profile	passed
ENCFF229HQH	ENCFF229HQH	ENCSR552TPH	ENCSR153FUR	ChromBPNet	sequence contribution scores profile	bigWig	DNase-seq	none	T-cell	t-cell	immune	immune-system	none	profile	passed
ENCFF282TOD	ENCFF282TOD	ENCSR540VTN	ENCSR309XZW	ChromBPNet	sequence contribution scores profile	bigWig	DNase-seq	none	T-cell	t-cell	immune	immune-system	none	profile	passed
ENCFF295XQS	ENCFF295XQS	ENCSR581RSO	ENCSR471LVE	ChromBPNet	sequence contribution scores profile	bigWig	DNase-seq	none	T-cell	t-cell	immune	immune-system	none	profile	passed
ENCFF314YVL	ENCFF314YVL	ENCSR457RVC	ENCSR210DXU	ChromBPNet	sequence contribution scores profile	bigWig	DNase-seq	none	T-cell	t-cell	immune	immune-system	none	profile	passed
ENCFF317ZCP	ENCFF317ZCP	ENCSR965JHW	ENCSR748RMU	ChromBPNet	sequence contribution scores profile	bigWig	DNase-seq	none	T-cell	t-cell	immune	immune-system	none	profile	passed
ENCFF334UME	ENCFF334UME	ENCSR627UDJ	ENCSR806CDG	ChromBPNet	sequence contribution scores profile	bigWig	DNase-seq	none	T-cell	t-cell	immune	immune-system	none	profile	passed
ENCFF345NOS	ENCFF345NOS	ENCSR040DGJ	ENCSR164ICL	ChromBPNet	sequence contribution scores profile	bigWig	DNase-seq	none	T-cell	t-cell	immune	immune-system	none	profile	passed
ENCFF353PRX	ENCFF353PRX	ENCSR878ITC	ENCSR249YMW	ChromBPNet	sequence contribution scores profile	bigWig	DNase-seq	none	T-cell	t-cell	immune	immune-system	none	profile	passed
ENCFF362GKE	ENCFF362GKE	ENCSR627QIA	ENCSR144UFY	ChromBPNet	sequence contribution scores profile	bigWig	DNase-seq	none	T-cell	t-cell	immune	immune-system	none	profile	passed
ENCFF366ENA	ENCFF366ENA	ENCSR198UKY	ENCSR221HAB	ChromBPNet	sequence contribution scores profile	bigWig	DNase-seq	none	T-cell	t-cell	immune	immune-system	none	profile	passed
ENCFF373XYM	ENCFF373XYM	ENCSR389IHS	ENCSR240EVS	ChromBPNet	sequence contribution scores profile	bigWig	DNase-seq	none	T-cell	t-cell	immune	immune-system	none	profile	passed
ENCFF392SME	ENCFF392SME	ENCSR218FJD	ENCSR190HNX	ChromBPNet	sequence contribution scores profile	bigWig	DNase-seq	none	T-cell	t-cell	immune	immune-system	none	profile	passed
ENCFF399HNO	ENCFF399HNO	ENCSR396ZIN	ENCSR151PKI	ChromBPNet	sequence contribution scores profile	bigWig	DNase-seq	none	T-cell	t-cell	immune	immune-system	none	profile	passed
ENCFF446EWD	ENCFF446EWD	ENCSR934IKS	ENCSR695TIK	ChromBPNet	sequence contribution scores profile	bigWig	DNase-seq	none	T-cell	t-cell	immune	immune-system	none	profile	passed
ENCFF474SWS	ENCFF474SWS	ENCSR342OGI	ENCSR971QTW	ChromBPNet	sequence contribution scores profile	bigWig	DNase-seq	none	T-cell	t-cell	immune	immune-system	none	profile	passed
ENCFF475YRD	ENCFF475YRD	ENCSR473LSX	ENCSR092BCK	ChromBPNet	sequence contribution scores profile	bigWig	DNase-seq	none	T-cell	t-cell	immune	immune-system	none	profile	passed
ENCFF491MIJ	ENCFF491MIJ	ENCSR410IYF	ENCSR308BEP	ChromBPNet	sequence contribution scores profile	bigWig	DNase-seq	none	T-cell	t-cell	immune	immune-system	none	profile	passed
ENCFF496IRN	ENCFF496IRN	ENCSR140KPO	ENCSR428ISQ	ChromBPNet	sequence contribution scores profile	bigWig	DNase-seq	none	T-cell	t-cell	immune	immune-system	none	profile	passed
ENCFF508CAC	ENCFF508CAC	ENCSR217PZP	ENCSR232CBY	ChromBPNet	sequence contribution scores profile	bigWig	DNase-seq	none	T-cell	t-cell	immune	immune-system	none	profile	passed
ENCFF513XDF	ENCFF513XDF	ENCSR051CYH	ENCSR446UCG	ChromBPNet	sequence contribution scores profile	bigWig	DNase-seq	none	T-cell	t-cell	immune	immune-system	none	profile	passed
ENCFF525JAT	ENCFF525JAT	ENCSR025EYJ	ENCSR716TYV	ChromBPNet	sequence contribution scores profile	bigWig	DNase-seq	none	T-cell	t-cell	immune	immune-system	none	profile	passed
ENCFF553MAE	ENCFF553MAE	ENCSR186NTL	ENCSR801GOY	ChromBPNet	sequence contribution scores profile	bigWig	DNase-seq	none	T-cell	t-cell	immune	immune-system	none	profile	passed
ENCFF570DDD	ENCFF570DDD	ENCSR305WLF	ENCSR171OHS	ChromBPNet	sequence contribution scores profile	bigWig	DNase-seq	none	T-cell	t-cell	immune	immune-system	none	profile	passed
ENCFF573LBR	ENCFF573LBR	ENCSR290NGL	ENCSR298UAA	ChromBPNet	sequence contribution scores profile	bigWig	DNase-seq	none	T-cell	t-cell	immune	immune-system	none	profile	passed
ENCFF575VAL	ENCFF575VAL	ENCSR496UER	ENCSR064YIE	ChromBPNet	sequence contribution scores profile	bigWig	DNase-seq	none	T-cell	t-cell	immune	immune-system	none	profile	passed
ENCFF583BXM	ENCFF583BXM	ENCSR354SDH	ENCSR440BZZ	ChromBPNet	sequence contribution scores profile	bigWig	DNase-seq	none	T-cell	t-cell	immune	immune-system	none	profile	passed
ENCFF595CXE	ENCFF595CXE	ENCSR715TMH	ENCSR448PBW	ChromBPNet	sequence contribution scores profile	bigWig	DNase-seq	none	T-cell	t-cell	immune	immune-system	none	profile	passed
ENCFF602HCG	ENCFF602HCG	ENCSR507XBY	ENCSR137QZB	ChromBPNet	sequence contribution scores profile	bigWig	DNase-seq	none	T-cell	t-cell	immune	immune-system	none	profile	passed
ENCFF610VPX	ENCFF610VPX	ENCSR784RMA	ENCSR152AFM	ChromBPNet	sequence contribution scores profile	bigWig	DNase-seq	none	T-cell	t-cell	immune	immune-system	none	profile	passed
ENCFF618UVJ	ENCFF618UVJ	ENCSR385XHV	ENCSR335WRL	ChromBPNet	sequence contribution scores profile	bigWig	DNase-seq	none	T-cell	t-cell	immune	immune-system	none	profile	passed
ENCFF678BOL	ENCFF678BOL	ENCSR270JQK	ENCSR065RIH	ChromBPNet	sequence contribution scores profile	bigWig	DNase-seq	none	T-cell	t-cell	immune	immune-system	none	profile	passed
ENCFF682WLK	ENCFF682WLK	ENCSR803JVQ	ENCSR321CRM	ChromBPNet	sequence contribution scores profile	bigWig	DNase-seq	none	T-cell	t-cell	immune	immune-system	none	profile	passed
ENCFF694DYA	ENCFF694DYA	ENCSR630XDN	ENCSR188NOD	ChromBPNet	sequence contribution scores profile	bigWig	DNase-seq	none	T-cell	t-cell	immune	immune-system	none	profile	passed
ENCFF695QYW	ENCFF695QYW	ENCSR419OAR	ENCSR187FBN	ChromBPNet	sequence contribution scores profile	bigWig	DNase-seq	none	T-cell	t-cell	immune	immune-system	none	profile	passed
ENCFF696JBA	ENCFF696JBA	ENCSR863LZT	ENCSR794QQS	ChromBPNet	sequence contribution scores profile	bigWig	DNase-seq	none	T-cell	t-cell	immune	immune-system	none	profile	passed
ENCFF730EYL	ENCFF730EYL	ENCSR467MSP	ENCSR507ABN	ChromBPNet	sequence contribution scores profile	bigWig	DNase-seq	none	T-cell	t-cell	immune	immune-system	none	profile	passed
ENCFF752RAP	ENCFF752RAP	ENCSR788SKJ	ENCSR757BQE	ChromBPNet	sequence contribution scores profile	bigWig	DNase-seq	none	T-cell	t-cell	immune	immune-system	none	profile	passed
ENCFF769ILO	ENCFF769ILO	ENCSR251INE	ENCSR358NNZ	ChromBPNet	sequence contribution scores profile	bigWig	DNase-seq	none	T-cell	t-cell	immune	immune-system	none	profile	passed
ENCFF799CVV	ENCFF799CVV	ENCSR785RIM	ENCSR941BIE	ChromBPNet	sequence contribution scores profile	bigWig	DNase-seq	none	T-cell	t-cell	immune	immune-system	none	profile	passed
ENCFF810GBL	ENCFF810GBL	ENCSR213WNV	ENCSR838QAY	ChromBPNet	sequence contribution scores profile	bigWig	DNase-seq	none	T-cell	t-cell	immune	immune-system	none	profile	passed
ENCFF836MWH	ENCFF836MWH	ENCSR420HOT	ENCSR387VOB	ChromBPNet	sequence contribution scores profile	bigWig	DNase-seq	none	T-cell	t-cell	immune	immune-system	none	profile	passed
ENCFF852ZIU	ENCFF852ZIU	ENCSR926SNI	ENCSR653ROL	ChromBPNet	sequence contribution scores profile	bigWig	DNase-seq	none	T-cell	t-cell	immune	immune-system	none	profile	passed
ENCFF981VNL	ENCFF981VNL	ENCSR541PUY	ENCSR099KJG	ChromBPNet	sequence contribution scores profile	bigWig	DNase-seq	none	T-cell	t-cell	immune	immune-system	none	profile	passed
ENCFF982UZC	ENCFF982UZC	ENCSR310ZGQ	ENCSR917EWE	ChromBPNet	sequence contribution scores profile	bigWig	DNase-seq	none	T-cell	t-cell	immune	immune-system	none	profile	passed
ENCFF995UZZ	ENCFF995UZZ	ENCSR497NLU	ENCSR964WTY	ChromBPNet	sequence contribution scores profile	bigWig	DNase-seq	none	T-cell	t-cell	immune	immune-system	none	profile	passed
ENCFF996CEX	ENCFF996CEX	ENCSR628IRM	ENCSR147PTU	ChromBPNet	sequence contribution scores profile	bigWig	DNase-seq	none	T-cell	t-cell	immune	immune-system	none	profile	passed
ENCFF045NVM	ENCFF045NVM	ENCSR058ELM	ENCSR914TFI	ChromBPNet	sequence contribution scores profile	bigWig	DNase-seq	none	T-helper-1-cell	t-helper	immune	immune-system	none	profile	passed
ENCFF100SYB	ENCFF100SYB	ENCSR384GGJ	ENCSR653VWJ	ChromBPNet	sequence contribution scores profile	bigWig	DNase-seq	none	T-helper-1-cell	t-helper	immune	immune-system	none	profile	passed
ENCFF108KIL	ENCFF108KIL	ENCSR000EQD	ENCSR207XFF	ChromBPNet	sequence contribution scores profile	bigWig	DNase-seq	none	T-helper-1-cell	t-helper	immune	immune-system	none	profile	passed
ENCFF533OSH	ENCFF533OSH	ENCSR453RFW	ENCSR739ULY	ChromBPNet	sequence contribution scores profile	bigWig	DNase-seq	none	T-helper-1-cell	t-helper	immune	immune-system	none	profile	passed
ENCFF845WMR	ENCFF845WMR	ENCSR000EQE	ENCSR909XUO	ChromBPNet	sequence contribution scores profile	bigWig	DNase-seq	none	T-helper-1-cell	t-helper	immune	immune-system	none	profile	passed
ENCFF908UFC	ENCFF908UFC	ENCSR260UJJ	ENCSR752DQB	ChromBPNet	sequence contribution scores profile	bigWig	DNase-seq	none	T-helper-1-cell	t-helper	immune	immune-system	none	profile	passed
ENCFF983RIN	ENCFF983RIN	ENCSR035SZE	ENCSR908PMT	ChromBPNet	sequence contribution scores profile	bigWig	DNase-seq	none	T-helper-1-cell	t-helper	immune	immune-system	none	profile	passed
ENCFF256PRZ	ENCFF256PRZ	ENCSR248ZAC	ENCSR710TZU	ChromBPNet	sequence contribution scores profile	bigWig	ATAC-seq	none	T-helper-17-cell	t-helper	immune	immune-system	none	profile	passed
ENCFF741QNN	ENCFF741QNN	ENCSR803FKU	ENCSR251ZLN	ChromBPNet	sequence contribution scores profile	bigWig	ATAC-seq	none	T-helper-17-cell	t-helper	immune	immune-system	none	profile	passed
ENCFF745FOL	ENCFF745FOL	ENCSR611BQR	ENCSR647OGN	ChromBPNet	sequence contribution scores profile	bigWig	ATAC-seq	none	T-helper-17-cell	t-helper	immune	immune-system	none	profile	passed
ENCFF042KKG	ENCFF042KKG	ENCSR747RGR	ENCSR574LGV	ChromBPNet	sequence contribution scores profile	bigWig	DNase-seq	none	T-helper-17-cell	t-helper	immune	immune-system	none	profile	passed
ENCFF202KHK	ENCFF202KHK	ENCSR731KDL	ENCSR526ELA	ChromBPNet	sequence contribution scores profile	bigWig	DNase-seq	none	T-helper-17-cell	t-helper	immune	immune-system	none	profile	passed
ENCFF342QTT	ENCFF342QTT	ENCSR537TXP	ENCSR700DMS	ChromBPNet	sequence contribution scores profile	bigWig	DNase-seq	none	T-helper-17-cell	t-helper	immune	immune-system	none	profile	passed
ENCFF472OOO	ENCFF472OOO	ENCSR709YRE	ENCSR347TOO	ChromBPNet	sequence contribution scores profile	bigWig	DNase-seq	none	T-helper-17-cell	t-helper	immune	immune-system	none	profile	passed
ENCFF517CGM	ENCFF517CGM	ENCSR623PVB	ENCSR625NZK	ChromBPNet	sequence contribution scores profile	bigWig	DNase-seq	none	T-helper-17-cell	t-helper	immune	immune-system	none	profile	passed
ENCFF958YPN	ENCFF958YPN	ENCSR000EQF	ENCSR255EPH	ChromBPNet	sequence contribution scores profile	bigWig	DNase-seq	none	T-helper-17-cell	t-helper	immune	immune-system	none	profile	passed
ENCFF145UXB	ENCFF145UXB	ENCSR000EQH	ENCSR486TDW	ChromBPNet	sequence contribution scores profile	bigWig	DNase-seq	none	T-helper-2-cell	t-helper	immune	immune-system	none	profile	passed
ENCFF409OCF	ENCFF409OCF	ENCSR872IXQ	ENCSR775SOJ	ChromBPNet	sequence contribution scores profile	bigWig	DNase-seq	none	T-helper-2-cell	t-helper	immune	immune-system	none	profile	passed
ENCFF490GFG	ENCFF490GFG	ENCSR197ZNW	ENCSR971VHE	ChromBPNet	sequence contribution scores profile	bigWig	DNase-seq	none	T-helper-2-cell	t-helper	immune	immune-system	none	profile	passed
ENCFF606PVJ	ENCFF606PVJ	ENCSR869JYO	ENCSR134SAX	ChromBPNet	sequence contribution scores profile	bigWig	DNase-seq	none	T-helper-2-cell	t-helper	immune	immune-system	none	profile	passed
ENCFF680ZKZ	ENCFF680ZKZ	ENCSR223XND	ENCSR980WLK	ChromBPNet	sequence contribution scores profile	bigWig	DNase-seq	none	T-helper-2-cell	t-helper	immune	immune-system	none	profile	passed
ENCFF934VRM	ENCFF934VRM	ENCSR943KMD	ENCSR126JGP	ChromBPNet	sequence contribution scores profile	bigWig	DNase-seq	none	T-helper-2-cell	t-helper	immune	immune-system	none	profile	passed
ENCFF984ZPI	ENCFF984ZPI	ENCSR000EQI	ENCSR745WFF	ChromBPNet	sequence contribution scores profile	bigWig	DNase-seq	none	T-helper-2-cell	t-helper	immune	immune-system	none	profile	passed
ENCFF145GCC	ENCFF145GCC	ENCSR000EQB	ENCSR233KPU	ChromBPNet	sequence contribution scores profile	bigWig	DNase-seq	none	T47D	cell-line	cell-line	cell-line	none	profile	passed
ENCFF101NJC	ENCFF101NJC	ENCSR218FSP	ENCSR993TVH	ChromBPNet	sequence contribution scores profile	bigWig	DNase-seq	none	WERI-Rb-1	cell-line	cell-line	cell-line	none	profile	passed
ENCFF313GTS	ENCFF313GTS	ENCSR000EQL	ENCSR466RMK	ChromBPNet	sequence contribution scores profile	bigWig	DNase-seq	none	WERI-Rb-1	cell-line	cell-line	cell-line	none	profile	passed
ENCFF143BKG	ENCFF143BKG	ENCSR000EQM	ENCSR456VRU	ChromBPNet	sequence contribution scores profile	bigWig	DNase-seq	none	WI38	cell-line	cell-line	cell-line	none	profile	passed
ENCFF700VQC	ENCFF700VQC	ENCSR000EQN	ENCSR972HRO	ChromBPNet	sequence contribution scores profile	bigWig	DNase-seq	none	WI38	cell-line	cell-line	cell-line	none	profile	passed
ENCFF083MNO	ENCFF083MNO	ENCSR541KFY	ENCSR631EWP	ChromBPNet	sequence contribution scores profile	bigWig	ATAC-seq	none	WTC11	cell-line	cell-line	cell-line	none	profile	passed
ENCFF631NIW	ENCFF631NIW	ENCSR785ZUI	ENCSR751ECR	ChromBPNet	sequence contribution scores profile	bigWig	DNase-seq	none	WTC11	cell-line	cell-line	cell-line	none	profile	passed
ENCFF550GXN	ENCFF550GXN	ENCSR659SFK	ENCSR927SNZ	ChromBPNet	sequence contribution scores profile	bigWig	ATAC-seq	none	activated-B-cell	b-cell	immune	immune-system	none	profile	passed
ENCFF478ZRD	ENCFF478ZRD	ENCSR109DTU	ENCSR215IBY	ChromBPNet	sequence contribution scores profile	bigWig	DNase-seq	none	activated-B-cell	b-cell	immune	immune-system	none	profile	passed
ENCFF594GSF	ENCFF594GSF	ENCSR094QFZ	ENCSR294ULE	ChromBPNet	sequence contribution scores profile	bigWig	ATAC-seq	none	activated-CD4-positive,-CD25-positive,-alpha-beta-regulatory-T-cell	t-cell	immune	immune-system	none	profile	passed
ENCFF998JLL	ENCFF998JLL	ENCSR261PWP	ENCSR866REJ	ChromBPNet	sequence contribution scores profile	bigWig	ATAC-seq	none	activated-CD4-positive,-CD25-positive,-alpha-beta-regulatory-T-cell	t-cell	immune	immune-system	none	profile	passed
ENCFF233YAP	ENCFF233YAP	ENCSR133OSO	ENCSR382VVU	ChromBPNet	sequence contribution scores profile	bigWig	DNase-seq	none	activated-CD4-positive,-CD25-positive,-alpha-beta-regulatory-T-cell	t-cell	immune	immune-system	none	profile	passed
ENCFF693PMH	ENCFF693PMH	ENCSR242CLA	ENCSR151JCL	ChromBPNet	sequence contribution scores profile	bigWig	DNase-seq	none	activated-CD4-positive,-CD25-positive,-alpha-beta-regulatory-T-cell	t-cell	immune	immune-system	none	profile	passed
ENCFF999QZP	ENCFF999QZP	ENCSR991PBP	ENCSR559OBX	ChromBPNet	sequence contribution scores profile	bigWig	ATAC-seq	none	activated-CD4-positive,-alpha-beta-T-cell	t-cell	immune	immune-system	none	profile	passed
ENCFF021PKW	ENCFF021PKW	ENCSR679EFH	ENCSR434QWM	ChromBPNet	sequence contribution scores profile	bigWig	DNase-seq	none	activated-CD4-positive,-alpha-beta-T-cell	t-cell	immune	immune-system	none	profile	passed
ENCFF031RWA	ENCFF031RWA	ENCSR173HPQ	ENCSR884EKY	ChromBPNet	sequence contribution scores profile	bigWig	DNase-seq	none	activated-CD4-positive,-alpha-beta-T-cell	t-cell	immune	immune-system	none	profile	passed
ENCFF032VOX	ENCFF032VOX	ENCSR698VDM	ENCSR764UTK	ChromBPNet	sequence contribution scores profile	bigWig	DNase-seq	none	activated-CD4-positive,-alpha-beta-T-cell	t-cell	immune	immune-system	none	profile	passed
ENCFF040WUY	ENCFF040WUY	ENCSR273USD	ENCSR753CMU	ChromBPNet	sequence contribution scores profile	bigWig	DNase-seq	none	activated-CD4-positive,-alpha-beta-T-cell	t-cell	immune	immune-system	none	profile	passed
ENCFF061YTK	ENCFF061YTK	ENCSR124PXN	ENCSR763BIV	ChromBPNet	sequence contribution scores profile	bigWig	DNase-seq	none	activated-CD4-positive,-alpha-beta-T-cell	t-cell	immune	immune-system	none	profile	passed
ENCFF114IEX	ENCFF114IEX	ENCSR312ZTS	ENCSR478IVZ	ChromBPNet	sequence contribution scores profile	bigWig	DNase-seq	none	activated-CD4-positive,-alpha-beta-T-cell	t-cell	immune	immune-system	none	profile	passed
ENCFF132DIM	ENCFF132DIM	ENCSR799MVH	ENCSR342SVJ	ChromBPNet	sequence contribution scores profile	bigWig	DNase-seq	none	activated-CD4-positive,-alpha-beta-T-cell	t-cell	immune	immune-system	none	profile	passed
ENCFF175PVD	ENCFF175PVD	ENCSR874DUP	ENCSR708KHR	ChromBPNet	sequence contribution scores profile	bigWig	DNase-seq	none	activated-CD4-positive,-alpha-beta-T-cell	t-cell	immune	immune-system	none	profile	passed
ENCFF195WWT	ENCFF195WWT	ENCSR935HEI	ENCSR476LJY	ChromBPNet	sequence contribution scores profile	bigWig	DNase-seq	none	activated-CD4-positive,-alpha-beta-T-cell	t-cell	immune	immune-system	none	profile	passed
ENCFF270IVS	ENCFF270IVS	ENCSR841UCZ	ENCSR158YLN	ChromBPNet	sequence contribution scores profile	bigWig	DNase-seq	none	activated-CD4-positive,-alpha-beta-T-cell	t-cell	immune	immune-system	none	profile	passed
ENCFF290CKB	ENCFF290CKB	ENCSR323LVJ	ENCSR594QMF	ChromBPNet	sequence contribution scores profile	bigWig	DNase-seq	none	activated-CD4-positive,-alpha-beta-T-cell	t-cell	immune	immune-system	none	profile	passed
ENCFF298JJE	ENCFF298JJE	ENCSR801VSK	ENCSR420JER	ChromBPNet	sequence contribution scores profile	bigWig	DNase-seq	none	activated-CD4-positive,-alpha-beta-T-cell	t-cell	immune	immune-system	none	profile	passed
ENCFF365LXN	ENCFF365LXN	ENCSR740DJQ	ENCSR751LNJ	ChromBPNet	sequence contribution scores profile	bigWig	DNase-seq	none	activated-CD4-positive,-alpha-beta-T-cell	t-cell	immune	immune-system	none	profile	passed
ENCFF414MSP	ENCFF414MSP	ENCSR139PLJ	ENCSR224FSJ	ChromBPNet	sequence contribution scores profile	bigWig	DNase-seq	none	activated-CD4-positive,-alpha-beta-T-cell	t-cell	immune	immune-system	none	profile	passed
ENCFF445JAD	ENCFF445JAD	ENCSR604FER	ENCSR429MAD	ChromBPNet	sequence contribution scores profile	bigWig	DNase-seq	none	activated-CD4-positive,-alpha-beta-T-cell	t-cell	immune	immune-system	none	profile	passed
ENCFF483TXY	ENCFF483TXY	ENCSR144NXI	ENCSR820GUH	ChromBPNet	sequence contribution scores profile	bigWig	DNase-seq	none	activated-CD4-positive,-alpha-beta-T-cell	t-cell	immune	immune-system	none	profile	passed
ENCFF654HXX	ENCFF654HXX	ENCSR457JOG	ENCSR562WIA	ChromBPNet	sequence contribution scores profile	bigWig	DNase-seq	none	activated-CD4-positive,-alpha-beta-T-cell	t-cell	immune	immune-system	none	profile	passed
ENCFF671UKN	ENCFF671UKN	ENCSR768AWY	ENCSR897WWX	ChromBPNet	sequence contribution scores profile	bigWig	DNase-seq	none	activated-CD4-positive,-alpha-beta-T-cell	t-cell	immune	immune-system	none	profile	passed
ENCFF691ROW	ENCFF691ROW	ENCSR436JRE	ENCSR901DXM	ChromBPNet	sequence contribution scores profile	bigWig	DNase-seq	none	activated-CD4-positive,-alpha-beta-T-cell	t-cell	immune	immune-system	none	profile	passed
ENCFF761SCK	ENCFF761SCK	ENCSR493IQY	ENCSR422POB	ChromBPNet	sequence contribution scores profile	bigWig	DNase-seq	none	activated-CD4-positive,-alpha-beta-T-cell	t-cell	immune	immune-system	none	profile	passed
ENCFF789AXB	ENCFF789AXB	ENCSR252NVI	ENCSR599MKA	ChromBPNet	sequence contribution scores profile	bigWig	DNase-seq	none	activated-CD4-positive,-alpha-beta-T-cell	t-cell	immune	immune-system	none	profile	passed
ENCFF842GKT	ENCFF842GKT	ENCSR180KMR	ENCSR782KPZ	ChromBPNet	sequence contribution scores profile	bigWig	DNase-seq	none	activated-CD4-positive,-alpha-beta-T-cell	t-cell	immune	immune-system	none	profile	passed
ENCFF855QMP	ENCFF855QMP	ENCSR121BSW	ENCSR090UGL	ChromBPNet	sequence contribution scores profile	bigWig	DNase-seq	none	activated-CD4-positive,-alpha-beta-T-cell	t-cell	immune	immune-system	none	profile	passed
ENCFF969WUA	ENCFF969WUA	ENCSR154NOT	ENCSR114ZKF	ChromBPNet	sequence contribution scores profile	bigWig	DNase-seq	none	activated-CD4-positive,-alpha-beta-T-cell	t-cell	immune	immune-system	none	profile	passed
ENCFF974ECP	ENCFF974ECP	ENCSR021YFW	ENCSR301LCS	ChromBPNet	sequence contribution scores profile	bigWig	DNase-seq	none	activated-CD4-positive,-alpha-beta-memory-T-cell	t-cell	immune	immune-system	none	profile	passed
ENCFF320XVL	ENCFF320XVL	ENCSR718HWW	ENCSR522GVK	ChromBPNet	sequence contribution scores profile	bigWig	ATAC-seq	none	activated-CD8-positive,-alpha-beta-T-cell	t-cell	immune	immune-system	none	profile	passed
ENCFF681ONZ	ENCFF681ONZ	ENCSR545UJP	ENCSR698SZY	ChromBPNet	sequence contribution scores profile	bigWig	ATAC-seq	none	activated-CD8-positive,-alpha-beta-T-cell	t-cell	immune	immune-system	none	profile	passed
ENCFF682RCD	ENCFF682RCD	ENCSR776BTO	ENCSR838UZA	ChromBPNet	sequence contribution scores profile	bigWig	DNase-seq	none	activated-CD8-positive,-alpha-beta-T-cell	t-cell	immune	immune-system	none	profile	passed
ENCFF840VRA	ENCFF840VRA	ENCSR294YEJ	ENCSR881ZKT	ChromBPNet	sequence contribution scores profile	bigWig	DNase-seq	none	activated-CD8-positive,-alpha-beta-T-cell	t-cell	immune	immune-system	none	profile	passed
ENCFF542CJR	ENCFF542CJR	ENCSR915MTG	ENCSR740TJF	ChromBPNet	sequence contribution scores profile	bigWig	ATAC-seq	none	activated-CD8-positive,-alpha-beta-memory-T-cell	t-cell	immune	immune-system	none	profile	passed
ENCFF154SKV	ENCFF154SKV	ENCSR933VOY	ENCSR821ABU	ChromBPNet	sequence contribution scores profile	bigWig	DNase-seq	none	activated-CD8-positive,-alpha-beta-memory-T-cell	t-cell	immune	immune-system	none	profile	passed
ENCFF177CGK	ENCFF177CGK	ENCSR653ISV	ENCSR001PBZ	ChromBPNet	sequence contribution scores profile	bigWig	DNase-seq	none	activated-CD8-positive,-alpha-beta-memory-T-cell	t-cell	immune	immune-system	none	profile	passed
ENCFF189LNS	ENCFF189LNS	ENCSR971MMF	ENCSR854AOU	ChromBPNet	sequence contribution scores profile	bigWig	DNase-seq	none	activated-CD8-positive,-alpha-beta-memory-T-cell	t-cell	immune	immune-system	none	profile	passed
ENCFF197XUO	ENCFF197XUO	ENCSR274XTS	ENCSR839SCD	ChromBPNet	sequence contribution scores profile	bigWig	DNase-seq	none	activated-CD8-positive,-alpha-beta-memory-T-cell	t-cell	immune	immune-system	none	profile	passed
ENCFF267NRF	ENCFF267NRF	ENCSR950YTI	ENCSR234XNV	ChromBPNet	sequence contribution scores profile	bigWig	DNase-seq	none	activated-CD8-positive,-alpha-beta-memory-T-cell	t-cell	immune	immune-system	none	profile	passed
ENCFF287JBG	ENCFF287JBG	ENCSR534OJE	ENCSR014DCO	ChromBPNet	sequence contribution scores profile	bigWig	DNase-seq	none	activated-CD8-positive,-alpha-beta-memory-T-cell	t-cell	immune	immune-system	none	profile	passed
ENCFF311OKP	ENCFF311OKP	ENCSR134CIY	ENCSR741OGV	ChromBPNet	sequence contribution scores profile	bigWig	DNase-seq	none	activated-CD8-positive,-alpha-beta-memory-T-cell	t-cell	immune	immune-system	none	profile	passed
ENCFF322PJD	ENCFF322PJD	ENCSR951MYM	ENCSR955CKY	ChromBPNet	sequence contribution scores profile	bigWig	DNase-seq	none	activated-CD8-positive,-alpha-beta-memory-T-cell	t-cell	immune	immune-system	none	profile	passed
ENCFF591RFI	ENCFF591RFI	ENCSR442SDV	ENCSR696EMG	ChromBPNet	sequence contribution scores profile	bigWig	DNase-seq	none	activated-CD8-positive,-alpha-beta-memory-T-cell	t-cell	immune	immune-system	none	profile	passed
ENCFF615PTA	ENCFF615PTA	ENCSR175OHT	ENCSR282COW	ChromBPNet	sequence contribution scores profile	bigWig	DNase-seq	none	activated-CD8-positive,-alpha-beta-memory-T-cell	t-cell	immune	immune-system	none	profile	passed
ENCFF727WXA	ENCFF727WXA	ENCSR141RSN	ENCSR645BWU	ChromBPNet	sequence contribution scores profile	bigWig	DNase-seq	none	activated-CD8-positive,-alpha-beta-memory-T-cell	t-cell	immune	immune-system	none	profile	passed
ENCFF848FLV	ENCFF848FLV	ENCSR860IDO	ENCSR145FGL	ChromBPNet	sequence contribution scores profile	bigWig	DNase-seq	none	activated-CD8-positive,-alpha-beta-memory-T-cell	t-cell	immune	immune-system	none	profile	passed
ENCFF907FGW	ENCFF907FGW	ENCSR171APM	ENCSR102OSF	ChromBPNet	sequence contribution scores profile	bigWig	DNase-seq	none	activated-CD8-positive,-alpha-beta-memory-T-cell	t-cell	immune	immune-system	none	profile	passed
ENCFF030HDN	ENCFF030HDN	ENCSR993XED	ENCSR658XDN	ChromBPNet	sequence contribution scores profile	bigWig	ATAC-seq	none	activated-T-cell	t-cell	immune	immune-system	none	profile	passed
ENCFF352WZW	ENCFF352WZW	ENCSR830ALP	ENCSR657WDG	ChromBPNet	sequence contribution scores profile	bigWig	ATAC-seq	none	activated-T-cell	t-cell	immune	immune-system	none	profile	passed
ENCFF374DIW	ENCFF374DIW	ENCSR558ZSN	ENCSR559GAM	ChromBPNet	sequence contribution scores profile	bigWig	ATAC-seq	none	activated-T-cell	t-cell	immune	immune-system	none	profile	passed
ENCFF523SYA	ENCFF523SYA	ENCSR092SRS	ENCSR586AZX	ChromBPNet	sequence contribution scores profile	bigWig	ATAC-seq	none	activated-T-cell	t-cell	immune	immune-system	none	profile	passed
ENCFF844VQC	ENCFF844VQC	ENCSR411NFB	ENCSR958JWD	ChromBPNet	sequence contribution scores profile	bigWig	ATAC-seq	none	activated-T-cell	t-cell	immune	immune-system	none	profile	passed
ENCFF861OKW	ENCFF861OKW	ENCSR775KMA	ENCSR281IMH	ChromBPNet	sequence contribution scores profile	bigWig	ATAC-seq	none	activated-T-cell	t-cell	immune	immune-system	none	profile	passed
ENCFF013KAC	ENCFF013KAC	ENCSR771JQH	ENCSR673OVY	ChromBPNet	sequence contribution scores profile	bigWig	DNase-seq	none	activated-T-cell	t-cell	immune	immune-system	none	profile	passed
ENCFF180JYG	ENCFF180JYG	ENCSR466SUZ	ENCSR248QWZ	ChromBPNet	sequence contribution scores profile	bigWig	DNase-seq	none	activated-T-cell	t-cell	immune	immune-system	none	profile	passed
ENCFF215REQ	ENCFF215REQ	ENCSR660FSU	ENCSR779VYF	ChromBPNet	sequence contribution scores profile	bigWig	DNase-seq	none	activated-T-cell	t-cell	immune	immune-system	none	profile	passed
ENCFF227ZNY	ENCFF227ZNY	ENCSR303JDG	ENCSR912VHI	ChromBPNet	sequence contribution scores profile	bigWig	DNase-seq	none	activated-T-cell	t-cell	immune	immune-system	none	profile	passed
ENCFF251GIR	ENCFF251GIR	ENCSR810CTB	ENCSR711QEP	ChromBPNet	sequence contribution scores profile	bigWig	DNase-seq	none	activated-T-cell	t-cell	immune	immune-system	none	profile	passed
ENCFF294GZR	ENCFF294GZR	ENCSR416QNA	ENCSR204XYH	ChromBPNet	sequence contribution scores profile	bigWig	DNase-seq	none	activated-T-cell	t-cell	immune	immune-system	none	profile	passed
ENCFF321IEB	ENCFF321IEB	ENCSR219KTW	ENCSR431GRV	ChromBPNet	sequence contribution scores profile	bigWig	DNase-seq	none	activated-T-cell	t-cell	immune	immune-system	none	profile	passed
ENCFF523LDC	ENCFF523LDC	ENCSR038POV	ENCSR165ZRY	ChromBPNet	sequence contribution scores profile	bigWig	DNase-seq	none	activated-T-cell	t-cell	immune	immune-system	none	profile	passed
ENCFF542YWG	ENCFF542YWG	ENCSR312INU	ENCSR221IMW	ChromBPNet	sequence contribution scores profile	bigWig	DNase-seq	none	activated-T-cell	t-cell	immune	immune-system	none	profile	passed
ENCFF773HBO	ENCFF773HBO	ENCSR343MCI	ENCSR385FDN	ChromBPNet	sequence contribution scores profile	bigWig	DNase-seq	none	activated-T-cell	t-cell	immune	immune-system	none	profile	passed
ENCFF865KZQ	ENCFF865KZQ	ENCSR223KKX	ENCSR024GLL	ChromBPNet	sequence contribution scores profile	bigWig	DNase-seq	none	activated-T-cell	t-cell	immune	immune-system	none	profile	passed
ENCFF878USE	ENCFF878USE	ENCSR273GCF	ENCSR753AZU	ChromBPNet	sequence contribution scores profile	bigWig	DNase-seq	none	activated-T-cell	t-cell	immune	immune-system	none	profile	passed
ENCFF972RQP	ENCFF972RQP	ENCSR617NTY	ENCSR122JYD	ChromBPNet	sequence contribution scores profile	bigWig	DNase-seq	none	activated-T-cell	t-cell	immune	immune-system	none	profile	passed
ENCFF492WXA	ENCFF492WXA	ENCSR636DIR	ENCSR025USQ	ChromBPNet	sequence contribution scores profile	bigWig	DNase-seq	none	activated-T-helper-1-cell	t-helper	immune	immune-system	none	profile	passed
ENCFF435LCZ	ENCFF435LCZ	ENCSR115OIV	ENCSR643BHE	ChromBPNet	sequence contribution scores profile	bigWig	ATAC-seq	none	activated-T-helper-17-cell	t-helper	immune	immune-system	none	profile	passed
ENCFF180EDO	ENCFF180EDO	ENCSR780ABS	ENCSR165GRK	ChromBPNet	sequence contribution scores profile	bigWig	DNase-seq	none	activated-T-helper-2-cell	t-helper	immune	immune-system	none	profile	passed
ENCFF039GXT	ENCFF039GXT	ENCSR373NFA	ENCSR572FSB	ChromBPNet	sequence contribution scores profile	bigWig	ATAC-seq	none	activated-naive-CD4-positive,-alpha-beta-T-cell	t-cell	immune	immune-system	none	profile	passed
ENCFF146MVX	ENCFF146MVX	ENCSR174SUM	ENCSR982XXE	ChromBPNet	sequence contribution scores profile	bigWig	ATAC-seq	none	activated-naive-CD4-positive,-alpha-beta-T-cell	t-cell	immune	immune-system	none	profile	passed
ENCFF101GEN	ENCFF101GEN	ENCSR386BOX	ENCSR976MJM	ChromBPNet	sequence contribution scores profile	bigWig	DNase-seq	none	activated-naive-CD4-positive,-alpha-beta-T-cell	t-cell	immune	immune-system	none	profile	passed
ENCFF256DMK	ENCFF256DMK	ENCSR593OUE	ENCSR755EAD	ChromBPNet	sequence contribution scores profile	bigWig	DNase-seq	none	activated-naive-CD4-positive,-alpha-beta-T-cell	t-cell	immune	immune-system	none	profile	passed
ENCFF511RVB	ENCFF511RVB	ENCSR515PDV	ENCSR836WUG	ChromBPNet	sequence contribution scores profile	bigWig	DNase-seq	none	activated-naive-CD4-positive,-alpha-beta-T-cell	t-cell	immune	immune-system	none	profile	passed
ENCFF513IGF	ENCFF513IGF	ENCSR778DWG	ENCSR872HWV	ChromBPNet	sequence contribution scores profile	bigWig	DNase-seq	none	activated-naive-CD4-positive,-alpha-beta-T-cell	t-cell	immune	immune-system	none	profile	passed
ENCFF611DDV	ENCFF611DDV	ENCSR396EWH	ENCSR031MEP	ChromBPNet	sequence contribution scores profile	bigWig	DNase-seq	none	activated-naive-CD4-positive,-alpha-beta-T-cell	t-cell	immune	immune-system	none	profile	passed
ENCFF620JYF	ENCFF620JYF	ENCSR478SWA	ENCSR789FJA	ChromBPNet	sequence contribution scores profile	bigWig	DNase-seq	none	activated-naive-CD4-positive,-alpha-beta-T-cell	t-cell	immune	immune-system	none	profile	passed
ENCFF815HJJ	ENCFF815HJJ	ENCSR100OSB	ENCSR549FXP	ChromBPNet	sequence contribution scores profile	bigWig	DNase-seq	none	activated-naive-CD4-positive,-alpha-beta-T-cell	t-cell	immune	immune-system	none	profile	passed
ENCFF181GRE	ENCFF181GRE	ENCSR477YSU	ENCSR405VMI	ChromBPNet	sequence contribution scores profile	bigWig	ATAC-seq	none	activated-naive-CD8-positive,-alpha-beta-T-cell	t-cell	immune	immune-system	none	profile	passed
ENCFF968ZTE	ENCFF968ZTE	ENCSR983HXF	ENCSR772JLL	ChromBPNet	sequence contribution scores profile	bigWig	ATAC-seq	none	activated-naive-CD8-positive,-alpha-beta-T-cell	t-cell	immune	immune-system	none	profile	passed
ENCFF231IBL	ENCFF231IBL	ENCSR572HUG	ENCSR608HZF	ChromBPNet	sequence contribution scores profile	bigWig	DNase-seq	none	activated-naive-CD8-positive,-alpha-beta-T-cell	t-cell	immune	immune-system	none	profile	passed
ENCFF352AJW	ENCFF352AJW	ENCSR518YYX	ENCSR900QIE	ChromBPNet	sequence contribution scores profile	bigWig	DNase-seq	none	activated-naive-CD8-positive,-alpha-beta-T-cell	t-cell	immune	immune-system	none	profile	passed
ENCFF413OXW	ENCFF413OXW	ENCSR044JIR	ENCSR246MCM	ChromBPNet	sequence contribution scores profile	bigWig	DNase-seq	none	activated-naive-CD8-positive,-alpha-beta-T-cell	t-cell	immune	immune-system	none	profile	passed
ENCFF796EAE	ENCFF796EAE	ENCSR009MDC	ENCSR794YME	ChromBPNet	sequence contribution scores profile	bigWig	DNase-seq	none	activated-naive-CD8-positive,-alpha-beta-T-cell	t-cell	immune	immune-system	none	profile	passed
ENCFF324VMC	ENCFF324VMC	ENCSR405TXU	ENCSR264LKG	ChromBPNet	sequence contribution scores profile	bigWig	DNase-seq	none	adipocyte	adipocyte	skin	integumental-system	none	profile	passed
ENCFF055SZA	ENCFF055SZA	ENCSR113MBR	ENCSR086JKR	ChromBPNet	sequence contribution scores profile	bigWig	ATAC-seq	none	adrenal-gland	renal	kidney	excretory-system	none	profile	passed
ENCFF176AUO	ENCFF176AUO	ENCSR542RNG	ENCSR594HLA	ChromBPNet	sequence contribution scores profile	bigWig	ATAC-seq	none	adrenal-gland	renal	kidney	excretory-system	none	profile	passed
ENCFF425HQH	ENCFF425HQH	ENCSR651SOJ	ENCSR256SRN	ChromBPNet	sequence contribution scores profile	bigWig	ATAC-seq	none	adrenal-gland	renal	kidney	excretory-system	none	profile	passed
ENCFF552KUD	ENCFF552KUD	ENCSR414DVK	ENCSR547VLW	ChromBPNet	sequence contribution scores profile	bigWig	ATAC-seq	none	adrenal-gland	renal	kidney	excretory-system	none	profile	passed
ENCFF697AHD	ENCFF697AHD	ENCSR241OBO	ENCSR371OUD	ChromBPNet	sequence contribution scores profile	bigWig	ATAC-seq	none	adrenal-gland	renal	kidney	excretory-system	none	profile	passed
ENCFF746RSR	ENCFF746RSR	ENCSR553LAZ	ENCSR906OGG	ChromBPNet	sequence contribution scores profile	bigWig	ATAC-seq	none	adrenal-gland	renal	kidney	excretory-system	none	profile	passed
ENCFF773PJC	ENCFF773PJC	ENCSR548KIL	ENCSR581CTF	ChromBPNet	sequence contribution scores profile	bigWig	ATAC-seq	none	adrenal-gland	renal	kidney	excretory-system	none	profile	passed
ENCFF779XKL	ENCFF779XKL	ENCSR864ADD	ENCSR335XYY	ChromBPNet	sequence contribution scores profile	bigWig	ATAC-seq	none	adrenal-gland	renal	kidney	excretory-system	none	profile	passed
ENCFF103MEO	ENCFF103MEO	ENCSR866RCY	ENCSR648APH	ChromBPNet	sequence contribution scores profile	bigWig	DNase-seq	none	adrenal-gland	renal	kidney	excretory-system	none	profile	passed
ENCFF172WHY	ENCFF172WHY	ENCSR962VJO	ENCSR810FNZ	ChromBPNet	sequence contribution scores profile	bigWig	DNase-seq	none	adrenal-gland	renal	kidney	excretory-system	none	profile	passed
ENCFF205NNW	ENCFF205NNW	ENCSR728BAD	ENCSR315ADW	ChromBPNet	sequence contribution scores profile	bigWig	DNase-seq	none	adrenal-gland	renal	kidney	excretory-system	none	profile	passed
ENCFF411HGK	ENCFF411HGK	ENCSR856QJX	ENCSR879UIA	ChromBPNet	sequence contribution scores profile	bigWig	DNase-seq	none	adrenal-gland	renal	kidney	excretory-system	none	profile	passed
ENCFF471NKO	ENCFF471NKO	ENCSR419MZH	ENCSR892BZF	ChromBPNet	sequence contribution scores profile	bigWig	DNase-seq	none	adrenal-gland	renal	kidney	excretory-system	none	profile	passed
ENCFF541GFO	ENCFF541GFO	ENCSR053ZKP	ENCSR967OBH	ChromBPNet	sequence contribution scores profile	bigWig	DNase-seq	none	adrenal-gland	renal	kidney	excretory-system	none	profile	passed
ENCFF720DVQ	ENCFF720DVQ	ENCSR060BFU	ENCSR430YSE	ChromBPNet	sequence contribution scores profile	bigWig	DNase-seq	none	adrenal-gland	renal	kidney	excretory-system	none	profile	passed
ENCFF729ZUF	ENCFF729ZUF	ENCSR325FWM	ENCSR929GDD	ChromBPNet	sequence contribution scores profile	bigWig	DNase-seq	none	adrenal-gland	renal	kidney	excretory-system	none	profile	passed
ENCFF772SSS	ENCFF772SSS	ENCSR277KRY	ENCSR167VCE	ChromBPNet	sequence contribution scores profile	bigWig	DNase-seq	none	adrenal-gland	renal	kidney	excretory-system	none	profile	passed
ENCFF779UVB	ENCFF779UVB	ENCSR696XSJ	ENCSR588WNH	ChromBPNet	sequence contribution scores profile	bigWig	DNase-seq	none	adrenal-gland	renal	kidney	excretory-system	none	profile	passed
ENCFF798GPL	ENCFF798GPL	ENCSR080PZL	ENCSR362GHU	ChromBPNet	sequence contribution scores profile	bigWig	DNase-seq	none	adrenal-gland	renal	kidney	excretory-system	none	profile	passed
ENCFF836LRE	ENCFF836LRE	ENCSR458AOS	ENCSR682XOG	ChromBPNet	sequence contribution scores profile	bigWig	DNase-seq	none	adrenal-gland	renal	kidney	excretory-system	none	profile	passed
ENCFF947KKH	ENCFF947KKH	ENCSR541JMK	ENCSR210OQR	ChromBPNet	sequence contribution scores profile	bigWig	DNase-seq	none	adrenal-gland	renal	kidney	excretory-system	none	profile	passed
ENCFF983PBP	ENCFF983PBP	ENCSR259GYP	ENCSR786XHR	ChromBPNet	sequence contribution scores profile	bigWig	DNase-seq	none	adrenal-gland	renal	kidney	excretory-system	none	profile	passed
ENCFF228GWO	ENCFF228GWO	ENCSR207TUX	ENCSR010APK	ChromBPNet	sequence contribution scores profile	bigWig	DNase-seq	none	amniotic-stem-cell	stem-cell	stem-cell	developmental-system	none	profile	passed
ENCFF903YPG	ENCFF903YPG	ENCSR295TFY	ENCSR757IZS	ChromBPNet	sequence contribution scores profile	bigWig	ATAC-seq	none	aorta	aorta	blood-vessel	circulatory-system	none	profile	passed
ENCFF306NHH	ENCFF306NHH	ENCSR713KNQ	ENCSR022DFT	ChromBPNet	sequence contribution scores profile	bigWig	DNase-seq	none	aorta	aorta	blood-vessel	circulatory-system	none	profile	passed
ENCFF705ENN	ENCFF705ENN	ENCSR595DQM	ENCSR306FXM	ChromBPNet	sequence contribution scores profile	bigWig	DNase-seq	none	aorta	aorta	blood-vessel	circulatory-system	none	profile	passed
ENCFF371PQK	ENCFF371PQK	ENCSR422IIZ	ENCSR041YVR	ChromBPNet	sequence contribution scores profile	bigWig	DNase-seq	none	ascending-aorta	aorta	blood-vessel	circulatory-system	none	profile	passed
ENCFF814PTS	ENCFF814PTS	ENCSR968TPO	ENCSR635FUD	ChromBPNet	sequence contribution scores profile	bigWig	DNase-seq	none	ascending-aorta	aorta	blood-vessel	circulatory-system	none	profile	passed
ENCFF551QSU	ENCFF551QSU	ENCSR146KFX	ENCSR997CWD	ChromBPNet	sequence contribution scores profile	bigWig	DNase-seq	none	astrocyte	astrocyte	nerve	central-nervous-system	none	profile	passed
ENCFF991OCV	ENCFF991OCV	ENCSR000EPM	ENCSR840BKO	ChromBPNet	sequence contribution scores profile	bigWig	DNase-seq	none	astrocyte	astrocyte	nerve	central-nervous-system	none	profile	passed
ENCFF289LGW	ENCFF289LGW	ENCSR000ENC	ENCSR448SEA	ChromBPNet	sequence contribution scores profile	bigWig	DNase-seq	none	astrocyte-of-the-cerebellum	cerebell	brain	central-nervous-system	none	profile	passed
ENCFF552EXS	ENCFF552EXS	ENCSR000ENA	ENCSR420HYN	ChromBPNet	sequence contribution scores profile	bigWig	DNase-seq	none	astrocyte-of-the-hippocampus	hippocampus	brain	central-nervous-system	none	profile	passed
ENCFF049QFA	ENCFF049QFA	ENCSR000ENB	ENCSR850BLY	ChromBPNet	sequence contribution scores profile	bigWig	DNase-seq	none	astrocyte-of-the-spinal-cord	spinal	CNS	central-nervous-system	none	profile	passed
ENCFF208DGX	ENCFF208DGX	ENCSR174MLD	ENCSR052YOP	ChromBPNet	sequence contribution scores profile	bigWig	ATAC-seq	none	bile-duct	bile	gallbladder	digestive-system	none	profile	passed
ENCFF379ARA	ENCFF379ARA	ENCSR325NFE	ENCSR983ILK	ChromBPNet	sequence contribution scores profile	bigWig	ATAC-seq	none	bile-duct	bile	gallbladder	digestive-system	none	profile	passed
ENCFF558TBM	ENCFF558TBM	ENCSR653ZWW	ENCSR545REK	ChromBPNet	sequence contribution scores profile	bigWig	ATAC-seq	none	bile-duct	bile	gallbladder	digestive-system	none	profile	passed
ENCFF154DOG	ENCFF154DOG	ENCSR515CDW	ENCSR512UQA	ChromBPNet	sequence contribution scores profile	bigWig	ATAC-seq	none	body-of-pancreas	pancreas	pancreas	digestive-system	none	profile	passed
ENCFF189KIA	ENCFF189KIA	ENCSR765MXG	ENCSR044DSU	ChromBPNet	sequence contribution scores profile	bigWig	ATAC-seq	none	body-of-pancreas	pancreas	pancreas	digestive-system	none	profile	passed
ENCFF675SOZ	ENCFF675SOZ	ENCSR773USD	ENCSR175MRS	ChromBPNet	sequence contribution scores profile	bigWig	ATAC-seq	none	body-of-pancreas	pancreas	pancreas	digestive-system	none	profile	passed
ENCFF933SRQ	ENCFF933SRQ	ENCSR152PSA	ENCSR907MIU	ChromBPNet	sequence contribution scores profile	bigWig	ATAC-seq	none	body-of-pancreas	pancreas	pancreas	digestive-system	none	profile	passed
ENCFF257WPV	ENCFF257WPV	ENCSR539WBA	ENCSR355YJZ	ChromBPNet	sequence contribution scores profile	bigWig	DNase-seq	none	body-of-pancreas	pancreas	pancreas	digestive-system	none	profile	passed
ENCFF447LMQ	ENCFF447LMQ	ENCSR828FVZ	ENCSR168TWU	ChromBPNet	sequence contribution scores profile	bigWig	DNase-seq	none	body-of-pancreas	pancreas	pancreas	digestive-system	none	profile	passed
ENCFF594ADU	ENCFF594ADU	ENCSR464TKV	ENCSR790UKO	ChromBPNet	sequence contribution scores profile	bigWig	DNase-seq	none	body-of-pancreas	pancreas	pancreas	digestive-system	none	profile	passed
ENCFF627URP	ENCFF627URP	ENCSR405YLV	ENCSR186WEO	ChromBPNet	sequence contribution scores profile	bigWig	DNase-seq	none	body-of-pancreas	pancreas	pancreas	digestive-system	none	profile	passed
ENCFF110FPD	ENCFF110FPD	ENCSR507GFJ	ENCSR439LTF	ChromBPNet	sequence contribution scores profile	bigWig	DNase-seq	none	brain	brain	brain	central-nervous-system	none	profile	passed
ENCFF198SPG	ENCFF198SPG	ENCSR309FOO	ENCSR233IXC	ChromBPNet	sequence contribution scores profile	bigWig	DNase-seq	none	brain	brain	brain	central-nervous-system	none	profile	passed
ENCFF224KPA	ENCFF224KPA	ENCSR947POC	ENCSR089PXQ	ChromBPNet	sequence contribution scores profile	bigWig	DNase-seq	none	brain	brain	brain	central-nervous-system	none	profile	passed
ENCFF239HUH	ENCFF239HUH	ENCSR344FLH	ENCSR993KJR	ChromBPNet	sequence contribution scores profile	bigWig	DNase-seq	none	brain	brain	brain	central-nervous-system	none	profile	passed
ENCFF354GDT	ENCFF354GDT	ENCSR595CSH	ENCSR113JAA	ChromBPNet	sequence contribution scores profile	bigWig	DNase-seq	none	brain	brain	brain	central-nervous-system	none	profile	passed
ENCFF442RXV	ENCFF442RXV	ENCSR330JXM	ENCSR192ORZ	ChromBPNet	sequence contribution scores profile	bigWig	DNase-seq	none	brain	brain	brain	central-nervous-system	none	profile	passed
ENCFF490AXV	ENCFF490AXV	ENCSR187PYY	ENCSR945HCY	ChromBPNet	sequence contribution scores profile	bigWig	DNase-seq	none	brain	brain	brain	central-nervous-system	none	profile	passed
ENCFF564DXI	ENCFF564DXI	ENCSR475VQD	ENCSR893WKR	ChromBPNet	sequence contribution scores profile	bigWig	DNase-seq	none	brain	brain	brain	central-nervous-system	none	profile	passed
ENCFF680KBG	ENCFF680KBG	ENCSR118WIQ	ENCSR209CVI	ChromBPNet	sequence contribution scores profile	bigWig	DNase-seq	none	brain	brain	brain	central-nervous-system	none	profile	passed
ENCFF690TPP	ENCFF690TPP	ENCSR820XRX	ENCSR242KXL	ChromBPNet	sequence contribution scores profile	bigWig	DNase-seq	none	brain	brain	brain	central-nervous-system	none	profile	passed
ENCFF781KKM	ENCFF781KKM	ENCSR026EOM	ENCSR835QBO	ChromBPNet	sequence contribution scores profile	bigWig	DNase-seq	none	brain	brain	brain	central-nervous-system	none	profile	passed
ENCFF804RXQ	ENCFF804RXQ	ENCSR572LDG	ENCSR403LFF	ChromBPNet	sequence contribution scores profile	bigWig	DNase-seq	none	brain	brain	brain	central-nervous-system	none	profile	passed
ENCFF846RCL	ENCFF846RCL	ENCSR420RWU	ENCSR211QSL	ChromBPNet	sequence contribution scores profile	bigWig	DNase-seq	none	brain	brain	brain	central-nervous-system	none	profile	passed
ENCFF031LAS	ENCFF031LAS	ENCSR000ENE	ENCSR323JJT	ChromBPNet	sequence contribution scores profile	bigWig	DNase-seq	none	brain-microvascular-endothelial-cell	brain	brain	central-nervous-system	none	profile	passed
ENCFF606RBK	ENCFF606RBK	ENCSR000ENF	ENCSR630WHT	ChromBPNet	sequence contribution scores profile	bigWig	DNase-seq	none	brain-pericyte	brain	brain	central-nervous-system	none	profile	passed
ENCFF010EES	ENCFF010EES	ENCSR846ZBX	ENCSR412FNW	ChromBPNet	sequence contribution scores profile	bigWig	ATAC-seq	none	breast-epithelium	breast	breast	integumental-system	none	profile	passed
ENCFF475KWC	ENCFF475KWC	ENCSR955JSO	ENCSR710ZXE	ChromBPNet	sequence contribution scores profile	bigWig	ATAC-seq	none	breast-epithelium	breast	breast	integumental-system	none	profile	passed
ENCFF495JDK	ENCFF495JDK	ENCSR654UYP	ENCSR930HKW	ChromBPNet	sequence contribution scores profile	bigWig	ATAC-seq	none	breast-epithelium	breast	breast	integumental-system	none	profile	passed
ENCFF249DBA	ENCFF249DBA	ENCSR859LTL	ENCSR602TUI	ChromBPNet	sequence contribution scores profile	bigWig	DNase-seq	none	breast-epithelium	breast	breast	integumental-system	none	profile	passed
ENCFF219CRF	ENCFF219CRF	ENCSR856NXV	ENCSR933BIZ	ChromBPNet	sequence contribution scores profile	bigWig	DNase-seq	none	cardiac-fibroblast	fibroblast	fibroblast	integumental-system	none	profile	passed
ENCFF269NVZ	ENCFF269NVZ	ENCSR000ENI	ENCSR713VSO	ChromBPNet	sequence contribution scores profile	bigWig	DNase-seq	none	cardiac-fibroblast	fibroblast	fibroblast	integumental-system	none	profile	passed
ENCFF223EYO	ENCFF223EYO	ENCSR842KCP	ENCSR293JHJ	ChromBPNet	sequence contribution scores profile	bigWig	DNase-seq	none	cardiac-muscle-cell	muscle	muscle	musculature	none	profile	passed
ENCFF276CNX	ENCFF276CNX	ENCSR167SYF	ENCSR130CJC	ChromBPNet	sequence contribution scores profile	bigWig	ATAC-seq	none	cardiac-septum	cardiac	heart	circulatory-system	none	profile	passed
ENCFF621UCJ	ENCFF621UCJ	ENCSR524QBS	ENCSR336YZW	ChromBPNet	sequence contribution scores profile	bigWig	DNase-seq	none	cardiac-septum	cardiac	heart	circulatory-system	none	profile	passed
ENCFF040BDO	ENCFF040BDO	ENCSR015BGH	ENCSR535UXH	ChromBPNet	sequence contribution scores profile	bigWig	DNase-seq	none	caudate-nucleus	caudate	brain	central-nervous-system	none	profile	passed
ENCFF349PLP	ENCFF349PLP	ENCSR165FYY	ENCSR017RWH	ChromBPNet	sequence contribution scores profile	bigWig	ATAC-seq	none	central-memory-CD8-positive,-alpha-beta-T-cell	t-cell	immune	immune-system	none	profile	passed
ENCFF875QJH	ENCFF875QJH	ENCSR503HIB	ENCSR392HTQ	ChromBPNet	sequence contribution scores profile	bigWig	DNase-seq	none	cerebellar-cortex	cerebell	brain	central-nervous-system	none	profile	passed
ENCFF131HUC	ENCFF131HUC	ENCSR802GEV	ENCSR660JXI	ChromBPNet	sequence contribution scores profile	bigWig	ATAC-seq	none	cerebellum	cerebell	brain	central-nervous-system	none	profile	passed
ENCFF520UVW	ENCFF520UVW	ENCSR970UNF	ENCSR425JQH	ChromBPNet	sequence contribution scores profile	bigWig	ATAC-seq	none	colonic-mucosa	colon	large-intestine	digestive-system	none	profile	passed
ENCFF077ABR	ENCFF077ABR	ENCSR576UAF	ENCSR235RGV	ChromBPNet	sequence contribution scores profile	bigWig	DNase-seq	none	colonic-mucosa	colon	large-intestine	digestive-system	none	profile	passed
ENCFF428JOX	ENCFF428JOX	ENCSR994KTY	ENCSR049DXG	ChromBPNet	sequence contribution scores profile	bigWig	DNase-seq	none	colonic-mucosa	colon	large-intestine	digestive-system	none	profile	passed
ENCFF070QAA	ENCFF070QAA	ENCSR320TUJ	ENCSR844LSP	ChromBPNet	sequence contribution scores profile	bigWig	DNase-seq	none	common-myeloid-progenitor,-CD34-positive	cd	immune	immune-system	none	profile	passed
ENCFF150GJI	ENCFF150GJI	ENCSR495INQ	ENCSR343SBB	ChromBPNet	sequence contribution scores profile	bigWig	DNase-seq	none	common-myeloid-progenitor,-CD34-positive	cd	immune	immune-system	none	profile	passed
ENCFF420OGY	ENCFF420OGY	ENCSR122VUW	ENCSR785ONZ	ChromBPNet	sequence contribution scores profile	bigWig	DNase-seq	none	common-myeloid-progenitor,-CD34-positive	cd	immune	immune-system	none	profile	passed
ENCFF452KFI	ENCFF452KFI	ENCSR281HBB	ENCSR324XWQ	ChromBPNet	sequence contribution scores profile	bigWig	DNase-seq	none	common-myeloid-progenitor,-CD34-positive	cd	immune	immune-system	none	profile	passed
ENCFF483HAN	ENCFF483HAN	ENCSR191EII	ENCSR120EUO	ChromBPNet	sequence contribution scores profile	bigWig	DNase-seq	none	common-myeloid-progenitor,-CD34-positive	cd	immune	immune-system	none	profile	passed
ENCFF530IDT	ENCFF530IDT	ENCSR639ZJI	ENCSR259LWN	ChromBPNet	sequence contribution scores profile	bigWig	DNase-seq	none	common-myeloid-progenitor,-CD34-positive	cd	immune	immune-system	none	profile	passed
ENCFF602ACD	ENCFF602ACD	ENCSR735BIM	ENCSR880XSD	ChromBPNet	sequence contribution scores profile	bigWig	DNase-seq	none	common-myeloid-progenitor,-CD34-positive	cd	immune	immune-system	none	profile	passed
ENCFF863HKN	ENCFF863HKN	ENCSR453EVC	ENCSR331SRC	ChromBPNet	sequence contribution scores profile	bigWig	DNase-seq	none	common-myeloid-progenitor,-CD34-positive	cd	immune	immune-system	none	profile	passed
ENCFF891ILF	ENCFF891ILF	ENCSR772HUG	ENCSR941WQE	ChromBPNet	sequence contribution scores profile	bigWig	DNase-seq	none	common-myeloid-progenitor,-CD34-positive	cd	immune	immune-system	none	profile	passed
ENCFF982FPK	ENCFF982FPK	ENCSR564TUY	ENCSR600JMG	ChromBPNet	sequence contribution scores profile	bigWig	DNase-seq	none	common-myeloid-progenitor,-CD34-positive	cd	immune	immune-system	none	profile	passed
ENCFF999ACG	ENCFF999ACG	ENCSR271QSV	ENCSR728PKQ	ChromBPNet	sequence contribution scores profile	bigWig	DNase-seq	none	common-myeloid-progenitor,-CD34-positive	cd	immune	immune-system	none	profile	passed
ENCFF022BLL	ENCFF022BLL	ENCSR584AXZ	ENCSR267ORB	ChromBPNet	sequence contribution scores profile	bigWig	ATAC-seq	none	coronary-artery	artery	blood-vessel	circulatory-system	none	profile	passed
ENCFF891FVL	ENCFF891FVL	ENCSR820WLP	ENCSR001WKX	ChromBPNet	sequence contribution scores profile	bigWig	DNase-seq	none	dedifferentiated-amniotic-fluid-mesenchymal-stem-cell	stem-cell	stem-cell	developmental-system	none	profile	passed
ENCFF030KHC	ENCFF030KHC	ENCSR589ROM	ENCSR146GBX	ChromBPNet	sequence contribution scores profile	bigWig	ATAC-seq	none	dendritic-cell	dendritic	immune	immune-system	none	profile	passed
ENCFF120KGS	ENCFF120KGS	ENCSR156FDX	ENCSR775URO	ChromBPNet	sequence contribution scores profile	bigWig	ATAC-seq	none	dendritic-cell	dendritic	immune	immune-system	none	profile	passed
ENCFF160AZF	ENCFF160AZF	ENCSR648JJT	ENCSR261RRH	ChromBPNet	sequence contribution scores profile	bigWig	ATAC-seq	none	dendritic-cell	dendritic	immune	immune-system	none	profile	passed
ENCFF164DQE	ENCFF164DQE	ENCSR679NRJ	ENCSR835SKI	ChromBPNet	sequence contribution scores profile	bigWig	ATAC-seq	none	dendritic-cell	dendritic	immune	immune-system	none	profile	passed
ENCFF272MIH	ENCFF272MIH	ENCSR535NOD	ENCSR744ZJP	ChromBPNet	sequence contribution scores profile	bigWig	ATAC-seq	none	dendritic-cell	dendritic	immune	immune-system	none	profile	passed
ENCFF278QGT	ENCFF278QGT	ENCSR208NBF	ENCSR842VHJ	ChromBPNet	sequence contribution scores profile	bigWig	ATAC-seq	none	dendritic-cell	dendritic	immune	immune-system	none	profile	passed
ENCFF296QHS	ENCFF296QHS	ENCSR131CHJ	ENCSR720OXB	ChromBPNet	sequence contribution scores profile	bigWig	ATAC-seq	none	dendritic-cell	dendritic	immune	immune-system	none	profile	passed
ENCFF384ESV	ENCFF384ESV	ENCSR059IHA	ENCSR383KJB	ChromBPNet	sequence contribution scores profile	bigWig	ATAC-seq	none	dendritic-cell	dendritic	immune	immune-system	none	profile	passed
ENCFF410QBC	ENCFF410QBC	ENCSR605EGR	ENCSR271FFV	ChromBPNet	sequence contribution scores profile	bigWig	ATAC-seq	none	dendritic-cell	dendritic	immune	immune-system	none	profile	passed
ENCFF525ROH	ENCFF525ROH	ENCSR628SXX	ENCSR375CWA	ChromBPNet	sequence contribution scores profile	bigWig	ATAC-seq	none	dendritic-cell	dendritic	immune	immune-system	none	profile	passed
ENCFF630QPA	ENCFF630QPA	ENCSR290AUK	ENCSR930QQL	ChromBPNet	sequence contribution scores profile	bigWig	ATAC-seq	none	dendritic-cell	dendritic	immune	immune-system	none	profile	passed
ENCFF690LLQ	ENCFF690LLQ	ENCSR926GDT	ENCSR861JCR	ChromBPNet	sequence contribution scores profile	bigWig	ATAC-seq	none	dendritic-cell	dendritic	immune	immune-system	none	profile	passed
ENCFF747ZTX	ENCFF747ZTX	ENCSR940QJU	ENCSR966GIS	ChromBPNet	sequence contribution scores profile	bigWig	ATAC-seq	none	dendritic-cell	dendritic	immune	immune-system	none	profile	passed
ENCFF775KNH	ENCFF775KNH	ENCSR566LZT	ENCSR818WFA	ChromBPNet	sequence contribution scores profile	bigWig	ATAC-seq	none	dendritic-cell	dendritic	immune	immune-system	none	profile	passed
ENCFF788HBI	ENCFF788HBI	ENCSR237VSF	ENCSR201RNX	ChromBPNet	sequence contribution scores profile	bigWig	ATAC-seq	none	dendritic-cell	dendritic	immune	immune-system	none	profile	passed
ENCFF796GEW	ENCFF796GEW	ENCSR329XFZ	ENCSR005GZQ	ChromBPNet	sequence contribution scores profile	bigWig	ATAC-seq	none	dendritic-cell	dendritic	immune	immune-system	none	profile	passed
ENCFF821IIU	ENCFF821IIU	ENCSR544YXV	ENCSR447FVJ	ChromBPNet	sequence contribution scores profile	bigWig	ATAC-seq	none	dendritic-cell	dendritic	immune	immune-system	none	profile	passed
ENCFF850JOM	ENCFF850JOM	ENCSR904UKR	ENCSR337TNB	ChromBPNet	sequence contribution scores profile	bigWig	ATAC-seq	none	dendritic-cell	dendritic	immune	immune-system	none	profile	passed
ENCFF879JEX	ENCFF879JEX	ENCSR459AYS	ENCSR494NGO	ChromBPNet	sequence contribution scores profile	bigWig	ATAC-seq	none	dendritic-cell	dendritic	immune	immune-system	none	profile	passed
ENCFF889EGS	ENCFF889EGS	ENCSR204FCV	ENCSR211DNX	ChromBPNet	sequence contribution scores profile	bigWig	ATAC-seq	none	dendritic-cell	dendritic	immune	immune-system	none	profile	passed
ENCFF907ORP	ENCFF907ORP	ENCSR901IEQ	ENCSR955LBO	ChromBPNet	sequence contribution scores profile	bigWig	ATAC-seq	none	dendritic-cell	dendritic	immune	immune-system	none	profile	passed
ENCFF943EZD	ENCFF943EZD	ENCSR222SCA	ENCSR026FFL	ChromBPNet	sequence contribution scores profile	bigWig	ATAC-seq	none	dendritic-cell	dendritic	immune	immune-system	none	profile	passed
ENCFF952AMO	ENCFF952AMO	ENCSR370QWN	ENCSR602OYM	ChromBPNet	sequence contribution scores profile	bigWig	ATAC-seq	none	dendritic-cell	dendritic	immune	immune-system	none	profile	passed
ENCFF970QZY	ENCFF970QZY	ENCSR926TFY	ENCSR657PZC	ChromBPNet	sequence contribution scores profile	bigWig	ATAC-seq	none	dendritic-cell	dendritic	immune	immune-system	none	profile	passed
ENCFF240VKE	ENCFF240VKE	ENCSR000ENZ	ENCSR221QDT	ChromBPNet	sequence contribution scores profile	bigWig	DNase-seq	none	dermis-blood-vessel-endothelial-cell	blood	blood	circulatory-system	none	profile	passed
ENCFF685DDF	ENCFF685DDF	ENCSR000ENX	ENCSR911KKG	ChromBPNet	sequence contribution scores profile	bigWig	DNase-seq	none	dermis-blood-vessel-endothelial-cell	blood	blood	circulatory-system	none	profile	passed
ENCFF814BQX	ENCFF814BQX	ENCSR000ENY	ENCSR884VBU	ChromBPNet	sequence contribution scores profile	bigWig	DNase-seq	none	dermis-blood-vessel-endothelial-cell	blood	blood	circulatory-system	none	profile	passed
ENCFF858IRZ	ENCFF858IRZ	ENCSR000EOB	ENCSR980UZA	ChromBPNet	sequence contribution scores profile	bigWig	DNase-seq	none	dermis-microvascular-lymphatic-vessel-endothelial-cell	lymph	lymph	immune-system	none	profile	passed
ENCFF876HTV	ENCFF876HTV	ENCSR000EOA	ENCSR778UOK	ChromBPNet	sequence contribution scores profile	bigWig	DNase-seq	none	dermis-microvascular-lymphatic-vessel-endothelial-cell	lymph	lymph	immune-system	none	profile	passed
ENCFF019EBO	ENCFF019EBO	ENCSR819GAF	ENCSR421KYK	ChromBPNet	sequence contribution scores profile	bigWig	DNase-seq	none	dorsolateral-prefrontal-cortex	prefrontal	brain	central-nervous-system	none	profile	passed
ENCFF046WBX	ENCFF046WBX	ENCSR879XUH	ENCSR355GMV	ChromBPNet	sequence contribution scores profile	bigWig	DNase-seq	none	dorsolateral-prefrontal-cortex	prefrontal	brain	central-nervous-system	none	profile	passed
ENCFF060NPI	ENCFF060NPI	ENCSR306LNA	ENCSR950QGN	ChromBPNet	sequence contribution scores profile	bigWig	DNase-seq	none	dorsolateral-prefrontal-cortex	prefrontal	brain	central-nervous-system	none	profile	passed
ENCFF113BBZ	ENCFF113BBZ	ENCSR498RLX	ENCSR261LIM	ChromBPNet	sequence contribution scores profile	bigWig	DNase-seq	none	dorsolateral-prefrontal-cortex	prefrontal	brain	central-nervous-system	none	profile	passed
ENCFF133ORR	ENCFF133ORR	ENCSR209ECO	ENCSR537KZP	ChromBPNet	sequence contribution scores profile	bigWig	DNase-seq	none	dorsolateral-prefrontal-cortex	prefrontal	brain	central-nervous-system	none	profile	passed
ENCFF164HGH	ENCFF164HGH	ENCSR606QDB	ENCSR834WHJ	ChromBPNet	sequence contribution scores profile	bigWig	DNase-seq	none	dorsolateral-prefrontal-cortex	prefrontal	brain	central-nervous-system	none	profile	passed
ENCFF176XSC	ENCFF176XSC	ENCSR661AMM	ENCSR430WUE	ChromBPNet	sequence contribution scores profile	bigWig	DNase-seq	none	dorsolateral-prefrontal-cortex	prefrontal	brain	central-nervous-system	none	profile	passed
ENCFF181RCH	ENCFF181RCH	ENCSR532DBH	ENCSR997KIT	ChromBPNet	sequence contribution scores profile	bigWig	DNase-seq	none	dorsolateral-prefrontal-cortex	prefrontal	brain	central-nervous-system	none	profile	passed
ENCFF185UOA	ENCFF185UOA	ENCSR210ESN	ENCSR626SYC	ChromBPNet	sequence contribution scores profile	bigWig	DNase-seq	none	dorsolateral-prefrontal-cortex	prefrontal	brain	central-nervous-system	none	profile	passed
ENCFF194XOM	ENCFF194XOM	ENCSR749WVO	ENCSR780JVF	ChromBPNet	sequence contribution scores profile	bigWig	DNase-seq	none	dorsolateral-prefrontal-cortex	prefrontal	brain	central-nervous-system	none	profile	passed
ENCFF215FEY	ENCFF215FEY	ENCSR571CJM	ENCSR262FCJ	ChromBPNet	sequence contribution scores profile	bigWig	DNase-seq	none	dorsolateral-prefrontal-cortex	prefrontal	brain	central-nervous-system	none	profile	passed
ENCFF219QYV	ENCFF219QYV	ENCSR800MBE	ENCSR286DZK	ChromBPNet	sequence contribution scores profile	bigWig	DNase-seq	none	dorsolateral-prefrontal-cortex	prefrontal	brain	central-nervous-system	none	profile	passed
ENCFF233MOT	ENCFF233MOT	ENCSR221ROM	ENCSR954WIR	ChromBPNet	sequence contribution scores profile	bigWig	DNase-seq	none	dorsolateral-prefrontal-cortex	prefrontal	brain	central-nervous-system	none	profile	passed
ENCFF270QSW	ENCFF270QSW	ENCSR904LMG	ENCSR095YZQ	ChromBPNet	sequence contribution scores profile	bigWig	DNase-seq	none	dorsolateral-prefrontal-cortex	prefrontal	brain	central-nervous-system	none	profile	passed
ENCFF276MBP	ENCFF276MBP	ENCSR670BGI	ENCSR731MTZ	ChromBPNet	sequence contribution scores profile	bigWig	DNase-seq	none	dorsolateral-prefrontal-cortex	prefrontal	brain	central-nervous-system	none	profile	passed
ENCFF277TIP	ENCFF277TIP	ENCSR426KLJ	ENCSR968WVY	ChromBPNet	sequence contribution scores profile	bigWig	DNase-seq	none	dorsolateral-prefrontal-cortex	prefrontal	brain	central-nervous-system	none	profile	passed
ENCFF326KAR	ENCFF326KAR	ENCSR329FAP	ENCSR946QXD	ChromBPNet	sequence contribution scores profile	bigWig	DNase-seq	none	dorsolateral-prefrontal-cortex	prefrontal	brain	central-nervous-system	none	profile	passed
ENCFF366JOB	ENCFF366JOB	ENCSR001QTZ	ENCSR673LHA	ChromBPNet	sequence contribution scores profile	bigWig	DNase-seq	none	dorsolateral-prefrontal-cortex	prefrontal	brain	central-nervous-system	none	profile	passed
ENCFF417HVT	ENCFF417HVT	ENCSR811OUF	ENCSR682NOF	ChromBPNet	sequence contribution scores profile	bigWig	DNase-seq	none	dorsolateral-prefrontal-cortex	prefrontal	brain	central-nervous-system	none	profile	passed
ENCFF436NSL	ENCFF436NSL	ENCSR351FWN	ENCSR316BOA	ChromBPNet	sequence contribution scores profile	bigWig	DNase-seq	none	dorsolateral-prefrontal-cortex	prefrontal	brain	central-nervous-system	none	profile	passed
ENCFF443NMZ	ENCFF443NMZ	ENCSR570BWW	ENCSR317UTQ	ChromBPNet	sequence contribution scores profile	bigWig	DNase-seq	none	dorsolateral-prefrontal-cortex	prefrontal	brain	central-nervous-system	none	profile	passed
ENCFF467MSH	ENCFF467MSH	ENCSR340XQX	ENCSR073RCM	ChromBPNet	sequence contribution scores profile	bigWig	DNase-seq	none	dorsolateral-prefrontal-cortex	prefrontal	brain	central-nervous-system	none	profile	passed
ENCFF468CDC	ENCFF468CDC	ENCSR839RAJ	ENCSR309NTI	ChromBPNet	sequence contribution scores profile	bigWig	DNase-seq	none	dorsolateral-prefrontal-cortex	prefrontal	brain	central-nervous-system	none	profile	passed
ENCFF473DEE	ENCFF473DEE	ENCSR401UZL	ENCSR187CII	ChromBPNet	sequence contribution scores profile	bigWig	DNase-seq	none	dorsolateral-prefrontal-cortex	prefrontal	brain	central-nervous-system	none	profile	passed
ENCFF521WPH	ENCFF521WPH	ENCSR059NIN	ENCSR686YEI	ChromBPNet	sequence contribution scores profile	bigWig	DNase-seq	none	dorsolateral-prefrontal-cortex	prefrontal	brain	central-nervous-system	none	profile	passed
ENCFF523XOI	ENCFF523XOI	ENCSR060MJY	ENCSR377KWB	ChromBPNet	sequence contribution scores profile	bigWig	DNase-seq	none	dorsolateral-prefrontal-cortex	prefrontal	brain	central-nervous-system	none	profile	passed
ENCFF536XIF	ENCFF536XIF	ENCSR880CUB	ENCSR425DRZ	ChromBPNet	sequence contribution scores profile	bigWig	DNase-seq	none	dorsolateral-prefrontal-cortex	prefrontal	brain	central-nervous-system	none	profile	passed
ENCFF558OTS	ENCFF558OTS	ENCSR006MAW	ENCSR653LBE	ChromBPNet	sequence contribution scores profile	bigWig	DNase-seq	none	dorsolateral-prefrontal-cortex	prefrontal	brain	central-nervous-system	none	profile	passed
ENCFF560IUR	ENCFF560IUR	ENCSR832XVZ	ENCSR514NIZ	ChromBPNet	sequence contribution scores profile	bigWig	DNase-seq	none	dorsolateral-prefrontal-cortex	prefrontal	brain	central-nervous-system	none	profile	passed
ENCFF578JKN	ENCFF578JKN	ENCSR173YSO	ENCSR142NSU	ChromBPNet	sequence contribution scores profile	bigWig	DNase-seq	none	dorsolateral-prefrontal-cortex	prefrontal	brain	central-nervous-system	none	profile	passed
ENCFF586VZV	ENCFF586VZV	ENCSR490UQP	ENCSR154JQI	ChromBPNet	sequence contribution scores profile	bigWig	DNase-seq	none	dorsolateral-prefrontal-cortex	prefrontal	brain	central-nervous-system	none	profile	passed
ENCFF643NOA	ENCFF643NOA	ENCSR796YOJ	ENCSR692SGA	ChromBPNet	sequence contribution scores profile	bigWig	DNase-seq	none	dorsolateral-prefrontal-cortex	prefrontal	brain	central-nervous-system	none	profile	passed
ENCFF645UEF	ENCFF645UEF	ENCSR014GTH	ENCSR794JFO	ChromBPNet	sequence contribution scores profile	bigWig	DNase-seq	none	dorsolateral-prefrontal-cortex	prefrontal	brain	central-nervous-system	none	profile	passed
ENCFF674QSS	ENCFF674QSS	ENCSR785MXI	ENCSR476OZB	ChromBPNet	sequence contribution scores profile	bigWig	DNase-seq	none	dorsolateral-prefrontal-cortex	prefrontal	brain	central-nervous-system	none	profile	passed
ENCFF685UKH	ENCFF685UKH	ENCSR865CYW	ENCSR708JEN	ChromBPNet	sequence contribution scores profile	bigWig	DNase-seq	none	dorsolateral-prefrontal-cortex	prefrontal	brain	central-nervous-system	none	profile	passed
ENCFF710YXO	ENCFF710YXO	ENCSR686LOE	ENCSR654MGS	ChromBPNet	sequence contribution scores profile	bigWig	DNase-seq	none	dorsolateral-prefrontal-cortex	prefrontal	brain	central-nervous-system	none	profile	passed
ENCFF771OUL	ENCFF771OUL	ENCSR022UVL	ENCSR405IYL	ChromBPNet	sequence contribution scores profile	bigWig	DNase-seq	none	dorsolateral-prefrontal-cortex	prefrontal	brain	central-nervous-system	none	profile	passed
ENCFF774QLC	ENCFF774QLC	ENCSR645HET	ENCSR131DAY	ChromBPNet	sequence contribution scores profile	bigWig	DNase-seq	none	dorsolateral-prefrontal-cortex	prefrontal	brain	central-nervous-system	none	profile	passed
ENCFF797DLB	ENCFF797DLB	ENCSR428ZCP	ENCSR835NKB	ChromBPNet	sequence contribution scores profile	bigWig	DNase-seq	none	dorsolateral-prefrontal-cortex	prefrontal	brain	central-nervous-system	none	profile	passed
ENCFF800JXL	ENCFF800JXL	ENCSR849WGE	ENCSR355TZK	ChromBPNet	sequence contribution scores profile	bigWig	DNase-seq	none	dorsolateral-prefrontal-cortex	prefrontal	brain	central-nervous-system	none	profile	passed
ENCFF829JHO	ENCFF829JHO	ENCSR215DXT	ENCSR541ABF	ChromBPNet	sequence contribution scores profile	bigWig	DNase-seq	none	dorsolateral-prefrontal-cortex	prefrontal	brain	central-nervous-system	none	profile	passed
ENCFF841MLH	ENCFF841MLH	ENCSR800KVI	ENCSR152IAX	ChromBPNet	sequence contribution scores profile	bigWig	DNase-seq	none	dorsolateral-prefrontal-cortex	prefrontal	brain	central-nervous-system	none	profile	passed
ENCFF842CHE	ENCFF842CHE	ENCSR928PKL	ENCSR180LWS	ChromBPNet	sequence contribution scores profile	bigWig	DNase-seq	none	dorsolateral-prefrontal-cortex	prefrontal	brain	central-nervous-system	none	profile	passed
ENCFF858XGC	ENCFF858XGC	ENCSR386XPD	ENCSR694SDG	ChromBPNet	sequence contribution scores profile	bigWig	DNase-seq	none	dorsolateral-prefrontal-cortex	prefrontal	brain	central-nervous-system	none	profile	passed
ENCFF880HUX	ENCFF880HUX	ENCSR617SVO	ENCSR867GZJ	ChromBPNet	sequence contribution scores profile	bigWig	DNase-seq	none	dorsolateral-prefrontal-cortex	prefrontal	brain	central-nervous-system	none	profile	passed
ENCFF894LJG	ENCFF894LJG	ENCSR124IMM	ENCSR413YAP	ChromBPNet	sequence contribution scores profile	bigWig	DNase-seq	none	dorsolateral-prefrontal-cortex	prefrontal	brain	central-nervous-system	none	profile	passed
ENCFF895STA	ENCFF895STA	ENCSR805RJA	ENCSR022HSN	ChromBPNet	sequence contribution scores profile	bigWig	DNase-seq	none	dorsolateral-prefrontal-cortex	prefrontal	brain	central-nervous-system	none	profile	passed
ENCFF957WNJ	ENCFF957WNJ	ENCSR921PPJ	ENCSR828GVT	ChromBPNet	sequence contribution scores profile	bigWig	DNase-seq	none	dorsolateral-prefrontal-cortex	prefrontal	brain	central-nervous-system	none	profile	passed
ENCFF957ZZR	ENCFF957ZZR	ENCSR518WRP	ENCSR243NFZ	ChromBPNet	sequence contribution scores profile	bigWig	DNase-seq	none	dorsolateral-prefrontal-cortex	prefrontal	brain	central-nervous-system	none	profile	passed
ENCFF892CRV	ENCFF892CRV	ENCSR360XIS	ENCSR384XMQ	ChromBPNet	sequence contribution scores profile	bigWig	DNase-seq	none	ecto-neural-progenitor-cell	neural	nerve	central-nervous-system	none	profile	passed
ENCFF193ZQV	ENCFF193ZQV	ENCSR607EJV	ENCSR985UCJ	ChromBPNet	sequence contribution scores profile	bigWig	DNase-seq	none	effector-memory-CD4-positive,-alpha-beta-T-cell	t-cell	immune	immune-system	none	profile	passed
ENCFF255BDE	ENCFF255BDE	ENCSR724INK	ENCSR869TPR	ChromBPNet	sequence contribution scores profile	bigWig	DNase-seq	none	effector-memory-CD4-positive,-alpha-beta-T-cell	t-cell	immune	immune-system	none	profile	passed
ENCFF749ZBP	ENCFF749ZBP	ENCSR582QEW	ENCSR560YXB	ChromBPNet	sequence contribution scores profile	bigWig	DNase-seq	none	effector-memory-CD4-positive,-alpha-beta-T-cell	t-cell	immune	immune-system	none	profile	passed
ENCFF779MLK	ENCFF779MLK	ENCSR392YGP	ENCSR338IET	ChromBPNet	sequence contribution scores profile	bigWig	ATAC-seq	none	effector-memory-CD8-positive,-alpha-beta-T-cell	t-cell	immune	immune-system	none	profile	passed
ENCFF878RCS	ENCFF878RCS	ENCSR019XCN	ENCSR564YQY	ChromBPNet	sequence contribution scores profile	bigWig	ATAC-seq	none	effector-memory-CD8-positive,-alpha-beta-T-cell	t-cell	immune	immune-system	none	profile	passed
ENCFF667GHL	ENCFF667GHL	ENCSR435NHO	ENCSR665XRD	ChromBPNet	sequence contribution scores profile	bigWig	DNase-seq	none	embryonic-facial-prominence	embryonic	stem-cell	developmental-system	none	profile	passed
ENCFF332NBR	ENCFF332NBR	ENCSR940CXU	ENCSR025YKH	ChromBPNet	sequence contribution scores profile	bigWig	DNase-seq	none	endodermal-cell	endoderm	endodermal	developmental-system	none	profile	passed
ENCFF801XZI	ENCFF801XZI	ENCSR166KPV	ENCSR878LZM	ChromBPNet	sequence contribution scores profile	bigWig	DNase-seq	none	endodermal-cell	endoderm	endodermal	developmental-system	none	profile	passed
ENCFF250IWQ	ENCFF250IWQ	ENCSR541IET	ENCSR042WJQ	ChromBPNet	sequence contribution scores profile	bigWig	DNase-seq	none	endothelial-cell	endothelial	blood-vessel	circulatory-system	none	profile	passed
ENCFF412ODQ	ENCFF412ODQ	ENCSR000EOQ	ENCSR646VRX	ChromBPNet	sequence contribution scores profile	bigWig	DNase-seq	none	endothelial-cell-of-umbilical-vein	endothelial	blood-vessel	circulatory-system	none	profile	passed
ENCFF895HDH	ENCFF895HDH	ENCSR000EPU	ENCSR308JFW	ChromBPNet	sequence contribution scores profile	bigWig	DNase-seq	none	epithelial-cell-of-prostate	epithelial	epithelial	integumental-system	none	profile	passed
ENCFF251LRH	ENCFF251LRH	ENCSR303PWB	ENCSR014REV	ChromBPNet	sequence contribution scores profile	bigWig	ATAC-seq	none	esophagus-mucosa	esophag	stomach	digestive-system	none	profile	passed
ENCFF171WFA	ENCFF171WFA	ENCSR609GST	ENCSR819FQP	ChromBPNet	sequence contribution scores profile	bigWig	ATAC-seq	none	esophagus-muscularis-mucosa	esophag	stomach	digestive-system	none	profile	passed
ENCFF095UWS	ENCFF095UWS	ENCSR096BPX	ENCSR008JSY	ChromBPNet	sequence contribution scores profile	bigWig	ATAC-seq	none	esophagus-squamous-epithelium	esophag	stomach	digestive-system	none	profile	passed
ENCFF651ZEN	ENCFF651ZEN	ENCSR127PWK	ENCSR471AVR	ChromBPNet	sequence contribution scores profile	bigWig	DNase-seq	none	eye	eye	eye	sensory-system	none	profile	passed
ENCFF332CJT	ENCFF332CJT	ENCSR238VHV	ENCSR520YSU	ChromBPNet	sequence contribution scores profile	bigWig	ATAC-seq	none	fallopian-tube	fallopian	ovary	reproductive-system	none	profile	passed
ENCFF888PJN	ENCFF888PJN	ENCSR212LAZ	ENCSR870FAP	ChromBPNet	sequence contribution scores profile	bigWig	ATAC-seq	none	fallopian-tube	fallopian	ovary	reproductive-system	none	profile	passed
ENCFF974EFP	ENCFF974EFP	ENCSR565DSD	ENCSR370PQR	ChromBPNet	sequence contribution scores profile	bigWig	ATAC-seq	none	fallopian-tube	fallopian	ovary	reproductive-system	none	profile	passed
ENCFF504YQL	ENCFF504YQL	ENCSR805XIF	ENCSR685CQX	ChromBPNet	sequence contribution scores profile	bigWig	DNase-seq	none	femur	femur	bone	skeletal-system	none	profile	passed
ENCFF022RAW	ENCFF022RAW	ENCSR000ENS	ENCSR539QSE	ChromBPNet	sequence contribution scores profile	bigWig	DNase-seq	none	fibroblast-of-gingiva	fibroblast	fibroblast	integumental-system	none	profile	passed
ENCFF487DDK	ENCFF487DDK	ENCSR000EOJ	ENCSR350ZBB	ChromBPNet	sequence contribution scores profile	bigWig	DNase-seq	none	fibroblast-of-lung	fibroblast	fibroblast	integumental-system	none	profile	passed
ENCFF756UUK	ENCFF756UUK	ENCSR000ENW	ENCSR396YBJ	ChromBPNet	sequence contribution scores profile	bigWig	DNase-seq	none	fibroblast-of-mammary-gland	fibroblast	fibroblast	integumental-system	none	profile	passed
ENCFF106AWW	ENCFF106AWW	ENCSR000EOH	ENCSR008KMQ	ChromBPNet	sequence contribution scores profile	bigWig	DNase-seq	none	fibroblast-of-pulmonary-artery	fibroblast	fibroblast	integumental-system	none	profile	passed
ENCFF386BTT	ENCFF386BTT	ENCSR622TWS	ENCSR651HIG	ChromBPNet	sequence contribution scores profile	bigWig	DNase-seq	none	fibroblast-of-skin-of-abdomen	fibroblast	fibroblast	integumental-system	none	profile	passed
ENCFF731CSO	ENCFF731CSO	ENCSR176KYD	ENCSR214ZOR	ChromBPNet	sequence contribution scores profile	bigWig	DNase-seq	none	fibroblast-of-skin-of-abdomen	fibroblast	fibroblast	integumental-system	none	profile	passed
ENCFF498IZJ	ENCFF498IZJ	ENCSR184LMY	ENCSR517LPY	ChromBPNet	sequence contribution scores profile	bigWig	DNase-seq	none	fibroblast-of-skin-of-back	fibroblast	fibroblast	integumental-system	none	profile	passed
ENCFF766KCR	ENCFF766KCR	ENCSR562ACY	ENCSR271ZXE	ChromBPNet	sequence contribution scores profile	bigWig	DNase-seq	none	fibroblast-of-skin-of-left-biceps	fibroblast	fibroblast	integumental-system	none	profile	passed
ENCFF815MKF	ENCFF815MKF	ENCSR648GDP	ENCSR299KST	ChromBPNet	sequence contribution scores profile	bigWig	DNase-seq	none	fibroblast-of-skin-of-left-biceps	fibroblast	fibroblast	integumental-system	none	profile	passed
ENCFF321QRB	ENCFF321QRB	ENCSR555TFE	ENCSR779CZR	ChromBPNet	sequence contribution scores profile	bigWig	DNase-seq	none	fibroblast-of-skin-of-left-quadriceps	fibroblast	fibroblast	integumental-system	none	profile	passed
ENCFF844VJO	ENCFF844VJO	ENCSR371KRY	ENCSR239BBH	ChromBPNet	sequence contribution scores profile	bigWig	DNase-seq	none	fibroblast-of-skin-of-left-quadriceps	fibroblast	fibroblast	integumental-system	none	profile	passed
ENCFF239GHX	ENCFF239GHX	ENCSR383BLX	ENCSR722JCB	ChromBPNet	sequence contribution scores profile	bigWig	DNase-seq	none	fibroblast-of-skin-of-right-biceps	fibroblast	fibroblast	integumental-system	none	profile	passed
ENCFF704YMH	ENCFF704YMH	ENCSR217RVH	ENCSR823PNJ	ChromBPNet	sequence contribution scores profile	bigWig	DNase-seq	none	fibroblast-of-skin-of-right-quadriceps	fibroblast	fibroblast	integumental-system	none	profile	passed
ENCFF063IMR	ENCFF063IMR	ENCSR360LBD	ENCSR254QIH	ChromBPNet	sequence contribution scores profile	bigWig	DNase-seq	none	fibroblast-of-skin-of-scalp	fibroblast	fibroblast	integumental-system	none	profile	passed
ENCFF458IKN	ENCFF458IKN	ENCSR770DEN	ENCSR699TFI	ChromBPNet	sequence contribution scores profile	bigWig	DNase-seq	none	fibroblast-of-skin-of-scalp	fibroblast	fibroblast	integumental-system	none	profile	passed
ENCFF852XHW	ENCFF852XHW	ENCSR000ENK	ENCSR180SFJ	ChromBPNet	sequence contribution scores profile	bigWig	DNase-seq	none	fibroblast-of-the-conjunctiva	fibroblast	fibroblast	integumental-system	none	profile	passed
ENCFF133LDS	ENCFF133LDS	ENCSR670VQZ	ENCSR699HYM	ChromBPNet	sequence contribution scores profile	bigWig	DNase-seq	none	fibroblast-of-upper-back-skin	fibroblast	fibroblast	integumental-system	none	profile	passed
ENCFF358MWD	ENCFF358MWD	ENCSR325LYJ	ENCSR105QNI	ChromBPNet	sequence contribution scores profile	bigWig	DNase-seq	none	fibroblast-of-upper-back-skin	fibroblast	fibroblast	integumental-system	none	profile	passed
ENCFF699RTE	ENCFF699RTE	ENCSR000EOR	ENCSR918KKY	ChromBPNet	sequence contribution scores profile	bigWig	DNase-seq	none	fibroblast-of-villous-mesenchyme	fibroblast	fibroblast	integumental-system	none	profile	passed
ENCFF889FJP	ENCFF889FJP	ENCSR166TEE	ENCSR193XJI	ChromBPNet	sequence contribution scores profile	bigWig	DNase-seq	none	forelimb-muscle	limb	limb	skeletal-system	none	profile	passed
ENCFF014CSL	ENCFF014CSL	ENCSR000ENQ	ENCSR999AEB	ChromBPNet	sequence contribution scores profile	bigWig	DNase-seq	none	foreskin-fibroblast	fibroblast	fibroblast	integumental-system	none	profile	passed
ENCFF740XCF	ENCFF740XCF	ENCSR251UPG	ENCSR205CAI	ChromBPNet	sequence contribution scores profile	bigWig	DNase-seq	none	foreskin-fibroblast	fibroblast	fibroblast	integumental-system	none	profile	passed
ENCFF777FAU	ENCFF777FAU	ENCSR153LHP	ENCSR869YPU	ChromBPNet	sequence contribution scores profile	bigWig	DNase-seq	none	foreskin-fibroblast	fibroblast	fibroblast	integumental-system	none	profile	passed
ENCFF948GPV	ENCFF948GPV	ENCSR356KRQ	ENCSR280GJX	ChromBPNet	sequence contribution scores profile	bigWig	ATAC-seq	none	foreskin-keratinocyte	skin	skin	integumental-system	none	profile	passed
ENCFF423EMS	ENCFF423EMS	ENCSR724CND	ENCSR208XNH	ChromBPNet	sequence contribution scores profile	bigWig	DNase-seq	none	foreskin-keratinocyte	skin	skin	integumental-system	none	profile	passed
ENCFF604FYQ	ENCFF604FYQ	ENCSR434OBM	ENCSR097YNL	ChromBPNet	sequence contribution scores profile	bigWig	DNase-seq	none	foreskin-melanocyte	skin	skin	integumental-system	none	profile	passed
ENCFF898TUX	ENCFF898TUX	ENCSR518JGY	ENCSR986BUJ	ChromBPNet	sequence contribution scores profile	bigWig	DNase-seq	none	foreskin-melanocyte	skin	skin	integumental-system	none	profile	passed
ENCFF102OWZ	ENCFF102OWZ	ENCSR308HPZ	ENCSR905YHT	ChromBPNet	sequence contribution scores profile	bigWig	ATAC-seq	none	gastrocnemius-medialis	medialis	muscle	musculature	none	profile	passed
ENCFF127TZU	ENCFF127TZU	ENCSR689SDA	ENCSR972MFI	ChromBPNet	sequence contribution scores profile	bigWig	ATAC-seq	none	gastrocnemius-medialis	medialis	muscle	musculature	none	profile	passed
ENCFF461MLH	ENCFF461MLH	ENCSR823ZCR	ENCSR261SKQ	ChromBPNet	sequence contribution scores profile	bigWig	ATAC-seq	none	gastrocnemius-medialis	medialis	muscle	musculature	none	profile	passed
ENCFF641EXO	ENCFF641EXO	ENCSR258JCL	ENCSR328JBY	ChromBPNet	sequence contribution scores profile	bigWig	ATAC-seq	none	gastrocnemius-medialis	medialis	muscle	musculature	none	profile	passed
ENCFF511UDV	ENCFF511UDV	ENCSR791BHE	ENCSR906QLN	ChromBPNet	sequence contribution scores profile	bigWig	DNase-seq	none	gastrocnemius-medialis	medialis	muscle	musculature	none	profile	passed
ENCFF526XCQ	ENCFF526XCQ	ENCSR686WJL	ENCSR048SMK	ChromBPNet	sequence contribution scores profile	bigWig	DNase-seq	none	gastrocnemius-medialis	medialis	muscle	musculature	none	profile	passed
ENCFF549XPZ	ENCFF549XPZ	ENCSR520BAD	ENCSR037PCU	ChromBPNet	sequence contribution scores profile	bigWig	DNase-seq	none	gastrocnemius-medialis	medialis	muscle	musculature	none	profile	passed
ENCFF654CNU	ENCFF654CNU	ENCSR171ADO	ENCSR968OAS	ChromBPNet	sequence contribution scores profile	bigWig	DNase-seq	none	gastrocnemius-medialis	medialis	muscle	musculature	none	profile	passed
ENCFF164QAS	ENCFF164QAS	ENCSR670REK	ENCSR306DOD	ChromBPNet	sequence contribution scores profile	bigWig	ATAC-seq	none	gastroesophageal-sphincter	esophag	stomach	digestive-system	none	profile	passed
ENCFF799JED	ENCFF799JED	ENCSR260ZIV	ENCSR200XHH	ChromBPNet	sequence contribution scores profile	bigWig	ATAC-seq	none	gastroesophageal-sphincter	esophag	stomach	digestive-system	none	profile	passed
ENCFF011UBW	ENCFF011UBW	ENCSR771DAX	ENCSR741ZJG	ChromBPNet	sequence contribution scores profile	bigWig	DNase-seq	none	globus-pallidus	pallidus	brain	central-nervous-system	none	profile	passed
ENCFF060JCT	ENCFF060JCT	ENCSR000EOM	ENCSR405OPV	ChromBPNet	sequence contribution scores profile	bigWig	DNase-seq	none	glomerular-endothelial-cell	endothelial	blood-vessel	circulatory-system	none	profile	passed
ENCFF613LIE	ENCFF613LIE	ENCSR109RIQ	ENCSR369ZTD	ChromBPNet	sequence contribution scores profile	bigWig	DNase-seq	none	glutamatergic-neuron	neuron	nerve	central-nervous-system	none	profile	passed
ENCFF036DGT	ENCFF036DGT	ENCSR311EEL	ENCSR278XXC	ChromBPNet	sequence contribution scores profile	bigWig	DNase-seq	none	head-of-caudate-nucleus	caudate	brain	central-nervous-system	none	profile	passed
ENCFF039EUI	ENCFF039EUI	ENCSR271QID	ENCSR010NWV	ChromBPNet	sequence contribution scores profile	bigWig	DNase-seq	none	head-of-caudate-nucleus	caudate	brain	central-nervous-system	none	profile	passed
ENCFF054MTE	ENCFF054MTE	ENCSR587SZC	ENCSR779WBU	ChromBPNet	sequence contribution scores profile	bigWig	DNase-seq	none	head-of-caudate-nucleus	caudate	brain	central-nervous-system	none	profile	passed
ENCFF067EFS	ENCFF067EFS	ENCSR339TVH	ENCSR362TQA	ChromBPNet	sequence contribution scores profile	bigWig	DNase-seq	none	head-of-caudate-nucleus	caudate	brain	central-nervous-system	none	profile	passed
ENCFF093IFJ	ENCFF093IFJ	ENCSR860UTH	ENCSR778HSA	ChromBPNet	sequence contribution scores profile	bigWig	DNase-seq	none	head-of-caudate-nucleus	caudate	brain	central-nervous-system	none	profile	passed
ENCFF110BPN	ENCFF110BPN	ENCSR888ZIZ	ENCSR724WPU	ChromBPNet	sequence contribution scores profile	bigWig	DNase-seq	none	head-of-caudate-nucleus	caudate	brain	central-nervous-system	none	profile	passed
ENCFF132UZS	ENCFF132UZS	ENCSR239MQN	ENCSR841SNB	ChromBPNet	sequence contribution scores profile	bigWig	DNase-seq	none	head-of-caudate-nucleus	caudate	brain	central-nervous-system	none	profile	passed
ENCFF132WGB	ENCFF132WGB	ENCSR432QFU	ENCSR668KQQ	ChromBPNet	sequence contribution scores profile	bigWig	DNase-seq	none	head-of-caudate-nucleus	caudate	brain	central-nervous-system	none	profile	passed
ENCFF156BDT	ENCFF156BDT	ENCSR496UJY	ENCSR519YRN	ChromBPNet	sequence contribution scores profile	bigWig	DNase-seq	none	head-of-caudate-nucleus	caudate	brain	central-nervous-system	none	profile	passed
ENCFF161BEI	ENCFF161BEI	ENCSR775KLH	ENCSR749LTJ	ChromBPNet	sequence contribution scores profile	bigWig	DNase-seq	none	head-of-caudate-nucleus	caudate	brain	central-nervous-system	none	profile	passed
ENCFF169QQZ	ENCFF169QQZ	ENCSR002IHL	ENCSR035ROF	ChromBPNet	sequence contribution scores profile	bigWig	DNase-seq	none	head-of-caudate-nucleus	caudate	brain	central-nervous-system	none	profile	passed
ENCFF177LNA	ENCFF177LNA	ENCSR722HJG	ENCSR160HBG	ChromBPNet	sequence contribution scores profile	bigWig	DNase-seq	none	head-of-caudate-nucleus	caudate	brain	central-nervous-system	none	profile	passed
ENCFF179ZRZ	ENCFF179ZRZ	ENCSR176BPJ	ENCSR600CTA	ChromBPNet	sequence contribution scores profile	bigWig	DNase-seq	none	head-of-caudate-nucleus	caudate	brain	central-nervous-system	none	profile	passed
ENCFF194UAE	ENCFF194UAE	ENCSR516RTV	ENCSR647COV	ChromBPNet	sequence contribution scores profile	bigWig	DNase-seq	none	head-of-caudate-nucleus	caudate	brain	central-nervous-system	none	profile	passed
ENCFF195QLC	ENCFF195QLC	ENCSR333BUP	ENCSR573HMQ	ChromBPNet	sequence contribution scores profile	bigWig	DNase-seq	none	head-of-caudate-nucleus	caudate	brain	central-nervous-system	none	profile	passed
ENCFF198MZL	ENCFF198MZL	ENCSR916MHX	ENCSR064HTM	ChromBPNet	sequence contribution scores profile	bigWig	DNase-seq	none	head-of-caudate-nucleus	caudate	brain	central-nervous-system	none	profile	passed
ENCFF229TPK	ENCFF229TPK	ENCSR856XGY	ENCSR336IJK	ChromBPNet	sequence contribution scores profile	bigWig	DNase-seq	none	head-of-caudate-nucleus	caudate	brain	central-nervous-system	none	profile	passed
ENCFF237MXF	ENCFF237MXF	ENCSR116UQH	ENCSR677HLH	ChromBPNet	sequence contribution scores profile	bigWig	DNase-seq	none	head-of-caudate-nucleus	caudate	brain	central-nervous-system	none	profile	passed
ENCFF242TXB	ENCFF242TXB	ENCSR659JPP	ENCSR265GDY	ChromBPNet	sequence contribution scores profile	bigWig	DNase-seq	none	head-of-caudate-nucleus	caudate	brain	central-nervous-system	none	profile	passed
ENCFF249OAN	ENCFF249OAN	ENCSR717BBR	ENCSR883PJQ	ChromBPNet	sequence contribution scores profile	bigWig	DNase-seq	none	head-of-caudate-nucleus	caudate	brain	central-nervous-system	none	profile	passed
ENCFF263EID	ENCFF263EID	ENCSR483HUW	ENCSR459DVB	ChromBPNet	sequence contribution scores profile	bigWig	DNase-seq	none	head-of-caudate-nucleus	caudate	brain	central-nervous-system	none	profile	passed
ENCFF269WOU	ENCFF269WOU	ENCSR417LPB	ENCSR518EHF	ChromBPNet	sequence contribution scores profile	bigWig	DNase-seq	none	head-of-caudate-nucleus	caudate	brain	central-nervous-system	none	profile	passed
ENCFF276RKO	ENCFF276RKO	ENCSR113DHB	ENCSR505WFL	ChromBPNet	sequence contribution scores profile	bigWig	DNase-seq	none	head-of-caudate-nucleus	caudate	brain	central-nervous-system	none	profile	passed
ENCFF289FML	ENCFF289FML	ENCSR721DFB	ENCSR138CJH	ChromBPNet	sequence contribution scores profile	bigWig	DNase-seq	none	head-of-caudate-nucleus	caudate	brain	central-nervous-system	none	profile	passed
ENCFF313JPB	ENCFF313JPB	ENCSR742HBK	ENCSR831KWY	ChromBPNet	sequence contribution scores profile	bigWig	DNase-seq	none	head-of-caudate-nucleus	caudate	brain	central-nervous-system	none	profile	passed
ENCFF314AEC	ENCFF314AEC	ENCSR862SQC	ENCSR631LRH	ChromBPNet	sequence contribution scores profile	bigWig	DNase-seq	none	head-of-caudate-nucleus	caudate	brain	central-nervous-system	none	profile	passed
ENCFF315JDA	ENCFF315JDA	ENCSR440BPA	ENCSR750RJR	ChromBPNet	sequence contribution scores profile	bigWig	DNase-seq	none	head-of-caudate-nucleus	caudate	brain	central-nervous-system	none	profile	passed
ENCFF324RBH	ENCFF324RBH	ENCSR885WWJ	ENCSR224PQP	ChromBPNet	sequence contribution scores profile	bigWig	DNase-seq	none	head-of-caudate-nucleus	caudate	brain	central-nervous-system	none	profile	passed
ENCFF329MCV	ENCFF329MCV	ENCSR134IUJ	ENCSR022LQT	ChromBPNet	sequence contribution scores profile	bigWig	DNase-seq	none	head-of-caudate-nucleus	caudate	brain	central-nervous-system	none	profile	passed
ENCFF349LQU	ENCFF349LQU	ENCSR563HBG	ENCSR038VEO	ChromBPNet	sequence contribution scores profile	bigWig	DNase-seq	none	head-of-caudate-nucleus	caudate	brain	central-nervous-system	none	profile	passed
ENCFF369CIA	ENCFF369CIA	ENCSR276MDV	ENCSR525CNU	ChromBPNet	sequence contribution scores profile	bigWig	DNase-seq	none	head-of-caudate-nucleus	caudate	brain	central-nervous-system	none	profile	passed
ENCFF375LYN	ENCFF375LYN	ENCSR756FQD	ENCSR292TVD	ChromBPNet	sequence contribution scores profile	bigWig	DNase-seq	none	head-of-caudate-nucleus	caudate	brain	central-nervous-system	none	profile	passed
ENCFF384LZU	ENCFF384LZU	ENCSR879EVD	ENCSR745SQE	ChromBPNet	sequence contribution scores profile	bigWig	DNase-seq	none	head-of-caudate-nucleus	caudate	brain	central-nervous-system	none	profile	passed
ENCFF398CBS	ENCFF398CBS	ENCSR814DYF	ENCSR471RJZ	ChromBPNet	sequence contribution scores profile	bigWig	DNase-seq	none	head-of-caudate-nucleus	caudate	brain	central-nervous-system	none	profile	passed
ENCFF399ZHR	ENCFF399ZHR	ENCSR649MJI	ENCSR994FMN	ChromBPNet	sequence contribution scores profile	bigWig	DNase-seq	none	head-of-caudate-nucleus	caudate	brain	central-nervous-system	none	profile	passed
ENCFF402FII	ENCFF402FII	ENCSR297WRG	ENCSR419MGR	ChromBPNet	sequence contribution scores profile	bigWig	DNase-seq	none	head-of-caudate-nucleus	caudate	brain	central-nervous-system	none	profile	passed
ENCFF407VUX	ENCFF407VUX	ENCSR163GMC	ENCSR280PSS	ChromBPNet	sequence contribution scores profile	bigWig	DNase-seq	none	head-of-caudate-nucleus	caudate	brain	central-nervous-system	none	profile	passed
ENCFF415LZM	ENCFF415LZM	ENCSR217OHA	ENCSR237BVP	ChromBPNet	sequence contribution scores profile	bigWig	DNase-seq	none	head-of-caudate-nucleus	caudate	brain	central-nervous-system	none	profile	passed
ENCFF425HII	ENCFF425HII	ENCSR305WAA	ENCSR822LTO	ChromBPNet	sequence contribution scores profile	bigWig	DNase-seq	none	head-of-caudate-nucleus	caudate	brain	central-nervous-system	none	profile	passed
ENCFF444UYB	ENCFF444UYB	ENCSR637ZLM	ENCSR493SMX	ChromBPNet	sequence contribution scores profile	bigWig	DNase-seq	none	head-of-caudate-nucleus	caudate	brain	central-nervous-system	none	profile	passed
ENCFF448XLO	ENCFF448XLO	ENCSR688AWP	ENCSR136YYL	ChromBPNet	sequence contribution scores profile	bigWig	DNase-seq	none	head-of-caudate-nucleus	caudate	brain	central-nervous-system	none	profile	passed
ENCFF456GUT	ENCFF456GUT	ENCSR373TLU	ENCSR111AGB	ChromBPNet	sequence contribution scores profile	bigWig	DNase-seq	none	head-of-caudate-nucleus	caudate	brain	central-nervous-system	none	profile	passed
ENCFF468USS	ENCFF468USS	ENCSR638PZJ	ENCSR332IES	ChromBPNet	sequence contribution scores profile	bigWig	DNase-seq	none	head-of-caudate-nucleus	caudate	brain	central-nervous-system	none	profile	passed
ENCFF474QWZ	ENCFF474QWZ	ENCSR137FWW	ENCSR174PGN	ChromBPNet	sequence contribution scores profile	bigWig	DNase-seq	none	head-of-caudate-nucleus	caudate	brain	central-nervous-system	none	profile	passed
ENCFF480RFO	ENCFF480RFO	ENCSR163BSC	ENCSR484FNH	ChromBPNet	sequence contribution scores profile	bigWig	DNase-seq	none	head-of-caudate-nucleus	caudate	brain	central-nervous-system	none	profile	passed
ENCFF492HGJ	ENCFF492HGJ	ENCSR057GPV	ENCSR553KHP	ChromBPNet	sequence contribution scores profile	bigWig	DNase-seq	none	head-of-caudate-nucleus	caudate	brain	central-nervous-system	none	profile	passed
ENCFF506LPW	ENCFF506LPW	ENCSR274FZD	ENCSR371SHG	ChromBPNet	sequence contribution scores profile	bigWig	DNase-seq	none	head-of-caudate-nucleus	caudate	brain	central-nervous-system	none	profile	passed
ENCFF507YLQ	ENCFF507YLQ	ENCSR839GHA	ENCSR746AUT	ChromBPNet	sequence contribution scores profile	bigWig	DNase-seq	none	head-of-caudate-nucleus	caudate	brain	central-nervous-system	none	profile	passed
ENCFF510IJA	ENCFF510IJA	ENCSR010SZN	ENCSR757EAI	ChromBPNet	sequence contribution scores profile	bigWig	DNase-seq	none	head-of-caudate-nucleus	caudate	brain	central-nervous-system	none	profile	passed
ENCFF517YBP	ENCFF517YBP	ENCSR677XGD	ENCSR159VOX	ChromBPNet	sequence contribution scores profile	bigWig	DNase-seq	none	head-of-caudate-nucleus	caudate	brain	central-nervous-system	none	profile	passed
ENCFF527AWH	ENCFF527AWH	ENCSR635GDW	ENCSR534EAD	ChromBPNet	sequence contribution scores profile	bigWig	DNase-seq	none	head-of-caudate-nucleus	caudate	brain	central-nervous-system	none	profile	passed
ENCFF558QQD	ENCFF558QQD	ENCSR334MDJ	ENCSR470GQU	ChromBPNet	sequence contribution scores profile	bigWig	DNase-seq	none	head-of-caudate-nucleus	caudate	brain	central-nervous-system	none	profile	passed
ENCFF562FNF	ENCFF562FNF	ENCSR923BEY	ENCSR972TWU	ChromBPNet	sequence contribution scores profile	bigWig	DNase-seq	none	head-of-caudate-nucleus	caudate	brain	central-nervous-system	none	profile	passed
ENCFF575KPT	ENCFF575KPT	ENCSR024BXN	ENCSR593KEP	ChromBPNet	sequence contribution scores profile	bigWig	DNase-seq	none	head-of-caudate-nucleus	caudate	brain	central-nervous-system	none	profile	passed
ENCFF585JHX	ENCFF585JHX	ENCSR802NBC	ENCSR292VYW	ChromBPNet	sequence contribution scores profile	bigWig	DNase-seq	none	head-of-caudate-nucleus	caudate	brain	central-nervous-system	none	profile	passed
ENCFF591FTA	ENCFF591FTA	ENCSR881FBS	ENCSR842PBG	ChromBPNet	sequence contribution scores profile	bigWig	DNase-seq	none	head-of-caudate-nucleus	caudate	brain	central-nervous-system	none	profile	passed
ENCFF591KYB	ENCFF591KYB	ENCSR682ZZT	ENCSR774OVA	ChromBPNet	sequence contribution scores profile	bigWig	DNase-seq	none	head-of-caudate-nucleus	caudate	brain	central-nervous-system	none	profile	passed
ENCFF601IZV	ENCFF601IZV	ENCSR400MOP	ENCSR486XFF	ChromBPNet	sequence contribution scores profile	bigWig	DNase-seq	none	head-of-caudate-nucleus	caudate	brain	central-nervous-system	none	profile	passed
ENCFF616NNO	ENCFF616NNO	ENCSR598RRF	ENCSR778MOH	ChromBPNet	sequence contribution scores profile	bigWig	DNase-seq	none	head-of-caudate-nucleus	caudate	brain	central-nervous-system	none	profile	passed
ENCFF638LDB	ENCFF638LDB	ENCSR085XKS	ENCSR158HIK	ChromBPNet	sequence contribution scores profile	bigWig	DNase-seq	none	head-of-caudate-nucleus	caudate	brain	central-nervous-system	none	profile	passed
ENCFF650UZI	ENCFF650UZI	ENCSR161ZGA	ENCSR280QLY	ChromBPNet	sequence contribution scores profile	bigWig	DNase-seq	none	head-of-caudate-nucleus	caudate	brain	central-nervous-system	none	profile	passed
ENCFF667GAZ	ENCFF667GAZ	ENCSR524QPZ	ENCSR422CSI	ChromBPNet	sequence contribution scores profile	bigWig	DNase-seq	none	head-of-caudate-nucleus	caudate	brain	central-nervous-system	none	profile	passed
ENCFF700DWV	ENCFF700DWV	ENCSR101HFF	ENCSR672VAW	ChromBPNet	sequence contribution scores profile	bigWig	DNase-seq	none	head-of-caudate-nucleus	caudate	brain	central-nervous-system	none	profile	passed
ENCFF700EEW	ENCFF700EEW	ENCSR895TUV	ENCSR191ZIX	ChromBPNet	sequence contribution scores profile	bigWig	DNase-seq	none	head-of-caudate-nucleus	caudate	brain	central-nervous-system	none	profile	passed
ENCFF723ROE	ENCFF723ROE	ENCSR122NRV	ENCSR504GBE	ChromBPNet	sequence contribution scores profile	bigWig	DNase-seq	none	head-of-caudate-nucleus	caudate	brain	central-nervous-system	none	profile	passed
ENCFF746OAF	ENCFF746OAF	ENCSR639VTO	ENCSR986SSJ	ChromBPNet	sequence contribution scores profile	bigWig	DNase-seq	none	head-of-caudate-nucleus	caudate	brain	central-nervous-system	none	profile	passed
ENCFF757ADB	ENCFF757ADB	ENCSR173NHL	ENCSR849LXO	ChromBPNet	sequence contribution scores profile	bigWig	DNase-seq	none	head-of-caudate-nucleus	caudate	brain	central-nervous-system	none	profile	passed
ENCFF760IHL	ENCFF760IHL	ENCSR671YPX	ENCSR134LVT	ChromBPNet	sequence contribution scores profile	bigWig	DNase-seq	none	head-of-caudate-nucleus	caudate	brain	central-nervous-system	none	profile	passed
ENCFF762YKZ	ENCFF762YKZ	ENCSR268GBM	ENCSR328OBR	ChromBPNet	sequence contribution scores profile	bigWig	DNase-seq	none	head-of-caudate-nucleus	caudate	brain	central-nervous-system	none	profile	passed
ENCFF786EJC	ENCFF786EJC	ENCSR042DVU	ENCSR162JGS	ChromBPNet	sequence contribution scores profile	bigWig	DNase-seq	none	head-of-caudate-nucleus	caudate	brain	central-nervous-system	none	profile	passed
ENCFF791USZ	ENCFF791USZ	ENCSR650TZF	ENCSR030ERX	ChromBPNet	sequence contribution scores profile	bigWig	DNase-seq	none	head-of-caudate-nucleus	caudate	brain	central-nervous-system	none	profile	passed
ENCFF857KCG	ENCFF857KCG	ENCSR663MNQ	ENCSR959KZO	ChromBPNet	sequence contribution scores profile	bigWig	DNase-seq	none	head-of-caudate-nucleus	caudate	brain	central-nervous-system	none	profile	passed
ENCFF861XWD	ENCFF861XWD	ENCSR849CYU	ENCSR157PLP	ChromBPNet	sequence contribution scores profile	bigWig	DNase-seq	none	head-of-caudate-nucleus	caudate	brain	central-nervous-system	none	profile	passed
ENCFF893NMH	ENCFF893NMH	ENCSR797FIM	ENCSR907PZQ	ChromBPNet	sequence contribution scores profile	bigWig	DNase-seq	none	head-of-caudate-nucleus	caudate	brain	central-nervous-system	none	profile	passed
ENCFF914CSE	ENCFF914CSE	ENCSR558SUT	ENCSR719IKX	ChromBPNet	sequence contribution scores profile	bigWig	DNase-seq	none	head-of-caudate-nucleus	caudate	brain	central-nervous-system	none	profile	passed
ENCFF916QBZ	ENCFF916QBZ	ENCSR984HJW	ENCSR689OMC	ChromBPNet	sequence contribution scores profile	bigWig	DNase-seq	none	head-of-caudate-nucleus	caudate	brain	central-nervous-system	none	profile	passed
ENCFF927HGB	ENCFF927HGB	ENCSR511PFY	ENCSR085VMC	ChromBPNet	sequence contribution scores profile	bigWig	DNase-seq	none	head-of-caudate-nucleus	caudate	brain	central-nervous-system	none	profile	passed
ENCFF928YOY	ENCFF928YOY	ENCSR233DFT	ENCSR745PGS	ChromBPNet	sequence contribution scores profile	bigWig	DNase-seq	none	head-of-caudate-nucleus	caudate	brain	central-nervous-system	none	profile	passed
ENCFF933WXG	ENCFF933WXG	ENCSR496PSH	ENCSR624PXS	ChromBPNet	sequence contribution scores profile	bigWig	DNase-seq	none	head-of-caudate-nucleus	caudate	brain	central-nervous-system	none	profile	passed
ENCFF935RRC	ENCFF935RRC	ENCSR410MFU	ENCSR361PFW	ChromBPNet	sequence contribution scores profile	bigWig	DNase-seq	none	head-of-caudate-nucleus	caudate	brain	central-nervous-system	none	profile	passed
ENCFF959AZF	ENCFF959AZF	ENCSR234VLI	ENCSR377XPU	ChromBPNet	sequence contribution scores profile	bigWig	DNase-seq	none	head-of-caudate-nucleus	caudate	brain	central-nervous-system	none	profile	passed
ENCFF967HBR	ENCFF967HBR	ENCSR646JBR	ENCSR191HRN	ChromBPNet	sequence contribution scores profile	bigWig	DNase-seq	none	head-of-caudate-nucleus	caudate	brain	central-nervous-system	none	profile	passed
ENCFF995GYV	ENCFF995GYV	ENCSR984SDD	ENCSR650BIB	ChromBPNet	sequence contribution scores profile	bigWig	DNase-seq	none	head-of-caudate-nucleus	caudate	brain	central-nervous-system	none	profile	passed
ENCFF037UQU	ENCFF037UQU	ENCSR804RSI	ENCSR104ZZD	ChromBPNet	sequence contribution scores profile	bigWig	DNase-seq	none	heart	heart	heart	circulatory-system	none	profile	passed
ENCFF069WJT	ENCFF069WJT	ENCSR366EGE	ENCSR266HWM	ChromBPNet	sequence contribution scores profile	bigWig	DNase-seq	none	heart	heart	heart	circulatory-system	none	profile	passed
ENCFF116BXR	ENCFF116BXR	ENCSR911LTI	ENCSR657JGJ	ChromBPNet	sequence contribution scores profile	bigWig	DNase-seq	none	heart	heart	heart	circulatory-system	none	profile	passed
ENCFF140OEF	ENCFF140OEF	ENCSR305UJX	ENCSR315XQO	ChromBPNet	sequence contribution scores profile	bigWig	DNase-seq	none	heart	heart	heart	circulatory-system	none	profile	passed
ENCFF216VVK	ENCFF216VVK	ENCSR320PGJ	ENCSR576EMK	ChromBPNet	sequence contribution scores profile	bigWig	DNase-seq	none	heart	heart	heart	circulatory-system	none	profile	passed
ENCFF235JDI	ENCFF235JDI	ENCSR536NGW	ENCSR152TIL	ChromBPNet	sequence contribution scores profile	bigWig	DNase-seq	none	heart	heart	heart	circulatory-system	none	profile	passed
ENCFF258JGO	ENCFF258JGO	ENCSR064GBK	ENCSR278NRX	ChromBPNet	sequence contribution scores profile	bigWig	DNase-seq	none	heart	heart	heart	circulatory-system	none	profile	passed
ENCFF282NJC	ENCFF282NJC	ENCSR311LLZ	ENCSR183OLA	ChromBPNet	sequence contribution scores profile	bigWig	DNase-seq	none	heart	heart	heart	circulatory-system	none	profile	passed
ENCFF283FPH	ENCFF283FPH	ENCSR174JMM	ENCSR294MBS	ChromBPNet	sequence contribution scores profile	bigWig	DNase-seq	none	heart	heart	heart	circulatory-system	none	profile	passed
ENCFF389JMF	ENCFF389JMF	ENCSR392GCE	ENCSR104QYD	ChromBPNet	sequence contribution scores profile	bigWig	DNase-seq	none	heart	heart	heart	circulatory-system	none	profile	passed
ENCFF665WCK	ENCFF665WCK	ENCSR154ZNQ	ENCSR304HOZ	ChromBPNet	sequence contribution scores profile	bigWig	DNase-seq	none	heart	heart	heart	circulatory-system	none	profile	passed
ENCFF718CAQ	ENCFF718CAQ	ENCSR749BWV	ENCSR943VHN	ChromBPNet	sequence contribution scores profile	bigWig	DNase-seq	none	heart	heart	heart	circulatory-system	none	profile	passed
ENCFF826BEK	ENCFF826BEK	ENCSR705CNJ	ENCSR773FDM	ChromBPNet	sequence contribution scores profile	bigWig	DNase-seq	none	heart	heart	heart	circulatory-system	none	profile	passed
ENCFF890TGP	ENCFF890TGP	ENCSR664PKM	ENCSR864YYM	ChromBPNet	sequence contribution scores profile	bigWig	DNase-seq	none	heart	heart	heart	circulatory-system	none	profile	passed
ENCFF955XIN	ENCFF955XIN	ENCSR533VAF	ENCSR170IUO	ChromBPNet	sequence contribution scores profile	bigWig	DNase-seq	none	heart	heart	heart	circulatory-system	none	profile	passed
ENCFF981EPS	ENCFF981EPS	ENCSR914DOH	ENCSR333JBA	ChromBPNet	sequence contribution scores profile	bigWig	DNase-seq	none	heart	heart	heart	circulatory-system	none	profile	passed
ENCFF062VNS	ENCFF062VNS	ENCSR925LGW	ENCSR923QPG	ChromBPNet	sequence contribution scores profile	bigWig	ATAC-seq	none	heart-left-ventricle	heart	heart	circulatory-system	none	profile	passed
ENCFF124FTS	ENCFF124FTS	ENCSR225FZH	ENCSR523OKV	ChromBPNet	sequence contribution scores profile	bigWig	ATAC-seq	none	heart-left-ventricle	heart	heart	circulatory-system	none	profile	passed
ENCFF163GMX	ENCFF163GMX	ENCSR399OSE	ENCSR228EHT	ChromBPNet	sequence contribution scores profile	bigWig	ATAC-seq	none	heart-left-ventricle	heart	heart	circulatory-system	none	profile	passed
ENCFF239JJQ	ENCFF239JJQ	ENCSR851EBF	ENCSR346KKN	ChromBPNet	sequence contribution scores profile	bigWig	ATAC-seq	none	heart-left-ventricle	heart	heart	circulatory-system	none	profile	passed
ENCFF278JUA	ENCFF278JUA	ENCSR204PZT	ENCSR139CRO	ChromBPNet	sequence contribution scores profile	bigWig	ATAC-seq	none	heart-left-ventricle	heart	heart	circulatory-system	none	profile	passed
ENCFF319IEJ	ENCFF319IEJ	ENCSR593YFB	ENCSR155LWZ	ChromBPNet	sequence contribution scores profile	bigWig	ATAC-seq	none	heart-left-ventricle	heart	heart	circulatory-system	none	profile	passed
ENCFF330IEJ	ENCFF330IEJ	ENCSR848TMJ	ENCSR413PRR	ChromBPNet	sequence contribution scores profile	bigWig	ATAC-seq	none	heart-left-ventricle	heart	heart	circulatory-system	none	profile	passed
ENCFF406UWT	ENCFF406UWT	ENCSR310RJN	ENCSR071VIV	ChromBPNet	sequence contribution scores profile	bigWig	ATAC-seq	none	heart-left-ventricle	heart	heart	circulatory-system	none	profile	passed
ENCFF457XFD	ENCFF457XFD	ENCSR846VPV	ENCSR176HAX	ChromBPNet	sequence contribution scores profile	bigWig	ATAC-seq	none	heart-left-ventricle	heart	heart	circulatory-system	none	profile	passed
ENCFF542JVK	ENCFF542JVK	ENCSR769DGC	ENCSR748OQR	ChromBPNet	sequence contribution scores profile	bigWig	ATAC-seq	none	heart-left-ventricle	heart	heart	circulatory-system	none	profile	passed
ENCFF630CUY	ENCFF630CUY	ENCSR745CGG	ENCSR302PTC	ChromBPNet	sequence contribution scores profile	bigWig	ATAC-seq	none	heart-left-ventricle	heart	heart	circulatory-system	none	profile	passed
ENCFF777YVF	ENCFF777YVF	ENCSR286STX	ENCSR718IML	ChromBPNet	sequence contribution scores profile	bigWig	ATAC-seq	none	heart-left-ventricle	heart	heart	circulatory-system	none	profile	passed
ENCFF779SUN	ENCFF779SUN	ENCSR899YEP	ENCSR012HQM	ChromBPNet	sequence contribution scores profile	bigWig	ATAC-seq	none	heart-left-ventricle	heart	heart	circulatory-system	none	profile	passed
ENCFF834GSG	ENCFF834GSG	ENCSR117PYB	ENCSR313GPN	ChromBPNet	sequence contribution scores profile	bigWig	ATAC-seq	none	heart-left-ventricle	heart	heart	circulatory-system	none	profile	passed
ENCFF910QRB	ENCFF910QRB	ENCSR451JSB	ENCSR785LJQ	ChromBPNet	sequence contribution scores profile	bigWig	ATAC-seq	none	heart-left-ventricle	heart	heart	circulatory-system	none	profile	passed
ENCFF002VSK	ENCFF002VSK	ENCSR395HAE	ENCSR624LJH	ChromBPNet	sequence contribution scores profile	bigWig	DNase-seq	none	heart-left-ventricle	heart	heart	circulatory-system	none	profile	passed
ENCFF114CYJ	ENCFF114CYJ	ENCSR299QGI	ENCSR763XQQ	ChromBPNet	sequence contribution scores profile	bigWig	DNase-seq	none	heart-left-ventricle	heart	heart	circulatory-system	none	profile	passed
ENCFF202OKR	ENCFF202OKR	ENCSR946DXB	ENCSR047GHL	ChromBPNet	sequence contribution scores profile	bigWig	DNase-seq	none	heart-left-ventricle	heart	heart	circulatory-system	none	profile	passed
ENCFF646VHK	ENCFF646VHK	ENCSR805EGZ	ENCSR390RSF	ChromBPNet	sequence contribution scores profile	bigWig	DNase-seq	none	heart-left-ventricle	heart	heart	circulatory-system	none	profile	passed
ENCFF699ZMN	ENCFF699ZMN	ENCSR735NTV	ENCSR381GGK	ChromBPNet	sequence contribution scores profile	bigWig	DNase-seq	none	heart-left-ventricle	heart	heart	circulatory-system	none	profile	passed
ENCFF701QIB	ENCFF701QIB	ENCSR747SEU	ENCSR892ZTM	ChromBPNet	sequence contribution scores profile	bigWig	DNase-seq	none	heart-left-ventricle	heart	heart	circulatory-system	none	profile	passed
ENCFF702CRY	ENCFF702CRY	ENCSR501FWC	ENCSR827EDQ	ChromBPNet	sequence contribution scores profile	bigWig	DNase-seq	none	heart-left-ventricle	heart	heart	circulatory-system	none	profile	passed
ENCFF770WES	ENCFF770WES	ENCSR222CLC	ENCSR830ING	ChromBPNet	sequence contribution scores profile	bigWig	DNase-seq	none	heart-left-ventricle	heart	heart	circulatory-system	none	profile	passed
ENCFF942ERJ	ENCFF942ERJ	ENCSR070CMW	ENCSR958WFK	ChromBPNet	sequence contribution scores profile	bigWig	DNase-seq	none	heart-left-ventricle	heart	heart	circulatory-system	none	profile	passed
ENCFF951HGP	ENCFF951HGP	ENCSR598RVJ	ENCSR120SCC	ChromBPNet	sequence contribution scores profile	bigWig	DNase-seq	none	heart-left-ventricle	heart	heart	circulatory-system	none	profile	passed
ENCFF011BOY	ENCFF011BOY	ENCSR491VKV	ENCSR839CXN	ChromBPNet	sequence contribution scores profile	bigWig	ATAC-seq	none	heart-right-ventricle	heart	heart	circulatory-system	none	profile	passed
ENCFF016JUK	ENCFF016JUK	ENCSR563ZNI	ENCSR662DNR	ChromBPNet	sequence contribution scores profile	bigWig	ATAC-seq	none	heart-right-ventricle	heart	heart	circulatory-system	none	profile	passed
ENCFF108SWM	ENCFF108SWM	ENCSR204SMO	ENCSR999ETQ	ChromBPNet	sequence contribution scores profile	bigWig	ATAC-seq	none	heart-right-ventricle	heart	heart	circulatory-system	none	profile	passed
ENCFF171AKT	ENCFF171AKT	ENCSR522FGI	ENCSR473RMF	ChromBPNet	sequence contribution scores profile	bigWig	ATAC-seq	none	heart-right-ventricle	heart	heart	circulatory-system	none	profile	passed
ENCFF183GIT	ENCFF183GIT	ENCSR133CMC	ENCSR624URV	ChromBPNet	sequence contribution scores profile	bigWig	ATAC-seq	none	heart-right-ventricle	heart	heart	circulatory-system	none	profile	passed
ENCFF231QGQ	ENCFF231QGQ	ENCSR157OSO	ENCSR849TOG	ChromBPNet	sequence contribution scores profile	bigWig	ATAC-seq	none	heart-right-ventricle	heart	heart	circulatory-system	none	profile	passed
ENCFF289KXU	ENCFF289KXU	ENCSR053SGP	ENCSR716THJ	ChromBPNet	sequence contribution scores profile	bigWig	ATAC-seq	none	heart-right-ventricle	heart	heart	circulatory-system	none	profile	passed
ENCFF310OPL	ENCFF310OPL	ENCSR437OOJ	ENCSR487NMI	ChromBPNet	sequence contribution scores profile	bigWig	ATAC-seq	none	heart-right-ventricle	heart	heart	circulatory-system	none	profile	passed
ENCFF372HGW	ENCFF372HGW	ENCSR710SMN	ENCSR348BTG	ChromBPNet	sequence contribution scores profile	bigWig	ATAC-seq	none	heart-right-ventricle	heart	heart	circulatory-system	none	profile	passed
ENCFF418RBE	ENCFF418RBE	ENCSR374ZRW	ENCSR669BKH	ChromBPNet	sequence contribution scores profile	bigWig	ATAC-seq	none	heart-right-ventricle	heart	heart	circulatory-system	none	profile	passed
ENCFF686SYA	ENCFF686SYA	ENCSR327DCG	ENCSR380WHO	ChromBPNet	sequence contribution scores profile	bigWig	ATAC-seq	none	heart-right-ventricle	heart	heart	circulatory-system	none	profile	passed
ENCFF706MTL	ENCFF706MTL	ENCSR212LYK	ENCSR886DNL	ChromBPNet	sequence contribution scores profile	bigWig	ATAC-seq	none	heart-right-ventricle	heart	heart	circulatory-system	none	profile	passed
ENCFF806UJI	ENCFF806UJI	ENCSR403GBR	ENCSR311LQE	ChromBPNet	sequence contribution scores profile	bigWig	ATAC-seq	none	heart-right-ventricle	heart	heart	circulatory-system	none	profile	passed
ENCFF884HTO	ENCFF884HTO	ENCSR439TZT	ENCSR992KED	ChromBPNet	sequence contribution scores profile	bigWig	ATAC-seq	none	heart-right-ventricle	heart	heart	circulatory-system	none	profile	passed
ENCFF011KBY	ENCFF011KBY	ENCSR694LFE	ENCSR257DRO	ChromBPNet	sequence contribution scores profile	bigWig	DNase-seq	none	heart-right-ventricle	heart	heart	circulatory-system	none	profile	passed
ENCFF058ZLS	ENCFF058ZLS	ENCSR211SUT	ENCSR215KHF	ChromBPNet	sequence contribution scores profile	bigWig	DNase-seq	none	heart-right-ventricle	heart	heart	circulatory-system	none	profile	passed
ENCFF087AXR	ENCFF087AXR	ENCSR792QQE	ENCSR932NSW	ChromBPNet	sequence contribution scores profile	bigWig	DNase-seq	none	heart-right-ventricle	heart	heart	circulatory-system	none	profile	passed
ENCFF323HIM	ENCFF323HIM	ENCSR214NLQ	ENCSR836KXF	ChromBPNet	sequence contribution scores profile	bigWig	DNase-seq	none	heart-right-ventricle	heart	heart	circulatory-system	none	profile	passed
ENCFF375MBO	ENCFF375MBO	ENCSR356RNZ	ENCSR340RCH	ChromBPNet	sequence contribution scores profile	bigWig	DNase-seq	none	heart-right-ventricle	heart	heart	circulatory-system	none	profile	passed
ENCFF412GUZ	ENCFF412GUZ	ENCSR298OIK	ENCSR092YZN	ChromBPNet	sequence contribution scores profile	bigWig	DNase-seq	none	heart-right-ventricle	heart	heart	circulatory-system	none	profile	passed
ENCFF660GLC	ENCFF660GLC	ENCSR238FMP	ENCSR161GHW	ChromBPNet	sequence contribution scores profile	bigWig	DNase-seq	none	heart-right-ventricle	heart	heart	circulatory-system	none	profile	passed
ENCFF792PDC	ENCFF792PDC	ENCSR746RDJ	ENCSR135HTA	ChromBPNet	sequence contribution scores profile	bigWig	DNase-seq	none	heart-right-ventricle	heart	heart	circulatory-system	none	profile	passed
ENCFF795MKZ	ENCFF795MKZ	ENCSR928WMU	ENCSR126YHP	ChromBPNet	sequence contribution scores profile	bigWig	DNase-seq	none	heart-right-ventricle	heart	heart	circulatory-system	none	profile	passed
ENCFF820QVZ	ENCFF820QVZ	ENCSR246VSO	ENCSR184TFG	ChromBPNet	sequence contribution scores profile	bigWig	DNase-seq	none	heart-right-ventricle	heart	heart	circulatory-system	none	profile	passed
ENCFF082MAJ	ENCFF082MAJ	ENCSR098PTC	ENCSR036PUG	ChromBPNet	sequence contribution scores profile	bigWig	DNase-seq	none	hematopoietic-multipotent-progenitor-cell	hematopoietic	blood	circulatory-system	none	profile	passed
ENCFF241ZGV	ENCFF241ZGV	ENCSR420NOA	ENCSR336TDN	ChromBPNet	sequence contribution scores profile	bigWig	DNase-seq	none	hematopoietic-multipotent-progenitor-cell	hematopoietic	blood	circulatory-system	none	profile	passed
ENCFF373JJX	ENCFF373JJX	ENCSR845CFB	ENCSR954EWB	ChromBPNet	sequence contribution scores profile	bigWig	DNase-seq	none	hematopoietic-multipotent-progenitor-cell	hematopoietic	blood	circulatory-system	none	profile	passed
ENCFF393UWL	ENCFF393UWL	ENCSR000EMK	ENCSR816AQM	ChromBPNet	sequence contribution scores profile	bigWig	DNase-seq	none	hematopoietic-multipotent-progenitor-cell	hematopoietic	blood	circulatory-system	none	profile	passed
ENCFF486JYQ	ENCFF486JYQ	ENCSR148VUP	ENCSR116YIV	ChromBPNet	sequence contribution scores profile	bigWig	DNase-seq	none	hematopoietic-multipotent-progenitor-cell	hematopoietic	blood	circulatory-system	none	profile	passed
ENCFF544AAQ	ENCFF544AAQ	ENCSR328UMC	ENCSR966XZN	ChromBPNet	sequence contribution scores profile	bigWig	DNase-seq	none	hematopoietic-multipotent-progenitor-cell	hematopoietic	blood	circulatory-system	none	profile	passed
ENCFF558TUJ	ENCFF558TUJ	ENCSR493IAY	ENCSR672ZIV	ChromBPNet	sequence contribution scores profile	bigWig	DNase-seq	none	hematopoietic-multipotent-progenitor-cell	hematopoietic	blood	circulatory-system	none	profile	passed
ENCFF651REL	ENCFF651REL	ENCSR115YPI	ENCSR771YUP	ChromBPNet	sequence contribution scores profile	bigWig	DNase-seq	none	hematopoietic-multipotent-progenitor-cell	hematopoietic	blood	circulatory-system	none	profile	passed
ENCFF736YKT	ENCFF736YKT	ENCSR937UWI	ENCSR024KJU	ChromBPNet	sequence contribution scores profile	bigWig	DNase-seq	none	hematopoietic-multipotent-progenitor-cell	hematopoietic	blood	circulatory-system	none	profile	passed
ENCFF869TVG	ENCFF869TVG	ENCSR362JSZ	ENCSR426ANZ	ChromBPNet	sequence contribution scores profile	bigWig	DNase-seq	none	hematopoietic-multipotent-progenitor-cell	hematopoietic	blood	circulatory-system	none	profile	passed
ENCFF871PPL	ENCFF871PPL	ENCSR564JUY	ENCSR214COF	ChromBPNet	sequence contribution scores profile	bigWig	DNase-seq	none	hematopoietic-multipotent-progenitor-cell	hematopoietic	blood	circulatory-system	none	profile	passed
ENCFF978ZQY	ENCFF978ZQY	ENCSR855FOP	ENCSR912ACC	ChromBPNet	sequence contribution scores profile	bigWig	DNase-seq	none	hematopoietic-multipotent-progenitor-cell	hematopoietic	blood	circulatory-system	none	profile	passed
ENCFF600IDP	ENCFF600IDP	ENCSR364MFN	ENCSR829DOW	ChromBPNet	sequence contribution scores profile	bigWig	DNase-seq	none	hepatocyte	hepato	liver	digestive-system	none	profile	passed
ENCFF571JOK	ENCFF571JOK	ENCSR385AMY	ENCSR003PKQ	ChromBPNet	sequence contribution scores profile	bigWig	DNase-seq	none	hindlimb-muscle	limb	limb	skeletal-system	none	profile	passed
ENCFF908NRD	ENCFF908NRD	ENCSR383SNM	ENCSR820XEK	ChromBPNet	sequence contribution scores profile	bigWig	DNase-seq	none	iPS-DF-19.11	cell-line	cell-line	cell-line	none	profile	passed
ENCFF586TAV	ENCFF586TAV	ENCSR440QMR	ENCSR436DKQ	ChromBPNet	sequence contribution scores profile	bigWig	DNase-seq	none	iPS-DF-19.7	cell-line	cell-line	cell-line	none	profile	passed
ENCFF225EHO	ENCFF225EHO	ENCSR014FPY	ENCSR932JUJ	ChromBPNet	sequence contribution scores profile	bigWig	DNase-seq	none	iPS-DF-4.7	cell-line	cell-line	cell-line	none	profile	passed
ENCFF348ISE	ENCFF348ISE	ENCSR261SMF	ENCSR416KDN	ChromBPNet	sequence contribution scores profile	bigWig	DNase-seq	none	iPS-DF-6.9	cell-line	cell-line	cell-line	none	profile	passed
ENCFF550CYT	ENCFF550CYT	ENCSR986YWZ	ENCSR487SME	ChromBPNet	sequence contribution scores profile	bigWig	DNase-seq	none	inferior-parietal-cortex	parietal	brain	central-nervous-system	none	profile	passed
ENCFF576TVX	ENCFF576TVX	ENCSR224FOA	ENCSR446RRY	ChromBPNet	sequence contribution scores profile	bigWig	DNase-seq	none	islet-precursor-cell	islet	pancreas	digestive-system	none	profile	passed
ENCFF443PJV	ENCFF443PJV	ENCSR415LEB	ENCSR441VJW	ChromBPNet	sequence contribution scores profile	bigWig	ATAC-seq	none	jejunum	jejunum	small-intestine	digestive-system	none	profile	passed
ENCFF321ENU	ENCFF321ENU	ENCSR000EPQ	ENCSR855OSM	ChromBPNet	sequence contribution scores profile	bigWig	DNase-seq	none	keratinocyte	keratinocyte	skin	integumental-system	none	profile	passed
ENCFF428HWX	ENCFF428HWX	ENCSR297VGU	ENCSR794TEU	ChromBPNet	sequence contribution scores profile	bigWig	ATAC-seq	none	kidney	kidney	kidney	excretory-system	none	profile	passed
ENCFF108DBE	ENCFF108DBE	ENCSR953JVX	ENCSR041ZFF	ChromBPNet	sequence contribution scores profile	bigWig	DNase-seq	none	kidney	kidney	kidney	excretory-system	none	profile	passed
ENCFF215PHK	ENCFF215PHK	ENCSR792ZXA	ENCSR547BDK	ChromBPNet	sequence contribution scores profile	bigWig	DNase-seq	none	kidney	kidney	kidney	excretory-system	none	profile	passed
ENCFF223JOJ	ENCFF223JOJ	ENCSR774RCO	ENCSR480JMB	ChromBPNet	sequence contribution scores profile	bigWig	DNase-seq	none	kidney	kidney	kidney	excretory-system	none	profile	passed
ENCFF315ETS	ENCFF315ETS	ENCSR499PZA	ENCSR252ZMF	ChromBPNet	sequence contribution scores profile	bigWig	DNase-seq	none	kidney	kidney	kidney	excretory-system	none	profile	passed
ENCFF481DVI	ENCFF481DVI	ENCSR066WZJ	ENCSR323YJT	ChromBPNet	sequence contribution scores profile	bigWig	DNase-seq	none	kidney	kidney	kidney	excretory-system	none	profile	passed
ENCFF517PFX	ENCFF517PFX	ENCSR645GJD	ENCSR100KOK	ChromBPNet	sequence contribution scores profile	bigWig	DNase-seq	none	kidney	kidney	kidney	excretory-system	none	profile	passed
ENCFF561PYY	ENCFF561PYY	ENCSR262QJC	ENCSR619SQW	ChromBPNet	sequence contribution scores profile	bigWig	DNase-seq	none	kidney	kidney	kidney	excretory-system	none	profile	passed
ENCFF580PRL	ENCFF580PRL	ENCSR757EPJ	ENCSR400JGH	ChromBPNet	sequence contribution scores profile	bigWig	DNase-seq	none	kidney	kidney	kidney	excretory-system	none	profile	passed
ENCFF584ZHP	ENCFF584ZHP	ENCSR106OKX	ENCSR409SRV	ChromBPNet	sequence contribution scores profile	bigWig	DNase-seq	none	kidney	kidney	kidney	excretory-system	none	profile	passed
ENCFF676SNW	ENCFF676SNW	ENCSR873ANE	ENCSR388LLM	ChromBPNet	sequence contribution scores profile	bigWig	DNase-seq	none	kidney	kidney	kidney	excretory-system	none	profile	passed
ENCFF750OBL	ENCFF750OBL	ENCSR437KLY	ENCSR950QAL	ChromBPNet	sequence contribution scores profile	bigWig	DNase-seq	none	kidney	kidney	kidney	excretory-system	none	profile	passed
ENCFF869USP	ENCFF869USP	ENCSR206OJJ	ENCSR591SYJ	ChromBPNet	sequence contribution scores profile	bigWig	DNase-seq	none	kidney	kidney	kidney	excretory-system	none	profile	passed
ENCFF963DBY	ENCFF963DBY	ENCSR082JCE	ENCSR544DAU	ChromBPNet	sequence contribution scores profile	bigWig	DNase-seq	none	kidney	kidney	kidney	excretory-system	none	profile	passed
ENCFF981EKU	ENCFF981EKU	ENCSR941DTJ	ENCSR275GLV	ChromBPNet	sequence contribution scores profile	bigWig	DNase-seq	none	kidney	kidney	kidney	excretory-system	none	profile	passed
ENCFF948CIW	ENCFF948CIW	ENCSR988YKR	ENCSR875FPK	ChromBPNet	sequence contribution scores profile	bigWig	DNase-seq	none	kidney-capillary-endothelial-cell	endothelial	blood-vessel	circulatory-system	none	profile	passed
ENCFF907HPL	ENCFF907HPL	ENCSR136KEL	ENCSR120AAX	ChromBPNet	sequence contribution scores profile	bigWig	DNase-seq	none	kidney-glomerular-epithelial-cell	epithelial	epithelial	integumental-system	none	profile	passed
ENCFF098TWF	ENCFF098TWF	ENCSR563XRP	ENCSR947WWP	ChromBPNet	sequence contribution scores profile	bigWig	DNase-seq	none	large-intestine	large-intestine	large-intestine	digestive-system	none	profile	passed
ENCFF120JCW	ENCFF120JCW	ENCSR366EQH	ENCSR113FPW	ChromBPNet	sequence contribution scores profile	bigWig	DNase-seq	none	large-intestine	large-intestine	large-intestine	digestive-system	none	profile	passed
ENCFF149UXN	ENCFF149UXN	ENCSR796SJV	ENCSR693EVI	ChromBPNet	sequence contribution scores profile	bigWig	DNase-seq	none	large-intestine	large-intestine	large-intestine	digestive-system	none	profile	passed
ENCFF178HBS	ENCFF178HBS	ENCSR444VTC	ENCSR482OFD	ChromBPNet	sequence contribution scores profile	bigWig	DNase-seq	none	large-intestine	large-intestine	large-intestine	digestive-system	none	profile	passed
ENCFF192LTV	ENCFF192LTV	ENCSR857AEB	ENCSR276XFY	ChromBPNet	sequence contribution scores profile	bigWig	DNase-seq	none	large-intestine	large-intestine	large-intestine	digestive-system	none	profile	passed
ENCFF252JAL	ENCFF252JAL	ENCSR214QEO	ENCSR568PUY	ChromBPNet	sequence contribution scores profile	bigWig	DNase-seq	none	large-intestine	large-intestine	large-intestine	digestive-system	none	profile	passed
ENCFF350FDL	ENCFF350FDL	ENCSR762FCX	ENCSR534WZW	ChromBPNet	sequence contribution scores profile	bigWig	DNase-seq	none	large-intestine	large-intestine	large-intestine	digestive-system	none	profile	passed
ENCFF492MNH	ENCFF492MNH	ENCSR800QGE	ENCSR060FTQ	ChromBPNet	sequence contribution scores profile	bigWig	DNase-seq	none	large-intestine	large-intestine	large-intestine	digestive-system	none	profile	passed
ENCFF497NSS	ENCFF497NSS	ENCSR531HPD	ENCSR654WMG	ChromBPNet	sequence contribution scores profile	bigWig	DNase-seq	none	large-intestine	large-intestine	large-intestine	digestive-system	none	profile	passed
ENCFF507SYK	ENCFF507SYK	ENCSR047FNH	ENCSR304TXH	ChromBPNet	sequence contribution scores profile	bigWig	DNase-seq	none	large-intestine	large-intestine	large-intestine	digestive-system	none	profile	passed
ENCFF753OKD	ENCFF753OKD	ENCSR154YPL	ENCSR306KBB	ChromBPNet	sequence contribution scores profile	bigWig	DNase-seq	none	large-intestine	large-intestine	large-intestine	digestive-system	none	profile	passed
ENCFF791HFX	ENCFF791HFX	ENCSR874CAK	ENCSR400GLH	ChromBPNet	sequence contribution scores profile	bigWig	DNase-seq	none	large-intestine	large-intestine	large-intestine	digestive-system	none	profile	passed
ENCFF796PTP	ENCFF796PTP	ENCSR666YVE	ENCSR208SZX	ChromBPNet	sequence contribution scores profile	bigWig	DNase-seq	none	large-intestine	large-intestine	large-intestine	digestive-system	none	profile	passed
ENCFF835UEI	ENCFF835UEI	ENCSR133SPH	ENCSR814ZUK	ChromBPNet	sequence contribution scores profile	bigWig	DNase-seq	none	large-intestine	large-intestine	large-intestine	digestive-system	none	profile	passed
ENCFF316LNM	ENCFF316LNM	ENCSR390SLL	ENCSR426WAU	ChromBPNet	sequence contribution scores profile	bigWig	ATAC-seq	none	left-cardiac-atrium	cardiac	heart	circulatory-system	none	profile	passed
ENCFF462GGC	ENCFF462GGC	ENCSR731ODJ	ENCSR872ONH	ChromBPNet	sequence contribution scores profile	bigWig	ATAC-seq	none	left-cardiac-atrium	cardiac	heart	circulatory-system	none	profile	passed
ENCFF645GOC	ENCFF645GOC	ENCSR736CIN	ENCSR803VRT	ChromBPNet	sequence contribution scores profile	bigWig	ATAC-seq	none	left-cardiac-atrium	cardiac	heart	circulatory-system	none	profile	passed
ENCFF751WYX	ENCFF751WYX	ENCSR330WUK	ENCSR533NOY	ChromBPNet	sequence contribution scores profile	bigWig	ATAC-seq	none	left-cardiac-atrium	cardiac	heart	circulatory-system	none	profile	passed
ENCFF843MTU	ENCFF843MTU	ENCSR310UDW	ENCSR343DVA	ChromBPNet	sequence contribution scores profile	bigWig	ATAC-seq	none	left-cardiac-atrium	cardiac	heart	circulatory-system	none	profile	passed
ENCFF156BRM	ENCFF156BRM	ENCSR032NNU	ENCSR021QEF	ChromBPNet	sequence contribution scores profile	bigWig	DNase-seq	none	left-cardiac-atrium	cardiac	heart	circulatory-system	none	profile	passed
ENCFF696HJO	ENCFF696HJO	ENCSR600ZHS	ENCSR241IGX	ChromBPNet	sequence contribution scores profile	bigWig	ATAC-seq	none	left-colon	colon	large-intestine	digestive-system	none	profile	passed
ENCFF695PAZ	ENCFF695PAZ	ENCSR867XFA	ENCSR482CSE	ChromBPNet	sequence contribution scores profile	bigWig	DNase-seq	none	left-colon	colon	large-intestine	digestive-system	none	profile	passed
ENCFF795NUW	ENCFF795NUW	ENCSR279SXQ	ENCSR878HAK	ChromBPNet	sequence contribution scores profile	bigWig	DNase-seq	none	left-colon	colon	large-intestine	digestive-system	none	profile	passed
ENCFF147MIB	ENCFF147MIB	ENCSR976XOY	ENCSR930IPA	ChromBPNet	sequence contribution scores profile	bigWig	DNase-seq	none	left-forelimb	limb	limb	skeletal-system	none	profile	passed
ENCFF904PYK	ENCFF904PYK	ENCSR431UEM	ENCSR105NZG	ChromBPNet	sequence contribution scores profile	bigWig	DNase-seq	none	left-hindlimb	limb	limb	skeletal-system	none	profile	passed
ENCFF106EGM	ENCFF106EGM	ENCSR422PVL	ENCSR844BAV	ChromBPNet	sequence contribution scores profile	bigWig	DNase-seq	none	left-kidney	kidney	kidney	excretory-system	none	profile	passed
ENCFF214HVD	ENCFF214HVD	ENCSR120LVW	ENCSR237JRU	ChromBPNet	sequence contribution scores profile	bigWig	DNase-seq	none	left-kidney	kidney	kidney	excretory-system	none	profile	passed
ENCFF288SHP	ENCFF288SHP	ENCSR953XJU	ENCSR347CFZ	ChromBPNet	sequence contribution scores profile	bigWig	DNase-seq	none	left-kidney	kidney	kidney	excretory-system	none	profile	passed
ENCFF378VQX	ENCFF378VQX	ENCSR974TXT	ENCSR303DZH	ChromBPNet	sequence contribution scores profile	bigWig	DNase-seq	none	left-kidney	kidney	kidney	excretory-system	none	profile	passed
ENCFF439HHJ	ENCFF439HHJ	ENCSR184DFF	ENCSR342VPM	ChromBPNet	sequence contribution scores profile	bigWig	DNase-seq	none	left-kidney	kidney	kidney	excretory-system	none	profile	passed
ENCFF472MKO	ENCFF472MKO	ENCSR543YPH	ENCSR244ZMB	ChromBPNet	sequence contribution scores profile	bigWig	DNase-seq	none	left-kidney	kidney	kidney	excretory-system	none	profile	passed
ENCFF564ACE	ENCFF564ACE	ENCSR600RAA	ENCSR314VYG	ChromBPNet	sequence contribution scores profile	bigWig	DNase-seq	none	left-kidney	kidney	kidney	excretory-system	none	profile	passed
ENCFF685UOH	ENCFF685UOH	ENCSR295DUI	ENCSR162OQQ	ChromBPNet	sequence contribution scores profile	bigWig	DNase-seq	none	left-kidney	kidney	kidney	excretory-system	none	profile	passed
ENCFF721GQJ	ENCFF721GQJ	ENCSR097BWW	ENCSR707BUL	ChromBPNet	sequence contribution scores profile	bigWig	DNase-seq	none	left-kidney	kidney	kidney	excretory-system	none	profile	passed
ENCFF599LOI	ENCFF599LOI	ENCSR624ODL	ENCSR764RSP	ChromBPNet	sequence contribution scores profile	bigWig	ATAC-seq	none	left-lobe-of-liver	liver	liver	digestive-system	none	profile	passed
ENCFF264IEB	ENCFF264IEB	ENCSR802ZYE	ENCSR149JWI	ChromBPNet	sequence contribution scores profile	bigWig	DNase-seq	none	left-lobe-of-liver	liver	liver	digestive-system	none	profile	passed
ENCFF116XVO	ENCFF116XVO	ENCSR682ETE	ENCSR290BAB	ChromBPNet	sequence contribution scores profile	bigWig	ATAC-seq	none	left-lung	lung	lung	respiratory-system	none	profile	passed
ENCFF008PDO	ENCFF008PDO	ENCSR680SDS	ENCSR750HIY	ChromBPNet	sequence contribution scores profile	bigWig	DNase-seq	none	left-lung	lung	lung	respiratory-system	none	profile	passed
ENCFF067ROX	ENCFF067ROX	ENCSR441OGH	ENCSR085UWX	ChromBPNet	sequence contribution scores profile	bigWig	DNase-seq	none	left-lung	lung	lung	respiratory-system	none	profile	passed
ENCFF108UJS	ENCFF108UJS	ENCSR456KDF	ENCSR936GKS	ChromBPNet	sequence contribution scores profile	bigWig	DNase-seq	none	left-lung	lung	lung	respiratory-system	none	profile	passed
ENCFF124HPT	ENCFF124HPT	ENCSR488PHT	ENCSR319KPJ	ChromBPNet	sequence contribution scores profile	bigWig	DNase-seq	none	left-lung	lung	lung	respiratory-system	none	profile	passed
ENCFF413PDM	ENCFF413PDM	ENCSR803VCR	ENCSR587DJD	ChromBPNet	sequence contribution scores profile	bigWig	DNase-seq	none	left-lung	lung	lung	respiratory-system	none	profile	passed
ENCFF460BWD	ENCFF460BWD	ENCSR935EVZ	ENCSR775HQN	ChromBPNet	sequence contribution scores profile	bigWig	DNase-seq	none	left-lung	lung	lung	respiratory-system	none	profile	passed
ENCFF549ULR	ENCFF549ULR	ENCSR960EJV	ENCSR775OWR	ChromBPNet	sequence contribution scores profile	bigWig	DNase-seq	none	left-lung	lung	lung	respiratory-system	none	profile	passed
ENCFF720NZC	ENCFF720NZC	ENCSR006XED	ENCSR166DMK	ChromBPNet	sequence contribution scores profile	bigWig	DNase-seq	none	left-lung	lung	lung	respiratory-system	none	profile	passed
ENCFF769WMC	ENCFF769WMC	ENCSR658UBE	ENCSR773MZG	ChromBPNet	sequence contribution scores profile	bigWig	DNase-seq	none	left-lung	lung	lung	respiratory-system	none	profile	passed
ENCFF789DJR	ENCFF789DJR	ENCSR510ITB	ENCSR892FMX	ChromBPNet	sequence contribution scores profile	bigWig	DNase-seq	none	left-lung	lung	lung	respiratory-system	none	profile	passed
ENCFF886AQU	ENCFF886AQU	ENCSR953WJO	ENCSR084DDJ	ChromBPNet	sequence contribution scores profile	bigWig	DNase-seq	none	left-lung	lung	lung	respiratory-system	none	profile	passed
ENCFF014DFR	ENCFF014DFR	ENCSR039ZVQ	ENCSR972EGH	ChromBPNet	sequence contribution scores profile	bigWig	DNase-seq	none	left-renal-cortex-interstitium	renal	kidney	excretory-system	none	profile	passed
ENCFF443CDL	ENCFF443CDL	ENCSR588JXI	ENCSR868XDI	ChromBPNet	sequence contribution scores profile	bigWig	DNase-seq	none	left-renal-cortex-interstitium	renal	kidney	excretory-system	none	profile	passed
ENCFF526KNX	ENCFF526KNX	ENCSR928SYE	ENCSR819BCH	ChromBPNet	sequence contribution scores profile	bigWig	DNase-seq	none	left-renal-cortex-interstitium	renal	kidney	excretory-system	none	profile	passed
ENCFF531KKK	ENCFF531KKK	ENCSR092WMD	ENCSR806RQQ	ChromBPNet	sequence contribution scores profile	bigWig	DNase-seq	none	left-renal-cortex-interstitium	renal	kidney	excretory-system	none	profile	passed
ENCFF215GOU	ENCFF215GOU	ENCSR258IBL	ENCSR910NEW	ChromBPNet	sequence contribution scores profile	bigWig	DNase-seq	none	left-renal-pelvis	renal	kidney	excretory-system	none	profile	passed
ENCFF216CHR	ENCFF216CHR	ENCSR016THC	ENCSR394XWN	ChromBPNet	sequence contribution scores profile	bigWig	DNase-seq	none	left-renal-pelvis	renal	kidney	excretory-system	none	profile	passed
ENCFF433GQJ	ENCFF433GQJ	ENCSR320SVK	ENCSR943DPF	ChromBPNet	sequence contribution scores profile	bigWig	DNase-seq	none	left-renal-pelvis	renal	kidney	excretory-system	none	profile	passed
ENCFF446TMA	ENCFF446TMA	ENCSR318JAA	ENCSR912CMN	ChromBPNet	sequence contribution scores profile	bigWig	DNase-seq	none	left-renal-pelvis	renal	kidney	excretory-system	none	profile	passed
ENCFF243ZQY	ENCFF243ZQY	ENCSR946MAI	ENCSR446PUF	ChromBPNet	sequence contribution scores profile	bigWig	ATAC-seq	none	left-ventricle-myocardium-inferior	ventricle	heart	circulatory-system	none	profile	passed
ENCFF247SPP	ENCFF247SPP	ENCSR770OTB	ENCSR057XMV	ChromBPNet	sequence contribution scores profile	bigWig	DNase-seq	none	left-ventricle-myocardium-inferior	ventricle	heart	circulatory-system	none	profile	passed
ENCFF062GSD	ENCFF062GSD	ENCSR133WJY	ENCSR317GGQ	ChromBPNet	sequence contribution scores profile	bigWig	ATAC-seq	none	left-ventricle-myocardium-superior	ventricle	heart	circulatory-system	none	profile	passed
ENCFF887HWY	ENCFF887HWY	ENCSR355WAJ	ENCSR462CFV	ChromBPNet	sequence contribution scores profile	bigWig	DNase-seq	none	left-ventricle-myocardium-superior	ventricle	heart	circulatory-system	none	profile	passed
ENCFF824GJY	ENCFF824GJY	ENCSR818JGZ	ENCSR138OCE	ChromBPNet	sequence contribution scores profile	bigWig	DNase-seq	none	limb	limb	limb	skeletal-system	none	profile	passed
ENCFF931YGP	ENCFF931YGP	ENCSR532CRI	ENCSR858EVI	ChromBPNet	sequence contribution scores profile	bigWig	DNase-seq	none	limb	limb	limb	skeletal-system	none	profile	passed
ENCFF139NPC	ENCFF139NPC	ENCSR124NNL	ENCSR236XBM	ChromBPNet	sequence contribution scores profile	bigWig	ATAC-seq	none	liver	liver	liver	digestive-system	none	profile	passed
ENCFF477XCW	ENCFF477XCW	ENCSR158YXM	ENCSR603COG	ChromBPNet	sequence contribution scores profile	bigWig	DNase-seq	none	liver	liver	liver	digestive-system	none	profile	passed
ENCFF649WPU	ENCFF649WPU	ENCSR562FNN	ENCSR399FII	ChromBPNet	sequence contribution scores profile	bigWig	DNase-seq	none	liver	liver	liver	digestive-system	none	profile	passed
ENCFF940ROI	ENCFF940ROI	ENCSR361DND	ENCSR405UQT	ChromBPNet	sequence contribution scores profile	bigWig	DNase-seq	none	lower-leg-skin	skin	skin	integumental-system	none	profile	passed
ENCFF926NIK	ENCFF926NIK	ENCSR555ZDH	ENCSR980GNO	ChromBPNet	sequence contribution scores profile	bigWig	ATAC-seq	none	lower-lobe-of-left-lung	lung	lung	respiratory-system	none	profile	passed
ENCFF375JNR	ENCFF375JNR	ENCSR632ONQ	ENCSR034LAG	ChromBPNet	sequence contribution scores profile	bigWig	DNase-seq	none	lower-lobe-of-left-lung	lung	lung	respiratory-system	none	profile	passed
ENCFF554NJX	ENCFF554NJX	ENCSR757NJT	ENCSR390HOR	ChromBPNet	sequence contribution scores profile	bigWig	DNase-seq	none	lower-lobe-of-left-lung	lung	lung	respiratory-system	none	profile	passed
ENCFF502UPR	ENCFF502UPR	ENCSR923VTG	ENCSR609WOB	ChromBPNet	sequence contribution scores profile	bigWig	ATAC-seq	none	lower-lobe-of-right-lung	lung	lung	respiratory-system	none	profile	passed
ENCFF993HZX	ENCFF993HZX	ENCSR948MQC	ENCSR507JRS	ChromBPNet	sequence contribution scores profile	bigWig	ATAC-seq	none	lower-lobe-of-right-lung	lung	lung	respiratory-system	none	profile	passed
ENCFF297QJB	ENCFF297QJB	ENCSR785JXR	ENCSR034ERV	ChromBPNet	sequence contribution scores profile	bigWig	DNase-seq	none	lower-lobe-of-right-lung	lung	lung	respiratory-system	none	profile	passed
ENCFF247KOG	ENCFF247KOG	ENCSR647AOY	ENCSR936INA	ChromBPNet	sequence contribution scores profile	bigWig	ATAC-seq	none	lung	lung	lung	respiratory-system	none	profile	passed
ENCFF022IDH	ENCFF022IDH	ENCSR587HPR	ENCSR195ZBJ	ChromBPNet	sequence contribution scores profile	bigWig	DNase-seq	none	lung	lung	lung	respiratory-system	none	profile	passed
ENCFF127RML	ENCFF127RML	ENCSR141IUS	ENCSR092FZS	ChromBPNet	sequence contribution scores profile	bigWig	DNase-seq	none	lung	lung	lung	respiratory-system	none	profile	passed
ENCFF248KTQ	ENCFF248KTQ	ENCSR986XLW	ENCSR735RRA	ChromBPNet	sequence contribution scores profile	bigWig	DNase-seq	none	lung	lung	lung	respiratory-system	none	profile	passed
ENCFF292HFO	ENCFF292HFO	ENCSR214XJO	ENCSR577VHS	ChromBPNet	sequence contribution scores profile	bigWig	DNase-seq	none	lung	lung	lung	respiratory-system	none	profile	passed
ENCFF335MIC	ENCFF335MIC	ENCSR006IJP	ENCSR481HGO	ChromBPNet	sequence contribution scores profile	bigWig	DNase-seq	none	lung	lung	lung	respiratory-system	none	profile	passed
ENCFF373CIU	ENCFF373CIU	ENCSR076YBB	ENCSR760EMJ	ChromBPNet	sequence contribution scores profile	bigWig	DNase-seq	none	lung	lung	lung	respiratory-system	none	profile	passed
ENCFF501SEM	ENCFF501SEM	ENCSR582IPV	ENCSR692PPT	ChromBPNet	sequence contribution scores profile	bigWig	DNase-seq	none	lung	lung	lung	respiratory-system	none	profile	passed
ENCFF514ALL	ENCFF514ALL	ENCSR627NIF	ENCSR443LVM	ChromBPNet	sequence contribution scores profile	bigWig	DNase-seq	none	lung	lung	lung	respiratory-system	none	profile	passed
ENCFF572NJU	ENCFF572NJU	ENCSR504KZE	ENCSR430JNN	ChromBPNet	sequence contribution scores profile	bigWig	DNase-seq	none	lung	lung	lung	respiratory-system	none	profile	passed
ENCFF861GEV	ENCFF861GEV	ENCSR318WOD	ENCSR013BTY	ChromBPNet	sequence contribution scores profile	bigWig	DNase-seq	none	lung	lung	lung	respiratory-system	none	profile	passed
ENCFF917STI	ENCFF917STI	ENCSR945JJB	ENCSR376IJB	ChromBPNet	sequence contribution scores profile	bigWig	DNase-seq	none	lung	lung	lung	respiratory-system	none	profile	passed
ENCFF070PJK	ENCFF070PJK	ENCSR000EOD	ENCSR213BXO	ChromBPNet	sequence contribution scores profile	bigWig	DNase-seq	none	lung-microvascular-endothelial-cell	endothelial	blood-vessel	circulatory-system	none	profile	passed
ENCFF108HOA	ENCFF108HOA	ENCSR000EOE	ENCSR501LUY	ChromBPNet	sequence contribution scores profile	bigWig	DNase-seq	none	lung-microvascular-endothelial-cell	endothelial	blood-vessel	circulatory-system	none	profile	passed
ENCFF599FVO	ENCFF599FVO	ENCSR000ENV	ENCSR499STU	ChromBPNet	sequence contribution scores profile	bigWig	DNase-seq	none	mammary-epithelial-cell	epithelial	epithelial	integumental-system	none	profile	passed
ENCFF989NSQ	ENCFF989NSQ	ENCSR817ALC	ENCSR496IHH	ChromBPNet	sequence contribution scores profile	bigWig	DNase-seq	none	mammary-epithelial-cell	epithelial	epithelial	integumental-system	none	profile	passed
ENCFF844ASU	ENCFF844ASU	ENCSR224IYD	ENCSR409CJJ	ChromBPNet	sequence contribution scores profile	bigWig	DNase-seq	none	medulla-oblongata	medulla	brain	central-nervous-system	none	profile	passed
ENCFF125TYJ	ENCFF125TYJ	ENCSR610AQP	ENCSR775HRI	ChromBPNet	sequence contribution scores profile	bigWig	ATAC-seq	none	memory-B-cell	b-cell	immune	immune-system	none	profile	passed
ENCFF385IWL	ENCFF385IWL	ENCSR229BGG	ENCSR772VTJ	ChromBPNet	sequence contribution scores profile	bigWig	DNase-seq	none	memory-B-cell	b-cell	immune	immune-system	none	profile	passed
ENCFF932APZ	ENCFF932APZ	ENCSR736VVP	ENCSR676BXL	ChromBPNet	sequence contribution scores profile	bigWig	DNase-seq	none	memory-B-cell	b-cell	immune	immune-system	none	profile	passed
ENCFF156WXO	ENCFF156WXO	ENCSR731QLJ	ENCSR125NZI	ChromBPNet	sequence contribution scores profile	bigWig	DNase-seq	none	mesenchymal-stem-cell	stem-cell	stem-cell	developmental-system	none	profile	passed
ENCFF982AFJ	ENCFF982AFJ	ENCSR714DIF	ENCSR375YWK	ChromBPNet	sequence contribution scores profile	bigWig	DNase-seq	none	mesendoderm	endoderm	endodermal	developmental-system	none	profile	passed
ENCFF807AIX	ENCFF807AIX	ENCSR551CSY	ENCSR982HSG	ChromBPNet	sequence contribution scores profile	bigWig	ATAC-seq	none	mesenteric-fat-pad	fat	skin	integumental-system	none	profile	passed
ENCFF376FCE	ENCFF376FCE	ENCSR945KSP	ENCSR211GRM	ChromBPNet	sequence contribution scores profile	bigWig	DNase-seq	none	mesothelial-cell-of-epicardium	epicardium	heart	circulatory-system	none	profile	passed
ENCFF980JHA	ENCFF980JHA	ENCSR706IDL	ENCSR978NMB	ChromBPNet	sequence contribution scores profile	bigWig	DNase-seq	none	midbrain	brain	brain	central-nervous-system	none	profile	passed
ENCFF508VHK	ENCFF508VHK	ENCSR318PRQ	ENCSR365UQB	ChromBPNet	sequence contribution scores profile	bigWig	DNase-seq	none	middle-frontal-gyrus	gyrus	brain	central-nervous-system	none	profile	passed
ENCFF117BTL	ENCFF117BTL	ENCSR634WYX	ENCSR108WVW	ChromBPNet	sequence contribution scores profile	bigWig	ATAC-seq	none	motor-neuron	neuron	nerve	central-nervous-system	none	profile	passed
ENCFF208ALI	ENCFF208ALI	ENCSR709QRD	ENCSR391QZM	ChromBPNet	sequence contribution scores profile	bigWig	ATAC-seq	none	motor-neuron	neuron	nerve	central-nervous-system	none	profile	passed
ENCFF212JNI	ENCFF212JNI	ENCSR812ZKP	ENCSR293UQL	ChromBPNet	sequence contribution scores profile	bigWig	ATAC-seq	none	motor-neuron	neuron	nerve	central-nervous-system	none	profile	passed
ENCFF291UTM	ENCFF291UTM	ENCSR459PVP	ENCSR860FGK	ChromBPNet	sequence contribution scores profile	bigWig	ATAC-seq	none	motor-neuron	neuron	nerve	central-nervous-system	none	profile	passed
ENCFF523WPN	ENCFF523WPN	ENCSR704VZY	ENCSR992JTX	ChromBPNet	sequence contribution scores profile	bigWig	ATAC-seq	none	motor-neuron	neuron	nerve	central-nervous-system	none	profile	passed
ENCFF698XPB	ENCFF698XPB	ENCSR913OWV	ENCSR667CJC	ChromBPNet	sequence contribution scores profile	bigWig	ATAC-seq	none	motor-neuron	neuron	nerve	central-nervous-system	none	profile	passed
ENCFF818DWR	ENCFF818DWR	ENCSR131HOY	ENCSR843NKK	ChromBPNet	sequence contribution scores profile	bigWig	ATAC-seq	none	motor-neuron	neuron	nerve	central-nervous-system	none	profile	passed
ENCFF881EGT	ENCFF881EGT	ENCSR065CER	ENCSR308SWU	ChromBPNet	sequence contribution scores profile	bigWig	ATAC-seq	none	motor-neuron	neuron	nerve	central-nervous-system	none	profile	passed
ENCFF980ZJK	ENCFF980ZJK	ENCSR410DWV	ENCSR098BDH	ChromBPNet	sequence contribution scores profile	bigWig	ATAC-seq	none	motor-neuron	neuron	nerve	central-nervous-system	none	profile	passed
ENCFF981AUZ	ENCFF981AUZ	ENCSR516YAD	ENCSR564RRF	ChromBPNet	sequence contribution scores profile	bigWig	ATAC-seq	none	motor-neuron	neuron	nerve	central-nervous-system	none	profile	passed
ENCFF055XGH	ENCFF055XGH	ENCSR491VXJ	ENCSR413TKV	ChromBPNet	sequence contribution scores profile	bigWig	ATAC-seq	none	mucosa-of-descending-colon	colon	large-intestine	digestive-system	none	profile	passed
ENCFF601EEJ	ENCFF601EEJ	ENCSR496PPU	ENCSR588VNU	ChromBPNet	sequence contribution scores profile	bigWig	ATAC-seq	none	mucosa-of-descending-colon	colon	large-intestine	digestive-system	none	profile	passed
ENCFF014PKN	ENCFF014PKN	ENCSR507DQC	ENCSR759ERC	ChromBPNet	sequence contribution scores profile	bigWig	DNase-seq	none	mucosa-of-descending-colon	colon	large-intestine	digestive-system	none	profile	passed
ENCFF446QLQ	ENCFF446QLQ	ENCSR404TSP	ENCSR317GLC	ChromBPNet	sequence contribution scores profile	bigWig	DNase-seq	none	mucosa-of-descending-colon	colon	large-intestine	digestive-system	none	profile	passed
ENCFF790YAW	ENCFF790YAW	ENCSR612CTW	ENCSR722YBR	ChromBPNet	sequence contribution scores profile	bigWig	DNase-seq	none	mucosa-of-descending-colon	colon	large-intestine	digestive-system	none	profile	passed
ENCFF119AFU	ENCFF119AFU	ENCSR695FLC	ENCSR649LBS	ChromBPNet	sequence contribution scores profile	bigWig	ATAC-seq	none	mucosa-of-gallbladder	bladder	bladder	excretory-system	none	profile	passed
ENCFF018HEC	ENCFF018HEC	ENCSR011SAG	ENCSR493ZPF	ChromBPNet	sequence contribution scores profile	bigWig	DNase-seq	none	mucosa-of-gallbladder	bladder	bladder	excretory-system	none	profile	passed
ENCFF761OAP	ENCFF761OAP	ENCSR153IUB	ENCSR872ETC	ChromBPNet	sequence contribution scores profile	bigWig	ATAC-seq	none	mucosa-of-urinary-bladder	bladder	bladder	excretory-system	none	profile	passed
ENCFF776VPC	ENCFF776VPC	ENCSR548SSP	ENCSR034VPK	ChromBPNet	sequence contribution scores profile	bigWig	ATAC-seq	none	mucosa-of-urinary-bladder	bladder	bladder	excretory-system	none	profile	passed
ENCFF028PEU	ENCFF028PEU	ENCSR826ERZ	ENCSR204UTL	ChromBPNet	sequence contribution scores profile	bigWig	DNase-seq	none	muscle-of-arm	muscle	muscle	musculature	none	profile	passed
ENCFF104GRZ	ENCFF104GRZ	ENCSR303YII	ENCSR701ZAN	ChromBPNet	sequence contribution scores profile	bigWig	DNase-seq	none	muscle-of-arm	muscle	muscle	musculature	none	profile	passed
ENCFF139XYA	ENCFF139XYA	ENCSR956NOL	ENCSR132ZIL	ChromBPNet	sequence contribution scores profile	bigWig	DNase-seq	none	muscle-of-arm	muscle	muscle	musculature	none	profile	passed
ENCFF150CNY	ENCFF150CNY	ENCSR753QKD	ENCSR723QGH	ChromBPNet	sequence contribution scores profile	bigWig	DNase-seq	none	muscle-of-arm	muscle	muscle	musculature	none	profile	passed
ENCFF270VED	ENCFF270VED	ENCSR357PMV	ENCSR997OAD	ChromBPNet	sequence contribution scores profile	bigWig	DNase-seq	none	muscle-of-arm	muscle	muscle	musculature	none	profile	passed
ENCFF274FIJ	ENCFF274FIJ	ENCSR270LZE	ENCSR667FJR	ChromBPNet	sequence contribution scores profile	bigWig	DNase-seq	none	muscle-of-arm	muscle	muscle	musculature	none	profile	passed
ENCFF318KMN	ENCFF318KMN	ENCSR062DXC	ENCSR669LKG	ChromBPNet	sequence contribution scores profile	bigWig	DNase-seq	none	muscle-of-arm	muscle	muscle	musculature	none	profile	passed
ENCFF414GUQ	ENCFF414GUQ	ENCSR517NHP	ENCSR439BOP	ChromBPNet	sequence contribution scores profile	bigWig	DNase-seq	none	muscle-of-arm	muscle	muscle	musculature	none	profile	passed
ENCFF640SFY	ENCFF640SFY	ENCSR356QCD	ENCSR260XZC	ChromBPNet	sequence contribution scores profile	bigWig	DNase-seq	none	muscle-of-arm	muscle	muscle	musculature	none	profile	passed
ENCFF757REU	ENCFF757REU	ENCSR951XEN	ENCSR784LHF	ChromBPNet	sequence contribution scores profile	bigWig	DNase-seq	none	muscle-of-arm	muscle	muscle	musculature	none	profile	passed
ENCFF774RRH	ENCFF774RRH	ENCSR949JYS	ENCSR451NQD	ChromBPNet	sequence contribution scores profile	bigWig	DNase-seq	none	muscle-of-arm	muscle	muscle	musculature	none	profile	passed
ENCFF817SBD	ENCFF817SBD	ENCSR619BNL	ENCSR084NFS	ChromBPNet	sequence contribution scores profile	bigWig	DNase-seq	none	muscle-of-arm	muscle	muscle	musculature	none	profile	passed
ENCFF869NYU	ENCFF869NYU	ENCSR888GBS	ENCSR297AUU	ChromBPNet	sequence contribution scores profile	bigWig	DNase-seq	none	muscle-of-arm	muscle	muscle	musculature	none	profile	passed
ENCFF882QJQ	ENCFF882QJQ	ENCSR649PJN	ENCSR099UWX	ChromBPNet	sequence contribution scores profile	bigWig	DNase-seq	none	muscle-of-arm	muscle	muscle	musculature	none	profile	passed
ENCFF978SZG	ENCFF978SZG	ENCSR452EGE	ENCSR767FMQ	ChromBPNet	sequence contribution scores profile	bigWig	DNase-seq	none	muscle-of-arm	muscle	muscle	musculature	none	profile	passed
ENCFF043XHV	ENCFF043XHV	ENCSR106RBR	ENCSR246WUN	ChromBPNet	sequence contribution scores profile	bigWig	DNase-seq	none	muscle-of-back	muscle	muscle	musculature	none	profile	passed
ENCFF234ENA	ENCFF234ENA	ENCSR438TWI	ENCSR467GZH	ChromBPNet	sequence contribution scores profile	bigWig	DNase-seq	none	muscle-of-back	muscle	muscle	musculature	none	profile	passed
ENCFF236NRI	ENCFF236NRI	ENCSR295ELC	ENCSR941HRR	ChromBPNet	sequence contribution scores profile	bigWig	DNase-seq	none	muscle-of-back	muscle	muscle	musculature	none	profile	passed
ENCFF252ZUN	ENCFF252ZUN	ENCSR174GXG	ENCSR037WSC	ChromBPNet	sequence contribution scores profile	bigWig	DNase-seq	none	muscle-of-back	muscle	muscle	musculature	none	profile	passed
ENCFF336CWE	ENCFF336CWE	ENCSR033STL	ENCSR147DMQ	ChromBPNet	sequence contribution scores profile	bigWig	DNase-seq	none	muscle-of-back	muscle	muscle	musculature	none	profile	passed
ENCFF341QDR	ENCFF341QDR	ENCSR585CGU	ENCSR704MNS	ChromBPNet	sequence contribution scores profile	bigWig	DNase-seq	none	muscle-of-back	muscle	muscle	musculature	none	profile	passed
ENCFF380OQW	ENCFF380OQW	ENCSR698CUE	ENCSR436KLL	ChromBPNet	sequence contribution scores profile	bigWig	DNase-seq	none	muscle-of-back	muscle	muscle	musculature	none	profile	passed
ENCFF390DCN	ENCFF390DCN	ENCSR072NBR	ENCSR338CYP	ChromBPNet	sequence contribution scores profile	bigWig	DNase-seq	none	muscle-of-back	muscle	muscle	musculature	none	profile	passed
ENCFF420BQX	ENCFF420BQX	ENCSR141NSQ	ENCSR071YMB	ChromBPNet	sequence contribution scores profile	bigWig	DNase-seq	none	muscle-of-back	muscle	muscle	musculature	none	profile	passed
ENCFF511QMX	ENCFF511QMX	ENCSR786FWF	ENCSR347XBH	ChromBPNet	sequence contribution scores profile	bigWig	DNase-seq	none	muscle-of-back	muscle	muscle	musculature	none	profile	passed
ENCFF593OJR	ENCFF593OJR	ENCSR193LYA	ENCSR006WBH	ChromBPNet	sequence contribution scores profile	bigWig	DNase-seq	none	muscle-of-back	muscle	muscle	musculature	none	profile	passed
ENCFF785IHJ	ENCFF785IHJ	ENCSR476SDZ	ENCSR604WIO	ChromBPNet	sequence contribution scores profile	bigWig	DNase-seq	none	muscle-of-back	muscle	muscle	musculature	none	profile	passed
ENCFF811QWG	ENCFF811QWG	ENCSR010ZMK	ENCSR793EFR	ChromBPNet	sequence contribution scores profile	bigWig	DNase-seq	none	muscle-of-back	muscle	muscle	musculature	none	profile	passed
ENCFF013WHC	ENCFF013WHC	ENCSR938UOR	ENCSR642UBP	ChromBPNet	sequence contribution scores profile	bigWig	DNase-seq	none	muscle-of-leg	muscle	muscle	musculature	none	profile	passed
ENCFF209UKR	ENCFF209UKR	ENCSR622CAH	ENCSR887XQO	ChromBPNet	sequence contribution scores profile	bigWig	DNase-seq	none	muscle-of-leg	muscle	muscle	musculature	none	profile	passed
ENCFF271ZOC	ENCFF271ZOC	ENCSR167XSQ	ENCSR951VPU	ChromBPNet	sequence contribution scores profile	bigWig	DNase-seq	none	muscle-of-leg	muscle	muscle	musculature	none	profile	passed
ENCFF331FPM	ENCFF331FPM	ENCSR286WIA	ENCSR563QIN	ChromBPNet	sequence contribution scores profile	bigWig	DNase-seq	none	muscle-of-leg	muscle	muscle	musculature	none	profile	passed
ENCFF480TNC	ENCFF480TNC	ENCSR059LXL	ENCSR771RUL	ChromBPNet	sequence contribution scores profile	bigWig	DNase-seq	none	muscle-of-leg	muscle	muscle	musculature	none	profile	passed
ENCFF508IGE	ENCFF508IGE	ENCSR937RVN	ENCSR544GNB	ChromBPNet	sequence contribution scores profile	bigWig	DNase-seq	none	muscle-of-leg	muscle	muscle	musculature	none	profile	passed
ENCFF608RYC	ENCFF608RYC	ENCSR033DQS	ENCSR023VRN	ChromBPNet	sequence contribution scores profile	bigWig	DNase-seq	none	muscle-of-leg	muscle	muscle	musculature	none	profile	passed
ENCFF647GJT	ENCFF647GJT	ENCSR272RQX	ENCSR084ZVM	ChromBPNet	sequence contribution scores profile	bigWig	DNase-seq	none	muscle-of-leg	muscle	muscle	musculature	none	profile	passed
ENCFF703RQN	ENCFF703RQN	ENCSR861NUH	ENCSR944QXV	ChromBPNet	sequence contribution scores profile	bigWig	DNase-seq	none	muscle-of-leg	muscle	muscle	musculature	none	profile	passed
ENCFF802UCK	ENCFF802UCK	ENCSR294QCR	ENCSR146ZYL	ChromBPNet	sequence contribution scores profile	bigWig	DNase-seq	none	muscle-of-leg	muscle	muscle	musculature	none	profile	passed
ENCFF829MCG	ENCFF829MCG	ENCSR297ORG	ENCSR127GFJ	ChromBPNet	sequence contribution scores profile	bigWig	DNase-seq	none	muscle-of-leg	muscle	muscle	musculature	none	profile	passed
ENCFF920SGN	ENCFF920SGN	ENCSR198JXW	ENCSR915HQH	ChromBPNet	sequence contribution scores profile	bigWig	DNase-seq	none	muscle-of-leg	muscle	muscle	musculature	none	profile	passed
ENCFF099LCY	ENCFF099LCY	ENCSR411MGY	ENCSR276ZAN	ChromBPNet	sequence contribution scores profile	bigWig	DNase-seq	none	muscle-of-trunk	muscle	muscle	musculature	none	profile	passed
ENCFF475OOD	ENCFF475OOD	ENCSR217YRJ	ENCSR183INL	ChromBPNet	sequence contribution scores profile	bigWig	DNase-seq	none	muscle-of-trunk	muscle	muscle	musculature	none	profile	passed
ENCFF614PZY	ENCFF614PZY	ENCSR440FZS	ENCSR038BQY	ChromBPNet	sequence contribution scores profile	bigWig	DNase-seq	none	muscle-of-trunk	muscle	muscle	musculature	none	profile	passed
ENCFF467FVG	ENCFF467FVG	ENCSR000EPD	ENCSR838EIU	ChromBPNet	sequence contribution scores profile	bigWig	DNase-seq	none	myocyte	myocyte	muscle	musculature	none	profile	passed
ENCFF920UIV	ENCFF920UIV	ENCSR000EOP	ENCSR523GUI	ChromBPNet	sequence contribution scores profile	bigWig	DNase-seq	none	myotube	myotube	muscle	musculature	none	profile	passed
ENCFF200JCN	ENCFF200JCN	ENCSR685OFR	ENCSR479HKQ	ChromBPNet	sequence contribution scores profile	bigWig	ATAC-seq	none	naive-B-cell	b-cell	immune	immune-system	none	profile	passed
ENCFF337ZBO	ENCFF337ZBO	ENCSR903WVU	ENCSR993ADC	ChromBPNet	sequence contribution scores profile	bigWig	ATAC-seq	none	naive-B-cell	b-cell	immune	immune-system	none	profile	passed
ENCFF475EQW	ENCFF475EQW	ENCSR739VKY	ENCSR167ROT	ChromBPNet	sequence contribution scores profile	bigWig	DNase-seq	none	naive-B-cell	b-cell	immune	immune-system	none	profile	passed
ENCFF558PYP	ENCFF558PYP	ENCSR480SNC	ENCSR365UQV	ChromBPNet	sequence contribution scores profile	bigWig	DNase-seq	none	naive-B-cell	b-cell	immune	immune-system	none	profile	passed
ENCFF166SSK	ENCFF166SSK	ENCSR452COS	ENCSR021MKA	ChromBPNet	sequence contribution scores profile	bigWig	ATAC-seq	none	naive-thymus-derived-CD4-positive,-alpha-beta-T-cell	t-cell	immune	immune-system	none	profile	passed
ENCFF181KVU	ENCFF181KVU	ENCSR260LAN	ENCSR973ELB	ChromBPNet	sequence contribution scores profile	bigWig	ATAC-seq	none	naive-thymus-derived-CD4-positive,-alpha-beta-T-cell	t-cell	immune	immune-system	none	profile	passed
ENCFF004EWQ	ENCFF004EWQ	ENCSR000EMM	ENCSR955XIL	ChromBPNet	sequence contribution scores profile	bigWig	DNase-seq	none	naive-thymus-derived-CD4-positive,-alpha-beta-T-cell	t-cell	immune	immune-system	none	profile	passed
ENCFF472HUN	ENCFF472HUN	ENCSR531AYV	ENCSR264EXC	ChromBPNet	sequence contribution scores profile	bigWig	DNase-seq	none	naive-thymus-derived-CD4-positive,-alpha-beta-T-cell	t-cell	immune	immune-system	none	profile	passed
ENCFF479HYF	ENCFF479HYF	ENCSR387EYA	ENCSR410LHN	ChromBPNet	sequence contribution scores profile	bigWig	DNase-seq	none	naive-thymus-derived-CD4-positive,-alpha-beta-T-cell	t-cell	immune	immune-system	none	profile	passed
ENCFF518CXE	ENCFF518CXE	ENCSR232NLA	ENCSR490VKT	ChromBPNet	sequence contribution scores profile	bigWig	DNase-seq	none	naive-thymus-derived-CD4-positive,-alpha-beta-T-cell	t-cell	immune	immune-system	none	profile	passed
ENCFF706WSA	ENCFF706WSA	ENCSR000EML	ENCSR792XWI	ChromBPNet	sequence contribution scores profile	bigWig	DNase-seq	none	naive-thymus-derived-CD4-positive,-alpha-beta-T-cell	t-cell	immune	immune-system	none	profile	passed
ENCFF767DLV	ENCFF767DLV	ENCSR969QKG	ENCSR000SWL	ChromBPNet	sequence contribution scores profile	bigWig	DNase-seq	none	naive-thymus-derived-CD4-positive,-alpha-beta-T-cell	t-cell	immune	immune-system	none	profile	passed
ENCFF802KOX	ENCFF802KOX	ENCSR125OEJ	ENCSR777DQL	ChromBPNet	sequence contribution scores profile	bigWig	DNase-seq	none	naive-thymus-derived-CD4-positive,-alpha-beta-T-cell	t-cell	immune	immune-system	none	profile	passed
ENCFF277WBT	ENCFF277WBT	ENCSR513EVP	ENCSR531ENM	ChromBPNet	sequence contribution scores profile	bigWig	ATAC-seq	none	naive-thymus-derived-CD8-positive,-alpha-beta-T-cell	t-cell	immune	immune-system	none	profile	passed
ENCFF963DFY	ENCFF963DFY	ENCSR614JAG	ENCSR996BEY	ChromBPNet	sequence contribution scores profile	bigWig	ATAC-seq	none	naive-thymus-derived-CD8-positive,-alpha-beta-T-cell	t-cell	immune	immune-system	none	profile	passed
ENCFF976UYA	ENCFF976UYA	ENCSR283LPH	ENCSR035TEW	ChromBPNet	sequence contribution scores profile	bigWig	ATAC-seq	none	naive-thymus-derived-CD8-positive,-alpha-beta-T-cell	t-cell	immune	immune-system	none	profile	passed
ENCFF098XDQ	ENCFF098XDQ	ENCSR332HAD	ENCSR132JVG	ChromBPNet	sequence contribution scores profile	bigWig	DNase-seq	none	naive-thymus-derived-CD8-positive,-alpha-beta-T-cell	t-cell	immune	immune-system	none	profile	passed
ENCFF103UGK	ENCFF103UGK	ENCSR445QDZ	ENCSR650ORE	ChromBPNet	sequence contribution scores profile	bigWig	DNase-seq	none	naive-thymus-derived-CD8-positive,-alpha-beta-T-cell	t-cell	immune	immune-system	none	profile	passed
ENCFF127FTX	ENCFF127FTX	ENCSR889ONK	ENCSR668QCT	ChromBPNet	sequence contribution scores profile	bigWig	DNase-seq	none	naive-thymus-derived-CD8-positive,-alpha-beta-T-cell	t-cell	immune	immune-system	none	profile	passed
ENCFF180GYJ	ENCFF180GYJ	ENCSR296TFH	ENCSR868BMM	ChromBPNet	sequence contribution scores profile	bigWig	DNase-seq	none	naive-thymus-derived-CD8-positive,-alpha-beta-T-cell	t-cell	immune	immune-system	none	profile	passed
ENCFF235JUF	ENCFF235JUF	ENCSR367WVH	ENCSR709FWR	ChromBPNet	sequence contribution scores profile	bigWig	DNase-seq	none	naive-thymus-derived-CD8-positive,-alpha-beta-T-cell	t-cell	immune	immune-system	none	profile	passed
ENCFF402WUU	ENCFF402WUU	ENCSR283TME	ENCSR399CMA	ChromBPNet	sequence contribution scores profile	bigWig	DNase-seq	none	naive-thymus-derived-CD8-positive,-alpha-beta-T-cell	t-cell	immune	immune-system	none	profile	passed
ENCFF701ECJ	ENCFF701ECJ	ENCSR703VGI	ENCSR929NKA	ChromBPNet	sequence contribution scores profile	bigWig	DNase-seq	none	naive-thymus-derived-CD8-positive,-alpha-beta-T-cell	t-cell	immune	immune-system	none	profile	passed
ENCFF818YPV	ENCFF818YPV	ENCSR237BOF	ENCSR554LKW	ChromBPNet	sequence contribution scores profile	bigWig	DNase-seq	none	naive-thymus-derived-CD8-positive,-alpha-beta-T-cell	t-cell	immune	immune-system	none	profile	passed
ENCFF078ESN	ENCFF078ESN	ENCSR373GMM	ENCSR629AOL	ChromBPNet	sequence contribution scores profile	bigWig	ATAC-seq	none	natural-killer-cell	killer	immune	immune-system	none	profile	passed
ENCFF190BXV	ENCFF190BXV	ENCSR305QTE	ENCSR015SXE	ChromBPNet	sequence contribution scores profile	bigWig	ATAC-seq	none	natural-killer-cell	killer	immune	immune-system	none	profile	passed
ENCFF298ACG	ENCFF298ACG	ENCSR044ATC	ENCSR038PBG	ChromBPNet	sequence contribution scores profile	bigWig	ATAC-seq	none	natural-killer-cell	killer	immune	immune-system	none	profile	passed
ENCFF736HSY	ENCFF736HSY	ENCSR854TTM	ENCSR360EPT	ChromBPNet	sequence contribution scores profile	bigWig	ATAC-seq	none	natural-killer-cell	killer	immune	immune-system	none	profile	passed
ENCFF854VEZ	ENCFF854VEZ	ENCSR808HWS	ENCSR364XYG	ChromBPNet	sequence contribution scores profile	bigWig	ATAC-seq	none	natural-killer-cell	killer	immune	immune-system	none	profile	passed
ENCFF110NQZ	ENCFF110NQZ	ENCSR723JLG	ENCSR494GOI	ChromBPNet	sequence contribution scores profile	bigWig	DNase-seq	none	natural-killer-cell	killer	immune	immune-system	none	profile	passed
ENCFF412WAU	ENCFF412WAU	ENCSR704HNG	ENCSR294YZE	ChromBPNet	sequence contribution scores profile	bigWig	DNase-seq	none	natural-killer-cell	killer	immune	immune-system	none	profile	passed
ENCFF429VEV	ENCFF429VEV	ENCSR718AAB	ENCSR937NLZ	ChromBPNet	sequence contribution scores profile	bigWig	DNase-seq	none	natural-killer-cell	killer	immune	immune-system	none	profile	passed
ENCFF561BUQ	ENCFF561BUQ	ENCSR407WGG	ENCSR373EGC	ChromBPNet	sequence contribution scores profile	bigWig	DNase-seq	none	natural-killer-cell	killer	immune	immune-system	none	profile	passed
ENCFF743FLI	ENCFF743FLI	ENCSR794TLA	ENCSR375KAT	ChromBPNet	sequence contribution scores profile	bigWig	DNase-seq	none	natural-killer-cell	killer	immune	immune-system	none	profile	passed
ENCFF755RFL	ENCFF755RFL	ENCSR409ZBD	ENCSR614AIX	ChromBPNet	sequence contribution scores profile	bigWig	DNase-seq	none	natural-killer-cell	killer	immune	immune-system	none	profile	passed
ENCFF954BGM	ENCFF954BGM	ENCSR975LGK	ENCSR877QBD	ChromBPNet	sequence contribution scores profile	bigWig	DNase-seq	none	natural-killer-cell	killer	immune	immune-system	none	profile	passed
ENCFF678NCX	ENCFF678NCX	ENCSR503UNA	ENCSR071WOZ	ChromBPNet	sequence contribution scores profile	bigWig	DNase-seq	none	nephron-progenitor-cell	nephron	kidney	excretory-system	none	profile	passed
ENCFF788YXL	ENCFF788YXL	ENCSR826URD	ENCSR595VCF	ChromBPNet	sequence contribution scores profile	bigWig	DNase-seq	none	neural-crest-cell	neural	nerve	central-nervous-system	none	profile	passed
ENCFF289UBV	ENCFF289UBV	ENCSR963ALV	ENCSR648YLB	ChromBPNet	sequence contribution scores profile	bigWig	DNase-seq	none	neural-progenitor-cell	neural	nerve	central-nervous-system	none	profile	passed
ENCFF113WNO	ENCFF113WNO	ENCSR278FVO	ENCSR127MYY	ChromBPNet	sequence contribution scores profile	bigWig	DNase-seq	none	neuronal-stem-cell	stem-cell	stem-cell	developmental-system	none	profile	passed
ENCFF320XZA	ENCFF320XZA	ENCSR788TRR	ENCSR095QNL	ChromBPNet	sequence contribution scores profile	bigWig	ATAC-seq	none	omental-fat-pad	fat	skin	integumental-system	none	profile	passed
ENCFF401IGF	ENCFF401IGF	ENCSR693UHT	ENCSR299WQM	ChromBPNet	sequence contribution scores profile	bigWig	DNase-seq	none	omental-fat-pad	fat	skin	integumental-system	none	profile	passed
ENCFF782CPB	ENCFF782CPB	ENCSR818HHN	ENCSR062CWJ	ChromBPNet	sequence contribution scores profile	bigWig	DNase-seq	none	osteocyte	osteocyte	bone	skeletal-system	none	profile	passed
ENCFF043YTE	ENCFF043YTE	ENCSR392UJM	ENCSR543CFL	ChromBPNet	sequence contribution scores profile	bigWig	ATAC-seq	none	ovary	ovary	ovary	reproductive-system	none	profile	passed
ENCFF323UMB	ENCFF323UMB	ENCSR227FVE	ENCSR340JVJ	ChromBPNet	sequence contribution scores profile	bigWig	ATAC-seq	none	ovary	ovary	ovary	reproductive-system	none	profile	passed
ENCFF508DQN	ENCFF508DQN	ENCSR490MSG	ENCSR121QXN	ChromBPNet	sequence contribution scores profile	bigWig	ATAC-seq	none	ovary	ovary	ovary	reproductive-system	none	profile	passed
ENCFF620JJS	ENCFF620JJS	ENCSR872MAO	ENCSR757ROR	ChromBPNet	sequence contribution scores profile	bigWig	ATAC-seq	none	ovary	ovary	ovary	reproductive-system	none	profile	passed
ENCFF653GBB	ENCFF653GBB	ENCSR476WNA	ENCSR629AVX	ChromBPNet	sequence contribution scores profile	bigWig	ATAC-seq	none	ovary	ovary	ovary	reproductive-system	none	profile	passed
ENCFF659KTB	ENCFF659KTB	ENCSR996ZCR	ENCSR886QCR	ChromBPNet	sequence contribution scores profile	bigWig	ATAC-seq	none	ovary	ovary	ovary	reproductive-system	none	profile	passed
ENCFF768FQR	ENCFF768FQR	ENCSR571JFO	ENCSR331CJJ	ChromBPNet	sequence contribution scores profile	bigWig	ATAC-seq	none	ovary	ovary	ovary	reproductive-system	none	profile	passed
ENCFF051RAQ	ENCFF051RAQ	ENCSR428XAX	ENCSR941ZNH	ChromBPNet	sequence contribution scores profile	bigWig	DNase-seq	none	ovary	ovary	ovary	reproductive-system	none	profile	passed
ENCFF080AUU	ENCFF080AUU	ENCSR138UGH	ENCSR909JOK	ChromBPNet	sequence contribution scores profile	bigWig	DNase-seq	none	ovary	ovary	ovary	reproductive-system	none	profile	passed
ENCFF246RYO	ENCFF246RYO	ENCSR365NDK	ENCSR064VAE	ChromBPNet	sequence contribution scores profile	bigWig	DNase-seq	none	ovary	ovary	ovary	reproductive-system	none	profile	passed
ENCFF308PEQ	ENCFF308PEQ	ENCSR732RIC	ENCSR932WJY	ChromBPNet	sequence contribution scores profile	bigWig	DNase-seq	none	ovary	ovary	ovary	reproductive-system	none	profile	passed
ENCFF338RWS	ENCFF338RWS	ENCSR330ZBO	ENCSR176QSI	ChromBPNet	sequence contribution scores profile	bigWig	DNase-seq	none	ovary	ovary	ovary	reproductive-system	none	profile	passed
ENCFF339SWT	ENCFF339SWT	ENCSR798XLO	ENCSR399QPF	ChromBPNet	sequence contribution scores profile	bigWig	DNase-seq	none	ovary	ovary	ovary	reproductive-system	none	profile	passed
ENCFF462ZJD	ENCFF462ZJD	ENCSR712PYJ	ENCSR377QSX	ChromBPNet	sequence contribution scores profile	bigWig	DNase-seq	none	ovary	ovary	ovary	reproductive-system	none	profile	passed
ENCFF688DUL	ENCFF688DUL	ENCSR930PDT	ENCSR566KYS	ChromBPNet	sequence contribution scores profile	bigWig	DNase-seq	none	ovary	ovary	ovary	reproductive-system	none	profile	passed
ENCFF690QGB	ENCFF690QGB	ENCSR872DUY	ENCSR544UHC	ChromBPNet	sequence contribution scores profile	bigWig	DNase-seq	none	ovary	ovary	ovary	reproductive-system	none	profile	passed
ENCFF215MZF	ENCFF215MZF	ENCSR530XBF	ENCSR114HVO	ChromBPNet	sequence contribution scores profile	bigWig	ATAC-seq	none	pancreas	pancreas	pancreas	digestive-system	none	profile	passed
ENCFF607QEK	ENCFF607QEK	ENCSR808ZMK	ENCSR413MSV	ChromBPNet	sequence contribution scores profile	bigWig	ATAC-seq	none	pancreas	pancreas	pancreas	digestive-system	none	profile	passed
ENCFF803TES	ENCFF803TES	ENCSR251POP	ENCSR720FMM	ChromBPNet	sequence contribution scores profile	bigWig	ATAC-seq	none	pancreas	pancreas	pancreas	digestive-system	none	profile	passed
ENCFF902KBY	ENCFF902KBY	ENCSR918TVE	ENCSR170MMS	ChromBPNet	sequence contribution scores profile	bigWig	ATAC-seq	none	pancreas	pancreas	pancreas	digestive-system	none	profile	passed
ENCFF957NYD	ENCFF957NYD	ENCSR705KEB	ENCSR305AHO	ChromBPNet	sequence contribution scores profile	bigWig	ATAC-seq	none	pancreas	pancreas	pancreas	digestive-system	none	profile	passed
ENCFF113IPD	ENCFF113IPD	ENCSR338NEI	ENCSR601UXA	ChromBPNet	sequence contribution scores profile	bigWig	DNase-seq	none	pancreas	pancreas	pancreas	digestive-system	none	profile	passed
ENCFF187ANC	ENCFF187ANC	ENCSR056PFI	ENCSR473DPG	ChromBPNet	sequence contribution scores profile	bigWig	DNase-seq	none	pancreas	pancreas	pancreas	digestive-system	none	profile	passed
ENCFF257KBJ	ENCFF257KBJ	ENCSR236KPK	ENCSR025GTZ	ChromBPNet	sequence contribution scores profile	bigWig	DNase-seq	none	pancreas	pancreas	pancreas	digestive-system	none	profile	passed
ENCFF378MFY	ENCFF378MFY	ENCSR242RPQ	ENCSR075BMD	ChromBPNet	sequence contribution scores profile	bigWig	DNase-seq	none	pancreas	pancreas	pancreas	digestive-system	none	profile	passed
ENCFF466YPE	ENCFF466YPE	ENCSR178JBL	ENCSR627VXK	ChromBPNet	sequence contribution scores profile	bigWig	DNase-seq	none	pancreas	pancreas	pancreas	digestive-system	none	profile	passed
ENCFF658KBO	ENCFF658KBO	ENCSR595HZQ	ENCSR265WLZ	ChromBPNet	sequence contribution scores profile	bigWig	DNase-seq	none	pancreas	pancreas	pancreas	digestive-system	none	profile	passed
ENCFF981XRF	ENCFF981XRF	ENCSR999VDH	ENCSR855ANC	ChromBPNet	sequence contribution scores profile	bigWig	DNase-seq	none	pancreas	pancreas	pancreas	digestive-system	none	profile	passed
ENCFF049QHD	ENCFF049QHD	ENCSR552RKI	ENCSR917FYG	ChromBPNet	sequence contribution scores profile	bigWig	DNase-seq	none	placenta	placenta	placenta	reproductive-system	none	profile	passed
ENCFF133UGW	ENCFF133UGW	ENCSR648RAX	ENCSR603HZX	ChromBPNet	sequence contribution scores profile	bigWig	DNase-seq	none	placenta	placenta	placenta	reproductive-system	none	profile	passed
ENCFF156BIK	ENCFF156BIK	ENCSR395EZY	ENCSR215BSD	ChromBPNet	sequence contribution scores profile	bigWig	DNase-seq	none	placenta	placenta	placenta	reproductive-system	none	profile	passed
ENCFF195NIJ	ENCFF195NIJ	ENCSR545KQR	ENCSR670KSX	ChromBPNet	sequence contribution scores profile	bigWig	DNase-seq	none	placenta	placenta	placenta	reproductive-system	none	profile	passed
ENCFF245CZF	ENCFF245CZF	ENCSR336RGT	ENCSR823CJN	ChromBPNet	sequence contribution scores profile	bigWig	DNase-seq	none	placenta	placenta	placenta	reproductive-system	none	profile	passed
ENCFF250JAR	ENCFF250JAR	ENCSR126EVK	ENCSR283EJN	ChromBPNet	sequence contribution scores profile	bigWig	DNase-seq	none	placenta	placenta	placenta	reproductive-system	none	profile	passed
ENCFF285DLU	ENCFF285DLU	ENCSR267UFM	ENCSR086ALK	ChromBPNet	sequence contribution scores profile	bigWig	DNase-seq	none	placenta	placenta	placenta	reproductive-system	none	profile	passed
ENCFF292MRW	ENCFF292MRW	ENCSR575VMI	ENCSR900IMX	ChromBPNet	sequence contribution scores profile	bigWig	DNase-seq	none	placenta	placenta	placenta	reproductive-system	none	profile	passed
ENCFF353NII	ENCFF353NII	ENCSR499IFY	ENCSR320MUC	ChromBPNet	sequence contribution scores profile	bigWig	DNase-seq	none	placenta	placenta	placenta	reproductive-system	none	profile	passed
ENCFF382IJT	ENCFF382IJT	ENCSR035QHH	ENCSR238VPR	ChromBPNet	sequence contribution scores profile	bigWig	DNase-seq	none	placenta	placenta	placenta	reproductive-system	none	profile	passed
ENCFF404AWN	ENCFF404AWN	ENCSR922YEW	ENCSR620JGM	ChromBPNet	sequence contribution scores profile	bigWig	DNase-seq	none	placenta	placenta	placenta	reproductive-system	none	profile	passed
ENCFF503DBG	ENCFF503DBG	ENCSR552XJI	ENCSR786QPI	ChromBPNet	sequence contribution scores profile	bigWig	DNase-seq	none	placenta	placenta	placenta	reproductive-system	none	profile	passed
ENCFF551PIR	ENCFF551PIR	ENCSR831QMZ	ENCSR398EUE	ChromBPNet	sequence contribution scores profile	bigWig	DNase-seq	none	placenta	placenta	placenta	reproductive-system	none	profile	passed
ENCFF586HEB	ENCFF586HEB	ENCSR685PCS	ENCSR197HKB	ChromBPNet	sequence contribution scores profile	bigWig	DNase-seq	none	placenta	placenta	placenta	reproductive-system	none	profile	passed
ENCFF605WGJ	ENCFF605WGJ	ENCSR503RWO	ENCSR732YAH	ChromBPNet	sequence contribution scores profile	bigWig	DNase-seq	none	placenta	placenta	placenta	reproductive-system	none	profile	passed
ENCFF723RDD	ENCFF723RDD	ENCSR656KLT	ENCSR027FLL	ChromBPNet	sequence contribution scores profile	bigWig	DNase-seq	none	placenta	placenta	placenta	reproductive-system	none	profile	passed
ENCFF838HOH	ENCFF838HOH	ENCSR212VEN	ENCSR965KKV	ChromBPNet	sequence contribution scores profile	bigWig	DNase-seq	none	placenta	placenta	placenta	reproductive-system	none	profile	passed
ENCFF891PGN	ENCFF891PGN	ENCSR989YIV	ENCSR638CZD	ChromBPNet	sequence contribution scores profile	bigWig	DNase-seq	none	placenta	placenta	placenta	reproductive-system	none	profile	passed
ENCFF893VVG	ENCFF893VVG	ENCSR802AJE	ENCSR699KFI	ChromBPNet	sequence contribution scores profile	bigWig	DNase-seq	none	placenta	placenta	placenta	reproductive-system	none	profile	passed
ENCFF902ZZY	ENCFF902ZZY	ENCSR689FYA	ENCSR416VPY	ChromBPNet	sequence contribution scores profile	bigWig	DNase-seq	none	placenta	placenta	placenta	reproductive-system	none	profile	passed
ENCFF913VUO	ENCFF913VUO	ENCSR129TSG	ENCSR331GAY	ChromBPNet	sequence contribution scores profile	bigWig	DNase-seq	none	placenta	placenta	placenta	reproductive-system	none	profile	passed
ENCFF968JQP	ENCFF968JQP	ENCSR566VAK	ENCSR178HDU	ChromBPNet	sequence contribution scores profile	bigWig	DNase-seq	none	placenta	placenta	placenta	reproductive-system	none	profile	passed
ENCFF370YJJ	ENCFF370YJJ	ENCSR829MXU	ENCSR321NZH	ChromBPNet	sequence contribution scores profile	bigWig	DNase-seq	none	pons	cell-line	cell-line	cell-line	none	profile	passed
ENCFF955CFK	ENCFF955CFK	ENCSR729FNL	ENCSR763OVZ	ChromBPNet	sequence contribution scores profile	bigWig	ATAC-seq	none	posterior-cingulate-cortex	cingulate	brain	central-nervous-system	none	profile	passed
ENCFF022MGG	ENCFF022MGG	ENCSR577QZP	ENCSR012UEW	ChromBPNet	sequence contribution scores profile	bigWig	DNase-seq	none	posterior-cingulate-gyrus	gyrus	brain	central-nervous-system	none	profile	passed
ENCFF028DQG	ENCFF028DQG	ENCSR555DLG	ENCSR200CIY	ChromBPNet	sequence contribution scores profile	bigWig	DNase-seq	none	posterior-cingulate-gyrus	gyrus	brain	central-nervous-system	none	profile	passed
ENCFF043ESW	ENCFF043ESW	ENCSR599JZA	ENCSR006UIC	ChromBPNet	sequence contribution scores profile	bigWig	DNase-seq	none	posterior-cingulate-gyrus	gyrus	brain	central-nervous-system	none	profile	passed
ENCFF066FYH	ENCFF066FYH	ENCSR037PIU	ENCSR025VNG	ChromBPNet	sequence contribution scores profile	bigWig	DNase-seq	none	posterior-cingulate-gyrus	gyrus	brain	central-nervous-system	none	profile	passed
ENCFF070VDJ	ENCFF070VDJ	ENCSR581LHW	ENCSR770IPC	ChromBPNet	sequence contribution scores profile	bigWig	DNase-seq	none	posterior-cingulate-gyrus	gyrus	brain	central-nervous-system	none	profile	passed
ENCFF112ZJK	ENCFF112ZJK	ENCSR503UFM	ENCSR545CXX	ChromBPNet	sequence contribution scores profile	bigWig	DNase-seq	none	posterior-cingulate-gyrus	gyrus	brain	central-nervous-system	none	profile	passed
ENCFF123KMH	ENCFF123KMH	ENCSR987CQN	ENCSR197OKX	ChromBPNet	sequence contribution scores profile	bigWig	DNase-seq	none	posterior-cingulate-gyrus	gyrus	brain	central-nervous-system	none	profile	passed
ENCFF182VCF	ENCFF182VCF	ENCSR789FJF	ENCSR932TFQ	ChromBPNet	sequence contribution scores profile	bigWig	DNase-seq	none	posterior-cingulate-gyrus	gyrus	brain	central-nervous-system	none	profile	passed
ENCFF187TNQ	ENCFF187TNQ	ENCSR784GVR	ENCSR440TNT	ChromBPNet	sequence contribution scores profile	bigWig	DNase-seq	none	posterior-cingulate-gyrus	gyrus	brain	central-nervous-system	none	profile	passed
ENCFF251XEY	ENCFF251XEY	ENCSR846VGZ	ENCSR642MZG	ChromBPNet	sequence contribution scores profile	bigWig	DNase-seq	none	posterior-cingulate-gyrus	gyrus	brain	central-nervous-system	none	profile	passed
ENCFF264ZHG	ENCFF264ZHG	ENCSR885ZBV	ENCSR877WHN	ChromBPNet	sequence contribution scores profile	bigWig	DNase-seq	none	posterior-cingulate-gyrus	gyrus	brain	central-nervous-system	none	profile	passed
ENCFF314YQG	ENCFF314YQG	ENCSR690CVL	ENCSR436PSQ	ChromBPNet	sequence contribution scores profile	bigWig	DNase-seq	none	posterior-cingulate-gyrus	gyrus	brain	central-nervous-system	none	profile	passed
ENCFF335MEN	ENCFF335MEN	ENCSR086PIL	ENCSR607BQJ	ChromBPNet	sequence contribution scores profile	bigWig	DNase-seq	none	posterior-cingulate-gyrus	gyrus	brain	central-nervous-system	none	profile	passed
ENCFF380NHT	ENCFF380NHT	ENCSR502FPR	ENCSR638JQB	ChromBPNet	sequence contribution scores profile	bigWig	DNase-seq	none	posterior-cingulate-gyrus	gyrus	brain	central-nervous-system	none	profile	passed
ENCFF411PIB	ENCFF411PIB	ENCSR433NEX	ENCSR150BEX	ChromBPNet	sequence contribution scores profile	bigWig	DNase-seq	none	posterior-cingulate-gyrus	gyrus	brain	central-nervous-system	none	profile	passed
ENCFF425TCY	ENCFF425TCY	ENCSR365FVU	ENCSR725IHL	ChromBPNet	sequence contribution scores profile	bigWig	DNase-seq	none	posterior-cingulate-gyrus	gyrus	brain	central-nervous-system	none	profile	passed
ENCFF432KSL	ENCFF432KSL	ENCSR628GQE	ENCSR571ZLT	ChromBPNet	sequence contribution scores profile	bigWig	DNase-seq	none	posterior-cingulate-gyrus	gyrus	brain	central-nervous-system	none	profile	passed
ENCFF443WIO	ENCFF443WIO	ENCSR654GSG	ENCSR725JHA	ChromBPNet	sequence contribution scores profile	bigWig	DNase-seq	none	posterior-cingulate-gyrus	gyrus	brain	central-nervous-system	none	profile	passed
ENCFF449YEY	ENCFF449YEY	ENCSR059ETS	ENCSR439IID	ChromBPNet	sequence contribution scores profile	bigWig	DNase-seq	none	posterior-cingulate-gyrus	gyrus	brain	central-nervous-system	none	profile	passed
ENCFF465TIE	ENCFF465TIE	ENCSR195GUK	ENCSR755WII	ChromBPNet	sequence contribution scores profile	bigWig	DNase-seq	none	posterior-cingulate-gyrus	gyrus	brain	central-nervous-system	none	profile	passed
ENCFF487BEG	ENCFF487BEG	ENCSR579RVI	ENCSR272TWH	ChromBPNet	sequence contribution scores profile	bigWig	DNase-seq	none	posterior-cingulate-gyrus	gyrus	brain	central-nervous-system	none	profile	passed
ENCFF489DYS	ENCFF489DYS	ENCSR330LFP	ENCSR416SYF	ChromBPNet	sequence contribution scores profile	bigWig	DNase-seq	none	posterior-cingulate-gyrus	gyrus	brain	central-nervous-system	none	profile	passed
ENCFF520EBD	ENCFF520EBD	ENCSR822GDF	ENCSR356SEV	ChromBPNet	sequence contribution scores profile	bigWig	DNase-seq	none	posterior-cingulate-gyrus	gyrus	brain	central-nervous-system	none	profile	passed
ENCFF583PIJ	ENCFF583PIJ	ENCSR729TYE	ENCSR873ZRY	ChromBPNet	sequence contribution scores profile	bigWig	DNase-seq	none	posterior-cingulate-gyrus	gyrus	brain	central-nervous-system	none	profile	passed
ENCFF585BMF	ENCFF585BMF	ENCSR060UPU	ENCSR739OZZ	ChromBPNet	sequence contribution scores profile	bigWig	DNase-seq	none	posterior-cingulate-gyrus	gyrus	brain	central-nervous-system	none	profile	passed
ENCFF618VWD	ENCFF618VWD	ENCSR652IZW	ENCSR232HGF	ChromBPNet	sequence contribution scores profile	bigWig	DNase-seq	none	posterior-cingulate-gyrus	gyrus	brain	central-nervous-system	none	profile	passed
ENCFF628SRF	ENCFF628SRF	ENCSR694DOX	ENCSR206FDN	ChromBPNet	sequence contribution scores profile	bigWig	DNase-seq	none	posterior-cingulate-gyrus	gyrus	brain	central-nervous-system	none	profile	passed
ENCFF647IIN	ENCFF647IIN	ENCSR924IHU	ENCSR810GRE	ChromBPNet	sequence contribution scores profile	bigWig	DNase-seq	none	posterior-cingulate-gyrus	gyrus	brain	central-nervous-system	none	profile	passed
ENCFF654EAQ	ENCFF654EAQ	ENCSR112AKE	ENCSR637GYM	ChromBPNet	sequence contribution scores profile	bigWig	DNase-seq	none	posterior-cingulate-gyrus	gyrus	brain	central-nervous-system	none	profile	passed
ENCFF698FCK	ENCFF698FCK	ENCSR908MUU	ENCSR634QJR	ChromBPNet	sequence contribution scores profile	bigWig	DNase-seq	none	posterior-cingulate-gyrus	gyrus	brain	central-nervous-system	none	profile	passed
ENCFF742RGB	ENCFF742RGB	ENCSR590EFT	ENCSR122RRZ	ChromBPNet	sequence contribution scores profile	bigWig	DNase-seq	none	posterior-cingulate-gyrus	gyrus	brain	central-nervous-system	none	profile	passed
ENCFF767BPA	ENCFF767BPA	ENCSR563CZB	ENCSR536OGN	ChromBPNet	sequence contribution scores profile	bigWig	DNase-seq	none	posterior-cingulate-gyrus	gyrus	brain	central-nervous-system	none	profile	passed
ENCFF768BZV	ENCFF768BZV	ENCSR510GRY	ENCSR747VAH	ChromBPNet	sequence contribution scores profile	bigWig	DNase-seq	none	posterior-cingulate-gyrus	gyrus	brain	central-nervous-system	none	profile	passed
ENCFF774AAF	ENCFF774AAF	ENCSR943MRO	ENCSR882VUI	ChromBPNet	sequence contribution scores profile	bigWig	DNase-seq	none	posterior-cingulate-gyrus	gyrus	brain	central-nervous-system	none	profile	passed
ENCFF785TCG	ENCFF785TCG	ENCSR859HEW	ENCSR836HQP	ChromBPNet	sequence contribution scores profile	bigWig	DNase-seq	none	posterior-cingulate-gyrus	gyrus	brain	central-nervous-system	none	profile	passed
ENCFF802WBV	ENCFF802WBV	ENCSR258POP	ENCSR274UQO	ChromBPNet	sequence contribution scores profile	bigWig	DNase-seq	none	posterior-cingulate-gyrus	gyrus	brain	central-nervous-system	none	profile	passed
ENCFF806UMF	ENCFF806UMF	ENCSR730IHD	ENCSR427IHY	ChromBPNet	sequence contribution scores profile	bigWig	DNase-seq	none	posterior-cingulate-gyrus	gyrus	brain	central-nervous-system	none	profile	passed
ENCFF815KSK	ENCFF815KSK	ENCSR709PZI	ENCSR934EQZ	ChromBPNet	sequence contribution scores profile	bigWig	DNase-seq	none	posterior-cingulate-gyrus	gyrus	brain	central-nervous-system	none	profile	passed
ENCFF875UKK	ENCFF875UKK	ENCSR612IKQ	ENCSR279PMA	ChromBPNet	sequence contribution scores profile	bigWig	DNase-seq	none	posterior-cingulate-gyrus	gyrus	brain	central-nervous-system	none	profile	passed
ENCFF881WHL	ENCFF881WHL	ENCSR098ISE	ENCSR250BPU	ChromBPNet	sequence contribution scores profile	bigWig	DNase-seq	none	posterior-cingulate-gyrus	gyrus	brain	central-nervous-system	none	profile	passed
ENCFF965FOU	ENCFF965FOU	ENCSR770JCP	ENCSR284XOX	ChromBPNet	sequence contribution scores profile	bigWig	DNase-seq	none	posterior-cingulate-gyrus	gyrus	brain	central-nervous-system	none	profile	passed
ENCFF966YKG	ENCFF966YKG	ENCSR006XFA	ENCSR876CEU	ChromBPNet	sequence contribution scores profile	bigWig	DNase-seq	none	posterior-cingulate-gyrus	gyrus	brain	central-nervous-system	none	profile	passed
ENCFF971IXN	ENCFF971IXN	ENCSR887VUC	ENCSR907WJT	ChromBPNet	sequence contribution scores profile	bigWig	DNase-seq	none	posterior-cingulate-gyrus	gyrus	brain	central-nervous-system	none	profile	passed
ENCFF252FFG	ENCFF252FFG	ENCSR913FZQ	ENCSR114CMC	ChromBPNet	sequence contribution scores profile	bigWig	ATAC-seq	none	posterior-vena-cava	vena-cava	heart	circulatory-system	none	profile	passed
ENCFF658TAM	ENCFF658TAM	ENCSR552QUA	ENCSR006QRD	ChromBPNet	sequence contribution scores profile	bigWig	ATAC-seq	none	posterior-vena-cava	vena-cava	heart	circulatory-system	none	profile	passed
ENCFF941QND	ENCFF941QND	ENCSR213DBU	ENCSR914RTI	ChromBPNet	sequence contribution scores profile	bigWig	ATAC-seq	none	posterior-vena-cava	vena-cava	heart	circulatory-system	none	profile	passed
ENCFF611GJN	ENCFF611GJN	ENCSR324NVG	ENCSR729AQD	ChromBPNet	sequence contribution scores profile	bigWig	DNase-seq	none	posterior-vena-cava	vena-cava	heart	circulatory-system	none	profile	passed
ENCFF251WDE	ENCFF251WDE	ENCSR169KNO	ENCSR863BVZ	ChromBPNet	sequence contribution scores profile	bigWig	DNase-seq	none	progenitor-cell-of-endocrine-pancreas	pancreas	pancreas	digestive-system	none	profile	passed
ENCFF887UFD	ENCFF887UFD	ENCSR999NKW	ENCSR429DQO	ChromBPNet	sequence contribution scores profile	bigWig	ATAC-seq	none	prostate-gland	prostate	testis	reproductive-system	none	profile	passed
ENCFF221NWX	ENCFF221NWX	ENCSR564FZH	ENCSR973CMW	ChromBPNet	sequence contribution scores profile	bigWig	DNase-seq	none	prostate-gland	prostate	testis	reproductive-system	none	profile	passed
ENCFF308JDI	ENCFF308JDI	ENCSR040DJK	ENCSR258FIF	ChromBPNet	sequence contribution scores profile	bigWig	ATAC-seq	none	psoas-muscle	muscle	muscle	musculature	none	profile	passed
ENCFF319EOB	ENCFF319EOB	ENCSR154UWN	ENCSR504WYI	ChromBPNet	sequence contribution scores profile	bigWig	ATAC-seq	none	psoas-muscle	muscle	muscle	musculature	none	profile	passed
ENCFF595KFN	ENCFF595KFN	ENCSR886VCC	ENCSR629ZQZ	ChromBPNet	sequence contribution scores profile	bigWig	ATAC-seq	none	psoas-muscle	muscle	muscle	musculature	none	profile	passed
ENCFF606AHG	ENCFF606AHG	ENCSR890DWH	ENCSR056ZAE	ChromBPNet	sequence contribution scores profile	bigWig	ATAC-seq	none	psoas-muscle	muscle	muscle	musculature	none	profile	passed
ENCFF656OLM	ENCFF656OLM	ENCSR774NXA	ENCSR312SIF	ChromBPNet	sequence contribution scores profile	bigWig	ATAC-seq	none	psoas-muscle	muscle	muscle	musculature	none	profile	passed
ENCFF061FPH	ENCFF061FPH	ENCSR108SYM	ENCSR705JPE	ChromBPNet	sequence contribution scores profile	bigWig	DNase-seq	none	psoas-muscle	muscle	muscle	musculature	none	profile	passed
ENCFF171OVP	ENCFF171OVP	ENCSR388DHS	ENCSR754PIB	ChromBPNet	sequence contribution scores profile	bigWig	DNase-seq	none	psoas-muscle	muscle	muscle	musculature	none	profile	passed
ENCFF382ERC	ENCFF382ERC	ENCSR082PDJ	ENCSR530WDD	ChromBPNet	sequence contribution scores profile	bigWig	DNase-seq	none	psoas-muscle	muscle	muscle	musculature	none	profile	passed
ENCFF582WPE	ENCFF582WPE	ENCSR426TPQ	ENCSR005MRB	ChromBPNet	sequence contribution scores profile	bigWig	DNase-seq	none	psoas-muscle	muscle	muscle	musculature	none	profile	passed
ENCFF967JFF	ENCFF967JFF	ENCSR000EOG	ENCSR313RDW	ChromBPNet	sequence contribution scores profile	bigWig	DNase-seq	none	pulmonary-artery-endothelial-cell	artery	blood-vessel	circulatory-system	none	profile	passed
ENCFF955VJB	ENCFF955VJB	ENCSR493VDS	ENCSR390LSY	ChromBPNet	sequence contribution scores profile	bigWig	DNase-seq	none	putamen	putamen	brain	central-nervous-system	none	profile	passed
ENCFF136XFR	ENCFF136XFR	ENCSR828RNY	ENCSR286LMR	ChromBPNet	sequence contribution scores profile	bigWig	DNase-seq	none	renal-cortex-interstitium	renal	kidney	excretory-system	none	profile	passed
ENCFF201QSW	ENCFF201QSW	ENCSR155NPL	ENCSR596EZJ	ChromBPNet	sequence contribution scores profile	bigWig	DNase-seq	none	renal-cortex-interstitium	renal	kidney	excretory-system	none	profile	passed
ENCFF237UUN	ENCFF237UUN	ENCSR524DWS	ENCSR606XWT	ChromBPNet	sequence contribution scores profile	bigWig	DNase-seq	none	renal-cortex-interstitium	renal	kidney	excretory-system	none	profile	passed
ENCFF300LVA	ENCFF300LVA	ENCSR022ECC	ENCSR670AUO	ChromBPNet	sequence contribution scores profile	bigWig	DNase-seq	none	renal-cortex-interstitium	renal	kidney	excretory-system	none	profile	passed
ENCFF404DTD	ENCFF404DTD	ENCSR254AGA	ENCSR615RQE	ChromBPNet	sequence contribution scores profile	bigWig	DNase-seq	none	renal-cortex-interstitium	renal	kidney	excretory-system	none	profile	passed
ENCFF560WSF	ENCFF560WSF	ENCSR932DHT	ENCSR093WSI	ChromBPNet	sequence contribution scores profile	bigWig	DNase-seq	none	renal-cortex-interstitium	renal	kidney	excretory-system	none	profile	passed
ENCFF573GGO	ENCFF573GGO	ENCSR849OKE	ENCSR428GNJ	ChromBPNet	sequence contribution scores profile	bigWig	DNase-seq	none	renal-cortex-interstitium	renal	kidney	excretory-system	none	profile	passed
ENCFF594TZT	ENCFF594TZT	ENCSR851ZFT	ENCSR634EAJ	ChromBPNet	sequence contribution scores profile	bigWig	DNase-seq	none	renal-cortex-interstitium	renal	kidney	excretory-system	none	profile	passed
ENCFF832VFR	ENCFF832VFR	ENCSR129KIV	ENCSR828UUI	ChromBPNet	sequence contribution scores profile	bigWig	DNase-seq	none	renal-cortex-interstitium	renal	kidney	excretory-system	none	profile	passed
ENCFF888TPV	ENCFF888TPV	ENCSR656QYL	ENCSR696LFL	ChromBPNet	sequence contribution scores profile	bigWig	DNase-seq	none	renal-cortex-interstitium	renal	kidney	excretory-system	none	profile	passed
ENCFF943FXL	ENCFF943FXL	ENCSR550UWM	ENCSR100RQO	ChromBPNet	sequence contribution scores profile	bigWig	DNase-seq	none	renal-cortex-interstitium	renal	kidney	excretory-system	none	profile	passed
ENCFF393IXU	ENCFF393IXU	ENCSR000EOK	ENCSR884QAZ	ChromBPNet	sequence contribution scores profile	bigWig	DNase-seq	none	renal-cortical-epithelial-cell	epithelial	epithelial	integumental-system	none	profile	passed
ENCFF050OVT	ENCFF050OVT	ENCSR911YVV	ENCSR607WVP	ChromBPNet	sequence contribution scores profile	bigWig	DNase-seq	none	renal-pelvis	renal	kidney	excretory-system	none	profile	passed
ENCFF069RSA	ENCFF069RSA	ENCSR301RCD	ENCSR771GLY	ChromBPNet	sequence contribution scores profile	bigWig	DNase-seq	none	renal-pelvis	renal	kidney	excretory-system	none	profile	passed
ENCFF168FQO	ENCFF168FQO	ENCSR364TKL	ENCSR302PCL	ChromBPNet	sequence contribution scores profile	bigWig	DNase-seq	none	renal-pelvis	renal	kidney	excretory-system	none	profile	passed
ENCFF243XCE	ENCFF243XCE	ENCSR606UAR	ENCSR717YBA	ChromBPNet	sequence contribution scores profile	bigWig	DNase-seq	none	renal-pelvis	renal	kidney	excretory-system	none	profile	passed
ENCFF335CNX	ENCFF335CNX	ENCSR956ZHU	ENCSR551OOY	ChromBPNet	sequence contribution scores profile	bigWig	DNase-seq	none	renal-pelvis	renal	kidney	excretory-system	none	profile	passed
ENCFF370SKL	ENCFF370SKL	ENCSR554WUJ	ENCSR696FIH	ChromBPNet	sequence contribution scores profile	bigWig	DNase-seq	none	renal-pelvis	renal	kidney	excretory-system	none	profile	passed
ENCFF543PZH	ENCFF543PZH	ENCSR580OAH	ENCSR245HRL	ChromBPNet	sequence contribution scores profile	bigWig	DNase-seq	none	renal-pelvis	renal	kidney	excretory-system	none	profile	passed
ENCFF629RRP	ENCFF629RRP	ENCSR141DMX	ENCSR938RWM	ChromBPNet	sequence contribution scores profile	bigWig	DNase-seq	none	renal-pelvis	renal	kidney	excretory-system	none	profile	passed
ENCFF898OAT	ENCFF898OAT	ENCSR619DRM	ENCSR270KMO	ChromBPNet	sequence contribution scores profile	bigWig	DNase-seq	none	renal-pelvis	renal	kidney	excretory-system	none	profile	passed
ENCFF986PNB	ENCFF986PNB	ENCSR913NYL	ENCSR843IAZ	ChromBPNet	sequence contribution scores profile	bigWig	DNase-seq	none	renal-pelvis	renal	kidney	excretory-system	none	profile	passed
ENCFF050JGO	ENCFF050JGO	ENCSR474GZQ	ENCSR297VLK	ChromBPNet	sequence contribution scores profile	bigWig	DNase-seq	none	retina	retina	eye	sensory-system	none	profile	passed
ENCFF523BTP	ENCFF523BTP	ENCSR820ICX	ENCSR844KBU	ChromBPNet	sequence contribution scores profile	bigWig	DNase-seq	none	retina	retina	eye	sensory-system	none	profile	passed
ENCFF889ODL	ENCFF889ODL	ENCSR621ENC	ENCSR889CEX	ChromBPNet	sequence contribution scores profile	bigWig	DNase-seq	none	retina	retina	eye	sensory-system	none	profile	passed
ENCFF460LUA	ENCFF460LUA	ENCSR062SVK	ENCSR400SCB	ChromBPNet	sequence contribution scores profile	bigWig	ATAC-seq	none	right-atrium-auricular-region	atrium	heart	circulatory-system	none	profile	passed
ENCFF378BMF	ENCFF378BMF	ENCSR984SQJ	ENCSR158MHO	ChromBPNet	sequence contribution scores profile	bigWig	DNase-seq	none	right-atrium-auricular-region	atrium	heart	circulatory-system	none	profile	passed
ENCFF012SOF	ENCFF012SOF	ENCSR177JWR	ENCSR848OXW	ChromBPNet	sequence contribution scores profile	bigWig	ATAC-seq	none	right-cardiac-atrium	cardiac	heart	circulatory-system	none	profile	passed
ENCFF444PAP	ENCFF444PAP	ENCSR452OSK	ENCSR940IWU	ChromBPNet	sequence contribution scores profile	bigWig	ATAC-seq	none	right-cardiac-atrium	cardiac	heart	circulatory-system	none	profile	passed
ENCFF625MGA	ENCFF625MGA	ENCSR822BAD	ENCSR811MAY	ChromBPNet	sequence contribution scores profile	bigWig	ATAC-seq	none	right-cardiac-atrium	cardiac	heart	circulatory-system	none	profile	passed
ENCFF993AVR	ENCFF993AVR	ENCSR213YPO	ENCSR934UQV	ChromBPNet	sequence contribution scores profile	bigWig	ATAC-seq	none	right-cardiac-atrium	cardiac	heart	circulatory-system	none	profile	passed
ENCFF639FNU	ENCFF639FNU	ENCSR374VQC	ENCSR067AYU	ChromBPNet	sequence contribution scores profile	bigWig	DNase-seq	none	right-cardiac-atrium	cardiac	heart	circulatory-system	none	profile	passed
ENCFF696KSM	ENCFF696KSM	ENCSR485UQY	ENCSR613NVS	ChromBPNet	sequence contribution scores profile	bigWig	DNase-seq	none	right-cardiac-atrium	cardiac	heart	circulatory-system	none	profile	passed
ENCFF931RBR	ENCFF931RBR	ENCSR622HTS	ENCSR193CJS	ChromBPNet	sequence contribution scores profile	bigWig	DNase-seq	none	right-cardiac-atrium	cardiac	heart	circulatory-system	none	profile	passed
ENCFF382OEP	ENCFF382OEP	ENCSR274SDO	ENCSR279CNN	ChromBPNet	sequence contribution scores profile	bigWig	DNase-seq	none	right-forelimb	limb	limb	skeletal-system	none	profile	passed
ENCFF035SHV	ENCFF035SHV	ENCSR449HOQ	ENCSR380NKC	ChromBPNet	sequence contribution scores profile	bigWig	DNase-seq	none	right-hindlimb	limb	limb	skeletal-system	none	profile	passed
ENCFF010KUP	ENCFF010KUP	ENCSR871APX	ENCSR132IOD	ChromBPNet	sequence contribution scores profile	bigWig	DNase-seq	none	right-kidney	kidney	kidney	excretory-system	none	profile	passed
ENCFF076CWK	ENCFF076CWK	ENCSR884MCZ	ENCSR226CPF	ChromBPNet	sequence contribution scores profile	bigWig	DNase-seq	none	right-kidney	kidney	kidney	excretory-system	none	profile	passed
ENCFF195FUZ	ENCFF195FUZ	ENCSR990XXC	ENCSR325LOW	ChromBPNet	sequence contribution scores profile	bigWig	DNase-seq	none	right-kidney	kidney	kidney	excretory-system	none	profile	passed
ENCFF369HZC	ENCFF369HZC	ENCSR768OLL	ENCSR096EYF	ChromBPNet	sequence contribution scores profile	bigWig	DNase-seq	none	right-kidney	kidney	kidney	excretory-system	none	profile	passed
ENCFF406TEE	ENCFF406TEE	ENCSR414ZUA	ENCSR193BUT	ChromBPNet	sequence contribution scores profile	bigWig	DNase-seq	none	right-kidney	kidney	kidney	excretory-system	none	profile	passed
ENCFF592MSZ	ENCFF592MSZ	ENCSR017TFH	ENCSR034ZHI	ChromBPNet	sequence contribution scores profile	bigWig	DNase-seq	none	right-kidney	kidney	kidney	excretory-system	none	profile	passed
ENCFF635JKD	ENCFF635JKD	ENCSR332BSB	ENCSR074ZCZ	ChromBPNet	sequence contribution scores profile	bigWig	DNase-seq	none	right-kidney	kidney	kidney	excretory-system	none	profile	passed
ENCFF866HLP	ENCFF866HLP	ENCSR036VRV	ENCSR731AJS	ChromBPNet	sequence contribution scores profile	bigWig	DNase-seq	none	right-kidney	kidney	kidney	excretory-system	none	profile	passed
ENCFF887KTK	ENCFF887KTK	ENCSR670ZSA	ENCSR152FUS	ChromBPNet	sequence contribution scores profile	bigWig	DNase-seq	none	right-kidney	kidney	kidney	excretory-system	none	profile	passed
ENCFF910UNZ	ENCFF910UNZ	ENCSR765BSU	ENCSR353QCK	ChromBPNet	sequence contribution scores profile	bigWig	DNase-seq	none	right-kidney	kidney	kidney	excretory-system	none	profile	passed
ENCFF048MAY	ENCFF048MAY	ENCSR685ZMP	ENCSR078CVS	ChromBPNet	sequence contribution scores profile	bigWig	ATAC-seq	none	right-lobe-of-liver	liver	liver	digestive-system	none	profile	passed
ENCFF117EFG	ENCFF117EFG	ENCSR607BTF	ENCSR792VQM	ChromBPNet	sequence contribution scores profile	bigWig	ATAC-seq	none	right-lobe-of-liver	liver	liver	digestive-system	none	profile	passed
ENCFF183YWR	ENCFF183YWR	ENCSR836FIL	ENCSR424OMB	ChromBPNet	sequence contribution scores profile	bigWig	ATAC-seq	none	right-lobe-of-liver	liver	liver	digestive-system	none	profile	passed
ENCFF248ICV	ENCFF248ICV	ENCSR952SPO	ENCSR059XGM	ChromBPNet	sequence contribution scores profile	bigWig	ATAC-seq	none	right-lobe-of-liver	liver	liver	digestive-system	none	profile	passed
ENCFF861YCJ	ENCFF861YCJ	ENCSR516CPW	ENCSR338RWJ	ChromBPNet	sequence contribution scores profile	bigWig	ATAC-seq	none	right-lobe-of-liver	liver	liver	digestive-system	none	profile	passed
ENCFF916RDR	ENCFF916RDR	ENCSR373TDL	ENCSR492VQG	ChromBPNet	sequence contribution scores profile	bigWig	ATAC-seq	none	right-lobe-of-liver	liver	liver	digestive-system	none	profile	passed
ENCFF164ZVT	ENCFF164ZVT	ENCSR628NEA	ENCSR889XMX	ChromBPNet	sequence contribution scores profile	bigWig	DNase-seq	none	right-lobe-of-liver	liver	liver	digestive-system	none	profile	passed
ENCFF271VCL	ENCFF271VCL	ENCSR608NWP	ENCSR475GDI	ChromBPNet	sequence contribution scores profile	bigWig	DNase-seq	none	right-lobe-of-liver	liver	liver	digestive-system	none	profile	passed
ENCFF324FXQ	ENCFF324FXQ	ENCSR164TBP	ENCSR149LGO	ChromBPNet	sequence contribution scores profile	bigWig	DNase-seq	none	right-lobe-of-liver	liver	liver	digestive-system	none	profile	passed
ENCFF442KJW	ENCFF442KJW	ENCSR909HFI	ENCSR688GFI	ChromBPNet	sequence contribution scores profile	bigWig	DNase-seq	none	right-lobe-of-liver	liver	liver	digestive-system	none	profile	passed
ENCFF895HYI	ENCFF895HYI	ENCSR933GMM	ENCSR836SEK	ChromBPNet	sequence contribution scores profile	bigWig	DNase-seq	none	right-lobe-of-liver	liver	liver	digestive-system	none	profile	passed
ENCFF440ZXE	ENCFF440ZXE	ENCSR299INS	ENCSR624DIU	ChromBPNet	sequence contribution scores profile	bigWig	DNase-seq	none	right-lung	lung	lung	respiratory-system	none	profile	passed
ENCFF450PQT	ENCFF450PQT	ENCSR859KGQ	ENCSR228QKN	ChromBPNet	sequence contribution scores profile	bigWig	DNase-seq	none	right-lung	lung	lung	respiratory-system	none	profile	passed
ENCFF508QOU	ENCFF508QOU	ENCSR445XYW	ENCSR314DCI	ChromBPNet	sequence contribution scores profile	bigWig	DNase-seq	none	right-lung	lung	lung	respiratory-system	none	profile	passed
ENCFF562NBI	ENCFF562NBI	ENCSR263IGU	ENCSR557PGT	ChromBPNet	sequence contribution scores profile	bigWig	DNase-seq	none	right-lung	lung	lung	respiratory-system	none	profile	passed
ENCFF626DJH	ENCFF626DJH	ENCSR441MMO	ENCSR894UGP	ChromBPNet	sequence contribution scores profile	bigWig	DNase-seq	none	right-lung	lung	lung	respiratory-system	none	profile	passed
ENCFF639IRH	ENCFF639IRH	ENCSR947VPG	ENCSR013SFC	ChromBPNet	sequence contribution scores profile	bigWig	DNase-seq	none	right-lung	lung	lung	respiratory-system	none	profile	passed
ENCFF744XBN	ENCFF744XBN	ENCSR964VVW	ENCSR701VLP	ChromBPNet	sequence contribution scores profile	bigWig	DNase-seq	none	right-lung	lung	lung	respiratory-system	none	profile	passed
ENCFF021UJA	ENCFF021UJA	ENCSR268QCH	ENCSR122DAC	ChromBPNet	sequence contribution scores profile	bigWig	DNase-seq	none	right-renal-cortex-interstitium	renal	kidney	excretory-system	none	profile	passed
ENCFF156CIY	ENCFF156CIY	ENCSR887BNC	ENCSR452KFX	ChromBPNet	sequence contribution scores profile	bigWig	DNase-seq	none	right-renal-cortex-interstitium	renal	kidney	excretory-system	none	profile	passed
ENCFF449BWZ	ENCFF449BWZ	ENCSR014VAC	ENCSR892XHO	ChromBPNet	sequence contribution scores profile	bigWig	DNase-seq	none	right-renal-cortex-interstitium	renal	kidney	excretory-system	none	profile	passed
ENCFF221XAQ	ENCFF221XAQ	ENCSR761ZFA	ENCSR530GKW	ChromBPNet	sequence contribution scores profile	bigWig	DNase-seq	none	right-renal-pelvis	renal	kidney	excretory-system	none	profile	passed
ENCFF692QEK	ENCFF692QEK	ENCSR986HEN	ENCSR654ONT	ChromBPNet	sequence contribution scores profile	bigWig	DNase-seq	none	right-renal-pelvis	renal	kidney	excretory-system	none	profile	passed
ENCFF746OTT	ENCFF746OTT	ENCSR540PVZ	ENCSR848TND	ChromBPNet	sequence contribution scores profile	bigWig	DNase-seq	none	right-renal-pelvis	renal	kidney	excretory-system	none	profile	passed
ENCFF956AMF	ENCFF956AMF	ENCSR752NTF	ENCSR338TSY	ChromBPNet	sequence contribution scores profile	bigWig	DNase-seq	none	right-renal-pelvis	renal	kidney	excretory-system	none	profile	passed
ENCFF170BDX	ENCFF170BDX	ENCSR619LHF	ENCSR463ATK	ChromBPNet	sequence contribution scores profile	bigWig	ATAC-seq	none	sciatic-nerve	nerve	nerve	peripheral-nervous-system	none	profile	passed
ENCFF284ORX	ENCFF284ORX	ENCSR072UYN	ENCSR929CYE	ChromBPNet	sequence contribution scores profile	bigWig	ATAC-seq	none	sciatic-nerve	nerve	nerve	peripheral-nervous-system	none	profile	passed
ENCFF312ESM	ENCFF312ESM	ENCSR533WFB	ENCSR404ICA	ChromBPNet	sequence contribution scores profile	bigWig	ATAC-seq	none	sciatic-nerve	nerve	nerve	peripheral-nervous-system	none	profile	passed
ENCFF331DBV	ENCFF331DBV	ENCSR120MOY	ENCSR092SQC	ChromBPNet	sequence contribution scores profile	bigWig	ATAC-seq	none	sciatic-nerve	nerve	nerve	peripheral-nervous-system	none	profile	passed
ENCFF402LQC	ENCFF402LQC	ENCSR672MOG	ENCSR903LXC	ChromBPNet	sequence contribution scores profile	bigWig	DNase-seq	none	sciatic-nerve	nerve	nerve	peripheral-nervous-system	none	profile	passed
ENCFF379AWF	ENCFF379AWF	ENCSR548QCP	ENCSR878ZYG	ChromBPNet	sequence contribution scores profile	bigWig	ATAC-seq	none	sigmoid-colon	colon	large-intestine	digestive-system	none	profile	passed
ENCFF425LTQ	ENCFF425LTQ	ENCSR846VLJ	ENCSR869SLC	ChromBPNet	sequence contribution scores profile	bigWig	ATAC-seq	none	sigmoid-colon	colon	large-intestine	digestive-system	none	profile	passed
ENCFF462ZJZ	ENCFF462ZJZ	ENCSR355SGJ	ENCSR751NJF	ChromBPNet	sequence contribution scores profile	bigWig	ATAC-seq	none	sigmoid-colon	colon	large-intestine	digestive-system	none	profile	passed
ENCFF715XCZ	ENCFF715XCZ	ENCSR086OGH	ENCSR916WZI	ChromBPNet	sequence contribution scores profile	bigWig	ATAC-seq	none	sigmoid-colon	colon	large-intestine	digestive-system	none	profile	passed
ENCFF595SNN	ENCFF595SNN	ENCSR276ITP	ENCSR428VXG	ChromBPNet	sequence contribution scores profile	bigWig	DNase-seq	none	sigmoid-colon	colon	large-intestine	digestive-system	none	profile	passed
ENCFF148ZTW	ENCFF148ZTW	ENCSR000EQA	ENCSR321ROO	ChromBPNet	sequence contribution scores profile	bigWig	DNase-seq	none	skeletal-muscle-cell	muscle	muscle	musculature	none	profile	passed
ENCFF941RCJ	ENCFF941RCJ	ENCSR000EOO	ENCSR233FQG	ChromBPNet	sequence contribution scores profile	bigWig	DNase-seq	none	skeletal-muscle-myoblast	muscle	muscle	musculature	none	profile	passed
ENCFF122YRU	ENCFF122YRU	ENCSR092OFK	ENCSR430OJL	ChromBPNet	sequence contribution scores profile	bigWig	DNase-seq	none	skin-of-body	skin	skin	integumental-system	none	profile	passed
ENCFF192PBT	ENCFF192PBT	ENCSR970ZLG	ENCSR229TLU	ChromBPNet	sequence contribution scores profile	bigWig	DNase-seq	none	small-intestine	small-intestine	small-intestine	digestive-system	none	profile	passed
ENCFF281JGG	ENCFF281JGG	ENCSR354FBA	ENCSR363VBV	ChromBPNet	sequence contribution scores profile	bigWig	DNase-seq	none	small-intestine	small-intestine	small-intestine	digestive-system	none	profile	passed
ENCFF293QTA	ENCFF293QTA	ENCSR945RWN	ENCSR876FNB	ChromBPNet	sequence contribution scores profile	bigWig	DNase-seq	none	small-intestine	small-intestine	small-intestine	digestive-system	none	profile	passed
ENCFF320ZEW	ENCFF320ZEW	ENCSR502NDK	ENCSR906VDD	ChromBPNet	sequence contribution scores profile	bigWig	DNase-seq	none	small-intestine	small-intestine	small-intestine	digestive-system	none	profile	passed
ENCFF483JSC	ENCFF483JSC	ENCSR931UQB	ENCSR208LEK	ChromBPNet	sequence contribution scores profile	bigWig	DNase-seq	none	small-intestine	small-intestine	small-intestine	digestive-system	none	profile	passed
ENCFF552LQU	ENCFF552LQU	ENCSR457ILW	ENCSR141OSZ	ChromBPNet	sequence contribution scores profile	bigWig	DNase-seq	none	small-intestine	small-intestine	small-intestine	digestive-system	none	profile	passed
ENCFF554FIK	ENCFF554FIK	ENCSR133KBX	ENCSR590MPP	ChromBPNet	sequence contribution scores profile	bigWig	DNase-seq	none	small-intestine	small-intestine	small-intestine	digestive-system	none	profile	passed
ENCFF564TSZ	ENCFF564TSZ	ENCSR116WWW	ENCSR354EJA	ChromBPNet	sequence contribution scores profile	bigWig	DNase-seq	none	small-intestine	small-intestine	small-intestine	digestive-system	none	profile	passed
ENCFF594XBX	ENCFF594XBX	ENCSR188JLO	ENCSR779TXM	ChromBPNet	sequence contribution scores profile	bigWig	DNase-seq	none	small-intestine	small-intestine	small-intestine	digestive-system	none	profile	passed
ENCFF625TQF	ENCFF625TQF	ENCSR594OWA	ENCSR609CXE	ChromBPNet	sequence contribution scores profile	bigWig	DNase-seq	none	small-intestine	small-intestine	small-intestine	digestive-system	none	profile	passed
ENCFF640YYZ	ENCFF640YYZ	ENCSR860NDZ	ENCSR292WEZ	ChromBPNet	sequence contribution scores profile	bigWig	DNase-seq	none	small-intestine	small-intestine	small-intestine	digestive-system	none	profile	passed
ENCFF888FIA	ENCFF888FIA	ENCSR565EBN	ENCSR634XOQ	ChromBPNet	sequence contribution scores profile	bigWig	DNase-seq	none	small-intestine	small-intestine	small-intestine	digestive-system	none	profile	passed
ENCFF141WPG	ENCFF141WPG	ENCSR000ENG	ENCSR675REU	ChromBPNet	sequence contribution scores profile	bigWig	DNase-seq	none	smooth-muscle-cell-of-the-brain-vasculature	brain	brain	central-nervous-system	none	profile	passed
ENCFF071FUE	ENCFF071FUE	ENCSR615WIN	ENCSR875BHJ	ChromBPNet	sequence contribution scores profile	bigWig	DNase-seq	none	spinal-cord	spinal	CNS	central-nervous-system	none	profile	passed
ENCFF361VUY	ENCFF361VUY	ENCSR678PDD	ENCSR452MYL	ChromBPNet	sequence contribution scores profile	bigWig	DNase-seq	none	spinal-cord	spinal	CNS	central-nervous-system	none	profile	passed
ENCFF567ECE	ENCFF567ECE	ENCSR788SOI	ENCSR809DZZ	ChromBPNet	sequence contribution scores profile	bigWig	DNase-seq	none	spinal-cord	spinal	CNS	central-nervous-system	none	profile	passed
ENCFF709OKX	ENCFF709OKX	ENCSR973MKT	ENCSR173PIN	ChromBPNet	sequence contribution scores profile	bigWig	DNase-seq	none	spinal-cord	spinal	CNS	central-nervous-system	none	profile	passed
ENCFF871HFM	ENCFF871HFM	ENCSR148MFM	ENCSR808GMI	ChromBPNet	sequence contribution scores profile	bigWig	DNase-seq	none	spinal-cord	spinal	CNS	central-nervous-system	none	profile	passed
ENCFF942KBN	ENCFF942KBN	ENCSR910OQF	ENCSR838NPI	ChromBPNet	sequence contribution scores profile	bigWig	DNase-seq	none	spinal-cord	spinal	CNS	central-nervous-system	none	profile	passed
ENCFF350TXJ	ENCFF350TXJ	ENCSR694OWY	ENCSR332CFL	ChromBPNet	sequence contribution scores profile	bigWig	ATAC-seq	none	spleen	spleen	spleen	endocrine-system	none	profile	passed
ENCFF458YMX	ENCFF458YMX	ENCSR078EBD	ENCSR323QOO	ChromBPNet	sequence contribution scores profile	bigWig	ATAC-seq	none	spleen	spleen	spleen	endocrine-system	none	profile	passed
ENCFF619ZJD	ENCFF619ZJD	ENCSR158KCS	ENCSR179QCR	ChromBPNet	sequence contribution scores profile	bigWig	ATAC-seq	none	spleen	spleen	spleen	endocrine-system	none	profile	passed
ENCFF639MWI	ENCFF639MWI	ENCSR182VGJ	ENCSR838ZQX	ChromBPNet	sequence contribution scores profile	bigWig	ATAC-seq	none	spleen	spleen	spleen	endocrine-system	none	profile	passed
ENCFF918BCF	ENCFF918BCF	ENCSR979TCG	ENCSR579CGX	ChromBPNet	sequence contribution scores profile	bigWig	ATAC-seq	none	spleen	spleen	spleen	endocrine-system	none	profile	passed
ENCFF149YWZ	ENCFF149YWZ	ENCSR597UIG	ENCSR951WVQ	ChromBPNet	sequence contribution scores profile	bigWig	DNase-seq	none	spleen	spleen	spleen	endocrine-system	none	profile	passed
ENCFF303CYM	ENCFF303CYM	ENCSR567EEO	ENCSR855EMN	ChromBPNet	sequence contribution scores profile	bigWig	DNase-seq	none	spleen	spleen	spleen	endocrine-system	none	profile	passed
ENCFF520DQT	ENCFF520DQT	ENCSR946OIO	ENCSR363APK	ChromBPNet	sequence contribution scores profile	bigWig	DNase-seq	none	spleen	spleen	spleen	endocrine-system	none	profile	passed
ENCFF622OYD	ENCFF622OYD	ENCSR128GBN	ENCSR468RFG	ChromBPNet	sequence contribution scores profile	bigWig	DNase-seq	none	spleen	spleen	spleen	endocrine-system	none	profile	passed
ENCFF822XUZ	ENCFF822XUZ	ENCSR679IFH	ENCSR021IRM	ChromBPNet	sequence contribution scores profile	bigWig	DNase-seq	none	spleen	spleen	spleen	endocrine-system	none	profile	passed
ENCFF047KLW	ENCFF047KLW	ENCSR616AEG	ENCSR078CWH	ChromBPNet	sequence contribution scores profile	bigWig	DNase-seq	none	stimulated-activated-CD4-positive,-alpha-beta-T-cell	t-cell	immune	immune-system	none	profile	passed
ENCFF055YMK	ENCFF055YMK	ENCSR010TMX	ENCSR559GXZ	ChromBPNet	sequence contribution scores profile	bigWig	DNase-seq	none	stimulated-activated-CD4-positive,-alpha-beta-T-cell	t-cell	immune	immune-system	none	profile	passed
ENCFF058CCW	ENCFF058CCW	ENCSR840QLA	ENCSR984DNC	ChromBPNet	sequence contribution scores profile	bigWig	DNase-seq	none	stimulated-activated-CD4-positive,-alpha-beta-T-cell	t-cell	immune	immune-system	none	profile	passed
ENCFF079RYV	ENCFF079RYV	ENCSR965ZWZ	ENCSR788TAZ	ChromBPNet	sequence contribution scores profile	bigWig	DNase-seq	none	stimulated-activated-CD4-positive,-alpha-beta-T-cell	t-cell	immune	immune-system	none	profile	passed
ENCFF080PLX	ENCFF080PLX	ENCSR799MAX	ENCSR823WJW	ChromBPNet	sequence contribution scores profile	bigWig	DNase-seq	none	stimulated-activated-CD4-positive,-alpha-beta-T-cell	t-cell	immune	immune-system	none	profile	passed
ENCFF102JHQ	ENCFF102JHQ	ENCSR953UJL	ENCSR242ROY	ChromBPNet	sequence contribution scores profile	bigWig	DNase-seq	none	stimulated-activated-CD4-positive,-alpha-beta-T-cell	t-cell	immune	immune-system	none	profile	passed
ENCFF109HZZ	ENCFF109HZZ	ENCSR605SQL	ENCSR894QMU	ChromBPNet	sequence contribution scores profile	bigWig	DNase-seq	none	stimulated-activated-CD4-positive,-alpha-beta-T-cell	t-cell	immune	immune-system	none	profile	passed
ENCFF111ASO	ENCFF111ASO	ENCSR551LAH	ENCSR593OYE	ChromBPNet	sequence contribution scores profile	bigWig	DNase-seq	none	stimulated-activated-CD4-positive,-alpha-beta-T-cell	t-cell	immune	immune-system	none	profile	passed
ENCFF139FWE	ENCFF139FWE	ENCSR553WJB	ENCSR541CYH	ChromBPNet	sequence contribution scores profile	bigWig	DNase-seq	none	stimulated-activated-CD4-positive,-alpha-beta-T-cell	t-cell	immune	immune-system	none	profile	passed
ENCFF157RVQ	ENCFF157RVQ	ENCSR284GAG	ENCSR813GGO	ChromBPNet	sequence contribution scores profile	bigWig	DNase-seq	none	stimulated-activated-CD4-positive,-alpha-beta-T-cell	t-cell	immune	immune-system	none	profile	passed
ENCFF162EWI	ENCFF162EWI	ENCSR152AVY	ENCSR695ODM	ChromBPNet	sequence contribution scores profile	bigWig	DNase-seq	none	stimulated-activated-CD4-positive,-alpha-beta-T-cell	t-cell	immune	immune-system	none	profile	passed
ENCFF164HSG	ENCFF164HSG	ENCSR494IWJ	ENCSR305LCB	ChromBPNet	sequence contribution scores profile	bigWig	DNase-seq	none	stimulated-activated-CD4-positive,-alpha-beta-T-cell	t-cell	immune	immune-system	none	profile	passed
ENCFF175WTO	ENCFF175WTO	ENCSR543WNA	ENCSR029KQP	ChromBPNet	sequence contribution scores profile	bigWig	DNase-seq	none	stimulated-activated-CD4-positive,-alpha-beta-T-cell	t-cell	immune	immune-system	none	profile	passed
ENCFF185HUL	ENCFF185HUL	ENCSR226LVB	ENCSR003WRD	ChromBPNet	sequence contribution scores profile	bigWig	DNase-seq	none	stimulated-activated-CD4-positive,-alpha-beta-T-cell	t-cell	immune	immune-system	none	profile	passed
ENCFF217UIC	ENCFF217UIC	ENCSR987GUS	ENCSR937SVO	ChromBPNet	sequence contribution scores profile	bigWig	DNase-seq	none	stimulated-activated-CD4-positive,-alpha-beta-T-cell	t-cell	immune	immune-system	none	profile	passed
ENCFF267IDI	ENCFF267IDI	ENCSR703AYZ	ENCSR444BKO	ChromBPNet	sequence contribution scores profile	bigWig	DNase-seq	none	stimulated-activated-CD4-positive,-alpha-beta-T-cell	t-cell	immune	immune-system	none	profile	passed
ENCFF283HKC	ENCFF283HKC	ENCSR634ZYB	ENCSR210FDQ	ChromBPNet	sequence contribution scores profile	bigWig	DNase-seq	none	stimulated-activated-CD4-positive,-alpha-beta-T-cell	t-cell	immune	immune-system	none	profile	passed
ENCFF309WPU	ENCFF309WPU	ENCSR019MZH	ENCSR879DUF	ChromBPNet	sequence contribution scores profile	bigWig	DNase-seq	none	stimulated-activated-CD4-positive,-alpha-beta-T-cell	t-cell	immune	immune-system	none	profile	passed
ENCFF324DRZ	ENCFF324DRZ	ENCSR147QLU	ENCSR829QXM	ChromBPNet	sequence contribution scores profile	bigWig	DNase-seq	none	stimulated-activated-CD4-positive,-alpha-beta-T-cell	t-cell	immune	immune-system	none	profile	passed
ENCFF422WOO	ENCFF422WOO	ENCSR840USW	ENCSR106QEG	ChromBPNet	sequence contribution scores profile	bigWig	DNase-seq	none	stimulated-activated-CD4-positive,-alpha-beta-T-cell	t-cell	immune	immune-system	none	profile	passed
ENCFF430GVF	ENCFF430GVF	ENCSR075MQZ	ENCSR129MDQ	ChromBPNet	sequence contribution scores profile	bigWig	DNase-seq	none	stimulated-activated-CD4-positive,-alpha-beta-T-cell	t-cell	immune	immune-system	none	profile	passed
ENCFF489CDU	ENCFF489CDU	ENCSR607HIL	ENCSR406JJY	ChromBPNet	sequence contribution scores profile	bigWig	DNase-seq	none	stimulated-activated-CD4-positive,-alpha-beta-T-cell	t-cell	immune	immune-system	none	profile	passed
ENCFF521KZJ	ENCFF521KZJ	ENCSR050VTC	ENCSR885NTV	ChromBPNet	sequence contribution scores profile	bigWig	DNase-seq	none	stimulated-activated-CD4-positive,-alpha-beta-T-cell	t-cell	immune	immune-system	none	profile	passed
ENCFF533AJM	ENCFF533AJM	ENCSR315WAC	ENCSR316PCT	ChromBPNet	sequence contribution scores profile	bigWig	DNase-seq	none	stimulated-activated-CD4-positive,-alpha-beta-T-cell	t-cell	immune	immune-system	none	profile	passed
ENCFF552JWO	ENCFF552JWO	ENCSR731DJH	ENCSR149DSA	ChromBPNet	sequence contribution scores profile	bigWig	DNase-seq	none	stimulated-activated-CD4-positive,-alpha-beta-T-cell	t-cell	immune	immune-system	none	profile	passed
ENCFF555BDU	ENCFF555BDU	ENCSR323TXQ	ENCSR168OOW	ChromBPNet	sequence contribution scores profile	bigWig	DNase-seq	none	stimulated-activated-CD4-positive,-alpha-beta-T-cell	t-cell	immune	immune-system	none	profile	passed
ENCFF578ZCD	ENCFF578ZCD	ENCSR015FZF	ENCSR892SCD	ChromBPNet	sequence contribution scores profile	bigWig	DNase-seq	none	stimulated-activated-CD4-positive,-alpha-beta-T-cell	t-cell	immune	immune-system	none	profile	passed
ENCFF598MFW	ENCFF598MFW	ENCSR255OGF	ENCSR433NVE	ChromBPNet	sequence contribution scores profile	bigWig	DNase-seq	none	stimulated-activated-CD4-positive,-alpha-beta-T-cell	t-cell	immune	immune-system	none	profile	passed
ENCFF599BKY	ENCFF599BKY	ENCSR724QTW	ENCSR042CPO	ChromBPNet	sequence contribution scores profile	bigWig	DNase-seq	none	stimulated-activated-CD4-positive,-alpha-beta-T-cell	t-cell	immune	immune-system	none	profile	passed
ENCFF608DPQ	ENCFF608DPQ	ENCSR266NDC	ENCSR120CBR	ChromBPNet	sequence contribution scores profile	bigWig	DNase-seq	none	stimulated-activated-CD4-positive,-alpha-beta-T-cell	t-cell	immune	immune-system	none	profile	passed
ENCFF609FQA	ENCFF609FQA	ENCSR470QCE	ENCSR736ZOY	ChromBPNet	sequence contribution scores profile	bigWig	DNase-seq	none	stimulated-activated-CD4-positive,-alpha-beta-T-cell	t-cell	immune	immune-system	none	profile	passed
ENCFF614BZI	ENCFF614BZI	ENCSR734VFU	ENCSR122CTA	ChromBPNet	sequence contribution scores profile	bigWig	DNase-seq	none	stimulated-activated-CD4-positive,-alpha-beta-T-cell	t-cell	immune	immune-system	none	profile	passed
ENCFF643EAT	ENCFF643EAT	ENCSR531UVE	ENCSR004INR	ChromBPNet	sequence contribution scores profile	bigWig	DNase-seq	none	stimulated-activated-CD4-positive,-alpha-beta-T-cell	t-cell	immune	immune-system	none	profile	passed
ENCFF647FVA	ENCFF647FVA	ENCSR658NVL	ENCSR775ARR	ChromBPNet	sequence contribution scores profile	bigWig	DNase-seq	none	stimulated-activated-CD4-positive,-alpha-beta-T-cell	t-cell	immune	immune-system	none	profile	passed
ENCFF658HSH	ENCFF658HSH	ENCSR566HLQ	ENCSR526HXL	ChromBPNet	sequence contribution scores profile	bigWig	DNase-seq	none	stimulated-activated-CD4-positive,-alpha-beta-T-cell	t-cell	immune	immune-system	none	profile	passed
ENCFF671MCC	ENCFF671MCC	ENCSR438USP	ENCSR999FHN	ChromBPNet	sequence contribution scores profile	bigWig	DNase-seq	none	stimulated-activated-CD4-positive,-alpha-beta-T-cell	t-cell	immune	immune-system	none	profile	passed
ENCFF672BEE	ENCFF672BEE	ENCSR287GYT	ENCSR371VIN	ChromBPNet	sequence contribution scores profile	bigWig	DNase-seq	none	stimulated-activated-CD4-positive,-alpha-beta-T-cell	t-cell	immune	immune-system	none	profile	passed
ENCFF706IZG	ENCFF706IZG	ENCSR419CKG	ENCSR151FWL	ChromBPNet	sequence contribution scores profile	bigWig	DNase-seq	none	stimulated-activated-CD4-positive,-alpha-beta-T-cell	t-cell	immune	immune-system	none	profile	passed
ENCFF709SUH	ENCFF709SUH	ENCSR998IXQ	ENCSR063NRC	ChromBPNet	sequence contribution scores profile	bigWig	DNase-seq	none	stimulated-activated-CD4-positive,-alpha-beta-T-cell	t-cell	immune	immune-system	none	profile	passed
ENCFF722ZCA	ENCFF722ZCA	ENCSR324SGE	ENCSR792OLA	ChromBPNet	sequence contribution scores profile	bigWig	DNase-seq	none	stimulated-activated-CD4-positive,-alpha-beta-T-cell	t-cell	immune	immune-system	none	profile	passed
ENCFF730CRZ	ENCFF730CRZ	ENCSR765ZML	ENCSR942YDI	ChromBPNet	sequence contribution scores profile	bigWig	DNase-seq	none	stimulated-activated-CD4-positive,-alpha-beta-T-cell	t-cell	immune	immune-system	none	profile	passed
ENCFF733GFH	ENCFF733GFH	ENCSR245AXW	ENCSR428ZDH	ChromBPNet	sequence contribution scores profile	bigWig	DNase-seq	none	stimulated-activated-CD4-positive,-alpha-beta-T-cell	t-cell	immune	immune-system	none	profile	passed
ENCFF769LXO	ENCFF769LXO	ENCSR579DBA	ENCSR990ZOO	ChromBPNet	sequence contribution scores profile	bigWig	DNase-seq	none	stimulated-activated-CD4-positive,-alpha-beta-T-cell	t-cell	immune	immune-system	none	profile	passed
ENCFF773YDO	ENCFF773YDO	ENCSR884ODJ	ENCSR079GMY	ChromBPNet	sequence contribution scores profile	bigWig	DNase-seq	none	stimulated-activated-CD4-positive,-alpha-beta-T-cell	t-cell	immune	immune-system	none	profile	passed
ENCFF799XUK	ENCFF799XUK	ENCSR920JUM	ENCSR274OUK	ChromBPNet	sequence contribution scores profile	bigWig	DNase-seq	none	stimulated-activated-CD4-positive,-alpha-beta-T-cell	t-cell	immune	immune-system	none	profile	passed
ENCFF812AFG	ENCFF812AFG	ENCSR933HFM	ENCSR878DJX	ChromBPNet	sequence contribution scores profile	bigWig	DNase-seq	none	stimulated-activated-CD4-positive,-alpha-beta-T-cell	t-cell	immune	immune-system	none	profile	passed
ENCFF827QXA	ENCFF827QXA	ENCSR881CRY	ENCSR671ZJO	ChromBPNet	sequence contribution scores profile	bigWig	DNase-seq	none	stimulated-activated-CD4-positive,-alpha-beta-T-cell	t-cell	immune	immune-system	none	profile	passed
ENCFF840VJY	ENCFF840VJY	ENCSR618HFT	ENCSR906FRI	ChromBPNet	sequence contribution scores profile	bigWig	DNase-seq	none	stimulated-activated-CD4-positive,-alpha-beta-T-cell	t-cell	immune	immune-system	none	profile	passed
ENCFF861NRP	ENCFF861NRP	ENCSR486FMF	ENCSR033ALM	ChromBPNet	sequence contribution scores profile	bigWig	DNase-seq	none	stimulated-activated-CD4-positive,-alpha-beta-T-cell	t-cell	immune	immune-system	none	profile	passed
ENCFF864GHR	ENCFF864GHR	ENCSR548KXH	ENCSR969OWP	ChromBPNet	sequence contribution scores profile	bigWig	DNase-seq	none	stimulated-activated-CD4-positive,-alpha-beta-T-cell	t-cell	immune	immune-system	none	profile	passed
ENCFF871KTH	ENCFF871KTH	ENCSR467LJT	ENCSR183NBM	ChromBPNet	sequence contribution scores profile	bigWig	DNase-seq	none	stimulated-activated-CD4-positive,-alpha-beta-T-cell	t-cell	immune	immune-system	none	profile	passed
ENCFF886HXI	ENCFF886HXI	ENCSR885AWF	ENCSR729AHT	ChromBPNet	sequence contribution scores profile	bigWig	DNase-seq	none	stimulated-activated-CD4-positive,-alpha-beta-T-cell	t-cell	immune	immune-system	none	profile	passed
ENCFF935LML	ENCFF935LML	ENCSR107XZC	ENCSR795IQN	ChromBPNet	sequence contribution scores profile	bigWig	DNase-seq	none	stimulated-activated-CD4-positive,-alpha-beta-T-cell	t-cell	immune	immune-system	none	profile	passed
ENCFF935SQL	ENCFF935SQL	ENCSR323PWV	ENCSR067RGY	ChromBPNet	sequence contribution scores profile	bigWig	DNase-seq	none	stimulated-activated-CD4-positive,-alpha-beta-T-cell	t-cell	immune	immune-system	none	profile	passed
ENCFF946OYU	ENCFF946OYU	ENCSR207CQH	ENCSR138LXP	ChromBPNet	sequence contribution scores profile	bigWig	DNase-seq	none	stimulated-activated-CD4-positive,-alpha-beta-T-cell	t-cell	immune	immune-system	none	profile	passed
ENCFF026CIR	ENCFF026CIR	ENCSR314IBN	ENCSR720QMH	ChromBPNet	sequence contribution scores profile	bigWig	DNase-seq	none	stimulated-activated-CD8-positive,-alpha-beta-memory-T-cell	t-cell	immune	immune-system	none	profile	passed
ENCFF029HLF	ENCFF029HLF	ENCSR335LOQ	ENCSR036QSP	ChromBPNet	sequence contribution scores profile	bigWig	DNase-seq	none	stimulated-activated-CD8-positive,-alpha-beta-memory-T-cell	t-cell	immune	immune-system	none	profile	passed
ENCFF055PSS	ENCFF055PSS	ENCSR284VNJ	ENCSR030RSO	ChromBPNet	sequence contribution scores profile	bigWig	DNase-seq	none	stimulated-activated-CD8-positive,-alpha-beta-memory-T-cell	t-cell	immune	immune-system	none	profile	passed
ENCFF067IJI	ENCFF067IJI	ENCSR832THJ	ENCSR953BHJ	ChromBPNet	sequence contribution scores profile	bigWig	DNase-seq	none	stimulated-activated-CD8-positive,-alpha-beta-memory-T-cell	t-cell	immune	immune-system	none	profile	passed
ENCFF111OGQ	ENCFF111OGQ	ENCSR294DND	ENCSR711CBE	ChromBPNet	sequence contribution scores profile	bigWig	DNase-seq	none	stimulated-activated-CD8-positive,-alpha-beta-memory-T-cell	t-cell	immune	immune-system	none	profile	passed
ENCFF171IVT	ENCFF171IVT	ENCSR669NQZ	ENCSR706ZWI	ChromBPNet	sequence contribution scores profile	bigWig	DNase-seq	none	stimulated-activated-CD8-positive,-alpha-beta-memory-T-cell	t-cell	immune	immune-system	none	profile	passed
ENCFF239LLU	ENCFF239LLU	ENCSR377CRU	ENCSR844YHV	ChromBPNet	sequence contribution scores profile	bigWig	DNase-seq	none	stimulated-activated-CD8-positive,-alpha-beta-memory-T-cell	t-cell	immune	immune-system	none	profile	passed
ENCFF264QEJ	ENCFF264QEJ	ENCSR471RHG	ENCSR331ZTT	ChromBPNet	sequence contribution scores profile	bigWig	DNase-seq	none	stimulated-activated-CD8-positive,-alpha-beta-memory-T-cell	t-cell	immune	immune-system	none	profile	passed
ENCFF310LQM	ENCFF310LQM	ENCSR210JVF	ENCSR316VER	ChromBPNet	sequence contribution scores profile	bigWig	DNase-seq	none	stimulated-activated-CD8-positive,-alpha-beta-memory-T-cell	t-cell	immune	immune-system	none	profile	passed
ENCFF358IDM	ENCFF358IDM	ENCSR749YCR	ENCSR712YRU	ChromBPNet	sequence contribution scores profile	bigWig	DNase-seq	none	stimulated-activated-CD8-positive,-alpha-beta-memory-T-cell	t-cell	immune	immune-system	none	profile	passed
ENCFF421WTR	ENCFF421WTR	ENCSR135XMY	ENCSR374PWW	ChromBPNet	sequence contribution scores profile	bigWig	DNase-seq	none	stimulated-activated-CD8-positive,-alpha-beta-memory-T-cell	t-cell	immune	immune-system	none	profile	passed
ENCFF479RJO	ENCFF479RJO	ENCSR960EVM	ENCSR076QUY	ChromBPNet	sequence contribution scores profile	bigWig	DNase-seq	none	stimulated-activated-CD8-positive,-alpha-beta-memory-T-cell	t-cell	immune	immune-system	none	profile	passed
ENCFF522DCW	ENCFF522DCW	ENCSR205ECC	ENCSR757ZBB	ChromBPNet	sequence contribution scores profile	bigWig	DNase-seq	none	stimulated-activated-CD8-positive,-alpha-beta-memory-T-cell	t-cell	immune	immune-system	none	profile	passed
ENCFF535FGP	ENCFF535FGP	ENCSR688DKY	ENCSR971GER	ChromBPNet	sequence contribution scores profile	bigWig	DNase-seq	none	stimulated-activated-CD8-positive,-alpha-beta-memory-T-cell	t-cell	immune	immune-system	none	profile	passed
ENCFF559FNP	ENCFF559FNP	ENCSR474HQW	ENCSR878FQY	ChromBPNet	sequence contribution scores profile	bigWig	DNase-seq	none	stimulated-activated-CD8-positive,-alpha-beta-memory-T-cell	t-cell	immune	immune-system	none	profile	passed
ENCFF576GDU	ENCFF576GDU	ENCSR943BCO	ENCSR606IUL	ChromBPNet	sequence contribution scores profile	bigWig	DNase-seq	none	stimulated-activated-CD8-positive,-alpha-beta-memory-T-cell	t-cell	immune	immune-system	none	profile	passed
ENCFF576NOE	ENCFF576NOE	ENCSR819EPD	ENCSR639YNS	ChromBPNet	sequence contribution scores profile	bigWig	DNase-seq	none	stimulated-activated-CD8-positive,-alpha-beta-memory-T-cell	t-cell	immune	immune-system	none	profile	passed
ENCFF596CKO	ENCFF596CKO	ENCSR688OIJ	ENCSR688PBM	ChromBPNet	sequence contribution scores profile	bigWig	DNase-seq	none	stimulated-activated-CD8-positive,-alpha-beta-memory-T-cell	t-cell	immune	immune-system	none	profile	passed
ENCFF597RYJ	ENCFF597RYJ	ENCSR502GWQ	ENCSR772ATM	ChromBPNet	sequence contribution scores profile	bigWig	DNase-seq	none	stimulated-activated-CD8-positive,-alpha-beta-memory-T-cell	t-cell	immune	immune-system	none	profile	passed
ENCFF610ZLX	ENCFF610ZLX	ENCSR130HIE	ENCSR126UPF	ChromBPNet	sequence contribution scores profile	bigWig	DNase-seq	none	stimulated-activated-CD8-positive,-alpha-beta-memory-T-cell	t-cell	immune	immune-system	none	profile	passed
ENCFF644JKU	ENCFF644JKU	ENCSR177GYC	ENCSR590AJW	ChromBPNet	sequence contribution scores profile	bigWig	DNase-seq	none	stimulated-activated-CD8-positive,-alpha-beta-memory-T-cell	t-cell	immune	immune-system	none	profile	passed
ENCFF706XQU	ENCFF706XQU	ENCSR889YWJ	ENCSR542AKO	ChromBPNet	sequence contribution scores profile	bigWig	DNase-seq	none	stimulated-activated-CD8-positive,-alpha-beta-memory-T-cell	t-cell	immune	immune-system	none	profile	passed
ENCFF761EKG	ENCFF761EKG	ENCSR735MJZ	ENCSR787HJE	ChromBPNet	sequence contribution scores profile	bigWig	DNase-seq	none	stimulated-activated-CD8-positive,-alpha-beta-memory-T-cell	t-cell	immune	immune-system	none	profile	passed
ENCFF817UFQ	ENCFF817UFQ	ENCSR380TXB	ENCSR376SQG	ChromBPNet	sequence contribution scores profile	bigWig	DNase-seq	none	stimulated-activated-CD8-positive,-alpha-beta-memory-T-cell	t-cell	immune	immune-system	none	profile	passed
ENCFF866RPC	ENCFF866RPC	ENCSR335EYA	ENCSR798IHN	ChromBPNet	sequence contribution scores profile	bigWig	DNase-seq	none	stimulated-activated-CD8-positive,-alpha-beta-memory-T-cell	t-cell	immune	immune-system	none	profile	passed
ENCFF986ASQ	ENCFF986ASQ	ENCSR060TTR	ENCSR159UVY	ChromBPNet	sequence contribution scores profile	bigWig	DNase-seq	none	stimulated-activated-CD8-positive,-alpha-beta-memory-T-cell	t-cell	immune	immune-system	none	profile	passed
ENCFF463NSY	ENCFF463NSY	ENCSR335XRZ	ENCSR769CYN	ChromBPNet	sequence contribution scores profile	bigWig	ATAC-seq	none	stimulated-activated-effector-memory-CD8-positive,-alpha-beta-T-cell	t-cell	immune	immune-system	none	profile	passed
ENCFF944QLR	ENCFF944QLR	ENCSR335LHS	ENCSR767NGG	ChromBPNet	sequence contribution scores profile	bigWig	ATAC-seq	none	stimulated-activated-effector-memory-CD8-positive,-alpha-beta-T-cell	t-cell	immune	immune-system	none	profile	passed
ENCFF859ZHL	ENCFF859ZHL	ENCSR917BSW	ENCSR419IFZ	ChromBPNet	sequence contribution scores profile	bigWig	DNase-seq	none	stimulated-activated-effector-memory-CD8-positive,-alpha-beta-T-cell	t-cell	immune	immune-system	none	profile	passed
ENCFF124KPX	ENCFF124KPX	ENCSR302PTB	ENCSR798FBD	ChromBPNet	sequence contribution scores profile	bigWig	ATAC-seq	none	stimulated-activated-memory-B-cell	b-cell	immune	immune-system	none	profile	passed
ENCFF625AKH	ENCFF625AKH	ENCSR379NMT	ENCSR289QKT	ChromBPNet	sequence contribution scores profile	bigWig	ATAC-seq	none	stimulated-activated-naive-B-cell	b-cell	immune	immune-system	none	profile	passed
ENCFF849EIV	ENCFF849EIV	ENCSR653VSR	ENCSR453AQL	ChromBPNet	sequence contribution scores profile	bigWig	ATAC-seq	none	stimulated-activated-naive-B-cell	b-cell	immune	immune-system	none	profile	passed
ENCFF496XOB	ENCFF496XOB	ENCSR326ESM	ENCSR918HJS	ChromBPNet	sequence contribution scores profile	bigWig	ATAC-seq	none	stimulated-activated-naive-CD8-positive,-alpha-beta-T-cell	t-cell	immune	immune-system	none	profile	passed
ENCFF504PFF	ENCFF504PFF	ENCSR637OPZ	ENCSR877IYJ	ChromBPNet	sequence contribution scores profile	bigWig	ATAC-seq	none	stimulated-activated-naive-CD8-positive,-alpha-beta-T-cell	t-cell	immune	immune-system	none	profile	passed
ENCFF797PTC	ENCFF797PTC	ENCSR863TVR	ENCSR883XHP	ChromBPNet	sequence contribution scores profile	bigWig	ATAC-seq	none	stimulated-activated-naive-CD8-positive,-alpha-beta-T-cell	t-cell	immune	immune-system	none	profile	passed
ENCFF055LNO	ENCFF055LNO	ENCSR154NYM	ENCSR439RLE	ChromBPNet	sequence contribution scores profile	bigWig	DNase-seq	none	stimulated-activated-naive-CD8-positive,-alpha-beta-T-cell	t-cell	immune	immune-system	none	profile	passed
ENCFF083GPF	ENCFF083GPF	ENCSR208YDK	ENCSR411FRH	ChromBPNet	sequence contribution scores profile	bigWig	DNase-seq	none	stimulated-activated-naive-CD8-positive,-alpha-beta-T-cell	t-cell	immune	immune-system	none	profile	passed
ENCFF842OEQ	ENCFF842OEQ	ENCSR114XWV	ENCSR740QNC	ChromBPNet	sequence contribution scores profile	bigWig	DNase-seq	none	stimulated-activated-naive-CD8-positive,-alpha-beta-T-cell	t-cell	immune	immune-system	none	profile	passed
ENCFF081PYR	ENCFF081PYR	ENCSR851SBY	ENCSR761YGB	ChromBPNet	sequence contribution scores profile	bigWig	ATAC-seq	none	stomach	stomach	stomach	digestive-system	none	profile	passed
ENCFF430MNA	ENCFF430MNA	ENCSR337UIU	ENCSR843HJF	ChromBPNet	sequence contribution scores profile	bigWig	ATAC-seq	none	stomach	stomach	stomach	digestive-system	none	profile	passed
ENCFF044TFC	ENCFF044TFC	ENCSR119HXE	ENCSR425UKP	ChromBPNet	sequence contribution scores profile	bigWig	DNase-seq	none	stomach	stomach	stomach	digestive-system	none	profile	passed
ENCFF068GPY	ENCFF068GPY	ENCSR208DMX	ENCSR905XZZ	ChromBPNet	sequence contribution scores profile	bigWig	DNase-seq	none	stomach	stomach	stomach	digestive-system	none	profile	passed
ENCFF100FHO	ENCFF100FHO	ENCSR782SSS	ENCSR779LNM	ChromBPNet	sequence contribution scores profile	bigWig	DNase-seq	none	stomach	stomach	stomach	digestive-system	none	profile	passed
ENCFF106XBQ	ENCFF106XBQ	ENCSR930YSB	ENCSR303ZEU	ChromBPNet	sequence contribution scores profile	bigWig	DNase-seq	none	stomach	stomach	stomach	digestive-system	none	profile	passed
ENCFF112HZB	ENCFF112HZB	ENCSR095GWE	ENCSR602LGD	ChromBPNet	sequence contribution scores profile	bigWig	DNase-seq	none	stomach	stomach	stomach	digestive-system	none	profile	passed
ENCFF206XUX	ENCFF206XUX	ENCSR062DUU	ENCSR632QNE	ChromBPNet	sequence contribution scores profile	bigWig	DNase-seq	none	stomach	stomach	stomach	digestive-system	none	profile	passed
ENCFF215TXW	ENCFF215TXW	ENCSR082XEU	ENCSR798CPE	ChromBPNet	sequence contribution scores profile	bigWig	DNase-seq	none	stomach	stomach	stomach	digestive-system	none	profile	passed
ENCFF292NFC	ENCFF292NFC	ENCSR522FGG	ENCSR103JQC	ChromBPNet	sequence contribution scores profile	bigWig	DNase-seq	none	stomach	stomach	stomach	digestive-system	none	profile	passed
ENCFF351MEJ	ENCFF351MEJ	ENCSR511GQA	ENCSR972VJA	ChromBPNet	sequence contribution scores profile	bigWig	DNase-seq	none	stomach	stomach	stomach	digestive-system	none	profile	passed
ENCFF453YUJ	ENCFF453YUJ	ENCSR941SMM	ENCSR132HHY	ChromBPNet	sequence contribution scores profile	bigWig	DNase-seq	none	stomach	stomach	stomach	digestive-system	none	profile	passed
ENCFF606XMJ	ENCFF606XMJ	ENCSR608AHQ	ENCSR393ODI	ChromBPNet	sequence contribution scores profile	bigWig	DNase-seq	none	stomach	stomach	stomach	digestive-system	none	profile	passed
ENCFF614FLQ	ENCFF614FLQ	ENCSR282QFE	ENCSR781PDD	ChromBPNet	sequence contribution scores profile	bigWig	DNase-seq	none	stomach	stomach	stomach	digestive-system	none	profile	passed
ENCFF660FRU	ENCFF660FRU	ENCSR172PVJ	ENCSR478OOS	ChromBPNet	sequence contribution scores profile	bigWig	DNase-seq	none	stomach	stomach	stomach	digestive-system	none	profile	passed
ENCFF691YTZ	ENCFF691YTZ	ENCSR246PXX	ENCSR794VJG	ChromBPNet	sequence contribution scores profile	bigWig	DNase-seq	none	stomach	stomach	stomach	digestive-system	none	profile	passed
ENCFF772IVK	ENCFF772IVK	ENCSR006IMH	ENCSR792CIL	ChromBPNet	sequence contribution scores profile	bigWig	DNase-seq	none	stomach	stomach	stomach	digestive-system	none	profile	passed
ENCFF789THN	ENCFF789THN	ENCSR627KFV	ENCSR468TMI	ChromBPNet	sequence contribution scores profile	bigWig	DNase-seq	none	stomach	stomach	stomach	digestive-system	none	profile	passed
ENCFF959XNR	ENCFF959XNR	ENCSR683YLO	ENCSR233MJY	ChromBPNet	sequence contribution scores profile	bigWig	DNase-seq	none	stomach	stomach	stomach	digestive-system	none	profile	passed
ENCFF975PLA	ENCFF975PLA	ENCSR177NIJ	ENCSR018RBZ	ChromBPNet	sequence contribution scores profile	bigWig	DNase-seq	none	stomach	stomach	stomach	digestive-system	none	profile	passed
ENCFF984AXU	ENCFF984AXU	ENCSR726YMS	ENCSR754RMT	ChromBPNet	sequence contribution scores profile	bigWig	DNase-seq	none	stomach	stomach	stomach	digestive-system	none	profile	passed
ENCFF986NFH	ENCFF986NFH	ENCSR163PKT	ENCSR498QRZ	ChromBPNet	sequence contribution scores profile	bigWig	DNase-seq	none	stomach	stomach	stomach	digestive-system	none	profile	passed
ENCFF016VRR	ENCFF016VRR	ENCSR000EMH	ENCSR113WKC	ChromBPNet	sequence contribution scores profile	bigWig	DNase-seq	none	stromal-cell-of-bone-marrow	bone	bone	skeletal-system	none	profile	passed
ENCFF009WTT	ENCFF009WTT	ENCSR540BML	ENCSR944DYP	ChromBPNet	sequence contribution scores profile	bigWig	ATAC-seq	none	subcutaneous-adipose-tissue	adipose	skin	integumental-system	none	profile	passed
ENCFF102QLJ	ENCFF102QLJ	ENCSR382JUJ	ENCSR719LJN	ChromBPNet	sequence contribution scores profile	bigWig	DNase-seq	none	superior-temporal-gyrus	gyrus	brain	central-nervous-system	none	profile	passed
ENCFF196AUV	ENCFF196AUV	ENCSR101QXF	ENCSR580EKH	ChromBPNet	sequence contribution scores profile	bigWig	DNase-seq	none	suprapubic-skin	skin	skin	integumental-system	none	profile	passed
ENCFF849CUI	ENCFF849CUI	ENCSR210NKB	ENCSR962ICP	ChromBPNet	sequence contribution scores profile	bigWig	ATAC-seq	none	testis	testis	testis	reproductive-system	none	profile	passed
ENCFF542GEM	ENCFF542GEM	ENCSR866ODX	ENCSR782JTX	ChromBPNet	sequence contribution scores profile	bigWig	DNase-seq	none	testis	testis	testis	reproductive-system	none	profile	passed
ENCFF792EWF	ENCFF792EWF	ENCSR278FHC	ENCSR628MRI	ChromBPNet	sequence contribution scores profile	bigWig	DNase-seq	none	testis	testis	testis	reproductive-system	none	profile	passed
ENCFF822SDS	ENCFF822SDS	ENCSR729DRB	ENCSR475FVE	ChromBPNet	sequence contribution scores profile	bigWig	DNase-seq	none	testis	testis	testis	reproductive-system	none	profile	passed
ENCFF658IBW	ENCFF658IBW	ENCSR344ZTM	ENCSR682VDU	ChromBPNet	sequence contribution scores profile	bigWig	ATAC-seq	none	thoracic-aorta	aorta	blood-vessel	circulatory-system	none	profile	passed
ENCFF636NCZ	ENCFF636NCZ	ENCSR298SDT	ENCSR193FTZ	ChromBPNet	sequence contribution scores profile	bigWig	DNase-seq	none	thoracic-aorta	aorta	blood-vessel	circulatory-system	none	profile	passed
ENCFF055SOR	ENCFF055SOR	ENCSR541UPY	ENCSR403QRF	ChromBPNet	sequence contribution scores profile	bigWig	DNase-seq	none	thymus	thymus	thymus	endocrine-system	none	profile	passed
ENCFF232KCD	ENCFF232KCD	ENCSR838IPF	ENCSR617ERP	ChromBPNet	sequence contribution scores profile	bigWig	DNase-seq	none	thymus	thymus	thymus	endocrine-system	none	profile	passed
ENCFF259PRK	ENCFF259PRK	ENCSR342NCX	ENCSR892XBW	ChromBPNet	sequence contribution scores profile	bigWig	DNase-seq	none	thymus	thymus	thymus	endocrine-system	none	profile	passed
ENCFF261DFB	ENCFF261DFB	ENCSR164PQJ	ENCSR578KWO	ChromBPNet	sequence contribution scores profile	bigWig	DNase-seq	none	thymus	thymus	thymus	endocrine-system	none	profile	passed
ENCFF613EDM	ENCFF613EDM	ENCSR962EAP	ENCSR822NGA	ChromBPNet	sequence contribution scores profile	bigWig	DNase-seq	none	thymus	thymus	thymus	endocrine-system	none	profile	passed
ENCFF647BLI	ENCFF647BLI	ENCSR544KDB	ENCSR631GYP	ChromBPNet	sequence contribution scores profile	bigWig	DNase-seq	none	thymus	thymus	thymus	endocrine-system	none	profile	passed
ENCFF909BNL	ENCFF909BNL	ENCSR682PKY	ENCSR108MFV	ChromBPNet	sequence contribution scores profile	bigWig	DNase-seq	none	thymus	thymus	thymus	endocrine-system	none	profile	passed
ENCFF935PMV	ENCFF935PMV	ENCSR777USE	ENCSR169CSC	ChromBPNet	sequence contribution scores profile	bigWig	DNase-seq	none	thymus	thymus	thymus	endocrine-system	none	profile	passed
ENCFF961WBC	ENCFF961WBC	ENCSR888UPQ	ENCSR496YMQ	ChromBPNet	sequence contribution scores profile	bigWig	DNase-seq	none	thymus	thymus	thymus	endocrine-system	none	profile	passed
ENCFF373CZP	ENCFF373CZP	ENCSR474XFV	ENCSR846DLY	ChromBPNet	sequence contribution scores profile	bigWig	ATAC-seq	none	thyroid-gland	thyroid	thyroid	endocrine-system	none	profile	passed
ENCFF726VSL	ENCFF726VSL	ENCSR201FIW	ENCSR986NGU	ChromBPNet	sequence contribution scores profile	bigWig	ATAC-seq	none	thyroid-gland	thyroid	thyroid	endocrine-system	none	profile	passed
ENCFF934NGB	ENCFF934NGB	ENCSR914DTI	ENCSR867AUW	ChromBPNet	sequence contribution scores profile	bigWig	ATAC-seq	none	thyroid-gland	thyroid	thyroid	endocrine-system	none	profile	passed
ENCFF398OUW	ENCFF398OUW	ENCSR195ONB	ENCSR157IQH	ChromBPNet	sequence contribution scores profile	bigWig	DNase-seq	none	thyroid-gland	thyroid	thyroid	endocrine-system	none	profile	passed
ENCFF697HEN	ENCFF697HEN	ENCSR450PWF	ENCSR824KPK	ChromBPNet	sequence contribution scores profile	bigWig	DNase-seq	none	thyroid-gland	thyroid	thyroid	endocrine-system	none	profile	passed
ENCFF820XDN	ENCFF820XDN	ENCSR749MUH	ENCSR470UFS	ChromBPNet	sequence contribution scores profile	bigWig	DNase-seq	none	thyroid-gland	thyroid	thyroid	endocrine-system	none	profile	passed
ENCFF544KIX	ENCFF544KIX	ENCSR630REB	ENCSR316RFC	ChromBPNet	sequence contribution scores profile	bigWig	ATAC-seq	none	tibial-artery	artery	blood-vessel	circulatory-system	none	profile	passed
ENCFF226TSC	ENCFF226TSC	ENCSR102RSU	ENCSR530QPE	ChromBPNet	sequence contribution scores profile	bigWig	DNase-seq	none	tibial-artery	artery	blood-vessel	circulatory-system	none	profile	passed
ENCFF882FOH	ENCFF882FOH	ENCSR090IDV	ENCSR492YAV	ChromBPNet	sequence contribution scores profile	bigWig	DNase-seq	none	tibial-artery	artery	blood-vessel	circulatory-system	none	profile	passed
ENCFF277WMZ	ENCFF277WMZ	ENCSR831KAH	ENCSR547WXV	ChromBPNet	sequence contribution scores profile	bigWig	ATAC-seq	none	tibial-nerve	nerve	nerve	peripheral-nervous-system	none	profile	passed
ENCFF157OFM	ENCFF157OFM	ENCSR484UAU	ENCSR945NLK	ChromBPNet	sequence contribution scores profile	bigWig	DNase-seq	none	tibial-nerve	nerve	nerve	peripheral-nervous-system	none	profile	passed
ENCFF651DFG	ENCFF651DFG	ENCSR508FVM	ENCSR009FPS	ChromBPNet	sequence contribution scores profile	bigWig	DNase-seq	none	tibial-nerve	nerve	nerve	peripheral-nervous-system	none	profile	passed
ENCFF048OKC	ENCFF048OKC	ENCSR559WMK	ENCSR004CWE	ChromBPNet	sequence contribution scores profile	bigWig	DNase-seq	none	tongue	tongue	tongue	sensory-system	none	profile	passed
ENCFF218VHB	ENCFF218VHB	ENCSR759UNY	ENCSR971WIA	ChromBPNet	sequence contribution scores profile	bigWig	DNase-seq	none	tongue	tongue	tongue	sensory-system	none	profile	passed
ENCFF075RLK	ENCFF075RLK	ENCSR761TKU	ENCSR466YQP	ChromBPNet	sequence contribution scores profile	bigWig	ATAC-seq	none	transverse-colon	colon	large-intestine	digestive-system	none	profile	passed
ENCFF246TDW	ENCFF246TDW	ENCSR404LLJ	ENCSR982JLU	ChromBPNet	sequence contribution scores profile	bigWig	ATAC-seq	none	transverse-colon	colon	large-intestine	digestive-system	none	profile	passed
ENCFF335XZS	ENCFF335XZS	ENCSR386HAZ	ENCSR245KNI	ChromBPNet	sequence contribution scores profile	bigWig	ATAC-seq	none	transverse-colon	colon	large-intestine	digestive-system	none	profile	passed
ENCFF738SWK	ENCFF738SWK	ENCSR668VCT	ENCSR194GTM	ChromBPNet	sequence contribution scores profile	bigWig	ATAC-seq	none	transverse-colon	colon	large-intestine	digestive-system	none	profile	passed
ENCFF455PIR	ENCFF455PIR	ENCSR763AKE	ENCSR511HYE	ChromBPNet	sequence contribution scores profile	bigWig	DNase-seq	none	transverse-colon	colon	large-intestine	digestive-system	none	profile	passed
ENCFF839BQL	ENCFF839BQL	ENCSR923JYH	ENCSR375EUQ	ChromBPNet	sequence contribution scores profile	bigWig	DNase-seq	none	transverse-colon	colon	large-intestine	digestive-system	none	profile	passed
ENCFF926IZF	ENCFF926IZF	ENCSR340MRJ	ENCSR376PZR	ChromBPNet	sequence contribution scores profile	bigWig	DNase-seq	none	transverse-colon	colon	large-intestine	digestive-system	none	profile	passed
ENCFF294KVS	ENCFF294KVS	ENCSR964MZQ	ENCSR740KCQ	ChromBPNet	sequence contribution scores profile	bigWig	DNase-seq	none	trophoblast-cell	t-cell	immune	immune-system	none	profile	passed
ENCFF469GGE	ENCFF469GGE	ENCSR179CDH	ENCSR802XPE	ChromBPNet	sequence contribution scores profile	bigWig	DNase-seq	none	trophoblast-cell	t-cell	immune	immune-system	none	profile	passed
ENCFF596CMX	ENCFF596CMX	ENCSR121ZSL	ENCSR480QYT	ChromBPNet	sequence contribution scores profile	bigWig	DNase-seq	none	trophoblast-cell	t-cell	immune	immune-system	none	profile	passed
ENCFF599PQQ	ENCFF599PQQ	ENCSR809LCE	ENCSR499THI	ChromBPNet	sequence contribution scores profile	bigWig	DNase-seq	none	trophoblast-cell	t-cell	immune	immune-system	none	profile	passed
ENCFF612HAJ	ENCFF612HAJ	ENCSR593LTJ	ENCSR233LNE	ChromBPNet	sequence contribution scores profile	bigWig	DNase-seq	none	trophoblast-cell	t-cell	immune	immune-system	none	profile	passed
ENCFF745ZEM	ENCFF745ZEM	ENCSR362ZFC	ENCSR425HSD	ChromBPNet	sequence contribution scores profile	bigWig	DNase-seq	none	type-B-pancreatic-cell	pancreatic	pancreas	digestive-system	none	profile	passed
ENCFF870XSE	ENCFF870XSE	ENCSR512CWR	ENCSR884IFQ	ChromBPNet	sequence contribution scores profile	bigWig	DNase-seq	none	umbilical-cord	umbilical	umbilical	reproductive-system	none	profile	passed
ENCFF678XHV	ENCFF678XHV	ENCSR242QRV	ENCSR463FHI	ChromBPNet	sequence contribution scores profile	bigWig	ATAC-seq	none	upper-lobe-of-left-lung	lung	lung	respiratory-system	none	profile	passed
ENCFF721HZK	ENCFF721HZK	ENCSR895SEG	ENCSR388FHS	ChromBPNet	sequence contribution scores profile	bigWig	ATAC-seq	none	upper-lobe-of-left-lung	lung	lung	respiratory-system	none	profile	passed
ENCFF298MTM	ENCFF298MTM	ENCSR323UTX	ENCSR306LZC	ChromBPNet	sequence contribution scores profile	bigWig	DNase-seq	none	upper-lobe-of-left-lung	lung	lung	respiratory-system	none	profile	passed
ENCFF548XEG	ENCFF548XEG	ENCSR058VBM	ENCSR176OCJ	ChromBPNet	sequence contribution scores profile	bigWig	DNase-seq	none	upper-lobe-of-left-lung	lung	lung	respiratory-system	none	profile	passed
ENCFF698KFJ	ENCFF698KFJ	ENCSR702DPD	ENCSR429NWR	ChromBPNet	sequence contribution scores profile	bigWig	DNase-seq	none	upper-lobe-of-left-lung	lung	lung	respiratory-system	none	profile	passed
ENCFF880NQF	ENCFF880NQF	ENCSR800ADR	ENCSR987KZP	ChromBPNet	sequence contribution scores profile	bigWig	DNase-seq	none	upper-lobe-of-left-lung	lung	lung	respiratory-system	none	profile	passed
ENCFF904ODR	ENCFF904ODR	ENCSR650FLQ	ENCSR901HTN	ChromBPNet	sequence contribution scores profile	bigWig	DNase-seq	none	upper-lobe-of-left-lung	lung	lung	respiratory-system	none	profile	passed
ENCFF322TVS	ENCFF322TVS	ENCSR990NNX	ENCSR746ZND	ChromBPNet	sequence contribution scores profile	bigWig	ATAC-seq	none	upper-lobe-of-right-lung	lung	lung	respiratory-system	none	profile	passed
ENCFF372XVT	ENCFF372XVT	ENCSR357AWH	ENCSR858DQL	ChromBPNet	sequence contribution scores profile	bigWig	DNase-seq	none	upper-lobe-of-right-lung	lung	lung	respiratory-system	none	profile	passed
ENCFF864DNV	ENCFF864DNV	ENCSR814RGG	ENCSR548DKO	ChromBPNet	sequence contribution scores profile	bigWig	ATAC-seq	none	ureter	ureter	kidney	excretory-system	none	profile	passed
ENCFF329INF	ENCFF329INF	ENCSR398JUP	ENCSR078RRP	ChromBPNet	sequence contribution scores profile	bigWig	DNase-seq	none	ureter	ureter	kidney	excretory-system	none	profile	passed
ENCFF284YXI	ENCFF284YXI	ENCSR813CKU	ENCSR447YGC	ChromBPNet	sequence contribution scores profile	bigWig	DNase-seq	none	urinary-bladder	bladder	bladder	excretory-system	none	profile	passed
ENCFF233FHF	ENCFF233FHF	ENCSR705RZX	ENCSR222TQG	ChromBPNet	sequence contribution scores profile	bigWig	ATAC-seq	none	uterus	uterus	uterus	reproductive-system	none	profile	passed
ENCFF719KBB	ENCFF719KBB	ENCSR775SYU	ENCSR456GSD	ChromBPNet	sequence contribution scores profile	bigWig	ATAC-seq	none	uterus	uterus	uterus	reproductive-system	none	profile	passed
ENCFF076OPC	ENCFF076OPC	ENCSR129BZE	ENCSR090OTQ	ChromBPNet	sequence contribution scores profile	bigWig	DNase-seq	none	uterus	uterus	uterus	reproductive-system	none	profile	passed
ENCFF145TOY	ENCFF145TOY	ENCSR545ADK	ENCSR111EIO	ChromBPNet	sequence contribution scores profile	bigWig	DNase-seq	none	uterus	uterus	uterus	reproductive-system	none	profile	passed
