track_key	file_accession	experiment	model_accession	model	track_type	format	assay	target	biosample	tissue	organ	system	strand	score_type	qc_flag
ENCFF325ODL	ENCFF325ODL	ENCSR932KWJ	ENCSR030TAD	ChromBPNet	sequence motifs instances	bigBed	DNase-seq	none	A172	cell-line	cell-line	cell-line	none	none	passed
ENCFF162DSB	ENCFF162DSB	ENCSR032RGS	ENCSR394KFZ	ChromBPNet	sequence motifs instances	bigBed	ATAC-seq	none	A549	cell-line	cell-line	cell-line	none	none	passed
ENCFF693ROU	ENCFF693ROU	ENCSR220ASC	ENCSR311VBG	ChromBPNet	sequence motifs instances	bigBed	ATAC-seq	none	A549	cell-line	cell-line	cell-line	none	none	passed
ENCFF571RQZ	ENCFF571RQZ	ENCSR000ELW	ENCSR422EZD	ChromBPNet	sequence motifs instances	bigBed	DNase-seq	none	A549	cell-line	cell-line	cell-line	none	none	passed
ENCFF835IPX	ENCFF835IPX	ENCSR346JWH	ENCSR457MEO	ChromBPNet	sequence motifs instances	bigBed	DNase-seq	none	A673	cell-line	cell-line	cell-line	none	none	passed
ENCFF869MLE	ENCFF869MLE	ENCSR257BGZ	ENCSR490SYH	ChromBPNet	sequence motifs instances	bigBed	DNase-seq	none	ACHN	cell-line	cell-line	cell-line	none	none	passed
ENCFF929COQ	ENCFF929COQ	ENCSR000ELX	ENCSR550YQU	ChromBPNet	sequence motifs instances	bigBed	DNase-seq	none	AG04449	cell-line	cell-line	cell-line	none	none	passed
ENCFF294KCN	ENCFF294KCN	ENCSR000ELY	ENCSR979PXO	ChromBPNet	sequence motifs instances	bigBed	DNase-seq	none	AG04450	cell-line	cell-line	cell-line	none	none	passed
ENCFF406OCU	ENCFF406OCU	ENCSR000EMA	ENCSR532BKE	ChromBPNet	sequence motifs instances	bigBed	DNase-seq	none	AG09319	cell-line	cell-line	cell-line	none	none	passed
ENCFF057NBD	ENCFF057NBD	ENCSR000EMB	ENCSR552FQJ	ChromBPNet	sequence motifs instances	bigBed	DNase-seq	none	AG10803	cell-line	cell-line	cell-line	none	none	passed
ENCFF223JSB	ENCFF223JSB	ENCSR584LUZ	ENCSR463EBH	ChromBPNet	sequence motifs instances	bigBed	DNase-seq	none	Ammon's-horn	ammon	brain	central-nervous-system	none	none	passed
ENCFF771MPR	ENCFF771MPR	ENCSR603LVR	ENCSR843FCA	ChromBPNet	sequence motifs instances	bigBed	ATAC-seq	none	B-cell	b-cell	immune	immune-system	none	none	passed
ENCFF068VFT	ENCFF068VFT	ENCSR381PXW	ENCSR797RDX	ChromBPNet	sequence motifs instances	bigBed	DNase-seq	none	B-cell	b-cell	immune	immune-system	none	none	passed
ENCFF359ARC	ENCFF359ARC	ENCSR247IUJ	ENCSR757NHR	ChromBPNet	sequence motifs instances	bigBed	DNase-seq	none	B-cell	b-cell	immune	immune-system	none	none	passed
ENCFF442TUF	ENCFF442TUF	ENCSR891VOV	ENCSR994ABS	ChromBPNet	sequence motifs instances	bigBed	DNase-seq	none	B-cell	b-cell	immune	immune-system	none	none	passed
ENCFF464IFL	ENCFF464IFL	ENCSR000EMJ	ENCSR442QCU	ChromBPNet	sequence motifs instances	bigBed	DNase-seq	none	B-cell	b-cell	immune	immune-system	none	none	passed
ENCFF625CWE	ENCFF625CWE	ENCSR468AKF	ENCSR264VFS	ChromBPNet	sequence motifs instances	bigBed	DNase-seq	none	B-cell	b-cell	immune	immune-system	none	none	passed
ENCFF571LME	ENCFF571LME	ENCSR000EMD	ENCSR723PKD	ChromBPNet	sequence motifs instances	bigBed	DNase-seq	none	BE2C	cell-line	cell-line	cell-line	none	none	passed
ENCFF967BEJ	ENCFF967BEJ	ENCSR009KWQ	ENCSR620CIC	ChromBPNet	sequence motifs instances	bigBed	DNase-seq	none	BE2C	cell-line	cell-line	cell-line	none	none	passed
ENCFF486FUA	ENCFF486FUA	ENCSR000EME	ENCSR035HVD	ChromBPNet	sequence motifs instances	bigBed	DNase-seq	none	BJ	cell-line	cell-line	cell-line	none	none	passed
ENCFF128MGI	ENCFF128MGI	ENCSR452DCM	ENCSR209OIH	ChromBPNet	sequence motifs instances	bigBed	DNase-seq	none	CD14-positive-monocyte	cd	immune	immune-system	none	none	passed
ENCFF330RMB	ENCFF330RMB	ENCSR695AUY	ENCSR576XND	ChromBPNet	sequence motifs instances	bigBed	DNase-seq	none	CD14-positive-monocyte	cd	immune	immune-system	none	none	passed
ENCFF616JZI	ENCFF616JZI	ENCSR000EPK	ENCSR216WTI	ChromBPNet	sequence motifs instances	bigBed	DNase-seq	none	CD14-positive-monocyte	cd	immune	immune-system	none	none	passed
ENCFF639SEY	ENCFF639SEY	ENCSR674JIL	ENCSR279GNT	ChromBPNet	sequence motifs instances	bigBed	DNase-seq	none	CD14-positive-monocyte	cd	immune	immune-system	none	none	passed
ENCFF035QND	ENCFF035QND	ENCSR373BIX	ENCSR258MDW	ChromBPNet	sequence motifs instances	bigBed	DNase-seq	none	CD1c-positive-myeloid-dendritic-cell	dendritic	immune	immune-system	none	none	passed
ENCFF360VXW	ENCFF360VXW	ENCSR159GFS	ENCSR490DKY	ChromBPNet	sequence motifs instances	bigBed	ATAC-seq	none	CD4-positive,-CD25-positive,-alpha-beta-regulatory-T-cell	t-cell	immune	immune-system	none	none	passed
ENCFF496UEW	ENCFF496UEW	ENCSR504OUW	ENCSR655LFC	ChromBPNet	sequence motifs instances	bigBed	ATAC-seq	none	CD4-positive,-CD25-positive,-alpha-beta-regulatory-T-cell	t-cell	immune	immune-system	none	none	passed
ENCFF096IDD	ENCFF096IDD	ENCSR042WQA	ENCSR089ESP	ChromBPNet	sequence motifs instances	bigBed	DNase-seq	none	CD4-positive,-CD25-positive,-alpha-beta-regulatory-T-cell	t-cell	immune	immune-system	none	none	passed
ENCFF230ECE	ENCFF230ECE	ENCSR000EQJ	ENCSR332VOK	ChromBPNet	sequence motifs instances	bigBed	DNase-seq	none	CD4-positive,-CD25-positive,-alpha-beta-regulatory-T-cell	t-cell	immune	immune-system	none	none	passed
ENCFF840MKK	ENCFF840MKK	ENCSR398CXD	ENCSR350GNA	ChromBPNet	sequence motifs instances	bigBed	DNase-seq	none	CD4-positive,-CD25-positive,-alpha-beta-regulatory-T-cell	t-cell	immune	immune-system	none	none	passed
ENCFF907DBV	ENCFF907DBV	ENCSR000EQK	ENCSR409YWQ	ChromBPNet	sequence motifs instances	bigBed	DNase-seq	none	CD4-positive,-CD25-positive,-alpha-beta-regulatory-T-cell	t-cell	immune	immune-system	none	none	passed
ENCFF918CAR	ENCFF918CAR	ENCSR841LHT	ENCSR830MQP	ChromBPNet	sequence motifs instances	bigBed	ATAC-seq	none	CD4-positive,-alpha-beta-T-cell	t-cell	immune	immune-system	none	none	passed
ENCFF003JRU	ENCFF003JRU	ENCSR697FME	ENCSR101JBQ	ChromBPNet	sequence motifs instances	bigBed	DNase-seq	none	CD4-positive,-alpha-beta-T-cell	t-cell	immune	immune-system	none	none	passed
ENCFF011UMR	ENCFF011UMR	ENCSR824YLD	ENCSR216EFF	ChromBPNet	sequence motifs instances	bigBed	DNase-seq	none	CD4-positive,-alpha-beta-T-cell	t-cell	immune	immune-system	none	none	passed
ENCFF016SZZ	ENCFF016SZZ	ENCSR642BXP	ENCSR329EAO	ChromBPNet	sequence motifs instances	bigBed	DNase-seq	none	CD4-positive,-alpha-beta-T-cell	t-cell	immune	immune-system	none	none	passed
ENCFF085OLH	ENCFF085OLH	ENCSR126EVX	ENCSR808PEA	ChromBPNet	sequence motifs instances	bigBed	DNase-seq	none	CD4-positive,-alpha-beta-T-cell	t-cell	immune	immune-system	none	none	passed
ENCFF098EIZ	ENCFF098EIZ	ENCSR314IOV	ENCSR163HRT	ChromBPNet	sequence motifs instances	bigBed	DNase-seq	none	CD4-positive,-alpha-beta-T-cell	t-cell	immune	immune-system	none	none	passed
ENCFF131GRJ	ENCFF131GRJ	ENCSR769OIG	ENCSR430VKQ	ChromBPNet	sequence motifs instances	bigBed	DNase-seq	none	CD4-positive,-alpha-beta-T-cell	t-cell	immune	immune-system	none	none	passed
ENCFF132WAY	ENCFF132WAY	ENCSR363LUK	ENCSR563YZV	ChromBPNet	sequence motifs instances	bigBed	DNase-seq	none	CD4-positive,-alpha-beta-T-cell	t-cell	immune	immune-system	none	none	passed
ENCFF172EDO	ENCFF172EDO	ENCSR388NOI	ENCSR272DSY	ChromBPNet	sequence motifs instances	bigBed	DNase-seq	none	CD4-positive,-alpha-beta-T-cell	t-cell	immune	immune-system	none	none	passed
ENCFF201HEN	ENCFF201HEN	ENCSR635VQU	ENCSR694JQH	ChromBPNet	sequence motifs instances	bigBed	DNase-seq	none	CD4-positive,-alpha-beta-T-cell	t-cell	immune	immune-system	none	none	passed
ENCFF202MTE	ENCFF202MTE	ENCSR167JFX	ENCSR141XLS	ChromBPNet	sequence motifs instances	bigBed	DNase-seq	none	CD4-positive,-alpha-beta-T-cell	t-cell	immune	immune-system	none	none	passed
ENCFF244JXC	ENCFF244JXC	ENCSR324OTS	ENCSR095QWC	ChromBPNet	sequence motifs instances	bigBed	DNase-seq	none	CD4-positive,-alpha-beta-T-cell	t-cell	immune	immune-system	none	none	passed
ENCFF252CZC	ENCFF252CZC	ENCSR546FUC	ENCSR684NGU	ChromBPNet	sequence motifs instances	bigBed	DNase-seq	none	CD4-positive,-alpha-beta-T-cell	t-cell	immune	immune-system	none	none	passed
ENCFF252JOM	ENCFF252JOM	ENCSR389BWT	ENCSR506RGL	ChromBPNet	sequence motifs instances	bigBed	DNase-seq	none	CD4-positive,-alpha-beta-T-cell	t-cell	immune	immune-system	none	none	passed
ENCFF263LPH	ENCFF263LPH	ENCSR336QAO	ENCSR398VFI	ChromBPNet	sequence motifs instances	bigBed	DNase-seq	none	CD4-positive,-alpha-beta-T-cell	t-cell	immune	immune-system	none	none	passed
ENCFF272FKD	ENCFF272FKD	ENCSR452RAX	ENCSR473ZKP	ChromBPNet	sequence motifs instances	bigBed	DNase-seq	none	CD4-positive,-alpha-beta-T-cell	t-cell	immune	immune-system	none	none	passed
ENCFF301PUY	ENCFF301PUY	ENCSR832IQN	ENCSR604TTC	ChromBPNet	sequence motifs instances	bigBed	DNase-seq	none	CD4-positive,-alpha-beta-T-cell	t-cell	immune	immune-system	none	none	passed
ENCFF325LRX	ENCFF325LRX	ENCSR376DAE	ENCSR182DEK	ChromBPNet	sequence motifs instances	bigBed	DNase-seq	none	CD4-positive,-alpha-beta-T-cell	t-cell	immune	immune-system	none	none	passed
ENCFF336UWT	ENCFF336UWT	ENCSR036ELY	ENCSR361DCS	ChromBPNet	sequence motifs instances	bigBed	DNase-seq	none	CD4-positive,-alpha-beta-T-cell	t-cell	immune	immune-system	none	none	passed
ENCFF339GQM	ENCFF339GQM	ENCSR904GDU	ENCSR681MBL	ChromBPNet	sequence motifs instances	bigBed	DNase-seq	none	CD4-positive,-alpha-beta-T-cell	t-cell	immune	immune-system	none	none	passed
ENCFF367TQF	ENCFF367TQF	ENCSR408GYQ	ENCSR558IEO	ChromBPNet	sequence motifs instances	bigBed	DNase-seq	none	CD4-positive,-alpha-beta-T-cell	t-cell	immune	immune-system	none	none	passed
ENCFF394NYP	ENCFF394NYP	ENCSR654WXX	ENCSR574UUC	ChromBPNet	sequence motifs instances	bigBed	DNase-seq	none	CD4-positive,-alpha-beta-T-cell	t-cell	immune	immune-system	none	none	passed
ENCFF412YOY	ENCFF412YOY	ENCSR567IWT	ENCSR206BGH	ChromBPNet	sequence motifs instances	bigBed	DNase-seq	none	CD4-positive,-alpha-beta-T-cell	t-cell	immune	immune-system	none	none	passed
ENCFF471FFV	ENCFF471FFV	ENCSR498FCF	ENCSR960ASG	ChromBPNet	sequence motifs instances	bigBed	DNase-seq	none	CD4-positive,-alpha-beta-T-cell	t-cell	immune	immune-system	none	none	passed
ENCFF497RYK	ENCFF497RYK	ENCSR155NBS	ENCSR811XVY	ChromBPNet	sequence motifs instances	bigBed	DNase-seq	none	CD4-positive,-alpha-beta-T-cell	t-cell	immune	immune-system	none	none	passed
ENCFF557AYD	ENCFF557AYD	ENCSR424MWH	ENCSR701MMD	ChromBPNet	sequence motifs instances	bigBed	DNase-seq	none	CD4-positive,-alpha-beta-T-cell	t-cell	immune	immune-system	none	none	passed
ENCFF558SGT	ENCFF558SGT	ENCSR060ZXQ	ENCSR599AWD	ChromBPNet	sequence motifs instances	bigBed	DNase-seq	none	CD4-positive,-alpha-beta-T-cell	t-cell	immune	immune-system	none	none	passed
ENCFF580OWT	ENCFF580OWT	ENCSR572FSS	ENCSR229BTC	ChromBPNet	sequence motifs instances	bigBed	DNase-seq	none	CD4-positive,-alpha-beta-T-cell	t-cell	immune	immune-system	none	none	passed
ENCFF600OSD	ENCFF600OSD	ENCSR250GDW	ENCSR623XYP	ChromBPNet	sequence motifs instances	bigBed	DNase-seq	none	CD4-positive,-alpha-beta-T-cell	t-cell	immune	immune-system	none	none	passed
ENCFF607BYT	ENCFF607BYT	ENCSR111WTE	ENCSR490GMC	ChromBPNet	sequence motifs instances	bigBed	DNase-seq	none	CD4-positive,-alpha-beta-T-cell	t-cell	immune	immune-system	none	none	passed
ENCFF623AKU	ENCFF623AKU	ENCSR883WDW	ENCSR377EST	ChromBPNet	sequence motifs instances	bigBed	DNase-seq	none	CD4-positive,-alpha-beta-T-cell	t-cell	immune	immune-system	none	none	passed
ENCFF742CKM	ENCFF742CKM	ENCSR366KPR	ENCSR886YTD	ChromBPNet	sequence motifs instances	bigBed	DNase-seq	none	CD4-positive,-alpha-beta-T-cell	t-cell	immune	immune-system	none	none	passed
ENCFF766OQX	ENCFF766OQX	ENCSR134BSY	ENCSR721RIF	ChromBPNet	sequence motifs instances	bigBed	DNase-seq	none	CD4-positive,-alpha-beta-T-cell	t-cell	immune	immune-system	none	none	passed
ENCFF805ZQO	ENCFF805ZQO	ENCSR683QJJ	ENCSR608KBM	ChromBPNet	sequence motifs instances	bigBed	DNase-seq	none	CD4-positive,-alpha-beta-T-cell	t-cell	immune	immune-system	none	none	passed
ENCFF807NCC	ENCFF807NCC	ENCSR152FWD	ENCSR265TNV	ChromBPNet	sequence motifs instances	bigBed	DNase-seq	none	CD4-positive,-alpha-beta-T-cell	t-cell	immune	immune-system	none	none	passed
ENCFF809YFC	ENCFF809YFC	ENCSR240TZG	ENCSR792HAG	ChromBPNet	sequence motifs instances	bigBed	DNase-seq	none	CD4-positive,-alpha-beta-T-cell	t-cell	immune	immune-system	none	none	passed
ENCFF817QVB	ENCFF817QVB	ENCSR346GIP	ENCSR783NVB	ChromBPNet	sequence motifs instances	bigBed	DNase-seq	none	CD4-positive,-alpha-beta-T-cell	t-cell	immune	immune-system	none	none	passed
ENCFF831ENY	ENCFF831ENY	ENCSR515DVK	ENCSR198OGA	ChromBPNet	sequence motifs instances	bigBed	DNase-seq	none	CD4-positive,-alpha-beta-T-cell	t-cell	immune	immune-system	none	none	passed
ENCFF887RCQ	ENCFF887RCQ	ENCSR289GZQ	ENCSR773NUG	ChromBPNet	sequence motifs instances	bigBed	DNase-seq	none	CD4-positive,-alpha-beta-T-cell	t-cell	immune	immune-system	none	none	passed
ENCFF912FEX	ENCFF912FEX	ENCSR930USX	ENCSR295EEC	ChromBPNet	sequence motifs instances	bigBed	DNase-seq	none	CD4-positive,-alpha-beta-T-cell	t-cell	immune	immune-system	none	none	passed
ENCFF916SKH	ENCFF916SKH	ENCSR206KJN	ENCSR912RWV	ChromBPNet	sequence motifs instances	bigBed	DNase-seq	none	CD4-positive,-alpha-beta-T-cell	t-cell	immune	immune-system	none	none	passed
ENCFF944SJS	ENCFF944SJS	ENCSR163QXS	ENCSR845NEQ	ChromBPNet	sequence motifs instances	bigBed	DNase-seq	none	CD4-positive,-alpha-beta-T-cell	t-cell	immune	immune-system	none	none	passed
ENCFF969APL	ENCFF969APL	ENCSR129GCL	ENCSR165LWU	ChromBPNet	sequence motifs instances	bigBed	DNase-seq	none	CD4-positive,-alpha-beta-T-cell	t-cell	immune	immune-system	none	none	passed
ENCFF597JGI	ENCFF597JGI	ENCSR239XNU	ENCSR475ZXC	ChromBPNet	sequence motifs instances	bigBed	DNase-seq	none	CD4-positive,-alpha-beta-memory-T-cell	t-cell	immune	immune-system	none	none	passed
ENCFF545YFG	ENCFF545YFG	ENCSR476VJY	ENCSR339PPY	ChromBPNet	sequence motifs instances	bigBed	ATAC-seq	none	CD8-positive,-alpha-beta-T-cell	t-cell	immune	immune-system	none	none	passed
ENCFF041QOB	ENCFF041QOB	ENCSR235OZX	ENCSR809MEH	ChromBPNet	sequence motifs instances	bigBed	DNase-seq	none	CD8-positive,-alpha-beta-T-cell	t-cell	immune	immune-system	none	none	passed
ENCFF069BFH	ENCFF069BFH	ENCSR316UDN	ENCSR004IEV	ChromBPNet	sequence motifs instances	bigBed	DNase-seq	none	CD8-positive,-alpha-beta-T-cell	t-cell	immune	immune-system	none	none	passed
ENCFF087UPM	ENCFF087UPM	ENCSR097AMI	ENCSR503WCY	ChromBPNet	sequence motifs instances	bigBed	DNase-seq	none	CD8-positive,-alpha-beta-T-cell	t-cell	immune	immune-system	none	none	passed
ENCFF116BZQ	ENCFF116BZQ	ENCSR321KUC	ENCSR248PZF	ChromBPNet	sequence motifs instances	bigBed	DNase-seq	none	CD8-positive,-alpha-beta-T-cell	t-cell	immune	immune-system	none	none	passed
ENCFF197JWO	ENCFF197JWO	ENCSR129HDK	ENCSR734ERU	ChromBPNet	sequence motifs instances	bigBed	DNase-seq	none	CD8-positive,-alpha-beta-T-cell	t-cell	immune	immune-system	none	none	passed
ENCFF240LYF	ENCFF240LYF	ENCSR133QZB	ENCSR851ICD	ChromBPNet	sequence motifs instances	bigBed	DNase-seq	none	CD8-positive,-alpha-beta-T-cell	t-cell	immune	immune-system	none	none	passed
ENCFF299YAJ	ENCFF299YAJ	ENCSR840TVG	ENCSR080IFT	ChromBPNet	sequence motifs instances	bigBed	DNase-seq	none	CD8-positive,-alpha-beta-T-cell	t-cell	immune	immune-system	none	none	passed
ENCFF394URB	ENCFF394URB	ENCSR649XRC	ENCSR953AXC	ChromBPNet	sequence motifs instances	bigBed	DNase-seq	none	CD8-positive,-alpha-beta-T-cell	t-cell	immune	immune-system	none	none	passed
ENCFF398XFN	ENCFF398XFN	ENCSR609DDQ	ENCSR330BZY	ChromBPNet	sequence motifs instances	bigBed	DNase-seq	none	CD8-positive,-alpha-beta-T-cell	t-cell	immune	immune-system	none	none	passed
ENCFF417HTV	ENCFF417HTV	ENCSR363BTB	ENCSR299DBR	ChromBPNet	sequence motifs instances	bigBed	DNase-seq	none	CD8-positive,-alpha-beta-T-cell	t-cell	immune	immune-system	none	none	passed
ENCFF575KWE	ENCFF575KWE	ENCSR842VTJ	ENCSR114IJD	ChromBPNet	sequence motifs instances	bigBed	DNase-seq	none	CD8-positive,-alpha-beta-T-cell	t-cell	immune	immune-system	none	none	passed
ENCFF591UVH	ENCFF591UVH	ENCSR254BCA	ENCSR538ZAV	ChromBPNet	sequence motifs instances	bigBed	DNase-seq	none	CD8-positive,-alpha-beta-T-cell	t-cell	immune	immune-system	none	none	passed
ENCFF637ZAI	ENCFF637ZAI	ENCSR662IRS	ENCSR184UEO	ChromBPNet	sequence motifs instances	bigBed	DNase-seq	none	CD8-positive,-alpha-beta-T-cell	t-cell	immune	immune-system	none	none	passed
ENCFF691KMO	ENCFF691KMO	ENCSR744UQK	ENCSR620MLQ	ChromBPNet	sequence motifs instances	bigBed	DNase-seq	none	CD8-positive,-alpha-beta-T-cell	t-cell	immune	immune-system	none	none	passed
ENCFF732FAF	ENCFF732FAF	ENCSR020LUD	ENCSR842ZPS	ChromBPNet	sequence motifs instances	bigBed	DNase-seq	none	CD8-positive,-alpha-beta-T-cell	t-cell	immune	immune-system	none	none	passed
ENCFF771KFV	ENCFF771KFV	ENCSR946BPA	ENCSR139FZM	ChromBPNet	sequence motifs instances	bigBed	DNase-seq	none	CD8-positive,-alpha-beta-T-cell	t-cell	immune	immune-system	none	none	passed
ENCFF830RLF	ENCFF830RLF	ENCSR984HIY	ENCSR412RAW	ChromBPNet	sequence motifs instances	bigBed	DNase-seq	none	CD8-positive,-alpha-beta-T-cell	t-cell	immune	immune-system	none	none	passed
ENCFF858OXR	ENCFF858OXR	ENCSR086FTP	ENCSR637TRV	ChromBPNet	sequence motifs instances	bigBed	DNase-seq	none	CD8-positive,-alpha-beta-T-cell	t-cell	immune	immune-system	none	none	passed
ENCFF873DOP	ENCFF873DOP	ENCSR162JNV	ENCSR284ELP	ChromBPNet	sequence motifs instances	bigBed	DNase-seq	none	CD8-positive,-alpha-beta-T-cell	t-cell	immune	immune-system	none	none	passed
ENCFF533FRU	ENCFF533FRU	ENCSR705GCU	ENCSR699GVT	ChromBPNet	sequence motifs instances	bigBed	DNase-seq	none	CD8-positive,-alpha-beta-memory-T-cell	t-cell	immune	immune-system	none	none	passed
ENCFF721BZB	ENCFF721BZB	ENCSR025BWH	ENCSR543PFF	ChromBPNet	sequence motifs instances	bigBed	DNase-seq	none	CD8-positive,-alpha-beta-memory-T-cell	t-cell	immune	immune-system	none	none	passed
ENCFF806KKH	ENCFF806KKH	ENCSR625WLB	ENCSR801SWT	ChromBPNet	sequence motifs instances	bigBed	DNase-seq	none	CD8-positive,-alpha-beta-memory-T-cell	t-cell	immune	immune-system	none	none	passed
ENCFF445EMV	ENCFF445EMV	ENCSR000EMN	ENCSR137UTN	ChromBPNet	sequence motifs instances	bigBed	DNase-seq	none	CMK	cell-line	cell-line	cell-line	none	none	passed
ENCFF358ANT	ENCFF358ANT	ENCSR030HFV	ENCSR931LMD	ChromBPNet	sequence motifs instances	bigBed	DNase-seq	none	Caco-2	cell-line	cell-line	cell-line	none	none	passed
ENCFF404UDM	ENCFF404UDM	ENCSR000EMI	ENCSR970OZO	ChromBPNet	sequence motifs instances	bigBed	DNase-seq	none	Caco-2	cell-line	cell-line	cell-line	none	none	passed
ENCFF062AJW	ENCFF062AJW	ENCSR515EWI	ENCSR282JGE	ChromBPNet	sequence motifs instances	bigBed	DNase-seq	none	Caki2	cell-line	cell-line	cell-line	none	none	passed
ENCFF807QEW	ENCFF807QEW	ENCSR660WSB	ENCSR808PZL	ChromBPNet	sequence motifs instances	bigBed	ATAC-seq	none	DND-41	cell-line	cell-line	cell-line	none	none	passed
ENCFF729KVL	ENCFF729KVL	ENCSR903SKE	ENCSR986OXA	ChromBPNet	sequence motifs instances	bigBed	DNase-seq	none	DND-41	cell-line	cell-line	cell-line	none	none	passed
ENCFF012BUQ	ENCFF012BUQ	ENCSR346IHH	ENCSR290FSX	ChromBPNet	sequence motifs instances	bigBed	DNase-seq	none	Daoy	cell-line	cell-line	cell-line	none	none	passed
ENCFF427NLQ	ENCFF427NLQ	ENCSR548MMD	ENCSR842TKW	ChromBPNet	sequence motifs instances	bigBed	DNase-seq	none	EH	cell-line	cell-line	cell-line	none	none	passed
ENCFF403AJC	ENCFF403AJC	ENCSR691MQJ	ENCSR371QKA	ChromBPNet	sequence motifs instances	bigBed	DNase-seq	none	EL	cell-line	cell-line	cell-line	none	none	passed
ENCFF854OYT	ENCFF854OYT	ENCSR678ILN	ENCSR639NDH	ChromBPNet	sequence motifs instances	bigBed	DNase-seq	none	ELF-1	cell-line	cell-line	cell-line	none	none	passed
ENCFF094IUH	ENCFF094IUH	ENCSR240TPI	ENCSR487CXD	ChromBPNet	sequence motifs instances	bigBed	DNase-seq	none	ELR	cell-line	cell-line	cell-line	none	none	passed
ENCFF548GRD	ENCFF548GRD	ENCSR269SIA	ENCSR937RAQ	ChromBPNet	sequence motifs instances	bigBed	DNase-seq	none	G401	cell-line	cell-line	cell-line	none	none	passed
ENCFF901CDT	ENCFF901CDT	ENCSR000EMO	ENCSR349PIJ	ChromBPNet	sequence motifs instances	bigBed	DNase-seq	none	GM04503	cell-line	cell-line	cell-line	none	none	passed
ENCFF424KRI	ENCFF424KRI	ENCSR000EMP	ENCSR050OKX	ChromBPNet	sequence motifs instances	bigBed	DNase-seq	none	GM04504	cell-line	cell-line	cell-line	none	none	passed
ENCFF238IUP	ENCFF238IUP	ENCSR000EMQ	ENCSR267GLX	ChromBPNet	sequence motifs instances	bigBed	DNase-seq	none	GM06990	cell-line	cell-line	cell-line	none	none	passed
ENCFF500SYX	ENCFF500SYX	ENCSR000EMR	ENCSR473GBP	ChromBPNet	sequence motifs instances	bigBed	DNase-seq	none	GM12864	cell-line	cell-line	cell-line	none	none	passed
ENCFF427RLO	ENCFF427RLO	ENCSR000EMS	ENCSR430QYB	ChromBPNet	sequence motifs instances	bigBed	DNase-seq	none	GM12865	cell-line	cell-line	cell-line	none	none	passed
ENCFF310VIV	ENCFF310VIV	ENCSR637XSC	ENCSR081YFO	ChromBPNet	sequence motifs instances	bigBed	ATAC-seq	none	GM12878	cell-line	cell-line	cell-line	none	none	passed
ENCFF634GKW	ENCFF634GKW	ENCSR095QNB	ENCSR067KBX	ChromBPNet	sequence motifs instances	bigBed	ATAC-seq	none	GM12878	cell-line	cell-line	cell-line	none	none	passed
ENCFF093WQX	ENCFF093WQX	ENCSR000EMT	ENCSR108TCK	ChromBPNet	sequence motifs instances	bigBed	DNase-seq	none	GM12878	cell-line	cell-line	cell-line	none	none	passed
ENCFF789BPP	ENCFF789BPP	ENCSR924SDV	ENCSR124DAF	ChromBPNet	sequence motifs instances	bigBed	ATAC-seq	none	GM18498	cell-line	cell-line	cell-line	none	none	passed
ENCFF339CFG	ENCFF339CFG	ENCSR700HPA	ENCSR248SEV	ChromBPNet	sequence motifs instances	bigBed	ATAC-seq	none	GM18499	cell-line	cell-line	cell-line	none	none	passed
ENCFF010THF	ENCFF010THF	ENCSR241VGH	ENCSR926DJN	ChromBPNet	sequence motifs instances	bigBed	ATAC-seq	none	GM18502	cell-line	cell-line	cell-line	none	none	passed
ENCFF977QAH	ENCFF977QAH	ENCSR084FHK	ENCSR178PRM	ChromBPNet	sequence motifs instances	bigBed	ATAC-seq	none	GM18505	cell-line	cell-line	cell-line	none	none	passed
ENCFF005BER	ENCFF005BER	ENCSR357WQH	ENCSR121WUP	ChromBPNet	sequence motifs instances	bigBed	ATAC-seq	none	GM18508	cell-line	cell-line	cell-line	none	none	passed
ENCFF227SYT	ENCFF227SYT	ENCSR253QLW	ENCSR610JIY	ChromBPNet	sequence motifs instances	bigBed	ATAC-seq	none	GM18511	cell-line	cell-line	cell-line	none	none	passed
ENCFF301VIE	ENCFF301VIE	ENCSR442OAV	ENCSR586WFC	ChromBPNet	sequence motifs instances	bigBed	ATAC-seq	none	GM18517	cell-line	cell-line	cell-line	none	none	passed
ENCFF405CMW	ENCFF405CMW	ENCSR312UCH	ENCSR714DLQ	ChromBPNet	sequence motifs instances	bigBed	ATAC-seq	none	GM18519	cell-line	cell-line	cell-line	none	none	passed
ENCFF344GJK	ENCFF344GJK	ENCSR762YFD	ENCSR461KSW	ChromBPNet	sequence motifs instances	bigBed	ATAC-seq	none	GM18520	cell-line	cell-line	cell-line	none	none	passed
ENCFF713JWZ	ENCFF713JWZ	ENCSR011NJP	ENCSR379AWE	ChromBPNet	sequence motifs instances	bigBed	ATAC-seq	none	GM18858	cell-line	cell-line	cell-line	none	none	passed
ENCFF616BUQ	ENCFF616BUQ	ENCSR628PLS	ENCSR370TTM	ChromBPNet	sequence motifs instances	bigBed	ATAC-seq	none	GM18861	cell-line	cell-line	cell-line	none	none	passed
ENCFF055TPL	ENCFF055TPL	ENCSR492FJO	ENCSR060QUG	ChromBPNet	sequence motifs instances	bigBed	ATAC-seq	none	GM18867	cell-line	cell-line	cell-line	none	none	passed
ENCFF508AKL	ENCFF508AKL	ENCSR580JBA	ENCSR777VRB	ChromBPNet	sequence motifs instances	bigBed	ATAC-seq	none	GM18868	cell-line	cell-line	cell-line	none	none	passed
ENCFF039NVN	ENCFF039NVN	ENCSR684KUG	ENCSR923IXX	ChromBPNet	sequence motifs instances	bigBed	ATAC-seq	none	GM18870	cell-line	cell-line	cell-line	none	none	passed
ENCFF073QDU	ENCFF073QDU	ENCSR304ZDQ	ENCSR210KZN	ChromBPNet	sequence motifs instances	bigBed	ATAC-seq	none	GM18873	cell-line	cell-line	cell-line	none	none	passed
ENCFF247BFW	ENCFF247BFW	ENCSR487QSB	ENCSR074UXK	ChromBPNet	sequence motifs instances	bigBed	ATAC-seq	none	GM18907	cell-line	cell-line	cell-line	none	none	passed
ENCFF470JXA	ENCFF470JXA	ENCSR917WJS	ENCSR731VRA	ChromBPNet	sequence motifs instances	bigBed	ATAC-seq	none	GM18909	cell-line	cell-line	cell-line	none	none	passed
ENCFF721JVA	ENCFF721JVA	ENCSR512FHU	ENCSR978KVO	ChromBPNet	sequence motifs instances	bigBed	ATAC-seq	none	GM19023	cell-line	cell-line	cell-line	none	none	passed
ENCFF896HMZ	ENCFF896HMZ	ENCSR419UYY	ENCSR079ORC	ChromBPNet	sequence motifs instances	bigBed	ATAC-seq	none	GM19025	cell-line	cell-line	cell-line	none	none	passed
ENCFF788VKB	ENCFF788VKB	ENCSR637MUF	ENCSR904MSH	ChromBPNet	sequence motifs instances	bigBed	ATAC-seq	none	GM19035	cell-line	cell-line	cell-line	none	none	passed
ENCFF875PYX	ENCFF875PYX	ENCSR409YCK	ENCSR903NIW	ChromBPNet	sequence motifs instances	bigBed	ATAC-seq	none	GM19043	cell-line	cell-line	cell-line	none	none	passed
ENCFF640ACG	ENCFF640ACG	ENCSR425WQW	ENCSR239XHL	ChromBPNet	sequence motifs instances	bigBed	ATAC-seq	none	GM19324	cell-line	cell-line	cell-line	none	none	passed
ENCFF882QZR	ENCFF882QZR	ENCSR383RDZ	ENCSR609EOM	ChromBPNet	sequence motifs instances	bigBed	ATAC-seq	none	GM19328	cell-line	cell-line	cell-line	none	none	passed
ENCFF457WBR	ENCFF457WBR	ENCSR231BZU	ENCSR683XSR	ChromBPNet	sequence motifs instances	bigBed	ATAC-seq	none	GM19351	cell-line	cell-line	cell-line	none	none	passed
ENCFF452UEU	ENCFF452UEU	ENCSR335JVB	ENCSR769XEI	ChromBPNet	sequence motifs instances	bigBed	ATAC-seq	none	GM19372	cell-line	cell-line	cell-line	none	none	passed
ENCFF590CTT	ENCFF590CTT	ENCSR372IGW	ENCSR165KAD	ChromBPNet	sequence motifs instances	bigBed	ATAC-seq	none	GM19395	cell-line	cell-line	cell-line	none	none	passed
ENCFF444DAQ	ENCFF444DAQ	ENCSR839IAD	ENCSR608VHS	ChromBPNet	sequence motifs instances	bigBed	ATAC-seq	none	GM19397	cell-line	cell-line	cell-line	none	none	passed
ENCFF281QFH	ENCFF281QFH	ENCSR134OSR	ENCSR505PUV	ChromBPNet	sequence motifs instances	bigBed	ATAC-seq	none	GM19438	cell-line	cell-line	cell-line	none	none	passed
ENCFF938PMU	ENCFF938PMU	ENCSR454UTH	ENCSR317ONA	ChromBPNet	sequence motifs instances	bigBed	ATAC-seq	none	GM19452	cell-line	cell-line	cell-line	none	none	passed
ENCFF584WMU	ENCFF584WMU	ENCSR706GDQ	ENCSR586TXI	ChromBPNet	sequence motifs instances	bigBed	ATAC-seq	none	GM19455	cell-line	cell-line	cell-line	none	none	passed
ENCFF877JCD	ENCFF877JCD	ENCSR712ZRY	ENCSR161MFO	ChromBPNet	sequence motifs instances	bigBed	ATAC-seq	none	GM19463	cell-line	cell-line	cell-line	none	none	passed
ENCFF593VAG	ENCFF593VAG	ENCSR635CAC	ENCSR921EDJ	ChromBPNet	sequence motifs instances	bigBed	ATAC-seq	none	GM19467	cell-line	cell-line	cell-line	none	none	passed
ENCFF963JXW	ENCFF963JXW	ENCSR635AIF	ENCSR692YYD	ChromBPNet	sequence motifs instances	bigBed	ATAC-seq	none	GM19468	cell-line	cell-line	cell-line	none	none	passed
ENCFF652UAQ	ENCFF652UAQ	ENCSR105SCQ	ENCSR185PHM	ChromBPNet	sequence motifs instances	bigBed	ATAC-seq	none	GM21360	cell-line	cell-line	cell-line	none	none	passed
ENCFF028STS	ENCFF028STS	ENCSR509JPT	ENCSR168OLJ	ChromBPNet	sequence motifs instances	bigBed	ATAC-seq	none	GM21367	cell-line	cell-line	cell-line	none	none	passed
ENCFF630KGO	ENCFF630KGO	ENCSR512YXO	ENCSR282RKE	ChromBPNet	sequence motifs instances	bigBed	ATAC-seq	none	GM21381	cell-line	cell-line	cell-line	none	none	passed
ENCFF673BHM	ENCFF673BHM	ENCSR024WOD	ENCSR310ESW	ChromBPNet	sequence motifs instances	bigBed	ATAC-seq	none	GM21390	cell-line	cell-line	cell-line	none	none	passed
ENCFF278ORZ	ENCFF278ORZ	ENCSR902CFR	ENCSR780HLI	ChromBPNet	sequence motifs instances	bigBed	ATAC-seq	none	GM21423	cell-line	cell-line	cell-line	none	none	passed
ENCFF491WPO	ENCFF491WPO	ENCSR424KQH	ENCSR050VGU	ChromBPNet	sequence motifs instances	bigBed	ATAC-seq	none	GM21447	cell-line	cell-line	cell-line	none	none	passed
ENCFF946XTD	ENCFF946XTD	ENCSR960KGO	ENCSR576OPE	ChromBPNet	sequence motifs instances	bigBed	ATAC-seq	none	GM21515	cell-line	cell-line	cell-line	none	none	passed
ENCFF074TWF	ENCFF074TWF	ENCSR408IVU	ENCSR134EDE	ChromBPNet	sequence motifs instances	bigBed	ATAC-seq	none	GM21526	cell-line	cell-line	cell-line	none	none	passed
ENCFF574QSJ	ENCFF574QSJ	ENCSR939EVW	ENCSR637GED	ChromBPNet	sequence motifs instances	bigBed	ATAC-seq	none	GM21528	cell-line	cell-line	cell-line	none	none	passed
ENCFF082QHG	ENCFF082QHG	ENCSR954BDA	ENCSR985TLT	ChromBPNet	sequence motifs instances	bigBed	ATAC-seq	none	GM21529	cell-line	cell-line	cell-line	none	none	passed
ENCFF448XWB	ENCFF448XWB	ENCSR122NDR	ENCSR318EBC	ChromBPNet	sequence motifs instances	bigBed	ATAC-seq	none	GM21576	cell-line	cell-line	cell-line	none	none	passed
ENCFF434KHA	ENCFF434KHA	ENCSR214EIV	ENCSR281GJA	ChromBPNet	sequence motifs instances	bigBed	ATAC-seq	none	GM21619	cell-line	cell-line	cell-line	none	none	passed
ENCFF736FLG	ENCFF736FLG	ENCSR422RPD	ENCSR280VKC	ChromBPNet	sequence motifs instances	bigBed	ATAC-seq	none	GM21717	cell-line	cell-line	cell-line	none	none	passed
ENCFF509XWC	ENCFF509XWC	ENCSR233HSC	ENCSR615NIB	ChromBPNet	sequence motifs instances	bigBed	ATAC-seq	none	GM21723	cell-line	cell-line	cell-line	none	none	passed
ENCFF561CAY	ENCFF561CAY	ENCSR315QWI	ENCSR578BCV	ChromBPNet	sequence motifs instances	bigBed	ATAC-seq	none	GM21737	cell-line	cell-line	cell-line	none	none	passed
ENCFF893JQZ	ENCFF893JQZ	ENCSR275LCF	ENCSR592QHK	ChromBPNet	sequence motifs instances	bigBed	ATAC-seq	none	GM21786	cell-line	cell-line	cell-line	none	none	passed
ENCFF777TCA	ENCFF777TCA	ENCSR641KNU	ENCSR896WEM	ChromBPNet	sequence motifs instances	bigBed	ATAC-seq	none	GM21825	cell-line	cell-line	cell-line	none	none	passed
ENCFF128XOA	ENCFF128XOA	ENCSR217TAW	ENCSR174HCP	ChromBPNet	sequence motifs instances	bigBed	DNase-seq	none	GM23248	cell-line	cell-line	cell-line	none	none	passed
ENCFF111IVS	ENCFF111IVS	ENCSR485TLP	ENCSR686RDV	ChromBPNet	sequence motifs instances	bigBed	ATAC-seq	none	GM23338	cell-line	cell-line	cell-line	none	none	passed
ENCFF029SXO	ENCFF029SXO	ENCSR004SUL	ENCSR397BXY	ChromBPNet	sequence motifs instances	bigBed	DNase-seq	none	GM23338	cell-line	cell-line	cell-line	none	none	passed
ENCFF490SNY	ENCFF490SNY	ENCSR108PUO	ENCSR871HMB	ChromBPNet	sequence motifs instances	bigBed	DNase-seq	none	GM23338	cell-line	cell-line	cell-line	none	none	passed
ENCFF927VYS	ENCFF927VYS	ENCSR000EMU	ENCSR337VRS	ChromBPNet	sequence motifs instances	bigBed	DNase-seq	none	H1	cell-line	cell-line	cell-line	none	none	passed
ENCFF455UGW	ENCFF455UGW	ENCSR809CEA	ENCSR043HVG	ChromBPNet	sequence motifs instances	bigBed	DNase-seq	none	H4	cell-line	cell-line	cell-line	none	none	passed
ENCFF245SME	ENCFF245SME	ENCSR000EMZ	ENCSR989KYH	ChromBPNet	sequence motifs instances	bigBed	DNase-seq	none	H7	cell-line	cell-line	cell-line	none	none	passed
ENCFF029YCF	ENCFF029YCF	ENCSR964WHY	ENCSR878NYN	ChromBPNet	sequence motifs instances	bigBed	DNase-seq	none	H9	cell-line	cell-line	cell-line	none	none	passed
ENCFF053RIJ	ENCFF053RIJ	ENCSR662RIZ	ENCSR493ORC	ChromBPNet	sequence motifs instances	bigBed	DNase-seq	none	H9	cell-line	cell-line	cell-line	none	none	passed
ENCFF618BYO	ENCFF618BYO	ENCSR754LIN	ENCSR071OAC	ChromBPNet	sequence motifs instances	bigBed	DNase-seq	none	H9	cell-line	cell-line	cell-line	none	none	passed
ENCFF793VGL	ENCFF793VGL	ENCSR943SYS	ENCSR319BRN	ChromBPNet	sequence motifs instances	bigBed	DNase-seq	none	H9	cell-line	cell-line	cell-line	none	none	passed
ENCFF828CPF	ENCFF828CPF	ENCSR275ICP	ENCSR048BTS	ChromBPNet	sequence motifs instances	bigBed	DNase-seq	none	H9	cell-line	cell-line	cell-line	none	none	passed
ENCFF840LTQ	ENCFF840LTQ	ENCSR017OZH	ENCSR085BHC	ChromBPNet	sequence motifs instances	bigBed	DNase-seq	none	H9	cell-line	cell-line	cell-line	none	none	passed
ENCFF692FJS	ENCFF692FJS	ENCSR895KTN	ENCSR516FBL	ChromBPNet	sequence motifs instances	bigBed	DNase-seq	none	HAP-1	cell-line	cell-line	cell-line	none	none	passed
ENCFF764DRQ	ENCFF764DRQ	ENCSR620QNS	ENCSR189QVD	ChromBPNet	sequence motifs instances	bigBed	DNase-seq	none	HAP-1	cell-line	cell-line	cell-line	none	none	passed
ENCFF563HHX	ENCFF563HHX	ENCSR038XTK	ENCSR297JWM	ChromBPNet	sequence motifs instances	bigBed	DNase-seq	none	HCEC-1CT	cell-line	cell-line	cell-line	none	none	passed
ENCFF959HJV	ENCFF959HJV	ENCSR872WGW	ENCSR799MEK	ChromBPNet	sequence motifs instances	bigBed	ATAC-seq	none	HCT116	cell-line	cell-line	cell-line	none	none	passed
ENCFF043VTT	ENCFF043VTT	ENCSR000ENM	ENCSR038BXQ	ChromBPNet	sequence motifs instances	bigBed	DNase-seq	none	HCT116	cell-line	cell-line	cell-line	none	none	passed
ENCFF442ENK	ENCFF442ENK	ENCSR000ENR	ENCSR893IIV	ChromBPNet	sequence motifs instances	bigBed	DNase-seq	none	HFF-Myc	cell-line	cell-line	cell-line	none	none	passed
ENCFF832DZK	ENCFF832DZK	ENCSR672EWY	ENCSR431UBV	ChromBPNet	sequence motifs instances	bigBed	DNase-seq	none	HFFc6	cell-line	cell-line	cell-line	none	none	passed
ENCFF050MFJ	ENCFF050MFJ	ENCSR400ISH	ENCSR998AJO	ChromBPNet	sequence motifs instances	bigBed	ATAC-seq	none	HG02571	cell-line	cell-line	cell-line	none	none	passed
ENCFF741LPQ	ENCFF741LPQ	ENCSR189VFC	ENCSR903YIU	ChromBPNet	sequence motifs instances	bigBed	ATAC-seq	none	HG02588	cell-line	cell-line	cell-line	none	none	passed
ENCFF803YZV	ENCFF803YZV	ENCSR905PWV	ENCSR627LHW	ChromBPNet	sequence motifs instances	bigBed	ATAC-seq	none	HG02610	cell-line	cell-line	cell-line	none	none	passed
ENCFF439DZF	ENCFF439DZF	ENCSR821JHD	ENCSR033SUK	ChromBPNet	sequence motifs instances	bigBed	ATAC-seq	none	HG02623	cell-line	cell-line	cell-line	none	none	passed
ENCFF328WDC	ENCFF328WDC	ENCSR821QHC	ENCSR435SFV	ChromBPNet	sequence motifs instances	bigBed	ATAC-seq	none	HG02642	cell-line	cell-line	cell-line	none	none	passed
ENCFF891MHV	ENCFF891MHV	ENCSR180HEL	ENCSR536GOE	ChromBPNet	sequence motifs instances	bigBed	ATAC-seq	none	HG02678	cell-line	cell-line	cell-line	none	none	passed
ENCFF151KOH	ENCFF151KOH	ENCSR144ZXR	ENCSR266KYY	ChromBPNet	sequence motifs instances	bigBed	ATAC-seq	none	HG02759	cell-line	cell-line	cell-line	none	none	passed
ENCFF804RTG	ENCFF804RTG	ENCSR404OEO	ENCSR092LQB	ChromBPNet	sequence motifs instances	bigBed	ATAC-seq	none	HG02763	cell-line	cell-line	cell-line	none	none	passed
ENCFF325BKA	ENCFF325BKA	ENCSR524CPZ	ENCSR220HBM	ChromBPNet	sequence motifs instances	bigBed	ATAC-seq	none	HG02798	cell-line	cell-line	cell-line	none	none	passed
ENCFF172LKL	ENCFF172LKL	ENCSR854ZBA	ENCSR916ARE	ChromBPNet	sequence motifs instances	bigBed	ATAC-seq	none	HG02840	cell-line	cell-line	cell-line	none	none	passed
ENCFF623RCO	ENCFF623RCO	ENCSR368FYV	ENCSR551XEC	ChromBPNet	sequence motifs instances	bigBed	ATAC-seq	none	HG02852	cell-line	cell-line	cell-line	none	none	passed
ENCFF721RRW	ENCFF721RRW	ENCSR420RVW	ENCSR385TLV	ChromBPNet	sequence motifs instances	bigBed	ATAC-seq	none	HG02870	cell-line	cell-line	cell-line	none	none	passed
ENCFF720SWN	ENCFF720SWN	ENCSR604YEQ	ENCSR323AXJ	ChromBPNet	sequence motifs instances	bigBed	ATAC-seq	none	HG02884	cell-line	cell-line	cell-line	none	none	passed
ENCFF575BEQ	ENCFF575BEQ	ENCSR621JYI	ENCSR266ITU	ChromBPNet	sequence motifs instances	bigBed	ATAC-seq	none	HG02885	cell-line	cell-line	cell-line	none	none	passed
ENCFF706EKX	ENCFF706EKX	ENCSR920FQJ	ENCSR672WKH	ChromBPNet	sequence motifs instances	bigBed	ATAC-seq	none	HG02938	cell-line	cell-line	cell-line	none	none	passed
ENCFF805KJO	ENCFF805KJO	ENCSR123WME	ENCSR427BPQ	ChromBPNet	sequence motifs instances	bigBed	ATAC-seq	none	HG02943	cell-line	cell-line	cell-line	none	none	passed
ENCFF398JPS	ENCFF398JPS	ENCSR857MCZ	ENCSR275WXY	ChromBPNet	sequence motifs instances	bigBed	ATAC-seq	none	HG02970	cell-line	cell-line	cell-line	none	none	passed
ENCFF598QAO	ENCFF598QAO	ENCSR038WVV	ENCSR667UVH	ChromBPNet	sequence motifs instances	bigBed	ATAC-seq	none	HG02973	cell-line	cell-line	cell-line	none	none	passed
ENCFF169AMS	ENCFF169AMS	ENCSR208HAP	ENCSR301ZZA	ChromBPNet	sequence motifs instances	bigBed	ATAC-seq	none	HG02981	cell-line	cell-line	cell-line	none	none	passed
ENCFF271JWN	ENCFF271JWN	ENCSR673ZMQ	ENCSR591YNV	ChromBPNet	sequence motifs instances	bigBed	ATAC-seq	none	HG03025	cell-line	cell-line	cell-line	none	none	passed
ENCFF383QDH	ENCFF383QDH	ENCSR381LJX	ENCSR649BNO	ChromBPNet	sequence motifs instances	bigBed	ATAC-seq	none	HG03039	cell-line	cell-line	cell-line	none	none	passed
ENCFF254SUC	ENCFF254SUC	ENCSR249FXU	ENCSR660MNT	ChromBPNet	sequence motifs instances	bigBed	ATAC-seq	none	HG03045	cell-line	cell-line	cell-line	none	none	passed
ENCFF705RPC	ENCFF705RPC	ENCSR470ZNM	ENCSR150XDG	ChromBPNet	sequence motifs instances	bigBed	ATAC-seq	none	HG03060	cell-line	cell-line	cell-line	none	none	passed
ENCFF261WKR	ENCFF261WKR	ENCSR487SOP	ENCSR459IBO	ChromBPNet	sequence motifs instances	bigBed	ATAC-seq	none	HG03064	cell-line	cell-line	cell-line	none	none	passed
ENCFF380QNU	ENCFF380QNU	ENCSR040PBN	ENCSR166OAU	ChromBPNet	sequence motifs instances	bigBed	ATAC-seq	none	HG03066	cell-line	cell-line	cell-line	none	none	passed
ENCFF390IBA	ENCFF390IBA	ENCSR359HFH	ENCSR553FAH	ChromBPNet	sequence motifs instances	bigBed	ATAC-seq	none	HG03095	cell-line	cell-line	cell-line	none	none	passed
ENCFF994PQF	ENCFF994PQF	ENCSR608KJD	ENCSR371COC	ChromBPNet	sequence motifs instances	bigBed	ATAC-seq	none	HG03097	cell-line	cell-line	cell-line	none	none	passed
ENCFF487BEO	ENCFF487BEO	ENCSR833ACP	ENCSR180LMS	ChromBPNet	sequence motifs instances	bigBed	ATAC-seq	none	HG03103	cell-line	cell-line	cell-line	none	none	passed
ENCFF569FYK	ENCFF569FYK	ENCSR962ITF	ENCSR232YHY	ChromBPNet	sequence motifs instances	bigBed	ATAC-seq	none	HG03108	cell-line	cell-line	cell-line	none	none	passed
ENCFF466PTW	ENCFF466PTW	ENCSR096VEO	ENCSR819NPJ	ChromBPNet	sequence motifs instances	bigBed	ATAC-seq	none	HG03135	cell-line	cell-line	cell-line	none	none	passed
ENCFF044ZEN	ENCFF044ZEN	ENCSR615YIL	ENCSR887IVZ	ChromBPNet	sequence motifs instances	bigBed	ATAC-seq	none	HG03139	cell-line	cell-line	cell-line	none	none	passed
ENCFF747ZXQ	ENCFF747ZXQ	ENCSR940YDN	ENCSR166TNL	ChromBPNet	sequence motifs instances	bigBed	ATAC-seq	none	HG03159	cell-line	cell-line	cell-line	none	none	passed
ENCFF032KJH	ENCFF032KJH	ENCSR305XRF	ENCSR090OOJ	ChromBPNet	sequence motifs instances	bigBed	ATAC-seq	none	HG03175	cell-line	cell-line	cell-line	none	none	passed
ENCFF361AZH	ENCFF361AZH	ENCSR063UNG	ENCSR357FCL	ChromBPNet	sequence motifs instances	bigBed	ATAC-seq	none	HG03196	cell-line	cell-line	cell-line	none	none	passed
ENCFF059KRH	ENCFF059KRH	ENCSR554WGQ	ENCSR845EWD	ChromBPNet	sequence motifs instances	bigBed	ATAC-seq	none	HG03280	cell-line	cell-line	cell-line	none	none	passed
ENCFF785SWP	ENCFF785SWP	ENCSR528YDD	ENCSR188AGI	ChromBPNet	sequence motifs instances	bigBed	ATAC-seq	none	HG03342	cell-line	cell-line	cell-line	none	none	passed
ENCFF202MVX	ENCFF202MVX	ENCSR025MEO	ENCSR658PPY	ChromBPNet	sequence motifs instances	bigBed	ATAC-seq	none	HG03354	cell-line	cell-line	cell-line	none	none	passed
ENCFF938GME	ENCFF938GME	ENCSR824DUE	ENCSR414LUN	ChromBPNet	sequence motifs instances	bigBed	ATAC-seq	none	HG03378	cell-line	cell-line	cell-line	none	none	passed
ENCFF567JNJ	ENCFF567JNJ	ENCSR839UOB	ENCSR809YVS	ChromBPNet	sequence motifs instances	bigBed	ATAC-seq	none	HG03432	cell-line	cell-line	cell-line	none	none	passed
ENCFF968JVR	ENCFF968JVR	ENCSR376YMU	ENCSR987LMB	ChromBPNet	sequence motifs instances	bigBed	ATAC-seq	none	HG03439	cell-line	cell-line	cell-line	none	none	passed
ENCFF568LCT	ENCFF568LCT	ENCSR858GTE	ENCSR509OSN	ChromBPNet	sequence motifs instances	bigBed	ATAC-seq	none	HG03442	cell-line	cell-line	cell-line	none	none	passed
ENCFF112IHA	ENCFF112IHA	ENCSR322SBN	ENCSR637NUL	ChromBPNet	sequence motifs instances	bigBed	ATAC-seq	none	HG03457	cell-line	cell-line	cell-line	none	none	passed
ENCFF025FEZ	ENCFF025FEZ	ENCSR345NVR	ENCSR987QAP	ChromBPNet	sequence motifs instances	bigBed	ATAC-seq	none	HG03460	cell-line	cell-line	cell-line	none	none	passed
ENCFF071EBJ	ENCFF071EBJ	ENCSR163KRG	ENCSR694IPL	ChromBPNet	sequence motifs instances	bigBed	ATAC-seq	none	HG03469	cell-line	cell-line	cell-line	none	none	passed
ENCFF097FMD	ENCFF097FMD	ENCSR624CTU	ENCSR001QFX	ChromBPNet	sequence motifs instances	bigBed	ATAC-seq	none	HG03520	cell-line	cell-line	cell-line	none	none	passed
ENCFF397LCJ	ENCFF397LCJ	ENCSR594TMY	ENCSR949GNF	ChromBPNet	sequence motifs instances	bigBed	ATAC-seq	none	HG03521	cell-line	cell-line	cell-line	none	none	passed
ENCFF732STR	ENCFF732STR	ENCSR278JWM	ENCSR170RXX	ChromBPNet	sequence motifs instances	bigBed	ATAC-seq	none	HG03558	cell-line	cell-line	cell-line	none	none	passed
ENCFF374WKF	ENCFF374WKF	ENCSR835WBW	ENCSR061TSC	ChromBPNet	sequence motifs instances	bigBed	ATAC-seq	none	HG03565	cell-line	cell-line	cell-line	none	none	passed
ENCFF929DDM	ENCFF929DDM	ENCSR000RBT	ENCSR716EMN	ChromBPNet	sequence motifs instances	bigBed	ATAC-seq	none	HG03571	cell-line	cell-line	cell-line	none	none	passed
ENCFF122OUY	ENCFF122OUY	ENCSR331JFZ	ENCSR519GLH	ChromBPNet	sequence motifs instances	bigBed	ATAC-seq	none	HG03575	cell-line	cell-line	cell-line	none	none	passed
ENCFF433KEQ	ENCFF433KEQ	ENCSR634YVQ	ENCSR972KYQ	ChromBPNet	sequence motifs instances	bigBed	DNase-seq	none	HK-2	cell-line	cell-line	cell-line	none	none	passed
ENCFF257ODW	ENCFF257ODW	ENCSR889WKL	ENCSR849AMW	ChromBPNet	sequence motifs instances	bigBed	DNase-seq	none	HL-60	cell-line	cell-line	cell-line	none	none	passed
ENCFF450RAK	ENCFF450RAK	ENCSR000ENU	ENCSR662EPX	ChromBPNet	sequence motifs instances	bigBed	DNase-seq	none	HL-60	cell-line	cell-line	cell-line	none	none	passed
ENCFF588EEW	ENCFF588EEW	ENCSR000EMF	ENCSR862EQC	ChromBPNet	sequence motifs instances	bigBed	DNase-seq	none	HS-27A	cell-line	cell-line	cell-line	none	none	passed
ENCFF912DEK	ENCFF912DEK	ENCSR000EMG	ENCSR295UGZ	ChromBPNet	sequence motifs instances	bigBed	DNase-seq	none	HS-5	cell-line	cell-line	cell-line	none	none	passed
ENCFF707GHW	ENCFF707GHW	ENCSR814KRX	ENCSR824NOI	ChromBPNet	sequence motifs instances	bigBed	DNase-seq	none	HT-29	cell-line	cell-line	cell-line	none	none	passed
ENCFF728DNO	ENCFF728DNO	ENCSR000FDI	ENCSR700ULB	ChromBPNet	sequence motifs instances	bigBed	DNase-seq	none	HT1080	cell-line	cell-line	cell-line	none	none	passed
ENCFF040BIN	ENCFF040BIN	ENCSR959ZXU	ENCSR098ONJ	ChromBPNet	sequence motifs instances	bigBed	DNase-seq	none	HeLa-S3	cell-line	cell-line	cell-line	none	none	passed
ENCFF806OJX	ENCFF806OJX	ENCSR000ENO	ENCSR231LNG	ChromBPNet	sequence motifs instances	bigBed	DNase-seq	none	HeLa-S3	cell-line	cell-line	cell-line	none	none	passed
ENCFF568JGS	ENCFF568JGS	ENCSR042AWH	ENCSR616TYK	ChromBPNet	sequence motifs instances	bigBed	ATAC-seq	none	HepG2	cell-line	cell-line	cell-line	none	none	passed
ENCFF788PVZ	ENCFF788PVZ	ENCSR291GJU	ENCSR476FKK	ChromBPNet	sequence motifs instances	bigBed	ATAC-seq	none	HepG2	cell-line	cell-line	cell-line	none	none	passed
ENCFF445GEV	ENCFF445GEV	ENCSR149XIL	ENCSR782TIO	ChromBPNet	sequence motifs instances	bigBed	DNase-seq	none	HepG2	cell-line	cell-line	cell-line	none	none	passed
ENCFF142ITE	ENCFF142ITE	ENCSR200OML	ENCSR585BFP	ChromBPNet	sequence motifs instances	bigBed	ATAC-seq	none	IMR-90	cell-line	cell-line	cell-line	none	none	passed
ENCFF501BYW	ENCFF501BYW	ENCSR477RTP	ENCSR458JPR	ChromBPNet	sequence motifs instances	bigBed	DNase-seq	none	IMR-90	cell-line	cell-line	cell-line	none	none	passed
ENCFF367ZZG	ENCFF367ZZG	ENCSR000EOS	ENCSR460RDN	ChromBPNet	sequence motifs instances	bigBed	DNase-seq	none	Jurkat,-Clone-E6-1	cell-line	cell-line	cell-line	none	none	passed
ENCFF062UIS	ENCFF062UIS	ENCSR483RKN	ENCSR780QKO	ChromBPNet	sequence motifs instances	bigBed	ATAC-seq	none	K562	cell-line	cell-line	cell-line	none	none	passed
ENCFF202OSG	ENCFF202OSG	ENCSR956DNB	ENCSR939RXI	ChromBPNet	sequence motifs instances	bigBed	ATAC-seq	none	K562	cell-line	cell-line	cell-line	none	none	passed
ENCFF500MVJ	ENCFF500MVJ	ENCSR859USB	ENCSR049OFB	ChromBPNet	sequence motifs instances	bigBed	ATAC-seq	none	K562	cell-line	cell-line	cell-line	none	none	passed
ENCFF848VNH	ENCFF848VNH	ENCSR868FGK	ENCSR893SUD	ChromBPNet	sequence motifs instances	bigBed	ATAC-seq	none	K562	cell-line	cell-line	cell-line	none	none	passed
ENCFF667QAY	ENCFF667QAY	ENCSR000EOT	ENCSR281PSW	ChromBPNet	sequence motifs instances	bigBed	DNase-seq	none	K562	cell-line	cell-line	cell-line	none	none	passed
ENCFF566TDN	ENCFF566TDN	ENCSR426IEA	ENCSR933HJE	ChromBPNet	sequence motifs instances	bigBed	DNase-seq	none	KBM-7	cell-line	cell-line	cell-line	none	none	passed
ENCFF992YJV	ENCFF992YJV	ENCSR019JDO	ENCSR625YHF	ChromBPNet	sequence motifs instances	bigBed	DNase-seq	none	Karpas-422	cell-line	cell-line	cell-line	none	none	passed
ENCFF540CFB	ENCFF540CFB	ENCSR314EZY	ENCSR134TII	ChromBPNet	sequence motifs instances	bigBed	DNase-seq	none	L1-S8	cell-line	cell-line	cell-line	none	none	passed
ENCFF232CMM	ENCFF232CMM	ENCSR746ZPP	ENCSR291GSN	ChromBPNet	sequence motifs instances	bigBed	DNase-seq	none	L1-S8R	cell-line	cell-line	cell-line	none	none	passed
ENCFF656CJZ	ENCFF656CJZ	ENCSR000EPE	ENCSR606CFD	ChromBPNet	sequence motifs instances	bigBed	DNase-seq	none	LHCN-M2	cell-line	cell-line	cell-line	none	none	passed
ENCFF636PPK	ENCFF636PPK	ENCSR503BEM	ENCSR389YJP	ChromBPNet	sequence motifs instances	bigBed	DNase-seq	none	LoVo	cell-line	cell-line	cell-line	none	none	passed
ENCFF440QUV	ENCFF440QUV	ENCSR385SZQ	ENCSR655RGE	ChromBPNet	sequence motifs instances	bigBed	DNase-seq	none	MCF-10A	cell-line	cell-line	cell-line	none	none	passed
ENCFF510MWQ	ENCFF510MWQ	ENCSR789VGQ	ENCSR658SZR	ChromBPNet	sequence motifs instances	bigBed	DNase-seq	none	MCF-10A	cell-line	cell-line	cell-line	none	none	passed
ENCFF527LUS	ENCFF527LUS	ENCSR752EPH	ENCSR197CZL	ChromBPNet	sequence motifs instances	bigBed	DNase-seq	none	MCF-10A	cell-line	cell-line	cell-line	none	none	passed
ENCFF725LPO	ENCFF725LPO	ENCSR422SUG	ENCSR881JYD	ChromBPNet	sequence motifs instances	bigBed	ATAC-seq	none	MCF-7	cell-line	cell-line	cell-line	none	none	passed
ENCFF019RDR	ENCFF019RDR	ENCSR000EPH	ENCSR006EOX	ChromBPNet	sequence motifs instances	bigBed	DNase-seq	none	MCF-7	cell-line	cell-line	cell-line	none	none	passed
ENCFF029ESU	ENCFF029ESU	ENCSR083STA	ENCSR054YZQ	ChromBPNet	sequence motifs instances	bigBed	DNase-seq	none	MG63	cell-line	cell-line	cell-line	none	none	passed
ENCFF429XOA	ENCFF429XOA	ENCSR443YJP	ENCSR912CFD	ChromBPNet	sequence motifs instances	bigBed	DNase-seq	none	MG63	cell-line	cell-line	cell-line	none	none	passed
ENCFF721IKO	ENCFF721IKO	ENCSR458LIB	ENCSR347CFU	ChromBPNet	sequence motifs instances	bigBed	DNase-seq	none	MM.1S	cell-line	cell-line	cell-line	none	none	passed
ENCFF184CKF	ENCFF184CKF	ENCSR662HMO	ENCSR794LQK	ChromBPNet	sequence motifs instances	bigBed	DNase-seq	none	NAMALWA	cell-line	cell-line	cell-line	none	none	passed
ENCFF561GHO	ENCFF561GHO	ENCSR000EPL	ENCSR451VFP	ChromBPNet	sequence motifs instances	bigBed	DNase-seq	none	NB4	cell-line	cell-line	cell-line	none	none	passed
ENCFF971XCV	ENCFF971XCV	ENCSR265TEK	ENCSR104PLC	ChromBPNet	sequence motifs instances	bigBed	DNase-seq	none	NCI-H226	cell-line	cell-line	cell-line	none	none	passed
ENCFF338KQE	ENCFF338KQE	ENCSR000FJH	ENCSR738EET	ChromBPNet	sequence motifs instances	bigBed	DNase-seq	none	NCI-H460	cell-line	cell-line	cell-line	none	none	passed
ENCFF229LUU	ENCFF229LUU	ENCSR382LBS	ENCSR546DOB	ChromBPNet	sequence motifs instances	bigBed	ATAC-seq	none	NCI-H929	cell-line	cell-line	cell-line	none	none	passed
ENCFF098PRN	ENCFF098PRN	ENCSR090SMP	ENCSR088BTM	ChromBPNet	sequence motifs instances	bigBed	DNase-seq	none	NCI-H929	cell-line	cell-line	cell-line	none	none	passed
ENCFF852XGH	ENCFF852XGH	ENCSR000EPS	ENCSR054YHV	ChromBPNet	sequence motifs instances	bigBed	DNase-seq	none	NT2/D1	cell-line	cell-line	cell-line	none	none	passed
ENCFF913IIA	ENCFF913IIA	ENCSR489NAM	ENCSR431YCA	ChromBPNet	sequence motifs instances	bigBed	DNase-seq	none	OCI-LY7	cell-line	cell-line	cell-line	none	none	passed
ENCFF025AMU	ENCFF025AMU	ENCSR499ASS	ENCSR356JWZ	ChromBPNet	sequence motifs instances	bigBed	ATAC-seq	none	PC-3	cell-line	cell-line	cell-line	none	none	passed
ENCFF302ONE	ENCFF302ONE	ENCSR052AWE	ENCSR930FRZ	ChromBPNet	sequence motifs instances	bigBed	DNase-seq	none	PC-3	cell-line	cell-line	cell-line	none	none	passed
ENCFF242JHS	ENCFF242JHS	ENCSR940NLN	ENCSR425NGQ	ChromBPNet	sequence motifs instances	bigBed	DNase-seq	none	PC-9	cell-line	cell-line	cell-line	none	none	passed
ENCFF586QEK	ENCFF586QEK	ENCSR591PIX	ENCSR910DII	ChromBPNet	sequence motifs instances	bigBed	ATAC-seq	none	Panc1	cell-line	cell-line	cell-line	none	none	passed
ENCFF811KOR	ENCFF811KOR	ENCSR000EPT	ENCSR819AEB	ChromBPNet	sequence motifs instances	bigBed	DNase-seq	none	Panc1	cell-line	cell-line	cell-line	none	none	passed
ENCFF220NJR	ENCFF220NJR	ENCSR017RQC	ENCSR646MBL	ChromBPNet	sequence motifs instances	bigBed	ATAC-seq	none	Peyer's-patch	eye	eye	sensory-system	none	none	passed
ENCFF015BLY	ENCFF015BLY	ENCSR261RWJ	ENCSR978KFQ	ChromBPNet	sequence motifs instances	bigBed	DNase-seq	none	Peyer's-patch	eye	eye	sensory-system	none	none	passed
ENCFF484JCN	ENCFF484JCN	ENCSR455GUW	ENCSR379ZWN	ChromBPNet	sequence motifs instances	bigBed	DNase-seq	none	Peyer's-patch	eye	eye	sensory-system	none	none	passed
ENCFF621RSQ	ENCFF621RSQ	ENCSR954AJK	ENCSR767EVI	ChromBPNet	sequence motifs instances	bigBed	DNase-seq	none	Peyer's-patch	eye	eye	sensory-system	none	none	passed
ENCFF668GIE	ENCFF668GIE	ENCSR689DSM	ENCSR627YMG	ChromBPNet	sequence motifs instances	bigBed	DNase-seq	none	Peyer's-patch	eye	eye	sensory-system	none	none	passed
ENCFF743TUE	ENCFF743TUE	ENCSR337IRF	ENCSR844ZPF	ChromBPNet	sequence motifs instances	bigBed	DNase-seq	none	RCC	cell-line	cell-line	cell-line	none	none	passed
ENCFF073JAE	ENCFF073JAE	ENCSR037PGI	ENCSR409AOK	ChromBPNet	sequence motifs instances	bigBed	DNase-seq	none	RCC-7860	cell-line	cell-line	cell-line	none	none	passed
ENCFF381WFB	ENCFF381WFB	ENCSR429RHR	ENCSR316RNO	ChromBPNet	sequence motifs instances	bigBed	DNase-seq	none	RKO	cell-line	cell-line	cell-line	none	none	passed
ENCFF418TTC	ENCFF418TTC	ENCSR000EPV	ENCSR700YXD	ChromBPNet	sequence motifs instances	bigBed	DNase-seq	none	RPMI7951	cell-line	cell-line	cell-line	none	none	passed
ENCFF664OME	ENCFF664OME	ENCSR594NOE	ENCSR639ILE	ChromBPNet	sequence motifs instances	bigBed	DNase-seq	none	RPMI8226	cell-line	cell-line	cell-line	none	none	passed
ENCFF931SZC	ENCFF931SZC	ENCSR080SNF	ENCSR781DEJ	ChromBPNet	sequence motifs instances	bigBed	ATAC-seq	none	RWPE2	cell-line	cell-line	cell-line	none	none	passed
ENCFF849QBS	ENCFF849QBS	ENCSR306BHE	ENCSR828XVB	ChromBPNet	sequence motifs instances	bigBed	DNase-seq	none	RWPE2	cell-line	cell-line	cell-line	none	none	passed
ENCFF291RIL	ENCFF291RIL	ENCSR855BMI	ENCSR597PKN	ChromBPNet	sequence motifs instances	bigBed	ATAC-seq	none	Right-ventricle-myocardium-inferior	ventricle	heart	circulatory-system	none	none	passed
ENCFF678GAK	ENCFF678GAK	ENCSR085MZL	ENCSR142UYP	ChromBPNet	sequence motifs instances	bigBed	DNase-seq	none	Right-ventricle-myocardium-inferior	ventricle	heart	circulatory-system	none	none	passed
ENCFF947KMT	ENCFF947KMT	ENCSR074WMH	ENCSR272XKK	ChromBPNet	sequence motifs instances	bigBed	ATAC-seq	none	Right-ventricle-myocardium-superior	ventricle	heart	circulatory-system	none	none	passed
ENCFF704WIA	ENCFF704WIA	ENCSR895GSY	ENCSR778ZGF	ChromBPNet	sequence motifs instances	bigBed	DNase-seq	none	Right-ventricle-myocardium-superior	ventricle	heart	circulatory-system	none	none	passed
ENCFF467IAG	ENCFF467IAG	ENCSR000FFJ	ENCSR504BSY	ChromBPNet	sequence motifs instances	bigBed	DNase-seq	none	SJCRH30	cell-line	cell-line	cell-line	none	none	passed
ENCFF692HAH	ENCFF692HAH	ENCSR520WTV	ENCSR832RLE	ChromBPNet	sequence motifs instances	bigBed	DNase-seq	none	SJSA1	cell-line	cell-line	cell-line	none	none	passed
ENCFF859LKG	ENCFF859LKG	ENCSR620WAR	ENCSR779JEB	ChromBPNet	sequence motifs instances	bigBed	DNase-seq	none	SJSA1	cell-line	cell-line	cell-line	none	none	passed
ENCFF685LXW	ENCFF685LXW	ENCSR000FEK	ENCSR086YUE	ChromBPNet	sequence motifs instances	bigBed	DNase-seq	none	SK-MEL-5	cell-line	cell-line	cell-line	none	none	passed
ENCFF158PIE	ENCFF158PIE	ENCSR946MVP	ENCSR822RPX	ChromBPNet	sequence motifs instances	bigBed	DNase-seq	none	SK-N-DZ	cell-line	cell-line	cell-line	none	none	passed
ENCFF478HMF	ENCFF478HMF	ENCSR000EPY	ENCSR737BDV	ChromBPNet	sequence motifs instances	bigBed	DNase-seq	none	SK-N-MC	cell-line	cell-line	cell-line	none	none	passed
ENCFF437PWD	ENCFF437PWD	ENCSR587TRP	ENCSR733OLQ	ChromBPNet	sequence motifs instances	bigBed	ATAC-seq	none	SK-N-SH	cell-line	cell-line	cell-line	none	none	passed
ENCFF615HHM	ENCFF615HHM	ENCSR217SET	ENCSR684CFS	ChromBPNet	sequence motifs instances	bigBed	DNase-seq	none	SW480	cell-line	cell-line	cell-line	none	none	passed
ENCFF010WVQ	ENCFF010WVQ	ENCSR258RSH	ENCSR726OHR	ChromBPNet	sequence motifs instances	bigBed	ATAC-seq	none	T-cell	t-cell	immune	immune-system	none	none	passed
ENCFF355DAT	ENCFF355DAT	ENCSR102RXG	ENCSR752EUR	ChromBPNet	sequence motifs instances	bigBed	ATAC-seq	none	T-cell	t-cell	immune	immune-system	none	none	passed
ENCFF437YZA	ENCFF437YZA	ENCSR032MEH	ENCSR429ZUZ	ChromBPNet	sequence motifs instances	bigBed	ATAC-seq	none	T-cell	t-cell	immune	immune-system	none	none	passed
ENCFF506GGY	ENCFF506GGY	ENCSR934AWQ	ENCSR628AUQ	ChromBPNet	sequence motifs instances	bigBed	ATAC-seq	none	T-cell	t-cell	immune	immune-system	none	none	passed
ENCFF674XKU	ENCFF674XKU	ENCSR977LVI	ENCSR289OHF	ChromBPNet	sequence motifs instances	bigBed	ATAC-seq	none	T-cell	t-cell	immune	immune-system	none	none	passed
ENCFF947DNH	ENCFF947DNH	ENCSR299LSN	ENCSR429GFB	ChromBPNet	sequence motifs instances	bigBed	ATAC-seq	none	T-cell	t-cell	immune	immune-system	none	none	passed
ENCFF003CWW	ENCFF003CWW	ENCSR389IHS	ENCSR240EVS	ChromBPNet	sequence motifs instances	bigBed	DNase-seq	none	T-cell	t-cell	immune	immune-system	none	none	passed
ENCFF017VNY	ENCFF017VNY	ENCSR540VTN	ENCSR309XZW	ChromBPNet	sequence motifs instances	bigBed	DNase-seq	none	T-cell	t-cell	immune	immune-system	none	none	passed
ENCFF020YPH	ENCFF020YPH	ENCSR270JQK	ENCSR065RIH	ChromBPNet	sequence motifs instances	bigBed	DNase-seq	none	T-cell	t-cell	immune	immune-system	none	none	passed
ENCFF021DBQ	ENCFF021DBQ	ENCSR140KPO	ENCSR428ISQ	ChromBPNet	sequence motifs instances	bigBed	DNase-seq	none	T-cell	t-cell	immune	immune-system	none	none	passed
ENCFF028RVW	ENCFF028RVW	ENCSR496UER	ENCSR064YIE	ChromBPNet	sequence motifs instances	bigBed	DNase-seq	none	T-cell	t-cell	immune	immune-system	none	none	passed
ENCFF046XSV	ENCFF046XSV	ENCSR051CYH	ENCSR446UCG	ChromBPNet	sequence motifs instances	bigBed	DNase-seq	none	T-cell	t-cell	immune	immune-system	none	none	passed
ENCFF056ZYO	ENCFF056ZYO	ENCSR561ZLY	ENCSR643LQA	ChromBPNet	sequence motifs instances	bigBed	DNase-seq	none	T-cell	t-cell	immune	immune-system	none	none	passed
ENCFF060VGH	ENCFF060VGH	ENCSR442GKD	ENCSR046WWS	ChromBPNet	sequence motifs instances	bigBed	DNase-seq	none	T-cell	t-cell	immune	immune-system	none	none	passed
ENCFF064IIP	ENCFF064IIP	ENCSR507XBY	ENCSR137QZB	ChromBPNet	sequence motifs instances	bigBed	DNase-seq	none	T-cell	t-cell	immune	immune-system	none	none	passed
ENCFF113QWI	ENCFF113QWI	ENCSR396ZIN	ENCSR151PKI	ChromBPNet	sequence motifs instances	bigBed	DNase-seq	none	T-cell	t-cell	immune	immune-system	none	none	passed
ENCFF116TZQ	ENCFF116TZQ	ENCSR630XDN	ENCSR188NOD	ChromBPNet	sequence motifs instances	bigBed	DNase-seq	none	T-cell	t-cell	immune	immune-system	none	none	passed
ENCFF140QJU	ENCFF140QJU	ENCSR419OAR	ENCSR187FBN	ChromBPNet	sequence motifs instances	bigBed	DNase-seq	none	T-cell	t-cell	immune	immune-system	none	none	passed
ENCFF150HLC	ENCFF150HLC	ENCSR803JVQ	ENCSR321CRM	ChromBPNet	sequence motifs instances	bigBed	DNase-seq	none	T-cell	t-cell	immune	immune-system	none	none	passed
ENCFF159FYQ	ENCFF159FYQ	ENCSR581RSO	ENCSR471LVE	ChromBPNet	sequence motifs instances	bigBed	DNase-seq	none	T-cell	t-cell	immune	immune-system	none	none	passed
ENCFF175SEA	ENCFF175SEA	ENCSR283MZJ	ENCSR428RDY	ChromBPNet	sequence motifs instances	bigBed	DNase-seq	none	T-cell	t-cell	immune	immune-system	none	none	passed
ENCFF176HNR	ENCFF176HNR	ENCSR497NLU	ENCSR964WTY	ChromBPNet	sequence motifs instances	bigBed	DNase-seq	none	T-cell	t-cell	immune	immune-system	none	none	passed
ENCFF204CZF	ENCFF204CZF	ENCSR597URK	ENCSR962EIH	ChromBPNet	sequence motifs instances	bigBed	DNase-seq	none	T-cell	t-cell	immune	immune-system	none	none	passed
ENCFF210KVP	ENCFF210KVP	ENCSR715TMH	ENCSR448PBW	ChromBPNet	sequence motifs instances	bigBed	DNase-seq	none	T-cell	t-cell	immune	immune-system	none	none	passed
ENCFF236DZH	ENCFF236DZH	ENCSR627QIA	ENCSR144UFY	ChromBPNet	sequence motifs instances	bigBed	DNase-seq	none	T-cell	t-cell	immune	immune-system	none	none	passed
ENCFF320EFI	ENCFF320EFI	ENCSR926SNI	ENCSR653ROL	ChromBPNet	sequence motifs instances	bigBed	DNase-seq	none	T-cell	t-cell	immune	immune-system	none	none	passed
ENCFF320EUX	ENCFF320EUX	ENCSR457RVC	ENCSR210DXU	ChromBPNet	sequence motifs instances	bigBed	DNase-seq	none	T-cell	t-cell	immune	immune-system	none	none	passed
ENCFF322SEE	ENCFF322SEE	ENCSR420HOT	ENCSR387VOB	ChromBPNet	sequence motifs instances	bigBed	DNase-seq	none	T-cell	t-cell	immune	immune-system	none	none	passed
ENCFF327NMD	ENCFF327NMD	ENCSR473LSX	ENCSR092BCK	ChromBPNet	sequence motifs instances	bigBed	DNase-seq	none	T-cell	t-cell	immune	immune-system	none	none	passed
ENCFF335FRN	ENCFF335FRN	ENCSR251INE	ENCSR358NNZ	ChromBPNet	sequence motifs instances	bigBed	DNase-seq	none	T-cell	t-cell	immune	immune-system	none	none	passed
ENCFF364EEM	ENCFF364EEM	ENCSR815DWW	ENCSR556NMJ	ChromBPNet	sequence motifs instances	bigBed	DNase-seq	none	T-cell	t-cell	immune	immune-system	none	none	passed
ENCFF368TZD	ENCFF368TZD	ENCSR385XHV	ENCSR335WRL	ChromBPNet	sequence motifs instances	bigBed	DNase-seq	none	T-cell	t-cell	immune	immune-system	none	none	passed
ENCFF369IHQ	ENCFF369IHQ	ENCSR217PZP	ENCSR232CBY	ChromBPNet	sequence motifs instances	bigBed	DNase-seq	none	T-cell	t-cell	immune	immune-system	none	none	passed
ENCFF388CJA	ENCFF388CJA	ENCSR784RMA	ENCSR152AFM	ChromBPNet	sequence motifs instances	bigBed	DNase-seq	none	T-cell	t-cell	immune	immune-system	none	none	passed
ENCFF406WIY	ENCFF406WIY	ENCSR305WLF	ENCSR171OHS	ChromBPNet	sequence motifs instances	bigBed	DNase-seq	none	T-cell	t-cell	immune	immune-system	none	none	passed
ENCFF415HON	ENCFF415HON	ENCSR635URJ	ENCSR361VKP	ChromBPNet	sequence motifs instances	bigBed	DNase-seq	none	T-cell	t-cell	immune	immune-system	none	none	passed
ENCFF471ILN	ENCFF471ILN	ENCSR186NTL	ENCSR801GOY	ChromBPNet	sequence motifs instances	bigBed	DNase-seq	none	T-cell	t-cell	immune	immune-system	none	none	passed
ENCFF472CHZ	ENCFF472CHZ	ENCSR863LZT	ENCSR794QQS	ChromBPNet	sequence motifs instances	bigBed	DNase-seq	none	T-cell	t-cell	immune	immune-system	none	none	passed
ENCFF551CVC	ENCFF551CVC	ENCSR541PUY	ENCSR099KJG	ChromBPNet	sequence motifs instances	bigBed	DNase-seq	none	T-cell	t-cell	immune	immune-system	none	none	passed
ENCFF557PPP	ENCFF557PPP	ENCSR552TPH	ENCSR153FUR	ChromBPNet	sequence motifs instances	bigBed	DNase-seq	none	T-cell	t-cell	immune	immune-system	none	none	passed
ENCFF580YRR	ENCFF580YRR	ENCSR467MSP	ENCSR507ABN	ChromBPNet	sequence motifs instances	bigBed	DNase-seq	none	T-cell	t-cell	immune	immune-system	none	none	passed
ENCFF589BGN	ENCFF589BGN	ENCSR965JHW	ENCSR748RMU	ChromBPNet	sequence motifs instances	bigBed	DNase-seq	none	T-cell	t-cell	immune	immune-system	none	none	passed
ENCFF610BRM	ENCFF610BRM	ENCSR628IRM	ENCSR147PTU	ChromBPNet	sequence motifs instances	bigBed	DNase-seq	none	T-cell	t-cell	immune	immune-system	none	none	passed
ENCFF610KUA	ENCFF610KUA	ENCSR218FJD	ENCSR190HNX	ChromBPNet	sequence motifs instances	bigBed	DNase-seq	none	T-cell	t-cell	immune	immune-system	none	none	passed
ENCFF610MKW	ENCFF610MKW	ENCSR410IYF	ENCSR308BEP	ChromBPNet	sequence motifs instances	bigBed	DNase-seq	none	T-cell	t-cell	immune	immune-system	none	none	passed
ENCFF626SFJ	ENCFF626SFJ	ENCSR934IKS	ENCSR695TIK	ChromBPNet	sequence motifs instances	bigBed	DNase-seq	none	T-cell	t-cell	immune	immune-system	none	none	passed
ENCFF641GKF	ENCFF641GKF	ENCSR040DGJ	ENCSR164ICL	ChromBPNet	sequence motifs instances	bigBed	DNase-seq	none	T-cell	t-cell	immune	immune-system	none	none	passed
ENCFF652LSR	ENCFF652LSR	ENCSR366YTD	ENCSR618VNH	ChromBPNet	sequence motifs instances	bigBed	DNase-seq	none	T-cell	t-cell	immune	immune-system	none	none	passed
ENCFF677PGP	ENCFF677PGP	ENCSR627UDJ	ENCSR806CDG	ChromBPNet	sequence motifs instances	bigBed	DNase-seq	none	T-cell	t-cell	immune	immune-system	none	none	passed
ENCFF717IPM	ENCFF717IPM	ENCSR111LTT	ENCSR025EMG	ChromBPNet	sequence motifs instances	bigBed	DNase-seq	none	T-cell	t-cell	immune	immune-system	none	none	passed
ENCFF724DYO	ENCFF724DYO	ENCSR310ZGQ	ENCSR917EWE	ChromBPNet	sequence motifs instances	bigBed	DNase-seq	none	T-cell	t-cell	immune	immune-system	none	none	passed
ENCFF747BWJ	ENCFF747BWJ	ENCSR290NGL	ENCSR298UAA	ChromBPNet	sequence motifs instances	bigBed	DNase-seq	none	T-cell	t-cell	immune	immune-system	none	none	passed
ENCFF774OAI	ENCFF774OAI	ENCSR342OGI	ENCSR971QTW	ChromBPNet	sequence motifs instances	bigBed	DNase-seq	none	T-cell	t-cell	immune	immune-system	none	none	passed
ENCFF794SOA	ENCFF794SOA	ENCSR041PCL	ENCSR338IJV	ChromBPNet	sequence motifs instances	bigBed	DNase-seq	none	T-cell	t-cell	immune	immune-system	none	none	passed
ENCFF832JQL	ENCFF832JQL	ENCSR213WNV	ENCSR838QAY	ChromBPNet	sequence motifs instances	bigBed	DNase-seq	none	T-cell	t-cell	immune	immune-system	none	none	passed
ENCFF834YYL	ENCFF834YYL	ENCSR785RIM	ENCSR941BIE	ChromBPNet	sequence motifs instances	bigBed	DNase-seq	none	T-cell	t-cell	immune	immune-system	none	none	passed
ENCFF879QCU	ENCFF879QCU	ENCSR354SDH	ENCSR440BZZ	ChromBPNet	sequence motifs instances	bigBed	DNase-seq	none	T-cell	t-cell	immune	immune-system	none	none	passed
ENCFF889VZT	ENCFF889VZT	ENCSR878ITC	ENCSR249YMW	ChromBPNet	sequence motifs instances	bigBed	DNase-seq	none	T-cell	t-cell	immune	immune-system	none	none	passed
ENCFF926XFQ	ENCFF926XFQ	ENCSR025EYJ	ENCSR716TYV	ChromBPNet	sequence motifs instances	bigBed	DNase-seq	none	T-cell	t-cell	immune	immune-system	none	none	passed
ENCFF934EKF	ENCFF934EKF	ENCSR299BQG	ENCSR870KZC	ChromBPNet	sequence motifs instances	bigBed	DNase-seq	none	T-cell	t-cell	immune	immune-system	none	none	passed
ENCFF943SGY	ENCFF943SGY	ENCSR198UKY	ENCSR221HAB	ChromBPNet	sequence motifs instances	bigBed	DNase-seq	none	T-cell	t-cell	immune	immune-system	none	none	passed
ENCFF949VKF	ENCFF949VKF	ENCSR837ZSS	ENCSR969SZL	ChromBPNet	sequence motifs instances	bigBed	DNase-seq	none	T-cell	t-cell	immune	immune-system	none	none	passed
ENCFF980QQL	ENCFF980QQL	ENCSR788SKJ	ENCSR757BQE	ChromBPNet	sequence motifs instances	bigBed	DNase-seq	none	T-cell	t-cell	immune	immune-system	none	none	passed
ENCFF212ENQ	ENCFF212ENQ	ENCSR384GGJ	ENCSR653VWJ	ChromBPNet	sequence motifs instances	bigBed	DNase-seq	none	T-helper-1-cell	t-helper	immune	immune-system	none	none	passed
ENCFF262TVZ	ENCFF262TVZ	ENCSR260UJJ	ENCSR752DQB	ChromBPNet	sequence motifs instances	bigBed	DNase-seq	none	T-helper-1-cell	t-helper	immune	immune-system	none	none	passed
ENCFF355ZPC	ENCFF355ZPC	ENCSR000EQD	ENCSR207XFF	ChromBPNet	sequence motifs instances	bigBed	DNase-seq	none	T-helper-1-cell	t-helper	immune	immune-system	none	none	passed
ENCFF416URB	ENCFF416URB	ENCSR058ELM	ENCSR914TFI	ChromBPNet	sequence motifs instances	bigBed	DNase-seq	none	T-helper-1-cell	t-helper	immune	immune-system	none	none	passed
ENCFF418KXB	ENCFF418KXB	ENCSR035SZE	ENCSR908PMT	ChromBPNet	sequence motifs instances	bigBed	DNase-seq	none	T-helper-1-cell	t-helper	immune	immune-system	none	none	passed
ENCFF681DHG	ENCFF681DHG	ENCSR000EQE	ENCSR909XUO	ChromBPNet	sequence motifs instances	bigBed	DNase-seq	none	T-helper-1-cell	t-helper	immune	immune-system	none	none	passed
ENCFF901RUX	ENCFF901RUX	ENCSR453RFW	ENCSR739ULY	ChromBPNet	sequence motifs instances	bigBed	DNase-seq	none	T-helper-1-cell	t-helper	immune	immune-system	none	none	passed
ENCFF174HJX	ENCFF174HJX	ENCSR803FKU	ENCSR251ZLN	ChromBPNet	sequence motifs instances	bigBed	ATAC-seq	none	T-helper-17-cell	t-helper	immune	immune-system	none	none	passed
ENCFF676OUD	ENCFF676OUD	ENCSR611BQR	ENCSR647OGN	ChromBPNet	sequence motifs instances	bigBed	ATAC-seq	none	T-helper-17-cell	t-helper	immune	immune-system	none	none	passed
ENCFF855EZX	ENCFF855EZX	ENCSR248ZAC	ENCSR710TZU	ChromBPNet	sequence motifs instances	bigBed	ATAC-seq	none	T-helper-17-cell	t-helper	immune	immune-system	none	none	passed
ENCFF009PQY	ENCFF009PQY	ENCSR731KDL	ENCSR526ELA	ChromBPNet	sequence motifs instances	bigBed	DNase-seq	none	T-helper-17-cell	t-helper	immune	immune-system	none	none	passed
ENCFF314CKO	ENCFF314CKO	ENCSR747RGR	ENCSR574LGV	ChromBPNet	sequence motifs instances	bigBed	DNase-seq	none	T-helper-17-cell	t-helper	immune	immune-system	none	none	passed
ENCFF429WIF	ENCFF429WIF	ENCSR537TXP	ENCSR700DMS	ChromBPNet	sequence motifs instances	bigBed	DNase-seq	none	T-helper-17-cell	t-helper	immune	immune-system	none	none	passed
ENCFF600WDB	ENCFF600WDB	ENCSR623PVB	ENCSR625NZK	ChromBPNet	sequence motifs instances	bigBed	DNase-seq	none	T-helper-17-cell	t-helper	immune	immune-system	none	none	passed
ENCFF772GIW	ENCFF772GIW	ENCSR709YRE	ENCSR347TOO	ChromBPNet	sequence motifs instances	bigBed	DNase-seq	none	T-helper-17-cell	t-helper	immune	immune-system	none	none	passed
ENCFF896HXK	ENCFF896HXK	ENCSR000EQF	ENCSR255EPH	ChromBPNet	sequence motifs instances	bigBed	DNase-seq	none	T-helper-17-cell	t-helper	immune	immune-system	none	none	passed
ENCFF280VON	ENCFF280VON	ENCSR223XND	ENCSR980WLK	ChromBPNet	sequence motifs instances	bigBed	DNase-seq	none	T-helper-2-cell	t-helper	immune	immune-system	none	none	passed
ENCFF331KJN	ENCFF331KJN	ENCSR000EQI	ENCSR745WFF	ChromBPNet	sequence motifs instances	bigBed	DNase-seq	none	T-helper-2-cell	t-helper	immune	immune-system	none	none	passed
ENCFF473VQO	ENCFF473VQO	ENCSR000EQH	ENCSR486TDW	ChromBPNet	sequence motifs instances	bigBed	DNase-seq	none	T-helper-2-cell	t-helper	immune	immune-system	none	none	passed
ENCFF579VEP	ENCFF579VEP	ENCSR872IXQ	ENCSR775SOJ	ChromBPNet	sequence motifs instances	bigBed	DNase-seq	none	T-helper-2-cell	t-helper	immune	immune-system	none	none	passed
ENCFF588PGU	ENCFF588PGU	ENCSR943KMD	ENCSR126JGP	ChromBPNet	sequence motifs instances	bigBed	DNase-seq	none	T-helper-2-cell	t-helper	immune	immune-system	none	none	passed
ENCFF894GUQ	ENCFF894GUQ	ENCSR197ZNW	ENCSR971VHE	ChromBPNet	sequence motifs instances	bigBed	DNase-seq	none	T-helper-2-cell	t-helper	immune	immune-system	none	none	passed
ENCFF976ARR	ENCFF976ARR	ENCSR869JYO	ENCSR134SAX	ChromBPNet	sequence motifs instances	bigBed	DNase-seq	none	T-helper-2-cell	t-helper	immune	immune-system	none	none	passed
ENCFF639SVU	ENCFF639SVU	ENCSR000EQB	ENCSR233KPU	ChromBPNet	sequence motifs instances	bigBed	DNase-seq	none	T47D	cell-line	cell-line	cell-line	none	none	passed
ENCFF769LIK	ENCFF769LIK	ENCSR000EQL	ENCSR466RMK	ChromBPNet	sequence motifs instances	bigBed	DNase-seq	none	WERI-Rb-1	cell-line	cell-line	cell-line	none	none	passed
ENCFF974GSM	ENCFF974GSM	ENCSR218FSP	ENCSR993TVH	ChromBPNet	sequence motifs instances	bigBed	DNase-seq	none	WERI-Rb-1	cell-line	cell-line	cell-line	none	none	passed
ENCFF489XHU	ENCFF489XHU	ENCSR000EQN	ENCSR972HRO	ChromBPNet	sequence motifs instances	bigBed	DNase-seq	none	WI38	cell-line	cell-line	cell-line	none	none	passed
ENCFF609WCO	ENCFF609WCO	ENCSR000EQM	ENCSR456VRU	ChromBPNet	sequence motifs instances	bigBed	DNase-seq	none	WI38	cell-line	cell-line	cell-line	none	none	passed
ENCFF684HWE	ENCFF684HWE	ENCSR541KFY	ENCSR631EWP	ChromBPNet	sequence motifs instances	bigBed	ATAC-seq	none	WTC11	cell-line	cell-line	cell-line	none	none	passed
ENCFF463ACX	ENCFF463ACX	ENCSR785ZUI	ENCSR751ECR	ChromBPNet	sequence motifs instances	bigBed	DNase-seq	none	WTC11	cell-line	cell-line	cell-line	none	none	passed
ENCFF247YLF	ENCFF247YLF	ENCSR659SFK	ENCSR927SNZ	ChromBPNet	sequence motifs instances	bigBed	ATAC-seq	none	activated-B-cell	b-cell	immune	immune-system	none	none	passed
ENCFF920RIN	ENCFF920RIN	ENCSR109DTU	ENCSR215IBY	ChromBPNet	sequence motifs instances	bigBed	DNase-seq	none	activated-B-cell	b-cell	immune	immune-system	none	none	passed
ENCFF479BAC	ENCFF479BAC	ENCSR094QFZ	ENCSR294ULE	ChromBPNet	sequence motifs instances	bigBed	ATAC-seq	none	activated-CD4-positive,-CD25-positive,-alpha-beta-regulatory-T-cell	t-cell	immune	immune-system	none	none	passed
ENCFF800CAH	ENCFF800CAH	ENCSR261PWP	ENCSR866REJ	ChromBPNet	sequence motifs instances	bigBed	ATAC-seq	none	activated-CD4-positive,-CD25-positive,-alpha-beta-regulatory-T-cell	t-cell	immune	immune-system	none	none	passed
ENCFF100MLZ	ENCFF100MLZ	ENCSR133OSO	ENCSR382VVU	ChromBPNet	sequence motifs instances	bigBed	DNase-seq	none	activated-CD4-positive,-CD25-positive,-alpha-beta-regulatory-T-cell	t-cell	immune	immune-system	none	none	passed
ENCFF369ICB	ENCFF369ICB	ENCSR242CLA	ENCSR151JCL	ChromBPNet	sequence motifs instances	bigBed	DNase-seq	none	activated-CD4-positive,-CD25-positive,-alpha-beta-regulatory-T-cell	t-cell	immune	immune-system	none	none	passed
ENCFF078BQK	ENCFF078BQK	ENCSR991PBP	ENCSR559OBX	ChromBPNet	sequence motifs instances	bigBed	ATAC-seq	none	activated-CD4-positive,-alpha-beta-T-cell	t-cell	immune	immune-system	none	none	passed
ENCFF049DYD	ENCFF049DYD	ENCSR139PLJ	ENCSR224FSJ	ChromBPNet	sequence motifs instances	bigBed	DNase-seq	none	activated-CD4-positive,-alpha-beta-T-cell	t-cell	immune	immune-system	none	none	passed
ENCFF065PNS	ENCFF065PNS	ENCSR124PXN	ENCSR763BIV	ChromBPNet	sequence motifs instances	bigBed	DNase-seq	none	activated-CD4-positive,-alpha-beta-T-cell	t-cell	immune	immune-system	none	none	passed
ENCFF169XYZ	ENCFF169XYZ	ENCSR144NXI	ENCSR820GUH	ChromBPNet	sequence motifs instances	bigBed	DNase-seq	none	activated-CD4-positive,-alpha-beta-T-cell	t-cell	immune	immune-system	none	none	passed
ENCFF228QLC	ENCFF228QLC	ENCSR121BSW	ENCSR090UGL	ChromBPNet	sequence motifs instances	bigBed	DNase-seq	none	activated-CD4-positive,-alpha-beta-T-cell	t-cell	immune	immune-system	none	none	passed
ENCFF242KBB	ENCFF242KBB	ENCSR323LVJ	ENCSR594QMF	ChromBPNet	sequence motifs instances	bigBed	DNase-seq	none	activated-CD4-positive,-alpha-beta-T-cell	t-cell	immune	immune-system	none	none	passed
ENCFF299BHT	ENCFF299BHT	ENCSR740DJQ	ENCSR751LNJ	ChromBPNet	sequence motifs instances	bigBed	DNase-seq	none	activated-CD4-positive,-alpha-beta-T-cell	t-cell	immune	immune-system	none	none	passed
ENCFF365YUO	ENCFF365YUO	ENCSR935HEI	ENCSR476LJY	ChromBPNet	sequence motifs instances	bigBed	DNase-seq	none	activated-CD4-positive,-alpha-beta-T-cell	t-cell	immune	immune-system	none	none	passed
ENCFF368LCR	ENCFF368LCR	ENCSR874DUP	ENCSR708KHR	ChromBPNet	sequence motifs instances	bigBed	DNase-seq	none	activated-CD4-positive,-alpha-beta-T-cell	t-cell	immune	immune-system	none	none	passed
ENCFF391WZX	ENCFF391WZX	ENCSR273USD	ENCSR753CMU	ChromBPNet	sequence motifs instances	bigBed	DNase-seq	none	activated-CD4-positive,-alpha-beta-T-cell	t-cell	immune	immune-system	none	none	passed
ENCFF430LCG	ENCFF430LCG	ENCSR312ZTS	ENCSR478IVZ	ChromBPNet	sequence motifs instances	bigBed	DNase-seq	none	activated-CD4-positive,-alpha-beta-T-cell	t-cell	immune	immune-system	none	none	passed
ENCFF506OUU	ENCFF506OUU	ENCSR457JOG	ENCSR562WIA	ChromBPNet	sequence motifs instances	bigBed	DNase-seq	none	activated-CD4-positive,-alpha-beta-T-cell	t-cell	immune	immune-system	none	none	passed
ENCFF512TWW	ENCFF512TWW	ENCSR698VDM	ENCSR764UTK	ChromBPNet	sequence motifs instances	bigBed	DNase-seq	none	activated-CD4-positive,-alpha-beta-T-cell	t-cell	immune	immune-system	none	none	passed
ENCFF553CHV	ENCFF553CHV	ENCSR799MVH	ENCSR342SVJ	ChromBPNet	sequence motifs instances	bigBed	DNase-seq	none	activated-CD4-positive,-alpha-beta-T-cell	t-cell	immune	immune-system	none	none	passed
ENCFF563SFX	ENCFF563SFX	ENCSR604FER	ENCSR429MAD	ChromBPNet	sequence motifs instances	bigBed	DNase-seq	none	activated-CD4-positive,-alpha-beta-T-cell	t-cell	immune	immune-system	none	none	passed
ENCFF610JHN	ENCFF610JHN	ENCSR679EFH	ENCSR434QWM	ChromBPNet	sequence motifs instances	bigBed	DNase-seq	none	activated-CD4-positive,-alpha-beta-T-cell	t-cell	immune	immune-system	none	none	passed
ENCFF612PHQ	ENCFF612PHQ	ENCSR768AWY	ENCSR897WWX	ChromBPNet	sequence motifs instances	bigBed	DNase-seq	none	activated-CD4-positive,-alpha-beta-T-cell	t-cell	immune	immune-system	none	none	passed
ENCFF734YQL	ENCFF734YQL	ENCSR173HPQ	ENCSR884EKY	ChromBPNet	sequence motifs instances	bigBed	DNase-seq	none	activated-CD4-positive,-alpha-beta-T-cell	t-cell	immune	immune-system	none	none	passed
ENCFF746QVY	ENCFF746QVY	ENCSR436JRE	ENCSR901DXM	ChromBPNet	sequence motifs instances	bigBed	DNase-seq	none	activated-CD4-positive,-alpha-beta-T-cell	t-cell	immune	immune-system	none	none	passed
ENCFF789EWZ	ENCFF789EWZ	ENCSR841UCZ	ENCSR158YLN	ChromBPNet	sequence motifs instances	bigBed	DNase-seq	none	activated-CD4-positive,-alpha-beta-T-cell	t-cell	immune	immune-system	none	none	passed
ENCFF845BFC	ENCFF845BFC	ENCSR801VSK	ENCSR420JER	ChromBPNet	sequence motifs instances	bigBed	DNase-seq	none	activated-CD4-positive,-alpha-beta-T-cell	t-cell	immune	immune-system	none	none	passed
ENCFF874IEI	ENCFF874IEI	ENCSR180KMR	ENCSR782KPZ	ChromBPNet	sequence motifs instances	bigBed	DNase-seq	none	activated-CD4-positive,-alpha-beta-T-cell	t-cell	immune	immune-system	none	none	passed
ENCFF900CHL	ENCFF900CHL	ENCSR493IQY	ENCSR422POB	ChromBPNet	sequence motifs instances	bigBed	DNase-seq	none	activated-CD4-positive,-alpha-beta-T-cell	t-cell	immune	immune-system	none	none	passed
ENCFF900PKU	ENCFF900PKU	ENCSR252NVI	ENCSR599MKA	ChromBPNet	sequence motifs instances	bigBed	DNase-seq	none	activated-CD4-positive,-alpha-beta-T-cell	t-cell	immune	immune-system	none	none	passed
ENCFF993QWU	ENCFF993QWU	ENCSR154NOT	ENCSR114ZKF	ChromBPNet	sequence motifs instances	bigBed	DNase-seq	none	activated-CD4-positive,-alpha-beta-T-cell	t-cell	immune	immune-system	none	none	passed
ENCFF882OJS	ENCFF882OJS	ENCSR021YFW	ENCSR301LCS	ChromBPNet	sequence motifs instances	bigBed	DNase-seq	none	activated-CD4-positive,-alpha-beta-memory-T-cell	t-cell	immune	immune-system	none	none	passed
ENCFF947YXO	ENCFF947YXO	ENCSR718HWW	ENCSR522GVK	ChromBPNet	sequence motifs instances	bigBed	ATAC-seq	none	activated-CD8-positive,-alpha-beta-T-cell	t-cell	immune	immune-system	none	none	passed
ENCFF970CLJ	ENCFF970CLJ	ENCSR545UJP	ENCSR698SZY	ChromBPNet	sequence motifs instances	bigBed	ATAC-seq	none	activated-CD8-positive,-alpha-beta-T-cell	t-cell	immune	immune-system	none	none	passed
ENCFF038KUI	ENCFF038KUI	ENCSR294YEJ	ENCSR881ZKT	ChromBPNet	sequence motifs instances	bigBed	DNase-seq	none	activated-CD8-positive,-alpha-beta-T-cell	t-cell	immune	immune-system	none	none	passed
ENCFF776GMT	ENCFF776GMT	ENCSR776BTO	ENCSR838UZA	ChromBPNet	sequence motifs instances	bigBed	DNase-seq	none	activated-CD8-positive,-alpha-beta-T-cell	t-cell	immune	immune-system	none	none	passed
ENCFF813PXS	ENCFF813PXS	ENCSR915MTG	ENCSR740TJF	ChromBPNet	sequence motifs instances	bigBed	ATAC-seq	none	activated-CD8-positive,-alpha-beta-memory-T-cell	t-cell	immune	immune-system	none	none	passed
ENCFF065HAB	ENCFF065HAB	ENCSR971MMF	ENCSR854AOU	ChromBPNet	sequence motifs instances	bigBed	DNase-seq	none	activated-CD8-positive,-alpha-beta-memory-T-cell	t-cell	immune	immune-system	none	none	passed
ENCFF188MKU	ENCFF188MKU	ENCSR653ISV	ENCSR001PBZ	ChromBPNet	sequence motifs instances	bigBed	DNase-seq	none	activated-CD8-positive,-alpha-beta-memory-T-cell	t-cell	immune	immune-system	none	none	passed
ENCFF212OOA	ENCFF212OOA	ENCSR171APM	ENCSR102OSF	ChromBPNet	sequence motifs instances	bigBed	DNase-seq	none	activated-CD8-positive,-alpha-beta-memory-T-cell	t-cell	immune	immune-system	none	none	passed
ENCFF217KBH	ENCFF217KBH	ENCSR951MYM	ENCSR955CKY	ChromBPNet	sequence motifs instances	bigBed	DNase-seq	none	activated-CD8-positive,-alpha-beta-memory-T-cell	t-cell	immune	immune-system	none	none	passed
ENCFF291TRU	ENCFF291TRU	ENCSR141RSN	ENCSR645BWU	ChromBPNet	sequence motifs instances	bigBed	DNase-seq	none	activated-CD8-positive,-alpha-beta-memory-T-cell	t-cell	immune	immune-system	none	none	passed
ENCFF314YMX	ENCFF314YMX	ENCSR534OJE	ENCSR014DCO	ChromBPNet	sequence motifs instances	bigBed	DNase-seq	none	activated-CD8-positive,-alpha-beta-memory-T-cell	t-cell	immune	immune-system	none	none	passed
ENCFF464PZV	ENCFF464PZV	ENCSR950YTI	ENCSR234XNV	ChromBPNet	sequence motifs instances	bigBed	DNase-seq	none	activated-CD8-positive,-alpha-beta-memory-T-cell	t-cell	immune	immune-system	none	none	passed
ENCFF589RZK	ENCFF589RZK	ENCSR175OHT	ENCSR282COW	ChromBPNet	sequence motifs instances	bigBed	DNase-seq	none	activated-CD8-positive,-alpha-beta-memory-T-cell	t-cell	immune	immune-system	none	none	passed
ENCFF617KIJ	ENCFF617KIJ	ENCSR933VOY	ENCSR821ABU	ChromBPNet	sequence motifs instances	bigBed	DNase-seq	none	activated-CD8-positive,-alpha-beta-memory-T-cell	t-cell	immune	immune-system	none	none	passed
ENCFF747MHM	ENCFF747MHM	ENCSR860IDO	ENCSR145FGL	ChromBPNet	sequence motifs instances	bigBed	DNase-seq	none	activated-CD8-positive,-alpha-beta-memory-T-cell	t-cell	immune	immune-system	none	none	passed
ENCFF752WNO	ENCFF752WNO	ENCSR442SDV	ENCSR696EMG	ChromBPNet	sequence motifs instances	bigBed	DNase-seq	none	activated-CD8-positive,-alpha-beta-memory-T-cell	t-cell	immune	immune-system	none	none	passed
ENCFF775IZT	ENCFF775IZT	ENCSR274XTS	ENCSR839SCD	ChromBPNet	sequence motifs instances	bigBed	DNase-seq	none	activated-CD8-positive,-alpha-beta-memory-T-cell	t-cell	immune	immune-system	none	none	passed
ENCFF980JCM	ENCFF980JCM	ENCSR134CIY	ENCSR741OGV	ChromBPNet	sequence motifs instances	bigBed	DNase-seq	none	activated-CD8-positive,-alpha-beta-memory-T-cell	t-cell	immune	immune-system	none	none	passed
ENCFF042MEF	ENCFF042MEF	ENCSR830ALP	ENCSR657WDG	ChromBPNet	sequence motifs instances	bigBed	ATAC-seq	none	activated-T-cell	t-cell	immune	immune-system	none	none	passed
ENCFF188CRA	ENCFF188CRA	ENCSR993XED	ENCSR658XDN	ChromBPNet	sequence motifs instances	bigBed	ATAC-seq	none	activated-T-cell	t-cell	immune	immune-system	none	none	passed
ENCFF218BDL	ENCFF218BDL	ENCSR092SRS	ENCSR586AZX	ChromBPNet	sequence motifs instances	bigBed	ATAC-seq	none	activated-T-cell	t-cell	immune	immune-system	none	none	passed
ENCFF234HCK	ENCFF234HCK	ENCSR411NFB	ENCSR958JWD	ChromBPNet	sequence motifs instances	bigBed	ATAC-seq	none	activated-T-cell	t-cell	immune	immune-system	none	none	passed
ENCFF286ZGR	ENCFF286ZGR	ENCSR775KMA	ENCSR281IMH	ChromBPNet	sequence motifs instances	bigBed	ATAC-seq	none	activated-T-cell	t-cell	immune	immune-system	none	none	passed
ENCFF517CEE	ENCFF517CEE	ENCSR558ZSN	ENCSR559GAM	ChromBPNet	sequence motifs instances	bigBed	ATAC-seq	none	activated-T-cell	t-cell	immune	immune-system	none	none	passed
ENCFF015DEP	ENCFF015DEP	ENCSR660FSU	ENCSR779VYF	ChromBPNet	sequence motifs instances	bigBed	DNase-seq	none	activated-T-cell	t-cell	immune	immune-system	none	none	passed
ENCFF044TWC	ENCFF044TWC	ENCSR810CTB	ENCSR711QEP	ChromBPNet	sequence motifs instances	bigBed	DNase-seq	none	activated-T-cell	t-cell	immune	immune-system	none	none	passed
ENCFF097KQH	ENCFF097KQH	ENCSR303JDG	ENCSR912VHI	ChromBPNet	sequence motifs instances	bigBed	DNase-seq	none	activated-T-cell	t-cell	immune	immune-system	none	none	passed
ENCFF154PMI	ENCFF154PMI	ENCSR219KTW	ENCSR431GRV	ChromBPNet	sequence motifs instances	bigBed	DNase-seq	none	activated-T-cell	t-cell	immune	immune-system	none	none	passed
ENCFF204NZC	ENCFF204NZC	ENCSR312INU	ENCSR221IMW	ChromBPNet	sequence motifs instances	bigBed	DNase-seq	none	activated-T-cell	t-cell	immune	immune-system	none	none	passed
ENCFF387VFK	ENCFF387VFK	ENCSR617NTY	ENCSR122JYD	ChromBPNet	sequence motifs instances	bigBed	DNase-seq	none	activated-T-cell	t-cell	immune	immune-system	none	none	passed
ENCFF573UWM	ENCFF573UWM	ENCSR466SUZ	ENCSR248QWZ	ChromBPNet	sequence motifs instances	bigBed	DNase-seq	none	activated-T-cell	t-cell	immune	immune-system	none	none	passed
ENCFF614SMW	ENCFF614SMW	ENCSR273GCF	ENCSR753AZU	ChromBPNet	sequence motifs instances	bigBed	DNase-seq	none	activated-T-cell	t-cell	immune	immune-system	none	none	passed
ENCFF685NKY	ENCFF685NKY	ENCSR771JQH	ENCSR673OVY	ChromBPNet	sequence motifs instances	bigBed	DNase-seq	none	activated-T-cell	t-cell	immune	immune-system	none	none	passed
ENCFF740XGW	ENCFF740XGW	ENCSR416QNA	ENCSR204XYH	ChromBPNet	sequence motifs instances	bigBed	DNase-seq	none	activated-T-cell	t-cell	immune	immune-system	none	none	passed
ENCFF831CZZ	ENCFF831CZZ	ENCSR038POV	ENCSR165ZRY	ChromBPNet	sequence motifs instances	bigBed	DNase-seq	none	activated-T-cell	t-cell	immune	immune-system	none	none	passed
ENCFF876YOY	ENCFF876YOY	ENCSR343MCI	ENCSR385FDN	ChromBPNet	sequence motifs instances	bigBed	DNase-seq	none	activated-T-cell	t-cell	immune	immune-system	none	none	passed
ENCFF884YQK	ENCFF884YQK	ENCSR223KKX	ENCSR024GLL	ChromBPNet	sequence motifs instances	bigBed	DNase-seq	none	activated-T-cell	t-cell	immune	immune-system	none	none	passed
ENCFF147NJP	ENCFF147NJP	ENCSR636DIR	ENCSR025USQ	ChromBPNet	sequence motifs instances	bigBed	DNase-seq	none	activated-T-helper-1-cell	t-helper	immune	immune-system	none	none	passed
ENCFF149JLH	ENCFF149JLH	ENCSR115OIV	ENCSR643BHE	ChromBPNet	sequence motifs instances	bigBed	ATAC-seq	none	activated-T-helper-17-cell	t-helper	immune	immune-system	none	none	passed
ENCFF020LZC	ENCFF020LZC	ENCSR780ABS	ENCSR165GRK	ChromBPNet	sequence motifs instances	bigBed	DNase-seq	none	activated-T-helper-2-cell	t-helper	immune	immune-system	none	none	passed
ENCFF153DLL	ENCFF153DLL	ENCSR174SUM	ENCSR982XXE	ChromBPNet	sequence motifs instances	bigBed	ATAC-seq	none	activated-naive-CD4-positive,-alpha-beta-T-cell	t-cell	immune	immune-system	none	none	passed
ENCFF603VEC	ENCFF603VEC	ENCSR373NFA	ENCSR572FSB	ChromBPNet	sequence motifs instances	bigBed	ATAC-seq	none	activated-naive-CD4-positive,-alpha-beta-T-cell	t-cell	immune	immune-system	none	none	passed
ENCFF165JXY	ENCFF165JXY	ENCSR396EWH	ENCSR031MEP	ChromBPNet	sequence motifs instances	bigBed	DNase-seq	none	activated-naive-CD4-positive,-alpha-beta-T-cell	t-cell	immune	immune-system	none	none	passed
ENCFF175LKC	ENCFF175LKC	ENCSR478SWA	ENCSR789FJA	ChromBPNet	sequence motifs instances	bigBed	DNase-seq	none	activated-naive-CD4-positive,-alpha-beta-T-cell	t-cell	immune	immune-system	none	none	passed
ENCFF496EDZ	ENCFF496EDZ	ENCSR515PDV	ENCSR836WUG	ChromBPNet	sequence motifs instances	bigBed	DNase-seq	none	activated-naive-CD4-positive,-alpha-beta-T-cell	t-cell	immune	immune-system	none	none	passed
ENCFF824KJK	ENCFF824KJK	ENCSR386BOX	ENCSR976MJM	ChromBPNet	sequence motifs instances	bigBed	DNase-seq	none	activated-naive-CD4-positive,-alpha-beta-T-cell	t-cell	immune	immune-system	none	none	passed
ENCFF827ROD	ENCFF827ROD	ENCSR100OSB	ENCSR549FXP	ChromBPNet	sequence motifs instances	bigBed	DNase-seq	none	activated-naive-CD4-positive,-alpha-beta-T-cell	t-cell	immune	immune-system	none	none	passed
ENCFF858HGF	ENCFF858HGF	ENCSR593OUE	ENCSR755EAD	ChromBPNet	sequence motifs instances	bigBed	DNase-seq	none	activated-naive-CD4-positive,-alpha-beta-T-cell	t-cell	immune	immune-system	none	none	passed
ENCFF902GYK	ENCFF902GYK	ENCSR778DWG	ENCSR872HWV	ChromBPNet	sequence motifs instances	bigBed	DNase-seq	none	activated-naive-CD4-positive,-alpha-beta-T-cell	t-cell	immune	immune-system	none	none	passed
ENCFF456AGI	ENCFF456AGI	ENCSR983HXF	ENCSR772JLL	ChromBPNet	sequence motifs instances	bigBed	ATAC-seq	none	activated-naive-CD8-positive,-alpha-beta-T-cell	t-cell	immune	immune-system	none	none	passed
ENCFF798CTV	ENCFF798CTV	ENCSR477YSU	ENCSR405VMI	ChromBPNet	sequence motifs instances	bigBed	ATAC-seq	none	activated-naive-CD8-positive,-alpha-beta-T-cell	t-cell	immune	immune-system	none	none	passed
ENCFF549KJC	ENCFF549KJC	ENCSR009MDC	ENCSR794YME	ChromBPNet	sequence motifs instances	bigBed	DNase-seq	none	activated-naive-CD8-positive,-alpha-beta-T-cell	t-cell	immune	immune-system	none	none	passed
ENCFF644YRJ	ENCFF644YRJ	ENCSR044JIR	ENCSR246MCM	ChromBPNet	sequence motifs instances	bigBed	DNase-seq	none	activated-naive-CD8-positive,-alpha-beta-T-cell	t-cell	immune	immune-system	none	none	passed
ENCFF766MRN	ENCFF766MRN	ENCSR518YYX	ENCSR900QIE	ChromBPNet	sequence motifs instances	bigBed	DNase-seq	none	activated-naive-CD8-positive,-alpha-beta-T-cell	t-cell	immune	immune-system	none	none	passed
ENCFF781WPO	ENCFF781WPO	ENCSR572HUG	ENCSR608HZF	ChromBPNet	sequence motifs instances	bigBed	DNase-seq	none	activated-naive-CD8-positive,-alpha-beta-T-cell	t-cell	immune	immune-system	none	none	passed
ENCFF007XTZ	ENCFF007XTZ	ENCSR405TXU	ENCSR264LKG	ChromBPNet	sequence motifs instances	bigBed	DNase-seq	none	adipocyte	adipocyte	skin	integumental-system	none	none	passed
ENCFF072SRS	ENCFF072SRS	ENCSR414DVK	ENCSR547VLW	ChromBPNet	sequence motifs instances	bigBed	ATAC-seq	none	adrenal-gland	renal	kidney	excretory-system	none	none	passed
ENCFF142QHU	ENCFF142QHU	ENCSR113MBR	ENCSR086JKR	ChromBPNet	sequence motifs instances	bigBed	ATAC-seq	none	adrenal-gland	renal	kidney	excretory-system	none	none	passed
ENCFF181FAK	ENCFF181FAK	ENCSR548KIL	ENCSR581CTF	ChromBPNet	sequence motifs instances	bigBed	ATAC-seq	none	adrenal-gland	renal	kidney	excretory-system	none	none	passed
ENCFF182RNV	ENCFF182RNV	ENCSR542RNG	ENCSR594HLA	ChromBPNet	sequence motifs instances	bigBed	ATAC-seq	none	adrenal-gland	renal	kidney	excretory-system	none	none	passed
ENCFF264ZDS	ENCFF264ZDS	ENCSR864ADD	ENCSR335XYY	ChromBPNet	sequence motifs instances	bigBed	ATAC-seq	none	adrenal-gland	renal	kidney	excretory-system	none	none	passed
ENCFF366DSI	ENCFF366DSI	ENCSR553LAZ	ENCSR906OGG	ChromBPNet	sequence motifs instances	bigBed	ATAC-seq	none	adrenal-gland	renal	kidney	excretory-system	none	none	passed
ENCFF586ZAL	ENCFF586ZAL	ENCSR241OBO	ENCSR371OUD	ChromBPNet	sequence motifs instances	bigBed	ATAC-seq	none	adrenal-gland	renal	kidney	excretory-system	none	none	passed
ENCFF746BLG	ENCFF746BLG	ENCSR651SOJ	ENCSR256SRN	ChromBPNet	sequence motifs instances	bigBed	ATAC-seq	none	adrenal-gland	renal	kidney	excretory-system	none	none	passed
ENCFF024ABV	ENCFF024ABV	ENCSR458AOS	ENCSR682XOG	ChromBPNet	sequence motifs instances	bigBed	DNase-seq	none	adrenal-gland	renal	kidney	excretory-system	none	none	passed
ENCFF032FVY	ENCFF032FVY	ENCSR696XSJ	ENCSR588WNH	ChromBPNet	sequence motifs instances	bigBed	DNase-seq	none	adrenal-gland	renal	kidney	excretory-system	none	none	passed
ENCFF170EGU	ENCFF170EGU	ENCSR856QJX	ENCSR879UIA	ChromBPNet	sequence motifs instances	bigBed	DNase-seq	none	adrenal-gland	renal	kidney	excretory-system	none	none	passed
ENCFF259MLY	ENCFF259MLY	ENCSR080PZL	ENCSR362GHU	ChromBPNet	sequence motifs instances	bigBed	DNase-seq	none	adrenal-gland	renal	kidney	excretory-system	none	none	passed
ENCFF274WKC	ENCFF274WKC	ENCSR053ZKP	ENCSR967OBH	ChromBPNet	sequence motifs instances	bigBed	DNase-seq	none	adrenal-gland	renal	kidney	excretory-system	none	none	passed
ENCFF305AJX	ENCFF305AJX	ENCSR060BFU	ENCSR430YSE	ChromBPNet	sequence motifs instances	bigBed	DNase-seq	none	adrenal-gland	renal	kidney	excretory-system	none	none	passed
ENCFF315YZF	ENCFF315YZF	ENCSR962VJO	ENCSR810FNZ	ChromBPNet	sequence motifs instances	bigBed	DNase-seq	none	adrenal-gland	renal	kidney	excretory-system	none	none	passed
ENCFF418PQV	ENCFF418PQV	ENCSR277KRY	ENCSR167VCE	ChromBPNet	sequence motifs instances	bigBed	DNase-seq	none	adrenal-gland	renal	kidney	excretory-system	none	none	passed
ENCFF527QGA	ENCFF527QGA	ENCSR325FWM	ENCSR929GDD	ChromBPNet	sequence motifs instances	bigBed	DNase-seq	none	adrenal-gland	renal	kidney	excretory-system	none	none	passed
ENCFF627QQC	ENCFF627QQC	ENCSR728BAD	ENCSR315ADW	ChromBPNet	sequence motifs instances	bigBed	DNase-seq	none	adrenal-gland	renal	kidney	excretory-system	none	none	passed
ENCFF662BMP	ENCFF662BMP	ENCSR866RCY	ENCSR648APH	ChromBPNet	sequence motifs instances	bigBed	DNase-seq	none	adrenal-gland	renal	kidney	excretory-system	none	none	passed
ENCFF679YRW	ENCFF679YRW	ENCSR419MZH	ENCSR892BZF	ChromBPNet	sequence motifs instances	bigBed	DNase-seq	none	adrenal-gland	renal	kidney	excretory-system	none	none	passed
ENCFF780UWE	ENCFF780UWE	ENCSR259GYP	ENCSR786XHR	ChromBPNet	sequence motifs instances	bigBed	DNase-seq	none	adrenal-gland	renal	kidney	excretory-system	none	none	passed
ENCFF907MZC	ENCFF907MZC	ENCSR541JMK	ENCSR210OQR	ChromBPNet	sequence motifs instances	bigBed	DNase-seq	none	adrenal-gland	renal	kidney	excretory-system	none	none	passed
ENCFF248VYS	ENCFF248VYS	ENCSR207TUX	ENCSR010APK	ChromBPNet	sequence motifs instances	bigBed	DNase-seq	none	amniotic-stem-cell	stem-cell	stem-cell	developmental-system	none	none	passed
ENCFF102ZSL	ENCFF102ZSL	ENCSR295TFY	ENCSR757IZS	ChromBPNet	sequence motifs instances	bigBed	ATAC-seq	none	aorta	aorta	blood-vessel	circulatory-system	none	none	passed
ENCFF438IFR	ENCFF438IFR	ENCSR595DQM	ENCSR306FXM	ChromBPNet	sequence motifs instances	bigBed	DNase-seq	none	aorta	aorta	blood-vessel	circulatory-system	none	none	passed
ENCFF443ZST	ENCFF443ZST	ENCSR713KNQ	ENCSR022DFT	ChromBPNet	sequence motifs instances	bigBed	DNase-seq	none	aorta	aorta	blood-vessel	circulatory-system	none	none	passed
ENCFF219FLU	ENCFF219FLU	ENCSR422IIZ	ENCSR041YVR	ChromBPNet	sequence motifs instances	bigBed	DNase-seq	none	ascending-aorta	aorta	blood-vessel	circulatory-system	none	none	passed
ENCFF798YHA	ENCFF798YHA	ENCSR968TPO	ENCSR635FUD	ChromBPNet	sequence motifs instances	bigBed	DNase-seq	none	ascending-aorta	aorta	blood-vessel	circulatory-system	none	none	passed
ENCFF599GDW	ENCFF599GDW	ENCSR146KFX	ENCSR997CWD	ChromBPNet	sequence motifs instances	bigBed	DNase-seq	none	astrocyte	astrocyte	nerve	central-nervous-system	none	none	passed
ENCFF713APD	ENCFF713APD	ENCSR000EPM	ENCSR840BKO	ChromBPNet	sequence motifs instances	bigBed	DNase-seq	none	astrocyte	astrocyte	nerve	central-nervous-system	none	none	passed
ENCFF488UPI	ENCFF488UPI	ENCSR000ENC	ENCSR448SEA	ChromBPNet	sequence motifs instances	bigBed	DNase-seq	none	astrocyte-of-the-cerebellum	cerebell	brain	central-nervous-system	none	none	passed
ENCFF101GMV	ENCFF101GMV	ENCSR000ENA	ENCSR420HYN	ChromBPNet	sequence motifs instances	bigBed	DNase-seq	none	astrocyte-of-the-hippocampus	hippocampus	brain	central-nervous-system	none	none	passed
ENCFF640RQA	ENCFF640RQA	ENCSR000ENB	ENCSR850BLY	ChromBPNet	sequence motifs instances	bigBed	DNase-seq	none	astrocyte-of-the-spinal-cord	spinal	CNS	central-nervous-system	none	none	passed
ENCFF074KPV	ENCFF074KPV	ENCSR174MLD	ENCSR052YOP	ChromBPNet	sequence motifs instances	bigBed	ATAC-seq	none	bile-duct	bile	gallbladder	digestive-system	none	none	passed
ENCFF160USO	ENCFF160USO	ENCSR325NFE	ENCSR983ILK	ChromBPNet	sequence motifs instances	bigBed	ATAC-seq	none	bile-duct	bile	gallbladder	digestive-system	none	none	passed
ENCFF724OAH	ENCFF724OAH	ENCSR653ZWW	ENCSR545REK	ChromBPNet	sequence motifs instances	bigBed	ATAC-seq	none	bile-duct	bile	gallbladder	digestive-system	none	none	passed
ENCFF254NMW	ENCFF254NMW	ENCSR152PSA	ENCSR907MIU	ChromBPNet	sequence motifs instances	bigBed	ATAC-seq	none	body-of-pancreas	pancreas	pancreas	digestive-system	none	none	passed
ENCFF677JEP	ENCFF677JEP	ENCSR773USD	ENCSR175MRS	ChromBPNet	sequence motifs instances	bigBed	ATAC-seq	none	body-of-pancreas	pancreas	pancreas	digestive-system	none	none	passed
ENCFF717AKC	ENCFF717AKC	ENCSR765MXG	ENCSR044DSU	ChromBPNet	sequence motifs instances	bigBed	ATAC-seq	none	body-of-pancreas	pancreas	pancreas	digestive-system	none	none	passed
ENCFF762HHH	ENCFF762HHH	ENCSR515CDW	ENCSR512UQA	ChromBPNet	sequence motifs instances	bigBed	ATAC-seq	none	body-of-pancreas	pancreas	pancreas	digestive-system	none	none	passed
ENCFF076IPF	ENCFF076IPF	ENCSR405YLV	ENCSR186WEO	ChromBPNet	sequence motifs instances	bigBed	DNase-seq	none	body-of-pancreas	pancreas	pancreas	digestive-system	none	none	passed
ENCFF253SQN	ENCFF253SQN	ENCSR828FVZ	ENCSR168TWU	ChromBPNet	sequence motifs instances	bigBed	DNase-seq	none	body-of-pancreas	pancreas	pancreas	digestive-system	none	none	passed
ENCFF944DHN	ENCFF944DHN	ENCSR464TKV	ENCSR790UKO	ChromBPNet	sequence motifs instances	bigBed	DNase-seq	none	body-of-pancreas	pancreas	pancreas	digestive-system	none	none	passed
ENCFF967KWS	ENCFF967KWS	ENCSR539WBA	ENCSR355YJZ	ChromBPNet	sequence motifs instances	bigBed	DNase-seq	none	body-of-pancreas	pancreas	pancreas	digestive-system	none	none	passed
ENCFF072JQP	ENCFF072JQP	ENCSR187PYY	ENCSR945HCY	ChromBPNet	sequence motifs instances	bigBed	DNase-seq	none	brain	brain	brain	central-nervous-system	none	none	passed
ENCFF124DCQ	ENCFF124DCQ	ENCSR595CSH	ENCSR113JAA	ChromBPNet	sequence motifs instances	bigBed	DNase-seq	none	brain	brain	brain	central-nervous-system	none	none	passed
ENCFF301CIV	ENCFF301CIV	ENCSR572LDG	ENCSR403LFF	ChromBPNet	sequence motifs instances	bigBed	DNase-seq	none	brain	brain	brain	central-nervous-system	none	none	passed
ENCFF356LNX	ENCFF356LNX	ENCSR309FOO	ENCSR233IXC	ChromBPNet	sequence motifs instances	bigBed	DNase-seq	none	brain	brain	brain	central-nervous-system	none	none	passed
ENCFF366JOU	ENCFF366JOU	ENCSR026EOM	ENCSR835QBO	ChromBPNet	sequence motifs instances	bigBed	DNase-seq	none	brain	brain	brain	central-nervous-system	none	none	passed
ENCFF644OHI	ENCFF644OHI	ENCSR820XRX	ENCSR242KXL	ChromBPNet	sequence motifs instances	bigBed	DNase-seq	none	brain	brain	brain	central-nervous-system	none	none	passed
ENCFF704GYV	ENCFF704GYV	ENCSR344FLH	ENCSR993KJR	ChromBPNet	sequence motifs instances	bigBed	DNase-seq	none	brain	brain	brain	central-nervous-system	none	none	passed
ENCFF751OAR	ENCFF751OAR	ENCSR947POC	ENCSR089PXQ	ChromBPNet	sequence motifs instances	bigBed	DNase-seq	none	brain	brain	brain	central-nervous-system	none	none	passed
ENCFF795JMJ	ENCFF795JMJ	ENCSR118WIQ	ENCSR209CVI	ChromBPNet	sequence motifs instances	bigBed	DNase-seq	none	brain	brain	brain	central-nervous-system	none	none	passed
ENCFF803VNM	ENCFF803VNM	ENCSR330JXM	ENCSR192ORZ	ChromBPNet	sequence motifs instances	bigBed	DNase-seq	none	brain	brain	brain	central-nervous-system	none	none	passed
ENCFF829RGZ	ENCFF829RGZ	ENCSR475VQD	ENCSR893WKR	ChromBPNet	sequence motifs instances	bigBed	DNase-seq	none	brain	brain	brain	central-nervous-system	none	none	passed
ENCFF832DEL	ENCFF832DEL	ENCSR420RWU	ENCSR211QSL	ChromBPNet	sequence motifs instances	bigBed	DNase-seq	none	brain	brain	brain	central-nervous-system	none	none	passed
ENCFF839EOY	ENCFF839EOY	ENCSR507GFJ	ENCSR439LTF	ChromBPNet	sequence motifs instances	bigBed	DNase-seq	none	brain	brain	brain	central-nervous-system	none	none	passed
ENCFF397GAH	ENCFF397GAH	ENCSR000ENE	ENCSR323JJT	ChromBPNet	sequence motifs instances	bigBed	DNase-seq	none	brain-microvascular-endothelial-cell	brain	brain	central-nervous-system	none	none	passed
ENCFF900BIT	ENCFF900BIT	ENCSR000ENF	ENCSR630WHT	ChromBPNet	sequence motifs instances	bigBed	DNase-seq	none	brain-pericyte	brain	brain	central-nervous-system	none	none	passed
ENCFF068RVX	ENCFF068RVX	ENCSR955JSO	ENCSR710ZXE	ChromBPNet	sequence motifs instances	bigBed	ATAC-seq	none	breast-epithelium	breast	breast	integumental-system	none	none	passed
ENCFF082RKG	ENCFF082RKG	ENCSR654UYP	ENCSR930HKW	ChromBPNet	sequence motifs instances	bigBed	ATAC-seq	none	breast-epithelium	breast	breast	integumental-system	none	none	passed
ENCFF605FJP	ENCFF605FJP	ENCSR846ZBX	ENCSR412FNW	ChromBPNet	sequence motifs instances	bigBed	ATAC-seq	none	breast-epithelium	breast	breast	integumental-system	none	none	passed
ENCFF720OVV	ENCFF720OVV	ENCSR859LTL	ENCSR602TUI	ChromBPNet	sequence motifs instances	bigBed	DNase-seq	none	breast-epithelium	breast	breast	integumental-system	none	none	passed
ENCFF525LCS	ENCFF525LCS	ENCSR856NXV	ENCSR933BIZ	ChromBPNet	sequence motifs instances	bigBed	DNase-seq	none	cardiac-fibroblast	fibroblast	fibroblast	integumental-system	none	none	passed
ENCFF695ULA	ENCFF695ULA	ENCSR000ENI	ENCSR713VSO	ChromBPNet	sequence motifs instances	bigBed	DNase-seq	none	cardiac-fibroblast	fibroblast	fibroblast	integumental-system	none	none	passed
ENCFF826QAA	ENCFF826QAA	ENCSR842KCP	ENCSR293JHJ	ChromBPNet	sequence motifs instances	bigBed	DNase-seq	none	cardiac-muscle-cell	muscle	muscle	musculature	none	none	passed
ENCFF815VIB	ENCFF815VIB	ENCSR167SYF	ENCSR130CJC	ChromBPNet	sequence motifs instances	bigBed	ATAC-seq	none	cardiac-septum	cardiac	heart	circulatory-system	none	none	passed
ENCFF572WCV	ENCFF572WCV	ENCSR524QBS	ENCSR336YZW	ChromBPNet	sequence motifs instances	bigBed	DNase-seq	none	cardiac-septum	cardiac	heart	circulatory-system	none	none	passed
ENCFF013RCU	ENCFF013RCU	ENCSR015BGH	ENCSR535UXH	ChromBPNet	sequence motifs instances	bigBed	DNase-seq	none	caudate-nucleus	caudate	brain	central-nervous-system	none	none	passed
ENCFF261MDG	ENCFF261MDG	ENCSR165FYY	ENCSR017RWH	ChromBPNet	sequence motifs instances	bigBed	ATAC-seq	none	central-memory-CD8-positive,-alpha-beta-T-cell	t-cell	immune	immune-system	none	none	passed
ENCFF447GKU	ENCFF447GKU	ENCSR503HIB	ENCSR392HTQ	ChromBPNet	sequence motifs instances	bigBed	DNase-seq	none	cerebellar-cortex	cerebell	brain	central-nervous-system	none	none	passed
ENCFF831GZK	ENCFF831GZK	ENCSR802GEV	ENCSR660JXI	ChromBPNet	sequence motifs instances	bigBed	ATAC-seq	none	cerebellum	cerebell	brain	central-nervous-system	none	none	passed
ENCFF668BGN	ENCFF668BGN	ENCSR970UNF	ENCSR425JQH	ChromBPNet	sequence motifs instances	bigBed	ATAC-seq	none	colonic-mucosa	colon	large-intestine	digestive-system	none	none	passed
ENCFF328GAR	ENCFF328GAR	ENCSR994KTY	ENCSR049DXG	ChromBPNet	sequence motifs instances	bigBed	DNase-seq	none	colonic-mucosa	colon	large-intestine	digestive-system	none	none	passed
ENCFF522REN	ENCFF522REN	ENCSR576UAF	ENCSR235RGV	ChromBPNet	sequence motifs instances	bigBed	DNase-seq	none	colonic-mucosa	colon	large-intestine	digestive-system	none	none	passed
ENCFF077NQZ	ENCFF077NQZ	ENCSR639ZJI	ENCSR259LWN	ChromBPNet	sequence motifs instances	bigBed	DNase-seq	none	common-myeloid-progenitor,-CD34-positive	cd	immune	immune-system	none	none	passed
ENCFF090CAU	ENCFF090CAU	ENCSR735BIM	ENCSR880XSD	ChromBPNet	sequence motifs instances	bigBed	DNase-seq	none	common-myeloid-progenitor,-CD34-positive	cd	immune	immune-system	none	none	passed
ENCFF256JOR	ENCFF256JOR	ENCSR281HBB	ENCSR324XWQ	ChromBPNet	sequence motifs instances	bigBed	DNase-seq	none	common-myeloid-progenitor,-CD34-positive	cd	immune	immune-system	none	none	passed
ENCFF294ISF	ENCFF294ISF	ENCSR495INQ	ENCSR343SBB	ChromBPNet	sequence motifs instances	bigBed	DNase-seq	none	common-myeloid-progenitor,-CD34-positive	cd	immune	immune-system	none	none	passed
ENCFF318MUM	ENCFF318MUM	ENCSR453EVC	ENCSR331SRC	ChromBPNet	sequence motifs instances	bigBed	DNase-seq	none	common-myeloid-progenitor,-CD34-positive	cd	immune	immune-system	none	none	passed
ENCFF345ZFC	ENCFF345ZFC	ENCSR564TUY	ENCSR600JMG	ChromBPNet	sequence motifs instances	bigBed	DNase-seq	none	common-myeloid-progenitor,-CD34-positive	cd	immune	immune-system	none	none	passed
ENCFF387WIZ	ENCFF387WIZ	ENCSR320TUJ	ENCSR844LSP	ChromBPNet	sequence motifs instances	bigBed	DNase-seq	none	common-myeloid-progenitor,-CD34-positive	cd	immune	immune-system	none	none	passed
ENCFF585CPI	ENCFF585CPI	ENCSR772HUG	ENCSR941WQE	ChromBPNet	sequence motifs instances	bigBed	DNase-seq	none	common-myeloid-progenitor,-CD34-positive	cd	immune	immune-system	none	none	passed
ENCFF617MRM	ENCFF617MRM	ENCSR191EII	ENCSR120EUO	ChromBPNet	sequence motifs instances	bigBed	DNase-seq	none	common-myeloid-progenitor,-CD34-positive	cd	immune	immune-system	none	none	passed
ENCFF650XRV	ENCFF650XRV	ENCSR122VUW	ENCSR785ONZ	ChromBPNet	sequence motifs instances	bigBed	DNase-seq	none	common-myeloid-progenitor,-CD34-positive	cd	immune	immune-system	none	none	passed
ENCFF929ELK	ENCFF929ELK	ENCSR271QSV	ENCSR728PKQ	ChromBPNet	sequence motifs instances	bigBed	DNase-seq	none	common-myeloid-progenitor,-CD34-positive	cd	immune	immune-system	none	none	passed
ENCFF688LZR	ENCFF688LZR	ENCSR584AXZ	ENCSR267ORB	ChromBPNet	sequence motifs instances	bigBed	ATAC-seq	none	coronary-artery	artery	blood-vessel	circulatory-system	none	none	passed
ENCFF173XNM	ENCFF173XNM	ENCSR820WLP	ENCSR001WKX	ChromBPNet	sequence motifs instances	bigBed	DNase-seq	none	dedifferentiated-amniotic-fluid-mesenchymal-stem-cell	stem-cell	stem-cell	developmental-system	none	none	passed
ENCFF040KKX	ENCFF040KKX	ENCSR904UKR	ENCSR337TNB	ChromBPNet	sequence motifs instances	bigBed	ATAC-seq	none	dendritic-cell	dendritic	immune	immune-system	none	none	passed
ENCFF042XAV	ENCFF042XAV	ENCSR370QWN	ENCSR602OYM	ChromBPNet	sequence motifs instances	bigBed	ATAC-seq	none	dendritic-cell	dendritic	immune	immune-system	none	none	passed
ENCFF075EFC	ENCFF075EFC	ENCSR679NRJ	ENCSR835SKI	ChromBPNet	sequence motifs instances	bigBed	ATAC-seq	none	dendritic-cell	dendritic	immune	immune-system	none	none	passed
ENCFF125LTR	ENCFF125LTR	ENCSR059IHA	ENCSR383KJB	ChromBPNet	sequence motifs instances	bigBed	ATAC-seq	none	dendritic-cell	dendritic	immune	immune-system	none	none	passed
ENCFF134OAF	ENCFF134OAF	ENCSR926GDT	ENCSR861JCR	ChromBPNet	sequence motifs instances	bigBed	ATAC-seq	none	dendritic-cell	dendritic	immune	immune-system	none	none	passed
ENCFF147YRP	ENCFF147YRP	ENCSR566LZT	ENCSR818WFA	ChromBPNet	sequence motifs instances	bigBed	ATAC-seq	none	dendritic-cell	dendritic	immune	immune-system	none	none	passed
ENCFF209IHO	ENCFF209IHO	ENCSR535NOD	ENCSR744ZJP	ChromBPNet	sequence motifs instances	bigBed	ATAC-seq	none	dendritic-cell	dendritic	immune	immune-system	none	none	passed
ENCFF214EEB	ENCFF214EEB	ENCSR208NBF	ENCSR842VHJ	ChromBPNet	sequence motifs instances	bigBed	ATAC-seq	none	dendritic-cell	dendritic	immune	immune-system	none	none	passed
ENCFF256TUB	ENCFF256TUB	ENCSR156FDX	ENCSR775URO	ChromBPNet	sequence motifs instances	bigBed	ATAC-seq	none	dendritic-cell	dendritic	immune	immune-system	none	none	passed
ENCFF257OAB	ENCFF257OAB	ENCSR131CHJ	ENCSR720OXB	ChromBPNet	sequence motifs instances	bigBed	ATAC-seq	none	dendritic-cell	dendritic	immune	immune-system	none	none	passed
ENCFF320YQJ	ENCFF320YQJ	ENCSR459AYS	ENCSR494NGO	ChromBPNet	sequence motifs instances	bigBed	ATAC-seq	none	dendritic-cell	dendritic	immune	immune-system	none	none	passed
ENCFF354FBL	ENCFF354FBL	ENCSR628SXX	ENCSR375CWA	ChromBPNet	sequence motifs instances	bigBed	ATAC-seq	none	dendritic-cell	dendritic	immune	immune-system	none	none	passed
ENCFF499CRB	ENCFF499CRB	ENCSR605EGR	ENCSR271FFV	ChromBPNet	sequence motifs instances	bigBed	ATAC-seq	none	dendritic-cell	dendritic	immune	immune-system	none	none	passed
ENCFF664LAK	ENCFF664LAK	ENCSR204FCV	ENCSR211DNX	ChromBPNet	sequence motifs instances	bigBed	ATAC-seq	none	dendritic-cell	dendritic	immune	immune-system	none	none	passed
ENCFF682CAW	ENCFF682CAW	ENCSR329XFZ	ENCSR005GZQ	ChromBPNet	sequence motifs instances	bigBed	ATAC-seq	none	dendritic-cell	dendritic	immune	immune-system	none	none	passed
ENCFF713VSH	ENCFF713VSH	ENCSR901IEQ	ENCSR955LBO	ChromBPNet	sequence motifs instances	bigBed	ATAC-seq	none	dendritic-cell	dendritic	immune	immune-system	none	none	passed
ENCFF729AEC	ENCFF729AEC	ENCSR290AUK	ENCSR930QQL	ChromBPNet	sequence motifs instances	bigBed	ATAC-seq	none	dendritic-cell	dendritic	immune	immune-system	none	none	passed
ENCFF748MRC	ENCFF748MRC	ENCSR926TFY	ENCSR657PZC	ChromBPNet	sequence motifs instances	bigBed	ATAC-seq	none	dendritic-cell	dendritic	immune	immune-system	none	none	passed
ENCFF785NPI	ENCFF785NPI	ENCSR222SCA	ENCSR026FFL	ChromBPNet	sequence motifs instances	bigBed	ATAC-seq	none	dendritic-cell	dendritic	immune	immune-system	none	none	passed
ENCFF788KIM	ENCFF788KIM	ENCSR940QJU	ENCSR966GIS	ChromBPNet	sequence motifs instances	bigBed	ATAC-seq	none	dendritic-cell	dendritic	immune	immune-system	none	none	passed
ENCFF856TOB	ENCFF856TOB	ENCSR589ROM	ENCSR146GBX	ChromBPNet	sequence motifs instances	bigBed	ATAC-seq	none	dendritic-cell	dendritic	immune	immune-system	none	none	passed
ENCFF939DWX	ENCFF939DWX	ENCSR648JJT	ENCSR261RRH	ChromBPNet	sequence motifs instances	bigBed	ATAC-seq	none	dendritic-cell	dendritic	immune	immune-system	none	none	passed
ENCFF961IWQ	ENCFF961IWQ	ENCSR237VSF	ENCSR201RNX	ChromBPNet	sequence motifs instances	bigBed	ATAC-seq	none	dendritic-cell	dendritic	immune	immune-system	none	none	passed
ENCFF965FRX	ENCFF965FRX	ENCSR544YXV	ENCSR447FVJ	ChromBPNet	sequence motifs instances	bigBed	ATAC-seq	none	dendritic-cell	dendritic	immune	immune-system	none	none	passed
ENCFF019MCP	ENCFF019MCP	ENCSR000ENY	ENCSR884VBU	ChromBPNet	sequence motifs instances	bigBed	DNase-seq	none	dermis-blood-vessel-endothelial-cell	blood	blood	circulatory-system	none	none	passed
ENCFF511REO	ENCFF511REO	ENCSR000ENZ	ENCSR221QDT	ChromBPNet	sequence motifs instances	bigBed	DNase-seq	none	dermis-blood-vessel-endothelial-cell	blood	blood	circulatory-system	none	none	passed
ENCFF878MWB	ENCFF878MWB	ENCSR000ENX	ENCSR911KKG	ChromBPNet	sequence motifs instances	bigBed	DNase-seq	none	dermis-blood-vessel-endothelial-cell	blood	blood	circulatory-system	none	none	passed
ENCFF350KRH	ENCFF350KRH	ENCSR000EOB	ENCSR980UZA	ChromBPNet	sequence motifs instances	bigBed	DNase-seq	none	dermis-microvascular-lymphatic-vessel-endothelial-cell	lymph	lymph	immune-system	none	none	passed
ENCFF814EHZ	ENCFF814EHZ	ENCSR000EOA	ENCSR778UOK	ChromBPNet	sequence motifs instances	bigBed	DNase-seq	none	dermis-microvascular-lymphatic-vessel-endothelial-cell	lymph	lymph	immune-system	none	none	passed
ENCFF005FRR	ENCFF005FRR	ENCSR832XVZ	ENCSR514NIZ	ChromBPNet	sequence motifs instances	bigBed	DNase-seq	none	dorsolateral-prefrontal-cortex	prefrontal	brain	central-nervous-system	none	none	passed
ENCFF017XQB	ENCFF017XQB	ENCSR749WVO	ENCSR780JVF	ChromBPNet	sequence motifs instances	bigBed	DNase-seq	none	dorsolateral-prefrontal-cortex	prefrontal	brain	central-nervous-system	none	none	passed
ENCFF038XQM	ENCFF038XQM	ENCSR498RLX	ENCSR261LIM	ChromBPNet	sequence motifs instances	bigBed	DNase-seq	none	dorsolateral-prefrontal-cortex	prefrontal	brain	central-nervous-system	none	none	passed
ENCFF135HDL	ENCFF135HDL	ENCSR839RAJ	ENCSR309NTI	ChromBPNet	sequence motifs instances	bigBed	DNase-seq	none	dorsolateral-prefrontal-cortex	prefrontal	brain	central-nervous-system	none	none	passed
ENCFF153ABA	ENCFF153ABA	ENCSR645HET	ENCSR131DAY	ChromBPNet	sequence motifs instances	bigBed	DNase-seq	none	dorsolateral-prefrontal-cortex	prefrontal	brain	central-nervous-system	none	none	passed
ENCFF159CIT	ENCFF159CIT	ENCSR805RJA	ENCSR022HSN	ChromBPNet	sequence motifs instances	bigBed	DNase-seq	none	dorsolateral-prefrontal-cortex	prefrontal	brain	central-nervous-system	none	none	passed
ENCFF159ZIQ	ENCFF159ZIQ	ENCSR210ESN	ENCSR626SYC	ChromBPNet	sequence motifs instances	bigBed	DNase-seq	none	dorsolateral-prefrontal-cortex	prefrontal	brain	central-nervous-system	none	none	passed
ENCFF168ZAJ	ENCFF168ZAJ	ENCSR401UZL	ENCSR187CII	ChromBPNet	sequence motifs instances	bigBed	DNase-seq	none	dorsolateral-prefrontal-cortex	prefrontal	brain	central-nervous-system	none	none	passed
ENCFF203KOZ	ENCFF203KOZ	ENCSR351FWN	ENCSR316BOA	ChromBPNet	sequence motifs instances	bigBed	DNase-seq	none	dorsolateral-prefrontal-cortex	prefrontal	brain	central-nervous-system	none	none	passed
ENCFF227HAV	ENCFF227HAV	ENCSR532DBH	ENCSR997KIT	ChromBPNet	sequence motifs instances	bigBed	DNase-seq	none	dorsolateral-prefrontal-cortex	prefrontal	brain	central-nervous-system	none	none	passed
ENCFF231OML	ENCFF231OML	ENCSR518WRP	ENCSR243NFZ	ChromBPNet	sequence motifs instances	bigBed	DNase-seq	none	dorsolateral-prefrontal-cortex	prefrontal	brain	central-nervous-system	none	none	passed
ENCFF239VOF	ENCFF239VOF	ENCSR606QDB	ENCSR834WHJ	ChromBPNet	sequence motifs instances	bigBed	DNase-seq	none	dorsolateral-prefrontal-cortex	prefrontal	brain	central-nervous-system	none	none	passed
ENCFF245WEM	ENCFF245WEM	ENCSR670BGI	ENCSR731MTZ	ChromBPNet	sequence motifs instances	bigBed	DNase-seq	none	dorsolateral-prefrontal-cortex	prefrontal	brain	central-nervous-system	none	none	passed
ENCFF251RUQ	ENCFF251RUQ	ENCSR811OUF	ENCSR682NOF	ChromBPNet	sequence motifs instances	bigBed	DNase-seq	none	dorsolateral-prefrontal-cortex	prefrontal	brain	central-nervous-system	none	none	passed
ENCFF265OQV	ENCFF265OQV	ENCSR571CJM	ENCSR262FCJ	ChromBPNet	sequence motifs instances	bigBed	DNase-seq	none	dorsolateral-prefrontal-cortex	prefrontal	brain	central-nervous-system	none	none	passed
ENCFF322DPP	ENCFF322DPP	ENCSR928PKL	ENCSR180LWS	ChromBPNet	sequence motifs instances	bigBed	DNase-seq	none	dorsolateral-prefrontal-cortex	prefrontal	brain	central-nervous-system	none	none	passed
ENCFF326VLM	ENCFF326VLM	ENCSR215DXT	ENCSR541ABF	ChromBPNet	sequence motifs instances	bigBed	DNase-seq	none	dorsolateral-prefrontal-cortex	prefrontal	brain	central-nervous-system	none	none	passed
ENCFF367YFU	ENCFF367YFU	ENCSR617SVO	ENCSR867GZJ	ChromBPNet	sequence motifs instances	bigBed	DNase-seq	none	dorsolateral-prefrontal-cortex	prefrontal	brain	central-nervous-system	none	none	passed
ENCFF379KXV	ENCFF379KXV	ENCSR490UQP	ENCSR154JQI	ChromBPNet	sequence motifs instances	bigBed	DNase-seq	none	dorsolateral-prefrontal-cortex	prefrontal	brain	central-nervous-system	none	none	passed
ENCFF420CKL	ENCFF420CKL	ENCSR022UVL	ENCSR405IYL	ChromBPNet	sequence motifs instances	bigBed	DNase-seq	none	dorsolateral-prefrontal-cortex	prefrontal	brain	central-nervous-system	none	none	passed
ENCFF430HEQ	ENCFF430HEQ	ENCSR796YOJ	ENCSR692SGA	ChromBPNet	sequence motifs instances	bigBed	DNase-seq	none	dorsolateral-prefrontal-cortex	prefrontal	brain	central-nervous-system	none	none	passed
ENCFF449JZR	ENCFF449JZR	ENCSR880CUB	ENCSR425DRZ	ChromBPNet	sequence motifs instances	bigBed	DNase-seq	none	dorsolateral-prefrontal-cortex	prefrontal	brain	central-nervous-system	none	none	passed
ENCFF453FHL	ENCFF453FHL	ENCSR014GTH	ENCSR794JFO	ChromBPNet	sequence motifs instances	bigBed	DNase-seq	none	dorsolateral-prefrontal-cortex	prefrontal	brain	central-nervous-system	none	none	passed
ENCFF468FBH	ENCFF468FBH	ENCSR819GAF	ENCSR421KYK	ChromBPNet	sequence motifs instances	bigBed	DNase-seq	none	dorsolateral-prefrontal-cortex	prefrontal	brain	central-nervous-system	none	none	passed
ENCFF485JEX	ENCFF485JEX	ENCSR329FAP	ENCSR946QXD	ChromBPNet	sequence motifs instances	bigBed	DNase-seq	none	dorsolateral-prefrontal-cortex	prefrontal	brain	central-nervous-system	none	none	passed
ENCFF498LRT	ENCFF498LRT	ENCSR306LNA	ENCSR950QGN	ChromBPNet	sequence motifs instances	bigBed	DNase-seq	none	dorsolateral-prefrontal-cortex	prefrontal	brain	central-nervous-system	none	none	passed
ENCFF522RRE	ENCFF522RRE	ENCSR006MAW	ENCSR653LBE	ChromBPNet	sequence motifs instances	bigBed	DNase-seq	none	dorsolateral-prefrontal-cortex	prefrontal	brain	central-nervous-system	none	none	passed
ENCFF532GLU	ENCFF532GLU	ENCSR661AMM	ENCSR430WUE	ChromBPNet	sequence motifs instances	bigBed	DNase-seq	none	dorsolateral-prefrontal-cortex	prefrontal	brain	central-nervous-system	none	none	passed
ENCFF538AWJ	ENCFF538AWJ	ENCSR904LMG	ENCSR095YZQ	ChromBPNet	sequence motifs instances	bigBed	DNase-seq	none	dorsolateral-prefrontal-cortex	prefrontal	brain	central-nervous-system	none	none	passed
ENCFF559KDR	ENCFF559KDR	ENCSR921PPJ	ENCSR828GVT	ChromBPNet	sequence motifs instances	bigBed	DNase-seq	none	dorsolateral-prefrontal-cortex	prefrontal	brain	central-nervous-system	none	none	passed
ENCFF622EAY	ENCFF622EAY	ENCSR865CYW	ENCSR708JEN	ChromBPNet	sequence motifs instances	bigBed	DNase-seq	none	dorsolateral-prefrontal-cortex	prefrontal	brain	central-nervous-system	none	none	passed
ENCFF631IGF	ENCFF631IGF	ENCSR428ZCP	ENCSR835NKB	ChromBPNet	sequence motifs instances	bigBed	DNase-seq	none	dorsolateral-prefrontal-cortex	prefrontal	brain	central-nervous-system	none	none	passed
ENCFF637KQT	ENCFF637KQT	ENCSR386XPD	ENCSR694SDG	ChromBPNet	sequence motifs instances	bigBed	DNase-seq	none	dorsolateral-prefrontal-cortex	prefrontal	brain	central-nervous-system	none	none	passed
ENCFF644RIO	ENCFF644RIO	ENCSR340XQX	ENCSR073RCM	ChromBPNet	sequence motifs instances	bigBed	DNase-seq	none	dorsolateral-prefrontal-cortex	prefrontal	brain	central-nervous-system	none	none	passed
ENCFF649NKY	ENCFF649NKY	ENCSR060MJY	ENCSR377KWB	ChromBPNet	sequence motifs instances	bigBed	DNase-seq	none	dorsolateral-prefrontal-cortex	prefrontal	brain	central-nervous-system	none	none	passed
ENCFF671ICS	ENCFF671ICS	ENCSR124IMM	ENCSR413YAP	ChromBPNet	sequence motifs instances	bigBed	DNase-seq	none	dorsolateral-prefrontal-cortex	prefrontal	brain	central-nervous-system	none	none	passed
ENCFF689YAO	ENCFF689YAO	ENCSR686LOE	ENCSR654MGS	ChromBPNet	sequence motifs instances	bigBed	DNase-seq	none	dorsolateral-prefrontal-cortex	prefrontal	brain	central-nervous-system	none	none	passed
ENCFF700XEP	ENCFF700XEP	ENCSR570BWW	ENCSR317UTQ	ChromBPNet	sequence motifs instances	bigBed	DNase-seq	none	dorsolateral-prefrontal-cortex	prefrontal	brain	central-nervous-system	none	none	passed
ENCFF714ANV	ENCFF714ANV	ENCSR879XUH	ENCSR355GMV	ChromBPNet	sequence motifs instances	bigBed	DNase-seq	none	dorsolateral-prefrontal-cortex	prefrontal	brain	central-nervous-system	none	none	passed
ENCFF727EEB	ENCFF727EEB	ENCSR001QTZ	ENCSR673LHA	ChromBPNet	sequence motifs instances	bigBed	DNase-seq	none	dorsolateral-prefrontal-cortex	prefrontal	brain	central-nervous-system	none	none	passed
ENCFF751LQG	ENCFF751LQG	ENCSR221ROM	ENCSR954WIR	ChromBPNet	sequence motifs instances	bigBed	DNase-seq	none	dorsolateral-prefrontal-cortex	prefrontal	brain	central-nervous-system	none	none	passed
ENCFF760IAV	ENCFF760IAV	ENCSR173YSO	ENCSR142NSU	ChromBPNet	sequence motifs instances	bigBed	DNase-seq	none	dorsolateral-prefrontal-cortex	prefrontal	brain	central-nervous-system	none	none	passed
ENCFF769VZF	ENCFF769VZF	ENCSR059NIN	ENCSR686YEI	ChromBPNet	sequence motifs instances	bigBed	DNase-seq	none	dorsolateral-prefrontal-cortex	prefrontal	brain	central-nervous-system	none	none	passed
ENCFF824JYK	ENCFF824JYK	ENCSR800MBE	ENCSR286DZK	ChromBPNet	sequence motifs instances	bigBed	DNase-seq	none	dorsolateral-prefrontal-cortex	prefrontal	brain	central-nervous-system	none	none	passed
ENCFF832YWT	ENCFF832YWT	ENCSR426KLJ	ENCSR968WVY	ChromBPNet	sequence motifs instances	bigBed	DNase-seq	none	dorsolateral-prefrontal-cortex	prefrontal	brain	central-nervous-system	none	none	passed
ENCFF876KKT	ENCFF876KKT	ENCSR785MXI	ENCSR476OZB	ChromBPNet	sequence motifs instances	bigBed	DNase-seq	none	dorsolateral-prefrontal-cortex	prefrontal	brain	central-nervous-system	none	none	passed
ENCFF952ULJ	ENCFF952ULJ	ENCSR209ECO	ENCSR537KZP	ChromBPNet	sequence motifs instances	bigBed	DNase-seq	none	dorsolateral-prefrontal-cortex	prefrontal	brain	central-nervous-system	none	none	passed
ENCFF958GWE	ENCFF958GWE	ENCSR800KVI	ENCSR152IAX	ChromBPNet	sequence motifs instances	bigBed	DNase-seq	none	dorsolateral-prefrontal-cortex	prefrontal	brain	central-nervous-system	none	none	passed
ENCFF996CHM	ENCFF996CHM	ENCSR849WGE	ENCSR355TZK	ChromBPNet	sequence motifs instances	bigBed	DNase-seq	none	dorsolateral-prefrontal-cortex	prefrontal	brain	central-nervous-system	none	none	passed
ENCFF364RJK	ENCFF364RJK	ENCSR360XIS	ENCSR384XMQ	ChromBPNet	sequence motifs instances	bigBed	DNase-seq	none	ecto-neural-progenitor-cell	neural	nerve	central-nervous-system	none	none	passed
ENCFF115BQK	ENCFF115BQK	ENCSR582QEW	ENCSR560YXB	ChromBPNet	sequence motifs instances	bigBed	DNase-seq	none	effector-memory-CD4-positive,-alpha-beta-T-cell	t-cell	immune	immune-system	none	none	passed
ENCFF605PNQ	ENCFF605PNQ	ENCSR724INK	ENCSR869TPR	ChromBPNet	sequence motifs instances	bigBed	DNase-seq	none	effector-memory-CD4-positive,-alpha-beta-T-cell	t-cell	immune	immune-system	none	none	passed
ENCFF838VMT	ENCFF838VMT	ENCSR607EJV	ENCSR985UCJ	ChromBPNet	sequence motifs instances	bigBed	DNase-seq	none	effector-memory-CD4-positive,-alpha-beta-T-cell	t-cell	immune	immune-system	none	none	passed
ENCFF078JCP	ENCFF078JCP	ENCSR019XCN	ENCSR564YQY	ChromBPNet	sequence motifs instances	bigBed	ATAC-seq	none	effector-memory-CD8-positive,-alpha-beta-T-cell	t-cell	immune	immune-system	none	none	passed
ENCFF371OOK	ENCFF371OOK	ENCSR392YGP	ENCSR338IET	ChromBPNet	sequence motifs instances	bigBed	ATAC-seq	none	effector-memory-CD8-positive,-alpha-beta-T-cell	t-cell	immune	immune-system	none	none	passed
ENCFF503SWW	ENCFF503SWW	ENCSR435NHO	ENCSR665XRD	ChromBPNet	sequence motifs instances	bigBed	DNase-seq	none	embryonic-facial-prominence	embryonic	stem-cell	developmental-system	none	none	passed
ENCFF051GKI	ENCFF051GKI	ENCSR166KPV	ENCSR878LZM	ChromBPNet	sequence motifs instances	bigBed	DNase-seq	none	endodermal-cell	endoderm	endodermal	developmental-system	none	none	passed
ENCFF414BMK	ENCFF414BMK	ENCSR940CXU	ENCSR025YKH	ChromBPNet	sequence motifs instances	bigBed	DNase-seq	none	endodermal-cell	endoderm	endodermal	developmental-system	none	none	passed
ENCFF759CJT	ENCFF759CJT	ENCSR541IET	ENCSR042WJQ	ChromBPNet	sequence motifs instances	bigBed	DNase-seq	none	endothelial-cell	endothelial	blood-vessel	circulatory-system	none	none	passed
ENCFF174VNP	ENCFF174VNP	ENCSR000EOQ	ENCSR646VRX	ChromBPNet	sequence motifs instances	bigBed	DNase-seq	none	endothelial-cell-of-umbilical-vein	endothelial	blood-vessel	circulatory-system	none	none	passed
ENCFF498ABV	ENCFF498ABV	ENCSR000EPU	ENCSR308JFW	ChromBPNet	sequence motifs instances	bigBed	DNase-seq	none	epithelial-cell-of-prostate	epithelial	epithelial	integumental-system	none	none	passed
ENCFF269DTF	ENCFF269DTF	ENCSR303PWB	ENCSR014REV	ChromBPNet	sequence motifs instances	bigBed	ATAC-seq	none	esophagus-mucosa	esophag	stomach	digestive-system	none	none	passed
ENCFF830GSQ	ENCFF830GSQ	ENCSR609GST	ENCSR819FQP	ChromBPNet	sequence motifs instances	bigBed	ATAC-seq	none	esophagus-muscularis-mucosa	esophag	stomach	digestive-system	none	none	passed
ENCFF635AQV	ENCFF635AQV	ENCSR096BPX	ENCSR008JSY	ChromBPNet	sequence motifs instances	bigBed	ATAC-seq	none	esophagus-squamous-epithelium	esophag	stomach	digestive-system	none	none	passed
ENCFF154VPA	ENCFF154VPA	ENCSR127PWK	ENCSR471AVR	ChromBPNet	sequence motifs instances	bigBed	DNase-seq	none	eye	eye	eye	sensory-system	none	none	passed
ENCFF050APD	ENCFF050APD	ENCSR212LAZ	ENCSR870FAP	ChromBPNet	sequence motifs instances	bigBed	ATAC-seq	none	fallopian-tube	fallopian	ovary	reproductive-system	none	none	passed
ENCFF553NNF	ENCFF553NNF	ENCSR565DSD	ENCSR370PQR	ChromBPNet	sequence motifs instances	bigBed	ATAC-seq	none	fallopian-tube	fallopian	ovary	reproductive-system	none	none	passed
ENCFF824HUK	ENCFF824HUK	ENCSR238VHV	ENCSR520YSU	ChromBPNet	sequence motifs instances	bigBed	ATAC-seq	none	fallopian-tube	fallopian	ovary	reproductive-system	none	none	passed
ENCFF240EON	ENCFF240EON	ENCSR805XIF	ENCSR685CQX	ChromBPNet	sequence motifs instances	bigBed	DNase-seq	none	femur	femur	bone	skeletal-system	none	none	passed
ENCFF080PFW	ENCFF080PFW	ENCSR000ENS	ENCSR539QSE	ChromBPNet	sequence motifs instances	bigBed	DNase-seq	none	fibroblast-of-gingiva	fibroblast	fibroblast	integumental-system	none	none	passed
ENCFF928EOR	ENCFF928EOR	ENCSR000EOJ	ENCSR350ZBB	ChromBPNet	sequence motifs instances	bigBed	DNase-seq	none	fibroblast-of-lung	fibroblast	fibroblast	integumental-system	none	none	passed
ENCFF922FXD	ENCFF922FXD	ENCSR000ENW	ENCSR396YBJ	ChromBPNet	sequence motifs instances	bigBed	DNase-seq	none	fibroblast-of-mammary-gland	fibroblast	fibroblast	integumental-system	none	none	passed
ENCFF400XSK	ENCFF400XSK	ENCSR000EOH	ENCSR008KMQ	ChromBPNet	sequence motifs instances	bigBed	DNase-seq	none	fibroblast-of-pulmonary-artery	fibroblast	fibroblast	integumental-system	none	none	passed
ENCFF453GGX	ENCFF453GGX	ENCSR176KYD	ENCSR214ZOR	ChromBPNet	sequence motifs instances	bigBed	DNase-seq	none	fibroblast-of-skin-of-abdomen	fibroblast	fibroblast	integumental-system	none	none	passed
ENCFF882AKD	ENCFF882AKD	ENCSR622TWS	ENCSR651HIG	ChromBPNet	sequence motifs instances	bigBed	DNase-seq	none	fibroblast-of-skin-of-abdomen	fibroblast	fibroblast	integumental-system	none	none	passed
ENCFF139GGU	ENCFF139GGU	ENCSR184LMY	ENCSR517LPY	ChromBPNet	sequence motifs instances	bigBed	DNase-seq	none	fibroblast-of-skin-of-back	fibroblast	fibroblast	integumental-system	none	none	passed
ENCFF062THB	ENCFF062THB	ENCSR562ACY	ENCSR271ZXE	ChromBPNet	sequence motifs instances	bigBed	DNase-seq	none	fibroblast-of-skin-of-left-biceps	fibroblast	fibroblast	integumental-system	none	none	passed
ENCFF817BLD	ENCFF817BLD	ENCSR648GDP	ENCSR299KST	ChromBPNet	sequence motifs instances	bigBed	DNase-seq	none	fibroblast-of-skin-of-left-biceps	fibroblast	fibroblast	integumental-system	none	none	passed
ENCFF329XKH	ENCFF329XKH	ENCSR555TFE	ENCSR779CZR	ChromBPNet	sequence motifs instances	bigBed	DNase-seq	none	fibroblast-of-skin-of-left-quadriceps	fibroblast	fibroblast	integumental-system	none	none	passed
ENCFF471ZFM	ENCFF471ZFM	ENCSR371KRY	ENCSR239BBH	ChromBPNet	sequence motifs instances	bigBed	DNase-seq	none	fibroblast-of-skin-of-left-quadriceps	fibroblast	fibroblast	integumental-system	none	none	passed
ENCFF891LMY	ENCFF891LMY	ENCSR383BLX	ENCSR722JCB	ChromBPNet	sequence motifs instances	bigBed	DNase-seq	none	fibroblast-of-skin-of-right-biceps	fibroblast	fibroblast	integumental-system	none	none	passed
ENCFF601YQN	ENCFF601YQN	ENCSR217RVH	ENCSR823PNJ	ChromBPNet	sequence motifs instances	bigBed	DNase-seq	none	fibroblast-of-skin-of-right-quadriceps	fibroblast	fibroblast	integumental-system	none	none	passed
ENCFF321BSI	ENCFF321BSI	ENCSR360LBD	ENCSR254QIH	ChromBPNet	sequence motifs instances	bigBed	DNase-seq	none	fibroblast-of-skin-of-scalp	fibroblast	fibroblast	integumental-system	none	none	passed
ENCFF639CSA	ENCFF639CSA	ENCSR770DEN	ENCSR699TFI	ChromBPNet	sequence motifs instances	bigBed	DNase-seq	none	fibroblast-of-skin-of-scalp	fibroblast	fibroblast	integumental-system	none	none	passed
ENCFF046WTU	ENCFF046WTU	ENCSR000ENK	ENCSR180SFJ	ChromBPNet	sequence motifs instances	bigBed	DNase-seq	none	fibroblast-of-the-conjunctiva	fibroblast	fibroblast	integumental-system	none	none	passed
ENCFF541AEM	ENCFF541AEM	ENCSR670VQZ	ENCSR699HYM	ChromBPNet	sequence motifs instances	bigBed	DNase-seq	none	fibroblast-of-upper-back-skin	fibroblast	fibroblast	integumental-system	none	none	passed
ENCFF675NVF	ENCFF675NVF	ENCSR325LYJ	ENCSR105QNI	ChromBPNet	sequence motifs instances	bigBed	DNase-seq	none	fibroblast-of-upper-back-skin	fibroblast	fibroblast	integumental-system	none	none	passed
ENCFF715CGZ	ENCFF715CGZ	ENCSR000EOR	ENCSR918KKY	ChromBPNet	sequence motifs instances	bigBed	DNase-seq	none	fibroblast-of-villous-mesenchyme	fibroblast	fibroblast	integumental-system	none	none	passed
ENCFF891OXZ	ENCFF891OXZ	ENCSR166TEE	ENCSR193XJI	ChromBPNet	sequence motifs instances	bigBed	DNase-seq	none	forelimb-muscle	limb	limb	skeletal-system	none	none	passed
ENCFF632VCZ	ENCFF632VCZ	ENCSR251UPG	ENCSR205CAI	ChromBPNet	sequence motifs instances	bigBed	DNase-seq	none	foreskin-fibroblast	fibroblast	fibroblast	integumental-system	none	none	passed
ENCFF771UIY	ENCFF771UIY	ENCSR000ENQ	ENCSR999AEB	ChromBPNet	sequence motifs instances	bigBed	DNase-seq	none	foreskin-fibroblast	fibroblast	fibroblast	integumental-system	none	none	passed
ENCFF943JBL	ENCFF943JBL	ENCSR153LHP	ENCSR869YPU	ChromBPNet	sequence motifs instances	bigBed	DNase-seq	none	foreskin-fibroblast	fibroblast	fibroblast	integumental-system	none	none	passed
ENCFF162POW	ENCFF162POW	ENCSR356KRQ	ENCSR280GJX	ChromBPNet	sequence motifs instances	bigBed	ATAC-seq	none	foreskin-keratinocyte	skin	skin	integumental-system	none	none	passed
ENCFF747SFA	ENCFF747SFA	ENCSR724CND	ENCSR208XNH	ChromBPNet	sequence motifs instances	bigBed	DNase-seq	none	foreskin-keratinocyte	skin	skin	integumental-system	none	none	passed
ENCFF891DTQ	ENCFF891DTQ	ENCSR518JGY	ENCSR986BUJ	ChromBPNet	sequence motifs instances	bigBed	DNase-seq	none	foreskin-melanocyte	skin	skin	integumental-system	none	none	passed
ENCFF941EKF	ENCFF941EKF	ENCSR434OBM	ENCSR097YNL	ChromBPNet	sequence motifs instances	bigBed	DNase-seq	none	foreskin-melanocyte	skin	skin	integumental-system	none	none	passed
ENCFF232IIF	ENCFF232IIF	ENCSR258JCL	ENCSR328JBY	ChromBPNet	sequence motifs instances	bigBed	ATAC-seq	none	gastrocnemius-medialis	medialis	muscle	musculature	none	none	passed
ENCFF822GUF	ENCFF822GUF	ENCSR308HPZ	ENCSR905YHT	ChromBPNet	sequence motifs instances	bigBed	ATAC-seq	none	gastrocnemius-medialis	medialis	muscle	musculature	none	none	passed
ENCFF843QJP	ENCFF843QJP	ENCSR823ZCR	ENCSR261SKQ	ChromBPNet	sequence motifs instances	bigBed	ATAC-seq	none	gastrocnemius-medialis	medialis	muscle	musculature	none	none	passed
ENCFF958UBK	ENCFF958UBK	ENCSR689SDA	ENCSR972MFI	ChromBPNet	sequence motifs instances	bigBed	ATAC-seq	none	gastrocnemius-medialis	medialis	muscle	musculature	none	none	passed
ENCFF285WBQ	ENCFF285WBQ	ENCSR171ADO	ENCSR968OAS	ChromBPNet	sequence motifs instances	bigBed	DNase-seq	none	gastrocnemius-medialis	medialis	muscle	musculature	none	none	passed
ENCFF308YVZ	ENCFF308YVZ	ENCSR520BAD	ENCSR037PCU	ChromBPNet	sequence motifs instances	bigBed	DNase-seq	none	gastrocnemius-medialis	medialis	muscle	musculature	none	none	passed
ENCFF484WSU	ENCFF484WSU	ENCSR686WJL	ENCSR048SMK	ChromBPNet	sequence motifs instances	bigBed	DNase-seq	none	gastrocnemius-medialis	medialis	muscle	musculature	none	none	passed
ENCFF844MAQ	ENCFF844MAQ	ENCSR791BHE	ENCSR906QLN	ChromBPNet	sequence motifs instances	bigBed	DNase-seq	none	gastrocnemius-medialis	medialis	muscle	musculature	none	none	passed
ENCFF601DRI	ENCFF601DRI	ENCSR670REK	ENCSR306DOD	ChromBPNet	sequence motifs instances	bigBed	ATAC-seq	none	gastroesophageal-sphincter	esophag	stomach	digestive-system	none	none	passed
ENCFF602UKG	ENCFF602UKG	ENCSR260ZIV	ENCSR200XHH	ChromBPNet	sequence motifs instances	bigBed	ATAC-seq	none	gastroesophageal-sphincter	esophag	stomach	digestive-system	none	none	passed
ENCFF810AUO	ENCFF810AUO	ENCSR771DAX	ENCSR741ZJG	ChromBPNet	sequence motifs instances	bigBed	DNase-seq	none	globus-pallidus	pallidus	brain	central-nervous-system	none	none	passed
ENCFF819XQL	ENCFF819XQL	ENCSR000EOM	ENCSR405OPV	ChromBPNet	sequence motifs instances	bigBed	DNase-seq	none	glomerular-endothelial-cell	endothelial	blood-vessel	circulatory-system	none	none	passed
ENCFF767XMV	ENCFF767XMV	ENCSR109RIQ	ENCSR369ZTD	ChromBPNet	sequence motifs instances	bigBed	DNase-seq	none	glutamatergic-neuron	neuron	nerve	central-nervous-system	none	none	passed
ENCFF011HNZ	ENCFF011HNZ	ENCSR400MOP	ENCSR486XFF	ChromBPNet	sequence motifs instances	bigBed	DNase-seq	none	head-of-caudate-nucleus	caudate	brain	central-nervous-system	none	none	passed
ENCFF052EAD	ENCFF052EAD	ENCSR373TLU	ENCSR111AGB	ChromBPNet	sequence motifs instances	bigBed	DNase-seq	none	head-of-caudate-nucleus	caudate	brain	central-nervous-system	none	none	passed
ENCFF053VCZ	ENCFF053VCZ	ENCSR671YPX	ENCSR134LVT	ChromBPNet	sequence motifs instances	bigBed	DNase-seq	none	head-of-caudate-nucleus	caudate	brain	central-nervous-system	none	none	passed
ENCFF074QTU	ENCFF074QTU	ENCSR276MDV	ENCSR525CNU	ChromBPNet	sequence motifs instances	bigBed	DNase-seq	none	head-of-caudate-nucleus	caudate	brain	central-nervous-system	none	none	passed
ENCFF077OJI	ENCFF077OJI	ENCSR598RRF	ENCSR778MOH	ChromBPNet	sequence motifs instances	bigBed	DNase-seq	none	head-of-caudate-nucleus	caudate	brain	central-nervous-system	none	none	passed
ENCFF081RYU	ENCFF081RYU	ENCSR496PSH	ENCSR624PXS	ChromBPNet	sequence motifs instances	bigBed	DNase-seq	none	head-of-caudate-nucleus	caudate	brain	central-nervous-system	none	none	passed
ENCFF093IVM	ENCFF093IVM	ENCSR682ZZT	ENCSR774OVA	ChromBPNet	sequence motifs instances	bigBed	DNase-seq	none	head-of-caudate-nucleus	caudate	brain	central-nervous-system	none	none	passed
ENCFF102SED	ENCFF102SED	ENCSR637ZLM	ENCSR493SMX	ChromBPNet	sequence motifs instances	bigBed	DNase-seq	none	head-of-caudate-nucleus	caudate	brain	central-nervous-system	none	none	passed
ENCFF106WQJ	ENCFF106WQJ	ENCSR558SUT	ENCSR719IKX	ChromBPNet	sequence motifs instances	bigBed	DNase-seq	none	head-of-caudate-nucleus	caudate	brain	central-nervous-system	none	none	passed
ENCFF167NUP	ENCFF167NUP	ENCSR650TZF	ENCSR030ERX	ChromBPNet	sequence motifs instances	bigBed	DNase-seq	none	head-of-caudate-nucleus	caudate	brain	central-nervous-system	none	none	passed
ENCFF189PDS	ENCFF189PDS	ENCSR516RTV	ENCSR647COV	ChromBPNet	sequence motifs instances	bigBed	DNase-seq	none	head-of-caudate-nucleus	caudate	brain	central-nervous-system	none	none	passed
ENCFF191BJP	ENCFF191BJP	ENCSR742HBK	ENCSR831KWY	ChromBPNet	sequence motifs instances	bigBed	DNase-seq	none	head-of-caudate-nucleus	caudate	brain	central-nervous-system	none	none	passed
ENCFF199VNT	ENCFF199VNT	ENCSR333BUP	ENCSR573HMQ	ChromBPNet	sequence motifs instances	bigBed	DNase-seq	none	head-of-caudate-nucleus	caudate	brain	central-nervous-system	none	none	passed
ENCFF204GHD	ENCFF204GHD	ENCSR163BSC	ENCSR484FNH	ChromBPNet	sequence motifs instances	bigBed	DNase-seq	none	head-of-caudate-nucleus	caudate	brain	central-nervous-system	none	none	passed
ENCFF211MGL	ENCFF211MGL	ENCSR010SZN	ENCSR757EAI	ChromBPNet	sequence motifs instances	bigBed	DNase-seq	none	head-of-caudate-nucleus	caudate	brain	central-nervous-system	none	none	passed
ENCFF212AAX	ENCFF212AAX	ENCSR839GHA	ENCSR746AUT	ChromBPNet	sequence motifs instances	bigBed	DNase-seq	none	head-of-caudate-nucleus	caudate	brain	central-nervous-system	none	none	passed
ENCFF216YBK	ENCFF216YBK	ENCSR339TVH	ENCSR362TQA	ChromBPNet	sequence motifs instances	bigBed	DNase-seq	none	head-of-caudate-nucleus	caudate	brain	central-nervous-system	none	none	passed
ENCFF243JVU	ENCFF243JVU	ENCSR483HUW	ENCSR459DVB	ChromBPNet	sequence motifs instances	bigBed	DNase-seq	none	head-of-caudate-nucleus	caudate	brain	central-nervous-system	none	none	passed
ENCFF265ATZ	ENCFF265ATZ	ENCSR297WRG	ENCSR419MGR	ChromBPNet	sequence motifs instances	bigBed	DNase-seq	none	head-of-caudate-nucleus	caudate	brain	central-nervous-system	none	none	passed
ENCFF270OXZ	ENCFF270OXZ	ENCSR122NRV	ENCSR504GBE	ChromBPNet	sequence motifs instances	bigBed	DNase-seq	none	head-of-caudate-nucleus	caudate	brain	central-nervous-system	none	none	passed
ENCFF285FZK	ENCFF285FZK	ENCSR916MHX	ENCSR064HTM	ChromBPNet	sequence motifs instances	bigBed	DNase-seq	none	head-of-caudate-nucleus	caudate	brain	central-nervous-system	none	none	passed
ENCFF293XIX	ENCFF293XIX	ENCSR334MDJ	ENCSR470GQU	ChromBPNet	sequence motifs instances	bigBed	DNase-seq	none	head-of-caudate-nucleus	caudate	brain	central-nervous-system	none	none	passed
ENCFF305VJC	ENCFF305VJC	ENCSR234VLI	ENCSR377XPU	ChromBPNet	sequence motifs instances	bigBed	DNase-seq	none	head-of-caudate-nucleus	caudate	brain	central-nervous-system	none	none	passed
ENCFF323CIN	ENCFF323CIN	ENCSR639VTO	ENCSR986SSJ	ChromBPNet	sequence motifs instances	bigBed	DNase-seq	none	head-of-caudate-nucleus	caudate	brain	central-nervous-system	none	none	passed
ENCFF328OTP	ENCFF328OTP	ENCSR024BXN	ENCSR593KEP	ChromBPNet	sequence motifs instances	bigBed	DNase-seq	none	head-of-caudate-nucleus	caudate	brain	central-nervous-system	none	none	passed
ENCFF329XEY	ENCFF329XEY	ENCSR440BPA	ENCSR750RJR	ChromBPNet	sequence motifs instances	bigBed	DNase-seq	none	head-of-caudate-nucleus	caudate	brain	central-nervous-system	none	none	passed
ENCFF339VBF	ENCFF339VBF	ENCSR496UJY	ENCSR519YRN	ChromBPNet	sequence motifs instances	bigBed	DNase-seq	none	head-of-caudate-nucleus	caudate	brain	central-nervous-system	none	none	passed
ENCFF344UVC	ENCFF344UVC	ENCSR814DYF	ENCSR471RJZ	ChromBPNet	sequence motifs instances	bigBed	DNase-seq	none	head-of-caudate-nucleus	caudate	brain	central-nervous-system	none	none	passed
ENCFF358RWK	ENCFF358RWK	ENCSR113DHB	ENCSR505WFL	ChromBPNet	sequence motifs instances	bigBed	DNase-seq	none	head-of-caudate-nucleus	caudate	brain	central-nervous-system	none	none	passed
ENCFF369BJU	ENCFF369BJU	ENCSR239MQN	ENCSR841SNB	ChromBPNet	sequence motifs instances	bigBed	DNase-seq	none	head-of-caudate-nucleus	caudate	brain	central-nervous-system	none	none	passed
ENCFF379ZYA	ENCFF379ZYA	ENCSR888ZIZ	ENCSR724WPU	ChromBPNet	sequence motifs instances	bigBed	DNase-seq	none	head-of-caudate-nucleus	caudate	brain	central-nervous-system	none	none	passed
ENCFF399LWM	ENCFF399LWM	ENCSR173NHL	ENCSR849LXO	ChromBPNet	sequence motifs instances	bigBed	DNase-seq	none	head-of-caudate-nucleus	caudate	brain	central-nervous-system	none	none	passed
ENCFF401GCV	ENCFF401GCV	ENCSR984HJW	ENCSR689OMC	ChromBPNet	sequence motifs instances	bigBed	DNase-seq	none	head-of-caudate-nucleus	caudate	brain	central-nervous-system	none	none	passed
ENCFF404UQC	ENCFF404UQC	ENCSR885WWJ	ENCSR224PQP	ChromBPNet	sequence motifs instances	bigBed	DNase-seq	none	head-of-caudate-nucleus	caudate	brain	central-nervous-system	none	none	passed
ENCFF406THF	ENCFF406THF	ENCSR274FZD	ENCSR371SHG	ChromBPNet	sequence motifs instances	bigBed	DNase-seq	none	head-of-caudate-nucleus	caudate	brain	central-nervous-system	none	none	passed
ENCFF414IWY	ENCFF414IWY	ENCSR002IHL	ENCSR035ROF	ChromBPNet	sequence motifs instances	bigBed	DNase-seq	none	head-of-caudate-nucleus	caudate	brain	central-nervous-system	none	none	passed
ENCFF443PIW	ENCFF443PIW	ENCSR116UQH	ENCSR677HLH	ChromBPNet	sequence motifs instances	bigBed	DNase-seq	none	head-of-caudate-nucleus	caudate	brain	central-nervous-system	none	none	passed
ENCFF445HMM	ENCFF445HMM	ENCSR161ZGA	ENCSR280QLY	ChromBPNet	sequence motifs instances	bigBed	DNase-seq	none	head-of-caudate-nucleus	caudate	brain	central-nervous-system	none	none	passed
ENCFF447ZJX	ENCFF447ZJX	ENCSR042DVU	ENCSR162JGS	ChromBPNet	sequence motifs instances	bigBed	DNase-seq	none	head-of-caudate-nucleus	caudate	brain	central-nervous-system	none	none	passed
ENCFF453RFE	ENCFF453RFE	ENCSR635GDW	ENCSR534EAD	ChromBPNet	sequence motifs instances	bigBed	DNase-seq	none	head-of-caudate-nucleus	caudate	brain	central-nervous-system	none	none	passed
ENCFF520OBR	ENCFF520OBR	ENCSR860UTH	ENCSR778HSA	ChromBPNet	sequence motifs instances	bigBed	DNase-seq	none	head-of-caudate-nucleus	caudate	brain	central-nervous-system	none	none	passed
ENCFF534CPH	ENCFF534CPH	ENCSR587SZC	ENCSR779WBU	ChromBPNet	sequence motifs instances	bigBed	DNase-seq	none	head-of-caudate-nucleus	caudate	brain	central-nervous-system	none	none	passed
ENCFF543EAJ	ENCFF543EAJ	ENCSR563HBG	ENCSR038VEO	ChromBPNet	sequence motifs instances	bigBed	DNase-seq	none	head-of-caudate-nucleus	caudate	brain	central-nervous-system	none	none	passed
ENCFF550HQL	ENCFF550HQL	ENCSR432QFU	ENCSR668KQQ	ChromBPNet	sequence motifs instances	bigBed	DNase-seq	none	head-of-caudate-nucleus	caudate	brain	central-nervous-system	none	none	passed
ENCFF557ALT	ENCFF557ALT	ENCSR137FWW	ENCSR174PGN	ChromBPNet	sequence motifs instances	bigBed	DNase-seq	none	head-of-caudate-nucleus	caudate	brain	central-nervous-system	none	none	passed
ENCFF570KYJ	ENCFF570KYJ	ENCSR659JPP	ENCSR265GDY	ChromBPNet	sequence motifs instances	bigBed	DNase-seq	none	head-of-caudate-nucleus	caudate	brain	central-nervous-system	none	none	passed
ENCFF588RZT	ENCFF588RZT	ENCSR879EVD	ENCSR745SQE	ChromBPNet	sequence motifs instances	bigBed	DNase-seq	none	head-of-caudate-nucleus	caudate	brain	central-nervous-system	none	none	passed
ENCFF599YSE	ENCFF599YSE	ENCSR417LPB	ENCSR518EHF	ChromBPNet	sequence motifs instances	bigBed	DNase-seq	none	head-of-caudate-nucleus	caudate	brain	central-nervous-system	none	none	passed
ENCFF605DFM	ENCFF605DFM	ENCSR101HFF	ENCSR672VAW	ChromBPNet	sequence motifs instances	bigBed	DNase-seq	none	head-of-caudate-nucleus	caudate	brain	central-nervous-system	none	none	passed
ENCFF616YVR	ENCFF616YVR	ENCSR688AWP	ENCSR136YYL	ChromBPNet	sequence motifs instances	bigBed	DNase-seq	none	head-of-caudate-nucleus	caudate	brain	central-nervous-system	none	none	passed
ENCFF662JES	ENCFF662JES	ENCSR722HJG	ENCSR160HBG	ChromBPNet	sequence motifs instances	bigBed	DNase-seq	none	head-of-caudate-nucleus	caudate	brain	central-nervous-system	none	none	passed
ENCFF670UBG	ENCFF670UBG	ENCSR271QID	ENCSR010NWV	ChromBPNet	sequence motifs instances	bigBed	DNase-seq	none	head-of-caudate-nucleus	caudate	brain	central-nervous-system	none	none	passed
ENCFF674FUL	ENCFF674FUL	ENCSR311EEL	ENCSR278XXC	ChromBPNet	sequence motifs instances	bigBed	DNase-seq	none	head-of-caudate-nucleus	caudate	brain	central-nervous-system	none	none	passed
ENCFF683BDU	ENCFF683BDU	ENCSR057GPV	ENCSR553KHP	ChromBPNet	sequence motifs instances	bigBed	DNase-seq	none	head-of-caudate-nucleus	caudate	brain	central-nervous-system	none	none	passed
ENCFF690PQP	ENCFF690PQP	ENCSR717BBR	ENCSR883PJQ	ChromBPNet	sequence motifs instances	bigBed	DNase-seq	none	head-of-caudate-nucleus	caudate	brain	central-nervous-system	none	none	passed
ENCFF702PCV	ENCFF702PCV	ENCSR721DFB	ENCSR138CJH	ChromBPNet	sequence motifs instances	bigBed	DNase-seq	none	head-of-caudate-nucleus	caudate	brain	central-nervous-system	none	none	passed
ENCFF704IMB	ENCFF704IMB	ENCSR802NBC	ENCSR292VYW	ChromBPNet	sequence motifs instances	bigBed	DNase-seq	none	head-of-caudate-nucleus	caudate	brain	central-nervous-system	none	none	passed
ENCFF721MGS	ENCFF721MGS	ENCSR524QPZ	ENCSR422CSI	ChromBPNet	sequence motifs instances	bigBed	DNase-seq	none	head-of-caudate-nucleus	caudate	brain	central-nervous-system	none	none	passed
ENCFF727LTO	ENCFF727LTO	ENCSR233DFT	ENCSR745PGS	ChromBPNet	sequence motifs instances	bigBed	DNase-seq	none	head-of-caudate-nucleus	caudate	brain	central-nervous-system	none	none	passed
ENCFF727ZBE	ENCFF727ZBE	ENCSR881FBS	ENCSR842PBG	ChromBPNet	sequence motifs instances	bigBed	DNase-seq	none	head-of-caudate-nucleus	caudate	brain	central-nervous-system	none	none	passed
ENCFF728ZPD	ENCFF728ZPD	ENCSR856XGY	ENCSR336IJK	ChromBPNet	sequence motifs instances	bigBed	DNase-seq	none	head-of-caudate-nucleus	caudate	brain	central-nervous-system	none	none	passed
ENCFF740VJZ	ENCFF740VJZ	ENCSR511PFY	ENCSR085VMC	ChromBPNet	sequence motifs instances	bigBed	DNase-seq	none	head-of-caudate-nucleus	caudate	brain	central-nervous-system	none	none	passed
ENCFF745BNG	ENCFF745BNG	ENCSR895TUV	ENCSR191ZIX	ChromBPNet	sequence motifs instances	bigBed	DNase-seq	none	head-of-caudate-nucleus	caudate	brain	central-nervous-system	none	none	passed
ENCFF752HQW	ENCFF752HQW	ENCSR775KLH	ENCSR749LTJ	ChromBPNet	sequence motifs instances	bigBed	DNase-seq	none	head-of-caudate-nucleus	caudate	brain	central-nervous-system	none	none	passed
ENCFF807CUQ	ENCFF807CUQ	ENCSR649MJI	ENCSR994FMN	ChromBPNet	sequence motifs instances	bigBed	DNase-seq	none	head-of-caudate-nucleus	caudate	brain	central-nervous-system	none	none	passed
ENCFF826HUS	ENCFF826HUS	ENCSR176BPJ	ENCSR600CTA	ChromBPNet	sequence motifs instances	bigBed	DNase-seq	none	head-of-caudate-nucleus	caudate	brain	central-nervous-system	none	none	passed
ENCFF826SFZ	ENCFF826SFZ	ENCSR305WAA	ENCSR822LTO	ChromBPNet	sequence motifs instances	bigBed	DNase-seq	none	head-of-caudate-nucleus	caudate	brain	central-nervous-system	none	none	passed
ENCFF828ZMM	ENCFF828ZMM	ENCSR217OHA	ENCSR237BVP	ChromBPNet	sequence motifs instances	bigBed	DNase-seq	none	head-of-caudate-nucleus	caudate	brain	central-nervous-system	none	none	passed
ENCFF846FLD	ENCFF846FLD	ENCSR638PZJ	ENCSR332IES	ChromBPNet	sequence motifs instances	bigBed	DNase-seq	none	head-of-caudate-nucleus	caudate	brain	central-nervous-system	none	none	passed
ENCFF850KFM	ENCFF850KFM	ENCSR984SDD	ENCSR650BIB	ChromBPNet	sequence motifs instances	bigBed	DNase-seq	none	head-of-caudate-nucleus	caudate	brain	central-nervous-system	none	none	passed
ENCFF855HKK	ENCFF855HKK	ENCSR756FQD	ENCSR292TVD	ChromBPNet	sequence motifs instances	bigBed	DNase-seq	none	head-of-caudate-nucleus	caudate	brain	central-nervous-system	none	none	passed
ENCFF862VMG	ENCFF862VMG	ENCSR663MNQ	ENCSR959KZO	ChromBPNet	sequence motifs instances	bigBed	DNase-seq	none	head-of-caudate-nucleus	caudate	brain	central-nervous-system	none	none	passed
ENCFF874PBF	ENCFF874PBF	ENCSR797FIM	ENCSR907PZQ	ChromBPNet	sequence motifs instances	bigBed	DNase-seq	none	head-of-caudate-nucleus	caudate	brain	central-nervous-system	none	none	passed
ENCFF892VIE	ENCFF892VIE	ENCSR646JBR	ENCSR191HRN	ChromBPNet	sequence motifs instances	bigBed	DNase-seq	none	head-of-caudate-nucleus	caudate	brain	central-nervous-system	none	none	passed
ENCFF921TWQ	ENCFF921TWQ	ENCSR862SQC	ENCSR631LRH	ChromBPNet	sequence motifs instances	bigBed	DNase-seq	none	head-of-caudate-nucleus	caudate	brain	central-nervous-system	none	none	passed
ENCFF933TOT	ENCFF933TOT	ENCSR677XGD	ENCSR159VOX	ChromBPNet	sequence motifs instances	bigBed	DNase-seq	none	head-of-caudate-nucleus	caudate	brain	central-nervous-system	none	none	passed
ENCFF939QMG	ENCFF939QMG	ENCSR134IUJ	ENCSR022LQT	ChromBPNet	sequence motifs instances	bigBed	DNase-seq	none	head-of-caudate-nucleus	caudate	brain	central-nervous-system	none	none	passed
ENCFF943IXU	ENCFF943IXU	ENCSR923BEY	ENCSR972TWU	ChromBPNet	sequence motifs instances	bigBed	DNase-seq	none	head-of-caudate-nucleus	caudate	brain	central-nervous-system	none	none	passed
ENCFF948PVY	ENCFF948PVY	ENCSR410MFU	ENCSR361PFW	ChromBPNet	sequence motifs instances	bigBed	DNase-seq	none	head-of-caudate-nucleus	caudate	brain	central-nervous-system	none	none	passed
ENCFF952QIS	ENCFF952QIS	ENCSR085XKS	ENCSR158HIK	ChromBPNet	sequence motifs instances	bigBed	DNase-seq	none	head-of-caudate-nucleus	caudate	brain	central-nervous-system	none	none	passed
ENCFF959OBZ	ENCFF959OBZ	ENCSR268GBM	ENCSR328OBR	ChromBPNet	sequence motifs instances	bigBed	DNase-seq	none	head-of-caudate-nucleus	caudate	brain	central-nervous-system	none	none	passed
ENCFF992KOF	ENCFF992KOF	ENCSR163GMC	ENCSR280PSS	ChromBPNet	sequence motifs instances	bigBed	DNase-seq	none	head-of-caudate-nucleus	caudate	brain	central-nervous-system	none	none	passed
ENCFF994SVO	ENCFF994SVO	ENCSR849CYU	ENCSR157PLP	ChromBPNet	sequence motifs instances	bigBed	DNase-seq	none	head-of-caudate-nucleus	caudate	brain	central-nervous-system	none	none	passed
ENCFF005PIJ	ENCFF005PIJ	ENCSR311LLZ	ENCSR183OLA	ChromBPNet	sequence motifs instances	bigBed	DNase-seq	none	heart	heart	heart	circulatory-system	none	none	passed
ENCFF022GRO	ENCFF022GRO	ENCSR914DOH	ENCSR333JBA	ChromBPNet	sequence motifs instances	bigBed	DNase-seq	none	heart	heart	heart	circulatory-system	none	none	passed
ENCFF080MJC	ENCFF080MJC	ENCSR154ZNQ	ENCSR304HOZ	ChromBPNet	sequence motifs instances	bigBed	DNase-seq	none	heart	heart	heart	circulatory-system	none	none	passed
ENCFF278UAP	ENCFF278UAP	ENCSR064GBK	ENCSR278NRX	ChromBPNet	sequence motifs instances	bigBed	DNase-seq	none	heart	heart	heart	circulatory-system	none	none	passed
ENCFF305BXI	ENCFF305BXI	ENCSR320PGJ	ENCSR576EMK	ChromBPNet	sequence motifs instances	bigBed	DNase-seq	none	heart	heart	heart	circulatory-system	none	none	passed
ENCFF491HWE	ENCFF491HWE	ENCSR536NGW	ENCSR152TIL	ChromBPNet	sequence motifs instances	bigBed	DNase-seq	none	heart	heart	heart	circulatory-system	none	none	passed
ENCFF517FRF	ENCFF517FRF	ENCSR174JMM	ENCSR294MBS	ChromBPNet	sequence motifs instances	bigBed	DNase-seq	none	heart	heart	heart	circulatory-system	none	none	passed
ENCFF547ZVQ	ENCFF547ZVQ	ENCSR911LTI	ENCSR657JGJ	ChromBPNet	sequence motifs instances	bigBed	DNase-seq	none	heart	heart	heart	circulatory-system	none	none	passed
ENCFF556ZAN	ENCFF556ZAN	ENCSR804RSI	ENCSR104ZZD	ChromBPNet	sequence motifs instances	bigBed	DNase-seq	none	heart	heart	heart	circulatory-system	none	none	passed
ENCFF567BAS	ENCFF567BAS	ENCSR749BWV	ENCSR943VHN	ChromBPNet	sequence motifs instances	bigBed	DNase-seq	none	heart	heart	heart	circulatory-system	none	none	passed
ENCFF773ZTR	ENCFF773ZTR	ENCSR533VAF	ENCSR170IUO	ChromBPNet	sequence motifs instances	bigBed	DNase-seq	none	heart	heart	heart	circulatory-system	none	none	passed
ENCFF782DBP	ENCFF782DBP	ENCSR664PKM	ENCSR864YYM	ChromBPNet	sequence motifs instances	bigBed	DNase-seq	none	heart	heart	heart	circulatory-system	none	none	passed
ENCFF807PCY	ENCFF807PCY	ENCSR305UJX	ENCSR315XQO	ChromBPNet	sequence motifs instances	bigBed	DNase-seq	none	heart	heart	heart	circulatory-system	none	none	passed
ENCFF845YPF	ENCFF845YPF	ENCSR366EGE	ENCSR266HWM	ChromBPNet	sequence motifs instances	bigBed	DNase-seq	none	heart	heart	heart	circulatory-system	none	none	passed
ENCFF871IHY	ENCFF871IHY	ENCSR392GCE	ENCSR104QYD	ChromBPNet	sequence motifs instances	bigBed	DNase-seq	none	heart	heart	heart	circulatory-system	none	none	passed
ENCFF912FSW	ENCFF912FSW	ENCSR705CNJ	ENCSR773FDM	ChromBPNet	sequence motifs instances	bigBed	DNase-seq	none	heart	heart	heart	circulatory-system	none	none	passed
ENCFF149IGC	ENCFF149IGC	ENCSR117PYB	ENCSR313GPN	ChromBPNet	sequence motifs instances	bigBed	ATAC-seq	none	heart-left-ventricle	heart	heart	circulatory-system	none	none	passed
ENCFF221TOR	ENCFF221TOR	ENCSR310RJN	ENCSR071VIV	ChromBPNet	sequence motifs instances	bigBed	ATAC-seq	none	heart-left-ventricle	heart	heart	circulatory-system	none	none	passed
ENCFF233KTO	ENCFF233KTO	ENCSR286STX	ENCSR718IML	ChromBPNet	sequence motifs instances	bigBed	ATAC-seq	none	heart-left-ventricle	heart	heart	circulatory-system	none	none	passed
ENCFF318CJM	ENCFF318CJM	ENCSR769DGC	ENCSR748OQR	ChromBPNet	sequence motifs instances	bigBed	ATAC-seq	none	heart-left-ventricle	heart	heart	circulatory-system	none	none	passed
ENCFF344HIM	ENCFF344HIM	ENCSR899YEP	ENCSR012HQM	ChromBPNet	sequence motifs instances	bigBed	ATAC-seq	none	heart-left-ventricle	heart	heart	circulatory-system	none	none	passed
ENCFF406CZO	ENCFF406CZO	ENCSR225FZH	ENCSR523OKV	ChromBPNet	sequence motifs instances	bigBed	ATAC-seq	none	heart-left-ventricle	heart	heart	circulatory-system	none	none	passed
ENCFF554DRJ	ENCFF554DRJ	ENCSR851EBF	ENCSR346KKN	ChromBPNet	sequence motifs instances	bigBed	ATAC-seq	none	heart-left-ventricle	heart	heart	circulatory-system	none	none	passed
ENCFF602LPT	ENCFF602LPT	ENCSR925LGW	ENCSR923QPG	ChromBPNet	sequence motifs instances	bigBed	ATAC-seq	none	heart-left-ventricle	heart	heart	circulatory-system	none	none	passed
ENCFF656MTI	ENCFF656MTI	ENCSR204PZT	ENCSR139CRO	ChromBPNet	sequence motifs instances	bigBed	ATAC-seq	none	heart-left-ventricle	heart	heart	circulatory-system	none	none	passed
ENCFF671KFG	ENCFF671KFG	ENCSR593YFB	ENCSR155LWZ	ChromBPNet	sequence motifs instances	bigBed	ATAC-seq	none	heart-left-ventricle	heart	heart	circulatory-system	none	none	passed
ENCFF729MBZ	ENCFF729MBZ	ENCSR745CGG	ENCSR302PTC	ChromBPNet	sequence motifs instances	bigBed	ATAC-seq	none	heart-left-ventricle	heart	heart	circulatory-system	none	none	passed
ENCFF798NLW	ENCFF798NLW	ENCSR451JSB	ENCSR785LJQ	ChromBPNet	sequence motifs instances	bigBed	ATAC-seq	none	heart-left-ventricle	heart	heart	circulatory-system	none	none	passed
ENCFF885BTV	ENCFF885BTV	ENCSR846VPV	ENCSR176HAX	ChromBPNet	sequence motifs instances	bigBed	ATAC-seq	none	heart-left-ventricle	heart	heart	circulatory-system	none	none	passed
ENCFF971JCP	ENCFF971JCP	ENCSR399OSE	ENCSR228EHT	ChromBPNet	sequence motifs instances	bigBed	ATAC-seq	none	heart-left-ventricle	heart	heart	circulatory-system	none	none	passed
ENCFF992EWX	ENCFF992EWX	ENCSR848TMJ	ENCSR413PRR	ChromBPNet	sequence motifs instances	bigBed	ATAC-seq	none	heart-left-ventricle	heart	heart	circulatory-system	none	none	passed
ENCFF105BIU	ENCFF105BIU	ENCSR222CLC	ENCSR830ING	ChromBPNet	sequence motifs instances	bigBed	DNase-seq	none	heart-left-ventricle	heart	heart	circulatory-system	none	none	passed
ENCFF316RLY	ENCFF316RLY	ENCSR735NTV	ENCSR381GGK	ChromBPNet	sequence motifs instances	bigBed	DNase-seq	none	heart-left-ventricle	heart	heart	circulatory-system	none	none	passed
ENCFF387DGL	ENCFF387DGL	ENCSR070CMW	ENCSR958WFK	ChromBPNet	sequence motifs instances	bigBed	DNase-seq	none	heart-left-ventricle	heart	heart	circulatory-system	none	none	passed
ENCFF527DXJ	ENCFF527DXJ	ENCSR946DXB	ENCSR047GHL	ChromBPNet	sequence motifs instances	bigBed	DNase-seq	none	heart-left-ventricle	heart	heart	circulatory-system	none	none	passed
ENCFF569OOF	ENCFF569OOF	ENCSR395HAE	ENCSR624LJH	ChromBPNet	sequence motifs instances	bigBed	DNase-seq	none	heart-left-ventricle	heart	heart	circulatory-system	none	none	passed
ENCFF590HJP	ENCFF590HJP	ENCSR299QGI	ENCSR763XQQ	ChromBPNet	sequence motifs instances	bigBed	DNase-seq	none	heart-left-ventricle	heart	heart	circulatory-system	none	none	passed
ENCFF644KBT	ENCFF644KBT	ENCSR805EGZ	ENCSR390RSF	ChromBPNet	sequence motifs instances	bigBed	DNase-seq	none	heart-left-ventricle	heart	heart	circulatory-system	none	none	passed
ENCFF849LOD	ENCFF849LOD	ENCSR598RVJ	ENCSR120SCC	ChromBPNet	sequence motifs instances	bigBed	DNase-seq	none	heart-left-ventricle	heart	heart	circulatory-system	none	none	passed
ENCFF868BXW	ENCFF868BXW	ENCSR747SEU	ENCSR892ZTM	ChromBPNet	sequence motifs instances	bigBed	DNase-seq	none	heart-left-ventricle	heart	heart	circulatory-system	none	none	passed
ENCFF910DEN	ENCFF910DEN	ENCSR501FWC	ENCSR827EDQ	ChromBPNet	sequence motifs instances	bigBed	DNase-seq	none	heart-left-ventricle	heart	heart	circulatory-system	none	none	passed
ENCFF053DBU	ENCFF053DBU	ENCSR522FGI	ENCSR473RMF	ChromBPNet	sequence motifs instances	bigBed	ATAC-seq	none	heart-right-ventricle	heart	heart	circulatory-system	none	none	passed
ENCFF114BKO	ENCFF114BKO	ENCSR053SGP	ENCSR716THJ	ChromBPNet	sequence motifs instances	bigBed	ATAC-seq	none	heart-right-ventricle	heart	heart	circulatory-system	none	none	passed
ENCFF140SRF	ENCFF140SRF	ENCSR563ZNI	ENCSR662DNR	ChromBPNet	sequence motifs instances	bigBed	ATAC-seq	none	heart-right-ventricle	heart	heart	circulatory-system	none	none	passed
ENCFF162TOO	ENCFF162TOO	ENCSR157OSO	ENCSR849TOG	ChromBPNet	sequence motifs instances	bigBed	ATAC-seq	none	heart-right-ventricle	heart	heart	circulatory-system	none	none	passed
ENCFF239QGC	ENCFF239QGC	ENCSR403GBR	ENCSR311LQE	ChromBPNet	sequence motifs instances	bigBed	ATAC-seq	none	heart-right-ventricle	heart	heart	circulatory-system	none	none	passed
ENCFF277XZT	ENCFF277XZT	ENCSR437OOJ	ENCSR487NMI	ChromBPNet	sequence motifs instances	bigBed	ATAC-seq	none	heart-right-ventricle	heart	heart	circulatory-system	none	none	passed
ENCFF339CCV	ENCFF339CCV	ENCSR133CMC	ENCSR624URV	ChromBPNet	sequence motifs instances	bigBed	ATAC-seq	none	heart-right-ventricle	heart	heart	circulatory-system	none	none	passed
ENCFF386BMN	ENCFF386BMN	ENCSR439TZT	ENCSR992KED	ChromBPNet	sequence motifs instances	bigBed	ATAC-seq	none	heart-right-ventricle	heart	heart	circulatory-system	none	none	passed
ENCFF475CHX	ENCFF475CHX	ENCSR212LYK	ENCSR886DNL	ChromBPNet	sequence motifs instances	bigBed	ATAC-seq	none	heart-right-ventricle	heart	heart	circulatory-system	none	none	passed
ENCFF500PNA	ENCFF500PNA	ENCSR204SMO	ENCSR999ETQ	ChromBPNet	sequence motifs instances	bigBed	ATAC-seq	none	heart-right-ventricle	heart	heart	circulatory-system	none	none	passed
ENCFF541TIY	ENCFF541TIY	ENCSR710SMN	ENCSR348BTG	ChromBPNet	sequence motifs instances	bigBed	ATAC-seq	none	heart-right-ventricle	heart	heart	circulatory-system	none	none	passed
ENCFF613AZX	ENCFF613AZX	ENCSR491VKV	ENCSR839CXN	ChromBPNet	sequence motifs instances	bigBed	ATAC-seq	none	heart-right-ventricle	heart	heart	circulatory-system	none	none	passed
ENCFF796GUX	ENCFF796GUX	ENCSR374ZRW	ENCSR669BKH	ChromBPNet	sequence motifs instances	bigBed	ATAC-seq	none	heart-right-ventricle	heart	heart	circulatory-system	none	none	passed
ENCFF928XTE	ENCFF928XTE	ENCSR327DCG	ENCSR380WHO	ChromBPNet	sequence motifs instances	bigBed	ATAC-seq	none	heart-right-ventricle	heart	heart	circulatory-system	none	none	passed
ENCFF160KEC	ENCFF160KEC	ENCSR211SUT	ENCSR215KHF	ChromBPNet	sequence motifs instances	bigBed	DNase-seq	none	heart-right-ventricle	heart	heart	circulatory-system	none	none	passed
ENCFF220RFD	ENCFF220RFD	ENCSR928WMU	ENCSR126YHP	ChromBPNet	sequence motifs instances	bigBed	DNase-seq	none	heart-right-ventricle	heart	heart	circulatory-system	none	none	passed
ENCFF246XWQ	ENCFF246XWQ	ENCSR746RDJ	ENCSR135HTA	ChromBPNet	sequence motifs instances	bigBed	DNase-seq	none	heart-right-ventricle	heart	heart	circulatory-system	none	none	passed
ENCFF501EGW	ENCFF501EGW	ENCSR356RNZ	ENCSR340RCH	ChromBPNet	sequence motifs instances	bigBed	DNase-seq	none	heart-right-ventricle	heart	heart	circulatory-system	none	none	passed
ENCFF544HDC	ENCFF544HDC	ENCSR298OIK	ENCSR092YZN	ChromBPNet	sequence motifs instances	bigBed	DNase-seq	none	heart-right-ventricle	heart	heart	circulatory-system	none	none	passed
ENCFF560FNX	ENCFF560FNX	ENCSR694LFE	ENCSR257DRO	ChromBPNet	sequence motifs instances	bigBed	DNase-seq	none	heart-right-ventricle	heart	heart	circulatory-system	none	none	passed
ENCFF619WUL	ENCFF619WUL	ENCSR792QQE	ENCSR932NSW	ChromBPNet	sequence motifs instances	bigBed	DNase-seq	none	heart-right-ventricle	heart	heart	circulatory-system	none	none	passed
ENCFF696UGT	ENCFF696UGT	ENCSR238FMP	ENCSR161GHW	ChromBPNet	sequence motifs instances	bigBed	DNase-seq	none	heart-right-ventricle	heart	heart	circulatory-system	none	none	passed
ENCFF897WIR	ENCFF897WIR	ENCSR214NLQ	ENCSR836KXF	ChromBPNet	sequence motifs instances	bigBed	DNase-seq	none	heart-right-ventricle	heart	heart	circulatory-system	none	none	passed
ENCFF942XOL	ENCFF942XOL	ENCSR246VSO	ENCSR184TFG	ChromBPNet	sequence motifs instances	bigBed	DNase-seq	none	heart-right-ventricle	heart	heart	circulatory-system	none	none	passed
ENCFF051BSD	ENCFF051BSD	ENCSR937UWI	ENCSR024KJU	ChromBPNet	sequence motifs instances	bigBed	DNase-seq	none	hematopoietic-multipotent-progenitor-cell	hematopoietic	blood	circulatory-system	none	none	passed
ENCFF065AEF	ENCFF065AEF	ENCSR098PTC	ENCSR036PUG	ChromBPNet	sequence motifs instances	bigBed	DNase-seq	none	hematopoietic-multipotent-progenitor-cell	hematopoietic	blood	circulatory-system	none	none	passed
ENCFF157BOD	ENCFF157BOD	ENCSR000EMK	ENCSR816AQM	ChromBPNet	sequence motifs instances	bigBed	DNase-seq	none	hematopoietic-multipotent-progenitor-cell	hematopoietic	blood	circulatory-system	none	none	passed
ENCFF173KKF	ENCFF173KKF	ENCSR564JUY	ENCSR214COF	ChromBPNet	sequence motifs instances	bigBed	DNase-seq	none	hematopoietic-multipotent-progenitor-cell	hematopoietic	blood	circulatory-system	none	none	passed
ENCFF227JKQ	ENCFF227JKQ	ENCSR420NOA	ENCSR336TDN	ChromBPNet	sequence motifs instances	bigBed	DNase-seq	none	hematopoietic-multipotent-progenitor-cell	hematopoietic	blood	circulatory-system	none	none	passed
ENCFF401CKQ	ENCFF401CKQ	ENCSR148VUP	ENCSR116YIV	ChromBPNet	sequence motifs instances	bigBed	DNase-seq	none	hematopoietic-multipotent-progenitor-cell	hematopoietic	blood	circulatory-system	none	none	passed
ENCFF477MVE	ENCFF477MVE	ENCSR493IAY	ENCSR672ZIV	ChromBPNet	sequence motifs instances	bigBed	DNase-seq	none	hematopoietic-multipotent-progenitor-cell	hematopoietic	blood	circulatory-system	none	none	passed
ENCFF485EXA	ENCFF485EXA	ENCSR362JSZ	ENCSR426ANZ	ChromBPNet	sequence motifs instances	bigBed	DNase-seq	none	hematopoietic-multipotent-progenitor-cell	hematopoietic	blood	circulatory-system	none	none	passed
ENCFF598WLS	ENCFF598WLS	ENCSR328UMC	ENCSR966XZN	ChromBPNet	sequence motifs instances	bigBed	DNase-seq	none	hematopoietic-multipotent-progenitor-cell	hematopoietic	blood	circulatory-system	none	none	passed
ENCFF691VGB	ENCFF691VGB	ENCSR115YPI	ENCSR771YUP	ChromBPNet	sequence motifs instances	bigBed	DNase-seq	none	hematopoietic-multipotent-progenitor-cell	hematopoietic	blood	circulatory-system	none	none	passed
ENCFF815UPI	ENCFF815UPI	ENCSR845CFB	ENCSR954EWB	ChromBPNet	sequence motifs instances	bigBed	DNase-seq	none	hematopoietic-multipotent-progenitor-cell	hematopoietic	blood	circulatory-system	none	none	passed
ENCFF845WXU	ENCFF845WXU	ENCSR855FOP	ENCSR912ACC	ChromBPNet	sequence motifs instances	bigBed	DNase-seq	none	hematopoietic-multipotent-progenitor-cell	hematopoietic	blood	circulatory-system	none	none	passed
ENCFF199QHY	ENCFF199QHY	ENCSR364MFN	ENCSR829DOW	ChromBPNet	sequence motifs instances	bigBed	DNase-seq	none	hepatocyte	hepato	liver	digestive-system	none	none	passed
ENCFF044PRV	ENCFF044PRV	ENCSR385AMY	ENCSR003PKQ	ChromBPNet	sequence motifs instances	bigBed	DNase-seq	none	hindlimb-muscle	limb	limb	skeletal-system	none	none	passed
ENCFF241ZNA	ENCFF241ZNA	ENCSR383SNM	ENCSR820XEK	ChromBPNet	sequence motifs instances	bigBed	DNase-seq	none	iPS-DF-19.11	cell-line	cell-line	cell-line	none	none	passed
ENCFF945ZCK	ENCFF945ZCK	ENCSR440QMR	ENCSR436DKQ	ChromBPNet	sequence motifs instances	bigBed	DNase-seq	none	iPS-DF-19.7	cell-line	cell-line	cell-line	none	none	passed
ENCFF264INI	ENCFF264INI	ENCSR014FPY	ENCSR932JUJ	ChromBPNet	sequence motifs instances	bigBed	DNase-seq	none	iPS-DF-4.7	cell-line	cell-line	cell-line	none	none	passed
ENCFF703QYN	ENCFF703QYN	ENCSR261SMF	ENCSR416KDN	ChromBPNet	sequence motifs instances	bigBed	DNase-seq	none	iPS-DF-6.9	cell-line	cell-line	cell-line	none	none	passed
ENCFF263ANA	ENCFF263ANA	ENCSR986YWZ	ENCSR487SME	ChromBPNet	sequence motifs instances	bigBed	DNase-seq	none	inferior-parietal-cortex	parietal	brain	central-nervous-system	none	none	passed
ENCFF164TVF	ENCFF164TVF	ENCSR224FOA	ENCSR446RRY	ChromBPNet	sequence motifs instances	bigBed	DNase-seq	none	islet-precursor-cell	islet	pancreas	digestive-system	none	none	passed
ENCFF321BHQ	ENCFF321BHQ	ENCSR415LEB	ENCSR441VJW	ChromBPNet	sequence motifs instances	bigBed	ATAC-seq	none	jejunum	jejunum	small-intestine	digestive-system	none	none	passed
ENCFF888PDF	ENCFF888PDF	ENCSR000EPQ	ENCSR855OSM	ChromBPNet	sequence motifs instances	bigBed	DNase-seq	none	keratinocyte	keratinocyte	skin	integumental-system	none	none	passed
ENCFF739RCS	ENCFF739RCS	ENCSR297VGU	ENCSR794TEU	ChromBPNet	sequence motifs instances	bigBed	ATAC-seq	none	kidney	kidney	kidney	excretory-system	none	none	passed
ENCFF087REM	ENCFF087REM	ENCSR792ZXA	ENCSR547BDK	ChromBPNet	sequence motifs instances	bigBed	DNase-seq	none	kidney	kidney	kidney	excretory-system	none	none	passed
ENCFF141CCR	ENCFF141CCR	ENCSR437KLY	ENCSR950QAL	ChromBPNet	sequence motifs instances	bigBed	DNase-seq	none	kidney	kidney	kidney	excretory-system	none	none	passed
ENCFF155VOX	ENCFF155VOX	ENCSR206OJJ	ENCSR591SYJ	ChromBPNet	sequence motifs instances	bigBed	DNase-seq	none	kidney	kidney	kidney	excretory-system	none	none	passed
ENCFF155XYY	ENCFF155XYY	ENCSR953JVX	ENCSR041ZFF	ChromBPNet	sequence motifs instances	bigBed	DNase-seq	none	kidney	kidney	kidney	excretory-system	none	none	passed
ENCFF329RMW	ENCFF329RMW	ENCSR774RCO	ENCSR480JMB	ChromBPNet	sequence motifs instances	bigBed	DNase-seq	none	kidney	kidney	kidney	excretory-system	none	none	passed
ENCFF361GDD	ENCFF361GDD	ENCSR262QJC	ENCSR619SQW	ChromBPNet	sequence motifs instances	bigBed	DNase-seq	none	kidney	kidney	kidney	excretory-system	none	none	passed
ENCFF406KHW	ENCFF406KHW	ENCSR757EPJ	ENCSR400JGH	ChromBPNet	sequence motifs instances	bigBed	DNase-seq	none	kidney	kidney	kidney	excretory-system	none	none	passed
ENCFF428PVK	ENCFF428PVK	ENCSR066WZJ	ENCSR323YJT	ChromBPNet	sequence motifs instances	bigBed	DNase-seq	none	kidney	kidney	kidney	excretory-system	none	none	passed
ENCFF471HRW	ENCFF471HRW	ENCSR106OKX	ENCSR409SRV	ChromBPNet	sequence motifs instances	bigBed	DNase-seq	none	kidney	kidney	kidney	excretory-system	none	none	passed
ENCFF480LCR	ENCFF480LCR	ENCSR082JCE	ENCSR544DAU	ChromBPNet	sequence motifs instances	bigBed	DNase-seq	none	kidney	kidney	kidney	excretory-system	none	none	passed
ENCFF716DYY	ENCFF716DYY	ENCSR873ANE	ENCSR388LLM	ChromBPNet	sequence motifs instances	bigBed	DNase-seq	none	kidney	kidney	kidney	excretory-system	none	none	passed
ENCFF864CVC	ENCFF864CVC	ENCSR645GJD	ENCSR100KOK	ChromBPNet	sequence motifs instances	bigBed	DNase-seq	none	kidney	kidney	kidney	excretory-system	none	none	passed
ENCFF963FGQ	ENCFF963FGQ	ENCSR499PZA	ENCSR252ZMF	ChromBPNet	sequence motifs instances	bigBed	DNase-seq	none	kidney	kidney	kidney	excretory-system	none	none	passed
ENCFF963ZUO	ENCFF963ZUO	ENCSR941DTJ	ENCSR275GLV	ChromBPNet	sequence motifs instances	bigBed	DNase-seq	none	kidney	kidney	kidney	excretory-system	none	none	passed
ENCFF297XJP	ENCFF297XJP	ENCSR988YKR	ENCSR875FPK	ChromBPNet	sequence motifs instances	bigBed	DNase-seq	none	kidney-capillary-endothelial-cell	endothelial	blood-vessel	circulatory-system	none	none	passed
ENCFF708GGA	ENCFF708GGA	ENCSR136KEL	ENCSR120AAX	ChromBPNet	sequence motifs instances	bigBed	DNase-seq	none	kidney-glomerular-epithelial-cell	epithelial	epithelial	integumental-system	none	none	passed
ENCFF065NOP	ENCFF065NOP	ENCSR796SJV	ENCSR693EVI	ChromBPNet	sequence motifs instances	bigBed	DNase-seq	none	large-intestine	large-intestine	large-intestine	digestive-system	none	none	passed
ENCFF069WZK	ENCFF069WZK	ENCSR762FCX	ENCSR534WZW	ChromBPNet	sequence motifs instances	bigBed	DNase-seq	none	large-intestine	large-intestine	large-intestine	digestive-system	none	none	passed
ENCFF186KST	ENCFF186KST	ENCSR444VTC	ENCSR482OFD	ChromBPNet	sequence motifs instances	bigBed	DNase-seq	none	large-intestine	large-intestine	large-intestine	digestive-system	none	none	passed
ENCFF245VNO	ENCFF245VNO	ENCSR154YPL	ENCSR306KBB	ChromBPNet	sequence motifs instances	bigBed	DNase-seq	none	large-intestine	large-intestine	large-intestine	digestive-system	none	none	passed
ENCFF557VPU	ENCFF557VPU	ENCSR214QEO	ENCSR568PUY	ChromBPNet	sequence motifs instances	bigBed	DNase-seq	none	large-intestine	large-intestine	large-intestine	digestive-system	none	none	passed
ENCFF566MZD	ENCFF566MZD	ENCSR047FNH	ENCSR304TXH	ChromBPNet	sequence motifs instances	bigBed	DNase-seq	none	large-intestine	large-intestine	large-intestine	digestive-system	none	none	passed
ENCFF621CCX	ENCFF621CCX	ENCSR531HPD	ENCSR654WMG	ChromBPNet	sequence motifs instances	bigBed	DNase-seq	none	large-intestine	large-intestine	large-intestine	digestive-system	none	none	passed
ENCFF647BPQ	ENCFF647BPQ	ENCSR366EQH	ENCSR113FPW	ChromBPNet	sequence motifs instances	bigBed	DNase-seq	none	large-intestine	large-intestine	large-intestine	digestive-system	none	none	passed
ENCFF718FMG	ENCFF718FMG	ENCSR133SPH	ENCSR814ZUK	ChromBPNet	sequence motifs instances	bigBed	DNase-seq	none	large-intestine	large-intestine	large-intestine	digestive-system	none	none	passed
ENCFF858ZEP	ENCFF858ZEP	ENCSR563XRP	ENCSR947WWP	ChromBPNet	sequence motifs instances	bigBed	DNase-seq	none	large-intestine	large-intestine	large-intestine	digestive-system	none	none	passed
ENCFF873FLT	ENCFF873FLT	ENCSR874CAK	ENCSR400GLH	ChromBPNet	sequence motifs instances	bigBed	DNase-seq	none	large-intestine	large-intestine	large-intestine	digestive-system	none	none	passed
ENCFF916KPO	ENCFF916KPO	ENCSR857AEB	ENCSR276XFY	ChromBPNet	sequence motifs instances	bigBed	DNase-seq	none	large-intestine	large-intestine	large-intestine	digestive-system	none	none	passed
ENCFF962DRV	ENCFF962DRV	ENCSR800QGE	ENCSR060FTQ	ChromBPNet	sequence motifs instances	bigBed	DNase-seq	none	large-intestine	large-intestine	large-intestine	digestive-system	none	none	passed
ENCFF966KRJ	ENCFF966KRJ	ENCSR666YVE	ENCSR208SZX	ChromBPNet	sequence motifs instances	bigBed	DNase-seq	none	large-intestine	large-intestine	large-intestine	digestive-system	none	none	passed
ENCFF036MJR	ENCFF036MJR	ENCSR736CIN	ENCSR803VRT	ChromBPNet	sequence motifs instances	bigBed	ATAC-seq	none	left-cardiac-atrium	cardiac	heart	circulatory-system	none	none	passed
ENCFF474EEP	ENCFF474EEP	ENCSR390SLL	ENCSR426WAU	ChromBPNet	sequence motifs instances	bigBed	ATAC-seq	none	left-cardiac-atrium	cardiac	heart	circulatory-system	none	none	passed
ENCFF594AYQ	ENCFF594AYQ	ENCSR330WUK	ENCSR533NOY	ChromBPNet	sequence motifs instances	bigBed	ATAC-seq	none	left-cardiac-atrium	cardiac	heart	circulatory-system	none	none	passed
ENCFF716VOX	ENCFF716VOX	ENCSR310UDW	ENCSR343DVA	ChromBPNet	sequence motifs instances	bigBed	ATAC-seq	none	left-cardiac-atrium	cardiac	heart	circulatory-system	none	none	passed
ENCFF927TLY	ENCFF927TLY	ENCSR731ODJ	ENCSR872ONH	ChromBPNet	sequence motifs instances	bigBed	ATAC-seq	none	left-cardiac-atrium	cardiac	heart	circulatory-system	none	none	passed
ENCFF536KDJ	ENCFF536KDJ	ENCSR032NNU	ENCSR021QEF	ChromBPNet	sequence motifs instances	bigBed	DNase-seq	none	left-cardiac-atrium	cardiac	heart	circulatory-system	none	none	passed
ENCFF977GOZ	ENCFF977GOZ	ENCSR600ZHS	ENCSR241IGX	ChromBPNet	sequence motifs instances	bigBed	ATAC-seq	none	left-colon	colon	large-intestine	digestive-system	none	none	passed
ENCFF355YRJ	ENCFF355YRJ	ENCSR279SXQ	ENCSR878HAK	ChromBPNet	sequence motifs instances	bigBed	DNase-seq	none	left-colon	colon	large-intestine	digestive-system	none	none	passed
ENCFF515MDX	ENCFF515MDX	ENCSR867XFA	ENCSR482CSE	ChromBPNet	sequence motifs instances	bigBed	DNase-seq	none	left-colon	colon	large-intestine	digestive-system	none	none	passed
ENCFF281ZSR	ENCFF281ZSR	ENCSR976XOY	ENCSR930IPA	ChromBPNet	sequence motifs instances	bigBed	DNase-seq	none	left-forelimb	limb	limb	skeletal-system	none	none	passed
ENCFF975LGZ	ENCFF975LGZ	ENCSR431UEM	ENCSR105NZG	ChromBPNet	sequence motifs instances	bigBed	DNase-seq	none	left-hindlimb	limb	limb	skeletal-system	none	none	passed
ENCFF034XPB	ENCFF034XPB	ENCSR974TXT	ENCSR303DZH	ChromBPNet	sequence motifs instances	bigBed	DNase-seq	none	left-kidney	kidney	kidney	excretory-system	none	none	passed
ENCFF112ATA	ENCFF112ATA	ENCSR295DUI	ENCSR162OQQ	ChromBPNet	sequence motifs instances	bigBed	DNase-seq	none	left-kidney	kidney	kidney	excretory-system	none	none	passed
ENCFF267ZUP	ENCFF267ZUP	ENCSR953XJU	ENCSR347CFZ	ChromBPNet	sequence motifs instances	bigBed	DNase-seq	none	left-kidney	kidney	kidney	excretory-system	none	none	passed
ENCFF527EOF	ENCFF527EOF	ENCSR600RAA	ENCSR314VYG	ChromBPNet	sequence motifs instances	bigBed	DNase-seq	none	left-kidney	kidney	kidney	excretory-system	none	none	passed
ENCFF640FVF	ENCFF640FVF	ENCSR097BWW	ENCSR707BUL	ChromBPNet	sequence motifs instances	bigBed	DNase-seq	none	left-kidney	kidney	kidney	excretory-system	none	none	passed
ENCFF797JGC	ENCFF797JGC	ENCSR543YPH	ENCSR244ZMB	ChromBPNet	sequence motifs instances	bigBed	DNase-seq	none	left-kidney	kidney	kidney	excretory-system	none	none	passed
ENCFF799YMV	ENCFF799YMV	ENCSR120LVW	ENCSR237JRU	ChromBPNet	sequence motifs instances	bigBed	DNase-seq	none	left-kidney	kidney	kidney	excretory-system	none	none	passed
ENCFF820LDF	ENCFF820LDF	ENCSR184DFF	ENCSR342VPM	ChromBPNet	sequence motifs instances	bigBed	DNase-seq	none	left-kidney	kidney	kidney	excretory-system	none	none	passed
ENCFF822ERO	ENCFF822ERO	ENCSR422PVL	ENCSR844BAV	ChromBPNet	sequence motifs instances	bigBed	DNase-seq	none	left-kidney	kidney	kidney	excretory-system	none	none	passed
ENCFF765YQX	ENCFF765YQX	ENCSR624ODL	ENCSR764RSP	ChromBPNet	sequence motifs instances	bigBed	ATAC-seq	none	left-lobe-of-liver	liver	liver	digestive-system	none	none	passed
ENCFF835PJP	ENCFF835PJP	ENCSR802ZYE	ENCSR149JWI	ChromBPNet	sequence motifs instances	bigBed	DNase-seq	none	left-lobe-of-liver	liver	liver	digestive-system	none	none	passed
ENCFF983BSX	ENCFF983BSX	ENCSR682ETE	ENCSR290BAB	ChromBPNet	sequence motifs instances	bigBed	ATAC-seq	none	left-lung	lung	lung	respiratory-system	none	none	passed
ENCFF087AJM	ENCFF087AJM	ENCSR680SDS	ENCSR750HIY	ChromBPNet	sequence motifs instances	bigBed	DNase-seq	none	left-lung	lung	lung	respiratory-system	none	none	passed
ENCFF196IUW	ENCFF196IUW	ENCSR803VCR	ENCSR587DJD	ChromBPNet	sequence motifs instances	bigBed	DNase-seq	none	left-lung	lung	lung	respiratory-system	none	none	passed
ENCFF344BND	ENCFF344BND	ENCSR488PHT	ENCSR319KPJ	ChromBPNet	sequence motifs instances	bigBed	DNase-seq	none	left-lung	lung	lung	respiratory-system	none	none	passed
ENCFF347QNR	ENCFF347QNR	ENCSR456KDF	ENCSR936GKS	ChromBPNet	sequence motifs instances	bigBed	DNase-seq	none	left-lung	lung	lung	respiratory-system	none	none	passed
ENCFF379YDQ	ENCFF379YDQ	ENCSR510ITB	ENCSR892FMX	ChromBPNet	sequence motifs instances	bigBed	DNase-seq	none	left-lung	lung	lung	respiratory-system	none	none	passed
ENCFF480CPB	ENCFF480CPB	ENCSR953WJO	ENCSR084DDJ	ChromBPNet	sequence motifs instances	bigBed	DNase-seq	none	left-lung	lung	lung	respiratory-system	none	none	passed
ENCFF580NFA	ENCFF580NFA	ENCSR960EJV	ENCSR775OWR	ChromBPNet	sequence motifs instances	bigBed	DNase-seq	none	left-lung	lung	lung	respiratory-system	none	none	passed
ENCFF639FSK	ENCFF639FSK	ENCSR658UBE	ENCSR773MZG	ChromBPNet	sequence motifs instances	bigBed	DNase-seq	none	left-lung	lung	lung	respiratory-system	none	none	passed
ENCFF662PWQ	ENCFF662PWQ	ENCSR935EVZ	ENCSR775HQN	ChromBPNet	sequence motifs instances	bigBed	DNase-seq	none	left-lung	lung	lung	respiratory-system	none	none	passed
ENCFF679CEL	ENCFF679CEL	ENCSR441OGH	ENCSR085UWX	ChromBPNet	sequence motifs instances	bigBed	DNase-seq	none	left-lung	lung	lung	respiratory-system	none	none	passed
ENCFF706RIQ	ENCFF706RIQ	ENCSR006XED	ENCSR166DMK	ChromBPNet	sequence motifs instances	bigBed	DNase-seq	none	left-lung	lung	lung	respiratory-system	none	none	passed
ENCFF146RHU	ENCFF146RHU	ENCSR928SYE	ENCSR819BCH	ChromBPNet	sequence motifs instances	bigBed	DNase-seq	none	left-renal-cortex-interstitium	renal	kidney	excretory-system	none	none	passed
ENCFF302KYQ	ENCFF302KYQ	ENCSR039ZVQ	ENCSR972EGH	ChromBPNet	sequence motifs instances	bigBed	DNase-seq	none	left-renal-cortex-interstitium	renal	kidney	excretory-system	none	none	passed
ENCFF508SHV	ENCFF508SHV	ENCSR092WMD	ENCSR806RQQ	ChromBPNet	sequence motifs instances	bigBed	DNase-seq	none	left-renal-cortex-interstitium	renal	kidney	excretory-system	none	none	passed
ENCFF607PKC	ENCFF607PKC	ENCSR588JXI	ENCSR868XDI	ChromBPNet	sequence motifs instances	bigBed	DNase-seq	none	left-renal-cortex-interstitium	renal	kidney	excretory-system	none	none	passed
ENCFF112QGA	ENCFF112QGA	ENCSR258IBL	ENCSR910NEW	ChromBPNet	sequence motifs instances	bigBed	DNase-seq	none	left-renal-pelvis	renal	kidney	excretory-system	none	none	passed
ENCFF374HDD	ENCFF374HDD	ENCSR016THC	ENCSR394XWN	ChromBPNet	sequence motifs instances	bigBed	DNase-seq	none	left-renal-pelvis	renal	kidney	excretory-system	none	none	passed
ENCFF707IWO	ENCFF707IWO	ENCSR318JAA	ENCSR912CMN	ChromBPNet	sequence motifs instances	bigBed	DNase-seq	none	left-renal-pelvis	renal	kidney	excretory-system	none	none	passed
ENCFF723ZVA	ENCFF723ZVA	ENCSR320SVK	ENCSR943DPF	ChromBPNet	sequence motifs instances	bigBed	DNase-seq	none	left-renal-pelvis	renal	kidney	excretory-system	none	none	passed
ENCFF659PZW	ENCFF659PZW	ENCSR946MAI	ENCSR446PUF	ChromBPNet	sequence motifs instances	bigBed	ATAC-seq	none	left-ventricle-myocardium-inferior	ventricle	heart	circulatory-system	none	none	passed
ENCFF115JEU	ENCFF115JEU	ENCSR770OTB	ENCSR057XMV	ChromBPNet	sequence motifs instances	bigBed	DNase-seq	none	left-ventricle-myocardium-inferior	ventricle	heart	circulatory-system	none	none	passed
ENCFF062WZM	ENCFF062WZM	ENCSR133WJY	ENCSR317GGQ	ChromBPNet	sequence motifs instances	bigBed	ATAC-seq	none	left-ventricle-myocardium-superior	ventricle	heart	circulatory-system	none	none	passed
ENCFF632FHK	ENCFF632FHK	ENCSR355WAJ	ENCSR462CFV	ChromBPNet	sequence motifs instances	bigBed	DNase-seq	none	left-ventricle-myocardium-superior	ventricle	heart	circulatory-system	none	none	passed
ENCFF233EKF	ENCFF233EKF	ENCSR532CRI	ENCSR858EVI	ChromBPNet	sequence motifs instances	bigBed	DNase-seq	none	limb	limb	limb	skeletal-system	none	none	passed
ENCFF420CBI	ENCFF420CBI	ENCSR818JGZ	ENCSR138OCE	ChromBPNet	sequence motifs instances	bigBed	DNase-seq	none	limb	limb	limb	skeletal-system	none	none	passed
ENCFF499BGL	ENCFF499BGL	ENCSR124NNL	ENCSR236XBM	ChromBPNet	sequence motifs instances	bigBed	ATAC-seq	none	liver	liver	liver	digestive-system	none	none	passed
ENCFF049TTC	ENCFF049TTC	ENCSR158YXM	ENCSR603COG	ChromBPNet	sequence motifs instances	bigBed	DNase-seq	none	liver	liver	liver	digestive-system	none	none	passed
ENCFF687XRP	ENCFF687XRP	ENCSR562FNN	ENCSR399FII	ChromBPNet	sequence motifs instances	bigBed	DNase-seq	none	liver	liver	liver	digestive-system	none	none	passed
ENCFF495FMS	ENCFF495FMS	ENCSR361DND	ENCSR405UQT	ChromBPNet	sequence motifs instances	bigBed	DNase-seq	none	lower-leg-skin	skin	skin	integumental-system	none	none	passed
ENCFF675XXJ	ENCFF675XXJ	ENCSR555ZDH	ENCSR980GNO	ChromBPNet	sequence motifs instances	bigBed	ATAC-seq	none	lower-lobe-of-left-lung	lung	lung	respiratory-system	none	none	passed
ENCFF782ZRJ	ENCFF782ZRJ	ENCSR757NJT	ENCSR390HOR	ChromBPNet	sequence motifs instances	bigBed	DNase-seq	none	lower-lobe-of-left-lung	lung	lung	respiratory-system	none	none	passed
ENCFF857RTC	ENCFF857RTC	ENCSR632ONQ	ENCSR034LAG	ChromBPNet	sequence motifs instances	bigBed	DNase-seq	none	lower-lobe-of-left-lung	lung	lung	respiratory-system	none	none	passed
ENCFF297STZ	ENCFF297STZ	ENCSR948MQC	ENCSR507JRS	ChromBPNet	sequence motifs instances	bigBed	ATAC-seq	none	lower-lobe-of-right-lung	lung	lung	respiratory-system	none	none	passed
ENCFF580WMB	ENCFF580WMB	ENCSR923VTG	ENCSR609WOB	ChromBPNet	sequence motifs instances	bigBed	ATAC-seq	none	lower-lobe-of-right-lung	lung	lung	respiratory-system	none	none	passed
ENCFF797GXG	ENCFF797GXG	ENCSR785JXR	ENCSR034ERV	ChromBPNet	sequence motifs instances	bigBed	DNase-seq	none	lower-lobe-of-right-lung	lung	lung	respiratory-system	none	none	passed
ENCFF788YEK	ENCFF788YEK	ENCSR647AOY	ENCSR936INA	ChromBPNet	sequence motifs instances	bigBed	ATAC-seq	none	lung	lung	lung	respiratory-system	none	none	passed
ENCFF019BZP	ENCFF019BZP	ENCSR582IPV	ENCSR692PPT	ChromBPNet	sequence motifs instances	bigBed	DNase-seq	none	lung	lung	lung	respiratory-system	none	none	passed
ENCFF094NKH	ENCFF094NKH	ENCSR587HPR	ENCSR195ZBJ	ChromBPNet	sequence motifs instances	bigBed	DNase-seq	none	lung	lung	lung	respiratory-system	none	none	passed
ENCFF292NFR	ENCFF292NFR	ENCSR986XLW	ENCSR735RRA	ChromBPNet	sequence motifs instances	bigBed	DNase-seq	none	lung	lung	lung	respiratory-system	none	none	passed
ENCFF446YTG	ENCFF446YTG	ENCSR627NIF	ENCSR443LVM	ChromBPNet	sequence motifs instances	bigBed	DNase-seq	none	lung	lung	lung	respiratory-system	none	none	passed
ENCFF490LIJ	ENCFF490LIJ	ENCSR006IJP	ENCSR481HGO	ChromBPNet	sequence motifs instances	bigBed	DNase-seq	none	lung	lung	lung	respiratory-system	none	none	passed
ENCFF499WPK	ENCFF499WPK	ENCSR076YBB	ENCSR760EMJ	ChromBPNet	sequence motifs instances	bigBed	DNase-seq	none	lung	lung	lung	respiratory-system	none	none	passed
ENCFF564EYX	ENCFF564EYX	ENCSR141IUS	ENCSR092FZS	ChromBPNet	sequence motifs instances	bigBed	DNase-seq	none	lung	lung	lung	respiratory-system	none	none	passed
ENCFF795KWS	ENCFF795KWS	ENCSR945JJB	ENCSR376IJB	ChromBPNet	sequence motifs instances	bigBed	DNase-seq	none	lung	lung	lung	respiratory-system	none	none	passed
ENCFF955TSO	ENCFF955TSO	ENCSR504KZE	ENCSR430JNN	ChromBPNet	sequence motifs instances	bigBed	DNase-seq	none	lung	lung	lung	respiratory-system	none	none	passed
ENCFF957IJU	ENCFF957IJU	ENCSR318WOD	ENCSR013BTY	ChromBPNet	sequence motifs instances	bigBed	DNase-seq	none	lung	lung	lung	respiratory-system	none	none	passed
ENCFF960MCI	ENCFF960MCI	ENCSR214XJO	ENCSR577VHS	ChromBPNet	sequence motifs instances	bigBed	DNase-seq	none	lung	lung	lung	respiratory-system	none	none	passed
ENCFF738LLH	ENCFF738LLH	ENCSR000EOD	ENCSR213BXO	ChromBPNet	sequence motifs instances	bigBed	DNase-seq	none	lung-microvascular-endothelial-cell	endothelial	blood-vessel	circulatory-system	none	none	passed
ENCFF925RIP	ENCFF925RIP	ENCSR000EOE	ENCSR501LUY	ChromBPNet	sequence motifs instances	bigBed	DNase-seq	none	lung-microvascular-endothelial-cell	endothelial	blood-vessel	circulatory-system	none	none	passed
ENCFF262OMM	ENCFF262OMM	ENCSR817ALC	ENCSR496IHH	ChromBPNet	sequence motifs instances	bigBed	DNase-seq	none	mammary-epithelial-cell	epithelial	epithelial	integumental-system	none	none	passed
ENCFF954WTB	ENCFF954WTB	ENCSR000ENV	ENCSR499STU	ChromBPNet	sequence motifs instances	bigBed	DNase-seq	none	mammary-epithelial-cell	epithelial	epithelial	integumental-system	none	none	passed
ENCFF673DNF	ENCFF673DNF	ENCSR224IYD	ENCSR409CJJ	ChromBPNet	sequence motifs instances	bigBed	DNase-seq	none	medulla-oblongata	medulla	brain	central-nervous-system	none	none	passed
ENCFF563ULX	ENCFF563ULX	ENCSR610AQP	ENCSR775HRI	ChromBPNet	sequence motifs instances	bigBed	ATAC-seq	none	memory-B-cell	b-cell	immune	immune-system	none	none	passed
ENCFF402YCQ	ENCFF402YCQ	ENCSR736VVP	ENCSR676BXL	ChromBPNet	sequence motifs instances	bigBed	DNase-seq	none	memory-B-cell	b-cell	immune	immune-system	none	none	passed
ENCFF855CNE	ENCFF855CNE	ENCSR229BGG	ENCSR772VTJ	ChromBPNet	sequence motifs instances	bigBed	DNase-seq	none	memory-B-cell	b-cell	immune	immune-system	none	none	passed
ENCFF432VFC	ENCFF432VFC	ENCSR731QLJ	ENCSR125NZI	ChromBPNet	sequence motifs instances	bigBed	DNase-seq	none	mesenchymal-stem-cell	stem-cell	stem-cell	developmental-system	none	none	passed
ENCFF007WBC	ENCFF007WBC	ENCSR714DIF	ENCSR375YWK	ChromBPNet	sequence motifs instances	bigBed	DNase-seq	none	mesendoderm	endoderm	endodermal	developmental-system	none	none	passed
ENCFF996YEW	ENCFF996YEW	ENCSR551CSY	ENCSR982HSG	ChromBPNet	sequence motifs instances	bigBed	ATAC-seq	none	mesenteric-fat-pad	fat	skin	integumental-system	none	none	passed
ENCFF669LAB	ENCFF669LAB	ENCSR945KSP	ENCSR211GRM	ChromBPNet	sequence motifs instances	bigBed	DNase-seq	none	mesothelial-cell-of-epicardium	epicardium	heart	circulatory-system	none	none	passed
ENCFF280ECT	ENCFF280ECT	ENCSR706IDL	ENCSR978NMB	ChromBPNet	sequence motifs instances	bigBed	DNase-seq	none	midbrain	brain	brain	central-nervous-system	none	none	passed
ENCFF463TBC	ENCFF463TBC	ENCSR318PRQ	ENCSR365UQB	ChromBPNet	sequence motifs instances	bigBed	DNase-seq	none	middle-frontal-gyrus	gyrus	brain	central-nervous-system	none	none	passed
ENCFF126FFF	ENCFF126FFF	ENCSR131HOY	ENCSR843NKK	ChromBPNet	sequence motifs instances	bigBed	ATAC-seq	none	motor-neuron	neuron	nerve	central-nervous-system	none	none	passed
ENCFF324XZN	ENCFF324XZN	ENCSR410DWV	ENCSR098BDH	ChromBPNet	sequence motifs instances	bigBed	ATAC-seq	none	motor-neuron	neuron	nerve	central-nervous-system	none	none	passed
ENCFF357QLB	ENCFF357QLB	ENCSR634WYX	ENCSR108WVW	ChromBPNet	sequence motifs instances	bigBed	ATAC-seq	none	motor-neuron	neuron	nerve	central-nervous-system	none	none	passed
ENCFF385FMI	ENCFF385FMI	ENCSR065CER	ENCSR308SWU	ChromBPNet	sequence motifs instances	bigBed	ATAC-seq	none	motor-neuron	neuron	nerve	central-nervous-system	none	none	passed
ENCFF395PLT	ENCFF395PLT	ENCSR459PVP	ENCSR860FGK	ChromBPNet	sequence motifs instances	bigBed	ATAC-seq	none	motor-neuron	neuron	nerve	central-nervous-system	none	none	passed
ENCFF452NYX	ENCFF452NYX	ENCSR913OWV	ENCSR667CJC	ChromBPNet	sequence motifs instances	bigBed	ATAC-seq	none	motor-neuron	neuron	nerve	central-nervous-system	none	none	passed
ENCFF512NTH	ENCFF512NTH	ENCSR704VZY	ENCSR992JTX	ChromBPNet	sequence motifs instances	bigBed	ATAC-seq	none	motor-neuron	neuron	nerve	central-nervous-system	none	none	passed
ENCFF668LRB	ENCFF668LRB	ENCSR709QRD	ENCSR391QZM	ChromBPNet	sequence motifs instances	bigBed	ATAC-seq	none	motor-neuron	neuron	nerve	central-nervous-system	none	none	passed
ENCFF740TRO	ENCFF740TRO	ENCSR812ZKP	ENCSR293UQL	ChromBPNet	sequence motifs instances	bigBed	ATAC-seq	none	motor-neuron	neuron	nerve	central-nervous-system	none	none	passed
ENCFF756DCS	ENCFF756DCS	ENCSR516YAD	ENCSR564RRF	ChromBPNet	sequence motifs instances	bigBed	ATAC-seq	none	motor-neuron	neuron	nerve	central-nervous-system	none	none	passed
ENCFF242CHL	ENCFF242CHL	ENCSR491VXJ	ENCSR413TKV	ChromBPNet	sequence motifs instances	bigBed	ATAC-seq	none	mucosa-of-descending-colon	colon	large-intestine	digestive-system	none	none	passed
ENCFF997IJF	ENCFF997IJF	ENCSR496PPU	ENCSR588VNU	ChromBPNet	sequence motifs instances	bigBed	ATAC-seq	none	mucosa-of-descending-colon	colon	large-intestine	digestive-system	none	none	passed
ENCFF015ZWZ	ENCFF015ZWZ	ENCSR507DQC	ENCSR759ERC	ChromBPNet	sequence motifs instances	bigBed	DNase-seq	none	mucosa-of-descending-colon	colon	large-intestine	digestive-system	none	none	passed
ENCFF105QWA	ENCFF105QWA	ENCSR612CTW	ENCSR722YBR	ChromBPNet	sequence motifs instances	bigBed	DNase-seq	none	mucosa-of-descending-colon	colon	large-intestine	digestive-system	none	none	passed
ENCFF280MYQ	ENCFF280MYQ	ENCSR404TSP	ENCSR317GLC	ChromBPNet	sequence motifs instances	bigBed	DNase-seq	none	mucosa-of-descending-colon	colon	large-intestine	digestive-system	none	none	passed
ENCFF564QUM	ENCFF564QUM	ENCSR695FLC	ENCSR649LBS	ChromBPNet	sequence motifs instances	bigBed	ATAC-seq	none	mucosa-of-gallbladder	bladder	bladder	excretory-system	none	none	passed
ENCFF088LCW	ENCFF088LCW	ENCSR011SAG	ENCSR493ZPF	ChromBPNet	sequence motifs instances	bigBed	DNase-seq	none	mucosa-of-gallbladder	bladder	bladder	excretory-system	none	none	passed
ENCFF504AVE	ENCFF504AVE	ENCSR548SSP	ENCSR034VPK	ChromBPNet	sequence motifs instances	bigBed	ATAC-seq	none	mucosa-of-urinary-bladder	bladder	bladder	excretory-system	none	none	passed
ENCFF848BEV	ENCFF848BEV	ENCSR153IUB	ENCSR872ETC	ChromBPNet	sequence motifs instances	bigBed	ATAC-seq	none	mucosa-of-urinary-bladder	bladder	bladder	excretory-system	none	none	passed
ENCFF032KGN	ENCFF032KGN	ENCSR949JYS	ENCSR451NQD	ChromBPNet	sequence motifs instances	bigBed	DNase-seq	none	muscle-of-arm	muscle	muscle	musculature	none	none	passed
ENCFF108JLR	ENCFF108JLR	ENCSR951XEN	ENCSR784LHF	ChromBPNet	sequence motifs instances	bigBed	DNase-seq	none	muscle-of-arm	muscle	muscle	musculature	none	none	passed
ENCFF121TFO	ENCFF121TFO	ENCSR062DXC	ENCSR669LKG	ChromBPNet	sequence motifs instances	bigBed	DNase-seq	none	muscle-of-arm	muscle	muscle	musculature	none	none	passed
ENCFF145MEA	ENCFF145MEA	ENCSR888GBS	ENCSR297AUU	ChromBPNet	sequence motifs instances	bigBed	DNase-seq	none	muscle-of-arm	muscle	muscle	musculature	none	none	passed
ENCFF410HZA	ENCFF410HZA	ENCSR619BNL	ENCSR084NFS	ChromBPNet	sequence motifs instances	bigBed	DNase-seq	none	muscle-of-arm	muscle	muscle	musculature	none	none	passed
ENCFF442BET	ENCFF442BET	ENCSR356QCD	ENCSR260XZC	ChromBPNet	sequence motifs instances	bigBed	DNase-seq	none	muscle-of-arm	muscle	muscle	musculature	none	none	passed
ENCFF489SIC	ENCFF489SIC	ENCSR452EGE	ENCSR767FMQ	ChromBPNet	sequence motifs instances	bigBed	DNase-seq	none	muscle-of-arm	muscle	muscle	musculature	none	none	passed
ENCFF499TJG	ENCFF499TJG	ENCSR270LZE	ENCSR667FJR	ChromBPNet	sequence motifs instances	bigBed	DNase-seq	none	muscle-of-arm	muscle	muscle	musculature	none	none	passed
ENCFF519AQX	ENCFF519AQX	ENCSR649PJN	ENCSR099UWX	ChromBPNet	sequence motifs instances	bigBed	DNase-seq	none	muscle-of-arm	muscle	muscle	musculature	none	none	passed
ENCFF616MPV	ENCFF616MPV	ENCSR303YII	ENCSR701ZAN	ChromBPNet	sequence motifs instances	bigBed	DNase-seq	none	muscle-of-arm	muscle	muscle	musculature	none	none	passed
ENCFF662ILG	ENCFF662ILG	ENCSR753QKD	ENCSR723QGH	ChromBPNet	sequence motifs instances	bigBed	DNase-seq	none	muscle-of-arm	muscle	muscle	musculature	none	none	passed
ENCFF704LGO	ENCFF704LGO	ENCSR956NOL	ENCSR132ZIL	ChromBPNet	sequence motifs instances	bigBed	DNase-seq	none	muscle-of-arm	muscle	muscle	musculature	none	none	passed
ENCFF720XYL	ENCFF720XYL	ENCSR826ERZ	ENCSR204UTL	ChromBPNet	sequence motifs instances	bigBed	DNase-seq	none	muscle-of-arm	muscle	muscle	musculature	none	none	passed
ENCFF793ZHD	ENCFF793ZHD	ENCSR357PMV	ENCSR997OAD	ChromBPNet	sequence motifs instances	bigBed	DNase-seq	none	muscle-of-arm	muscle	muscle	musculature	none	none	passed
ENCFF886EGN	ENCFF886EGN	ENCSR517NHP	ENCSR439BOP	ChromBPNet	sequence motifs instances	bigBed	DNase-seq	none	muscle-of-arm	muscle	muscle	musculature	none	none	passed
ENCFF075ANL	ENCFF075ANL	ENCSR698CUE	ENCSR436KLL	ChromBPNet	sequence motifs instances	bigBed	DNase-seq	none	muscle-of-back	muscle	muscle	musculature	none	none	passed
ENCFF140KRC	ENCFF140KRC	ENCSR141NSQ	ENCSR071YMB	ChromBPNet	sequence motifs instances	bigBed	DNase-seq	none	muscle-of-back	muscle	muscle	musculature	none	none	passed
ENCFF155GYF	ENCFF155GYF	ENCSR438TWI	ENCSR467GZH	ChromBPNet	sequence motifs instances	bigBed	DNase-seq	none	muscle-of-back	muscle	muscle	musculature	none	none	passed
ENCFF288XNM	ENCFF288XNM	ENCSR786FWF	ENCSR347XBH	ChromBPNet	sequence motifs instances	bigBed	DNase-seq	none	muscle-of-back	muscle	muscle	musculature	none	none	passed
ENCFF360BRC	ENCFF360BRC	ENCSR010ZMK	ENCSR793EFR	ChromBPNet	sequence motifs instances	bigBed	DNase-seq	none	muscle-of-back	muscle	muscle	musculature	none	none	passed
ENCFF376CNL	ENCFF376CNL	ENCSR072NBR	ENCSR338CYP	ChromBPNet	sequence motifs instances	bigBed	DNase-seq	none	muscle-of-back	muscle	muscle	musculature	none	none	passed
ENCFF450KQE	ENCFF450KQE	ENCSR193LYA	ENCSR006WBH	ChromBPNet	sequence motifs instances	bigBed	DNase-seq	none	muscle-of-back	muscle	muscle	musculature	none	none	passed
ENCFF462ERE	ENCFF462ERE	ENCSR033STL	ENCSR147DMQ	ChromBPNet	sequence motifs instances	bigBed	DNase-seq	none	muscle-of-back	muscle	muscle	musculature	none	none	passed
ENCFF494WKJ	ENCFF494WKJ	ENCSR295ELC	ENCSR941HRR	ChromBPNet	sequence motifs instances	bigBed	DNase-seq	none	muscle-of-back	muscle	muscle	musculature	none	none	passed
ENCFF587CCU	ENCFF587CCU	ENCSR174GXG	ENCSR037WSC	ChromBPNet	sequence motifs instances	bigBed	DNase-seq	none	muscle-of-back	muscle	muscle	musculature	none	none	passed
ENCFF715GUM	ENCFF715GUM	ENCSR476SDZ	ENCSR604WIO	ChromBPNet	sequence motifs instances	bigBed	DNase-seq	none	muscle-of-back	muscle	muscle	musculature	none	none	passed
ENCFF806IEQ	ENCFF806IEQ	ENCSR585CGU	ENCSR704MNS	ChromBPNet	sequence motifs instances	bigBed	DNase-seq	none	muscle-of-back	muscle	muscle	musculature	none	none	passed
ENCFF982MJP	ENCFF982MJP	ENCSR106RBR	ENCSR246WUN	ChromBPNet	sequence motifs instances	bigBed	DNase-seq	none	muscle-of-back	muscle	muscle	musculature	none	none	passed
ENCFF012JTO	ENCFF012JTO	ENCSR272RQX	ENCSR084ZVM	ChromBPNet	sequence motifs instances	bigBed	DNase-seq	none	muscle-of-leg	muscle	muscle	musculature	none	none	passed
ENCFF119TWT	ENCFF119TWT	ENCSR622CAH	ENCSR887XQO	ChromBPNet	sequence motifs instances	bigBed	DNase-seq	none	muscle-of-leg	muscle	muscle	musculature	none	none	passed
ENCFF145UFI	ENCFF145UFI	ENCSR059LXL	ENCSR771RUL	ChromBPNet	sequence motifs instances	bigBed	DNase-seq	none	muscle-of-leg	muscle	muscle	musculature	none	none	passed
ENCFF156AGT	ENCFF156AGT	ENCSR033DQS	ENCSR023VRN	ChromBPNet	sequence motifs instances	bigBed	DNase-seq	none	muscle-of-leg	muscle	muscle	musculature	none	none	passed
ENCFF198EKD	ENCFF198EKD	ENCSR167XSQ	ENCSR951VPU	ChromBPNet	sequence motifs instances	bigBed	DNase-seq	none	muscle-of-leg	muscle	muscle	musculature	none	none	passed
ENCFF237OAB	ENCFF237OAB	ENCSR286WIA	ENCSR563QIN	ChromBPNet	sequence motifs instances	bigBed	DNase-seq	none	muscle-of-leg	muscle	muscle	musculature	none	none	passed
ENCFF360JIL	ENCFF360JIL	ENCSR198JXW	ENCSR915HQH	ChromBPNet	sequence motifs instances	bigBed	DNase-seq	none	muscle-of-leg	muscle	muscle	musculature	none	none	passed
ENCFF388FPY	ENCFF388FPY	ENCSR938UOR	ENCSR642UBP	ChromBPNet	sequence motifs instances	bigBed	DNase-seq	none	muscle-of-leg	muscle	muscle	musculature	none	none	passed
ENCFF544RDL	ENCFF544RDL	ENCSR294QCR	ENCSR146ZYL	ChromBPNet	sequence motifs instances	bigBed	DNase-seq	none	muscle-of-leg	muscle	muscle	musculature	none	none	passed
ENCFF672VVC	ENCFF672VVC	ENCSR861NUH	ENCSR944QXV	ChromBPNet	sequence motifs instances	bigBed	DNase-seq	none	muscle-of-leg	muscle	muscle	musculature	none	none	passed
ENCFF884FFK	ENCFF884FFK	ENCSR297ORG	ENCSR127GFJ	ChromBPNet	sequence motifs instances	bigBed	DNase-seq	none	muscle-of-leg	muscle	muscle	musculature	none	none	passed
ENCFF926XDQ	ENCFF926XDQ	ENCSR937RVN	ENCSR544GNB	ChromBPNet	sequence motifs instances	bigBed	DNase-seq	none	muscle-of-leg	muscle	muscle	musculature	none	none	passed
ENCFF158VVL	ENCFF158VVL	ENCSR217YRJ	ENCSR183INL	ChromBPNet	sequence motifs instances	bigBed	DNase-seq	none	muscle-of-trunk	muscle	muscle	musculature	none	none	passed
ENCFF171HQY	ENCFF171HQY	ENCSR411MGY	ENCSR276ZAN	ChromBPNet	sequence motifs instances	bigBed	DNase-seq	none	muscle-of-trunk	muscle	muscle	musculature	none	none	passed
ENCFF257QPR	ENCFF257QPR	ENCSR440FZS	ENCSR038BQY	ChromBPNet	sequence motifs instances	bigBed	DNase-seq	none	muscle-of-trunk	muscle	muscle	musculature	none	none	passed
ENCFF826AAK	ENCFF826AAK	ENCSR000EPD	ENCSR838EIU	ChromBPNet	sequence motifs instances	bigBed	DNase-seq	none	myocyte	myocyte	muscle	musculature	none	none	passed
ENCFF081RZE	ENCFF081RZE	ENCSR000EOP	ENCSR523GUI	ChromBPNet	sequence motifs instances	bigBed	DNase-seq	none	myotube	myotube	muscle	musculature	none	none	passed
ENCFF595NXL	ENCFF595NXL	ENCSR903WVU	ENCSR993ADC	ChromBPNet	sequence motifs instances	bigBed	ATAC-seq	none	naive-B-cell	b-cell	immune	immune-system	none	none	passed
ENCFF938PFK	ENCFF938PFK	ENCSR685OFR	ENCSR479HKQ	ChromBPNet	sequence motifs instances	bigBed	ATAC-seq	none	naive-B-cell	b-cell	immune	immune-system	none	none	passed
ENCFF242JFD	ENCFF242JFD	ENCSR480SNC	ENCSR365UQV	ChromBPNet	sequence motifs instances	bigBed	DNase-seq	none	naive-B-cell	b-cell	immune	immune-system	none	none	passed
ENCFF569QUS	ENCFF569QUS	ENCSR739VKY	ENCSR167ROT	ChromBPNet	sequence motifs instances	bigBed	DNase-seq	none	naive-B-cell	b-cell	immune	immune-system	none	none	passed
ENCFF177RQJ	ENCFF177RQJ	ENCSR260LAN	ENCSR973ELB	ChromBPNet	sequence motifs instances	bigBed	ATAC-seq	none	naive-thymus-derived-CD4-positive,-alpha-beta-T-cell	t-cell	immune	immune-system	none	none	passed
ENCFF456AWR	ENCFF456AWR	ENCSR452COS	ENCSR021MKA	ChromBPNet	sequence motifs instances	bigBed	ATAC-seq	none	naive-thymus-derived-CD4-positive,-alpha-beta-T-cell	t-cell	immune	immune-system	none	none	passed
ENCFF075AFO	ENCFF075AFO	ENCSR969QKG	ENCSR000SWL	ChromBPNet	sequence motifs instances	bigBed	DNase-seq	none	naive-thymus-derived-CD4-positive,-alpha-beta-T-cell	t-cell	immune	immune-system	none	none	passed
ENCFF392UHV	ENCFF392UHV	ENCSR125OEJ	ENCSR777DQL	ChromBPNet	sequence motifs instances	bigBed	DNase-seq	none	naive-thymus-derived-CD4-positive,-alpha-beta-T-cell	t-cell	immune	immune-system	none	none	passed
ENCFF486MCV	ENCFF486MCV	ENCSR531AYV	ENCSR264EXC	ChromBPNet	sequence motifs instances	bigBed	DNase-seq	none	naive-thymus-derived-CD4-positive,-alpha-beta-T-cell	t-cell	immune	immune-system	none	none	passed
ENCFF507QMX	ENCFF507QMX	ENCSR000EML	ENCSR792XWI	ChromBPNet	sequence motifs instances	bigBed	DNase-seq	none	naive-thymus-derived-CD4-positive,-alpha-beta-T-cell	t-cell	immune	immune-system	none	none	passed
ENCFF537TCI	ENCFF537TCI	ENCSR387EYA	ENCSR410LHN	ChromBPNet	sequence motifs instances	bigBed	DNase-seq	none	naive-thymus-derived-CD4-positive,-alpha-beta-T-cell	t-cell	immune	immune-system	none	none	passed
ENCFF644JYW	ENCFF644JYW	ENCSR000EMM	ENCSR955XIL	ChromBPNet	sequence motifs instances	bigBed	DNase-seq	none	naive-thymus-derived-CD4-positive,-alpha-beta-T-cell	t-cell	immune	immune-system	none	none	passed
ENCFF644ZMN	ENCFF644ZMN	ENCSR232NLA	ENCSR490VKT	ChromBPNet	sequence motifs instances	bigBed	DNase-seq	none	naive-thymus-derived-CD4-positive,-alpha-beta-T-cell	t-cell	immune	immune-system	none	none	passed
ENCFF227QRY	ENCFF227QRY	ENCSR614JAG	ENCSR996BEY	ChromBPNet	sequence motifs instances	bigBed	ATAC-seq	none	naive-thymus-derived-CD8-positive,-alpha-beta-T-cell	t-cell	immune	immune-system	none	none	passed
ENCFF508VOO	ENCFF508VOO	ENCSR513EVP	ENCSR531ENM	ChromBPNet	sequence motifs instances	bigBed	ATAC-seq	none	naive-thymus-derived-CD8-positive,-alpha-beta-T-cell	t-cell	immune	immune-system	none	none	passed
ENCFF591WAJ	ENCFF591WAJ	ENCSR283LPH	ENCSR035TEW	ChromBPNet	sequence motifs instances	bigBed	ATAC-seq	none	naive-thymus-derived-CD8-positive,-alpha-beta-T-cell	t-cell	immune	immune-system	none	none	passed
ENCFF088JJH	ENCFF088JJH	ENCSR445QDZ	ENCSR650ORE	ChromBPNet	sequence motifs instances	bigBed	DNase-seq	none	naive-thymus-derived-CD8-positive,-alpha-beta-T-cell	t-cell	immune	immune-system	none	none	passed
ENCFF278ZTG	ENCFF278ZTG	ENCSR283TME	ENCSR399CMA	ChromBPNet	sequence motifs instances	bigBed	DNase-seq	none	naive-thymus-derived-CD8-positive,-alpha-beta-T-cell	t-cell	immune	immune-system	none	none	passed
ENCFF525UEO	ENCFF525UEO	ENCSR296TFH	ENCSR868BMM	ChromBPNet	sequence motifs instances	bigBed	DNase-seq	none	naive-thymus-derived-CD8-positive,-alpha-beta-T-cell	t-cell	immune	immune-system	none	none	passed
ENCFF609SYH	ENCFF609SYH	ENCSR889ONK	ENCSR668QCT	ChromBPNet	sequence motifs instances	bigBed	DNase-seq	none	naive-thymus-derived-CD8-positive,-alpha-beta-T-cell	t-cell	immune	immune-system	none	none	passed
ENCFF635LYY	ENCFF635LYY	ENCSR237BOF	ENCSR554LKW	ChromBPNet	sequence motifs instances	bigBed	DNase-seq	none	naive-thymus-derived-CD8-positive,-alpha-beta-T-cell	t-cell	immune	immune-system	none	none	passed
ENCFF684JFB	ENCFF684JFB	ENCSR367WVH	ENCSR709FWR	ChromBPNet	sequence motifs instances	bigBed	DNase-seq	none	naive-thymus-derived-CD8-positive,-alpha-beta-T-cell	t-cell	immune	immune-system	none	none	passed
ENCFF713ZIC	ENCFF713ZIC	ENCSR703VGI	ENCSR929NKA	ChromBPNet	sequence motifs instances	bigBed	DNase-seq	none	naive-thymus-derived-CD8-positive,-alpha-beta-T-cell	t-cell	immune	immune-system	none	none	passed
ENCFF921RDQ	ENCFF921RDQ	ENCSR332HAD	ENCSR132JVG	ChromBPNet	sequence motifs instances	bigBed	DNase-seq	none	naive-thymus-derived-CD8-positive,-alpha-beta-T-cell	t-cell	immune	immune-system	none	none	passed
ENCFF418BLK	ENCFF418BLK	ENCSR305QTE	ENCSR015SXE	ChromBPNet	sequence motifs instances	bigBed	ATAC-seq	none	natural-killer-cell	killer	immune	immune-system	none	none	passed
ENCFF509SLG	ENCFF509SLG	ENCSR854TTM	ENCSR360EPT	ChromBPNet	sequence motifs instances	bigBed	ATAC-seq	none	natural-killer-cell	killer	immune	immune-system	none	none	passed
ENCFF600ISD	ENCFF600ISD	ENCSR044ATC	ENCSR038PBG	ChromBPNet	sequence motifs instances	bigBed	ATAC-seq	none	natural-killer-cell	killer	immune	immune-system	none	none	passed
ENCFF655OOR	ENCFF655OOR	ENCSR808HWS	ENCSR364XYG	ChromBPNet	sequence motifs instances	bigBed	ATAC-seq	none	natural-killer-cell	killer	immune	immune-system	none	none	passed
ENCFF786UFP	ENCFF786UFP	ENCSR373GMM	ENCSR629AOL	ChromBPNet	sequence motifs instances	bigBed	ATAC-seq	none	natural-killer-cell	killer	immune	immune-system	none	none	passed
ENCFF068NHM	ENCFF068NHM	ENCSR409ZBD	ENCSR614AIX	ChromBPNet	sequence motifs instances	bigBed	DNase-seq	none	natural-killer-cell	killer	immune	immune-system	none	none	passed
ENCFF230CGD	ENCFF230CGD	ENCSR723JLG	ENCSR494GOI	ChromBPNet	sequence motifs instances	bigBed	DNase-seq	none	natural-killer-cell	killer	immune	immune-system	none	none	passed
ENCFF356TEL	ENCFF356TEL	ENCSR704HNG	ENCSR294YZE	ChromBPNet	sequence motifs instances	bigBed	DNase-seq	none	natural-killer-cell	killer	immune	immune-system	none	none	passed
ENCFF376ZUW	ENCFF376ZUW	ENCSR407WGG	ENCSR373EGC	ChromBPNet	sequence motifs instances	bigBed	DNase-seq	none	natural-killer-cell	killer	immune	immune-system	none	none	passed
ENCFF427XDQ	ENCFF427XDQ	ENCSR794TLA	ENCSR375KAT	ChromBPNet	sequence motifs instances	bigBed	DNase-seq	none	natural-killer-cell	killer	immune	immune-system	none	none	passed
ENCFF520CGW	ENCFF520CGW	ENCSR975LGK	ENCSR877QBD	ChromBPNet	sequence motifs instances	bigBed	DNase-seq	none	natural-killer-cell	killer	immune	immune-system	none	none	passed
ENCFF730YQP	ENCFF730YQP	ENCSR718AAB	ENCSR937NLZ	ChromBPNet	sequence motifs instances	bigBed	DNase-seq	none	natural-killer-cell	killer	immune	immune-system	none	none	passed
ENCFF094AKF	ENCFF094AKF	ENCSR503UNA	ENCSR071WOZ	ChromBPNet	sequence motifs instances	bigBed	DNase-seq	none	nephron-progenitor-cell	nephron	kidney	excretory-system	none	none	passed
ENCFF237HFV	ENCFF237HFV	ENCSR826URD	ENCSR595VCF	ChromBPNet	sequence motifs instances	bigBed	DNase-seq	none	neural-crest-cell	neural	nerve	central-nervous-system	none	none	passed
ENCFF265LYY	ENCFF265LYY	ENCSR963ALV	ENCSR648YLB	ChromBPNet	sequence motifs instances	bigBed	DNase-seq	none	neural-progenitor-cell	neural	nerve	central-nervous-system	none	none	passed
ENCFF855YKO	ENCFF855YKO	ENCSR278FVO	ENCSR127MYY	ChromBPNet	sequence motifs instances	bigBed	DNase-seq	none	neuronal-stem-cell	stem-cell	stem-cell	developmental-system	none	none	passed
ENCFF836MIW	ENCFF836MIW	ENCSR788TRR	ENCSR095QNL	ChromBPNet	sequence motifs instances	bigBed	ATAC-seq	none	omental-fat-pad	fat	skin	integumental-system	none	none	passed
ENCFF351RSO	ENCFF351RSO	ENCSR693UHT	ENCSR299WQM	ChromBPNet	sequence motifs instances	bigBed	DNase-seq	none	omental-fat-pad	fat	skin	integumental-system	none	none	passed
ENCFF672EKP	ENCFF672EKP	ENCSR818HHN	ENCSR062CWJ	ChromBPNet	sequence motifs instances	bigBed	DNase-seq	none	osteocyte	osteocyte	bone	skeletal-system	none	none	passed
ENCFF011EBX	ENCFF011EBX	ENCSR227FVE	ENCSR340JVJ	ChromBPNet	sequence motifs instances	bigBed	ATAC-seq	none	ovary	ovary	ovary	reproductive-system	none	none	passed
ENCFF116GVH	ENCFF116GVH	ENCSR996ZCR	ENCSR886QCR	ChromBPNet	sequence motifs instances	bigBed	ATAC-seq	none	ovary	ovary	ovary	reproductive-system	none	none	passed
ENCFF295ICD	ENCFF295ICD	ENCSR571JFO	ENCSR331CJJ	ChromBPNet	sequence motifs instances	bigBed	ATAC-seq	none	ovary	ovary	ovary	reproductive-system	none	none	passed
ENCFF370DIZ	ENCFF370DIZ	ENCSR392UJM	ENCSR543CFL	ChromBPNet	sequence motifs instances	bigBed	ATAC-seq	none	ovary	ovary	ovary	reproductive-system	none	none	passed
ENCFF562CKC	ENCFF562CKC	ENCSR490MSG	ENCSR121QXN	ChromBPNet	sequence motifs instances	bigBed	ATAC-seq	none	ovary	ovary	ovary	reproductive-system	none	none	passed
ENCFF801TGK	ENCFF801TGK	ENCSR872MAO	ENCSR757ROR	ChromBPNet	sequence motifs instances	bigBed	ATAC-seq	none	ovary	ovary	ovary	reproductive-system	none	none	passed
ENCFF972ABM	ENCFF972ABM	ENCSR476WNA	ENCSR629AVX	ChromBPNet	sequence motifs instances	bigBed	ATAC-seq	none	ovary	ovary	ovary	reproductive-system	none	none	passed
ENCFF082OXS	ENCFF082OXS	ENCSR712PYJ	ENCSR377QSX	ChromBPNet	sequence motifs instances	bigBed	DNase-seq	none	ovary	ovary	ovary	reproductive-system	none	none	passed
ENCFF134WYJ	ENCFF134WYJ	ENCSR872DUY	ENCSR544UHC	ChromBPNet	sequence motifs instances	bigBed	DNase-seq	none	ovary	ovary	ovary	reproductive-system	none	none	passed
ENCFF141XNT	ENCFF141XNT	ENCSR930PDT	ENCSR566KYS	ChromBPNet	sequence motifs instances	bigBed	DNase-seq	none	ovary	ovary	ovary	reproductive-system	none	none	passed
ENCFF339ZZA	ENCFF339ZZA	ENCSR138UGH	ENCSR909JOK	ChromBPNet	sequence motifs instances	bigBed	DNase-seq	none	ovary	ovary	ovary	reproductive-system	none	none	passed
ENCFF374KHA	ENCFF374KHA	ENCSR330ZBO	ENCSR176QSI	ChromBPNet	sequence motifs instances	bigBed	DNase-seq	none	ovary	ovary	ovary	reproductive-system	none	none	passed
ENCFF441HII	ENCFF441HII	ENCSR732RIC	ENCSR932WJY	ChromBPNet	sequence motifs instances	bigBed	DNase-seq	none	ovary	ovary	ovary	reproductive-system	none	none	passed
ENCFF493CFO	ENCFF493CFO	ENCSR798XLO	ENCSR399QPF	ChromBPNet	sequence motifs instances	bigBed	DNase-seq	none	ovary	ovary	ovary	reproductive-system	none	none	passed
ENCFF565VUU	ENCFF565VUU	ENCSR428XAX	ENCSR941ZNH	ChromBPNet	sequence motifs instances	bigBed	DNase-seq	none	ovary	ovary	ovary	reproductive-system	none	none	passed
ENCFF658OZS	ENCFF658OZS	ENCSR365NDK	ENCSR064VAE	ChromBPNet	sequence motifs instances	bigBed	DNase-seq	none	ovary	ovary	ovary	reproductive-system	none	none	passed
ENCFF080RJR	ENCFF080RJR	ENCSR530XBF	ENCSR114HVO	ChromBPNet	sequence motifs instances	bigBed	ATAC-seq	none	pancreas	pancreas	pancreas	digestive-system	none	none	passed
ENCFF196CKP	ENCFF196CKP	ENCSR705KEB	ENCSR305AHO	ChromBPNet	sequence motifs instances	bigBed	ATAC-seq	none	pancreas	pancreas	pancreas	digestive-system	none	none	passed
ENCFF702XAR	ENCFF702XAR	ENCSR918TVE	ENCSR170MMS	ChromBPNet	sequence motifs instances	bigBed	ATAC-seq	none	pancreas	pancreas	pancreas	digestive-system	none	none	passed
ENCFF769OVW	ENCFF769OVW	ENCSR808ZMK	ENCSR413MSV	ChromBPNet	sequence motifs instances	bigBed	ATAC-seq	none	pancreas	pancreas	pancreas	digestive-system	none	none	passed
ENCFF810JUF	ENCFF810JUF	ENCSR251POP	ENCSR720FMM	ChromBPNet	sequence motifs instances	bigBed	ATAC-seq	none	pancreas	pancreas	pancreas	digestive-system	none	none	passed
ENCFF249XUX	ENCFF249XUX	ENCSR236KPK	ENCSR025GTZ	ChromBPNet	sequence motifs instances	bigBed	DNase-seq	none	pancreas	pancreas	pancreas	digestive-system	none	none	passed
ENCFF593WBT	ENCFF593WBT	ENCSR595HZQ	ENCSR265WLZ	ChromBPNet	sequence motifs instances	bigBed	DNase-seq	none	pancreas	pancreas	pancreas	digestive-system	none	none	passed
ENCFF822YVT	ENCFF822YVT	ENCSR242RPQ	ENCSR075BMD	ChromBPNet	sequence motifs instances	bigBed	DNase-seq	none	pancreas	pancreas	pancreas	digestive-system	none	none	passed
ENCFF841OWE	ENCFF841OWE	ENCSR056PFI	ENCSR473DPG	ChromBPNet	sequence motifs instances	bigBed	DNase-seq	none	pancreas	pancreas	pancreas	digestive-system	none	none	passed
ENCFF889HRK	ENCFF889HRK	ENCSR178JBL	ENCSR627VXK	ChromBPNet	sequence motifs instances	bigBed	DNase-seq	none	pancreas	pancreas	pancreas	digestive-system	none	none	passed
ENCFF895XFK	ENCFF895XFK	ENCSR999VDH	ENCSR855ANC	ChromBPNet	sequence motifs instances	bigBed	DNase-seq	none	pancreas	pancreas	pancreas	digestive-system	none	none	passed
ENCFF977ARE	ENCFF977ARE	ENCSR338NEI	ENCSR601UXA	ChromBPNet	sequence motifs instances	bigBed	DNase-seq	none	pancreas	pancreas	pancreas	digestive-system	none	none	passed
ENCFF044YKC	ENCFF044YKC	ENCSR395EZY	ENCSR215BSD	ChromBPNet	sequence motifs instances	bigBed	DNase-seq	none	placenta	placenta	placenta	reproductive-system	none	none	passed
ENCFF155DMD	ENCFF155DMD	ENCSR267UFM	ENCSR086ALK	ChromBPNet	sequence motifs instances	bigBed	DNase-seq	none	placenta	placenta	placenta	reproductive-system	none	none	passed
ENCFF168BXG	ENCFF168BXG	ENCSR499IFY	ENCSR320MUC	ChromBPNet	sequence motifs instances	bigBed	DNase-seq	none	placenta	placenta	placenta	reproductive-system	none	none	passed
ENCFF225ATH	ENCFF225ATH	ENCSR212VEN	ENCSR965KKV	ChromBPNet	sequence motifs instances	bigBed	DNase-seq	none	placenta	placenta	placenta	reproductive-system	none	none	passed
ENCFF254HNH	ENCFF254HNH	ENCSR552XJI	ENCSR786QPI	ChromBPNet	sequence motifs instances	bigBed	DNase-seq	none	placenta	placenta	placenta	reproductive-system	none	none	passed
ENCFF269LAP	ENCFF269LAP	ENCSR802AJE	ENCSR699KFI	ChromBPNet	sequence motifs instances	bigBed	DNase-seq	none	placenta	placenta	placenta	reproductive-system	none	none	passed
ENCFF304GZE	ENCFF304GZE	ENCSR989YIV	ENCSR638CZD	ChromBPNet	sequence motifs instances	bigBed	DNase-seq	none	placenta	placenta	placenta	reproductive-system	none	none	passed
ENCFF394LFP	ENCFF394LFP	ENCSR575VMI	ENCSR900IMX	ChromBPNet	sequence motifs instances	bigBed	DNase-seq	none	placenta	placenta	placenta	reproductive-system	none	none	passed
ENCFF397NRV	ENCFF397NRV	ENCSR552RKI	ENCSR917FYG	ChromBPNet	sequence motifs instances	bigBed	DNase-seq	none	placenta	placenta	placenta	reproductive-system	none	none	passed
ENCFF468CWH	ENCFF468CWH	ENCSR922YEW	ENCSR620JGM	ChromBPNet	sequence motifs instances	bigBed	DNase-seq	none	placenta	placenta	placenta	reproductive-system	none	none	passed
ENCFF599ZHF	ENCFF599ZHF	ENCSR126EVK	ENCSR283EJN	ChromBPNet	sequence motifs instances	bigBed	DNase-seq	none	placenta	placenta	placenta	reproductive-system	none	none	passed
ENCFF661HYX	ENCFF661HYX	ENCSR129TSG	ENCSR331GAY	ChromBPNet	sequence motifs instances	bigBed	DNase-seq	none	placenta	placenta	placenta	reproductive-system	none	none	passed
ENCFF689UEB	ENCFF689UEB	ENCSR689FYA	ENCSR416VPY	ChromBPNet	sequence motifs instances	bigBed	DNase-seq	none	placenta	placenta	placenta	reproductive-system	none	none	passed
ENCFF728KYW	ENCFF728KYW	ENCSR685PCS	ENCSR197HKB	ChromBPNet	sequence motifs instances	bigBed	DNase-seq	none	placenta	placenta	placenta	reproductive-system	none	none	passed
ENCFF766HRX	ENCFF766HRX	ENCSR648RAX	ENCSR603HZX	ChromBPNet	sequence motifs instances	bigBed	DNase-seq	none	placenta	placenta	placenta	reproductive-system	none	none	passed
ENCFF780SHM	ENCFF780SHM	ENCSR336RGT	ENCSR823CJN	ChromBPNet	sequence motifs instances	bigBed	DNase-seq	none	placenta	placenta	placenta	reproductive-system	none	none	passed
ENCFF888HWI	ENCFF888HWI	ENCSR503RWO	ENCSR732YAH	ChromBPNet	sequence motifs instances	bigBed	DNase-seq	none	placenta	placenta	placenta	reproductive-system	none	none	passed
ENCFF900YQS	ENCFF900YQS	ENCSR545KQR	ENCSR670KSX	ChromBPNet	sequence motifs instances	bigBed	DNase-seq	none	placenta	placenta	placenta	reproductive-system	none	none	passed
ENCFF922MSZ	ENCFF922MSZ	ENCSR035QHH	ENCSR238VPR	ChromBPNet	sequence motifs instances	bigBed	DNase-seq	none	placenta	placenta	placenta	reproductive-system	none	none	passed
ENCFF942ORM	ENCFF942ORM	ENCSR566VAK	ENCSR178HDU	ChromBPNet	sequence motifs instances	bigBed	DNase-seq	none	placenta	placenta	placenta	reproductive-system	none	none	passed
ENCFF994RAN	ENCFF994RAN	ENCSR831QMZ	ENCSR398EUE	ChromBPNet	sequence motifs instances	bigBed	DNase-seq	none	placenta	placenta	placenta	reproductive-system	none	none	passed
ENCFF997AQB	ENCFF997AQB	ENCSR656KLT	ENCSR027FLL	ChromBPNet	sequence motifs instances	bigBed	DNase-seq	none	placenta	placenta	placenta	reproductive-system	none	none	passed
ENCFF794LVP	ENCFF794LVP	ENCSR829MXU	ENCSR321NZH	ChromBPNet	sequence motifs instances	bigBed	DNase-seq	none	pons	cell-line	cell-line	cell-line	none	none	passed
ENCFF126LUI	ENCFF126LUI	ENCSR729FNL	ENCSR763OVZ	ChromBPNet	sequence motifs instances	bigBed	ATAC-seq	none	posterior-cingulate-cortex	cingulate	brain	central-nervous-system	none	none	passed
ENCFF004WYN	ENCFF004WYN	ENCSR579RVI	ENCSR272TWH	ChromBPNet	sequence motifs instances	bigBed	DNase-seq	none	posterior-cingulate-gyrus	gyrus	brain	central-nervous-system	none	none	passed
ENCFF012PLA	ENCFF012PLA	ENCSR654GSG	ENCSR725JHA	ChromBPNet	sequence motifs instances	bigBed	DNase-seq	none	posterior-cingulate-gyrus	gyrus	brain	central-nervous-system	none	none	passed
ENCFF030EAC	ENCFF030EAC	ENCSR006XFA	ENCSR876CEU	ChromBPNet	sequence motifs instances	bigBed	DNase-seq	none	posterior-cingulate-gyrus	gyrus	brain	central-nervous-system	none	none	passed
ENCFF032KIK	ENCFF032KIK	ENCSR590EFT	ENCSR122RRZ	ChromBPNet	sequence motifs instances	bigBed	DNase-seq	none	posterior-cingulate-gyrus	gyrus	brain	central-nervous-system	none	none	passed
ENCFF037AFV	ENCFF037AFV	ENCSR908MUU	ENCSR634QJR	ChromBPNet	sequence motifs instances	bigBed	DNase-seq	none	posterior-cingulate-gyrus	gyrus	brain	central-nervous-system	none	none	passed
ENCFF049WEN	ENCFF049WEN	ENCSR330LFP	ENCSR416SYF	ChromBPNet	sequence motifs instances	bigBed	DNase-seq	none	posterior-cingulate-gyrus	gyrus	brain	central-nervous-system	none	none	passed
ENCFF092SEE	ENCFF092SEE	ENCSR885ZBV	ENCSR877WHN	ChromBPNet	sequence motifs instances	bigBed	DNase-seq	none	posterior-cingulate-gyrus	gyrus	brain	central-nervous-system	none	none	passed
ENCFF095VQL	ENCFF095VQL	ENCSR503UFM	ENCSR545CXX	ChromBPNet	sequence motifs instances	bigBed	DNase-seq	none	posterior-cingulate-gyrus	gyrus	brain	central-nervous-system	none	none	passed
ENCFF142ILV	ENCFF142ILV	ENCSR581LHW	ENCSR770IPC	ChromBPNet	sequence motifs instances	bigBed	DNase-seq	none	posterior-cingulate-gyrus	gyrus	brain	central-nervous-system	none	none	passed
ENCFF186KGG	ENCFF186KGG	ENCSR729TYE	ENCSR873ZRY	ChromBPNet	sequence motifs instances	bigBed	DNase-seq	none	posterior-cingulate-gyrus	gyrus	brain	central-nervous-system	none	none	passed
ENCFF261NVR	ENCFF261NVR	ENCSR612IKQ	ENCSR279PMA	ChromBPNet	sequence motifs instances	bigBed	DNase-seq	none	posterior-cingulate-gyrus	gyrus	brain	central-nervous-system	none	none	passed
ENCFF321OOI	ENCFF321OOI	ENCSR365FVU	ENCSR725IHL	ChromBPNet	sequence motifs instances	bigBed	DNase-seq	none	posterior-cingulate-gyrus	gyrus	brain	central-nervous-system	none	none	passed
ENCFF403NXF	ENCFF403NXF	ENCSR943MRO	ENCSR882VUI	ChromBPNet	sequence motifs instances	bigBed	DNase-seq	none	posterior-cingulate-gyrus	gyrus	brain	central-nervous-system	none	none	passed
ENCFF407KRF	ENCFF407KRF	ENCSR846VGZ	ENCSR642MZG	ChromBPNet	sequence motifs instances	bigBed	DNase-seq	none	posterior-cingulate-gyrus	gyrus	brain	central-nervous-system	none	none	passed
ENCFF493ZMR	ENCFF493ZMR	ENCSR789FJF	ENCSR932TFQ	ChromBPNet	sequence motifs instances	bigBed	DNase-seq	none	posterior-cingulate-gyrus	gyrus	brain	central-nervous-system	none	none	passed
ENCFF538VMO	ENCFF538VMO	ENCSR037PIU	ENCSR025VNG	ChromBPNet	sequence motifs instances	bigBed	DNase-seq	none	posterior-cingulate-gyrus	gyrus	brain	central-nervous-system	none	none	passed
ENCFF539ZMP	ENCFF539ZMP	ENCSR433NEX	ENCSR150BEX	ChromBPNet	sequence motifs instances	bigBed	DNase-seq	none	posterior-cingulate-gyrus	gyrus	brain	central-nervous-system	none	none	passed
ENCFF558ZJG	ENCFF558ZJG	ENCSR563CZB	ENCSR536OGN	ChromBPNet	sequence motifs instances	bigBed	DNase-seq	none	posterior-cingulate-gyrus	gyrus	brain	central-nervous-system	none	none	passed
ENCFF570ZPM	ENCFF570ZPM	ENCSR258POP	ENCSR274UQO	ChromBPNet	sequence motifs instances	bigBed	DNase-seq	none	posterior-cingulate-gyrus	gyrus	brain	central-nervous-system	none	none	passed
ENCFF572XAZ	ENCFF572XAZ	ENCSR599JZA	ENCSR006UIC	ChromBPNet	sequence motifs instances	bigBed	DNase-seq	none	posterior-cingulate-gyrus	gyrus	brain	central-nervous-system	none	none	passed
ENCFF580PXG	ENCFF580PXG	ENCSR784GVR	ENCSR440TNT	ChromBPNet	sequence motifs instances	bigBed	DNase-seq	none	posterior-cingulate-gyrus	gyrus	brain	central-nervous-system	none	none	passed
ENCFF607ZJE	ENCFF607ZJE	ENCSR690CVL	ENCSR436PSQ	ChromBPNet	sequence motifs instances	bigBed	DNase-seq	none	posterior-cingulate-gyrus	gyrus	brain	central-nervous-system	none	none	passed
ENCFF636KMR	ENCFF636KMR	ENCSR822GDF	ENCSR356SEV	ChromBPNet	sequence motifs instances	bigBed	DNase-seq	none	posterior-cingulate-gyrus	gyrus	brain	central-nervous-system	none	none	passed
ENCFF655QFK	ENCFF655QFK	ENCSR510GRY	ENCSR747VAH	ChromBPNet	sequence motifs instances	bigBed	DNase-seq	none	posterior-cingulate-gyrus	gyrus	brain	central-nervous-system	none	none	passed
ENCFF695WME	ENCFF695WME	ENCSR987CQN	ENCSR197OKX	ChromBPNet	sequence motifs instances	bigBed	DNase-seq	none	posterior-cingulate-gyrus	gyrus	brain	central-nervous-system	none	none	passed
ENCFF701XKR	ENCFF701XKR	ENCSR887VUC	ENCSR907WJT	ChromBPNet	sequence motifs instances	bigBed	DNase-seq	none	posterior-cingulate-gyrus	gyrus	brain	central-nervous-system	none	none	passed
ENCFF716CFQ	ENCFF716CFQ	ENCSR652IZW	ENCSR232HGF	ChromBPNet	sequence motifs instances	bigBed	DNase-seq	none	posterior-cingulate-gyrus	gyrus	brain	central-nervous-system	none	none	passed
ENCFF739YVP	ENCFF739YVP	ENCSR555DLG	ENCSR200CIY	ChromBPNet	sequence motifs instances	bigBed	DNase-seq	none	posterior-cingulate-gyrus	gyrus	brain	central-nervous-system	none	none	passed
ENCFF756ZYA	ENCFF756ZYA	ENCSR112AKE	ENCSR637GYM	ChromBPNet	sequence motifs instances	bigBed	DNase-seq	none	posterior-cingulate-gyrus	gyrus	brain	central-nervous-system	none	none	passed
ENCFF781FFK	ENCFF781FFK	ENCSR502FPR	ENCSR638JQB	ChromBPNet	sequence motifs instances	bigBed	DNase-seq	none	posterior-cingulate-gyrus	gyrus	brain	central-nervous-system	none	none	passed
ENCFF783IRM	ENCFF783IRM	ENCSR924IHU	ENCSR810GRE	ChromBPNet	sequence motifs instances	bigBed	DNase-seq	none	posterior-cingulate-gyrus	gyrus	brain	central-nervous-system	none	none	passed
ENCFF796YIL	ENCFF796YIL	ENCSR709PZI	ENCSR934EQZ	ChromBPNet	sequence motifs instances	bigBed	DNase-seq	none	posterior-cingulate-gyrus	gyrus	brain	central-nervous-system	none	none	passed
ENCFF804RZK	ENCFF804RZK	ENCSR730IHD	ENCSR427IHY	ChromBPNet	sequence motifs instances	bigBed	DNase-seq	none	posterior-cingulate-gyrus	gyrus	brain	central-nervous-system	none	none	passed
ENCFF831PIM	ENCFF831PIM	ENCSR770JCP	ENCSR284XOX	ChromBPNet	sequence motifs instances	bigBed	DNase-seq	none	posterior-cingulate-gyrus	gyrus	brain	central-nervous-system	none	none	passed
ENCFF867LJM	ENCFF867LJM	ENCSR060UPU	ENCSR739OZZ	ChromBPNet	sequence motifs instances	bigBed	DNase-seq	none	posterior-cingulate-gyrus	gyrus	brain	central-nervous-system	none	none	passed
ENCFF890MAA	ENCFF890MAA	ENCSR859HEW	ENCSR836HQP	ChromBPNet	sequence motifs instances	bigBed	DNase-seq	none	posterior-cingulate-gyrus	gyrus	brain	central-nervous-system	none	none	passed
ENCFF901RRR	ENCFF901RRR	ENCSR628GQE	ENCSR571ZLT	ChromBPNet	sequence motifs instances	bigBed	DNase-seq	none	posterior-cingulate-gyrus	gyrus	brain	central-nervous-system	none	none	passed
ENCFF921ZOR	ENCFF921ZOR	ENCSR195GUK	ENCSR755WII	ChromBPNet	sequence motifs instances	bigBed	DNase-seq	none	posterior-cingulate-gyrus	gyrus	brain	central-nervous-system	none	none	passed
ENCFF923YRW	ENCFF923YRW	ENCSR086PIL	ENCSR607BQJ	ChromBPNet	sequence motifs instances	bigBed	DNase-seq	none	posterior-cingulate-gyrus	gyrus	brain	central-nervous-system	none	none	passed
ENCFF963YOS	ENCFF963YOS	ENCSR059ETS	ENCSR439IID	ChromBPNet	sequence motifs instances	bigBed	DNase-seq	none	posterior-cingulate-gyrus	gyrus	brain	central-nervous-system	none	none	passed
ENCFF971VMU	ENCFF971VMU	ENCSR694DOX	ENCSR206FDN	ChromBPNet	sequence motifs instances	bigBed	DNase-seq	none	posterior-cingulate-gyrus	gyrus	brain	central-nervous-system	none	none	passed
ENCFF977WSJ	ENCFF977WSJ	ENCSR577QZP	ENCSR012UEW	ChromBPNet	sequence motifs instances	bigBed	DNase-seq	none	posterior-cingulate-gyrus	gyrus	brain	central-nervous-system	none	none	passed
ENCFF984THH	ENCFF984THH	ENCSR098ISE	ENCSR250BPU	ChromBPNet	sequence motifs instances	bigBed	DNase-seq	none	posterior-cingulate-gyrus	gyrus	brain	central-nervous-system	none	none	passed
ENCFF065QKD	ENCFF065QKD	ENCSR913FZQ	ENCSR114CMC	ChromBPNet	sequence motifs instances	bigBed	ATAC-seq	none	posterior-vena-cava	vena-cava	heart	circulatory-system	none	none	passed
ENCFF142XWI	ENCFF142XWI	ENCSR213DBU	ENCSR914RTI	ChromBPNet	sequence motifs instances	bigBed	ATAC-seq	none	posterior-vena-cava	vena-cava	heart	circulatory-system	none	none	passed
ENCFF534GKK	ENCFF534GKK	ENCSR552QUA	ENCSR006QRD	ChromBPNet	sequence motifs instances	bigBed	ATAC-seq	none	posterior-vena-cava	vena-cava	heart	circulatory-system	none	none	passed
ENCFF541UEM	ENCFF541UEM	ENCSR324NVG	ENCSR729AQD	ChromBPNet	sequence motifs instances	bigBed	DNase-seq	none	posterior-vena-cava	vena-cava	heart	circulatory-system	none	none	passed
ENCFF462XZO	ENCFF462XZO	ENCSR169KNO	ENCSR863BVZ	ChromBPNet	sequence motifs instances	bigBed	DNase-seq	none	progenitor-cell-of-endocrine-pancreas	pancreas	pancreas	digestive-system	none	none	passed
ENCFF435PFM	ENCFF435PFM	ENCSR999NKW	ENCSR429DQO	ChromBPNet	sequence motifs instances	bigBed	ATAC-seq	none	prostate-gland	prostate	testis	reproductive-system	none	none	passed
ENCFF406LJK	ENCFF406LJK	ENCSR564FZH	ENCSR973CMW	ChromBPNet	sequence motifs instances	bigBed	DNase-seq	none	prostate-gland	prostate	testis	reproductive-system	none	none	passed
ENCFF251VPT	ENCFF251VPT	ENCSR774NXA	ENCSR312SIF	ChromBPNet	sequence motifs instances	bigBed	ATAC-seq	none	psoas-muscle	muscle	muscle	musculature	none	none	passed
ENCFF262HGQ	ENCFF262HGQ	ENCSR040DJK	ENCSR258FIF	ChromBPNet	sequence motifs instances	bigBed	ATAC-seq	none	psoas-muscle	muscle	muscle	musculature	none	none	passed
ENCFF410SIS	ENCFF410SIS	ENCSR886VCC	ENCSR629ZQZ	ChromBPNet	sequence motifs instances	bigBed	ATAC-seq	none	psoas-muscle	muscle	muscle	musculature	none	none	passed
ENCFF555UNX	ENCFF555UNX	ENCSR154UWN	ENCSR504WYI	ChromBPNet	sequence motifs instances	bigBed	ATAC-seq	none	psoas-muscle	muscle	muscle	musculature	none	none	passed
ENCFF796SVY	ENCFF796SVY	ENCSR890DWH	ENCSR056ZAE	ChromBPNet	sequence motifs instances	bigBed	ATAC-seq	none	psoas-muscle	muscle	muscle	musculature	none	none	passed
ENCFF065TPG	ENCFF065TPG	ENCSR388DHS	ENCSR754PIB	ChromBPNet	sequence motifs instances	bigBed	DNase-seq	none	psoas-muscle	muscle	muscle	musculature	none	none	passed
ENCFF145WMN	ENCFF145WMN	ENCSR108SYM	ENCSR705JPE	ChromBPNet	sequence motifs instances	bigBed	DNase-seq	none	psoas-muscle	muscle	muscle	musculature	none	none	passed
ENCFF246GBJ	ENCFF246GBJ	ENCSR082PDJ	ENCSR530WDD	ChromBPNet	sequence motifs instances	bigBed	DNase-seq	none	psoas-muscle	muscle	muscle	musculature	none	none	passed
ENCFF476RYT	ENCFF476RYT	ENCSR426TPQ	ENCSR005MRB	ChromBPNet	sequence motifs instances	bigBed	DNase-seq	none	psoas-muscle	muscle	muscle	musculature	none	none	passed
ENCFF816JOI	ENCFF816JOI	ENCSR000EOG	ENCSR313RDW	ChromBPNet	sequence motifs instances	bigBed	DNase-seq	none	pulmonary-artery-endothelial-cell	artery	blood-vessel	circulatory-system	none	none	passed
ENCFF405HMA	ENCFF405HMA	ENCSR493VDS	ENCSR390LSY	ChromBPNet	sequence motifs instances	bigBed	DNase-seq	none	putamen	putamen	brain	central-nervous-system	none	none	passed
ENCFF025MIH	ENCFF025MIH	ENCSR656QYL	ENCSR696LFL	ChromBPNet	sequence motifs instances	bigBed	DNase-seq	none	renal-cortex-interstitium	renal	kidney	excretory-system	none	none	passed
ENCFF053MTS	ENCFF053MTS	ENCSR254AGA	ENCSR615RQE	ChromBPNet	sequence motifs instances	bigBed	DNase-seq	none	renal-cortex-interstitium	renal	kidney	excretory-system	none	none	passed
ENCFF078VGP	ENCFF078VGP	ENCSR129KIV	ENCSR828UUI	ChromBPNet	sequence motifs instances	bigBed	DNase-seq	none	renal-cortex-interstitium	renal	kidney	excretory-system	none	none	passed
ENCFF178HKB	ENCFF178HKB	ENCSR155NPL	ENCSR596EZJ	ChromBPNet	sequence motifs instances	bigBed	DNase-seq	none	renal-cortex-interstitium	renal	kidney	excretory-system	none	none	passed
ENCFF237HYP	ENCFF237HYP	ENCSR849OKE	ENCSR428GNJ	ChromBPNet	sequence motifs instances	bigBed	DNase-seq	none	renal-cortex-interstitium	renal	kidney	excretory-system	none	none	passed
ENCFF280CRG	ENCFF280CRG	ENCSR828RNY	ENCSR286LMR	ChromBPNet	sequence motifs instances	bigBed	DNase-seq	none	renal-cortex-interstitium	renal	kidney	excretory-system	none	none	passed
ENCFF435XIA	ENCFF435XIA	ENCSR851ZFT	ENCSR634EAJ	ChromBPNet	sequence motifs instances	bigBed	DNase-seq	none	renal-cortex-interstitium	renal	kidney	excretory-system	none	none	passed
ENCFF454KUY	ENCFF454KUY	ENCSR932DHT	ENCSR093WSI	ChromBPNet	sequence motifs instances	bigBed	DNase-seq	none	renal-cortex-interstitium	renal	kidney	excretory-system	none	none	passed
ENCFF607JDN	ENCFF607JDN	ENCSR550UWM	ENCSR100RQO	ChromBPNet	sequence motifs instances	bigBed	DNase-seq	none	renal-cortex-interstitium	renal	kidney	excretory-system	none	none	passed
ENCFF691GDT	ENCFF691GDT	ENCSR524DWS	ENCSR606XWT	ChromBPNet	sequence motifs instances	bigBed	DNase-seq	none	renal-cortex-interstitium	renal	kidney	excretory-system	none	none	passed
ENCFF878KVQ	ENCFF878KVQ	ENCSR022ECC	ENCSR670AUO	ChromBPNet	sequence motifs instances	bigBed	DNase-seq	none	renal-cortex-interstitium	renal	kidney	excretory-system	none	none	passed
ENCFF241NQB	ENCFF241NQB	ENCSR000EOK	ENCSR884QAZ	ChromBPNet	sequence motifs instances	bigBed	DNase-seq	none	renal-cortical-epithelial-cell	epithelial	epithelial	integumental-system	none	none	passed
ENCFF084TAE	ENCFF084TAE	ENCSR364TKL	ENCSR302PCL	ChromBPNet	sequence motifs instances	bigBed	DNase-seq	none	renal-pelvis	renal	kidney	excretory-system	none	none	passed
ENCFF253TVW	ENCFF253TVW	ENCSR141DMX	ENCSR938RWM	ChromBPNet	sequence motifs instances	bigBed	DNase-seq	none	renal-pelvis	renal	kidney	excretory-system	none	none	passed
ENCFF258JVP	ENCFF258JVP	ENCSR619DRM	ENCSR270KMO	ChromBPNet	sequence motifs instances	bigBed	DNase-seq	none	renal-pelvis	renal	kidney	excretory-system	none	none	passed
ENCFF276MYD	ENCFF276MYD	ENCSR606UAR	ENCSR717YBA	ChromBPNet	sequence motifs instances	bigBed	DNase-seq	none	renal-pelvis	renal	kidney	excretory-system	none	none	passed
ENCFF304EFP	ENCFF304EFP	ENCSR554WUJ	ENCSR696FIH	ChromBPNet	sequence motifs instances	bigBed	DNase-seq	none	renal-pelvis	renal	kidney	excretory-system	none	none	passed
ENCFF333VIR	ENCFF333VIR	ENCSR301RCD	ENCSR771GLY	ChromBPNet	sequence motifs instances	bigBed	DNase-seq	none	renal-pelvis	renal	kidney	excretory-system	none	none	passed
ENCFF411FLZ	ENCFF411FLZ	ENCSR913NYL	ENCSR843IAZ	ChromBPNet	sequence motifs instances	bigBed	DNase-seq	none	renal-pelvis	renal	kidney	excretory-system	none	none	passed
ENCFF493IMG	ENCFF493IMG	ENCSR911YVV	ENCSR607WVP	ChromBPNet	sequence motifs instances	bigBed	DNase-seq	none	renal-pelvis	renal	kidney	excretory-system	none	none	passed
ENCFF635PUC	ENCFF635PUC	ENCSR956ZHU	ENCSR551OOY	ChromBPNet	sequence motifs instances	bigBed	DNase-seq	none	renal-pelvis	renal	kidney	excretory-system	none	none	passed
ENCFF785SCW	ENCFF785SCW	ENCSR580OAH	ENCSR245HRL	ChromBPNet	sequence motifs instances	bigBed	DNase-seq	none	renal-pelvis	renal	kidney	excretory-system	none	none	passed
ENCFF258TDF	ENCFF258TDF	ENCSR621ENC	ENCSR889CEX	ChromBPNet	sequence motifs instances	bigBed	DNase-seq	none	retina	retina	eye	sensory-system	none	none	passed
ENCFF469UTM	ENCFF469UTM	ENCSR820ICX	ENCSR844KBU	ChromBPNet	sequence motifs instances	bigBed	DNase-seq	none	retina	retina	eye	sensory-system	none	none	passed
ENCFF763NGY	ENCFF763NGY	ENCSR474GZQ	ENCSR297VLK	ChromBPNet	sequence motifs instances	bigBed	DNase-seq	none	retina	retina	eye	sensory-system	none	none	passed
ENCFF135VOY	ENCFF135VOY	ENCSR062SVK	ENCSR400SCB	ChromBPNet	sequence motifs instances	bigBed	ATAC-seq	none	right-atrium-auricular-region	atrium	heart	circulatory-system	none	none	passed
ENCFF305QHK	ENCFF305QHK	ENCSR984SQJ	ENCSR158MHO	ChromBPNet	sequence motifs instances	bigBed	DNase-seq	none	right-atrium-auricular-region	atrium	heart	circulatory-system	none	none	passed
ENCFF233RBL	ENCFF233RBL	ENCSR452OSK	ENCSR940IWU	ChromBPNet	sequence motifs instances	bigBed	ATAC-seq	none	right-cardiac-atrium	cardiac	heart	circulatory-system	none	none	passed
ENCFF268HIX	ENCFF268HIX	ENCSR177JWR	ENCSR848OXW	ChromBPNet	sequence motifs instances	bigBed	ATAC-seq	none	right-cardiac-atrium	cardiac	heart	circulatory-system	none	none	passed
ENCFF716UWR	ENCFF716UWR	ENCSR213YPO	ENCSR934UQV	ChromBPNet	sequence motifs instances	bigBed	ATAC-seq	none	right-cardiac-atrium	cardiac	heart	circulatory-system	none	none	passed
ENCFF896TVV	ENCFF896TVV	ENCSR822BAD	ENCSR811MAY	ChromBPNet	sequence motifs instances	bigBed	ATAC-seq	none	right-cardiac-atrium	cardiac	heart	circulatory-system	none	none	passed
ENCFF364WDO	ENCFF364WDO	ENCSR485UQY	ENCSR613NVS	ChromBPNet	sequence motifs instances	bigBed	DNase-seq	none	right-cardiac-atrium	cardiac	heart	circulatory-system	none	none	passed
ENCFF614QUF	ENCFF614QUF	ENCSR622HTS	ENCSR193CJS	ChromBPNet	sequence motifs instances	bigBed	DNase-seq	none	right-cardiac-atrium	cardiac	heart	circulatory-system	none	none	passed
ENCFF704XOA	ENCFF704XOA	ENCSR374VQC	ENCSR067AYU	ChromBPNet	sequence motifs instances	bigBed	DNase-seq	none	right-cardiac-atrium	cardiac	heart	circulatory-system	none	none	passed
ENCFF585ZBJ	ENCFF585ZBJ	ENCSR274SDO	ENCSR279CNN	ChromBPNet	sequence motifs instances	bigBed	DNase-seq	none	right-forelimb	limb	limb	skeletal-system	none	none	passed
ENCFF993ZVG	ENCFF993ZVG	ENCSR449HOQ	ENCSR380NKC	ChromBPNet	sequence motifs instances	bigBed	DNase-seq	none	right-hindlimb	limb	limb	skeletal-system	none	none	passed
ENCFF075PVK	ENCFF075PVK	ENCSR036VRV	ENCSR731AJS	ChromBPNet	sequence motifs instances	bigBed	DNase-seq	none	right-kidney	kidney	kidney	excretory-system	none	none	passed
ENCFF255YFH	ENCFF255YFH	ENCSR765BSU	ENCSR353QCK	ChromBPNet	sequence motifs instances	bigBed	DNase-seq	none	right-kidney	kidney	kidney	excretory-system	none	none	passed
ENCFF259GFX	ENCFF259GFX	ENCSR871APX	ENCSR132IOD	ChromBPNet	sequence motifs instances	bigBed	DNase-seq	none	right-kidney	kidney	kidney	excretory-system	none	none	passed
ENCFF362JOM	ENCFF362JOM	ENCSR768OLL	ENCSR096EYF	ChromBPNet	sequence motifs instances	bigBed	DNase-seq	none	right-kidney	kidney	kidney	excretory-system	none	none	passed
ENCFF438HUZ	ENCFF438HUZ	ENCSR017TFH	ENCSR034ZHI	ChromBPNet	sequence motifs instances	bigBed	DNase-seq	none	right-kidney	kidney	kidney	excretory-system	none	none	passed
ENCFF594AXP	ENCFF594AXP	ENCSR670ZSA	ENCSR152FUS	ChromBPNet	sequence motifs instances	bigBed	DNase-seq	none	right-kidney	kidney	kidney	excretory-system	none	none	passed
ENCFF602MUC	ENCFF602MUC	ENCSR332BSB	ENCSR074ZCZ	ChromBPNet	sequence motifs instances	bigBed	DNase-seq	none	right-kidney	kidney	kidney	excretory-system	none	none	passed
ENCFF788ERS	ENCFF788ERS	ENCSR414ZUA	ENCSR193BUT	ChromBPNet	sequence motifs instances	bigBed	DNase-seq	none	right-kidney	kidney	kidney	excretory-system	none	none	passed
ENCFF851YPV	ENCFF851YPV	ENCSR990XXC	ENCSR325LOW	ChromBPNet	sequence motifs instances	bigBed	DNase-seq	none	right-kidney	kidney	kidney	excretory-system	none	none	passed
ENCFF908VMD	ENCFF908VMD	ENCSR884MCZ	ENCSR226CPF	ChromBPNet	sequence motifs instances	bigBed	DNase-seq	none	right-kidney	kidney	kidney	excretory-system	none	none	passed
ENCFF422KGF	ENCFF422KGF	ENCSR516CPW	ENCSR338RWJ	ChromBPNet	sequence motifs instances	bigBed	ATAC-seq	none	right-lobe-of-liver	liver	liver	digestive-system	none	none	passed
ENCFF512ORP	ENCFF512ORP	ENCSR952SPO	ENCSR059XGM	ChromBPNet	sequence motifs instances	bigBed	ATAC-seq	none	right-lobe-of-liver	liver	liver	digestive-system	none	none	passed
ENCFF707SGJ	ENCFF707SGJ	ENCSR685ZMP	ENCSR078CVS	ChromBPNet	sequence motifs instances	bigBed	ATAC-seq	none	right-lobe-of-liver	liver	liver	digestive-system	none	none	passed
ENCFF718GJR	ENCFF718GJR	ENCSR607BTF	ENCSR792VQM	ChromBPNet	sequence motifs instances	bigBed	ATAC-seq	none	right-lobe-of-liver	liver	liver	digestive-system	none	none	passed
ENCFF835XJX	ENCFF835XJX	ENCSR373TDL	ENCSR492VQG	ChromBPNet	sequence motifs instances	bigBed	ATAC-seq	none	right-lobe-of-liver	liver	liver	digestive-system	none	none	passed
ENCFF992CZU	ENCFF992CZU	ENCSR836FIL	ENCSR424OMB	ChromBPNet	sequence motifs instances	bigBed	ATAC-seq	none	right-lobe-of-liver	liver	liver	digestive-system	none	none	passed
ENCFF131MVN	ENCFF131MVN	ENCSR164TBP	ENCSR149LGO	ChromBPNet	sequence motifs instances	bigBed	DNase-seq	none	right-lobe-of-liver	liver	liver	digestive-system	none	none	passed
ENCFF283JBQ	ENCFF283JBQ	ENCSR608NWP	ENCSR475GDI	ChromBPNet	sequence motifs instances	bigBed	DNase-seq	none	right-lobe-of-liver	liver	liver	digestive-system	none	none	passed
ENCFF350BLB	ENCFF350BLB	ENCSR933GMM	ENCSR836SEK	ChromBPNet	sequence motifs instances	bigBed	DNase-seq	none	right-lobe-of-liver	liver	liver	digestive-system	none	none	passed
ENCFF814WMN	ENCFF814WMN	ENCSR628NEA	ENCSR889XMX	ChromBPNet	sequence motifs instances	bigBed	DNase-seq	none	right-lobe-of-liver	liver	liver	digestive-system	none	none	passed
ENCFF873ERL	ENCFF873ERL	ENCSR909HFI	ENCSR688GFI	ChromBPNet	sequence motifs instances	bigBed	DNase-seq	none	right-lobe-of-liver	liver	liver	digestive-system	none	none	passed
ENCFF397QFJ	ENCFF397QFJ	ENCSR441MMO	ENCSR894UGP	ChromBPNet	sequence motifs instances	bigBed	DNase-seq	none	right-lung	lung	lung	respiratory-system	none	none	passed
ENCFF509ONC	ENCFF509ONC	ENCSR299INS	ENCSR624DIU	ChromBPNet	sequence motifs instances	bigBed	DNase-seq	none	right-lung	lung	lung	respiratory-system	none	none	passed
ENCFF520SWK	ENCFF520SWK	ENCSR859KGQ	ENCSR228QKN	ChromBPNet	sequence motifs instances	bigBed	DNase-seq	none	right-lung	lung	lung	respiratory-system	none	none	passed
ENCFF645ZYF	ENCFF645ZYF	ENCSR263IGU	ENCSR557PGT	ChromBPNet	sequence motifs instances	bigBed	DNase-seq	none	right-lung	lung	lung	respiratory-system	none	none	passed
ENCFF713UDL	ENCFF713UDL	ENCSR964VVW	ENCSR701VLP	ChromBPNet	sequence motifs instances	bigBed	DNase-seq	none	right-lung	lung	lung	respiratory-system	none	none	passed
ENCFF740LVR	ENCFF740LVR	ENCSR445XYW	ENCSR314DCI	ChromBPNet	sequence motifs instances	bigBed	DNase-seq	none	right-lung	lung	lung	respiratory-system	none	none	passed
ENCFF775PXY	ENCFF775PXY	ENCSR947VPG	ENCSR013SFC	ChromBPNet	sequence motifs instances	bigBed	DNase-seq	none	right-lung	lung	lung	respiratory-system	none	none	passed
ENCFF302BBK	ENCFF302BBK	ENCSR268QCH	ENCSR122DAC	ChromBPNet	sequence motifs instances	bigBed	DNase-seq	none	right-renal-cortex-interstitium	renal	kidney	excretory-system	none	none	passed
ENCFF329VFS	ENCFF329VFS	ENCSR014VAC	ENCSR892XHO	ChromBPNet	sequence motifs instances	bigBed	DNase-seq	none	right-renal-cortex-interstitium	renal	kidney	excretory-system	none	none	passed
ENCFF540RIJ	ENCFF540RIJ	ENCSR887BNC	ENCSR452KFX	ChromBPNet	sequence motifs instances	bigBed	DNase-seq	none	right-renal-cortex-interstitium	renal	kidney	excretory-system	none	none	passed
ENCFF101NCT	ENCFF101NCT	ENCSR540PVZ	ENCSR848TND	ChromBPNet	sequence motifs instances	bigBed	DNase-seq	none	right-renal-pelvis	renal	kidney	excretory-system	none	none	passed
ENCFF612ZJY	ENCFF612ZJY	ENCSR752NTF	ENCSR338TSY	ChromBPNet	sequence motifs instances	bigBed	DNase-seq	none	right-renal-pelvis	renal	kidney	excretory-system	none	none	passed
ENCFF699AEJ	ENCFF699AEJ	ENCSR761ZFA	ENCSR530GKW	ChromBPNet	sequence motifs instances	bigBed	DNase-seq	none	right-renal-pelvis	renal	kidney	excretory-system	none	none	passed
ENCFF830AMD	ENCFF830AMD	ENCSR986HEN	ENCSR654ONT	ChromBPNet	sequence motifs instances	bigBed	DNase-seq	none	right-renal-pelvis	renal	kidney	excretory-system	none	none	passed
ENCFF046HFT	ENCFF046HFT	ENCSR533WFB	ENCSR404ICA	ChromBPNet	sequence motifs instances	bigBed	ATAC-seq	none	sciatic-nerve	nerve	nerve	peripheral-nervous-system	none	none	passed
ENCFF168YOE	ENCFF168YOE	ENCSR619LHF	ENCSR463ATK	ChromBPNet	sequence motifs instances	bigBed	ATAC-seq	none	sciatic-nerve	nerve	nerve	peripheral-nervous-system	none	none	passed
ENCFF476CKJ	ENCFF476CKJ	ENCSR120MOY	ENCSR092SQC	ChromBPNet	sequence motifs instances	bigBed	ATAC-seq	none	sciatic-nerve	nerve	nerve	peripheral-nervous-system	none	none	passed
ENCFF684ZQK	ENCFF684ZQK	ENCSR072UYN	ENCSR929CYE	ChromBPNet	sequence motifs instances	bigBed	ATAC-seq	none	sciatic-nerve	nerve	nerve	peripheral-nervous-system	none	none	passed
ENCFF706LQU	ENCFF706LQU	ENCSR672MOG	ENCSR903LXC	ChromBPNet	sequence motifs instances	bigBed	DNase-seq	none	sciatic-nerve	nerve	nerve	peripheral-nervous-system	none	none	passed
ENCFF015DYD	ENCFF015DYD	ENCSR086OGH	ENCSR916WZI	ChromBPNet	sequence motifs instances	bigBed	ATAC-seq	none	sigmoid-colon	colon	large-intestine	digestive-system	none	none	passed
ENCFF176RGM	ENCFF176RGM	ENCSR355SGJ	ENCSR751NJF	ChromBPNet	sequence motifs instances	bigBed	ATAC-seq	none	sigmoid-colon	colon	large-intestine	digestive-system	none	none	passed
ENCFF216HXT	ENCFF216HXT	ENCSR548QCP	ENCSR878ZYG	ChromBPNet	sequence motifs instances	bigBed	ATAC-seq	none	sigmoid-colon	colon	large-intestine	digestive-system	none	none	passed
ENCFF751VGN	ENCFF751VGN	ENCSR846VLJ	ENCSR869SLC	ChromBPNet	sequence motifs instances	bigBed	ATAC-seq	none	sigmoid-colon	colon	large-intestine	digestive-system	none	none	passed
ENCFF630ACY	ENCFF630ACY	ENCSR276ITP	ENCSR428VXG	ChromBPNet	sequence motifs instances	bigBed	DNase-seq	none	sigmoid-colon	colon	large-intestine	digestive-system	none	none	passed
ENCFF739ZYM	ENCFF739ZYM	ENCSR000EQA	ENCSR321ROO	ChromBPNet	sequence motifs instances	bigBed	DNase-seq	none	skeletal-muscle-cell	muscle	muscle	musculature	none	none	passed
ENCFF744TQD	ENCFF744TQD	ENCSR000EOO	ENCSR233FQG	ChromBPNet	sequence motifs instances	bigBed	DNase-seq	none	skeletal-muscle-myoblast	muscle	muscle	musculature	none	none	passed
ENCFF464UNZ	ENCFF464UNZ	ENCSR092OFK	ENCSR430OJL	ChromBPNet	sequence motifs instances	bigBed	DNase-seq	none	skin-of-body	skin	skin	integumental-system	none	none	passed
ENCFF031FLJ	ENCFF031FLJ	ENCSR594OWA	ENCSR609CXE	ChromBPNet	sequence motifs instances	bigBed	DNase-seq	none	small-intestine	small-intestine	small-intestine	digestive-system	none	none	passed
ENCFF337KVH	ENCFF337KVH	ENCSR116WWW	ENCSR354EJA	ChromBPNet	sequence motifs instances	bigBed	DNase-seq	none	small-intestine	small-intestine	small-intestine	digestive-system	none	none	passed
ENCFF359NLE	ENCFF359NLE	ENCSR565EBN	ENCSR634XOQ	ChromBPNet	sequence motifs instances	bigBed	DNase-seq	none	small-intestine	small-intestine	small-intestine	digestive-system	none	none	passed
ENCFF430TDH	ENCFF430TDH	ENCSR860NDZ	ENCSR292WEZ	ChromBPNet	sequence motifs instances	bigBed	DNase-seq	none	small-intestine	small-intestine	small-intestine	digestive-system	none	none	passed
ENCFF448FIQ	ENCFF448FIQ	ENCSR133KBX	ENCSR590MPP	ChromBPNet	sequence motifs instances	bigBed	DNase-seq	none	small-intestine	small-intestine	small-intestine	digestive-system	none	none	passed
ENCFF458HSN	ENCFF458HSN	ENCSR931UQB	ENCSR208LEK	ChromBPNet	sequence motifs instances	bigBed	DNase-seq	none	small-intestine	small-intestine	small-intestine	digestive-system	none	none	passed
ENCFF505LLU	ENCFF505LLU	ENCSR188JLO	ENCSR779TXM	ChromBPNet	sequence motifs instances	bigBed	DNase-seq	none	small-intestine	small-intestine	small-intestine	digestive-system	none	none	passed
ENCFF690VPU	ENCFF690VPU	ENCSR502NDK	ENCSR906VDD	ChromBPNet	sequence motifs instances	bigBed	DNase-seq	none	small-intestine	small-intestine	small-intestine	digestive-system	none	none	passed
ENCFF709JMX	ENCFF709JMX	ENCSR970ZLG	ENCSR229TLU	ChromBPNet	sequence motifs instances	bigBed	DNase-seq	none	small-intestine	small-intestine	small-intestine	digestive-system	none	none	passed
ENCFF867KXV	ENCFF867KXV	ENCSR457ILW	ENCSR141OSZ	ChromBPNet	sequence motifs instances	bigBed	DNase-seq	none	small-intestine	small-intestine	small-intestine	digestive-system	none	none	passed
ENCFF891AJE	ENCFF891AJE	ENCSR945RWN	ENCSR876FNB	ChromBPNet	sequence motifs instances	bigBed	DNase-seq	none	small-intestine	small-intestine	small-intestine	digestive-system	none	none	passed
ENCFF931WXL	ENCFF931WXL	ENCSR354FBA	ENCSR363VBV	ChromBPNet	sequence motifs instances	bigBed	DNase-seq	none	small-intestine	small-intestine	small-intestine	digestive-system	none	none	passed
ENCFF796WQO	ENCFF796WQO	ENCSR000ENG	ENCSR675REU	ChromBPNet	sequence motifs instances	bigBed	DNase-seq	none	smooth-muscle-cell-of-the-brain-vasculature	brain	brain	central-nervous-system	none	none	passed
ENCFF108WMJ	ENCFF108WMJ	ENCSR678PDD	ENCSR452MYL	ChromBPNet	sequence motifs instances	bigBed	DNase-seq	none	spinal-cord	spinal	CNS	central-nervous-system	none	none	passed
ENCFF205TZC	ENCFF205TZC	ENCSR973MKT	ENCSR173PIN	ChromBPNet	sequence motifs instances	bigBed	DNase-seq	none	spinal-cord	spinal	CNS	central-nervous-system	none	none	passed
ENCFF235LFF	ENCFF235LFF	ENCSR788SOI	ENCSR809DZZ	ChromBPNet	sequence motifs instances	bigBed	DNase-seq	none	spinal-cord	spinal	CNS	central-nervous-system	none	none	passed
ENCFF464TSD	ENCFF464TSD	ENCSR910OQF	ENCSR838NPI	ChromBPNet	sequence motifs instances	bigBed	DNase-seq	none	spinal-cord	spinal	CNS	central-nervous-system	none	none	passed
ENCFF538SWP	ENCFF538SWP	ENCSR148MFM	ENCSR808GMI	ChromBPNet	sequence motifs instances	bigBed	DNase-seq	none	spinal-cord	spinal	CNS	central-nervous-system	none	none	passed
ENCFF757SZC	ENCFF757SZC	ENCSR615WIN	ENCSR875BHJ	ChromBPNet	sequence motifs instances	bigBed	DNase-seq	none	spinal-cord	spinal	CNS	central-nervous-system	none	none	passed
ENCFF110UOP	ENCFF110UOP	ENCSR979TCG	ENCSR579CGX	ChromBPNet	sequence motifs instances	bigBed	ATAC-seq	none	spleen	spleen	spleen	endocrine-system	none	none	passed
ENCFF164CKG	ENCFF164CKG	ENCSR158KCS	ENCSR179QCR	ChromBPNet	sequence motifs instances	bigBed	ATAC-seq	none	spleen	spleen	spleen	endocrine-system	none	none	passed
ENCFF548NEG	ENCFF548NEG	ENCSR694OWY	ENCSR332CFL	ChromBPNet	sequence motifs instances	bigBed	ATAC-seq	none	spleen	spleen	spleen	endocrine-system	none	none	passed
ENCFF572NLE	ENCFF572NLE	ENCSR182VGJ	ENCSR838ZQX	ChromBPNet	sequence motifs instances	bigBed	ATAC-seq	none	spleen	spleen	spleen	endocrine-system	none	none	passed
ENCFF730YNL	ENCFF730YNL	ENCSR078EBD	ENCSR323QOO	ChromBPNet	sequence motifs instances	bigBed	ATAC-seq	none	spleen	spleen	spleen	endocrine-system	none	none	passed
ENCFF084EZE	ENCFF084EZE	ENCSR128GBN	ENCSR468RFG	ChromBPNet	sequence motifs instances	bigBed	DNase-seq	none	spleen	spleen	spleen	endocrine-system	none	none	passed
ENCFF177VBJ	ENCFF177VBJ	ENCSR567EEO	ENCSR855EMN	ChromBPNet	sequence motifs instances	bigBed	DNase-seq	none	spleen	spleen	spleen	endocrine-system	none	none	passed
ENCFF307XMZ	ENCFF307XMZ	ENCSR946OIO	ENCSR363APK	ChromBPNet	sequence motifs instances	bigBed	DNase-seq	none	spleen	spleen	spleen	endocrine-system	none	none	passed
ENCFF562YQM	ENCFF562YQM	ENCSR597UIG	ENCSR951WVQ	ChromBPNet	sequence motifs instances	bigBed	DNase-seq	none	spleen	spleen	spleen	endocrine-system	none	none	passed
ENCFF890PAC	ENCFF890PAC	ENCSR679IFH	ENCSR021IRM	ChromBPNet	sequence motifs instances	bigBed	DNase-seq	none	spleen	spleen	spleen	endocrine-system	none	none	passed
ENCFF003UHR	ENCFF003UHR	ENCSR324SGE	ENCSR792OLA	ChromBPNet	sequence motifs instances	bigBed	DNase-seq	none	stimulated-activated-CD4-positive,-alpha-beta-T-cell	t-cell	immune	immune-system	none	none	passed
ENCFF009UVQ	ENCFF009UVQ	ENCSR920JUM	ENCSR274OUK	ChromBPNet	sequence motifs instances	bigBed	DNase-seq	none	stimulated-activated-CD4-positive,-alpha-beta-T-cell	t-cell	immune	immune-system	none	none	passed
ENCFF018OGN	ENCFF018OGN	ENCSR605SQL	ENCSR894QMU	ChromBPNet	sequence motifs instances	bigBed	DNase-seq	none	stimulated-activated-CD4-positive,-alpha-beta-T-cell	t-cell	immune	immune-system	none	none	passed
ENCFF029JSN	ENCFF029JSN	ENCSR881CRY	ENCSR671ZJO	ChromBPNet	sequence motifs instances	bigBed	DNase-seq	none	stimulated-activated-CD4-positive,-alpha-beta-T-cell	t-cell	immune	immune-system	none	none	passed
ENCFF042GNA	ENCFF042GNA	ENCSR548KXH	ENCSR969OWP	ChromBPNet	sequence motifs instances	bigBed	DNase-seq	none	stimulated-activated-CD4-positive,-alpha-beta-T-cell	t-cell	immune	immune-system	none	none	passed
ENCFF049SSN	ENCFF049SSN	ENCSR734VFU	ENCSR122CTA	ChromBPNet	sequence motifs instances	bigBed	DNase-seq	none	stimulated-activated-CD4-positive,-alpha-beta-T-cell	t-cell	immune	immune-system	none	none	passed
ENCFF051YNW	ENCFF051YNW	ENCSR107XZC	ENCSR795IQN	ChromBPNet	sequence motifs instances	bigBed	DNase-seq	none	stimulated-activated-CD4-positive,-alpha-beta-T-cell	t-cell	immune	immune-system	none	none	passed
ENCFF098PWI	ENCFF098PWI	ENCSR998IXQ	ENCSR063NRC	ChromBPNet	sequence motifs instances	bigBed	DNase-seq	none	stimulated-activated-CD4-positive,-alpha-beta-T-cell	t-cell	immune	immune-system	none	none	passed
ENCFF099IIP	ENCFF099IIP	ENCSR419CKG	ENCSR151FWL	ChromBPNet	sequence motifs instances	bigBed	DNase-seq	none	stimulated-activated-CD4-positive,-alpha-beta-T-cell	t-cell	immune	immune-system	none	none	passed
ENCFF126CYM	ENCFF126CYM	ENCSR531UVE	ENCSR004INR	ChromBPNet	sequence motifs instances	bigBed	DNase-seq	none	stimulated-activated-CD4-positive,-alpha-beta-T-cell	t-cell	immune	immune-system	none	none	passed
ENCFF134TCZ	ENCFF134TCZ	ENCSR323TXQ	ENCSR168OOW	ChromBPNet	sequence motifs instances	bigBed	DNase-seq	none	stimulated-activated-CD4-positive,-alpha-beta-T-cell	t-cell	immune	immune-system	none	none	passed
ENCFF138JGL	ENCFF138JGL	ENCSR438USP	ENCSR999FHN	ChromBPNet	sequence motifs instances	bigBed	DNase-seq	none	stimulated-activated-CD4-positive,-alpha-beta-T-cell	t-cell	immune	immune-system	none	none	passed
ENCFF155PKT	ENCFF155PKT	ENCSR266NDC	ENCSR120CBR	ChromBPNet	sequence motifs instances	bigBed	DNase-seq	none	stimulated-activated-CD4-positive,-alpha-beta-T-cell	t-cell	immune	immune-system	none	none	passed
ENCFF166LRN	ENCFF166LRN	ENCSR010TMX	ENCSR559GXZ	ChromBPNet	sequence motifs instances	bigBed	DNase-seq	none	stimulated-activated-CD4-positive,-alpha-beta-T-cell	t-cell	immune	immune-system	none	none	passed
ENCFF173MQZ	ENCFF173MQZ	ENCSR284GAG	ENCSR813GGO	ChromBPNet	sequence motifs instances	bigBed	DNase-seq	none	stimulated-activated-CD4-positive,-alpha-beta-T-cell	t-cell	immune	immune-system	none	none	passed
ENCFF219NFO	ENCFF219NFO	ENCSR486FMF	ENCSR033ALM	ChromBPNet	sequence motifs instances	bigBed	DNase-seq	none	stimulated-activated-CD4-positive,-alpha-beta-T-cell	t-cell	immune	immune-system	none	none	passed
ENCFF251NFZ	ENCFF251NFZ	ENCSR607HIL	ENCSR406JJY	ChromBPNet	sequence motifs instances	bigBed	DNase-seq	none	stimulated-activated-CD4-positive,-alpha-beta-T-cell	t-cell	immune	immune-system	none	none	passed
ENCFF260EAS	ENCFF260EAS	ENCSR616AEG	ENCSR078CWH	ChromBPNet	sequence motifs instances	bigBed	DNase-seq	none	stimulated-activated-CD4-positive,-alpha-beta-T-cell	t-cell	immune	immune-system	none	none	passed
ENCFF261KJT	ENCFF261KJT	ENCSR703AYZ	ENCSR444BKO	ChromBPNet	sequence motifs instances	bigBed	DNase-seq	none	stimulated-activated-CD4-positive,-alpha-beta-T-cell	t-cell	immune	immune-system	none	none	passed
ENCFF263YAU	ENCFF263YAU	ENCSR015FZF	ENCSR892SCD	ChromBPNet	sequence motifs instances	bigBed	DNase-seq	none	stimulated-activated-CD4-positive,-alpha-beta-T-cell	t-cell	immune	immune-system	none	none	passed
ENCFF269OFZ	ENCFF269OFZ	ENCSR799MAX	ENCSR823WJW	ChromBPNet	sequence motifs instances	bigBed	DNase-seq	none	stimulated-activated-CD4-positive,-alpha-beta-T-cell	t-cell	immune	immune-system	none	none	passed
ENCFF276OSA	ENCFF276OSA	ENCSR553WJB	ENCSR541CYH	ChromBPNet	sequence motifs instances	bigBed	DNase-seq	none	stimulated-activated-CD4-positive,-alpha-beta-T-cell	t-cell	immune	immune-system	none	none	passed
ENCFF353TJL	ENCFF353TJL	ENCSR953UJL	ENCSR242ROY	ChromBPNet	sequence motifs instances	bigBed	DNase-seq	none	stimulated-activated-CD4-positive,-alpha-beta-T-cell	t-cell	immune	immune-system	none	none	passed
ENCFF390ENF	ENCFF390ENF	ENCSR840USW	ENCSR106QEG	ChromBPNet	sequence motifs instances	bigBed	DNase-seq	none	stimulated-activated-CD4-positive,-alpha-beta-T-cell	t-cell	immune	immune-system	none	none	passed
ENCFF390ZQT	ENCFF390ZQT	ENCSR470QCE	ENCSR736ZOY	ChromBPNet	sequence motifs instances	bigBed	DNase-seq	none	stimulated-activated-CD4-positive,-alpha-beta-T-cell	t-cell	immune	immune-system	none	none	passed
ENCFF391GRM	ENCFF391GRM	ENCSR255OGF	ENCSR433NVE	ChromBPNet	sequence motifs instances	bigBed	DNase-seq	none	stimulated-activated-CD4-positive,-alpha-beta-T-cell	t-cell	immune	immune-system	none	none	passed
ENCFF416ZRA	ENCFF416ZRA	ENCSR884ODJ	ENCSR079GMY	ChromBPNet	sequence motifs instances	bigBed	DNase-seq	none	stimulated-activated-CD4-positive,-alpha-beta-T-cell	t-cell	immune	immune-system	none	none	passed
ENCFF453WFF	ENCFF453WFF	ENCSR050VTC	ENCSR885NTV	ChromBPNet	sequence motifs instances	bigBed	DNase-seq	none	stimulated-activated-CD4-positive,-alpha-beta-T-cell	t-cell	immune	immune-system	none	none	passed
ENCFF457UML	ENCFF457UML	ENCSR019MZH	ENCSR879DUF	ChromBPNet	sequence motifs instances	bigBed	DNase-seq	none	stimulated-activated-CD4-positive,-alpha-beta-T-cell	t-cell	immune	immune-system	none	none	passed
ENCFF460OEK	ENCFF460OEK	ENCSR885AWF	ENCSR729AHT	ChromBPNet	sequence motifs instances	bigBed	DNase-seq	none	stimulated-activated-CD4-positive,-alpha-beta-T-cell	t-cell	immune	immune-system	none	none	passed
ENCFF488MOT	ENCFF488MOT	ENCSR207CQH	ENCSR138LXP	ChromBPNet	sequence motifs instances	bigBed	DNase-seq	none	stimulated-activated-CD4-positive,-alpha-beta-T-cell	t-cell	immune	immune-system	none	none	passed
ENCFF496TOI	ENCFF496TOI	ENCSR551LAH	ENCSR593OYE	ChromBPNet	sequence motifs instances	bigBed	DNase-seq	none	stimulated-activated-CD4-positive,-alpha-beta-T-cell	t-cell	immune	immune-system	none	none	passed
ENCFF528EQP	ENCFF528EQP	ENCSR226LVB	ENCSR003WRD	ChromBPNet	sequence motifs instances	bigBed	DNase-seq	none	stimulated-activated-CD4-positive,-alpha-beta-T-cell	t-cell	immune	immune-system	none	none	passed
ENCFF553YKG	ENCFF553YKG	ENCSR566HLQ	ENCSR526HXL	ChromBPNet	sequence motifs instances	bigBed	DNase-seq	none	stimulated-activated-CD4-positive,-alpha-beta-T-cell	t-cell	immune	immune-system	none	none	passed
ENCFF570WEX	ENCFF570WEX	ENCSR494IWJ	ENCSR305LCB	ChromBPNet	sequence motifs instances	bigBed	DNase-seq	none	stimulated-activated-CD4-positive,-alpha-beta-T-cell	t-cell	immune	immune-system	none	none	passed
ENCFF587FQQ	ENCFF587FQQ	ENCSR152AVY	ENCSR695ODM	ChromBPNet	sequence motifs instances	bigBed	DNase-seq	none	stimulated-activated-CD4-positive,-alpha-beta-T-cell	t-cell	immune	immune-system	none	none	passed
ENCFF597MGT	ENCFF597MGT	ENCSR245AXW	ENCSR428ZDH	ChromBPNet	sequence motifs instances	bigBed	DNase-seq	none	stimulated-activated-CD4-positive,-alpha-beta-T-cell	t-cell	immune	immune-system	none	none	passed
ENCFF611IEM	ENCFF611IEM	ENCSR579DBA	ENCSR990ZOO	ChromBPNet	sequence motifs instances	bigBed	DNase-seq	none	stimulated-activated-CD4-positive,-alpha-beta-T-cell	t-cell	immune	immune-system	none	none	passed
ENCFF630ALG	ENCFF630ALG	ENCSR634ZYB	ENCSR210FDQ	ChromBPNet	sequence motifs instances	bigBed	DNase-seq	none	stimulated-activated-CD4-positive,-alpha-beta-T-cell	t-cell	immune	immune-system	none	none	passed
ENCFF685IND	ENCFF685IND	ENCSR658NVL	ENCSR775ARR	ChromBPNet	sequence motifs instances	bigBed	DNase-seq	none	stimulated-activated-CD4-positive,-alpha-beta-T-cell	t-cell	immune	immune-system	none	none	passed
ENCFF695ZBF	ENCFF695ZBF	ENCSR323PWV	ENCSR067RGY	ChromBPNet	sequence motifs instances	bigBed	DNase-seq	none	stimulated-activated-CD4-positive,-alpha-beta-T-cell	t-cell	immune	immune-system	none	none	passed
ENCFF697OFA	ENCFF697OFA	ENCSR731DJH	ENCSR149DSA	ChromBPNet	sequence motifs instances	bigBed	DNase-seq	none	stimulated-activated-CD4-positive,-alpha-beta-T-cell	t-cell	immune	immune-system	none	none	passed
ENCFF706HGH	ENCFF706HGH	ENCSR543WNA	ENCSR029KQP	ChromBPNet	sequence motifs instances	bigBed	DNase-seq	none	stimulated-activated-CD4-positive,-alpha-beta-T-cell	t-cell	immune	immune-system	none	none	passed
ENCFF707MJD	ENCFF707MJD	ENCSR467LJT	ENCSR183NBM	ChromBPNet	sequence motifs instances	bigBed	DNase-seq	none	stimulated-activated-CD4-positive,-alpha-beta-T-cell	t-cell	immune	immune-system	none	none	passed
ENCFF739OIC	ENCFF739OIC	ENCSR315WAC	ENCSR316PCT	ChromBPNet	sequence motifs instances	bigBed	DNase-seq	none	stimulated-activated-CD4-positive,-alpha-beta-T-cell	t-cell	immune	immune-system	none	none	passed
ENCFF797BCW	ENCFF797BCW	ENCSR287GYT	ENCSR371VIN	ChromBPNet	sequence motifs instances	bigBed	DNase-seq	none	stimulated-activated-CD4-positive,-alpha-beta-T-cell	t-cell	immune	immune-system	none	none	passed
ENCFF830OEB	ENCFF830OEB	ENCSR075MQZ	ENCSR129MDQ	ChromBPNet	sequence motifs instances	bigBed	DNase-seq	none	stimulated-activated-CD4-positive,-alpha-beta-T-cell	t-cell	immune	immune-system	none	none	passed
ENCFF832DEE	ENCFF832DEE	ENCSR933HFM	ENCSR878DJX	ChromBPNet	sequence motifs instances	bigBed	DNase-seq	none	stimulated-activated-CD4-positive,-alpha-beta-T-cell	t-cell	immune	immune-system	none	none	passed
ENCFF841RCV	ENCFF841RCV	ENCSR965ZWZ	ENCSR788TAZ	ChromBPNet	sequence motifs instances	bigBed	DNase-seq	none	stimulated-activated-CD4-positive,-alpha-beta-T-cell	t-cell	immune	immune-system	none	none	passed
ENCFF868POO	ENCFF868POO	ENCSR724QTW	ENCSR042CPO	ChromBPNet	sequence motifs instances	bigBed	DNase-seq	none	stimulated-activated-CD4-positive,-alpha-beta-T-cell	t-cell	immune	immune-system	none	none	passed
ENCFF872JSQ	ENCFF872JSQ	ENCSR618HFT	ENCSR906FRI	ChromBPNet	sequence motifs instances	bigBed	DNase-seq	none	stimulated-activated-CD4-positive,-alpha-beta-T-cell	t-cell	immune	immune-system	none	none	passed
ENCFF909WFP	ENCFF909WFP	ENCSR765ZML	ENCSR942YDI	ChromBPNet	sequence motifs instances	bigBed	DNase-seq	none	stimulated-activated-CD4-positive,-alpha-beta-T-cell	t-cell	immune	immune-system	none	none	passed
ENCFF979AVQ	ENCFF979AVQ	ENCSR840QLA	ENCSR984DNC	ChromBPNet	sequence motifs instances	bigBed	DNase-seq	none	stimulated-activated-CD4-positive,-alpha-beta-T-cell	t-cell	immune	immune-system	none	none	passed
ENCFF979TDO	ENCFF979TDO	ENCSR987GUS	ENCSR937SVO	ChromBPNet	sequence motifs instances	bigBed	DNase-seq	none	stimulated-activated-CD4-positive,-alpha-beta-T-cell	t-cell	immune	immune-system	none	none	passed
ENCFF989VCN	ENCFF989VCN	ENCSR147QLU	ENCSR829QXM	ChromBPNet	sequence motifs instances	bigBed	DNase-seq	none	stimulated-activated-CD4-positive,-alpha-beta-T-cell	t-cell	immune	immune-system	none	none	passed
ENCFF022AEH	ENCFF022AEH	ENCSR377CRU	ENCSR844YHV	ChromBPNet	sequence motifs instances	bigBed	DNase-seq	none	stimulated-activated-CD8-positive,-alpha-beta-memory-T-cell	t-cell	immune	immune-system	none	none	passed
ENCFF144KRK	ENCFF144KRK	ENCSR688DKY	ENCSR971GER	ChromBPNet	sequence motifs instances	bigBed	DNase-seq	none	stimulated-activated-CD8-positive,-alpha-beta-memory-T-cell	t-cell	immune	immune-system	none	none	passed
ENCFF242HRW	ENCFF242HRW	ENCSR749YCR	ENCSR712YRU	ChromBPNet	sequence motifs instances	bigBed	DNase-seq	none	stimulated-activated-CD8-positive,-alpha-beta-memory-T-cell	t-cell	immune	immune-system	none	none	passed
ENCFF255KNN	ENCFF255KNN	ENCSR205ECC	ENCSR757ZBB	ChromBPNet	sequence motifs instances	bigBed	DNase-seq	none	stimulated-activated-CD8-positive,-alpha-beta-memory-T-cell	t-cell	immune	immune-system	none	none	passed
ENCFF322HMY	ENCFF322HMY	ENCSR380TXB	ENCSR376SQG	ChromBPNet	sequence motifs instances	bigBed	DNase-seq	none	stimulated-activated-CD8-positive,-alpha-beta-memory-T-cell	t-cell	immune	immune-system	none	none	passed
ENCFF338DTS	ENCFF338DTS	ENCSR502GWQ	ENCSR772ATM	ChromBPNet	sequence motifs instances	bigBed	DNase-seq	none	stimulated-activated-CD8-positive,-alpha-beta-memory-T-cell	t-cell	immune	immune-system	none	none	passed
ENCFF342VFD	ENCFF342VFD	ENCSR210JVF	ENCSR316VER	ChromBPNet	sequence motifs instances	bigBed	DNase-seq	none	stimulated-activated-CD8-positive,-alpha-beta-memory-T-cell	t-cell	immune	immune-system	none	none	passed
ENCFF376RGO	ENCFF376RGO	ENCSR060TTR	ENCSR159UVY	ChromBPNet	sequence motifs instances	bigBed	DNase-seq	none	stimulated-activated-CD8-positive,-alpha-beta-memory-T-cell	t-cell	immune	immune-system	none	none	passed
ENCFF431USN	ENCFF431USN	ENCSR669NQZ	ENCSR706ZWI	ChromBPNet	sequence motifs instances	bigBed	DNase-seq	none	stimulated-activated-CD8-positive,-alpha-beta-memory-T-cell	t-cell	immune	immune-system	none	none	passed
ENCFF436LQC	ENCFF436LQC	ENCSR284VNJ	ENCSR030RSO	ChromBPNet	sequence motifs instances	bigBed	DNase-seq	none	stimulated-activated-CD8-positive,-alpha-beta-memory-T-cell	t-cell	immune	immune-system	none	none	passed
ENCFF446IQZ	ENCFF446IQZ	ENCSR688OIJ	ENCSR688PBM	ChromBPNet	sequence motifs instances	bigBed	DNase-seq	none	stimulated-activated-CD8-positive,-alpha-beta-memory-T-cell	t-cell	immune	immune-system	none	none	passed
ENCFF454BDA	ENCFF454BDA	ENCSR130HIE	ENCSR126UPF	ChromBPNet	sequence motifs instances	bigBed	DNase-seq	none	stimulated-activated-CD8-positive,-alpha-beta-memory-T-cell	t-cell	immune	immune-system	none	none	passed
ENCFF465APO	ENCFF465APO	ENCSR335LOQ	ENCSR036QSP	ChromBPNet	sequence motifs instances	bigBed	DNase-seq	none	stimulated-activated-CD8-positive,-alpha-beta-memory-T-cell	t-cell	immune	immune-system	none	none	passed
ENCFF465HMP	ENCFF465HMP	ENCSR314IBN	ENCSR720QMH	ChromBPNet	sequence motifs instances	bigBed	DNase-seq	none	stimulated-activated-CD8-positive,-alpha-beta-memory-T-cell	t-cell	immune	immune-system	none	none	passed
ENCFF544VGS	ENCFF544VGS	ENCSR471RHG	ENCSR331ZTT	ChromBPNet	sequence motifs instances	bigBed	DNase-seq	none	stimulated-activated-CD8-positive,-alpha-beta-memory-T-cell	t-cell	immune	immune-system	none	none	passed
ENCFF556YDL	ENCFF556YDL	ENCSR474HQW	ENCSR878FQY	ChromBPNet	sequence motifs instances	bigBed	DNase-seq	none	stimulated-activated-CD8-positive,-alpha-beta-memory-T-cell	t-cell	immune	immune-system	none	none	passed
ENCFF578WUJ	ENCFF578WUJ	ENCSR960EVM	ENCSR076QUY	ChromBPNet	sequence motifs instances	bigBed	DNase-seq	none	stimulated-activated-CD8-positive,-alpha-beta-memory-T-cell	t-cell	immune	immune-system	none	none	passed
ENCFF590ELU	ENCFF590ELU	ENCSR889YWJ	ENCSR542AKO	ChromBPNet	sequence motifs instances	bigBed	DNase-seq	none	stimulated-activated-CD8-positive,-alpha-beta-memory-T-cell	t-cell	immune	immune-system	none	none	passed
ENCFF608SNI	ENCFF608SNI	ENCSR735MJZ	ENCSR787HJE	ChromBPNet	sequence motifs instances	bigBed	DNase-seq	none	stimulated-activated-CD8-positive,-alpha-beta-memory-T-cell	t-cell	immune	immune-system	none	none	passed
ENCFF628LKQ	ENCFF628LKQ	ENCSR335EYA	ENCSR798IHN	ChromBPNet	sequence motifs instances	bigBed	DNase-seq	none	stimulated-activated-CD8-positive,-alpha-beta-memory-T-cell	t-cell	immune	immune-system	none	none	passed
ENCFF762IGP	ENCFF762IGP	ENCSR832THJ	ENCSR953BHJ	ChromBPNet	sequence motifs instances	bigBed	DNase-seq	none	stimulated-activated-CD8-positive,-alpha-beta-memory-T-cell	t-cell	immune	immune-system	none	none	passed
ENCFF778QRH	ENCFF778QRH	ENCSR819EPD	ENCSR639YNS	ChromBPNet	sequence motifs instances	bigBed	DNase-seq	none	stimulated-activated-CD8-positive,-alpha-beta-memory-T-cell	t-cell	immune	immune-system	none	none	passed
ENCFF811BHY	ENCFF811BHY	ENCSR943BCO	ENCSR606IUL	ChromBPNet	sequence motifs instances	bigBed	DNase-seq	none	stimulated-activated-CD8-positive,-alpha-beta-memory-T-cell	t-cell	immune	immune-system	none	none	passed
ENCFF824JLF	ENCFF824JLF	ENCSR294DND	ENCSR711CBE	ChromBPNet	sequence motifs instances	bigBed	DNase-seq	none	stimulated-activated-CD8-positive,-alpha-beta-memory-T-cell	t-cell	immune	immune-system	none	none	passed
ENCFF836OTU	ENCFF836OTU	ENCSR177GYC	ENCSR590AJW	ChromBPNet	sequence motifs instances	bigBed	DNase-seq	none	stimulated-activated-CD8-positive,-alpha-beta-memory-T-cell	t-cell	immune	immune-system	none	none	passed
ENCFF927ZBP	ENCFF927ZBP	ENCSR135XMY	ENCSR374PWW	ChromBPNet	sequence motifs instances	bigBed	DNase-seq	none	stimulated-activated-CD8-positive,-alpha-beta-memory-T-cell	t-cell	immune	immune-system	none	none	passed
ENCFF658EXY	ENCFF658EXY	ENCSR335LHS	ENCSR767NGG	ChromBPNet	sequence motifs instances	bigBed	ATAC-seq	none	stimulated-activated-effector-memory-CD8-positive,-alpha-beta-T-cell	t-cell	immune	immune-system	none	none	passed
ENCFF907UNV	ENCFF907UNV	ENCSR335XRZ	ENCSR769CYN	ChromBPNet	sequence motifs instances	bigBed	ATAC-seq	none	stimulated-activated-effector-memory-CD8-positive,-alpha-beta-T-cell	t-cell	immune	immune-system	none	none	passed
ENCFF451OBB	ENCFF451OBB	ENCSR917BSW	ENCSR419IFZ	ChromBPNet	sequence motifs instances	bigBed	DNase-seq	none	stimulated-activated-effector-memory-CD8-positive,-alpha-beta-T-cell	t-cell	immune	immune-system	none	none	passed
ENCFF582XUM	ENCFF582XUM	ENCSR302PTB	ENCSR798FBD	ChromBPNet	sequence motifs instances	bigBed	ATAC-seq	none	stimulated-activated-memory-B-cell	b-cell	immune	immune-system	none	none	passed
ENCFF432BCU	ENCFF432BCU	ENCSR653VSR	ENCSR453AQL	ChromBPNet	sequence motifs instances	bigBed	ATAC-seq	none	stimulated-activated-naive-B-cell	b-cell	immune	immune-system	none	none	passed
ENCFF454IKQ	ENCFF454IKQ	ENCSR379NMT	ENCSR289QKT	ChromBPNet	sequence motifs instances	bigBed	ATAC-seq	none	stimulated-activated-naive-B-cell	b-cell	immune	immune-system	none	none	passed
ENCFF191UYP	ENCFF191UYP	ENCSR326ESM	ENCSR918HJS	ChromBPNet	sequence motifs instances	bigBed	ATAC-seq	none	stimulated-activated-naive-CD8-positive,-alpha-beta-T-cell	t-cell	immune	immune-system	none	none	passed
ENCFF367XBR	ENCFF367XBR	ENCSR637OPZ	ENCSR877IYJ	ChromBPNet	sequence motifs instances	bigBed	ATAC-seq	none	stimulated-activated-naive-CD8-positive,-alpha-beta-T-cell	t-cell	immune	immune-system	none	none	passed
ENCFF390SZK	ENCFF390SZK	ENCSR863TVR	ENCSR883XHP	ChromBPNet	sequence motifs instances	bigBed	ATAC-seq	none	stimulated-activated-naive-CD8-positive,-alpha-beta-T-cell	t-cell	immune	immune-system	none	none	passed
ENCFF082TPU	ENCFF082TPU	ENCSR154NYM	ENCSR439RLE	ChromBPNet	sequence motifs instances	bigBed	DNase-seq	none	stimulated-activated-naive-CD8-positive,-alpha-beta-T-cell	t-cell	immune	immune-system	none	none	passed
ENCFF152HUE	ENCFF152HUE	ENCSR114XWV	ENCSR740QNC	ChromBPNet	sequence motifs instances	bigBed	DNase-seq	none	stimulated-activated-naive-CD8-positive,-alpha-beta-T-cell	t-cell	immune	immune-system	none	none	passed
ENCFF660KOA	ENCFF660KOA	ENCSR208YDK	ENCSR411FRH	ChromBPNet	sequence motifs instances	bigBed	DNase-seq	none	stimulated-activated-naive-CD8-positive,-alpha-beta-T-cell	t-cell	immune	immune-system	none	none	passed
ENCFF244EZA	ENCFF244EZA	ENCSR337UIU	ENCSR843HJF	ChromBPNet	sequence motifs instances	bigBed	ATAC-seq	none	stomach	stomach	stomach	digestive-system	none	none	passed
ENCFF520PQA	ENCFF520PQA	ENCSR851SBY	ENCSR761YGB	ChromBPNet	sequence motifs instances	bigBed	ATAC-seq	none	stomach	stomach	stomach	digestive-system	none	none	passed
ENCFF023UIO	ENCFF023UIO	ENCSR006IMH	ENCSR792CIL	ChromBPNet	sequence motifs instances	bigBed	DNase-seq	none	stomach	stomach	stomach	digestive-system	none	none	passed
ENCFF024KTN	ENCFF024KTN	ENCSR511GQA	ENCSR972VJA	ChromBPNet	sequence motifs instances	bigBed	DNase-seq	none	stomach	stomach	stomach	digestive-system	none	none	passed
ENCFF059ZWC	ENCFF059ZWC	ENCSR930YSB	ENCSR303ZEU	ChromBPNet	sequence motifs instances	bigBed	DNase-seq	none	stomach	stomach	stomach	digestive-system	none	none	passed
ENCFF120BRW	ENCFF120BRW	ENCSR627KFV	ENCSR468TMI	ChromBPNet	sequence motifs instances	bigBed	DNase-seq	none	stomach	stomach	stomach	digestive-system	none	none	passed
ENCFF164KBB	ENCFF164KBB	ENCSR082XEU	ENCSR798CPE	ChromBPNet	sequence motifs instances	bigBed	DNase-seq	none	stomach	stomach	stomach	digestive-system	none	none	passed
ENCFF220RRU	ENCFF220RRU	ENCSR782SSS	ENCSR779LNM	ChromBPNet	sequence motifs instances	bigBed	DNase-seq	none	stomach	stomach	stomach	digestive-system	none	none	passed
ENCFF282CAM	ENCFF282CAM	ENCSR208DMX	ENCSR905XZZ	ChromBPNet	sequence motifs instances	bigBed	DNase-seq	none	stomach	stomach	stomach	digestive-system	none	none	passed
ENCFF460AEI	ENCFF460AEI	ENCSR282QFE	ENCSR781PDD	ChromBPNet	sequence motifs instances	bigBed	DNase-seq	none	stomach	stomach	stomach	digestive-system	none	none	passed
ENCFF541LCE	ENCFF541LCE	ENCSR246PXX	ENCSR794VJG	ChromBPNet	sequence motifs instances	bigBed	DNase-seq	none	stomach	stomach	stomach	digestive-system	none	none	passed
ENCFF560MBR	ENCFF560MBR	ENCSR172PVJ	ENCSR478OOS	ChromBPNet	sequence motifs instances	bigBed	DNase-seq	none	stomach	stomach	stomach	digestive-system	none	none	passed
ENCFF652WQO	ENCFF652WQO	ENCSR941SMM	ENCSR132HHY	ChromBPNet	sequence motifs instances	bigBed	DNase-seq	none	stomach	stomach	stomach	digestive-system	none	none	passed
ENCFF699XKD	ENCFF699XKD	ENCSR095GWE	ENCSR602LGD	ChromBPNet	sequence motifs instances	bigBed	DNase-seq	none	stomach	stomach	stomach	digestive-system	none	none	passed
ENCFF702QYS	ENCFF702QYS	ENCSR062DUU	ENCSR632QNE	ChromBPNet	sequence motifs instances	bigBed	DNase-seq	none	stomach	stomach	stomach	digestive-system	none	none	passed
ENCFF754YVX	ENCFF754YVX	ENCSR608AHQ	ENCSR393ODI	ChromBPNet	sequence motifs instances	bigBed	DNase-seq	none	stomach	stomach	stomach	digestive-system	none	none	passed
ENCFF757JQQ	ENCFF757JQQ	ENCSR683YLO	ENCSR233MJY	ChromBPNet	sequence motifs instances	bigBed	DNase-seq	none	stomach	stomach	stomach	digestive-system	none	none	passed
ENCFF817MBR	ENCFF817MBR	ENCSR177NIJ	ENCSR018RBZ	ChromBPNet	sequence motifs instances	bigBed	DNase-seq	none	stomach	stomach	stomach	digestive-system	none	none	passed
ENCFF827MYN	ENCFF827MYN	ENCSR522FGG	ENCSR103JQC	ChromBPNet	sequence motifs instances	bigBed	DNase-seq	none	stomach	stomach	stomach	digestive-system	none	none	passed
ENCFF831PFM	ENCFF831PFM	ENCSR163PKT	ENCSR498QRZ	ChromBPNet	sequence motifs instances	bigBed	DNase-seq	none	stomach	stomach	stomach	digestive-system	none	none	passed
ENCFF836DJI	ENCFF836DJI	ENCSR119HXE	ENCSR425UKP	ChromBPNet	sequence motifs instances	bigBed	DNase-seq	none	stomach	stomach	stomach	digestive-system	none	none	passed
ENCFF842JVH	ENCFF842JVH	ENCSR726YMS	ENCSR754RMT	ChromBPNet	sequence motifs instances	bigBed	DNase-seq	none	stomach	stomach	stomach	digestive-system	none	none	passed
ENCFF766JKZ	ENCFF766JKZ	ENCSR000EMH	ENCSR113WKC	ChromBPNet	sequence motifs instances	bigBed	DNase-seq	none	stromal-cell-of-bone-marrow	bone	bone	skeletal-system	none	none	passed
ENCFF634AQW	ENCFF634AQW	ENCSR540BML	ENCSR944DYP	ChromBPNet	sequence motifs instances	bigBed	ATAC-seq	none	subcutaneous-adipose-tissue	adipose	skin	integumental-system	none	none	passed
ENCFF328QNK	ENCFF328QNK	ENCSR382JUJ	ENCSR719LJN	ChromBPNet	sequence motifs instances	bigBed	DNase-seq	none	superior-temporal-gyrus	gyrus	brain	central-nervous-system	none	none	passed
ENCFF378HCV	ENCFF378HCV	ENCSR101QXF	ENCSR580EKH	ChromBPNet	sequence motifs instances	bigBed	DNase-seq	none	suprapubic-skin	skin	skin	integumental-system	none	none	passed
ENCFF343ISR	ENCFF343ISR	ENCSR210NKB	ENCSR962ICP	ChromBPNet	sequence motifs instances	bigBed	ATAC-seq	none	testis	testis	testis	reproductive-system	none	none	passed
ENCFF109TYV	ENCFF109TYV	ENCSR729DRB	ENCSR475FVE	ChromBPNet	sequence motifs instances	bigBed	DNase-seq	none	testis	testis	testis	reproductive-system	none	none	passed
ENCFF251FYS	ENCFF251FYS	ENCSR278FHC	ENCSR628MRI	ChromBPNet	sequence motifs instances	bigBed	DNase-seq	none	testis	testis	testis	reproductive-system	none	none	passed
ENCFF874VOF	ENCFF874VOF	ENCSR866ODX	ENCSR782JTX	ChromBPNet	sequence motifs instances	bigBed	DNase-seq	none	testis	testis	testis	reproductive-system	none	none	passed
ENCFF480KKW	ENCFF480KKW	ENCSR344ZTM	ENCSR682VDU	ChromBPNet	sequence motifs instances	bigBed	ATAC-seq	none	thoracic-aorta	aorta	blood-vessel	circulatory-system	none	none	passed
ENCFF791EQT	ENCFF791EQT	ENCSR298SDT	ENCSR193FTZ	ChromBPNet	sequence motifs instances	bigBed	DNase-seq	none	thoracic-aorta	aorta	blood-vessel	circulatory-system	none	none	passed
ENCFF229KDB	ENCFF229KDB	ENCSR544KDB	ENCSR631GYP	ChromBPNet	sequence motifs instances	bigBed	DNase-seq	none	thymus	thymus	thymus	endocrine-system	none	none	passed
ENCFF396AKJ	ENCFF396AKJ	ENCSR164PQJ	ENCSR578KWO	ChromBPNet	sequence motifs instances	bigBed	DNase-seq	none	thymus	thymus	thymus	endocrine-system	none	none	passed
ENCFF430DPM	ENCFF430DPM	ENCSR541UPY	ENCSR403QRF	ChromBPNet	sequence motifs instances	bigBed	DNase-seq	none	thymus	thymus	thymus	endocrine-system	none	none	passed
ENCFF485JPR	ENCFF485JPR	ENCSR962EAP	ENCSR822NGA	ChromBPNet	sequence motifs instances	bigBed	DNase-seq	none	thymus	thymus	thymus	endocrine-system	none	none	passed
ENCFF502KDM	ENCFF502KDM	ENCSR682PKY	ENCSR108MFV	ChromBPNet	sequence motifs instances	bigBed	DNase-seq	none	thymus	thymus	thymus	endocrine-system	none	none	passed
ENCFF684JTI	ENCFF684JTI	ENCSR838IPF	ENCSR617ERP	ChromBPNet	sequence motifs instances	bigBed	DNase-seq	none	thymus	thymus	thymus	endocrine-system	none	none	passed
ENCFF686LFG	ENCFF686LFG	ENCSR777USE	ENCSR169CSC	ChromBPNet	sequence motifs instances	bigBed	DNase-seq	none	thymus	thymus	thymus	endocrine-system	none	none	passed
ENCFF744XLT	ENCFF744XLT	ENCSR888UPQ	ENCSR496YMQ	ChromBPNet	sequence motifs instances	bigBed	DNase-seq	none	thymus	thymus	thymus	endocrine-system	none	none	passed
ENCFF998IEP	ENCFF998IEP	ENCSR342NCX	ENCSR892XBW	ChromBPNet	sequence motifs instances	bigBed	DNase-seq	none	thymus	thymus	thymus	endocrine-system	none	none	passed
ENCFF486DTE	ENCFF486DTE	ENCSR474XFV	ENCSR846DLY	ChromBPNet	sequence motifs instances	bigBed	ATAC-seq	none	thyroid-gland	thyroid	thyroid	endocrine-system	none	none	passed
ENCFF724SQX	ENCFF724SQX	ENCSR914DTI	ENCSR867AUW	ChromBPNet	sequence motifs instances	bigBed	ATAC-seq	none	thyroid-gland	thyroid	thyroid	endocrine-system	none	none	passed
ENCFF796KBL	ENCFF796KBL	ENCSR201FIW	ENCSR986NGU	ChromBPNet	sequence motifs instances	bigBed	ATAC-seq	none	thyroid-gland	thyroid	thyroid	endocrine-system	none	none	passed
ENCFF332ZEB	ENCFF332ZEB	ENCSR749MUH	ENCSR470UFS	ChromBPNet	sequence motifs instances	bigBed	DNase-seq	none	thyroid-gland	thyroid	thyroid	endocrine-system	none	none	passed
ENCFF603FMR	ENCFF603FMR	ENCSR450PWF	ENCSR824KPK	ChromBPNet	sequence motifs instances	bigBed	DNase-seq	none	thyroid-gland	thyroid	thyroid	endocrine-system	none	none	passed
ENCFF905RKR	ENCFF905RKR	ENCSR195ONB	ENCSR157IQH	ChromBPNet	sequence motifs instances	bigBed	DNase-seq	none	thyroid-gland	thyroid	thyroid	endocrine-system	none	none	passed
ENCFF048EDA	ENCFF048EDA	ENCSR630REB	ENCSR316RFC	ChromBPNet	sequence motifs instances	bigBed	ATAC-seq	none	tibial-artery	artery	blood-vessel	circulatory-system	none	none	passed
ENCFF206DKT	ENCFF206DKT	ENCSR102RSU	ENCSR530QPE	ChromBPNet	sequence motifs instances	bigBed	DNase-seq	none	tibial-artery	artery	blood-vessel	circulatory-system	none	none	passed
ENCFF278BHC	ENCFF278BHC	ENCSR090IDV	ENCSR492YAV	ChromBPNet	sequence motifs instances	bigBed	DNase-seq	none	tibial-artery	artery	blood-vessel	circulatory-system	none	none	passed
ENCFF007PTJ	ENCFF007PTJ	ENCSR831KAH	ENCSR547WXV	ChromBPNet	sequence motifs instances	bigBed	ATAC-seq	none	tibial-nerve	nerve	nerve	peripheral-nervous-system	none	none	passed
ENCFF143VRS	ENCFF143VRS	ENCSR508FVM	ENCSR009FPS	ChromBPNet	sequence motifs instances	bigBed	DNase-seq	none	tibial-nerve	nerve	nerve	peripheral-nervous-system	none	none	passed
ENCFF181HUT	ENCFF181HUT	ENCSR484UAU	ENCSR945NLK	ChromBPNet	sequence motifs instances	bigBed	DNase-seq	none	tibial-nerve	nerve	nerve	peripheral-nervous-system	none	none	passed
ENCFF522AOC	ENCFF522AOC	ENCSR559WMK	ENCSR004CWE	ChromBPNet	sequence motifs instances	bigBed	DNase-seq	none	tongue	tongue	tongue	sensory-system	none	none	passed
ENCFF666CPE	ENCFF666CPE	ENCSR759UNY	ENCSR971WIA	ChromBPNet	sequence motifs instances	bigBed	DNase-seq	none	tongue	tongue	tongue	sensory-system	none	none	passed
ENCFF097YXY	ENCFF097YXY	ENCSR386HAZ	ENCSR245KNI	ChromBPNet	sequence motifs instances	bigBed	ATAC-seq	none	transverse-colon	colon	large-intestine	digestive-system	none	none	passed
ENCFF386DZQ	ENCFF386DZQ	ENCSR761TKU	ENCSR466YQP	ChromBPNet	sequence motifs instances	bigBed	ATAC-seq	none	transverse-colon	colon	large-intestine	digestive-system	none	none	passed
ENCFF587RLN	ENCFF587RLN	ENCSR404LLJ	ENCSR982JLU	ChromBPNet	sequence motifs instances	bigBed	ATAC-seq	none	transverse-colon	colon	large-intestine	digestive-system	none	none	passed
ENCFF874MMI	ENCFF874MMI	ENCSR668VCT	ENCSR194GTM	ChromBPNet	sequence motifs instances	bigBed	ATAC-seq	none	transverse-colon	colon	large-intestine	digestive-system	none	none	passed
ENCFF030BEB	ENCFF030BEB	ENCSR923JYH	ENCSR375EUQ	ChromBPNet	sequence motifs instances	bigBed	DNase-seq	none	transverse-colon	colon	large-intestine	digestive-system	none	none	passed
ENCFF225HGD	ENCFF225HGD	ENCSR340MRJ	ENCSR376PZR	ChromBPNet	sequence motifs instances	bigBed	DNase-seq	none	transverse-colon	colon	large-intestine	digestive-system	none	none	passed
ENCFF632PUW	ENCFF632PUW	ENCSR763AKE	ENCSR511HYE	ChromBPNet	sequence motifs instances	bigBed	DNase-seq	none	transverse-colon	colon	large-intestine	digestive-system	none	none	passed
ENCFF239FAO	ENCFF239FAO	ENCSR809LCE	ENCSR499THI	ChromBPNet	sequence motifs instances	bigBed	DNase-seq	none	trophoblast-cell	t-cell	immune	immune-system	none	none	passed
ENCFF650ZAM	ENCFF650ZAM	ENCSR121ZSL	ENCSR480QYT	ChromBPNet	sequence motifs instances	bigBed	DNase-seq	none	trophoblast-cell	t-cell	immune	immune-system	none	none	passed
ENCFF781NUC	ENCFF781NUC	ENCSR964MZQ	ENCSR740KCQ	ChromBPNet	sequence motifs instances	bigBed	DNase-seq	none	trophoblast-cell	t-cell	immune	immune-system	none	none	passed
ENCFF825DFZ	ENCFF825DFZ	ENCSR593LTJ	ENCSR233LNE	ChromBPNet	sequence motifs instances	bigBed	DNase-seq	none	trophoblast-cell	t-cell	immune	immune-system	none	none	passed
ENCFF895RUM	ENCFF895RUM	ENCSR179CDH	ENCSR802XPE	ChromBPNet	sequence motifs instances	bigBed	DNase-seq	none	trophoblast-cell	t-cell	immune	immune-system	none	none	passed
ENCFF144OJO	ENCFF144OJO	ENCSR362ZFC	ENCSR425HSD	ChromBPNet	sequence motifs instances	bigBed	DNase-seq	none	type-B-pancreatic-cell	pancreatic	pancreas	digestive-system	none	none	passed
ENCFF582HNF	ENCFF582HNF	ENCSR512CWR	ENCSR884IFQ	ChromBPNet	sequence motifs instances	bigBed	DNase-seq	none	umbilical-cord	umbilical	umbilical	reproductive-system	none	none	passed
ENCFF201OHL	ENCFF201OHL	ENCSR242QRV	ENCSR463FHI	ChromBPNet	sequence motifs instances	bigBed	ATAC-seq	none	upper-lobe-of-left-lung	lung	lung	respiratory-system	none	none	passed
ENCFF596KND	ENCFF596KND	ENCSR895SEG	ENCSR388FHS	ChromBPNet	sequence motifs instances	bigBed	ATAC-seq	none	upper-lobe-of-left-lung	lung	lung	respiratory-system	none	none	passed
ENCFF218MZX	ENCFF218MZX	ENCSR323UTX	ENCSR306LZC	ChromBPNet	sequence motifs instances	bigBed	DNase-seq	none	upper-lobe-of-left-lung	lung	lung	respiratory-system	none	none	passed
ENCFF242ZFC	ENCFF242ZFC	ENCSR702DPD	ENCSR429NWR	ChromBPNet	sequence motifs instances	bigBed	DNase-seq	none	upper-lobe-of-left-lung	lung	lung	respiratory-system	none	none	passed
ENCFF898FDV	ENCFF898FDV	ENCSR800ADR	ENCSR987KZP	ChromBPNet	sequence motifs instances	bigBed	DNase-seq	none	upper-lobe-of-left-lung	lung	lung	respiratory-system	none	none	passed
ENCFF946ANK	ENCFF946ANK	ENCSR650FLQ	ENCSR901HTN	ChromBPNet	sequence motifs instances	bigBed	DNase-seq	none	upper-lobe-of-left-lung	lung	lung	respiratory-system	none	none	passed
ENCFF961OZS	ENCFF961OZS	ENCSR058VBM	ENCSR176OCJ	ChromBPNet	sequence motifs instances	bigBed	DNase-seq	none	upper-lobe-of-left-lung	lung	lung	respiratory-system	none	none	passed
ENCFF610EPC	ENCFF610EPC	ENCSR990NNX	ENCSR746ZND	ChromBPNet	sequence motifs instances	bigBed	ATAC-seq	none	upper-lobe-of-right-lung	lung	lung	respiratory-system	none	none	passed
ENCFF166AYC	ENCFF166AYC	ENCSR357AWH	ENCSR858DQL	ChromBPNet	sequence motifs instances	bigBed	DNase-seq	none	upper-lobe-of-right-lung	lung	lung	respiratory-system	none	none	passed
ENCFF360MXR	ENCFF360MXR	ENCSR814RGG	ENCSR548DKO	ChromBPNet	sequence motifs instances	bigBed	ATAC-seq	none	ureter	ureter	kidney	excretory-system	none	none	passed
ENCFF773JTP	ENCFF773JTP	ENCSR398JUP	ENCSR078RRP	ChromBPNet	sequence motifs instances	bigBed	DNase-seq	none	ureter	ureter	kidney	excretory-system	none	none	passed
ENCFF187QDC	ENCFF187QDC	ENCSR813CKU	ENCSR447YGC	ChromBPNet	sequence motifs instances	bigBed	DNase-seq	none	urinary-bladder	bladder	bladder	excretory-system	none	none	passed
ENCFF746JVB	ENCFF746JVB	ENCSR705RZX	ENCSR222TQG	ChromBPNet	sequence motifs instances	bigBed	ATAC-seq	none	uterus	uterus	uterus	reproductive-system	none	none	passed
ENCFF764RMR	ENCFF764RMR	ENCSR775SYU	ENCSR456GSD	ChromBPNet	sequence motifs instances	bigBed	ATAC-seq	none	uterus	uterus	uterus	reproductive-system	none	none	passed
ENCFF646HKK	ENCFF646HKK	ENCSR545ADK	ENCSR111EIO	ChromBPNet	sequence motifs instances	bigBed	DNase-seq	none	uterus	uterus	uterus	reproductive-system	none	none	passed
ENCFF925SOT	ENCFF925SOT	ENCSR129BZE	ENCSR090OTQ	ChromBPNet	sequence motifs instances	bigBed	DNase-seq	none	uterus	uterus	uterus	reproductive-system	none	none	passed
